8115: 8110,8189,7956,7958,8191,8192
9886: 9836,8614,8479,9694,9702,9832
6467: 6371
3: 23,51,87,53
9378: 9640,9237,9292,9545,9277,9456
5: 
4797: 4697
6185: 6283,6282
8579: 8513,8710,8709,8370,8369,8770
7029: 7119
10: 9851,31,60
8276: 8046,8274,8201,8490
8460: 8597,8387,8238,8084,8389,8730
10012: 10009,9880,10031,9714
7073: 6982,6983,7164
9562: 5335,5337,5343,5341,9429,9249
16: 9850,103,141
6262: 6261,6358,6164,6165,6263,6359
18: 
19: 
8158: 8080,8236,7999,8234
10011: 9891,3540,3441,10036,9932
22: 23,51,50
23: 3,51,22
5930: 5829,5929,5632,5931,5633,6028
9962: 9946,10026,319,9663,9879
5277: 5278,5177,5176
27: 56
7702: 7865,7787,7949,7948,7867
6147: 6051,6242,6244,6148,6246
30: 31,60
31: 30,10,9851,60
7278: 7452,7539,7190,7540,7279
33: 62,95,96,133
34: 135,178
7009: 6917,6916,7010,7101,7099,7008
9294: 9523,9703,10025,9454,9503,9480
37: 502,9322,9403,980,100,181
38: 228,185
39: 40
40: 39
6085: 6084,6086,6183
42: 68,9732
7085: 6534,9377,6628,6342,9362,6627
44: 9329,9950
9265: 5948,6140,6238,9306,9305,6139
46: 81,9547,121,9275,163
8878: 8820,8701,9120,8984,9079
6884: 6882,6598,6695,6978,7070
7345: 7075,7431,7344,7080
50: 51,22
51: 3,23,22,50,87
7148: 7057,7237,7147,7149,7238
53: 126,3,87,123
9645: 9813,9335,9709,9717,1821
8540: 8338,9426,8539,8474,8406
56: 27
57: 91
6929: 6837,6930
9001: 9285,9092,9091,9170,9049
60: 30,31,10
9945: 77,9826
62: 33,133,135,134
9914: 9847,9685,9341,9896,10016,9906
64: 9706,99,9991,224,275
7796: 7877,7876,7631,7713,7954
66: 387,334,446,386
8150: 8225,8300,7911,8227
68: 9732,42,9850,103
9855: 6712
5350: 5348,9909,9968,5552,5551,5849
5893: 5894,5793
5611: 5512,5710
73: 9775,9345,285,187
8144: 8219,8221,8143,8065,8066,8145
8175: 9842,9683,8096,8097
4677: 4778
77: 9826,9945,115
7178: 9301,7091,7696
79: 309,206,118
6658: 
81: 46,9547
5286: 5387,5186,5185,5285,5287
9765: 1576,9677,1662
84: 
8120: 8119,8343,8616,8042,8121,8197
6244: 6437,6436,6147,6246
87: 123,3,51,53
7207: 7117,7118,7208,7296
6403: 6307,6499
8523: 8589,8590,8453,8524,8591
91: 57
92: 
93: 96,133,175
9617: 8661,8659,8592,9448,9938,9334
95: 96,33
96: 133,93,95,33
6741: 6835,6647
5828: 5528,5630,5631,5727,5829
99: 64,275,499,382
100: 1057,1133,181,37,980,1373
9738: 9846,9027,9835,8978,9754
7979: 8363,7899,7818,8058,8138
103: 16,9850,68,141
5490: 5390,5590
6100: 6198,6003
7162: 7430,6979,6886,6978,7161
8587: 8654,8519,8655,8716,8778,8779
7175: 7352,7526,7353,7439
9788: 9940,10002,9321
7373: 7375,7460,7630
6703: 6609,6607,6892,6894,6799
7902: 7821,7901,7903,8062,8061
5400: 5300,5299,5499
6576: 6480,6575,6671,6672
115: 77,116
116: 115
4720: 4719,4821
118: 307,309,79
119: 424,312,9626,368,366
8792: 9544,9359,8730,8790,8729
121: 167,166,9275,46,262,163
9609: 9572,9579,1412
123: 87,9598,53,126,167,9275
5422: 5322,5421
9878: 9255,9925,9500,9972
126: 53,123,167
127: 208,262,168,259,369
5195: 5194,5095,5196,5295
9964: 9776,9872,9873,6432,6531
6437: 6628,6432,6244,6337,9872
131: 220,323,176,219
6021: 6022,6119,5922,6118
133: 96,93,175,33,62,134
134: 135,178,133,175,62,176
135: 34,178,134,62
5211: 5110,5312
7838: 7587,7756,7839,7837,7921
9467: 8630,8694,9290,9478,9477
9974: 9837,9869,9487
8946: 9091,8947,8999,9092
141: 16,103
4882: 4883,4881
143: 
5720: 5819,5620,5621,5818
6461: 6556,6462
146: 147,189,9345,234
147: 146,189
7219: 7130,7220
149: 193
150: 
6462: 6461
9407: 9444,9019,9661,8970,8917,9140
8882: 8938,8989,8824,8767,9037
154: 9496,9642
155: 9496,10037,157,9803,156
156: 418,541,417,157,155
157: 9446,360,9803,155,418,156
4993: 
159: 
9097: 9098,9005,9336,9750,9052,9692
6712: 6711,9855,6617
9957: 10038,3434,9713,9990,10041,3335
163: 208,262,46,121
7850: 7769,7775,7767,7601,8171
6003: 5904,6004,6100
166: 167,121,262,168
167: 166,121,9275,123,126
168: 166,127,262
6248: 6439,6249,6056,6052,6148
170: 217,9326,10026,374
9485: 9697,9759,9796,2842,2558
9324: 9428,9527,9473,9464,9431,9566
6007: 6105
8521: 8451,8450,8452,8654,8589
175: 133,93,176,134
176: 175,178,134,323,131
9413: 9484,9733,9312,9376,9426
178: 135,34,134,176,323
9523: 9294,9703,9266,9348,9454,9602
7217: 7128,7216,7127,7305
181: 1057,100,834,37,9502,9403
5084: 5185
8018: 7855,7937
6068: 6165,5970,6067
185: 38,228,232
9581: 8743,9653,8960,9492,9881
187: 283,9416,73,285,287
9259: 512,9430,769,9553,9366,341
189: 237,146,147,234,191
9027: 9738,8978,8874,8929,9112
191: 189,237,234
192: 
193: 149
7007: 7360,7095,7532,6916,7098,7008
9433: 9313,9502,9330,9506,384,564
8380: 8453,8452,8232,8307,8306,8382
7220: 7130,7219,7309
8232: 8307,8306,8231,8380
6067: 6164,5970,6068,6165
9232: 9987,9211
9650: 9805,9647,9920,9943,9773
8450: 8451,8378,8521,8449,8654,8519
9669: 9737,1248,9874,9747,9361,1414
7262: 6909,9543,9308,6629,6724
205: 
206: 362,309,79,365,9461
5451: 5752,5452,5352,5250,5653,5249
208: 127,262,163,259
8462: 9735,8391,8165,8241,8599
9870: 9994,9947,9693,9838
5846: 5748,9680,5648,5746
5618: 5518
6071: 6072
10000: 9838,9689,9994,9422,9462,9797
7080: 7344,7520,7345
8005: 8238,8004,7759,7924,8006,8084
217: 9326,431,170,9273,376,374
9941: 9873,9658,10035,9901,9792,9992
219: 269,9933,220,434,131
220: 379,324,323,434,131,219
9569: 9328,9262,4336,4132,9734
5167: 5267
7901: 7902,7818,7819,8061
224: 326,498,275,64
6172: 6270,6269
9656: 412,473,9769,9728
9681: 9844,9739,9828,9984
228: 281,232,38,185
6375: 6376
6617: 6712,6711
9716: 9995,9381,9864,8681,9653,8801
232: 228,281,185,333
233: 449,390,9515,9272,509,450
234: 338,285,146,189,191
9677: 1493,1578,9765,1663,1662
5329: 5327,5328,5331,5230,5332
237: 189,191
238: 338,288,287
7130: 7039,7219,7220
240: 290,344,291
9965: 2474,10023
9667: 9848,9884,9603,9301,10019,9561
243: 
9593: 9379,9588,9252,9622,8632,9915
245: 349
246: 
247: 301
7591: 7759,7675,7503,7505,7924,7679
5312: 5313,5413,5211
8062: 8291,8061,8292,7902,7903,8142
251: 811,672,9427,9642,417
5150: 5047,4845,4949,5051,5151,5148
7393: 7394,7305,7480,7481
9830: 9276,9270,9719,9956,9674
7692: 7344,7520,7521
5937: 6326,6130,5936,5933,6037,6128
8561: 8562,8627,8811,8869,8813
7560: 7474
259: 316,9793,127,208,369
7899: 7818,7735,8058,7979
7170: 7259,7169,7348
262: 127,208,163,166,121,168
10006: 9975,9792,9776,9817
5037: 5033,5032,5036,4934,5142,5141
8368: 8440,8644,8219,8221,8707
5224: 5124,5125,5225
7974: 7811,7973,8356,8054,8208
6447: 6351,6541,6350,6449
269: 9809,219,434,9273,376,433
7721: 7638,7804,7885
5856: 5953,5662,5855,5951
5710: 5611,5709
7631: 7462,7713,7548,7796
274: 379,324,326
275: 438,498,224,64,99
5460: 5755,5259,5361,5363,5461,5657
277: 9506,442,566,565,384
278: 387,333,281
8292: 8291,8062,8142,8507,8766,8365
7836: 7918,7837,7669,7670,7668
281: 228,232,278,333
9177: 9180,9065,9145
283: 187,9272,9416,336,390
7777: 7268,7176,7443,7528
285: 338,234,73,187,287
9909: 9968,9549,9755,9404,5350
287: 336,288,285,187,238
288: 336,287,238,9883,9657
289: 449,9969,339,9339,394,9440
290: 240,291
291: 344,240,290
5885: 
293: 9865,453,577
294: 403,349,461
9979: 9726,9666,9668,9401,9911
5404: 
297: 9474
7884: 8121,7885,7965,8044
299: 408,411
5715: 5813,5714
301: 247
8976: 8869,8813,9063,8973
10029: 9795,9740
7772: 7602,7775,9447
9755: 10018,9632,9909,9549,9404
4702: 4802
307: 118,309
9772: 9424,3536,9620,9332
309: 362,206,79,118,307
6339: 6436,6338,6144,6242
4906: 
312: 487,424,119,370
6934: 6935,7026
9500: 9972,9819,9399,9255,9382,9878
9733: 9413,9484,9312,9928,10024,9951
316: 259,369,426
9888: 9931,9949,9682
318: 371,750,680,9372
319: 491,619,9962,9663,430
7344: 7692,7520,7080,7345,7521,7431
10025: 9294,9703,9711,9678,9480
7929: 7248,8170,7765,9785
323: 324,220,131,176,178
324: 379,220,323,274
8609: 8734
326: 498,437,379,224,274
8779: 8838,8718,8587,8655,8778
9714: 9768,9753,10031,10012
329: 502,9322,9445,9611,763,1131
5505: 5604,5504
9873: 9872,9658,9941,9792,9776,9964
7079: 7258,7169
333: 278,387,281,232,334
334: 387,333,66,446
7339: 7247,7249,9274,7340,7248
336: 288,287,283,390,9883,339
7598: 
338: 285,234,238
339: 9969,9883,336,289,449,390
4826: 4725,4825,4729,4929,4927
341: 842,704,9430,9259,769,839
7674: 7757,7673,7327,7503,7675
343: 455,397,396
344: 291,240
5255: 5256,5154,5355,5052
346: 519,648,650,647
9926: 9767,9854,10043,9889,9919,9930
9826: 77,9945
349: 403,294,245
9912: 9744,9621,9418
7733: 7649,7650,7732
7779: 7181,7184,7697,7360,7532,9458
7618: 7617,7275,7276,7277,7452
9316: 9557,10002,9940,9470,853
7831: 7912,7993,7832,7913
9697: 9796,9485,9913,9304,9679
8137: 8058,8138,8135,8213
358: 9371,477,9421,9707,416
359: 1110,881,740,672,1108
360: 157,9446,361,480,418,675
361: 420,480,9338,362,9446,360
362: 309,206,9338,361,420
7876: 7877,7796,7954,8033,7956
5983: 6081
365: 9461,206,420,484
366: 9369,614,9626,424,119
6849: 6756,6848
368: 426,370,9907,9626,10040,119
369: 127,259,316
370: 426,368,312
371: 318,487,424,9414
372: 684,754,9758,617
9701: 5640,9849,9648
374: 491,217,431,170,10026
9748: 9972,9819,869
376: 433,492,269,217,431,9273
9499: 9402,8020,9354,7275,9550,7617
9584: 9563,8811,9497,9444,9660,9368
379: 324,220,434,326,437,274
9476: 9325,9261,9398,2395,9244
5204: 5104,5304
382: 561,563,9676,99,499
383: 501,9428,9527,694,762
384: 835,564,277,9506,565,9433,630
385: 444,505,9807
386: 446,447,66,444,445
387: 278,333,334,66
9608: 2110,2392,9463,9325,9364,9619
8654: 8519,8587,8655,8450,8521,8589
390: 233,449,283,9272,336,339
6205: 6303,6204,6206
6163: 6065,6162,6260,6164,6261
9379: 9593,9588,8498,8757,8358,8429,8632
394: 452,9339,450,289,449,511
395: 641,9441,9746,514,9298
396: 515,397,343,454
397: 515,396,343,455
5761: 5762,5663,5957,5958
6575: 6576,6671
6696: 6700,6886,6504,6695
9444: 9407,9019,9661,9584,9563,9660
402: 521,461
403: 294,349,461,523
7103: 7011,7014,7102,7104
405: 9474,9948,406
406: 405
407: 410,411
408: 299,471
5044: 9352,9573,4742,4944,9408,5144
410: 407
411: 407,299
412: 473,9656,413
413: 412
8562: 8561,8495,9509,8813
9397: 9342,9357,9320,1238,9409,1399
416: 668,737,358,477
417: 156,541,811,251,812
418: 156,541,157,360,675
9900: 9807,9385,9370,9570
420: 361,480,362,365,544
9235: 9450,9976,8982,9236,9119,9077
8560: 8867,8627,8424,8625
9028: 9029
424: 487,312,119,366,371
4683: 4582,4783
426: 370,368,9907,316
5504: 5604,5603,5505
5590: 5490
6744: 6837
430: 618,319,9663,9758,754
431: 217,376,492,491,374,687
8481: 8412,8265,8339,8480,8740
433: 376,492,269,434,437,557
434: 379,220,269,219,433,437
8389: 8599,8730,8601,8163,8084,8460
9309: 6894,6799,9601,9469,9724,9801
437: 326,498,557,379,434,433
438: 275,498,557,559
5868: 5967,5769,5966
6162: 6163,6065,6259,6260
9693: 9834,9947,9870
442: 277,698,633,566
6257: 6256
444: 385,505,445,386
445: 444,505,386,447,571,448
446: 386,447,9869,334,66
447: 446,386,9869,9806,445,448
448: 571,509,447,9515,9806,445
449: 233,289,390,450,339,394
450: 634,509,233,449,511,394
9448: 9055,9356,8658,8592,9617,9334
452: 9339,9553,394,700,511,512
453: 9865,293,641,9757
454: 515,396,456
455: 343,397
456: 454,515
4845: 5047,5150,4743,4944,4947,4949
6632: 6820,6631,6537,6347,6348,6350
7609: 7434,9977,7430,7518,7691,9627
9938: 9988,9334,9917,8659,9617
461: 521,402,403,294,523
6388: 6291,6483,6389,6387
8730: 8389,8601,8460,8792,9544
5115: 5116,5215,5015
7293: 7292
466: 9674,9586,595,529,594,9281
467: 666,599,531,535,9276,9270
5650: 5847,5649,5550,6043,5750
9432: 9685,9341,9278,6328,6327
8987: 9080,8880,8879,9081,9160,9122
471: 531,408,9973,536
472: 537,602,473,9769,9736,9760
473: 412,9769,9656,472,9736
474: 537,9760
475: 537,602,535,666,668
9171: 9173
477: 9371,358,416,807,670,808
8703: 8435,8639,8764,8216,8704,8365
9414: 9918,9879,487,9528,371
480: 361,420,360,544,675
4667: 4565,4566
9466: 9559,9457,7761,9525,7763
8328: 8470,8253
484: 546,544,485,9323,365
485: 546,484,9323,9369,614,612
6284: 6283
487: 424,312,9946,371,9414
6142: 5551,5849,9614,5848,9343
489: 9372,9247,616,751,1118,1043
8865: 8748,8807,8808,8866,8919,8970
491: 319,619,374,431,687
492: 376,433,431,557,559,687
6590: 
9037: 8881,9081,9123,8824,8882,8989
8662: 8594,9623,9616,8527,8596,8663
7241: 7151,7152,7331,7417,7419
8422: 8126,8201,8624,8490,8278
498: 326,437,557,224,438,275
499: 624,690,99,561,382
9524: 9734,5041,9282,9459
501: 9611,383,9428,762,978,763
502: 9322,329,37,1131,1132,980
9359: 9386,8792,9544,8729,9505,9712
504: 698,505,634,571,568
505: 385,444,445,571,504
9785: 9531,9400,7929
6585: 6586
5842: 9910
509: 634,571,450,448,9515,233
6784: 6783
511: 568,700,634,450,452,394
512: 9259,769,700,452,9553,768
513: 640,707,9430,9248,704
514: 9248,395,707,9536,9298
515: 397,396,454,456
5027: 4927,5031,4825
6260: 6163,6162,6259,6356,6357,6261
518: 647,649
519: 346,583,648
9652: 6618,9680
521: 461,402,523,586,584
9436: 8186,9534,9390,8333,8261,9346
523: 586,403,521,461
8644: 8440,8368,8707,8645,8708,8769
9179: 9180,9145,9205
9286: 9532,9479,9845,9510,9997,9862
527: 652,589,1073,9365,9488,927,9495
9621: 9756,9744,9912,3339,9424,9418
529: 596,595,9276,599,9674,466
8452: 8453,8380,8306,8451,8521
531: 471,9821,536,9270,467
7209: 7119,7210,7208
9029: 9234,9074,9028,9072
5234: 5129,5136,5338,5341,5230,5333
535: 536,475,666,467
536: 9823,535,9973,531,471
537: 475,472,602,474,9760
5047: 4845,5150,4944,5247,5144,5148
9393: 9461,9263,9580,9460,9323
4840: 4942,4739,4740,4941
541: 418,156,417,812,673
7804: 7885,7721,7723
5573: 5572,5574,5672
544: 546,484,420,480,609
7825: 7988,7742,7743
546: 544,484,485,678,609,612
5826: 5825,5928,6121,5926
8919: 8866,8810,8970,8865,8867,9019
9464: 9288,9473,9324,9431
5597: 5498,5598,5497,5697
8645: 8369,8440,8644,8708,8830
9293: 9692,9786,9750,9594
10014: 9225,9226
7179: 7176,7269,7268
9425: 9374,3835,9396,9332,9597
7624: 7707,7870,7539,7451,8108
557: 498,437,433,492,559,438
9209: 9068,9111
559: 755,687,492,557,438
560: 755
561: 382,563,624,499,760,693
9756: 3539,9932,9621,3639,9744
563: 561,382,9676,9439,694
564: 384,835,9433,9502,834,907
565: 566,838,277,384,631,630
566: 838,768,565,633,277,442
9396: 9620,9375,9332,9425,9597,9582
568: 633,700,511,634,698,504
7195: 7104,7283
9211: 9185,9232
571: 634,509,448,505,445,504
4929: 4730,4934,4826,4729,4927,5032
6618: 9652,6138
8989: 8938,8990,8882,9037,9123,9161
7198: 7460,7109,7371
10034: 9402,9465,9643,9695,9936,9944
577: 293
8490: 8687,8624,8276,8422,8686
9459: 9282,9483,9524,9633,9670
580: 783,781,9940
6357: 6356,6260,6261,6358
9659: 10033,9463,9675,9810,9398
583: 584,648,519
584: 583,521,586
7247: 7339,7249,7155,7336,7248,7596
586: 523,521,584
9898: 10016,9906,6612
588: 645
589: 527,9365
5332: 5230,5436,5333,5329,5331,5434
9657: 288,9883,9853
9618: 9420,9613,9277,9686
593: 661,730,9257,594,9551,801
594: 9257,9281,466,595,661,593
595: 596,731,529,466,594,661
596: 595,731,529,664,599,733
7050: 
9308: 7262,9543,9607,7086,9435,9638
599: 664,666,467,9276,596,529
5916: 5917,5816,5817
9281: 9770,9257,594,9586,466,9843
602: 475,537,472,9769,9823
4943: 
6148: 6246,6051,6147,6052,6248
5755: 5460,5359,9533,5259,5657,9394
9377: 9607,6534,7085,9362,9638,9529
5513: 5413,5512
8524: 8455,8453,8523,8593,8591
609: 678,746,546,544,744
9114: 9214,9072,9187,9182
9740: 9875,9344,9395,9795,10029
612: 680,679,546,485,614,678
9251: 9255,9637,9576,9283,9415
614: 9369,366,485,680,612
9718: 9929,9348,9721,9751,9877,9266
616: 892,751,750,9372,489
617: 683,9295,372,684,823
618: 430,827,686,754,897
619: 319,491,755,687,686
8688: 8687,8624,8352,8625,8866
9422: 9442,9591,10032,9994,10000,9462
5887: 5886
8968: 8915,8861,9018,9017,9102,9892
624: 690,499,758,561,760
6586: 6585,6682
9867: 9471,10035,9343,9992
8466: 
9127: 8830,9130,8770,8709,8995,9600
7003: 7002,7092,6912,6915,7095,6916
630: 631,1060,565,384,835,697
631: 1060,630,910,839,838,565
7641: 7557
633: 568,700,698,442,566,768
634: 571,509,450,504,568,511
5271: 5272,5372,5171
6813: 6904,6624,6720,7083
6256: 6349,6062,6257,6351
4815: 4715,4917
9297: 8995,9045,9600,9556,9629,9317
640: 513,707,915,704,989,774
641: 395,9746,453,9757
9636: 9639,9299,9627,7434,7608,9253
5542: 5540,5641,5740,5640
9429: 5343,9503,9360,9480,9562,9249
645: 783,588
5307: 5308,5408,5207,5407
647: 650,649,346,518
648: 583,346,519,650
649: 650,647,518
650: 647,649,346,648
4804: 4703
652: 1073,527,927,1149,1309
653: 9635,654,718,9530,1076,787
654: 653,9635,9245,858,787,788
8378: 8451,8450,8230,8229,8304,8449
7936: 7769,7775,9447,9434,7771
657: 
7990: 8069,8372,7909
659: 801,873,872,9551,9405,729
7443: 7528,7354,7442,7176,7266,7777
661: 802,730,593,595,731,594
6537: 6632,6631,6347,6629,7086,6441
9526: 9330,9370,9300,9315,9287,9313
664: 666,599,668,737,596,733
8748: 8807,8865,8806,8419,8808
666: 664,599,467,535,475,668
9370: 9526,9330,9570,9900,9385,9300
668: 416,737,475,664,666
5259: 5159,5361,5258,5460,5755,5359
670: 881,955,808,9371,477,9427
8565: 8631,8497,9355,8356,8357,8873
672: 811,740,251,9427,881,359
673: 813,541,743,814
8029: 9472,7949,7703,7707,7870,7787
675: 743,744,360,480,418
9989: 9993,8021,9763,9347,8252,9314
9502: 9313,9433,9403,564,834,181
678: 609,746,890,546,679,612
679: 750,680,612,678,890,820
680: 750,679,612,614,318
9133: 9049,9203
8526: 8309,8727,8236,8386,8594
683: 9295,617,9247,1043,894,823
684: 372,617,823,1045
8006: 8163,8084,7763,7924,7761,8005
686: 827,757,619,755,618
687: 755,559,431,492,491,619
9491: 9624,9333,2555,2554,2463
5185: 5186,5084,5285,5286
690: 624,499,757,758
4897: 4997,4998
9770: 9612,9257,9281,10004,9843
693: 903,694,561,901,760
694: 693,903,762,563,383
9771: 9990,9815,3136,3334,9516
7059: 7149,7150,7060,6967
697: 982,907,835,1060,630,983
698: 504,568,633,442
7742: 7741,7659,7743,7825
700: 568,633,511,452,768,512
8527: 8386,8160,8457,8596,8594,8662
9695: 9936,9710,9944,10034,9690
9925: 9972,9878
704: 341,915,842,9430,640,513
8242: 8463,8667,8165,8318,8391
6290: 6387,6193,6291
707: 640,513,514,9536,774
9952: 9778,10022,8601,9735,9386,9544
709: 1069,1068,917,9493,1145
710: 781,9818,923,853
5086: 5087,4986,5186
9513: 9258,9723,9599,9646,9498
8365: 8766,8704,8216,8291,8292,8703
7312: 7311,7400,7224
7325: 7413,7237
716: 1073,9365,9470,9557,997,926
6028: 6126,5930,5929,5931,6127
718: 927,9495,9530,653,1000,1076
8874: 8821,8983,8929,8978,9070,9027
9889: 9919,9854,9926,9691
9340: 9750,9052,9594,9285,9094,9519
722: 9552,9745,9882,789,860
723: 792
724: 943,868,9637,9382,942,794
725: 796,727
4918: 5018,4817,4917
727: 869,725,9934
728: 1096,10004,9612,1021,9405
729: 1021,9405,872,659,1097,1178
730: 661,802,593,950,801,874
731: 596,595,876,733,661,802
7949: 9472,8029,7787,7702
733: 807,876,664,737,596,731
10022: 9778,9952,9831,9735,9963
5220: 
9272: 283,9416,9515,9565,233,390
737: 416,668,664,807,733
5343: 5341,9503,5138,9429,5338,9562
7455: 7540,7792,7279,7368,7542
740: 811,672,884,1110,359,1034
5958: 5960,5959,5761,5957,6055
6724: 6821,6910,6629,6631,6909,7262
743: 675,744,673,814,745
744: 675,743,609,746,745
745: 888,814,743,744,746,816
746: 678,609,890,744,745,816
9054: 8950,8999,8949,9098,9094,9052
9622: 9290,9252,9593,9453,9915,9852
7279: 7540,7455,7190,7191,7368,7278
750: 680,679,318,820,616
751: 892,616,489,1042,1118
5540: 5542,5639,5640
8554: 8681
754: 372,9758,618,430,897
755: 559,687,619,560,757,686
9356: 9055,9448,9353,8898,9334,9592
757: 827,758,686,755,690
758: 827,757,624,690,972,973
6072: 5975,6071
760: 901,973,624,561,693
9217: 9307,9420,9216,9238,9218,9640
762: 903,694,501,383,977,978
763: 1131,9611,501,978,329
6305: 6207
5430: 5528,5630,5328,5331
8179: 8253,8255
5023: 4922,5123,5124
768: 566,838,633,700,512,769
769: 512,9259,838,768,839,341
6665: 6760,6759
5266: 5267,5366,5364,5462
9390: 9534,9436,9928,9486,9484,9346
9304: 2841,2745,9679,9913,9697
774: 989,1066,640,707,845
7464: 7550,7377
4823: 4825
5708: 5709,5807,5609
7818: 7819,7735,7899,7901,7979
9417: 9684,9494,9469,9801
8984: 9120,9033,8820,8878,8821,8983
781: 710,580,9940
5113: 5214,5013
783: 645,580
9781: 10037,9798,9537,9803
785: 9470,853,848,923,996,926
7141: 7142,7231
787: 1076,1078,1152,653,654,788
788: 929,1004,654,858,1078,787
789: 9245,859,858,9552,722,860
5495: 5594,5395,5494
9936: 9695,9710,9508,10019,9643,10034
792: 793,723
793: 792
794: 942,1338,9637,724,9415,1095
5953: 5856,5951,6048,5957,5956
796: 725
8480: 8740,8799,8481,8339,9587,8907
9060: 8962,8857,8911
7018: 
5155: 5054,5154
801: 873,874,659,9551,730,593
802: 661,730,731,876,1027,950
7442: 7176,7266,7443
5574: 5475,5573
6941: 6848,7033,7032
9913: 9585,9319,9304,2745,9697
807: 876,952,733,737,477,808
808: 670,955,477,807,952
6389: 6388,6293,6390
9363: 9980,9291,9552,9635,9245
811: 740,672,251,417,884
812: 541,417
813: 884,673,959,885
814: 888,886,745,743,673
9553: 452,9339,9337,512,9259,9366
816: 965,889,746,890,888,745
8376: 8304,8303,8449,8649,8301
9052: 9340,9750,9054,9097,9098,9094
8842: 8841,8721,8898,8718,9055,9004
820: 892,890,750,679,965
6316: 6412,6414,6320,6219,6218,6315
6315: 6216,6410,6218,6412,6316,6508
823: 894,1044,683,617,684,1045
6651: 6746,6556
7819: 7818,7735,7736,7737,7901
5327: 5328,5329,5225
827: 757,758,686,618,972,897
8372: 8069,7990,8298,8225,8444,8513
5476: 5475
9972: 9500,9819,9748,9925,9878
6093: 5995
7118: 7117,7207,7208,7027,7119
9820: 9871,9985
834: 1057,181,9502,564,1134,907
835: 384,564,630,907,697
6904: 6813,6624,6994
7300: 7388,7299
838: 566,768,565,769,631,839
839: 631,910,838,769,341,842
840: 1216,912,910,915,842,1137
7601: 7516,7602,7600,7767,7850,7775
842: 341,915,704,910,839,840
8058: 8137,8138,8135,7899,7979
9305: 9471,10035,9306,9265,6139,9901
845: 1067,917,9268,1066,774
6449: 6450,6447,6448,6545
7516: 7602,7601,7600
848: 9358,923,785,919,996
5873: 5872,5774
7858: 7066,7252,7156,7249,9274
9810: 9822,10010,9244,9659,9398
7646: 7562
853: 9470,785,710,923,9316
5256: 5255,5258,5359
7248: 7929,7596,7247,7339,7340
6218: 6216,6315,6022,6119,6219,6316
9947: 10032,9994,9870,9375,9834,9693
858: 9245,859,789,654,788,1004
859: 858,789,860,1006,1004,1080
860: 1006,9895,722,9882,859,789
861: 864,9905,933
862: 864,1087
863: 1009,1007,9780,9905
864: 862,861,1087,933,1162
865: 939,1013,1170
9528: 9918,9414,9372,9247,9295
8964: 9011,8966
868: 724,943,1096,9399,9382
869: 727,9748,944
9442: 9591,3936,9422,4139,9256,9462
8431: 8361,8213,8430,8499
872: 873,659,729,1178,1179,948
873: 801,874,872,659,1025,948
874: 801,873,730,950,1183,1025
7083: 6720,6528,6813
876: 807,952,733,731,802,1027
7386: 7299,7298,7474
9019: 9407,9444,8919,8970,8867,9563
6862: 6954,6768,6769
7518: 7430,6979,7081,7163,7691,7609
881: 670,955,672,9427,359
4753: 4654,4445,4548,4650,4644
9591: 9442,3936,9422,4036,9582,10032
884: 813,811,740,1034,959
885: 1037,813,886,959,1272
886: 888,814,1037,885,1038
8300: 8150,8225,8227,8373,8301,8303
888: 814,886,745,889,816,1038
889: 965,816,888,966,1115,1038
890: 678,746,679,965,816,820
8509: 8707
892: 966,820,616,751,1042
6716: 6993,6809,6622
894: 1044,823,683,1198,1043
6582: 6583
5775: 5676,5774,5776
897: 1047,972,618,827,754
9999: 10027,9866
5839: 5834,5933,6037,9668,6032,9784
9831: 9778,10022,9963,9651
901: 760,693,903,902
902: 1127,901,903,977,1052
903: 693,694,762,901,902,977
8228: 7992,8152,8227,8229,8304,8303
7704: 7865,7787,7783,7703,8252,9687
9067: 9109,9068
907: 982,1134,697,835,564,834
9471: 9305,10035,9867,9306,9614,9343
9472: 8029,7949,7870,9729,10024
910: 631,1060,839,842,1137,840
9835: 9915,8978,8695,9754,9852,9738
912: 1216,1297,840,915,989
6320: 6316,6414,6219,6122,6223,6416
9808: 10017,9574,9302,5346,9632,9604
915: 842,704,640,912,840,989
6263: 6264,6359,6165,6262
917: 1068,845,1067,9493,9268,709
5278: 5277,5177,5379
919: 1069,848,996
4719: 4720,4821
9567: 9615,9749,9239,9560,9546
4958: 4957,5157
923: 848,9958,710,785,853
7470: 7557
9351: 9555,9411,9541,9535
926: 996,997,9470,785,716
927: 718,9495,652,527,1309,1000
6188: 6091,6286
929: 788,1004,1079,1078,1561,1396
9796: 9697,9759,9485,9790,9679,9704
9789: 9762,10039,9727,9939,10030
9530: 718,9495,9264,9291,653,9635
933: 864,861,1162
934: 
9950: 9837,9329,9699,9775,44
936: 
9611: 501,9428,9566,763,329,9445
938: 1014,9741
939: 9741,1014,865,1013
5375: 5374,5274,5475
941: 9737,1248,1253
942: 1255,1338,794,724,1019
943: 724,868,1021,1097,1019
944: 1096,869,10004,9819
5997: 5898
4842: 
5723: 5722,5624,5724
948: 1261,1179,873,872,1025,1180
9981: 9702,9832,8738
950: 1028,1027,802,730,874,1183
7160: 6882,6974,7070,7252,9639
952: 807,876,955,808,1029,1027
6821: 6911,6910,6724,6820,6541,6637
5418: 5419,5417,5518
955: 670,881,808,952,1029,1031
8499: 8429,8632,8431,8567,8634
6323: 6419,6416,6126,6223,6226,6420
4934: 4730,4936,4929,5037,5032,5141
959: 1035,1034,1272,884,813,885
5481: 5480,5581
6835: 6741
7075: 6983,7345,7431,7164
8929: 8983,8874,9027,9112,9157,9032
5110: 5211,5009,4909,5010
965: 889,816,890,966,820
966: 892,965,889,1042
7649: 7733,7565,7564,7650,7732
9902: 9903,9715
6993: 6809,6716,6902,6622
7139: 
5090: 5091,5190,4990,5089
972: 1047,1048,897,827,758,973
973: 760,758,1048,972
9249: 9583,9429,9360,9562,5337
9800: 9787,9892,9634,9691
8655: 8654,8587,8589,8656,8779,8718
977: 1052,978,903,762,902
978: 977,762,501,763
7741: 7742,7740,7905
980: 1373,1211,502,37,1132,100
9876: 9955,3635,9922,9927,9766
982: 1134,1213,907,697,1295,983,1375
983: 1137,1295,1136,1060,982,697
9720: 1822,9708,9813
7288: 7289,7200,7375,7199
7296: 7383,7207,7208
5258: 5054,5157,5259,5159,5256,5359
5031: 5027,4927,5032,5233
989: 1141,1066,774,915,640,912
10009: 10012,9880,7608,9517
7104: 7195,7456,7103,7014
5956: 5957,6055,6052,6048,5953,6051
9451: 2190,9954,2098,2010,2189
6911: 6821,6910,6637,6823,7002,6912
7474: 7560,7386,7475
996: 1225,926,848,785,919
997: 1071,926,1073,716,1148
4783: 4683
5355: 5253,5153,5052,5255,5455
1000: 1230,1075,927,718,1309,1076
8424: 8425,8352,8625,8560,8495
6759: 6760,6665,6853
9536: 9577,9268,9298,514,707
1004: 929,788,1079,859,858,1080
5000: 
1006: 860,1082,9895,859,1007,1080
1007: 863,1009,9780,1006,1082,9895
10016: 9898,9906,9847,9914,6708,6612
1009: 863,1160,1007,1082,1159
8891: 8835,8945,8714,8776,9132,9089
5093: 5194,4992,5092
7570: 7569,7571,7655
1013: 939,865,1170,1169
1014: 938,939,9741
8567: 9070,8634,8499,8632,8695
6583: 6582
7023: 6932,7022,6931
9872: 9873,9658,6437,6432,6337,9964
1019: 1175,943,1255,942,1256
7462: 7631,7375,7548
1021: 9405,729,728,1096,943,1097
9811: 9863,9673,9794,9749,9827,9858
8769: 8708,8991,8707,8767,8644,8938
9602: 9454,5142,5141,9280,9266,9523
1025: 1263,1183,873,874,948,1180
8199: 8044,8273,7965,8274
1027: 1028,1029,950,876,952,802
1028: 1029,1027,950,1106,1105,1183
1029: 1028,1027,952,955,1031
7885: 7804,7965,7721,7884
1031: 1108,955,1029
8261: 8262,9346,9436,8333,8110,8189
5419: 5418,5518
1034: 1035,959,740,884,1111,1110
1035: 1034,959,1272,1111,1270
5294: 5394,5194,5295,5395
1037: 885,886,1272,1193,1038
1038: 1115,1193,888,886,889,1037
7707: 7624,7870,7451,7703,7450,8029
7539: 7452,7278,7451,7540,7624,7625
10038: 9957,3434,10041,3239
1042: 1196,966,892,751,1118
1043: 1118,9247,489,683,894
1044: 894,823,1198,1045,1280
1045: 1201,684,1044,823,1281
5585: 5584,5485
1047: 1048,972,897,1124
1048: 1047,972,973,1124,1125
9334: 9938,9917,9617,9356,9448,9353
9862: 9970,9742,9671,9997,9286,9845
6455: 6359,6456,6550
1052: 977,902,1286
6303: 6205,6206
6261: 6262,6358,6163,6260,6164,6357
9721: 9718,9929,9751,9959
5776: 5678,5775
1057: 1212,1133,100,834,181,1134
7877: 7796,7876,7880
8146: 8145,8222,8066,7988
1060: 631,630,910,697,1137,983
4978: 4979
7309: 7396,7220
6441: 7086,6439,6249,6537
6216: 6215,6410,6218,6315,6119
5177: 5176,5277,5278
1066: 989,1141,774,845,1067,1300
1067: 1068,845,917,1066,1300,1302
1068: 1067,917,709,1303,1302,1145
1069: 709,919,1225,1305,1145
7888: 7806,8126
1071: 997,1225,1306,1227,1148
6847: 6939
1073: 652,716,527,9365,997,1148
9890: 9921,9897,10028,4131
1075: 1000,1230,1076,1152,1392,1312
1076: 787,1152,718,653,1000,1075
9066: 9065,9109
1078: 787,1152,929,788,1477,1561
1079: 929,1004,1080,1234,1396,1395
1080: 1234,859,1006,1004,1079
5621: 5622,5620,5720
1082: 1006,1009,1007,1159,1314
9963: 9942,9651,8667,10022,9831
6270: 6173,6172
7932: 8093,8171,7770,8013
9571: 9556,10005,9982,9824,10003,10039
1087: 864,862,1162
8170: 7425,7765,7929
1089: 
5274: 5374,5375
9607: 6534,6723,9377,7086,9638,9308
1092: 1170,1169,1250
5421: 5422,5520
9583: 5340,9249,9360,9452
1095: 1419,9415,1338,794,1336,1421
1096: 728,944,9399,1021,868
1097: 1178,1175,1021,729,943
9322: 502,329,37,9287,9445,9403
7562: 7475,7646,7563
7903: 7902,8062,8064,8142
8869: 8813,8976,9063,8561,8811,9497
9512: 9406,7000,9540,6909,9543,7001
5033: 5037,5032,5036,5233,5136
9452: 9678,9360,9583
1105: 1263,1183,1028,1185,1347
1106: 1028
4939: 4736
1108: 1031,1110,359,1187
8369: 8645,8370,8770,8296,8440,8579
1110: 1111,359,740,1108,1034
1111: 1110,1035,1034,1351,1270
7599: 7515,7600,7767,7682,7931
4685: 4584
6414: 6412,6316,6320,6416,6512,6510
1115: 1193,1038,889
4703: 4804
5664: 5762,5663,5564,5765
1118: 1197,1043,751,489,1196,1042
9514: 9264,9488,9812,9321,9388
8208: 7813,8054,7974,8356,8357
6249: 6439,6056,6248,6155,6441
9760: 9829,9707,9736,537,472,474
7200: 7288,7289,7110,7199
1124: 1203,1125,1202,1047,1048
1125: 1124,1203,1048,1127
9791: 9699,9775,9345
1127: 902,1125,1286
6647: 6648,6552,6741
5092: 5192,4992,4991,5091,5093
5698: 5697,5598,5599,5699
1131: 763,502,329,1132
1132: 1290,1131,502,980,1211
1133: 1057,1212,100,1373
1134: 982,907,1057,1212,834,1375
4853: 4654,4855,4644,4645,4955
1136: 1137,1295,983,1216,1215,1296
1137: 1136,983,1060,910,1216,840
9345: 9775,73,9791,146
8373: 8301,8647,8225,8300,8444
5487: 5488,5587,5387
1141: 989,1066
5951: 6047,9578,6048,5856,5953
8108: 9705,7625,7624,7870
6939: 6847
1145: 1305,1304,1068,1069,709,1303
7394: 7393,7481
6626: 6433,9725,10042,6906
1148: 1227,1071,997,1073,1228,1149
1149: 1228,1390,1309,652,1148
9777: 4639,4740
7532: 7007,7360,7779,9458,7098,9550
1152: 1076,1078,787,1075,1477,1312
9956: 9856,9830,9674,9586
9447: 9998,9373,9434,7772,7936
9991: 9706,64,9676,9468
9690: 9763,9695,9944
9958: 9757,9818,9746,9380,923
6390: 6293,6389,6391
1159: 1240,1242,1314,1082,1009,1160
1160: 1009,1240,1159,1241
1161: 
1162: 864,1087,933
9678: 9360,9480,9452,10025
9589: 9923,9383,9809,9326,9273
8830: 9130,8886,9127,8645,8770
8838: 8779,8895,8837,8835,8778
9456: 9828,9277,9984,9686,9378,9545
8990: 8938,8989,8991,9038,9161,9039
1169: 1170,1092,1013,1250
1170: 1092,1169,865,1013
8727: 8309,8526,8594,9623,8383,9260
9326: 217,170,9273,9589,9383
7092: 7003,7002,7001,7000,7184,7095
9805: 9967,9647,9650,9773,7091
1175: 1097,1178,1019,1425,1259,1256
5695: 5793
8453: 8380,8452,8382,8524,8523
1178: 1097,1175,729,872,1425,1179
1179: 1261,1510,1425,948,872,1178
1180: 1428,1263,1025,1261,948
5302: 5403,5202,5201
9357: 9342,9397,2082,1819,1399
1183: 1105,1263,1025,1028,950,874
4773: 4873
1185: 1349,1347,1105,1187
6058: 6155,6059,5960,5959
1187: 1108,1349,1185
6084: 6085
7276: 7098,7275,7099,7277,7008,7618
9140: 9018,8917,9407,9661,9438,9102
9975: 10006,9817,9725
6105: 6007
1193: 1115,1038,1037
5852: 9311,5454,5455
6896: 6708,6516,6801
1196: 1042,1197,1118,1276,1277
1197: 1198,1118,1196,1277,1278
1198: 1197,894,1044,1278
7290: 7289,7377
7328: 7327,7503,7417
1201: 1045,1202,1282,1281
1202: 1124,1203,1201,1282,1283
1203: 1124,1125,1202,1284,1283
9980: 9363,9291,9743,9812
9089: 9132,9317,9982,8943,8714,8891
6291: 6388,6193,6290,6387
6900: 6992
9263: 9393,9461,9460
9475: 6892,6605,6984,9511,9384
4789: 4891,4892,4788,4890
1211: 980,1373,1290,1132,1291
1212: 1057,1133,1134,1375
1213: 982
7237: 7148,7147,7325,7238
1215: 1295,1136,1296,1461
1216: 1297,912,840,1137,1136,1296
9875: 9271,9344,9740,9904,9649,9795
8451: 8378,8450,8521,8230,8306,8452
10031: 9753,9779,9880,9977,10012,9714
6992: 6900,6809
9966: 9978,3634,9927,3239
9839: 9773,9920,10042
5233: 5031,5033,5129,5136
8821: 8983,8874,9070,8634,8820,8984
1225: 996,1071,1069,1305,1306
7086: 6629,6441,9607,6537,9308
1227: 1306,1388,1387,1148,1071,1228
1228: 1149,1390,1388,1227,1148,1307
9303: 9509,9453,9754,9852,9449,9885
1230: 1000,1075,1390,1309,1392,1473
9462: 9256,9489,9797,9442,9422,10000
7542: 7627,7368,7456,7792,7455
7052: 
1234: 1080,1079,1314,1395,1319
6972: 6973,6970,7062,7063
8186: 9534,9436,8260,8031,8032,8333
8687: 8624,8490,8688,8686,8808,8866
1238: 1563,9409,9397,1732,1399
9313: 9433,9502,9403,9526,9330,9287
1240: 1242,1159,1160,1241
1241: 1160,1240
1242: 1240,1159,1314
6114: 6212
1244: 1408
9556: 9571,9629,10005,9297,9317,9982
1246: 1494,1578
1247: 1579,1411
1248: 9669,9737,941,1253,1414,1417
10023: 9965
1250: 1251,1092,1169
1251: 1250
7151: 7152,7241,7150,7060
1253: 9283,1418,9576,1248,941,1417
6534: 9607,6723,9377,7085,6342,6439
1255: 942,1338,1019,1256,1340,1589,1506
1256: 1259,1340,1175,1019,1255
8917: 9018,8916,9140,8807,8970,9407
4997: 4897,4998
1259: 1256,1340,1175,1425,1509,1507
7478: 7390,7565,7564
1261: 1510,1179,948,1180,1428,1427
9420: 9307,9217,9613,9640,9277,9618
1263: 1105,1183,1025,1347,1180
8126: 8422,8201,7888
8278: 8352,8422,8624
4839: 4637,4638,4739,4838,4941
8178: 8101
7954: 8032,8033,7713,7796,7876
8336: 8264,8538,8262,8189,8191,8265
1270: 1111,1035,1351
6645: 6549,6550
1272: 1035,959,1037,885
9643: 9310,9354,9508,9936,9402,10034
9548: 9387,9242,9507,9615,9863,9672
9846: 9738,9754,9885
1276: 1357,1358,1196,1277
1277: 1278,1196,1197,1358,1276
1278: 1277,1197,1198
8721: 8842,8590,8656,8658,9055
1280: 1362,1044,1281
1281: 1363,1282,1201,1045,1362,1280
1282: 1363,1281,1201,1202,1364,1283
1283: 1364,1284,1203,1202,1282
1284: 1283,1203,1366
4694: 
1286: 1367,1127,1052
8449: 8304,8376,8378,8450,8519
7996: 8075,7915,7914,8076
9395: 9712,9505,9344,9740
1290: 1132,1211
1291: 1539,1622,1373,1211
9601: 6894,9309,9575,9511,9860,9724
4891: 4992,4991,4892,4789,4890
9343: 6142,9614,9471,9867
1295: 1136,983,982,1376,1215
1296: 1545,1461,1136,1216,1297,1215
1297: 1216,912,1545,1296
9360: 9678,9480,9452,9429,9583,9249
7216: 7127,7217,7305
1300: 1547,1066,1067,1302
9505: 8791,8729,9359,9344,9712,9395
1302: 1303,1384,1068,1067,1547,1300
1303: 1467,1384,1302,1068,1304,1145
1304: 1305,1386,1145,1467,1303,1468
1305: 1386,1304,1145,1069,1225,1306
1306: 1387,1227,1071,1225,1305,1386
1307: 1472,1388,1228,1390
8143: 8219,8144,8065,8064,8439
1309: 1149,1390,652,927,1000,1230
6283: 6282,6185,6284
6515: 6421,6425
1312: 1477,1644,1075,1152,1392,1476
6198: 6100
1314: 1242,1159,1082,1234,1319
9408: 5144,9302,9482,9352,5044,9574
1316: 9254,1731,1816,1902,1563,9409
8383: 8455,8382,8309,8727,9260
1318: 9700,1820,1488,9342,1905
1319: 1395,1234,1314
8943: 8834,8712,8714,9045,9317,9089
5036: 5037,5033,5142,5136,5338,5138
8659: 9649,9617,9938
7670: 7587,7669,7836
5594: 5495,5593,5494
7190: 7101,7099,7191,7278,7279
1326: 1408,9730
1327: 1493
6628: 6437,6432,6342,6627,7085
5361: 5060,5259,5159,5163,5363,5460
6246: 6344,6148,6342,6147,6244
5096: 5095,5196
1332: 1334
6706: 6514,6705,6516,9908,6801
1334: 1332
6201: 
1336: 1420,1504,1419,1095,1421
9045: 8995,8888,9297,8712,8943,9317
1338: 1255,942,794,1095,1589,1421
6381: 
1340: 1259,1256,1255,1507,1592,1506
5833: 5936,5931,5633,5635,5834,5933
6448: 6637,6449,6545
9519: 9285,9340,9594
9008: 9007
9588: 9379,9593,9355,8498,8873,8757,9252
5304: 5204
1347: 1185,1105,1263,1514
9468: 9473,9439,9991,9676
1349: 1185,1187
4687: 4585
1351: 1111,1270
5901: 5999,5801,5902
9193: 9219,9160,9123,9161,9162,9239
9295: 683,617,9528,9918,9758,9247
9276: 9830,9270,599,467,9674,529
6286: 6188
1357: 1358,1276,1439
1358: 1357,1276,1277,1524
5601: 
7922: 8002,7757,7839,8004
5392: 5393,5492
1362: 1444,1280,1363,1281
1363: 1446,1282,1281,1362,1364
1364: 1283,1363,1446,1282
9338: 362,9446,9537,361
1366: 1367,1284,1449
1367: 1366,1286,1449
9012: 9059,9983
1369: 1451
7008: 7099,7007,7009,6916,7098,7276
5281: 5180
6695: 6598,6696,6884
1373: 980,1211,1133,100,1291
5390: 5389,5490
1375: 1541,1376,1212,982,1134
1376: 1541,1542,1375,1295
7763: 8006,8163,7761,9466,8241
9596: 9971,9368,9497,9063
5346: 9808,9632
1380: 
5121: 
9437: 9336,9592,9353,9893
5562: 5466,5564,5561,5462,5366,5756
1384: 1467,1303,1302,1548,1549
7965: 7885,7884,8044,8199
1386: 1305,1304,1306,1387,1469,1468
1387: 1306,1388,1227,1386,1469,1553
1388: 1387,1227,1228,1553,1307
5813: 5715,5714,5812,5912
1390: 1228,1149,1309,1230,1307,1473
5649: 5550,5548,5748,5650,5847
1392: 1557,1476,1473,1230,1075,1312
9561: 9508,10019,9301,7696,7859,9667
9274: 9253,9631,7858,9299,7339
1395: 1483,1319,1079,1234,1396
1396: 1561,929,1079,1483,1395
5010: 4910,4909,5110
10028: 9897,9825,9890
1399: 2082,1238,9397,9357,1732
9302: 5247,9408,5144,9574,9808,9604
9521: 9282,9483,4232,4330,4336,9269
5912: 6010,5812,5813,6011
5663: 5762,5664,5761,5564,5662
1404: 9761,9246,1483,9443,1566,1568
5557: 
1406: 1573,1572
7436: 7348,7437,7349
1408: 1244,9730,1326
7806: 7888,7723
5104: 5105,5204
1411: 1664,1579,1247,1494
1412: 1666,9609
9277: 9456,9686,9640,9378,9420,9618
1414: 9361,1583,9669,1248,1417,1499
6376: 6280,6375
6327: 6421,6227,6326,6328,9432,9278
1417: 1500,1499,1248,1253,1418,1414
1418: 1253,9283,1419,1500,1417,1420
1419: 9415,1095,9283,1418,1420,1336
1420: 1587,1336,1418,1419,1500,1502
1421: 1762,1589,1095,1338,1504,1336
5055: 4957,4955,4954,4852,5054,5157
9809: 269,9933,9589,9923,9273
9415: 1419,1095,9637,9251,9283,794
1425: 1510,1179,1178,1175,1259,1509
9646: 9599,9887,10027,9513,9723
1427: 1682,1512,1261,1510,1428,1594
1428: 1513,1180,1261,1512,1427
5434: 5631,5535,5331,5436,5332,5630
9779: 9753,10031,7342,7691,9977
9329: 9837,9950,44,9565,9487,9416
7905: 8065,7741
7865: 7787,7702,7704,9687,9953
9033: 9120,8984,9216,8983,9032,9237
9460: 10040,9580,9782,9393,9263
1436: 1520
5244: 5345
1438: 1439
1439: 1357,1438
7146: 7147,7055
8008: 8165,8241,9457,8468
7988: 7825,8066,8146
1443: 1444,1526,1527
1444: 1362,1443,1527
6212: 6114
1446: 1363,1364,1529
7673: 7757,7756,7674,7413
7037: 7128,7127
1449: 1532,1366,1367
9224: 9166
1451: 1535,1369
9869: 446,447,9974,9806,9487
9497: 9584,8811,8869,9063,9368,9596
9769: 473,9656,9728,9823,472,602
6412: 6316,6414,6315,6508,6510,6605
4716: 4817,4715,4615
9708: 9720,9715,9903,9813,9722
8679: 8741,9625,9568,8483,8550,8740
5920: 6018
6629: 7086,6631,6537,7262,6724
1461: 1545,1296,1628,1215,1629
9469: 9494,9309,6799,9801,9417
5736: 5637,6032,5635,5536,5438,5834
9236: 9157,9292,8982,9235,9450,9545
8013: 7770,7934,8093,7932,8397
9658: 9872,9873,9941,9901,6335,6337
1467: 1303,1384,1304,1549,1468
1468: 1721,1469,1467,1386,1304
1469: 1721,1722,1468,1386,1387,1553
6439: 6249,6248,6534,6441
9860: 7081,7342,9575,9601,9696,9724
1472: 1556,1555,1307,1473
1473: 1392,1557,1390,1230,1472
9325: 9364,9261,9398,9476,9463,9608
9489: 9256,9462,9797,4241,9331,4341
1476: 1392,1557,1644,1312,1729
1477: 1644,1562,1312,1078,1152,1561
9071: 8928,8980,9077
6733: 6640,6735,6828,6639,6731,6920
7870: 7624,7707,8108,9472,8029
7434: 7609,9880,7608,9977,9636,9627
7265: 7266,7354,7440
1483: 9443,1395,1396,1568,1404
6614: 6804,6805,6520
7669: 7670,7668,7836
6051: 6147,6242,6048,5956,6052,6148
1487: 1656,1739
1488: 9700,1318,1566,9761,9342
7956: 8110,8115,8033,7876,7958
7839: 7757,7756,7838,8002,7921,7922
7828: 7909
7450: 7783,7703,7780,7451,7707
1493: 9677,1578,1327
1494: 1246,1578,1663,1664,1411
7055: 6964,7145,7146
9858: 9827,9811,9794,9996
1497: 1582,9327,9542,1756,1844,1755
6612: 6709,6517,9898,10016,6708
1499: 1500,1759,1417,1583,1414,1758
1500: 1502,1759,1417,1499,1418,1420
9392: 4427,9269,4529,9483,4630,9633
1502: 1500,1759,1587,1420,1847
5722: 5723,5622
1504: 1587,1336,1762,1421,1849
8406: 8614,8479,8539,8338,8540,8478
1506: 1592,1255,1340,1676,1589
1507: 1767,1509,1259,1340,1592,1766
9802: 9507,9558
1509: 1767,1594,1507,1510,1425,1259
1510: 1261,1425,1179,1594,1509,1427
5548: 5447,5648,5649,5748
1512: 1682,1427,1513,1428
1513: 1428,1514,1599,1512
1514: 1515,1599,1347,1513
1515: 1514,1599,1600,1516
1516: 1602,1515,1600
8213: 8361,8431,8502,8137,8138
8015: 7934,7935
6720: 6528,6813,6624,7083
1520: 1605,1436
5159: 5060,5259,5361,5258,5157
7794: 7953,7630,8031,7628,7545,7711
6481: 6385,6480
1524: 1608,1358,1525
1525: 1526,1610,1524
1526: 1525,1610,1443,1527,1611
1527: 1612,1611,1444,1443,1526
9376: 8262,9346,9413,9484,9426,8538
1529: 1446
10010: 9822,9810,2111,10001,9244,2204
9483: 9282,9459,9521,9269,9392,9633
1532: 1617,1449,1616
5403: 5302
7783: 7703,7450,7942,8021,8252,7704
1535: 1619,1451,1620
7931: 7682,7599,7767
8457: 8527,8160,8161,8597,8596,8387
5370: 5269
1539: 1622,1291,1623,1709
8879: 8880,8702,8701,8987,9080,9079
1541: 1542,1376,1375
1542: 1541,1376
7505: 7417,7419,7847,7591,7679
9258: 9513,9723,9538,9498,9573,9412
1545: 1296,1630,1461,1297
7711: 8260,7952,7627,7628,7794,8031
1547: 1631,1548,1300,1302
1548: 1631,1547,1384,1717,1718
1549: 1806,1805,1467,1384,1718
7522: 
9968: 9909,9549,5348,5350
7431: 7521,7164,7075,7345,7344
1553: 1388,1387,1469,1722
9735: 8462,8391,8601,10022,9952
1555: 1556,1472,1810,1899
1556: 1555,1472,1557,1727,1815
1557: 1392,1476,1473,1556,1815
9732: 68,42,9850
7973: 7811,7974,8356,8282,8497
6705: 6514,6706,6609,6799,6801
1561: 1396,1078,929,1477,1562
1562: 1477,1644,9250,1561,9481
1563: 1238,9409,1316,1991,1902
9421: 9371,358,9707,9655,9496,9642
7627: 7628,7542,7792,7711,7952
1566: 9279,1568,9320,9761,1404,1488
6059: 5961,5960,6058,6349
1568: 9279,1566,9250,1483,1404
9229: 9182,9185
8995: 8888,9297,9045,9600,8709,9127
1571: 1572,1656
1572: 1571,1656,1573,1406,1657,1740
1573: 1406,1572,1657
10032: 9994,9947,9375,9582,9591,9422
5882: 
1576: 9765,1662
9851: 10,31
1578: 1493,9677,1494,1246,1663
1579: 1664,1836,1411,1247
5508: 5408,5509
6809: 6993,6716,6992
1582: 9327,1497,9579,1842,1930,1755
1583: 9361,1414,9542,1499,1756,1758
5977: 5978,5878
5551: 6142,5849,5348,5349,5350,5848
9253: 9274,9631,9517,9636,9299,7608
1587: 1420,1504,1502,1760
9745: 722,10008,9882
1589: 1762,1676,1421,1255,1338,1506
8282: 7973,8496,8497
5455: 5354,5253,5355,5852,5454
1592: 1852,1506,1340,1507,1766
7638: 7721
1594: 1767,1509,1510,1769,1682,1427
5317: 5417
5087: 5086,4986
9480: 9678,9360,9294,10025,9503,9429
9564: 9560,9504,9546,9307,9613,9610
1599: 1514,1515,1600,1513
1600: 1515,1599,1516
9166: 9224,9167
1602: 1516,1687,1688
8614: 8406,8479,8478,9886,9694,8677
5337: 9562,5335,5437,9249,5438
1605: 1520,1691
9458: 9310,9354,7779,7697,7532,9550
9342: 9397,9357,9320,1318,1488
1608: 1524,1693
5512: 5611,5513
1610: 1525,1526,1611
1611: 1527,1612,1526,1610
1612: 1527,1611,1698
5091: 5090,4990,4991,5092,5192
9157: 9292,9032,9236,8929,9112,8982
6371: 6370,6467,6275
1616: 1532,1617,1702,1701
1617: 1532,1618,1616,1702,1703
1618: 1617,1619,1703,1704
1619: 1535,1618,1704
1620: 1535,1706
9486: 9928,9729,9705,9289,9534,9390
1622: 1539,1291,1623
1623: 1539,1622,1709
5964: 6062
4838: 4737,4837,4637,4839
5269: 5370
7032: 7123,7033,6941,7122
1628: 1461,1629
1629: 1628,1630,1461
1630: 1545,1631,1629,1716
1631: 1547,1548,1630,1716,1717
8677: 9694,8477,8478,8614,8676
5631: 5632,5535,5434,5630,5828
5922: 5724,5823,6021
6843: 6749,6935
9243: 9125,9126,9194,9387,9242,9501
7485: 7571,7398
4941: 4739,4839,4840
9929: 9718,9348,9721
9348: 9718,9929,9266,9523,9703
5848: 5349,5551,6142,6041
5550: 5649,5650,5750
5202: 5201,5302
1644: 1477,1562,1312,1476,1729
9723: 9513,9258,9646,9412
8075: 7996,8154,8074,7913,7914,8076
9749: 9567,9615,9546,9827,9863,9811
9848: 9667,9884,10019,9710
4992: 4891,4991,5092,5093
8392: 8393,8603,8168
1651: 9717,1820,1995,1996
7630: 7953,7794,7545,7460,7373
7280: 7368
9494: 9469,6801,9417,9684
7761: 7924,7679,9525,9466,8006,7763
1656: 1572,1571,1487,1739,1740
1657: 1740,1741,1572,1573
1658: 2272,9554,9859,2366,1915
9863: 9673,9811,9615,9749,9548,9672
5781: 5683
7953: 7630,7794,8031,7713,8032
1662: 1663,9677,1576,9765
1663: 1662,9677,1578,1494,1664
1664: 1836,1579,1411,1494,1663
9318: 9558,9501,9960,9128,9664
1666: 1840,1412
9612: 9770,9257,9551,10004,728,9405
9824: 9727,9664,9571,10005,10039
9998: 9447,9373,7855
9203: 9133
9680: 5846,5847,9652
7000: 9406,9512,7092,7001,7184
9520: 9516,9713,3037,3333,3530
6671: 6672,6766,6575,6576
9700: 1820,1318,1488,9761,9709,9717
1676: 1762,1589,1506,1851
9518: 7680,9400,7847,9525,9559
9750: 9340,9052,9594,9097,9692,9293
7163: 7081,6888,9575,6979,7518
8880: 8879,8702,8764,8881,9081,8987
5961: 6059,5960,5865
1682: 1769,1512,1427,1594,1857
9510: 2570,9997,2767,9532,9286,2664
8898: 8842,9055,9356,9004,9005,9592
7428: 7425,7515
8020: 9402,9499,9465,7617,7780,7942
1687: 1602,1688
1688: 1602,1687
5748: 5846,5648,5548,5649,5847
5380: 5379,5280,5480
1691: 1777,1605,1778
9792: 9992,9873,9941,10006,9776
1693: 1608,1779
8978: 9835,8695,9070,9738,9027,8874
6215: 6216,6117,6118,6119
6783: 6784,6688
5518: 5618,5419,5418
1698: 1784,1612
1699: 
9931: 2014,9888,9949,2197
1701: 1702,1616
1702: 1701,1616,1617,1703
1703: 1618,1617,1702,1704
1704: 1790,1618,1619,1703
9353: 9356,9334,9917,9437,9592
1706: 1793,1620
6516: 9847,9908,6706,6801,6896,6708
9517: 9253,9631,7608,10009
1709: 1539,1623
9993: 7942,8021,9989,9944,9465,9763
5865: 5961
6432: 6628,6437,9872,9964,6627,6531
8624: 8687,8490,8688,8422,8278
9018: 8917,8916,9140,8915,8968,9102
8743: 9016,9010,9581,8960,9017
1716: 1630,1631,1717,1803
1717: 1803,1718,1631,1548,1716
1718: 1804,1717,1548,1549,1805
9399: 1096,9500,9819,9382,868
9730: 1408,1326
1721: 1469,1722,1468,1806
1722: 1721,1469,1553
9465: 9402,8020,10034,9944,7942,9993
8593: 8592,8455,8524,9419,8661,9284
9994: 10032,9947,9870,9422,9838,10000
5902: 6001,5901
1727: 1812,1899,1556,1815,1901
5606: 5705,5706
1729: 1815,1816,1476,1644,1731
6307: 6403,6209,6308
1731: 1316,9254,9481,1816,1729
1732: 2262,1238,1399
9906: 9898,10016,9896,10020,9914
9573: 9352,5044,9412,9258,9538,4742
8165: 8008,8241,8468,8462,8391,8242
5108: 5209,5007
6338: 6436,6339,6336,6241,6335
1738: 1739,1912,1914
1739: 1738,1487,1656,1740
1740: 1657,1741,1572,1656,1739
1741: 1657,1740,1828
8119: 8120,8616,7879,8042,8483,8116
9085: 9128,9894,8885,9130,8886,9126
6183: 6086,6280,6085
1745: 1921,1919
9248: 514,9590,9366,9430,513
1747: 2205,10001,2021,2022,9662
9961: 9859,9731,10021,9267,9389,9554
8908: 8680,8485,8620,9625,9391,9641
7475: 7562,7388,7474
6967: 6966,7059
9818: 9757,9958,9865,710
9813: 9645,9335,9722,9720,9708
7732: 7733,7649
1755: 2018,1930,1582,1497,1844,1931
1756: 1846,1844,1758,9542,1583,1497
8638: 8361,8502,8639,8701,8636,8702
1758: 1756,1846,1583,1759,1499,1935
1759: 1500,1502,1499,1758,1935,1847
1760: 2026,1587,1847
4819: 
1762: 1676,1589,1421,1504,1849
5805: 5706,5804,5904
9821: 531,9719,9270
6342: 6344,6246,6628,6534,7085
1766: 1855,1943,1767,1507,1592
1767: 1594,1509,1507,1769,1855,1766
9495: 927,718,9530,9264,9488,527
1769: 1682,1767,1594,1855,1857
9331: 4338,4341,9522,9489,9797,9799
5186: 5185,5086,5286,5287
1772: 
9011: 8964,8911,8966
6351: 6447,6350,6348,6256,6349
7066: 7858,7252,6974,6973,7156
9529: 9638,9943,9362,9377
1777: 1691,1778,1864
1778: 1777,1691
1779: 1693,1867
6780: 6781
8145: 8146,8222,8296,8066,8221,8144
1782: 1870
7467: 7380
1784: 1698
9940: 9788,580,781,10002,9316
8663: 8791,8790,8729,8596,8662,9616
5364: 5263,5363,5462,5266
9790: 9759,9796,9704
6517: 6709,6612,6426
1790: 1704,1878
9576: 9251,1253,9283
6920: 7011,7010,6733,6828,6917
1793: 1706
7057: 7148,6966,7147
9119: 8980,9077,9235,9976,9234
6627: 9362,6531,6628,6432,7085
1797: 
6820: 6632,6631,6541,6350,6821
9628: 9260,9419,9904,9623,9616,9271
1800: 
9332: 9620,9396,3536,9374,9425,9772
8616: 8119,8343,8120,8483,8741,8680
1803: 1717,1716,1890
1804: 1718
1805: 1549,1806,1718,1892,1893
1806: 1549,1805,1721,1893,1894
9692: 9786,9893,9293,9097,9336,9750
6464: 
8363: 7979,8216,8138,8435
1810: 1897,1555
7224: 7135,7312
1812: 1899,1727,1901,2078,1987,1989
7234: 7145
6139: 9901,6335,6336,9265,9305
1815: 1816,1901,1729,1556,1557,1727
1816: 1815,1901,1729,1316,1731,1902
4910: 5010,4809
5699: 5599,5698
1819: 2264,2082,9357,2173,1905
1820: 9700,1318,9717,1651,1995,1905
1821: 9645,1998,1909
1822: 9720,1912,1909,2000
9642: 154,9496,9371,9421,251,9427
5975: 5876,6072
9953: 9833,9687,9783,7865,7867
8904: 8905
9543: 6909,7262,9308,9435,9512,9540
1828: 9606,1914,1741,2182
5804: 5705,5706,5805,5904
9443: 1483,9296,9246,1404
1831: 2006,2096,1917
9647: 9967,9805,9650,9435,9943,9540
1833: 1921
9296: 9443,9246,9335,9722
1835: 2199,2015
1836: 1664,1579
8767: 8707,8705,8938,8882,8769
1838: 1840
6768: 6767,6769,6862
1840: 1666,1838
1841: 9579,1842
1842: 1841,1582,1930
9255: 9637,9382,9251,9878,9500
1844: 1756,1846,1497,1755,2022,1931
5009: 5110,4909
1846: 1756,1844,1758,1935,2022,2021
1847: 1935,2024,1502,1759,1760
6510: 6892,6605,6412,6414,6512,6607
1849: 2028,1504,1762
1850: 
1851: 1942,1676,1852
1852: 1592,1853,1851
1853: 1942,1852,1943,2123,2033
9552: 722,9363,9245,789
1855: 1943,1766,1767,1769
5253: 5153,5355,5252,5354,5353,5455
1857: 1946,1769,1682
5712: 5810,5613,5713
6480: 6576,6385,6481
9226: 9225,10014
1861: 1950
5637: 6032,5736,5340,5438,5837
9854: 9767,9926,9787,9438,9691,9889
1864: 1953,1777
9719: 9821,9830,9270
5437: 5337
1867: 1868,1779
1868: 1867,1957
5070: 4969,5069
1870: 1782
8042: 7801,7962,8121,8119,8120
9574: 10017,9808,9482,9408,9302
1873: 
8592: 8658,8593,8591,8661,9617,9448
9850: 16,103,68,9732
1876: 
9631: 9253,9274,7340,9517
1878: 1790
9847: 6516,9908,9914,9685,10016,6708
9778: 10022,9952,9831,9386
1881: 1969
9908: 9847,6516,9685,9278,6706,6425
5673: 
7565: 7649,7564,7478,7650
9239: 9162,9193,9219,9560,9567
6915: 6731,6912,7003,6917,6916
10013: 9482,9352,9412
7081: 7163,9860,7342,7691,9575,7518
9578: 6047,5951,9311,9410,9455,9367
1890: 1978,1803
9264: 9514,9488,9812,9291,9495,9530
1892: 1893,1805
1893: 1892,1806,1805,1894
1894: 1983,1806,1893
9747: 9986,9630,9774,9874,9669,9361
9614: 5751,9306,6142,9343,9471
1897: 1810
9261: 9325,9364,9476,2203,2584,2585
1899: 1812,1727,1555,1987
5308: 5307,5408,5207
1901: 1815,1816,1812,1727,1989,1902
1902: 1991,1989,1816,1901,1316,1563
10036: 9744,10011,9932
9394: 9410,9455,5755,9533,5657,5754
1905: 1995,2173,1820,1318,1819
6004: 6003
7912: 7831,7993,7911,7992
9503: 5343,5138,9429,9454,9294,9480
1909: 1999,2000,1822,1821
5252: 5251,5151,5253,5153,5352,5353
6272: 
1912: 1738,1914,1822,2000,2001
5480: 5280,5380,5481
1914: 1738,1912,2001,2182,1828
1915: 2366,2273,2271,2272,1658,2364
7918: 7837,7836,8001,7999,8080
1917: 2006,1831,2276,2279
9352: 9573,5044,9412,9482,10013,9408
1919: 1745,2008,2010
6326: 6130,6328,5937,6128,6227,6327
1921: 1745,1833
9954: 2190,9451,2100
7526: 7352,7175,7439
6398: 
9928: 9729,9486,10024,9390,9484,9733
9911: 9979,6038,9401
9969: 9883,339,9853,289,9440,9698
4809: 4709,4910
5792: 5793,5891
1930: 2018,1755,1582,1842
1931: 2022,1844,2018,1755
9849: 9726,9666,9861,9701,9648
5492: 5392,5393
5691: 5789
1935: 1847,2024,1759,1846,1758,2021
4917: 4815,5018,4918
5823: 5724,5725,5922,5825
6207: 6206,6305
5200: 5201,5300
4954: 4849,4645,4747,5055,4955,4852
8848: 
1942: 1853,1851,2123
1943: 1855,1766,1853,2033
8231: 8230,8153,8154,8155,8232,8306
9112: 8928,8982,9027,8929,9157
1946: 1857,2036
5475: 5476,5574,5375
9038: 9194,9161,9162,8990,9125,9039
4729: 4826,4725,4626,4527,4730,4929
1950: 1861
1951: 
4817: 4716,4918
1953: 1864,1954,2043
1954: 1953,2043,2044
9722: 9813,9335,9296,9715,9708
9312: 9413,9733,9951,9426
1957: 1868,2047
6089: 
6483: 6388,6387,6482
1960: 2049,2050
4990: 4889,4890,4991,5090,5091
7314: 7402,7401
7063: 7153,7155,7062,6972,7156
7962: 7801,8042,7880,7879
9534: 8186,9436,9390,8260,9289,9486
1966: 
5379: 5380,5278,5478
5705: 5804,5606,5706
1969: 1881
8620: 8485,8908,8417,9641
5154: 5155,5054,4950,4852,5052,5255
8683: 8915,8861,8619,8621,8805,8744
1973: 
9679: 2841,9304,9697,9796,2938,9704
6545: 6641,6449,6450,6448
8916: 9018,8917,8805,8807,8806,8915
1977: 1978,2067
1978: 1977,1890,2067
4766: 4665,4867
7691: 7081,7342,7518,7609,9977,9779
7579: 
6709: 6517,6612
1983: 1894,1984,2072,2073
1984: 1983,2073,2074
4937: 9877,9280,4534,4836,4936,4634
9675: 10033,9659,2389,2201
1987: 2078,1812,1899
9492: 9881,9010,9581
1989: 1991,2079,1902,1812,1901,2078
8046: 8276,8201
1991: 2079,1989,1902,1563,2170
6227: 6128,6226,6326,6421,6420,6327
9260: 9628,9419,8727,9623,8455,8383
9885: 9449,9303,9754,9846
1995: 2173,1905,1820,1651,2359
1996: 2361,1651
9388: 9557,10002,9514,9488,9321,9365
1998: 1821
1999: 1909,2000,2090,2178
2000: 1909,1999,1822,1912,2001,2090
2001: 2090,2002,2182,1912,1914,2000
2002: 2001,2090,2182,9389,9554
8667: 8242,8603,8391,9942,9963
9426: 8540,9413,9312,9376,8538,8474
8084: 8006,8163,8238,8005,8460,8389
2006: 2096,1831,1917,2279
2007: 2008,2188,2096
2008: 2098,2010,2188,1919,2007
7388: 7389,7300,7475
2010: 2008,2098,1919,9451
9487: 9806,9565,9974,9837,9329,9869
5886: 5887
8056: 8134,8135
2014: 9931,9949,2015,2198,2196
2015: 1835,2199,2198,2014
5561: 5461,5462,5657,5756,5754,5562
7149: 7150,7059,7148,7238
2018: 1930,1755,1931
9328: 9569,9262,9935,9814,9825
4778: 4677,4879,4880
2021: 2205,1747,1846,1935,2024,2022
2022: 1931,1846,1844,1747,2021
6416: 6419,6323,6512,6223,6414,6320
2024: 1935,1847,2205,2021,2207
5819: 5720,5818
2026: 1760,2118,2208,2300,2207
5894: 5893,5895
2028: 2030,1849,2118,2119
9498: 4539,4438,9538,9522,9513,9258
2030: 2028,2212,2119
9354: 9458,9310,9643,9550,9402,9499
8227: 7992,8228,7911,8150,8300,8303
2033: 2123,1943,1853
6571: 6475
8601: 8599,8389,8730,9735,9544,9952
2036: 2037,1946
2037: 2036
8866: 8919,8808,8687,8688,8865
9766: 9927,9978,9876
6891: 6888,6699,6984,6890,9384
8764: 8703,8639,8704,8880,8702,8881
9905: 9780,9937,861,863
2043: 2133,1953,1954,2044
2044: 2135,1954,2043
5488: 5487,5587,5389
6420: 6421,6226,6227,6419,6323
2047: 1957
7010: 7011,6920,7009,6917,7101,7102
2049: 2050,1960
2050: 2049,1960
9582: 9597,4036,9396,9375,10032,9591
6275: 6371
10019: 9508,9561,9848,9667,9936,9710
7208: 7118,7207,7119,7209,7296
2055: 2145,2056
2056: 2057,2147,2055
2057: 2056,2147,2148
6639: 6731,6823,6640,6733
9007: 8846,9008
8338: 8540,8474,8406,8479,8737
2061: 2152,2151
9804: 9440,9698,9337,9590,9441
7993: 7912,7831,8074,7913,7992,8152
8846: 9007,8787
2065: 2156
5891: 5792
2067: 1978,1977
7780: 7617,8020,7942,7450
6293: 6196,6389,6390
8982: 9112,8928,9157,9236,9077,9235
8949: 8950,8999,9054,8837,8895,8947
2072: 2073,1983
2073: 2072,1983,1984,2074
2074: 2165,1984,2073
9194: 9038,9162,9125,9243,9242
7821: 7902,7739
8496: 8282,8631,8497,8694
2078: 1987,1812,2079,1989
2079: 1991,1989,2078
9613: 9307,9420,9564,9618,9610
8928: 9112,9071,8982,9077
2082: 2264,2172,1819,1399,9357
9762: 10003,10039,9752,9789,9857,10030
8106: 7947,8028
9205: 10007,9179
8306: 8232,8230,8231,8451,8380,8452
2087: 2178
7305: 7216,7217,7393
5653: 5552,5249,5451,5752,5849,5751
2090: 2001,2002,1999,2000,2272
6805: 6614,6804,6711
9903: 9902,9715,9708
4771: 4872
7697: 7181,7779,7355,7859,9458,9310
6588: 6493,6683
2096: 2006,1831,2007,2188
9455: 9394,9410,5754,5855,9578
2098: 2008,2010,2188,9451,2280,2189
7667: 7915,7582,7668
2100: 2190,9954
7099: 7101,7190,7008,7009,7276
6699: 6888,6891,6890,6700,6886
9256: 9489,9462,9442,4139,4240,4241,4239
9122: 9219,9160,8987,9080,9218,9504
6344: 6342,6246
8938: 8990,8882,8989,8767,8991,8769
2107: 2578,2484,2483,2672
8134: 8056,8211,8210,8135
9758: 9918,9663,430,9295,372,754
2110: 2202,2392,9608,2390,9619,2485
2111: 2205,10001,2300,2207,10010,2204
9368: 9971,9596,9584,9497,9660,10043
9761: 9246,9709,1404,1566,9700,1488
8110: 8189,8115,7956,8033,8261
4867: 4766,4968
9933: 9809,219,9923
8429: 8430,8499,8632,8358,9379
2118: 2028,2026,2208,2119
2119: 2212,2303,2030,2028,2118,2208
7915: 7750,7667,7914,7582,7996
9538: 4539,9498,9258,9573,4641,4742
8387: 8597,8460,8161,8238,8457
2123: 2033,1942,1853,2215
6552: 6648,6456,6647
4880: 4881,4778,4879
2126: 
9937: 9780,9905,9840
2128: 2220
8681: 8554,9641,8619,9381,9716,8801
7813: 8054,8208
2131: 
8382: 8383,8307,8309,8453,8380
2133: 2043,2224,2225
7342: 7081,9860,7691,9696,9779
2135: 2044,2226,2136
2136: 2135,2228
6406: 6405
5672: 5573,5572
9728: 9973,9769,9656,9823
5299: 5300,5400
9411: 9605,9541,9479,9845,9351
8981: 8980
9668: 5839,6037,9979,9726,9784,9401
2144: 2145,2236
2145: 2144,2055,2236
6767: 6768,6672,6766
2147: 2056,2057,2148,2238
2148: 2057,2147,2240
7911: 7912,8150,7992,8227
4747: 4849,4954,4645,4947,4744
2151: 2061,2152
2152: 2061,2153,2151,2244
2153: 2152,2244
8201: 8422,8126,8046,8276
6219: 6121,6122,6022,6218,6316,6320
2156: 2065,2248
8219: 8221,8144,8143,8439,8368
9373: 9447,9998,9434
4757: 4658,4655,4855,4859,4856
2160: 2161,2251
2161: 2160,2253
7847: 7505,7419,9518,7679,9525
5933: 5839,5834,6037,5936,5833,5937
9555: 9351,3147,3148,9535
2165: 2074
9541: 9411,9605,9351,9535,2761,3051
4944: 4742,4743,5044,5144,5047,4845
7488: 7400,7401,7487
8621: 8685,8805,8619,8683
2170: 1991,2262
7867: 8028,7948,8023,7702,9953
2172: 2264,2082
2173: 1995,1905,2264,1819,2453,2265
5247: 5144,9302,5047,5145,9604,5148
6421: 6420,6515,6327,6227,9278,6425
6549: 6645,6550,6548
9384: 9575,9511,9475,6888,6891
2178: 2087,2270,2271,1999,2272
8093: 7932,8013,8397
5410: 5509
5640: 5740,9701,5540,5542,5639
2182: 2001,2002,1914,9606,1828,9389
8230: 8153,8229,8231,8306,8451,8378
9706: 64,9991
2185: 2369,2276
4890: 4889,4990,4788,4891,4991,4789
9951: 10024,9733,9312
2188: 2008,2098,2007,2096,2280
2189: 2280,2098,2190,9451
2190: 9451,9954,2100,2189
9727: 9824,10039,9789,9939
2192: 2284,2193
2193: 2194,2285,2192,2284
2194: 2193,2285,2286
5769: 5868
2196: 2383,2014,9949,2384,2571
2197: 9931
2198: 2199,2015,2014,2385,2384
2199: 1835,2015,2198,2293
9838: 10000,9689,9866,9994,9870
2201: 2770,2389,10033,9675,2580
2202: 2110,2392,2391,2870,2871,2485
2203: 2490,9261,2585
2204: 2395,9244,2111,2394,2300,10010
2205: 2111,10001,1747,2021,2024,2207
9493: 917,9577,9268,9358,709
2207: 2300,2024,2026,2205,2111
2208: 2394,2300,2026,2118,2119,2303
6797: 6984,6890,6508,6410,6507
7696: 7091,7355,7859,7178,9301,9561
9959: 9751,9670,5041,9721
2212: 2305,2119,2030
9598: 123,9547,9275
5929: 5829,5930,5928,5926,6028
2215: 2308,2123
6018: 5920
7767: 7599,7600,7601,7931,7850
2218: 2311
7269: 7179,7268,9603
2220: 2128
6688: 6593,6783
9463: 10033,9659,9325,9398,9619,9608
5485: 5584,5585
2224: 2225,2133
2225: 2224,2133
2226: 2135
9185: 9211,9229
2228: 2321,2136
5207: 5106,5307,5308
9364: 9325,9261,2584,2392,9608,2678
2231: 
5214: 5113,5215
4947: 4849,4747,4744,4743,4845,4949
2234: 2326
8211: 8358,8210,8134,8135,8430
2236: 2144,2145
9986: 9572,9630,9747,9774
2238: 2147
9403: 9313,9502,9322,37,9287,181
2240: 2333,2148
9852: 9915,9835,9754,9622,9303,9453
7156: 6973,7066,7858,7063,7155,7249
4697: 4797,4596
2244: 2336,2153,2152
5478: 5379,5578
6165: 6068,6164,6067,6262,6263
6164: 6067,6163,6165,6261,6262
2248: 2156,2249,2341
2249: 2341,2342,2248
9915: 9835,8695,9852,9622,9593,8632
2251: 2343,2160
8135: 8058,8137,8134,8056,8211
2253: 2161
8915: 8683,8861,8968,8805,9018,8916
7937: 8018
8234: 8155,8307,8158
6436: 6339,6338,6244,6337
9997: 2569,2570,9510,9742,9862,9286
9361: 1583,1414,9669,9630,9747,9542
9774: 9874,9899,9986,9747
9278: 9685,9432,6421,6327,6425,9908
2262: 1732,2170
7389: 7388,7302,7390
2264: 2172,2082,1819,2173,2265
2265: 2451,2453,2264,2173
7336: 7153,7155,7247,7680,7596
8386: 8527,8160,8236,8526,8594
9877: 4937,9280,9266,4836,9751,9718
9661: 9407,9444,9140,9438,9767,9660
2270: 2178,2271,2361,2362,2363
2271: 2178,2270,2272,2364,2363,1915
2272: 1658,2090,2178,2271,1915
2273: 2366,1915,2460,2364,2555
2274: 9816,2371
9446: 157,360,9537,9803,9338,361
2276: 2369,2185,1917,2279
7124: 7125
8630: 8426,9467,8425,8495
2279: 2559,1917,2006,2276
2280: 2374,2189,2098,2188
9984: 9828,9456,9686,9681,9844
9481: 9254,1731,1562,9250,9279
7855: 9998,8018
2284: 2192,2193,2285
2285: 2193,2194,2286,2284
2286: 2194,2285
7521: 7431,7344,7692
2288: 2382,2380
5675: 5676,5774
4892: 4891,4789,4893
5129: 5234,5136,5233,5230
8333: 8032,8033,8186,9436,8261
2293: 2199,2481
5201: 5202,5200,5302
7259: 7170,7169,7258,7347,7435,7348
7587: 7670,7838,7411,7413,7756
9861: 5639,5837,9726,9784,9849
6512: 6419,6416,6414,6510,6418,6607
7352: 7175,7526,7353,7440
2300: 2208,2394,2207,2026,2111,2204
6226: 6128,6127,6227,6126,6323,6420
9895: 860,1006,9840,9882,9780,1007
2303: 2305,2119,2208,2394
9793: 259,9782,9907
2305: 2212,2303
8685: 8621,8805,8417,8555,8806
7419: 7417,7505,7847,7241,7331
2308: 2215
6048: 6047,5951,5953,6051,6242,5956
9182: 9229,9114,9187
2311: 2218
6801: 9494,6706,6705,6516,6896
8787: 8786,8846
8468: 8318,8165,8008
9894: 9085,9960,9128,9130,9600,9629
5599: 5499,5598,5698,5699
8734: 8674,8609
9892: 9787,9102,9800,8968,9634
7682: 7599,7931
7452: 7539,7278,7451,7618
2321: 2228,2322
2322: 2321
6867: 6773
5622: 5621,5722
2325: 2326
2326: 2234,2325
7002: 7003,7092,7001,6911,6910,6912
7659: 7743,7742
9784: 9726,6032,9861,5837,5839,9668
7283: 7195,7456,7544
7026: 6935,6934,7027,7117
4955: 5055,4957,4855,4853,4954
2333: 2240,2427
4825: 4826,4823,5027,4927
2335: 2336
2336: 2244,2335
6098: 6099,6196,6001
6760: 6761,6665,6759,6854,6853
9840: 10008,9882,9780,9937,9895
4836: 4534,9751,9670,9877,4937
2341: 2249,2342,2434,2248
2342: 2249,2341,2436,2343
2343: 2251,2342,2436
4788: 4889,4890,4789
4904: 4802
6350: 6447,6351,6541,6348,6632,6820
8391: 9735,8462,8165,8242,8667
9319: 9624,9333,9585,9913,2744,2745
9365: 589,1073,716,527,9557,9388,9488
9504: 9560,9564,9218,9219,9122,9307
4870: 4871
4793: 
9450: 9235,9976,9739,9545,9236,9828
9290: 9252,9478,9622,9467,9453,9477
8026: 7946,7945,8101
8542: 8544,8675,8674
5383: 5283,5384
9439: 9468,9473,563,9676,9527
2359: 2361,1995,2453,2454
9616: 9623,8662,8791,8663,9628,9271
2361: 2359,1996,2270,2454,2362
2362: 2454,2552,2361,2270,2363
2363: 2459,2364,2270,2271,2362,2552
2364: 2459,2363,2555,2271,1915,2273
8031: 7953,7794,7711,8260,8186,8032
2366: 1915,2273,2460,1658,9859,9924
5936: 5931,5833,5933,6128,6127,5937
9237: 9640,9378,9033,9216,9292,9032
2369: 2276,2185,2372,2747
6456: 6455,6552
2371: 9816,9924,2460,9585,2274
2372: 2942,2747,2369,2558
4712: 4611
2374: 2280,2561,2468
6359: 6263,6455,6262,6358
8631: 8565,8497,9355,8496,8694,9478
9344: 9271,9875,9740,8791,9505,9395
9615: 9567,9749,9242,9548,9863
7472: 7558
2380: 2288
7771: 7770,7934,7769,7936,9434,7935
2382: 2288,9682,2383,2474
2383: 2196,9949,2382,9682,2476
2384: 2574,2571,2198,2196,2573
2385: 2574,2198,2481
7014: 6831,7103,7104
2387: 2481,2669,2576
5438: 5536,5337,5340,5637,5736
2389: 2578,9675,2770,2201
2390: 2580,9619,2110,2771,2485
2391: 2776,2678,2202,2392,2871,2872
2392: 2202,2110,9608,9364,2678,2391
9725: 9975,9817,6626
2394: 2208,2300,2303,2395,2204,2490
2395: 9244,2204,2394,2490,9476
6932: 7023,6931
8209: 8498,8357,8873,8210
9988: 9938,9917,8784,8844
4810: 
2400: 2492
9620: 9396,9375,9332,9834,9772
5746: 5647,5943,5648,5846
2403: 2497
6119: 6022,6021,6118,6216,6215,6218
10004: 9770,9612,728,944
7402: 7314,7401
2407: 
8244: 8393,8395
2409: 2503,2410,2504
2410: 2411,2504,2409
2411: 2410,2412
2412: 2411
8513: 8444,8710,8579,8372,8298,8370
9686: 9277,9456,9984,9618
2415: 2416,2510,2509
2416: 2415,2510,2511
6682: 6586,6683
6419: 6416,6323,6512,6420,6418
5829: 5930,5929,5828,5632,5928
7135: 7224
7354: 7443,7528,7265,7266,7778
2422: 
8797: 
2424: 
7545: 7371,7544,7628,7460,7630,7794
8835: 8837,8891,8945,8778,8776,8838
2427: 2333,2428,2522
2428: 2522,2523,2427
9269: 4427,9392,4331,4330,9483,9521
9453: 9303,9509,9477,9290,9622,9852
8786: 8787
9806: 9515,9565,9487,447,9869,448
5948: 6140,9265,5453,6238
2434: 2341
9648: 9701,9666,9849
2436: 2342,2343,2530
9600: 8995,9297,9130,9127,9894,9629
9866: 9838,9689,10027,9999,9887
2439: 2533,2534
7456: 7104,7283,7368,7542
2441: 2442,2536
2442: 2536,2441
5687: 
8138: 8058,8137,8363,7979,8213
10035: 9471,9305,9867,9901,9992,9941
8222: 8146,8145,8296,8298,8370
8301: 8373,8300,8303,8376,8649
8028: 7948,7867,8023,8106
6173: 6270,5978
10043: 9767,9660,9926,9971,9368,9930
2451: 2453,2265,2547,2639
8291: 8062,8061,8292,8216,8365
2453: 2451,2265,2173,2359,2454,2547
2454: 2547,2362,2359,2361,2453
7027: 6935,7026,7117,7118
9105: 9024,8868,8972,8921
8778: 8835,8716,8776,8587,8779,8838
7571: 7485,7570,7655
2459: 2364,2363,2555,2552,2554,2551
2460: 2366,2273,2371,9924,9333
9323: 484,485,9393,9580,9369
5870: 5871,5968
2463: 2553,2554,9491,9624,2649,2650
9694: 8677,8614,9886,9832
5774: 5676,5775,5675,5873
9478: 9290,9252,8631,9355,8694,9467
9225: 9226,10014
2468: 2658,2374,2657,2561
9736: 9829,9760,473,472
8032: 7954,8333,7953,8031,8186
9782: 9793,10040,9460,9907
9856: 9956,9934,9586,9843
2473: 2953,3144,3145
2474: 2476,2382,9965
7540: 7455,7279,7539,7278,7625
2476: 2474,2383,2571
5389: 5390,5488
5313: 5312,5413
8945: 8837,8891,8835,9132,9752,9046
7480: 7393,7481
2481: 2387,2669,2293,2385,2574
9635: 653,654,9363,9291,9530,9245
2483: 2767,2672,2484,2576,2107
2484: 2483,2107
2485: 2870,2390,2202,2110,2771,2772
5230: 5332,5333,5129,5234,5329
9546: 9560,9564,9567,9749,9827,9610
8253: 8328,8470,8255,8179
7743: 7659,7744,7742,7825
2490: 2203,2394,2395
2491: 
2492: 2400,2588,2586
4858: 4859,4856,5062,5060
8346: 8271,8417,8555,8273,8485,8347
5393: 5394,5392,5492
6882: 6974,7160,6884,6598,7070
2497: 2403
9917: 9938,9988,9334,9353
6828: 6735,6733,6829,7011,6920
6596: 
7252: 7066,7858,6974,7160,9299
6886: 6700,6696,6699,6978,7162
2503: 2409,2504
2504: 2410,2503,2409
6641: 6545,6640
7948: 8028,7867,7702
8921: 9111,9024,9105,8972
9049: 9133,9170,9001
2509: 2415,2510,2604
2510: 2415,2416,2509,2511,2604
2511: 2512,2416,2510
2512: 2511,2513,2607
2513: 2512,2607
5138: 5343,9503,5036,9454,5142,5338
2515: 2610
5069: 4969,4968,5070
9587: 8339,9836,8480,9702,8907
8096: 8097,8175
7249: 7247,7339,7156,7858,7155
2520: 
8152: 7992,8228,7993,8074,8153,8229
2522: 2428,2523,2427,2616,2617
2523: 2428,2522,2524,2617
2524: 2525,2523
2525: 2524,2526,2620
2526: 2525,2620
8356: 7974,7973,8208,8565,8497,8357
7070: 6978,7161,6882,7160,6884,9639
8741: 8679,9625,8483,8616,8680
2530: 2436,2531
2531: 2530
9271: 9875,9344,9616,8791,9628,9904
2533: 2439,2534,2628
2534: 2533,2439,2628
8776: 8716,8715,8714,8891,8835,8778
2536: 2442,2441
9775: 73,9345,9699,9791,9950
2538: 2632
7576: 
2540: 2634
9473: 9468,9439,9464,9324,9527
8023: 8028,7867,7947
9899: 9774,9874,9665
2544: 2638,2733,2639
6853: 6854,6759,6760
9773: 9839,9920,9805,9650
2547: 2454,2451,2453,2642
6874: 
9069: 9024,8868,8812
7164: 7431,7073,6983,7075
2551: 2553,2554,2552,2459,2643,2738
2552: 2362,2459,2363,2643,2551
2553: 2554,2551,2463,2738,2646,2649
2554: 2553,2551,2463,2459,2555,9491
2555: 2459,2364,2273,2554,9491
9234: 9029,9119,9976
9674: 9586,466,9830,9276,9956,529
2558: 2842,2372,2942,9485
2559: 2279,2654
6974: 6882,7160,7066,7252
2561: 2655,2657,2374,2468
5141: 5142,9602,4936,4934,9280,5037
8358: 8211,8210,8498,9379,8430,8429
6062: 6063,5964,5965,6256
4730: 4936,4929,4934,4634,4527,4729
7736: 7737,7819,7735
7750: 7915,7914,7581,7582,7832
9545: 9450,9292,9236,9378,9828,9456
2569: 2570,9997,2574,2669,9742,2573
2570: 2569,9510,9997,2669,2576,2767
2571: 2384,2196,2476,2573
8485: 8680,8908,8620,8343,8271,8346,8417
2573: 9742,2574,2384,2571,2569
2574: 2385,2384,2481,2669,2573,2569
6804: 6614,6805,6519,6520
2576: 2387,2669,2570,2483,2767
9273: 217,9326,9589,9809,269,376
2578: 2389,2107,2672,2667,2770
5584: 5485,5583,5585,5683
2580: 2390,2201,2866,2867
7719: 7635,7801
5345: 5244
9247: 9372,489,9528,683,9295,1043
2584: 2585,9364,9261,2680,2678,2679
2585: 2584,2203,9261,2586,2680
2586: 2681,2680,2588,2492,2585
5818: 5817,5720,5819,5917
2588: 2492,2681,2586
5568: 5569,5668
7675: 7759,7591,7503,7674
5417: 5317,5418
4807: 4707
4876: 
7400: 7312,7401,7487,7488
2595: 2689
5157: 5054,5258,5055,4957,4958,5159
9162: 9194,9038,9161,9239,9193
5624: 5723,5724,5725
7740: 7739,7741
2600: 2694,2695
9857: 9046,9762,9752,10030
8632: 8429,8499,9379,9593,9915,8695,8567
8121: 7884,7801,8042,8120,8044,8197
2604: 2698,2699,2510,2509
9218: 9238,9080,9122,9307,9217,9504
5535: 5631,5434,5436,5533,5536
2607: 2512,2513,2702
7153: 7063,7155,7336,7062,7152,7331
2609: 2703,2610,2704
2610: 2515,2609
9374: 3536,3837,9425,3839,9332
7909: 7828,8069,7990
2613: 2708
9671: 9742,9970,9862
7311: 7312,7398
2616: 2710,2522,2617
2617: 2712,2522,2523,2616
5106: 5207,5105
6766: 6671,6672,6767
2620: 2715,2525,2526
8973: 8812,8976,9063
9649: 8659,9284,9904,9875,9795
8714: 8834,8943,8776,8715,9089,8891
9942: 9963,9651,8603,8667
4893: 4892
5366: 5266,5267,5466,5467,5562
7327: 7328,7503,7238,7674
2628: 2533,2534,2723
8430: 8429,8211,8358,8431
8474: 8264,8538,8338,8540,9426
6631: 6632,6820,6537,6629,6724
2632: 2538
8325: 
2634: 2729,2540,2728
9532: 9286,9479,9510,2666,2664,9595
9046: 9857,8947,8837,8945,9752
5793: 5792,5695,5893
2638: 2733,2544,2732
2639: 2734,2544,2451,2733
6520: 6519,6426,6614,6804
7723: 7804,7806
2642: 2643,2547
2643: 2642,2738,2552,2551
7703: 7783,7450,7707,7787,7704,8029
5917: 5916,5818,5817
2646: 2648,2649,2738,2553
9010: 8743,9016,9492,8962,8857
2648: 2646,2649,2742,3027
2649: 2648,2646,2742,2553,2463,2650
2650: 2744,2743,2463,9624,2649,2742
6927: 6926,7019
4913: 5013,4811
5520: 5620,5421
2654: 2559,2655,2846,2848
2655: 2657,2561,2654,2752
8991: 8708,8769,8885,8938,8990,9039
2657: 2655,2561,2658,2468,2752,9841
2658: 2468,2657,9841
6994: 6902,6904
8455: 8383,8524,9260,9419,8593
4881: 4880,4882
2662: 2758,2951,2953
8820: 8636,8878,8634,8821,8984
2664: 2666,2667,9510,2767,2672,9532
5267: 5266,5366,5167
2666: 2664,2667,9595,9532,2674,2862
2667: 2666,2664,2672,2578,2770,2674
9488: 9514,9264,9388,527,9365,9495
2669: 2481,2387,2574,2576,2569,2570
9167: 9166
6556: 6461,6651
2672: 2483,2767,2578,2107,2664,2667
5340: 9583,5438,5637
2674: 2770,2866,2666,2667,2862,2865
8811: 9584,9563,9497,8627,8561,8869
7569: 7570
7120: 
2678: 2776,2679,2391,9364,2584,2392
2679: 2776,2678,2584,2680,2777
2680: 2681,2586,2584,2585,2679,2778
2681: 2586,2680,2588,2778
6328: 6326,6130,6038,6327,9432
9431: 9300,9566,9315,9288,9464,9324
9610: 9827,9613,9564,9546
2685: 
2686: 
6598: 6695,6882,6884
9315: 9431,9300,9566,9526,9287,9445
2689: 2595,2785
9314: 8252,9687,9783,9347,9989,10015
2691: 2787
7739: 7740,7655,7821
2693: 2694
2694: 2600,2693,2695,2790
2695: 2600,2694,2790,2791
9654: 2752,9841
2697: 2698,2793
2698: 2604,2699,2697,2793
2699: 2604,2698
6122: 6121,5926,6219,6223,6320
7713: 7631,7953,7954,7796
2702: 2703,2607,2797
2703: 2609,2702,2704,2799
2704: 2609,2703,2799,2800
2705: 
9558: 9318,9501,9387,9507,9802
7091: 7355,7696,9967,9805,7178
2708: 2613,2709
2709: 2710,2708
2710: 2616,2709,2806
5424: 
2712: 2617,2808,2713
2713: 2808,2712
9059: 9012
2715: 2620
9948: 405,9474
6799: 6894,9309,6609,6703,6705,9469
2718: 2719
2719: 2718,2815
2720: 
2721: 
4907: 5007
2723: 2628,2818
5116: 5115,5015
8154: 8075,8074,8076,8153,8231,8155
5581: 5680,5481
6507: 6504,6797,6890,6700
2728: 2729,2634,2824
2729: 2730,2634,2728,2824,2825
2730: 2729,2825,2826
9109: 9067,9066
2732: 2638,2827
2733: 2638,2544,2639,2734
2734: 2830,2639,2733
9910: 5842
6982: 7073,6983
5533: 5635,5536,5632,5535,5633
2738: 2643,2553,2551,2646
9244: 2395,2204,10010,9810,9398,9476
9967: 9805,9647,9406,9540,7091
9292: 9157,9032,9236,9237,9378,9545
2742: 2648,2649,2650,2743,3027,2836
2743: 2650,2744,2840,2742,2836,2936
2744: 2650,2743,2840,9624,9319,2745
2745: 2841,9304,9319,9913,2744,2840
7924: 7679,7761,7759,7591,8005,8006
2747: 2844,2372,2942,2369
6966: 6967,7057
8339: 8737,9587,8264,8265,8481,8480
9005: 9004,9097,9098,8898,9336,9592
9187: 9114,9214,9182
2752: 2848,9654,2655,2657,9841
5789: 5691,5889
9603: 9667,9884,7269,7180,9301
2755: 2852
9632: 9350,9604,9808,9755,5346,9404
5225: 5125,5224,5327
2758: 2951,2662
9751: 9959,9670,4836,9877,9718,9721
7737: 7736,7819
2761: 3052,9541,2858,3054
2762: 2957,2861,2862,2858,9595,9605
7879: 7880,7958,7962,8116,8119
5182: 5283
9705: 8108,7791,9289,9729,9486
8784: 8844,9988
2767: 2483,2672,2576,2570,9510,2664
9594: 9340,9750,9293,9519
8647: 8373,8444,8710,8888,8712
2770: 2674,2201,2866,2578,2389,2667
2771: 2772,2390,2867,2485
2772: 2771,2870,2966,2485,3063
9490: 6144,9367,6241,9539,6336
8658: 8592,8591,8590,8721,9055,9448
5765: 5762,5664
2776: 2678,2679,2391,2777,2873,2872
2777: 2778,2874,2873,2776,2679
2778: 2777,2681,2680
9832: 9981,9702,9886,9694
6550: 6549,6645,6455
5280: 5480,5380
8502: 8361,8213,8638,8435,8639
6144: 9490,9367,6241,6047,6339,6242
9173: 9171
2785: 2689,2881
9307: 9217,9420,9613,9218,9564,9504
2787: 2884,2691
9416: 283,187,9272,9329,9565
7122: 7123,7032
2790: 2886,2694,2695,2791,2887
2791: 2887,2888,2695,2790
6078: 6077
2793: 2697,2698,2890
5467: 5466,5366
9102: 9787,9438,9892,8968,9018,9140
5462: 5461,5561,5364,5266,5562
2797: 2893,2702
5904: 6003,5804,5805
2799: 2895,2703,2704,2896,2800
2800: 2896,2704,2799
5825: 5826,5727,5726,5725,5823
2802: 
7360: 7007,7095,7532,7779,7184
5871: 5870,5872,5970
8674: 8734,8542,8675
2806: 2902,2710
9801: 9764,9724,9309,9469,9417
2808: 2713,2712,2904
9624: 9491,9333,9319,2463,2650,2744
9094: 9285,9092,8999,9054,9340,9052
8810: 8919,8867
2812: 2909,2908
9550: 7098,7275,7532,9458,9354,9499
8873: 8498,8209,8357,8565,9355,9588
2815: 2719,2912
5041: 9524,9959
5834: 5839,5933,5635,6032,5736,5833
2818: 2723
8393: 8392,8395,8244
5662: 5856,5756,5855,5564,5663
8054: 7813,8208,7974
2822: 
5801: 5901
2824: 2920,2728,2729,2921,2825
2825: 2921,2730,2729,2824,2826
2826: 2827,2730,2825
2827: 2826,2924,2732
10026: 9946,9962,170,374
9837: 9329,9950,9974,9487
2830: 2734,2926
9586: 9674,466,9856,9956,9843,9281
5171: 5271,5272
4888: 4887
7999: 7918,8080,8158
9386: 9544,9359,9778,9952,9712
2836: 3027,2742,2743,2936,3127
8236: 8080,8158,8386,8526
6425: 6514,6421,6515,9278,6418,9908
9525: 7679,7761,7847,9518,9559,9466
2840: 2744,2743,2841,2745,2936,2937
2841: 9304,2745,9679,2840,2938,2937
2842: 2558,9485
7155: 7153,7063,7336,7156,7247,7249
2844: 2942,2747,2846
9780: 9905,9937,9840,9895,863,1007
2846: 2654,2844,2848
5552: 5653,5249,5350,5849
2848: 2752,2654,2846
9739: 9450,9976,9828,9681
8589: 8523,8590,8656,8521,8654,8655
6335: 6139,9901,6338,9658,6337
2852: 2755,2949,2853
2853: 2949,2852
10002: 9557,9316,9388,9788,9940,9321
9454: 5142,9602,9294,9523,9503,5138
9597: 3938,4036,9582,9425,3835,9396
9737: 9669,1248,941,9665,9874
2858: 2957,2762,9605,2761,3054
8021: 7942,9993,9989,7783,8252
5587: 5487,5488
2861: 2957,2762,2862,2865,2958
2862: 2762,2861,2666,9595,2674,2865
5196: 5095,5096,5195
9267: 9961,10021,9606,9389
2865: 2962,2674,2866,2861,2862
2866: 2770,2674,2580,2867,2865
2867: 2962,2866,2580,2771
5572: 5573,5571,5472,5672
9161: 9038,9162,9123,8990,8989,9193
2870: 2967,2871,2966,2485,2202,2772
2871: 2967,2870,2202,2391,2968,2872
2872: 2968,2776,2391,2873,2871
2873: 2874,2777,2776,2872,3069
2874: 2777,2873,3069
9729: 9928,9486,10024,9705,9472
8950: 8949,9054,8895,8841,9004,9098
9535: 3148,9555,9351,9541,3151,3051
9254: 1316,1731,9481,9279,9320,9409
2879: 
8495: 8562,8424,8630
2881: 2785
5756: 5754,5855,5561,5564,5562,5662
6130: 6326,6328,5937,6038,9401,6037
2884: 2787,2981
7439: 7175,7526
2886: 2790,2982,2887,2983
2887: 2791,2886,2790,2983
2888: 2791
5363: 5364,5263,5163,5361,5460,5461
2890: 2891,2986,2793,2987
2891: 2890,2987
7398: 7311,7485
2893: 2797
6660: 6564
2895: 2799,2896,2992
2896: 2800,2895,2799,2992
5105: 5104,5106
2898: 
9753: 9779,10031,9714,9768
8412: 8191,8192,8265,8481,8550,8740
2901: 2902,2997
2902: 2806,2901
9372: 9247,489,9528,318,616
2904: 2808
5994: 
2906: 
9381: 9391,9349,9864,8681,9641,9716
2908: 2812,2909,3004
2909: 2812,2908,2910
2910: 2909,3007
7430: 7162,6979,7518,7161,9627,7609
2912: 2815,3009
6731: 6639,6912,6915,6823,6733
9924: 9816,2371,9859,9731,2366,2460
9764: 9696,9724,9801
6010: 6009,5912,6011
10007: 9205
9665: 9737,9874,9899
9275: 167,121,9598,123,46,9547
2920: 2824,2921,3016
2921: 2825,2824,2920,3018
5641: 5542,5740
5354: 5353,5455,5453,5253,5454
2924: 2827,2925
2925: 2924,3022
2926: 2830
7039: 7130
2928: 3025
5676: 5774,5775,5675
9542: 9630,9361,1583,9327,1497,1756
8265: 8191,8412,8481,8264,8336,8339
9683: 9842,8175
9864: 9349,9381,9688,9716,9995,9916
9092: 9285,9001,9094,8999,9091,8946
6127: 6128,6226,5936,5931,6126,6028
2936: 3127,2743,2840,2836,2937
2937: 3131,2938,2840,2841,2936
2938: 3131,2937,2841,9679,3036
9424: 3339,9418,9621,3536,9772
2940: 9704,3036,3038,3134,3037
5571: 5472,5572
2942: 2844,2372,2747,2558
6653: 6748
2944: 3041,3137,3235,3234
2945: 3140,3042,3139
8841: 8842,8718,8895,8950,9004
5796: 5697,5895
9734: 9524,4336,9569,9282
2949: 2853,2852
9565: 9515,9806,9487,9329,9272,9416
2951: 2758,2662,2953,3144,3242
8498: 8209,8873,8757,8358,8210,9379,9588
2953: 2473,3144,2951,2662
9724: 9696,9764,9801,9309,9601,9860
8806: 8748,8807,8685,8805,8916
9262: 9328,9569,4030,3833,9935,4132
2957: 2762,2861,2858,2960,3057,3054
2958: 2962,2861,2961,2963
7564: 7649,7565,7478,7563
2960: 2957
2961: 3255,2963,2958,3156
2962: 2867,2865,2958,2963
2963: 2961,2962,2958,2964
2964: 3063,2963
9819: 9500,9972,9748,944,9399
2966: 2967,2870,2772,3063,3064
2967: 2870,2871,2966,2968,3164
2968: 2872,2967,2871,3164
8708: 8991,8769,8885,8644,8645,8886
7787: 7865,7702,7704,7703,8029,7949
9590: 9248,9366,9337,9804,9441
4743: 4641,4744,4742,4944,4947,4845
2973: 2974,3071
2974: 2973,3071,3072
6063: 6062,5966,5965
7679: 7924,7761,9525,7505,7847,7591
9216: 9120,9033,9238,9640,9237,9217
9691: 9787,9800,9854,9889
2979: 
10005: 9571,9556,9629,9960,9824,9664
2981: 2884,2982,3078
2982: 2886,2981,3079,2983
2983: 3080,2886,2982,2887
9711: 9703,10025
2985: 2986
2986: 2890,2985,3084,2987
2987: 3085,2986,2891,2890,3084
6052: 6055,5956,6051,6148,6056,6248
5647: 5943,5447,5648,5746
5878: 5977
7437: 7349,7436
2992: 3089,2895,2896,3090
9288: 9464,9385,9431,9300
7184: 7181,7779,9406,7000,7092,7360
8686: 8347,8419,8808,8274,8687,8490
9655: 10037,9798,9829,9707,9421,9496
2997: 2901,3095
9484: 9413,9733,9928,9390,9346,9376
5136: 5129,5234,5338,5033,5036,5233
9387: 9242,9548,9507,9243,9558,9501
8709: 8710,8579,8770,9127,8995,8888
9757: 9958,9818,9865,453,641,9746
5298: 5398
3004: 3101,2908
9985: 10018,10017,9871,9820
9270: 9830,9276,531,9821,9719,467
3007: 3104,2910
5598: 5498,5499,5597,5599,5697,5698
3009: 3106,2912
6118: 6117,6021,6119,6215
9016: 8743,9010,8857
5394: 5294,5393,5395,5494
7102: 7191,7011,7010,7103,7101
6282: 6283,6185,6378
3015: 3016
3016: 2920,3015
8737: 8339,9836,8338,8264,8479
3018: 3116,2921
9640: 9237,9378,9216,9217,9420,9277
5752: 5451,5452,5653,6238,5751
8680: 8485,8908,8343,8616,8741,9625
3022: 3119,2925
8885: 8708,8991,8886,9039,9085
8844: 8784,9988
3025: 2928,3123,3122
9537: 9446,9803,9338,9781
3027: 2836,2648,2742
7238: 7148,7237,7149,7327
7019: 7109,6927,7110
6259: 6162,6260,6356
7371: 7544,7545,7198,7460
4675: 4574,4573
9625: 8679,8741,9568,8680,8908,9391
5668: 5568,5569
9496: 155,154,9642,10037,9655,9421
3036: 2940,9704,3131,2938,3230,3134
3037: 3331,3134,2940,3038,9520
3038: 2940,3037
8801: 9653,8744,8960,8681,8619,9716
8343: 8120,8616,8197,8680,8485,8271
3041: 3137,2944,3138,3236
3042: 2945,3043
3043: 3042
8970: 8919,8807,8865,8917,9407,9019
3045: 3048
9797: 9489,9462,10000,9689,9799,9331
9065: 9066,9180,9177
3048: 3045,3246,3248
4745: 4643,4642
6554: 
3051: 9541,9535
3052: 3153,2761,3151,3054,3251
8497: 8631,8565,8282,7973,8356,8496
3054: 3057,2957,2858,3153,2761,3052
8471: 8330,8255
7191: 7102,7368,7101,7190,7279
3057: 3156,3054,2957,3153,3154
7119: 7209,7029,7118,7208
9406: 9512,7000,9540,9967,7181,7184
6829: 6735,6828,6831
5089: 5090,5190
9547: 81,46,9598,9275
3063: 2964,2772,2966
3064: 2966
5604: 5504,5603,5505
6708: 6896,9847,6516,10016,6612
9145: 9177,9180,9179
6973: 6972,7156,7066
3069: 3166,2874,2873
5849: 5551,6142,5653,5552,5350,5751
3071: 3168,3169,2973,2974,3072
3072: 3170,3073,2974,3169,3071
3073: 3170,3072
4740: 4639,9777,4739,4840
5498: 5499,5598,5597,5398
9391: 9349,9381,9625,9568,8908,9641
8590: 8523,8589,8656,8658,8591,8721
3078: 2981,3079,3176
3079: 3080,3176,2982,3078
3080: 3079,2983,3081
3081: 3080,3179
5060: 5159,5361,4858,5062,5163
7298: 7299,7386,7210
3084: 2986,2987,3085
3085: 2987,3084
8649: 8376,8301,8834,8715
9795: 10029,9875,9740,9649
7060: 7150,7059,6969,7151
3089: 2992,3090
3090: 3091,2992,3089
3091: 3090
8161: 8002,8081,8160,8457,8387
3093: 
9409: 1563,1238,1316,9254,9320,9397
3095: 2997
5497: 5398,5597
9283: 1253,1418,9576,9251,1419,9415
3098: 
5272: 5271,5372,5171
9833: 9953,9783
3101: 3004
9939: 9727,9789
3103: 3104,3200
3104: 3007,3103,3202
5957: 6055,5956,5953,5761,5958
3106: 3009,3204
5095: 5096,5196,5195
3108: 3205
9242: 9387,9548,9194,9243,9615
8033: 7954,8333,7876,8110,7956
6410: 6313,6216,6315,6797,6508
8895: 8838,8837,8841,8950,8949
8983: 8821,8874,8929,9033,8984,9032
9341: 9685,9432,9896,9644,9914
8307: 8232,8234,8309,8380,8382
3116: 3018,3117,3213,3214
3117: 3116,3214
4936: 4730,4934,4634,4937,9280,5141
3119: 3022,3216
5754: 5756,5855,5561,5657,9394,9455
3121: 3219,3122
3122: 3123,3025,3219,3121
3123: 3122,3025
5175: 5176
9882: 10008,9840,722,9745,860,9895
3126: 3222,3321,3127,3224
3127: 2936,2836,3126,3224,3129
8972: 9105,8921
3129: 3224,3226,3127,3131,3130
3130: 3230,3227,3327,3131,3129,3226
3131: 2938,2937,3036,3129,3230,3130
7759: 7591,7675,7924,8004,8005
8168: 8603,8463,8392
3134: 3330,3037,2940,3036,3230
5032: 5037,5033,4929,4934,4927,5031
3136: 3334,9516,9771
3137: 3041,2944,3235,3236
3138: 3238,3139,3236,3041
3139: 3238,3138,3140,2945
3140: 2945,3238,3139
3141: 
9125: 9039,9126,9243,9194,9038
8619: 8681,8621,8801,8744,8683
3144: 2953,2473,2951,3242,3145,3342
3145: 3340,3342,2473,3144
4859: 4858,4856,4757
3147: 3248,9555,3148,3347
3148: 3347,9535,3349,9555,3147,3151
9676: 382,563,9991,9468,9439
9717: 1651,9709,9645,9700,1820
3151: 3052,3148,9535,3349,3448,3251
9032: 9157,9292,8983,8929,9033,9237
3153: 3052,3057,3054,3351,3251,3154
3154: 3450,3254,3153,3057,3156,3351
9883: 9969,339,9853,336,288,9657
3156: 3057,3255,2961,3254,3154
5750: 6043,6041,5550,5349,5650
8352: 8425,8278,8424,8625,8688
9419: 9260,9628,9904,8455,8593,9284
7123: 7033,7032,7122
5898: 5997
6902: 6994,6622,6993
8303: 8304,8376,8300,8228,8227,8301
3164: 3263,2967,2968,3262
5620: 5520,5621,5720
3166: 3069,3264
7411: 7587
3168: 3169,3071
3169: 3168,3071,3170,3072
3170: 3072,3073,3169,3269
6269: 6172
7617: 7618,7780,7275,9499,8020
9549: 9909,9968,10018,9755
3174: 
6831: 7014,6829,6832
3176: 3079,3078,3275
7582: 7581,7750,7667,7915
5333: 5230,5436,5332,5234,5341,5335
3179: 3278,3081
5190: 5090,5089
3181: 3280,3279
8888: 8995,9045,8710,8709,8647,8712
9516: 9520,9713,3136,9771,9990
3184: 3282
3185: 3284
8370: 8369,8222,8296,8298,8513,8579
6099: 6098,6196,6001
5536: 5533,5635,5438,5535,5736
9955: 3635,3733,9876,9922,9935,9814
9410: 9394,9455,9533,9311,9578
6773: 6867
9907: 426,368,9782,9793,10040
8419: 8347,8686,8808,8555,8748
9246: 9761,9709,1404,9443,9296,9335
8813: 8869,8976,8561,8562,9449
7765: 8170,7425,7340,7929
5967: 5868,5968,5966,6065
8260: 7711,7952,9289,8031,8186,9534
4883: 4882
3200: 3103
6241: 6144,9490,6336,6338
3202: 3301,3104
9515: 9806,9565,9272,509,448,233
3204: 3106,3205
3205: 3304,3108,3204
9703: 9294,9523,10025,9348,9711
3207: 3305
9776: 9964,9817,9792,9873,10006
3209: 3210,3307
3210: 3209,3211
3211: 3210
4811: 4710,4913
3213: 3312,3116,3214
3214: 3116,3117,3312,3213
6855: 6761,6854
3216: 3119,3314
9664: 9824,9960,10005,9318
5603: 5604,5504
3219: 3121,3122,3317
5408: 5307,5308,5407,5508
6954: 6862
3222: 3320,3321,3126
6499: 6403
3224: 3129,3226,3127,3321,3126
6391: 6390
3226: 3224,3129,3227,3130,3423
3227: 3130,3327,3226,3423,3427,3425
9017: 9634,8861,8968,8743
7169: 7259,7170,7079,7258
3230: 3130,3327,3131,3036,3134,3330
9920: 10042,9773,9839,9650
6047: 5951,9578,6048,6144,9367,6242
4856: 4858,4859,4855,4757,4957
3234: 3334,2944,3235
3235: 3137,2944,3334,3234
3236: 3238,3138,3041,3137
9301: 7180,7178,7696,9667,9603,9561
3238: 3138,3139,3236,3140
3239: 3634,3533,10038,3434,9966
7161: 6978,7070,7162,7430,9639,9627
9279: 1566,1568,9320,9250,9254,9481
3242: 2951,3144,3342
4710: 4811,4709
9482: 10013,9352,9574,9408
8439: 8064,8142,8507,8219,8143
3246: 3442,3540,3048,3248,3345
5817: 5818,5816,5916,5917
3248: 3147,3345,3048,3246
5054: 5155,5258,5157,5154,5055,4852
7349: 7437,7436,7348
3251: 3449,3448,3351,3153,3052,3151
5209: 5108
9741: 939,938,1014
3254: 3451,3352,3154,3156,3255,3355
3255: 2961,3156,3254,3355,3257
5978: 5977,6173
3257: 3355,3255
10033: 9659,9463,9675,2201,9619
8347: 8686,8419,8273,8274,8346,8555
5331: 5328,5329,5332,5430,5630,5434
6979: 7162,7430,7518,6888,7163
3262: 3263,3164
3263: 3264,3164,3262
3264: 3263,3166,3363
6648: 6552,6647
8210: 8211,8358,8134,8498,8209
9698: 9440,9804,9969,9853
9841: 2657,2658,2752,9654
3269: 3367,3170,3270
3270: 3269
3271: 3370
3272: 
4852: 4950,4849,4954,5055,5054,5154
9130: 8830,8886,9127,9600,9085,9894
3275: 3374,3176,3373
7494: 7581
9684: 9417,9494
3278: 3179,3279
3279: 3280,3181,3278
3280: 3181,3279
9355: 8631,8565,8873,9252,9478,9588
3282: 3184,3380
6624: 6904,6813,6720
3284: 3383,3285,3185
3285: 3383,3284,3286
3286: 3385,3285
9362: 6627,9377,7085,9529
5335: 9562,5337,5341,5436,5333
3289: 3386
6969: 6970,7060
9081: 8881,9037,9123,8880,8987,9160
3292: 
6700: 6696,6886,6504,6507,6890,6699
3294: 3295
3295: 3294
6723: 9607,6534
3297: 
9474: 405,297,9948
7811: 7974,7973
3300: 
3301: 3202,3399,3400
5816: 5817,5916
9884: 9848,9667,9603
3304: 3205,3305,3403
3305: 3304,3403,3207,3404
8065: 7905,8066,8144,8143
3307: 3209,3406
6769: 6768,6862
8886: 8830,9130,8708,8885,9085
9533: 5755,5359,9394,9410
5295: 5395,5194,5195,5294
3312: 3213,3214
9039: 9125,8990,8991,8885,9038
3314: 3216,3412
9079: 9238,9080,8878,8879,9120
3316: 3317
3317: 3316,3219
9400: 7680,9518,7596,9559,9531,9785
5215: 5115,5214
3320: 3222
3321: 3222,3126,3224,3421
9633: 4534,9392,9483,9459,4630
7401: 7402,7314,7400,7488
8101: 8026,8178
8770: 8369,8579,8709,8830,9127
5341: 5343,5234,5338,5333,9562,5335
3327: 3230,3227,3130,3330,3427
9440: 9698,9337,9804,289,9969,9339
7098: 7275,7276,9550,7007,7532,7008
3330: 3134,3333,3230,3327,3430
3331: 3037,3333
7109: 7019,7199,7198
3333: 3331,3330,9520,3430,3431,3530
3334: 3234,3136,3235,9771
3335: 3530,3729,3531,9713,9957,3434
7355: 7091,7696,7859,7181,7697
9627: 9636,9639,7161,7430,7434,7609
9539: 9311,5454,9490,9367
3339: 9424,3539,9621,3735,3536
3340: 3145,3342,9891,3441
8097: 8096,9842,8175
3342: 3340,3145,3144,3242
9579: 1841,9609,9572,1582,9327
5436: 5332,5333,5335,5535,5434
3345: 3248,3445,3246,3639,3836
8695: 9915,9835,8978,8632,8567,9070
3347: 3148,3349,3147,3445,3643
6823: 6637,6911,6639,6731,6912
3349: 3148,3347,3151,3545,3643,3448
6910: 6911,6821,6724,6909,7002,7001
3351: 3449,3251,3153,3450,3154
3352: 3451,3254
6209: 6307
6336: 6140,9490,6241,6139,6338
3355: 3452,3257,3255,3254
9799: 9599,9887,9689,9797,9331,9522
7769: 7850,7775,7936,8171,7770,7771
9688: 9423,9349,9864,9916
9891: 10011,3340,3441
9128: 9085,9960,9894,9126,9318,9501
9983: 9100,9012
9689: 9838,10000,9866,9797,9799,9887
3363: 3364,3264
3364: 3363
6138: 6618
6482: 6387,6483
3367: 3269
9715: 9902,9903,9722,9708
9971: 9368,9596,10043,9930
3370: 3371,3271
3371: 3370,3372,3470
3372: 3470,3471,3373,3371
3373: 3275,3374,3372,3471
3374: 3275,3373,3473
6906: 10042,6433,6531,6626
9120: 9033,8984,9216,8878,9238,9079
6077: 6078
7628: 7627,7544,7545,7711,7794
9371: 358,477,9421,9642,670,9427
3380: 3282
5494: 5593,5394,5395,5495,5594
3382: 3480,3383
3383: 3284,3285,3382,3482
5250: 5251,5145,9350,5249,5451,5352
3385: 3286,3484,3583,3483
3386: 3289,3484,3485
9702: 9981,9832,9836,9587,9886
7095: 7007,7360,7003,7092,6916
7405: 7318
9477: 9509,9453,9467,9290
9639: 9636,9299,9627,7160,7161,7070
6871: 6964
8807: 8748,8865,8806,8970,8917,8916
6308: 6405,6307
6347: 6348,6155,6632,6537
8675: 8544,8676,8542,8674
3397: 
8080: 8158,8236,7918,8001,7999
3399: 3497,3301,3400
3400: 3301,3399
7563: 7562,7564
9816: 2371,9924,9731,2274
3403: 3305,3304,3404
3404: 3305,3403
6711: 6712,6805,6617
3406: 3307,3504
4725: 4826,4729,4621,4523,4626
8397: 8093,8013
7001: 7002,7092,6909,6910,9512,7000
5062: 4858,5060,5163
7791: 9705,7625,7792,7952,9289
3412: 3314,3511
9575: 9511,9384,9601,7081,7163,9860
4915: 5015
7041: 
7757: 7673,7756,7674,7839,7922
3417: 3516
9306: 6238,5751,9614,9265,9471,9305
8221: 8219,8144,8145,8296,8440,8368
10001: 2205,2111,1747,9662,9822,10010
3421: 3519,3423,3321
5348: 5349,5350,9968,5551
3423: 3519,3421,3521,3226,3227,3425
9428: 9611,501,383,9324,9527,9566
3425: 3427,3522,3526,3227,3521,3423
9238: 9080,9079,9218,9120,9216,9217
3427: 3425,3526,3227,3327,3527
4865: 
7258: 7079,7259,7169,7347
3430: 3627,3527,3431,3330,3333
3431: 3627,3430,3628,3333,3530,3531
9982: 9132,9317,9089,9571,9556,10003
5192: 5092,5091
3434: 9957,10038,3335,3729,3533,3239
5564: 5466,5562,5756,5662,5664,5663
9522: 4338,9331,9799,9599,4438,9498
6037: 5839,5933,9668,6130,5937,9401
9744: 10036,9756,9932,9621,9912
9559: 9457,9466,9400,9518,9525,9531
9868: 4942
3441: 3540,3340,9891,10011
3442: 3246
9949: 2014,9931,9888,9682,2383,2196
3444: 3735,3836,3445,3641,3643,3837
3445: 3345,3347,3836,3444,3643
9817: 6433,9776,10006,9975,9725
7396: 7309
3448: 3449,3743,3251,3349,3151,3545
3449: 3448,3351,3743,3251,3646
3450: 3451,3154,3351,3550
3451: 3450,3352,3254,3452,3551,3550
3452: 3355,3451,3551,3555,3552
8171: 7850,7769,7932,7770
9960: 9128,9894,9629,10005,9318,9664
8479: 8406,8614,8338,9836,8737,9886
7487: 7400,7488
9752: 10003,9762,9132,8945,9857,9046
3458: 3557,3558
5633: 5931,5833,5632,5533,5635,5930
3460: 3559
4902: 
6032: 5637,5736,5837,5839,5834,9784
7756: 7757,7673,7839,7413,7587,7838
3464: 3564
8519: 8654,8587,8449,8450,8716
9844: 9681,9984
3467: 
5895: 5796,5894
8296: 8145,8222,8221,8440,8370,8369
3470: 3372,3471,3569,3371
3471: 3571,3372,3470,3373
9461: 365,9393,9263,206
3473: 3572,3374
9829: 9707,9736,9760,9798,9655
9347: 9763,9989,10015,9314
3476: 3477
3477: 3476,3577
6265: 6266,6264
9412: 9352,9573,9258,9723,10013
3480: 3382
6683: 6588,6682
3482: 3383,3483
3483: 3583,3385,3482
3484: 3583,3385,3386,3485
3485: 3386,3484,3486
3486: 3487,3485,3586
3487: 3486,3586
6970: 6969,7062,6972
3489: 3589
5194: 5195,5093,5294,5295
3491: 
9712: 9395,9505,9386,9359
8625: 8352,8424,8688,8560
5466: 5467,5564,5562,5366
9268: 9577,9536,845,917,9493
5907: 
3497: 3399
8661: 9284,9617,8593,8592
6983: 7075,6982,7073,7164
5928: 5826,5727,5829,5929,5926
6926: 6927
3502: 3503,3602
3503: 3502,3504,3603,3602
3504: 3406,3503
8116: 8483,8550,7958,7879,8192,8119
3506: 3606,3605
9219: 9193,9160,9122,9239,9560,9504
5960: 5961,6059,5958,5959,6058
8142: 8064,8439,8507,7903,8062,8292
9449: 9885,9303,9509,8813
3511: 3412,3611
6978: 7161,7070,6886,6884,7162
3513: 3514
3514: 3513
8704: 8766,8365,8824,8703,8764,8881
3516: 3417,3517
3517: 3516
7353: 7352,7175,7440
3519: 3421,3521,3423
8225: 8150,8300,8372,8444,8373
3521: 3519,3423,3425,3522
3522: 3425,3526,3521,3820,3722,3624
9280: 9877,4937,9266,4936,9602,5141
5995: 6093
6672: 6671,6766,6576,6767
3526: 3427,3425,3522,3527,3625,3624
3527: 3627,3430,3625,3427,3526
9404: 5249,9755,9632,9350,9909
8712: 8834,8943,8647,8888,9045
3530: 3335,3531,3333,9520,9713,3431
3531: 3335,3530,3729,3431,3628,3728
9284: 8661,9649,9419,9904,8593
3533: 3734,3634,3239,3729,3434,3731
9401: 6130,6038,6037,9668,9979,9911
5709: 5708,5807,5609,5710
3536: 9374,3735,3339,9424,9772,9332
8435: 8703,8639,8363,8216,8502
6837: 6744,6929,6930
3539: 9756,3639,3735,3836,3339
3540: 3246,3441,3639,10011,9932
9660: 9767,10043,9444,9661,9584,9368
7451: 7452,7539,7450,7624,7707
9996: 9858,9794
9742: 2573,9671,2569,9997,9862
3545: 3641,3643,3742,3349,3448,3743
5189: 
7558: 7557,7472
4872: 4871,4771
3549: 3648,3646
3550: 3748,3551,3451,3450,3648
3551: 3550,3451,3452,3552,3651
3552: 3555,3651,3452,3551
6761: 6760,6854,6855
9916: 9995,9688,9864
3555: 3552,3452
5943: 5647,5942,5746
3557: 3656,3458,3657,3558
3558: 3657,3458,3557
3559: 3460
9710: 9695,9936,9848,10019
3561: 
9834: 9620,9375,9693,9947
9825: 9814,9897,9328,10028
3564: 3663,3464,3664
7062: 6970,6972,7152,7153,7063
9434: 9447,9373,7936,7771,7935
5407: 5307,5408
7946: 8026,7945,7947
3569: 3470,3668
5648: 5447,5548,5647,5746,5748,5846
3571: 3471,3572,3670
3572: 3473,3571
8550: 8483,8116,8192,8412,8740,8679
9930: 10043,9926,9971,9919
8475: 8477,8478
8262: 8261,9346,9376,8189,8336,8538
3577: 3578,3477
3578: 3678,3577
7958: 7880,7879,8115,7956,8192,8116
9551: 9612,9257,593,9405,801,659
9754: 9835,9852,9303,9885,9846,9738
8634: 8567,9070,8499,8820,8636,8821
3583: 3484,3483,3385
9927: 3634,9978,9966,3635,9876,9766
9794: 9673,9811,9858,9996
3586: 3686,3487,3486
9091: 8946,9092,9001,9170
8069: 7990,8372,8298,7909
3589: 3489
8639: 8435,8703,8764,8502,8638,8702
3591: 
5583: 5584,5683
3593: 3693
5287: 5186,5286,5387
4909: 5010,5110,5009
7380: 7467
7914: 7750,7915,7832,7996,8075,7913
9282: 9483,9459,9521,4336,9734,9524
9383: 9589,9326
3600: 
6474: 6475,6378
3602: 3702,3701,3603,3503,3502
3603: 3702,3602,3503
9682: 2382,9888,9949,2383
3605: 3506,3606
3606: 3607,3506,3605
3607: 3606,3707
7552: 
3609: 
5724: 5725,5823,5922,5624,5723
3611: 3511
3612: 3712,3711
3613: 
9896: 9644,10020,9341,9914,9906
3615: 3714,3715
9696: 9764,9724,9860,7342
4950: 4949,5051,4852,4849,5154,5052
8074: 8154,8075,7913,7993,8152,8153
6180: 6278
9441: 395,9804,9590
9845: 9286,9479,9970,9862,9411
8061: 8291,8062,7901,7902
5323: 5322
3624: 3722,3522,3526,3625,3725
3625: 3627,3527,3526,3624,3727,3725
9670: 9751,9959,9459,4836
3627: 3527,3430,3625,3431,3628,3727
3628: 3627,3431,3531,3727,3728
6155: 6058,6347,5959,6249,6056
5338: 5234,5136,5036,5343,5341,5138
5889: 5789
9111: 8921,9209,9068
6086: 6183,6085
3634: 3734,3533,9927,3239,9966,3635
3635: 9955,3733,9876,3734,3634,9927
9970: 9862,9671,9845
9074: 9029,9214,9072
9815: 9771,9990,10041
3639: 3540,3345,3539,9756,9932,3836
6337: 6437,6335,6436,9872,9658
3641: 3545,3643,3742,3444,3837,3839
8081: 8002,8161,7921,8001,8160
3643: 3545,3641,3445,3347,3349,3444
7435: 7348,7259,7347
4979: 4978,4879
3646: 3648,3942,3842,3449,3549,3743
9685: 9432,9341,9278,9847,9908,9914
3648: 3646,3847,3942,3549,3550
5448: 
5472: 5571,5372,5572
3651: 3552,3551,3849,3850
9798: 10037,9781,9655,9829
8794: 
7152: 7151,7241,7331,7062,7153
6622: 6902,6993,6716
3656: 3557,3657,3755
3657: 3558,3557,3656
9836: 8737,9587,9886,8479,9702
9746: 641,395,9757,9958,9298,9380
8197: 8044,8121,8343,8120,8271
3661: 
7668: 7669,7667,7836
3663: 3564,3664,3763
3664: 3665,3564,3663,3763,3764
3665: 3664,3666,3764,3765
3666: 3665,3765
5657: 5461,5561,5460,5755,9394,5754
3668: 3569
9865: 293,453,9757,9818
3670: 3571
7368: 7280,7191,7456,7455,7279,7542
5609: 5509,5708,5709
8676: 8544,8675,8477,8677
3674: 3773,3675,3774
3675: 3774,3674
4889: 4990,4788,4890
5384: 5383,5283
3678: 3777,3578,3778
8252: 9687,9314,8021,9989,7783,7704
3680: 3779,3780
6916: 7009,6917,7003,6915,7007,7095,7008
10008: 9840,9882,9745
3683: 3684,3782,3783
3684: 3683,3783
7680: 9400,9518,7336,7596
3686: 3586,3786
8318: 8468,8242,8463
6475: 6474,6571
6433: 9817,6531,6626,6906
9879: 9918,9663,9414,9946,9962
6531: 6627,6432,6433,9964,6906
8812: 8973,9069,8868
3693: 3792,3593
9398: 9325,9476,9810,9244,9659,9463
7837: 7918,7836,8001,7838,7921
8980: 9119,9077,9071,8981
8241: 8165,8008,8163,7763,8599,8462
9976: 9235,9450,9739,9119,9234
9479: 9532,9286,9845,9595,9411,9605
3700: 3701,3799
3701: 3702,3602,3700
3702: 3701,3603,3602
7292: 7293
9310: 9458,9354,9643,7859,7697,9508
7992: 8228,8152,8227,7911,7912,7993
6043: 6041,5750,5650
3707: 3806,3607
6637: 6448,6823,6541,6911,6821
5593: 5494,5594
5999: 5901
3711: 3712,3612,3810
3712: 3713,3612,3711,3812
3713: 3712,3714,3812,3813
3714: 3715,3615,3713,3813
3715: 3714,3615
8238: 8004,8005,8084,8387,8460
3717: 3817,3818
8694: 8426,9467,8496,8631,9478
8544: 8676,8675,8477,8542
7890: 
6930: 7022,6931,6837,6929
3722: 3624,3822,3522,3820,3821
5632: 5631,5533,5829,5930,5633
4821: 4719,4720,4922
3725: 3727,3826,3625,3624,3925
8463: 8242,8603,8318,8168
3727: 3725,3826,3627,3625,3628,3728
3728: 3829,3731,3628,3729,3531,3727,3826
3729: 3335,3531,3434,3728,3731,3533
9918: 9663,9758,9879,9414,9528,9295
3731: 3829,3728,3932,3729,3734,3533
7832: 7750,7914,7831,7913
3733: 9955,3635,3932,3734,3833,9935
3734: 3634,3533,3731,3932,3635,3733
3735: 3444,3539,3339,3536,3837
9285: 9092,9001,9094,9340,9519
8483: 8116,8550,8119,8616,8679,8741
9577: 9268,9536,9298,9358,9380,9493
6418: 6609,6607,6419,6512,6514,6425
8707: 8509,8767,8705,8368,8644,8769
3741: 3839,3835,3742,3842,3838
3742: 3545,3641,3743,3741,3839,3842
3743: 3449,3448,3545,3742,3646,3842
4742: 4641,4743,4944,9538,9573,5044
5855: 5756,5754,9455,5856,5662
6493: 6588
7417: 7505,7419,7241,7328
3748: 3550,3847,3849,3947
7460: 7198,7371,7545,7630,7373
6206: 6207,6303,6205
7128: 7217,7037,7127
5847: 5650,5649,5748,9680
9921: 9890,9922,9897
7142: 7141,7231
3755: 3856,3656
6749: 6748,6843
10042: 9920,6906,6626,9839
9380: 9358,9746,9958,9577,9298
3759: 3859,3860
8273: 8199,8274,8271,8346,8347
8905: 8904
8255: 8470,8253,8179,8471
3763: 3663,3664,3864,3764
3764: 3864,3765,3664,3665,3763
3765: 3764,3665,3666
9300: 9431,9315,9288,9385,9526,9370
10015: 9347,9314,9783
7101: 7190,7099,7009,7010,7102,7191
9311: 5852,9539,9410,9367,9578
5968: 5967,5870,6065
3771: 3772
3772: 3773,3771,3873
3773: 3772,3674,3774,3873,3874
3774: 3675,3674,3773,3874
4737: 4837,4838,4736,4637
3776: 3777
3777: 3678,3776,3778,3878
3778: 3678,3777,3878,3779
3779: 3778,3680,3880,3780
3780: 3880,3680,3779
9438: 9787,9102,9140,9661,9767,9854
3782: 3883,3683,3783
3783: 3683,3684,3883,3782
9572: 9986,9630,9609,9579,9327
5426: 5328
3786: 3686,3787
3787: 3788,3786,3888
3788: 3787,3789,3888,3889
3789: 3788,3889
10037: 9798,9781,9655,9803,155,9496
6121: 5926,6219,6122,5826,6022
3792: 3693
6912: 6731,6915,6911,6823,7003,7002
8834: 8712,8943,8714,8649,8715
3795: 
9557: 10002,9316,9388,9470,716,9365
5359: 5755,9533,5258,5259,5256
10039: 10003,9762,9789,9571,9727,9824
3799: 3900,3700
5841: 
9827: 9610,9858,9546,9749,9811
9783: 9687,9314,10015,9953,9833
3803: 3903,3904
9843: 9856,9934,9586,9770,9281
3805: 
3806: 3707
5837: 9861,5639,5543,5637,6032,9784
3808: 3809,3908
3809: 3808
3810: 3711
7319: 7318,7231
3812: 3712,3713,3813
3813: 3713,3714,3812
8002: 8161,7921,8081,7922,7839
8357: 8209,8873,8356,8208,8565
7266: 7265,7442,7443,7354
3817: 3717,3818
3818: 3820,3819,3817,3717
3819: 3818,3820,3821
3820: 3818,3819,3821,3522,3722
3821: 3820,3819,3722,3822,3922
3822: 3722,3821,3922,3925
9623: 8594,8662,9616,8727,9260,9628
9336: 9437,9592,9097,9005,9692,9893
6541: 6447,6350,6820,6821,6637
3826: 3727,3725,3829,3728,3927,3929
6917: 7009,6916,6915,7010,6920
9990: 9771,9815,10041,9516,9713,9957
3829: 3728,3731,3932,3826,3929
9662: 10001,1747,9822
8064: 8439,8142,7903,8143
9501: 9318,9558,9126,9243,9128,9387
3833: 9935,3932,3929,4030,3733,9262
3834: 4337,4134
3835: 3741,9425,3838,3938,9597
3836: 3444,3639,3445,3345,3539
3837: 9374,3735,3444,3641,3839
3838: 3942,3842,3741,3835,3938,3940
3839: 3741,3641,3742,9374,3837
9672: 9548,9507,9863,9673
5153: 5253,5355,5052,5051,5151,5252
3842: 3646,3942,3838,3742,3743,3741
9713: 9520,9516,9990,3335,3530,9957
8229: 8230,8153,8228,8152,8304,8378
5726: 5528,5725,5727,5825
9599: 9799,9887,9646,9522,9513
3847: 3648,3942,3748,4044,3947
6278: 6180
3849: 3949,3947,3748,3651,3850
3850: 3950,3651,3849,3952
5680: 5581
5453: 5354,5353,5851,5452,5948
6735: 6640,6733,6828,6829
8155: 8234,8154,8076,8231
7289: 7288,7200,7377,7290
3856: 3755,3956,3857,3957
3857: 3858,3957,3856,4058
3858: 3857,3859,3959
3859: 3860,3959,3759,3858
3860: 3859,3759
6405: 6308,6406
8298: 8069,8372,8222,8370,8513
8824: 8766,8704,8881,9037,8882
3864: 3764,3763,3964
7127: 7216,7128,7217,7037
7600: 7599,7515,7767,7516,7601
3867: 3967
9068: 9209,9111,9067
7548: 7550,7631,7462
9160: 9193,9219,9122,9081,9123,8987
7550: 7464,7548,7635
5706: 5805,5606,5804,5705
3873: 3874,3772,3773
3874: 3873,3773,3774
7117: 7118,7207,7026,7027
7481: 7394,7393,7480
7210: 7209,7298
3878: 3777,3778,3979
9367: 6144,9490,9311,9539,6047,9578
3880: 3780,3981,3779,3980
9298: 9577,9536,514,395,9746,9380
6564: 6660
3883: 3983,3782,3783
9566: 9431,9315,9611,9428,9324,9445
3885: 
8966: 9011,8964
9887: 9799,9599,9646,9689,9866,10027
3888: 3989,3988,3788,3787,3889
3889: 3990,3788,3789,3989,3888
9070: 8567,8634,8978,8695,8821,8874
3891: 3991
9629: 9556,10005,9297,9600,9960,9894
6514: 6706,6705,6425,6418,6609
9944: 9695,9465,10034,9763,9690,9993
5413: 5312,5313,5513
4998: 4997,4897
3897: 3997,3898,3998
3898: 3897,3998
5725: 5724,5823,5624,5726,5825
3900: 3799,4000,3901
3901: 4002,3900
4799: 4699,4900
3903: 3904,4004,3803
3904: 3903,4004,3803
6964: 6871,7055
10017: 9574,9808,9871,9985
3907: 3908
3908: 3808,3907
6848: 6941,6849
6460: 
7268: 7777,7179,7176,7269
6662: 6756,6567
6055: 5957,5956,6052,5958,5959,6056
7011: 7010,6920,7103,6828,7102
3915: 
5151: 5251,5252,5148,5150,5051,5153
5148: 5251,5151,5247,5047,5150,5145
9987: 9232
9638: 9435,9943,9529,9607,9377,9308
6763: 6669
5300: 5400,5200,5299
3922: 4127,3821,3822,4021,4123
8710: 8444,8513,8579,8709,8647,8888
5807: 5708,5709
3925: 3822,3725,3927,3928,4027
4736: 4737,4837,4337,4939
3927: 3928,3929,3826,3925
3928: 4029,3927,4027,4127,3925,4332
3929: 3927,4030,3826,3829,3932,3833
8805: 8685,8621,8806,8915,8683,8916
9871: 10017,9820,9985
3932: 3829,3731,3734,3929,3833,3733
9389: 9606,2002,2182,9554,9961,9267
3934: 3935,4236
3935: 3934,4136
3936: 9442,9591,4036,4039,4040,4139
7880: 7958,7879,7877,7962
3938: 9597,4036,3835,3838,3940,4039
6781: 6780
3940: 4041,4044,4039,3838,3938
9687: 8252,9314,9783,7865,7704,9953
3942: 3648,3646,3847,3842,3838
5163: 5263,5363,5062,5060,5361
4739: 4638,4839,4639,4740,4941,4840
7425: 8170,7765,7428
3946: 3949,3947,4041,4044,4242,4049
3947: 3946,3849,3949,3847,3748,4044
7775: 7850,7769,7936,7602,7601,7772
3949: 3946,3849,3947,3950,4049
3950: 3850,3949,3951,4049,3952
3951: 4049,4146,3950,4053
3952: 4053,3850,3950,3953
3953: 4057,3956,4054,3952
4969: 4968,5069,5070
4873: 4773
3956: 3856,3957,4057,3953
3957: 3857,3856,3956,4057,4058
9853: 9969,9883,9657,9698
3959: 3859,3858,4058,4060
8837: 8835,8945,8838,8895,9046,8947,8949
9098: 9004,9097,9005,8950,9054,9052
3962: 4063
3963: 
3964: 3864
9580: 9626,10040,9460,9393,9323,9369
6001: 5902,6098,6099
3967: 4068,3867
8596: 8597,8527,8457,8662,8790,8663
3969: 4069
4700: 4699
3971: 4072
7934: 7770,8013,7771,7935,8015
5180: 5281
7331: 7152,7241,7153,7419
4715: 4716,4613,4815
4957: 5055,4955,4958,4856,5157
8440: 8368,8644,8221,8296,8645,8369
9527: 383,9428,9324,9473,9439
3979: 3980,3878
3980: 3979,3880,3981,4081
3981: 3880,3980,4081
3982: 4083,3983
3983: 3883,4083,3982
8627: 8867,8560,8561,9563,8811
9445: 9322,329,9287,9611,9566,9315
3986: 4087
5794: 
3988: 3989,3888
3989: 3888,3988,3889,3990,4090
3990: 3889,3991,3989
3991: 3990,3891
5387: 5286,5287,5487
3993: 4094,4093,3994
3994: 4094,3993
9673: 9863,9811,9794,9672
6128: 6226,6127,6227,5936,6326,5937
3997: 3897,3998
3998: 3997,3897,3898
9606: 1828,9389,2182,9267
4000: 3900,4100
5123: 5023,5124
4002: 3901
6264: 6263,6265
4004: 3903,3904,4104
9024: 9069,8868,9105,8921
4006: 4007
4007: 4108,4006
5352: 5451,5452,5251,5252,5250,5353
7921: 8002,8081,7838,7839,7837,8001
4010: 
4927: 5027,5031,4826,4825,4929,5032
8808: 8686,8419,8687,8748,8865,8866
4013: 4113,4114
5372: 5271,5272,5472
6894: 9309,6799,9601,6703,9511
5910: 5810,6009
6897: 
9423: 8907,9688,8799,9568,9349
8001: 7918,7837,7921,8081,8080
9992: 9792,10035,9867,9941
4021: 3922,4122,4123
5630: 5528,5430,5828,5331,5631,5434
5051: 4949,4950,5150,5151,5153,5052
10030: 9762,9789,9857
8718: 8779,8655,8656,8841,8842
8205: 8425,8426
4027: 3928,3925
7181: 7779,7184,7697,9406,7355
4029: 3928,4030,4232,4332,4132
4030: 4029,3929,3833,4132,9262
4949: 4950,5051,4849,4947,4845,5150
9812: 9514,9264,9743,9980,9291
6358: 6261,6262,6357,6359
8947: 9046,8837,8999,8949,8946
4769: 4871
4036: 3938,9597,9582,4039,9591,3936
9934: 9856,727,9843
9786: 9692,9893,9293
4039: 3940,4041,3938,4036,3936,4040
4040: 4141,4242,4139,4041,4039,3936
4041: 3940,4044,4039,3946,4040,4242
9126: 9125,9243,9085,9128,9501
7557: 7641,7558,7470
4044: 3940,4041,3847,3946,3947
4045: 4049,4146,4141,4242,4343,4347
8766: 8704,8365,8824,8292,8507,8705
4849: 4954,4747,4947,4949,4950,4852
9330: 9526,9370,9570,9506,9313,9433
4049: 3951,4045,3946,3949,3950,4242
6605: 6510,6892,9475,6412,6984,6508
8444: 8513,8710,8372,8225,8373,8647
5966: 5965,5868,5967,6063
4053: 4054,3952,3951,4155
4054: 4053,4157,3953,4155,4156
8216: 8363,8291,8435,8703,8365
9823: 536,9728,9973,9769,602
4057: 4157,3953,3956,3957
4058: 3857,3957,3959
8999: 8949,9054,8947,8946,9092,9094
4060: 3959
8716: 8776,8715,8519,8587,8778
6081: 5983
4063: 4164,3962
4709: 4809,4710
4900: 4799
7033: 7123,7032,6941
9170: 9049,9091,9001
4068: 4168,3967,4069,4169
4069: 4169,3969,4068
8911: 9060,8962,9011
7110: 7020,7019,7199,7200
4072: 4073,4173,3971
4073: 4072,4173,4074
4074: 4073
6450: 6449,6545
10020: 9896,9906
5499: 5498,5598,5400,5599
4078: 4179
9803: 157,9446,9537,10037,9781,155
6931: 7022,6930,7023,6932
4081: 3980,3981
8962: 9060,8857,9010,8911
4083: 3982,3983
7942: 9993,8021,8020,9465,7780,7783
4085: 
9604: 9632,5145,9350,9808,5247,9302
4087: 3986
4744: 4641,4743,4642,4747,4947
9763: 9690,9347,9944,9993,9989
4090: 4190,3989
5454: 5852,9539,5354,5455
10003: 9762,10039,9752,9571,9132,9982
4093: 4094,3993
4094: 4093,3993,3994
8163: 8006,8084,7763,8241,8599,8389
4096: 4197,4196
9509: 9303,9453,9477,8562,9449
4098: 
8738: 9981
4100: 4000,4201
9430: 9259,9248,9366,341,704,513
6746: 6651
9901: 6139,6335,9305,10035,9658,9941
4104: 4004
9822: 10010,9810,10001,9662
9508: 10019,9561,7859,9310,9643,9936
7275: 7098,7276,9550,9499,7618,7617
4108: 4007
9626: 10040,9580,368,9369,366,119
7735: 7818,7819,7736,7899
7650: 7733,7649,7565
7602: 7516,7601,7772,7775
4113: 4114,4013
4114: 4113,4013,4115
4115: 4216,4114
9470: 785,853,9557,9316,926,716
4117: 4118,4218,4318
4118: 4117,4218,4119
4119: 4120,4122,4118,4320
4120: 4119,4122,4328,4320,4322,4323
10040: 9626,9580,9460,9782,368,9907
4122: 4119,4120,4021,4328,4123
4123: 4329,4328,4021,3922,4127,4122
9335: 9645,9813,9722,9296,9246,9709
9287: 9322,9445,9315,9526,9313,9403
4699: 4799,4700
4127: 3922,3928,4329,4123,4332
9506: 277,9330,9570,9433,384
6385: 6481,6480
9568: 8679,9625,8799,9423,9391,9349
4131: 4234,9890
4132: 4232,4336,4029,4030,9569,9262
9651: 9942,9963,9831
4134: 4337,3834
6193: 6290,6291
4136: 3935
7413: 7325,7587,7673,7756
9919: 9889,9926,9930
4139: 4040,4141,9442,3936,9256,4239
9935: 3833,9955,3733,9328,9262,9814
4141: 4040,4242,4139,4045,4343,4239
5678: 5776,5578
7147: 7146,7148,7057,7237
5349: 5348,5551,6041,5750,5848
4837: 4737,4838,4736
4146: 3951,4045,4347
5639: 9861,5837,5543,5540,5640
9704: 2940,3036,9679,9796,9790
7952: 7711,8260,9289,7792,7627,7791
7199: 7109,7110,7288,7200
8004: 8238,8005,7759,7922
8867: 8560,8627,8919,8810,9019,9563
5283: 5383,5182,5384
5942: 5943
4155: 4256,4255,4054,4053,4156
4156: 4258,4054,4157,4256,4155
4157: 4057,4054,4258,4156
9897: 9814,9825,9922,9890,9921,10028
8264: 8336,8538,8474,8265,8339,8737
9435: 9638,9943,9543,9308,9647,9540
9767: 9854,9660,10043,9926,9661,9438
7945: 8026,7946,7947
5176: 5177,5175,5277
4164: 4063,4165
4165: 4164,4166,4266
4166: 4165,4266
6140: 5948,6336,9265
4168: 4068,4169,4269
4169: 4069,4168,4068
9337: 9440,9804,9339,9553,9590,9366
4855: 4654,4853,4757,4655,4955,4856
9180: 9065,9177,9145,9179
4173: 4072,4073,4274
5543: 5639,5837
6009: 6010,5910
4176: 4177
4177: 4176,4278
6238: 5751,9306,5752,5948,9265
4179: 4078,4279,4280
8757: 8498,9379,9588
8066: 8065,7988,8144,8146,8145
7544: 7371,7545,7283,7628
6204: 6205
7581: 7494,7582,7750
8881: 9081,9037,8764,8704,8824,8880
4802: 4702,4904
9418: 9424,9621,9912
5142: 9454,9602,5141,5037,5036,5138
9630: 9572,9986,9747,9542,9361,9327
4190: 4090
8507: 8439,8142,8292,8766,8705
4192: 4293,4292
9321: 9514,9788,10002,9388
5007: 4907,5108
6504: 6507,6700,6696
4196: 4197,4096
4197: 4096,4196,4198,4298
4198: 4197,4298
10027: 9999,9866,9887,9646
8477: 8475,8478,8544,8676,8677
4201: 4100,4301
9943: 9435,9638,9529,9647,9650
7792: 7455,7627,7542,7791,7952
7377: 7289,7290,7464
5124: 5125,5224,5023,5123
4206: 4207,4306,4307
4207: 4206,4307
9619: 2390,10033,9463,2110,9608
7020: 7110
6854: 6853,6761,6760,6855
4211: 
8868: 9024,9069,9105,8812
8701: 8636,8878,8638,8879,8702
5713: 5714,5812,5613,5712
7440: 7353,7265,7352
4216: 4115,4316
6607: 6418,6609,6703,6512,6510,6892
4218: 4117,4118,4318,4319,4320
8274: 8276,8273,8199,8347,8686
7859: 7355,7696,7697,9508,9561,9310
5013: 4913,5113
5328: 5327,5329,5331,5426,5430
6091: 6188
9289: 8260,7952,7791,9705,9486,9534
5683: 5781,5584,5583
4964: 5064
9666: 9979,9726,9849,9648
9560: 9564,9504,9546,9219,9239,9567
8594: 9623,8662,8527,8386,8727,8526
8791: 8663,8729,9505,9616,9271,9344
5509: 5609,5410,5508
4232: 4330,4332,4336,4132,4029,9521
5447: 5648,5548,5647
4234: 4131
9333: 9491,9624,9319,2460,9585
4236: 3934
9768: 9714,9753
6387: 6290,6291,6483,6388,6482
4239: 4343,4240,4141,4139,9256
4240: 4343,4241,4239,9256,4346,4444
4241: 4240,9256,9489,4341,4444,4342
4242: 4040,4141,4041,3946,4049,4045
8191: 8192,8412,8265,8189,8115,8336
8599: 8389,8601,8163,8241,8462
8304: 8303,8376,8449,8228,8229,8378
5959: 5960,5958,6055,6056,6058,6155
9874: 9774,9899,9669,9737,9665,9747
7939: 
9405: 1021,729,9612,9551,728,659
9100: 9983
9385: 9807,9900,9288,9300,9370
6888: 6891,6699,9384,6979,7163
9350: 9632,5145,9604,5250,5249,9404
8538: 8264,8336,8474,8262,9376,9426
4255: 4256,4155,4354,4450
4256: 4255,4155,4354,4156
9030: 
4258: 4156,4157,4259
4259: 4260,4258
4260: 4259
9946: 9962,10026,487,9879
5452: 5451,5752,5352,5353,5453
4263: 4364
9634: 9017,9892,9800
5374: 5274,5375
4266: 4367,4165,4166
6242: 6051,6147,6144,6047,6048,6339
7150: 7149,7060,7059,7151
4269: 4369,4168
9641: 8681,8908,8620,9391,9381
4271: 
9978: 9966,9927,9766
9299: 9636,9639,7252,9253,9274
4274: 4173
6022: 6021,6119,6121,6219,6218
4276: 
8395: 8393,8244
4278: 4177,4279,4379
4279: 4379,4280,4179,4278
4280: 4279,4179
5926: 6121,6122,5826,5928,5929
8160: 8527,8386,8457,8161,8081
6056: 6249,6248,6055,6052,5959,6155
4284: 4285,4385
4285: 4284,4385
4286: 
4287: 4288,4388,4387
4288: 4388,4287
8361: 8431,8213,8502,8638,8636
5589: 
7778: 7694,7528,7354
4292: 4392,4192,4393
4293: 4192,4393,4294
4294: 4293
8189: 8110,8115,8261,8262,8336,8191
6832: 6831
8591: 8658,8592,8524,8523,8590
4298: 4399,4197,4198
9653: 8801,8960,9716,9995,9881,9581
7744: 7743
4301: 4201
9339: 452,9553,394,289,9440,9337
7340: 9631,7339,7248,7765
8744: 8801,8960,8619,8683,8861
4305: 4306,4406,4405
4306: 4305,4406,4206,4307
4307: 4206,4207,4306
9349: 9391,9381,9864,9568,9423,9688
8603: 8463,8667,8168,9942,8392
6593: 6688
5144: 5247,9408,9302,5044,4944,5047
6426: 6519,6520,6517
5285: 5185,5286
4314: 4415
6984: 6797,6508,6605,9475,6891
4316: 4417,4216
8192: 8191,8412,8115,7958,8116,8550
4318: 4319,4117,4218
4319: 4318,4218,4320,4422
4320: 4422,4322,4218,4119,4120,4319
4986: 5086,5087
4322: 4320,4422,4423,4526,4120,4323
4323: 4427,4120,4328,4331,4322,4526
6508: 6797,6984,6410,6315,6412,6605
6117: 6118,6215
5613: 5712,5713
9063: 8869,8976,9497,9596,8973
4328: 4329,4123,4331,4120,4122,4323
4329: 4328,4123,4331,4127,4330,4332
4330: 4232,4332,4329,4331,9269,9521
4331: 4329,4328,4330,4427,9269,4323
4332: 4232,4330,4127,4029,3928,4329
5322: 5422,5323
9245: 858,789,9363,9552,9635,654
9807: 9900,9385,385
4336: 4232,4132,9569,9282,9521,9734
4337: 3834,4134,4736
4338: 9331,4341,9522,4440,4442,4438
4991: 4891,4992,4990,4890,5091,5092
5125: 5124,5224,5225
4341: 4338,9331,9489,4241,4342,4440
4342: 4445,4444,4440,4241,4341,4650
4343: 4240,4239,4141,4045,4347,4346
5353: 5354,5453,5252,5253,5452,5352
4345: 4548,4448,4349,4346,4445,4444
4346: 4349,4347,4343,4240,4444,4345
4347: 4349,4346,4146,4045,4343
9358: 848,9380,9577,9493
4349: 4347,4346,4450,4448,4345
4942: 4840,9868
9132: 9089,9982,8891,8945,10003,9752
5578: 5478,5678
4707: 4807,4605
4354: 4256,4255,4450,4455,4453
9644: 9896,6038,9341
5812: 5713,5714,5813,5912
5872: 5873,5970,5871
9346: 8261,8262,9376,9436,9390,9484
9072: 9114,9214,9074,9029
7145: 7234,7055
6548: 6549
9320: 9279,1566,9254,9409,9342,9397
10024: 9928,9729,9472,9951,9733
4364: 4263,4365
4365: 4364
6266: 6265
4367: 4266,4467,4468
5876: 5975
4369: 4269,4470
6313: 6410
9327: 1582,1497,9572,9630,9542,9579
9511: 9575,9384,9475,6894,9601
7383: 7296
9759: 9796,9485,9790
9709: 9761,9246,9645,9335,9700,9717
4376: 
9977: 7434,7609,9880,7691,9779,10031
7180: 9301,9603
4379: 4279,4278,4479
7596: 7248,7336,7247,7680,9400
7133: 
7515: 7599,7600,7428
10041: 9990,9815,9957,10038
9375: 9620,9396,9834,9582,10032,9947
4385: 4284,4285,4485,4486
9250: 1562,9481,9279,1568
4387: 4388,4287
4388: 4288,4287,4387
5018: 4918,4917
4390: 4391,4491
4391: 4390,4392,4491
4392: 4292,4391,4493
4393: 4293,4292,4493,4494
7375: 7288,7462,7373
9369: 366,614,9626,9580,485,9323
4922: 5023,4821
4397: 4497,4498
7231: 7319,7141,7142
4399: 4298
4400: 4501
9570: 9330,9370,9900,9506
5688: 
9859: 9961,9731,9554,1658,2366,9924
5528: 5726,5430,5630,5828,5727
4405: 4305,4406
4406: 4305,4306,4405
5064: 4964,5263
5697: 5698,5796,5598,5597
8960: 9653,8801,8744,8743,9581
5395: 5295,5294,5394,5494,5495
6356: 6357,6259,6260
9787: 9438,9102,9892,9800,9854,9691
5970: 5872,5871,6067,6068
6669: 6763
4415: 4314,4516
7935: 9434,7934,7771,8015
4417: 4316,4518
9266: 9877,9280,9718,9348,9602,9523
8470: 8328,8253,8255
9366: 9248,9590,9553,9337,9430,9259
9842: 8175,9683,8097
4422: 4320,4322,4423,4319,4522
4423: 4422,4322,4526,4522,4523,4525
9699: 9791,9950,9775
5727: 5825,5928,5528,5726,5828
5052: 5153,5355,4950,5051,5154,5255
4427: 9269,4323,4529,9392,4331,4526
9880: 7434,7608,9977,10031,10009,10012
5810: 5712,5910
6348: 6347,6349,6632,6351,6350
5015: 4915,5115,5116
9077: 9119,8980,9071,8928,8982,9235
9540: 9406,9512,9435,9543,9967,9647
7770: 8013,7934,7771,8171,7769,7932
5973: 
4871: 4872,4769,4870
5249: 5653,5552,9404,9350,5250,5451
4438: 4442,4539,9498,4338,9522
6041: 6043,5750,5349,5848
4440: 4342,4338,4341,4442,4650
6890: 6797,6507,6700,6891,6699
4442: 4642,4539,4438,4338,4440,4643
9828: 9456,9984,9450,9739,9545,9681
4444: 4445,4342,4240,4241,4346,4345
4445: 4444,4342,4548,4345,4650,4753
7694: 7778
4879: 4979,4778,4880
4448: 4553,4548,4345,4349,4450,4453
5751: 6238,9306,9614,5653,5752,5849
4450: 4255,4354,4349,4448,4453
9004: 9098,9005,8841,8898,8842,8950
9595: 2666,9532,9479,9605,2762,2862
4453: 4455,4555,4354,4450,4553,4448
9317: 9089,9982,9297,9045,8943,9556
4455: 4453,4555,4354,4458,4457
9544: 9386,8792,9359,8730,8601,9952
4457: 4458,4559,4455,4658,4660
4458: 4459,4559,4457,4455
4459: 4458,4559
6892: 6510,6605,9475,6607,6703
8715: 8716,8776,8649,8834,8714
4462: 4463
4463: 4462
8044: 8199,8197,7884,8121,7965
10018: 9755,9985,9549
5762: 5664,5663,5761,5765
4467: 4468,4367
4468: 4467,4569,4367
5714: 5713,5812,5715,5813
4470: 4369
6065: 6163,6162,5968,5967
8330: 8471
4887: 4888
9055: 9356,9448,8658,8721,8898,8842
4475: 
7302: 7389,7390
6378: 6474,6282
4478: 4479,4579
4479: 4478,4579,4379
4480: 4580,4481
4481: 4582,4480
8702: 8880,8879,8638,8639,8764,8701
4483: 4584
8153: 8230,8229,8231,8154,8074,8152
4485: 4486,4385
4486: 4485,4385
9731: 9859,9961,10021,9816,9924
7913: 8075,8074,7832,7914,7831,7993
9531: 9785,9400,9559,9457
7390: 7478,7389,7302
4491: 4592,4391,4390
7528: 7443,7354,7777,7778
4493: 4392,4393,4494
4494: 4495,4393,4493
4495: 4494,4596
9932: 9756,10011,3540,3639,10036,9744
4497: 4498,4397
4498: 4497,4397
5398: 5298,5497,5498
5569: 5568,5668
4501: 4502,4400
4502: 4501,4603
9605: 9411,9541,9479,9595,2762,2858
4504: 4604,4605
7348: 7435,7436,7259,7170,7349
6349: 6256,6059,6348,6351
6011: 5912,6010
4508: 4509
4509: 4508,4610,4510
4510: 4611,4509,4610
9904: 9628,9419,9271,9875,9284,9649
8597: 8596,8387,8460,8457,8790
4513: 4514,4613
4514: 4513,4615
7299: 7298,7386,7300
4516: 4616,4415
8740: 8480,8799,8412,8481,8550,8679
4518: 4417
8539: 8540,8406
8857: 9060,8962,9016,9010
4521: 4522,4621
4522: 4621,4523,4422,4423,4521
4523: 4522,4621,4626,4525,4423,4725
7520: 7344,7692,7080
4525: 4523,4626,4423,4526,4529
4526: 4322,4423,4427,4323,4529,4525
4527: 4630,4626,4729,4730,4634
7608: 7434,9880,9636,9253,9517,10009
4529: 4427,9392,4526,4525,4630
5251: 5151,5252,5148,5250,5145,5352
9814: 9897,9825,9935,9955,9922,9328
6956: 
9214: 9114,9072,9187,9074
4534: 4836,9633,4630,4634,4937
9563: 9584,8811,8867,8627,9444,9019
7176: 7179,7442,7443,7268,7777
7635: 7550,7719
8907: 9423,9587,8480,8799
4539: 4442,4642,4438,9538,9498,4641
5635: 5533,5536,5736,5633,5833,5834
7655: 7570,7571,7739
8790: 8663,8729,8597,8596,8792
9123: 9081,9037,8989,9193,9160,9161
7947: 8106,8023,7946,7945
5851: 5453
9743: 9812,9980
8656: 8589,8590,8655,8718,8721
4548: 4553,4448,4345,4445,4753
9427: 672,251,9371,9642,670,881
9637: 9255,9382,9251,724,9415,794
8076: 7996,8154,8075,8155
7022: 6931,6930,7023
4553: 4548,4448,4453,4555,4655
6519: 6426,6520,6804
4555: 4455,4453,4553,4658,4655
6528: 6720,7083
9252: 9290,9478,9622,9355,9593,9588
8861: 8915,8683,8968,8744,9017
4559: 4458,4459,4457,4660,4661
6567: 6662
4561: 4663,4661
8426: 8630,8694,8205,8425
7801: 7962,8042,7719,8121
7503: 7327,7328,7674,7591,7675
4565: 4566,4667
4566: 4565,4667
8425: 8352,8424,8205,8630,8426
8705: 8707,8767,8507,8766
4569: 4468
9507: 9387,9548,9558,9672,9802
9457: 9559,9466,9531,8008
8636: 8820,8701,8361,8638,8634
4573: 4574,4675
4574: 4573,4675
7277: 7276,7618
9881: 9492,9995,9653,9581
4577: 
6909: 7262,9543,6910,6724,9512,7001
4579: 4478,4479
4580: 4480
8417: 8346,8555,8485,8620,8685
4582: 4481,4683
6126: 6028,6223,6226,6127,6323
4584: 4685,4585,4483
4585: 4584,4687
9973: 9728,471,536,9823
6223: 6126,6122,6320,6416,6323
6370: 6371
9402: 9499,8020,9465,10034,9354,9643
4590: 
5965: 5966,6063,6062
4592: 4491
7318: 7319,7405
6640: 6735,6733,6641,6639
9291: 9363,9980,9264,9812,9530,9635
4596: 4495,4697
6609: 6418,6607,6703,6514,6705,6799
8049: 
6196: 6098,6099,6293
9893: 9692,9786,9437,9336
10021: 9961,9731,9267
9585: 9913,2371,9333,9319
4603: 4604,4502
4604: 4504,4603,4605
4605: 4606,4504,4604,4707
4606: 4605
7555: 
6748: 6653,6749
8799: 8480,8740,9568,9423,8907
4610: 4509,4510,4611
4611: 4510,4610,4712
5263: 5364,5163,5363,5064
4613: 4513,4715
4968: 4969,4867,5069
4615: 4514,4616,4716
4616: 4516,4615
5740: 5640,5542,5641
7625: 8108,7791,7539,7540
9592: 9437,9336,8898,9356,9353,9005
8309: 8727,8526,8307,8382,8383
4621: 4522,4523,4521,4725
7347: 7258,7259,7435
8271: 8346,8343,8273,8197,8485
8478: 8475,8477,8406,8614,8677
9726: 9979,9784,9666,9849,9861,9668
4626: 4523,4525,4527,4725,4729
9663: 9918,9758,9879,9962,319,430
6756: 6662,6849
9554: 1658,2002,9389,9859,9961
4630: 4527,4529,9392,4534,9633,4634
8729: 8791,8790,8663,9505,8792,9359
6935: 7026,6934,6843,7027
8555: 8346,8417,8347,8419,8685
4634: 4730,4936,4630,4527,4534,4937
9382: 9255,9637,9500,9399,724,868
9922: 9955,9876,9814,9897,9921
4637: 4638,4839,4737,4838
4638: 4637,4739,4839,4639
4639: 4740,9777,4638,4739
5461: 5561,5462,5657,5363,5460
4641: 4744,4742,4743,4642,4539,9538
4642: 4442,4539,4745,4643,4641,4744
4643: 4745,4650,4644,4442,4642,4645
4644: 4650,4643,4753,4654,4853,4645
4645: 4954,4747,4644,4643,4853
9923: 9589,9809,9933
6280: 6183,6376
9257: 9770,9612,594,9281,9551,593
9707: 9829,9760,9655,358,9421
4650: 4644,4643,4445,4342,4440,4753
6038: 6130,6328,9401,9911,9644
9995: 9716,9916,9864,9653,9881
6478: 
4654: 4753,4855,4853,4644,4655
4655: 4658,4757,4553,4555,4654,4855
4818: 
5145: 9350,9604,5247,5251,5148,5250
4658: 4757,4655,4555,4457,4660
5931: 5936,5633,5833,5930,6028,6127
4660: 4559,4457,4658
4661: 4559,4561
9080: 8987,9238,9079,9218,8879,9122
4663: 4561,4664
4664: 4665,4663
4665: 4664,4766
7125: 7124