14621: 14737,15001,15309,13121,13634,15142
28593: 
13143: 13376,14474,15505,15328,15541,14076
14985: 15419,12992,13396,13810,13050,15209
12849: 14916,15042,14440,14993,13286,13739
14615: 14020,15036
14328: 14138,15805,14748,13348,12968
15299: 15483,14712,15477,13873,13295
15380: 14651,15008,15134,13609,12929,13890
15145: 14999,14374,14831,14511,15738
13511: 13185,14267,13188,15146,13300,14024
13765: 13270,15179,15486,13209,14234,13952
14273: 13012,13526,14055,15175,14175,15397
15510: 12859,13590,13399,14421,14287,13462
14172: 14789,14880,13447,13989
15340: 13500,15351,12841,15535,13605,13479
13959: 14734,14564,12966,15326,15300,13862
14722: 15772,15567,15495,13402,15414,12905
15448: 13775,14000
13438: 15155,13573,13241,12987
14250: 13151,15162,14556,13489,15150,14681
13724: 14953,15548,13235,14033,14118,14100
13533: 15795,14179,15735,14560,15010,15115
12829: 14431,15760,13328,14214,15399,14882
12939: 13570,13596,14094
12855: 14705,14777,14641,14729,14565,15514
14343: 15806,13669,14200,14174,13788,13857
13151: 14250,15162,13114,14048,12899,15150
13942: 12896,15142,14676,14643,13935,14790
15785: 13839,13099,13851
13420: 13331,15076,15175,13344,14907,15657
13886: 
14390: 14671,15359,15799,15277,14460,13515
14436: 13020,15348,15205,14071,13052
13061: 14246,13279
14824: 13616,12821,13968,14678,14727,13169
15666: 14248,12894,13473,15292,15098,14455
13488: 14552,13804,13471,13850
14556: 13489,13531,13317,13316,14250,15162
14112: 13786,14031,14626,15087,12863
13025: 13614,14571,13735,13908,15060,13787
13894: 13013,13992,13123,15204,15561,15259
13263: 14950,15311,14534,14636,15530,14137
12840: 15028,14331
14405: 15253,13578,14352,14902,13564,15217
14881: 15537,13505,13493,14073,13980
15804: 14684,14681,13825,13961,13577,15473
13753: 13866,12984,13171,13767,12922,13638
14598: 14674,12909,15038,15763,14845
15338: 14444,15456,14411,14757,12988
14998: 15323,14815,13175,13574,14844,15751
14252: 15443,15117,15302,15534,15248
14488: 14088,13232,15781
15372: 14644,15643,15770,15270,13801,14450
15484: 15373,13847,13308,13358,13465
15779: 13236,15067,12856,15627,12958,15222
14108: 15640,14772,13987,14317,15070,12850
13302: 
15116: 13682,13569,14745,14955,15020,15143
14833: 13573,13241,13950,14860
15737: 14180,13957,13456,13745,13678,13613
15482: 13489,13531,15485,13825,13347,14294
12958: 15222,15645,12908,14021,15779,12856
15178: 
15254: 14734,14564,13484,15008,14804,13571
13948: 15722,14522,13559,12936,14766
14438: 13954,14414,15734,14795,15003,13149
14923: 14942,14190,15081,14053,14873,13984
15373: 13666,13847,15484,13358,14623,13016
14809: 14245,14629,15066,15437,14775
14802: 15573,14758,14147,14995,13964,12998
13070: 13307,15007,13473,14205,13206
15519: 14251,14980,15166,14795,14078,13149
15363: 12824,14594
15792: 14555,14529,14053,14511,13984
14683: 15304,13997,15616,14161,15406,14915
14079: 14336,15315,13323,15681,15228
15791: 13254,12937
14024: 15146,14267,13511,14613,14519,14358
15721: 13877,13630,15598,14552
12911: 15129,15693,13049,13442,14074,14470
15760: 12829,14431,13655,13218,13360,15399
15698: 13157,14611,13617,13304,14592
14920: 13958,14377,14971,14167,14404,13130
14650: 14619,13178,14730,14798,15173,14117
15002: 
15244: 15782,14446,13439,14573,15390,13841
14178: 12904
15730: 14240,14010,14887,13468,13425,15655
15150: 14684,15450,14681,13151,14250,14048
14893: 13022,13536,15548,14377,14163,14009
15332: 13012,13526,14752,14054,14169,13404
15296: 14502,14892,15622,13089,14259,13058
13814: 13199,14121
14323: 
14369: 14209,14883,14827,13916,13503,14593
14361: 12882,15576,13937,13817,14271
15293: 14139,13728,14489,13186
13301: 14852,13674,14946,14785,14340,15545
14921: 15692,14579,14117,14559,13002,14730
15092: 15712,13891,15703,12859,13590
15201: 14415,12833,14477,13018,14217
13808: 14210,13381,13532,14608,14242,14104
14929: 12942,13034,14813,14004,14851,12991
14999: 15145,13099,13851,13583
15024: 15017,15180,15249,12973,14605,13081
12932: 14680
13297: 14950,15311,13280,12879,14520,13272
15745: 13392,13497,15108,14385,14696,13482
14391: 13277,14127,12997,14496,15459,13047
15688: 13883,15558,14551,12993,15195,13435
13010: 14056,12827,15023,14670,14083,15488
14186: 
15403: 15342,15741,12889,15626,13990,14673
14808: 14348,14235,15678,13186,14168
13553: 14394,13898,14434,13018,14477
14742: 13525,13329,13947,14046,15801,14889
14585: 13810,14606,14579,14251,15166,14559
15343: 15783,12940,14597,14219,14849,15197
13793: 14260,15466,14427,13337
13952: 13197,14504,14588,14234,13765,15486
13414: 13599,14154,13476,13090,14754
13938: 14144,14587,14874,14517
13222: 15210,13150,15094
14594: 13100,15363,12824,14769,14198
13281: 12871,15762,14090,14574,14392,14776
15589: 14421,14871,15375,13305,13928,13659
12994: 13926,14817,13643,13322,15414,15005
14666: 14168,13354,14516,15582
12990: 13572,12817,15152,15157,14320,14859
15427: 13197,14588,14571,14604,15591,13895
13181: 13474,15364
13503: 14781,14850,15240,14827,14369,14593
15370: 13600,13266,15424
13646: 15781,13745,13161,14047,14180
14828: 14705,14363,13767,14572,12847,14641
14489: 15674,13186,13728,13298,15293
13278: 13415,15015,13093,12900,12892,14452
13446: 15726,15297,15566,13835,15272
13267: 13367,14583,14826,12938,14336,15315
12936: 15374,13172,15086,13948,14766
14448: 13509,13762,15476,13859
14606: 14585,13810,12974,13050,13889,15166
15139: 14174,13097,14576,14860
15061: 15122,15193,13983,14638
15761: 15019,14420,14362,13459,14065
14898: 13661,14836,13233,14254,14433,15800
14812: 12927,13665,15723,13508,15214,13017
14428: 15058,14241,14366
13873: 14640,15507,15477,13383,15299,13295
14003: 14857,13589,15464,14376,12900,13093
13119: 14937,15333
14949: 14886,13419,14244
15420: 15105,13777,14713
13833: 14241,15102,14366
14835: 
13248: 14443,15207,14086,15629,12871,15762
14477: 14415,15201,13553,14434,15769
14532: 14335,15346
12965: 
15418: 14324,14170
15253: 14405,13578,15217,15049,14690
15645: 12958,15222,12908,13343,13087,14179
13684: 14918,13325,14760,14355
15654: 14644,13736,14842,15096,15503,13737
14587: 14144,13938,14862,15781,13116
12896: 15142,13942,14676,15001,14739,12866
15557: 14662,14190,15641,13292,14354,13856
15506: 15301,15100
15151: 15697,15409,12864,15136,13309,13226
13924: 13998,15043
14364: 13771,15511,13920,13478,12977
15432: 15384,13131,13661,15009,15663,15182
13976: 14016,15330,14435,14618,14237,15314
13286: 13906,15680,13828,14916,12849,14993
13583: 14999,13851,12978
13702: 15808,12851,15224,13837,13405,15062
13044: 14642,14456,13945,14743,14916,15042
14912: 14659,13127,13122,15057,13946,13193,14603
14351: 13259,13965,15276,13921
14642: 14456,13487,13044,15486,14504,13945
14684: 14964,15450,15150,14681,15804,13577
14179: 13533,15795,15735,15222,15645,13087
15238: 14416,28658,13466,13903,12831,12868,13124
15434: 
15071: 13683,13534,13622,13690,13308,13465
13124: 13723,15520,15491,14416,15238,12831,14782
14543: 13567,14040,15261,13764,13660
13839: 13773,15785,13565,13099
15608: 14732,13217,13638,14487,15200,13171
13299: 13288,13738,15381,13406,14521,14622,15753
14214: 12829,13328,14882,15312,15565,14052
14322: 14976,14843,13704
15261: 13515,12956,13764,14543,15264,13660
12814: 14061,13101,15673,13698,13820,14818
14027: 14876,13909,13066,15447,15371,12964
14338: 15339,14794,13313,13333,14356,15033
14601: 14746
15573: 14802,14758,14147,14822,15352,13027
13398: 14518,14075,13827,14244,15689
14559: 15202,13002,14585,14921,14579,14251
15579: 15611,15140,12893
12838: 14618,14237,15574,13112,14274,13011,13494
14751: 15317,15586,15603
13957: 14180,15737,14457,13019,13613,13332
14861: 15103,14517,15365,14088
13708: 15388,15620,15235,15313,15170,13770
14926: 13060,15172,13972,13748,14497,12898
13230: 13260,14344,13828,14409,13608,13906
13930: 15513
15530: 14137,14806,13263,15311,13207,14913
15590: 14976,15523,15298
13496: 14891
13794: 12934,14713,12888
14496: 13134,13246,14391,14127,15459,15712
14134: 15233,15197,13229,14849,15802,13031
13928: 13305,14638,15122,15375,15589
15669: 
15801: 13843,14046,14518,14742,15780
15662: 13993,13966,14977,14307,14779,13029
13781: 15190,12886,12999,13418,15237,13114
12826: 14386,14276,15612,13109,15266,15479
14939: 13310,13174,14536,14475,15084,14301
12919: 14056,12827,14333,15452
14535: 12948,14509,15633,14816,13673,14115
13240: 13633,13558,15746,15288,13314,14919
15390: 13841,15787,13815,13439,15244
13266: 15424,14938,13600,15370
15472: 15677,13467,15748,15324,14016,15104
13361: 13816,14682,12977,14426,13478,13691
14798: 13820,15173,14117,14818,14650
13841: 15390,15787,14446,15244,14811,13821
15538: 14947,15767,14008,13514,13795,14166
14990: 15158,13716,14771
14063: 15444,14506,14580,13348
14580: 14063,12985,14787,15630
14226: 13650,13911,15096,15503,15747,14531,15220
13690: 14356,13642,13308,13313,13683,15071
14624: 13304,13014,14591,14685,15051
13732: 13925,14126,15471,14888,13379,15050
13994: 13852
13936: 14458,15575,15406,14915
15755: 15469,14847,13710,15655,14201,14887
13899: 13566,13231,14231,13748,14258,15461
13096: 
15731: 13864,15619,15250,14581,13521
15246: 13817,14741,14271,14148,12967,13210
14429: 14111,15509,15599,15127,13284,14994
13085: 14645,13409,15576,13629,15099,15355
12979: 14868,14400,14712,14229
14301: 15084,15657,14475,15597,14569,14939
13463: 14900,13632,13191
13442: 15410,15797,13049,14074,13432,12911
14844: 13574,13598,13664,14105,14998,13175
13421: 13219,15632,15247,13440,13818
13212: 13005,15402,13385
14354: 15529,13292,15557,13680,13094,13856
14696: 13051,13840,13993,14385,15745,13392
13213: 13527,15445,15644,15808,12851
14944: 14468,14218,13923,13362
13147: 15717,15069,13107,14281,13625,14850
14706: 15615,14584,15518,13866,12984,15592
15562: 15118,12952,28559,15725,14716,12946
15309: 14737,14621,13628,13391,13121,15063
14877: 14357,13115,14801,14070,13256,13374
12931: 15016,13378,13472,12872,13667,14176
15051: 15040,13483,14966,14685,13014,14624
13848: 13452,15431,13550,13896,13631,15179
15050: 15492,13379,13732,14888,15097
15115: 13671,15010,13258,13533,15735,13173
13544: 14411,14001,14296,15263,14444
13743: 12828,15428,13470,15715,13057
15406: 14161,15575,13936,14683
12886: 15190,13781,15213,13316,15162,13114
14350: 15720,15412,14023,13136,13065,14724
15750: 15371,13609,12929,13066,14102,13104
15278: 13585,14308,15609,14719,14744,15584
13277: 14391,13064,14127,12997,13769,15658
15534: 15350,14616,14252,15248,14192
13319: 13491,15033,15696,13333,13571,13484
13174: 14939,13310,13481,14475,13568,15275
13412: 13969,15129,15693,14796,13123,15561
14483: 14854,13183,14304,14133,13284,15127
13911: 14226,13650,15695,14531,13585,14567
13562: 15702,13845,15570,14073,15018,13980
14143: 13855,15531,15552,13352
13458: 13651,15777,15321,12910
14309: 14648,14938,13600,14847,14783
13520: 14947,15767,13377,15161,15078,28659
14237: 14618,12838,14435,13662,13112,13976
15091: 14219,14165,13450,14849,13561,12888
14952: 15522,14925,13428,15135,14507,13290
13173: 14381,13164,13664,13258,13671,15115
13378: 13472,12931,13667,15546,14671
14359: 13582,14339,13493,15537,15417,14285
15322: 13004,13563,15216,14917
13889: 14523,14268,14606,12974,14078,15166
13823: 15499,13519,13441,15292,15451
12839: 14101,13128,13200
15057: 14124,13127,13122,14912,15720,15347
14554: 15742,13892,14513,12907,15435
14403: 15531,15601,13855,14427
15400: 13598,14105,15749,14036,15567,14310
14236: 13790
12864: 15151,15409,13226,13591,14221,14792
14304: 14854,14197,14483,15127,14156,15631
13809: 13103,15462,15586,14721,12921,13871
14685: 14562,14624,14394,15051
14730: 13178,13677,14650,14921,14117,13002
13822: 14371,14408,14737,15001,15080,14739
15308: 13228,15685,14289,15206,14486,15194
15089: 13251
13858: 13349,13461,13345,14723,13153,13695
14497: 14926,13972,13327,14057,13009,12898
14410: 13737,15717,13736,13625,13262,13145
28520: 15495,14310,14238,15454,13160,14157
15142: 12896,13942,13634,15001,14621,13935
15732: 15471,13015,13289,14315,14888,15032
13003: 13471,14946,14785,13543
15441: 13401,15594
14246: 13061,15286
14933: 15714,13908,13722,13624,13787
15257: 15527,13492,14858,14164,14402,12962
14784: 14762,15225,14296,14444,14928
15344: 12949,13430
14860: 13635,13573,14833,15139,14576
15576: 13629,13937,14361,13409,13085
15141: 13482,14909,13392,15443,15650
13104: 14102,13685,15750,12929,15227
13657: 15604
13595: 15387,14603,15797,15535,14123,15351
14121: 15789,13814,13199,14386
14851: 14501,14004,13666,14929,13034,13016
14148: 15246,14741,13619,13340,13326,13210
13311: 15563,15617,15342,14367,15225,14928
13329: 13525,14742,14889,12832,14657
12823: 14272
13759: 15778,13905,13054,14906,15807,13380
13764: 15261,13515,15359,14543,14040
15326: 14813,15300,15766,14734,13959,12942
13790: 14099,13056,14236,13028
14050: 15625,15307,15405,14162,14132,14491
15614: 14950,14636,15630,14506,14954,13280
14185: 14942,13078,13984,13612,14228,14529
14637: 15556,14975,13216,14045
13209: 15494,14471,13550,14234,13765,15179
15460: 14095,14312,14879,14969,12902
14434: 13553,15656,14477,15769
13483: 15040,15051,15656,14394
15492: 13379,15050,15097,14241,15102
14800: 13510,15243,13062,14332,14334,13042
12948: 14509,14535,13673,15270,12980,14450
13223: 15754,13084,15187,15512
13260: 13230,14344,13072,14227,13541,13608
15140: 15611,15579,12893,14412
13236: 15779,15067,12898,15627,15172,13345
14291: 13220,15549
15291: 13257,14253,12820
13666: 15373,13847,13034,15691,13016,14851
14028: 
13161: 14047,13646,14180,14457
13373: 13718,13615,13849,15408,15242
14663: 13913,14282,15083,12949
13476: 13414,14754,15702,13845,15727
13847: 15373,13666,15484,13642,13308,15691
14692: 15109,14319,15259,13879,13757,15269
13272: 14057,13306,13297,13876,13280,12879
13134: 14496,13246,15223,13904,14277,14127
13953: 14115,15044,13863,15633,13046,13621
14276: 14162,13749,15612,12826,15672,15479,14491
13303: 14045,14975,14749,15458,14087,13315
15794: 15504,14583,14243,13499,15807
14414: 13954,13507,14438,14610,15734,13747
15099: 13830,13085,12909,15355
13034: 12942,14929,13772,15691,13666,14851
13917: 13766,13910,15487,13505,14341,14630
14064: 15333,13125,15449,14829,15796
14626: 14031,15013,14112,13786
14476: 12897,13165,14313,13872,12903,13963
14900: 13224,13463,13632
14609: 15282,14971,12867,13130,15477
13693: 13782,13291,14574,15318,13555,13551
15456: 14928,15338,15563,15287,13416
14384: 14058,15368,13084,15571,15515,15470
15533: 14038
13850: 13471,14946,13488,13804,15239,14852
14997: 15350,14616,15256,15066,14697,13201
13596: 13965,12939
13877: 14297,15721,13630,15327
13117: 
15149: 14207,13512,13485,15126,13916,14883
14336: 14079,15315,13367,13267,13529
14461: 13108
14149: 13713,14669,14577,15508
14381: 13173,13164,13664,14557,13175,14703
15605: 13004,13113
14963: 13343,13964,12998,13755,15739,13750
15385: 14315,14015,15009,14689,13289,15384
15148: 15708,14038,14303
15726: 13446,15297,14288,14482,15272
15412: 15720,15347,14350,12980,15670,14724
15490: 15384,13131,14015,14314,15556,15577
15640: 14108,13987,15070,14647,15382,13502
13347: 13825,13961,15256,15482,14294,15168
15073: 
13960: 14413,13867
15102: 13833,15492,13242,15719
13768: 13813,13588
15725: 13228,15685,14716,14069,15562,12952
14916: 15042,12849,13828,14456,13044,13286
13087: 15621,13750,13343,15645,14179,15735
14515: 13135,14570
13056: 14099,13790,14128,14018
13598: 13574,14238,14844,15400,14105,14310
13874: 15789
13710: 15755,14201,15496,15027,14887,15644
15143: 15525,15116,14745,15020,13092,14327
13309: 15697,15151,15136,14347,13682,13569
14564: 14734,13959,15254,14804,15565,12966
14310: 15567,15495,28520,14238,13598,15400
14899: 12835,15680,13227,15360,13015,15775
15575: 14458,12915,13936,15406
15255: 13005,15684,13727,14093,13597,14890
13588: 15536,13811,13768
14528: 13439,15305,14699
13385: 15402,13212
14788: 14625,14702,14481,14002,14914,15457
13121: 13508,15063,15214,13634,14621,15309,13202
14229: 13424,12979,15483,14712
14007: 15230
14511: 14053,14831,15145,15792,15738
14367: 15342,15741,15189,13449,15617,13311
13789: 12982,15265,14298,13982,13602,13681
14491: 14311,14132,14276,14162,14050,15672
14523: 14268,12902,13889,14839,14078,15160
13118: 15045,13655,15079,13158,15232,15771
15532: 13782,13291,15629,15137,15623,13587
13428: 13445,13587,15135,14443,13290,14952
12916: 14723,12917,14973,13926,14817,12930
13640: 13901
13785: 13045,15242,13048
15239: 15527,14858,13804,13850,14852,12950
15088: 
15437: 15066,14697,15473,13513,14809
13170: 14707,14166,14911,14393,13239
13585: 14308,15278,15695,13911,15584,14567
14469: 14459,14957
14593: 15180,14302,13503,15240,14209,14369
14813: 15521,15326,15300,12942,14929,12991
12873: 14866,13389,15157,15559,14043,14255
13436: 13359,14830,15026,13514
13896: 14227,13541,13631,13848,13270,15179
14445: 13269,12986,14607,13214,15564
14256: 
13058: 14054,15328,15296,15505,15622,14259
13866: 12984,13171,13753,13184,14706,15592
13224: 14900,14984,13979
15529: 15744,13292,14354,13338,14832,13680
13897: 13859
13852: 13108,13994
15193: 15061,13109,14224,15553
14278: 13176,12924,14012
13063: 
13867: 13556,13960,15171
14736: 14578,13407,15285,13686,14308,15609
14040: 13567,14543,15359,14348,14235,13764
14234: 13209,14471,13614,13765,14588,13952
13719: 13647,14549,15686,14547,13021
15388: 13708,15620,13283,15436,14478,15170
15376: 13419,13827,13885
14721: 13956,14769,15586,15462,13809
14019: 13029,14385,14740,15132,13125,15108
15584: 13177,14567,13265,13585,15278,14719
15284: 14373,14837
14140: 13597,15203,14503,14553,15684,14280
13755: 15729,14935,15739,14085,14963,12998
13426: 14725,13557,13509,12876,15710,13859
13368: 15268,14756,15607,13391,13400,15063
14647: 14205,13780,15070,14462,15640,13502
14217: 13018,12828,13142,15201
13526: 14273,15332,13012,14169,14055,13581
12964: 15371,13247,14027,15079,15447,15045
14544: 14171,13758,14415,12833,15769
12848: 15736,14395,15551,15595,15367,13870
14864: 15353,15440,15186,15074,14903
13189: 15381,15364,14233,15642,15753
14401: 15593
13250: 12923,13829
13359: 13436,15064,14130,14830
14372: 13041,15056
15772: 15495,14722,13205,12905,14157,15237
12942: 14929,13034,13772,15766,14813,15326
14039: 14639,13249,15391,15675
14577: 13713,15301,13620,14149
13993: 15662,13966,13029,14385,14696,13051
15136: 15151,13309,13226,13649,12837,14347
14379: 13560,14207,14017,13485
14331: 15028,15218,12840
13776: 
14286: 14097,14423,14976,14843,14218,15093
13475: 15423,15447,13756,13752,14702,14876
14688: 14779,14740,15574,14472,15314
14212: 14695,14293,14537,13144,14284,14195
15682: 14770,13914,13576,13747,15316,14610
13163: 13326,15226,14792,15409,15425,15144
14002: 14885,14914,14788,15457,12969,12903
13546: 15736,13955,15543,13180,14791,15415
15213: 15190,12886,14141,13316,14206,14062
15120: 13904,13741,13504,15751,15323,13091
15636: 15021,12901,13255,15634,14823
13796: 14897,15068,15059,13126,15018
14988: 15421,15549,14020,13599,15727
13674: 13301,14852,12950,15800,15663,15545
15524: 13156,14492,12875,13966,14295,13051
13978: 14312,14879,14941,14413
15025: 14095,12902,14479,14006,15160
12961: 14475,13807,13568,14109,15597,14026
12827: 12919,14056,13010,15488,15679,15452
15509: 14111,14429,14994,14561,13162,13606
14474: 13376,14282,14602,13143,15083
13407: 14736,13202,14578,15214,13017,15285
13454: 14365,13342,14191,13706
13459: 15114,13720,15761,14420
13062: 14406,14173,14332,15426,14334,14800
13317: 14556,13531,13316,14206,13252,14664
13760: 14230,14453
13607: 14500,15581,13608,14409,13110,14119
13739: 13925,14126,12849,14440,14993,15428
15415: 14562,14092,13546,13955,14791,15131
13926: 12994,14817,13643,12916,14896,12930
15716: 13007,15123,14155,13923
15041: 13406,14521,14546,13887,14822,13027
15158: 15508,14990,13357,14215,14884
14513: 13947,15047,14554,14189,15435
13704: 15523,13967,14322
15268: 13368,14756,13356,15782,14446,13400
13273: 13973,15031,15783,14597,14102,14764
13179: 14025,12883,14522,14473
15582: 13861,14666,13354
13166: 15416,13918,15580,15568,12892,13636
14008: 15026,13514,13490,15538,13795,15798
14610: 14414,15316,15734,13699,15682,13747
13235: 13724,15548,14194,13653,14033,13536
13356: 13364,15782,14599,13237,15268,13400
13821: 12928,14811,13841,14446,14756
14590: 
15128: 15185,13940,13264,13670,14805
13774: 15718,14657,15192,14080,13888,15637
13934: 13628,12920,15329,13391,13400,13237
13132: 14845
13505: 15537,14881,13766,13917,13980,14341
15558: 13883,15688,13271,14659,13193,13435
13148: 13644,13362,13007,14498
15473: 14697,15437,15804,13961,13577,13513
13629: 15576,13187,13393,13830,13085
14289: 13228,15308,15194,13068,14422,15501
14374: 12957,13067,14831,15145,13099
13842: 15260,13011,13494,15463,12944,15449
15160: 14839,13699,15025,14523,12902,14479
15383: 14065
15771: 13360,13733,12975,15232,13118,13655
13434: 13844,14972,15206,14510,14897,15068
14962: 14622,14380,15704,15690,13797
13372: 13120
13972: 14926,13748,14497,13009,14059,14231
14708: 13879,13944,15269,14305,13506,15137
15374: 13172,13788,15407,12936,14200
14001: 13975,13544,15263
14295: 13051,13156,15812,15524,15117
14620: 13411,14065,14362,13557,13705
13920: 14249,14321,13891,14867,14364
14480: 14220,13522,13152,15759,14457
14487: 14732,15608,15200,13516,14774,15065
14943: 
15485: 13156,15812,14664,13531,15482,14294
13923: 15289,15716,14944,13362
15438: 15774
15369: 14890,14388,13727,14589
13798: 15416,13918,15581,13537,15498,13110
13128: 13005,14093,14629,14101,12839
12941: 13162,13606,12945,15811,14974,13907
15252: 15245,12878
15712: 15459,13891,15092,14496,13246,15703
15108: 15745,13497,14385,14019,15132,13805
15335: 14753,15810,14160,13440,13192
13455: 15539,13394,12882,14602,13365,15541
14257: 14311,15251,13836,13410,14383
14415: 12833,14477,15201,15769,14544
13363: 15378,13201,15350,14192,15777
12918: 14589,13816,14388,13691
14518: 13398,14075,14244,13843,15801,15780
13495: 12959,14299,14767,12897,13872,15306
14834: 15661
14131: 14266,13384,13268,15511,14967,14417
12978: 13611,15738,13583
15265: 12982,13678,13789,13456,14866,13681
14560: 13349,13461,13533,15795,15010,13159
14454: 15475,28665,14668,14907,13331,14738
14785: 13543,13198,14946,13003,13301,14340
14820: 12963,13410,14871,15703,12859,13399
14083: 14670,13882,14056,13010
12821: 13922,13616,14824,15497,15022,13968
12878: 12815,15252
14941: 15298,13978
13205: 15101,12905,15772,15237,15190,14141
13534: 13683,15071,13622,14125
13300: 15146,13030,14763,14508,13188,13511
15199: 14678,13862,15521,15300,13701,12914
13861: 15582,14081,13354
13758: 14171,14544,12854,12833
14242: 14608,15319,13656,15729,14210,13808
13316: 14206,12886,15213,15162,14556,13317
14038: 15533,15148
15163: 
12828: 13743,15428,15768,13142,14217
15402: 13385,13212,14634
13456: 15737,15265,13678,14866,15559,13613
13204: 
15626: 14424,12889,15226,15144,15741,15403
15466: 13793
13176: 14278,13245,15754
13164: 14381,13173,13258,14541,14557,13088
13820: 14798,14117,14818,13698,12814,15692
15277: 15799,14418,15571,14390,14460,15515
12999: 14773,13160,14157,13418,15237,13781
15601: 14403
13540: 
13551: 13555,13624,13693,14574,14392,13787
14581: 13521,15250,12913,15731
13197: 14504,14588,15427,13952,13895,13663
13594: 13778
14101: 12839,14245,14629,13651,13128,13200
13699: 15734,14839,15160,14479,15316,14610
13086: 15676,14854,13183,13824
14703: 14815,13175,14337,14557,14381,15307
14855: 15216,13113,14324
13490: 13477,14170,15026,14008
15190: 12886,13781,14141,15213,13205,15237
14076: 13365,15541,13143,15328,14169,13581
13541: 14227,13896,13631,14005,13260,13072
14228: 13612,14225,14507,13078,14185,15522
12857: 15121,14555,13611
13180: 14202,15543,14216,13546,15736,14395
13357: 13462,14215,14669,15158,15508
14472: 14307,13033,15314,14688,14779
15414: 12994,13322,13402,14722,12905,15005
13111: 14539,15211,12887,13451,12894
14555: 15792,13611,15121,12857
13389: 12873,14866,13681,13566,13231,14043
14892: 14502,14766,15296,13172,13089,15075
15685: 15725,13228,15308,13844,14069,15206
13967: 13704,15523
13435: 13193,15387,15558,15688,15195,15410
14506: 15444,14063,15630,15614,14954
14905: 14129
13254: 15264,13336,12937,13660,13279,15791
14267: 13679,13185,13511,14024,14613,14062
14902: 13146,15780,13564,13525,14405,14352
13200: 15321,13651,14101,12839
13282: 13974,12866,14676,13480,13883,14551
13031: 15339,14794,15233,13486,14134,15802
14277: 14525,13904,13741,13134,13064,14127
13752: 15331,14625,14702,15585,13756,13475
14956: 14501,14004,15635,15019,14420,14600
13269: 14445,12986,15564,13469,14704,13579
13987: 14108,15640,14772,14058,15382,15188
13891: 15459,15712,15092,14867,13920,14321
13898: 14394,13553,14092,13018,14232
15743: 15417,13653,15059,13493,13126,13350
14146: 13726
15634: 14823,13563,15636,12901,15550
14072: 
14129: 14905,15074,15185,13940
13076: 12862,14777,13312,15639
14465: 13740,14572,12847,14566,14091,13658
14068: 13887,14822,15352,15304,14806,14960
15200: 15608,14487,13171,13184,12927,13516
15454: 14525,13654,15422,14238,28520,13160
13973: 15758,15031,13273,13507,15783,15320
14974: 15811,13090,12941,13907,14786,13721
13451: 14248,13111,13036,14462,13780
13612: 14041,14228,14225,14185,14529
13663: 13167,13945,13197,14504,13895,13951
13313: 15339,14338,13700,13683,13690,14356
14938: 14648,14309,15037,13266
14772: 14108,13987,14317,13386,14058
12974: 14606,13050,14423,15093,14268,13889
15364: 13189,15381,15133,13181
14499: 13465,13622,13045,13048,15006
13098: 13707,13215,15153,13425,14807,13549
14883: 14209,13539,14369,13916,13512,15149
13055: 12993,13182,13868,14848,13310,14536
15315: 14336,14079,13323,13267,12981,12938
15027: 14240,14887,13552,14981,15496,13710
13107: 13457,14782,14992,15491,13147,15069,14281
15468: 12884,15595,15757,15159,15367,14611
13473: 14248,15666,13780,14455,13070
14307: 13033,14472,14463,14779,15662,14977
13744: 
14021: 12958,12908,14995,13208,15455,12856
13472: 15016,13378,15294,12931,15678,15674
12903: 12969,13963,14885,14002,14476,14313
15266: 13109,15789,12826,15544
13557: 13426,13411,14620,15710
12867: 13751,14400,15282,14609,14712
14829: 12944,15449,14740,13125,14064
14931: 
13039: 14432,14181,13276
13802: 14283,15580,13648,14196,12861,13069
15435: 14889,12852,14554,14513,13947,12907
13437: 14013,14573,12987,13635,15274,13364
13244: 15037,13296,14959,14158,13194
14566: 13234,13530,14715,13658,13740,14465
13477: 14170,15513,13490
12890: 14034
15351: 13500,15340,13595,15797,13049,15535
15498: 14254,13537,14433,13798,13110,13626
14057: 13306,13009,13272,12879,13327,14497
15355: 12909,15038,15099,14645,13085
13523: 14908
14520: 13784,12879,15311,13297,14913,15455
12938: 12981,13549,14826,14807,13267,15315
13754: 13998,13846
13422: 15540,14270,14846,14253,13720,15114
15631: 13075,14156,14197,14304,14660
13487: 14642,14456,14227,13270,15486,14344
13631: 13896,13541,13452,13848,14005,13154
15086: 13559,14628,13097,14200,12936
13400: 13934,13391,13356,13237,15268,13368
13482: 15141,14909,15745,13392,13497,14490
15055: 15358,14633,13970,13165,14313,14370
14747: 13092,14397,14292,15020,14512,14709
13905: 15778,14894,13759,13770,13054,12972
14049: 13709,14530,13524,15258,15765,13285
15545: 14340,13689,15182,13301,13674,15663
13059: 15395,15555,12926,13903,13256,12868
15787: 15390,13841,13339,13448,13623,14811
15396: 15647,15431,15547,14150,15044,13863
13522: 13264,13152,14135,15211,14220,14480
13548: 13737,15717,15069,14842,14357,14801
15625: 14050,15307,15323,14815,14132,13091
13773: 13839,15594,13565
13065: 13518,13696,14724,14350,14023,15072
13131: 15384,15432,15490,15182,13216,15556
15494: 15082,13209,14471,13550,15273,15547
15258: 15765,13293,13355,14049,14283,13285
14222: 14738,13649,28665,13969,12837,14796
13844: 13042,14972,14069,15206,13434,15685
14283: 13802,13648,12861,13285,15258,13293
14080: 14317,13888,15637,13774,14614
14189: 14046,15047,14886,14513,13947
13383: 15477,13499,15504,15507,13873
14047: 15429,13161,13232,13646,15781
13619: 13991,14055,14741,14148,15397,13340
13745: 13646,13116,13330,13678,14180,15737
15497: 14691,15022,13000,14052,13968,12821
13215: 13098,13707,14959,13425,15469,15655
14980: 14251,15519,15202,15585,13149,15331
14945: 
15526: 
15796: 13584,14780,14064
15488: 15705,15679,13742,15023,13010,12827
14235: 14808,14348,15678,15546,15359,14040
13283: 15436,14422,13022,15388,15620,14163
13518: 13046,13065,13696,14724,14509,15633
14458: 15575,12915,13936,15611,13474
13908: 13274,15714,14933,13025,13735,13787
12822: 14088,15430,15365
15004: 15419,12992,13644,15280,15673
15602: 15208,15334,15327,14196,12861,14297
15646: 13791,15012,14951
14245: 14629,14809,15378,13651,13201,14101
15003: 15585,13756,13149,13954,14438,14110
12898: 13236,15067,13327,15172,14926,14497
14346: 14151,15029,13878,13888,12850
13168: 13593,14966
14264: 
13083: 13320,13939,12874,13876,13306,13535
15780: 14902,13146,15801,14518,14075,13525
14694: 15103
14034: 12890
12950: 14852,13674,15800,15527,13233,15239
15764: 14726,15790,15528,14084,14239,15392
12843: 13826,14632,15542,15671,14700,14649
15006: 14846,13048,14499,13358
15336: 13705,15279
14412: 15140
14337: 14679,14557,15377,15307,15405,14703
14689: 15360,13043,13289,14836,15009,15385
15058: 14936,14428,14505,15097,12983,14241
12953: 13501,15759,14220,12887,13441
14719: 15345,13946,14744,15278,15584,13265,13127
15365: 15103,14861,14088,12822
15619: 13864,15731,14524,14549
14846: 15006,14253,13358,14623,13720,13422
13515: 15261,12956,13764,15359,14390,14460
13310: 14848,14939,13174,13481,14536,13055
14984: 13979,13224
14416: 15238,28658,13466,13723,15520,13124
14749: 13603,14375,14031,13303,14045
15297: 13446,15726,15786,14970,15701,13835
15307: 15625,14050,15405,14337,14815,14703
14840: 14347,13682,14745,14407,15204,15652
13733: 12975,15771,15306,13963,15232,13872
15553: 14098,13836,14224,15122,15193
13625: 14781,14850,13262,14410,15717,13147
12910: 12976,13458,14527
14755: 
12915: 14458,15575,13191,14453
14541: 13258,15621,13381,15433,13088,13164
13275: 14658,12921,13675,15110
15223: 13134,13246,13904,13504,12963,14383
14740: 14688,14779,14829,14019,13125
15727: 13910,13476,15421,14988,13845
13416: 14757,12971,15456,13517,15287
15198: 14710
14757: 13416,12971,15338,13565
15305: 13832,13854,14699,14528
14718: 14841
15800: 12950,13674,13233,13661,14898,15663
14249: 13920,14321,14215,14884,13478
15095: 13346,14780,15463,15648
13969: 15693,13412,14550,28665,14222,14796
14533: 14219,14165,14711,14770,13914,12940
14700: 14979,15746,14649,15542,12843,13558
13390: 
13763: 13259,13211,13965,13641,15014
15146: 13030,13300,14024,13511,14463,14519,14358
13227: 14119,13626,12835,14899,15360,13043
12816: 15236,13715,13145,15643,15270,13673
13066: 14027,13909,15031,14102,15371,15750
15813: 14948,15740,14994,13645,15392,14561
14388: 13816,14682,14853,13727,12918,15369
14330: 14290,15106,14382,14639
13687: 13775,13692,15356
15706: 15635,14635,12991,15665,15521,12914
13106: 14184
14300: 15566,15354,14548,14652,15724
13778: 13594
14723: 12916,13153,12917,13858,13695,14817
14756: 15268,13368,15607,14446,12928,13821
14191: 12954,15401,15704,15690,15319,13454,13342
14059: 14298,13982,13535,13009,13972,14231
15610: 15283,15763,13990,15038,12889
13812: 15085
15323: 14815,14998,15625,13091,15120,15751
13600: 14309,15476,14783,15370,13266
14099: 13056,13790,15683,15493,13038
14380: 15453,15704,15642,14962,15753
15224: 15808,13702,15665,15583,13949,13837
14221: 15397,13340,14792,14175,13591,12864
12901: 15636,15550,15634
13259: 14351,13763,13965,15276,13803
15264: 13254,13336,15261,12956,13853,13660
15697: 15151,15409,13309,15425,12960,13569
13190: 15276,13803,14293
14572: 13767,12922,13740,12847,14465,14828
13492: 15527,15257,13233,14402,14254,13537
14009: 15282,14971,14893,14953,15548,14377
14698: 14247,13786,13543,13198
14111: 14429,15509,15127,14156,13606,13423
15749: 13671,14105,15010,14036,13159,15400
13293: 15258,13355,14857,14283,13648,14376
15641: 14662,15557,14675,13341,14327,13292
14446: 15782,15244,13841,13821,15268,14756
12970: 15661,14441
13221: 12897,13165,14370,14961,13510,14767
14206: 14613,13316,14062,15213,13252,13317
14165: 14219,15091,13450,14533,14711
13566: 13899,13231,14231,14298,13389,13681
15195: 12993,13182,13432,15688,13435,15410
15762: 12871,13281,13291,15629,14574,13248
15330: 14016,13976,15104,13033,13444,15314
13825: 13347,13961,13489,15482,14681,15804
14825: 14091,13658,15639,14958
14303: 15708,15148
14922: 15733,15021,13382
14485: 13464,28674,15272,15169,28622,13276
15156: 
15537: 13505,14881,14128,13582,14359
13320: 13939,13083,15394,13982,13535,13602
13226: 15151,12864,15136,13591,12877,13649
13601: 14067,13668,13021,14534,14137,14960
13956: 14721,14769,14198,14991,15386,15462
15077: 15011,14904,12872,14284,13554,14195
13818: 14711,13440,13421,13219,14770,13576
13836: 15672,14224,14311,14257,14098,15553
15176: 12860,13771,14967,14682,14280,14853
14676: 12896,13942,12866,13282,13480,14790
14195: 13554,15560,14284,14695,14212,15077
15617: 15563,13311,14512,14367,14292,13449
15348: 13996,15159,14701,15205,14071,14436
15059: 14897,13796,13126,14486,13350,15743
13188: 13185,13511,14116,12912,14763,13300
13417: 14464
15183: 13751,14400,14211,13580
13761: 13082,12885,13857,13669,12920,15329
14274: 15499,14399,15451,13112,12838,13011
14853: 15684,14280,13727,15176,14682,14388
15465: 14120,12880,13604,14761,15065,14732
15623: 13445,13587,14305,14832,15532,15137
14794: 15339,14338,13031,13486,14275,13333
13471: 14946,13850,13003,13488
15483: 15299,14712,14229,13295,12858
12960: 15425,15189,15697,13569,14955,13449
13080: 13637,13194,12981,13323,14265
14646: 14982,12949,15539,13937
14015: 14315,15385,15362,15384,15490,15577
14613: 14206,14062,14267,14024,14519,13252
13402: 14819,14036,13322,15414,15567,14722
14411: 13975,13544,14444,15338,12988
13718: 13615,13373,13547
14630: 14018,14341,13917,15487
13656: 15319,13797,15729,14935,14242
14292: 14955,13449,15020,15617,14512,14747
13654: 14525,15454,14773,13160,13064,15658
15644: 13527,15445,13213,15496,13710,14201
14142: 14885,14914,14983,14901,15358,15241
14527: 15502,15777,14789,12910
15011: 15077,14904,12872,13146,13564,15184
14774: 15285,13516,14487,15065,13686,13860
14136: 13079,14387,13307
13726: 14146
15684: 14280,14853,13727,13597,14140,15255
13314: 15288,14345,13318,15234,13240,14919
15233: 13486,14134,15197,14597,14764,13031
13846: 13754
12837: 14407,14796,13649,14222,15136,14347
13022: 15501,13536,14893,13283,14422,14163
13199: 14193,14466,13814,14121,14386
15455: 13208,14913,13784,14520,14021,12856
14743: 13167,13945,13044,15042,13800,14653
13602: 13982,13320,15394,12982,13789
14787: 14748,12985,14580
13397: 14558,13348,12968,15776,15444
13113: 15605,14855
12998: 14963,13964,14085,14802,14147,13755
13931: 
13351: 13912
13854: 12824,15305,14991,14699
12969: 12903,13963,15232,14002,13158,15457
28652: 
15433: 14210,13381,15739,14541,15621,13750
14874: 14144,13938,12834
12928: 14655,14811,13821,14756,15607,15723
14398: 15177,13981,12955,13722,13555,13624
14268: 14523,12902,13889,14423,14969,12974
14734: 14564,13959,15254,13484,15766,15326
13589: 14542,14857,14003,15464,13081,15249
15789: 14121,13874,15544,15266
13007: 15716,14768,13148
12984: 13866,13753,15713,15615,14706,12922
14253: 14846,15291,13422
15550: 13004,12901,15634,13563
15489: 13943
13219: 13421,15632,14262,14514,14006,13818
14623: 14932,13016,13720,13358,15373,14846
14517: 14861,13938
15045: 13118,13655,13218,15079,13247,12964
13618: 14530,14687,12995,13560
13470: 13925,13743,15428,13379,13057
12897: 14476,13221,13165,13872,13495,14767
12831: 12868,13374,15238,13124,13457,14782
13285: 14283,12861,13709,14049,15258,15208
13837: 13405,13714,14635,15665,13702,15224
15552: 14672,13352,14143,13214,14607
13705: 15336,14620,15710
14538: 15784
14352: 14405,13578,13525,14902,15718,14657
15806: 14343,13669,14174,14576,15229,15467
14399: 15098,15499,14274,15500,15260,13011
13202: 14578,13407,13935,13121,15214,13634
13591: 15076,14175,14221,12877,12864,13226
14839: 15734,14795,14078,13699,15160,14523
14552: 15598,13488,13804,15721
13154: 15015,14005,15366,13139,13452,13631
14233: 15642,15773,13189
15164: 12842
14318: 
14261: 15699
14565: 12844,14869,14729,14777,13312,12855
15319: 15690,13656,14191,14608,14242
15770: 14644,15372,13650,15503,13035,13801
14530: 13709,14687,13524,14049,13618,12995
14371: 13395,13822,14408,15275,15596,14739
13664: 14381,13173,13671,14105,13175,14844
14168: 14666,13354,13186,14808,14348
14760: 14918,13684,14707,13717,14934,13239
15361: 14043,13467,14255,13734,15748,13433
14850: 13625,14781,13503,13147,14827,14281,13324
14494: 
15656: 15040,13483,14434,14661
14832: 13338,14305,15529,15623,13445,13680
14761: 14070,14120,12880,15465,15747,13115
14639: 14039,14330,14382,14153
15110: 13675,14715,13275,12921,14325,13530
14435: 15324,12817,13662,14016,13976,14237
15475: 14454,14550,28665,14187,14668,13868
15034: 13723,14103,15491,13538,13902,13831
13409: 14645,12967,13085,15474,15576,14271
13713: 14287,14669,13659,14577,13620,14149
14762: 14673,14784,14296,13990,12989
15493: 13038,15683,14099,13592,13580
15234: 13314,13318,13697,15053,14919,14010
15481: 12996,13913
13749: 14276,14162,15612,13927,14810,15377
13027: 13738,15041,14521,14822,15573,14147
13970: 14633,15055,14406,14332,15588,14370
13011: 15260,13842,13494,14274,14399,12838
13819: 14936,15124,15111
15342: 15741,15403,14367,14673,15225,13311
13443: 15215,15551,14090,13834,14216,14395
14115: 14987,15044,13953,15633,14535,14816
13725: 14490,12923,13253
15325: 13694,14526,13371,15480,12925,14814
15334: 15602,15208,15327,14114
15166: 14251,15519,13889,14585,14606,14078
14551: 13883,15688,13974,13282,14848,12993
14216: 14604,13834,13443,14202,13180,14395
15692: 14921,14579,15209,13698,13820,14117
15109: 14470,14319,14692,13500,12841,13757
14819: 14036,13402,13159,13695,13461,13322
14360: 15250,13979
13613: 15152,15559,13957,15737,13456,13332
15270: 15643,15372,14450,12816,12948,13673
14026: 15597,14797,14109,14838,14733,12961
15286: 14612,12924,14246
15056: 14372
15404: 15121,14728,15205,14326
14162: 14276,13749,14050,15405,14491
15500: 15098,14399,15260,14865
12959: 13495,15752,14299,14767,15118,28559
15426: 13729,13907,14334,12945,14173,13062
13902: 13538,14017,13485,13831,15126,15034
13682: 14840,14347,15116,13569,14745,13309
13694: 14526,15325,15399,13360,12975,15480
13572: 15324,12817,12990,15157,13467,14255
14293: 13803,14212,14537,13190
14505: 14936,15058,15362,12983,13040
13336: 13254,15264,13853,13279
14209: 13539,14883,14369,14593,14302,14545
13947: 14513,14046,14189,15435,14889,14742
12869: 14614,15049,14690,13386,15571,15368
14321: 14249,13920,13590,13891,13462,14215
14377: 13958,14920,14163,14893,14009,14971
14547: 14161,12825,12819,13719,15686
14114: 13709,14687,15208,15334
15249: 15024,15180,14302,14542,13589,13081
14596: 14125,13700,15802,13229,15112,13453
14504: 13197,13952,15486,14642,13663,13945
15594: 12988,15441,13401,13773
15228: 15310,14265,14079,13323,15681
12992: 15419,15004,14985,14468,13396
12940: 15783,15343,15320,13914,14219,14533
13521: 14581,12913,15731
15422: 14525,15454,13574,14238,13741,15751
14644: 13736,15654,15643,15770,15372,15503
13824: 14122,13086,14854,14197
13024: 12853
15677: 14763,14508,14279,15472,15748,15104
13869: 
15591: 14604,13834,14571,14776,15060,15427
15773: 14233,15642
15599: 14429,14316,13284,14451,14948,14994
15133: 15381,15364,15039,13406,14546
13239: 14355,13170,14707,14760
14830: 14130,13377,13359,13436,15767
15271: 13545,12832,12891,15440,15192,13878
15222: 12958,15645,15779,15627,15795,14179
13321: 13095
14392: 14776,15060,13787,13551,14574,13281
15226: 13326,13210,13163,14424,15626,15144
13662: 15451,14859,13112,12817,14435,14237
14770: 13914,15682,13576,14711,13818,14533
15765: 15258,13355,14545,13539,13524,14049
14894: 15778,13905,13770,15235,14243,14404
13835: 15566,15354,14970,14213,13446,15297
14668: 14907,15084,14536,13868,14454,15475
14224: 15672,13836,15479,13109,15193,15553
28658: 14416,15238,13941,13466,15520
14953: 13724,15548,14100,14009,15282,13751
14578: 14736,13202,13407,13935,14643,15609
15032: 14888,12983,15732,14315,15362
14896: 14116,12912,14447,12930,13926,13643
13167: 13663,13945,14743,13951,15174,13800
14484: 15356,15446,15219,13884
15185: 13940,15128,14129,13670
14054: 13058,15328,14169,13404,14259,15332
14837: 13135,14570,15284,14373
15504: 13367,15794,13499,13383,15507
13918: 15416,13166,13798,13636,14402,13537
13486: 15233,13685,14764,14794,13031,14275
14500: 14452,15581,13607,13608,13415,13072
13127: 14124,14659,15057,14912,14719,13946,13265
14525: 13654,15422,15454,14277,13741,13064
14219: 14165,15091,14533,12940,15343,14849
15040: 15051,13483,14966,15656
14284: 13144,15689,14212,15077,14904,14195
13194: 13080,13707,12981,13549,13244
15478: 15000
15114: 13459,13720,15540,13422
12904: 14178
13468: 15153,14906,13425,15053,14010,15730
15119: 14425,13603,12863
14713: 13008,15420,13794
14569: 15597,14797,14752,13344,15657,14301
14852: 13301,12950,13674,15239,14946,13850
14385: 13029,14019,13993,14696,15745,15108
14442: 
12914: 13949,13701,15521,15199,15706,15665
14744: 15345,14790,14719,14643,15609,15278
14680: 12932
13388: 14262,14910,13095,15632
13296: 15037,13244,14158,15638
15443: 14252,13840,15141,15248
14763: 14508,14279,15677,14116,13188,13300
13123: 14407,14796,15204,13412,15561,13894
13478: 14426,14884,14249,14364,12977,13361
14711: 13192,13818,14770,14165,14533
14130: 13377,14830,15705,15679,13359
14707: 13170,14166,13779,14934,13239,14760
14419: 14158,13783
14074: 13442,13432,14550,14187,15693,12911
14634: 15402
15048: 
13494: 13011,13842,12838,15574,12944
14443: 15207,13290,13248,15629,13587,13428
14895: 14791,15131,15174,12830,13800,14232
13797: 15690,13656,14622,14962,13288,14935
13169: 14678,13862,15312,12966,13968,14824
14934: 13717,14540,13334,14707,13779,14760
14314: 15556,14975,15490,15577,13040
13324: 14827,14281,13916,14992,13831,15126,14850
14818: 13820,14798,12814,14061,14704
12846: 13813
13892: 15742,14554,14686
14660: 15167,14122,13075,15631
14139: 15293,14467,13186,14516
14060: 
14870: 
13072: 13260,13415,14005,13541,14500,13608
14821: 
13419: 15376,13827,14244,13885,14949
15023: 14823,14670,15488,13742,13010
15313: 14979,13730,15170,13708,12972,13770
15014: 13641,13728,13763
13135: 14837,14515,15043
14816: 14535,13673,15236,14349,14115,14987
13587: 15623,13445,13428,15532,15629,14443
14177: 
14748: 14787,14328,14138,13348
15511: 13771,14364,14967,13384,14131,14867
14531: 13860,15695,12880,15747,14226,13911
13009: 14057,13306,14059,13535,13972,14497
13632: 14900,13463
13484: 14734,15254,13571,13491,13319,15766
12830: 13800,14653,14895,15768,13142
15260: 13011,13842,14399,15500,14865,15463
13249: 14039,14570
14141: 15190,15213,13205,15101,13679,14062
14887: 14240,15027,15730,15755,13710,15655
13932: 14035
15042: 14916,12849,14440,13044,14743,14653
14102: 13104,13685,14764,15031,13273,13066,15750
14656: 14213,15113,15446,14290,14382
12824: 15363,13854,14594,14198
15328: 13058,14054,14169,15505,13143,14076
13961: 13825,13347,15256,15804,14697,15473
13633: 14145,13558,13240,14691,15022,15288
15094: 14107,13222,13150
13146: 14902,15780,13564,14075,15011,14904
13225: 14082,13020,13627
14370: 13221,13165,15055,13970,14332,13510
12847: 14572,14465,14091,12862,14641,14828
14227: 13896,13541,13270,13260,14344,13487
12997: 14391,13277,13769,14266,13047,13915
13344: 13012,14752,14569,15657,13420,15175
14383: 12963,13410,15251,14257,13504,15223
13981: 14398,15177,15613,15318,13498,13555
13630: 13877,14297,15721,15809,12962,15598
13211: 13763,13803,14695,15560,14875,13641
15029: 14346,14151,12870,14203,13037,12850
14884: 14426,13478,14215,14249,15158
13075: 14156,15631,15167,14660,14731,13423,14154
13734: 15361,15748,13433,13875,14447,14279
15790: 15764,14726,14239,14633,15241,15588
13766: 13910,13917,13845,13980,13505
13440: 13192,13818,14160,13421,15335
14004: 14956,14501,14851,14929,15635,12991
13571: 15008,15134,15696,13319,15254,13484
13187: 13430,13393,13629
13415: 15015,14005,13278,14500,14452,13072
14116: 14896,12912,14447,14763,14279,13188
15767: 15538,14947,13520,14830,13514
13885: 13419,15376
14033: 15417,13653,14285,13724,13235,14118
14710: 12935,15198
14244: 13419,13827,14949,13843,13398,14518
14781: 13001,13625,14850,13503,13262,15240
15155: 13438,13610
13578: 15253,14405,14352,15718,15637,15049
13992: 13013,13894,13688,15204,15652,12818
14667: 14417,12860,15203,15618,14964,14503
14592: 13593,15698,13617,13304,13014
13817: 15246,14741,14271,13394,12882,14361
15766: 13491,14734,13484,12942,13772,15326
15076: 13331,13420,15175,14175,13591,12877
13210: 13326,15226,15246,14148,12967,14424
14492: 14519,12875,13252,13156,14664,15524
15288: 14345,13314,15022,13633,13240,13922
14568: 15202,13002,13677,15331,14625,14481
14025: 13179,14473
14464: 13417
15637: 14080,13774,15718,13578,14614,15049
14023: 14269,13136,14350,13065,15788,15072
13133: 
14791: 15131,14895,15543,15174,13546,15415
12913: 14581,13521
14879: 13978,14312,14413,14910,15460,14095
15503: 14226,13650,15096,14842,14644,15654,15770
13512: 12995,14207,15149,13539,14883,13524
15774: 15438
13986: 14652,13464,13838,13276
15049: 14614,12869,14690,15253,13578,15637
15467: 15229,14599,15274,14576,15806
14662: 15557,14190,15641,15212,13341,15081
14466: 14193,13199,14654,14810,14386
15664: 
14164: 13069,13636,14402,15809,12962,15257
14051: 13838
14437: 
13652: 
13944: 15318,13879,13498,14708,13782,15137
12868: 13256,12831,13374,13059,15238,13903
13203: 
15638: 13783,13296
14865: 15463,13206,15500,15260
13067: 14014,14677,12957,14374,14831,14873
14847: 15469,15755,14201,14783,14648,14309
13360: 12975,15771,13655,15760,13694,15399
12882: 15539,13394,13455,14361,13937,13817
14618: 14237,12838,15574,13976,15314
13990: 15610,12889,15403,14673,14762
14498: 14159,15280,12865,13644,13148
14686: 15709,15742,13892
14150: 14987,15044,12906,12951,15647,15396
12894: 14248,15666,12887,13111,15292,13501
14281: 14827,13324,14992,13107,13147,14850
13354: 14168,14666,14348,13861,15582
14396: 12883,12996,14665,13376
15321: 13200,13651,13458,12976
13094: 15135,13680,14507,14354,13078,13856
13413: 14617
14746: 14601
13535: 13982,14059,13320,13083,13306,13009
14728: 14701,15205,14041,15404,15121
15629: 13291,15532,13587,15762,14443,13248
15066: 14697,15437,14997,14809,13201
13042: 13844,14972,14069,14334,14800,15243
13175: 14815,14998,14703,14381,13664,14844
13998: 13924,13754,15043
15220: 14842,14357,13115,15747,14226,15096
15650: 14880,15660,15141,15248
15394: 13330,14862,13320,13939,15054,13602,12982
15096: 14226,13650,15503,14842,15220,15654
15036: 14122,14184,14615
15413: 12844,14869,13074,13941
13862: 14678,15199,13169,13959,12966,15300
15069: 15717,13548,13147,14801,13457,13107
28622: 14181,13140,13276,15169,14485,13195
15486: 13270,13765,14504,13952,14642,13487
13826: 12946,12843,14632,15752,15118,15671
14163: 13958,14377,13283,13022,14893,15620
13126: 13493,14073,15018,13796,15059,15743
13637: 13080,14158,14265
13307: 13070,14205,14136
13255: 13382,15636,14670,13882
15391: 14039,15675
13017: 15285,13516,12927,14812,15214,13407
13345: 13349,13858,13236,15627,15172,13153
14867: 13047,13384,15459,13891,13920,15511
13057: 15715,13242,13470,13743,13379
14258: 14973,15461,13060,13748,13899,12917
13004: 15322,15550,15605
15728: 15564,14316,13731,14451,15649
15248: 15052,14252,15443,15534,15650
15407: 15374,13172,13788,14022,13792,15075
15424: 13266,15370
14213: 14656,14970,15219,13835,15354
13939: 13320,13083,15054,12874,15776,15394
12921: 14658,13275,13871,13809,14325,15110
15337: 13703
14460: 15515,13672,15277,14390,13515,12956
15717: 14410,13737,13548,13147,15069,13625
15491: 15034,13723,13124,14782,14992,13107,13831
13507: 13954,14414,13747,15320,13973,15758
14495: 
15431: 15647,13452,13848,15547,15396,13550
14053: 14831,14511,14873,13984,14923,15792
13510: 14961,14800,15243,14332,13221,14370
15693: 13969,15129,13412,12911,14550,14074
13570: 12939,14094,14467
14715: 13675,15110,14958,13530,14566,13658
15741: 15342,15403,14367,15626,15189,15144
13177: 15584,14567,13035,13528,13265,14124
14512: 15563,15617,14292,14747,14709,15287
15571: 14418,15277,12869,14690,14384,15368,15515
12832: 15271,12891,12852,13329,14657,15192
13537: 14254,15498,14402,13918,13798,13492
12835: 13906,15680,14899,14409,13227,14119
14457: 15759,13019,13161,13957,14480
14930: 14022,13792,14109,12885,14927,13807
15235: 13708,15620,13958,14894,13770,14404
13635: 15274,14860,13573,12987,13437
28659: 15078,14306,15600,15161,13520
13406: 15041,14521,14546,15381,15133,13299
13964: 14963,13343,12998,14802,14995,12908
13366: 12955,15788,15398,13605,15177,13479
13737: 14410,15717,13548,14842,13736,15654
15135: 13680,13094,14507,13445,13428,14952
15681: 13985,14079,15228
15147: 13102,14878
13068: 15436,14422,14940,13228,14289,14716
15585: 15003,13756,13149,14980,15331,13752
15719: 12854,13242,15102
13709: 14530,14687,14114,14049,15208,13285
14716: 15725,13228,15562,12946,13068,14940
13268: 15389,15618,13915,14266,14131,14417
13678: 12982,15265,13330,13745,15737,13456
15280: 14159,14498,13644,15004,13101,15673
14797: 15597,14569,14026,14733,13404,14752
13966: 15662,13993,14977,12875,15524,13051
15539: 12882,13455,14602,14982,14646,13937
14090: 12871,13281,14776,13834,13443,15215
14455: 13206,15666,13473,15098
12986: 14445,13269,14607,14061,14439,14704
13084: 14384,14058,15470,13223,15188
14086: 15207,13248,12871,15215,12884,15595
13019: 15759,14457,13957,14037,13332
13810: 14585,14606,13050,14985,14579,15209
13032: 
15247: 14160,13095,13421,15632
14210: 13808,13381,15433,15729,15739,14242
13195: 15169,13140,28622
13138: 
14901: 14619,13178,14726,14142,14983,15241
13101: 12814,14061,14439,15673,14159,15280
15295: 13234,14430,13530,13103,14066,14325,13026
12930: 14896,14447,12916,14973,13875,13926
14297: 13877,13630,15602,15327,14196,15809
14408: 13395,13822,14371,13082,14927,15080
15035: 14911,15798,14582
13697: 13054,12972,15053,14919,13730,15234
14382: 14290,14330,15113,14639,14656
13103: 14066,15462,13809,14325,15295
15353: 14864,13586,15440
13012: 14273,15332,13526,14752,13344,15175
14251: 15519,14980,15166,14585,14559,15202
15350: 14997,14616,15534,14192,13363,13201
13305: 14263,13928,15589,13620,15100,13659
13543: 14785,13198,13003,14698
13340: 14221,15397,14792,13619,14148,13326
14652: 13986,14300,15566,15724,13838
13051: 14696,14295,13993,13966,15524
13445: 15623,13587,13428,14832,15135,13680
13901: 15784,13640
15612: 14276,13749,14810,12826,14386
15718: 13774,14657,13578,14352,15637
13140: 14181,28622,13195
15520: 13723,14103,13124,14416,28658
14671: 15546,15359,14390,13667,13378,15799
14936: 15058,14505,15111,13819
13218: 15045,13655,13247,13890,14431,15760
15620: 15388,13708,15235,13283,13958,14163
15398: 12955,13460,15788,13366,15072,14152
14871: 15375,14098,13410,14820,15589,13399
14329: 
15593: 13962,14841,14401
13332: 14037,14320,13957,13019,15152,13613
13469: 15624,14084,14704,13269,15740,13579
14424: 12889,15626,12967,15474,13210,15226
14056: 12919,13010,12827,14083
14769: 14721,13956,14198,13100,14594,15603
15667: 
13410: 12963,14383,14820,14257,14871,14098
14649: 14979,14700,15170,12843,14632,14478
14886: 14949,15047,14189
14758: 14802,15573,15352,14995,13207,13208
14340: 15545,13689,15013,13301,14785,13198
13580: 14211,13592,15493,15572,15183
15540: 14270,13422,15114
13679: 13185,13919,14267,15101,14141,14062
12899: 15290,15554,13418,13151,13114,14048
14691: 15497,15022,13000,13371,13633,14145
13701: 13949,13137,12914,14678,14727,15199
15384: 15432,13131,15490,15009,15385,14015
13556: 14413,13867,15171
12963: 13410,14383,14820,13246,15223,15703
13843: 14046,15801,14244,14518
15444: 14063,14506,13397,15776,14954,12874
13411: 14620,13071,14362,13105,13557
14519: 14492,12875,14358,13252,15146,14024,14613
15072: 13460,15788,15398,14023,13065,13696
13621: 12943,15651,15273,13046,13953,13863
13816: 14682,13361,14388,13691,12918
13827: 13419,15376,14244,13398,15357
15290: 12899,15554,13769,14048,15389,13915
14690: 12869,15049,15253,15793,14418,15571
14243: 14167,14404,15778,14894,15807,15794
13481: 14848,13310,13174,15275,13974,15596
14031: 14626,14112,14749,12863,14045
14996: 
13353: 
13178: 14901,14619,13677,14730,14650,14983
12875: 14492,14519,14358,13966,14977,15524
15329: 13934,13628,12920,13082,13761,15080
15256: 13347,13961,15168,14697,14997,14616
14032: 14365,13706,14193,14654
15085: 13812
13791: 15646,13129
13395: 14371,14408,14927,13807,13568,15275
14672: 15552,13352,14159,15130,14439,14607
13563: 15634,15322,15550,14917,13742
12858: 15578,15483
13965: 13259,14351,13763,13596
14183: 14373,14570
13747: 13914,15682,14414,13507,14610,15320
15542: 15671,14814,12843,14145,13558,14700
12912: 14896,14116,13643,13185,13919,13188
15352: 14068,14822,14806,15573,14758,13207
14645: 13409,13085,15474,15355,15283
14726: 15764,15790,15528,14901,14619,15241
14012: 14278
13198: 14785,13543,14340,15013,14698
13444: 13033,14463,14508,15330,15104,13030
15611: 15579,14453,15140,14458
28674: 14485,15272,14482,14951,15169
13396: 15093,14468,14218,12992,14985,13050
14199: 14845,12895,12989
13245: 15382,14387,15754,13176
14537: 13369,13144,15357,14212,14293
14714: 
13079: 14136,15210
15445: 15644,13213,14201,15341,14783
15781: 13646,13116,14587,14488,13232,14047
13575: 14355,14924
13291: 13782,13693,15532,15629,14574,15762
13887: 14068,14822,15304,15616,15041
13538: 14017,13902,15034,14103
15317: 14751,15586,14658,13871
14557: 14337,14679,13088,14381,13164,14703
14857: 14542,14003,13589,13293,13355,14376
14514: 14479,15316,14006,13219,13576
14006: 14479,14514,14262,15025,13219
13231: 13899,13566,13389,15461,14043,13433
14991: 14699,15386,13854,13956,14198
15192: 13774,14657,12832,15271,13878,13888
14125: 14596,13700,13453,13547,13534
15196: 
14471: 15082,13209,15494,14234,13614,13735
14011: 
14778: 
15065: 12880,15465,14732,14487,14774,13860
15399: 13694,14526,14882,13360,12829,15760
13460: 15398,15072,14152,13696,15651,14044
14395: 15736,12848,14216,13443,15551,13180
14196: 13802,12861,15602,14297,13069,15809
13925: 13739,13470,13732,14126,15428,13379
15700: 
13985: 15681,13529,14077,14459,14957
13125: 15333,15132,14064,14740,14829,14019
14702: 13752,14625,14788,15457,15423,13475
14614: 12869,15049,13386,14080,15637
15267: 
14285: 15417,14033,14339,14359,14118
13565: 12957,14757,12971,13839,13773
14194: 15194,13350,13653,15501,13536,13235
15736: 13546,12848,13955,14395,13180,13870
15508: 15158,13716,14669,13357,14149
12954: 14191,15401,13342
13449: 14292,14955,15189,12960,14367,15617
15687: 
14215: 13357,13462,14249,14321,15158,14884
13014: 14624,14592,15051,14966
14122: 13824,15036,14197,14660
15600: 14333,15161,28659,14306
14296: 14784,14762,12895,12989,13544
13038: 15493,15572,14099,13028,13261
13738: 13288,13027,14085,13299,14521,14147
13519: 14037,14320,13441,15451,14859,13823
14842: 14357,15220,15096,15503,13737,13548,15654
15551: 13443,15215,15595,12848,14395
14595: 
15469: 15755,14847,15655,13215,14959,14648
13479: 15177,15613,13605,15340,12841,13366
14231: 13899,13566,14298,14059,13972,13748
15459: 15712,13891,14496,14391,13047,14867
14928: 14444,15456,14784,15225,15563,13311
13159: 14819,14036,13461,14560,15749,15010
14841: 14718,15593
15043: 13998,13924,13135
13499: 14167,13130,13383,15504,15794
14806: 15530,14137,14960,14068,15352,13207
14433: 14254,15498,13626,14836,14898,13043
15707: 
15170: 14979,15313,14649,14478,15388,13708
28589: 13554,15560,14875,15016,15294
15118: 15562,28559,12959,15752,13826,12946
15231: 13950,14628
14948: 15813,15740,13579,14994,14316,15599
15618: 13268,15389,14964,15450,14417,14667
13527: 15644,13213,15583,15496,14627,15808
13295: 15578,15483,15299,14640,13873
13623: 14584,15518,13339,15787,14811
14062: 14613,14206,13679,14267,14141,15213
13769: 15290,15554,15658,13277,12997,13915
14725: 13426,13405,13105,13509,15062
14616: 14997,15350,15534,15256,15168
14522: 13948,13179,12883,14502,14766
14959: 13707,13215,15469,14648,15037,13244
15377: 14337,14679,13335,13927,13749,15405
13191: 15346,13463,14230,12915
15554: 12899,15290,13769,15658,14773,13418
13380: 14826,15807,14807,13759,15153,14906
14175: 15076,15175,13591,14273,14221,15397
15052: 15248,14192,13447,15502
12817: 13572,15324,14435,12990,13662,14859
13581: 13991,14055,14169,13365,14076,13526
13050: 13810,14606,12974,13396,15093,14985
13857: 12885,13761,14343,13669,13788,13792
15709: 14686
14807: 14826,13380,15153,13098,12938,13549
15208: 15602,15334,13709,14114,12861,13285
13868: 13055,13182,14536,14668,15475,14187
13569: 13682,15116,15697,13309,12960,14955
14503: 13577,13513,14553,14964,14667,15203,14140
15205: 14728,15348,15404,14436,14182
15527: 13492,15257,14858,13233,15239,12950
13099: 14999,14374,13839,15785
14013: 14573,12987,13437,13439
14817: 12994,13926,13322,12916,14723,13695
14218: 14944,14468,14843,14286,13396,15093
13237: 15229,14599,13356,13934,12920,13400
15428: 13743,12828,15768,14440,13739,13470,13925
15366: 12951,13977,13139,15647,13452,13154
13342: 14365,13454,12954,14191,14223
14843: 14976,14322,14218,14286
15523: 13704,13967,15590
15236: 14968,12816,13715,14816,13673,14349
15214: 13121,13508,13634,14812,13017,13202,13407
15744: 15529,13292,13688,12818,14675,13338
15241: 15358,14633,14901,14726,15790,14142
14095: 15460,15025,14879,14910
14918: 13684,13325,14760,13717
15037: 13244,13296,14959,14648,14938
15386: 14991,13956,13815,13077,13448
14232: 13018,15131,14895,14092,13142,13898
14287: 13713,14669,13659,14421,15510,13462
13677: 13178,14730,14568,13002,14481,14983
15742: 13892,14554,14686,12907,15186
15333: 15132,13125,14064,13119
14394: 13553,13898,14685,13483
13447: 14880,15052,15502,14789,14172
13554: 15560,28589,14195,15077,12872,15016
13233: 15527,13492,14254,12950,15800,14898
13464: 14485,15272,13986,13276
13655: 15045,13118,13218,13360,15771,15760
13029: 14385,14019,14779,15662,13993
13624: 13555,13551,14398,13722,14933,13787
15169: 14951,14485,28674,13195,28622
15210: 13222,13079
14573: 14013,13437,13439,13364,15782,15244
15705: 14917,15488,15679,13742,15064,14130
15740: 15813,14948,13579,13469,14084,15392
15615: 13026,14584,14706,14430,15713,12984
12917: 12916,14723,13153,13060,14973,14258
13542: 13983,14638
13530: 15295,13234,14566,14325,15110,14715
14107: 15094,15648,15007
15652: 15525,12818,15204,14840,14745,13992
15661: 12970,14834
14118: 14211,13592,14100,14285,14033,14339,13724
15314: 13033,14472,13976,15330,14618,14688
15528: 15764,14726,15173,15624,14084,14619
13604: 14120,15465,15165,14732,13217,13893
13767: 12922,14572,13753,14363,14828,13638
13653: 15417,15743,14033,13350,14194,13235
13208: 14995,13207,14913,15455,14758,14021
14804: 14651,15008,13328,14564,15254,15565
13561: 13229,14849,15112,12888,15091
14574: 13291,13693,13551,14392,15762,13281
14402: 14164,13636,13918,13492,15257,13537
15763: 15610,15038,14598,14845
13427: 
14269: 15535,13605,14123,14023,13136,15788
15805: 14328,13806
13403: 14863
15567: 15495,14722,14310,14036,13402,15400
15701: 14970,15219,13884,15786,15297
14643: 13942,14578,13935,15609,14790,14744
15587: 15549
13683: 13534,15071,13700,13313,13690
14077: 13985,13529,14640,15507,14957
15778: 14894,13905,13759,14243,15807
28665: 14454,14550,15475,14738,14222,13969
13196: 14709,13517,14397,15212,14014,14677
13735: 13614,13025,13274,13908,15082,14471
13348: 13397,12968,14748,14328,14063
14935: 13755,15729,13288,14085,13797,13656
14775: 14093,13597,14553,14629,14809
13387: 15230
14635: 15635,15706,15665,13837,13714,14600
14648: 14309,14938,15469,14847,14959,15037
15216: 14855,15064,15322,14917
15675: 15391,15281,14039
14732: 13217,15608,14487,15465,13604,15065
15429: 14047,15430,13670,13152
15046: 13053
12865: 14159,14498,15130,13865
14753: 15335,15810,14342,13777
14982: 12949,14646,14282,14602,15539
13182: 12993,15195,13055,13868,13432,14187
14456: 14642,13487,13044,14344,13828,14916
14759: 
13271: 15345,13480,13946,13883,15558,14659
13334: 15078,14188,13779,14540,14934
14771: 14426,14990,13691
12920: 13934,15329,15229,13237,13669,13761
14599: 15229,15467,13237,15274,13356,13364
12825: 14547,12819,15346
13060: 15172,14926,13748,13153,12917,14258
12892: 12900,15568,13278,15416,13166,14452
14345: 15288,13314,13318,15569,13922,13552
14316: 15728,15564,14451,14948,13579,15599
12906: 14349,12973,14605,14150,14987,12951
14263: 13305,14638,15100
14767: 12959,13495,13221,12897,14961,28559
14729: 14869,12926,14565,12855,15555,15514
13568: 12961,14475,13807,15275,13395,13174
14739: 15596,12866,15001,13822,14371,12896
14174: 15139,13097,14576,14343,15806,14200
14570: 14837,14515,14183,13249
15294: 15016,13472,28589,14875,13298,15674
14279: 14763,15677,13734,15748,14116,14447
15093: 13396,14218,14286,14423,12974,13050
12907: 15186,15742,14554,15435,12852,14903
12833: 14415,15201,15715,12854,14544,13758
14738: 12877,13649,14222,13331,14454,28665
15547: 15431,15396,13863,15273,15494,13550
13636: 14164,13069,14402,15580,13166,13918
14849: 13561,14219,15091,15343,14134,15197
13700: 14125,14596,15802,15339,13313,13683
14366: 13833,14241,14428
12975: 13360,13733,15771,15480,15306,13694
13287: 
13498: 15318,13879,13944,13757,15613,13981
13875: 14973,15461,13734,13433,14447,12930
15799: 14418,15277,13667,15793,14671,14390
13152: 13522,13670,15429,14480
15784: 13901,14538
15060: 14392,14776,13787,13025,14571,15591
14353: 15107,13692,13884
13394: 12882,13455,13365,13991,13817,14741
14670: 13882,14083,13255,15023,14823,13010
12860: 14417,14667,15176,15203,14967,14280
14695: 13803,14212,13211,15560,14195
15259: 15561,14319,14692,13013,13894,15269
12819: 14547,12825,13864,14549
13448: 13077,13339,15386,13815,15787
12836: 
12966: 15312,15565,14564,13959,13862,13169
13681: 14866,13389,14298,15265,13789,13566
15411: 13491,15033,14356,13642,13772,15691
13560: 12995,14207,14379,13618
13171: 13866,13753,13184,15608,13638,15200
15103: 14861,14694,15365
12902: 14523,14268,14969,15460,15025,15160
13855: 14427,13731,14143,13214,14403,15531
15356: 14484,13687,13692
14811: 14655,12928,13821,13841,15787,13623,15518
14553: 14503,13513,13597,14140,14775
15283: 15610,14645,15474,15038,12889
15757: 12884,15468,14925,13996,15159
13331: 15076,13420,14907,14454,12877,14738
14020: 14615,15167,13599,14988
14334: 15426,13729,13062,14800,13042,14972
15514: 15555,13893,15165,14705,12855,14729
13863: 15044,13953,13621,15273,15547,15396
15670: 13801,12980,14450,13528,15347,15412
15382: 13245,13502,14387,15640,13987,15754,15188
13907: 15426,13729,12941,12945,14974,13721
14968: 15236,13715,13001,15017,14349,12973
12956: 15261,13515,14460,13672,13853,15264
13878: 14346,14151,13545,15271,15192,13888
15292: 13501,12894,15666,15098,15499,13823
15651: 12943,13621,13046,13696,13460,14044
13658: 14091,14825,14715,14958,14566,14465
14633: 15358,15241,15055,13970,15790,15588
15354: 14300,15566,13835,14213,14290,14548
14940: 13068,15436,14478,14716,12946,14632
15708: 15148,14303
14803: 
13599: 13414,14154,15167,14020,14988
15375: 14871,14098,15122,13928,15589
13355: 15258,15765,13293,14545,14542,14857
12859: 15703,15510,13590,13399,14820,15092
14145: 13633,13558,13371,15542,14814,14691
14127: 14391,13277,13064,14277,14496,13134
15480: 12975,15306,14299,13694,15325,12925
13882: 14670,14083,13255
14133: 13284,14451,15649,14260,13183,14483
13002: 14559,14568,15202,14921,13677,14730
13028: 13790,13038
13141: 14908
12968: 14558,13397,13348,14328
13035: 13177,14567,13528,13650,15770,13801
14152: 12955,13460,15398,15714,14044,13722
12926: 14869,13074,14729,13059,15555,13903
12973: 12906,14349,14605,14968,15017,15024
13698: 15419,12814,15673,15692,15209,13820
12982: 15265,13678,13789,13330,15394,13602
15699: 14261
13716: 15508,14990
13851: 15785,14999,13583
14558: 13397,12968,15776,14144,15054
13916: 14827,13324,15126,15149,14883,14369
14188: 15078,14306,13334,14540
14169: 14054,15328,14076,15332,13526,13581
14526: 13694,15325,13371,15399,14882,13000
15015: 13415,14005,13154,13278,13093,13139
13906: 12835,15680,13286,13230,13828,14409
14046: 13843,15801,14189,13947,14742
14493: 12985,13647,13668,15659
14508: 14763,15677,15104,13030,13300,13444
15028: 14331,12840
14426: 14884,13478,14771,13361,13691
14507: 15135,13094,13078,15522,14952,14228
14423: 14097,14286,14969,15093,14268,12974
15691: 13034,13772,13642,15411,13666,13847
15405: 14050,15307,14337,15377,14162
15436: 13068,13283,14422,14478,14940,15388
14655: 12928,14811,15518,13665,15723,15592
15107: 14353,15786,15154,13129
13040: 15577,14314,14975,14505,15458,15111
13284: 14133,14451,14483,14429,15599,15127
14420: 15761,15019,14932,14956,14501,13459
14084: 15624,13469,15740,15764,15528,15392
13489: 14556,13531,15482,14250,14681,13825
15516: 
14161: 14547,15406,15686,13997,14683
15596: 13974,14739,12866,14371,15275,13481
15090: 
15463: 14865,15260,13842,15095
13288: 13738,14085,13299,14622,13797,14935
15754: 13223,15188,15382,13245,13176
15714: 13274,13908,14044,13722,14933,14152
14925: 15522,14952,13290,15757,13996
14799: 15393,14089,12815
15808: 13702,12851,15224,15583,13527,13213
15583: 13949,13137,14627,15808,15224,13527
14061: 12814,13101,14439,12986,14818,14704
15622: 15505,14665,12883,14502,15296,13058
15389: 13268,15618,13915,15290,14048,15450
13528: 13177,13035,14124,13801,15670,15347
12957: 14374,13565,12971,13067,14677
14782: 13457,14992,13107,12831,15491,13124
14681: 14684,15150,15804,14250,13489,13825
13376: 14474,13143,14396,15505,14665
13648: 14283,15580,13802,13293,14376,15568
13531: 14556,13489,13317,15482,15485,14664
13401: 15441,15594
15081: 14014,14662,14190,15212,14923,14873
13461: 13349,13858,14560,14819,13159,13695
13276: 14181,28622,13464,14485,13986,13039
14815: 15323,14998,13175,14703,15625,15307
13408: 
15653: 14223
15129: 15693,13412,12911,15561,14470,14319
14509: 12948,15633,14535,12980,13518,14724
15471: 13015,15775,15732,13732,14126
13711: 
14375: 13603,14749,13315
14098: 14871,15375,15553,13836,13410
14373: 15284,14837,14183
13207: 13208,14913,15352,15530,14806,14758
13922: 15569,13616,12821,15022,15288,14345
15686: 13719,14547,14161,13997,14067,13021
13977: 15366,12951,13139,14605,15464,13081
14124: 13127,15057,13177,13528,13265,15347
15733: 13912,14922,13382
12884: 15595,15468,15757,15207,14086
13547: 14717,14125,13718
14975: 14314,14637,13040,13303,14045,15458
13156: 15812,15485,14664,15524,14492,14295
14282: 14474,14602,15083,14663,14982,12949
14393: 14582,14911,13170
13045: 13785,13048,13615,13622,14499
14450: 13801,12980,15670,15372,15270,12948
14275: 15227,15696,13333,13486,13685,14794
14404: 14243,14167,15235,13958,14920,14894
14976: 15590,14322,14843,15298,14286
12935: 14710
15689: 13144,14284,15357,13398,14075,14904
13777: 13243,14342,14753,15420
14854: 13183,14197,14304,14483,13086,13824
14325: 13103,12921,15110,15295,13530
14549: 13647,13719,13864,15619,14524,12819
14502: 14766,14892,15296,14522,12883,15622
13815: 14699,15386,13448,15390
15063: 13121,13508,13368,15607,13391,15309
14344: 13230,13260,13828,14227,14456,13487
13929: 14872
15560: 13554,28589,14195,14875,14695,13211
13728: 13641,15014,13298,14489,15293
12905: 13205,15101,15005,15414,15772,14722
13740: 12922,14572,14465,13234,15713,14566
15017: 15024,15180,13001,15240,14968,12973
14417: 12860,14667,14131,13268,15618,14967
14305: 13338,13506,14832,14708,15137,15623
14478: 15436,14940,14632,14649,15170,15388
13228: 15725,15685,14289,15308,14716,13068
13018: 14217,14232,13142,13553,13898,15201
14201: 15755,14847,13710,15445,15644,14783
14965: 14693
15635: 14635,15706,12991,14956,14004,14600
14679: 14337,14557,13088,15377,14104,13335
15301: 13620,15100,15506,14577
14727: 14678,13616,14824,13137,13701,15803
15419: 15004,13698,12992,14985,15673,15209
15659: 14636,15630,12985,14493,13668,14534
14631: 15303
14653: 12830,13800,14743,15042,14440,15768
14071: 13052,15348,15159,14611,14436
14992: 14782,13107,15491,13831,14281,13324
13742: 14917,15705,15488,15023,13563
28559: 15562,15118,12952,14961,12959,14767
14439: 14061,13101,14159,14672,12986,14607
12820: 15694,15291,14270
13974: 15596,12866,13282,14848,13481,14551
15068: 14897,13796,15439,14510,13434
14432: 13039
15788: 15398,13366,15072,13605,14269,14023
13144: 14284,15689,15357,14537,14212
14627: 14981,15496,15803,15583,13137,13527
15026: 14008,13514,13436,14170,13490
15311: 14950,13263,13297,15530,14913,14520
15251: 14311,14132,14257,13091,13504,14383
14548: 13995,14290,14300,15354
13206: 14455,13070,15007,14865
14058: 14384,15368,13084,13386,14772,13987,15188
15810: 14753,15335,13192,15105
14705: 15165,14363,14828,12855,14641,15514
13304: 14624,14591,13157,15698,14592
14917: 15705,13742,15322,13563,15216,15064
14298: 13982,14059,13789,13566,14231,13681
13870: 15367,13157,15736,12848,13955,14591
14441: 12970
14363: 15165,14705,14828,13767,13217,13638
13465: 14499,15071,13622,13308,15484
14407: 12837,14796,13123,15204,14840,14347
14312: 13978,14879,14097,14969,15460
15137: 13782,15532,13944,14708,14305,15623
13579: 14948,15740,13269,15564,14316,13469
14271: 13817,15246,14361,13409,12967
13659: 14287,13713,13305,15589,14421,13620
13318: 14345,13314,15234,14240,14010,13552
15016: 13472,15294,12931,12872,13554,28589
12934: 13102,13794,15112,12888,13453
15287: 14709,13517,15563,14512,15456,13416
14793: 13008
14872: 13929
13109: 15266,12826,14224,15479,15193
14612: 15286,12924,15512
14546: 15041,13406,14915,15039,15616,15133
14752: 15332,13012,13344,13404,14569,14797
13550: 13209,15494,13848,15431,15547,15179
15084: 14668,14907,15657,14301,14939,14536
15074: 15186,14129,13940,14864
14170: 14324,13477,15418,13490,15026
13298: 13641,13728,14875,15294,14489,15674
14866: 12873,13389,13681,15265,13456,15559
13261: 13038,15572
14029: 15769
13995: 14548,15106
15513: 13930,13477
14876: 14027,13909,14110,13756,13475,15447
15123: 15349,15716
15269: 13879,14708,14692,15259,13013,13506
14780: 13346,15095,15449,15796
14897: 15068,13796,15059,15206,13434,14486
14220: 15211,12887,14480,13522,15759,12953
14421: 15589,15510,13399,14287,13659
13089: 14838,14733,14259,15075,14892,15296
13430: 13187,15344
14035: 13932,15218
13795: 14911,15798,14008,15538,14166
14589: 12918,15369
13950: 15231,14833
15250: 14335,14360,14581,15731
13016: 14932,14623,15373,13666,14501,14851
14357: 14842,15220,13115,14877,14801,13548
13491: 15033,13319,15766,15411,13484,13772
14272: 12823
15154: 15107,13129
14462: 15070,13037,13036,13451,14647,13780
13941: 28658,13466,13903,13074,15413
15786: 15107,15701,14288,13129,15297
14777: 12862,13076,13312,14641,12855,14565
14085: 13288,13738,14147,13755,14935,12998
14674: 14598,12909
13982: 14298,14059,13535,13602,13320,13789
13669: 14343,15806,15229,12920,13761,13857
13945: 13663,13167,14743,14504,14642,13044
13232: 14088,15430,14488,15781,14047
12925: 15671,14814,15480,15752,14299,15325
15101: 13205,12905,15005,13679,13919,14141
12952: 15562,28559,14961,15243,14069,15725
13695: 14819,13858,13461,14723,14817,13322
12987: 14013,13437,13438,13635
15397: 14221,13340,14273,13619,14055,14175
15153: 13468,14906,13425,13380,14807,13098
13130: 15477,14920,14971,14609,14167,13499
13485: 14017,13902,15126,14207,14379,15149
14810: 13927,14466,14654,13749,15612
14365: 13454,13342,14032,13375,14223,14193
13441: 14037,13519,13501,12953,13823
15668: 
14103: 15034,13723,15520,13538
13627: 13593,13617,13052,13225
13642: 13690,14356,13308,15411,13847,15691
13071: 15019,14362,13714,13105,14600,13411
14016: 13976,15330,15104,15324,14435,15472
14629: 14245,14809,14093,14775,13128,14101
14294: 15168,15302,15482,15812,15485,13347
14978: 
13888: 14080,13774,15192,14346,13878
13256: 12868,13374,13059,15395,14070,14877
14542: 14857,13589,14302,15249,13355,14545
15564: 15728,14316,13731,13214,14445,13269,13579
14238: 13574,13598,28520,14310,15422,15454
13129: 15012,14288,15154,15107,15786,13791
13425: 15153,13468,15730,15655,13098,13215
13513: 13577,14503,14553,15437,15473
13081: 13589,15464,15024,15249,14605,13977
15127: 14111,14429,13284,14304,14483,14156
12879: 13784,13327,14520,13297,14057,13272
15038: 15355,14598,15283,15763,15610
15179: 13270,13765,13848,13209,13550,13896
14444: 14928,15338,14784,14411,13544
15803: 14981,14627,14727,15569,13616,13137
13315: 13155,14375,13303
13229: 13561,15112,14134,14596,15802
13405: 13837,13714,13105,13702,14725,15062
14187: 14550,15475,13182,13868,13432,14074
15242: 13785,13615,13373
14951: 15169,15646,15012,14482,28674
14888: 15097,15032,12983,15732,13732,15050
15100: 15301,13620,15506,13305,14263
12853: 13024
12852: 15435,14889,14903,12907,12832,12891
13102: 12934,15147,14717
13879: 13944,13498,13757,14708,15269,14692
14440: 15042,12849,14653,13739,15428,15768
13005: 13212,13128,15255,14093,13597
15312: 15565,12966,14214,14052,13968,13169
14977: 15662,13966,14307,14463,12875,14358
14470: 15109,14319,13049,15129,12911,13500
14766: 14502,14892,13948,14522,13172,12936
15759: 14457,13019,14220,14480,12953
12927: 13665,14812,13184,15200,13017,13516
13675: 15110,14715,14958,13275
15807: 14826,13380,15778,13759,14243,14583,15794
14132: 14311,15251,13091,14491,15625,14050
12841: 13500,15340,15109,15613,13479,13757
14093: 13597,14775,14629,13005,13128,15255
13243: 14342,13777,14693
12991: 15635,15706,14929,15521,14813,14004
13672: 14460,15515,15470,12956,15187,13853
14607: 14445,12986,15552,14672,13214,14439
13160: 12999,14773,14157,28520,13654,15454
15574: 14618,12838,13494,14688,12944
13241: 13573,14833,13438
15440: 15353,14864,13586,14903,13545,15271,12891
15566: 14300,13835,15354,13446,14652
13431: 
13364: 13356,15782,14573,13437,15274,14599
13369: 14537,13041,15357
13393: 14750,13187,13629,13830
14117: 13820,14798,14921,15692,14730,14650
13467: 15361,14255,15748,13572,15324,15472
13968: 15497,14052,15312,13169,12821,14824
15012: 14288,14482,13129,15646,14951
15371: 13609,15750,13247,12964,14027,13066
13238: 15722,14473
14529: 15792,14185,13984,13612
14801: 14357,14877,13374,13457,13548,15069
13386: 14614,12869,14772,14058,15368
14561: 13645,13999,15813,14994,15509,13162
14203: 12870,15029,13036,14539,13037
14255: 14043,13467,15361,12873,15157,13572
15401: 12954,14191,15453,15704
13720: 14932,14623,14846,13422,15114,13459
14838: 13089,14733,15075,14022,14109,14026
13501: 15292,12953,12887,13441,12894
14193: 14466,13199,13375,14365,14032
13853: 15187,15512,13672,12956,15264,13336
15194: 14486,13350,14194,14289,15308,15501
14389: 
13775: 15448,13687
14005: 13415,15015,13154,13541,13631,13072
14409: 13230,13607,13608,14119,12835,13906
13000: 15497,14691,14052,14526,13371,14882
13975: 14411,14001,12988
15598: 14552,13804,15721,13630,12962,14858
13611: 12978,15738,14555,12857
13912: 15733,13351
14823: 15634,15023,15636,14670
14100: 14118,14211,14953,13724,13751
15458: 15111,14087,14975,13040,13303
15621: 13258,14541,13087,13750,15433,15735
14677: 13067,14014,13517,13196,12971,12957
15152: 15157,15559,13613,14320,13332,12990
13555: 13624,13551,14398,13981,15318,13693
15776: 14558,13397,15444,13939,15054,12874
13258: 14541,15621,15735,13173,13164,15115
13346: 14780,15095,15648
12871: 15762,13281,14090,13248,14086,15215
14326: 14563,15404,14182
14836: 13661,14898,15009,14433,14689,13043
14091: 13658,14825,15639,12847,14465,12862
12995: 13560,14207,13512,14530,13524,13618
14138: 14328,15393,14748
13871: 14658,12921,15317,15586,13809
14795: 15734,14839,14078,15519,14438,13149
13559: 15086,15722,13948
14022: 13792,14930,14109,15407,14838,15075
14262: 13388,14910,13219,15632,14006
14463: 14307,13033,13444,15146,13030,14358,14977
15735: 13533,14179,13258,15621,13087,15115
12955: 15398,13366,14152,14398,15177,13722
15022: 15497,14691,13633,13922,12821,15288
13786: 14112,14247,14698,15013,14626
14075: 13398,14518,15689,13146,15780,14904
13073: 13849,15408
13741: 13904,15120,15751,14525,15422,14277
15710: 12876,15279,13426,13557,13705
15639: 14091,14825,12862,13076
14651: 15380,15008,14804,13890,14431,13328
14563: 14326,14182
13806: 12834,15805
13457: 14782,13107,12831,13374,14801,15069
14348: 14808,14235,14168,13354,14040
14641: 12862,14777,12847,14705,14828,12855
14166: 13170,14707,13779,15538,13795
13872: 14476,12897,13963,13733,15306,13495
13497: 15745,15108,13805,13482,14490
15357: 13144,15689,13827,14537,13369
14927: 13082,12885,14930,13395,14408,13807
15007: 13070,13206,14107
13668: 13601,13021,14534,14493,15659
14764: 14102,13685,14597,13273,15233,13486
13312: 14777,13076,12844,14565
14826: 15807,13380,14807,14583,13267,12938
14155: 15289,15716
13381: 14210,13808,15433,14541,13088,14104
14425: 15087,15119
14157: 12999,13160,15237,15772,15495,28520
13880: 13660,14081
12876: 15710,13426,13859
13838: 15724,14652,13986,14051
13727: 15684,14853,14388,15369,14890,15255
13900: 
15535: 13605,14123,14269,13595,15351,15340
15442: 
15237: 12999,14157,15772,13205,15190,13781
15416: 13166,13918,13798,12892,14452,15581
15188: 15754,13987,14058,13084,15382
14545: 15765,13355,14209,13539,14302,14542
13493: 14073,13126,14881,15417,15743,14359
13935: 13202,14578,13634,15142,13942,14643
15126: 13485,13902,13831,13324,13916,15149
15122: 15061,15375,15553,13928
13370: 
13997: 15304,14683,14161,15686,14067
15121: 15404,12857,14041,14555,14728
15606: 
15202: 14559,14568,13002,14251,14980,15331
15106: 14330,14042,13995
14891: 13496
15758: 13973,15031,13954,13507,13909,14110
13338: 14305,13506,14832,13688,15529,15744
14919: 13697,13240,13730,15746,13314,15234
12870: 14805,14203,13586,14151,15029
15098: 15499,14399,15292,15666,14455,15500
15499: 15098,14274,14399,13823,15292
14473: 15722,13238,14025,13179
14030: 
15502: 14527,15777,15052,13447,14789
13165: 14476,13221,12897,14313,14370,15055
15633: 14509,14535,13046,13518,14115,13953
14571: 13614,13025,15060,14588,15427,15591
14582: 14393,14911,15035
13392: 15745,14696,13840,15141,13482
14983: 14914,14142,14901,13178,13677,14481
13782: 13291,13693,15532,15137,15318,13944
12962: 14164,15809,13630,15598,15257,14858
15300: 15521,14813,15326,13959,15199,13862
13962: 15593
13989: 14880,15660,13253,14172
14176: 15184,13667,15217,15793,12872,12931
15446: 15113,14484,15219,14656
13474: 13181,14458,14915,15039
13339: 13077,13448,14066,15787,13026,14584,13623
15536: 13588,13811
14622: 14962,15753,13288,13299,13797
13352: 15552,14672,15130,14143
14885: 14002,14914,14142,15358,12903,14313
14089: 14799
14957: 14469,14459,14640,13985,14077
13590: 15510,12859,15092,13462,14321
14202: 15543,13951,13180,14604,14216,13895
15609: 14308,15278,14736,14578,14643,14744
15517: 
15318: 13944,13498,13981,13555,13782,13693
15075: 13089,14838,13172,15407,14892,14022
13921: 14351
13514: 15026,14008,13436,15538,15767
13614: 13025,14571,13735,14471,14234,14588
15281: 15675
14459: 14469,14957,13985
15392: 13645,14239,14084,15813,15740,15764
14147: 14802,15573,13738,13027,14085,12998
13617: 13052,15698,13627,13593,14592
12880: 15465,14761,15065,15747,13860,14531
13864: 15619,15731,12819,14549
15451: 13662,14859,13112,13519,14274,13823
13717: 14540,14934,14918,14760
14041: 13612,14225,14701,14728,15121
14190: 14662,15557,15081,14942,13856,14923
15078: 28659,14306,14188,13334,14947,13520
14733: 13089,14838,14259,13404,14026,14797
12976: 12910,15321
14119: 13227,13110,13626,13607,14409,12835
13149: 15003,15585,14795,15519,14980,14438
13078: 14942,13856,14185,13094,14507,14228
14712: 15483,15299,14400,12867,12979,14229
14693: 13008,13243,14965
15782: 13356,13364,14446,15244,14573,15268
14731: 15811,13090,13423,13075,14154
15578: 13295,12858,14640
12881: 
13780: 14647,14205,14462,14248,13451,13473
13558: 13633,14145,13240,15542,15746,14700
14158: 13637,13244,13296,13783,14419
15581: 14500,14452,13607,15416,13798,13110
15104: 14016,15330,14508,15677,15472,13444
14045: 13303,14031,14975,14637,14749
15768: 12828,15428,13142,14440,12830,14653
13262: 13001,13625,14781,14410,13715,13145
15167: 14660,13075,14020,13599,14154
14265: 15228,13323,13080,13637
15713: 13234,14430,15615,12922,13740,12984
12856: 15779,15067,15455,13784,12958,14021
14632: 13826,12946,12843,14478,14940,14649
13186: 15678,14489,15293,14139,14808,14168
15203: 12860,14667,14503,14280,14140
13830: 15099,13393,14750,13629
13184: 13866,13171,12927,13665,15592,15200
15568: 14376,12900,12892,15580,13648,13166
14406: 14173,13062,14332,15588,14586,13970
15168: 14294,15302,13347,15256,14616
15417: 15743,13653,14285,14033,13493,14359
13729: 15426,13907,14334,13721,14510,14972
13274: 15714,13908,14044,12943,15082,13735
14831: 14053,14511,14873,13067,14374,15145
12861: 14283,13802,14196,13285,15602,15208
15797: 15410,13049,13442,13595,15387,15351
12854: 15715,13242,12833,15719,13758
13573: 13241,14833,13438,13635,14860
13813: 12846,13768
15793: 13667,14176,15217,14690,15799,14418
14207: 12995,13560,14379,13512,15149,13485
15010: 13671,15749,15115,13533,14560,13159
13328: 12829,14431,14214,14651,14804,15565
14889: 15435,12852,13947,14742,13329
15676: 13086,13337
14288: 15012,14482,13129,15786,15726
13030: 15146,13300,14508,13444,14463
13552: 14240,15027,15569,14345,13318,14981
15082: 15494,14471,12943,15273,13274,13735
13091: 15251,14132,15625,15323,15120,13504
14347: 14840,13682,15136,13309,14407,12837
15263: 12895,13544,14001
15569: 13922,13616,14345,14981,15803,13552
15070: 14462,13037,12850,14108,15640,14647
13015: 15471,15775,15732,14899,15360,13289
13142: 12828,15768,12830,13018,14217,14232
14604: 13834,15591,14216,13895,15427,14202
13586: 15353,15440,13545,12870,14805,14151
14397: 13341,14747,13092,14709,13196,15212
15802: 14596,13700,13229,14134,15339,13031
15177: 14398,15613,13981,13479,12955,13366
13706: 13532,14608,13454,14032,14765
15515: 14460,13672,15470,15277,15571,14384
14773: 12999,13160,13418,13654,15554,15658
15525: 15652,12818,14675,15143,14745,14327
13253: 13725,15660,13989
13784: 12879,13327,14520,15455,15067,12856
15021: 15636,14922,13382
14073: 13493,13126,15018,13980,13562,14881
12889: 14424,15626,15474,15283,15610,13990,15403
14915: 15039,13936,13474,15616,14683,14546
15211: 14220,12887,13522,14135,13111,14539
13362: 13644,13148,13923,14944,14468
15470: 15515,13672,14384,13084,15187
14845: 14199,13132,14598,15763
14786: 15439,13721,15570,13090,14974,14754
13641: 15014,13728,13298,13211,13763,14875
14386: 12826,14466,13199,14121,15612
15548: 14953,13724,13235,13536,14893,14009
14247: 13786,14698,15087
14602: 14474,14282,14982,15541,15539,13455
13251: 15089
15221: 
15556: 14314,14637,13131,15490,13216
15347: 15720,15412,13528,14124,15057,15670
15696: 14275,15227,13333,15134,13571,15033,13319
13289: 14689,15360,13015,15732,14315,15385
13325: 14918,13684,14368
15671: 12925,15542,14814,15752,13826,12843
15430: 14088,13232,12822,15429
12981: 12938,13549,15315,13323,13080,13194
15769: 14029,14434,14415,14477,14544
14687: 13709,14530,14114,13618
15809: 14164,13069,12962,14196,14297,13630
13500: 15351,15340,12841,13049,15109,14470
13584: 15796
14586: 13645,13999,14239,14406,14173,15588
14069: 13844,13042,15243,12952,15725,15685
14661: 15656
13020: 14436,14182,13052,13225
14248: 13451,12894,15666,13473,13780
14510: 15439,13721,13729,14972,13434,15068
13257: 15291,13048
15360: 14689,13043,13289,13227,14899,13015
13884: 15701,13692,14484,14353
13033: 14307,14472,13444,14463,15314,15330
15368: 14384,14058,12869,13386,15571
14418: 15799,15277,15571,15793,14690
15047: 14886,14513,14189
13834: 14604,15591,14216,14776,14090,13443
14964: 14684,15450,15618,14667,13577,14503
13779: 14707,14166,14947,13334,14934
14182: 13020,15205,14326,14563
14037: 13519,14320,13441,13332,13019
14605: 12906,12973,15024,13081,12951,13977
13685: 14102,13104,14764,13486,14275,15227
14254: 13537,15498,14433,13492,13233,14898
14479: 15316,14514,14006,15025,13699,15160
14036: 14819,13402,13159,15749,15400,15567
13116: 15781,13745,14587,13330,14862
13650: 14226,13911,15096,15503,14567,13035,15770
15310: 15228
13509: 13762,15062,14448,14725,13426,13859
13220: 14291,15421,13910,15487
14167: 14243,13499,14404,14920,13130
15053: 13697,13054,15234,14010,13468,14906
13183: 14854,14483,14260,13086,13337,14133
13876: 14954,13280,13083,12874,13306,13272
13429: 
14909: 15141,13482,14490,15660
15462: 13103,14066,13809,14721,13956,13077
12883: 14396,13179,14522,14502,15622,14665
12989: 12895,14199,14762,14296
15555: 13059,15395,13893,15514,12926,14729
13375: 14223,14365,14193
13330: 14862,15394,13745,13116,12982,13678
14311: 15251,14132,14257,14491,15672,13836
13703: 15337,13100,15603
14126: 13739,13925,13732,14993,15471,15775
15607: 13368,14756,12928,15723,13508,15063
14137: 15530,14806,14960,13601,14534,13263
14447: 14896,14116,12930,13875,13734,14279
13913: 15481,12996,14663,15083
15720: 15347,14350,15412,13122,15057,13136
15679: 15705,15488,12827,14130,13377,15452
14814: 12925,15542,15671,15325,13371,14145
15695: 13686,13860,14531,13585,14308,13911
15367: 13157,14611,13870,15595,15468,12848
14430: 15295,13234,15713,13026,15615
12943: 15651,13621,15273,13274,14044,15082
13811: 13588,15536
14332: 14406,13062,13970,14370,13510,14800
13145: 12816,13715,14410,13736,15643,13262
13306: 14057,13009,13272,13876,13083,13535
15207: 14443,13290,13248,14086,12884
14534: 13601,13668,15659,14636,14137,13263
15409: 15697,15151,12864,14792,13163,15425
14659: 13127,14912,13271,13946,15558,13193,14603
13937: 15576,14646,15539,12882,14361
15067: 15779,13236,12898,12856,13784,13327
13432: 15195,13182,14187,15410,13442,14074
14467: 14139,13570,14094
13480: 15345,13271,14790,14676,13282,13883
13105: 13405,13714,13071,13411,14725
15275: 13568,13395,14371,15596,13174,13481
14584: 13026,15615,14706,13623,15518,13339
15172: 13060,14926,13236,12898,13345,13153
14378: 
15165: 14705,14363,13217,13893,15514,13604
13689: 14340,15545,15182,15013,13216
13525: 14742,13329,14902,15780,14352
13308: 13690,13642,15071,13465,13847,15484
14123: 15535,14269,13136,13122,13595,14603
14636: 15659,15630,14534,14950,13263,15614
14482: 15012,14288,15726,14951,28674,15272
13532: 14608,13706,13808,13335,14765,14104
13157: 15367,15698,14611,13870,13304
13335: 13927,14765,13532,14679,15377,14104
15245: 14524,15252
15395: 13059,15555,13893,14070,14120,13256
15673: 12814,13101,15280,15419,15004,13698
15274: 13635,13437,14576,13364,14599,15467
15379: 
15030: 
13915: 13268,15389,12997,15290,13769,14266
15197: 15233,14134,15343,14597,14849
15753: 14622,15642,13189,15381,14380,13299
14223: 13375,15653,14365,13342
13158: 15079,15457,15423,12969,15232,13118
12929: 13609,15750,13104,15227,15380,15134
15678: 15674,13186,13472,15546,14808,14235
13110: 14119,13626,13798,15581,13607,15498
13100: 14594,13703,15603,14769
15597: 14569,14026,14797,12961,14475,14301
14583: 13367,13267,15794,14826,15807
15680: 12835,13906,14899,13286,14993,15775
13108: 13852,14461
12877: 14738,13649,13331,15076,13591,13226
14600: 13714,14956,15635,14635,15019,13071
15627: 15779,13236,15222,15795,13349,13345
14776: 14392,15060,13281,14090,13834,15591
15476: 15341,14783,14448,13600
13980: 14073,13562,13845,13766,13505,14881
15795: 13533,14179,15222,15627,13349,14560
15184: 14176,15217,13564,15011,12872
14490: 13725,13497,13482,14909
15518: 14584,14706,13623,14655,14811,15592
15711: 15544
13327: 13784,12879,14057,15067,12898,14497
15339: 14794,14338,13031,13313,13700,15802
15097: 14888,12983,15492,15050,15058,14241
13054: 13697,12972,15053,13905,13759,14906
14960: 14137,14806,15304,14067,13601,14068
13582: 14339,14359,15683,15537,14128
14240: 14010,15027,14887,13552,15730,13318
13082: 12885,13761,14927,15329,15080,14408
15464: 14003,13589,13081,13977,13139,13093
14539: 13111,13036,14135,14203,15211
15219: 14970,15701,14484,15446,14213
13783: 15638,14158,14419
14501: 14956,14004,14851,14932,13016,14420
14208: 13746
13379: 15492,15050,13470,13925,13732,13057
13365: 15541,14076,13394,13455,13991,13581
14449: 
15161: 14333,15600,15452,13377,13520,28659
14156: 13075,15631,14304,14111,15127,13423
13616: 15569,13922,12821,14824,14727,15803
13037: 15070,14462,12850,14203,15029,13036
14875: 15560,28589,13211,13641,13298,15294
14658: 13275,12921,13871,15317
14946: 13471,13850,13003,13301,14852,14785
15811: 14731,13090,14974,13423,13606,12941
15694: 12820
13466: 14416,15238,13941,28658,13903,13074
13592: 14118,14211,13580,14339,15683,15493
13391: 13934,13628,13400,13368,15063,15309
13639: 14160
14724: 13518,13065,12980,14350,15412,14509
14180: 13957,15737,13646,13745,13161
13404: 14054,14733,14259,14797,15332,14752
13909: 14876,14027,13066,14110,15758,15031
13193: 15387,14603,13435,15558,14659,14912
14932: 14623,13016,13720,14501,14420
15080: 14737,13628,15329,13082,13822,14408
14400: 13751,15183,12867,12979,14712
13046: 13518,13696,15633,13953,15651,13621
15144: 15425,15189,15226,13163,15626,15741
14611: 15367,13157,15698,15468,15159,14071
14413: 13556,13960,13978,14879,14910
12842: 15164
13155: 13315,14087
14979: 13730,15313,15746,14700,14649,15170
14987: 14150,14115,15044,14816,12906,14349
14362: 15761,13071,13411,14620,14065
12993: 15195,13055,13182,14848,14551,15688
15276: 13190,13259,14351
13807: 12961,13568,14927,14930,14109,13395
15182: 15545,13689,15663,15432,13131,13216
15018: 14073,13126,15439,15570,13562,13796
15218: 14035,14331
13845: 15702,13562,13476,13766,15727,13980
15775: 15471,13015,15680,14899,14993,14126
13597: 14093,14140,14775,14553,15684,13005,15255
15008: 14651,15380,14804,15134,13571,15254
14110: 14876,13909,13954,15003,13756,15758
13322: 12994,14817,15414,14819,13402,13695
14198: 13956,14769,14594,12824,14991
14908: 13523,13141
14638: 14263,13928,13542,13983,15061
13136: 14123,14269,14023,13122,15720,14350
13439: 14528,14013,14573,15390,15244
12996: 15481,13913,14396,15083
13903: 15238,13941,13466,12926,13074,13059,12868
15604: 13657
13264: 13522,15128,14805,14135
15565: 15312,12966,14804,13328,14214,14564
15630: 15659,14636,14506,14580,15614
13860: 13686,15695,14531,14774,12880,15065
14969: 14097,14423,14312,15460,14268,12902
15359: 15546,14671,14390,14235,13515,13764,14040
15381: 13189,15364,15133,13406,15753,13299
15191: 
15189: 15425,15144,12960,15741,14367,13449
14989: 
13115: 14357,15220,14877,14070,14761,15747
15544: 15789,15266,15711
12988: 15594,15338,14411,13975
14768: 13865,13007
14270: 15540,13422,12820
14848: 13310,13481,13974,14551,12993,13055
15212: 14662,13341,14397,13196,14014,15081
13433: 14043,15361,13734,13231,13875,15461
13801: 15670,14450,13035,13528,15770,15372
13954: 14414,13507,14438,15003,15758,14110
14097: 14286,14423,14969,15298,14312
14591: 13304,14624,13955,13870,14562
14765: 13335,13927,13532,13706,14654
15570: 15439,14786,14754,15702,13562,15018
15039: 14915,13474,15133,14546
13139: 15366,13977,15464,15015,13154,13093
13246: 14496,13134,15223,12963,15703,15712
12863: 13603,14112,14031,15087,15119
13294: 
14827: 14281,13324,13916,14850,13503,14369
13577: 14503,13513,14964,14684,15804,15473
14106: 
15117: 14252,15812,14295,13840,15302
14018: 14341,14630,14128,13056
15079: 13158,15423,15447,12964,15045,13118
13910: 13766,13917,15727,15421,13220
15603: 14751,15586,13703,13100,14769
13644: 13148,13362,14498,15280,15004
14981: 15496,14627,15803,15569,15027,13552
15132: 15333,13125,14019,15108,13805
13069: 14164,13636,15809,15580,13802,14196
13671: 14105,15749,15010,15115,13173,13664
14597: 15783,15343,13273,15233,15197,14764
14910: 13388,14262,14413,14879,14095
12933: 
15461: 14973,13875,14258,13899,13231,13433
15595: 12884,15468,14086,15215,15551,12848,15367
14890: 15369,13727,15255
13721: 15439,14786,14510,14974,13729,13907
14181: 13140,28622,13276,13039
13001: 14781,13262,15240,14968,13715,15017
13805: 14937,15132,13497,15108
14576: 14174,15139,15274,14860,15467,15806
13424: 14229
13326: 13210,15226,13163,14148,13340,14792
13090: 15811,14731,14974,13414,14786,14754
15505: 15622,14665,13376,13143,13058,15328
14779: 14688,14740,14307,14472,15662,13029
13074: 14869,12926,15413,13941,13466,13903
15447: 15079,15423,13475,14876,14027,12964
13367: 15504,14583,13267,14336,13529
15181: 
14970: 15701,15219,14213,15297,13835
15672: 13836,14224,15479,14276,14311,14491
15495: 15772,15567,14722,28520,14310,14157
13696: 13046,13518,13065,13460,15072,15651
15408: 13073,14735,14878,13373
13787: 14392,15060,13908,14933,13624,13551,13025
13242: 15715,12854,13057,15102,15719
15660: 14880,13989,15650,14909,13253
15496: 14981,14627,15027,13527,15644,13710
13667: 14176,15793,13378,12931,15799,14671
14709: 13517,15287,13196,14512,14747,14397
14200: 14343,14174,13097,15086,15374,13788
13333: 14275,15696,14794,14338,15033,13319
12909: 15355,15099,14674,14598
14873: 14053,14831,13067,14014,15081,14923
12908: 12958,15645,14021,14995,13343,13964
14230: 13760,13191
13712: 
14914: 14885,14002,14142,14983,14788,14481
14266: 13047,13384,14131,12997,13268,13915
13539: 14209,14883,13512,13524,15765,14545
14259: 13089,14733,15296,13058,14054,13404
14299: 12959,13495,15752,15480,15306,12925
15019: 15761,13071,14420,14956,14600
13622: 13534,15071,13615,13045,14499,13465
15229: 14599,15467,13237,15806,13669,12920
14911: 13795,15035,13170,14393,14582
15487: 13220,13917,14630
14995: 13208,14802,14758,13964,12908,14021
12951: 15366,13977,12906,14605,14150,15647
14701: 14728,14041,14225,13996,15348
15613: 15177,13981,13479,12841,13498,13757
15285: 13017,13516,14774,14736,13407,13686
14704: 15624,13469,14061,13269,12986,14818
13859: 13897,13426,13509,14448,12876
13904: 15120,13741,13504,14277,13134,15223
15738: 13611,12978,14511,15145
14431: 12829,15760,13328,13890,13218,14651
14066: 13103,15462,13077,13339,15295,13026
15064: 15216,14917,15705,13359
14070: 14120,14761,15395,13256,13115,14877
14521: 15041,13406,13738,13027,13299
15783: 12940,15343,15320,14597,13973,13273
15171: 13867,13556
15522: 14952,14925,14507,14228,14225
15521: 14813,15300,15199,15706,12991,12914
13828: 13230,14344,14456,13906,13286,14916
15173: 14798,15624,14619,14650,15528
14204: 
13524: 14530,14049,12995,13512,13539,15765
14735: 14878,15408
13680: 15135,13094,14832,15529,14354,13445
13736: 14644,15654,15643,14410,13737,13145
13201: 13363,15378,15066,14997,15350,14245
13593: 13627,14592,13617,13168
14856: 
14536: 14939,13310,14668,15084,13055,13868
13762: 13509,15062,14448,12851,15341
13549: 12981,12938,14807,13098,13707,13194
15062: 13509,13762,13405,13702,12851,14725
12818: 15652,15525,14675,13992,13688,15744
13323: 14079,15315,12981,13080,15228,14265
15162: 13151,14250,13114,12886,13316,14556
14120: 14070,15465,13604,14761,15395,13893
13673: 12948,14535,14816,15270,15236,12816
13649: 12877,14738,14222,15136,13226,12837
14783: 15476,15341,15445,14847,14201,14309,13600
15577: 13040,15490,14015,15362,14314
13162: 13606,12941,12945,15509,13999,14561
15302: 14294,15168,15812,14252,15117
13606: 13162,12941,14111,15509,15811,13423
15450: 14964,14684,15150,14048,15389,15618
14958: 13675,14715,13658,14825
15346: 13191,14532,12825
15083: 14474,14282,12996,13913,14663
14862: 13330,15394,14144,14587,15054,13116
14128: 15537,14018,14341,13582,13056
13337: 15676,13793,14260,13183
12947: 
15734: 14839,14795,13699,14414,14438,14610
14427: 13855,13731,14403,13793,15649
15457: 13158,15423,14702,14788,14002,12969
13122: 15057,14912,14603,15720,14123,13136
14789: 14172,13447,15502,14527
13192: 14711,13440,15335,15810
15378: 13363,13651,13201,14245
13502: 15382,14387,15640,14647
14654: 14466,14032,13927,14810,14765
12815: 12878,14799
14355: 13239,13684,13575
14241: 13833,14366,15097,15492,15058,14428
13343: 14963,13964,15645,12908,13087,13750
15704: 15453,14380,14962,14191,15401,15690
13670: 13152,15185,15128,15429
14154: 13414,13599,13075,15167,14731
15452: 14333,15161,15679,12919,12827,13377
15262: 
15304: 13997,15616,14683,14068,13887,14960
15546: 14671,15359,13378,15678,14235
15113: 15446,14656,14382
13112: 13662,15451,14274,14237,12838
15186: 12907,15074,15742,14903,14864
14579: 14921,15692,15209,14585,13810,14559
15206: 13844,13434,14897,15685,15308,14486
13137: 15583,13949,13701,14727,14627,15803
14302: 15180,14593,15249,14209,14545,14542
14972: 13844,13042,13434,13729,14334,14510
12862: 14777,13076,14641,14091,15639,12847
15111: 15124,15458,13040,14936,13819
13021: 14067,13601,13668,13719,15686
13951: 14202,15543,15174,13895,13663,13167
14697: 15066,15437,15473,13961,15256,14997
13983: 13542,15061,14638
15240: 13001,14781,13503,15017,15180,14593
15642: 14233,15773,13189,14380,15753
15674: 15678,14489,13298,13472,15294
13350: 14486,15194,14194,15059,15743,13653
13722: 15714,14933,12955,14152,14398,13624
14468: 14944,14218,13362,13396,12992
12874: 13939,13083,15444,15776,13876,14954
14625: 15331,13752,14702,14788,14481,14568
14082: 13225
12844: 14869,15413,14565,13312
14481: 14625,14788,14568,13677,14914,14983
15588: 14406,15790,14586,14239,14633,13970
13849: 13073,13373
12922: 13767,13740,14572,15713,12984,13753
13214: 13855,13731,15552,14445,14607,15564
14475: 12961,13568,15597,14939,13174,14301
13856: 14942,13078,14354,15557,14190,13094
15423: 15079,13158,15457,13475,15447,14702
13943: 15489
14043: 15361,14255,13433,13231,12873,13389
14868: 12979
13453: 14717,12934,15112,14125,14596
15479: 15672,14224,12826,14276,13109
13832: 15305,13610
15217: 15184,14176,15793,15253,14405
15702: 14754,13562,13845,13476,15570
13933: 
14225: 14041,13612,14228,15522,14701
14067: 13601,13021,15686,13997,14960
15273: 12943,13621,13863,15547,15082,15494
15054: 13939,14558,15776,14144,14862,15394
13006: 
14550: 15475,28665,14187,14074,13969,15693
15748: 13467,15361,13734,14279,15677,15472
14320: 14037,13519,13332,15152,12990,14859
15174: 15543,13951,13167,13800,14791,14895
15131: 14791,14895,15415,14092,14232
15306: 13733,12975,15480,13872,13495,14299
15279: 15710,15336
14675: 15525,12818,14327,15744,13292,15641
14109: 14022,14930,14838,12961,13807,14026
14619: 14901,13178,14650,15173,14726,15528
14608: 13532,13706,14242,15319,13808
12967: 13409,15474,15246,14271,13210,14424
14317: 14080,12850,14108,14772
14699: 14991,13854,15305,13815,14528
13026: 15615,14584,14066,13339,15295,14430
15665: 14635,15706,13949,12914,13837,15224
14567: 13177,15584,13035,13585,13650,13911
13216: 13689,15182,13131,15556,14637
13890: 13609,13247,13218,14651,15380,14431
14486: 15194,13350,15206,14897,15059,15308
14280: 15684,14853,12860,15176,15203,14140
15282: 14009,14971,14609,14953,13751,12867
15105: 15420,15810,13450
14750: 13393,13830
15812: 13156,15485,14295,14294,15302,15117
13840: 14696,13392,15443,15117
12945: 13162,12941,13999,14173,15426,13907
14986: 
14858: 15527,15257,15239,12962,15598,13804
13252: 14492,14519,14613,14206,13317,14664
15798: 13795,15035,14008
15751: 15120,13741,15323,14998,13574,15422
13097: 14174,15139,15086,14628,14200
13008: 14693,14713,14793
13628: 13934,15329,13391,14737,15309,15080
15272: 13464,14485,28674,14482,13446,15726
13996: 15348,15159,14925,15757,14701
14192: 15052,15350,15534,13363
13692: 13687,15356,14353,13884
15187: 13853,15512,13672,15470,13223
14994: 15813,14948,14429,15509,15599,14561
14342: 13243,14753,13777
14822: 14068,13887,15352,15041,13027,15573
13529: 13985,14077,13367,14336
15421: 15549,14988,13220,13910,15727
13756: 15003,15585,13752,14876,14110,13475
12887: 15211,14220,13111,13501,12953,12894
13714: 13837,13405,13105,14600,14635,13071
14950: 13263,15311,13297,15614,14636,13280
13382: 13255,14922,15733,15021
13043: 14689,15360,14433,13227,13626,14836
13804: 15598,13488,14552,14858,15239,13850
12900: 14376,15568,12892,14003,13278,13093
15134: 15380,15008,13571,12929,15227,15696
14878: 14735,15147,14717,15408
14678: 14727,15199,13862,13169,14824,13701
14805: 12870,14135,15128,13586,13264
13751: 15183,14400,12867,14953,14211,14100,15282
15138: 
13634: 13121,15214,14621,13202,13935,15142
14341: 14018,14630,13917,13505,14128
13371: 14526,15325,14814,14691,13000,14145
13715: 15236,14968,12816,13145,13001,13262
14947: 15538,13520,15767,15078,13779
14973: 13875,14258,15461,12916,12917,12930
13399: 15510,12859,14871,14820,14421
14869: 12844,12926,13074,15413,14729,14565
12949: 14982,14646,14663,15344,14282
13788: 15374,15407,14343,14200,13857,13792
14197: 14854,14304,13824,14122,15631
13999: 13645,14586,14561,13162,12945,14173
15180: 15017,15024,14593,14302,15249,15240
14562: 15415,14092,14685,13955,14591
15561: 14319,15259,15129,13412,13123,13894
15044: 14150,14115,14987,13953,13863,15396
13423: 15811,14731,14111,13075,14156,13606
14000: 15448
13893: 15395,15555,15514,15165,14120,13604
14745: 14840,13682,15116,15652,15525,15143
15739: 13755,15729,14963,14210,15433,13750
15559: 15152,15157,13613,13456,12873,14866
13770: 14894,13905,15313,13708,15235,12972
14144: 14587,14874,13938,14558,15054,14862
14184: 15036,13106
12944: 15449,14829,15574,13842,13494
14669: 14287,13713,13357,14149,15508
13603: 14749,12863,14375,15119
13881: 
14524: 15245,15619,13647,14549,14575
13052: 13617,14071,14436,13020,13627
14628: 15086,15231,13097
13660: 13880,15261,14543,13254,15264
14993: 12849,15680,13286,15775,13739,14126
12885: 13082,13761,13857,14927,13792,14930
13114: 13151,15162,13418,12886,13781,12899
12888: 13561,15091,13450,12934,13794
13049: 15797,13442,12911,13500,15351,14470
13661: 14836,14898,15009,15663,15800,15432
14042: 15106
14859: 13662,15451,13519,14320,12817,12990
15449: 12944,14829,13842,14780,14064
15001: 14737,14621,13822,12896,15142,14739
15320: 15783,12940,13914,13747,13507,13973
13279: 13061,13254,13336
15746: 14979,13730,14700,13558,13240,14919
13506: 13338,14305,13013,13688,14708,15269
13647: 14549,13719,14524,14493
15020: 14292,14955,15116,15143,14747,13092
13120: 13372
14105: 13671,15749,13664,13598,14844,15400
12937: 13254,15791
13771: 15511,14364,14967,15176,14682,12977
13280: 13876,14954,14950,13297,15614,13272
13036: 14539,14203,14462,13037,13451
13605: 15535,14269,15340,15788,13366,13479
14315: 15385,14015,15362,13289,15732,15032
14160: 15247,13639,15335,13440
14904: 15011,15077,14075,14284,15689,13146
13053: 15046
14094: 13570,12939,14467
12923: 13250,13725
13803: 14695,14293,13190,13259,13211
13374: 13256,12831,12868,14877,14801,13457
14017: 13538,13485,13902,14379
13799: 
13536: 13022,15501,14893,14194,15548,13235
13688: 13013,13992,12818,13338,13506,15744
13676: 
13270: 13765,15179,15486,14227,13896,13487
15663: 13661,13674,15800,15545,15182,15432
14603: 13193,13595,15387,14659,13122,14912,14123
13290: 14443,15207,13428,14952,14925
14942: 13078,13856,14185,14923,14190,13984
15303: 14631
14790: 15345,13480,14744,13942,14676,14643
15358: 14633,15241,15055,14885,14142,14313
15175: 15076,13420,14175,14273,13012,13344
15752: 12959,14299,15118,12925,15671,13826
13516: 13017,15285,14774,12927,14487,15200
12845: 
13730: 14979,15313,15746,13697,12972,14919
14368: 13325
14081: 13861,13567,13880
14924: 13575
13865: 14768,12865,15130
14673: 14762,15225,13990,15342,15403
13988: 
14796: 14407,12837,13123,14222,13969,13412
13377: 14130,14830,15679,15161,15452,13520
13731: 13855,14427,13214,15728,15564,15649
14588: 13197,15427,13952,14234,13614,14571
14913: 13207,13208,15455,15530,15311,14520
13358: 15373,15484,15006,14846,14623
14737: 15001,14621,15309,15080,13628,13822
14339: 13582,14359,15683,14285,14118,13592
13172: 15374,15407,12936,14766,14892,15075
13626: 13227,13110,14119,15498,14433,13043
15643: 14644,13736,15372,15270,12816,13145
14665: 15505,15622,14396,12883,13376
14205: 14647,13780,13070,13307
14954: 13876,13280,15444,14506,15614,12874
13384: 14266,13047,14131,14867,15511
13092: 13341,14747,14327,14397,15020,15143
12891: 12832,15271,12852,14903,15440
14065: 14620,15761,14362,15383
15501: 13022,13536,14289,15194,14194,14422
14356: 13690,13642,14338,13313,15033,15411
13418: 12999,14773,13781,12899,15554,13114
15112: 13229,13561,12934,13453,14596
15549: 15421,14988,15587,14291
12893: 15000,15579,15140
13077: 13339,13448,15386,14066,15462
12850: 15070,13037,14346,15029,14317,14108
13979: 14984,13224,14360
15227: 14275,15696,13104,13685,12929,15134
14260: 13793,13337,14133,15649,13183
13946: 15345,13271,14719,13265,14659,13127,14912
15124: 15111,13819,13023
15531: 14403,13855,14143
15683: 13582,14339,14099,13592,15493
14044: 13274,15714,13460,14152,12943,15651
13958: 14377,14920,14163,15620,15235,14404
15000: 12893,15478
13023: 15124
15572: 13038,13580,13261
14211: 14118,13592,13580,14100,13751,15183
13829: 14937,13250
15690: 15319,13797,15704,14962,14191
14010: 14240,15730,13318,15234,15053,13468
14682: 13816,12977,13361,14388,13771,15176,14853
12983: 14888,15097,15032,15362,15058,14505
15345: 13271,13480,14790,14719,13946,14744
15657: 14907,15084,14301,14569,13344,13420
15009: 13661,14836,14689,15384,15432,15385
13088: 14679,14557,14104,13381,14541,13164
14092: 15415,14562,15131,14232,13898
13574: 14238,13598,14844,14998,15751,15422
13504: 13904,15120,15251,13091,14383,15223
13883: 15558,14551,15688,13282,13271,13480
12872: 15011,15077,13554,15184,14176,15016,12931
15507: 14640,13873,13383,15504,14077
14335: 15250,14532
13153: 14723,12917,13060,15172,13858,13345
15215: 13443,15551,12871,14090,14086,15595
14937: 13805,13119,13829
14792: 14221,13340,13326,13163,15409,12864
15087: 14425,14112,14247,12863
15586: 14751,15317,15603,14721,13871,13809
14319: 15109,15561,14470,14692,15259,15129
13564: 14902,13146,15011,14405,15184
14151: 14346,15029,13878,13586,13545,12870
13608: 14500,13607,13230,13260,13072,14409
13723: 15034,15520,14103,15491,13124,14416
15298: 14941,15590,14976,14097
15722: 13948,14473,13238,13559
14313: 14476,13165,14885,15358,15055,12903
14088: 15430,13232,12822,14861,15365,14488
14906: 15153,13468,13054,15053,13759,13380
14087: 15458,13303,13155
13576: 14770,15682,15316,14514,13818
13750: 15621,13087,15739,14963,13343,15433
13831: 13902,15126,15034,15491,14992,13324
15362: 14315,14015,15032,12983,15577,14505
13517: 14709,15287,13196,13416,12971,14677
14104: 14679,13088,13532,13808,13381,13335
15632: 13421,13219,13095,13388,14262,15247
13984: 14053,14942,14185,14923,15792,14529
13707: 13098,13215,14959,13549,13194
14961: 13510,15243,13221,14767,12952,28559
13292: 15529,15744,14354,14675,15557,15641
15159: 13996,15348,15468,15757,14611,14071
15230: 13387,14007
14955: 14292,13449,15020,12960,15116,13569
14617: 13413
13772: 12942,13034,15691,13491,15766,15411
14907: 14668,15084,15657,13331,13420,14454
14078: 14839,14795,14523,13889,15519,15166
15439: 14786,13721,14510,15570,15068,15018
14055: 13619,13991,13581,14273,13526,15397
14333: 15600,15161,15452,12919
14880: 13447,15660,13989,15650,14172
15031: 13973,15758,13273,13909,13066,14102
14966: 15040,15051,13014,13168
13757: 13879,13498,12841,15109,14692,15613
14153: 14639
15563: 15617,13311,14512,14928,15456,15287
13940: 15185,15128,14129,15074
14516: 14666,14139
15616: 15304,14683,14915,14546,13887
15724: 13838,14300,14652
14640: 15507,13873,13295,15578,14077,14957
15225: 14673,14784,15342,13311,14928
15327: 15602,15334,13877,14297
14239: 13645,14586,15392,15764,15790,15588
15655: 15469,15755,14887,15730,13425,13215
13341: 13092,14327,14397,14662,15641,15212
13234: 15295,14430,15713,13530,14566,13740
15232: 12969,13963,13158,13118,13733,15771
12980: 15670,14450,15412,12948,14509,14724
14754: 15702,13090,13414,13476,14786,15570
15425: 15189,15144,12960,13163,15697,15409
15349: 15123
14657: 13774,15718,15192,13329,12832,14352
15393: 14799,14138
15647: 13452,15431,15396,14150,15366,12951
14358: 14519,12875,15146,14024,14463,14977
15125: 
15541: 13365,14076,14602,13143,13455
12851: 15808,13702,13213,13762,15062,15341
15410: 15797,13442,15195,13432,15387,13435
13150: 13222,15094
15387: 13193,13595,14603,13435,15410,15797
13349: 13858,13461,13345,14560,15627,15795
13450: 14165,15091,15105,12888
13620: 15301,15100,13305,13713,13659,14577
13610: 13832,15155
15316: 14479,14514,13699,15682,13576,14610
15013: 14340,13689,13198,13786,14626
14171: 14544,13758
15324: 13572,12817,14435,13467,15472,14016
14863: 13403
15130: 12865,13865,14672,13352
14096: 
13048: 13045,13785,14499,13257,15006
14306: 15078,28659,14188,15600
15243: 14961,13510,14800,13042,14069,12952
13800: 12830,14653,13167,14743,15174,14895
13452: 15647,13848,15431,15366,13154,13631
14376: 12900,15568,13293,14857,14003,13648
15649: 14133,14451,14427,13731,14260,15728
15592: 13665,14706,15518,14655,13866,13184
14290: 14330,14382,14656,15354,14548
14327: 13341,13092,15525,14675,15143,15641
13041: 13369,14372
13638: 13217,15608,13767,13171,13753,14363
14452: 14500,15581,12892,13415,13278,15416
13651: 15378,13458,14245,14101,15321,13200
13615: 13718,13373,13622,13045,15242
13247: 15371,13609,13890,12964,15045,13218
15005: 15101,12905,12994,13643,15414,13919
14882: 14526,15399,12829,14214,13000,14052
13064: 13277,14127,14525,13654,14277,15658
14575: 12985,14524
12924: 14612,15286,15512,14278
14135: 14805,13264,13522,15211,14539
15624: 13469,14084,14704,15173,15528
13895: 14604,13197,15427,13663,14202,13951
13792: 14022,14930,13788,15407,12885,13857
13691: 14426,14771,13816,13361,12918
12866: 13974,15596,14739,13282,12896,14676
14387: 15382,13245,13502,14136
13462: 13357,14215,15510,13590,14287,14321
14048: 13151,12899,15290,15389,15450,15150
13645: 14586,13999,14239,15392,14561,15813
15747: 12880,14761,14531,15220,13115,14226
14664: 13156,15485,14492,13252,13531,13317
14159: 14498,15280,12865,14672,13101,14439
13949: 15583,13137,13701,12914,15665,15224
13508: 13121,15063,15214,15607,15723,14812
15331: 13752,14625,14980,14568,15202,15585
15703: 12859,12963,14820,13246,15712,15092
14052: 15497,13000,13968,14214,14882,15312
14717: 13453,13547,13102,14878
12972: 13697,13054,13730,15313,13905,13770
13919: 13679,13185,13643,12912,15101,15005
14967: 13771,15511,14131,14417,12860,15176
13686: 13860,15695,15285,14774,14736,14308
13265: 13177,15584,14719,13946,14124,13127
13748: 13060,14926,13972,13899,14231,14258
15580: 13802,13648,15568,13069,13636,13166
13093: 15015,13278,14003,15464,13139,12900
12971: 14757,13416,13517,14677,12957,13565
14173: 14406,13062,14586,13999,12945,15426
13013: 13894,13992,13688,15259,15269,13506
13971: 
13185: 13679,13919,14267,13188,13511,12912
13567: 14543,14040,14081
13927: 13335,14810,14765,14654,15377,13749
15756: 
15289: 14155,13923
12985: 14493,14575,14787,15659,14580
15628: 
13746: 14113,14208
13955: 13546,15736,13870,15415,14562,14591
15715: 12854,13242,13057,13743,12833
12834: 13806,14874
13217: 14732,15608,13638,15165,14363,13604
15033: 13491,13319,15411,14338,15696,13333,14356
14422: 13068,13283,15436,14289,13022,15501
12895: 15263,12989,14199,14296
14451: 14133,13284,15649,15728,14316,15599
12977: 14682,13361,13771,14364,13478
15209: 15692,14579,15419,13698,14985,13810
13991: 13619,14055,13581,13365,13394,14741
15648: 14107,13346,15095
14540: 13717,14934,14188,13334
13095: 13321,13388,15247,15632
14113: 13746
12946: 13826,14632,15562,15118,14716,14940
14453: 15611,13760,12915
14720: 
13643: 12994,13926,14896,12912,15005,13919
13609: 15371,15750,12929,13247,13890,15380
14324: 14170,14855,15418
14349: 12906,12973,15236,14968,14816,14987
15474: 14645,13409,12967,14424,12889,15283
15477: 13130,13383,14609,15299,13873
14014: 13067,14677,15081,13196,15212,14873
14308: 13585,15609,15278,14736,13686,15695
15512: 15187,13853,13223,14612,12924
15723: 13665,14812,14655,12928,15607,13508
15453: 14380,15704,15401
15729: 13755,14935,15739,13656,14242,14210
13665: 12927,15723,14812,15592,14655,13184
13545: 15271,13586,15440,14151,13878
14971: 14009,15282,14609,14377,14920,13130
15204: 14407,13123,14840,13894,13992,15652
14903: 12852,12907,15186,14864,15440,12891
14741: 13817,15246,14148,13394,13619,13991
15658: 15554,13769,13654,14773,13277,13064
13914: 14770,15682,13747,14533,12940,15320
15341: 15476,14783,12851,15445,13762
13963: 12969,12903,15232,14476,13872,13733
15543: 14202,13951,15174,13180,13546,14791
15157: 15152,15559,12873,14255,13572,12990
15777: 15502,14527,13363,13458
13047: 14266,13384,14867,14391,12997,15459