14621: 13121,13634,15063,15309,14737,15142
28593: 
13143: 15374,14502,13812,14522,14665,12883
14985: 15004,14423
12849: 13739,13732,13286,14916,14440,14993
14615: 
14328: 12834,14506,14144,13330
15299: 15504,15477
15380: 14914
15145: 12857,14757,14677,15404,14563
13511: 14024,14267,13188,13300,14613
13765: 15179,13550,14234,13952,13209,15486
14273: 13619,14148,14424,15397
15510: 14193,14263,15506,14759,13928,14638
14172: 14880,14909,13482
15340: 15535,15351,13500,13479,13605,12841
13959: 15134,13609,15750,14338,14876
14722: 15567,15495,13402,15414,12905,15772
15448: 13791,14837,13687,13676,15284
13438: 13948,14576,15274,13635,14013,15467,15155
14250: 15162,13151,13489,14556,15150,14681
13724: 14893,14194
13533: 15115,15735,14179,15010,15795,14560
12829: 13000,14882
12939: 13259,15689,14875,13803,14372
12855: 14777,14641,14705,14565,14729,15514
14343: 13356,13934,13669,12920,15229,13097,13761
13151: 15162,14250,13114,12899,15150,14048
13942: 15001,14676,12896,13935,14643,14790
15785: 14053
13420: 13331,14907,15076,15657,13344,15175
13886: 13726
14390: 14235,15571,15546,15261,14666,15799
14436: 14555,13168,14182,12978
13061: 13096,13223,13245
14824: 13862,14734,15199
15666: 14539,13522,13111,14205,13586,15098
13488: 14552,13804,13471,13850
14556: 13489,13317,13531,13316,15162,14250
14112: 14031,15087,15700
13025: 13735,13908,13614,15060,15591,14571
13894: 13123,13412,15561,15259,13013,13992
13263: 14137,15530,13297,13021,13601,14520
12840: 13523,13588,14453,15218,15575,15536
14405: 15357,13041,14949
14881: 13796,15417
15804: 13825,13577,13961,14775,13513,15473
13753: 13866,12984,13184,13171,12922,13767,13638
14598: 
15338: 13416,12971,15563,14709
14998: 13574,14844,15751,13175,15323,14815
14252: 15660,13966,13993,13029,15524,14307
14488: 15709,15430,15759,15393
15372: 14644,15503,15770,13035,13801,15270
15484: 14956,13772,14253,14600
15779: 12958,15222,12856,13236,15067,15627
14108: 14384,15188,13987,13853,15754
13302: 15517
15116: 14955,13569,15020,14745,13682,15143
14833: 15539
15737: 13602,15394,15630,13456,13678,13957
15482: 14294,13489,13531,13961,13347
12958: 15779,15222,12856,14021,12908,15645
15178: 13763,15014,13921
15254: 12942,12966,15399
13948: 13438,14576,15155,13950,14573,15086
14438: 13747,14414,14625,15197
14923: 13839,14053
15373: 14501,15691
14809: 13005
14802: 13964,14995,15573,12998,14147,13027
13070: 15526,15292,15286,13780,15668,14647
15519: 14585,14839,15419
15363: 13832,12987,13364,14991,15337
15792: 13975,15212,14529,14942,15404,13583
14683: 13719,12915,13601,13224,13943
14079: 13080
15791: 14489,15359,13186,14040
14024: 15146,14519,13252,13511,13300,14613
15721: 13877,13630,15598,14552
12911: 14470,13049,13432,13442,14074,15129
15760: 13218,13158,15480
15698: 13617,13225,13020,12836,14591,13593
14920: 15483
14650: 15764,14921,14730,14726
15002: 15442
15244: 13841,13821,13448,13815,15390,15787
14178: 12887,14903,15103,15430
15730: 13710,15746,13318,15655
15150: 14684,15450,14048,14250,13151,14681
14893: 13724,14194,15683
15332: 14054,13581,14741,14752,13012
15296: 15407,13058,14109,15075,15622,13792,14022
13814: 14386,15544
14323: 13813,15774
14369: 14883,14209,13916,14827,13503,14593
14361: 13376,15576,15541,15328,14076
15293: 14348,14695,14168,13298,13965,13354
13301: 14852,13674,14946,14785,14340,15545
14921: 12986,14730,14650,14726
15092: 13920,15459,15712,13891,15703,14321
15201: 13057,15664,15492,15040,12828
13808: 13532,14104,14242,14608,14210,13381
14929: 15326,14813
14999: 14747,15456,13517,13196,15594,15287
15024: 15180,15017,15249,12973,14605,13081
12932: 14177,12893,15000,15611,12853
13297: 13263,13021,15311,14520,12879,13272
15745: 14019,14696,15662,15052,14880
14391: 14127,13277,14496,13384,13047,12997
15688: 13435,15410,14551,14848,12993,15195
13010: 14917,15705,15550,14083,12827,15452
14186: 13805,15500,13725,15333
15403: 14271,15226,13210,13619
14808: 15261,15674,14666,14348,13354,13186
13553: 12833,15769,13898,13470,14685,14477
14742: 13419,14554,12904,14046,15742
14585: 15519,15003
15343: 13914,15316,15320,14965
13793: 13579,14304,15728
13952: 13765,14234,14588,13197,14504,15486
13414: 14731
13938: 15444,14636,13397,14037
13222: 13079,14278
14594: 13364,13100,14751,14721
13281: 14574,15762,14392,14090,12871,15595
15589: 14224,15193,13836,15375,12859,14871
12994: 13322,14817,15414,13926,13643,15005
14666: 15261,15674,14808,15546,14390
12990: 15157,14255,13572,15451,12817,13662
15427: 14571,14588,13197,14604,13895,15174
13181: 14962,14261,15364,15140,14891,15773
13503: 14781,14850,14827,14369,14593,15240
15370: 
13646: 13152,12822,15074,15103,15759,13806
14828: 14705,14363,12847,14572,13767,14641
14489: 15359,15791,13354,13186,13965,14516
13278: 15015,13415,13093,12892,12900,14452
13446: 15724,15106,14300,13838
13267: 13130,13323,13905
12936: 14528,15085,14628,14766,14892
14448: 15279,14240,15635
14606: 14061,14481,15692,14479
15139: 14573,14599,13400,14576,15268,15782
15061: 13305
15761: 
14898: 15498,14254,13626,14836,15800,14433
14812: 15723,12927,13665,15214,13508,13017
14428: 13925,15088,14888,13057,15719
13873: 
14003: 14857,13589,15464,12900,14376,13093
13119: 12944
14949: 14189,14405,14518,15801,14075
15420: 15802,15091,13818
13833: 14544
14835: 14558,14575,15230,13116
13248: 15629,14443,15762,15595,15215,15757
14477: 14232,15051,14685,15415,13553,13898
14532: 13191,15148,13632,14590,13647,14984
12965: 
15418: 
15253: 15011,12872,14690,15276,15689,14904
15645: 13343,13087,12908,12958,15222,14179
13684: 15538,14368
15654: 13736,14644,14842,15096,15503,13737
14587: 15094,14007,13019,13780,15292
12896: 13942,15001,13822,14676,12866,14739,13480
15557: 13292,15641,14354,14662,13856
15506: 14193,15510,14638
15151: 13226,13309,15136,12864,15697,15409
13924: 14548,14183,15675,13403,15181
14364: 13771,15511,14867,13361,13478
15432: 12863,13131,15009,13661,14689,15182
13976: 15330,14618,14237,15314,14779,14688
13286: 13828,13906,14916,15680,14993,12849
13583: 15404,14563,15792,14942,14014
13702: 13105,15583
13044: 14642,13487,13945,14456,15042,14743
14912: 15057,15720,13127,13946,14659,13122
14351: 14195,13190,13259,14875,13596,15560,13921
14642: 13270,13487,13044,14504,15486,13945
14684: 15150,15450,14964,14681,13577,14553
14179: 15735,13533,13087,15645,15222,15795
15238: 13466,13903,28658,12868,14416,13124,12831
15434: 
15071: 12820,14275,15696
13124: 13723,14416,15491,15238,12831,14782
14543: 13254,13084,12924
13839: 15287,14374,13196,14512,14923
15608: 13638,14732,14487,15200,13217,13171,14363
13299: 13288,13406,14521,15133,15579
14214: 14526,14882,15565
14322: 13960,14312
15261: 14808,14666,13186,14390,14235,15678
12814: 15758,13752
14027: 14431,14804,13609
14338: 14102,13066,15134,13959
14601: 14272,15181,14204
15573: 14802,14995,13027,14822,15352,14758
13398: 13419,14244,14075,12904
14559: 15003,13677,15166
15579: 13936,13474,13463,13299,13406,15133
12838: 14435,15574,13662,14274,13823,14016,15499
14751: 15586,14594,14198,13703,14721
13957: 13613,15559,13456,15737,14862
14861: 13206,14264,13019
13708: 14404,15313
14926: 13748,13972,13060,14497,12898,13327
13230: 13828,14344,13906,13260,13072,13608
13930: 15798,13795,15026,14911
15530: 14137,13263,14806,13207,14913,14520
15590: 14095,14262,14413,13006
13496: 14177,15138,13813,14458
13794: 
14496: 13134,15712,13246,14127,14391,13047
14134: 13534,13313,13622
13928: 15375,14759,15193,15510,14263
15669: 15140,14622,15753,12853,14680
15801: 13369,14075,14949,14518,14284,12852
15662: 14019,15745,14618,15650,14688,15052
13781: 15190,12886,15237,12999,13418,13114
12826: 15301
14939: 13055,13310,14475,15597,14301,14536
12919: 14083,14056,12827,14333
14535: 14816,14115,15633,14509,12948,13673
13240: 14345,12914
15390: 13815,15274,15782,13841,15244
13266: 15755
15472: 14279,15748,13467,13572,15324,15677
13361: 14249,13478,14364,12977,13771,14771
14798: 13214,15173,14445,15624
13841: 15268,15782,15244,14446,13821,15390
15538: 13684,14368,14918,13325,14934,13575
14990: 13305,13620,13659,13462,14287
14063: 
14580: 15245,15659,12819,15731,13776,14524
14226: 15096,13650,14531,13911,15220,15747
13690: 14356,12934,15339,12940,13031
14624: 15656,14415
13732: 13739,12849,14888,14440,13018,15428
13994: 
13936: 15579,13474,14821,15616,13463
15755: 15279,13266
13899: 14231,13748,13566,14258,15461,13231
13096: 14136,13279,15382,13061
15731: 14984,12819,14161,14580
15246: 14271,15038,12889,13394
14429: 12945,14084,15509
13085: 15355,13455,13393,12882
12979: 14400,15548,14953
14301: 14797,14569,15597,14939,14536
13463: 15000,15753,13936,15579,15133
13442: 15195,13432,15410,15797,13049,12911
14844: 13574,13598,14998,13175,14105,13664
13421: 15320,15632,15247,13547,15147
13212: 14890,14589,12860,15203,15684
14354: 13292,15557,13680,15135,13856,13094
14696: 14019,15745,15449,14829,13482
13213: 14648,15153,14201
14944: 13967,14941
13147: 15717,15069,13107,14281,13625,14850
14706: 14584,15615,15518,15592,13866,12984
15562: 15671,15542,14814
15309: 13628,14737,15080,13934,14621,15063
14877: 13374,13256,13115,14357,14070,14801
12931: 14904,14902,15077,14212,14176,13554
15051: 14232,14477,14092,15415,13929,13142
13848: 13631,15431,13452,15179,13550,13896
15050: 15111,13289,15058,13242,14015
15115: 15735,13258,13533,15010,13173,13671
13544: 13311,15342,14001
13743: 14966,15040,14415,14241
15406: 12825,13224,14230,14335,14035
12886: 13781,15190,15213,15162,13114,13316
14350: 14724,13065,15412,15720,13136,14023
15750: 15227,13571,13066,13959
15278: 14744,15609,14719,14308,13585,15584
13277: 14127,14391,13064,15658,13769,12997
15534: 15502,15248,13447,13363,15660
13319: 14564,14794,15033
13174: 13481,14848,13568,12961,14475,13310
13412: 14796,13123,13894,13969,15693,15561
14483: 13284
13911: 14531,15695,13585,14226,14567,13650
13562: 15493
14143: 13352,14427
13458: 14101,15437,15321
14309: 
13520: 13377,15452,28659,15161,15078
14237: 13976,15330,14618,14435,15574,14740
15091: 15420,15802
14952: 14925,15135,13290,13428,13094,15367
13173: 13671,13664,13164,15115,13258,14381
13378: 15546,15277,13472,15294,13567,15674
14359: 13228,14069,14422
15322: 14170,15636,15064,13382,15023,15705
13889: 13960
13823: 14274,13519,14064,14320,12838,15499
12839: 14245,13200,14616,13840,15066
15057: 15347,14124,15412,14912,15720,13127
14554: 14742,13419,15756,15186,15742,15047
14403: 14159
15400: 15749,14036,14105,13598,15567,14310
14236: 13907
12864: 13591,14792,13226,15151,15409
14304: 15740,13284,13793,15728
13809: 13103,15386,13871,13956,12921,14325
14685: 13470,13955,15415,14611,13553,14477
14730: 14921,12986,15764,14650
13822: 15001,12896,14737,15080,14408,14739
15308: 14173,14972,12959
15089: 15707,15661
13858: 13345,13153,13461,13349,14817,13695
14497: 13784,12879,14057,13327,13972,14926
14410: 15717,13737,13736,13625,13262,13145
15777: 
15142: 13935,13202,13634,14621,14737,15001
15732: 14126,15360,14315,15775,13925,15088,15032
13003: 14946,13471,13543,14785
15441: 13311,13416
14246: 
14933: 13624,13722,14152,15714,13908,15060,13787
15257: 14858,15527,13492,14164,12962,14402
14784: 15763,15610,15283,14411
15344: 13835,14870,14353,13559
14860: 13986,12895,15722,13195,14750,13039
15576: 13376,14361,14674,15541
15141: 14595,15260,13494,14385,15449
13104: 15233,13973,13685,13333,13229
13657: 12823,13370,14837,15219
13595: 15535,15351,13193,15387,14123,14603
14121: 13342,13454,15704,15653,14223,14032
14851: 13034,14623,13642,15411
14148: 13619,15144,14273,12989,15397,13340,13326
13311: 13544,15441,13416
13329: 15217,14657,13878,14352,12852,15435
12823: 13657,13403,15219,14039
13759: 13770
13764: 15582,15359
15326: 15411,14929
13790: 14731,14630,15727
14050: 14491,14311,14132,15405,15625,15307
15614: 14950,13876,15346,12819,14954,14524
14185: 13856,13078,15081,14190,13612
14637: 14031,15087,15013,13786,13040,13689
13209: 13765,13550,14234,15547,15494,14471
15460: 13388
14434: 
13483: 13014
15492: 15131,12833,15769,13057,15201,12828
14800: 14111,14406
12948: 14450,13801,14509,15270,13673,14535
13223: 13245,13176,13061
13260: 13541,14227,14005,13072,13230,14344
15140: 15669,14622,14680,13181,15364
13236: 12898,15067,15779,15627,13345,15172
14291: 
15291: 12991,13016
13666: 13847,14270
14028: 
13161: 12982,13501,13602,13441,14865,15463
13373: 13102,13453,13048
14663: 15099,14025,13986,13039,14282
13476: 15549,13907,15206
13847: 13666,15691
14692: 13757,13879,14470,15109,14319,15269
13272: 14057,13306,13297,13280,15311,12879
13134: 14496,13246,13904,15223,14277,14127
13953: 14115,15633,13621,15044,13863,15273
14276: 15711,15672,14765,13749,14162,14491
13303: 14626
15794: 13549,14826,13985
14414: 13747,14438,14980,14219
15099: 14663,14025,14282,15724,14652
13034: 14851,13491,12966
13917: 
14064: 13011,13112,14320,13823,15499,14385
14626: 14045,13303
14476: 12964,13963,15588,13221
14900: 13141,12846,15616,13474,14915
14609: 14400
13693: 15318,13555,13782,13551,13291,14574
15456: 14747,14999,13099,15563,13517
14384: 14108,15187,15188,13336,13880
15533: 
13850: 14946,13471,13804,13488,15239,14852
14997: 15437,14697,14775,14629,15066
13596: 13763,14875,14351,13921
13877: 13630,14297,15721,15327
13117: 12845,14834
15149: 14207,13512,13485,15126,13916,14883
14336: 13427
14461: 13413,15604,14441,13995
14149: 15703,14321,13462,14421,13659,13399
14381: 14557,14703,13175,13164,13173,13664
15605: 14830,14855,13436,14823,14495
14963: 13343,13750,13755,13964,12998,15739
15385: 13015,13043,15360,15556,15384,15490
15148: 13191,14532,15028,14986,14590
15726: 14290,14153,13775,14051,13135,15354
15412: 15347,15057,15720,15670,14724,14350
15490: 15111,13289,15385,15360,14315,15556
15640: 13473,14220,12894,15286,13307,14387
13347: 13961,14697,14294,15485,15482,15256
15073: 
13960: 14322,14286,13889
15102: 15058,15719,13242,12854,13379,15097
13768: 14986,15164
15725: 14961,14972,14940
14916: 14456,15042,14440,13828,13286,12849
13087: 13343,15645,13750,15735,15621,14179
14515: 14288,13884,15043,13791,15446,13203
13056: 13582
13598: 13574,14844,14238,14105,15400,14310
13874: 13542,14193
13710: 15730,13468,15053,15655,12981
15143: 13092,14327,14745,15116,15020,15525
13309: 15136,15151,15697,14347,13682,13569
14564: 13319,15079
14310: 28675,15567,15495,15400,13598,14238
14899: 15680,12835,14993,15775,14126,15471
15575: 13997,15304,15536,14453,12840,14546
15255: 13597,15402,13128,13385
13588: 13523,12840,14329,13744,15218
14528: 15231,15085,12936,14396
13385: 13005,14101,15255
14788: 14885,15371
13121: 13634,13508,14621,15063,15607,13391
14229: 14868
14007: 14587,13019,12923,15095
14511: 14872,14728,15121,13611
14367: 15342,14001,14762,14928,15425
13789: 13681,13613,13982,13456,15265,14298
14491: 14050,14311,15405,14162,15672,14276
14523: 12974,15160,14117,14078
13118: 13221,12964,12897,15232
15532: 15623,15137,13782,13291,13587,15629
13428: 14952,13290,13445,13587,14443
12916: 14258,15461,14973,14723,12917,12930
13640: 
13785: 14846
15239: 14858,15527,13804,13850,14852,12950
15088: 13925,14428,15732,15032,15719
15437: 14101,13458,14997,14775,15473
13170: 
13585: 15695,14308,13911,15278,14567,15584
14469: 
14593: 14302,15180,15240,13503,14369,14209
14813: 15399,14929,15300
12873: 13681,14866,13389,14043,15157,14255
13436: 15605,14830,14008,14130,13490,14911
13896: 13541,14227,13848,13631,15179,13270
14445: 15173,14798,13214
14256: 14549,13776,13864,14360,15659
13058: 15296,14109,15075,15622,13365,13089
13866: 15592,12984,13753,13184,13171,14706
13224: 15406,12825,12915,14683,15686
15529: 14832,13680,13688,13338,15744,13292
13897: 
13852: 15661,15267,15707,14978
15193: 15553,14224,15589,15122,14263,13928
14278: 13222
13063: 15163,14755
13867: 14879,15093,15298
14736: 15285,14578,13407,13686,14308,15609
14040: 15264,12937,15791,14081
14234: 13765,13952,13209,14471,13614,14588
13719: 12915,14683,13601,13997,14960,14137
15388: 14971,15685
15376: 15357,13144,14293
14721: 12824,13956,14751,14594,13703
14019: 14696,14740,15745,15662,15449,14618
15584: 13177,13035,13585,15278,14719,14567,15770
15284: 14000,13676,13692,15448
14140: 13597,14890,15369,13727
13755: 14085,14935,12998,15729,15739,14963
13426: 14620
13368: 13237,13391,13400,14756,12928,15607
14647: 14612,13502,15668,13079,13070
14217: 13800,13167,15768,14895,14791
13526: 14797,13012,14569,13581,15657,13344,14055
12964: 14476,13118,13221,15306,15045,15232
14544: 13833
12848: 12871,14395,15595,15215,15551,13304
14864: 15756,14886,14129
13189: 14242,14608,13656,14261,15381,15319
14401: 13413,13778
13250: 13150,13745,13805,13725
13359: 13377,14830,14947,15078,13477
14372: 12939
15772: 13205,12905,15495,14722,14157,15237
12942: 15079,12966,15254,15497,13484
14039: 13846,15219,14484,12823,14548
14577: 13305,13620
13993: 15650,13392,13029,13363,14252,15660
15136: 13226,13309,12837,15151,13649,14347
14379: 14207,13560,14017,13485
14331: 13811,13390
13776: 15619,14256,14580,15245,15659,12985
14286: 13960,13923
13475: 13273,15585,13700,13909
14688: 15650,13392,14779,13976,14618,15662
14212: 15077,14195,13190,15276,14904,12931
15682: 13388,15025,13192
13163: 15741,15189,15225,15626,14762,15425
14002: 14633,14370,12925
13546: 13180,12836,15543,13870,15736,14611
15213: 14206,14062,15190,12886,14141,13316
15120: 13904,13504,15323,13091,15751,13741
15636: 15322,14170,15733,15488,13004,13382
13796: 14754,14881
14988: 14122
13674: 14852,12950,13301,15182,15663,15545
15524: 13156,12875,14307,14977,13029,14252
13978: 14713
15025: 13388,15682,13699
12961: 13807,13568,14838,14026,14475,13174
12827: 14083,12919,13010,15452,15161,14333
15509: 13645,13423,14429
14474: 12883,15622,14665,14169,15328,13365
13407: 14578,13202,15214,15285,13017,14736
13454: 13342,14121,15612,14765,14032,14654
13459: 
13062: 13178,15813,13165
13317: 14556,13531,13316,14206,13252,14664
13760: 12846,15616,14096,15708,14821
13607: 15581,14500,13608,14119,13110,14409
13739: 12849,13732,14888,14993,15775,13925
15415: 14092,15736,14611,14685,14477,15051
13926: 13643,14896,12930,14723,12994,14817
15716: 15280,14133,14498,14423
15041: 13027,14822,13887,15039,13406,14521
15158: 14215,14669,13357
14513: 14905,14129,15128
13704: 
15268: 15782,13841,14446,15139,13400,14756
13273: 13475,15585,13890,12929
13179: 13187,13913,14025,13629,14652
15582: 13764,13570
13166: 13918,15416,15580,15568,12892,13636
14008: 14495,13436,14130
14610: 
13235: 13434,13350,14194
13356: 14343,12920,14599,15229,13237
13821: 13841,15244,14446,15787,13339,13623
14590: 14035,13632,15028,14532,15148
15128: 13545,14129,14905,14513,15353,13947
13774: 12869,15793,15637,14418,15049,13472
13934: 14343,13669,12920,15063,15309,13628
13132: 14652,15106,13276
13505: 
15558: 13271,14659,13282,13193,13883,14603
13148: 14672,13269,13101
15473: 13513,13128,15804,14775,14101,15437
13629: 13179,13455
14289: 12952,15439,14961
14374: 15287,13839,13517,13851,14053
13842: 15500,13725,14874,13745,13011,13112
15160: 14006,12974,14523
15383: 14501
15771: 13733,15542,12975
13434: 13235
14962: 13181,14261,15364,14935,13797,13656
13372: 15489
13972: 14231,13748,14926,14497,13009,14057
14708: 13506,15269,13879,13944,14305,15137
15374: 13788,13143,14502,13857,14200,13812
14001: 14367,13544,14645,15617
14295: 15660,13966,15502,13051
14620: 13426
13920: 15459,15092,14321,13713,13478
14480: 14135,14203,13152,15074,14047
14487: 14732,15608,15200,14774,13516,15065
14943: 
15485: 14492,14294,13156,12875,13347,15256
13923: 15298,14286,13007
15438: 14233,14380,14365,13199,12954
15369: 13727,14140
13798: 13918,15416,15581,13537,15498,13110
13128: 13513,15473,14093,15255,15402
12941: 15426,13469,14084,13423
15252: 14748,12834,12913
15712: 14496,13246,13891,15459,15092,13047
15108: 14595,14829,15132,15687
15335: 
13455: 13085,15355,13629,13830,13393
14257: 15251,13410,14311,14132,15479,13836
14415: 15040,14592,13743,14624
13363: 15052,13447,15650,13993,15534
12918: 14589,13816
14518: 15357,15184,14949,15801,14284
13495: 13510,12897,13733
14834: 15675,13117,15281
14131: 13771,15511,14266,13268,14967,14417
12978: 13168,14701,13611,14436
15265: 13456,13678,15054,13320,13982,13789
14560: 15795,13461,13349,13533,15010,13159
14454: 13331,14907,15084,14668,14738,15475
14785: 13543,13198,14946,13003,13301,14340
14820: 13590,14871,13410,14383,12963
14083: 14056,12919,12827,15023,13010,15705
12821: 14734,14052,13137,12914
12878: 15805
14941: 14944,13007
13205: 12905,15772,15101,15190,15237,14141
13534: 14134,14597,15233,13756
13300: 13188,14763,13030,14508,15146,14024,13511
15199: 15706,13862,14824,14635
13861: 13660,14671,12924,12956
13758: 15097,14505
14242: 14608,13189,13656,14210,15729,13808
13316: 13317,14556,12886,15213,14206,15162
14038: 15250,15164
15163: 13063
12828: 15040,14592,15492,15769,15201
15402: 15255,13597,15203,13128,14093,14890
13456: 13678,15265,15737,13613,13789,13957
13204: 
15626: 14444,14762,15263,13163,15225
15466: 13352,13106
13176: 13223,13245,13079,14612
13164: 13088,14541,13258,14557,14381,13173
13820: 14451,13855,15564
15277: 15546,13378,13472,15793,15799,14058
12999: 14157,13160,14773,13781,15237,13418
15601: 14768,15130
13540: 
13551: 13787,14392,13624,13555,13693,14574
14581: 14710,15250,14856,14360
13197: 14588,15427,13952,14504,15174,13663
13594: 14718
14101: 15437,13458,15473,13385
13699: 15025
13086: 
14703: 14557,14381,13175,14337,14815,15307
14855: 15605,14830,15216,14823,15550,13377
13490: 15026,14947,14911,14830,13436
15190: 13781,12886,15237,14141,13205,15213
14076: 15328,15505,14361,13991,13394,14054
13541: 14227,13260,13896,13631,13154,14005
14228: 13168,14182,13996,14507,15468
12857: 15145
13180: 13304,12836,13546,14395,15543,14216
13357: 14215,13716,15158,14853
14472: 13030,13444,15314,14508,14463,13033,14779
15414: 12994,13322,13402,14722,15005,12905
13111: 14080,13888,15049,13522,15666,15098
14555: 14436,15205,14326,13652
13389: 13566,14298,13681,12873,14043,13231
14892: 13812,14766,12936,14628,14200
15685: 14632,13068,15388
13967: 14944
13435: 13193,13883,15387,15688,15410,14551
14506: 12834,14328
14905: 14513,13940,15128,15353
13254: 14543,15187,12924,15470
14267: 13185,13679,13188,14613,14062,13511
14902: 14904,12931,14690,15217,13578,14176
13200: 13651,12839,15378,13201
13282: 12866,15596,13974,15558,13271,13883
13031: 13045,13453,14356,13690
14277: 13741,14525,13064,13904,13134,14127
13752: 12814,14980
14956: 15484,14600,13016
13269: 14672,13148,15552,12986
13987: 13036,14772,13386,14108,15188
13891: 15712,13246,12963,13590,15703,15092
13898: 13553,15769,14477,14592,14394
15743: 13228
14146: 14617
15634: 14922,13004,13351,15488
14072: 13971
14129: 15186,13545,15128,15756,14864,14513
13076: 14777,12862,13312,15639
14465: 14572,13740,14566,13658,14091,12847
14068: 14806,15352,14960,15304,14822,13887
15200: 15608,14487,13184,13171,12927,13516
15454: 13160,13654,14238,28675,14525,15422
13973: 13104,15233,13756,15031,13909,13685
14974: 13162,14156,13090
13451: 14539,14047,13152,12822,13670,13586
13612: 13984,14185,15081,15522
13663: 15174,13167,13945,15768,13197,14504
13313: 14134,13622,13486,14764
14938: 13194
14772: 14346,14317,13386,14462,13987,13036
12974: 14969,14523,14468,15160
15364: 13181,14962,15140,14622,13288,13797
14499: 14846,14270,15408
13098: 15234,13323
14883: 14369,13539,14209,13916,13512,15149
13055: 12993,13310,14939,14536,13868,13182
15315: 15578
15027: 15153
13107: 13457,14782,14992,15069,13147,14281
15468: 12884,14041,14228,14182,14507
13473: 14205,15640,13586,13670,15211,13307
14307: 15524,13156,14252,13966,15168,15302
13744: 14329,14778,13588
14021: 13208,14758,14995,12908,12958,12856
13472: 15277,13378,15294,13774,15793,14418
12903: 14332
15266: 15711,15672,14466,15553,14224,15479
13557: 13405
12867: 14163,13499
14829: 13482,15132,15108,14696,15449
14931: 14639,15012,14042
13039: 14750,14982,14282,14860,14663
13802: 12861,14196,14283,13648,15580,13069
15435: 15192,13369,12852,13329,13878
13437: 15806,15231
13244: 15445,14648
14566: 13234,13530,14715,13658,13740,14465
13477: 14707,15078,14924,13359,14947,13514
12890: 
15351: 15535,13595,15340,13500,15797,15387
15498: 13537,14254,14898,13798,13626,13110
14057: 13009,13306,13272,12879,14497,13972
15355: 13085,13455,12949
13523: 12840,13588,14329,12825,14230,15536
14520: 13784,14913,12879,15530,13263,13297
12938: 12981,15053,15807
13754: 15156,13413
13422: 
15631: 15167
13487: 14642,13270,13044,14227,14344,14456
13631: 13848,13452,15366,13154,13541,13896
15086: 14174,15229,13948,13950,14573
13400: 15139,14599,15268,14756,13368,13237
13482: 14829,15132,14696,14880,14172,14909
15055: 14726,14619,14313
14747: 15456,14999,14955,15020,15594
13905: 15778,15282,13267,14243
14049: 13524,15765,15258,13285,13709,14530
15545: 14340,15013,13674,13301,15182,13131
13059: 13256,12868,12926,15555,15395,13903
15787: 13077,13339,13448,15305,15244,13821
15396: 15044,15647,14150,13863,15547,15431
13522: 14539,15666,12870,14248,13111,13888
13548: 15717,15069,13737,14357,14842,14801
15625: 15323,14815,13091,15307,14050,14132
13773: 13092,14327,14397,12957,15212,13565
13065: 14724,13518,14350,14023,15072,13696
13131: 15432,12863,13040,15182,15013,15545
15494: 14471,15082,15273,13863,15547,13209
15258: 15765,13355,13293,14049,13285,14283
14222: 14738,28665,15475,13969,12837,13649,14796
13844: 13493,14786,13606,15068
14283: 12861,13802,13648,15258,13293,13285
14080: 13111,15049,12869,15029,15098,14346
14189: 14949,14244,13827,14537
13383: 14919,15234,14826
14047: 14539,13451,14480,12870,14203,13152
13619: 15144,14273,14148,15403,15226,14424
13745: 13150,14399,13250,14865,14874,13842,13725
15497: 13484,13169,15008,12942,15079
13215: 12843,13694
14980: 13752,14414,14625
14945: 13390
15526: 13079,13070,15292,15094
15796: 13125
15488: 12901,15634,15636,15733
14235: 14390,13515,14460,15571,15678,15261
13283: 15170,14033,14404
13518: 12980,14724,13065,13696,15651,13046
14458: 14680,13931,13496,13813,14891
13908: 13735,13025,15714,13274,14933,15060
12822: 13152,13646,13451,14180,13806,13670
15004: 14985,14423,15673,14061
15602: 15327,15208,15334,12861,14196,14297
15646: 15272,14951,15169,14750,14982,12996
14245: 13651,12839,13840,15443
15003: 14559,14585,14702
12898: 13236,15067,13327,13060,14926,15172
14346: 14317,14772,14080,12869,15029,14462
13168: 14228,13996,14701,14436,12978
14264: 13346,13019,15185,14455,14861,13206
13083: 13535,13320,13280,14950,13876,13306
15780: 14886
14694: 13116
14034: 
12950: 14852,13674,15239,15527,13233,15663
15764: 14650,15624,14730
12843: 13558,15752,15436,14145,13215
15006: 13642,12820,15691
15336: 
14412: 15667
14337: 15377,15405,14679,14557,14703,15307
14689: 13661,14836,13043,15432,15009,15384
15058: 15719,13242,15102,15050,15032
12953: 13584,12933
14719: 14744,15278,13265,13177,15584,14124
15365: 15286,13307,13780,14455,15211,13346
15619: 14549,13776,13397,12985,14787
14846: 14499,15408,13785
13515: 14235,14460,15678,15264,12956,14671
13310: 12993,13055,14939,14475,13174,14848
14984: 14493,15731,13191,14532,13647
14416: 15520,13723,13124,13466,15238,28658
14749: 14314,13819
15297: 15272,14951,14432,13203,14288,14382
15307: 14815,15625,15405,14337,14703,14050
14840: 14407,14347,15204,14745,13682,15652
13733: 12897,14767,13495,15771,13360
15553: 14224,15193,14098,15266,14466,15122
13625: 13262,14781,14850,14410,15717,13147
12910: 13989,15502
14755: 13063
12915: 13719,14683,12825,13224,15536
14541: 13088,13164,13381,15433,13258,15621
13275: 12921,14658,13675,15110
15223: 13904,13504,14383,13134,13246,12963
14740: 14019,15449,15574,13494,14618,14237
15727: 14630,13790
13416: 15338,13311,15441,12971
15198: 14303,13933,13053
14757: 15145,14677
15305: 13854,13448,14769,15462,15386,13077,15787
14718: 13594
15800: 13661,14836,15663,13233,14254,14898
14249: 13361,13713,13478,14771,14113
15095: 12923,14007,14060
13969: 28665,15475,14222,14550,15693,14796,13412
14533: 13008,14097,14006
14700: 15022,15235
13390: 14331,14945
13763: 13596,13921,15178
15146: 14519,14024,13300,13030,14463,14358
13227: 14119,13626,12835,13015,14433,15471
12816: 15236,13145,13715,15643,13673,14816
13066: 15031,12929,15750,14338,14102
15813: 13970,14510,13062,13178,13165
14388: 14426,13816
14330: 14746,14639,14570
13687: 15448,14837,13370
15706: 15199,13837,14635,15766
13106: 15466
14300: 14656,13464,14290,15724,13446,13838
13778: 13413,14401,13711
14723: 12916,12917,13153,14817,13926,12930
14756: 12928,14811,15268,14446,13400,13368
14191: 15642,13706,15690,15319,14608,13532
14059: 13566,14298,13009,13535,13982,14231
15610: 14199,14784
13812: 14766,14892,14522,13143,15374,14200
15323: 14815,15625,13091,15751,14998,15120
13600: 
14099: 13038
14380: 15438,14233,13024,15667
15224: 14678,13527,12851
14221: 13340,13326,15189,14175,13591,14792
12901: 15488,13912,15733
13259: 12939,15276,15689,14875,13190,14351
15264: 14040,12937,13515,15678,14671
15697: 13449,15409,12960,13309,15151,13569
13190: 14195,14212,14351,13259,15276,14875
14572: 12922,13740,13767,14465,12847,14828
13492: 15257,15527,13233,14402,13537,14254
14009: 
14698: 13543,13198,14247,15119
14111: 14800,13645,14586,13999
15749: 13159,14036,15400,15010,13671,14105
13293: 15258,13355,14857,14283,13648,14376
15641: 13292,15557,14662,14675,15744,13341
14446: 15268,13841,13821,14756,14811,13623
12970: 15267
13221: 13118,12925,13963,14476,12964
14206: 15213,14613,14062,13252,13317,13316
14165: 15247,14711
13566: 14059,13389,14298,14231,13899,13231
15195: 13182,13432,13442,12993,15688,15410
15762: 13291,14574,13281,15629,14443,13248,15595
15330: 13976,14237,14016,14435,13444,15314,15104
13825: 15804,14681,13577,13489,13961
14825: 13658,14091,15639,14958
14303: 15198,14329,14230
14922: 15634,13004,13255
14485: 
15156: 13754
15537: 
13320: 13535,13982,13083,13876,15265,15054
13226: 15136,15151,13649,13591,12864,12877
13601: 13719,14683,13943,14137,13263,13021
13956: 14769,14721,13703,13871,13809,15386
15077: 14195,14212,12931,13554,14695,14168
13818: 13556,15420,15802
13836: 14224,15479,15589,14257,13410,14871
15176: 15684,14634,14682,14967,14280,13691
14676: 13942,15001,12896,14790,15345,13480
14195: 15077,14212,13190,14351,15560,14168
15617: 14645,14292,14001,13449
15348: 14071,14086,13225,15159
15059: 13536,14486,15702
13188: 14763,13300,14116,13185,14267,13511
13417: 15593,13881
15183: 
13761: 13792,15329,13097,13788,13857,14343,13669
14274: 15451,13519,13823,14320,12838,13662
14853: 14208,13357
15465: 12880,15065,14761,13604,14732,14120
15623: 14305,15137,15532,14832,13445,13587
14794: 14102,15033,13319
13471: 14946,13850,13003,13488
15483: 14920,14118,13529
12960: 15697,14292,14955,13569
13080: 14079
14646: 13430,12895
14015: 14505,13289,15050,14366,13155
14613: 14206,14062,14267,14024,13252,13511
13402: 14036,14819,13322,15414,15567,14722
14411: 15763,14784,15263
13718: 13257
14630: 15727,13790
13656: 14242,13189,14962,14261,14935,15729
14292: 14645,15617,13099,12960
13654: 13160,14773,15454,14525,13064,15658
15644: 14807,13549,15638
14142: 14633,13872
14527: 15812
15011: 15253,12872,15056,13146,15689
14774: 15285,13516,14487,15065,13860,13686
14136: 13096,14612,13502,13245
13726: 13886
15684: 14634,15176,14280,12860,13212
13314: 13633,15569,14727,15746
15233: 13104,13973,13756,13534
13846: 15219,14039,14288,13884,14432,13129
12837: 15136,13649,14222,14796,14407,14347
13022: 13721,13536,14486,15194
13199: 15704,12954,15438,14233,13431,13799
15455: 13784,14913,13208,12856,15067,13327
14743: 14653,13800,13044,13945,15768,15042
13602: 15737,15394,13501,13161,14862,13441
14787: 13397,15619,12968
13397: 14636,12815,12985,14787,15619,13938
13113: 15021,13988,14324
12998: 14802,13964,14147,14085,13755,14963
13931: 14458,13813,14891,15478
13351: 14670,15634
13854: 15337,13448,15305,14769,12824
12969: 13890,14914,14983,15447
28652: 
15433: 14210,15739,13750,14541,13381,15621
14874: 14865,15463,14457,13745,13011,13842
12928: 14756,14811,14655,13368,15723,15607
14398: 13624,13722,12955,15177,13555,13981
14268: 14095,14262,12902
14734: 12821,14052,13328,14824
13589: 14857,14003,14542,15249,15464,13081
15789: 13542,15122,14098,14810,13109
13007: 13923,14941
12984: 13866,13753,15713,14706,15615,12922,13740
14253: 14420,13772,15484
15550: 13010,14917,15216,14855,13377,15452
15489: 13372,12913
13219: 14735
14623: 14851,14275,13491,13642
14517: 14138,15230,14558
15045: 15306,14651,15588,12964,13247
13618: 14530,14687,12995,13560
13470: 14791,13955,14685,12833,13553
12897: 13733,13118,13495
12831: 13457,14782,15238,13374,12868,13124
13285: 15258,14049,13709,15208,12861,14283
13837: 15706,15766,15808
15552: 14481,13269,14568
13705: 14847,15019
14538: 14449,15661
14352: 14284,12852,12872,14690,13329,15217
15806: 14013,13437,14699,13241
14399: 13150,13745,12982,13332,14865
13202: 13935,14578,13407,15142,15214,13634
13591: 14175,12864,12877,14221,15076,14792,13226
14839: 15519
14552: 15598,13804,13488,15721
13154: 15015,14005,13139,15366,13631,13541
14233: 15438,15453,13431,14380,13199
15164: 13768,14038
14318: 
14261: 13181,14962,15773,15381,13189,13656
14565: 14869,12844,14729,14777,13312,12855
15319: 15381,15690,14608,13189,14191
15770: 14567,13650,15503,15584,13035,15372,13801
14530: 13709,13618,14687,12995,13524,14049
14371: 14739,15596,14927,14408,13395,15275
13664: 13173,13671,14105,14381,13175,14844
14168: 15293,14695,15077,14195,15560,13298
14760: 13717,14355
15361: 13734,13433,14043,14255,13572,13467
14850: 13625,14781,13503,13147,14827,14281
14494: 13939,13864,13932,14549
15656: 14624
14832: 15529,13680,13445,13338,14305,15623
14761: 12880,15465,14120,13115,15747,14070
14639: 15354,14042,14931,14330
15110: 14715,13675,12921,13275,14325,13530
14435: 15574,12838,14016,15330,14237
15475: 14738,28665,14222,13969,14454,14550,14668
15034: 13723,14103,15491,13538,13902,13831
13409: 13376,13172,13937,15083
13713: 14249,14321,13462,13920,14287
14762: 14444,15626,13163,15425,14367,15342
15493: 13562,14754
15234: 13098,13383
15481: 15083,13172,14766,14522
13749: 14765,14032,13927,14106,14162,14276
13027: 15041,14822,14521,14802,15573,14147
13970: 15813,15790,13002,14633,14370
13011: 14064,13112,14320,14874,14457,13842
13819: 14749
15342: 14367,14444,14762,13544
13443: 13834,14202,14090,12871,14395,14216
14115: 14535,14816,13953,15633,14987,15044
13725: 13842,15500,13745,13250,13805,14186
15325: 13371
15334: 15327,15208,15602,14114
15166: 15331,14559,14901,15457
14551: 13481,13974,14848,13435,13883,15688
14216: 15543,13951,14202,13895,13443,14395,13180
15692: 14579,14479,14606,15209
15109: 14470,13049,13500,13757,12841,14692
14819: 13402,13159,14036,13461,13322,13695
14360: 13864,14856,14581,14256
13613: 13681,14866,13789,15559,13957,13456
15270: 13801,12948,13673,14644,15643,15372
14026: 14475,15597,14733,12961,14838
15286: 13307,13780,15365,15640,15668,14387,13070
15056: 13146,14293,13803,15011
15404: 13583,14563,15792,14529,14677,15145
14162: 15377,15405,13749,13927,14276,14491
15500: 13842,13725,15333,13112,14186,15260
12959: 15542,15308,14940
15426: 12941,14561
13902: 13538,14017,13485,13831,15126,15034
13682: 14840,14347,14745,13309,13569,15116
13694: 14649,13215,13730
13572: 14255,12990,15361,15472,13467,12817
14293: 15056,13146,15376
14505: 14015,13758,15362
13336: 15515,14460,15571,14384,15188,13880
14209: 14369,13539,14883,14545,14302,14593
13947: 14135,12907,13545,15128,15353,12887
12869: 13774,15793,14080,15049,14346,14317
14321: 14149,15703,13462,13920,15092,13713
14377: 
14547: 14067,13647,14493,14534,13668,15346
14114: 15208,15334,13709,14687
15249: 14302,15180,15024,13589,14542,13081
14596: 
14504: 14642,15486,13952,13197,13663,13945
15594: 14397,15020,14747,14999,14327
15228: 14826,13323
12992: 14159
12940: 13486,15339,13690
13521: 12913,13932,13979,13939
15422: 13741,14525,13574,15751,14238,15454
14644: 13736,15654,15643,15372,15503,15270
13824: 
13024: 15303,15516,15699,15667,14380
15677: 13444,14508,15104,15472,14279,15324,14763
13869: 
15591: 15060,14776,13025,14571,14604,13834
15773: 14891,15478,14631,13181,14261,15381
15599: 13731,14704
15133: 13288,13299,15753,13463,15579,14622
13239: 14368
14830: 15605,14855,13436,13359,13490,14947
15271: 15742,15047,12832,15440,12891
15222: 12958,15779,15645,14179,15795,15627
13321: 14342,14160,14735
14392: 14776,13787,14090,13551,14574,13281
15226: 14199,15403,13619
13662: 12838,12990,15451,14274,14016,12817
14770: 14795,13576,13954
15765: 13524,15258,13355,14049,13539,14545
14894: 13958
13835: 15344,13140,14870,15107,14181,14030
14668: 14187,14550,15084,13868,14454,15475
14224: 15553,15193,15479,13836,15589,15266
28658: 13466,13941,15238,15520,14416
14953: 12979
14578: 13935,13202,13407,14643,14736,15609
15032: 15111,14315,15732,15088,15058,15719
14896: 13926,12912,13643,13875,12930,14447
13167: 15174,13663,15768,13951,14895,14217
14484: 14039,14548,13129,13249,14482
15185: 14686,14180,13806,14455,13206,14264
14054: 15332,15505,14076,13991,14259,14752
14837: 15448,13791,13687,13657,13884,15219
15504: 15299,14077,15477,14957
13918: 13166,15416,13798,13636,14402,13537
13486: 12940,13313,14764
14500: 15581,14452,13607,13072,13608,13415
13127: 13265,15345,13946,14124,15057,14912
14525: 13741,14277,15422,13064,13654,15454
14219: 14514,14843,13747,14414
15040: 12828,14415,15201,15715,13743
14284: 14352,12852,14518,15184,15801,12872
13194: 13296,15424,14938
15478: 14891,15773,14631,13931,15303,15516
15114: 
12904: 13369,14075,14046,14742,13398
13468: 15053,15569,14887,13710
15119: 14247,15700,14698,13198,13786,14031
14713: 13978,14413
14569: 14797,14301,13526,15657,14536,14907
14852: 12950,13674,13301,15239,14946,13850
14385: 13494,15499,14064,13112,15141
14442: 15138,14177
12914: 15521,12821,13240
14744: 15609,15278,14719,14643,13265,14790
14680: 14458,15669,15140,14891
13388: 15682,15025,15460,13192
13296: 13194,14959,15424
15443: 13840,13051,14245,14192
14763: 13188,13300,14116,14279,14508,15677
13123: 14796,13412,13894,14407,15204,13992
13478: 13361,14249,13920,15459,14867,14364
14711: 15112,13073,14165
14130: 13795,14008,13436
14707: 15078,13477,14924,13334,13779,14393
14419: 
14074: 14187,14550,13432,12911,15129,15693
14634: 15684,15176,13746,13691,14208
15048: 14863
13494: 15499,14385,15574,15141,14740,15449
14443: 13587,15629,13248,15762,13290,13428,15757
14895: 15543,13951,13167,14217,13870
13797: 14085,14935,13288,13738,14962,15364
13169: 15497,14804,13655
14934: 13325,14540,13779,14918,14393,15538
14314: 13315,13216,12983,14749
13324: 13916,14827,14281,14992,13831,15126
14818: 14568,12986,13677
12846: 13760,15616,13032,14096,13141,14900
13892: 15090,15393
14660: 13337,15127
14139: 14348,14695,28589,13567,13554,15674
14060: 14012,15095,15094
14870: 15344,13835,14353,13998,15154,14181
13072: 14500,13608,13415,14005,13260,13230
14821: 12881,15708,13760,15616,15611,13936
13419: 14742,14554,13398,15756
15023: 13882,13382,15322,15705,14083,14056
15313: 12972,13708,14583
15014: 13921,15178,13211,13728
13135: 15191,13775,15566,15726,14970
14816: 14535,14115,14987,13673,15236,12816
13587: 15629,14443,15623,15532,13445,13428
14177: 13496,12932,15138,14442
14748: 15252,15444,14799,14144
15511: 14867,13384,14266,14364,14131
14531: 13860,15695,13911,12880,15747,14226
13009: 14057,13306,13535,14231,13972,14059
13632: 14035,14590,14532,13647,15686
13484: 15497,12942,13862
12830: 14653,13800,14791,15428,15131,12833
15260: 14595,15141,13112,15500,15333
13249: 13775,15566,14482,14484,14548,14183
14141: 15190,13205,15101,13679,15213,14062
14887: 15569,13380,13468
13932: 13979,14494,13521
15042: 14916,14456,14440,13044,14653,14743
14102: 14338,14794,15031,13066,13685
14656: 12996,14300,13464,14982,14282
12824: 14769,14721,13364,13854,15337
15328: 15505,13365,14076,13376,14169,14361,14474
13961: 14697,14775,13347,13489,15482,15804,13825
13633: 13314,13380,13701,13922,14727
15094: 14587,15526,15292,14060
13146: 15056,14293,15184,15011
13225: 13617,15698,15551,15348,15159
14370: 13165,13970,14633,14002
12847: 14091,14572,14465,12862,14641,14828
14227: 13541,13260,13896,13270,13487,14344
12997: 13384,14266,13277,14391,13769,13915
13344: 15657,15175,14055,15397,13526,13420
14383: 15251,13410,13504,15223,14820,12963
13981: 15318,13555,15177,15613,13498,14398
13630: 13877,14297,15721,15809,12962,15598
13211: 13298,13965,14516,15014,14467,13728
15029: 14220,14462,12894,15098,14080,14346
14884: 14113
13075: 13162,14184
13734: 13433,15361,14973,13875,15748,13467
15790: 13970,14619,14510,13002
13766: 
13440: 
14004: 12991
13571: 15750,15227,15423,14651,14876
13187: 13913,13179,13986
13415: 15015,13278,14005,14500,14452,13072
14116: 13188,14763,12912,14447,14279,13185
15767: 15798,14355
13885: 
14033: 13283
14710: 14581,14161,15250,13191
14244: 14189,14537,13398,14075
14781: 13625,13262,13503,14850,13001,15240
15155: 14628,13950,13635,15085,13948,13438
13578: 13667,13525,15217,14657,14902,14176,15016
13992: 13013,13688,13123,13894,15204,12818
14667: 14280,14417,15618,14964,14503,12860
14592: 12828,14415,13898,14394
13817: 
15766: 15300,15706,13837,14600
15076: 13331,13420,15175,14175,13591,12877
13210: 14424,14271,15403,13581,14741
14492: 14664,14294,15485,14519,14358,12875
15288: 13826,14814,13558
14568: 14818,14481,15552
14025: 14663,15099,13179,14652
14464: 
15637: 13774,14418,15368,13667,14614,15049
14023: 15072,15788,13136,14269,13065,14350
13133: 
14791: 13470,13955,13800,12830,14217
12913: 13521,15489,15252
14879: 13867
15503: 15096,14567,13650,15770,14644,15654,15372
13512: 14207,12995,15149,13539,14883,13524
15774: 14323,15699
13986: 12895,14860,13187,14663
15049: 14080,13111,15368,12869,13774,15637
15467: 14699,13573,14013,13438,15274
14662: 15557,15641,13341,12957,13975
14466: 15266,15711,14098,14810,14654,15553
15664: 13057,15201,12854,15715
14164: 15809,13636,13069,12962,14402,15257
14051: 13775,14482,14213,13464,15726,14290
14437: 
13652: 14661,14555,14082
13944: 15318,13782,13498,13879,14708,15137
12868: 13374,13059,13256,15238,13903,12831
13203: 28674,15446,14288,14515,14382,15297
15638: 15644
14865: 15463,14874,12982,13161,13745,14399
13067: 
14847: 13705
13360: 13371,14767,13733,12975
12882: 13172,13085,13393
14618: 13976,14237,14019,14740,15662,14688
13990: 
14498: 15716,15289
14686: 15185,15393,15759,13806,13206
14150: 15044,15647,15396,14987,14349,12906
12894: 14220,15029,14462,15640,15628,14387
14281: 14827,13324,13107,14992,13147,14850
13354: 14489,13186,14348,15293,13965,14808
14396: 14473,15539,14528
15321: 15378,13458
13094: 13856,13078,14354,14925,14952,15135
13413: 14461,14401,13754,13995,13778
14746: 14330,14570
13535: 13320,13982,13083,13009,13306,14059
14728: 14511,14872,14831,15121
15629: 13587,14443,13248,15532,13291,15762
15066: 14616,14629,14997,12839
13042: 14716
13175: 14381,14703,13664,14815,14844,14998
13998: 14353,15701,15154,15356,14870
15220: 13115,14357,15747,14842,15096,14226
15650: 13993,13392,14688,15662,15052,13363
15394: 13602,15737,15630,14636,13501
15096: 14226,13650,15503,15220,14842,15654
15036: 
15413: 14869,12844,13074,13941
13862: 14824,14635,13484,15199
15069: 15717,13548,13147,13107,13457,14801
13047: 14867,13384,14496,15712,14391,15459
15486: 14642,13270,14504,15179,13765,13952
13826: 15288,13558,14691
14163: 12867,14404,13499
13126: 13721,15620,15439,12952
13637: 
13307: 15286,15365,15211,13473,15640
13255: 13882,13382,14922,13004
15391: 14970,14441,13995
13017: 15285,13516,14812,12927,15214,13407
13345: 13858,13153,15172,13236,13349,15627
14867: 15511,13384,13047,15459,13478,14364
13057: 15201,15664,14888,13018,15492,14428
14258: 12916,15461,12917,13748,13899,13060
13004: 15634,14922,15636,13255,13382
15728: 13793,14304
15248: 15534,13253,13989
15407: 15296,13788,14502,12883,15622,13792
15424: 14158,13367,13296,13194
14213: 15169,13129,14051,14482,12996,13464
13939: 14494,13521,12968
12921: 14658,13275,14325,13871,13809,15110
15337: 14991,13854,15363,12824
14460: 13515,14235,15571,13336,12956,13880
15717: 14410,13548,15069,13737,13147,13625
15491: 13723,13124,15034,14782,14992,13831
13507: 15197,14110,13747,15202
14495: 14008,13742,14823,15605
15431: 13848,13452,15647,15396,15547,13550
14053: 15785,14374,14923
13510: 13495,14173,14332
15693: 15129,15561,14074,14550,13969,13412
13570: 15582
14715: 13675,15110,14958,14566,13530,13658
15741: 13163,15189,15225,12989,13326
13177: 15584,13035,13528,14719,15347,14124
14512: 13565,13196,13839,14677
15571: 14390,14235,14460,15799,15515,13336
12832: 15192,15718,14046,15742,15271,12891
13537: 15498,14254,14402,13918,13798,13492
12835: 14899,15680,14409,14119,13227,15471
14457: 15463,14874,15648,13011,14320
14930: 13807,13395,14022,14109,12885,14927
15235: 14700,13730
13635: 14013,15231,15085,13438,15155
28659: 15600,15161,13520,15078,13334,14306
13406: 13299,14521,15579,13474,15039,15041
13964: 14802,14995,12998,13343,12908,14963
13366: 13479,15177,13605,15398,15788,12955
13737: 14410,15717,13548,14842,13736,15654
15135: 14952,13680,13445,14354,13094
15681: 
15147: 13547,15247,13421,13556
13068: 14422,12946,14632,15685
15585: 14625,13273,13475
15719: 15058,15102,15088,14428,15032,12854
13709: 14530,14687,14049,13285,15208,14114
14716: 13042,15570,14961,14972
13268: 15618,13915,15389,14266,14131,14417
13678: 13456,15265,15054,15776,15737,15630
15280: 15716
14797: 13012,14301,13526,14569,13404
13966: 14252,15660,14295,14307,13051,15302
15539: 14833,14396
14090: 14776,14392,13281,13834,13443,12871
14455: 14180,15211,15185,13346,14264,15365
12986: 14921,14730,13269,14818
13084: 14543,13672
14086: 15367,14071,13290,15215,15757,15348
13019: 13346,14264,14861,14587,14007
13810: 14969,14579,15209
13032: 14096,13811,12846,13141
15247: 14165,13421,15632,15147
14210: 15729,15739,15433,14242,13808,13381
13195: 15107,14382,15272,15722,14860,14750
13138: 12935,14856
14901: 13698,15166,15457,15358
13101: 15673,13148
15295: 13234,14430,13530,14325,13103,14066
12930: 13926,14896,13875,12916,14973,14723
14297: 13877,13630,15327,15602,14196,15809
14408: 13082,14927,15080,13822,14371,14739
15035: 
13697: 14979
14382: 15107,14181,13195,28674,13203,15297,15272
13103: 13809,14066,15462,15386,14325,15295
15353: 12887,14905,15128,13947
13012: 14797,13526,13404,14752,15332,13581
14251: 15734,14843
15350: 13989
13305: 15061,14990,14577,13620
13543: 14698,13198,14785,13003
13340: 14221,13326,14148,15175,15397,14175
14652: 13132,13179,15099,14025
13051: 13840,15443,15302,13966,14295
13445: 14832,13680,15623,13587,15135,13428
13901: 
15612: 13342,13454,15544,14810,14654
15718: 15192,12832,12891,14805,14151
13140: 13835,15107,14030,13430,15722
15520: 13723,14416,14103,28658
14671: 15512,13861,13515,15264,12956
14936: 12983,14366,13155,15124,15458,13315
13218: 15760,13000,13158
15620: 13126,12952,15194,14069
15398: 15072,15788,13366,14152,13460,12955
14871: 13590,14820,13836,15589,13410,12859
14329: 13744,14303,13523,13588,14230
15593: 13417
13332: 14144,13330,12982,14799,14399
13469: 14704,12941
14424: 13210,13619,14273,14055
14056: 14083,12919,13882,15023
14769: 12824,13956,13854,15305,15462,15386
15667: 14412,13024,14380
13410: 14257,15251,14383,13836,14820,14871
14649: 14145,13694,14632,14478
14886: 15756,14864,15780
14758: 13208,14021,15352,13207,14995,15573
14340: 15013,15545,13786,13301,13198,14785
13580: 13028
15540: 
13679: 13185,13919,14267,15101,14141,14062
12899: 15290,15554,13418,13114,13151,14048
14691: 13922,13968,13826,15022
13701: 15341,13922,14727,13633
15384: 15458,15556,14689,13043,15385,15009
13556: 15147,13818
12963: 13246,13891,14383,15223,13590,14820
13843: 13940
15444: 12968,13938,14748,14037,14799
13411: 
14519: 15146,14024,13252,14358,14664,14492
15072: 14023,15398,15788,13696,13065,13460
13621: 15651,13046,12943,13953,15633,15273
13816: 14426,14388,12918
13827: 13041,14189
15290: 15554,13769,12899,13915,15389,14048
14690: 15253,12872,14352,15217,14904,14902
14243: 13905
13481: 15275,14551,13974,13174,14848,13568
14031: 14637,15087,14112,13786,15119,15700
14996: 
13353: 
13178: 14334,13062,14510,15813
12875: 15524,13156,14977,14358,14492,15485
15329: 13792,13761,14022,13669,13628,12885,13082
15256: 14629,15168,15485,13156,14697,13347
14032: 14765,13749,14223,14106,14121,13454
15085: 14528,12936,13635,14628,15155
13791: 15448,14837,15043,13676,13884,14515
13395: 13807,14930,13568,12885,14927,14371,15275
14672: 13148,14607,13269,15528
13563: 13742,13988
12858: 
13965: 13211,13298,14516,15293,14489,13354
14183: 14548,13924,14272,15181,13249,15566,15191
13747: 14414,14438,14219,15197,13507
15542: 12959,15771,15562
12912: 13643,14896,14447,13185,13919,14116
15352: 14806,14068,13207,14822,15573,14758
14645: 15617,14292,13099,14001
14726: 15055,14921,14650,13698
14012: 14060
13198: 13543,14698,14785,14340,13786,15119
13444: 13030,14472,15314,14508,15104,15677,15330
15611: 15000,12893,12881,14821,12932
28674: 15154,15446,13203,14181,14382
13396: 14133
14199: 15226,15610
13245: 13223,13176,14612,14136,13061
14537: 14189,14244
14714: 
13079: 15526,14647,13222,13176
15445: 14010,13244
15781: 
13575: 14918,13717,15538,14368
13291: 14574,15762,13693,13782,15532,15629
13887: 15041,14822,15039,14546,15304,14068
13538: 13902,14017,14103,15034
15317: 14198,13703,13871,14658
14557: 14381,14703,13088,13164,14337,14679
14857: 14003,13589,14542,13355,13293,14376
14514: 13954,14843,14219
14006: 15160,14533
13231: 13433,14043,13899,13389,13566,15461
14991: 15337,13815,15363,12987,13573
15192: 15718,12832,15435,13369,14046,13878
14125: 13849
15196: 
14471: 15494,15082,13735,13614,14234,13209
14011: 
14778: 13141,15218,13744
15065: 12880,15465,14732,14487,14774,13860
15399: 14813,15254,14635
13460: 14152,15714,14044,15072,15398,13696
14395: 12871,12848,13443,14216,13304,13180
14196: 12861,13802,15602,14297,15809,13069
13925: 15088,14428,15775,13739,14888,15732
15700: 14247,15119,14375,14031,14112,13023
13985: 15794,15476
13125: 15796
14702: 15003,15331,15447
14614: 13667,13525,15368,14805,14151,15637
15267: 13852,15661,12970
14285: 
13565: 14529,14512,13773,13196,14397
14194: 14893,13724,13235
15736: 14092,15415,14611,12836,13546,13593
15508: 13620,13659,14759,13983,14638
12954: 13199,15704,15653,15438,15401,14365
13449: 15697,15409,14928,15617
15687: 13497,15108,15132
14215: 14669,14771,14113,13357,13716,15158
13014: 13483,14394
14122: 14988
15600: 28659,15161,14333,14306
14296: 14845
13038: 14099,15018
13738: 13288,14521,14085,13797,14147
13519: 15451,14274,13823,14859,15152,15648,14320
14842: 14357,15220,15096,13548,13737,15654
15551: 15215,12848,13304,13617,13225
14595: 15108,15141,15260,15333
15469: 12851,14906,13425
13479: 15177,13605,13366,15340,12841,15613
14231: 13748,13899,13972,13009,14059,13566
15459: 13920,15092,15712,14867,13047,13478
14928: 14792,15425,14367,13449,15409
13159: 15749,14036,14819,15010,14560,13461
14841: 13962,14449
15043: 13676,13791,15356,15446,14515
13499: 14163,12867,13958
14806: 14068,15352,14960,13207,14137,15530
14433: 13015,13043,14898,13227,13626,14836
15707: 15089,12845,14978,13852
15170: 13283
28589: 15294,14176,13567,15016,13554,14139
15118: 14897,12946,15436,14145
15231: 14528,13635,13437
14948: 
15618: 13268,15389,15450,14964,14417,14667
13527: 12851,14345,15224
13295: 
13623: 14811,13339,14446,13821,14584,15518
14062: 15213,14206,14613,14267,13679,14141
13769: 15290,15554,15658,13277,12997,13915
14725: 14783
14616: 14629,15168,13840,15302,15066,12839
14522: 13812,14766,15481,14665,13143
14959: 14389,15037,13296
15377: 15405,14162,14337,14679,13335,13927
13191: 14532,15148,14710,14984
15554: 15290,15658,13769,13418,12899,14773
13380: 13633,15569,13922,14887
14175: 13591,15175,14221,13340,15076
15052: 13447,13363,15745,15662,15650
12817: 15324,14016,12990,13572,13662
13581: 15332,14741,13210,13012,13526,14055
13050: 14423,14969,14579,14479
13857: 13788,15374,14200,14174,13097,13761
15709: 15090,14488,14889,14903,15430
14807: 15644,13054
15208: 15602,15334,14114,13709,13285,12861
13868: 15084,14536,13055,13182,14187,14668
13569: 14955,15116,13309,15697,12960,13682
14503: 14553,12860,15203,14964,14667,14093
15205: 14555
15527: 15239,15257,14858,13492,13233,12950
13099: 14645,14292,15456,15563
14013: 15806,13635,14699,15467,13438
14817: 12994,13322,13695,13858,13153,14723,13926
14218: 15209,13149
13237: 13368,13391,14599,13400,13356,12920
15428: 13018,15131,14440,14653,12830,13732
15366: 12951,13977,13139,13631,13452,13154
13342: 14121,13454,15612,15653,12947
14843: 14251,15734,14514,14219
15523: 
15236: 12816,13715,14816,14987,14349,14968
15214: 13634,13508,14812,13017,13202,13407
15744: 14675,12818,13688,15529,13292,15641
15241: 15392,14619
14095: 14268,15590,13006
14918: 14166,14393,13717,14934,13575,15538
15037: 14201,14959
15386: 13103,13809,15462,14769,13956,15305
14232: 14477,15051,13142,14394
14287: 13462,14990,13713
13677: 14559,15419,14818
15742: 15047,15271,14742,14554,14046,12832
15333: 15500,14186,14595,15260
14394: 13898,14232,14592,13014
13447: 15052,13363,13253,14880,15534
13554: 28589,14176,12931,15077,14695,14139
13233: 15527,13492,14254,12950,15800,15663
13464: 12996,14656,14300,14213,14051,14290
13655: 13328,13169
13029: 13993,13392,14977,13033,15524,14252
13624: 14398,14933,13722,13555,13787,13551
15169: 13129,14213,14951,15646,14432,12996
15210: 14089,13116,14575
14573: 15139,14599,13948,14576,15086
15705: 13010,14917,15322,15064,15023,14083
15740: 14304
15615: 14706,14584,13026,14430,15713,12984
12917: 12916,14258,14723,13060,13153,15172
13542: 15122,15789,13109,13874,14193,14263
13530: 15295,13234,14566,14325,14715,15110
14107: 15393,14558
15652: 14675,12818,15525,14840,15204,14745
15661: 13852,15267,15089,14538
14118: 15483
15314: 14472,13444,15104,13976,15330,14779
15528: 13855,14672,14607
13604: 15465,15165,14732,13217,13893,14120
13767: 14572,12922,13753,14363,14828,13638
13653: 15417,15683
13208: 14758,14021,13207,15455,14913,12856
14804: 15008,14027,13169
13561: 12888,14849,15802
14574: 13291,13281,15762,13693,14392,13551
14402: 14164,13636,13918,15257,13492,13537
15763: 14784,14411
13427: 14336
14269: 13136,14123,15535,14023,15788,13605
15805: 15429,12878
13403: 15675,12823,14548,13924
15567: 14310,15495,14722,13402,14036,15400
15701: 15786,14000,13998,15356
14643: 13935,14578,13942,14744,15609,14790
15587: 
13683: 13045
14077: 15504,14265
15778: 13905,15282,15507
28665: 15475,14222,13969
13196: 14397,14999,15287,13839,13565,14512
13735: 13908,13614,13025,13274,14471,15082
13348: 14889,14088,15090
14935: 14085,13797,13755,14962,13656,15729
14775: 13961,14697,15804,15473,15437,14997
13387: 15230,14138,13120
14635: 13862,15399,15706,15199
14648: 13244,13213
15216: 14324,15679,14823,14917,15550,14855
15675: 13403,14834,14373,13924
14732: 15608,14487,13217,15165,15065,15465,13604
15429: 15805
15046: 12881,15708
12865: 
14753: 
14982: 14750,13039,14282,15646,12996,14656
13182: 15195,13432,12993,13055,13868,14187
14456: 14916,15042,13487,13044,13828,14344
14759: 15375,13928,15510,14638,15508
13271: 15558,14659,12866,13282,13480,13946
13334: 14188,14306,13779,28659,14707,15078
14771: 14215,14113,13361,14249,12977,13716
12920: 14343,13356,13934,13237,13391,15063
14599: 15139,14573,13400,15229,13237,13356
12825: 15406,13224,14230,13523,12915
13060: 13748,14926,12898,15172,14258,12917
12892: 15568,12900,13278,13166,15416,14452
14345: 13240,13552,13527,14906
14316: 
12906: 14349,12973,14605,15647,14150,12951
14263: 14193,15510,13542,15122,15193,13928
14767: 13733,15232,13158,13360
14729: 14565,12926,14869,12855,13893,15555,15514
13568: 13807,13395,12961,15275,13481,13174
14739: 14371,12866,15596,14408,13822,12896
14174: 15086,15229,13097,13950,13857,14200
14570: 14330,14746
15294: 28589,13567,15016,14418,13378,13472
14279: 15472,15748,14447,14763,14116,15677
15093: 13867
12907: 14135,13947,13545,15047,15440,14203
12833: 13553,15769,12830,13470,15131,15492
14738: 15475,14222,13331,14454,12877,13649
15547: 15396,13863,15494,15431,13550,13209
13636: 14164,13069,14402,15580,13166,13918
14849: 14965,15783,13561
13700: 15197,13475,13756,13909
14366: 12983,14936,13155,14015,14975
12975: 15771,13360
13287: 
13498: 13757,15613,13879,15318,13944,13981
13875: 14896,12930,14447,14973,13734,15748
15799: 14058,15515,15546,15277,14390,15571
13152: 13646,12822,15074,14480,14047,13451
15784: 
15060: 14776,13787,15591,14933,13908,13025
14353: 13998,15344,14870
13394: 13991,15541,15038,14076,15246
14670: 13351
12860: 14503,15203,14280,14667,15684,13212
14695: 14348,15293,14139,14168,15077,13554
15259: 13506,15269,14319,15561,13894,13013
12819: 14493,15731,14580,15614,15346,14524
13448: 13854,15305,13815,15787,15244
12836: 13304,13180,13546,13617,15698,15736,13593
12966: 12942,15079,15254,13034
13681: 13613,14866,13789,12873,13389,14298
15411: 15326,14851
13560: 14207,14379,12995,13618
13171: 13866,13753,13184,12927,13638,15608,15200
15103: 15430,15759,14178,13646,15074
12902: 14312,14262,14268
13855: 15528,14439,13820,15564
15356: 15154,15446,15701,15043,13998
14811: 14756,12928,14655,13623,14446,15518
14553: 14503,14684,14964,13577,13513,14093
15283: 12989,14784
15757: 15215,14443,13248,13290,14086
13331: 14907,13420,14454,15076,12877,14738
14020: 14197
14334: 13178,14406
15514: 13893,15555,12855,14705,15165,14729
13863: 15044,15396,15547,13953,15494,15273
15670: 12980,14724,13528,15347,15412,14450
15382: 15070,13279,13096
13907: 14236,13476
14968: 14349,12973,13001,15236,13715,15017
12956: 12924,13880,13515,14460,14671,13861
13878: 13329,14657,15192,15435,14805,13525
15292: 13070,15526,13780,14587,15094
15651: 13046,13621,12943,13518,13696,14044
13658: 14825,14091,14715,14958,14566,14465
14633: 14142,14002,13872,13970,14370
15354: 14970,14639,15726,14153,14042
14940: 15725,12959,14897
15708: 15046,12881,14821,14096,13760
14803: 15381,15690,14631,15453,13431
13599: 15421
15375: 14759,12859,13928,15589,13399
13355: 15765,15258,13293,14545,14857,14542
12859: 15375,15589,14421,13590,14871,13399
14145: 14649,15436,15118,12843
14127: 13277,14391,14277,13064,13134,14496
15480: 15760
13882: 13255,13382,15023,14056
14133: 15716,13396
13002: 13872,14313,15358,15790,13970
13028: 13580
13141: 14778,14900,13032,12846
12968: 15444,13939,14787
13035: 13177,15584,13528,14567,15770,15372,13801
14152: 15714,13460,15398,14933,13722,12955
12926: 14869,14729,15555,15395,13074,13903,13059
12973: 14349,12906,14968,14605,15017,15024
13698: 14901,14726,14313
12982: 14037,14799,13161,13332,14865,14399
15699: 15774,13024
13716: 13691,12977,14682,14215,14771,13357
13851: 13517,14709,14374
14558: 14835,14575,14517,14107
13916: 14827,13324,15126,15149,14369,14883
14188: 13334,14306,13779,14540
14169: 13376,14665,15083,14474,15328
14526: 14214,13000,13371
15015: 13415,13093,13278,13154,14005,13139
13906: 13828,13230,13286,13608,15680,14409
14046: 13369,12904,14742,15742,15192,12832
14493: 14984,12819,14547,13647,15346
14508: 13030,14472,13444,15677,14763,13300
15028: 12842,14335,14986,14035,14590,15148
14426: 14388,13816,13746,14208
14507: 14228,13996,15207,12884,15468
14423: 13050,15716,14985,15004
15691: 15006,13847,15373
15405: 15377,14162,14337,14050,14491,15307
15436: 15752,15118,12843,14145
14655: 12928,14811,15518,15592,15723,13665
15107: 14181,13195,14382,13835,13140,15722
13040: 12863,13131,15013,14637,13689
13284: 14304,14483
14420: 14253,13358
14084: 14239,12941,14429
13489: 14556,13531,14250,15482,14681,13825,13961
15516: 15303,13024,15478
14161: 14710,15731,15659
15596: 14371,12866,14739,13282,15275,13974
15090: 15709,13348,14088,13892
15463: 14865,14874,14457,13161,13441,15648
13288: 13299,13738,15133,14622,15364,13797
15754: 15070,13853,14108,15187,13279
15714: 14152,14044,13460,13274,14933,13908
14925: 14952,13078,13094,15367,14225,15207
14799: 12982,14037,15444,14748,13332,14144
15808: 13837
15583: 13702,14240
14061: 14606,15004,14479
15622: 12883,14474,13365,15407,15296,13058
15389: 15618,13915,13268,15290,15450,14048
13528: 13177,13035,15347,14450,13801,15670
12957: 13975,15212,13341,13092,13773,14662
14782: 13107,12831,13457,14992,13124,15491
14681: 13825,13577,14250,13489,15150,14684
13376: 13409,15576,14169,14361,15083,15328
13648: 13802,14283,15580,13293,15568,14376
13531: 13489,13317,14556,14664,14294,15482
13401: 14709
15081: 14942,14014,14185,13612,13984
13461: 14560,13349,13858,13159,14819,13695
13276: 13132
14815: 15323,15625,15307,14703,13175,14998
13408: 14640
15653: 15704,12954,15401,12947,13342,14121
15129: 14319,15693,15561,14074,14470,12911
14509: 14450,12948,12980,14535,15633,13046
15471: 14126,15360,13227,14899,12835,13015
13711: 13995,13778
14375: 14247,15700,13023,14425
14098: 14810,14466,15122,15789,15553
14373: 14978,15675,15181
13207: 14806,15352,15530,13208,14758,14913
13922: 13968,14691,13701,13633,13380
15686: 14067,13224,14035,13632
13977: 12951,13139,15464,15366,13081,14605
14124: 15347,15057,14719,13127,13265,13177
15733: 14170,15636,15488,12901,13912
12884: 15468,14041,15159,14071,14507
13547: 15147,13421,15320,14965
14975: 12983,14366,15362
13156: 15524,12875,14307,15485,15168,15256
14282: 13039,14982,14656,14663,15099,15724
14393: 14166,14918,14707,14924,13779,14934
13045: 13031,14356,13683
14450: 13801,14509,12948,13528,15670,12980
14275: 15696,13491,15071,14623
14404: 13708,13283,14163
14976: 
12935: 13138
15689: 12939,13259,15276,15253,15011
13777: 
14854: 
14325: 12921,13103,13809,15110,15295,13530
14549: 15619,14256,13864,14494
14502: 13788,13143,15374,12883,15407
13815: 14991,13448,13573,15390,15244
15063: 13121,14621,13391,13934,12920,15309
14344: 13828,13230,14227,13260,13487,14456
13929: 14591,14092,13157,15051,13142,14562
15560: 13921,14195,14351,14168,13298
13728: 14094,14467,15014,13211
12905: 15005,13205,15772,15101,15414,14722
13740: 14572,12922,14465,13234,15713,14566,12984
15017: 15180,15240,15024,13001,14968,12973
14417: 14967,14280,14667,15618,13268,14131
14305: 15623,15137,14708,13506,13338,14832
14478: 14632,12972,14649
13228: 14359,15743,14897,12946
13018: 15428,15131,13732,14888,13057
14201: 15153,13213,15037
14965: 14849,15343,13547
15635: 14448,15279,13762
14679: 15377,14337,14104,13335,13088,14557
15301: 13109,12826
14727: 13552,13701,13633,13314,15746
15419: 13677,15519
15659: 14580,14161,14256,13776
14631: 15478,15773,15303,15453,15381,14803
14653: 13800,14743,12830,15042,14440,15428
14071: 15367,14086,15348,15207,12884
14992: 13107,14782,15491,13831,13324,14281
13742: 13563,15513,14495
28675: 14310,15495,14238,14157,13160,15454
14439: 13855
12820: 15071,12934,15006
13974: 15275,13481,14551,15596,13282,13883
15068: 15702,13844
14432: 15297,14951,14288,13846,15169,13129
15788: 14023,15072,15398,14269,13605,13366
13144: 13564,15376
14627: 
15026: 13490,14947,13514,14911,13930
15311: 13280,14534,13668,13297,13021,13272
15251: 14257,13410,14383,14132,13091,13504
14548: 14183,13924,13403,14039,14484,13249
13206: 14861,14686,15185,14264
14058: 15799,15515,15793,15277,14317,13386
15810: 13576,13914
14705: 14363,14828,15165,14641,12855,13217,15514
13304: 13180,12836,14395,12848,15551,13617
14917: 13010,15705,15550,15064,15216,15679
14298: 14059,13389,13566,13982,13681,13789
13870: 13955,15543,14895,13546,14611
14441: 15604,14461,14970,15391,13995
14363: 14705,14828,15165,13767,13638,15608,13217
13465: 13071
14407: 14840,14347,15204,12837,14796,13123
14312: 14097,12902,14322
15137: 14305,15623,15532,14708,13944,13782
13579: 13793
14271: 15246,15403,14741,13210
13659: 15508,13620,13399,14149,14990
13318: 15730,15746,13425
15016: 28589,15294,14176,13667,13578,14418
12934: 14356,13690,12820
15287: 14374,13839,14999,13517,13196
14793: 
14872: 14511,14728
13109: 15301,13542,15789
14612: 14647,13502,14136,13245,13176
14546: 14915,15039,14453,15304,15575,13887
14752: 14259,14733,14054,15332,13012,13404
13550: 15179,13765,13209,15547,13848,15431
15084: 14536,13868,14907,14454,14668
15074: 13152,13646,12887,14480,15103
14170: 15322,15636,15733,15064,15021
13298: 13211,13965,15560,15293,14168
14866: 13681,13613,12873,15559,15157,14859
13261: 14712
14029: 14082,13157,14562
13995: 13711,14441,14461,13413,15391
15513: 13742
14876: 13247,13571,14651,13609,13959
15123: 14155
15269: 15259,14708,13506,14319,14692,13879
14780: 
14897: 15118,12946,14940,13228
14220: 15029,12894,15098,14205,15640
14421: 13590,12859,13399,14149,15703
13089: 14259,15505,13365,13058,15075
13430: 14030,13140,12895,15722,14646
14035: 13632,14590,15028,14335,15406,15686
13795: 14130,14911,13930
14589: 14890,13212,13746,12918
13950: 14628,15155,13948,15086,14174,14200
15250: 14038,14581,14710
13016: 14956,15291
14357: 13115,15220,14842,14877,14801,13548
13491: 14275,13034,14623
14272: 14601,15181,14183,14204,15191,15604
15154: 28674,15356,15446,13998,14870,14181
14462: 15029,12894,14346,14772,15628,13036
13941: 13466,13074,28658,15413
15786: 15701,14000
14777: 13076,12862,13312,14641,12855,14565
14085: 14935,13797,13755,13738,12998,14147
14674: 12909,15541,15379,14845,15576
13982: 13535,13320,15265,14059,14298,13789
13669: 14343,13934,15329,13761,13628
13945: 13663,15768,14642,13044,14504,14743
13232: 13330
12925: 13221,14002
15101: 15005,13205,12905,13919,13679,14141
12952: 14289,14961,13126,15620
13695: 13322,14817,13461,13858,14819
12987: 15363,13832,13439,13573,14991
15397: 13344,15175,14055,14273,14148,13340
15153: 14201,15027,13213,14389
13130: 13267,13323
13485: 13902,14017,15126,14207,14379,15149
14810: 14098,14654,15612,15544,14466,15789
14365: 15401,13375,15438,12954
13441: 14862,15152,15648,13602,13161,15463
15668: 12850,14387,15286,13070,14647
14103: 15520,13723,15034,13538
13627: 
13642: 15006,14851,14623
13071: 13358,13465
14016: 15324,12817,14435,12838,13662,15104,15330
14629: 14616,15168,15256,14697,14997,15066
14294: 14664,14492,15485,15482,13531,13347
14978: 14373,12845,15707,13852
13888: 13111,14248,15368,14151,13522
13256: 13374,13059,12868,14877,15395,14070
14542: 14857,13589,14545,14302,15249,13355
15564: 15173,13820,13855
14238: 13574,13598,28675,14310,15422,15454
13129: 15169,14213,13846,14484,14432,14482
13425: 15469,13318
13513: 15473,13128,14093,15804,13577,14553
13081: 13977,15464,15024,15249,14605,13589
15127: 14660
12879: 13784,14520,14497,13297,14057,13272
15038: 12909,12889,13394,15246
15179: 13765,13550,13848,13896,13270,15486
14444: 15626,14762,15263,15342
15803: 13552,15341
13315: 13689,14314,13216,15124,12983,14936
13229: 13333,13622,13104,14764
13405: 13557,14065
14187: 14074,14550,14668,13868,13182,13432
15242: 14717
14951: 15297,15272,15646,14432,15169
14888: 13739,13732,13018,13925,14428,13057
15100: 
12853: 15000,15753,12932,15669
12852: 14284,14352,15801,13369,15435,13329
13102: 13373,13450,13453
13879: 13757,13498,14692,14708,15269,13944
14440: 14916,15042,14653,12849,13732,15428
13005: 13385,13727,14809
15312: 13616
14977: 14463,13033,14358,13029,15524,12875
14470: 13049,12911,15109,14319,15129,14692
14766: 13812,14892,14522,12936,15481
15759: 15103,14488,13646,14686,15393,13806
12927: 14812,13665,13184,13171,15200,13017,13516
13675: 14715,15110,14958,13275
15807: 12938,13549
14132: 14050,14311,15625,13091,14257,15251
12841: 13757,15613,15340,13500,15109,13479
14093: 13513,13128,14503,14553,15203,15402
13243: 
12991: 15291,13859,14004
13672: 13084,15470
14607: 14672,15528,14260
13160: 14157,14773,13654,12999,15454,28675
15574: 14435,12838,13494,15499,14237,14740
13241: 14699,13439,15806
15440: 12870,14248,14203,12891,15271,12907
15566: 13775,13249,14183,15191,13135
13431: 14233,15453,14803,15690,13199,13799
13364: 14594,13100,15363,12824
13369: 15801,12904,14046,12852,15192,15435
13393: 12967,13085,13455,12882
14117: 14795,14523,14078
13467: 15472,15748,13734,15361,13572
13968: 13922,14691
15012: 13838,14042,14931
15371: 14885,14983,14788,15423,15588
13238: 
14529: 13565,15212,15792,15404
14801: 13457,13374,14877,14357,13548,15069
13386: 14317,14772,14058,15515,13987,15188
14561: 15426,13423,14586
14203: 15440,12870,14480,14135,12907,14047
14255: 15157,12990,13572,12873,14043,15361
15401: 13375,14365,15653,12954,12947
13720: 14932
14838: 13807,12961,14109,15075,14733,14026
13501: 14037,13161,13602,15394
14193: 15510,14263,15506,13542,13874
13853: 13037,14108,13279,15754
15194: 14069,13022,15620
14389: 14959,15153
13775: 13249,15566,14051,14482,13135,15726
14005: 15015,13415,13154,13541,13260,13072
14409: 15680,12835,13607,13608,13906,14119
13000: 13218,12829,14882,14526
13975: 12957,15212,15792,14662,14942,14190
15598: 14552,13804,13630,15721,12962,14858
13611: 14701,14511,12978
13912: 15021,12901,15733
14823: 14324,15216,14495,15605,14855
14100: 
15458: 15556,15384,15124,15009,14936,13155
15621: 15735,13258,15433,13087,13750,14541
14677: 14512,15404,15145,14757
15152: 14862,13441,15648,15559,13519,14859
13555: 15318,13693,13981,14398,13624,13551
15776: 12874,14954,12815,13678,15054,15630
13258: 15115,15735,15621,13164,14541,13173
13346: 14264,13019,14455,13780,15365
12871: 14395,15595,12848,14090,13281,13443
14326: 13052,14041,14182,14555
14836: 13661,15800,14689,14898,13043,14433
14091: 13658,14825,15639,12847,14465,12862
12995: 14207,13560,13512,14530,13618,13524
14138: 13264,14517,15230,13387
13871: 13703,15317,13956,12921,14658,13809
14795: 14117,14770,13954
13559: 15344,14030
14022: 13792,15329,15296,14109,12885,14930
14262: 14268,15590,12902
14463: 14977,13033,14358,13030,14472,15146
15735: 15115,13258,15621,13533,14179,13087
12955: 14398,13722,15398,15177,13366,14152
15022: 14700,14691
13786: 14340,15013,13198,15119,14637,14031
14075: 15801,12904,14949,14244,13398
13073: 13192,14711,15632
13741: 14277,14525,15422,15751,13904,15120
15710: 13714,14065
15639: 14825,14091,13076,12862
14651: 15423,15588,13571,13247,14876,15045
14563: 15404,13583,14014,15145
13806: 14180,15759,13646,12822,14686,15185
13457: 13107,12831,14782,14801,13374,15069
14348: 15293,14695,14139,15674,14808,13354
14641: 14777,12862,12855,12847,14705,14828
14166: 14918,14393,13717,13514,14924,14582
13872: 13002,15358,14142,14633
13497: 15687,14490,15132,14909
15357: 14405,14518,15376,15184
14927: 12885,13082,14408,14930,13395,14371
15007: 13584
13668: 15311,14534,14547,14067,13943,13021
14764: 13313,13622,13486,13229
13312: 14777,13076,14565,12844
14826: 15228,13383,13549,15794
14155: 15123
13381: 13088,14541,14210,15433,14104,13808
14425: 13023,14087,14375
14157: 13160,12999,28675,15495,15772,15237
13880: 12924,12956,13336,14460,14384,15187
12876: 
13838: 15012,14042,14300,14290,14153,13446
13727: 15369,13597,14140,13005
13900: 
15535: 15351,13595,15340,14269,14123,13605
15442: 15002
15237: 13781,15190,13205,15772,14157,12999
15416: 13166,13918,13798,12892,15581,14452
15188: 14384,14108,13386,15515,13336,13987
14545: 13539,14209,14302,15765,13355,14542
13493: 13844,13606,15439,15487,13721
13935: 14578,13202,14643,15142,13942,15001
15126: 13902,13485,13831,13916,13324,15149
15122: 13542,15789,14098,15553,15193,14263
13370: 13657,15281,13108,15113,13687
13997: 15304,15575,15536,13719,14960
15121: 14701,13984,14873,14831,14511,14728
15606: 
15202: 14597,15783,14110,13507
15106: 13446,13132
14891: 15478,15773,14458,14680,13931,13181
15758: 12814,13149,15734
13338: 13013,13688,13506,14305,14832,15529
14919: 14979,13383
12870: 15440,14248,14203,14539,13522,14047
15098: 14220,15029,15666,14080,13111,14205
15499: 13494,14385,13823,14064,15574,12838
14473: 14396,14602
14030: 13430,13559,13835,13140
15502: 15534,14295,12910,13989
13165: 14370,15813,13062
15633: 14535,14115,13953,14509,13046,13621
14571: 14588,15427,13614,13025,15591,14604
14582: 13514,14166,13717
13392: 15650,13993,14779,14688,13029,13033
14983: 15371,12969,15227,15423
13782: 15318,13944,13693,15137,15532,13291
12962: 14164,15809,13630,15598,15257,14858
15300: 15766,14813,14600
13962: 14841,14378
13989: 12910,15502,15248,15350
14176: 28589,15016,13554,12931,14902,13578
15446: 28674,15154,15356,13203,15043,14515
13474: 13936,15579,14900,14915,15039,13406
13339: 13077,15787,13821,14584,13026,13623
15536: 13997,15575,13523,12840,12915
14622: 15669,15140,15753,13288,15133,15364
13352: 15466,14143,14427
14885: 15447,15371,15331,14788
14089: 15210
14957: 15504,14265
13590: 14421,14820,14871,12859,12963,13891,15703
14202: 14604,13834,13895,13443,14216
15609: 14744,15278,14736,14578,14643,14308
15517: 13302
15318: 13555,13944,13693,13782,13981,13498
15075: 15296,13058,14109,13089,14733,14838
13921: 15014,15560,13596,13763,14351,15178
13514: 15026,14947,13477,14924,14582,14166
13614: 13735,13025,14471,14234,14571,14588
15281: 13370,15113,14834
14459: 
15392: 15241,14510,12945
14147: 14802,12998,13738,14521,13027,14085
13617: 15698,13225,15551,13304,12836
12880: 15065,15465,14761,14531,13860,15747
13864: 14360,14549,14256,14494
15451: 14274,13519,14859,15157,12990,13662
13717: 14166,14918,14582,13575,14760
14041: 12884,15468,15159,14182,14326,13052
14190: 14942,13975,13856,14185
15078: 14707,13477,13520,13359,28659,13334
14733: 14259,14752,15075,14838,14026,13404
12976: 
14119: 13227,13626,13110,13607,12835,14409
13149: 14078,14218,15758
13078: 13856,13094,14185,14925,14225
14712: 13261,14640
14693: 
15782: 15268,13841,15390,14576,15274,15139
14731: 13790,13414
15578: 15315
12881: 15046,15708,14821,12893,15611
13780: 15286,15365,13346,14587,13070,15292
13558: 12843,14814,15752,15288,13826
14158: 15424
15581: 14500,14452,13607,15416,13798,13110
15104: 13444,15314,15677,15324,14016,15330
14045: 13603,14626
15768: 13663,13167,13945,13800,14743,14217
13262: 13625,14781,13001,14410,13145,13715
15167: 15631
14265: 15310,14077,14957
15713: 13234,14430,15615,12922,13740,12984
12856: 12958,15779,13208,14021,15455,15067
14632: 15685,14478,13068,14649
13186: 14489,15791,13354,15261,14808,15678
15203: 14503,12860,14093,14890,13212,15402
13830: 13455
13184: 15592,13866,13753,13171,12927,13665,15200
15568: 12892,12900,14376,13648,15580,13166
14406: 14800,14334
15168: 14616,14629,15256,13156,14307,15302
15417: 13653,14881
13729: 13999,14154,13090
13274: 15714,14044,12943,15082,13735,13908
14831: 13984,15738,15121,14728
12861: 14196,13802,14283,13285,15208,15602
15797: 15351,13500,15387,15410,13442,13049
12854: 13379,15664,15719,15102
13573: 14699,12987,14991,13815,15467
13813: 14323,13496,14458,13931
15793: 12869,13774,15277,13472,14317,14058
14207: 14379,12995,13560,13512,15149,13485
15010: 15115,13533,14560,13671,15749,13159
13328: 13655,14734,14052
14889: 14903,13348,15709
15676: 
14288: 13884,14515,13203,13846,15297,14432
13030: 14472,13444,14508,13300,15146,14463
13552: 14727,15803,14345,14906
15082: 15494,14471,15273,12943,13274,13735
13091: 15323,15625,14132,15251,15120,13504
14347: 14840,14407,13682,13309,15136,12837
15263: 14444,15626,14411,12988,15225
15569: 13314,13380,14887,13468
15070: 15470,15382,15754,13279
13015: 13043,15385,14433,13227,15360,15471
13142: 14562,13929,14232,15051
14604: 13834,14202,13895,15591,14571,15427
13586: 13473,14205,14539,15666,13451,13670
14397: 13196,15594,14327,13773,13565
15802: 15420,15091,13818,13561
15177: 13479,13366,15613,14398,12955,13981
13706: 15642,14191,14106,13532,13335,13927
15515: 15799,14058,13336,13386,15571,15188
14773: 13160,13654,12999,15554,15658,13418
15525: 15652,14675,13341,14745,13092,15143
13253: 13447,15248,14789
13784: 15455,14913,14520,12879,14497,13327
15021: 13113,13912,14170,15064
14073: 13980
12889: 14673,15038,15246
14915: 15039,14546,14453,14900,13474
15211: 14180,14455,13670,13473,13307,15365
13362: 13183
15470: 15070,15187,13254,13672
14845: 14296,14674,12909
14786: 15811,13844
13641: 13803
14386: 13814,15544,12947
15548: 12979
14247: 15119,15700,14375,14698
14602: 12949,14473
13251: 
15221: 14159,15130
15556: 15458,15384,15385,15490,13289
15347: 14124,15057,15412,13177,13528,15670
15696: 14275,15033,15071
13289: 15111,15490,15050,15556,13155,14015
13325: 14934,14540,15538
15671: 15562
15430: 15103,14903,14178,15709,14488
12981: 13054,12938,13710,15053
15769: 12833,13553,13898,15492,12828
14687: 13709,14530,13618,14114
15809: 14164,13069,12962,14196,13630,14297
13500: 15351,15340,15797,13049,15109,12841
13584: 12953,14937,15007
14586: 14561,13645,14111
14069: 15194,15620,14359
14661: 13652
13020: 15698,15159,14591,13052
14248: 15440,12870,12891,14151,13522,13888
14510: 15392,14619,15813,15790,13178
13257: 13718,13048
15360: 14126,14315,15732,15471,13015,15385,15490
13884: 14288,14515,13791,14837,13846,15219
13033: 14463,14977,14472,13392,14779,13029
15368: 14151,14614,13888,15049,15637
14418: 13774,15637,13667,15294,15016,13472
15047: 15742,15271,14554,15186,13545,12907
13834: 14604,14202,13443,14776,15591,14090
14964: 14684,15450,15618,14667,14503,14553
13779: 14188,13334,14707,14393,14934,14540
14182: 14228,15468,14041,14326,14436
14037: 12982,14799,13501,15444,13938
14605: 12906,12973,15024,12951,13977,13081
13685: 13333,13104,13973,15031,14102
14254: 13537,15498,14898,13492,13233,15800
14479: 14579,15692,13050,14061,14606
14036: 15749,13402,13159,14819,15400,15567
13116: 15210,14835,14694
13650: 15096,14226,14567,15503,15770,13911
15310: 14265
13509: 15496,14783,15665
13220: 
14167: 14583
15053: 13468,13710,12981,12938
13183: 13362
13876: 14950,15614,14954,13320,13083,15054
13429: 
14909: 14172,13482,15132,13497
15462: 13103,14066,15386,14769,15305,13077
12883: 14474,15622,14665,13143,14502,15407
12989: 15283,15144,14148,13326,15741
15555: 13893,15514,15395,14120,12926,14869,14729,13059
13375: 15401,14365
13330: 13332,14328,13232,13150
14311: 14050,14491,14132,15672,15479,14257
13703: 14198,15317,13871,14751,13956,14721
14126: 15360,14315,15732,15471,14899,15775
15607: 13121,13508,12928,13368,13391,15723
14137: 15530,13263,13719,13601,14806,14960
14447: 12912,14896,13875,14279,15748,14116
13913: 13187,13179
15720: 15057,15412,14912,13136,13122,14350
15679: 14324,15216,15064,14917
14814: 15752,15562,15288,13558
15695: 14531,13860,13686,14308,13585,13911
15367: 14071,14086,14925,14952,13290,15207
14430: 15295,13234,15713,14066,13026,15615
12943: 15651,13621,14044,13274,15082,15273
13811: 14331,13032
14332: 14173,13510,12903
13145: 12816,13715,14410,13736,15643,13262
13306: 13009,14057,13272,13280,13535,13083
15207: 14225,15522,14925,15367,14071,14507
14534: 13280,15311,13668,14547,14950,15346
15409: 13449,15697,12864,14928,15151
14659: 15558,13271,13946,14912,13122,14603
13937: 15379,13172,13409
15067: 13236,12898,13327,15455,15779,12856
13432: 15195,13182,13442,14074,14187,12911
14467: 14094,13728,13211,14516
13480: 15345,13946,14676,12896,12866,13271
13105: 13702
15275: 13481,13974,13568,13395,14371,15596
14584: 14706,13026,15615,15518,13339,13623
15172: 13345,13153,13236,12898,13060,12917
14378: 13962
15165: 14705,14363,14732,13217,13893,15514,13604
13689: 13315,13216,13040,14637,15087
13525: 13667,13578,14614,14657,13878,14805
13308: 13358
14123: 13136,14269,13122,14603,15535,13595
14636: 13397,12815,13938,15394,15630
14482: 13775,13249,14051,14484,13129,14213
13532: 14104,13335,13808,14608,14191,13706
13157: 13052,14591,13929,14029
13335: 13532,14104,13706,13927,15377,14679
15245: 14580,13776,12874,14524,12985
15395: 13893,15555,14120,12926,13059,13256,14070
15673: 13101,15004
15274: 13438,14576,15390,15467,15782
15379: 13937,12967,14674
15030: 
13915: 13268,15389,15290,13769,14266,12997
15197: 13700,13507,13747,14438
15753: 15000,13463,12853,15669,14622,15133
14223: 13799,15642,14106,15704,14121,14032
13158: 15306,14767,15232,15760,13218
12929: 15031,13066,13273,13890
15678: 13515,14235,15261,13186,15264
13110: 14119,13626,13798,15581,13607,15498
13100: 14594,13364
15597: 14026,14475,14301,13404,14939
14583: 12972,15313,14167
15680: 14899,12835,14993,14409,13906,13286
13108: 15113,14863,13370
12877: 13591,13331,15076,14738,13226,13649
14600: 15300,15766,14956,15484
15627: 15795,13349,15779,15222,13236,13345
14776: 15060,13787,15591,14392,14090,13834
15476: 13985
13980: 14339,15018,14073
15795: 14560,13349,15627,15222,13533,14179
15184: 15357,14518,13146,14284,12872
14490: 13497
15518: 14706,14584,14811,14655,13623,15592
15711: 15266,15672,14276,14466,14765,14654
13327: 12898,15067,15455,13784,14497,14926
15339: 13450,12940,13690
15097: 13758,13242,15102
13054: 12981,14807
14960: 14806,14068,13997,15304,13719,14137
13582: 13056
14240: 15583,14448
13082: 12885,14927,14408,15329,13628,15080
15464: 13977,13139,13081,14003,13589,13093
14539: 13522,15666,14047,13451,12870,13586
15219: 13846,14039,14837,12823,13657,13884
13783: 
14501: 15373,15383
14208: 14853,13691,14634,13746,14426
13379: 12854,15715,14241,15102
13365: 15328,15505,14474,15622,13058,13089
14449: 14538,14841
15161: 28659,15600,14333,12827,15452,13520
14156: 14184,13162,14974
13616: 14981,15312
13037: 13036,13853,12850,15628,13502
14875: 12939,13259,13596,13190,14351
14658: 12921,13275,15317,13871
14946: 13471,13850,13003,14852,13301,14785
15811: 14154,14786
15694: 
13466: 13074,13941,15238,13903,28658,14416
13592: 
13391: 13368,13237,12920,13121,15063,15607
13639: 
14724: 15670,12980,13518,13065,14350,15412
14180: 13806,14455,13670,15211,12822,15185
13404: 14797,13012,14733,14752,15597
13909: 15031,13700,13475,13973,13756
13193: 13435,13883,15387,15558,14603,13595
14932: 13720
15080: 15309,13628,14737,13082,14408,13822
14400: 12979,14609
13046: 15651,13621,14509,12980,13518,15633
15144: 13619,14148,12989
14611: 15736,15415,13546,13955,14685,13870
14413: 13006,14713,15590
12842: 15028,14335
13155: 14936,14366,15458,13289,14015
14979: 14919,13697
14987: 14816,14115,15236,14349,15044,14150
14362: 13859
12993: 13055,13310,14848,15688,15195,13182
15276: 13259,15689,15253,14904,14212,13190
13807: 14930,13568,13395,12961,14838,14109
15182: 13661,15663,13674,15545,15432,13131
15018: 13980,13038
15218: 14453,14778,12840,13588
13845: 
15775: 14899,14993,13739,14126,15732,13925
13597: 15255,14140,15402,14890,13727
15008: 14431,14804,15497
14110: 15105,15316,15202,13507
13322: 12994,14817,15414,13695,13402,14819
14198: 13703,15317,14751,15586
14908: 
14638: 13983,15510,15506,14759,15508
13136: 14269,13122,14123,15720,14350,14023
13439: 13241,13832,12987
12996: 14656,13464,15646,15169,14213,14982
13903: 13466,13074,15238,12926,13059,12868
15604: 15191,14441,14272,14204,14461
13264: 14138
15565: 14882,14214,14981
15630: 15737,15394,15776,12874,14636,12815,13678
13860: 14531,13686,15695,14774,12880,15065
14969: 13810,12974,14468,13050
15359: 14489,15791,14516,13764
15381: 14803,15690,15319,15773,14631,14261,13189
15191: 13135,15604,14183,14272,15566
15189: 13163,15741,14221,13326,14792,15425
14989: 13048,14878
13115: 14357,15220,15747,14070,14761,14877
15544: 13814,14386,15612,14810
12988: 15263
14768: 13644,15130,15531,15601
14270: 14499,13666
14848: 13481,14551,13174,12993,13310,15688
15212: 12957,13975,15792,13773,14529
13433: 13734,14043,15361,13231,15461,14973
13801: 14450,12948,15270,15770,13035,13528,15372
13954: 14514,14770,14795
14097: 14312,13008,14533
14591: 13593,13929,15698,13020,14092,13157
14765: 13749,14032,13454,14654,15711,14276
15570: 14299,14716,14972
15039: 14915,14546,13474,13406,15041,13887
13139: 13977,15464,15366,15015,13093,13154
13246: 13134,14496,15712,12963,13891,15223
12863: 15432,13131,15124,13040,15009
13294: 
14827: 13916,13324,14281,13503,14850,14369
13577: 15804,14681,13825,14684,14553,13513
14106: 15642,14223,13706,13749,14032,13927
15117: 14192
14018: 
15079: 12942,12966,14564,15497
13910: 
15603: 15586
13644: 14768
14981: 13616,15341,15565
15132: 14829,13482,15108,13497,15687,14909
13069: 14164,15809,13636,14196,13802,15580
13671: 13173,14105,13664,15115,15010,15749
14597: 15202,13534,13756
14910: 
12933: 12953
15461: 12916,14258,14973,13899,13433,13231
15595: 12871,12848,13281,15762,13248,15215
14890: 13212,14589,15203,13597,14140,15402
13721: 13126,13022,15439,13493,14486
14181: 15107,14382,28674,15154,13835,14870
13001: 13262,14781,13715,15240,15017,14968
13805: 13250,13725,14186,13829
14576: 13948,13438,15274,15782,15139,14573
13424: 
13326: 14221,13340,14148,12989,15741,15189
13090: 14154,14974,13729
15505: 15328,13365,14076,14259,13089,14054
14779: 13392,14688,14472,15314,13976,13033
13074: 13466,13941,13903,12926,14869,15413
15447: 14885,14702,15331,12969
13367: 15424
15181: 14601,14272,14373,14183,13924
14970: 15354,15391,13135,14441
15672: 15266,15711,14276,14491,14311,15479
15495: 28675,15567,14310,14722,15772,14157
13696: 15072,13518,13065,15651,14044,13460
15408: 13615,14846,14499
13787: 15060,14776,14392,13551,13624,14933
13242: 15058,15102,15050,15097
15660: 14252,13966,14295,13993,15534
15496: 13949,13509,14783
13667: 13578,13525,14614,15016,15637,14418
14709: 13401,15338,12971,15563,13851
14200: 15374,13857,13950,13812,14892,14174
13333: 13685,13229,13104,15033
12909: 14674,15541,15038,14845
14873: 13984,15522,13996,14701,15121
12908: 13343,15645,13964,14995,14021,12958
14230: 15406,12825,14329,14303,13523
13712: 
14914: 15380,12969
14266: 15511,13384,12997,13915,13268,14131
13539: 14883,14209,14545,13512,13524,15765
14259: 13089,14733,14752,15505,14054
14299: 15570
15019: 13705
13622: 14134,13313,14764,13229
15229: 15086,14174,13097,14599,14343,13356
14911: 15026,13490,13436,13795,13930
15487: 15439,15243,13606,13493
14995: 14802,13964,15573,14758,14021,12908
12951: 13977,15366,12906,14605,15647,13452
14701: 15121,13611,14873,13168,12978
15613: 13757,12841,13498,13479,15177,13981
15285: 14774,13017,13516,14736,13407,13686
14704: 13731,15599,13469
13859: 14362,12991
13904: 15120,13504,15223,13741,14277,13134
15738: 14014,14831
14431: 15008,14027,15134
14066: 13103,15462,13077,15295,14430,13026
15064: 15322,14170,15021,15679,14917,15705
14070: 13115,15395,14120,14761,13256,14877
14521: 13299,13738,13406,15041,13027,14147
15783: 15202,15316,14849
15171: 
15522: 14225,15207,13612,14873,13996
15521: 12914,14678
13828: 13230,14344,13906,13286,14916,14456
15173: 15564,14445,14798
14204: 14601,14272,15604
13524: 15765,14049,12995,13512,13539,14530
14735: 13321,13219
13680: 14832,15529,13445,13292,14354,15135
13736: 14644,15654,15643,14410,13737,13145
13201: 13651,13200
13593: 14591,12836,15698,14092,15736
14856: 13138,14581,14360
14536: 15084,13868,14301,14569,13055,14939
13762: 15635
13549: 15794,15807,14826,15644
15062: 
12818: 15652,14675,15744,15204,13992,13688
13323: 13267,13130,13098,15228
15162: 14250,13114,13151,12886,14556,13316
14120: 13893,15555,15395,15465,14761,13604,14070
13673: 12948,15270,15643,12816,14535,14816
13649: 13226,15136,12837,12877,14738,14222
14783: 14725,13509,15496
15577: 
13162: 14974,13075,14156
15302: 13840,13051,14307,13966,14616,15168
13606: 15487,13844,13493
15450: 15150,14684,14964,14048,15618,15389
14958: 14715,13675,13658,14825
15346: 14950,15614,14547,14493,12819,14534
15083: 15481,14665,13409,13376,14169
14862: 15152,13441,13602,15559,13957
14128: 
13337: 14660
12947: 15401,15653,13342,14386
15734: 14251,14843,15758
14427: 13352,14143
15457: 15358,14901,15331,15166
13122: 13136,14123,14603,14659,14912,15720
14789: 13253
13192: 13073,13388,15682
15378: 15321,13200
13502: 14612,14647,12850,13037,14136
14654: 14810,13454,15612,14765,15711,14466
12815: 14636,13397,12985,15776,12874,15630
14355: 15767,14760
14241: 13379,15715,13743
13343: 13087,12908,15645,14963,13750,13964
15704: 13199,15653,12954,13799,14223,14121
13670: 14180,15211,12822,13451,13473,13586
14154: 13090,15811,13729
15452: 13377,13520,13010,15550,12827,15161
15262: 13660
15304: 13997,15575,14546,13887,14068,14960
15546: 15277,13378,13567,15674,14666,15799,14390
15113: 13108,14863,13370,15281
13112: 13011,14064,13842,15500,14385,15260
15186: 13545,14129,15756,14554,15047
14579: 15692,14479,13050,13810,15209
15206: 15549,13476
13137: 12821,14052
14302: 15180,14593,15249,14209,14545,14542
14972: 15725,15570,14716,14173,15308
12862: 14777,13076,14641,14091,15639,12847
15111: 15490,13289,15050,15032,14315
13021: 13263,13297,13601,13943,15311,13668
13951: 15543,14895,14216,13895,15174,13167
14697: 13961,14775,13347,14629,15256,14997
13983: 14638,15508
15240: 15180,14593,15017,14781,13503,13001
15642: 13799,14223,14191,14106,13706,15690
15674: 14808,14666,13567,14348,14139,15546,13378
13350: 15683,13235
13722: 14398,13624,14933,12955,14152
14468: 15289,14969,12974
12874: 15776,14954,14524,15245,12815,12985,15630
14625: 15585,14980,14438
14082: 14029,13652
12844: 14565,14869,15413,13312
14481: 14606,15552,14568
15588: 15423,14651,15371,14476,15045
13849: 14125,14717
12922: 14572,13740,13767,15713,12984,13753
13214: 14798,14445,13731
14475: 14026,15597,12961,13174,13310,14939
13856: 13078,13094,14185,15557,14354,14190
15423: 14651,15588,14983,15371,13571
13943: 14067,14683,13601,13021,13668
14043: 13433,15361,13231,13389,12873,14255
14868: 14229
13453: 13450,13373,13102,13031
15479: 14224,13836,15266,15672,14311,14257
13832: 15363,12987,13439
15217: 13329,14657,14352,14690,14902,13578
15702: 15068,15059
13933: 15198
14225: 15522,15207,14925,13078
14067: 14547,13943,13647,15686,13668
15273: 15494,15082,13953,13621,12943,13863
15054: 13678,15265,13876,15776,14954,13320
13006: 14413,14095,15590
14550: 14074,14187,14668,15475,13969,15693
15748: 15472,14279,13467,13734,13875,14447
14320: 13011,14064,15648,14457,14274,13519,13823
15174: 13663,13167,15427,13197,13895,13951
15131: 13018,15428,15492,12830,12833
15306: 13158,15045,12964
15279: 14448,15635,15755
14675: 15652,12818,15744,15525,13341,15641
14109: 15296,13058,15075,14022,13807,14930,14838
14619: 15055,15241,14510,15790
14608: 14242,13189,15319,14191,13532,13808
12967: 13393,15379
14317: 14346,14772,13386,12869,15793,14058
14699: 13241,13573,15806,14013,15467
13026: 14584,15615,14066,13077,13339,14430
15665: 13509
14567: 13650,15503,15770,13585,13911,15584,13035
13216: 13315,13689,14314,15087,13603
13890: 12969,13273,12929,15227
14486: 15059,13721,13022
14280: 14967,14417,14667,12860,15684,15176
15282: 15778,13905,13958
15105: 14110,15316
14750: 13039,14982,13195,15272,15646,14860
15812: 14192,13651,14527
13840: 13051,15443,15302,14616,12839,14245
12945: 14429,14239,15392
14986: 13768,15028,15148
14858: 15239,15257,15527,12962,15598,13804
13252: 14519,14024,14206,14613,13317,14664
15798: 13930,15767
15751: 13574,14998,15323,15120,13741,15422
13097: 14174,15229,13857,14343,13761
13008: 14533,14097
13628: 15309,15080,13934,13669,15329,13082
15272: 15297,14951,15646,13195,14382,14750
13996: 14228,13168,14507,15522,14873
14192: 15117,15812,15443
13692: 15284
15187: 14384,13880,15470,15754,13254
14994: 14239
14342: 13321,14160
14822: 15041,13027,13887,14068,15352,15573
13529: 15483
15421: 13599,14339
13756: 15233,13973,14597,13700,13534,13909
12887: 14178,15353,14135,13947,15074
13714: 15710
14950: 13876,15614,15346,13280,14534,13083
13382: 13255,13882,15023,13004,15322,15636
13043: 13015,15385,14433,14836,14689,15384
13804: 15598,14552,13488,15239,14858,13850
12900: 15568,12892,14376,14003,13093,13278
15134: 13959,14338,14431
14878: 14989
14678: 15224,15521
14805: 14151,15718,13878,13525,14614
13751: 
15138: 14442,13496,14177
13634: 15214,13121,13508,14621,13202,15142
14341: 
13371: 13360,15325,14526
13715: 15236,13145,12816,13262,13001,14968
14947: 15026,13490,13514,14830,13359,13477
14973: 12916,15461,13734,13433,13875,12930
13399: 13659,15375,12859,14421,14149
14869: 14565,12926,12844,15413,14729,15555,13074
12949: 14602,15355
13788: 15374,14502,13857,13792,13761,15407
14197: 14020
13999: 15243,13729,14111
15180: 14302,14593,15240,15017,15024,15249
14562: 13142,13929,14029
15561: 14319,15129,15693,13412,13894,15259
15044: 15396,14150,13863,14115,13953,14987
13423: 15509,12941,14561
14000: 15284,15786,15701
13893: 15555,15514,15395,14120,15165,14729,13604
14745: 14840,13682,15116,15652,15525,15143
15739: 14210,15729,15433,13755,14963,13750
15559: 13613,14866,13957,14862,15152,14859
13770: 13730,13759
14144: 13332,14748,14328,14799
14184: 14156,13075
12944: 13119
14669: 14215,14113,15158
13603: 15087,13216,14045
13881: 13417
14524: 12874,14954,12819,14580,15245,15614
13052: 14326,13157,13020,14041
14628: 15155,13950,15085,12936,14892
13660: 15512,13861,15262
14993: 14899,15680,15775,13286,13739,12849
12885: 13082,14927,13792,15329,14022,14930,13395
13114: 15162,13151,13781,12886,13418,12899
12888: 13561
13049: 14470,12911,15109,13442,13500,15797
13661: 14836,15800,14689,15182,15663,15432
14042: 13838,15012,14153,15354,14639,14931
14859: 15451,13519,14866,15559,15152,15157
15449: 14019,14696,14740,13494,15141,14829
15001: 13942,13822,14676,12896,14737,13935,15142
15320: 13421,13914,15343,13547
13279: 13096,13853,15070,15382,15754
15746: 15730,14727,13314,13318
13506: 15259,14708,15269,13013,13338,14305
13647: 14547,14067,13632,14532,14984,14493
15020: 14955,15116,14747,14327,15143,15594
13120: 13387
14105: 13671,13664,15749,15400,14844,13598
12937: 15264,14040,14081,15512
13771: 14364,12977,14682,14131,13361,14967
13280: 15311,14534,14950,13306,13272,13083
13036: 13987,13037,14462,14772,15628
13605: 13479,13366,14269,15535,15340,15788
14315: 14126,15360,15732,15111,15490,15032
14160: 13321,14342
14904: 12931,14902,15253,14690,15276,14212
13053: 15198
14094: 14467,13728
12923: 15095,14007
13803: 13641,15056,12939
13374: 13256,12868,14877,12831,13457,14801
14017: 13538,13902,13485,14379
13799: 15642,14223,13431,15690,13199,15704
13536: 15059,13022
13688: 13013,13992,13338,12818,15744,15529
13676: 15043,15284,15448,13791
13270: 14642,13487,15486,15179,14227,13896
15663: 13661,15800,15182,13233,12950,13674
14603: 13122,14123,15558,14659,13193,13595
13290: 14952,13428,14443,15757,15367,14086
14942: 15081,14190,13975,15792,13583
15303: 15516,13024,15478,14631,15453
14790: 13265,15345,14643,13942,14676,14744
15358: 15457,14901,14313,13002,13872
15175: 13344,15397,13340,13420,15076,14175
15752: 15436,14814,12843,13558
13516: 14774,15285,13017,12927,14487,15200
12845: 13117,15707,14978
13730: 13694,15235,13770
14368: 13684,15538,13575,13239
14081: 14040,12937
14924: 14707,13477,13514,14166,14393
13865: 
14673: 12889
13988: 13113,13563,14324
14796: 13123,13412,14222,13969,12837,14407
13377: 15452,13520,13359,15550,14855
13731: 15599,13214,14704
14588: 14571,15427,13197,13614,14234,13952
14913: 15455,13784,14520,13207,15530,13208
13358: 13308,13071,14420
14737: 15309,15080,14621,15142,15001,13822
14339: 13980,15421
13172: 12882,13937,15481,13409
13626: 14119,13227,13110,15498,14898,14433
15643: 13736,14644,15270,13673,13145,12816
14665: 15083,14522,14169,13143,12883,14474
14205: 13473,13586,15666,14220,15098
14954: 15776,12874,14524,13876,15614,15054
13384: 15511,14867,14266,13047,12997,14391
13092: 14327,15143,13773,15525,13341,12957
12891: 15440,14248,15271,15718,12832,14151
14065: 13405,15710
15501: 
14356: 13690,12934,13031,13045
13418: 15554,12899,14773,12999,13781,13114
15112: 14711
15549: 13476,15206
12893: 12881,12932,15611
13077: 15787,13339,15305,14066,15462,13026
12850: 15628,15668,14387,13037,13502
13979: 13932,13521
15227: 15750,13571,13890,14983
14260: 15624,14607
13946: 13127,15345,13480,13271,14659,14912
15124: 12863,15009,15458,13315,14936
15531: 14768
15683: 13350,13653,14893
14044: 15714,13460,13274,13696,15651,12943
13958: 14894,13499,15282
15000: 15753,13463,15611,12853,12932
13023: 14425,15700,14375
15572: 
14211: 
13829: 13805
15690: 15381,14803,15319,13431,13799,15642,14191
14010: 15655,15445
14682: 12977,13771,14967,13716,13691,15176
12983: 14936,14366,13315,14314,14975
15345: 13127,13265,14790,13480,13946,14676
15657: 13344,13526,14569,14907,13420
15009: 15432,12863,15124,14689,15458,15384
13088: 13164,14541,13381,14104,14679,14557
14092: 15736,15415,14591,13593,13929,15051
13574: 14844,13598,15751,14238,14998,15422
13504: 13904,15120,15223,13091,15251,14383
13883: 13193,13435,13282,14551,13974,15558
12872: 15253,15011,14690,15184,14284,14352
15507: 15778
14335: 15028,12842,15406,14035
13153: 13345,13858,15172,14723,12917,14817
15215: 15551,15757,13248,15595,12848,14086
14937: 13584
14792: 14928,15425,14221,15189,13591,12864
15087: 14637,14031,14112,13689,13216,13603
15586: 15603,14751,14198
14319: 15129,15561,14470,14692,15259,15269
13564: 13144
14151: 15368,14805,15718,14248,12891,14614,13888
13608: 14500,13607,13072,13230,13906,14409
13723: 15520,14416,14103,13124,15491,15034
15298: 13923,13867
15722: 12895,14860,13140,15107,13195,13430
14313: 15055,13698,15358,13002
14088: 13348,15090
14906: 14345,13552,15469
14087: 14425
13576: 15810,14770
13750: 13343,13087,14963,15739,15433,15621
13831: 13902,15126,15491,15034,14992,13324
15362: 14505,14975
13517: 13851,15456,14999,15287,14374
14104: 13532,13335,13808,13088,13381,14679
15632: 13421,13073,15247
13984: 13612,14873,14831,15081,15121
13707: 
14961: 15725,14716,14289,12952
13292: 15557,15641,14354,15744,15529,13680
15159: 12884,14041,15348,13225,13020
15230: 13387,14138,14517,14835
14955: 13569,15116,15020,12960,14747
14617: 14146
13772: 14253,15484
14907: 13331,13420,14454,14569,15657,15084
14078: 13149,14523,14117
15439: 15487,13493,14289,13126,13721
14055: 13344,15397,13581,14424,13526
14333: 15600,15161,12919,12827
14880: 14172,15745,13482,13447
15031: 13066,12929,13909,13973,13685,14102
14966: 13743,14171
13757: 12841,15613,13498,14692,13879,15109
14153: 15726,14290,15354,13838,14042
15563: 13099,15338,15456,14709
13940: 13843,14905,14903
14516: 13211,13965,14467,14489,15359
15616: 12846,13760,14821,14900,13936
15724: 13446,14282,14300,15099
14640: 14712,13408
15225: 13163,15741,15626,15263
15327: 15602,15334,13877,14297
14239: 14084,14994,12945
15655: 14010,15730,13710
13341: 14675,15525,13092,15641,14662,12957
13234: 15295,14430,15713,14566,13530,13740
15232: 14767,12964,13118,13158
12980: 15670,14724,13518,14450,14509,13046
14754: 13796,15493
15425: 14928,14792,13163,15189,14762,14367
15349: 
14657: 13329,15217,13878,13578,13525
15393: 14686,14488,15759,14107,13892
15647: 15396,14150,12906,12951,15431,13452
14358: 14463,14977,15146,14519,14492,12875
15125: 
15541: 14674,12909,15576,14361,13394
12851: 13527,15469,15224,13949
15410: 13435,15387,15688,15195,13442,15797
13150: 13745,14399,13250,13330
15387: 13193,13435,15410,15351,13595,15797
13349: 15795,14560,13461,15627,13345,13858
13450: 15339,13453,13102
13620: 15508,13659,13305,14990,14577
13610: 
15316: 15343,15105,14110,15783
15013: 14340,15545,13786,13131,13040,14637
14171: 14966
15324: 14016,12817,15472,15104,15677
14863: 13108,15113,15048
15130: 14768,15601,15221
14096: 13032,15708,12846,13760
13048: 13257,13373,14989
14306: 14188,13334,28659,15600
15243: 13999,15487
13800: 14653,14743,12830,14217,15768,14791
13452: 13848,13631,15431,15647,12951,15366
14376: 15568,12900,13293,14857,14003,13648
15649: 
15592: 13866,13184,14706,15518,14655,13665
14290: 15726,14153,14051,14300,13464,13838
14327: 13092,15143,13773,15020,14397,15594
13041: 13827,14405
13638: 15608,13217,13767,13753,13171,14363
14452: 15581,14500,12892,13415,13278,15416
13651: 14245,13200,15812,13201
13615: 15408
13247: 14876,14651,15045
15005: 12905,15101,12994,15414,13643,13919
14882: 15565,12829,13000,14214
13064: 14277,14525,13654,14127,13277,15658
14575: 14835,14558,15210
12924: 12956,13880,13861,14543,13254
14135: 14480,13947,12907,12887,14203
15624: 14260,14798,15764
13895: 14604,14202,15427,15174,13951,14216
13792: 15329,13761,14022,13788,15407,15296,12885
13691: 13716,14682,14634,15176,14208
12866: 14739,15596,13282,12896,13480,13271
14387: 12850,15628,15668,15640,12894,15286
13462: 14149,14321,14990,14287,13713
14048: 15150,15450,15290,12899,13151,15389
13645: 15509,14586,14111
15747: 13115,15220,12880,14761,14531,14226
14664: 14492,14294,14519,13252,13317,13531
14159: 15221,14403,12992
13949: 15496,12851
13508: 15214,13121,13634,15607,14812,15723
15331: 15166,14702,15457,14885,15447
15703: 14149,14321,14421,13590,13891,15092
14052: 14734,12821,13328,13137
14717: 15242,13849
12972: 14478,14583,15313
13919: 13185,13679,12912,13643,15005,15101
14967: 14280,14417,13771,14682,14131,15176
13686: 13860,15695,14308,14774,15285,14736
13265: 13127,14790,15345,14744,14719,14124
13748: 14231,13899,13972,13060,14926,14258
15580: 13802,13648,15568,13636,13069,13166
13093: 15015,13278,14003,13139,15464,12900
12971: 13416,15338,14709
14173: 15308,14332,13510,14972
13013: 13992,13688,13338,13894,15259,13506
13971: 14072
13185: 13919,14267,13679,12912,13188,14116
13567: 28589,15294,14139,15546,13378,15674
13927: 13749,14106,13706,13335,15377,14162
15756: 14864,14886,13419,14554,15186,14129
15289: 14468,14498
12985: 13397,12815,15245,15619,13776,12874
15628: 12850,14387,14462,12894,13037,13036
13746: 14634,14589,14208,14426
13955: 14791,13470,14685,13870,14611
15715: 13379,14241,15664,15040
12834: 15252,14328,14506
13217: 13638,14732,15608,14705,14363,15165,13604
15033: 15696,13333,14794,13319
14422: 13068,14359,14971
12895: 13986,15722,14860,13430,14646
14451: 13820
12977: 13771,14682,13361,14771,13716
15209: 14218,13810,14579,15692
13991: 13394,14076,14054,14741
15648: 15152,13441,15463,14457,13519,14320
14540: 13325,14934,14188,13779
13095: 
14113: 14215,14669,14771,14249,14884
12946: 14897,15118,13228,13068
14453: 15218,12840,14915,14546,15575
14720: 
13643: 13926,12912,14896,12994,15005,13919
13609: 13959,14876,14027
14324: 15216,15679,14823,13988,13113
14349: 12906,14968,12973,15236,14987,14150
15474: 
15477: 15504,15299
14014: 15081,13583,14563,15738
14308: 13686,15695,13585,14736,15609,15278
15512: 13660,14671,12937
15723: 14812,13665,12928,14655,13508,15607
15453: 14233,13431,15303,14631,14803
15729: 14210,15739,14935,13755,14242,13656
13665: 14812,15723,12927,14655,15592,13184
13545: 15186,14129,15128,15047,13947,12907
14971: 14422,15388
15204: 14840,14407,13123,13992,15652,12818
14903: 14889,13940,14178,15709,15430
14741: 15332,13581,13991,14271,13210
15658: 15554,13769,13064,14773,13654,13277
13914: 15343,15810,15320
15341: 13701,14981,15803
13963: 14476,13221
15543: 13951,14895,14216,13180,13546,13870
15157: 14255,12990,14866,12873,15451,14859