14621: 13121,15063,14737,13368,15080,15309
28593: 
13143: 15296,14665,14396,14766,13455
14985: 13810,14606,15093,14218,13396,13050
12849: 14993,13739,14440,15042,14916,12828
14615: 15487,14154,15587,15167,15631,13075
14328: 14493,12985,14748,15252,13348,14517
15299: 15483,13130,15477,15578,13383,13499
15380: 15134,15008,12929,13609,14651,13890
15145: 12857,13583,14999
13511: 15146,13300,13188,13185,14267,14024
13765: 13270,15486,13209,15179,14234,13952
14273: 13012,15175,14175,13526,14055,15397
15510: 15589,14426,13361
14172: 15660
15340: 13479,12841,13605,15351,13500,15535
13959: 12966,14564,14734,15326,15300,13862
14722: 15495,15567,13402,15414,12905,15772
15448: 13129,13692,14353,13775,15701
13438: 14013,12920,13439,13400,13237,14573
14250: 13151,15162,14556,14681,15150,13489
13724: 14033,14100,13235,15548,15572,14211
13533: 15115,15735,15010,14179,14560,15795
12829: 15399,15760,14882,13328,14431,14214
12939: 15276,14695,14875
12855: 15514,14705,14641,14565,14777,14729
14343: 15806,15075,13857,14022,14733,14838
13151: 13114,15162,14250,12899,15290,15150
13942: 14676,14790,14643,15142,12896,13935
15785: 15263,14199
13420: 15076,13331,15657,15175,13344,14907
13886: 14718
14390: 15678,15799,15515,14040,13667,14808
14436: 14925,13157,15468,13870,14611
13061: 
14824: 13616,14727,12821,13169,13968,14678
15666: 13473,12894
13488: 13804,13850,13471,14552
14556: 13317,13316,13531,15162,14250,13489,15482
14112: 14637,15087,14698,13786
13025: 14933,13787,13908,14571,15060,15591
13894: 15204,13123,15561,15259,13013,13992
13263: 14913,14068,15530,14520,14758,13208
12840: 15138,12932
14405: 15689,14513,14178,14886,15253
14881: 13766,15421,13028,13917,14341,13910
15804: 14684,14294,14192,13961,14775,15066
13753: 13638,13171,12984,13866,13767,12922
14598: 15763,15379,15038,14296,12895
15338: 13401,15441,13565,14757,13416,12971
14998: 14703,13175,14815,13574,15422,15751
14252: 15302,15168,13840,14696,15117,15350
14488: 13397,14862,14587,13646,15429
15372: 14450,15270,14644,13801,15770,15643
15484: 13720,15071,13422,13257,13045
15779: 15222,13784,12856,12958,14021,14179
14108: 13176,13386,13037,14462
13302: 
15116: 14745,13682,13569,14955,15020,15143
14833: 14576,13788,13364,14174,13792
15737: 14180,14480,13789,13456,13957
15482: 13489,13825,13347,15812,14556,13531,15485
12958: 14021,15645,14179,12856,15779,15735
15178: 13728,13641,13298,15293,15674
15254: 13484,14734,15008,13571,14804,14564
13948: 13559,13238,15622
14438: 13954,15003,14414,14795,15734,13149
14923: 14873,14190,13078,13984
15373: 14623,13308,14356,15411
14809: 14697,13005,15256,15437,13513
14802: 14758,13208,15573,14995,13964
13070: 13987,13079,14012
15519: 14078,14795,13149,14980,14251,15166
15363: 15386,13832
15792: 14053,12957,13517,14014,13196
14683: 15133,14546,13474,12819,13406,13299
14079: 14459
15791: 15512,13084
14024: 14358,14519,15146,13511,14613,14267
15721: 15598,13630,14552,13877
12911: 15129,14470,14074,15693,13049,13442
15760: 12829,15399,13218,13655,13360,14431
15698: 13955,15051,14071,14966,14685
14920: 14167,14971,13130,14377,14404,13958
14650: 14619,13178,14117,15173,14798,14730
15002: 
15244: 12928,13610,14991,14446,15268,13821
14178: 12891,14405,14352,13578,15253
15730: 13468,14010,14240,13098,13425,14887
15150: 14681,15450,15290,13151,14250,14048
14893: 14009,14377,13536,14163,13022,13958
15332: 13526,14169,14054,13404,13012,14752
15296: 13143,14665,14502,15505,13455,13058,15328
13814: 14654,15193
14323: 
14369: 13916,14883,14827,13503,14593,14209
14361: 14602,13394,13629,13187,14271,13817
15293: 15016,13965,15178,14467,15674
13301: 13674,14852,15545,14785,14946,14340
14921: 13820,14117,14579,14559,14730,13002
15092: 13134,13047,15459,13891,14867,13920
15201: 15656,14029,13553,15769,15131
13808: 13381,14608,14210,15433
14929: 12942,14813,13034,14851,12991,15635
14999: 14374,14511,15145,12857
15024: 14605,13081,12973,15017,15249,15180
12932: 15138,12840
13297: 13306,13327,15455,12856,13280,13784
15745: 13840,14295,14696,15485,13156,15812
14391: 13904,14127,13277,12997,14277,13891
15688: 13435,13883,15558,14551,12993,15195
13010: 15605,13742,15634,14056,12827
14186: 
15403: 15626,12889,15741,15225,14673,15342
14808: 13660,13472,13336,14390,14040,15359
13553: 14895,12830,13018,15769,14092,15201,14029
14742: 12852,14657,14864,13545,14772
14585: 13810,14606,14579,14559,14251,15166
15343: 15783,12940,14849,14134,15197,14597
13793: 13284,14451,14133,14483,14197
13952: 14504,13197,14588,14234,15486,13765
13414: 15702,13090,14731,14154,13599
13938: 14264,15365
13222: 13223
14594: 14721,15603,15337,14769
13281: 14776,14090,14574,14392,13291,15762,12871
15589: 15510,14215,13620,14669
12994: 13322,14817,13926,13643,15414,15005
14666: 
12990: 14016,12953,15353,13572,15472
15427: 13614,14571,15591,14604,14588,13895
13181: 15364,13474,13936,14547,14915
13503: 15240,14781,14593,14850,14369,14827
15370: 13705,15336
13646: 14558,15054,13397,14488,13939,15429
14828: 13767,12847,14572,14641,14363,14705
14489: 14235,14348,15294,13298,15016
13278: 13415,14452,12900,13093,15015,12892
13446: 13995,15566,14485,14656,13986,15272
13267: 14640,14336,13529,13783,13323
12936: 15467,15374
14448: 13600,15424,15710,15476
14606: 14585,14985,13810,13889,13050,15166
15139: 
15061: 
15761: 15006,14932,13071
14898: 14254,14433,14836,13233,15800,13661
14812: 15214,13508,13202,15723,13665,13017,13407
14428: 13833,14366,15664,15088
13873: 14957,14077,15507
14003: 14857,14376,12900,13589,13093,15464
13119: 13989
14949: 13190,13041
15420: 13192,14711,14770,14753,15810,14219
13833: 14428,13057,15715,13758,15088
14835: 15245
13248: 15762,15629,14443,15207,12871,14952
14477: 15102,14171,13898
14532: 
12965: 
15418: 15035,14495,14924
15253: 12869,13578,14178,14405,15689,15718
15645: 12958,14021,12908,13343,13087,15735
13684: 13575,14355,14368
15654: 15503,15096,14644,14842,13737,13736
14587: 13232,15781,14861,14488,15429
12896: 15001,15142,14739,14676,13942,12866
15557: 13856,14190,13292,15641,14662,14354,15081
15506: 
15151: 15697,15136,13309,15409,12864,13226
13924: 14837
14364: 14287,14321
15432: 15009,15663,13661,15385,15182,14315
13976: 14977,14307,14463,13033,15330,14274
13286: 14916,14456,13906,13828,15680,13739
13583: 14374,15145
13702: 13213,15224,15665,15062,12851,15808
13044: 14916,14456,14642,13945,14743,15042
14912: 15057,13127,14659,13193,14603,13122
14351: 15276,14695,13921,28589,14293
14642: 13044,14456,15486,13487,14504,13945
14684: 14294,15804,13577,13825,13347,14775
14179: 12958,15222,15779,15735,13533,15795
15238: 28658,14416,13466,13124,13903,12868,12831
15434: 13362,14468,14322,13007
15071: 13622,14720,15484,13422
13124: 15520,14416,15238,13723,12831,14782,15491
14543: 14516,15261,13861
13839: 12957,13517,12971,12978,13401,13067
15608: 13638,13171,15200,14732,13217,14487
13299: 13406,13189,15364,13474,14683
14214: 14052,15312,13328,12829,14882,15565
14322: 15419,13007,13362,15434,15716,15123
15261: 14671,14543,15187
12814: 13698,15209,14061,13820,14818,15692
14027: 15447,14876,13909,13066,12964,15371
14338: 15033,13319,13534,14794,13333,13642,14356
14601: 
15573: 14758,14802,14085,13964
13398: 14046,14189,15435,12904,13827
14559: 15202,14251,14585,14921,14579,13002
15579: 14803
12838: 13501,12894
14751: 15317,13703
13957: 13522,13456,15737,14480,13152
14861: 12834,14144,14862,14587,13232
13708: 15170,15388,15313,15620,12972,13770
14926: 13972,15172,13060,13153,13345
13230: 13906,14344,13828,14409,13260,13608
13930: 
15530: 13263,14913,15352,13288,14758
15590: 14976
13496: 
13794: 15810,15112,13777,14793,13561,12934
14496: 14276,15122,15703,14098,15712
14134: 14849,15091,15343,15802,15105,15197
13928: 13109,13199,13836,15711
15669: 15533,15536
15801: 14902,13525,15780,13892,14886,14513
15662: 14472,14248,13441,13993,15314
13781: 15190,12886,15237,12999,13418,13114
12826: 15479,15612,14050,13749,14162
14939: 14475,13174,14301,14536,13310,15084
12919: 14333,15452,14083,14056
14535: 14115,14816,13673,14509,12948,15633
13240: 14919,13314,13633,15746,13558,15288
15390: 14528,13854,13356,13610,14446
13266: 15424,13712,12876,13427
15472: 15677,13467,13572,15748,12990
13361: 15158,13716,15510
14798: 15173,14704,12986,14818,14117,14650
13841: 13623,13815,15787,15518,14811,14584
15538: 14947,13514,14917,14830,13779,13436
14990: 
14063: 14694,13806,15805,14748,15103,14517
14580: 14636,14506,14493,13397,14874
14226: 14531,13911,15747,15220,13650,15096
13690: 13534,13313,14596,13700,13465,13642
14624: 14685,13168,13483,14966
13732: 13925,15050,15471,13379,15492
13994: 15181
13936: 15575,14547,15699,13181
15755: 13710,14847,15644,15469,14201,15445
13899: 13748,14866,13389,14258,15461,13231
13096: 14612
15731: 
15246: 14148,14741,13210,13365,12967,13817
14429: 13284,15127,15599,14994,14111,15509
13085: 13393,13187,13629,15099,15355,13409
12979: 12867,14712,14229,15282
14301: 15657,15597,14569,14475,14939,15084
13463: 14303
13442: 13049,15797,15410,13432,14074,12911
14844: 14105,13664,14381,13175,13574,13598
13421: 14006,13818,15316,13576,15682
13212: 14553,15203
14354: 15529,13680,13292,13856,15557,13094
14696: 15745,13840,14295,13392,15117,14252
13213: 13527,14201,13702,15224,15644,15808
14944: 13698,15209,12992,15004
13147: 15717,14850,13625,15069,13107,14281
14706: 15615,13866,15518,15592,14584,13184
15562: 12952,15725,28559,15118,14716,12946
15309: 13082,15080,13368,13628,15329,14621
14877: 14357,14801,13256,14070,13115,13374
12931: 15294,13763,13378,13211,28589,15376
15051: 15698,13955,14562,15736,15415,14394,14685
13848: 15431,13452,13631,13550,15179,13896
15050: 13925,13732,15492,14505,14241
15115: 13087,15735,13173,15010,13533,13258,13671
13544: 12989,14296,13773,14001,15263
13743: 15428,13470,14993,14217,15719
15406: 15133,13997,12819,13719,28667,13601
12886: 15190,13781,15213,13114,15162,13316
14350: 13065,15412,14724,15720,14023,13136
15750: 13104,14102,12929,13066,15371,13609
15278: 15584,13585,15609,14308,14744,14719
13277: 13769,15658,12997,14277,13064,14391
15534: 15350,13497,15502,14385,13805
13319: 14338,15033,13491,13333,15696,13571,13484
13174: 13568,14475,14939,15275,13310,13481
13412: 15561,15129,13969,15693,14796,13123
14483: 13086,13824,14133,13793,14304,14197
13911: 15695,14531,14226,14567,13585,13650
13562: 13980,14341,13910,14073,13476,15570
14143: 13352,13183,13855,13337
13458: 12923
14309: 15336,13869,13859
13520: 28659,15679,15767,15161,14947,13514
14237: 13444,15330,15098,14859,13662
15091: 14219,14849,14134,14753,15112,15105
14952: 15207,13290,14443,13248,14925,15522
13173: 15115,13258,15621,13671,13664
13378: 12931,15294,13211,12872,14168
14359: 13493,15417,15537,15683,14285
15322: 15636,13113
13889: 13050,14523,12902,14606,14078,15166
13823: 14399,13112,13473
12839: 13128,14629,14101
15057: 15347,14124,13127,15720,14912,13122
14554: 15186,15128
14403: 13855,15601,15130,14768,14159
15400: 14036,15749,14105,13598,14310,15567
14236: 14018,13917,15549,14291,15727
12864: 15409,14221,14792,13226,13591,15151
14304: 15167,14197,13824,14483,14660
13809: 14769,14198,13100,15386
14685: 14624,13483,14394,15698,15051
14730: 13677,13002,14117,14921,13178,14650
13822: 14371,14739,14737,15080,14408,15001
15308: 14486,15206,13228,15685,14289,15194
15089: 
13858: 14723,13153,13345,13349,13461,13695
14497: 13535,13083,13327,12879,15067
14410: 13262,15717,13625,13737,13145,13736
28520: 14310,15495,14157,14238,15454,13160
15142: 13634,15001,12896,13202,13935,13942
15732: 13289,14689,14888,15360,15471,13015
13003: 14785,14946,13471,13543
15441: 15338,13565,14001
14246: 
14933: 13025,13624,13787,13722,13908,15714
15257: 14164,14402,12962,14858,15527,13492
14784: 14296,12895,14199
15344: 12949,13937,15481,14282,14474
14860: 13573,14013,12920,15155
15576: 14271,15474,13629,14645,15355,13990
15141: 14490
13104: 15750,14102,12929,13685,14764,15227
13657: 13846
13595: 15387,14123,14603,15351,15797,15535
14121: 15377,14386,15612
14851: 14004,14501,13034,15691,14929,15635
14148: 14741,15246,13210,13619,13340,13326
13311: 14367,15342,15456,15563,14512,15617
13329: 15780,13892,13947,15185
12823: 
13759: 13380,14906,13905,13054,15778,15807
13764: 13186,13660,13336
15326: 12942,14813,14734,15766,13959,15300
13790: 15183,13592,13261,13038
14050: 15625,12826,14162,14132,14491
15614: 14950,14787,14534,15776,13207,14137
14185: 14942,14701,15348,13078,14225
14637: 14112,15087,14247,13786,14045,14626
13209: 13550,15494,15179,14471,14234,13765
15460: 14413,14028,15632
14434: 15769,13483,15131
13483: 14624,14685,13168,14394,14434
15492: 14366,14505,13379,15050,13732
14800: 15243,14334,13042,13062,13510,14332
12948: 14450,15270,12980,14535,13673,14509
13223: 13222
13260: 13541,14227,13072,13608,14344,13230
15140: 
13236: 15222,15627,13784,15067,12898,15172
14291: 15549,15036,15487,14020,15727,14236
15291: 13459,15006
13666: 14499,14623,13720,12820,13016
14028: 13960,15460,14941
13161: 13264,15128,14180,14480
13373: 
14663: 15722,14628
13476: 13599,15570,15727,13562,13910
13847: 13772,13034,15411,15691,14623,13016
14692: 15109,13879,13757,15259,14319,15269
13272: 13876,15444,14954,14137,13280,13306
13134: 15092,14127,14383,15223,13920
13953: 13046,15633,14115,15044,13621,13863
14276: 15553,14496,15122
13303: 
15794: 15315,13383,13367,14243,14167,14583
14414: 13954,14438,15734,14610,13747,13507
15099: 15085,13393,13085,13830,13409
13034: 13772,13847,15691,12942,14929,14851
13917: 14236,14018,15727,13910,14881,15421
14064: 13206,13111
14626: 13603,14031,14045,14637,14247,13315
14476: 14313,13963,12903,13165,12897,13872
14900: 13141,15218,14680
14609: 14400,14953,14971,14712,15477
13693: 14574,13291,13555,15318,13782,13551
15456: 14444,13975,15563,15225,13311,15342
14384: 12956,15188,14460,13515,14058
15533: 15669
13850: 13804,13488,13471,15239,14946,14852
14997: 14245,12910,15066
13596: 13803,14372,13921,14293
13877: 15327,14297,15721,13630
13117: 14841
15149: 13916,14883,14207,13485,15126,13512
14336: 12938,14640,13267,15681,14807,13323
14461: 
14149: 12977,15158,13357
14381: 15621,14541,13664,14844,13175,13164
15605: 13010,12901,15705,12827,13563
14963: 13964,13343,12998,15729,15739
15385: 15556,13131,15182,15432,15490,14315
15148: 
15726: 15169,13791
15412: 14350,14724,15347,15720,15670,12980
15490: 12983,14315,14015,15385,13131,15384
15640: 13176,14614,14317
13347: 15482,13825,15812,14684,14294
15073: 
13960: 14095,14028,13867
15102: 14171,14477,13758,15088
13768: 
15725: 12952,14069,15562,15685,13228,14716
14916: 13044,14456,13286,13739,12849,15042
13087: 15115,15735,13343,15645,13258
14515: 15701,15219,14639,15043,15113
13056: 14128
13598: 13574,14238,14105,14844,15400,14310
13874: 13927,15266,15479,14810,13983,14224
13710: 15755,14847,15644,15496,15027,14887
15143: 15020,14745,15116,15525,14675,14327
13309: 15151,15697,15136,13569,14347,13682
14564: 15565,12966,13959,14804,15254,14734
14310: 28520,15495,15567,15400,14238,13598
14899: 12835,15680,15775,13227,15360,13015
15575: 13936,13864,14547
15255: 13478,13727,14589
13588: 15489
14528: 15390,14699,15305,13832,13610
13385: 
14788: 14702,14914,14481,14625,15457,14002
13121: 14621,15063,14737,15607,13508,13634
14229: 14469,15282,13424,12979
14007: 14984,15250
14511: 14053,14999,15121,12857
14367: 13311,15342,15741,15189,13449,15617
13789: 13009,13330,15737,13982
14491: 14132,15251,14311,14050,15672,14162
14523: 13889,13050,12902,12974,14286,14268
13118: 15771,13655,15079,13158,15232,15045
15532: 15762,15629,13587,13782,15137,13291
13428: 15135,14228,13445,15629,14443,13587
12916: 14973,12917,14723,14817,13926,12930
13640: 
13785: 13453,15147,13547,13465,14253
15239: 15527,12950,14858,13804,13850,14852
15088: 13833,14428,15102
15437: 15473,15256,14964,14503,14667,13513,14809
13170: 13795,14166
13585: 14567,15584,15278,14308,15695,13911
14469: 14229,15282
14593: 13503,15240,14369,14209,15180,14302
14813: 12942,15326,14929,15300,15521,12991
12873: 13231,15361,13389,13332,14043
13436: 13779,15798,14830,15538,13359,14911
13896: 13541,14227,13848,13631,15179,13270
14445: 14498,14607,13731,14704,12986,13269
14256: 15230
13058: 13581,15328,14502,14892,15296,14665,14169
13866: 12984,15615,14706,13753,13171,13184
13224: 15245
15529: 14832,13680,14354,15744,13338,13292
13897: 13509,13426,14620,13714,13405
13852: 
15193: 13109,13814
14278: 
13063: 
13867: 13006,13960
14736: 14578,15609,14308,13407,13686,15285
14040: 14390,13667,14176,14808,13472
14234: 13614,13209,14471,13765,13952,14588
13719: 13647,12819,14915,28667,14138,12878,15406
15388: 13708,15170,15313,14478,15436,15620,13283
15376: 28589,14293,14284,13843,13211,12931
14721: 15603,15586,14594,14769,14066,13871,13956
14019: 15108
15584: 14567,15278,13585,13265,14719,13177
15284: 
14140: 14682,13771,14967,15684,14280
13755: 12998,15729,13454,13797,12954
13426: 13897,13509,14389,13405,14725,13869
13368: 13391,15268,13628,14621,15063,15309
14647: 14317,15382,13853,15512
14217: 15768,12828,13142,14993,13743,15719
13526: 14169,15332,13581,13012,14273,14055
12964: 13247,15045,15371,14027,15447,15079
14544: 15131,15656
12848: 14395,15551,14562,13180,15736,14791
14864: 13774,12832,15192,14742,12852,13545
13189: 13299,14261
14401: 
13250: 15248,13725,15052,14490
13359: 14582,14495,14830,13436
14372: 13596,13041,15560,14284,14293
15772: 12905,13205,15495,14722,14157,15237
12942: 14813,15326,14929,15766,13772,13034
14039: 14300,13995,13838,14931,15724
14577: 14771,13357,13716
13993: 13051,15314,14307,13966,14248,15662
15136: 15151,13309,14347,13226,12837,13649
14379: 14017,14207,13485,13560
14331: 
13776: 14494
14286: 15025,14969,14268,14523,12902,15160
13475: 15447,14876,13752,13756,14702,15423
14688: 13392,12944,15117,13029,13497
14212: 13041,15560,13885,14537
15682: 14610,13747,13914,13421,15316,13576
13163: 13326,15226,15144,15409,14792,15425
14002: 12969,15457,14914,14788,14885,12903
13546: 15174,13018,14232,15543,15415,14791,14895
15213: 14062,14206,15190,12886,14141,13316
15120: 15323,13741,13091,13904,14277
15636: 15550,15733,15322,14922
13796: 15059,15743,13126,15018,15068,14897
14988: 14184,15587
13674: 13301,14852,15545,15800,12950,15663
15524: 13156,14492,12875,14779,13051,14295
13978: 13704,15523,13967,15289,14423
15025: 14286,14969,14262,14514,14479,15160
12961: 13807,14109,14026,13568,14475,15597
12827: 15679,15488,13563,13010,15605,14056
15509: 14111,13606,13162,14429,14561,14994
14474: 13913,14646,15481,15344,13937
13407: 14578,14736,13017,15214,14812,15285
13454: 14085,14622,13797,13755
13459: 13257,13045,15383,15291
13062: 14406,15426,14173,14332,14800,14334
13317: 14556,13316,13531,14206,13252,14664
13760: 
13607: 13110,15581,14119,13608,14500,14409
13739: 12849,14440,14916,13286,15680,15775
15415: 15736,14394,14791,13018,13546,15051,14092
13926: 14896,12930,13643,12916,12994,14817
15716: 15123,15289,14322,12992,14843
15041: 15616,13887,15304,14161,14960
15158: 13361,13357,14149
14513: 14405,15689,14902,15801,14904,13564
13704: 14097,15298,13978,13967,14095
15268: 13368,13391,15244,14446,13821,15063
13273: 13973,15783,15031,14764,14597,14102
13179: 15083,14473,15481,13913
15582: 15014
13166: 12892,15568,15416,15580,13636,13918
14008: 13239,15798,14760,13325,13717,14707
14610: 15682,13747,13699,15316,15734,14414
13235: 14194,15548,13350,13653,14033,13724
13356: 13854,13439,15390,14446,13391,13400
13821: 15607,14756,15244,12928,15268,15063
14590: 14038
15128: 14047,14554,14180,13161
13774: 14864,15637,14435,13545,12850
13934: 13237,15329,14573,13761,13669,12885
13132: 
13505: 13766,13845
15558: 15688,13435,13883,13193,13271,14659
13148: 15004,13644,15280,13698,13101
15473: 15256,15437,14775,14964,15450,13577
13629: 14361,13085,13187,14271,15576,15355
14289: 14422,15501,15194,15308,13228,13068
14374: 13583,14999,13517,13851
13842: 14618,13112,14472,13494,14829
15160: 14479,13699,14286,15025,12902,14839
15383: 13459
15771: 13655,13118,13360,15232,13733,12975
13434: 14972,14510,15068,15206,13844,14897
14962: 14622,15704,13342,14191
13372: 
13972: 12898,14926,15172,14057,14231,13060
14708: 14305,15623,15137,13879,13506,15269,13944
15374: 13950,12936,14576
14001: 13773,14757,13544,15263,15441
14295: 15745,14696,13156,15524,14779,13392
14620: 13897,13411,15019,13714,14362
13920: 14867,13134,15092,13246
14480: 14180,15737,13161,13957,13152
14487: 14732,15065,15608,15200,13516,14774
14943: 
15485: 13531,13156,14664,15482,15812,15745
13923: 
15438: 12881
15369: 13597
13798: 13918,13537,15498,15416,13110,15581
13128: 12839,14101,14890
12941: 14974,13907,13606,13162,15811,12945
15252: 15805,15393,13521,13348,14328,14748
15712: 15703,14496,12963,13410,13590
15108: 14019,15260
15335: 13219,14342,14160,13243
13455: 12882,15505,14025,12996,15296,13143
14257: 14383,15223,13410,15251,14311,15553
14415: 13168,14661
13363: 15052,12910,13447,15378
12918: 
14518: 13144,14904,15077,14244,13146
13495: 15306,13872,14299,12897,12959,14767
14834: 13203
14131: 15511,14967,13047,13384,14867,14417
12978: 13416,15287,12971,12988,13839
15265: 14047,12982,14180
14560: 13349,15795,13461,15010,13533,13159
14454: 14668,14907,13331,28665,15475,14738
14785: 13003,14946,13301,13198,13543,14340
14820: 13659,14263,14421,15375
14083: 15634,14670,14056,12919
12821: 13616,14824,15497,13968,15022,13922
12878: 14138,13021,15686,15393,13647,13719
14941: 14262,15632,14028,15298
13205: 15101,12905,15772,15190,15237,14141
13534: 13313,13683,13690,14794,13642,14338
13300: 15146,13188,13511,15104,13030
15199: 15300,13862,14678,15521,13701,12914
13861: 14543
13758: 15102,14171,15715,12833,13833
14242: 15690
13316: 14556,13317,12886,14206,15213,15162
14038: 14590
15163: 
12828: 15768,14217,14653,14993,12849,15042
15402: 14101,13201
13456: 13522,13957,13613,15737,13681
13204: 
15626: 12889,15741,15403,14424,15226,15144
15466: 14854,15601
13176: 15640,14108,13386,14772,14614
13164: 14703,13175,13381,14541,14381,13088,14557
13820: 14818,14117,14921,15692,14579,12814
15277: 15571,14690,15192,15799,13672,12852
12999: 14773,13160,13418,14157,15237,13781
15601: 14403,15130,15466
13540: 
13551: 13624,13787,13555,14574,14392,13693
14581: 
13197: 13952,14504,14588,13951,13895,13663
13594: 
14101: 15402,12839,13128,14890
13699: 14479,15160,15316,14839,15734,14610
13086: 13824,14483,14854,14133
14703: 13175,14998,15307,13164,14815,14557
14855: 15488,15767,13563,13377,15064,14917
13490: 15513,15035,13004,15026,14130
15190: 12886,15237,13781,14141,13205,15213
14076: 13365,15541,15505,15328,13991,14741
13541: 13896,14227,13260,13631,14005,13072
14228: 15135,13428,14507,15757,14443,15522
12857: 15145,14872,14511,14999,15121
13180: 14202,14216,12848,15543,14791
13357: 15158,12977,14149,14577
14472: 15662,15314,14618,13842,13494
15414: 15005,12905,13402,12994,13322,14722
13111: 13307,14462,14064
14555: 14873,13196,14053,13984
13389: 14866,15559,13899,13332,13231,12873
14892: 13172,14502,14259,14169,14054,13058
15685: 14069,15725,15206,15308,13844,13228
13967: 15523,14095,13704,13978
13435: 15688,15558,13193,15410,15195,15387
14506: 14636,14580,15630,14950,14787
14905: 
13254: 15546,12924
14267: 14613,14062,13185,13679,13511,14024
14902: 14075,13525,15801,14904,14513
13200: 
13282: 12866,14551,13974,14676,13480,13883
13031: 15802,15339,15197,15233,13683,13486
14277: 13277,15120,13741,13064,13904,14391
13752: 13756,15331,15585,14702,14625,13475
14956: 12991,15635,15706,13105,14600
13269: 13469,15728,15624,14445,13731,14704
13987: 14136,13070,14012
13891: 15459,14127,14391,12997,15092
13898: 14477
15743: 15059,13653,13796,13126,13493,15417
14146: 13108
15634: 14083,14670,14056,15021,13010,13742
14072: 
14129: 15074
13076: 15639,12862,14777,13312
14465: 13658,14566,13740,14091,12847,14572
14068: 13263,14913,14806,14534,13207,14520
15200: 13184,12927,13516,13171,15608,14487
15454: 14525,13654,14238,15422,28520,13160
13973: 15783,13273,15320,13507,15031,15758
14974: 12941,13907,13721,15811,13090,14786
13451: 13780
13612: 14728,14529,15348,14225,15205
13663: 13945,13167,14504,13197,13951,14232
13313: 13534,13683,13690,14596,15339
14938: 14158,14959,15228,13637,14419
14772: 14614,14742,14657,14080,13176
12974: 14843,15093,14423,14268,13050,14523
15364: 13181,13474,15699,13299
14499: 13666,13453,13308,13720,14253
13098: 13215,13425,13468,15730,15153,13080
14883: 13916,14369,15149,13539,14209,13512
13055: 12993,14536,13310,14848,13868,13182
15315: 13383,15794,13499,13367,15507
15027: 15496,13552,14981,14240,13710,14887
13107: 14992,14281,13457,14782,15069,13147
15468: 13870,15367,13290,14925,14436,12884
13473: 15666,15451,13823
14307: 14977,13976,13966,14248,14274,13993
13744: 
14021: 12958,15645,12856,14995,12908,15779
13472: 14808,13354,14176,14235,14040
12903: 14476,14313,13963,14885,12969,14002
15266: 13927,13874,15789,13983
13557: 15019,13714,13105,13837,14600
12867: 14211,14400,13751,13580,12979
14829: 13842,15449
14931: 15724,14039
13039: 15169,14432,13276
13802: 12861,14196,13648,15580,13069,14283
15435: 14189,12904,13398
13437: 13854,13439,14013
13244: 13194,15037,13215,15681,13080,13549
14566: 13234,13740,13530,14715,13658,14465
13477: 14170
12890: 
15351: 13049,15797,13500,13595,15535,15340
15498: 13798,13537,13110,14254,14433,13626
14057: 13535,14298,13972,12898,14231
15355: 14645,12909,13629,13085,15576,15283,13409
13523: 15218
14520: 13207,14954,13263,14068,13208,15311
12938: 14640,14336,13380,14826,15807,14807
13754: 
13422: 15694,15071,13849,15484
15631: 14660,15167,14615,15587
13487: 13270,15486,14227,14344,14456,14642
13631: 13452,13848,13154,14005,13896,13541
15086: 13097,14200,13950,13559,15231
13400: 13391,13628,13439,13356,13438,13237
13482: 14385,15449,13029,13497
15055: 14370,13165,15358,14633,13970,14313
14747: 14709,14512,14397,15617,14292,13092
13905: 12972,13054,13770,14894,13759,15778
14049: 15258,13285,14530,15765,13524,13709
15545: 13674,13301,15663,13689,14340,15182
13059: 15395,15555,13256,12926,13903,12868
15787: 13077,13026,13841,13623,13339,14584
15396: 15044,15647,14150,15547,13863,15431
13522: 13456,13957,13613,15211,15559
13548: 14357,14842,14801,15069,13737,15717
15625: 15405,14050,15323,13091,14132
13773: 14757,14001,12989,13544,14928,14411
13065: 14350,14724,14023,13696,13518,15072
13131: 15556,15385,15490,14314
15494: 13550,13209,14471,15547,15273,15082
15258: 14049,13285,13293,14283,13355,15765
14222: 12837,13649,14796,14738,28665,13969
13844: 15206,13042,14972,13434,14069,15685
14283: 15258,13285,13293,13802,12861,13648
14080: 15382,14657,14460,14772,14614
14189: 15435,15047,13398
13383: 15315,15794,13499,14167,13130,15299
14047: 14457,15128,15265,15186
13619: 14055,15397,13340,13991,14148,14741
13745: 13009,13330,13116,14088,13320
15497: 14052,13000,13968,15022,14691,12821
13215: 13098,13425,15655,13080,13244
14980: 15202,14251,15519,13149,15331,15585
14945: 12853
15526: 15628
15796: 12923,13253
15488: 15679,15767,14855,12827,13563
14235: 14489,14348,15016,13354,13472
13283: 14163,15620,13022,15436,14422,15388
13518: 13696,13046,15633,13065,14724,14509
14458: 
13908: 15714,13274,13025,14933,13735,14571
12822: 14694,15365,15103,14144
15004: 13148,13644,15419,13007,14944
15602: 15327,14297,15208,15334,12861,14196
15646: 13195
14245: 12910,14997,14616,13201,15378
15003: 13954,14438,14110,13149,13756,15585
12898: 13972,15172,15067,13535,14057,13236
14346: 13586,12870,12953,14859,13662
13168: 14624,13483,14415
14264: 13806,13938
13083: 13535,14497,15394,13320,12879,14059
15780: 13329,13892,12907,15801,14886
14694: 14063,15365,15103,12822
14034: 
12950: 15527,13233,15239,13674,14852,15800
15764: 15392,14239,14084,14726,15528,15790
12843: 13826,15671,14632,14700,14649,15542
15006: 15761,13048,15291
15336: 14309,13869,13705,15370
14412: 
14337: 13532,13088,14557,15307,15405,13749
14689: 13289,15732,14836,13043,15360,15009
15058: 14975,14015,15032,15097
12953: 14016,12990,15353,14346,12870,14859
14719: 15345,13265,13946,14744,15584,15278
15365: 13938,14694,12822
15619: 12825,14575
14846: 15279,15114
13515: 14058,12956,14384
13310: 14536,13055,14848,13481,13174,14939
14984: 14007
14416: 15520,28658,13466,15238,13124,13723
14749: 14975,15384,15577,13155,13040
15297: 14042,15043,14353,13884,14153
15307: 14703,14815,14337,14557,15405,15323
14840: 14745,13682,15652,14347,15204,14407
13733: 15306,13872,12975,15232,13963,15771
15553: 14276,15672,14311,14257,13410
13625: 13147,13262,15717,14850,14410,14781
12910: 14245,14997,15777,15378,13363
14755: 
12915: 
14541: 15621,14381,15433,13381,13164
13275: 15110,12921,14658,13675
15223: 14257,14383,15251,13504,14127,13134
14740: 15449,15094
15727: 13476,14020,14291,14236,13917,13910
13416: 15287,12971,12978,13975,15563,15338
15198: 
14757: 13773,14001,13975,14411,15338
15305: 13241,12824,14528
14718: 13886
15800: 13674,13233,12950,14898,15663,13661
14249: 14867,15511,14853
15095: 15210
13969: 14550,28665,15693,14222,14796,13412
14533: 13576,14770,13914,14219,14849,12940
14700: 15746,14649,14979,13558,15542,12843
13390: 15536
13763: 12931,15294,28589,13728,13298
15146: 13300,13511,14463,13030,14358,14024
13227: 13626,13043,15360,14119,12835,14899
12816: 15643,13145,15270,15236,13715,13673
13066: 15031,13909,14027,15750,14102,15371
15813: 14561,13645,14994,15740,14948,15392
14388: 13478,14884,14426,13691
14330: 13249,13464,15354
13687: 13775,13692
15706: 13949,12914,14956,14600,14635
13106: 13220
14300: 14039,13464,13838
13778: 
14723: 13858,13153,12917,12916,13695,14817
14756: 15607,13821,15723,12928,14811,14655
14191: 14085,13288,15704,14822,14962,14622
14059: 13982,14298,13009,13535,13083
15610: 14845,14762,12909,12989,15038,14928
13812: 
15323: 15120,13091,15307,14815,15625
13600: 14448,13762,15341,15476
14099: 14339,14118,15493
14380: 15039,15642
15224: 13527,13213,13702,15583,15665,14635
14221: 14792,12864,14175,15397,13340,13591
12901: 15605,13742,15023,15733,14922,15705
13259: 13570,14875
15264: 13853,14081,13084,15546
15697: 15151,13309,13569,15409,15425,12960
13190: 14949,13369
14572: 13767,12847,14828,12922,14465,13740
13492: 15527,13233,15257,14402,13537,14254
14009: 14953,14377,15572,14893,13536,15548
14698: 13198,13786,13543,14112
14111: 13606,15509,13423,13284,14429,15127
15749: 13159,14036,15400,15010,13671,14105
13293: 15258,14283,13355,14857,14376,13648
15641: 13341,14327,14662,13292,14675,15557
14446: 15244,13610,15390,13356,13391,15268
12970: 
13221: 14370,13510,13165,12897,14961,14767
14206: 14613,14062,15213,13252,13317,13316
14165: 13777,13243,13219,15810
13566: 14231,13748,13681,14298,13613,14866
15195: 13182,15410,13432,12993,15688,13435
15762: 15532,15629,13248,13291,13281,12871
15330: 13444,14237,13033,13976,14274
13825: 13489,15482,13347,14681,13577,14684
14825: 15639,14091,13658,14958
14303: 13932,13463
14922: 15705,13113,15636,15733,12901
14485: 14153,14656,28674,13446,13986,14051
15156: 12845
15537: 14359,13493,13980,14341,13028,15683
13320: 15394,13116,12874,13745,13083
13226: 12864,12877,13591,13649,15151,15136
13601: 15659,14067,28667,14524,15406,13997
13956: 15295,13077,14721,14769,14066
15077: 14046,14244,15357,14195,13554,14518,13146
13818: 14006,13421,14879,13556,14711
13836: 12947,15122,13928,14263
15176: 13462,14682,14884
14676: 14790,13480,13942,12896,12866,13282
14195: 13843,13554,13885,15077,15357
15617: 14747,14512,13449,14367,13311,14292
15348: 14701,14185,13996,14529,13612
15059: 13653,15743,13796,14486,14897,13350
13188: 13300,13511,14763,14116,12912,13185
13417: 
15183: 13790,13592
13761: 13669,13857,15782,14599,13934,14573
14274: 14248,15574,15330,14307,13976
14853: 13462,14249,15511,13771
15465: 14732,13604,15065,14761,14120,12880
15623: 14305,14708,15137,14832,13445,13587
14794: 14275,13333,13486,13534,13683,14338
13471: 13488,13850,13003,14946
15483: 15299,12858,13499,13408
12960: 15425,15189,13449,15697,13569,14955
13080: 15681,14807,15153,13215,13098,13244
14646: 13913,14474,13937,13376,14602
14015: 15490,12983,15032,15384,15058
14613: 14062,14267,14206,13252,14519,14024
13402: 14036,14819,13322,15567,14722,15414
14411: 14444,13975,14928,13773,14757
13718: 12888,14989
14630: 15549,14018
13656: 14104,14608,14365,12954,14935
14292: 14955,15020,13092,13449,14747,15617
13654: 14525,15454,13064,14773,13160,15658
15644: 15755,13710,15496,13527,14201,13213
14142: 15358,14885,15241,14901,14914,14983
14527: 15052,13447,13651
15011: 15217,13667,14176,15184,14168
14774: 13860,13686,15285,13516,15065,14487
14136: 13987
13726: 
15684: 14280,14682,14140,15203,13727
13314: 14919,15234,13240,15288,14345,13318
15233: 13685,14764,14597,13031,15197,13486
13846: 13657
12837: 14222,13649,14796,15136,14347,14407
13022: 14163,13283,14422,15501,14893,13536
13199: 13109,13928,15544
15455: 12856,15311,14995,13280,13297
14743: 13945,13167,13044,15042,14653
13602: 13939,13116,15429,15781,14088
14787: 14950,15614,14506,14558,15776
13397: 14874,14862,14488,14580,14558,13646
13113: 14922,15705,15322,14324
12998: 13755,15729,13964,14963
13931: 14177
13351: 13988
13854: 13439,13437,13356,12824,15390
12969: 13158,15457,14002,15232,13963,12903
28652: 
15433: 15621,14541,14210,13750,13381,13808
14874: 13397,14862,14493,14517,12968,14580
12928: 15244,14991,13815,14811,13821,14756
14398: 15177,13981,12955,13722,13555,13624
14268: 14286,14969,14097,12974,14423,14523
14734: 13484,15254,15766,14564,13959,15326
13589: 14003,14857,15249,14542,13081,15464
15789: 13927,15266
13007: 14322,15419,15434,15004
12984: 15615,14430,13866,15713,12922,13753
14253: 13453,13785,15147,14720,14499
15550: 15636
15489: 13588
13219: 15335,13440,13243,14165
14623: 13666,15373,13847,15411,15691,13016
14517: 15103,12968,14063,14493,14328,14748,14874
15045: 13247,12964,13218,15079,13655,13118
13618: 12995,14530,13560,14687
13470: 15428,13379,13743,15719,13057
12897: 13221,13165,14476,13872,13495,14767
12831: 13457,12868,13374,14782,15238,13124
13285: 14049,15258,14283,13709,15208,12861
13837: 15665,14600,13557,13714,15062,13405
15552: 15221
13705: 14725,15336,15370
14538: 15048
14352: 15440,12891,14178,14037,13578
15806: 13792,15075,14343,14174,14599,13857
14399: 13823,13011
13202: 15214,13508,14812,13634,15142,13935
13591: 15076,12877,14175,14221,12864,13226
14839: 14078,14795,15734,12902,13699,15160
14552: 15721,15598,13804,13488
13154: 13139,15015,15366,13452,13631,14005
14233: 
15164: 
14318: 15667,13881
14261: 15773,15039,13189
14565: 14777,12844,13312,14729,12855,14869
15319: 13797,15401
15770: 13801,13528,13035,15503,13650,14644,15372
14530: 12995,13618,13524,13709,14687,14049
14371: 13822,15596,14739,13395,14408,15275
13664: 13671,14105,14844,13173,15621,14381
14168: 12872,15184,13378,15011,14176,14348
14760: 14368,14918,13325,13717,14008
15361: 13231,13433,12873,14043,13467,15748
14850: 13147,13625,14281,14827,13503,14781
14494: 13776
15656: 12833,15201,14029,15131,14544
14832: 15529,13680,13445,13338,14305,15623
14761: 14070,14120,13115,15747,12880,15465
14639: 15356,14515,15113
15110: 12921,13275,13675,13103,14715,13530
14435: 13586,12870,15637,13774,12850
15475: 14550,28665,14187,13868,14454,14668
15034: 14103,13902,13538,15491,13831,13723
13409: 13830,15283,13085,15099,15355
13713: 13620
14762: 14845,15610,15225,14673,14928,14444
15493: 13845,13261,14099
15234: 14919,13697,13314,14010,15053,13318
15481: 15539,14282,13179,14474,15344
13749: 15405,15377,14337,15612,12826
13027: 14822,15352,13738,15616,15304,14147,15704
13970: 14633,15588,14406,14370,14332,15055
13011: 15094,14399,15500
13819: 
15342: 14367,13311,15741,15403,15225,15456
13443: 14776,14090,13834,14216,14395
14115: 14535,14816,14987,13953,15633,15044
13725: 13805,13250,14490
15325: 14814,12925,13371,13694,14526,15480
15334: 14114,15208,15327,15602
15166: 14251,13889,14585,14606,14078,15519
14551: 13974,13282,12993,14848,15688,13883
14216: 14202,13180,13834,14604,13443
15692: 13820,14579,13396,12814,15209,13810
15109: 14692,13757,13500,14319,14470,12841
14819: 13159,14036,13402,13461,13695,13322
14360: 14335
13613: 13522,13456,13681,13566,14866,15559
15270: 12948,15372,14450,15643,12816,13673
14026: 14733,13404,14838,14797,14109,12961,15597
15286: 13829,14880,15007
15056: 13803
15404: 14225,13984,15205,15121
14162: 15672,15479,12826,14050,14491
15500: 14205,13011
12959: 28559,14767,15118,13495,14299,15752
15426: 14173,12945,13062,13907,14334,13729
13902: 15034,13538,13831,14017,13485,15126
13682: 14745,14840,15116,13309,13569,14347
13694: 15325,14526,13360,12975,15480,15399
13572: 14255,13467,12817,15472,12990
14293: 28589,15376,13596,14372,14284,14351
14505: 14366,15492,15050,14241,15664
13336: 13660,14808,13764,15359,12956
14209: 14545,13539,14883,14369,14593,14302
13947: 13329
12869: 12832,15253,15192,15571,15718
14321: 13590,13246,14364
14377: 14009,14953,14893,13958,14920,14971
14547: 13021,13864,13936,15575,13181,13647,14915
14114: 13709,14687,15208,15334
15249: 15180,14302,14542,13081,15024,13589
14596: 13313,13690,14717,14125,15339,13700,15408
14504: 13952,13197,15486,14642,13945,13663
15594: 13067,13851,13565
15228: 13194,15037,13637,14938,14959
12992: 15419,15716,14218,14944
12940: 15783,15320,15343,14533,13914,14849
13521: 15686,14575,15393,14549,15805,15252
15422: 13574,14238,14998,15751,14525,15454
14644: 15503,15654,15770,15643,13736,15372
13824: 13086,14483,13220,14304,14660
13024: 14891
15677: 14508,15472,15748,14279,15324
13869: 15336,14309,13426,14389
15591: 15060,13834,14604,13025,14571,15427
15773: 14261
15599: 14948,13579,14260,13284,14451,14429,14994
15133: 15406,14683,14546,14161,13997,12819
13239: 14008,15798,13795,14911
14830: 15026,15538,14917,13359,14495,13436
15271: 12891,14903,12907,13036,13019
15222: 15779,15627,13236,13784,14179,15795
13321: 15171,14342
14392: 14574,13787,13551,15060,14776,13281
15226: 13326,13163,15144,13210,14424,15626
13662: 15499,14346,14237,15098,14859
14770: 13576,14533,15420,14711,14219
15765: 14545,13539,13524,14049,15258,13355
14894: 14243,15235,14404,13905,13770,15778
13835: 13140,14548
14668: 14454,15084,14907,14536,13868,15475
14224: 15672,13874,15479,13983
28658: 15520,14416,13466,15238,13941
14953: 14009,14377,15572,14400,14609,14971
14578: 15609,14736,13935,13407,15214,14643
15032: 12983,14015,13925,15058
14896: 13926,12930,13643,14447,14116,12912
13167: 14743,13663,15174,14232,14653,13800
14484: 15169,13791,14482,28674,14051,14432
15185: 14203,14903,13329
14054: 14169,15332,14259,14892,13404
14837: 13924
15504: 14077,13529,13295
13918: 13798,13537,13636,13166,15416,14402
13486: 14794,14275,13031,13685,15233,13683
14500: 13415,14452,13072,13607,15581,13608
13127: 15057,14124,14912,13265,13946,14659
14525: 13654,15454,13064,15422,13741,15751
14219: 14849,15091,15420,14770,14533,14753
15040: 12836
14284: 13843,13211,15560,13885,14372,15376,14293
13194: 15228,15037,13244,15681,13323
15478: 
15114: 14846
12904: 14537,13369,15435,13398,15357
13468: 14010,15053,15730,14906,15153,13098
15119: 
14713: 14793,14735,12934,13450,13229
14569: 15657,14301,15597,14797,13344,14752
14852: 13674,13301,13850,12950,15239,14946
14385: 13482,15534,13805
14442: 
12914: 13949,15706,15199,15521,13701
14744: 14790,14643,15609,15278,15345,14719
14680: 14900
13388: 14910,14312
13296: 13712,13707,14158,14959
15443: 
14763: 14447,13734,14116,14279,15104,13188
13123: 15204,14407,13894,14796,15561,13412
13478: 14388,14884,15255,14589
14711: 13192,15420,13556,13818,14770
14130: 15026,15064,14170,13490,13004
14707: 14008,13325,14355
14419: 13637,14265,14938
14074: 14550,15693,14187,13432,13442,12911
14634: 14589
15048: 14538
13494: 13029,14472,13842
14443: 15629,13248,14228,13428,14952,15522
14895: 13553,12830,13800,15174,13018,13546
13797: 12954,15319,14622,13454,13755
13169: 14824,12966,13968,15312,13862,14678
14934: 13779,15798,13334,13717
14314: 15577,13216,15556,13131,13603
13324: 14992,14281,13831,15126,13916,14827
14818: 13820,14117,12814,14061,12986,14798
12846: 
13892: 15780,13329,15742,15756,13525,15801
14660: 15631,13824,13220,15167,14304
14139: 14516,13965,13186
14060: 
14870: 15786,15012
13072: 13415,14500,14005,13541,13260,13608
14821: 
13419: 15047
15023: 14823,15733,12901,13742
15313: 13708,15170,15388,14979,13730,12972,13770
15014: 14467,15582
13135: 
14816: 14535,14115,13673,14987,15236,14349
13587: 15532,15629,15623,15137,13445,13428
14177: 13931
14748: 14328,15805,15252,14063,14517
15511: 14131,14967,14249,14867,14853,13771
14531: 15695,14226,13911,13860,15747,12880
13009: 13330,13789,13745,13982,14059
13632: 
13484: 15254,14734,15766,13571,13491,13319
12830: 13553,14895,13800,15768,13142,14029
15260: 15108,15132,13829
13249: 14382,15354,14330
14141: 15190,15101,13205,13679,14062,15213
14887: 13425,15027,14240,15730,13710,14847
13932: 14303
15042: 12849,13044,14916,14743,14653,12828
14102: 13104,15750,13273,15031,13066,14764
14656: 14485,14153,14042,14652,13446,15566
12824: 13241,15305,13854
15328: 13581,13058,13991,15296,15505,14076
13961: 14294,15804,15302,15066
13633: 14145,15022,14691,13558,15288,13240
15094: 15463,13011,14740,14909
13146: 12872,15184,15077,13554,14518,13144
13225: 13627,14082,13020
14370: 13510,13221,13165,14332,15055,13970
12847: 14572,14828,14641,14465,14091,12862
14227: 13896,13541,13260,13270,13487,14344
12997: 13769,13277,14391,15459,14266,13891
13344: 13012,15175,14752,15657,14569,13420
14383: 14257,12963,15223,13134,13246
13981: 15177,14398,13555,15613,15318,13498
13630: 15721,15598,14297,13877,15809,12962
13211: 14284,13843,13554,15376,12872,12931,13378
15029: 13878,15637,14151,15353,12870
14884: 13478,14388,13462,15176
13075: 14731,14156,15167,14615,14154
13734: 14763,14447,14279,13875,13433,15748
15790: 14633,15588,14726,15764,14239,15241
13766: 14881,15421,13028,13845,13505
13440: 13192,13095,13219
14004: 14851,14501,15635,14420,13105
13571: 15134,15696,15008,13319,13484,15254
13187: 13393,13085,13937,14602,14361,13629
13415: 14500,13278,14452,14005,13072,15015
14116: 14763,14447,14896,12912,13188
15767: 15679,15488,14855,15161,13514,13520
13885: 14212,15560,14537,15357,14284,13843,14195
14033: 14100,13724,14285,13653,15417,13235
14710: 
14244: 15077,14046,13827,14075,14518
14781: 13001,13503,15240,13262,14850,13625
15155: 12920,14860,13635,15782,15229
13578: 12832,15253,14178,14352,14889
13992: 13688,13013,15204,13894,15652,12818
14667: 14417,14503,12860,15618,15437,14964
14592: 14041,14182,14326
13817: 12967,14271,13365,14361,13394,15246
15766: 13484,14734,13491,13772,12942,15326
15076: 12877,13331,13591,13420,15175,14175
13210: 14148,15246,12967,14424,13326,15226
14492: 13156,15524,14664,13252,14519,12875
15288: 13922,14345,13633,15022,13240,13314
14568: 13677,13002,15202,15331,14481,14625
14025: 12882,13455,12996,14473,13913
14464: 14204
15637: 13878,15029,13774,14435,12870
14023: 14269,15788,13136,14350,13065,15072
13133: 
14791: 15736,15415,13180,12848,13018,13546,15543
12913: 
14879: 13818,14413,15632,14514,15247
15503: 15654,13650,15096,14644,13035,15770
13512: 13539,13524,14207,14883,15149,12995
15774: 12853
13986: 14051,14485,13446,15272
15049: 15793,13564,14418,15689,15718
15467: 12936,15274,14576,13364
14662: 15641,13341,14831,14190,15557,15081
14466: 
15664: 13242,14366,14505,14428
14164: 15809,15257,14402,12962,13069,13636
14051: 13986,14432,28674,14485,14484
14437: 13431
13652: 14728,14529,15159,13929,14182
13944: 15318,13498,13782,13879,14708,15137
12868: 12831,13374,13903,13059,13256,15238
13203: 14834
15638: 
14865: 13079,13150,15210
13067: 13851,15594,13401,13839,13517
14847: 15755,13710,15469,13425,15655,14887
13360: 15771,13655,12975,15399,15760,13694
12882: 15505,14025,13455,15541,13376
14618: 15451,13112,13842,13441,14472
13990: 12889,14673,15474,15576,14645,14845
14498: 14607,14445,14439,13731,13214
14686: 15074,15709,12834
14150: 15396,15044,15647,14987,12906,12951
12894: 15666,12838
14281: 13107,14992,13324,13147,14850,14827
13354: 13660,13472,14235,15016
14396: 15231,15622,14766,13143,12996
15321: 
13094: 13856,13078,13680,14354,15135,14507,14942
13413: 
14746: 
13535: 14497,13083,14057,14298,14059,12898
14728: 14529,13612,13652,13611,14182
15629: 15532,15762,14443,13248,13587,13428
15066: 14616,15804,14192,13961,14997
13042: 15243,14800,14334,14972,14069,13844
13175: 14703,14998,13164,14381,14844,13574
13998: 
15220: 14357,14842,13115,15747,14226,15096
15650: 
15394: 13320,13876,12874,12879,13083
15096: 15503,15654,13650,14226,14842,15220
15036: 15549,14291,15487,15587
15413: 13074,14869,13941,12844
13862: 15300,15199,14678,12966,13959,13169
15069: 13548,14801,13457,13107,13147,15717
28622: 14951,14181,14288
15486: 13270,13765,13487,13952,14504,14642
13826: 12843,15671,15752,15118,14632,12946
14163: 15620,13283,13022,14893,15235,13958
13126: 15018,13980,14073,15743,13796,13493
13637: 15228,14265,13783,14938,14419
13307: 13111,14462,13780
13255: 13912
15391: 13711
13017: 13665,12927,13516,15214,14812,15285,13407
13345: 13858,13153,15627,14926,15172,13349
14867: 14249,13920,15092,13047,14131,15511
13057: 13833,13470,15715,14366
14258: 14973,12917,15461,13748,13899,13060
13004: 15513,13490,14170,14130
15728: 13469,13269,15564,13731,15649,14316
15248: 13250,15777,15502,13805
15407: 14522,13172,13089,13788,13097,14200
15424: 13266,14448,12876
14213: 14482,28674,14288,13884,14153
13939: 13602,15429,15054,13646,12874
12921: 15110,13275,14658,15462,15586,13103,13871
15337: 14594
14460: 15368,15188,14384,14080
15717: 13147,14410,13625,13548,15069,13737
15491: 15034,13831,13124,13723,14782,14992
13507: 13747,13954,14414,13973,15320,15758
14495: 13359,14582,15026,14830,15418
15431: 13452,13848,15396,15647,15547,13550
14053: 15792,14511,14555,13196
13510: 14370,13221,14332,15243,14800,14961
15693: 14550,13969,14074,12911,15129,13412
13570: 13259,14875,13641,15674
14715: 13658,14958,15110,13675,14566,13530
15741: 15626,15403,15144,15189,14367,15342
13177: 13528,13035,14567,15584,13265,14124
14512: 14747,14709,15617,13311,15563,15287
15571: 15277,14690,15718,12869,15192
12832: 12869,13578,15192,14889,14864
13537: 13918,13798,15498,14402,13492,14254
12835: 14899,15680,14119,13906,14409,13227
14457: 14047,13678,12982
14930: 13807,14109,13669,14022,14927,12885
15235: 14404,14894,13958,14163,15620,13770
13635: 15274,13573,15155,15229
28659: 13520,14306,15600,15161,14947,15078
13406: 13299,14683,14546,14521
13964: 14963,12908,13343,14802,15573,12998
13366: 15177,12955,15788,13479,13605,15398
13737: 13548,14842,15654,15717,14410,13736
15135: 14228,13428,14507,13680,13445,13094
15681: 13080,14807,14336,13194,13244,13323
15147: 13785,14720,13547,14989,15242,14253
13068: 14716,14940,15436,13228,14422,14289
15585: 13752,13756,15331,13149,14980,15003
15719: 12854,15715,14217,13142,13470,13743
13709: 14687,14114,15208,14530,14049,13285
14716: 14940,13068,12946,15562,15725,13228
13268: 15389,14048,15618,13384,14417
13678: 15430,13670,14457
15280: 12865,13865,13148,13644
14797: 13404,14026,15597,14569,14752
13966: 14977,14307,12875,13051,13993
15539: 15481
14090: 14776,13443,13281,12871,15215,14395
14455: 14107,13245,13125,15333
12986: 14704,14798,14061,14607,14445,14818
13084: 15791,15264,13853,15546
14086: 15595,12884,13290,15215,14395,15551
13019: 13036,15271,13940,14037
13810: 14585,14985,14606,13396,15692,14579
13032: 15606
15247: 13556,13095,14413,15171,14879
14210: 14935,15729,13750,13808,15433
13195: 15646
13138: 
14901: 14619,14726,13178,14983,14142,15241
13101: 14607,13148,14439,13698
15295: 13077,13956,13026,14066,14325,14430
12930: 14896,13926,14973,12916,13875,14447
14297: 15327,15602,13877,14196,13630,15809
14408: 14927,13082,15080,13822,14371,13395
15035: 15513,13490,15418
13697: 14919,13730,15234,12972,13054,15053
14382: 13249,15106,14290
13103: 14066,13871,14325,15110,12921,13530
15353: 12990,12953,15029,12870
13012: 15175,13344,14273,14752,13526,15332
14251: 15202,14559,14980,15166,14585,15519
15350: 15534,15502,15117,14252,15168
13305: 15100
13543: 13198,14698,14785,13003
13340: 15397,13619,14148,14221,14792,13326
14652: 13464,14042,14656,15566
13051: 14779,13993,15314,13966,15524,12944
13445: 14832,13680,15623,13587,15135,13428
13901: 13971
15612: 12826,14810,15377,14121,13749
15718: 15571,15689,15049,12869,15253
13140: 14548,15272,15724,13835
15520: 28658,14416,13124,13723,14103
14671: 15261,12956
14936: 14241,15097,13429,15111
13218: 13247,15045,13655,14431,13890,15760
15620: 14163,13283,13708,15388,13770,15235
15398: 13460,15072,14152,15788,13366,12955
14871: 14638,15711,15375
14329: 
15593: 13962
13332: 15759,14220,15211,13389,15559,12873
13469: 15728,15740,13269,15624,15564,14084
14424: 12967,15474,13210,15226,15626,12889
14056: 14083,15634,13010,12827,15452,12919
14769: 13809,14198,14721,14594,13077,13956
15667: 14318
13410: 14257,12963,15553,15712
14649: 14700,14979,12843,14632,15170,14478
14886: 12891,15780,12907,15801,14405
14758: 13208,14802,15573,13263,15530,13288
14340: 15013,13689,14785,13301,15545,13198
13580: 13751,14339,12867
15540: 14270
13679: 13185,13919,15101,14141,14062,14267
12899: 13915,15554,15290,13418,13151,13114
14691: 13633,14145,15022,13371,15497,13000
13701: 15199,14678,14727,13949,12914,13137
15384: 14975,14749,15490,14015
13556: 15247,13095,13818,13192,14711
12963: 14383,13410,15712,13590,13246
13843: 14284,14195,13554,13211,13885,15376
15444: 13876,13272,12874,15776,15054,14137
13411: 13071,15019,14362,14065,14620
14519: 14358,14024,12875,14613,13252,14492
15072: 13460,15398,13065,14023,15788,13696
13621: 12943,13863,15273,15651,13046,13953
13816: 13691,14113
13827: 15756,14046,14244,13398,14075
15290: 13915,12899,13151,15389,14048,15150
14690: 15277,15571,14418,15678,15799
14243: 14404,14894,14167,14583,15778,15794
13481: 13310,14848,15596,13174,15275,13974
14031: 14626,13603,13315,14375,13023
14996: 
13353: 
13178: 14619,14901,14650,14730,13677,14983
12875: 14358,14519,13966,14492,15524
15329: 13237,13934,13628,12885,13082,15309
15256: 15473,15437,14775,14192,14809
14032: 13927
15085: 15099,12949,13430,14750
13791: 15169,14484,14181,14482,15726
13395: 14371,14927,14408,13807,13568,15275
14672: 14427,14159,15673,14439,13214
13563: 15488,14855,12827,15705,15605,13377,14324
12858: 15483,15578,14868
13965: 15293,14467,13186,14139
14183: 
13747: 14610,15682,13914,13507,14414,15320
15542: 14700,13558,14814,12843,15671,14145
12912: 13185,13919,14896,13643,14116,13188
15352: 13027,14822,15616,14913,15530
14645: 15355,12909,15576,13990,14845
14726: 14619,14901,15528,15764,15241,15790
14012: 13070,13987,13079
13198: 14698,13786,13543,14785,15013,14340
13444: 15330,14237,14859,14016,15324
15611: 
28667: 14138,14524,12819,13719,15406,13601
13396: 14218,15209,14985,13810,15692
14199: 15263,15785,14784
13245: 14107,14455
14537: 12904,13369,14212,13885,15357
14714: 
13079: 13150,14865,13070,14012
15445: 14648,15341,15755,15469,14783
15781: 14587,15430,13602,15429,13670
13575: 13684,14355
13291: 14574,13693,13782,15532,15762,13281
13887: 15041,15304,14546,14161,13738,14521
13538: 15034,14103,13902,14017
15317: 15462,14751,14658
14557: 13088,14337,14703,15307,13164
14857: 14003,14376,13589,14542,13293,13355
14514: 15632,15025,14006,14879,14479
14006: 13421,13818,14514,14479,15316
13231: 13433,15361,12873,13899,13389,15461
14991: 15244,12928,13610,14699,13623,13815
15192: 12869,12832,15277,15571,14864,12852
14125: 15802,15105,15339,13561,14717,14596
15196: 
14471: 13209,15494,15082,14234,13614,13735
14011: 
14778: 13933
15065: 14732,15465,14487,13860,14774,12880
15399: 12829,15760,14882,13360,13694,14526
13460: 15398,15072,14152,15651,13696,14044
14395: 15551,12848,14090,13443,15215,14086
14196: 13802,12861,13069,14297,15602,15809
13925: 15050,13732,14888,15471,15032
15700: 12863,14425
13985: 14957,13408
13125: 15132,14107,14455
14702: 14788,14625,13752,13475,15457,15423
14614: 14772,15382,14080,15640,13176
15267: 
14285: 14033,14100,14359,15417,14118
13565: 15338,13401,15441,15594
14194: 13235,15548,13350,15501,15194,13536
15736: 15415,14791,12848,14562,15051
15508: 
12954: 13797,13755,13656,14365,14935
13449: 12960,15189,14367,14955,14292,15617
15687: 14595
14215: 15589,14287,13462
13014: 13052,14966,13593,12836
14122: 15676
15600: 28659,14306,15161,14333
14296: 14784,12895,14598,12989,13544
13038: 13261,13790
13738: 14521,13887,15304,14147,13027
13519: 13888,13586,15499
14842: 13548,14357,15220,13737,15654,15096
15551: 14395,12848,14562,14086,15595
14595: 15687
15469: 15755,14847,15655,15445,14783
13479: 15613,15340,12841,13605,15177,13366
14231: 13748,13566,13060,14057,14298,13972
15459: 13047,13384,14266,13891,12997,15092
14928: 12989,14762,15610,14444,14411,13773
13159: 14036,14819,15749,15010,14560,13461
14841: 13117
15043: 14042,15297,14353,15701,14515
13499: 15315,13383,15483,15299,15507
14806: 13668,14534,15616,14913,14068
14433: 14898,14254,14836,15498,13626,13043
15707: 13251
15170: 13708,15388,15313,14478,14649,14979
28589: 15376,14293,14351,14695,12931,13763
15118: 12959,28559,15562,13826,15752,12946
15231: 14396,14766,13559,14200,15086
14948: 13579,15599,15740,15564,15813,14994
15618: 13268,14048,15450,14667,14964
13527: 13213,15224,14627,15583,15496,15644
13295: 15504
13623: 13841,13815,13339,13448,15787,14991
14062: 14613,14267,14206,15213,13679,14141
13769: 13277,15658,12997,13915,15554,14266
14725: 13705,13509,13426
14616: 14629,15066,14697,14245,13201
14522: 13172,15407,14502,14200,14766,14665
14959: 14938,14158,13707,15228,15037,13296
15377: 14121,14386,13532,15612,13749
13191: 13864
15554: 13915,12899,14773,13418,13769,15658
13380: 13759,14906,15153,15807,14807,12938
14175: 15175,14273,15397,15076,13591,14221
15052: 14527,13363,13250,13447
12817: 14151,14320,14255,13572
13581: 13058,15328,13991,13526,14169,14055
13050: 13889,14523,12974,15093,14985,14606
13857: 13761,13669,14022,14599,15806,14343
15709: 14686
14807: 15681,13080,13380,15153,12938,14336
15208: 13709,14114,15334,13285,15602,12861
13868: 14536,13055,14668,13182,15475,14187
13569: 15697,13309,12960,13682,15116,14955
14503: 14667,12860,15437,14280,13513
15205: 15404,15121,13612,13611,15738
15527: 13233,12950,15239,13492,15257,14858
13099: 
14013: 12920,13438,14860,13439,13437
14817: 12994,13695,13322,14723,12916,13926
14218: 13396,12992,14843,15093,14985
13237: 15329,13934,14573,13438,13400,13628
15428: 13470,13379,13743,14993,14440,14126
15366: 13154,13139,12951,13977,15647,13452
13342: 15453,15401,14962
14843: 12974,15093,14423,15716,15289,14218
15523: 13967,14976,14155,13978
15236: 14968,13715,14349,12816,14816,13673
15214: 14812,13202,13017,14578,13935,13407
15744: 15525,12818,13338,13292,14675,15529
15241: 15358,14142,14726,14901,14633,15790
14095: 13960,13967,15298,13704
14918: 14368,14760,13717,14540
15037: 15228,13194,13244,13707,13549,14959
15386: 13448,13832,15363,13809,14198,13339
14232: 15174,13546,15543,13951,13167,13663
14287: 12859,14364,14669,14215
13677: 14730,13002,14568,13178,14481,14983
15742: 15756,13892
15333: 14455
14394: 15415,15051,14092,14685,13483
13447: 15052,14527,13363,13651
13554: 13843,14195,13211,15077,12872,13146
13233: 15527,12950,13492,14898,14254,15800
13464: 14652,15354,14330,13838,14300
13655: 15771,13118,13360,15045,13218,15760
13029: 13494,14688,13497,13482
13624: 14933,13787,13551,14398,13722,13555
15169: 13791,14484,15726,14432,13039
15210: 14865,15095
14573: 13237,13934,12920,13438,15782,13761
15705: 14922,13113,12901,15605,14324,13563
15740: 13469,15564,14948,15392,14084,15813
15615: 12984,14430,13866,14706,13026,14584
12917: 14973,14258,12916,13060,14723,13153
13542: 15711,15544,14638
13530: 13234,14566,15110,13103,14325,14715
14107: 13245,14455,15463,13125
15652: 14745,14840,15204,13992,15525,12818
15661: 
14118: 14099,14339,14100,14285,13751
15314: 13051,13993,14472,15662,12944
15528: 14619,14726,15173,15624,15764,14084
13604: 14732,13217,15465,13893,15165,14120
13767: 14572,14828,14363,12922,13638,13753
13653: 15059,15743,15417,13235,13350,14033
13208: 14758,14802,13263,14520,15311,14995
14804: 14651,13328,15008,15254,15565,14564
13561: 14717,12934,15112,13794,14125,15105
14574: 14392,13693,13291,13551,13281
14402: 14164,15257,13636,13918,13537,13492
15763: 14598,13830,15283,15379,15038
13427: 13266,12876
14269: 14023,15788,13136,15535,14123,13605
15805: 15252,13521,14063,13806,14748
13403: 
15567: 14310,15495,14722,14036,13402,15400
15701: 14515,15219,15448,14353,15043
14643: 14790,13942,14744,14578,15609,13935
15587: 15487,14615,15631,14988,15036
13683: 13534,13313,13031,15339,14794,13486
14077: 15507,12981,13529,13873,15504
15778: 14583,15807,13905,14243,14894,13759
28665: 14550,13969,15475,14454,14222,14738
13196: 14873,14555,14677,14014,14053,15792
13735: 13614,14571,15082,13908,13274,14471
13348: 14138,14524,15393,15252,12985,14328
14935: 14210,12954,15729,13656,14608
14775: 15473,15256,13577,14684,15804,14192
13387: 15046
14635: 15665,14600,13949,15706,15583,15224
14648: 15445,13707,14783,13712
15216: 
15675: 
14732: 13604,13217,15465,15065,14487,15608
15429: 13939,13602,14488,14587,15781,13646
15046: 13387
12865: 15280,14439,15673
14753: 15810,15112,15420,14219,15091
14982: 
13182: 15195,13432,12993,13055,13868,14187
14456: 13044,14916,14642,13286,13487,14344,13828
14759: 
13271: 15345,13946,14659,13480,13883,15558
13334: 14540,14188,15078,14934,13779,13717
14771: 14577
12920: 14013,13438,15155,14860,15782,14573
14599: 15782,14174,15229,13761,13857,15806
12825: 15619,14549,14575
13060: 14231,13748,13972,14926,12917,14258
12892: 15568,13166,15416,12900,13278,14452
14345: 15288,13922,15569,13314,13552,13318
14316: 13337,15531,15649,15728,15564,13579,14260
12906: 12951,14605,12973,14349,14987,14150
14263: 13836,14098,15375,14820
14767: 12959,14961,28559,13221,12897,13495
14729: 14565,15514,12855,14869,15555,12926
13568: 14475,13174,15275,13807,12961,13395
14739: 13822,14371,15596,15001,12896,12866
14174: 15229,14599,14833,13364,15806,13792
14570: 15356,15106
15294: 12931,13763,13378,13298,14489,14348
14279: 14763,13734,15104,15748,14508,15677
15093: 14843,12974,14218,13050,14985
12907: 15780,14903,12891,14886,15271
12833: 15656,12854,14171,13758
14738: 14222,13649,14454,12877,13331,28665
15547: 13863,15273,15396,15431,13550,15494
13636: 15580,13069,13166,14164,14402,13918
14849: 14219,15091,14134,14533,12940,15343
13700: 15408,13547,13690,14596,13465
14366: 15492,14505,14428,13057,15664
12975: 15306,13733,15480,15771,13360,13694
13287: 
13498: 15318,13944,15613,13879,13757,13981
13875: 14973,15461,13433,12930,14447,13734
15799: 14390,15678,15515,15277,14690
13152: 12887,15211,14805,14480,13957
15784: 
15060: 15591,13834,13025,13787,14392,14776
14353: 13129,15448,15701,14970,15297,15043
13394: 14602,14361,13365,15541,13376,13817
14670: 14083,15634,15021,13882
12860: 14417,14503,14667,14967,14280
14695: 14351,15276,12939,28589,13728
15259: 14692,15561,14319,13894,13013,15269
12819: 14915,13719,13474,28667,15406,15133,14683
13448: 15386,13832,14699,13623,13339
12836: 15040,13014,13593
12966: 15565,14564,13959,15312,13862,13169
13681: 13982,14298,13456,13613,13566
15411: 13772,13847,14356,15033,13491,14623,15373
13560: 12995,13618,14207,14379
13171: 13638,13753,15608,13866,13184,15200
15103: 14517,12968,14144,14063,14694,12822
12902: 13889,14523,14286,15160,14839,14078
13855: 14403,14427,15531,14143
15356: 14570,15446,15219,14639
14811: 15518,14655,13841,13815,12928,14756
14553: 13513,13005,15203,13212
15283: 15763,13830,13409,15355,12909,15038
15757: 14228,14507,14701,15522,13157,13996
13331: 15076,12877,13420,14454,14907,14738
14020: 15487,14154,14291,13599,15727
14334: 14800,13042,15426,13062,14972,13729
15514: 13893,14705,15165,12855,14729,15555
13863: 13621,15547,15273,13953,15396,15044
15670: 14450,12980,13801,13528,15347,15412
15382: 14080,14614,14647
13907: 14974,12941,13721,15426,12945,13729
14968: 15236,13715,14349,13001,15017,12973
12956: 15359,14384,13336,14671,13515
13878: 15029,15637,14889,15440,14151
15292: 15070,14539,15574,13441,15451
15651: 13696,13046,13460,13621,12943,14044
13658: 14715,14958,14465,14566,14091,14825
14633: 15588,15790,13970,15358,15241,15055
15354: 13464,15113,13249,14330
14940: 14716,13068,14632,12946,15436,14478
15708: 13811
14803: 15579
13599: 13476,15570,14154,14020,15702,13414
15375: 14263,14871,14820
13355: 15258,13293,15765,14545,14542,14857
12859: 14287,14669,13399,13590,13659
14145: 13633,14691,14814,13371,13558,15542
14127: 13504,13904,14391,15223,13134,13891
15480: 15306,14299,12975,15325,12925,13694
13882: 15021,13382,14670
14133: 13352,13183,13086,14483,13793
13002: 14730,13677,14568,14921,15202,14559
13028: 14881,13766,14341,15537,13845,15683
13141: 14900,14908
12968: 15103,14517,14144,14874,14862
13035: 13801,13177,13528,15770,14567,15503,13650
14152: 13460,15398,12955,13722,14044,15714
12926: 15555,13059,14729,13074,14869,13903
12973: 12906,14605,15024,15017,14968,14349
13698: 12814,15209,14061,14944,13148,13101
12982: 13670,14088,14457,15265,13330
15699: 13936,15364
13716: 13361,14577
13851: 13067,15594,13517,14374
14558: 15776,15054,13646,13397,14787
13916: 14883,14369,14827,15149,13324,15126
14188: 14540,13334,15078,14306
14169: 13526,15332,14054,14502,14892,13581,13058
14526: 15325,13371,13694,15399,14882,13000
15015: 13093,13154,13139,13415,13278,14005
13906: 13230,13828,14409,13286,12835,15680
14046: 15077,14244,13398,15357,13827
14493: 12985,14328,14517,14636,14580,14874
14508: 15677,14279,15104,13030,13033,15324
15028: 
14426: 15510,14388
14507: 15135,14228,15757,13094,14942,14701
14423: 14843,12974,15289,14097,13978,14268
15691: 13847,13034,14623,13016,14851,14501,13358
15405: 15625,13749,14337,15307
15436: 14940,13068,14422,15388,14478,13283
14655: 15518,14811,15592,14756,15723,13665
15107: 13129,15786
13040: 15362,14975,14749,13155
13284: 14451,13793,14429,15127,15599,14197,14111
14420: 13071,14004,14932,15019,13105
14084: 15764,15392,13469,15740,15624,15528
13489: 15482,13825,14250,14556,13531,14681
15516: 
14161: 15133,14546,13997,15041,13887,14960
15596: 14371,14739,15275,12866,13974,13481
15090: 
15463: 15094,14107
13288: 14085,14191,15530,14758
15754: 
15714: 14044,13908,13274,14152,13722,14933
14925: 15522,13157,14436,13290,14952,15468
14799: 
15808: 13762,14201,13213,13702,12851
15583: 14627,13137,13949,14635,13527,15224
14061: 13698,12814,14607,14818,12986
15622: 14396,13948,13238,12883
15389: 13268,14048,13915,15290,14266
13528: 13801,13177,13035,15770,15347,14124,15670
12957: 12988,13839,13517,14014,15792
14782: 13457,12831,13124,15491,13107,14992
14681: 15150,15450,13577,14250,13489,13825
13376: 15541,12882,14646,13394
13648: 13802,15580,13293,14283,14376,15568
13531: 14556,13317,15485,14664,13489,15482
13401: 15338,13565,12971,13839,13067
15081: 14873,14662,14831,14677,14190,15557
13461: 13349,14560,13858,13159,14819,13695
13276: 14432,14548,13039
14815: 14703,14998,15307,15323,15751
13408: 14957,15483,14868,13985
15653: 14521,15642,14106,15753
15129: 15561,12911,14319,14470,13412,15693
14509: 14535,12948,12980,14724,13518,15633
15471: 13015,14126,15732,14888,13925,13732
13711: 15391
14375: 13315,14031,13023
14098: 15703,15122,14496,14263
14373: 
13207: 14520,14954,14137,14534,15614,14068
13922: 15288,14345,15569,15022,13616,12821
15686: 14575,15393,13521,13021,12878
13977: 12951,14605,13081,13139,15366,15464
14124: 15347,15057,13127,13265,13177,13528
15733: 15023,15636,14922,12901
12884: 14086,15595,14591,13290,15468,15367
13547: 13700,15408,13102,15242,13785,15147
14975: 14749,15384,15058,15097,13040
13156: 14492,15524,14664,15485,15745,14295
14282: 15481,15344,13430
14393: 
13045: 13257,13459,15484,13720,12820
14450: 15670,12948,15372,15270,12980,13801
14275: 14794,13333,13486,13685,15696,15227
14404: 14243,15235,14894,13958,14920,14167
14976: 15523,15590
12935: 
15689: 14405,14513,15049,13564,15253,15718
13777: 13639,13243,14165,15810,13794
14854: 15466,13183,13086
14325: 14066,13103,15295,15713,13234,13530,14430
14549: 14089,12825,14575,13521
14502: 14522,13172,14892,15296,14665,14169,13058
13815: 13841,13623,12928,14991,14811
15063: 13121,14621,13368,15268,15607,13821
14344: 13230,13828,14227,13260,13487,14456
13929: 14563,14611,15159,13652,14041
15560: 14212,13041,13885,14372,14284
13728: 13641,13298,15178,14695,13763
12905: 15414,15101,15005,13205,15772,14722
13740: 15713,13234,14566,14465,14572,12922
15017: 13001,15240,14968,15180,12973,15024
14417: 14667,12860,13384,13268,14131,14967
14305: 14708,15623,13688,13506,13338,14832
14478: 15170,15388,14940,14632,15436,14649
13228: 15308,15725,15685,14716,13068,14289
13018: 15174,13546,15415,14791,13553,14895,14092
14201: 13213,15755,15644,15808,15341
14965: 
15635: 12991,14956,14929,14851,14004,13105
14679: 13381,13335,14386,13532,13088
15301: 
14727: 13616,14824,14678,13701,15803,13137
15419: 14322,13007,12992,15004
15659: 14067,13601,14524,12985,14636,15630
14631: 15138
14653: 15768,12828,13167,14743,15042,13800
14071: 15698,13955,14591,13052,14966
14992: 13107,13324,14281,14782,15491,13831
13742: 13010,12901,15023,15021,15634
28559: 12959,14961,14767,15118,12952,15562
14439: 12865,14672,14498,13101,13214
12820: 13048,13720,13666,13045
13974: 12866,14551,13282,15596,14848,13481
15068: 15018,15439,14510,13434,14897,13796
14432: 14051,15169,14484,13039,13276
15788: 14023,14269,13605,15398,15072,13366
13144: 14518,14904,15184,13146,15793,13564
14627: 15583,15803,13137,15496,14981,13527
15026: 15064,14130,14830,13490,14917,14495
15311: 15455,14995,13280,14520,14954,13208
15251: 14132,14491,14311,13504,14257,15223
14548: 13140,15272,13276,13835
13206: 14064,13150
14058: 13515,13853,14384
15810: 14753,15112,13794,15420,13777,14165
14705: 15514,15165,12855,14828,14641,14363
13304: 13870,15367,13052,13617
14917: 15538,13514,14855,15026,15064,14830
14298: 13681,13982,14059,13535,14057,14231,13566
13870: 15468,15367,13304,14436,14563,14611
14441: 
14363: 13767,14828,13638,14705,15165,13217
13465: 13642,13308,13700,13690,13453,13785
14407: 15204,13123,12837,14796,14347,14840
14312: 13388
15137: 14708,15623,13944,13782,15532,13587
13579: 14948,15599,14260,14316,15564,14994
14271: 12967,15474,15576,13817,14361,13629
13659: 14820,13620,13399,14421,12859
13318: 14010,14345,15234,13314,13552,14240
15016: 15293,14489,14235,13354
12934: 13561,14717,13794,14793,14713,13229
15287: 13416,12978,15563,14709,14512
14793: 14713,14735,13639,13794,12934
14872: 12857,15738
13109: 15193,13199,13928,12947
14612: 13096
14546: 15133,14683,14161,13406,13887
14752: 13012,13344,13404,14797,15332,14569
13550: 13209,15494,15179,15547,15431,13848
15084: 14668,14907,14939,15657,14301,14536
15074: 14686,13232,14129
14170: 13377,14324,13477,13004,14130
13298: 13728,15178,15294,13763,14489
14866: 13389,15559,13613,13748,13566,13899
13261: 13038,15493,13790
14029: 15656,15201,13142,13553,12830,12854
13995: 13446,15566,13838,14039,15724
15513: 13490,15035,13004
14876: 13475,14027,15447,14110,13756,13909
15123: 14155,15716,15289,13362,14322
15269: 13013,13506,14692,13879,15259,14708
14780: 14937,15007
14897: 14486,15206,13434,15068,15059,13796
14220: 15759,15157,13332,12887,15211,15152
14421: 14820,13659
13089: 13172,15407,14259,13788,13792,15075
13430: 14282,12949,15085
14035: 15250,14453
13795: 13170,14911,14582,13239
14589: 14634,13478,15255
13950: 15374,13559,15086
15250: 14007,14035
13016: 13048,13666,14623,13847,15691,13358
14357: 14877,13548,14842,14801,15220,13115
13491: 15033,13319,13484,15766,13772,15411
14272: 
15154: 15786,15012,14030
14462: 13111,13307,13037,14108,13501
13941: 13074,15413,28658,13466
15786: 15012,15154,15107,14870
14777: 14565,13312,12862,13076,14641,12855
14085: 14191,13288,13454,15573
14674: 14750,13830
13982: 13681,14298,14059,13009,13789
13669: 13761,13857,14022,13934,12885,14930
13945: 14743,13663,14504,13044,14642
13232: 14587,12834,14861,15074
12925: 14814,15325,14299,15480,15671,15752
15101: 15005,12905,13205,13919,13679,14141
12952: 14069,15562,15725,15243,14961,28559
13695: 13322,14817,13461,13858,14723,14819
12987: 
15397: 14055,13619,13340,14273,14175,14221
15153: 13380,14906,13468,13098,13080,14807
13130: 14920,14167,14971,15477,13383,15299
13485: 14017,14207,14379,15126,13902,15149
14810: 15479,15612,13927,13874
14365: 13656,12954
13441: 14248,15574,15292,15662,14618
15668: 
14103: 15034,13538,15520,13723
13627: 13225,14041,13020
13642: 13465,13308,14356,13534,13690,14338
13071: 14420,13411,14932,15761,14065
14016: 12990,12953,15324,13444,14859
14629: 14616,14697,12839
14294: 14684,15804,13961,13347,15812,13840,15302
14978: 
13888: 13519,15499,15070,14539,13501
13256: 15395,13059,14070,12868,13374,14877
14542: 15249,14302,14545,13355,14857,13589
15564: 13469,15728,15740,14316,14948,13579
14238: 13574,13598,15422,28520,14310,15454
13129: 15448,14353,15107,14970
13425: 13215,13098,15655,14887,15730,14847
13513: 14280,14553,14503,15437,14809,13005
13081: 14605,15024,13977,15249,13589,15464
15127: 13284,14429,14197,14111,13423,14156
12879: 13306,13327,13876,15394,14497,13083
15038: 12989,12909,14598,15763,15283,15610
15179: 13550,13209,13848,13896,13270,13765
14444: 15456,13975,14411,15225,14762,14928
15803: 14627,13137,13616,14727,15569,14981
13315: 14375,14247,14626,14031,12863
13229: 15408,14713,14717,12934,13102
13405: 15062,14389,13714,13837,13897,13426
14187: 14550,15475,14074,13868,13182,13432
15242: 14989,13102,13547,15147
14951: 28622,14181
14888: 13289,15732,15471,12983,13925
15100: 13305
12853: 14945,15774
12852: 13672,14742,15192,15277,14864
13102: 13450,13229,15408,13547,15242
13879: 14692,13757,15269,13498,13944,14708
14440: 14993,13739,12849,15775,14126,15428
13005: 14809,14697,14553,13513
15312: 14052,13968,14214,15565,12966,13169
14977: 14307,13976,13966,14463,14358
14470: 12911,15129,14319,13049,13500,15109
14766: 15231,14396,14200,14522,13143,14665
15759: 14220,15157,13332,14255,14043
12927: 13665,13184,13017,15200,13516,15592
13675: 15110,13275,14715,14958
15807: 14583,14826,15778,13759,13380,12938
14132: 15251,14491,15625,14050,13091,13504
12841: 15613,15340,13479,13500,15109,13757
14093: 
13243: 13639,13777,14693,14165,15335,13219
12991: 14956,15635,14813,14929,15521
13672: 12852,14657,15277,15368
14607: 14498,13101,14445,14061,12986
13160: 12999,14773,28520,14157,13654,15454
15574: 14248,14274,13441,15098,15292
13241: 15305,12824
15440: 14352,14037,13878,14889
15566: 13995,13446,13838,14652,14656
13431: 14437
13364: 14576,14833,15467,14174,15229
13369: 12904,14537,13190
13393: 13085,13187,12949,13937,15099
14117: 13820,14818,14921,14798,14730,14650
13467: 14255,14043,13572,15748,15361,15472
13968: 14052,15497,15312,12821,14824,13169
15012: 15786,15154,14870
15371: 13247,12964,13609,13066,14027,15750
13238: 13948,15622,14628
14529: 14728,13612,13652,15348,15159,13996
14801: 14877,13548,14357,15069,13457,13374
13386: 14108,13176
14561: 15813,13645,14994,13162,15509,13999
14203: 15185,14903,13264,14805,13036
14255: 14043,13467,13572,15759,15157,14320,12817
15401: 13342,15319
13720: 15484,13666,14499,13045,12820
14838: 14733,14026,14022,14343,14109
13501: 12838,13037,13888,15070,14462
14193: 
13853: 14058,15264,14647,13084
15194: 14289,15501,14486,15308,14194,13350
14389: 15062,13405,12851,13426,13869
13775: 15446,15219,13687,15448
14005: 13415,13072,13154,15015,13631,13541
14409: 13906,13230,13607,14119,13608,12835
13000: 14052,15497,14882,13371,14526,14691
13975: 14444,15456,14411,15563,14757,13416
15598: 15721,13630,14552,12962,14858,13804
13611: 15738,15205,14728
13912: 13255,13382
14823: 15023,15021,13382
14100: 14033,13724,14285,13751,14118,14211
15458: 13155,15362
15621: 14541,14381,15433,13750,13173,13664
14677: 15212,14831,14014,14873,15081,13196
15152: 13940,12887,14135,14220,15157
13555: 13981,14398,15318,13624,13551,13693
15776: 14558,15054,14787,15614,14137,15444
13258: 13750,15739,13087,15115,13173
13346: 
12871: 15207,15215,15762,13248,14090,13281
14326: 14592
14836: 14898,14433,13043,15009,13661,14689
14091: 15639,12862,14825,13658,14465,12847
12995: 13618,14530,13560,14207,13524,13512
14138: 13348,28667,14524,12878,15393,13719
13871: 14066,13103,14721,15586,12921
14795: 14839,14078,15519,15734,13149,14438
13559: 13948,13950,15086,15231
14022: 13669,13857,14343,14930,14109,14838
14262: 15632,14941,15298,15025,14969
14463: 13030,13033,15146,14358,14977,13976
15735: 13087,15115,13533,12958,15645,14179
12955: 15177,13366,14398,13722,15398,14152
15022: 13633,14691,15497,12821,15288,13922
13786: 13198,14698,15013,14045,14112,14637
14075: 14902,13525,13827,15756,14244
13073: 
13741: 15120,15751,14525,13064,14277
15710: 15476,14448
15639: 14091,12862,13076,14825
14651: 13328,14431,13890,14804,15008,15380
14563: 13929,14611,13870,13617
13806: 14063,14264,15805
13457: 12831,13374,14782,14801,15069,13107
14348: 14489,14235,14168,15294,14176
14641: 12847,14828,12862,14777,14705,12855
14166: 14924,13170
13872: 15306,13495,13733,14476,13963,12897
13497: 15534,14688,15117,13029,13482
15357: 15077,14046,12904,14537,13885,14195
14927: 12885,13082,14408,13807,14930,13395
15007: 15286,14880,14780
13668: 14960,14806,14534,14067,15630,14950
14764: 13685,15233,14597,13273,13104,14102
13312: 14565,14777,12844,13076
14826: 14583,15807,13367,12938,14640,12981
14155: 15123,15289,15523
13381: 13808,14679,14541,15433,13088,13164
14425: 15700,12863,14087
14157: 28520,15495,15772,12999,13160,15237
13880: 
12876: 13266,15424,13427
13838: 13995,15566,13464,14039,14300
13727: 15203,13597,15684,15255
13900: 
15535: 14269,13595,14123,15351,15340,13605
15442: 
15237: 15190,13781,14157,13205,15772,12999
15416: 12892,13166,14452,13918,13798,15581
15188: 15368,14460,15515,15359,14384
14545: 15765,13539,14209,14302,14542,13355
13493: 14359,15417,15537,13126,13980,15743
13935: 14578,15214,13202,15142,13942,14643
15126: 13485,13902,13831,13324,13916,15149
15122: 13836,14276,14496,14098
13370: 
13997: 15406,15133,14161,14067,13601,14960
15121: 14511,15404,15205,12857,15738
15606: 13032
15202: 14559,14980,14251,13002,14568,15331
15106: 14570,14290,14382
14891: 13024
15758: 15031,13909,13507,13954,14110,13973
13338: 15744,12818,13688,13506,14305,15529,14832
14919: 13697,13730,15234,13240,13314,15746
12870: 14435,14346,15029,15637,12953,15353
15098: 14237,13662,15574,14539
15499: 13662,13519,13888,14539
14473: 12883,13179,14025,12996,13913
14030: 13884,14970,15154,14288
15502: 15350,15534,15777,15248,13805
13165: 14370,13221,15055,12897,14476,14313
15633: 13046,13518,13953,14535,14115,14509
14571: 13614,13735,15427,13908,13025,15591
14582: 13359,14495,13795
13392: 14688,12944,15117,14779,14295,14696
14983: 14914,14481,13677,13178,14901,14142
13782: 15318,13944,15137,13693,13291,15532
12962: 15809,14164,15257,14858,15598,13630
15300: 15199,13862,15521,13959,14813,15326
13962: 15593
13989: 13584,13119
14176: 15011,13667,14168,14348,14040,13472
15446: 15219,13775,15356
13474: 13181,15364,12819,14915,13299,14683
13339: 13623,14198,13448,15386,13077,15787
15536: 13390,15669
14622: 14962,14191,13454,13797
13352: 14133,13183,14143,13337,14260,14451
14885: 15358,14142,14914,14002,14313,12903
14089: 14549
14957: 13873,13408,13985
13590: 14321,12963,15703,15712,13399,12859
14202: 14216,13951,13180,13895,14604,15543
15609: 14578,14308,14736,14744,14643,15278
15517: 
15318: 13498,13944,13782,13981,13555,13693
15075: 15806,13792,14343,14259,13089,14733
13921: 14094,13596,14351,15276
13514: 14947,15538,14917,15767,13520
13614: 14234,13735,14571,15427,14471,14588
15281: 
14459: 14265,13529,14079
15392: 15764,14239,14084,15740,15813,13645
14147: 15704,15753,13738,13027
13617: 13020,13304,14563
12880: 14761,15747,15465,15065,13860,14531
13864: 13021,14547,13191,15575
15451: 14618,13112,15292,13473
13717: 14760,14918,14934,14540,13334,14008
14041: 14182,14592,13929,13627
14190: 13856,15557,13078,14662,14873,15081,14923
15078: 14188,13334,14947,28659,14306,13779
14733: 13404,14838,14026,15075,14343,14259
12976: 
14119: 13110,13607,14409,13626,13227,12835
13149: 14795,15519,14980,15003,14438,15585
13078: 13856,14190,13094,14923,14942,14185
14712: 15477,15578,14609,12979,15282
14693: 13639,13243,13008
15782: 15229,14599,12920,15155,14573,13761
14731: 13075,14156,13423,15811,14154,13090,13414
15578: 14712,15477,15282,15299,12858
12881: 15438
13780: 13502,13307,13451
13558: 15746,14700,15542,13633,14145,13240
14158: 14938,14959,13296
15581: 13110,13607,15416,14500,14452,13798
15104: 14763,14279,14508,13300,13030
14045: 15013,13216,13786,14637,14626,13603
15768: 14217,14653,12828,13142,12830,13800
13262: 14410,13625,13145,13001,14781,13715
15167: 14304,14197,15631,14660,13075,14156,14615
14265: 14459,13783,13637,14419
15713: 13234,13740,14325,12984,14430,12922
12856: 15455,14995,13297,12958,14021,15779,13784
14632: 14940,12946,13826,12843,14649,14478
13186: 13764,13965,13660,14139
15203: 13727,15684,14553,13212
13830: 15763,15283,13409,15379,14674,15099
13184: 12927,15200,13866,14706,15592,13171
15568: 12892,13166,14376,12900,13648,15580
14406: 14173,14586,13062,15588,13970,14332
15168: 14252,15302,15350
15417: 14359,13493,13653,15743,14033,14285
13729: 14972,14510,15426,13907,13721,14334
13274: 14044,13908,15714,12943,15082,13735
14831: 15212,14677,14397,13341,14662,15081
12861: 13802,14196,15208,13285,14283,15602
15797: 15351,13049,13442,15410,15387,13595
12854: 15719,15715,13142,12833,14029
13573: 14860,13635
13813: 
15793: 15049,13564,14418,13144,15184,15217
14207: 14379,13485,15149,12995,13560,13512
15010: 15115,13533,14560,13671,13159,15749
13328: 14651,14431,14804,12829,15565,14214
14889: 13878,15440,12832,13578
15676: 14122
14288: 14482,14213,13884,14030,28622
13030: 14463,13033,15104,14508,15146,13300
13552: 15027,14981,14240,14345,15569,13318
15082: 12943,15273,13274,15494,14471,13735
13091: 15323,15120,15625,14132,13504,13904
14347: 15136,13309,12837,14407,13682,14840
15263: 15785,14199,13544,14001
15569: 13922,14345,13616,15803,13552,14981
15070: 15292,14539,13888,13501
13015: 15471,14126,15360,14899,15775,15732
13142: 15768,14217,12830,12854,15719,14029
14604: 15591,13834,15427,14202,14216,13895
13586: 14435,14346,12850,13519
14397: 14747,14709,13092,13341,15212,14831
15802: 14125,13031,15105,15339,15197,14134
15177: 13981,13366,12955,14398,15613,13479
13706: 
15515: 14390,15799,15368,15188,15359
14773: 12999,13160,13418,13654,15658,15554
15525: 15744,12818,14675,14745,15652,15143
13253: 15796
13784: 15222,15779,13236,12856,13297,13327,15067
15021: 13882,13382,14823,13742,15634,14670
14073: 13980,13562,15570,13126,15018,14754
12889: 15626,15403,13990,14673,15474,14424
14915: 13647,12819,13719,14547,13181,13474
15211: 13152,12887,13522,14220,13332
13362: 14468,15434,15123,14322
15470: 
14845: 14762,15610,14645,12909,13990,14673
14786: 15702,13090,14974,13721,14754,15439
13641: 13728,15178,13570,14875
14386: 15377,14121,14765,14679,13532
15548: 14194,13235,13724,14009,15572,13536
14247: 14637,15087,14626,13315
14602: 14361,13394,14646,13937,13187
13251: 15707
15221: 13865,15552
15556: 15385,13131,15182,13689,13216,14314
15347: 15057,14124,15720,13528,15670,15412
15696: 15134,15227,13571,14275,13333,13319
13289: 14689,15732,14888,15009,12983,14315
13325: 14368,14760,14008,14707,14355
15671: 13826,12843,15752,14814,12925,15542
15430: 13678,15781,13670
12981: 14077,15507,13529,14826,13367,14640
15769: 14092,14434,13553,15201
14687: 13709,14114,13618,14530
15809: 14164,12962,14297,14196,13069,13630
13500: 15351,13049,14470,15340,12841,15109
13584: 13989
14586: 14406,14173,13999,14239,13645,15588
14069: 12952,15725,15685,15243,13042,13844
14661: 14415
13020: 13617,13225,13627,14082
14248: 14274,15574,13441,14307,13993,15662
14510: 14972,13729,13434,13721,15439,15068
13257: 13045,13459,15484,15694
15360: 13227,13043,14899,14689,15732,13015
13884: 14030,15297,14288,14213,14153
13033: 14463,13030,15324,14508,15330,13976
15368: 15188,14460,15515,13672,14657
14418: 15049,15793,15217,13667,14690,15678
15047: 15756,13419,14189
13834: 15060,15591,14604,14776,13443,14216
14964: 15473,15437,15618,15450,14667
13779: 14934,13436,14947,15538,13334,15078
14182: 14041,14592,14728,13652
14037: 13940,13019,14352,15440
14605: 12906,12951,13081,12973,15024,13977
13685: 15233,14764,13104,14275,13486,15227
14254: 14898,14433,13537,15498,13233,13492
14479: 13699,15160,15316,14514,15025,14006
14036: 13159,13402,15400,14819,15749,15567
13116: 13602,14088,13320,13745
13650: 15503,15096,14226,13911,14567,13035,15770
15310: 
13509: 13897,13426,14362,14725
13220: 13106,13824,14184,14660
14167: 14920,13130,14243,14404,13383,15794
15053: 13468,14010,13697,15234,13054,14906
13183: 13352,14133,14143,14854
13876: 15444,13272,12874,15394,13306,12879
13429: 15111,14936
14909: 15094
15462: 15317,15586,12921,14658
12883: 14628,14473,15622,12996
12989: 15038,13544,14928,15610,14296,13773
15555: 15395,13059,12926,14729,13893,15514
13375: 
13330: 13009,13789,13745,12982
14311: 15251,14491,15672,15553,14257
13703: 14751,15603
14126: 15471,13015,15775,14440,15428
15607: 13821,14756,15723,13121,15063,13508
14137: 13207,14954,15614,15776,15444,13272
14447: 14763,13734,14116,13875,13433,14896,12930
13913: 14646,14474,14473,13179,14025
15720: 15347,15057,13122,14350,15412,13136
15679: 15488,15767,12827,15161,15452,13520
14814: 15325,12925,13371,15671,14145,15542
15695: 14531,13911,13860,13686,14308,13585
15367: 15468,13870,13304,12884,14591
14430: 12984,15615,14325,15295,13026,15713,13234
12943: 13621,15273,15082,15651,14044,13274
13811: 15708
14332: 14370,13510,13970,14406,13062,14800
13145: 15643,12816,13736,13262,14410,13715
13306: 13297,13327,12879,13876,13272,13280
15207: 12871,13290,15215,14952,13248
14534: 13668,14806,14950,15614,14068,13207
15409: 14792,12864,13163,15151,15697,15425
14659: 13946,13271,15558,13193,13127,14912
13937: 15344,12949,14646,14474,14602,13393,13187
15067: 13327,14497,13236,13784,12898
13432: 13182,15410,15195,14074,14187,13442
14467: 15014,15674,15293,13965
13480: 14676,14790,13282,15345,13271,13883
13105: 13557,15019,14004,14956,15635,14420
15275: 13568,13174,14371,15596,13395,13481
14584: 15518,13026,15787,13841,15615,14706
15172: 13972,12898,14926,15627,13236,13345
14378: 
15165: 13893,15514,14705,14363,13604,13217
13689: 15013,13216,14340,15545,15556,15182
13525: 14902,14075,15801,15756,13892
13308: 13465,13642,14356,13453,14499,15373
14123: 13595,14603,13122,14269,13136,15535
14636: 14506,14580,15630,14493,12985,15659
14482: 28674,14288,14213,13791,14484
13532: 13088,14337,14679,15377,14386
13157: 14925,15522,14436,15757,13996
13335: 14765,14104,14608,14679
15245: 14835,13224
15395: 15555,13059,13256,13893,14070,14120
15673: 14672,14159,12865
15274: 13635,15467
15379: 14598,15763,13830
15030: 
13915: 12899,15554,15290,13769,14266,15389
15197: 15802,13031,14134,15343,15233,14597
15753: 14147,15653,15453
14223: 14765
13158: 12969,15457,15232,15423,15079,13118
12929: 13104,15750,13609,15134,15227,15380
15678: 14390,15799,14418,13667,14690
13110: 13607,15581,14119,13798,15498,13626
13100: 13809
15597: 14301,14569,12961,14026,14797,14475
14583: 14826,15778,15807,14243,15794,13367
15680: 12835,14899,15775,13906,13286,13739
13108: 14146
12877: 15076,13331,13591,13226,13649,14738
14600: 13837,15665,14635,14956,15706,13557
15627: 15222,13236,15172,13349,15795,13345
14776: 14090,13443,13281,14392,15060,13834
15476: 15710,13762,13859,13600,14448
13980: 13562,14341,14073,13126,13493,15537
15795: 13349,14560,14179,15222,15627,13533
15184: 12872,13146,14168,13144,15793,15011,15217
14490: 15141,13250,13725
15518: 14811,15592,14655,14584,13841,14706
15711: 13542,15544,13928,14871
13327: 13306,13297,12879,15067,14497,13784
15339: 14125,15802,13031,13313,13683,14596
15097: 14936,14975,15058,15111
13054: 13905,12972,13697,15053,13759,14906
14960: 13668,14161,13997,14067,15041
13582: 
14240: 15027,13552,14010,15730,13318,14887
13082: 14927,12885,15080,14408,15309,15329
15464: 13093,13139,13081,13977,14003,13589
14539: 15292,15070,15098,15499,13888
15219: 15446,13775,15356,15701,14515
13783: 14265,13323,13267,13637
14501: 14851,14004,14932,13358,15691
14208: 
13379: 15428,13470,13732,15492
13365: 15541,14076,13394,14741,15246,13817
14449: 
15161: 14333,15452,15679,15767,28659,13520,15600
14156: 13075,14731,15127,15167,14197,13423
13616: 14727,12821,14824,13922,15569,15803
13037: 14108,13501,14462
14875: 13259,13570,12939,13641
14658: 12921,13275,15317,15462
14946: 14785,13003,13850,13471,13301,14852
15811: 13606,13423,14731,14974,12941,13090
15694: 13422,13257
13466: 28658,14416,15238,13074,13941,13903
13592: 15183,13790,14339
13391: 13368,15268,13400,13628,13356,14446
13639: 13777,13243,14693,14793,14735
14724: 14350,13065,15412,12980,14509,13518
14180: 15737,14480,15128,15265,13161
13404: 14733,14026,14797,14259,15332,14054,14752
13909: 15031,15758,13066,14110,14027,14876
13193: 13435,15558,14659,14912,15387,14603
14932: 14501,13358,15761,13071,14420
15080: 13082,14408,15309,14621,14737,13822
14400: 14211,12867,14609,14953,15572
13046: 15651,13696,13518,13953,15633,13621
15144: 13163,15226,15626,15741,15425,15189
14611: 13929,14563,14436,15159,13870
14413: 15460,14910,15247,14879
12842: 
13155: 13023,15458,14749,13040
14979: 15746,14700,14649,15170,15313,13730
14987: 14115,14816,14349,12906,15044,14150
14362: 14065,14270,13411,13509,14620
12993: 13055,14848,14551,15688,13182,15195
15276: 14351,14695,12939,14094,13921
13807: 14930,14109,12961,14927,13395,13568
15182: 15556,15385,15545,15663,15432,13689
15018: 13126,14754,15439,15068,14073,13796
15218: 13523,14900
13845: 15493,15683,13766,13028,13505
15775: 14899,15680,13739,14440,13015,14126
13597: 13727,15369
15008: 15134,13571,15380,14651,14804,15254
14110: 13954,15003,13756,13909,15758,14876
13322: 12994,13695,14817,13402,14819,15414
14198: 14769,13809,15386,13077,13339
14908: 13141
14638: 14871,13542
13136: 14023,14269,15720,14123,13122,14350
13439: 13854,13437,13356,14013,13438,13400
12996: 14025,13455,14396,12883,14473
13903: 13074,13059,12926,13466,15238,12868
15604: 
13264: 13161,14203
15565: 12966,14564,13328,14804,15312,14214
15630: 14636,14506,15659,14067,13668,14950
13860: 14774,13686,15065,12880,15695,14531
14969: 14286,15025,14268,14097,15298,14262
15359: 12956,15515,14808,13336,15188
15381: 
15191: 
15189: 15425,12960,13449,15144,15741,14367
14989: 15242,13718,15147,13622
13115: 14761,14070,15747,14877,14357,15220
15544: 13542,15711,13199
12988: 12957,14014,14709,12978,15212
14768: 15130,14159,14403
14270: 14362,14065,15540
14848: 12993,13055,13310,13481,14551,13974
15212: 14831,14677,14709,14397,12988,14014
13433: 13231,15361,15461,13875,15748,14447,13734
13801: 13528,13035,15770,15670,15372,14450
13954: 15003,14438,14414,14110,13507,15758
14097: 15298,13704,14423,14969,14268
14591: 15595,12884,15367,13955,14071
14765: 13335,14223,14386
15570: 13599,13476,15702,14754,13562,14073
15039: 14380,14261
13139: 13093,13154,15015,15366,15464,13977
13246: 14321,12963,14383,13920
12863: 15700,13315,14425,14087
13294: 
14827: 13916,14369,13324,14281,14850,13503
13577: 14681,15450,13825,15473,14775,14684
14106: 15653
15117: 14688,13392,14696,14252,15350,13497
14018: 14236,13917,14630,15421
15079: 15447,13158,15423,15045,12964,13118
13910: 13562,14341,13476,15727,13917,14881
15603: 14721,15586,14594,13703
13644: 13148,15004,15349,15280
14981: 15496,15027,13552,15569,14627,15803
15132: 13125,15260,13829
13069: 13802,14196,15580,13636,15809,14164
13671: 14105,13664,15115,13173,15010,15749
14597: 15233,14764,15783,13273,15343,15197
14910: 13388,14413,15171
12933: 
15461: 14973,14258,13875,13899,13231,13433
15595: 14086,12884,14591,15551,14562,13955
14890: 13128,14101
13721: 14974,13907,14786,14510,13729,15439
14181: 28622,14951,13791
13001: 15240,14781,15017,13262,14968,13715
13805: 13725,15534,15502,14385,15248
14576: 14833,13788,13364,15467,15374,13097
13424: 14229
13326: 13163,15226,13340,14148,13210,14792
13090: 15702,14786,13414,15811,14731,14974
15505: 12882,13455,15296,15328,15541,14076
14779: 13051,15524,14295,13392,12944
13074: 14869,13941,15413,13903,12926,13466
15447: 13475,14027,14876,15079,15423,12964
13367: 15315,15794,14583,14826,15507,12981
15181: 13994
14970: 14030,13129,14353
15672: 14162,14224,14491,14311,15553
15495: 28520,14310,15567,14722,14157,15772
13696: 15651,13046,13518,13065,13460,15072
15408: 13700,13229,13547,14717,13102,14596
13787: 13025,14933,13624,13551,14392,15060
13242: 15664
15660: 14172
15496: 15027,14981,14627,13527,13710,15644
13667: 15011,15217,14176,14418,14390,15678,14040
14709: 14747,14512,14397,15287,15212,12988
14200: 13097,15086,15231,14766,14522,15407
13333: 14794,14275,15696,14338,13319
12909: 14645,15355,15283,14845,15610,15038
14873: 15081,14923,14555,13196,14677,14190,13984
12908: 13964,13343,14021,15645
14230: 
13712: 13296,14648,13707,13266
14914: 14788,14481,14983,14885,14142,14002
14266: 15459,13384,13769,12997,13915,15389
13539: 15765,14545,14209,13524,13512,14883
14259: 13172,13089,14892,15075,14733,13404,14054
14299: 15306,13495,15480,12959,12925,15752
15019: 13557,13714,13105,14420,13411,14620
13622: 15071,14989,14720
15229: 15782,14174,14599,13635,15155,13364
14911: 13795,13436,15798,13239
15487: 14615,14154,14020,15587,15036,14291
14995: 15455,12856,15311,13208,14802,14021
12951: 12906,14605,13977,15647,14150,15366
14701: 14942,14185,15348,14507,15757,13996
15613: 13479,12841,13757,15177,13981,13498
15285: 14774,13686,13017,13516,14736,13407
14704: 15173,12986,14798,14445,13269,15624
13859: 13762,12851,14309,15476
13904: 13504,14127,14391,15120,13091,14277
15738: 13611,15205,15121,14872
14431: 14651,13328,13890,13218,12829,15760
14066: 13103,13871,14325,14721,15295,13956
15064: 15026,14130,13377,14855,14917
14070: 14761,14120,13115,15395,13256,14877
14521: 15653,13738,13406,13887
15783: 13973,12940,13273,15320,15343,14597
15171: 13321,14910,15247,13095
15522: 14925,13157,14443,14228,15757,14952
15521: 15300,15199,14813,12991,12914
13828: 13906,14344,13230,14456,13286
15173: 14704,14798,15624,14619,14650,15528
14204: 14464
13524: 15765,13539,13512,12995,14530,14049
14735: 14793,14713,13639
13680: 15529,14832,13445,14354,13094,15135
13736: 15643,13145,13737,15654,14644,14410
13201: 15402,14616,14245,15378
13593: 13014,14966,12836
14856: 
14536: 13055,13310,13868,14939,14668,15084
13762: 15808,13859,12851,15341,15476,13600
13549: 13707,14783,15655,15037,13244
15062: 14389,13405,12851,13837,15665,13702
12818: 15744,15525,13338,15652,13688,13992
13323: 13783,15681,14336,13267,13194
15162: 13151,13114,14250,12886,14556,13316
14120: 14761,14070,13893,13604,15465,15395
13673: 14535,14816,12816,12948,15270,15236
13649: 12837,14222,14738,12877,13226,15136
14783: 13707,13549,15469,15445,14648
15577: 14314,14749
13162: 13606,15509,14561,13999,12945,12941
15302: 14252,15168,13840,14294,13961
13606: 14111,13162,15509,13423,15811,12941
15450: 14681,15150,13577,14048,15618,15473,14964
14958: 14715,13658,13675,14825
15346: 
15083: 13179,14628
14862: 13397,14874,14488,12968,14144,14861
14128: 13056,15421
13337: 14316,15531,13352,14143,14260
12947: 13836,13109
15734: 14839,14795,13699,14610,14438,14414
14427: 14672,14159,13855,13214
15457: 12969,13158,14002,15423,14702,14788
13122: 14123,14603,15057,15720,14912,13136
14789: 
13192: 15420,14711,13440,13556
15378: 14245,12910,13201,13363
13502: 13780,14317,15512
14654: 13814
12815: 
14355: 13684,13575,13325,14707
14241: 14936,15050,14505
13343: 13964,14963,12908,15645,15739,13087
15704: 14147,13027,14822,14962,14191
13670: 12982,14088,15781,15430,13678
14154: 15487,14615,14020,13075,14731,13414,13599
15452: 15161,14333,12919,14056,15679
15262: 
15304: 15616,15041,13887,13738,13027
15546: 13254,15264,13084
15113: 15354,14515,14639
13112: 14618,15451,13842,13823
15186: 14554,14047
14579: 13820,14921,15692,14585,13810,14559
15206: 14486,15308,13844,14897,13434,15685
13137: 14627,15583,15803,13701,14727,13949
14302: 15249,15180,14542,14593,14545,14209
14972: 14510,13729,13434,14334,13042,13844
12862: 15639,14091,13076,12847,14641,14777
15111: 13429,15124,14936,15097
13021: 13864,14547,15686,13647,12878
13951: 14202,13895,13197,13663,14232,15543
14697: 14809,13005,14192,14616,14629
13983: 15266,13874,14224
15240: 13001,13503,14781,14593,15017,15180
15642: 14380,15653
15674: 14467,15178,13570,15293
13350: 14194,13235,14486,15059,13653,15194
13722: 12955,14398,14152,15714,14933,13624
14468: 13362,15434
12874: 13876,15444,13939,15394,13320
14625: 14702,14788,14481,14568,13752,15331
14082: 13225,13020
12844: 14565,13312,14869,15413
14481: 14914,14788,14625,14983,13677,14568
15588: 14633,15790,13970,14239,14406,14586
13849: 13422
12922: 13767,14572,15713,13740,12984,13753
13214: 13731,15649,14439,14427,14672,14498
14475: 13568,13174,14939,12961,14301,15597
13856: 14190,15557,13094,13078,14354
15423: 13158,15457,14702,13475,15447,15079
13943: 13120
14043: 14255,13467,15759,15361,12873
14868: 12858,13408
13453: 13785,13465,13308,14253,14499
15479: 12826,14810,13874,14162,14224
13832: 13448,15386,15363,14528,14699
15217: 15011,13667,15184,15793,14418
15702: 13090,14786,13414,13599,15570,14754
13933: 14778
14225: 15404,13984,14185,13612
14067: 15659,13601,13997,15630,14960,13668
15273: 13621,12943,15547,13863,15082,15494
15054: 14558,15776,13646,13939,15444
13006: 13867
14550: 28665,13969,15475,14074,15693,14187
15748: 13467,13433,15361,13734,14279,15677,15472
14320: 13940,15157,14255,12817,14151
15174: 13018,14232,13546,13167,14895,13800
15131: 14544,14434,15656,15201
15306: 13872,13495,14299,13733,12975,15480
15279: 14846
14675: 15744,15525,13292,15143,15641,14327
14109: 13807,14930,12961,14022,14838,14026
14619: 14726,13178,14901,14650,15528,15173
14608: 14104,13656,14935,13335,13808
12967: 14271,15474,13817,14424,15246,13210
14317: 14647,15640,13502
14699: 14528,13448,13832,13610,14991
13026: 15295,13077,15787,15615,14430,14584
15665: 13837,14600,14635,13702,15224,15062
14567: 15584,13585,13911,13650,13177,13035
13216: 15013,13689,14045,15556,13603,14314
13890: 14651,14431,13247,13218,13609,15380
14486: 15206,15308,14897,15059,15194,13350
14280: 15684,13513,14503,12860,14140
15282: 14469,14229,12979,14712,15578
15105: 14125,15802,15112,15091,14134,13561
14750: 14674,15085
15812: 15482,13347,15485,15745,13840,14294
13840: 15745,14696,15812,14294,14252,15302
12945: 15426,14173,13999,13162,12941,13907
14986: 14453
14858: 15257,12962,15598,13804,15527,15239
13252: 14613,14206,14519,13317,14492,14664
15798: 14934,13436,14911,13239,14008
15751: 13741,14998,14815,15422,14525
13097: 14200,15086,14576,13788,15407
13008: 14693
13628: 13368,13391,13400,13237,15329,15309
15272: 13140,14548,13446,13986
13996: 15159,15757,14701,15348,13157,14529
14192: 15804,15256,14775,14697,15066
13692: 15448,13687
15187: 15261
14994: 15813,14561,14948,13579,15599,14429,15509
14342: 15335,13321
14822: 13027,15352,15704,14191
13529: 14077,12981,14640,13267,14459,15504
15421: 14881,13766,14018,13917,14128
13756: 13752,15585,15003,14110,13475,14876
12887: 13152,15211,14805,14135,14220,15152
13714: 13557,15019,13837,13897,14620,13405
14950: 14787,15614,14506,15630,13668,14534
13382: 15021,13882,13912,14823
13043: 13626,13227,15360,14433,14836,14689
13804: 13488,13850,15598,14552,14858,15239
12900: 14003,14376,13093,12892,15568,13278
15134: 15696,15008,15227,13571,15380,12929
14878: 12888
14678: 15199,13862,13701,14727,14824,13169
14805: 13152,12887,14203,14135
13751: 14100,14339,14118,14211,12867,13580
15138: 15303,14631,12932,12840
13634: 15001,15142,13121,14737,13508,13202
14341: 13980,13562,13910,14881,13028,15537
13371: 14814,15325,14526,13000,14145,14691
13715: 14968,15236,13262,12816,13145,13001
14947: 15538,13514,28659,13520,13779,15078
14973: 12917,14258,12916,15461,13875,12930
13399: 15703,13590,13659,12859
14869: 13074,15413,14565,12844,14729,12926
12949: 15344,13937,13430,13393,15085
13788: 14576,14833,13097,13792,15407,13089
14197: 15167,14304,14483,13284,13793,15127,14156
13999: 14173,14586,12945,14561,13645,13162
15180: 15249,14302,15240,14593,15017,15024
14562: 15551,12848,15595,15736,13955,15051
15561: 15129,14319,13412,13123,13894,15259
15044: 15396,14150,14115,14987,13953,13863
13423: 14111,13606,15811,15127,14731,14156
14000: 
13893: 15514,15165,13604,15395,15555,14120
14745: 13682,14840,15652,15116,15143,15525
15739: 13750,13258,14963,13343
15559: 14866,13389,13522,13613,13332
13770: 13905,12972,13708,15313,15620,15235,14894
14144: 15103,12968,12822,14861,14862
14184: 13220,14988
12944: 14688,13392,14779,13051,15314
14669: 14287,12859,13620,15589
13603: 14626,14031,13216,14045,14314
13881: 14318
14524: 13348,28667,14138,12985,15659,13601
13052: 13014,13304,14071
14628: 12883,13238,14663,15083
13660: 14808,13354,13336,13764,13186
14993: 12849,14440,14217,12828,15428,13743
12885: 14927,13082,15329,13934,13669,14930
13114: 13151,15162,13418,12886,13781,12899
12888: 14878,13450,13718
13049: 15351,13442,15797,13500,12911,14470
13661: 15009,15663,15432,14898,14836,15800
14042: 15297,15043,14652,14153,14656
14859: 13444,14237,14016,12953,14346,13662
15449: 13482,14829,14740
15001: 13634,15142,12896,14737,13822,14739
15320: 13973,15783,12940,13747,13914,13507
13279: 
15746: 14700,14979,13558,14919,13730,13240
13506: 13688,13013,15269,13338,14305,14708
13647: 14915,13719,13021,14547,12878
15020: 14955,14292,13092,15143,15116,14327
13120: 13943
14105: 13671,13664,14844,15400,15749,13598
12937: 12924
13771: 14682,14140,15511,14967,14853
13280: 15455,15311,14954,13272,13306,13297
13036: 14135,13019,14203,14903,15271
13605: 15340,13479,14269,15788,15535,13366
14315: 15490,12983,15009,15432,13289,15385
14160: 15335
14904: 14518,13144,14902,14513,13564
13053: 
14094: 13921,15276
12923: 15796,13458
13803: 13596,15056
13374: 13457,12868,12831,13256,14877,14801
14017: 14379,13485,13902,13538
13799: 
13536: 14009,14893,15501,14194,15548,13022
13688: 13013,13992,13506,12818,13338,14305
13676: 
13270: 15486,13765,13487,15179,13896,14227
15663: 13661,15432,13674,15545,15800,15182
14603: 15387,13595,14123,13122,13193,14912
13290: 15207,15215,14952,14925,14086,12884,15468
14942: 14701,14185,13094,13078,14507
15303: 15138
14790: 14676,13480,13942,14744,14643,15345
15358: 14885,14142,15241,14633,14313,15055
15175: 13012,13344,14273,14175,15076,13420
15752: 13826,15671,14299,12959,15118,12925
13516: 12927,13017,15200,14487,14774,15285
12845: 15156
13730: 14919,13697,15746,14979,15313,12972
14368: 14760,14918,13325,13684
14081: 15264
14924: 14166,15418
13865: 15221,15349,15280
14673: 12889,15403,13990,15225,14845,14762
13988: 13351
14796: 12837,14222,13969,13412,14407,13123
13377: 14170,14324,14855,13563,15064
13731: 15649,13214,14498,14445,15728,13269
14588: 13952,13197,14234,13614,15427,13895
14913: 13263,14068,15530,15616,14806,15352
13358: 14501,14932,15691,13048,13016
14737: 13121,14621,15080,13634,15001,13822
14339: 14099,14118,13751,13592,13580
13172: 14522,15407,14502,14259,13089,14892
13626: 13227,13043,15498,13110,14119,14433
15643: 12816,13145,13736,14644,15372,15270
14665: 15296,13143,14766,14522,14502,13058
14205: 15500,13150
14954: 13207,14520,14137,13272,15311,13280
13384: 13047,15459,14266,13268,14131,14417
13092: 15020,14292,14747,14397,13341,14327
12891: 14178,14886,15271,12907,14352
14065: 14362,14270,13071,13411
15501: 14422,14289,15194,14194,13022,13536
14356: 13642,13308,14338,15033,15373,15411
13418: 12999,14773,13781,12899,15554,13114
15112: 14753,15810,13794,15091,13561,15105
15549: 15036,14291,14236,14630
12893: 
13077: 15295,13956,13026,15787,14769,14198,13339
12850: 13545,13774,13586,14435
13979: 
15227: 15134,15696,13685,13104,12929,14275
14260: 13579,15599,14316,13337,13352,14451
13946: 15345,13265,13271,14659,14719,13127
15124: 15111
15531: 14316,13337,13855,15649
15683: 13845,13028,14359,15537
14044: 15714,13274,15651,13460,14152,12943
13958: 15235,14404,14163,14377,14893,14920
15000: 
13023: 13155,14031,14375
15572: 14009,14953,15548,13724,14211,14400
14211: 12867,14400,14100,13724,13751,15572
13829: 15286,14880,15132,15260
15690: 14242,14104
14010: 13468,15053,15730,13318,15234,14240
14682: 14140,13771,15176,15684
12983: 15490,14315,14015,15032,13289,14888
15345: 13946,13271,14719,14790,13480,14744
15657: 14301,14569,13344,15084,14907,13420
15009: 13661,15432,14836,13289,14689,14315
13088: 13532,14337,14557,13381,14679,13164
14092: 15769,13018,15415,14394,13553
13574: 14238,13598,15422,14844,13175,14998
13504: 13904,14127,13091,14132,15251,15223
13883: 15688,15558,13480,14551,13282,13271
12872: 15184,13146,14168,13554,13211,13378
15507: 14077,12981,15315,13499,13367,13873
14335: 14360
13153: 13858,14723,13345,14926,12917
15215: 15207,12871,13290,14090,14395,14086
14937: 14780
14792: 15409,14221,12864,13340,13326,13163
15087: 14112,14637,14247
15586: 14721,15603,15462,12921,13871
14319: 15561,15129,14470,15109,14692,15259
13564: 15049,15793,13144,14904,15689,14513
14151: 12817,14320,13878,15029
13608: 13607,14500,13072,13260,13230,14409
13723: 15520,14416,13124,15034,14103,15491
15298: 14097,13704,14095,14262,14941,14969
15722: 14663
14313: 14476,12903,15358,14885,13165,15055
14088: 13670,12982,13602,13116,13745
14906: 13759,13380,15153,13054,13468,15053
14087: 12863,14425
13576: 14770,14533,13421,15682,13914
13750: 15739,13258,14210,15621,15433
13831: 15034,13902,15491,14992,13324,15126
15362: 13040,15458
13517: 12957,13839,13067,13851,15792,14374
14104: 13656,14608,15690,13335
15632: 14262,14514,14941,15460,14879
13984: 14225,15404,14873,14923,14555
13707: 13549,14783,14648,15037,13296,13712,14959
14961: 28559,14767,13510,13221,15243,12952
13292: 15744,14675,15641,15529,14354,15557
15159: 13996,14529,13652,13929,14611
15230: 14256
14955: 15020,14292,13569,12960,13449,15116
14617: 
13772: 13847,13034,15411,13491,15766,12942
14907: 14454,14668,15084,15657,13331,13420
14078: 14839,14795,15519,13889,12902,15166
15439: 15018,14754,15068,13721,14786,14510
14055: 15397,13619,13526,13581,13991,14273
14333: 15161,15452,12919,15600
14880: 15286,13829,15007
15031: 13909,15758,13066,13973,13273,14102
14966: 13014,15698,14071,14624,13593
13757: 15109,14692,13879,15613,12841,13498
14153: 14485,14656,13884,14042,15297,14213
15563: 15456,13975,13311,14512,13416,15287
13940: 14320,15152,14037,13019,15157
14516: 14139,14543
15616: 15041,15304,14806,13027,15352,14913
15724: 14931,13995,14039,13140
14640: 12938,14336,13267,14826,12981,13529
15225: 15403,14673,14762,15342,14444,15456
15327: 14297,15602,13877,15334
14239: 15764,15392,13645,15588,15790,14586
15655: 13215,13425,14847,15469,13549
13341: 15641,14327,14662,13092,14397,14831
13234: 15713,14566,13740,13530,14325,14430
15232: 12969,13158,13963,15771,13118,13733
12980: 15670,12948,14450,15412,14724,14509
14754: 15018,15439,15702,14786,15570,14073
15425: 12960,15189,15409,13163,15144,15697
15349: 13865,13644
14657: 13672,14742,15368,14772,14080
15393: 15686,13521,15252,13348,14138,12878
15647: 15396,14150,12951,15366,15431,13452
14358: 14519,14024,12875,15146,14463,14977
15125: 
15541: 13365,14076,13376,12882,15505,13394
12851: 15062,14389,13702,13762,15808,13859
15410: 15195,13432,13435,15387,13442,15797
13150: 13079,14865,13206,14205
15387: 13595,14603,13435,13193,15410,15797
13349: 14560,15795,13461,15627,13858,13345
13450: 13102,14713,12888
13620: 13659,14669,13713,15589
13610: 15244,14991,14446,14528,15390,14699
15316: 14479,13699,14006,13421,14610,15682
15013: 13689,13216,14340,14045,13198,13786
14171: 15102,14477,13758,12833
15324: 13033,14508,15677,14016,13444
14863: 
15130: 14768,14403,15601
14096: 
13048: 12820,13016,13358,15006
14306: 28659,15600,14188,15078
15243: 14800,13042,13510,14961,12952,14069
13800: 14895,12830,13167,15174,15768,14653
13452: 15431,13848,13631,15647,13154,15366
14376: 14003,14857,12900,13293,13648,15568
15649: 13731,13214,14316,15531,15728
15592: 15518,14655,14706,13665,13184,12927
14290: 15106,14382
14327: 15641,13341,15020,13092,15143,14675
13041: 14212,15560,14949,14372
13638: 13753,13171,15608,13767,14363,13217
14452: 13415,14500,13278,12892,15416,15581
13651: 13447,14527
13615: 
13247: 15045,12964,13218,15371,13609,13890
15005: 15414,15101,12905,12994,13643,13919
14882: 12829,15399,14526,14052,13000,14214
13064: 14525,13654,13741,13277,15658,14277
14575: 15686,13521,15619,12825,14549
12924: 12937,13254
14135: 13036,12887,14805,15152
15624: 13469,13269,15173,14704,15528,14084
13895: 14202,13951,15427,14604,13197,14588
13792: 15806,15075,14174,14833,13788,13089
13691: 14388,13816
12866: 13974,13282,12896,15596,14739,14676
14387: 
13462: 14853,15176,14215,14884
14048: 13268,15389,15618,15290,15150,15450
13645: 15813,14561,15392,14239,13999,14586
15747: 14761,13115,12880,14531,14226,15220
14664: 13156,14492,13252,13317,13531,15485
14159: 14427,14672,15673,14768,14403
13949: 15706,12914,13701,15583,13137,14635
13508: 14812,13202,15607,15723,13121,13634
15331: 13752,15585,15202,14980,14568,14625
15703: 14098,15712,13399,14496,13590
14052: 15497,13000,13968,15312,14214,14882
14717: 13561,12934,14125,13229,15408,14596
12972: 13905,13054,13770,13708,15313,13697,13730
13919: 12912,13185,13679,13643,15101,15005
14967: 14131,15511,14417,12860,14140,13771
13686: 13860,14774,15285,14308,14736,15695
13265: 13946,14719,15584,13177,14124,13127
13748: 14231,13566,13899,13060,14866,14258
15580: 13802,13648,13069,13636,15568,13166
13093: 13139,15015,15464,14003,12900,13278
12971: 13416,12978,15338,13401,13839
14173: 14406,15426,13999,14586,12945,13062
13013: 13688,13992,13506,15269,13894,15259
13971: 13901
13185: 12912,13919,13679,13188,13511,14267
13567: 
13927: 15266,13874,14032,15789,14810
15756: 15047,13827,15742,13892,14075,13525
15289: 14155,15716,15123,13978,14843,14423
12985: 14493,14328,13348,14524,15659,14636
15628: 15526
13746: 
13955: 15698,15051,14071,14562,15595,14591
15715: 12854,15719,13833,13057,13758
12834: 14861,14686,13232
13217: 14732,13604,14363,13638,15608,15165
15033: 14338,13491,13319,14356,15411
14422: 14289,15501,13068,15436,13283,13022
12895: 14784,14296,14598
14451: 13284,13793,13352,15599,14260
12977: 14149,13357
15209: 13698,12814,14944,13396,15692
13991: 13581,15328,14076,14055,13619,14741
15648: 
14540: 14188,13334,14918,13717
13095: 15247,13556,15171,13440
14113: 13816
12946: 14716,14940,14632,15118,15562,13826
14453: 14986,14035
14720: 15147,15071,13622,14253
13643: 14896,13926,12994,15005,12912,13919
13609: 13247,15371,15750,12929,15380,13890
14324: 13377,14170,15705,13113,13563
14349: 14968,15236,14816,14987,12906,12973
15474: 12967,14271,15576,14424,12889,13990
15477: 14712,15578,14609,14971,13130,15299
14014: 12957,12988,15212,14677,13196,15792
14308: 15609,14736,13686,15695,15278,13585
15512: 15791,14647,13502
15723: 15607,14756,14655,13665,13508,14812
15453: 15753,13342
15729: 12998,13755,14963,14210,14935
13665: 12927,13017,15592,14655,15723,14812
13545: 12850,14864,13774,14742
14971: 14920,13130,14953,14377,14609,15477
15204: 14407,13123,13894,14840,15652,13992
14903: 14203,15185,12907,13036,15271
14741: 14148,15246,13991,13365,14076,13619
15658: 13769,13277,13654,13064,14773,15554
13914: 15682,13747,13576,14533,12940,15320
15341: 15445,14201,13762,13600
13963: 14476,12903,12969,15232,13872,13733
15543: 14232,13546,14202,13951,13180,14791
15157: 15759,14220,13940,14320,15152,14255
15777: 15248,15502,12910
13047: 15459,13384,15092,14867,14131
28674: 14482,14213,14485,14484,14051