5569: 
9886: 9702,9836,9832,8479,9694
6467: 6371
3: 23,51,87,53
9378: 9456,9277,9237,9640,9545,9292
5: 
4797: 4697
6185: 6283,6282
8579: 8369,8770,8513,8709,8710
7029: 7119
10: 9851,31,60
8276: 8274,8686,8046,8490,8201
8460: 8387,8389,8084,8597,8730
10012: 9880,10031,9714,10009
7073: 6982,6983,7164
9562: 5333,5335,5343,5341,9429,9249
16: 9850,141
6262: 6358,6164,6165,6359
18: 
19: 
8158: 8234,7999,8080,8236,8526,8309
10011: 9891,9932,3441,3540,10036
22: 23,51,50
23: 3,51,22
5930: 5931,5633,6028,5632,5929,5829
9962: 430,10026,9879,9946,9663,754
5277: 5278,5177,5176
27: 56
7702: 7948,7865,7949,7787,7867
6147: 6051,6242,6244,6148,6246
30: 31,60
31: 30,10,9851,60
7801: 7719,7962,8042
33: 62,95,133
34: 135,178
7009: 7010,6917,7008,6916,7099
9294: 9703,9523,9454,9503,9480,10025
37: 9322,502,9403,181,980,100
38: 228,185
39: 40
40: 39
6085: 6084,6086,6183
42: 68,9732
7085: 9377,9362,6342,6628,6534
5740: 5640,5641
9265: 5948,9306,6140,6336,6139,9305
46: 81,9547,9275,163
8878: 9120,8701,9079,8636,8820,8984
6884: 6598,6695,6978,7070,7160
7345: 7075,7431,7344,7080
50: 51,22
51: 3,23,22,50,87
7148: 7057,7237,7238,7147,7149
53: 126,3,87,123
9645: 9709,9717,9813,9335,1651
8540: 8338,8406
56: 27
57: 91
6929: 
9001: 9091,9285,9092,9170,9049
60: 30,31,10
9945: 77,9826
62: 33,133,134,135
9914: 10016,9906,9341,9685,9896,9847
64: 99,275,224
7796: 7954,7876,7713,7631,7548,7877
66: 386,387,334,446
8150: 7911,8225,8227
68: 9732,42,9850
9855: 6712
5350: 5551,5849,5552,9968,5348
5893: 5894,5793
5611: 5512,5710
73: 9416,9345,283,390,339
8144: 8143,8065,8066,8219,8221,8145
8175: 9842,9683,8096,8097
4677: 4778
77: 9826,9945,115
7178: 9603,7091,9301
79: 309,206,118
6658: 
81: 9547,46
5286: 5387,5186,5185,5285,5287
9765: 1576,9677
4637: 4638,4839,4737,4838
8120: 8119,8042,8121,8616,8343,8197
6244: 6147,6436,6337,6437,6246
87: 123,3,51,53
7207: 7117,7118,7208,7296
6403: 6307,6499
8523: 8453,8452,8524,8589,8591,8590
91: 57
9922: 9876,9955,9814,9897,9921
93: 133,175
9617: 8661,8592,9448,9938,9334
95: 33
9880: 7434,7608,10031,9977,10009,10012
6741: 6835,6647
5828: 5632
99: 64,275,499,9706,382
100: 1133,1057,37,181,980,1373
9738: 9846,9835,9754,8695,8978
7979: 7818,7899,8058,8138,8363
4459: 4458,4559
5490: 5390,5590
6100: 6198,6003
7162: 6699,6886,6978,6979,7161,7430
8587: 8716,8776,8835,8655,8779
7175: 7352,7526,7353,7439
9788: 9321,10002,9940
7373: 7460,7630,7375
6703: 6418,6799,6607,6894,6892
7902: 7821,7901,8061,7903
5400: 5300,5299,5499
6576: 6480,6575,6671,6672
115: 77,116
116: 115
4720: 4719,4821,4823
118: 307,309,79
4565: 4566,4667
8792: 8790,8730,9544,8729,9359
121: 262,163,9275
9609: 1412,1841,9572,9579
123: 87,53,126,167,9598
5422: 5322,5421
9878: 9255,9500,9925,9972
126: 53,123,167
127: 208,262,168,259,369
5195: 5194,5095,5196,5295
9964: 9872,6432,9873,9776
6437: 9872,6432,6337,6244,6246,6628
131: 220,323,219
6021: 6118,5922,6022
133: 93,33,62,134,175
134: 176,175,133,62,135,178
135: 34,178,62,134
5211: 5110,5312
7838: 7921
9467: 9290,9478,9477,8631,8694
9974: 446,9869,9487,9837
8946: 8947,8999,9091,9092
141: 16
4882: 4883,4881
6370: 6371
5720: 5819,5620,5621,5818
6461: 6556,6462
146: 147,189,234
147: 146,189
7219: 7130,7220
149: 193
150: 
6462: 6461
9407: 9019,9444,8919,9140,8970,9661
8882: 8705,8767,8938,8824,9037,8989
4660: 4457,4658,4661
155: 9803,157,9496,10037,156,251
156: 417,251,155,157,541
157: 9803,155,9446,418,156
7347: 
159: 
9097: 9692,9098,9005,9052,9336,9750
6712: 6711,9855,6617
9957: 3335,3434,9990,9713,10041,10038
163: 208,262,121,46
7850: 7767,7601,7775,7936,7769
6003: 5904,6004,6100
4529: 4525,4527,4526,4427,9392,4630
167: 9275,9598,123,126
168: 127,262
6248: 6439,6249,6534,6148,6342,6246
4455: 4458,4354,4453,4555,4457
9485: 9796,9697,9759
9324: 9428,9527,9473,9464,9566,9431
6007: 6105
8521: 8451,8450,8589,8452,8654
175: 176,134,93,133
176: 134,175,178,323
9413: 9484,9733,9312,9426,9376
178: 135,34,176,134,323
9523: 9703,9294,9348,9266,9454,9602
7217: 7128,7216,7127,7305
181: 9403,834,9502,37,1057,100
5084: 5185
8018: 7855,7937
6068: 6165,5970,6067
185: 228,232,38
9581: 9653,8960,9881,9492
187: 283,9791,285,9345
9259: 341,839,512,9553,9366,9430
189: 237,146,147,234,191
9027: 9112,8874
191: 237,189,234
8799: 9423,8481,8740,8679,8480
193: 149
7007: 7008,6916,7095,7532,9550,7098
9433: 9502,9313,9330,835,9506,564
8380: 8307,8382,8306,8383,8453
7220: 7130,7219,7309
4579: 4478,4479
6067: 6164,5970,6068,6165
9232: 9987,9211
9650: 9920,9943,9839,9647,9773,9805
8450: 8451,8521,8378,8449,8716
9669: 9874,9737,9747,1414,9361,1583
7262: 6631,6629,9308,6724,9543
6065: 6163,6162,5968
206: 362,309,79,365
5451: 5352,5250,5249,5452,6238,5752
208: 127,262,163,259
8462: 8165,8241,8599,9735,8391
9870: 9693,9994,9947,9838
5846: 9680,5648,5942,5746
5618: 5518
6071: 6072
10000: 9797,9689,9838,9994,9422,9462
7080: 7344,7520,7345
8005: 7759,8004,8006,7761,8084
217: 491,319,9326,9273,374
9941: 10035,9901,9992,9658,9792,9873
219: 131,220,269,434
220: 131,324,323,379,219,434
9569: 4132,4336,9262,9328,9734
5167: 5266,5267
7901: 7902,8061,7819,7737,7818
224: 326,498,64,275
6172: 6270,6269
9656: 412,473,9769,9728
9681: 9828,9739,9844,9984
228: 232,38,185
6375: 6376
6617: 6712,6711
9716: 8681,9381,8801,9864,9995,9653
232: 228,185,333
233: 390,449,9272,9515,450,394
234: 338,285,146,189,191
9677: 1493,1578,9765,1663
5329: 5331,5230,5327,5129,5234,5328
237: 189,191
238: 338,288
7130: 7039,7219,7220
240: 290,344,291
9965: 10023
9667: 9561,9301,9603,9884,9848,10019
243: 
9593: 9379,9622,9588,9252,9915
245: 349
246: 
247: 301
7591: 7759,7679
5312: 5313,5413,5211
8062: 8291,8292
251: 811,156,9496,155,672,9642
5150: 4949,4845,5051,5047,5148,5151
7393: 7394,7305
9830: 9674,9956,9719,9270,9276
7692: 7344,7520,7521
5937: 6128,6326,6130,5936,5933,6037
5251: 5145,9350,5252,5352,5353
7560: 7474
259: 316,127,208
7899: 8056,8058,7735,7818,7979
7170: 7259,7169,7348
262: 127,208,163,121,168
10006: 9792,9776,9817,9975
5037: 5032,5031,5036,4934,5142,5141
8368: 8219,8221,8440,8707,8644,8769
5224: 5123,5124,5125,5225
7974: 7646,7811,8054,8208,8356,8357
6447: 6350,6541,6351,6257
269: 376,433,9933,219,434
7721: 7638,7804,7885
5856: 5953,5957,5951,5662,5663
5710: 5611,5709
7631: 7462,7548,7375,7713,7796
274: 324,379,326
275: 99,64,498,224,438
5460: 5461,5657,5259,5361,5363,5755
277: 442,566,565,9900,9570
278: 387,333
8292: 8291,8365,8766,8062,8507,8142
7836: 7669,7670,7918,7837
281: 
9177: 9180,9065,9145
283: 187,288,73,339,336
7777: 7268,7176,7528
285: 338,234,187
9909: 9404,5249,9755,9549,9968,5552
287: 
288: 283,238,336
289: 9440,394,9339,449,9969
290: 240,291
291: 344,240,290
4663: 4561,4664
6956: 
294: 403,349
9979: 9401,9911,9726,9668,9666
5965: 6062,6063,5966
8417: 8485,8346,8620,8555,8685,8806
7884: 8121,8044,7719,7885
299: 408,411
5715: 5813,5714
301: 247
8976: 8813,8869,9063
10029: 9740,9795
7772: 7602,7775,9998
9755: 9632,9985,10018,9549,9909,9404
4702: 4802
307: 118,309
9772: 9620,9424,9332
309: 362,206,79,118,307
6339: 6144,9490,6338,6436,6242
9585: 9333,2460,9913,9319
312: 487,370,368,424
6934: 7026
9500: 9255,9878,9972,9819,9382,9399
9733: 10024,9951,9312,9413,9484,9928
316: 259,426
9888: 9949,9682,2197,9931
318: 371,366,750
319: 217,491,619,430,10026
7344: 7692,7520,7080,7345,7521,7431
10025: 9480,9678,9703,9294,9711
7929: 7248,7340,7765,8170
323: 131,324,220,176,178
324: 220,323,379,274
8609: 8734
326: 224,379,274,498,437
8779: 8895,8841,8587,8655,8718,8838
9714: 10031,9753,9768,10012
329: 9322,502,9611,9445,1131,1132
5505: 5604,5504
9873: 9792,9776,9941,9658,9872,9964
7079: 7258,7169
333: 278,387,232,334
334: 387,333,66,446
7339: 9631
336: 339,288,283
4645: 4853,4747,4643,4642,4644,4744
338: 285,234,238
339: 9883,336,73,283,390
4826: 4823,4825,4725,4929,4729,4927
341: 631,910,839,9259,704,9430,842
4504: 4604,4605
343: 455,397,396
344: 291,240
5255: 5355,5052,5154,5256
346: 519,648,650,647
9926: 9767,9854,10043,9889,9930,9919
9826: 77,9945
349: 294,245
9912: 9744,9621,9418
7733: 7649,7650,8134,8056
7779: 9458,7184,7697
7618: 7276,7275,7190,7452,7617,7540
9316: 9940,853,10002,9557,9470
7831: 7832,7993,7913
9697: 9796,9485,9913,9304,9679
8137: 8213,8138,8431,8211,8430
358: 670,808,9371,477,9707,9421
359: 1108,1110,9427,672,881,740
360: 675,418,480,9446
361: 9338
362: 309,206,420
7876: 7954,7796,7956,8033,7877,7880
5983: 
365: 420,206,9461,544,484
366: 371,318,9369,424,9626
6849: 6848
368: 424,9626,370,9907,10040,312
369: 127
370: 426,9907,368,312
371: 318,366,424,487
372: 754,897,9758,9663,684
9701: 5639,9648,9849
374: 9326,217
9748: 9972,944,9819
376: 433,492,269,9809,431
9499: 9402,9354,9550,7098,7275
9584: 9563,8811,9444,9497,9368,9660
379: 324,220,274,434,437,326
9476: 2585,2203,9398,9244,9325,9261
5204: 5104,5304
382: 9706,99,499,561
383: 694,9439,762,501,9527
384: 835,9506,630,565,631
385: 444,445,505
386: 66,446,447,444
387: 278,333,334,66
9608: 9463,2392,9619,9325,9364,2110
8654: 8655,8656,8519,8521,8589,8716
390: 233,449,9272,73,339
6205: 6303,6204
6163: 6065,6162,6164,6260
9379: 9593,8498,9588,8210,8358
394: 289,450,233,449,511
395: 641,9757,514
396: 515,397,343,454
397: 515,396,343,455
5761: 5762,5663,5957,5958
6575: 6576,6671
6696: 6507,6695,6886
9444: 9019,9407,9563,9584,9661,9660
402: 521,461,519
403: 294,461,523
7103: 6829,7014,7011,7102,7104,7456
405: 9474,406,9948
406: 405
407: 410,411
408: 299,471
5044: 9573,4742,9352,9408,5144,4944
410: 407
411: 407,299
412: 473,9656,413
413: 412
8562: 8627,9449,8813,8869
9397: 9320,9409,9342,1238,9357
416: 668,737,477,537,9760
417: 811,156,541,884,813
418: 675,743,360,157,541
9900: 9385,9807,277,9370,9570
420: 480,365,362,544
9235: 8982,8928,9236,9450,9077,9976
8560: 8625,8867,8424,9563,8811
9028: 9029
424: 368,9626,487,312,371,366
4683: 4582,4783
426: 370,9907,9793,316
5504: 5604,5603,5505
5590: 5490
6744: 6837
430: 9962,10026,319,686,618,754
431: 687,9273,376,492,491
8481: 8412,8339,8480,9587,8799
433: 376,492,269,434,437,557
434: 437,219,220,379,433,269
8389: 8163,8084,8599,8460,8601,8730
9309: 9724,9601,6894,6799,9469,9801
437: 434,498,557,379,433,326
438: 559,498,557,275
5868: 5966,5769
6162: 6163,6065,6260
9693: 9870,9834,9947
442: 277,566,698
6257: 6256,6351,6447
444: 385,386,447,445
445: 448,571,447,444,385,505
446: 447,9974,334,66,386
447: 446,9869,386,444,445,448
448: 445,571,9869,447,509,9806
449: 233,390,9883,289,394,9969
450: 9515,509,233,511,634,394
9448: 9617,8592,8658,9055,9356,9334
6567: 6662
453: 641
454: 515,396,456
455: 343,397
456: 454,515
4845: 4949,5150,4947,4743,5047,4944
6632: 6537,6631,6347,6348,6350,6820
7609: 9627,7161,7430,7691,7434,9977
9938: 8659,9617,9334,9917,9988
461: 521,402,523,403
6388: 6291,6483,6389,6387
8730: 8601,9544,8460,8389,8597,8792
5115: 5116,5215,5015
7293: 7292
466: 594,9674,529,9281,9586
467: 666,599,531,535,9821,9270
5650: 5847,5649,5550,6043,5750
9432: 9341,9685,6038,6328,6327,9278
8987: 9122,8879,9080,8880,9160,9081
471: 531,408,536
472: 602,473,9769
473: 412,9656,9769,472
9995: 9864,9916,9716,9881,9653
475: 537,602,535,9823,666,668
9171: 9173
477: 416,737,9760,807,808,358
8703: 8216,8435,8365,8639,8704
9414: 9879,9918,9528
480: 420,544,675,360,609
4667: 4565,4566
9466: 8006,7761,9559,9525,9457,7763
8328: 8470,8253
484: 546,544,9461,365,9323,9393
485: 614,612,546,9369,9323,678
6284: 6283
487: 312,424,371
4494: 4495,4393,4493
489: 1043,1118,616,9372,9247,751
4498: 4497,4397
491: 217,319,431,687,619
492: 376,433,557,431,687,559
6590: 
9037: 8881,8824,8882,9081,8989
8662: 8527,8596,8663,8594,9616,9623
7241: 7331,7152,7150,7417,7419
8422: 8490,8201,8624,8126,8278
498: 437,557,224,326,438,275
499: 624,690,561,99,382
9524: 9282,9459,9734
501: 762,978,383,763,9428,9527
502: 9322,37,329,1132,1211,980
9359: 9386,9712,8792,9544,9505,8729
504: 698,633,505,571,568,634
505: 698,504,385,445,571
9785: 9531,9400,7247,7336,7248
6585: 6586
9427: 672,9642,9371,881,359
509: 9515,450,9806,448,571,634
6784: 6783,6973
511: 568,634,450,394,700
512: 838,768,700,9553,839,9259
513: 704,9248,9430,707,915,640
514: 9746,395,9441
515: 397,396,454,456
5027: 4927,5032,5031
6260: 6356,6357,6163,6162
518: 647,649,645
519: 346,648,402
9652: 6618,9680
521: 461,402,523,586,584
9436: 8261,8333,8186,9534,9390,9346
523: 521,461,403,586,9948
8644: 8708,8769,8440,8368,8645
9179: 9180,9145,9205
9286: 9479,9532,9510,9997,9845,9862
527: 652,1073,9365,9488,9495
9621: 9756,3339,9744,9912,9418,9424
529: 596,731,9276,9674,466
8452: 8453,8523,8306,8451,8521,8589
531: 471,536,535,9821,467
7209: 7119,7210,7208
9029: 9234,9074,9028,9072
5234: 5136,5129,5338,5341,5230,5329
535: 536,9823,531,475,666,467
536: 535,9973,531,471
537: 475,602,9736,416,668
5047: 5247,5144,4944,4845,5150,5148
9393: 9580,9323,9461,9460,9263,484
4840: 4942,4739,4941
541: 814,743,418,417,156
7804: 7885,7721,7723
5573: 5572,5574,5672
544: 546,484,420,480,365,609
7825: 7988,8146,7742,7743,8066
546: 544,484,9323,678,609,485
5826: 5825,5823,5926,5928,6121
8919: 8866,8808,8970,9019,9407
9464: 9288,9473,9324,9431
5597: 5498,5598,5497,5697
8645: 8369,8770,8830,8440,8708,8644
9293: 9750,9594,9692,9786
10014: 9225,9226
7179: 7176,7268
9425: 3839,9374,3835,9597,9396,9332
7624: 7707,7870,7539,7451,8108,9472
557: 498,437,433,492,438,559
9209: 
559: 438,492,557,755,687
4590: 
561: 624,499,382,760,563
9756: 9621,3836,3339,9932,9744
563: 694,9676,561,693,760
564: 907,697,835,834,9502,9433
565: 277,566,838,384,631
566: 277,442,565,838,768
9396: 9582,9597,9332,9375,9425,9620
568: 511,634,504,633,768,700
7195: 7283,7104
9211: 9185,9232
571: 445,448,509,504,505,634
4929: 4934,4730,4729,4826,4927,5032
6618: 9652,6138
8989: 9161,8990,9037,8882,8938
7198: 7199,7371,7460
10034: 9643,9936,9402,9944,9695,9465
577: 
8490: 8422,8201,8624,8276,8686,8687
9459: 9282,9524,9483,9633,9959,9670
580: 783,781
6357: 6356,6260,6358
9659: 9810,9398,9675,10033,9463
5398: 5298,5497,5498
584: 521,586
7247: 7336,7155,7249,9785,7248
586: 9948,521,523,584
9898: 10016,9906,6708
588: 783,645
4630: 4836,9633,9392,4529,4527,4634
5332: 5333,5436,5331,5230,5630,5434
9657: 9883,9853
9618: 9613,9420,9277,9686
593: 661,594,730,801,9551,9257
594: 661,593,466,9281,9257
9904: 9875,9649,9419,9271,9628,9284
596: 529,731,9276,664,599,733
7050: 
9308: 9638,9607,6629,7262,9435,9543
599: 664,666,467,9270,596,9276
5916: 5917,5816,5817
9281: 9770,9586,9843,594,466,9257
602: 475,537,472,9769,9823
4943: 
6148: 6052,6051,6147,6246,6248
5755: 9533,5359,5259,5460,5657,9394
9377: 9362,7085,9529,6534,9638,9607
5513: 5413,5512
8524: 8453,8523,8382,8455,8593,8591
609: 678,744,480,546,544,675
9114: 9214,9072,9187,9182
9740: 10029,9395,9344,9875,9795
612: 614,679,485,678,746,890
9251: 9415,9283,9576,9255,9637
614: 679,612,485,9369
9718: 9348,9266,9929,9721,9751,9877
616: 892,820,750,9372,751,489
617: 683,823,9758,9295,1045,684
618: 827,686,430,754,897,972
619: 755,687,491,319,686
8688: 8625,8867,8624,8352,8866
9422: 10032,9994,9442,9591,10000,9462
5887: 5886
8968: 8683,8861,9018,9892,9634
624: 690,499,561,758,757,760
6586: 6585,6682
9867: 9343,10035,9992,9471
8466: 
9127: 8770,8830,8709,9130,9600,8995
7003: 7095,6912,7002,7092,6915
630: 384,835,631,910,697,1060
631: 910,341,839,565,384,630
7641: 7557
633: 504,568
634: 568,511,571,450,509,504
9123: 9193
6813: 6904,6624,6720,7083
6256: 6349,6351,5964,6062,6257
4815: 4715,4917
9297: 8995,9045,9629,9600,9317,9556
640: 989,9536,774,513,707,915
641: 395,453,9865
9636: 9299,9253,9639,9627,7434,7608
8790: 8597,8792,8596,8663,8729
9429: 9480,9360,5343,9503,9562,9249
645: 783,588,518
5307: 5308,5408,5207
647: 650,649,346,518
648: 346,519,650
649: 650,647,518
650: 647,649,346,648
4804: 4703
652: 1309,527,1228,927
653: 787,9245,1076,718,9635
5762: 5761
8378: 8230,8304,8229,8451,8450
7936: 7769,9447,9434,7775,7850,7771
7625: 7540,7455,7791,7539
4442: 4643,4438,4338,4440,4650
5052: 5255,5355,5051,5154,4950,5153
7443: 
661: 593,594,731,876,802,730
6537: 6632,6631,6629,6347,6441,7086
9526: 9313,9370,9330,9287,9315,9300
664: 666,599,668,737,596,733
8748: 8419,8555,8808,8807,8806,8970
666: 664,599,467,535,475,668
9370: 9526,9330,9570,9900,9385,9300
668: 416,737,475,537,664,666
5259: 5258,5159,5361,5755,5359,5460
670: 808,9371,358,955,881
8565: 8356,8357,9355,8497,8631,9478
672: 9427,9642,811,251,359,740
7913: 8075,8074,7832,7831,7914,7993
8029: 7949,7787,7870,7703
675: 743,418,360,480,609,744
9989: 8252,8021,9763,9993,9347,9314
9502: 9403,181,834,9433,9313,564
678: 609,746,744,546,612,485
679: 614,612,820,750,890
680: 
9133: 9049
8526: 8594,8386,8309,8727,8236,8158
683: 894,823,617,9247,9295,1043
684: 1201,1045,9758,372,617
8006: 9466,7761,8005,7763,8163,8084
686: 827,757,618,619,430
687: 755,431,619,492,491,559
9491: 2554,2463,2555,2273,9333,9624
5185: 5186,5084,5285,5286
690: 624,499,755,757
4897: 4997,4998
9770: 9281,9843,10004,9612,9257
693: 973,760,694,563
694: 563,383,693,762,903
9771: 9990,9516,3136,9815
7059: 7149,7150,6967,7060
697: 907,564,835,630,983,1060
698: 504,505,442
7742: 7741,7659,7743,7825
700: 512,768,568,511,9339,9553
8527: 8596,8662,8160,8594,8386
9695: 9944,9690,9710,9936,10034
9925: 9878,9972
704: 513,9430,341,842,915,840
8242: 8318,8165,8391,8667,8463
6290: 6387,6193,6291
707: 9441,513,9536,640
9952: 8601,9544,9735,10022,9386,9778
709: 1305,9358,9493,1069,1068,1145
710: 781,853
5086: 5087,4986,5186
9513: 9498,9258,9646,9599,9522,9723
8365: 8291,8292,8766,8216,8703,8704
7312: 7311,7400
7325: 7413,7237
716: 926,997,1073,9557,9470,9365
6028: 5931,5930,5929,6126,6127
718: 1000,1076,927,9635,9530,653
8874: 8978,8821,9027,8983
9889: 9691,9854,9926,9919
9340: 9285,9094,9519,9052,9750,9594
722: 9745,789,860
723: 792
724: 794,942,9637,9382,868,1019
725: 796
4918: 5018,4817,4917
6348: 6349,6351,6058,6347,6632,6350
728: 10004,9612,9405,1096,1021
729: 872,1178,1179,9405,1097,1021
730: 802,950,661,593,801,874
731: 596,529,876,733,661
7949: 8029,7787,7702
733: 807,876,664,737,596,731
10022: 9735,9963,9952,9778,9831
5220: 
9272: 233,390,9565,9416,9515
737: 416,668,477,664,807,733
5343: 5338,5138,5341,9503,9429,9562
7455: 7540,7625,7791,7279,7368,7792
740: 884,1034,672,811,1110,359
5958: 5959,5960,5761,6055
6724: 6631,7262,6820,6821,6910
743: 675,418,744,541,814,745
744: 678,609,746,675,743,745
745: 816,743,746,744,814,888
746: 678,744,612,816,745,890
9054: 8999,8949,8950,9098,9052,9094
9622: 9593,9290,9252,9453,9915,9852
7279: 7368,7191,7190,7540,7455
750: 616,820,679,318,9372
751: 1196,1042,616,892,489,1118
5540: 5543,5639,5640
8309: 8526,8727,8158,8234,8307,8383
754: 372,897,9962,430,618,9663
755: 687,619,559,757,690
9356: 9353,9334,9592,9448,8898,9055
757: 827,686,755,624,690,758
758: 624,827,757,973,760
6072: 5975,6071
760: 693,973,624,561,758,563
9217: 9218,9307,9238,9216,9640,9420
762: 977,978,501,694,383,902
763: 9428,9611,978,501,1131
9743: 9812,9980
5430: 5426,5328,5331,5528
8179: 8253,8255
5023: 4922,5123,5124
768: 512,838,700,568,566
7348: 7435,7259,7170,7349
6665: 6760,6759
5266: 5462,5366,5364,5167,5267
9390: 9484,9928,9346,9486,9534,9436
9304: 2745,9913,9697,2840,2841,9679
774: 989,9536,640,9268,845
7464: 7377,7462,7550
4823: 4825,4725,4826,4720,4821
5708: 5709,5807,5609
7818: 7979,7819,7899,7901,8061
9417: 9469,9801,9494,9684
8984: 8821,8820,9120,8878,8983,9033
781: 710,580
5113: 5214,5013
783: 645,580,588
9781: 9537,10037,9798,9803
785: 848,923,996,9470
7141: 7142,7231
787: 653,1078,1152,9245,788
788: 929,858,1078,787
789: 858,860,722,9552
5495: 5594,5395
9936: 9643,10034,9508,10019,9710,9695
792: 793,723
793: 792
794: 942,724,9637,9415,1338,1095
5953: 5856,5957,5951,6047,6048,5956
796: 725
8480: 9587,8481,9423,8799,8907
9060: 8962,8857,8911
10021: 9267,9961,9731
4643: 4442,4642,4644,4650,4645
801: 873,9551,593,730,874
802: 950,1027,730,876,952,661
7442: 7176,7266
5574: 5475,5573
6941: 6848,7033,7032
9913: 2745,9319,9304,9585,9697
807: 876,952,733,737,477,808
808: 670,358,477,807,952
6389: 6388,6293
9363: 9980,9552,9291,9635,9245
811: 417,251,672,884,740
4626: 4525,4527,4523,4725,4729
813: 886,885,417,884
814: 541,888,743,745,886
9553: 9337,9366,9339,512,700,9259
816: 965,889,745,746,888,890
8376: 8449,8649,8303,8304,8301
9052: 9097,9098,9054,9094,9340,9750
8842: 9004,8898,9055,8718,8721,8841
820: 616,892,750,890,679,965
6316: 6315,6412,6219,6218,6320,6414
6315: 6316,6216,6410,6412,6218,6508
823: 894,683,617,1045,1044
6651: 6556
7819: 7735,7737,7818,7901
5327: 5125,5129,5328,5225,5329
827: 757,686,618,758,972
8372: 8444,8513,8298,8069,8225
5476: 5475
9972: 9748,9819,9878,9500,9925
6093: 5995
7118: 7117,7207,7208,7027,7119
9820: 10018,9871
834: 181,9502,907,564,1057,1134
835: 384,9506,630,9433,564,697
6904: 6813,6624,6994
7300: 7299
838: 512,768,566,565,839
839: 631,341,9259,512,838
840: 915,912,704,1137,842,1216
7601: 7767,7600,7602,7775,7850
842: 1137,1060,910,341,704,840
8058: 7899,8056,8135,7979,8138
9305: 10035,9901,9471,9306,9265,6139
845: 1300,1067,1066,989,774,9268
6449: 
7516: 7600,7602
848: 9958,785,9380,996
5873: 5872,5774
7858: 7066,7156,7252,9299,9274
9810: 9398,9244,9659,10010,9822
7646: 7811,7974,7562,8054
853: 710,923,9316,9940
5256: 5359,5154,5054,5258,5255
7248: 7929,7340,7247,9785
6218: 6022,6219,6316,6216,6315
9947: 10032,9994,9375,9870,9693,9834
858: 789,859,860,9552,788
859: 858,860,1006
860: 789,859,858,722,1006,9895,9882
861: 864,933
862: 864,1087
863: 933,9905,1160
864: 862,861,1087,933
865: 939,1013,1170
9528: 9295,9918,9414,9372,9247
8964: 9011,8966
868: 9382,9399,1096,943,724,1019
869: 9934
9442: 4139,4239,9591,9422,9256,9462
8431: 8213,8137,8430,8499,8361,8502
872: 1179,729,9405,873,9551,948
873: 801,1025,874,872,948
874: 1025,1183,950,730,801,873
7083: 6720,6528,6813
876: 807,952,733,731,661,802
7386: 7299,7298,7474
9019: 9444,9407,8866,8919,8867,9563
6862: 6954,6768,6769
7518: 7081,7691,7163,6979,7430,9696
881: 1031,955,670,9427,1108,359
4753: 4650,4445
9591: 3936,4139,9442,9582,10032,9422
884: 1034,959,740,811,417,813
885: 886,813,959,1272
886: 885,813,814,888,1038
8300: 8373
888: 814,889,816,745,886,1038
889: 965,816,888,1115,1038,966
890: 820,746,679,612,965,816
9707: 9760,9829,9655,358,9421
892: 616,820,965,966,1042,751
6716: 6993,6809,6622
894: 683,823,1043,1198,1197
6582: 6583
5775: 5676,5774,5776
897: 372,754,618,1047,972
9999: 9866,10027
5839: 5933,6037,5834,6032,9784
9831: 9778,10022,9963,9651
4440: 4341,4338,4444,4445,4442,4650
902: 1127,977,762
903: 694
8228: 8303,8304,8229,7992,8152,8227
7704: 7865,9687,7783,8252,7703,7787
9067: 9109
907: 564,697,834,982,1134
9471: 10035,9305,9614,9306,9343,9867
9472: 8108,9729,7624,7870,10024
910: 631,341,630,1060,842
9835: 9915,9852,9754,8632,8695,9738
912: 915,840,989,1297,1216,1066
6320: 6223,6122,6219,6316,6416,6414
9808: 9632,9985,9302,9574,10017,9604
915: 840,912,513,704,989,640
6263: 
917: 9493,9268,1067
5278: 5277,5177,5379
4573: 4574,4675
4719: 4720,4821
9567: 9239,9560,9615,9546,9749
4616: 4516,4615
923: 785,9818,853
7470: 7557
9351: 9555,9541,9411,9535
926: 716,997,9470,1225,996
927: 1000,718,9495,9530,652,1309
6188: 6091,6286
929: 788,1079,1078,1396,1561
9796: 9485,9697,9759,9790,9704,9679
9789: 9762,10030,9727,9939,10039
9530: 9264,9291,9495,718,927,9635
933: 863,864,861
5931: 5930,5633,6028,5936,5833,6127
9950: 9699,9329,9837,9775
936: 
9611: 763,9428,9566,9445,1131,329
938: 1014,9741
939: 9741,1014,865,1013
5375: 5374,5274,5475
941: 1253,1248,9576
942: 794,724,1256,1019,1338,1255
943: 1097,1021,868,1096,1175,1019
944: 9748
5997: 5898
4842: 
5723: 5724
948: 1180,1261,873,1025,872,1179
9981: 9702,9832,8738,8907
950: 802,1027,730,1029,874,1183
7160: 7070,7252,9639,6884,6974
952: 807,876,808,802,1027
6821: 6637,6911,6910,6541,6820,6724
7390: 7478,7389,7302
955: 1031,1029,881,670,1027
8499: 8567,8634,8430,8429,8431,8361
6323: 6126,6226,6223,6416,6420,6512
4934: 4730,4929,4936,5032,5037,5141
959: 884,1034,885,1035,1272
5481: 5480,5581
6835: 6741
7075: 6983,7345,7431,7164
8929: 9157
5110: 5211,5009,4909,5010
965: 889,816,892,820,890,966
966: 1115,965,889,892,1042
7649: 7733,7565,7564,7650
9902: 1319,9715,9903
6993: 6809,6716,6902,6622
7139: 
5090: 5091,5190,4990,5089
972: 1047,1048,827,618,897,973
973: 693,760,758,1048,972
9249: 5337,9583,9429,9360,5335,9562
9800: 9634,9892,9787,9691
8655: 8654,8656,8718,8587,8779
977: 762,978,902,1052
978: 977,762,501,763,1369
7741: 7742,7740,7905
980: 1373,1291,502,37,1211,100
9876: 9766,9922,9927,3635,9955
982: 1375,1376,1134,907,1295
983: 1137,1060,697,1136,1295
9720: 1821,9708,9813
8705: 8882,8767,8766,8507,8824
7296: 7383,7207,7208
5258: 5259,5159,5157,5054,5359,5256
5031: 5032,5037,5036,5027,5136
989: 640,774,915,912,1066,845
10009: 9517,9880,7608,10012
7104: 7456,7014,7103,7195
5956: 6052,6055,6048,5953,5957,6051
9451: 2190,9954,2098,2010,2189
6911: 6821,6637,6910,6823,6912,7002
7474: 7560,7386,7475
996: 1069,848,785,926
997: 926,716,1073,1225,1071,1148
4783: 4683
5355: 5255,5052,5253,5153,5455
1000: 1076,718,927,1309,1075,1230
8424: 8630,8495,8425,8625,8560,8627
6759: 6665,6760,6853
9536: 640,774,9268,707,9298,9577
1004: 
5000: 
1006: 1007,9895,859,860,1080
1007: 1006,9895,9780,1080,1082
10016: 9898,9914,9906,9847,6516
1009: 9905,9780,1082,1160,1159
8891: 8776,8835,8714,9089,9132,8945
5093: 5194,5092
7570: 7569,7655
1013: 939,865,1170,1169
1014: 938,939,9741
8567: 8695,8499,8634,8429,8632,9070
6583: 6582
7023: 6932,7022,6931
9872: 6437,6432,9964,6337,9658,9873
1019: 1256,1175,868,943,942,724
7462: 7631,7548,7377,7375,7464
1021: 1097,943,728,9405,1096,729
9811: 9863,9749,9827,9858,9794,9673
8769: 8991,8644,8707,8368,8767,8938
9602: 9454,5142,5141,9280,9266,9523
1025: 874,1183,873,1263,1180,948
8199: 8274,8044,7965,8273
1027: 802,950,952,1029,955
7022: 6931,6930,7023
1029: 1031,955,950,1027,1183,1105
7885: 7804,7965,7721,7884
1031: 1029,955,881,1108,1105,1185
8261: 8333,9436,9346,8033,8110,8262
5419: 5518
1034: 884,959,740,1110,1035,1111
1035: 1270,1111,1034,959,1272
5294: 5394,5194,5295,5395
10018: 9820,9871,9985,9755,9549
1038: 1115,1193,888,889,886
7707: 7624,7870,7703,7450,7451,7783
7539: 7452,7451,7540,7625,7624
10038: 3239,10041,3434,9957
1042: 1196,751,892,966
1043: 489,1118,9247,894,683,1197
1044: 1280,823,1045,1281,1362
1045: 1201,684,823,617,1044,1281
5585: 5584,5485
1047: 1048,972,897,1124
1048: 1047,972,973,1124,1125
9334: 9353,9356,9617,9448,9938,9917
9862: 9845,9970,9671,9742,9997,9286
6455: 6359,6456,6550
1052: 977,1367,1286
6303: 6205
9731: 9924,9859,9816,9961,10021
9721: 9718,9929,9751,9959
5776: 5678,5775
1057: 1212,1133,100,181,834,1134
7877: 7548,7796,7876,7880
8146: 7825,7988,8066,8145,8222
1060: 1137,983,842,630,910,697
4978: 4979
7309: 7396,7220
6441: 6347,6155,6439,6249,7086,6537
6216: 6315,6410,6118,6218,6215
5177: 5176,5277,5278
1066: 1300,845,912,989,1297
1067: 1300,845,9268,9493,917,1068,1302
1068: 1303,1302,1145,9493,1067,709
1069: 1225,996,9358,1305,709
7888: 8126
1071: 1227,1148,1225,997,1306
6847: 6939
1073: 716,997,9365,1148,527
9890: 9897,9921,10028
1075: 1392,1476,1230,1000,1076,1312
1076: 1000,718,653,1152,1075,1312
9066: 9065,9109
1078: 787,1152,929,788,1477,1561
1079: 929,1080,1396,1395
1080: 1234,1007,1006,1079,1082,1395
5621: 5622,5620,5720
1082: 1159,1314,1007,1009,1080
9963: 10022,8391,9942,9831,9651
6270: 6173,6172
7932: 8171,7770,8013,8093
9571: 9556,10005,9824,10003,9982,10039
1087: 864,862
8170: 7765,7425,7929
1089: 
5274: 5374,5375
9607: 9638,7086,9308,6534,9377,6629
1092: 1170,1169,1250
5421: 5422,5520
9583: 5337,9249,5438,9360,9452
1095: 1421,1338,9415,794,1336,1419
1096: 9399,868,728,943,1021
1097: 943,1021,1178,729,1175
9322: 502,37,329,9287,9445,9403
7562: 7475,7646,7563,8054
7903: 8064,7821,7902,8142
8869: 9063,9596,8562,8813,8976
9512: 9543,9540,7000,7001,9406
4569: 4468
9452: 9360,9678,9583
1105: 1185,1347,1263,1031,1029,1183
4665: 4664,4766
4939: 4736
1108: 1110,359,1031,881,1185,1187
8369: 8645,8579,8770,8440,8296
1110: 1108,359,1034,740,1187,1111
1111: 1270,1035,1110,1034,1351
7599: 7767,7600,7515,7682,7931
4685: 4584
6414: 6416,6605,6510,6320,6316,6412
1115: 1193,1038,966,889
4703: 4804
5664: 5663,5564,5765
1118: 489,1043,1196,751,1277,1197
9514: 9488,9388,9321,9264,9812
8208: 8054,7813,7974,8357,8873
6249: 6439,6248,6056,6155,6441
9760: 9707,9829,9736,416,477
7200: 7289,7199,7110
1124: 1203,1202,1047,1048,1125
1125: 1127,1048,1124,1203
9791: 9699,9345,9775,187
1127: 902,1125,1203,1284,1286
6647: 6648,6552,6741
5092: 5192,4991,5091,5093
5698: 5697,5598,5599,5699
1131: 1132,763,9611,329
1132: 1131,502,329,1290,1211
1133: 1212,1057,100,1373,1539,1709
1134: 982,1375,834,907,1212,1057
4853: 4955,4645,4654,4644,4855
1136: 1215,1295,1137,983,1296,1216
1137: 983,1060,842,840,1136,1216
9345: 73,9416,9775,9791,187
8373: 8225,8300,8444,8647,8301
5487: 5587,5387
9402: 9354,9499,9643,10034,9465
5951: 9455,9578,6047,5856,5953
8108: 9472,7624
6939: 6847
1145: 1068,1303,1305,709,1304
7394: 7393
6626: 9725,6906
1148: 1228,1227,1071,997,1073
1149: 1228,1307
9777: 
7532: 9458,9550,7360,7184,7095,7007
1152: 1078,787,1076,1477,1312
9956: 9674,9830,9856,9586
9447: 7936,9434,7775,9998,9373
9991: 9706,9676,9468
9690: 9944,9695,9763
9958: 848,9818,9757,9380,9746
6390: 
1159: 1082,1160,1314,1009,1240
1160: 1159,1009,863,1240
4650: 4753,4644,4440,4445,4442,4643
4871: 4872,4769,4870
9678: 9480,9360,10025,9452,9711
9589: 9326,9273,9809,9923,9383
8830: 8645,8770,9127,8708,8886,9130
8838: 8837,9046,8945,8835,8779,8895
9456: 9277,9378,9686,9545,9828,9984
8990: 9161,8989,9038,8938,8991,9039
1169: 1170,1092,1013,1250
1170: 1092,1169,865,1013
8727: 8526,8594,8309,8383,9260,9623
9326: 9589,9273,9383,374,217
7092: 7095,7003,7002,7000,7360,7001
9805: 7355,9967,9650,9647,9773
1175: 1259,1256,1019,1097,943
5695: 5793
8453: 8523,8452,8524,8380,8382
1178: 1179,729,1097,1510,1425
1179: 872,1178,729,1261,948,1510
1180: 1428,1261,948,1025,1263
5302: 5403,5202,5201
9357: 1399,9397,9342,1318,2082
1183: 1025,874,950,1029,1105,1263
4773: 
1185: 1105,1347,1031,1108,1187,1349
6058: 6347,6155,5959,5960,6349,6348
1187: 1351,1349,1108,1110,1185
6084: 6085
7276: 7098,7275,7618,7008,7099,7190
9140: 8917,8807,8970,9407,9102
9975: 9817,9725,10006
6105: 6007
1193: 1115,1038
5852: 9539,5454,5455,9311
6896: 6708,6516
1196: 1042,751,1118,1276,1277
1197: 1277,1278,1198,1043,1118,894
1198: 1278,1197,894,1280
7290: 7377,7289
7328: 7505,7417,7238,7149,7327
1201: 1045,684,1202,1281,1282
1202: 1124,1203,1201,1282
1203: 1124,1202,1127,1125,1284
9980: 9363,9743,9291,9812
9089: 8714,8943,9317,8891,9132,9982
6291: 6388,6193,6290,6387
6900: 
9263: 9460,9461,9393
9475: 6892,9511,6412,6605,9384,6508
4789: 4891,4892,4890,4788
1211: 1290,1132,502,980,1291
1212: 1133,1057,1375,1134
4655: 4757,4555,4553,4654,4658
7237: 7148,7238,7325
1215: 1136,1295,1376,1296,1628,1461
1216: 1296,1297,1137,840,912,1136
9875: 9904,9649,9795,9271,9344,9740
8451: 8521,8450,8230,8378,8306,8452
10031: 9977,9753,9714,9779,9880,10012
6992: 
9966: 9978,9927,3239,3634
9839: 9920,9650,10042,9773
9828: 9739,9681,9545,9450,9456,9984
8821: 8978,9070,8820,8874,8984,8983
1225: 1069,926,997,1305,1306,1071
7086: 9607,6439,6441,6537,6629
1227: 1228,1071,1148,1388,1387
1228: 1227,1148,652,1149,1388,1307
9303: 9509,9453,9449,9852,9754,9885
1230: 1392,1075,1309,1000,1473
9462: 9256,9489,9422,9442,9797,10000
7542: 7456,7368,7283,7627,7792
7052: 
1234: 1080
6972: 6970,7062,6973,7063
8186: 7953,8031,9534,8032,8333,9436
8687: 8866,8686,8490,8624,8808
1238: 1399,1732,1563,9397,9409,2170
9313: 9526,9330,9287,9403,9502,9433
1240: 1160,1159
4521: 4518,4417,4522,4621
8857: 9060,8962,9016,9010
6114: 6212
1244: 1408
9556: 9571,10005,9297,9629,9317,9982
1246: 1494,1578
1247: 1579,1411
1248: 1253,941,9737,1417,1414
10023: 9965,9671
1250: 1251,1092,1169
1251: 1250
9055: 8842,8898,8658,8721,9448,9356
1253: 1248,941,9283,9576,1417,1418
6534: 6439,6248,9377,7085,9607
1255: 1340,1506,942,1256,1338
1256: 1259,1175,1019,942,1340,1255
8917: 8807,9140,8916,9018,9102
4997: 4897,4998
1259: 1256,1175,1340,1507
7478: 7390,7565,7564
1261: 1428,1180,948,1179,1510,1427
9420: 9618,9613,9640,9217,9307,9277
1263: 1105,1347,1025,1183,1180,1514
8126: 7806,7888,8422,8201
8278: 8352,8422,8624
4839: 4637,4638,4739,4838,4941
8178: 8101
7954: 7796,7876,8033,8032,7713,8333
8336: 8189,8262,8191,8538,8265
1270: 1035,1111,1351
6645: 6549,6550
1272: 959,885,1035
9643: 9936,10034,9508,9310,9402,9354
9548: 9672,9507,9242,9615,9387,9863
9846: 9738,9754,9885
1276: 1357,1358,1196,1277
1277: 1278,1197,1196,1118,1358,1276
1278: 1277,1198,1197
8721: 8658,8590,8656,8718,8842,9055
1280: 1444,1044,1198,1362
1281: 1363,1282,1362,1201,1045,1044
1282: 1363,1281,1201,1202,1364
1283: 
1284: 1203,1127,1366,1286
4694: 
1286: 1366,1367,1127,1284,1052
8449: 8649,8376,8715,8450,8716
7996: 7914,7668,7999,8075,8076
9395: 9740,9505,9344,9712
1290: 1620,1211,1132
1291: 980,1373,1211,1622
9601: 9860,9724,9309,6894,9511,9575
4891: 4789,4991,4892,4890
9343: 9867,9614,5751,9471
1295: 1215,1136,983,982,1376
1296: 1545,1297,1216,1215,1136,1461
1297: 1545,1296,1216,912,1066
9360: 9480,9429,9678,9452,9249,9583
7216: 7127,7217,7305
1300: 1547,1067,1066,845,1302
9505: 8791,9344,8729,9712,9359,9395
1302: 1068,1303,1300,1067,1548,1384
1303: 1068,1302,1145,1467,1384,1304
1304: 1386,1468,1303,1145,1467
1305: 1306,709,1069,1225,1145
1306: 1305,1225,1071,1386
1307: 1473,1472,1228,1149,1309,1388
8143: 8065,8144,8064,8439,8219
1309: 652,1000,927,1307,1230
6283: 6282,6185,6284
4603: 4604,4502
1312: 1477,1644,1076,1152,1075,1476
6198: 6100
1314: 1082,1159,1319
9408: 9302,9574,9352,9482,5044,5144
1316: 1563,1902,1731,9254,1901,9409
8383: 9260,8309,8727,8380,8307,8382
1318: 1819,2082,9700,9357,1820
1319: 1395,9902,1314
8943: 8714,9089,9317,8712,8834,9045
5036: 5037,5031,5142,5136,5338,5138
8659: 9938,9988
7670: 7669,7411,7587,7836
5594: 5495
7190: 7279,7191,7099,7276,7618,7540
1326: 1408,9730
1327: 1493
6628: 6246,6437,6432,7085
5361: 5363,5163,5060,5259,5159,5460
6246: 6342,6628,6147,6244,6148,6437,6248
4559: 4458,4561,4459,4457,4661
1332: 1334
6706: 6514,9847,6516
1334: 1332
6201: 
1336: 1420,1419,1421,1095,1587,1504
9045: 8995,9297,8888,8712,8943,9317
1338: 1421,1095,794,942,1255
5461: 5561,5460,5657,5363,5364,5462
1340: 1592,1506,1255,1259,1256,1507
5833: 5936,5933,5834,5931,5633
6448: 6545,6639,6823,6450,6637
9519: 9285,9340,9594
9008: 9007
9588: 8873,8498,9355,9252,9593,9379
5304: 5204
1347: 1105,1185,1263,1349,1514,1515
9468: 9473,9439,9991,9676
1349: 1351,1187,1185,1347,1515,1516
4687: 4585
1351: 1187,1349,1270,1111,1516
5901: 5999,5801,5902
9193: 9160,9123,9161,9239,9219,9162
9295: 9758,9918,9528,9247,683,617
9276: 596,529,9270,599,9674,9830
6286: 6188
1357: 1358,1276,1439
1358: 1357,1276,1277,1524
5601: 
7922: 7757,7839,7675,8004,8002,8161
5392: 5393,5492
1362: 1363,1281,1444,1280,1044
1363: 1281,1282,1362,1364,1446
1364: 1363,1282,1446
9338: 9537,361,9446
1366: 1367,1286,1284,1532,1449
1367: 1366,1286,1052,1449
9012: 9059,9983
1369: 1451,978
7008: 7007,6916,7009,7276,7098,7099
5281: 5180
6695: 6598,6884,6696,6886,6978
1373: 980,1291,1133,100,1539
5390: 5389,5490
1375: 982,1376,1134,1212,1541
1376: 982,1375,1215,1295,1542,1541
7763: 9457,9466,8006,8163,8008,8241
9596: 8869,9063,9497,9971,9368
9881: 9995,9653,9581,9492
6748: 6653,6749
5121: 
9437: 9893,9336,9353,9592
5562: 5462,5366,5561,5466,5756
1384: 1549,1467,1303,1302,1548,1718
7965: 7885,8046,8044,8199
1386: 1469,1468,1304,1306,1387
1387: 1553,1388,1227,1386,1469
1388: 1553,1387,1228,1227,1307,1472
5813: 5715,5714,5812,5912
4483: 4584
5649: 5650,5847,5548,5550
1392: 1075,1476,1230,1473,1557,1729
9561: 9301,7696,9667,7859,10019,9508
9274: 9299,9253,7858,9631,7249
1395: 1483,1319,1079,1080,1396
1396: 1561,1568,929,1079,1483,1395
5010: 4910,4909,5110
10028: 9890,9897,9825
1399: 1732,1238,9357
9302: 9408,9574,5247,5144,9808,9604
9521: 9269,9483,4330,4336,9282
5912: 6010,5812,5813,6011
5663: 5664,5761,5564,5662,5856
1404: 1566,9443,1562,1568,9250
6126: 6127,6323,6226,6028,6223
1406: 1573,1572,1571
4493: 4392,4393,4494
1408: 1244,9730,1326
7806: 8126
5104: 5105,5204
1411: 1664,1579,1247,1494
1412: 9609,1666
9277: 9456,9378,9686,9640,9618,9420
1414: 1417,1499,1248,9737,9669,1583
6376: 6280,6375
6327: 6421,9278,6326,6227,6328,9432
1417: 1500,1499,1414,1253,1248,1418
1418: 1420,1419,1253,9283,1500,1417
1419: 1336,1420,1418,9415,9283,1095
1420: 1336,1419,1418,1500,1587,1502
1421: 1762,1338,1095,1336,1504
5055: 4954,4955,4957,5054,4852,5157
9809: 9589,9273,9923,9933,376
9415: 9251,9283,794,9637,1419,1095
1425: 1178
9646: 10027,9599,9887,9723,9513
1427: 1682,1512,1594,1428,1261,1510
1428: 1180,1261,1513,1427,1512
5434: 5632,5533,5436,5332,5630
9779: 10031,9977,9753,7081,7691
9329: 9487,9565,9837,9950,9416,9775
7905: 7740,7741,8065
7865: 7704,9687,9953,7787,7702
9033: 9237,9216,8984,9120,8983,9032
9460: 9782,9263,9580,9393,10040
1436: 1520
5244: 5345
1438: 1439
1439: 1357,1438
7146: 7055
8008: 8165,8241,7763
7988: 7825,8146,7744,7743
4879: 
1444: 1280,1362,1527
6212: 6114
1446: 1529,1363,1364
7673: 7327,7413,7756,7757
7037: 7128,7127
1449: 1617,1366,1367,1532
9224: 9166
1451: 1369,1535
9869: 447,9974,9487,448,9806
9497: 9584,8811,9368,9596
9769: 473,9656,9728,9823,472,602
6412: 6316,6315,6605,6414,6508,9475
4716: 4817,4715,4615
9708: 9903,9722,9813,9720
8679: 8550,8741,9568,8799
5920: 6018
6629: 6537,6631,7262,7086,9607,9308
1461: 1628,1215,1545,1296,1630
9469: 6705,9801,9494,9417,6799,9309
5736: 5536,5834,5438,5637,6032
9236: 9545,9292,9450,9157,9235,8982
8013: 7770,7934,7932,8397,8093
9658: 6337,6335,9901,9941,9873,9872
1467: 1549,1384,1806,1303,1468,1304
1468: 1386,1469,1304,1467,1806,1721
1469: 1386,1468,1553,1387,1722,1721
6439: 6249,6248,6534,6441,7086
9860: 9724,9601,7163,9575,9696
1472: 1307,1473,1388,1810,1556
1473: 1307,1472,1392,1230,1556,1557
9325: 9608,9463,9398,9476,9364,9261
9489: 9256,4241,9462,9797,4341,9331
1476: 1392,1075,1644,1312,1729,9481
1477: 1644,1312,1562,1078,1152,1561
9071: 8928,8980,9077
6733: 6920,6731,6640,6735
7870: 7624,7707,7703,9472,8029
7434: 9880,7608,9627,7609,9636,9977
7265: 7266,7354,7440
1483: 1395,1396,1568,9715
6614: 6804,6805,6520
7669: 7667,7670,7836,7918
6051: 6147,6242,6048,6052,5956,6148
1487: 1656,1738,1739
1488: 9761,9342,9279,1566,9320
7956: 7876,8033,8110,7880,7958
7839: 7757,7922,7756,7921,8002
7828: 7909
7450: 7707,7942,7451,7780,7783,8021
1493: 9677,1578,1327
1494: 1246,1578,1663,1664,1411
7055: 6964,7145,7146
9858: 9996,9827,9811,9794
1497: 1755,1582,9327,9542,1931,1844
8907: 8480,9981
1499: 1500,1417,1414,1583,1759,1758
1500: 1417,1499,1420,1418,1759,1502
9392: 9269,9483,4427,4529,4630,9633
1502: 1760,1587,1847,1500,1420,1759
5722: 5622
1504: 1849,1336,1762,1421,1587
8406: 8614,8479,8338,8540,8478
1506: 1592,1340,1255,1676
1507: 1766,1767,1259,1592,1340
9802: 9558,9507
4468: 4467,4569,4367
1510: 1178,1179,1261,1427,1594
5548: 5447,5648,5649
1512: 1427,1682,1428,1513
1513: 1514,1599,1428,1512
1514: 1515,1599,1513,1347,1263
1515: 1514,1599,1347,1349,1516,1600
1516: 1602,1600,1351,1349,1515
8213: 8137,8138,8431,8363,8435,8502
8015: 7934,7935
6720: 6528,6813,6624,7083
1520: 1605,1436
5159: 5259,5258,5157,5060,5361
7794: 7545,7711,7630,7953,8031
6481: 6385,6480
1524: 1608,1358,1525
1525: 1526,1610,1524
1526: 1525,1610,1527,1611
1527: 1612,1611,1444,1526
9376: 9413,9484,9346,8262
1529: 1446
10010: 10001,9822,2395,9810,9244
9483: 9521,9269,9392,9282,9459,9633
1532: 1616,1366,1449,1617
5403: 5302
7783: 8252,8021,7707,7703,7450,7704
1535: 1619,1451,1620
7931: 7682,7599,7767
8457: 8161,8160,8387,8596,8597
5370: 5269
1539: 1623,1373,1133,1709
8879: 8987,9080,8702,8880,8701,9079
1541: 1542,1375,1376,1797
1542: 1541,1376,1800,1628
7505: 7503,7328,7417,7847,7679
9258: 9513,9498,9538,9723,9412,9573
1545: 1296,1297,1461,1630,1631
7711: 7794,7627,7952,9289,8031
1547: 1300,1631,1548,1717
1548: 1717,1718,1547,1302,1384
1549: 1467,1384,1806,1718,1805
6478: 
9968: 9549,9909,5350,5552
7431: 7521,7164,7075,7345,7344
1553: 1388,1387,1469,1722,1810
9735: 10022,8599,8462,8601,9952
4525: 4626,4529,4527,4423,4526,4523
1556: 1727,1557,1473,1472
1557: 1727,1556,1473,1392,1729,1816
9732: 68,42,9850
7973: 7811,8282,8497,8356
6705: 9469,9494,6418,6799,6514
1561: 1396,1568,1078,929,1477,1562
1562: 1477,1644,1561,1568,9250,1404
1563: 1902,1316,9409,2170,1991,1238
9421: 9642,9707,9655,9496,9371,358
7627: 7792,7952,7542,7283,7711
1566: 1404,9443,9246,1488,9761
4445: 4345,4548,4444,4440,4753,4650
1568: 1396,1561,1562,1483,1404,9443
9229: 9185
8995: 9045,9297,9127,8709,8888,9600
1571: 1572,1656,1406
1572: 1571,1656,1573,1406,1740,1657
1573: 1406,1572,1657
10032: 9994,9422,9947,9582,9375,9591
5882: 
1576: 9765
9851: 10,31
1578: 1493,9677,1494,1246,1663
1579: 1664,1836,1411,1247
5508: 5408,5509
6809: 6993,6716
1582: 1497,1930,1755,9327,9579,1842
1583: 1756,9361,9669,1499,1414,1758
5977: 5978,5878
5551: 5849,5350,5349,5848
9253: 9299,9274,9636,7608,9631,9517
1587: 1760,1502,1336,1420,1504
9745: 722,10008,9882
6378: 6474,6282
8282: 8496,8497,7973
5455: 5852,5454,5253,5355
1592: 1340,1506,1766,1507,1853
7638: 7721,7555
1594: 1427,1682,1510,1767,1769
5317: 5417
5087: 5086,4986
9480: 9429,9360,9678,10025,9294,9503
9564: 9560,9307,9504,9613,9610,9546
1599: 1514,1515,1513,1600
1600: 1516,1602,1515,1599,1687
9166: 9224,9167
1602: 1516,1600,1687,1688
8614: 8406,8479,9694,8478,8677
5337: 9249,5438,9583,5335,5536
1605: 1520,1691
9458: 7779,7532,9550,7184,9310,7697,9354
9342: 1488,9761,9320,9397,9357
1608: 1524,1693
5512: 5611,5513
1610: 1525,1526,1611
1611: 1527,1612,1526,1610
1612: 1527,1611,1698
5091: 5090,4990,4991,5092,5192
9157: 8929,9032,9112,8982,9292,9236
6371: 6370,6467,6275
1616: 1532,1617,1702,1701
1617: 1449,1618,1616,1532,1702,1703
1618: 1617,1619,1703,1704
1619: 1535,1618,1704
1620: 1290,1535,1706
9486: 9289,9705,9729,9534,9390,9928
1622: 1623,1291,1793
1623: 1622,1539
5964: 5961,6062,6256,6349
4838: 4737,4837,4637,4839
5269: 5267,5370
7032: 7123,7033,6941,7122
1628: 1800,1461,1215,1542
8636: 8361,8634,8820,8701,8878
1630: 1716,1631,1545,1461
1631: 1630,1716,1545,1547,1717
8677: 8477,8478,8614,8676
8861: 8968,8683,8744,8960,9017
5922: 5724,5823,6021
6843: 6749
9243: 9387,9126,9501,9125,9194,9242
4453: 4448,4555,4553,4450,4455,4354
4941: 4739,4839,4840
9929: 9348,9718,9721
9348: 9718,9266,9929,9703,9523
5848: 5349,5551,6041
5550: 5650,5649,5750
5202: 5201,5302
1644: 1477,1312,1562,1476,9250
9723: 9646,9513,9258,9412
8075: 7913,8154,8074,7996,7914,8076
9749: 9863,9811,9567,9615,9827,9546
9848: 10019,9710,9667,9884
4422: 4319,4522,4423,4320,4218,4322
8392: 8393,8168,8603
1651: 1821,9645,1995,1996
7630: 7460,7373,7794,7545,7953
4615: 4514,4616,4716
9494: 6705,9469,9417,9684
7761: 9466,8006,9525,7759,7679,8005
1656: 1572,1571,1487,1739,1740
1657: 1572,1573,1741,1740
8597: 8790,8457,8460,8387,8730
9863: 9811,9749,9615,9672,9548,9673
5781: 5683
7953: 8186,8031,7794,7630,8032
4462: 4463
1663: 9677,1578,1494,1664
1664: 1836,1579,1411,1494,1663
9318: 9960,9128,9664,9501,9558
1666: 1840,1412
9612: 728,10004,9405,9770,9551,9257
9824: 9571,10005,9664,9727,10039
9998: 7772,9447,9373
4478: 4479,4579
9680: 5748,5846,5847,9652
7000: 7360,7001,7184,9406,9512,7092
9520: 3333,3134,9516,9713,3530
6671: 6672,6575,6576
9700: 9761,9709,9717,1318,1820
1676: 1851,1762,1506
9518: 7419,7847,9559,9525,7680,9400
9750: 9293,9594,9692,9097,9052,9340
7163: 6888,6979,9575,9860,7518
8880: 8764,8702,8881,8879,8987,9081
5961: 5964,5960
1682: 1427,1512,1594,1769
9510: 2767,2672,9997,2664,9532,9286
8898: 9004,8842,9055,9356,9592,9005
7428: 7515,7425
8020: 7942,9465,7617,7780
1687: 1602,1600,1688
1688: 1602,1687
5748: 9680
5380: 5379,5280,5480
1691: 1777,1605,1778
9792: 9873,9776,10006,9941,9992
1693: 1779,1608
8978: 9070,8821,8874,8695,9738
6215: 6117,6118,6216
6783: 6784,6688
5518: 5618,5419
1698: 1784,1612
4585: 4584,4687
9931: 2015,9888,9949
1701: 1702,1616
1702: 1701,1616,1617,1703
1703: 1618,1617,1702,1704
1704: 1790,1618,1619,1703
9353: 9356,9334,9592,9917,9437
1706: 1793,1620
6516: 6896,6708,6706,10016
9517: 10009,9253,7608,9631
1709: 1797,1133,1539
9993: 7942,9465,9944,9763,8021,9989
4634: 4527,4630,4836,4730,4936,4937
6432: 9872,6437,9964,6628,6627
8624: 8422,8490,8278,8687,8688
9018: 8968,8683,8805,8916,8917
8743: 9016,9010,8960,9017
1716: 1630,1631,1717,1890,1803
1717: 1548,1718,1547,1716,1631,1803
1718: 1548,1717,1549,1384,1803,1805
9399: 9382,868,1096,9819,9500
9730: 1408,1326
1721: 1894,1722,1806,1469,1468
1722: 1721,1469,1553
9465: 8020,9993,10034,9402,9944
8593: 8455,9284,8524,8591,8661,8592
9994: 10032,9422,9947,9870,10000,9838
5902: 6001,5901
1727: 1899,1556,1557,1816,1812,1901
5606: 5705
1729: 1816,1731,1392,1476,1557,9481
6307: 6403,6209,6308
1731: 1729,1816,9481,9254,1316
1732: 1399,1238,2170,2262
9906: 9898,10016,9914,9896,10020
9573: 5044,4742,9258,9538,9352,9412
8165: 8008,8241,8462,8242,8391
5108: 5209,5007
6338: 6336,9490,6139,6339,6436,6335
1738: 1739,1912,1914,1487
1739: 1738,1487,1656,1740
1740: 1741,1572,1656,1739,1657
1741: 1740,1657
8119: 7962,8042,8120,7879,8483,8616
9085: 9894,9130,8886,8885,9126,9128
6183: 6086,6280,6085
1745: 1921,1919
9248: 513,9430,9366,9590,9441
1747: 2205,2021,2022,9662
9961: 9389,9267,9554,10021,9731,9859
8908: 9625,9391,9641,8680,8485
7475: 7562,7474
6967: 6966,7059
9818: 9958,923,9757,9865
9813: 9645,9722,9335,9708,9720
9814: 9328,9825,9935,9955,9922,9897
1755: 1497,1930,1582,1931,2018
1756: 1846,9542,9361,1583,1758,1844
4523: 4621,4522,4423,4626,4525
1758: 1935,1759,1499,1756,1846,1583
1759: 1935,1758,1500,1499,1502,1847
1760: 1587,1502,1847,2207,2026
4819: 
1762: 1421,1849,1504,1676
5805: 5804,5904
9821: 9719,9270,531,467
6342: 6246,6248,7085
1766: 1855,1943,1767,1507,1592
1767: 1855,1766,1507,1594,1769
9495: 9488,9530,9264,527,927
1769: 1682,1594,1855,1767
9331: 4341,4338,9797,9489,9799,9522
5186: 5185,5086,5286,5287
1772: 
9011: 8964,8911,8966
6351: 6256,6349,6348,6257,6447,6350
7066: 7858,6974,6973,7252
9529: 9377,9362,9638,9920,9943
1777: 1691,1778,1864
1778: 1777,1691
1779: 1693,1867
5015: 4915,5115,5116
8145: 8296,8222,8066,8144,8146,8221
1782: 
7467: 7380
1784: 1698
9940: 9316,853,10002,9788
8663: 8596,8662,8790,9616,8791,8729
5364: 5263,5363,5461,5266,5462
9790: 9759,9796,9704,2940
6517: 6709,6426
1790: 1704,1878
9576: 9251,9283,1253,941
6920: 6733,6915,7010,6917,7011
1793: 1706,1622
7057: 7148,6966
9119: 9077,9976,8980,9234
6627: 6531,6432
1797: 1709,1541
6820: 6350,6541,6632,6631,6724,6821
9628: 9616,9271,9623,9419,9260,9904
1800: 1628,1542
9332: 9396,9374,9425,9620,9772
8616: 8343,8680,8119,8120,8483,8741
1803: 1716,1717,1718,1890
9592: 9353,9356,8898,9005,9437,9336
1805: 1892,1893,1718,1549
1806: 1549,1467,1468,1893,1894,1721
9692: 9097,9893,9336,9293,9750,9786
6464: 
8363: 8216,8435,7979,8213,8138
1810: 1897,1553,1472
7224: 
1812: 2078,1989,1901,1727,1899,1987
7234: 7145
6139: 6336,6338,9265,9901,9305,6335
8715: 8449,8649,8834,8714,8716,8776
1816: 1729,1731,1727,1557,1901
4910: 5010,4809
5699: 5599,5698
1819: 1318,2082,1820,2264,2173
1820: 1905,9700,9717,1318,1819,2173
1821: 1651,9720,1909,1999,1996
1822: 1912,1909,2001
9642: 9421,9427,672,9496,9371,251
5975: 5876,6072
9953: 7865,9687,9783,9833
8904: 8905
9543: 9512,9308,7262,9540,9435
4423: 4422,4522,4526,4322,4523,4525
5804: 5705,5805,5904
9443: 1404,1566,9246,1568,9296
1831: 2006,2096,1917
9647: 9540,9435,9650,9943,9967,9805
1833: 1921
9296: 9722,9335,9715,9443,9246
1835: 2015,1841,2199
1836: 1664,1579
8767: 8705,8882,8938,8707,8769
1838: 1840
6768: 6767,6769,6862
1840: 1666,1838
1841: 9609,9579,1835,1842,2199
1842: 2293,2199,1841,9579,1930,1582
9255: 9878,9500,9382,9251,9637
1844: 2022,1931,1756,1846,9542,1497
5009: 5110,4909
1846: 1756,1935,1758,2022,1844,2021
1847: 1760,1502,1935,1759,2024,2207
6510: 6416,6605,6414,6512,6607,6892
1849: 2118,2028,1504,1762
9554: 2271,2272,9389,9961,1915,9859
1851: 1676,2028,2030
6756: 
1853: 2123,2033,1592,1943
9552: 9363,789,858,9245
1855: 1943,1766,1767,1769
5253: 5153,5252,5355,5353,5453,5455
7694: 7778
5712: 
6480: 6576,6385,6481
9226: 9225,10014
1861: 1950
5637: 6032,5340,5736,5837
9854: 9767,9438,9926,9787,9889,9691
1864: 1953,1777
9719: 9821,9270,9830
9726: 9861,9784,9668,9666,9849,9979
1867: 1868,1779
1868: 1867,1957
5070: 4969,5069
9563: 9584,8811,8560,8867,9019,9444
8042: 8119,7962,8120,7801,8121
9574: 9302,9408,10017,9482,9808
1873: 
8592: 9617,8661,9448,8593,8658,8591
9850: 16,68,9732
1876: 
9631: 7339,7249,9274,9253,9517
1878: 1790
9847: 6706,9908,9685,10016,9914
9778: 9831,9952,10022,9386
1881: 1969
9908: 6514,6425,9847,9278,9685
8555: 8347,8748,8419,8346,8417,8806
7565: 7649,7564,7478,7650
9239: 9219,9560,9567,9193,9162
6915: 6920,6731,7003,6912,6917
10013: 9352,9482,9412
7081: 7518,7691,7342,9696,9779
9578: 9410,9311,5951,9455,6047,9367
1890: 1978,1716,1803
9264: 9530,9291,9812,9514,9488,9495
1892: 1893,1805
1893: 1892,1805,1806,1894
1894: 1983,1721,1806,1893
9747: 9986,9774,9874,9669,9630,9361
9614: 6238,5751,5752,9306,9343,9471
1897: 1810,1899
9261: 9364,2678,2584,9476,9325
1899: 1727,1897,1987,1812
5308: 5307,5408,5207
1901: 1812,1989,1727,1816,1902,1316
1902: 1563,1316,1989,1901,1991
10036: 9744,10011,9932
9394: 5657,9533,5755,9410,5754,9455
1905: 1995,1820,2453,2173
6004: 6003
7912: 
9503: 5343,5138,9454,9294,9480,9429
1909: 1999,1822,1821
5252: 5253,5153,5151,5251,5353
6272: 
1912: 1738,1914,1822,2001
5480: 5280,5380,5481
1914: 1738,1912,2001,2182
1915: 2364,2363,2366,2271,9554,9859
7918: 7668,7999,8080,7669,7836
1917: 2006,1831,2279
9352: 10013,9482,9412,9573,5044,9408
1919: 1745,2010
6326: 6128,5937,6227,6130,6328,6327
1921: 1745,1833
9954: 2190,9451,2100
7526: 7352,7175,7439
6398: 
9928: 9390,9484,9729,9486,10024,9733
9911: 9401,9979,9644,6038
9969: 9698,9853,449,9883,289,9440
4809: 4709,4910
5792: 5793,5891
1930: 1755,1582,2293,1842,2387,2018
1931: 2022,1844,1497,1755
9849: 9666,9648,9701,9726,9861
5492: 5392,5393
5691: 5789
1935: 1759,1758,1846,1847,2021,2024
4917: 4815,5018,4918
5823: 5826,5825,5725,5724,5922
6207: 
5200: 5201,5300
4954: 5055,4955,4747,4852,4849
4606: 4605
4450: 4256,4255,4349,4448,4453,4354
1943: 1855,1766,2033,1853
8231: 8230,8153,8306,8154,8155
9112: 9027,9157,8982
1946: 2036
5475: 5476,5574,5375
9038: 9161,8990,9039,9125,9194,9162
4729: 4730,4929,4626,4725,4826
1950: 1861
1951: 
4817: 4716,4918
1953: 1864,1954,2043
1954: 1953,2043,2044
9722: 9296,9335,9715,9708,9903,9813
9312: 9951,9733,9413,9426
1957: 1868,2047
6089: 
6483: 6388,6387,6482
1960: 2049,2050
4990: 4890,4991,5090,5091
7314: 7402,7401
7063: 7156,7062,6972,7155,7153
7962: 8119,8042,7801,7880,7879
9534: 8186,8031,9486,9289,9390,9436
4604: 4504,4603,4605
5379: 5380,5278,5478
5705: 5804,5606
1969: 1881
8620: 8485,8417,9641,8685,8621
5154: 5054,4852,4950,5255,5052,5256
8683: 8968,8861,9018,8805,8619,8744
1973: 
9679: 9704,2938,9304,9796,9697,2841
6545: 6448
8916: 8685,8805,8917,8807,8806,9018
1977: 1978
1978: 1977,1890
4766: 4665,4867
7691: 7518,7081,7609,7430,9977,9779
7579: 
6709: 6517
1983: 1894,1984,2072,2073
1984: 1983,2073,2074
4937: 9280,4936,9877,4634,4836
9675: 2389,9659,2201,10033
1987: 1899,1812
9492: 9881,9581
1989: 2078,1812,1901,1902,2079,1991
8046: 7965,8276,8201
1991: 2170,1989,1563,1902,2079
6227: 6128,6326,6226,6420,6421,6327
9260: 8383,9419,8727,9628,9623
9885: 9303,9449,9754,9846
1995: 1905,9717,1651,2361
1996: 2361,2270,1821,1651
9388: 9514,9365,9488,9321,10002,9557
4584: 4685,4585,4483
1999: 2090,1909,1821
9605: 9541,9411,9479,9595,2862,2762
2001: 2182,2002,1822,1912,1914
2002: 2001,2182,9606,2090
8667: 8391,9942,8242,8463,8603
9426: 8538,9312,9413
8084: 8389,8163,8005,8006,8460
2006: 2096,1831,1917,2279
2007: 2188,2096
7947: 8106,8023,7946,7945
4501: 4502,4400
2010: 2098,1919,9451
9487: 9329,9565,9837,9869,9974,9806
5886: 5887
8056: 7899,8058,8135,7733
2014: 2384,2198,9949,2196
2015: 1835,9931,2199,2198
5561: 5461,5657,5462,5562,5754,5756
7149: 7150,7059,7148,7238,7328
2018: 1930,1755
9328: 9814,9825,9262,9935,9569
4778: 4677,4880
2021: 2205,1747,2024,1846,1935,2022
2022: 1931,1844,1846,1747,2021
6416: 6414,6510,6223,6320,6323,6512
2024: 2205,2021,1935,1847,2111,2207
5819: 5720,5818
2026: 2207,2300,1760,2118,2208
5894: 5893,5895
2028: 1849,2118,1851,2119,2030
9498: 9513,9258,9538,9522,4438,4539
2030: 2212,2028,1851,2119
9354: 9402,9499,9310,9458,9550,9643
8227: 7911,8150,7992,8303,8228
2033: 2123,1853,1943
7520: 7344,7692,7080
8601: 9952,8730,9544,8389,8599,9735
2036: 2037,1946
2037: 2036
8866: 8687,8919,8808,8688,8867,9019
9766: 9876,9978,9927
8426: 8694,8205,9477,8630,8425
8764: 8880,8881
9905: 1009,9937,9780,863
2043: 2133,1953,1954,2044
2044: 2135,1954,2043
9595: 2674,2666,9479,9532,9605,2862
6420: 6419,6512,6323,6226,6227,6421
2047: 1957
7010: 7009,7102,6917,6920,7011
2049: 2050,1960
2050: 2049,1960
9582: 9597,9396,9375,4036,10032,9591
6275: 6371
10019: 9848,9710,9561,9667,9936,9508
7208: 7118,7207,7119,7209,7296
2055: 2145,2056
2056: 2057,2147,2055
2057: 2056,2147,2148
6639: 6641,6448,6823,6640,6731
9007: 8846,9008
8338: 8540,8737,8474,8406,8479
2061: 2151
9804: 9590,9440,9698,9337
7993: 7992,8152,7831,7913,8074
8846: 9007,8787
2065: 2156
5891: 5792
6223: 6122,6320,6126,6323,6416
7780: 7452,7451,7617,8020,7942,7450
6293: 6196,6389
8982: 9235,8928,9112,9157,9236
8949: 9054,8999,8837,8895,8950,8947
2072: 2073,1983
2073: 2072,1983,1984,2074
2074: 2165,1984,2073
9194: 9242,9162,9038,9125,9243
7821: 7902,7739,7903
8496: 8282,8497,8631,7890,8694
2078: 1812,1989
2079: 1989,1991
9613: 9618,9420,9307,9564,9610
8928: 9235,8982,9071,9077
2082: 1318,1819,9357,2172,2264
9762: 9789,10030,10003,9752,10039,9857
8106: 7947,8028
9205: 10007,9179
8306: 8230,8231,8380,8451,8452
7125: 7124
7305: 7216,7217,7393
5653: 5849,5552,5249,5752
2090: 1999,2002,2272
6805: 6614,6804,6711
9903: 9708,9902,9722,9715
4771: 4872
7697: 9310,7859,7355,7181,7184,7779,9458
6588: 6683
2096: 2006,1831,2007,2188
9455: 5951,5754,9394,9578,9410
2098: 2188,2010,9451,2280,2189
7667: 7669,7582,7668
2100: 2190,9954
7099: 7191,7190,7008,7009,7276
6699: 7162,6886,6890,6888,6979
9256: 9489,4241,9462,9442,4239,4240
9122: 8987,9080,9160,9218,9504,9219
7318: 7319,7405
8938: 8882,8767,8991,8769,8990,8989
2107: 2483,2672,2578
8134: 8210,7733,8209,8135
9758: 9295,9918,9663,372,617,684
2110: 2202,2485,9608,2392,9619,2390
2111: 2207,2300,2205,2024,10001,2204
9368: 9971,10043,9660,9584,9497,9596
9761: 9700,1488,9342,1566,9246,9709
8110: 8189,8262,8261,7956,8033
4867: 4766,4968
9933: 9923,9809,269
8429: 8358,8430,8632,8567,8499
2118: 1849,2028,2026,2208,2119
2119: 2208,2303,2118,2028,2030,2212
6041: 6043,5750,5349,5848
9538: 9498,9258,4539,9573,4742,4641
8387: 8460,8004,8161,8457,8597
2123: 2033,1853
6552: 6648,6456,6647
4880: 4881,4778
6349: 6256,6351,6348,5964,6058
9937: 9905,9780,9840
2128: 2220
8681: 9716,9381,8801,9641,8621,8619
7813: 7563,8054,8208,8209
2131: 
8382: 8380,8383,8453,8524,8455
2133: 2043,2224,2225
7342: 7081,9753
2135: 2044,2136
2136: 2135,2228
8330: 8471
5672: 5573,5572
9728: 9973,9656,9769,9823
5299: 5300,5400
9411: 9605,9541,9845,9479,9351
8981: 8980
9668: 9726,9784,6037,6130,9401,9979
2144: 2145,2236
2145: 2144,2055,2236
6767: 6768,6672
2147: 2056,2057,2148,2238
2148: 2057,2147,2240
7911: 8150,7992,8227
4747: 4954,4645,4744,4947,4849
2151: 2061
2152: 
2153: 2244
8201: 8422,8490,8046,8126,8276
6219: 6022,6121,6218,6122,6320,6316
2156: 2065,2248
8219: 8221,8368,8143,8144,8439,8707
9373: 9998,9447,9434
4757: 4655,4658,4856,4855
2160: 2161,2251
2161: 2160,2253
7847: 7419,9518,9525,7505,7417,7679
5933: 5936,5833,5839,6037,5937
9555: 9351,9535,3052
2165: 2074
9541: 9605,9411,9351,9535,2858
4944: 5047,5144,5044,4742,4743,4845
7488: 7400,7401,7487
8621: 8685,8805,8619,8620,8681
2170: 2262,1991,1563,1732,1238
7867: 8028,8023,7948,7702
2172: 2264,2082
2173: 2453,2265,1819,1820,1905,2264
5247: 5047,5144,9302,5145,5148,9604
6421: 6327,9278,6227,6419,6420
6549: 6645,6550,6548
9384: 6984,6508,9511,9475,6888,9575
2178: 
8093: 8244,8397,7932,8013
5410: 5509
5640: 5740,5540,5639
2182: 2001,2002,9606,1914
8230: 8153,8378,8231,8306,8229,8451
9706: 382,9991,99
2185: 2369
4890: 4990,4788,4891,4789,4991
9951: 10024,9733,9312
2188: 2098,2007,2096,2280
2189: 2280,2098,2190,9451
2190: 9451,9954,2100,2189
9727: 9939,10039,9824,9789
2192: 2284,2193
2193: 2194,2285,2192,2284
2194: 2193,2285,2286
5769: 5868
2196: 2383,9949,2014,2384,2476,2571
2197: 9888
2198: 2014,2574,2015,2199,2481
2199: 2293,1842,1841,1835,2015,2198
9838: 10000,9689,9870,9994,9866
2201: 2580,10033,2866,2389,9675,2770
2202: 2870,2485,2110,2392,2871,2967
2203: 2490,2395,9244,2585,9476
2204: 10001,2111,2300,2394,2395
2205: 1747,2021,2024,2111,9662
9493: 9358,917,9577,9268,1067,1068,709
2207: 2111,2300,2026,1760,1847,2024
2208: 2303,2119,2118,2300,2026,2394
6797: 6507,6890,6410,6984
7696: 9561,9301,7091,7355,7859
9959: 9751,9670,9459,9721
2212: 2030,2303,2119,2305
9598: 167,9275,123,9547
5929: 5926,5928,5829,5930,6028
7503: 7505,7327,7757,7675
6018: 5920,6117
7767: 7599,7601,7931,7850
2218: 2311
4444: 4345,4445,4241,4341,4440
2220: 2128
6688: 6593,6783
9463: 9608,9619,9325,9398,9659,10033
5485: 5584,5585
2224: 2225,2133
2225: 2224,2133
4580: 4480
9185: 9211,9229
2228: 2321,2136
5207: 5106,5307,5308
9364: 2678,2391,9261,9608,2392,9325
2231: 
5214: 5113,5215
4947: 4744,4743,4747,4949,4845,4849
2234: 2326
8211: 8358,8430,8210,8135,8137
2236: 2144,2145
9986: 9747,9774,9572,9630
2238: 2147
9403: 181,9502,9287,9313,9322,37
2240: 2333,2148
9852: 9915,9835,9754,9622,9303,9453
7156: 7063,7858,7155
4697: 4797,4596
2244: 2336,2153
5478: 5379,5578
6165: 6068,6164,6067,6262
6164: 6067,6163,6165,6262
2248: 2156,2249,2341
2249: 2341,2248
9915: 9835,9852,8632,9593,9622
2251: 2343,2160
8135: 8056,8058,8134,8211
2253: 2161
7176: 7442,7179,7268,7777
7937: 8018
8234: 8076,8158,8155,8309,8307
6436: 6337,6335,6338,6339,6242,6244
9997: 9510,2767,2570,9742,9862,9286
9361: 1756,9542,1583,9747,9669,9630
9774: 9747,9986,9899,9874
9278: 6421,6327,9432,9685,9908
2262: 2170,1732
7389: 7302,7390
2264: 2172,1819,2082,2173,2265
2265: 2451,2453,2173,2544,2264,2639
7336: 7247,7155,7153,7680,9400,9785
8386: 8526,8594,8236,8081,8160,8527
9877: 9280,4937,9751,9718,9266
9661: 9767,9438,9444,9407,9660
2270: 1996,2361,2271,2362,2363
2271: 2272,9554,2270,2363,1915
2272: 2271,9554,2090,9389
2273: 9333,2460,2366,9924,9491,2555
2274: 2371
9446: 9803,157,9537,9338,360
4518: 4521,4417
7124: 7125
8630: 8495,8424,8425,8426,9477,9509
2279: 2559,1917,2006
2280: 2374,2189,2188,2098
9984: 9844,9456,9686,9828,9681
9481: 9254,9250,9279,1476,1729,1731
7855: 8018
2284: 2192,2193,2285
2285: 2193,2194,2286,2284
2286: 2194,2285
7521: 7431,7344,7692
2288: 2382,2380
5675: 5676,5774
4892: 4891,4789,4893
5129: 5136,5234,5327,5329
8333: 8261,9436,8186,8032,7954,8033
2293: 1842,2199,1930,2481,2387
5201: 5202,5200,5302
7259: 7170,7169,7258,7435,7348
7587: 7756,7411,7413,7670
9861: 9726,9784,6032,9849
6512: 6419,6420,6607,6323,6416,6510
7352: 7175,7526,7353,7440
2300: 2111,2207,2026,2208,2204
6226: 6126,6127,6323,6128,6227,6420
9895: 1007,1006,9840,9882,860,9780
2303: 2208,2119,2212,2305,2394
9793: 426,9907,9782
2305: 2490,2303,2212,2492
8685: 8621,8805,8916,8417,8620,8806
7419: 7847,9518,7331,7241,7680,7417
2308: 
6048: 6047,6144,5953,6051,6242,5956
9182: 9114,9187
2311: 2218
5727: 5528,5726,5825,5928,5829
8787: 8786,8846
4516: 4616,4415
9894: 9130,9600,9085,9629,9960,9128
5599: 5499,5598,5698,5699
8734: 8674,8609
9892: 9787,9102,8968,9800,9634
7682: 7931,7599
7452: 7539,7451,7617,7780,7618,7540
2321: 2228
2322: 
6867: 6773
5622: 5621,5722
2325: 2326
2326: 2234,2325
7002: 7003,6912,7092,6911,6910,7001
7659: 7743,7742
9784: 9726,9861,9668,6032,5839,6037
7283: 7195,7542,7627
7026: 6934,7027,7117
4955: 5055,4954,4853,4957,4855
2333: 2240,2427
4825: 4823,4826,4821,4927
2335: 2336
2336: 2244,2335
6098: 6099,6196,6001
6760: 6665,6759,6854,6853
9840: 9895,9882,10008,9937,9780
4836: 4630,9633,4634,9670,4937
2341: 2249,2434,2248
4497: 4498,4397
2343: 2251,2436
4788: 4890,4789
4904: 4802
6350: 6447,6541,6820,6351,6348,6632
8391: 8667,8165,8462,8242,9963
9319: 2745,9913,9333,9585,2744,9624
9365: 9488,9388,716,1073,9557,527
9504: 9218,9307,9122,9219,9560,9564
4870: 4871
4793: 
9450: 9545,9236,9235,9976,9828,9739
9290: 9467,9478,9477,9252,9622,9453
8026: 7946,7945,8101
8542: 8544,8675,8674
5383: 5283
9439: 9473,9468,383,9676,9527
5249: 9909,9404,5451,5250,5653,5552
9616: 9271,9628,9623,8662,8663,8791
2361: 1996,2270,1995,2454,2362
2362: 2454,2552,2361,2270,2363
2363: 2364,1915,2270,2271,2552,2362
2364: 2459,2363,1915,2366,2555
8031: 7953,8186,9534,7794,7711,9289
2366: 2364,1915,9924,9859,2555,2273
5936: 5933,5833,5931,6127,6128,5937
9237: 9033,9216,9640,9032,9292,9378
2369: 2185,2372,2747
6456: 6455,6552
2371: 2274,9816,2460
2372: 2942,2747,2369,2558
8740: 8192,8799
2374: 2280,2561,2468
6359: 6455,6358,6262
8631: 8496,8497,8565,8694,9467,9478
9344: 8791,9505,9271,9875,9740,9395
9615: 9242,9567,9863,9749,9548
7472: 7558
2380: 2288
7771: 7770,7934,7935,7936,7769,9434
2382: 2288,2383
2383: 2196,9682,2382,2476
2384: 2014,2574,2196,2573,2571
6890: 6507,6797,6984,6699,6888
7014: 6829,7103,6831,6832,7104
2387: 2481,2669,2293,1930,2576
5438: 5337,9583,5340,5736
2389: 2578,2667,9675,2201
2390: 2771,2580,9619,2485,2110
2391: 9364,2678,2392,2776,2872,2871
2392: 9608,9364,2391,2202,2110,2871
9725: 6433,9817,9975,6626
2394: 2490,2395,2208,2303,2204
2395: 2490,2203,2394,10010,2204,9244
6932: 7023,6931
8209: 8873,8498,7813,8134
9988: 9917,8659,9938,8784
4642: 4643,4539,4744,4641,4645
2400: 2492
9620: 9772,9396,9332,9375,9834
5746: 5942,5647,5943,5648,5846
2403: 
9932: 10011,3639,9744,10036,9756
10004: 728,9612,9770
7402: 7314,7401
2407: 
8244: 8093,8393,8395
2409: 2503,2410
2410: 2411,2409
2411: 2410,2412
2412: 2411
8513: 8444,8372,8298,8579,8710
9686: 9456,9277,9618,9984
2415: 2416,2510,2509
2416: 2415,2510,2511
6682: 6586,6683
6419: 6420,6512,6607,6421,6425
5829: 5929,5928,5727,5632,5930
7135: 
7354: 7528,7265,7266,7778
2422: 
8797: 
2424: 
7545: 7794,7371,7460,7630
8835: 8776,8587,8891,8838,8945
2427: 2333,2428,2522
2428: 2522,2523,2427
9269: 9521,9392,9483,4331,4330,4427
9453: 9509,9303,9290,9477,9622,9852
8786: 8787
9806: 9515,509,9869,9487,9565,448
5948: 9306,9265,6140,5453,5452,6238
2434: 2341
9648: 9666,9849,9701
2436: 2343,2530
9600: 9894,9130,9127,8995,9297,9629
9866: 9999,9689,9838,10027,9887
2439: 2533,2534
7456: 7104,7542,7102,7103,7368
2441: 2442,2536
2442: 2536,2441
5687: 
8138: 8213,8137,8058,7979,8363
10035: 9901,9305,9941,9992,9471,9867
8222: 8296,8145,8146,8298
8301: 8373,8303,8649,8376
8028: 8023,7867,7948,8106
6173: 6270,5978
10043: 9971,9368,9660,9767,9926,9930
2451: 2453,2547,2265,2642,2639
8291: 8365,8292,8061,8062,8216
2453: 2451,2547,2173,2265,1905,2454
2454: 2362,2361,2453,2547
7027: 7026,7117,7118
5714: 5713,5812,5715,5813
8539: 
7571: 
2459: 2364,2552,2551,2554,2555
2460: 2273,9333,9585,9924,9816,2371
9323: 9369,9580,9393,546,484,485
5870: 5871,5968
2463: 9491,2554,2553,2649,2650,9624
9694: 8614,8479,9886,9832
5774: 5676,5775,5675,5873
9478: 9290,9467,9252,8631,8565,9355
9225: 9226,10014
2468: 2658,2374,2657,2561
9736: 537,9760,9829
8032: 7713,7953,8186,8333,7954
9782: 9460,9907,9793,10040
9856: 9934,9956,9586,9843
2473: 2953,3144,3145
2474: 
7540: 7455,7625,7618,7279,7190,7452,7539
2476: 2383,2196,2571
5389: 5390
5313: 5312,5413
8945: 9046,8838,8835,8891,9132,9752
4514: 4513,4615
2481: 2387,2669,2293,2574,2198
9635: 718,9530,9291,9363,653,9245
2483: 2576,2107,2767,2672
8076: 8155,8234,7996,7999,8154,8075
2485: 2202,2870,2110,2771,2772,2390
5230: 5331,5329,5234,5341,5333,5332
9546: 9610,9827,9560,9567,9564,9749
8253: 8328,8470,8255,8179
7743: 7659,7744,7742,7825,7988
2490: 2203,2305,2394,2395
6196: 6098,6099,6293
2492: 2400,2305,2586
4858: 5062,5060,4856
8346: 8485,8417,8273,8271,8555
5393: 5394,5392,5492
4463: 4462
4553: 4448,4453,4555,4548,4655
9917: 9988,9938,9353,9334
4555: 4453,4553,4455,4655,4457,4658
6596: 
7252: 7160,9639,6974,7066,7858,9299
6886: 6699,7162,6978,6696,6507,6695
2503: 2409
2504: 
6641: 6639,6640
7948: 7702,8028,7867
8921: 9111,9024,8972
9049: 9133,9170,9001
2509: 2415,2510,2604
2510: 2415,2416,2509,2511,2604
2511: 2512,2416,2510
2512: 2511,2513,2607
2513: 2512,2607
5138: 5338,5343,9503,5036,9454,5142
2515: 2610
5069: 4969,4968,5070
9587: 8480,8339,8481,9702,9836
8096: 8097,8175
7249: 9631,9274,7247,7155
2520: 
8152: 7992,7993,8074,8228,8229,8153
2522: 2428,2523,2427,2616
2523: 2428,2522,2524
2524: 2523
2525: 
2526: 2620
8356: 8357,8565,7973,7811,7974,8497
7070: 7160,9639,6884,6978,9627,7161
8741: 8483,8550,8679,8616,8680,9625
2530: 2436,2531
2531: 2530
9271: 9616,9628,8791,9344,9904,9875
2533: 2439,2534
2534: 2533,2439
8776: 8716,8835,8587,8891,8715,8714
2536: 2442,2441
9775: 9416,9345,9950,9699,9791,9329
2538: 2632
7576: 
2540: 2634
9473: 9468,9439,9464,9324,9527
8023: 8028,7867,7947
9899: 9665,9774,9874
2544: 2265,2638,2733,2639
6853: 6854,6759,6760
9773: 7091,9650,9839,9805
2547: 2451,2453,2454,2552,2642,2643
9080: 9122,8879,8987,9079,9238,9218
9069: 9024,8868,8812
7164: 7431,7073,6983,7075
2551: 2738,2643,2553,2552,2459,2554
2552: 2362,2547,2459,2363,2643,2551
2553: 2738,2551,2554,2463,2646,2649
2554: 9491,2463,2555,2459,2551,2553
2555: 9491,2554,2459,2364,2366,2273
9234: 9029,9119
9674: 9956,9830,529,9276,9586,466
2558: 2842,2372,2942
2559: 2279
6974: 7252,7160,7066
2561: 2655,2657,2374,2468
5141: 9602,5142,4934,9280,4936,5037
8358: 8211,8430,8429,8210,9379
6062: 5965,6063,5964,6256
4730: 4934,4929,4729,4634,4936
9214: 9114,9072,9187,9074
7750: 7914,7581,7582,7832
9545: 9292,9236,9450,9456,9378,9828
2569: 2570,2574,2669,2573
2570: 2569,9742,2669,2576,2767,9997
2571: 2573,2196,2384,2476
8485: 8346,8417,8620,8271,8908
2573: 2571,2574,2384,2569
2574: 2384,2198,2481,2669,2573,2569
6804: 6614,6805,6519,6520
2576: 2483,2387,2669,2570,2767
9273: 9589,9326,9809,217,431
2578: 2389,2667,2664,2107,2672
5584: 5485,5583,5585,5683
2580: 2201,10033,2866,9619,2390
7719: 7801,7884
5345: 5244
9247: 9372,9295,9528,489,1043,683
2584: 2585,2680,2778,2678,9261,2679
2585: 2584,9476,2203,2586,2680
2586: 2680,2492,2585
5818: 5817,5720,5819,5917
9004: 8842,8898,8841,8950,9098,9005
5568: 5668
7675: 7759,8004,7503,7757,7922
5417: 5317
4807: 4707
4876: 
7400: 7312,7401,7487,7488
2595: 2689
5157: 5258,5159,5055,4957,5054
9162: 9194,9193,9161,9038,9239
5624: 5725,5724
7740: 7739,7741,7905
2600: 2694,2695
9857: 8947,9752,9046,9762,10030
8632: 9915,9835,8429,8567,8695
8121: 7884,8044,8042,8120,8197
2604: 2698,2699,2510,2509
9218: 9217,9307,9504,9122,9080,9238
5535: 5536
2607: 2512,2513,2702
7153: 7336,7155,7063,7331,7680
2609: 2703,2610,2704
2610: 2515,2609
9374: 3837,3839,9425,3536,9332
7909: 8069,7828
2613: 2708
9671: 9970,9862,9742,10023
7311: 7312,7398
2616: 2710,2522
4481: 4582,4480
5106: 5207,5105
6766: 
2620: 2715,2526
8973: 
9649: 9904,9875,9795,9284,8661
8714: 9089,8943,8834,8715,8776,8891
9942: 8667,9963,8603,9651
4893: 4892
5366: 5266,5462,5562,5467,5267,5466
7327: 7673,7238,7503,7328
2628: 
8430: 8211,8358,8429,8137,8431,8499
8474: 8264,8737,8538,8338
6631: 6632,6537,6629,7262,6820,6724
2632: 2538
5751: 9614,9343
2634: 2729,2540,2728
9532: 9479,9286,9510,2664,2666,9595
9046: 8837,8838,8945,9752,9857,8947
5793: 5792,5695,5893
2638: 2733,2544,2732
2639: 2734,2544,2451,2265,2733
6520: 6519,6426,6614,6804
7723: 7804
2642: 2734,2451,2547,2738,2643
2643: 2738,2551,2547,2552,2642
7703: 7707,7870,7783,7704,8029,7787
5917: 5916,5818,5817
2646: 2928,2649,2738,2553
9010: 8743,9016,8962,8857
2648: 2742,2650,2649,3025,3027
2649: 2646,2553,2463,2648,2650
2650: 2648,2742,2744,9624,2463,2649
6927: 6926,7019
7770: 8013,7934,7771,7769,7932,8171
5520: 5620,5421
4458: 4455,4559,4354,4459
2655: 2657,2561,2752
8991: 8708,8769,8938,8990,9039
2657: 2655,2561,2658,2468,2752,9841
2658: 2468,2657,9841
6994: 6902,6904
8455: 9284,8593,8382,9419,8524
4881: 4880,4882
2662: 2758,2951,2953
8820: 9070,8821,8984,8634,8636,8878
2664: 2578,2667,9510,2672,9532,2666
5267: 5269,5467,5167,5266,5366
2666: 2770,2674,9595,2667,2664,9532
2667: 2578,2389,2664,2770,2666
9488: 9514,9365,9495,9388,9264,527
2669: 2481,2387,2574,2576,2569,2570
9167: 9166
6556: 6461,6651
2672: 9510,2767,2483,2107,2578,2664
5340: 5438,5637
2674: 2770,2666,9595,2866,2865,2862
8811: 9563,9584,8560,8627,9497
7569: 7570
9291: 9530,9264,9812,9363,9980,9635
2678: 9364,2391,9261,2584,2679,2776
2679: 2777,2776,2584,2778,2678
2680: 2681,2586,2778,2584,2585
2681: 2680,2778
6328: 9401,6326,6130,6327,9432,6038
9431: 9566,9315,9300,9464,9288,9324
9610: 9827,9546,9564,9613
2685: 
4968: 4969,4867,5069
6598: 6695,6884
9315: 9287,9566,9445,9431,9300,9526
2689: 2595,2785
9314: 9347,10015,8252,9989,9783,9687
2691: 2787
7739: 7740,7655,7821
2693: 2694
2694: 2600,2693,2695,2790
2695: 2600,2694,2790,2791
9654: 2752,9841
2697: 2698,2793
2698: 2604,2699,2697,2793
2699: 2604,2698
6122: 6223,6320,5926,6219,6121
7713: 8032,7631,7954,7796
2702: 2703,2607,2797
2703: 2609,2702,2704,2799
2704: 2609,2703,2799,2800
2705: 
9558: 9802,9387,9501,9318,9507
7091: 9773,7178,9301,7696
2708: 2613
4470: 4369
2710: 2616,2806
5424: 
2712: 2808,2713
2713: 2808,2712
9059: 9012,9983
2715: 2620
9948: 586,405,9474,523
6799: 6418,6703,6894,9309,6705,9469
2718: 2719
2719: 2718,2815
4641: 4744,4743,9538,4642,4539,4742
2721: 
4907: 5007
2723: 2818
5116: 5115,5015
8154: 8075,8074,8076,8155,8153,8231
5581: 5680,5481
6507: 6797,6890,6696,6886
2728: 2729,2634,2824
2729: 2730,2634,2728,2824,2825
2730: 2729,2825,2826
9109: 9067,9066
2732: 2638,2827
2733: 2638,2544,2639,2734
2734: 2642,2639,2733,2830
9910: 
6982: 7073,6983
5533: 5632,5434,5436,5633
2738: 2643,2551,2553,2642,2646
9244: 9810,9398,10010,2203,2395,9476
9967: 7355,7181,9805,9540,9647,9406
9292: 9545,9236,9032,9157,9237,9378
2742: 2648,2744,2650,3027,2836,2743
2743: 3127,2840,2742,2744,2745,2836
2744: 2742,2650,9624,2745,9319,2743
2745: 9913,9319,9304,2744,2743,2840
7608: 9880,7434,9253,9636,9517,10009
2747: 2844,2372,2942,2369
6966: 6967,7057
8339: 8264,8412,8265,8481,9836,9587
9005: 9097,9098,9004,8898,9592,9336
9187: 9114,9214,9182
2752: 9654,9841,2655,2657,2848
5789: 5691,5889
9603: 7178,9301,9667,9884
2755: 2852
9632: 9808,9985,9755,9350,9604,9404
5225: 5328,5224,5125,5327
2758: 2951,2662
9751: 9959,9670,9877,9718,9721
7737: 7819,7901
2761: 3054,3153,9535,3052,3251
2762: 2861,2862,9605,2858,2957
7879: 7880,7958,8116,8119,7962,8483
5182: 5283
9705: 9486,9289,7791,7952,9729
8784: 8844,9988
2767: 9510,2672,9997,2576,2483,2570
9594: 9293,9750,9519,9340
8647: 8712,8444,8373,8888,8710
2770: 2674,2666,2667,2201,2866
2771: 2772,2390,2485
2772: 2771,2870,2485,2964
9490: 6336,6338,9539,9367,6144,6339
8658: 8591,8590,8721,8592,9448,9055
5765: 5664
2776: 2777,2679,2678,2391,2872,2873
2777: 2679,2776,2873,2874
2778: 2681,2680,2584,2679
9832: 9702,9886,9694,9981
6550: 6549,6645,6455
5280: 5480,5380
8502: 8361,8213,8431,8435,8702,8639
6144: 6047,9367,6048,6339,9490,6242
9173: 9171
2785: 2689,2881
9307: 9218,9217,9504,9564,9613,9420
2787: 2884,2691
9416: 73,9345,9775,9329,9565,9272
7122: 7123,7032
2790: 2886,2694,2695,2791,2887
2791: 2887,2888,2695,2790
6078: 6077
2793: 2697,2698,2890
5467: 5267,5366,5466
9102: 9892,9787,8917,9140,9438
5462: 5266,5366,5562,5364,5461,5561
2797: 2893,2702
5904: 6003,5804,5805
2799: 2895,2703,2704,2896,2800
2800: 2896,2704,2799
5825: 5826,5823,5725,5726,5727,5928
2802: 
7360: 7000,7184,7095,7092,7532
5871: 5870,5872,5970
8674: 8542,8675,8734
2806: 2902,2710
9801: 9469,9417,9724,9309,9764
2808: 2713,2712,2904
9624: 2744,2650,9491,2463,9333,9319
9094: 9285,9092,9340,9054,8999,9052
9663: 9758,9918,9879,9962,372,754
4561: 4559,4663,4661
9550: 7532,9458,7007,9354,9499,7098
8873: 8498,8209,9588,8208,8357,9355
2815: 2719,2912
5041: 
5834: 5736,5536,5833,5839
2818: 2723
8393: 8392,8395,8244
5662: 5564,5756,5856,5663
8054: 7563,7813,8208,7562,7646,7974
2822: 
5801: 5901
2824: 2920,2728,2729,2921,2825
2825: 2921,2730,2729,2824,2826
2826: 2827,2730,2825
2827: 2826,2924,2732
10026: 9962,430,319,9946
9837: 9487,9329,9950,9974
2830: 2926,2734
9586: 9281,9843,9674,9956,9856,466
5171: 5272
4888: 4887
7999: 7668,7918,8080,7996,8076,8158
9386: 9712,9359,9952,9544,9778
2836: 3027,2742,2743,3127,3126
8236: 7837,8081,8080,8158,8526,8386
6425: 6514,9908,6419,6418
9525: 7847,9518,9559,7679,9466,7761
2840: 2743,3127,2937,2841,2745,9304
2841: 2937,2840,9304,2938,9679,3131
2842: 2558
7155: 7247,7336,7153,7063,7156,7249
2844: 2942,2747,2846
9780: 9905,1009,9937,1007,9895,9840
2846: 2848,2844
5552: 5849,5350,5653,9968,9909,5249
2848: 2846,2752
9739: 9828,9681,9450,9976
8589: 8521,8523,8452,8654,8656,8590
6335: 6436,6337,9658,6338,6139,9901
2852: 2755,2853
2853: 2852
10002: 9321,9788,9316,9940,9557,9388
9454: 9602,5142,9523,9294,5138,9503
9597: 9582,9396,9425,3835,4036,3938
9737: 9874,9669,9665,1248,1414
2858: 3054,9541,2762,2957
8021: 7783,8252,9989,7942,9993,7450
5587: 5487
2861: 2862,2762
2862: 2861,2865,2762,2674,9595,9605
5196: 5095,5195
9267: 9389,9961,9606,10021
2865: 2962,2862,2674,2866,2867
2866: 2580,2201,2770,2674,2865
2867: 2865
5572: 5573,5571,5472,5672
9161: 8990,8989,9038,9193,9162
2870: 2202,2485,2772,2967,2966
2871: 2968,2872,2967,2392,2391,2202
2872: 2968,2871,2391,2776,2873
2873: 3166,3069,2777,2776,2872
2874: 2777
9729: 9472,9486,9705,10024,9928
8950: 8895,8841,9004,9054,8949,9098
9535: 3052,9351,9555,9541,2761
9254: 9481,9279,1731,1316,9320,9409
2879: 
8495: 8630,8424,9509,9449,8627
2881: 2785
5756: 5564,5662,5561,5562,5754
6130: 5937,6326,6037,9668,9401,6328
2884: 2787,2981
7439: 7175,7526
2886: 2790,2982,2887,2983
2887: 2791,2886,2790,2983
2888: 2791
5363: 5361,5163,5263,5364,5461,5460
2890: 2891,2986,2793,2987
2891: 2890,2987
7398: 7311
2893: 2797
6660: 6564
2895: 2799,2896
2896: 2800,2895,2799
5105: 5104,5106
2898: 
9753: 10031,9714,9779,7342,9768
8412: 8265,8481,8191,8339,8192
2901: 2902,2997
2902: 2806,2901
9372: 9247,616,750,9528,489
2904: 2808
9973: 9728,536,9823
2906: 
9381: 9716,8681,9349,9391,9641,9864
9252: 9290,9478,9355,9588,9593,9622
2909: 2910
2910: 2909,3007
7430: 7161,7609,7162,6979,7518,7691
2912: 2815,3009
6731: 6733,6915,6639,6823,6912
9924: 9731,9859,9816,2366,2273,2460
9764: 9696,9724,9801
6010: 6009,5912,6011
10007: 9205
9665: 9899,9874,9737
9275: 167,9598,9547,46,121
2920: 2824,2921,3016
2921: 2825,2824,2920,3018
5641: 5740
5354: 5453
2924: 2827,2925
2925: 2924,3022
2926: 2830
7039: 7130
2928: 2646,3025
5676: 5774,5775,5675
9542: 1756,9361,9327,9630,1497,1844
8265: 8412,8538,8336,8191,8264,8339
9683: 9842,8175
9864: 9916,9688,9995,9349,9716,9381
9092: 9285,9094,8946,8999,9091,9001
6127: 6126,6226,5931,6028,5936,6128
7655: 7570,7739
2937: 3127,2840,2841,3224,3129,3131
2938: 9704,9679,2841,3036,3230,3131
9424: 3536,9621,9418,9772
2940: 3037,3036,3038,9790,9704,3134
5571: 5472,5572
2942: 2844,2372,2747,2558
6653: 6748
2944: 3041,3137,3235,3234
2945: 3140,3042,3139
8841: 8779,8895,8950,8718,9004,8842
5796: 5697,5895
9734: 9282,9524,9569,4336
8702: 8639,8880,8502,8701,8879
9565: 9487,9329,9416,9515,9806,9272
2951: 2758,2662,2953,3144,3242
8498: 8873,8209,9588,8210,9379
2953: 2473,3144,2951,2662
9724: 9860,9601,9309,9801,9696,9764
8806: 8807,8417,8748,8555,8685,8916
9262: 4030,9935,9569,4132,9328
2957: 2958,3156,2762,3054,3057,2858
2958: 2961,3156,2957,2962,2963
7564: 7649,7565,7478,7563
4621: 4523,4522,4521,4725
2961: 2958,3156,2963,3255
2962: 2865,2958,2963
2963: 2964,2962,2958,2961
2964: 2963,2772
9819: 9748,9972,9500,9399
2966: 2870,3262
2967: 2968,2871,2202,2870,3164
2968: 2872,2871,2967,3166,3264,3164
8708: 8991,8644,8645,8830,8886
7787: 7949,8029,7703,7865,7704,7702
9590: 9804,9337,9366,9248,9441
4743: 4744,4947,4641,4742,4944,4845
2973: 2974,3071
2974: 2973,3071,3072
6063: 6062,5965,5966
7679: 7759,7591,7505,7847,9525,7761
9216: 9238,9033,9237,9640,9120,9217
9691: 9889,9787,9854,9800
2979: 
10005: 9571,9556,9824,9629,9960,9664
2981: 2884,2982,3078
2982: 2886,2981,3079,2983
2983: 3080,2886,2982,2887
9711: 9678,10025
2985: 2986
2986: 2890,2985,3084,2987
2987: 3085,2986,2891,2890,3084
6052: 6055,5956,6056,6148,6051
5647: 5943,5447,5648,5746
5878: 5977
7437: 7349
4485: 4486,4385
9288: 9464,9385,9431,9300
7184: 7000,7360,9406,7181,7697,7779,7532,9458
8686: 8274,8276,8490,8419,8808,8687
9655: 9496,10037,9798,9707,9829,9421
2997: 2901,3095
9484: 9413,9390,9928,9346,9733,9376
5136: 5129,5234,5031,5036,5338
9387: 9243,9501,9242,9507,9548,9558
8709: 8888,8710,8579,8770,9127,8995
9757: 395,9865,9746,9958,9818
5298: 5398
3004: 3101
9985: 9632,9808,9755,10017,10018,9871
9270: 9821,9719,599,467,9830,9276
3007: 3104,2910
5598: 5498,5499,5597,5599,5697,5698
3009: 3106,2912
6118: 6117,6021,6215,6216
9016: 8743,9010,9017,8857
5394: 5294,5393,5395
7102: 7010,7103,7011,7191,7456
6282: 6283,6185,6378
3015: 3016
3016: 2920,3015
8737: 8264,8474,8338,8479,9836
3018: 3116,2921
9640: 9237,9216,9217,9277,9378,9420
5752: 6238,9614,5451,5653
8680: 8616,8343,8741,9625,8908
3022: 3119,2925
8885: 8886,9039,9125,9085,9126
8844: 8784
3025: 3123,3122,2928,2648,3027
9537: 9338,9781,9803,9446
3027: 2836,2648,2742,3123,3025
7238: 7148,7237,7149,7327,7328
7019: 7110,7020,6927
6259: 
7371: 7198,7545
4675: 4574,4573
9625: 8908,9391,8741,8680,9568
5668: 5568
9496: 9655,10037,155,9421,9642,251
3036: 2940,9704,2938,3230,3134,3330
3037: 2940,3038,3134,9516
3038: 2940,3037
8801: 9716,8681,8619,9653,8744
8343: 8616,8680,8120,8197,8271
3041: 3137,2944,3138,3236
3042: 2945,3043
3043: 3042
8970: 8807,9140,8748,8808,8919,9407
3045: 3441,3048,3246
9797: 10000,9689,9489,9462,9799,9331
9065: 9066,9180,9177
3048: 3248,3246,3045
5263: 5364,5064,5363,5163
6554: 
6935: 
3052: 9535,3251,3448,9555,3151,2761
8497: 8282,8496,8631,7973,8356,8565
3054: 3057,3153,2761,2858,2957
8471: 8330,8255
7191: 7279,7368,7099,7190,7102
3057: 3054,3153,3156,2957,3154,3254
7119: 7209,7029,7118,7208
9406: 7000,7184,9540,9512,7181,9967
6829: 7014,7103,7011,6735,6831
5089: 5090,5190
9547: 81,9275,9598,46
9317: 9089,8943,9045,9297,9556,9982
4664: 4665,4663
5604: 5504,5603,5505
6708: 6896,6516,9898
9145: 9177,9180,9179
6973: 6784,6972,7066
3069: 3166,2873,3168
5849: 5551,5350,5653,5552
3071: 3168,3169,2973,2974,3072
3072: 3170,3073,2974,3169,3071
3073: 3170,3072
4510: 4611,4509,4610
5498: 5499,5598,5597,5398
9391: 9625,8908,9641,9568,9349,9381
8590: 8658,8591,8721,8589,8523,8656
3078: 2981,3079,3176
3079: 3080,3176,2982,3078
3080: 3079,2983,3081
3081: 3080,3179
5060: 5062,4858,5159,5361,5163
7298: 7299,7386,7210
3084: 2986,2987,3085
3085: 2987,3084
8649: 8449,8376,8715,8301,8834
9795: 9875,9649,9740,10029
7060: 6969,7150,7059,7152
3089: 3090
3090: 3091,3089
3091: 3090
8161: 8002,8160,8457,7922,8004,8387
3093: 
9409: 9320,9397,9254,1563,1316,1238
3095: 2997
5497: 5398,5597
9283: 9251,9415,9576,1253,1419,1418
3098: 
5272: 5372,5171
9833: 9783,9953
3101: 3004
9939: 9727,9789
5810: 5910
3104: 3007,3202
5957: 5856,5953,5761,6055,5956
3106: 3009,3204
5095: 5196,5195
3108: 3205
9242: 9194,9615,9387,9243,9548
8033: 7954,7876,7956,8261,8333,8110
6410: 6216,6315,6797,6984,6508
8895: 8779,8841,8950,8837,8838,8949
8983: 9032,8821,8874,8984,9033
9341: 9432,9644,9685,6038,9896,9914
8307: 8380,8155,8234,8309,8383
3116: 3018,3117,3213,3214
3117: 3116,3214
4936: 9280,4937,4634,4934,4730,5141
3119: 3022,3216
5754: 9455,5561,5657,9394,5756
3121: 3219,3122
3122: 3123,3025,3219,3121
3123: 3122,3025,3027
5175: 5176
9882: 9895,9840,9745,10008,860
3126: 3222,3321,2836,3127,3224
3127: 2743,2937,2840,2836,3126,3224
8972: 8921
3129: 3224,3226,3227,2937,3130,3131
3130: 3230,3327,3131,3129,3227,3427
3131: 3230,3130,2937,2841,2938,3129
7759: 7591,7675,7679,8005,8004,7761
8168: 8603,8392
3134: 3330,9520,2940,3037,3036
5032: 5037,5031,4934,4929,5027,4927
3136: 3334,9771
3137: 3041,2944,3235,3236
3138: 3238,3139,3236,3041
3139: 3238,3138,3140,2945
3140: 2945,3238,3139
4613: 
9125: 8885,9039,9038,9194,9243,9126
8619: 8621,8805,8681,8801,8744,8683
3144: 2953,2473,3145,2951,3242,3342
3145: 2473,3144,3342,3340
4475: 
8656: 8654,8655,8718,8589,8590,8721
4513: 4514
9676: 563,9991,9468,9439
9717: 9709,9645,9700,1995,1820
3151: 3347,3052,3448,3349
9032: 8983,9157,9033,9237,9292
3153: 3054,3057,2761,3251,3351,3154
3154: 3351,3450,3057,3153,3254,3451
9883: 339,9657,449,9969,9853
3156: 2958,2961,2957,3057,3254,3255
5750: 6043,6041,5550,5349,5650
8352: 8205,8278,8688,8625,8425
9419: 9260,9628,8455,9284,9904
7123: 7033,7032,7122
5898: 5997
6902: 6994,6622,6993
8303: 8228,8304,8227,8301,8376
3164: 3263,3264,3262,2968,2967
5620: 5520,5621,5720
3166: 3069,2873,2968,3264
7411: 7670,7587
3168: 3169,3071,3069
3169: 3168,3071,3170,3072
3170: 3072,3073,3169,3269
6269: 6172
7617: 7452,7780,7275,7618,8020
9549: 9968,10018,9755,9909
3174: 
6831: 6829,7014,6832
3176: 3079,3078,3275
7582: 7581,7667,7750
5333: 5436,5332,5335,9562,5341,5230
3179: 3278,3081
5190: 5090,5089
3181: 3280,3279
8888: 8709,8710,8647,8712,8995,9045
9516: 9990,9713,9771,3037,9520
3184: 3282
3185: 3284
6519: 6426,6520,6804
6099: 6098,6196,6001
5536: 5535,5736,5834,5337
9955: 3635,9935,3733,9876,9922,9814
9410: 9578,9311,9533,9394,9455
6773: 6867
9907: 426,370,9793,9782,10040,368
8419: 8347,8748,8555,8808,8686
9246: 1566,9443,9296,9335,9761,9709
8813: 8562,8869,8976
7765: 7425,8170,7929,7340
4548: 4345,4445,4448,4553
4508: 4509
4883: 4882
3200: 
4577: 
3202: 3301,3104
9515: 450,509,9806,9565,233,9272
3204: 3106,3205
3205: 3304,3108,3204
9703: 9523,9294,9348,10025
3207: 3305
9776: 9792,9873,10006,9964,9817
3209: 3210,3307
3210: 3209,3211
3211: 3210
4811: 4710
3213: 3312,3116,3214
3214: 3116,3117,3312,3213
6855: 
3216: 3119,3314
9664: 9318,9960,10005,9824
5603: 5604,5504
3219: 3121,3122,3317
5408: 5307,5308,5508
6954: 6862
3222: 3126,3321
6499: 6403
3224: 3129,3226,3127,2937,3126,3321
6391: 
3226: 3224,3129,3227,3321,3421,3423
3227: 3129,3226,3130,3425,3423,3427
9017: 8960,8861,8743,9016
7169: 7259,7170,7079,7258
3230: 3327,3130,3131,2938,3036,3330
9920: 9650,9943,9839,9529,10042
6047: 9367,6048,6144,9578,5951,5953
4856: 4957,4855,4757,4858
3234: 3334,2944,3235
3235: 3137,2944,3334,3234
3236: 3238,3138,3041,3137
9301: 9561,7696,9667,7091,9603,7178
3238: 3138,3139,3236,3140
3239: 10038,3434,3533,3634,9966
7161: 9627,7609,7430,7162,6978,7070
9279: 9481,9254,9250,9320,1488
3242: 2951,3144,3342
4710: 4811,4709
9482: 9352,10013,9408,9574
8439: 8507,8142,8707,8064,8143,8219
3246: 3048,3248,3045,3441,3345,3540
5817: 5818,5816,5916,5917
3248: 3048,3246,3345
5054: 5154,4852,5055,5258,5157,5256
7349: 7437,7348
3251: 3052,3448,3153,2761,3449,3351
5209: 5108
9741: 939,938,1014
3254: 3355,3451,3255,3057,3156,3154
3255: 3254,3355,2961,3156,3257
5978: 5977,6173
3257: 3555,3355,3255
10033: 2580,2201,9675,9659,9463,9619
8347: 8419,8555
5331: 5230,5329,5430,5332,5528,5630
6979: 6888,7163,6699,7162,7430,7518
3262: 3263,3164,2966
3263: 3264,3164,3262,3363,3460
3264: 3263,3164,2968,3166,3363
6648: 6552,6647
8210: 8134,8498,9379,8211,8358
9698: 9969,9853,9440,9804
9841: 2752,9654,2657,2658
3269: 3367,3170,3270
3270: 3269
3271: 
9382: 9399,868,9255,9500,724,9637
4852: 5154,5054,4950,4849,5055,4954
9130: 9894,9600,9085,8830,9127,8886
3275: 3374,3176,3373
7494: 7581
9684: 9494,9417
3278: 3179,3279
3279: 3280,3181,3278
3280: 3181,3279
9355: 8357,8565,8873,9588,9478,9252
3282: 3184,3380
6624: 6904,6813,6720
3284: 3383,3285,3185
3285: 3383,3284,3286
3286: 3385,3285
9362: 9377,7085,9529
5335: 5333,5436,9562,5337,9249
3289: 3386
6969: 7060,6970,7062
9081: 9160,8880,8881,9037,8987
3292: 
7302: 7389,7390
3294: 3295
3295: 3294
4658: 4660,4457,4555,4655,4757
3297: 
9474: 405,9948
7811: 7646,7974,7973,8356
4611: 4510,4610
3301: 3202,3399,3400
5816: 5817,5916
9884: 9603,9667,9848
3304: 3205,3305,3403
3305: 3304,3403,3207,3404
8065: 8143,8066,8144,7905
3307: 3209,3406
6769: 6768,6862
8886: 8885,8708,8830,9130,9085
9533: 5755,5359,9394,9410
5295: 5395,5194,5195,5294
3312: 3213,3214
9039: 8885,9125,8991,8990,9038
3314: 3216,3412
9079: 9120,8701,8878,8879,9080,9238
3316: 3317
3317: 3316,3219
9400: 9531,9785,7680,7336,9518,9559
5215: 5115,5214
4605: 4606,4504,4604,4707
3321: 3126,3222,3224,3226,3421
9633: 4630,4836,9392,9483,9459,9670
7401: 7402,7314,7400,7488
8101: 8026,8178
8770: 8645,8579,8369,8830,9127,8709
5341: 5338,5343,5234,5230,5333,9562
3327: 3230,3130,3333,3330,3427,3430
9440: 289,9339,9969,9698,9337,9804
7098: 7276,7275,9550,7008,7007,9499
3330: 3333,3134,3036,3230,3327
9893: 9437,9336,9692,9786
7109: 
3333: 3330,9520,3327,3430,3530,3431
3334: 3234,3136,3235
3335: 3434,3729,9957,9713,3530,3531
7355: 7181,9967,9805,7696,7859,7697
9627: 7161,7609,7070,9639,9636,7434
9539: 5852,5454,9311,9490,9367
3339: 9621,9756,3444,3536
3340: 3145,3342,9891
8097: 8096,9842,8175
3342: 3144,3145,3242,3340
9579: 9572,9327,1841,9609,1842,1582
5436: 5333,5332,5335,5533,5434
3345: 3639,3445,3540,3248,3246
8695: 8567,9835,8632,9738,8978,9070
3347: 3151,3445,3349,3643
6823: 6639,6448,6637,6911,6912,6731
3349: 3641,3643,3151,3347,3448,3545
6910: 6821,6911,6724,7001,7002
3351: 3450,3154,3251,3153,3449,3646
5145: 5251,9350,5148,9604,5247
6209: 6307
6336: 9490,6338,6139,9265,6140
3355: 3254,3451,3255,3257,3555,3452
9799: 9599,9522,9887,9797,9689,9331
7769: 7936,7850,8171,7770,7771
9688: 9864,9916,9423,9349
9891: 10011,3441,3340
9128: 9318,9960,9894,9085,9126,9501
9983: 9100,9012,9059
9689: 9797,10000,9838,9866,9799,9887
3363: 3364,3263,3264
3364: 3363
6138: 6618
6482: 6387,6483
3367: 3269
9715: 9296,9722,1483,9902,9903
9971: 10043,9368,9596,9930
4539: 4642,4438,9498,9538,4641
8425: 8630,8424,8205,8352,8426,8625
3372: 3470,3471,3373
3373: 3275,3374,3372,3471
3374: 3275,3373,3473
6906: 6531,6626
9120: 9079,8878,8984,9238,9033,9216
6077: 6078
4574: 4573,4675
9371: 670,358,9421,9427,9642
3380: 3282
4509: 4508,4610,4510
3382: 3480,3383
3383: 3284,3285,3382,3482
5250: 5451,5352,9350,9404,5249
3385: 3286,3583,3483
3386: 3289,3485
9702: 9836,9886,9832,9587,9981
7095: 7003,7092,7360,7532,7007,6916
7405: 7318
9477: 9290,9467,8426,8630,9509,9453
9639: 7070,7252,7160,9627,9299,9636
6871: 6964
8807: 8917,8806,9140,8970,8748,8916
6308: 6405,6307
6347: 6058,6155,6441,6348,6632,6537
8675: 8544,8676,8542,8674
3397: 
8080: 7999,7918,8236,7837,8158
3399: 3497,3301,3400
3400: 3301,3399
7563: 8054,7813,7562,7564
9816: 9731,9924,2460,2371
3403: 3305,3304,3404
3404: 3305,3403
6711: 6712,6805,6617
3406: 3307,3504
4725: 4823,4826,4621,4626,4729
8397: 8093,8013
7001: 7000,9512,6910,7002,7092
5062: 5060,4858,4964,5163
7791: 7455,7625,7792,7952,9705
3412: 3314,3511
9575: 6888,7163,9384,9511,9860,9601
4915: 5015
7041: 
7757: 7922,7839,7673,7503,7756,7675
3417: 3516
9306: 5948,9265,6238,9614,9305,9471
8221: 8219,8440,8368,8144,8296,8145
10001: 10010,2204,9822,2111,9662
3421: 3519,3321,3226,3423
5348: 5349,5350
3423: 3425,3521,3226,3227,3421,3519
9428: 763,9611,9324,9527,501,9566
3425: 3423,3521,3227,3427,3527,3526
9238: 9216,9120,9079,9080,9218,9217
3427: 3430,3527,3227,3327,3130,3425
4865: 
7258: 7079,7259,7169
3430: 3427,3627,3327,3333,3431
3431: 3530,3628,3531,3333,3627,3430
9982: 9132,10003,9089,9317,9571,9556
5192: 5092,5091
3434: 3335,3729,9957,3239,10038,3533
5564: 5466,5662,5756,5664,5663
9522: 9799,9599,4338,9331,9513,9498,4438
6037: 5933,5839,9784,9668,5937,6130
9744: 9912,10036,9932,9621,9756
9559: 9518,9525,9531,9400,9466,9457
9868: 4942
3441: 3045,3246,10011,9891,3540
4638: 4637,4739,4839
9949: 9888,9682,9931,2196,2014
3444: 3641,3643,3836,3339,3837
3445: 3639,3345,3347,3836,3643
9817: 6433,9725,9975,9776,10006,6531
7396: 7309
3448: 3052,3251,3151,3349,3449,3545
3449: 3646,3743,3545,3251,3448,3351
3450: 3351,3154,3646,3451,3550
3451: 3254,3355,3450,3154,3550,3452
3452: 3552,3551,3355,3451,3555,3550
8171: 7932,7769,7770
9960: 9318,9128,9664,9894,9629,10005
8479: 8406,8614,9694,8338,8737,9886
7487: 7400,7488
9752: 9132,10003,9046,8945,9762,9857
3458: 3557,3558
5633: 5931,5930,5632,5533,5833
3460: 3559,3263
4902: 
6032: 5637,5736,5839,9861,9784
7756: 7587,7413,7673,7757,7839
3464: 3564
8519: 8654,8716
9844: 9984,9681
3467: 
5895: 5796,5894
8296: 8145,8222,8221,8440,8369
3470: 3372,3471,3569
3471: 3571,3372,3470,3373
9461: 9263,365,484,9393
3473: 3572,3374
9829: 9707,9760,9736,9655,9798
9347: 9314,10015,9763,9989
3476: 3477
3477: 3476,3577
6265: 6266,6264
9412: 9352,10013,9723,9258,9573
3480: 3382
6683: 6588,6682
3482: 3383,3483
3483: 3583,3385,3482
3484: 
3485: 3386
3486: 3487,3586
3487: 3486,3586
6970: 7062,6972,6969
3489: 3589
5194: 5093,5195,5294,5295
3491: 
9712: 9386,9359,9505,9395
8625: 8688,8560,8867,8352,8424,8425
5466: 5564,5366,5562,5467
9268: 9536,774,9493,917,9577,1067,845
5907: 
3497: 3399
8661: 9617,8592,9284,8593,9649
6983: 7075,6982,7073,7164
5928: 5929,5926,5829,5727,5826,5825
6926: 6927
3502: 3503
3503: 3502,3504
3504: 3406,3503
8116: 7958,7879,8483,8192,8550
3506: 3606,3605
9219: 9239,9560,9122,9160,9193,9504
5960: 5959,5958,5961,6058
8142: 8507,8439,7903,8064,8292
9449: 9509,9303,8495,8562,9885
3511: 3412,3611
6978: 7162,6886,6695,6884,7070,7161
3513: 3514
3514: 3513
8704: 8881,8824,8703,8365,8766
3516: 3417,3517
3517: 3516
7353: 7352,7175,7440
3519: 3421,3423,3521
8225: 8373,8150,8444,8372
3521: 3425,3423,3519,3522
3522: 3820,3722,3521,3526
9280: 4936,4937,9877,9266,9602,5141
5995: 6093
6672: 6671,6576,6767
3526: 3625,3624,3425,3527,3522,3722
3527: 3427,3627,3425,3625,3526
9404: 9909,5249,9632,9755,9350,5250
8712: 8647,8834,8888,9045,8943
3530: 3531,3431,3333,9520,9713,3335
3531: 3530,3628,3431,3335,3729,3728
9284: 8455,8593,9419,9904,9649,8661
3533: 3734,3731,3634,3434,3729,3239
9401: 9979,6328,9911,9668,6130,6038
5709: 5708,5807,5609,5710
3536: 9424,3339,3837,9374
8435: 8363,8216,8703,8213,8502,8639
6837: 6744,6930
9077: 9119,9976,9071,9235,8928,8980
3540: 3639,3345,3441,3246,10011
9660: 10043,9368,9444,9584,9767,9661
7451: 7452,7539,7780,7624,7707,7450
9996: 9858,9794
9742: 2570,9997,9862,9671
3545: 3449,3743,3448,3349,3641,3742
4610: 4509,4510,4611
7558: 7557,7472
4872: 4871,4771
8271: 8197,8273,8343,8485,8346
3550: 3847,3450,3451,3452,3551
3551: 3452,3849,3847,3550,3947
3552: 3452,3651,3555
6528: 6720,7083
9916: 9864,9688,9995
3555: 3257,3355,3452,3552
5943: 5647,5746
3557: 3656,3458,3558
3558: 3458,3557
3559: 3460
9710: 9848,10019,9936,9695
3561: 
9834: 9693,9620,9375,9947
9825: 9328,9814,9897,10028
3564: 3663,3464,3664
7062: 6970,6972,6969,7063,7152
9434: 7936,9447,9373,7771,7935
5407: 
7946: 8026,7945,7947
3569: 3470,3668
5648: 5447,5548,5647,5746,5846
3571: 3471,3572,3670
3572: 3473,3571
8550: 8483,8192,8741,8679,8116
9930: 9919,9926,9971,10043
8475: 8477,8478
8262: 8110,8189,8336,9346,8261,9376
3577: 3578,3477
3578: 3678,3577
7958: 7880,7879,8116,7956
9551: 801,9257,593,9612,9405,872
9754: 9835,9852,9303,9885,9738,9846
8634: 8567,8499,8361,8636,9070,8820
3583: 3483,3385
9927: 9966,9978,3634,3635,9766,9876
9794: 9673,9811,9858,9996
3586: 3686,3487,3486
9091: 9001,8946,9092,9170
8069: 7909,8372,8298
3589: 3489
8639: 8702,8435,8703,8502
3591: 
5583: 5584,5683
3593: 3693
5287: 5186,5286,5387
4909: 5010,5110,5009
7380: 7467
7914: 7750,7996,7832,7913,8075
9282: 9524,9459,9734,9521,9483
9383: 9589,9326
3600: 
6474: 6378
4448: 4453,4553,4450,4349,4345,4548
4480: 4580,4481
9682: 9888,9949,2383
3605: 3506,3606
3606: 3607,3506,3605
3607: 3606,3707
7552: 
3609: 
5724: 5922,5723,5624,5725,5823
3611: 3511
3612: 3712,3711
6640: 6641,6639,6733,6735
9896: 9341,9644,9914,9906,10020
3615: 3714,3715
9696: 9764,9860,9724,7518,7081
4950: 5154,4852,4849,4949,5051,5052
8074: 7913,8154,8075,7993,8152,8153
6180: 6278
9441: 707,9590,9248,514
9845: 9970,9862,9479,9286,9411
8061: 7901,7902,7818,8291
5323: 5322
3624: 3625,3925,3526,3722,3822
3625: 3624,3526,3627,3527,3727
9670: 9751,9959,9459,4836,9633
3627: 3430,3527,3628,3431,3625
3628: 3531,3431,3627,3727,3728
6155: 6058,6347,6441,6056,5959,6249
5338: 5343,5138,5341,5036,5136,5234
5889: 5789
9111: 8921
6086: 6183,6085
3634: 3734,3533,3239,9966,9927,3635
3635: 3733,9955,3734,3634,9927,9876
9970: 9845,9862,9671
9074: 9029,9214,9072
9815: 10041,9990,9771
3639: 3345,3445,3540,9932,3836
6337: 6436,9658,6335,6244,9872,6437
3641: 3349,3643,3742,3444,3545,3837
8081: 8236,7837,7921,8002,8160,8386
3643: 3349,3641,3444,3445,3347,3836
7435: 7348,7259
4979: 4978
3646: 3449,3743,3351,3450,3842
9685: 9341,9432,9278,9908,9847,9914
3648: 3942,3842
8729: 8791,9505,8663,8792,8790,9359
5472: 5571,5372,5572
3651: 3552,3849,3850,3755
9798: 9655,10037,9781,9829
8794: 
7152: 7331,7241,7060,7062
6622: 6902,6993,6716
3656: 3557,3755
3657: 
9836: 9702,9886,8737,8339,9587
9746: 514,9298,9380,9757,9958
8197: 8273,8271,8120,8121,8044,8343
3661: 
7668: 7999,7918,7667,7996
3663: 3564,3664,3763
3664: 3665,3564,3663,3763,3764
3665: 3664,3666,3765,3764
3666: 3665,3765
5657: 5461,5561,5460,9394,5755,5754
3668: 3569
9865: 641,9757,9818
3670: 3571
7368: 7279,7191,7542,7456,7455,7792
5609: 5509,5708,5709
8676: 8544,8675,8477,8677
3674: 3773,3675,3774
3675: 3774,3674
8153: 8230,8231,8152,8154,8074,8229
5384: 
3678: 3777,3578,3778
8252: 7783,8021,9989,9314,7704,9687
3680: 3779,3780
6916: 7008,7007,7095,7009,6917
10008: 9745,9840,9882
3683: 3684,3782,3783
3684: 3683,3783
7680: 7331,7336,7153,7419,9518,9400
3686: 3586,3786
8318: 8242,8463
6475: 
6433: 9817,9725,6531
9879: 9946,9414,9962,9918,9663
6531: 6627,6433,9817,6906
8812: 9069,8868
3693: 3792,3593
9398: 9810,9244,9659,9476,9463,9325
7837: 8236,8081,7836,7921,8080
8980: 8981,9071,9119,9077
8241: 8165,8008,8462,7763,8163,8599
9976: 9119,9077,9235,9450,9739
9479: 9532,9286,9845,9595,9605,9411
3700: 3701,3799
3701: 3702,3700
3702: 3701
7292: 7293
9310: 7859,7697,9458,9643,9508,9354
7992: 7993,8152,7911,8227,8228
6043: 6041,5750,5650
3707: 3806,3607
6637: 6821,6911,6541,6448,6823
9531: 9400,9785,9559,9457
5999: 5901
3711: 3712,3612,3810
3712: 3713,3612,3711,3812
3713: 3712,3714,3812,3813
3714: 3715,3615,3713,3813
3715: 3714,3615,3817
4495: 4494,4596
3717: 3817,3818
8694: 8426,8496,8631,8205,9467
8544: 8676,8675,8477,8542
7890: 8496
6930: 7022,6931,6837
3722: 3522,3820,3624,3526,3821,3822
5632: 5533,5434,5828,5829,5930,5633
4821: 4719,4720,4823,4825,4922
3725: 3727,3826
8463: 8603,8318,8242,8667
3727: 3829,3826,3728,3628,3625,3725
3728: 3727,3829,3628,3531,3729,3731
3729: 3335,3434,3531,3728,3533,3731
9918: 9758,9295,9663,9528,9879,9414
3731: 3734,3533,3932,3729,3829,3728
7832: 7831,7750,7914,7913
3733: 3635,9935,9955,3734,3932,3833
3734: 3533,3731,3932,3634,3635,3733
9540: 9435,9647,9512,9543,9967,9406
9285: 9092,9094,9519,9340,9001
8483: 8550,8741,7879,8116,8119,8616
9577: 9358,9493,9298,9380,9536,9268
6418: 6799,6703,6607,6514,6425,6705
8707: 8507,8439,8219,8368,8767,8769
3741: 3842,3838,3835,3742,3743,3839
3742: 3641,3743,3545,3837,3839,3741
3743: 3449,3646,3545,3742,3842,3741
4742: 9573,5044,9538,4641,4743,4944
7299: 7298,7386,7300
9699: 9791,9950,9775
7417: 7328,7505,7241,7419,7847
4566: 4565,4667
7460: 7373,7630,7199,7198,7545
6206: 
7128: 7217,7037,7127
5847: 5650,5649,9680
9921: 9890,9897,9922
7142: 7141,7231
3755: 3856,3956,3651,3656
6749: 6748,6843
10042: 9920,9839
9380: 9298,9746,848,9958,9358,9577
3759: 3859,3860
8273: 8197,8271,8274,8199,8346
8905: 8904
8255: 8470,8253,8179,8471
3763: 3663,3664,3764
3764: 3765,3664,3665,3763
3765: 3764,3665,3666
9300: 9315,9431,9288,9385,9370,9526
10015: 9347,9314,9783
9544: 8601,9952,8730,8792,9386,9359
9311: 9578,9410,9539,5852,9367
5968: 5870,6065
3771: 3772
3772: 3773,3771,3873
3773: 3772,3674,3774,3873,3874
3774: 3675,3674,3773,3874
4737: 4837,4838,4736,4637
3776: 3777
3777: 3678,3776,3778
3778: 3678,3777,3779
3779: 3778,3680,3780
3780: 3680,3779
9438: 9767,9661,9854,9787,9102
3782: 3883,3683,3783
3783: 3683,3684,3883,3782
9572: 9327,9630,9579,9986,9609
5426: 5328,5430
3786: 3686,3787
3787: 3788,3786,3888
3788: 3787,3789,3888,3889
3789: 3788,3889
10037: 9655,9496,9798,9781,9803,155
6121: 6022,6219,5826,5926,6122
3792: 3693
6912: 7003,7002,6911,6823,6731,6915
8834: 8712,8649,8715,8714,8943
3795: 
9557: 716,9470,9316,10002,9365,9388
5359: 9533,5755,5256,5259,5258
10039: 9727,9571,9824,10003,9789,9762
3799: 3900,3700
5841: 
9827: 9610,9546,9811,9749,9858
9783: 9833,9314,10015,9687,9953
3803: 3903,3904
9843: 9770,9281,9586,9934,9856
3805: 
3806: 3707
5837: 5639,5543,5637
3808: 3809,3908
3809: 3808
3810: 3711
7319: 7318,7231
3812: 3712,3713,3813
3813: 3713,3714,3812
8002: 8161,8160,7921,7922,7839,8081
8357: 8356,8565,9355,7974,8208,8873
7266: 7265,7442,7354
3817: 3717,3818,3715
3818: 3817,3717,3820,3819
3819: 4021,3821,3818,3820
3820: 3522,3722,3818,3821,3819
3821: 4021,3819,3820,3722,3922,3822
3822: 3922,3928,3722,3624,3925,3821
9623: 9616,9628,8594,8727,8662,9260
9336: 9437,9893,9592,9692,9097,9005
6541: 6447,6350,6820,6821,6637
3826: 3727,3829,3725,3925,3927,3929
6917: 7009,7010,6920,6915,6916
9990: 9516,9713,9771,10041,9815,9957
3829: 3727,3826,3728,3731,3932,3929
9662: 2205,1747,10001,9822
8064: 7903,8143,8439,8142
9501: 9387,9243,9126,9318,9128,9558
3833: 3733
3834: 4134
3835: 3741,3838,3839,9425,9597,3938
3836: 9756,3639,3445,3643,3444
3837: 3839,9374,3641,3742,3444,3536
3838: 3842,3741,3835,3942,3940,3938
3839: 3837,9374,9425,3742,3741,3835
9672: 9507,9548,9863,9673
5153: 5253,5151,5252,5051,5355,5052
3842: 3741,3838,3646,3743,3648,3942
9713: 9990,9516,9520,3530,3335,9957
8229: 8228,8304,8152,8230,8153,8378
5726: 5725,5528,5727,5825
9599: 9799,9522,9887,9646,9513
3847: 3550,3942,3551,3947,4044
6278: 6180
3849: 3651,3551,3947,3850,3949
3850: 3950,3949,3651,3849,3952
5680: 5581
5453: 5354,5353,5452,5253,5948,6140
6735: 6640,6733,6829
8155: 8076,8234,8154,8231,8307
7289: 7377,7200,7290
3856: 3755,3956,3857,3957
3857: 3858,3957,3856,4058
3858: 3857,3859,3959
3859: 3959,3759,3858,3860
3860: 3859,3759
6405: 6308
8298: 8513,8372,8069,8222
8824: 8881,8704,9037,8766,8705,8882
6892: 6894,9511,9475,6605,6510,6703
7127: 7216,7128,7217,7037
7600: 7599,7601,7515,7516,7602
3867: 3967
9507: 9672,9548,9387,9802,9558
7548: 7462,7631,7796,7550,7877
9160: 9081,9193,9122,8987,9219
7550: 7548,7464
4526: 4323,4322,4427,4423,4525,4529
3873: 3874,3772,3773
3874: 3873,3773,3774
7117: 7118,7207,7026,7027
7481: 
7210: 7209,7298
3878: 
9367: 6047,6144,9539,9578,9311,9490
4887: 4888
9298: 9380,9746,9536,9577
6564: 6660
3883: 3983,3782,3783
9566: 9445,9315,9431,9428,9611,9324
4639: 
8966: 9011,8964
9887: 9799,9599,9866,9689,9646,10027
3888: 3989,3988,3788,3787,3889
3889: 3990,3788,3789,3989,3888
9070: 8978,8821,8820,8567,8695,8634
3891: 3991
9629: 9297,9894,9600,9960,9556,10005
6514: 6706,9908,6425,6418,6705
9944: 9695,9690,9763,10034,9993,9465
5413: 5312,5313,5513
4998: 4997,4897
3897: 3997,3898,3998
3898: 3897,3998
5725: 5726,5624,5724,5825,5823
3900: 3799,4000,3901
3901: 4002,3900
4799: 4699,4900
3903: 3904,4004,3803
3904: 3903,4004,3803
6964: 6871,7055
10017: 9574,9871,9808,9985
3907: 3908
3908: 3808,3907
6848: 6941,6849
6460: 
7268: 7777,7176,7179
6662: 6567
6055: 6052,5956,6056,5957,5958
7011: 6829,7103,6920,7010,7102
3915: 
5151: 5153,5252,5051,5150,5148
5148: 5145,5047,5247,5150,5151
9987: 9232
9638: 9607,9308,9377,9529,9943,9435
6763: 6669
5300: 5400,5200,5299
3922: 3928,3822,4332,3821,4123
8710: 8709,8888,8444,8513,8579,8647
5807: 5708,5709
3925: 3624,3826,3928,3822,3927
4736: 4737,4837,4939
3927: 3929,4030,3925,3826,3928,4029
3928: 3922,3822,4332,4029,3925,3927
3929: 3927,4030,3829,3826,3932
8805: 8685,8621,8619,8916,8683,9018
9871: 10018,9820,10017,9985
3932: 3734,3731,3829,3929,3733
9389: 9267,9961,9606,2272,9554
3934: 3935,4236
3935: 3934
3936: 4040,4139,9591,4036
7880: 7958,7879,7876,7956,7877,7962
3938: 3940,4036,3838,3835,9597
6781: 
3940: 3938,3838,3942,4044,4041
9687: 7865,7704,9953,9314,8252,9783
3942: 3648,3847,3842,3838,3940,4044
5163: 5361,5363,5062,5060,5263
4739: 4638,4839,4941,4840
7425: 7765,8170,7428
3946: 3947,4044,4041,3949,4049,4242
3947: 3946,4044,3847,3551,3849,3949
7775: 7772,7602,7601,7850,7936,9447
3949: 3850,3950,4049,3849,3946,3947
3950: 3850,3949,4049,3952,3951,4053
3951: 4053,4146,3950,4049,4045
3952: 3956,3850,3950,4053,3953
3953: 4057,4054,3956,3952,4053
4969: 4968,5069,5070
4873: 
3956: 3755,3856,3952,3957,3953
3957: 3857,3856,3956,4057,4058
9853: 9969,9698,9883,9657
3959: 3859,3858,4058,4060
8837: 9046,8838,8895,8947,8949
9098: 9097,9005,9052,8950,9004,9054
3962: 4063
9923: 9933,9589,9809
3964: 
9580: 9369,9323,9393,10040,9460,9626
6001: 5902,6098,6099
3967: 4068,3867
8596: 8527,8662,8663,8457,8790
3969: 4069
4700: 4699
3971: 4072
7934: 7770,8013,7771,8015,7935
5180: 5281
7331: 7152,7241,7680,7153,7419
4715: 4716,4815
4957: 4856,4855,5055,4955,5157
8440: 8221,8368,8296,8644,8645,8369
9527: 9428,9324,383,9473,9439,501
9637: 794,724,9255,9382,9251,9415
3980: 3981,4081
3981: 3980,4081
3982: 4083,3983
3983: 3883,4083,3982
8627: 8562,8495,8424,8811
9445: 9287,9566,9315,9611,9322,329
3986: 4087
9257: 9551,9770,9281,593,594,9612
3988: 3989,3888
3989: 3888,3988,3889,3990,4090
3990: 3889,3991,3989
3991: 3990,3891
5387: 5286,5287,5487
3993: 4094,4093,3994
3994: 4094,3993
9673: 9794,9863,9811,9672
6128: 5937,6326,6227,5936,6127,6226
3997: 3897,3998
3998: 3997,3897,3898
9606: 2182,2002,9389,9267
4000: 3900,4100
5123: 5224,5023,5124
4002: 3901
6264: 6265
4004: 3903,3904,4104
9024: 9069,8868,8921
4006: 4007
4007: 4108,4006
5352: 5451,5250,5251,5353,5452
7921: 7838,7839,7837,8081,8002
4010: 
4927: 5027,4825,4826,4929,5032
8808: 8748,8419,8686,8687,8866,8919,8970
4013: 
5372: 5272,5472
6894: 6892,9511,6799,6703,9601,9309
5910: 5810,6009
4661: 4559,4561,4660
9423: 9568,8799,9349,8480,9688
5973: 
9992: 10035,9941,9867,9792
4021: 3821,3819,4123,4122
5630: 5528,5331,5332,5434
5051: 4949,5150,4950,5153,5151,5052
10030: 9789,9762,9857
8718: 8655,8656,8721,8779,8841,8842
8205: 8352,8426,8694,8425
6280: 6183,6376
7181: 7355,9967,7184,9406,7697
4029: 3928,4332,3927,4030,4232,4132
4030: 3927,3929,9262,4029,4132
4949: 4845,5051,5150,4947,4950,4849
9812: 9264,9291,9743,9514,9980
6358: 6262,6357,6359
8947: 9857,8946,8837,9046,8999,8949
4769: 4871
4036: 3938,9582,9597,3936
9934: 869,9856,9843
9786: 9692,9893,9293
4427: 4323,4526,4331,9269,9392,4529
4040: 3936,4139,4041,4242,4141
4041: 3946,4044,3940,4040,4242
9126: 9243,9501,8885,9125,9085,9128
7557: 7641,7558,7470
4044: 3946,3947,4041,3847,3942,3940
4045: 4242,4141,4343,4049,3951,4146
8766: 8365,8292,8507,8704,8824,8705
4849: 4852,4950,4947,4954,4747,4949
9330: 9313,9370,9526,9570,9506,9433
4049: 3950,3949,3946,4242,4045,3951
6605: 6414,6510,6412,6892,9475
8444: 8513,8372,8373,8225,8710,8647
5966: 5868,5965,6063
4053: 3951,3950,3952,3953,4054
4054: 4157,3953,4053,4155,4156
8216: 8363,8435,8703,8291,8365
9823: 535,9728,9973,9769,475,602
4057: 4157,3953,3957
4058: 3857,3957,3959
8999: 9054,8949,8946,8947,9092,9094
4060: 3959
8716: 8776,8587,8449,8715,8450,8654,8519
8044: 7884,8121,7965,8197,8199
4063: 4164,3962
4709: 4809,4710
4900: 4799
7033: 7123,7032,6941
9170: 9049,9091,9001
4068: 4168,3967,4069,4169
4069: 4169,3969,4068
8911: 9060,8962,9011
7110: 7020,7019,7199,7200
4072: 4073,4173,3971
4073: 4072,4173,4074
4074: 4073
6450: 6356,6448
10020: 9896,9906
5499: 5498,5598,5400,5599
4078: 4179
9803: 155,157,9446,9781,9537,10037
6931: 7022,6930,7023,6932
4081: 3980,3981
8962: 9060,8857,9010,8911
4083: 3982,3983
7942: 8020,9993,7780,8021,7450
4085: 
9604: 5145,9350,9302,5247,9632,9808
4087: 3986
4744: 4947,4641,4743,4642,4645,4747
9763: 9944,9690,9993,9347,9989
4090: 4190,3989
5454: 9539,5852,5455,6140
10003: 9132,9752,9982,9571,10039,9762
4093: 4094,3993
4094: 4093,3993,3994
8163: 8389,8084,8599,8006,7763,8241
4096: 4197,4196
9509: 9303,9453,9449,9477,8630,8495
4582: 4481,4683
8738: 9981
4100: 4000,4201
9430: 513,704,9248,9366,341,9259
4457: 4660,4658,4555,4455,4559
9901: 10035,9305,9941,6139,9658,6335
4104: 4004
9822: 10001,10010,9662,9810
9508: 9643,9936,9561,9310,7859,10019
7275: 7276,7098,7618,9499,7617
4108: 4007
9626: 368,424,9369,9580,10040,366
7735: 7819,7899
7650: 7733,7649,7565
7602: 7772,7775,7516,7600,7601
4113: 
4114: 
4115: 4216,4117
9470: 926,716,9557,785,9316
4117: 4115,4118,4218,4318
4118: 4320,4218,4117,4120
4527: 4626,4525,4529,4634,4630
4120: 4328,4122,4320,4118,4323,4322
10040: 9580,9460,9782,9907,368,9626
4122: 4328,4120,4021,4123
4123: 4021,3922,4328,4122,4329
9335: 9296,9722,9246,9709,9645,9813
9287: 9445,9315,9313,9526,9322,9403
4699: 4799,4700
4522: 4422,4319,4423,4521,4523,4621
9506: 384,835,9330,9570,9433
6385: 6481,6480
9568: 9423,9349,8679,9625,9391
4131: 4234
4132: 9569,4336,4029,4030,9262,4232
9651: 9963,9942,9831
4134: 3834
6193: 6290,6291
4479: 4478,4579,4379
7413: 7325,7673,7587,7756
9919: 9930,9926,9889
4139: 4040,3936,9442,4239,9591,4141
9935: 3733,9955,9262,9328,9814
4141: 4242,4045,4343,4040,4139,4239
5678: 5776,5578
7147: 7148
5349: 5348,5551,6041,5750,5848
4837: 4737,4838,4736
4146: 3951,4045,4347,4255,4155
5639: 5837,9701,5540,5543,5640
9704: 2938,9679,9796,9790,2940,3036
7952: 7627,7792,7791,7711,9289,9705
7199: 7198,7110,7460,7200
8004: 7759,7675,8005,7922,8161,8387
8867: 8688,8625,8560,8866,9019,9563
5283: 5383,5182
5942: 5746,5846
4155: 4256,4255,4146,4054,4156
4156: 4258,4157,4054,4256,4155
4157: 4057,4054,4258,4156
9897: 9890,9921,10028,9922,9814,9825
8264: 8737,8339,8474,8538,8265
9435: 9540,9647,9638,9308,9943,9543
9767: 9438,9661,9854,9926,10043,9660
7945: 8026,7946,7947
5176: 5177,5175,5277
4164: 4063,4165
4165: 4164,4166,4266
4166: 4165,4266
6140: 5948,9265,5453,5454,6336
4168: 4068,4169,4269
4169: 4069,4168,4068
9337: 9553,9366,9440,9339,9804,9590
4855: 4957,4856,4654,4757,4955,4853
9180: 9065,9177,9145,9179
4173: 4072,4073,4274
5543: 5540,5837,5639
6009: 6010,5910
4176: 4177
4177: 4176,4278
6238: 9614,5752,5451,5452,5948,9306
4179: 4078,4280
8478: 8475,8477,8406,8614,8677
8066: 8065,8144,7825,8146,8145
4502: 4501,4603
6204: 6205
7581: 7494,7582,7750
8881: 8704,8824,9037,8764,8880,9081
4802: 4702,4904
9418: 9912,9621,9424
5142: 9454,9602,5141,5037,5036,5138
9630: 9572,9327,9747,9986,9542,9361
4190: 4090
8507: 8439,8142,8707,8292,8766,8705
4192: 4293,4292
9321: 10002,9788,9514,9388
5007: 4907,5108
6011: 5912,6010
4196: 4197,4096
4197: 4096,4196,4298
4198: 
10027: 9646,9999,9866,9887
8477: 8475,8478,8544,8676,8677
4201: 4100,4301
9943: 9920,9650,9529,9638,9435,9647
7792: 7627,7952,7368,7542,7455,7791
7377: 7289,7290,7462,7464
5124: 5125,5023,5123,5224
4206: 
9457: 7763,9559,9531,9466
9619: 9608,9463,2580,10033,2390,2110
7020: 7110,7019
6854: 6853,6760
4211: 
8868: 9024,9069,8812
8701: 9079,8878,8636,8702,8879
5713: 5714,5812,5613
7440: 7353,7265,7352
4216: 4115,4316,4318
6607: 6419,6512,6510,6418,6703
4218: 4320,4118,4117,4318,4422,4319
8274: 8276,8199,8686,8273
7859: 9310,7697,7355,9561,7696,9508
5013: 5113
5328: 5426,5225,5430,5327,5329
6091: 6188
9289: 9486,9705,7952,7711,8031,9534
5683: 5781,5584,5583
4964: 5064,5062
9666: 9648,9849,9726,9979
9560: 9239,9219,9567,9564,9504,9546
8594: 8526,8386,8727,8527,8662,9623
8791: 9505,9344,8729,8663,9616,9271
5509: 5609,5410,5508
4232: 4330,4332,4029,4132,4336
5447: 5648,5548,5647
4234: 4131
9333: 2273,2460,9585,9491,9624,9319
4236: 3934
9768: 9753,9714
6387: 6290,6291,6483,6388,6482
4239: 4139,9442,4141,4343,9256,4240
4240: 4346,4239,4343,9256,4241
4241: 9256,9489,4240,4346,4341,4444
4242: 4141,4045,3946,4041,4049,4040
8191: 8189,8336,8412,8265,8192
8599: 8389,8163,8241,8462,8601,9735
8304: 8303,8228,8229,8378,8376
5959: 5958,5960,6056,6058,6155
9874: 9737,9669,9899,9665,9747,9774
7939: 
9405: 728,9612,9551,1021,872,729
9100: 9983
9385: 9900,9807,9288,9300,9370
6888: 7163,6979,9575,6890,9384,6699
9350: 5251,5145,9604,9632,9404,5250
8538: 9426,8336,8264,8474,8265
4255: 4256,4155,4450,4349,4146,4347
4256: 4255,4155,4450,4156,4354
4654: 4644,4655,4853,4855
4258: 4156,4157,4259
4259: 4260,4258
4260: 4259
9946: 9879,9962,10026
5452: 5353,5453,5451,5352,6238,5948
4263: 4364
9634: 9800,8968,9892
5374: 5274,5375
4266: 4367,4165,4166
6242: 6051,6147,6048,6144,6339,6436
7150: 7149,7059,7060,7241
4269: 4369,4168
9641: 8908,9391,8620,8681,9381
4271: 
9978: 9966,9927,9766
9299: 9274,9253,9636,7252,9639,7858
4274: 4173
6022: 6219,6121,6218,6021
4596: 4495,4697
8395: 8393,8244
4278: 4177,4379
7528: 7354,7777,7778
4280: 4179
5926: 5929,5928,5826,6121,6122
8160: 8002,8161,8457,8081,8386,8527
6056: 6052,6055,5959,6249,6155
4284: 4285,4385
4285: 4284,4385
4592: 4491
4287: 4288,4388,4387
4288: 4388,4287
8361: 8502,8636,8431,8499,8634
6038: 9341,9432,9644,9401,6328,9911
7778: 7694,7528,7354
4292: 4392,4192,4393
4293: 4192,4393,4294
4294: 4293
8189: 8110,8262,8336,8191
6832: 6831,7014
8591: 8658,8590,8523,8524,8593,8592
4298: 4399,4197
9653: 9581,9995,9716,8801,9881
7744: 7743,7988
4301: 4201
9339: 289,9440,700,9337,9553
7340: 7929,7248,7765
8744: 8960,8801,8619,8683,8861
4305: 4306,4405
4306: 4305,4307
4307: 4306
9349: 9423,9568,9391,9864,9688,9381
8603: 8168,8463,8667,9942,8392
6593: 6688
5144: 5047,5247,4944,5044,9302,9408
6426: 6519,6520,6517
5285: 5185,5286
4314: 4415
6984: 9384,6508,6410,6797,6890
4316: 4417,4318,4216
8192: 8550,8740,8191,8116,8412
4318: 4316,4216,4117,4218,4319
4319: 4422,4522,4218,4417,4318
4320: 4118,4218,4120,4422,4322
4986: 5086,5087
4322: 4323,4526,4320,4120,4422,4423
4323: 4526,4322,4427,4328,4120,4331
6508: 9384,6984,6315,6410,6412,9475
6117: 6118,6018,6215
5613: 5713
9063: 8869,9596,8976
4328: 4120,4122,4331,4123,4329,4323
4329: 4330,4123,4332,4328,4331
4330: 4329,4232,4331,9521,9269
4331: 4328,4329,4330,4323,4427,9269
4332: 3922,3928,4029,4329,4232
5322: 5422,5323
9245: 653,787,9363,9552,9635
9807: 9900,9385
4336: 9569,4132,4232,9521,9734
4467: 4468,4367
4338: 4341,4440,9331,9522,4442,4438
4991: 4891,4890,4990,5091,5092
5125: 5124,5327,5224,5225
4341: 4338,4440,9331,9489,4241,4444
4491: 4592,4391,4390
4343: 4141,4045,4239,4240,4347,4346
5353: 5453,5452,5251,5253,5252,5352
4345: 4548,4444,4445,4346,4349,4448
4346: 4240,4347,4343,4241,4349,4345
4347: 4346,4343,4146,4255,4349
9358: 9493,9577,9380,1069,709
4349: 4255,4450,4347,4346,4345,4448
4942: 4840,9868
9132: 10003,9752,9982,9089,8891,8945
5578: 5478,5678
4707: 4807,4605
4354: 4458,4455,4256,4450,4453
9644: 9341,6038,9896,9911
5812: 5713,5714,5813,5912
5872: 5873,5970,5871
9346: 9390,9484,8261,9436,9376,8262
9072: 9114,9214,9074,9029
7145: 7234,7055
6548: 6549
9320: 9397,9409,9254,9279,1488,9342
10024: 9951,9733,9472,9729,9928
4364: 4263,4365
4365: 4364
6266: 6265
4367: 4266,4467,4468
5876: 5975
4369: 4269,4470
7555: 7638
9327: 9572,9630,9579,9542,1497,1582
9511: 6894,6892,9475,9384,9575,9601
7383: 7296
9759: 9790,9796,9485
9709: 9645,9717,9246,9335,9700,9761
4486: 4485,4385
9977: 10031,9779,7609,7691,9880,7434
4644: 4654,4650,4643,4645,4853
4379: 4278,4479
4438: 4442,4539,9522,4338,9498
7133: 
7515: 7428,7599,7600
10041: 9815,9990,9957,10038
9375: 9582,9396,9620,9834,10032,9947
4385: 4284,4285,4485,4486
9250: 9481,9279,1644,1562,1404
4387: 4388,4287
4388: 4288,4287,4387
5018: 4918,4917
4390: 4391,4491
4391: 4390,4392,4491
4392: 4292,4391,4493
4393: 4293,4292,4493,4494
7375: 7373,7462,7631
9369: 9580,9323,9626,614,485,366
4922: 5023,4821
4397: 4497,4498
7231: 7319,7141,7142
4399: 4298
4400: 4501
9570: 9370,9330,9900,277,9506
5688: 
9859: 9731,9924,9554,9961,1915,2366
5528: 5727,5630,5430,5331,5726
4405: 4305
4406: 
5064: 4964,5263
5697: 5698,5796,5598,5597
8960: 9581,8744,8861,8743,9017
5395: 5295,5294,5394,5495
6356: 6357,6260,6450
9787: 9892,9102,9438,9854,9800,9691
5970: 5872,5871,6067,6068
6669: 6763
4415: 4314,4516
7935: 7934,7771,8015,9434
4417: 4316,4319,4518,4521
9266: 9348,9718,9280,9877,9602,9523
8470: 8328,8253,8255
9366: 9337,9553,9590,9259,9248,9430
9842: 8175,9683,8097