14621: 13956,14756,14733,14658,14169
28593: 
13143: 15268,13364,13237,14628,14109,14522
14985: 15205,13967,14511,15531,15171,14403
12849: 14440,15428,14916,13018,14993,13286
14615: 15704,13874
14328: 15731,14549,14856,13776,14256
15299: 13458,13816
15380: 14338,14929,13698,14770,15750,13491
15145: 15143,14334,15599,13013
13511: 14613,14267,14024,14116,13188,13300
13765: 14234,13209,13550,15179,13952,15486
14273: 13991,15175,14169,13404,13089,14199
15510: 13910,15036,13399,15193,13590,14731
14172: 14789,13332,13250,15260,15796,12968
15340: 15535,15351,13879,14269,13479,13605
13959: 13747,15320,12888,14764,15071,13700
14722: 15495,13402,12905,13322,15414,15005
15448: 13821,13448,13871,13241,15329
13438: 15305,13841,15782,13832,28683,14646,15586
14250: 15162,14556,13151,15150,14681,13489
13724: 13910,13844,14154,13476,13796,15487
13533: 14179,15795,15735,15115,15010,14560
12829: 13050,13491,14338,15760,14651,13240
12939: 14489,14657,15276,14902
12855: 14565,14777,14729,14641,14705,15514
14343: 13857,13761,12936,15296,14769
13151: 12899,13114,14250,15162,14048,15150
13942: 14739,14848,13974,14643,13935,12896
15785: 14507,14061,13078,13855,14155,15081
13420: 14999,13612,14397,14347,14318,13851
13886: 13559,13657
14390: 13186,13554,15560,14348
14436: 13777,13225,15551,13996,14225,13168
13061: 15689
14824: 14767,15755,15224,15588,12914,15565
15666: 14539,14418,13646
13488: 14552,13850,13804,13471
14556: 14250,13316,15162,13531,13317,13489
14112: 13794,14505,13603,15632,12983,15362
13025: 13908,15060,14776,15591,13735,14571
13894: 14645,14745,13992,14840,14470,13412
13263: 15530,15311,13207,13208,14057,14520
12840: 12825,13943,14984,13933,14534,15245
14405: 13259,13211,15376
14881: 13476,13042,13729,14632,14483,13793
15804: 13357,13212,15369,14503,13840,13029
13753: 15200,12922,12984,13508,13866,13171
14598: 14011,14330,15136,15456
15338: 15283,13649,15189,15151,15397
14998: 14815,13175,14844,13574,15751,15323
14252: 14192,13497,15350,13989,13842
14488: 14063
15372: 13801,15770,14450,13650,15503,14644
15484: 15766,15420,13849,14342,15326
15779: 13345,15627,12856,13236,15795,15222
14108: 13515,14081
13302: 13948,15344,14870,15707,15281,13913
15116: 14190,15441,14747,15641,14327,13688
14833: 15154,13692,15646,15390,13841,13854
15737: 15559,14636,15152,14494,14865,12982
15482: 15473,13347,14294,13531,13489,13825
12958: 12856,14021,12908,15455,15645,15222
15178: 
15254: 15399,13685,15320,13319,13700,14725
13948: 13302,15344,15363,15675,15707
14438: 15105,14585,14980,14322,15371,14606
14923: 14159
15373: 14420,14956,13422,14065
14809: 14988,15183,14967,15812
14802: 13027,14822,15573,14758,13964,12998
13070: 14647
15519: 14476,13752,15008,14804,14479,13889
15363: 15675,13687,13948
15792: 15143,15738,13612,14955,14334
14683: 14780,14360,14161,13053,14986
14079: 14243,13068
15791: 14384,14346,15293
14024: 14613,13511,13300,15146,13252,14519
15721: 13630,13877,15598,14552
12911: 15697,15409,14292,15617,13309,13969
15760: 13218,13333,14338,13066,12829,14651
15698: 14611,13593,13546,13704,14041,14092
14920: 14957,14211,13194
14650: 14606,12969,15419,15371,13002,13890
15002: 15722,13986,13356,12920,14576,13573
15244: 14522,12920,15374,13812,14573,13573
14178: 15074
15730: 14851,13405
15150: 15450,14681,13151,14250,15389,14048
14893: 12946
15332: 14361,14528,14474,14367,14996
15296: 15386,14628,14343,12936,13097,15139
13814: 15138,12853,14365,15669,14622,14458
14323: 14631,14147,13496,14622,15478,15773
14369: 14209,13916,14883,14827,13503,14593
14361: 15332,14474,13404,13581
15293: 13570,14384,15791,12956
13301: 13674,12863,15663,14852,14785,14946
14921: 13158
15092: 15508,14364,15511,14867,13361,13478
15201: 12830,15428,15415,13627,15492,13611
13808: 14210,13381,14104,14608,13532,14191
14929: 14338,15380,13066,14770,14579,15247
14999: 13420,15738,13099,14563,14397
15024: 15180,15017,12973,14605,13081,15249
12932: 15667
13297: 13280,14532,13272,15530,12879,13719
15745: 13482,13253,15687,15132,15141,15502
14391: 12997,13047,15712,13277,13769,14496
15688: 15129,15693,14074,13883,13480,13432,13282
13010: 13988
14186: 14789,13332,12913,13330
15403: 14367,14042,15425
14808: 13190
13553: 14268,14434,14326,13095,14976,14394
14742: 14352,15435
14585: 15105,14438,14980,15316,15523,13810
15343: 15147,15783,14793,15460,13313,14134
13793: 14483,13985,14897,13414,14881,13729
13952: 15486,14504,14234,13765,14588,13197
13414: 14069,15421,15068,13793,14897,13729
13938: 15659,13632,15304,14038
13222: 14587,15094
14594: 15446,15317,12824,13821,13448,14721
13281: 13834,13443,14392,14574,14090,14776
15589: 15193,14871,15251,14257,13399,13928
12994: 14817,13926,15414,13858,13695,13322
14666: 
12990: 14859,13823,15157,14255,13572,14274
15427: 14571,14604,14588,13614,13895,15174
13181: 13797,15125,14680,15138,13141,13431
13503: 14850,14781,14281,14827,14369,15240,14593
15370: 
13646: 13152,15666,14539
14828: 14363,13767,12847,14641,14705,15165
14489: 12939,14902,12931,15357
13278: 13415,15015,14452,13093,12892,12900
13446: 14396,14482,15541,12889,14272
13267: 15235,14974,13751,15578,14211,13194
12936: 14343,13761,15296,13097,14930
14448: 15424,14173
14606: 15197,14650,12969,15371,14438,14980
15139: 13788,14109,13172,15296,14628,13097
15061: 13590,15167,14820,14149,13891,13920
15761: 13048,14735,14045,13102,14878,14501
14898: 14836,14254,15498,14433,13626,13661
14812: 13184,13017,12927,15214,14676,14578
14428: 14415,12828,14899,15775,13925,13057
13873: 15501,15778,15235,14974
14003: 13589,14857,15464,14376,12900,13093
13119: 12913,12944,14787,13745,15260
14949: 13419
15420: 14270,13219,13411,13071,14342,15766,15484
13833: 14592,13142,15656,15715,14713,13652
14835: 13254,12923,13880
13248: 12957,15367,15629,13428,14952,15762
14477: 13627,14591,15492,15769,13483,14685
14532: 13280,13297,14950,14960,13811,13272
12965: 14076,13830,15407,13937
15418: 14760,13170
15253: 14657,14046,15047
15645: 12958,12908,13343,13087,14179,15222
13684: 13779,14760
15654: 14842,13548,13737,15096,15503,13736
14587: 13222,15185,15210,15094
12896: 13310,13055,13822,14739,14848,13942
15557: 15529,12818,15623,14675,14942,14832
15506: 14263,15301,14990,13454,15122,13542
15151: 13226,14053,15189,15338,15283,14928
13924: 15073
14364: 15508,15092,15511,12977,14215,14131
15432: 14936,15458,14637,13689,13289,15087
13976: 13444,15104,14237,14618,15574,15499
13286: 15680,14993,13906,13828,14916,12849
13583: 15601,14427,15020,15528,15404,13092,15243
13702: 14783,15480,13314,13762
13044: 14743,13945,15042,14642,13487,14456
14912: 15057,13122,14659,13127,13595,14603
14351: 14040
14642: 15486,14504,13270,13487,13945,13044
14684: 15450,14681,13825,14553,15618,13577
14179: 13533,15795,15222,15645,15735,13087
15238: 14416,13124,13903,13466,12868,12831,14782
15434: 15736,14795,14562,13867,13007,13052
15071: 15033,14764,13959,15691,15306,13700
13124: 15238,14416,13723,12831,14782,15491
14543: 15217,12891,13987
13839: 13517,15474,13401,14563,14397
15608: 14363,13767,15200,13638,13516,13217,14487
13299: 
14214: 14526,13616
14322: 14097,14702,15447,15371,15105,14438
15261: 13354,14875
12814: 14078,13872,14704,15564,13923,14839,14568
14027: 13360,15706,14914,12975,15746
14338: 14929,15380,13066,13491,12829,15760
14601: 15076,14784,13413,15106,14464,15225
15573: 14995,14758,14068,15352,14802,14822
13398: 14554,15047
14559: 14312,15055,13752,13328,15003,14726
15579: 14453,15198,15218,15575,14096,14945
12838: 13662,15677,15574,14320,15449,14237
14751: 15701,15505,13792,15356,12885,13815
13957: 13501,13939,14399,12815,15054,13456
14861: 13451,13264
13708: 13062,13434,14422,13985,14940,15313
14926: 13327,13060,13972,13748,14497,13784
13230: 14344,13260,13828,14005,13072,13906
13930: 14911
15530: 15311,13263,14057,13272,13297,12879
15590: 14610,13243,13421,14544,13149,14117
13496: 14147,14323,14365,13797,14622
13794: 14112,14505,15362,14975,15700,14693
14496: 13277,14127,13246,12963,15712,14391
14134: 14849,13313,15783,15343,15033,15306
13928: 13845,13399,12859,13836,14257,15589
15669: 14803,15381,13814,12853
15801: 14575,14293
15662: 15132,13200,14618,14740,15499,14779
13781: 15237,12999,15190,13418,13114,12886
12826: 15642,15438,13931,14854,14386,13024
14939: 14055,14221,13174,14408,15596,15597
12919: 13912
14535: 14115,14987,15270,15633,13673,14816,12816
13240: 14651,14914,13050,12829,15585,13360
15390: 14833,15305,13841,13986,15043,13854
13266: 13897,14783
15472: 14447,15748,13467,15361,12817,14279
13361: 14759,13713,13478,15508,15092,13220
14798: 14498,14185,14757
13841: 13438,15305,14646,14833,15646,15390
15538: 
14990: 14263,15506,14638,13542,15703,12859
14063: 14558,14488,15533
14580: 13647,14547,15614,13474
14226: 15096,13115,15220,14761,13650,15747
13690: 15091,15134,14110,13475,14764,12888
14624: 13149,14117,14171,13898,12833,13142
13732: 12835,13739,14888,14993,13018,15769
13994: 14838
13936: 13744,14329,15686,13768,14335,13647
15755: 14767,14824,15279,15588,13000,12964
13899: 15461,13231,13972,13748,14231,14258
13096: 13084
15731: 13521,14328,14549,13191,14037
15246: 14673,14051,12890,13249,13393
14429: 15671,15221,12941
13085: 12882,15089,14482,14652,15030,12889
12979: 14971,12981,15570,13383,15477
14301: 13809,13676
13463: 14442,12846,15616,12893,15039,15133
13442: 13049,15561,15797,14074,15387,13435
14844: 13175,14998,13574,13664,13598,14105
13421: 15590,14610,13243,14251,14219,13639
13212: 14101,13357,14771,15804,15321,13029
14354: 15135,13428,13445,13680,14662,14443
14696: 15302,14629,13727,15650,14634
13213: 15644,15411,15027,15019
14944: 15348,15522,14872,15280,13510,13967
13147: 14850,13625,13457,15069,15717,14281,13107
14706: 15592,14584,15615,15295,14430,13026
15562: 13098,13721
15309: 
14877: 13059,13256,15395,14070,13893,14357,13115,15220
12931: 15271,15077,15357,14489,13522
15051: 15415,14232,14562,14910,14268,13611
13848: 13631,15179,13896,13452,15431,13550
15050: 15732,15384,15385,15088,15664,15656
15115: 13173,13258,15735,13533,15010,13671
13544: 13682,13196,15626,14461
13743: 13929,13898,13057,14661,14544,13149
15406: 14748,15164
12886: 13316,15162,13781,15213,15190,13114
14350: 14023,15788,15720,13065,15072,15412
15750: 15331,12929,13698,15380,13104,13491
15278: 13585,14531,14124,14719,14308,15695
13277: 15658,13769,13064,14496,14127,14391
15534: 15378,13725,15650,13842,13051
13319: 15691,13700,15254,14253,13105,14725
13174: 14907,13481,15084,14221,14939,15597
13412: 14470,15129,14668,14796,14840,13894
14483: 13793,13985,14881,14632,14940,14971
13911: 13585,14531,14567,12880,15770,15747
13562: 13580,15018,13350,13162,13694,13493
14143: 15552,14239,13352,14818,13269,13872
13458: 15299,14093
14309: 14620,13666,14906,14627,14356
13520: 15679,14582
14237: 13976,12838,15574,15449,14435,15499
15091: 15134,13690,13507,13639,14110,13909
14952: 15135,13428,15081,15207,13248,15367
13173: 13164,14381,13664,13258,15115,13671
13378: 13298
14359: 14167,14583,15439,13383,15018,13694
15322: 
13889: 14479,15716,13396,14312,15519,13752
13823: 14859,12990,13519,15451,15677,14274
12839: 14967,15255,14101,13005,15176
15057: 13177,13122,15584,14912,13127,14124
14554: 14614,13641,13398
14403: 12992,14133,15171,14985,15531,14439
15400: 13598,14105,14310,15749,14036,15567
14236: 14759,13713,13983,15631,13920,15727
12864: 15283,13649,15263,14907,13481,13591
14304: 13075,15466,15549,13284,14953,14111
13809: 14301,13817,14148
14685: 14661,13440,13978,14591,14477,13483
14730: 13067,14948,14507,14061,13510
13822: 15597,12896,13310,15001,15596,14739
15308: 15037,15476,13495,15358,13826
15089: 12882,13085,13132,14548,13437,15030
13858: 12994,14817,13349,13153,14723,13695
14497: 14926,13972,13306,13784,13535,13009
14410: 13625,13262,15717,13737,15643,13145
15777: 13392,15502,15314,13200,15141,15524
15142: 14811,15518,13339,13568,14408,14737
15732: 15050,15385,15656,15719,12854,13652
13003: 14785,14946,13543,13471
15441: 14190,15116,15641,14831,13856,14709
14246: 14612
14933: 13908,15060,14044,15714,13787,13274
15257: 14402,14164,12962,13492,15527,14858
14784: 13163,15076,14601,15626,13413,14461
15344: 13302,13948,15675,13117,13540,14870
14860: 15806,13430,15155,12895,13403,13287
15576: 14300,15156,14474
15141: 15132,13200,13482,15745,15777,15502
13104: 13050,13491,15045,15750,12929,13973
13657: 15675,13559,13886,14000,14353
13595: 15535,13500,14659,13193,14912,14603
14121: 14032,14224,14421,13931,14098,15553
14851: 15521,14678,13714,15730
14148: 13817,13809,14746,12987
13311: 14656,14714,13990,13682
13329: 13041,14352
12823: 14834,14449,14183,13195,14863
13759: 15019,13459
13764: 13279,13186,13554
15326: 15484,13642
13790: 13162,13694,15417,15194,14009,15537
14050: 15625,15307,15405,14491,14311,14132
15614: 13744,14748,14580,13474
14185: 14798,14757,14082
14637: 15009,14340,15545,15458,15432,13689
13209: 14234,15494,14471,13765,15547,13550
15460: 15242,13547,14793,15202,15343,13313
14434: 14268,13553,13611,14326,13627,14591
13483: 14477,15769,14888,13929,14685,14661
15492: 13627,14477,15769,15201,15428,13018
14800: 14887,13133,13228
12948: 14644,15270,14450,14509,13673,12980
13223: 
13260: 13230,14344,13541,14227,14005,13154
15140: 15729,13656,14631,15303,14521,13189
13236: 15067,12898,12856,13345,15779,15172
14291: 14853,13691,14388,13771,13462,13620
15291: 15540,13229,13622,13683,14846,13465
13666: 14309,13484,14356,14847
14028: 
13161: 13776,15489,13864,14799,15619
13373: 13720,13453
14663: 14931,14025,14401
13476: 13042,14881,14632,13724,13844,13796
13847: 14720,14125,14087,15700,15362,13257
14692: 13757,14708,13879,14319,15269,14305
13272: 13811,14546,14532,13297,15530,15311
13134: 14127,14277,13246,14383,13904,15223
13953: 14115,15044,13863,15633,13621,12943,15273
14276: 14491,14466,14162,15711,14106,14765
13303: 13429,13321,13216,13155,13242,15032
15794: 15743,14419
14414: 15227,12929,13973,13914,15233,14052
15099: 15030,12889,14432,14282,14982,13852
13034: 12966,12934,15199,15114,13869,13486
13917: 14194,15727,14020,13220,13305,14759
14064: 14862,15648,13602,14866,15252,12985
14626: 14425,15577,14247,13786,13603,15632
14476: 15519,13752,15008,13328,14084,15457
14900: 14230,15352,15708,15364,14068,14137
14609: 14069,15421,15789,13090,14156,13633
13693: 15595,14574,13722,13555,13291,13551
15456: 14444,13401,14598,14330,15136,15474
14384: 15799,14346,13570,15293,15791
15533: 14203,14937,14063,14558
13850: 13488,13804,15239,14946,13471,14852
14997: 13028,14073,14426,13816
13596: 
13877: 13630,14297,15721,15327
13117: 13540,14353,14515,15675,15344
15149: 13916,14883,13512,13902,15126,14207,13485
14336: 14100,14938,13080
14461: 13413,14411,13544,15566,15626,14784
14149: 12963,13891,15459,15061,13920,13713
14381: 13164,13173,13664,14557,14703,13175
15605: 14188
14963: 13343,13964,12998,15739,13755,12908,13750
15385: 15732,15050,15384,15490,13379,15719
15148: 14038,14710
15726: 14175,13276,13394,13340
15412: 13528,14724,15347,14350,15720,13065
15490: 14936,13315,13379,13043,15384,15385
15640: 15230
13347: 15473,15482,13513,14294,15485,14697
15073: 13924
13960: 13380,14451,13183,14972,13362,12992,14133
15102: 14975,15058,14366,13073,13192,14505
13768: 15686,15218,13936,14945,14335
15725: 
14916: 14440,12849,13828,14456,15042,13286
13087: 15735,15621,13750,13343,15645,14179
14515: 14353,13241,13448,14721,13117,13540
13056: 13295,13620,14341,13659,15683,14377
13598: 15400,14105,14310,14238,14844,13574
13874: 13645,15690,14615
13710: 15392,14691
15143: 15792,15145,14334
13309: 15212,13969,15617,14014,14677,12911
14564: 13869,15232,14846,13465,13785
14310: 15400,13598,14238,15567,28675,15454,28680
14899: 15471,13227,15775,13739,13925,14428
15575: 14303,15364,15579,13668,14945,15708
15255: 14967,12839,15321,15402,12910
13588: 14177,13887
14528: 15332,15604,14996,13830,14076
13385: 15066,15369,13513,14697,15203,14527
14788: 15457,12897,13002,13328,14726,15419
13121: 13202,13634,15518,15001,14737,15723
14229: 14285,14113,13716,13295,14341,13038
14007: 14480,15286,15211,15098,15668
14511: 15205,14985,15531,12884,12978,14873
14367: 14042,15403,14996,14300,14474,15332
13789: 13389,12873,13681,13613,15265,14298
14491: 14276,14466,14162,14050,15405,14311
14523: 12986,13558,15649,14804,15241
13118: 13423,15221,14002,14445,15740,14961
15532: 15137,14443,15629,13498,13782,15318
13428: 15135,14952,14354,14443,15629,13248
12916: 14723,14258,15461,14973,12930,14817
13640: 15724,15267
13785: 14846,14564,13615,13308
15239: 12950,15527,14858,13850,13804,14852
15088: 13015,15360,14315,15050,15384,15664
15437: 15485,14697,15203,14977,12875,13156
13170: 14918,15418
13585: 15278,13911,14531,14567,14124,15584
14469: 14377,15587,13295,15388,13038,14868
14593: 15240,15180,14302,13503,14209,14369
14813: 15383,14956,14065
12873: 13389,13789,13681,14255,14043,15157
13436: 
13896: 13848,13631,15179,13541,13270,14227
14445: 14768,14332,13067,14002,13118,14961
14256: 13776,14328,14549,14581,15619
13058: 13754,15226,15038,15657,13082,13956
13866: 13665,13634,13508,13753,13184,13171
13224: 15394,14161,13372,15444,12874
15529: 15557,12818,15623,15269,13338,15259
13897: 13266,15469,14959,14783
13852: 14982,15724,15099,14432,14213
15193: 14871,15589,13399,15510,13590,14820
14278: 13672,13780,13084
13063: 13417,13287,14373,13962,14602,14750
13867: 14795,15434,14562,14910,14533,14029
14736: 13407,14308,15695,13017,15285,14774,13686
14040: 14351
14234: 13209,14471,13765,14588,13614,13952
13719: 13306,12879,13280,13297,12825,13876
15388: 13980,14128,13038,14868,14469,15228
15376: 14405
14721: 13540,13448,14515,14594,12824
14019: 15350,13829,13494,13397
15584: 15057,13177,13585,14567,14124,13035
15284: 13703,14927,15113,14424,13108
14140: 14688,13966,15443,13727,12976,14616
13755: 14242,13656,14085,14963,12998,15739
13426: 13557,14600,12876,13486
13368: 14733,13934,13140,12921,15701
14647: 13346,14107,13070
14217: 13663,13167,14895,15768,14791,13870
13526: 14054,12928,13619,13103,14371,14752
12964: 15569,13054,13000,14767,15755,14313
14544: 14661,13440,13743,13149,15590,13243
12848: 15215,13304,15757,12871,13443,14395
14864: 
13189: 15319,12954,15773,14631,15729,15140
14401: 14841,14663
13250: 14789,14172,12968,13232,15248
13359: 14540,14582
14372: 
15772: 15495,28675,12905,15237,14157,13205
12942: 14649
14039: 13687
14577: 13771,14321,15508,12977,13220,13305
13993: 14634,15302
15136: 12971,14598,15456,15474
14379: 14207,13560,13485,14017
14331: 14177,14891,13738,15611
13776: 13161,14256,15489,14328
14286: 14029,13095,14976,15316,15523,14006
13475: 15033,14764,15134,13690,15783,15339
14688: 14140,13966,15443,13651,15066,13840
14212: 13036,14136,13987,14904
15682: 14625,15298,14965,12974,14770,15247
13163: 15076,14784,14374,15626,14330,13416
14002: 14672,13067,13423,13118,14445
13546: 15698,14611,13593,15543,14895,13951
15213: 15190,14141,14062,14206,13316,12886
15120: 15751,13741,13904,15323,13091,13504
15636: 13795,14083,13477
13796: 15439,15570,13476,14632,13724,15487
14988: 14809,15183,14093,15812,14400
13674: 12863,15663,15182,13301,13043,13315
15524: 15256,14307,15314,13392,15777,14295
13978: 14685,13440,15025,14591,14326,14413
15025: 13440,13978,14413,13006,13243,14219
12961: 13100,15048,13365
12827: 
15509: 15685,13228,14299,14111
14474: 12883,15576,14367,14361,15332
13407: 14744,14308,14736,13017,14578,15609
13454: 15728,14184,13090,15506,15301,15122
13459: 14847,13484,15411,13759
13062: 13708,15288,14422,15313
13317: 13531,14664,13252,14206,13316,14556
13760: 14935,13738
13607: 13608,14500,14409,15581,13110,14119
13739: 12835,13732,14888,13925,15471,14899
15415: 15051,14232,15131,15201,12830,13611
13926: 12930,12994,14817,15414,14896,13643
15716: 15289,12865,13396,13889,14312,15004
15041: 14085,14521,15000,13288,13027,15046
15158: 13746,14682,13268,14964,15618,14417
14513: 13888,13803,14539
13704: 15698,14611,14092,15349,14182,14879
15268: 15586,14599,13364,13143,13237,13400,15782
13273: 14579,13534,15247,14110,13909,14965
13179: 14548,13437,13610,15085,14282,13039
15582: 14094
13166: 12892,15568,15580,13636,13918,15416
14008: 
14610: 15590,13421,14117,14165,13507,13639
13235: 14459,14099
13356: 13986,15002,13364,15305,15782,12920
13821: 15448,13448,14991,15462,15446,14594
14590: 14748,14908
15128: 14686
13774: 13369,13245,13567
13934: 13368,14733,15701,15505,13857,14769
13132: 12882,15089,14174,13950,13437
13505: 13983,13350,14154,15167,14731,13580
15558: 13265,14659,13193,15387,13271,13946
13148: 14097,14702,13007,15093,14481,14795
15473: 15482,13347,13513,13825,13961,13577
13629: 14750,14373,13901,13726
14289: 15665,13215,15807,15424,14633
14374: 13326,15626,14011,14330,13163
13842: 13989,13201,14252,15534,13725,13051
15160: 14165,13388,13008,15134,13507,15339
15383: 14813,14956,14004,13071,15766,13642
15771: 15542,14919,14526
13434: 13770,14422,14486,13985,14897,13708
14962: 13813,14261,14458,13342,15516
13372: 13224,14161,13632,14038,15444
13972: 14926,13748,14497,14231,13009,13899
14708: 13879,14692,14305,13944,13479,15613
15374: 14522,15244,14109,13172,15622,13812
14001: 12877,12993,13182,15409,13449,14738
14295: 13392,15256,15524,13966,12976,14385
14620: 14309,15399,14906,14275,15710
13920: 13983,15061,15167,14149,13713,14236
14480: 14007,15286,13853,15211
14487: 13217,15285,14774,15200,13516,14363,15608
14943: 14213,15169,14432,15354,14978,14378
15485: 15437,14697,12875,14492,13347,14294
13923: 13777,15564,12902,13996,15209,14078,12814
15438: 15642,14654,12826,14412,14380,13024
15369: 15066,13385,14503,13840,14527,15804
13798: 13918,13537,15416,15581,13110,15498
13128: 14775,13961,14527,14503,14890,12918
12941: 13367,13469,15221,14429,15740
15252: 14144,12944,14581,14866,14064,12985
15712: 13047,14391,14867,14496,12963,15459
15108: 14506,13138,15463
15335: 14966,12854,15097,14015,14596,13556
13455: 14931,14153,14673,15610,14538
14257: 13410,13836,15479,13928,15251,15589
14415: 14126,15040,14428,12828,14315,15775
13363: 15117
12918: 15684,14890,14667,14775,13128,12860
14518: 13144
13495: 13244,15358,15655,13733,15476,15308
14834: 14449,13353,12823,13195,15107
14131: 14682,14215,13384,14266,14364,15511
12978: 14873,14225,15757,12884,14511,15215
15265: 13982,13456,13566,14298,13789,13613
14560: 15010,13159,13533,15795,15627,13461
14454: 14738,14536,15410,14222,13883,13432
14785: 13003,14946,13543,12863,13301,15545
14820: 15061,13590,15193,14871,14383,13891
14083: 15064,15636,15023
12821: 13949,15166,15585,15045,13705,14882
12878: 12832
14941: 14757,13773,14498,13856
13205: 15190,14141,12905,15772,15101,15237
13534: 14579,13273,14110,13747,15758,12888
13300: 14508,14763,15146,13188,13511,14024
15199: 15114,13105,14102,15336,13034,12934
13861: 
13758: 13131,14375,14087,13450,13818
14242: 15729,13656,13755,14608,15739,14210
13316: 15162,14556,12886,15213,14206,13317
14038: 15148,13938,14710,13372
15163: 15784
12828: 15040,14415,14428,13898,13057,12833
15402: 15302,14629,15255,14595,12910
13456: 15054,13982,15265,13957,13501,13613
13204: 
15626: 14374,13544,14461,13163,14784
15466: 14304,13606,12947,15549,13109
13176: 14203
13164: 14381,13173,13258,14541,14557,13088
13820: 13616,13221,13371,14239
15277: 14690,15560
12999: 13781,15237,14157,13160,13418,14773
15601: 14427,13583,13165,15243,15426
13540: 14721,13117,13238,14870,14515,15344
13551: 14392,13787,13624,13722,14574,13693
14581: 15252,14144,15619,14256,14866
13197: 13663,13167,15174,14588,13952,14504
13594: 15355,13403,13417,14892
14101: 13212,14771,15321,15176,12839
13699: 13014,15715,14713,13388,13008,14262
13086: 13731,15341
14703: 15307,14337,14557,14381,14815,13175
14855: 15488
13490: 14707
15190: 15213,14141,13205,13781,15237,12886
14076: 12965,14528,15604,13830,15086,13376
13541: 13631,13896,14227,15366,13154,13260
14228: 14071,12884,13094,15468,15348,15205
12857: 
13180: 12836,14216,14395,14202,13304,13617
13357: 13212,14771,15804,14503,14890,14669
14472: 14779,13033,13444,14618,13030,14463
15414: 12994,13926,13322,14722,13643,15005
13111: 14135,14176,15049,13206,13369
14555: 14757,14082,13644,12903
13389: 13789,12873,13433,14298,13734,14043
14892: 15219,14373,13594
15685: 15509,14299,15493,13022,12952
13967: 15205,14985,14944,15348,15280,15171
13435: 15387,13271,15345,13282,14074,13442
14506: 15108
14905: 14129,13348
13254: 14835,13502
14267: 14613,13511,13185,14116,14062,13679
14902: 12872,12939,14489
13200: 15132,15141,15662,14779,15314,15777
13282: 13480,14551,15688,14074,13435,15345
13031: 14717,14753,13622,14499,13045,13683
14277: 14127,13134,13741,13904,14525,13064
13752: 15519,14476,13328,13889,14312,14559
14956: 15383,14813,14004,13358,14420,15373
13269: 15790,14818,13371,14143,14239
13987: 12891,14904,14212,14543,15628
13891: 12963,14149,13246,14383,15061,14820
13898: 13057,13743,12828,12833,13149,14624
15743: 15794
14146: 15281,14382,13913,15517,14646,15646
15634: 15216,14670
14072: 15661,14484,13203,13370,13881,13884
14129: 14905,15393
13076: 14777,13312,15639,12862
14465: 13658,14566,13740,14091,14825,14572
14068: 14806,14137,14900,15352,14822,15573
15200: 13753,12922,13638,13171,13516,15608,14487
15454: 13654,14525,13160,28680,15422,14310,14238
13973: 12929,14414,14052,13104,15045,15166
14974: 13267,14826,13653,13751,13873,15501
13451: 14861,13019
13612: 13420,15738,15792,13851,14955
13663: 13197,13167,14217,14504,13945,15768
13313: 14849,13561,14134,15343,13547,15460
14938: 14100,13905,15620,13783,14336
14772: 14317,14220,15070
12974: 13756,13698,14770,14843,15298,15682
15364: 15575,14303,14915,14137,14900,15708
14499: 13045,14045,14125,14753,13031,13048
13098: 15562,13721,15493
14883: 14209,13916,14369,13539,13512,15149
13055: 12896,13310,13868,14536,15410,14848
15315: 14243,13536,15778
15027: 13169,13213
13107: 14992,14281,14782,13457,15069,13147
15468: 12957,15367,15348,14872,14228,13094
13473: 15526,13880
14307: 15256,13156,15524,13033,15314,14977
13744: 14329,13936,15614,14908
14021: 12958,12908,15455,14913,14758,13964
13472: 15359,15029,12924
12903: 13644,15287,15123,14555,13178,14260
15266: 15612,13337,14197,13824,15127,15728
13557: 14600,13426,15232,13486,13247
12867: 13068,13194,14265
14829: 15248,13232,14880,13829,15052,14909
14931: 14663,13900,13455,14153,14538
13039: 13901,15354,13179,15085,14282
13802: 15580,14283,13648,14196,12861,13069
15435: 14742
13437: 13179,14548,13610,14200,13950,15089,13132
13244: 13495,13970,15312,13963,15655
14566: 14958,13658,14465,13234,15713,13740
13477: 14582,15636,15023
12890: 15246,13393,15541,15610
15351: 15535,13500,15340,15109,13757,13879
15498: 14254,14898,13537,13798,13110,13626
14057: 15530,13263,12879,13784,14520,13327
15355: 13594,12996,13403,12949
13523: 13474,15164,14035,15659
14520: 15067,12898,13263,13208,14057,13327
12938: 14894,13730,15288,13637,12851
13754: 13058,15226,15038,13998,15156
13422: 14431,15808,14420,15373
15631: 13983,13350,14236,13582,13493,15727
13487: 14344,14456,13270,14227,14642,13044
13631: 13848,13541,13896,12906,13452,12951,15366
15086: 14290,14665,13376,15604,14076
13400: 15787,13815,13832,15586,14599,15268
13482: 13253,13497,15745,15141,15502,13989,13201
15055: 14312,15004,14559,14969,14481,15003
14747: 14190,15116,15287,13688,15594,14925
13905: 14100,14938,15620,14583,15417,13126
14049: 15765,15258,13285,13524,13709,14530
15545: 14637,14340,14785,13543,12863,15458
13059: 13256,15555,15395,14877,12868,12926,13903
15787: 28677,12885,13400,13815,13832,15274
15396: 15431,15547,15647,15044,13863,14150
13522: 14248,12931,15077
13548: 15069,14842,15717,15654,13737,14801
15625: 14050,15307,14815,13091,14132,15323
13773: 14757,14941,13856,13644
13065: 14350,15072,14724,15412,13518,13696
13131: 13758,15013,14375,14425,14720,14087
15494: 13209,14471,13863,15082,15273,15547
15258: 15765,13355,13293,13285,14049,14283
14222: 14550,14668,13883,13449,14738,14454
13844: 13910,13724,15036,14316,13476,13042
14283: 13802,13648,12861,15258,13293,13285
14080: 15365,13307,13578
14189: 15718,14244,14575
13383: 15439,15570,12979,15477,14167,14359
14047: 
13619: 15106,12988,12989,14054,13526,14752
13745: 14787,12944,12819,13119
15497: 13218,13333,14876,13685,15694,14794
13215: 15665,14289,13558,15325,15807
14980: 14585,14438,15197,14606,13810,14994
14945: 13668,15579,13768,15218,15575
15526: 13473,14060,14088,15382
15796: 13447,14874,12968,13150,15260,14172
15488: 14855
14235: 15571,15678,13554,15560
13283: 14033,14712,15572,15548,13766
13518: 13046,14509,12980,14724,13065,13696,15651
14458: 14622,14261,13814,14962
13908: 13025,15060,13735,14933,13274,15082
12822: 15184,12933
15004: 14312,15055,13157,15716,12865,14969
15602: 15327,15334,15208,14196,12861,14297
15646: 15154,14833,14646,14382,14146,13841
14245: 14595,15168
15003: 14726,15447,14481,15055,14559,14702
12898: 15067,13236,14520,13327,13060,15172
14346: 15546,14384,15791
13168: 13617,13020,15159,15551,13225,14436
14264: 14012,15637
13083: 14524,13535,14954,13009,14059,13320
15780: 13947,12904,14614
14694: 14455,13120
14034: 14576,15231,15722,15155,13430
12950: 13233,15527,15239,15800,15663,14852
15764: 13579,13999,14660,13677,14948
12843: 14979,14561,14389,14010,14486,13770
15006: 14711,15242,13547,15540,15802,12820
15336: 15691,15306,14849,14102,15199,13105
14412: 15453,13199,14380,15774,13024,15438
14337: 14679,14557,15377,15307,15405,14703
14689: 13015,15360,13661,15800,14836,15182
15058: 14975,15102,14597,13192,14711,12940
12953: 
14719: 14744,14308,13265,13127,15278,14124
15365: 14080,13586,14012
15619: 14144,14581,12819,13161,14256,13864
14846: 13772,13683,13465,13785,15291,14564
13515: 14108
13310: 15597,12896,13055,13822,13868,15084
14984: 12840,12825,14534,13876,14524,14493
14416: 15238,13723,28658,15520,13124,13941,13466
14749: 13023,14698,13786,15577
15297: 15786,15107,13203,13692,14755,14699
15307: 15625,14050,15405,14703,14337,14815
14840: 14796,13565,13412,14645,13894
13733: 15279,13609,15655,13837,13495,15476
15553: 15549,14098,14121,14421,15612,13824
13625: 14850,14781,14410,13147,13262,15069,15717
12910: 14595,15402,14967,15255
14755: 12845,13884,14699,15297,13203
12915: 15489,12935,14490
14541: 15621,15433,13381,13088,13164,13258
13275: 14446,15607,14325,13077
15223: 14871,15251,13504,13904,13134,14383
14740: 14435,15499,15500,15687,15132,15662
15727: 14020,13917,15631,14759,14236,13582
13416: 14444,14330,13163,15076,13251,13711
15198: 14453,15579,14778,13032,15218
14757: 13773,14941,14555,14798,14185,14082
15305: 13438,13841,15782,15390,13986,13356
14718: 
15800: 12950,13233,14836,15663,15182,14689
14249: 12860,14280,13592,14208,13716,14285
15095: 
13969: 15212,13309,13569,15697,12911,14512
14533: 14795,13867,14097,14029,15105,15523
14700: 14919
13390: 14067,15444,14035,13632,13933,14534
13763: 
15146: 13300,14508,14024,14519,14358,13030
13227: 15471,14433,14119,14899,13626,15775
12816: 13145,14816,15270,15643,13673,14987,14535
13066: 14338,14929,14579,15758,13333,15760
15813: 13380,14972,15740,13469
14388: 13691,14291,14208,13716,13620,14341
14330: 14598,14011,14374,13163,15456,13416
13687: 14039,15363,13971
15706: 15445,14027,14882,15480,13314
13106: 15022,15606,14810,14887,13075
14300: 15576,15328,14367
13778: 14714
14723: 12917,12916,14258,13153,14817,13858
14756: 14621,13082,14502,13108,12921
14191: 15653,13532,13799,15319,14608,13808
14059: 14231,13009,13566,13083,13982,13320
15610: 14538,15144,14673,12890,13455
13812: 14200,14573,13950,15244,15374,15622
15323: 15751,15120,15625,14815,14998,13091
13600: 15752,13296,13571,14981,15569
14099: 14459,13235,15587,15548,14163
14380: 14412,15453,12954,15438,14654,13799
15224: 14767,14824,12914,13949,15423,14313
14221: 13344,14055,14939,12909,13174,13481
12901: 
13259: 14405,13354
15264: 13116
15697: 12911,15409,13449,13969,14550,14512
13190: 15571,14808
14572: 14091,12847,14465,13638,13740,13767
13492: 13233,15527,14402,15257,13537,14254
14009: 13126,14826,13790,15417,13653,15537
14698: 13023,15124,14749,15119
14111: 14953,14299,13228,14304,13075,15509
15749: 15010,13159,13671,14036,15400,14105
13293: 15258,13355,14857,14283,13648,14376
15641: 15441,15116,14327,14709,13565
14446: 14655,15607,14066,13275
12970: 14538,15144
13221: 13820,14239,12986,14814,13552
14206: 14613,15213,14062,13316,13317,13252
14165: 15160,13388,14117,14171,14610,13507
13566: 14231,14059,13982,15265,13231,14298
15195: 13480,13432,14551,15410,14848,13974
15762: 13290,13782,13291,15629,12957,13248
15330: 15324,14016,13662,15574,14763,15104
13825: 14681,13489,14684,15473,15482,13577
14825: 15639,14091,13658,14465
14303: 15575,15364,14096,14915
14922: 
14485: 14464,15741,15189,13251,13226,13711
15156: 14259,13998,13754,15576
15537: 14118,13653,13790,13907,15194,14009
13320: 15054,13982,13083,15630,14954,14059
13226: 13711,15204,15151,14053,14485
13601: 13811,14546,13406,13668,14230,15708
13956: 14621,13082,13058,15226,15175,14169
15077: 15271,12931,13522,12891
13818: 13450,14623,13819,13758,14735
13836: 14638,15672,15479,14257,13928,12859
15176: 13005,14884,14101,14771,12858,12839
14676: 14578,14790,15609,14643,12866,15214,14812
14195: 
15617: 14318,13851,14292,14014,12911,13309
15348: 14944,14872,15468,14228,15205,13967
15059: 13659,14630,14321,13462,13599,14754
13188: 15324,14279,14116,13511,13300,14763
13417: 13063,13287,14373,13594
15183: 14809,14988
13761: 14343,13857,12936,13089,14658,13991,14930
14274: 13662,15677,13572,12990,13823,14016
14853: 13691,14291,12977,13746,14215,13771
15465: 14732,14761,14120,13860,12880,15065
15623: 15557,15529,15269,14832,14305,13587
14794: 15694,13862,14906,13218,15497,13655
13471: 13003,14946,13488,13850
15483: 13529
12960: 12837,15342,14347,15263,14762,14928
13080: 15501,14100,14336
14646: 15517,28683,14146,13438,13841,15646
14015: 14596,13073,13192,15335,15112,13556
14613: 14267,13511,14024,14206,14062,13252
13402: 15495,15567,14722,14036,14819,13322
14411: 13413,14461,15566,13276,13394,12988
13718: 12991
14630: 13659,15059,15683,14754,14033,13499
13656: 15729,14242,13755,15140,14085,14521
14292: 14318,15617,12837,12877,12911,15409
13654: 14525,13160,15454,15658,13064,14773
15644: 13213,15411,13169,15300,14362
14142: 14814,13552,14406,14691,15665
14527: 13961,13128,13513,13385,15369,14503
15011: 
14774: 13217,15285,14487,13686,13516,14363,14736,15065
14136: 13036,14212,15512
13726: 13901,13187,13629,14978,15784
15684: 14890,12918,14669,12860,13592,14589
13314: 15746,15706,13702,13762
15233: 15692,15031,13914,14414,14052,15565
13846: 13129,12949
12837: 12960,15342,14347,14318,14292,12877
13022: 15401,15436,12952,15685,14122,14299
13199: 14412,15453,15478,14261,15774,15516
15455: 12856,14021,12958,14913,13208,15067
14743: 13945,15042,13044,14653,15768,13800
13602: 14064,15648,13150,12985,13011,14874
14787: 13745,13119,12913
13397: 14019,13805
13113: 
12998: 13964,14963,14085,13027,14802,13755
13931: 15642,12826,14854,14098,14032,14121
13351: 15021
13854: 15043,14013,13692,14833,15390,14699
12969: 15197,14606,14650,13890,13837,14885
28652: 
15433: 14541,15621,13750,15739,14210,13381
14874: 13447,15796,13602,13150,15333,13011
12928: 13340,14054,13526,13103
14398: 15398,13722,12955,13981,13555,15318
14268: 13553,13611,14434,15051,14910,14976
14734: 15480,13549,13705,15445,15469
13589: 14542,14003,14857,13081,15249,15464
15789: 15401,15436,14184,13090,14156,14609
13007: 13052,15349,15093,14795,15434,13148
12984: 13753,12922,15713,15592,13508,15615
14253: 15114,12876,13105,13319,14725,15583
15550: 14911,13575
15489: 12915,14490,13776,13161,14799
13219: 14270,15420,13411,15696,14501
14623: 13818,13819,14735,14241,14514,14878
14517: 
15045: 13050,13104,13973,12821,15166,15585
13618: 14687,14530,13560,12995
13470: 14791,13800,13955,14232,15131,15736
12897: 15457,14788,13002,15312,13968,13963
12831: 14782,13374,13457,12868,15238,13124
13285: 15258,14049,13709,15208,14283,12861
13837: 13890,15655,12969,14885,13609,13733
15552: 14143,14239,13872,14704,12986,15649
13705: 15423,13949,12821,15445,14882,14734
14538: 15610,15144,14931,13455,12970
14352: 14742,13329
15806: 14860,14013,15155,12845,12895
14399: 13678,13932,12815,13957,13939,14037
13202: 13665,13121,13634,15001,14739,13935
13591: 12993,14187,12864,15342,15263,14907
14839: 15289,13396,15130,15564,12814,14568
14552: 13488,13804,15721,15598
13154: 14005,15015,13139,15366,13541,13260
14233: 14193
15164: 14748,15406,13474,13523
14318: 13851,14292,15617,13420,12837,14347
14261: 14622,15478,14458,14962,15516,13199
14565: 12844,14777,13312,12855,14729,14869
15319: 13189,12954,15729,14608,13799,14191
15770: 13801,15372,13650,15747,13911,14567
14530: 14687,13709,13618,12995,14049,13524
14371: 13103,15063,13391,13526,14752,15075
13664: 14381,13173,13671,13175,14844,14105
14168: 
14760: 15418,13684
15361: 14255,14043,13572,13467,15472,12817
14850: 14781,13625,13147,13503,14281,14827,15240
14494: 13501,13939,13521,15737,14636,12982
15656: 13833,15664,14592,15732,15050,13652
14832: 13587,13680,15557,15623,14942,13292
14761: 15465,14120,12880,14070,13115,14226,15747
14639: 13464,14204
15110: 14325,13530,13077,13623,15295,13026
14435: 14740,15499,14457,15449,14237,15500
15475: 13331
15034: 13538,15491,14017,13902,14103,15126,13831,13723
13409: 15083,15391,13249,14473,12967
13713: 13361,14759,13478,14236,14149,15459,13920
14762: 14397,14053,14928,12960,14347
15493: 15702,15685,13098,13721
15234: 13697,14389,14979
15481: 13097,14930,15379,13788,15083
13749: 14106,13927,13706,14223,14032,14224
13027: 14802,14822,15046,14085,15041,12998
13970: 13244,15358,12959,15312,13468
13011: 14320,15333,15648,15451,13602,14874
13819: 13450,13818,14623,14514
15342: 12960,12837,15263,12877,12993,13591
13443: 13834,13281,14395,14090,12871,12848
14115: 13953,15044,14987,14535,15633,13673,13621
13725: 15534,15650,13842,13201,14385
15325: 15241,13922,14084,15807,13558,13215
15334: 15327,15602,15208,14114
15166: 13949,12821,13973,14052,12914,15045
14551: 13480,15195,13282,13974,12866,15345
14216: 15543,13180,12836,14202,14604,13895
15692: 14885,15031,15233,15197,13914,14994
15109: 13049,15797,12841,13500,15351,13757
14819: 13695,13461,13322,13159,14036,13402
14360: 14683,14780
13613: 13789,13681,13456,15265,13501,14636
15270: 14644,13736,15643,12948,13673,12816,14535
14026: 14475,15075,13391,14655,13012,13395
15286: 14007,14480,13586,15098
15056: 
15404: 14728,14675,15020,15652,13583,13092
14162: 14276,14491,14106,13927,15377,15405
15500: 13441,15687,14740,14435,14457
12959: 15312,13968,14901,13922,13468,13970
15426: 14510,14660,15601,13865,15243
13902: 13538,14017,15034,15126,13831,13485,15149
13682: 13544,13196,13311
13694: 13162,13790,15417,13562,15018,14359
13572: 14255,15361,12990,12817,14016,14274
14293: 15801,15192
14505: 13794,14112,12983,14366,14975,15102
13336: 
14209: 14883,14369,13539,14593,14302,14545
13947: 15780,12904
12869: 14348,13186,14058
14321: 13771,14577,13462,13305,13599,15059
14377: 14469,15683,13295,13056,15572
14547: 14580,13474,15245,14950,13943
14114: 14687,13709,15334,15208
15249: 14542,13589,13081,15180,15024,14302
14596: 14015,13073,15032,14966,15335,13321
14504: 13952,15486,14642,13197,13663,13945
15594: 15020,14925,15528,14747,15287,15123
15228: 14339,14128,15388,14868,13424
12992: 14133,15171,14403,14768,13362,13960
12940: 14711,15242,13192,15112,15202,15058
13521: 15731,14549,13939,14037,14494,12982
15422: 14525,15454,13574,14238,15751,13741
14644: 13736,15270,12948,14450,15372,15503
13824: 15266,15612,15553,14421,14287,15127
13024: 14386,15774,14586,14412,15438,12826
15677: 12838,13662,14274,13823,15451,14320
13869: 15232,13486,14564,13034,12966,13465
15591: 13025,14776,13834,14202,14571,14604
15773: 13189,12954,15478,14631,14323,15453
15599: 13013,13975,15145,14498
15133: 14806,15039,13463,12893,13288,15046
13239: 
14830: 14355
15271: 12931,15077,15357,14805
15222: 14179,15795,12856,12958,15645,15779
13321: 13429,14366,13303,15032,14596,13073
14392: 13787,13551,14574,15060,14776,13281
15226: 13058,13754,13956,12883,15175
13662: 12838,15677,14274,15574,14016,15330
14770: 12974,13698,15682,15247,14929,15380
15765: 15258,13355,14545,14049,13524,13539
14894: 12938,13730
13835: 13635
14668: 14222,14550,13883,14796,15129,13412
14224: 14032,14121,14421,14106,13749,14765
28658: 14416,15520,13941,13466
14953: 14122,14299,14111,14304,13284,13337
14578: 14676,14790,15609,13017,14812,13407
15032: 13155,15111,14966,13321,13303,14596
14896: 15748,13875,12930,13926,13643,12912
13167: 13197,13663,14217,15174,14895,13951
14484: 14072,15661,13884,15337,13129
15185: 14060,14587,15382
14054: 13340,12928,13526,13394,13619,12988
14837: 15661,13129
15504: 15206,14786,14754,13261,15578,13499
13918: 13537,13798,15416,13166,14402,13636
13486: 13869,15232,13034,12966,13557,13426
14500: 13607,13608,15581,13415,14452,13072
13127: 13265,14659,14719,14124,15057,14912
14525: 13654,15454,15422,13741,14277,13064
14219: 14625,15025,13006,13243,13421,14251
15040: 14415,12828,14315,12833,15664,14592
14284: 12872,15276
13194: 12867,13068,15235,13267,14211,14920
15478: 14622,14261,14323,15453,13199,15773
15114: 14253,15199,12876,13105,13034
12904: 13947,15780
13468: 12959,14901,13970,13137
15119: 13198,15556,15124,14698
14713: 13699,13014,15715,15097,13652,13833
14569: 15397,14845,12909,13210,14797,13344
14852: 15663,13301,13850,12950,15239,14946
14385: 12976,13392,14295,13725
14442: 12846,13463,15611,14891,13997
12914: 14052,15565,14824,15224,13949,15166
14744: 14719,13407,14308,15609,13946,13265
14680: 15125,14935,12846,15611,13181,13431
13388: 15160,14165,13008,14171,13699,15715
13296: 13600,15062,13571
15443: 14688,14140,13840,14616,13029
14763: 13300,14508,15324,15330,13188,15104
13123: 14407,12841,14470,14745,13049,15561
13478: 13361,13713,15459,14867,15092
14711: 15242,15006,12940,15058,14597,15802
14130: 13382,15035
14707: 13490
14419: 15794,13536
14074: 15693,15688,13480,13282,13435,13442,15561
14634: 15660,13993,15378,15650,14696
15048: 12961
13494: 14019
14443: 15137,15532,15629,13445,13428,14354
14895: 13167,14217,13951,14611,13546,13870
13797: 13181,13141,14147,13496
13169: 15746,15300,15644,15027
14934: 14306
14314: 13849,14989,15408,13720,12991
13324: 14992,14281,14827,15126,13831,13916
14818: 15790,13269,14451,13183,14423,13352,14143
12846: 14442,13463,15611,14680,12893,13431
13892: 14180
14660: 14510,15426,13865,13677,13579,15764
14139: 13827
14060: 15668,14088,15185,15526,15382
14870: 13540,13238,13302,15344,15517,13913
13072: 13415,14005,13230,13608,14500,13906
14821: 15616,14915,13997,15536,13887,14096
13419: 15186,14949
15023: 14368,14083,13477
15313: 14940,12981,13062,13708,15288,12851
15014: 
13135: 14841
14816: 13145,13715,15236,12816,14987,14535,14150
13587: 14832,13445,14305,13944,13680,15623
14177: 14331,13588,14891
14748: 14590,15164,15614,15406
15511: 15092,14364,13047,14867,13384,14131
14531: 15278,13911,13585,15695,13860,12880
13009: 14231,14059,13535,13083,13972,14497
13632: 14035,13938,13390,15444,13372
13484: 14362,14627,13666,15411,14847,13459
12830: 15201,14440,15428,14653,15415,15131
15260: 13150,13119,15796,14172,13332
13249: 13409,15391,14290,15246,12967,13393
14141: 15213,15190,14062,13205,13679,15101
14887: 14800,13133,13228,13106
13932: 13678,12874,14399,13191,14986,14037
15042: 14743,13044,14653,14456,14440,14916
14102: 14849,13561,15336,12934,15199
14656: 14570,13311,15566,14175,13276
12824: 14594,15317,14721,13238,28677,15274
15328: 14300
13961: 14775,13128,13577,14527,15473,13513
13633: 14156,14010,14486,14069,14609
15094: 13116,13222,14587,12850
13146: 
13225: 15130,13777,14436,13168,13020,14468
14370: 14919,13380,14451
12847: 14091,12862,14572,14828,13767,14641
14227: 13541,13896,13270,14344,13260,13487
12997: 13047,14391,13384,13769,15290,13915
13344: 14055,14221,14569,12909,15275,14797
14383: 13246,13134,14871,15223,14820,13891
13981: 13366,15177,13498,14398,12955,15318
13630: 14297,15721,13877,15598,12962,15809
13211: 14405
15029: 12924,13472
14884: 13005,15176,13597,12858,14073,14426
13075: 14304,13106,13606,13228,14111
13734: 13467,13875,13433,14973,13389,14043
15790: 14818,13269,14451,13371
13766: 14640,14957,14712,13283
13440: 14685,14661,14544,15025,13978,13243
14004: 13615,13071,13358,15383,14956
13571: 14981,14345,13600,13296
13187: 13726,15784
13415: 14005,15015,14452,13072,13278,14500
14116: 14447,13185,14279,13188,14267,13511
15767: 15679
13885: 13264,15353
14033: 14712,13283,15572,13499,14630,15683
14710: 12834,14038,15148
14244: 15718,15368,14189
14781: 14850,13625,13262,13001,13503,15240
15155: 15043,14013,15722,14034,14860,15806,13430
13578: 13307,15016,14080,13206
13992: 14645,14745,13894,13506,13338,14407,15259
14667: 14964,14553,14775,12860,14280,12918
14592: 12833,13833,15664,13142,15656,15040
13817: 14148,13809
15766: 15484,13642,15420,13071,15383
15076: 13163,14601,14784,13251,13416,14464
13210: 14475,14441,15763,14569,14845,14797
14492: 12875,14358,14664,14519,14294,15485
15288: 13062,15313,12938,12851
14568: 14804,14479,12814,14704,13396,14839,15649
14025: 15181,13775,14663
14464: 14485,15741,15225,15076,14601,13251
15637: 14089,14387,14264,14012
14023: 14350,15788,15720,13136,13366,12955
13133: 14887,14800
14791: 13470,15768,13800,14217,13955,13870
12913: 13119,14787,14186
14879: 15093,14969,13704,13157,14092,15349
15503: 15372,13650,15096,15654,14644,13736
13512: 14883,13539,15149,14207,12995,13524
15774: 13342,14586,15516,14412,13199,13024
13986: 15722,13356,15002,15305,15390,15043
15049: 15217,14176,13111
15467: 14576,15231,14200,14573,13610,14602
14662: 13292,13078,13984,13680,15135,14354
14466: 14276,14491,15711,15672,13375,14311
15664: 14592,15656,15088,15040,14315,15050
14164: 14402,13636,13069,15257,12962,15809
14051: 14673,15246,14290,13376,14271
14437: 
13652: 14713,15097,15732,13833,15656,12854
13944: 13445,14305,13587,14708,15613,15137
12868: 13059,13256,13903,15238,12831,13374
13203: 15786,15297,13370,14755,13884,14072
15638: 14158
14865: 14866,12982,15737,15152,14862
13067: 14672,14730,14002,14445,14332,13510
14847: 13459,14240,13666,13484,14356
13360: 14027,14882,15585,14914,13240
12882: 13085,15089,13132,14174,14473,14652
14618: 13976,13444,15499,14779,14472,15662
13990: 14714,14570,13311
14498: 14798,15599,14941
14686: 15128,14537
14150: 15044,14987,14816,15236,14349,15396,15647
12894: 13036
14281: 14992,13324,14827,13107,14850,13147,13503
13354: 15261,13259,14875
14396: 13446,15541,15144,14272,13995
15321: 14616,13029,14101,13212,15255
13094: 14071,14228,14086,13290,12957,15468
13413: 14411,14461,14601,14784,15106,12988
14746: 15038,15657,14148,12987
13535: 13876,14524,13083,13306,14497,13009
14728: 15404,14675,14942,14529,13092,13101
15629: 14443,15532,13428,13782,15762,13248
15066: 13385,15369,13840,15203,13651,14688
13042: 13476,14881,13729,15811,14316,13844
13175: 14815,14844,14998,14381,13664,14703
13998: 14259,15156,15038,13754
15220: 15096,14357,13115,14226,14877,14070,14842
15650: 15534,15378,13725,14696,14634
15394: 13224,14067,15444,15776,13678,12874
15096: 14226,15220,13650,15503,14842,15654
15036: 13910,13844,15510,14316,13845,13399
15413: 14869,13941,13074,12844
13862: 14794,14906,14727,13655,14627
15069: 15717,13548,14801,13457,13107,13625,13147
13047: 12997,15712,14391,14867,13384,15511
15486: 13952,14642,14504,13765,15179,13270
13826: 13137,15358,15037,15308,14981
14163: 14640,15548,14459,14099,13529
13126: 14009,14826,15417,14100,13905
13637: 12851,14404,15477,12938,13730,13130
13307: 15016,13152,14080,13578
13255: 
15391: 15083,13409,13249,15379,14290,14665
13017: 12927,14812,14578,15285,13407,14736
13345: 15627,13349,13153,15779,15172,13236
14867: 13047,15712,15459,13478,15092,15511
13057: 13929,13898,13743,13925,14428,12828
14258: 12917,14723,12916,13748,15461,13899
13004: 15705
15728: 13454,14184,15266,14197,15127,15301
15248: 14829,13250,13232
15407: 14792,14838,12965,13937
15424: 14448,15665,14289
14213: 15169,14943,13852,15267
13939: 13957,13501,14037,14494,14399,13521
12921: 13140,13703,13108,14756,13368,14733
15337: 12996,12895,12845,13884,14484
14460: 14094
15717: 15069,13548,13737,13625,14410,13147
15491: 15034,13831,13723,13124,14782,14992
13507: 15091,15134,13639,14610,15160,14165
14495: 
15431: 13452,15396,15547,15647,13550,13848
14053: 13226,15204,15151,14762,14928
13510: 14332,15280,13067,14730,14944,15522
15693: 14470,15129,15688,14074,15561
13570: 15293,14384,12956
14715: 13675,14430,14958,13234
15741: 14485,14464,15189,15225,15763,14845
13177: 15057,13122,15347,15584,13035,13528
14512: 14796,13565,15697,13969,13569,14550
15571: 13190,14235
12832: 15090,12878
13537: 13918,13798,14402,13492,14254,15498
12835: 13739,13732,14409,15680,14993,15471
14457: 14435,15333,15449,13447,13441,15500
14930: 13097,15481,15379,13761,12936,13089,13838
15235: 13267,13873,14243,13068,13194
13635: 13835,13559,14000,15329
15543: 12836,14216,13895,13951,13593,13546
13406: 13668,14335,14960,13811,13601
13964: 14963,12998,14802,14758,14021,12908
13366: 15177,13605,13981,13136,14023,12955
13737: 15717,13548,15654,13736,15643,14410
15135: 13428,14952,14354,15081,14662,13078
15681: 13424,14339
15147: 15783,15339,15343,13008,14793,14262
13068: 12867,13194,15235,14243,14079
15585: 12821,13050,15045,13240,13360,14882
15719: 14966,12854,13379,15732,15385,15111
13709: 14687,14530,14114,13285,14049,15208
14716: 15436,12952,15702,14561,14156,14010
13268: 14682,15158,15389,14266,15450,15618
13678: 12874,13932,14399,12815,15394,15776
15280: 14768,14332,13510,14944,13967,15171
14797: 15275,13012,14475,13210,14569,13344
13966: 14688,14140,15256,13651,14295,12976
15539: 13792,15356,14030,15462,13669,15446
14090: 15595,14574,12871,14086,13281,13443
14455: 14694,15211
12986: 14523,15649,15552,14239,13221
13084: 14278,14462,13096,13079
14086: 14071,12871,13094,13290,15595,14090
13019: 13451,14138
13810: 13954,14218,14994,14585,14980,15316
13032: 15686,15218,14778,15198
15247: 14579,13273,15682,14965,14770,14929
14210: 13808,13381,14242,14608,15739,15433
13195: 14834,12823,15786,14288
13138: 15429,15108
14901: 12959,13922,15807,14633,13468
13101: 13092,13865,15243,14728,14529,15676
15295: 13623,13339,15110,13026,14584,14706
12930: 14817,13926,12916,14973,13875,14896
14297: 13630,13877,15327,15602,14196,15809
14408: 14737,15596,13568,14055,14939,15142
15035: 13382,14130
13697: 15234,14979,13958
14382: 15281,13913,14146,13353,15154,15646
13103: 15063,14371,12928,13526
15353: 15742,13885,13264,14180
13012: 15275,13807,13395,14797,14475,14026
14251: 13421,14625,14965,14219,13639,13909
15350: 13829,15052,13497,14252,14019
13305: 14194,13917,13220,14577,14321,13599
13543: 13003,14785,14340,15545
13340: 14054,12928,15726,13394
14652: 12967,13393,14482,14473,12882,13085
13051: 13112,15117,13842,14192,15534
13445: 13587,13944,13680,15137,14443,14354
13901: 13726,15354,13039,14750,13629,14978
15612: 15266,13337,13824,15549,13284,15553
15718: 14244,14075,14189
13140: 13703,12921,15356,14030,13368,15701
15520: 14416,13723,28658,14103
14671: 15793,13567
14936: 15458,13315,15490,13379,15432,13289
13218: 13333,15760,15497,14651,14794,13655
15620: 13905,14938,14404,14167,14583,13783
15398: 14398,13722,12955,15788,14152,13624
14871: 15193,15251,15589,15223,14383,14820
14329: 13744,13936,14908,15346,15686
15593: 
13332: 14789,14172,14186,15260
13469: 13367,12941,15740,15813
14424: 14502,13108,12987,14927,15284
14056: 14324,13882
14769: 15386,13934,15505,15229,14343,13857
15667: 12932,15699,15381,12853
13410: 13091,13504,14132,14257,15479,15251
14649: 12942
14886: 13545
14758: 14995,14913,15573,14802,13964,14021
14340: 15009,14637,15545,13543
13580: 15487,13562,15018,14154,13505,13350
15540: 15291,13229,15802,12820,13622,15006
13679: 14141,14062,15101,13919,13185,14267
12899: 15554,13418,13114,15290,13151,14048
14691: 14406,15803,14142,13710
13701: 15053
15384: 15050,15385,13043,13015,15088,15490
13556: 14160,15112,15335,13014,15097,14015
12963: 14149,13891,15459,13246,14496,15712
13843: 
15444: 13390,14067,13632,15394,13224,13372
13411: 13219,15420,13102,14501,14342
14519: 14664,13252,14024,15146,14358,14492
15072: 14350,15788,13065,14152,13460,13696
13621: 15633,13046,15651,13953,14115,12943
13816: 13424,14997,15299
13827: 14139
15290: 15554,12899,13769,12997,14048,13915
14690: 15277,12872
14243: 15315,14079,15778,15235,13068
13481: 13174,14907,12909,13649,12864,14221
14031: 
14996: 14367,14042,14528,15332,13830
13353: 14834,15281,14382,15154,15107
13178: 14260,12903
12875: 14358,14463,14492,15485,15437,14977
15329: 14000,13241,14181,13635,15448,13871
15256: 13156,14307,15524,13651,14295,13966
14032: 14121,14224,15642,13931,14223,13749
15085: 14602,14750,13179,13610,13039
13791: 
13395: 13807,13012,14026,14655,15607,15080
14672: 13067,14002,14948,13999,13423
13563: 15078
12858: 13597,14589,14669,14771,15176,14884
13965: 
14183: 15707,13971,14449,12823
13747: 15758,14876,15320,13959,12888,13534
15542: 13371,15771,14919
12912: 14447,13185,15748,14896,13643,13919
15352: 14900,14230,14068,14995,15573,13021
14645: 14745,13894,13992,14840,14327,13506
14726: 15003,15447,15419,14559,13328,14788
14012: 14264,15365,15637,14387
13198: 13689,15119,15556,15009
13444: 13976,15104,14618,14508,13030,14472
15611: 14442,12846,14331,14891,14935,14680
28680: 13160,15454,14310,14238,28675,14157
13396: 15716,15289,14839,14479,14568,13889
14199: 13838,13581,13404,14273,13089
13245: 13774
14537: 13670,12870,14686
14714: 13990,13778,13311
13079: 13084
15445: 15706,14882,13705,15480,14734
15781: 15805
13575: 15550
13291: 13555,13290,13782,15762,15595,13693
13887: 15536,13588,14821,13997
13538: 14017,13902,15034,14103
15317: 15446,14594,12824,13792,28677,12885
14557: 14679,14337,13088,13164,14381,14703
14857: 14542,14003,13589,13355,13293,14376
14514: 14241,13453,14623,13819
14006: 14095,15810,13095,14286,15316,14218
13231: 15461,13433,13899,14298,14231,13566
14991: 13821,13871,15603,14022,15462
15192: 14293,15357
14125: 13847,15700,14753,13257,13048,14499
15196: 14889
14471: 14234,15494,13209,15082,13735,13614
14011: 14598,14330,14374
14778: 15198,13032
15065: 14732,15465,13860,13217,14774,13686
15399: 13685,15254,15694,14906,14275,14725,14620
13460: 14152,13696,14044,15651,15714,15072
14395: 13834,13443,14202,13304,12848,13180
14196: 13802,12861,15602,14297,13069,15809
13925: 13739,14888,14899,14428,13929,13057
15700: 14125,13847,13794,15362,14693,14753
13985: 14483,13793,14897,13434,13708,14940
13125: 14937,14088
14702: 14097,14322,13148,14481,15003,15447
14614: 13641,14554,15780
15267: 14213,13640
14285: 14229,14113,14249,13592,13716,15100
13565: 14796,14512,14840,13569,15641
14194: 14020,13917,13305,14018,14786,13599
15736: 15434,14562,13470,13052,13955,14232
15508: 15092,14364,12977,13361,13220,14577
12954: 15319,13189,15773,15453,14380,13799
13449: 15697,15409,14001,14738,14222,14550
15687: 13441,15500,14880,14740,13253,15745
14215: 13746,14682,14131,14364,12977,14853
13014: 13699,14713,15097,14160,13556,14262
14122: 14953,14299,13337,14197,15401,13022
15600: 15064
14296: 14766,14674
13038: 13980,15388,13295,14229,14113,14469
13738: 14935,13760,14331
13519: 14859,13823,15152,14862,15648,15451
14842: 13548,15654,14801,15096,14357,15220
15551: 15215,13304,14225,13168,13617,14436
14595: 12910,14245,15402
15469: 13897,13549,14959,14783,14734
13479: 15613,15177,13605,15340,14708,13879
14231: 13009,14059,13566,13972,13231,13899
15459: 12963,14149,15712,14867,13713,13478
14928: 15283,15151,14053,14762,12960,15263
13159: 15010,15749,14036,14560,14819,13461
14841: 14401,13135
15043: 14013,13854,15155,15390,15722,13986
13499: 14033,14712,15504,14754,14630,13261
14806: 14068,14137,15039,15133,14822,15046
14433: 13227,13626,15775,14898,13661,14126
15707: 14183,13302,13948,14449
15170: 14979,13770,14422,13958
28677: 15787,12885,15317,12824,15274
15118: 13958
15231: 14576,14034,15467,13430,13962,14602
14948: 14672,14730,13855,13999,15764,14061
15618: 14964,14553,15450,14684,13268,15158
13527: 13707,13054,13549,14313
13295: 14341,13056,14229,14377,14469,13038
13623: 14811,13339,15295,15080,15110,13077
14062: 15213,14141,13679,14613,14267,14206
13769: 13277,15658,15554,15290,12997,14391
14725: 14275,13319,15399,15254,14253
14616: 15321,13029,14140,15443,14629
14522: 15244,12920,15374,13364,13143,14109
14959: 13707,13897,15469
15377: 14679,14337,13927,13335,14162,15405
13191: 14856,13053,14986,13932,14037,15731
15554: 12899,13418,15290,14773,15658,13769
13380: 13960,14451,15813,14972,14370
14175: 13276,15726,14656,14570
15052: 15350,13829,14880,14829,13253,13497
12817: 15324,14016,14279,15361,13572,15472
13581: 14199,13838,14361,15604
13050: 13104,13491,12829,15045,15585,13240
13857: 14343,13761,14733,13934,14658,14769
15709: 
14807: 13427
15208: 15602,15334,13709,14114,13285,12861
13868: 13310,13055,15084,13182,14187,14536
13569: 15212,13969,14709,14512,13565
14503: 15369,13128,14527,14890,13357,15804
15205: 13967,14985,14511,15348,14228,12884
15527: 12950,13492,13233,15239,14858,15257
13099: 15525,15563,14999,15738
14013: 15043,13854,15155,12845,14699,15806
14817: 12930,12994,13926,13858,14723,12916
14218: 13954,13810,15734,15316,14006,15810
13237: 14599,15268,13143,15386,14628
15428: 15201,12830,14440,12849,13018,15492
15366: 13139,12951,13977,14605,13631,13541,13154
13342: 15774,14586,15516,13813,14962,15690
14843: 14095,15810,13576,15298,12974,13756
15523: 15105,14585,15316,14533,14029,14286
15236: 13715,14816,14987,14150,14349,14968,15647
15214: 14643,13935,13665,13184,14812,14676
15744: 13506,13688,13338,14925,15652,12818
15241: 15325,14084,14804,14523,13558,15008
14095: 14006,15810,14843,13095,13576,14394
14918: 14917,13170
15037: 13000,15476,15308,13826,14981,15569
15386: 15296,14628,14769,15229,14599,13237
14232: 15051,15415,15131,13470,15736,14562
14287: 15375,15127,14765,14421,13824,15711
13677: 13855,15676,13865,14660,15764
15742: 13387,15440,15353
15333: 14320,15449,13011,13447,14874,14457
14394: 14413,13576,13553,14326,13095,14095
13447: 14874,15796,12968,15333,14457,13441
13554: 14390,15560,14235,13764
13233: 12950,13492,15527,15800,14836,14254
13464: 14639,15191,14204
13655: 14727,12975,13218,14651,14914,14794,13862
13029: 14616,15321,13840,15443,13212,15804
13624: 13787,13551,15398,13722,14152,15714
15169: 14213,14943,14378
15210: 15382,14587
14573: 13812,14200,13950,15244,14576,15467,13573
15705: 15452,13004
15740: 14961,15221,13118,13469,12941,15813,14972
15615: 15592,14706,14430,13234,15713,12984
12917: 14723,14258,13060,13748,13153,15172
13542: 15811,15703,15506,14990,15122,15068
13530: 14325,15110,13675,13026
14107: 14647
15652: 15020,14925,15744,12818,15404,14675
15661: 14072,14484,14837,13129
14118: 13653,15537,13751,13907,15206,14018
15314: 14779,13033,13200,14307,15524,15777
15528: 15020,15594,15123,14260,14427,13583
13604: 13893,14705,15514,15165,14732,14120,14070
13767: 14828,14363,15608,13638,12847,14572
13653: 14118,15537,13751,14009,14826,14974
13208: 13263,13207,14913,15455,15067,14520
14804: 14479,14568,14523,15649,15519,15008,15241
13561: 14849,13313,14102,13547,12820,12934
14574: 15595,14090,13693,14392,13551,13281
14402: 13636,14164,15257,13918,13537,13492
15763: 13210,14441,12989,15741,15225,14845
13427: 14265,14807
14269: 13136,14603,14123,15535,15340,13605
15805: 15781
13403: 12996,12895,14860,13287,15355,13594
15567: 15495,13402,28675,14036,15400,14310
15701: 14751,15505,13140,15356,13368,13934
14643: 13942,13974,13935,12866,15214,14676
15587: 14469,15548,14868,14099
13683: 13772,14846,13031,15291,13622,13045
14077: 15310
15778: 13873,15501,15315,14243
15157: 14859,12990,12873,13681,15559,14255
13196: 13544,13682,13331,13326
13735: 13025,13908,15082,14471,14571,13614
13348: 14905
14935: 15125,13738,14680,13760,15611
14775: 13961,13128,13577,14553,14667,12918
13387: 15742,15440
14635: 13358,15079,14420,15232,13247
14648: 13318
15216: 15634
15675: 15363,13657,13117,13948,15344
14732: 15465,14120,15065,13217,13604,15165
15429: 13138,15103
15046: 13027,14822,13288,14806,15133,15041
12865: 15716,15289,14468,13157,15121,15004
14753: 14693,14717,13031,14125,15700,14499
14982: 15724,13852,12889,15099,14272
13182: 12993,14001,14187,13868,14738,14536
14456: 14344,13828,13487,15042,13044,14916
14759: 13361,13713,14236,15727,13917,13220
13271: 15387,13435,15345,13946,14790,15609,15558
13334: 
14771: 14101,13357,13212,14669,12858,15176
12920: 14522,15244,13364,13356,15002,13573
14599: 15268,13237,15229,13400,13815,15386
12825: 12840,13943,14984,13280,13719,13876
13060: 14926,13327,13748,12898,15172,12917
12892: 12900,15568,13166,14452,13278,15416
14345: 13571
14316: 15811,15703,13845,13042,13844,15036
12906: 12973,14349,14605,13452,15647,12951,13631
14263: 15506,15301,14990,15375,14638,13375
14767: 14824,15755,15224,12964,14313
14729: 14565,12855,15514,14869,12926,15555
13568: 15275,13807,14055,14811,15142,14408
14739: 13942,13935,15001,12896,13822,13202
14174: 15622,14741,14473,13950,12882,13132
14570: 14656,13990,14175
15294: 12924
14279: 15324,12817,13188,14447,14116,15472
15093: 14969,14879,14481,13007,15349,13148
12907: 15016,13888,14135
12833: 14592,13142,15040,12828,13898,14624
14738: 14454,14536,13182,14001,13449,14222
15547: 15396,15431,13550,13863,15494,13209
13636: 14402,14164,13069,15580,13166,13918
14849: 13313,13561,14102,14134,15336,15306
13700: 15691,13319,15071,15320,13959,15254
14366: 13429,13321,13073,14505,12983,15102
12975: 14727,13655,14914,14027,15746
13287: 13417,13063,14860,13430,13962,13403
13498: 15613,15177,13981,15137,15532,15318
13875: 13734,15748,13467,14896,14973,12930
15799: 14384,15793,15628
13152: 13646,13307
15784: 15163,13726,13187
15060: 13025,13908,14776,14933,14392,13787
14353: 14000,13241,14515,13657,13117
13394: 13276,15726,14411,13340,14054,12988
14670: 15021,15634
12860: 14249,14280,13592,14667,15684,12918
14695: 
15259: 14319,14407,14745,13992,13338,15529,15269
12819: 14144,12944,15619,13864,15463,13745
13448: 15448,13821,13241,14515,14594,14721
12836: 15543,13180,14216,13617,15159,13593
12966: 13034,12934,13229,13465,13869,13486
13681: 13789,12873,13613,15559,14636,15157
15411: 13213,15644,13484,13459
13560: 14207,14379,12995,13618
13171: 13184,12927,13516,13866,15200,13753
15103: 15429
12902: 14873,13996,15531,15209,14439,13923
13855: 15676,14155,13677,15785,14061,14948
15356: 13792,15539,14030,13140,15701,14751
14811: 15142,13623,13339,15080,13807,13568
14553: 14964,15618,14667,14684,14775,13577
15283: 15338,13649,12864,14928,15151,15263
15757: 14071,12884,12871,15215,12848,12978
13331: 15475,13196,13326
14020: 14194,15727,13917,13907,13582,14018
14334: 14955,14014,15792,15143,15145,13013
15514: 13893,13604,14705,12855,14729,15555
13863: 13953,15044,15273,15396,15547,15494
15670: 13035,13528,14724,13801,14450,12980
15382: 15210,14060,15185,15526
13907: 13582,15194,14020,14118,15537,14018
14968: 12973,14349,13001,13715,15236,15017
12956: 13570,15293,15470
13878: 14903
15292: 13502
15651: 13460,13696,14044,13046,13518,13621,12943
13658: 14958,14566,14465,14825
14633: 12972,15807,14289,14901
15354: 13901,13039,14282,14943,14978
14940: 14971,12981,15313,14483,13985,13708
15708: 14900,14230,15575,15364,13668,13601
14803: 15669,15381,12881
13599: 14786,14754,14194,13305,14321,15059
15375: 14287,15127,15711,14263,15301,13375
13355: 15765,15258,14545,13293,14542,14857
12859: 13845,13928,14990,14638,13836,15703
14145: 12947,14386,13645,15690,14586,13294
14127: 14277,13246,13134,13277,13064,14496
15480: 14734,13702,15445,15706
13882: 14056
14133: 12992,14403,13960,13183,14423,14439
13002: 12897,14788,15419,14650,13890,13963
13028: 14073,14997,13408,13980,14128
13141: 12893,13288,13431,13797,13181,14147,15000
12968: 13447,15796,14172,13250,13232,13441
13035: 15670,13528,14567,13177,15584,13801
14152: 13460,15714,15788,15072,15398,13624
12926: 14869,13074,13903,14729,13059,15555,15395
12973: 12906,14349,14968,14605,15024,15017
13698: 12974,13756,14770,15331,15750,15380
12982: 14865,14494,13521,14549,15737
15699: 15667,15125,15138,12853
13716: 14249,14208,14388,14341,14229,14285
13851: 14318,15617,13420,13612,14955
14558: 14063,15533
13916: 14883,14369,15149,15126,13324,14827
14188: 15605
14169: 14273,13991,15175,14621,13956,14658
14526: 15771,14214
15015: 13415,14005,13278,13154,13093,13139
13906: 15680,13286,13072,13230,13828,13608
14046: 13041,15253
14493: 14954,15776,14984,14534,14067,14524
14508: 13300,14763,15146,13444,15104,13030
15028: 15346
14426: 14093,13005,14884,14997
14507: 15785,14061,15207,15081,14730,15522
14423: 15209,14439,13352,14133,13183,14818
15691: 15336,15306,13319,13700,15071,13105
15405: 14050,15307,14337,15377,14491,14162
15436: 15401,13022,15789,14716,12952,14156
14655: 14446,15607,14066,13391,14026,13395
15107: 15786,15297,14834,13353,15154,13692
13040: 13429,13216,13023,13786,13603,12983
13284: 15549,14304,14953,15612,13337
14420: 13358,15079,14635,14956,15373,13422
14084: 15325,15241,13922,14476,15008,13968
13489: 14681,13825,14250,14556,13531,15482
15516: 15774,13342,14586,14962,14261,13199
14161: 13224,13372,14683
15596: 14408,15001,14737,14939,15597,13822
15090: 12832
15463: 13864,12819,15108
13288: 12893,13141,15133,15041,15000,15046
15754: 15515,14220
15714: 14152,13460,14044,13787,13624,14933
14925: 15020,15594,15652,14747,15744,13688
14799: 13864,15489,14490,13161
15808: 14431,13422
15583: 14275,14253,12876,15635,13859
14061: 15785,14507,13855,14730,14948
15622: 14741,14174,13172,15374,13812,13950
15389: 14266,14048,13915,15150,15450,13268
13528: 15670,13035,14724,15412,13177,15347
12957: 13248,15367,15468,13290,15762,13094
14782: 12831,13457,15238,13124,15491,14992,13107
14681: 15150,15450,13489,14684,13825,14250
13376: 14290,15086,14076,14271,14051
13648: 13802,15580,14283,13293,14376,15568
13531: 13317,14664,14556,13489,15482,14294
13401: 14444,15456,15474,13839,15204
15081: 15135,14952,13078,15785,14507,15207
13461: 14819,13695,15627,13349,13159,14560
13276: 14175,15726,13394,14656,15566,14411
14815: 13175,14998,15625,15307,14703,15323
13408: 13597,15100,14113,13980,13028,14073
15653: 13532,13799,14191,14223,14654,13706
15129: 14470,15693,15688,13412,14668,13883
14509: 15633,13046,13518,13673,12980,12948
15471: 13227,14119,14899,14409,12835,13739
13711: 13226,15204,13251,14444,13416,14485
14375: 13131,13758,15013,13450
14098: 15549,15553,13109,14854,13931,14121
14373: 13417,13063,13629,14892
13207: 15311,13263,13208,14995,14913,13021
13922: 15325,14084,15807,12959,13968,14901
15686: 13768,13032,15218,15346,14329,13936
13977: 13139,12951,15366,14605,13081,15464
14124: 15278,13585,14719,13127,15057,15584
15733: 14947
12884: 14071,14228,15757,15205,14511,12978
13547: 15242,15006,15460,13313,13561,12820
14975: 15102,15058,14597,13794,14505,14693
13156: 15256,14307,13651,15437,15203,14977
14282: 14432,13179,14548,15099,15354,13039
14393: 
13045: 14499,14045,15696,13031,13772,13683
14450: 13801,15372,15670,14644,12948,12980
14275: 14725,15583,15710,15399,14620
14404: 13637,15477,14167,13783,13130,15620
14976: 14029,13095,14286,14910,14268,13553
12935: 13806,12915
15689: 13061
13777: 15130,15564,13923,13225,14436,13996
14854: 12947,14386,12826,13931,14098,13109
14325: 13530,15110,13077,13275
14549: 13521,14328,15731,14256,12982
14502: 14424,13108,12987,15657,13082,14756
13815: 15787,12885,13400,14751,15505,15229,14599
15063: 13103,14371,13391,14066
14344: 13230,13260,13828,13487,14456,14227
13929: 13057,13743,14888,13925,13483,14661
15560: 14390,13554,15277,14235
13728: 
12905: 15495,14722,15772,15101,15005,13205
13740: 12922,15713,13638,14566,14465,14572
15017: 15240,15180,15024,13001,12973,14968
14417: 13691,13746,15158,14964,14280,14208
14305: 13587,13944,15623,15269,14708,14692
14478: 13730,13130
13228: 14887,14800,13075,15509,14111
13018: 15428,12849,14993,13732,15492,15769
14201: 13714,13016
14965: 14625,15682,14251,15247,13273,13909
15635: 13859,15583,15710,14678
14679: 14337,14557,13088,15377,14104,13335
15301: 14263,15506,15375,15127,15728,13454
14727: 12975,13655,13862,15300,14362,14627
15419: 14726,15447,15371,14788,13002,14650
15659: 14035,13938,15304,13523
14631: 14147,14323,15303,13189,15773,15140
14653: 14743,15042,13800,12830,14440,15131
14071: 14228,15757,12884,12871,13094,14086
14992: 14281,13324,13107,14782,15491,13831
13742: 15513
28675: 15495,15567,15772,14310,28680,14157
14439: 15209,14423,15531,14133,14403,12902
12820: 15540,13229,15006,13547,13561,12934
13974: 14848,13942,14643,12866,15195,14551
15068: 15421,13414,15122,15811,13542,13729
14432: 14282,15099,13852,14943
15788: 14023,14350,15072,15398,12955,14152
13144: 14518
14627: 13484,14362,13862,14727,14309
15026: 
15311: 15530,13263,13207,13272,14546,13021
15251: 14871,15589,15223,13410,13504,14257
14548: 13179,13437,15089,15030,14282
13206: 14135,13111,13578
14058: 12869
15810: 14095,14006,14843,14218,15734,13756
14705: 13893,13604,15514,15165,14828,12855,14641
13304: 15215,15551,12848,14395,13180,13617
14917: 14918
14298: 13433,13231,13566,15265,13389,13789
13870: 14182,13955,14217,14895,14611,14791
14441: 14475,13210,14752,15075,15763,12989
14363: 14828,13767,15608,13217,14774,14487,15165
13465: 14846,15291,13229,12966,13869,14564
14407: 14319,15259,12841,13123,14745,13992
14312: 15004,15055,14559,15716,13889,13752
15137: 14443,15532,13445,13944,15613,13498
13579: 15764,14510,14660,13214,14983
14271: 13937,14153,13376,14673,14051
13659: 15059,14630,15683,13462,13620,13056
13318: 15062,14648
15016: 13307,12907,14135,13578
12934: 13034,12966,13561,14102,13229,12820,15199
15287: 13644,15123,12903,14190,14747,15594
14793: 14160,15202,14262,15147,15343,15460
14872: 14944,15348,15522,15207,15367,15468
13109: 15549,14098,14854,12947,15466
14612: 14246
14546: 13811,13272,13601,14230,13021,15311
14752: 14441,15075,13526,13619,12989,14371
13550: 15431,15547,13209,13765,13848,15179
15084: 13174,14907,14187,15597,13310,13868
15074: 14178
14170: 14823
13298: 13279,13378
14866: 14865,15252,14581,14862,14064
13261: 14957,15578,14211,15504,14712,13499
14029: 14976,14286,13867,14910,14533,15523
13995: 15191,14204,15144,14396
15513: 13742
14876: 13747,15758,15320,13333,15497,13685
15123: 15287,12903,14260,15594,15528
15269: 15529,15623,14319,15259,14692,14305
14780: 14683,14360,13053,13979
14897: 13793,13985,14486,14069,13414,13434
14220: 14772,15359,13672,15754
14421: 14121,14224,15553,13824,14287,14765
13089: 13761,14273,13991,14199,14930
13430: 14860,13962,15155,14034,15231,13287
14035: 15659,13632,13523,13933,13390
13795: 15636,13514
14589: 13597,12858,15100,13592,15684,14669
13950: 13812,14200,14573,15622,14174,13132,13437
15250: 15304
13016: 14932,14600,15521,13714,14201
14357: 15220,13256,14877,13374,14842,14801
13491: 13050,13104,12829,15750,14338,15380
14272: 12889,14396,13446,15191,14982
15154: 13692,14833,15646,14382,13353,15107
14462: 13780,13084
13941: 13074,15413,13466,14416,28658
15786: 15107,15297,13203,13195,14288,13370
14777: 14565,13312,12855,14641,13076,12862
14085: 14521,15041,13027,13656,13755,12998
14674: 14766,14296,14970,14792
13982: 15054,13456,15265,13320,14059,13566
13669: 14022,15462,15113,13439,15539,14030
13945: 14743,13044,14642,14504,13663,15768
13232: 13441,14880,12968,13250,15248,14829
12925: 13137,12972,15053
15101: 15005,13919,12905,14141,13205,13679
12952: 13022,15436,14716,15685,15702
13695: 14819,13461,13322,13349,12994,13858
12987: 14502,14424,14148,14746,15657
15397: 14569,14845,12909,15189,15338,13649
15153: 13425
13130: 13783,13637,14404,14478
13485: 14207,14379,14017,13902,15126,15149
14810: 13294,13606,15022,15606,13106
14365: 13814,15138,14622,13496
13441: 13232,15500,14880,15687,13447,12968,14457
15668: 15098,14060,14088,14007
14103: 13538,15034,13723,15520
13627: 14591,15492,14477,15201,13611,14434
13642: 15766,15383,15326
13071: 13615,14004,14270,15420,15766,15383
14016: 15324,12817,15330,13572,13662,14274
14629: 14696,15302,15402,13727,14616
14294: 15482,13347,13531,14664,14492,15485
14978: 14378,13901,13726,15354,14943
13888: 14513,14805,12907
13256: 13059,15395,14877,12868,14357,13374
14542: 13589,14857,15249,14302,13355,14545
15564: 15130,13777,13923,12814,14839
14238: 13598,14310,13574,15454,28680,15422
13129: 13846,15661,14484,14837
13425: 15153
13513: 15473,13347,14697,13961,14527,13385
13081: 13589,15249,15464,15024,14605,13977
15127: 15375,14287,15266,13824,15728,15301
12879: 13306,13784,13719,13297,15530,14057
15038: 14746,15657,13998,13058,13754
15179: 13848,13896,13270,13550,13765,15486
14444: 13401,15456,13416,13711,15204
15803: 14691
13315: 14936,15458,15490,13674,12863,13043
13229: 15540,15291,12820,12966,12934,13465
13405: 14678,14356,14240,15730
14187: 12993,13182,13591,14907,15084,13868
15242: 14711,15006,12940,13547,15460,15202
14951: 
14888: 13739,13732,13925,15769,13483,13929
15100: 13597,14589,13408,13592,14285,14113
12853: 13814,15667,15699,15669,15381
12852: 13386,13921
13102: 14878,15408,14501,15761,13411,14342,14989
13879: 13757,14708,14692,15340,15351,13479
14440: 12830,15428,14916,12849,15042,14653
13005: 15176,14884,12839,14426,15812
15312: 12959,13968,12897,13963,13244,13970
14977: 15437,12875,14463,13033,13156,14307
14470: 15129,15693,13412,14745,13894,15561,13123
14766: 13830,14674,14296
15759: 13545,13670,12870
12927: 13184,13171,13017,13516,14812,15285
13675: 14715,14430,13026,13530
15807: 15325,13922,14289,13215,14901,14633
14132: 13091,13410,15625,14050,15479,14311
12841: 14319,14407,13123,13049,15109,13757
14093: 14426,15812,14988,13458
13243: 15590,13421,13440,14544,15025,14219
12991: 13720,14314,13718
13672: 14278,15359,14220
14607: 12945,15341,13731,14619
13160: 13654,15454,28680,14157,12999,14773
15574: 12838,13662,15330,13976,15104,14237
13241: 14000,14353,15329,14515,15448,13448
15440: 13387,15742
15566: 14656,13276,14411,14461
13431: 12893,13141,14680,12846,13181
13364: 15268,13143,15782,14522,12920,13356
13369: 13774,13111,15217
13393: 12967,14482,14652,15541,13249,15246,12890
14117: 13149,14624,14171,15590,14610,14165
13467: 13734,15748,13875,15361,14043,15472
13968: 12959,15312,13922,14084,15457,12897
15012: 
15371: 15447,15419,14322,14438,14606,14650
13238: 13540,14870,12824,15274,15517
14529: 14728,14942,13101,13292,13984,15676,14155
14801: 15069,14842,13548,14357,13374,13457
13386: 12852
14561: 12946,14389,14716,14010,12843
14203: 15533,13176
14255: 15361,14043,13572,12873,12990,15157
15401: 13022,15436,15789,14122,14197,14184
13720: 13373,14314,12991
14838: 14792,15407,13994,13900
13501: 13957,13939,14494,13456,13613,14636
14193: 14233,15544
13853: 14480
15194: 13907,13582,13493,13162,13790,15537
14389: 14561,15234,14979,12843
13775: 15181,14025
14005: 13415,15015,13072,13154,13230,13260
14409: 13607,13608,15680,15471,14119,12835
13000: 15037,15476,15279,15755,12964,15569
13975: 15599,13013,14677,14831
15598: 13630,15721,12962,14552,13804,14858
13611: 14268,14434,15201,15051,15415,13627
13912: 12919
14823: 14170
14100: 13905,14938,13126,14336,13080
15458: 14936,13315,15432,12863,14637,15545
15621: 15735,14541,13087,13750,15433,13258
14677: 14014,13013,13975,15212,13309,14831
15152: 15737,15559,14865,14859,13519,14862
13555: 13782,13291,15318,14398,13722,13693
15776: 15630,14493,14954,14067,15394,13678,12815
13258: 13164,13173,15115,15735,14541,15621
13346: 14647
12871: 14071,15757,14086,14090,13443,12848
14326: 13553,14434,14591,13978,14413,14394
14836: 14254,14898,13233,15800,14689,13661
14091: 15639,12862,14825,12847,14572,14465
12995: 14207,13560,13512,13618,14530,13524
14138: 13019
13871: 15448,14991,15603,14181,15329
14795: 15434,13867,14533,13007,14097,13148
13559: 13886,13635,14000,13657
14022: 15462,13669,15603,13439,14991
14262: 14160,14793,13699,13014,13008,15147
14463: 12875,14358,13030,13033,14472,14977
15735: 15621,13087,14179,13533,13258,15115
12955: 14398,15398,13366,13981,14023,15788
15022: 15606,13106,14810
13786: 13023,14749,13040,14626,15577,13603
14075: 15718
13073: 14015,14596,13192,14366,13321,15102
13741: 15751,15120,13904,14525,15422,14277
15710: 14275,14620,15635,14678,14356
15639: 14091,12862,14825,13076
14651: 14914,13240,12829,13218,15760,13655
14563: 13517,13839,14397,14999
13806: 12935
13457: 12831,14782,13374,15069,14801,13107,13147
14348: 15512,12869,14390,13186
14641: 14777,12855,12862,12847,14828,14705
14166: 
13872: 14078,12814,14704,13352,14143,15552
13497: 13482,13253,15350,15052,13989,14252
15357: 15271,12931,15192,14489,14805
14927: 13628,13676,14424,15284
15007: 13940
13668: 13406,14945,15575,15708,13601
14764: 15033,13475,15071,13690,13959,12888
13312: 12844,14565,14777,13076
14826: 13126,14009,13653,15501,14974
14155: 13855,15676,14529,13078,13984,15785
13381: 13808,14210,14104,14541,15433,13088
14425: 14626,14247,15632,13131,15013,14720
14157: 15237,12999,28675,15772,13160,28680
13880: 12923,13473,14835
12876: 14253,15114,15583,13426,13859
13838: 14199,13581,14930,15379,14665
13727: 12976,14140,14696,14629
13900: 14931,14838,14153
15535: 13500,15340,15351,13595,14603,14269
15442: 
15237: 13781,14157,12999,15772,15190,13205
15416: 13918,13798,12892,13166,14452,15581
15188: 
14545: 15765,13355,14209,13539,14302,14542
13493: 13582,15194,13562,15631,13350,13162
13935: 14739,13942,14643,15214,13202,13665
15126: 13902,15034,13831,13324,13485,13916,15149
15122: 15421,15068,13454,13090,15506,13542
13370: 14288,13881,15786,13203,14072
13997: 14821,15616,14891,13887,14442
15121: 13157,14041,14092,13020,14468,12865
15606: 15022,13106,15704,14810
15202: 14160,15112,14793,15242,12940,15460
15106: 13619,12988,12989,13413,14601,15225
14891: 14177,14331,14442,15611,13997
15758: 13747,14876,14579,13534,13066,13333
13338: 15744,13506,13992,15259,15529,12818
14919: 14700,14370,15542,15771
12870: 14537,13670,15759
15098: 15668,14007,15286
15499: 14740,14435,13976,14237,14618,15662
14473: 14741,14174,13409,12967,14652,12882
14030: 15539,15356,15113,13669,13140,13703
15502: 13392,15777,15141,13482,15745,13201
13165: 14701,14159,15601,14427
15633: 13046,14509,13673,13621,13953,14115,14535
14571: 14604,15427,13614,13025,15591,13735
14582: 13477,15679,13520,13359
13392: 15777,14295,15502,15524,13201,14385
14983: 12945,15341,13214,13579,13999
13782: 13555,15762,13291,15318,15532,15629
12962: 14164,15257,15809,13630,15598,14858
15300: 15746,13169,14727,14362,15644
13962: 13430,15231,14602,13063,13287
13989: 13842,13201,13482,13497,14252
14176: 14135,13111,15049
15446: 14594,15317,15462,13821,13792,15539
13474: 15245,13523,15614,15164,14580,14547
13339: 14811,15142,13623,15518,15295,14584
15536: 15753,13887,14453,14821,14096
14622: 15478,14261,14458,13814,14365,14323,13496
13352: 15209,14423,14818,14078,13872,14143
14885: 15692,15031,15197,12969,13837,13609
14089: 15637
14957: 13261,14211,14712,14920,13766
13590: 15061,15167,14820,14731,15193,15510
14202: 13834,14395,15591,14604,13180,14216
15609: 14676,14578,14790,13271,13946,13407,14744
15517: 15274,28683,14646,13238,14870,13913,14146
15318: 13555,13782,13498,13981,15532,14398
15075: 14475,14752,14441,14026,14371,13391
13921: 12852
13514: 15021,13795
13614: 14571,15427,14588,13735,14234,14471
15281: 14382,13913,14146,13302,14449,13353
14459: 14099,13235,14163,13529
15392: 13710
14147: 14631,14323,13496,15303,13797,13141
13617: 13168,15159,15551,13304,13180,12836
12880: 15465,14761,13860,13911,14531,15747
13864: 14799,13161,12819,15619,15463
15451: 15648,13823,13519,15677,14320,13011
13717: 
14041: 15121,14092,13020,15159,15698,13593
14190: 15441,15116,14747,13856,13644,15287
15078: 13563
14733: 13368,13934,14658,12921,14621,13857
12976: 13727,14385,14295,14140,13966
14119: 15471,13227,13626,13607,14409,13110
13149: 14624,14117,13898,13743,14544,15590
13078: 14662,13984,14155,15135,15081,15785
14712: 14033,13283,13499,13261,14957,13766
14693: 14717,14753,13794,14975,14597,15700
15782: 13438,15305,15586,15268,13364,13356
14731: 13590,15167,13910,15510,14154,13505
15578: 13261,14211,13751,15206,15504,13267
12881: 14803
13780: 14278,14462
13558: 14523,13552,15325,15241,13215
14158: 15638,13707
15581: 13607,14500,13110,14452,13798,15416
15104: 13976,13444,15330,15574,14508,14763
14045: 14499,13045,15696,13048,15761,14501
15768: 14791,13800,13663,14217,14743,13945
13262: 14781,13625,14410,13001,13145,13715
15167: 15061,13590,14731,13983,13505,13920
14265: 12867,13427
15713: 12922,12984,13740,15615,14566,13234
12856: 12958,15455,15067,13236,15222,15779
14632: 13476,14881,14483,14971,13796,15570
13186: 14390,13764,14348,12869
15203: 15437,14697,13156,13651,15066,13385
13830: 14766,14996,14528,14076,12965
13184: 13171,12927,14812,13665,13866,15214
15568: 14376,12892,12900,13166,15580,13648
14406: 14691,13616,14814,14142
15168: 14245
15417: 13694,13790,14583,13905,13126,14009
13729: 13042,14881,13414,15068,15811,13793
13274: 12943,15082,15273,14044,13908,14933
14831: 13856,14709,14677,13975,15212,15441
12861: 13802,14283,14196,13285,15602,15208
15797: 13049,13442,15109,15387,13193,13500
12854: 14966,15719,15335,15732,15097,13652
13573: 14576,15244,12920,15002,14573
13813: 14962,15544,13342
15793: 15628,14671,15799
14207: 13560,14379,13485,12995,13512,15149
15010: 13159,13671,15749,14560,13533,15115
13328: 14476,13752,14559,14726,15457,14788
14889: 15196
15676: 13855,14155,13677,14529,13865,13101
14288: 13370,15272,13195,15786
13030: 14358,14463,14508,15146,13444,14472
13552: 14814,14142,13221,13558
15082: 13274,15273,13908,13735,15494,14471
13091: 13410,13504,14132,15625,15120,15323
14347: 12960,12837,14762,14397,13420,14318
15263: 12960,15342,15283,12864,14928,13591
15569: 12964,13054,15037,13000,13600
15070: 14772
13015: 15088,14689,15360,15182,13043,15384
13142: 12833,13833,14592,14624,14171,15715
14604: 14571,15427,13895,15591,14202,14216
13586: 15430,15365,15286
14397: 14762,13839,14563,14999,13420,14347
15802: 15540,13622,14597,14711,15006,14717
15177: 13479,13366,15613,13498,13605,13981
13706: 13927,13749,13335,15653,13532,14223
15515: 15754
14773: 15554,13418,13654,13160,12999,15658
15525: 13099,13517
13253: 13482,13497,15745,14880,15687,15052
13784: 13306,12879,14057,14926,13327,14497
15021: 14670,13351,13514
14073: 13028,14997,13597,13408,14884
12889: 15030,15099,14272,13085,13446,14982
14915: 14821,15616,14303,15364,14137,15039
15211: 14455,13940,14007,14480
13362: 14961,14768,12992,13960,14972
15470: 12937,12956
14845: 14569,15397,15741,15189,13210,15763
14786: 15206,14018,15504,13599,14754,14194
13641: 14614,14554
14386: 14854,12947,13024,14145,14586,12826
15548: 15587,13283,15572,14163,14099
14247: 14626,14425,15577,15013
14602: 15085,15231,15467,13962,13610,13063
13251: 15076,13416,14485,14464,13711
15221: 13118,14429,15740,12941
15556: 13689,15119,13198,13242,15087,15124
15347: 13177,13122,14123,13528,15412,15720
15696: 13045,14045,13772,14501,14270,13219,13308
13289: 13155,15111,15087,14936,13379,15432
13325: 
15671: 14429
15430: 13586
12981: 14940,14971,15313,12979,12851,15477
15769: 15492,14477,13483,13018,13732,14888
14687: 13709,13618,14530,14114
15809: 14164,13069,12962,14196,13630,14297
13500: 15535,15351,13595,15797,15109,13193
13584: 
14586: 15774,13342,15516,15690,14386,13024,14145
14069: 15421,13414,14609,13633,14486,14897
14661: 14685,13440,14544,13483,13929,13743
13020: 13168,15159,13225,14041,15121,14468
14248: 13522,12872,14904
14510: 15426,14660,13214,13579
13257: 13048,14735,14125,13847,14087
15360: 13015,15088,14689,13661,14126,14315
13884: 14755,13203,14072,14484,15337
13033: 14779,14472,15314,14463,14977,14307
15368: 14244,13545
14418: 14151,15666
15047: 13398,15253,12887
13834: 13281,13443,14395,14202,14776,15591
14964: 14553,15618,14667,15158,14417,14280
13779: 13684
14182: 13052,15349,13955,13870,14611,13704
14037: 13939,13932,14399,13191,13521,15731
14605: 12906,12973,15024,13081,12951,13977,15366
13685: 15399,15254,14876,15320,15497,15694
14254: 14836,15498,14898,13537,13492,13233
14479: 14804,14568,13889,13396,15519
14036: 13159,15749,14819,15400,15567,13402
13116: 15094,12850,15264
13650: 15770,15372,15503,15747,15096,14226
15310: 14077
13509: 13714
13220: 13917,13305,13361,14759,15508,14577
14167: 14583,14359,13383,14404,15477,15620
15053: 13701,12972,12925
13183: 13960,14451,14133,14423,14818
13876: 14524,13535,12825,14984,13306,13719
13429: 14366,13321,13303,13216,13040,12983
14909: 13829,14829
15462: 14022,13669,13821,14991,15539,15446
12883: 14474,13404,15226,15175
12989: 15106,13619,15225,14752,14441,15763
15555: 13059,15395,14729,13893,15514,14869,12926
13375: 14638,15672,15375,14466,15711,14263
13330: 14186
14311: 15672,15479,14491,14466,14050,14132
13703: 13140,15284,12921,15113,13108,14030
14126: 14415,14315,14433,15775,15360,13661
15607: 14446,14655,13275,13395,13077,15080
14137: 14068,14806,15039,14915,15364,14900
14447: 12912,13185,14116,15472,15748,14279
13913: 15281,14382,14146,14870,13302,15517
15720: 14023,14350,15347,13136,14123,15412
15679: 15767,14582,13520
14814: 13552,14142,13616,13221,14406
15695: 14308,14736,13686,13860,15278,14531
15367: 12957,13248,15468,14952,15207,14872
14430: 13675,14715,13026,15615,14706,13234
12943: 13274,15273,13621,14044,15651,13953
13811: 13272,14546,13601,13406,14960,14532
14332: 14768,14445,15280,13510,13067
13145: 13715,14816,12816,15643,14410,13262
13306: 12879,13784,13719,13876,13535,14497
15207: 14507,14952,15081,15367,15522,14872
14534: 12840,14984,13933,13390,14067,14493
15409: 15697,12911,13449,14292,12877,14001
14659: 15558,13265,13127,13193,13595,14912
13937: 14271,14153,12965,15407
15067: 12898,13236,14520,13208,12856,15455
13432: 13480,15195,14454,15410,13883,15688
14467: 14081
13480: 13432,15195,14551,13282,15688,14074
13105: 14253,15199,15114,15336,15691,13319
15275: 13807,13568,13012,14797,13344,14055
14584: 15592,15723,14706,15518,13339,15295
15172: 13345,13153,12898,13236,13060,12917
14378: 14978,15169,14943
15165: 13604,14705,14828,14363,13217,14732
13689: 13198,15556,15009,14637,15432,15087
13525: 
13308: 13615,15696,13772,13785,14270
14123: 13136,14603,14269,13122,15347,15720
14636: 15737,15559,13501,14494,13681,13613
14482: 13393,14652,15541,13085,13446
13532: 15653,14191,13808,14104,13706,13335
13157: 15121,14092,12865,14969,14879,15004
13335: 13927,13706,13532,14104,14679,15377
15245: 13474,14547,12840,13943,13933
15395: 13059,13256,15555,14877,14070,13893,12926
15673: 15624,14701
15274: 15517,28683,12824,13238,28677,15787,13832
15379: 15481,14930,13838,14665,15083,15391
15030: 12889,15099,13085,15089,14548
13915: 15389,14266,14048,15290,12997,13384
15197: 14606,12969,14980,14994,15692,14885
15753: 15536,14453
14223: 15653,15642,14654,14032,13749,13706
13158: 14921
12929: 15331,15227,15750,14414,13973,13104
15678: 14235,13279
13110: 13607,15581,13798,15498,14119,13626
13100: 12961,13628,13676
15597: 13310,13822,14939,13174,15084,15596
14583: 14167,14359,15417,13905,15620
15680: 14993,13286,13906,13608,14409,12835
13108: 14502,14424,13703,15284,12921,14756
12877: 12993,14001,12837,15342,14292,15409
14600: 13557,13426,15521,13859,13016
15627: 13345,13349,15779,15795,14560,13461
14776: 13025,15060,15591,14392,13834,13281
15476: 15037,13000,15308,13495,15279,13733
13980: 14128,15388,13038,14113,13408,13028
15795: 14179,13533,15222,15627,15779,14560
15184: 12822
14490: 12915,15489,14799
15518: 15142,13339,14737,15723,14584,13121
15711: 14276,14466,15375,14287,14765,13375
13327: 14926,13060,14057,13784,12898,14520
15339: 15147,15783,15160,13008,15134,13475
15097: 13014,14713,13652,12854,15335,13556
13054: 12964,15569,15752,13527
14960: 13647,13406,14335,13811,14532,14950
13582: 13907,15194,13493,15631,15727,14020
14240: 14847,13405
13082: 13956,14756,15657,14502,13058
15464: 14003,13589,13081,13139,13977,13093
14539: 15666,14513,13646
15219: 14892
13783: 13130,14404,14938,15620
14501: 13102,15761,14045,15696,13219,13411
14208: 14249,14280,13716,13691,14388,14417
13379: 14936,15490,15385,15111,13289,15719
13365: 15603,12961
14449: 14834,12823,14183,15707,15281
15161: 14924
14156: 13633,14010,15436,15789,14716,14609
13616: 13820,14214,14814,14406
13037: 
14875: 15261,13354
14658: 14733,14621,13991,14169,13857,13761
14946: 13003,14785,13471,13850,13301,14852
15811: 13542,15703,14316,15068,13042,13729
15694: 14794,14906,15497,15399,13685
13466: 13941,13074,13903,15238,14416,28658
13592: 12860,14249,15684,14285,14589,15100
13391: 15063,14371,15075,14026,14655,14066
13639: 15091,13507,14610,13421,14251,13909
14724: 15670,13528,15412,13065,13518,12980
14180: 13264,15353,13892
13404: 12883,14273,15175,14361,14199
13909: 13273,14110,14251,14965,15091,13639
13193: 15558,14659,15387,15797,13500,13595
14932: 13016,13247,15079
15080: 14811,13623,15607,13807,13395,13077
14400: 14988
13046: 15633,14509,13518,13621,13696,15651
15144: 15610,14538,14396,12970,13995
14611: 15698,13546,13704,14895,14182,13870
14413: 13576,14394,13006,14326,15025,13978
12842: 
13155: 15111,13242,13289,15032,15087,13303
14979: 15170,12843,14389,13697,15234,13958
14987: 14115,15044,14535,14150,14816,15236,12816
14362: 13484,14627,14727,15300,15644
12993: 12877,13182,14001,13591,14187,15342
15276: 14657,12939,14284
13807: 15275,13568,13012,13395,14811,15080
15182: 13674,15663,13043,15800,13015,14689
15018: 13580,15487,13562,15439,14359,13694
15218: 15686,13768,13032,15579,15198,14945
13845: 13399,13928,12859,15703,14316,15036
15775: 13227,14433,14899,14126,14415,14428
13597: 14589,12858,15100,13408,14884,14073
15008: 15519,14476,14804,15241,14084
14110: 13534,13273,13909,15091,13690,12888
13322: 14819,13695,12994,15414,13402,14722
14198: 
14908: 13744,14329,14590
14638: 13836,15672,13375,14263,14990,12859
13136: 14269,14123,13366,13605,14023,15720
13439: 13628,15113,14022,13669
12996: 12895,15337,13403,12949,15355
13903: 13074,12926,13466,13059,12868,15238
15604: 14528,13581,14076,14665,15086
13264: 13885,15353,14861,14180
15565: 14052,12914,15031,15233,15588,14824
15630: 14954,15776,12815,15054,13320
13860: 15465,12880,15065,13686,15695,14531
14969: 15093,14879,14481,13157,15004,15055
15359: 13472,14220,13672
15381: 15669,14803,15667,12853
15191: 13995,14204,14272,13464
15189: 14485,15741,15151,15397,14845,15338
14989: 13849,14342,14314,13102,15408
13115: 14226,15220,14761,14120,14877,14070,15747
15544: 14193,13813
12988: 15106,13619,13394,13413,14411,14054
14768: 14445,14332,15280,13362,12992,15171
14270: 13219,15420,15696,13615,13308,13071
14848: 13942,13974,12896,13055,15410,15195
15212: 13309,13969,13569,14677,14831,14709
13433: 15461,13231,14298,14973,13389,13734
13801: 15770,14450,15372,14567,15670,13035
13954: 13914,13810,14218,15734,14994,15227
14097: 14322,14702,13148,14795,14533,15105
14591: 13627,14477,14434,14326,14685,13978
14765: 14287,14224,14421,14106,14276,15711
15570: 15439,13796,13383,14632,14971,12979
15039: 14806,14137,15133,13463,15616,14915
13139: 13977,15366,15464,15015,13154,13093
13246: 14127,13134,14383,14496,12963,13891
12863: 13674,13301,14785,15545,15458,13315
13294: 13606,14810,13645,12947,14145
14827: 14281,13324,14850,13503,13916,14369
13577: 14775,13961,14684,13825,15473,14553
14106: 13927,13749,14224,14765,14276,14162
15117: 13112,13051,15378,15660,13363
14018: 15206,14786,13907,14194,14020,14118
15079: 14635,14420,14932,13247
13910: 13724,13844,15510,15036,14154,14731
15603: 13365,14022,14991,13871
13644: 15287,12903,13773,14555,14190
14981: 13571,13826,15037,13600
15132: 13200,15141,15662,14740,15745
13069: 13636,14164,15809,13802,15580,14196
13671: 15010,15749,13173,13664,15115,14105
14597: 14975,15058,14711,14693,14717,15802
14910: 14562,13867,15051,14268,14029,14976
12933: 12822
15461: 13433,13231,13899,14973,12916,14258
15595: 14574,14090,13693,13290,13291,14086
14890: 15684,12918,14669,13128,14503,13357
13721: 15562,13098,15493
14181: 13871,15329
13001: 14781,13262,13715,15240,15017,14968
13805: 13397
14576: 14034,15231,15467,13573,15722,15002,14573
13424: 13816,15681,14128,15228
13326: 14374,13331,13196
13090: 13454,14184,15789,15421,15122,14609
15505: 15701,14751,15229,13934,13815,14769
14779: 13033,14472,15314,14618,13200,15662
13074: 14869,13941,15413,12926,13903,13466
15447: 15003,14726,15419,15371,14322,14702
13367: 13469,12941
15181: 14025,13775
14970: 14674
15672: 14638,13836,13375,15479,14311,14466
15495: 15567,13402,28675,14722,12905,15772
13696: 13460,15651,13065,15072,13046,13518
15408: 13102,14241,14989,14314
13787: 14392,13624,13551,15714,15060,14933
13242: 13155,15087,15556,15124,13303,13216
15660: 14634,15378,15117
15496: 
13667: 14387
14709: 14831,15212,13569,15441,15641
14200: 13812,14573,13950,15467,13437,13610
13333: 13218,15760,15497,13066,15758,14876
12909: 14569,15397,13649,13344,14221,13481
14873: 12978,12902,13996,14225,14511,15531
12908: 14021,12958,15645,13343,13964,14963
14230: 14900,15352,15708,14546,13601,13021
13712: 
14914: 14651,13240,13360,14027,12975,13655
14266: 15389,13915,13384,14682,13268,14131
13539: 14209,14883,13512,15765,14545,13524
14259: 13998,15156
14299: 14122,14953,14111,15509,15685,13022
15019: 13759,13213
13622: 15540,15291,15802,14717,13031,13683
15229: 15505,13815,15386,14769,14599
14911: 15550,13930
15487: 13580,15018,13724,14154,15439,13796
14995: 14913,15573,14758,13021,15352,13207
12951: 13977,15366,12906,14605,13452,13631
14701: 13165,15673
15613: 13479,15177,13498,14708,13944,15137
15285: 14774,14487,13686,13017,12927,13516,14736
14704: 12814,13872,15552,14568,15649
13859: 15635,15521,12876,15583,14600
13904: 13741,15120,13504,15223,14277,13134
15738: 14999,13612,13099,15792
14431: 15808,13422
14066: 14446,14655,15063,13391
15064: 14083,15600
14070: 15395,14877,13893,13604,14761,14120,13115,15220
14521: 14085,15041,15000,15303,13656,15140
15783: 15147,15339,15343,15033,13475,14134
15171: 12992,14403,14768,15280,13967,14985
15522: 14944,14872,14507,15207,13510
15521: 14851,13859,14600,13016,13714
13828: 13230,14344,14456,13286,13906,14916
15173: 14173
14204: 15191,13995,14639,13464
13524: 15765,14049,12995,13539,13512,14530
14735: 13257,13048,15761,13818,14623,14878
13680: 14832,13445,13587,14662,13292,14354
13736: 14644,15270,15643,15503,15654,13737
13201: 13989,13842,13482,13392,15502,13725
13593: 15698,13546,15543,12836,15159,14041
14856: 13191,13053,13979,14328
14536: 14738,14454,15410,13182,13055,13868
13762: 13702,13314
13549: 15423,14313,13527,14734,15469
15062: 15752,13296,13318
12818: 15557,15529,15744,13338,15652,14675
13323: 14640,15507
15162: 14250,13316,14556,12886,13114,13151
14120: 14732,15465,14761,13893,13604,14070,13115
13673: 15633,14509,15270,12948,12816,14115,14535
13649: 15338,15283,12864,15397,12909,13481
14783: 13702,13897,13266,15469
15577: 14626,14247,14749,13786
13162: 13694,13790,13562,15194,13493
15302: 14696,14629,15402,13993
13606: 13294,14810,12947,13075,15466
15450: 15150,14681,14684,15389,13268,15618
14958: 13658,14566,13234,14715
15346: 15028,15686,14329
15083: 13409,15391,15481,15379,13788,14741
14862: 14064,15648,15152,14866,14865,13519
14128: 13980,15388,13028,15228,13424
13337: 15266,15612,14197,13284,14122,14953
12947: 14854,14386,14145,13294,13606,15466,13109
15734: 13954,14218,15810,13756,15331,15227
14427: 15601,13583,14260,15528,13165
15457: 12897,14788,14476,13328,13968
13122: 15057,13177,15347,14912,14603,14123
14789: 14172,14186,13332,13250
13192: 14015,13073,15112,15102,15058,12940
15378: 15534,15650,15117,14634,15660
13502: 15292,12923,13254
14654: 15642,15438,14380,15653,13799,14223
12815: 13678,14399,15630,15776,15054,13957
14355: 14830,14333
14241: 14514,13453,14623,14878,15408
13343: 14963,12908,15645,13087,13750
15704: 14615,13645,15606
13670: 14537,12870,15759
14154: 13910,13724,14731,13580,15487,13505
15452: 15705
15262: 
15304: 15250,15659,13938
15546: 14346,15512
15113: 13628,13439,13669,13703,15284,14030
13112: 15117,13051,14192
15186: 13419
14579: 13534,15247,13273,14929,13066,15758
15206: 14018,14786,15504,14118,13751,15578
13137: 12925,13826,13468,15358
14302: 14593,15180,14209,14545,14542,15249
14972: 13380,13960,15813,15740,14961,13362
12862: 15639,14091,12847,14777,14641,13076
15111: 13155,13289,15032,13379,14966,15719
13021: 14995,14230,15352,14546,15311,13207
13951: 13167,15174,14895,13895,15543,13546
14697: 15485,15437,15203,13347,13513,13385
13983: 13505,15631,13350,13920,15167,14236
15240: 14593,15180,15017,14850,14781,13001,13503
15642: 15438,14654,12826,13931,14223,14032
15674: 
13350: 13983,13505,15631,13580,13562,13493
13722: 14398,15398,13555,13624,13551,13693
14468: 15289,12865,13020,15130,13225,15121
12874: 13678,13932,15394,13224,14986
14625: 15298,15682,14965,14219,13006,14251
14082: 14185,14757,14555
12844: 14565,13312,14869,15413
14481: 15093,14969,15055,14702,13148,15003
15588: 15279,13609,15031,15565,14824,15755
13849: 14342,14989,14314,15484
12922: 15200,13753,15713,13638,12984,13740
13214: 14510,13579,14983
14475: 13210,14441,15075,14026,13012,14797
13856: 14831,13773,14941,14190,15441
15423: 13549,14313,13705,15224,13949
13943: 12840,12825,14547,15245,13280,14950
14043: 14255,15361,13389,12873,13734,13467
14868: 15388,14469,15587,15228
13453: 14241,14514,13373
15479: 13836,15672,14311,13410,14132,14257
13832: 15787,13400,15274,28683,15586,13438
15217: 15049,13369,14543
15702: 15493,14716,12952,12946
13933: 12840,14534,15245,14035,13390
14225: 12978,14873,13996,15215,15551,14436
14067: 13390,15444,14534,15394,14493,15776
15273: 13274,12943,15082,13953,13863,15494
15054: 13982,13456,13320,15630,12815,13957
13006: 14413,13576,15025,14625,15298,14219
14550: 14222,14668,15697,13449,14796,14512
15748: 13467,13875,14896,12912,14447,15472
14320: 15333,15449,13011,15451,12838,15677
15174: 13197,13167,13951,15427,14588,13895
15131: 15415,14232,14653,13470,13800,12830
15306: 15336,15691,15033,15071,14849,14134
15279: 13609,13733,15588,13000,15476,15755
14675: 15404,14728,14942,15652,15557,12818
14109: 15139,13172,14628,13143,14522,15374
14619: 13423,14607,12945
14608: 15729,14242,15319,14191,13808,14210
12967: 13393,14652,13409,13249,14473
14317: 14772
14699: 14755,12845,13692,15297,14013,13854
13026: 13675,14430,13530,15110,15295,14706
15665: 14289,13215,14142,15424
14567: 13911,13585,15584,13801,15770,13035
13216: 13429,13303,13040,13242,13023,15124
13890: 13963,15655,13837,13002,14650,12969
14486: 13633,14010,14069,12843,13770,13434,14897
14280: 12860,14249,14208,14964,14667,14417
15282: 
15105: 14585,14438,15523,14533,14097,14322
14750: 15085,13063,13901,13629
15812: 14093,13005,14809,14988
13840: 15066,15369,14688,15443,15804,13029
12945: 14983,14607,13999,14619,13423
14986: 13191,13053,14683,12874,13932
14858: 15527,15239,15598,15257,12962,13804
13252: 13317,14664,14519,14613,14024,14206
15798: 
15751: 13741,15120,15323,14998,13574,15422
13097: 15481,14930,12936,15296,15139,13788
13008: 15160,13388,13699,14262,15147,15339
13628: 15113,13676,13439,13100,14927
15272: 14288,13881
13996: 14873,12902,14225,13777,13923,14436
14192: 14252,13112,13051
13692: 15154,14833,15107,15297,13854,14699
15187: 
14994: 13954,13914,13810,14980,15197,15692
14342: 13849,14989,13102,15420,13411,15484
14822: 13027,14802,15046,14068,14806,15573
13529: 15483,14640,14163,14459
15421: 14069,13414,15122,15068,14609,13090
13756: 12974,13698,15810,14843,15734,15331
12887: 14657,15047
13714: 14201,13509,14851,15521,13016
14950: 13280,14532,13647,14960,14547,13943
13382: 15035,14130
13043: 13674,15182,13015,13315,15490,15384
13804: 14552,13488,13850,15598,15239,14858
12900: 14376,12892,15568,14003,13278,13093
15134: 15091,13690,13507,15160,15339,13475
14878: 13102,14623,14735,15761,14241
14678: 13405,14356,15710,14851,15635
14805: 13888,15271,15357
13751: 14118,13653,15206,13267,14974,15578
15138: 13814,14365,15699,15125,13181
13634: 13202,13665,13121,13866,15723,13508
14341: 13295,13620,13056,14388,13716,14229
13371: 15542,15790,13269,13820
13715: 13145,14816,15236,13262,13001,14349,14968
14947: 15733
14973: 15461,13433,12916,12930,13734,13875
13399: 13845,13928,15193,15589,15510,15036
14869: 13074,15413,12926,12844,14565,14729,15555
12949: 13846,12996,15355
13788: 15139,13172,13097,15481,15083,14741
14197: 15266,13337,14122,15401,15728,14184
13999: 15764,14983,12945,14672,14948
15180: 15240,14593,15024,14302,15017,15249
14562: 15736,15434,13867,14910,15051,14232
15561: 13049,13442,14470,15693,14074,13123
15044: 13953,14115,14987,13863,14150,15396
13423: 14619,13118,12945,14672,14002
14000: 14353,13241,15329,13635,13559,13657
13893: 13604,14705,15514,14120,15555,15395,14877,14070
14745: 14645,13894,13992,14470,14407,15259,13123
15739: 14963,14242,13755,14210,13750,15433
15559: 15737,14636,15152,13681,14859,15157
13770: 13434,14422,14486,15170,12843
14144: 15252,12944,14581,12819,15619
14184: 15728,13454,13090,14197,15401,15789
12944: 15252,14144,12819,13745,12985,13119
14669: 15684,14890,13357,14771,14589,12858
13603: 14112,15632,12983,13786,13040,14626
13881: 13370,15272,14072
14524: 13876,13535,13083,14984,14493,14954
13052: 13007,15349,14182,13955,15736,15434
14628: 15296,15386,13143,13237,15139,14109
13660: 
14993: 15680,13286,12849,13018,12835,13732
12885: 28677,15787,13815,13792,15317,14751
13114: 12899,13418,13151,13781,15162,12886
12888: 13747,13959,13690,13534,14110,14764
13049: 13442,15561,15797,15109,12841,13123
13661: 14689,15360,14836,14898,14433,14126
14042: 14367,15403,14996
14859: 12990,13823,13519,15157,15559,15152
15449: 14320,15333,12838,14237,14435,14457
15001: 14737,15596,13822,13202,13121,14739
15320: 13747,14876,13959,13700,13685,15254
13279: 13764,15678,13298
15746: 13314,13169,15300,14027,12975
13506: 15744,13688,13338,14327,14645,13992
13647: 14580,14960,13936,14335,14950
15020: 15594,14925,15652,15528,13583,15404
13120: 15230,14694
14105: 15400,13598,13664,13671,15749,14844
12937: 15470
13771: 14577,14321,13462,12977,14853,14291
13280: 14532,13297,14950,12825,13943,13719
13036: 14212,14136,12894
13605: 13479,13366,15177,15340,13136,14269
14315: 14126,15040,14415,15088,15360,15664
14160: 15112,13556,14793,15202,14262,13014
14904: 12891,13987,14248,14212
13053: 13191,14856,14986,14683,14780,13979
14094: 15582,14460
12923: 13880,14835,13502
13803: 14513
13374: 12831,13457,13256,12868,14357,14801
14017: 13538,13902,15034,14379,13485
13799: 15653,14191,14380,15319,12954,14654
13536: 14419,15315
13688: 15744,13506,15116,14747,14327,14925
13676: 13628,14301,13100,14927
13270: 15179,13896,14227,15486,14642,13487
15663: 13674,15182,13301,14852,12950,15800
14603: 14269,14123,15535,13595,13122,14912
13290: 15762,13291,12957,15595,13094,14086
14942: 14728,14675,14529,15557,14832,13292
15303: 14631,14147,14521,15000,15140
14790: 14676,14578,15609,12866,13271,15345,13946
15358: 13495,13970,13137,13826,15308
15175: 14273,14169,15226,13956,12883,13404
15752: 13600,15062,13054
13516: 13171,12927,15200,15608,15285,14774,14487
12845: 14755,14699,14013,15806,12895,15337
13730: 12938,14894,13637,14478
14368: 15023
14081: 14467,14108
14924: 15161
13865: 15243,13101,15426,14660,15676,13677
14673: 14051,15246,14271,14153,13455,15610
13988: 13010
14796: 14512,13565,14840,14550,14668,13412
13377: 
13731: 13086,14607,15341
14588: 15427,13614,14234,13952,13197,15174
14913: 14995,14758,13207,13208,14021,15455
13358: 14635,14420,13615,14004,14956
14737: 14408,15001,15596,15142,15518,13121
14339: 15228,15681
13172: 15139,13788,14109,15374,15622
13626: 13227,14433,14119,13110,15498,14898
15643: 13736,15270,13737,14410,13145,12816
14665: 14290,15086,15604,13838,15379,15391
14205: 
14954: 15630,14493,15776,14524,13083,13320
13384: 12997,13047,14266,13915,15511,14131
13092: 15243,13101,13583,15404,14728
12891: 13987,14904,15077,14543
14065: 14813,15373
15501: 13873,15778,13080,14826,14974
14356: 13405,14678,15710,14309,13666,14847
13418: 15554,12899,13114,14773,13781,12999
15112: 14160,13556,15202,14015,13192,12940
15549: 14098,13284,15553,13109,14304,15466,15612
12893: 13288,13141,13431,12846,13463,15133
13077: 14325,15110,15607,13275,13623,15080
12850: 13116,15094
13979: 14780,14856,13053
15227: 15331,12929,14414,13954,13914,15734
14260: 13178,15123,12903,15528,14427
13946: 13271,14790,15609,14744,15558,13265
15124: 13023,14698,15119,15556,13242,13216
15531: 14985,14511,14403,14873,12902,14439
15683: 13659,14630,13056,14033,15572,14377
14044: 13460,15651,15714,13274,12943,14933
13958: 15118,13697,14979,15170
15000: 14521,15041,13288,13141,15303
13023: 15124,14698,14749,13786,13216,13040
15572: 14033,13283,15683,14377,15548
14211: 13261,14957,15578,13267,13194,14920
13829: 15350,15052,14909,14829,14019
15690: 13645,13874,13342,14586,14145
14010: 14156,13633,14486,14716,14561,12843
14682: 13746,13268,15158,14215,14131,14266
12983: 14112,14505,13603,13429,14366,13040
15345: 13271,13435,12866,14551,13282,14790
15657: 14746,15038,14502,12987,13058,13082
15009: 14637,14340,13689,13198
13088: 14679,14557,13381,14104,14541,13164
14092: 13157,14041,15121,15698,13704,14879
13574: 14844,14998,13598,14238,15751,15422
13504: 13091,13410,15120,13904,15251,15223
13883: 14222,14668,14454,13432,15129,15688
12872: 14902,14284,14690,14248
15507: 13323
14335: 13406,13768,13936,13647,14960
13153: 13345,13349,15172,12917,14723,13858
15215: 15551,13304,12848,15757,12978,14225
14937: 13125,15533
14792: 14838,15407,14674
15087: 13155,13242,13289,15432,13689,15556
15586: 15268,13400,13832,13438,15782
14319: 14407,15259,12841,15269,13757,14692
13564: 
14151: 14418
13608: 13607,14500,14409,13072,15680,13906
13723: 14416,15520,13124,15491,15034,14103
15298: 14625,15682,13576,13006,14843,12974
15722: 13986,15002,15043,15155,14576,14034
14313: 15423,13549,14767,15224,12964,13527
14088: 15668,14060,13125,15526
14906: 15694,14794,13862,15399,14309,14620
14087: 14720,13847,13131,13758,13257
13576: 14413,14394,13006,14095,14843,15298
13750: 15621,13087,15433,13343,14963,15739
13831: 15491,13902,15034,15126,14992,13324
15362: 13794,14112,15632,14720,13847,15700
13517: 15474,13839,12971,15525,14563
14104: 13808,13381,13532,13335,14679,13088
15632: 14112,13603,15362,14626,14425,14720
13984: 14662,13292,13078,14529,14155
13707: 13527,14959,14158
14961: 15740,13362,13118,14445,14972
13292: 14662,13984,14942,14529,14832,13680
15159: 13168,13617,13020,12836,13593,14041
15230: 15640,13120
14955: 14014,14334,13612,15792,13851
14617: 
13772: 13683,14846,13045,15696,13308
14907: 13174,13481,15084,12864,13591,14187
14078: 12814,13872,15209,13352,13923
15439: 13796,15570,13383,15487,15018,14359
14055: 13344,14221,14939,15275,13568,14408
14333: 14355
14880: 13232,13441,15687,14829,13253,15052
15031: 15692,14885,15233,13609,15588,15565
14966: 15719,12854,15335,15111,15032,14596
13757: 13879,14692,15109,14319,12841,15351
14153: 13937,14271,14673,14931,13900,13455
15563: 13099
13940: 15007,15211
14516: 
15616: 14821,14915,13997,13463,15039
15724: 14982,13852,13640
14640: 14163,13766,13323,13529
15225: 14464,15741,14601,15106,12989,15763
15327: 15602,15334,14297,13877
14239: 14143,15552,13269,13820,13221,12986
15655: 13890,13963,13837,13495,13244,13733
13341: 
13234: 14958,14566,14715,14430,15615,15713
15232: 13869,13486,14564,13557,14635,13247
12980: 14509,13518,14450,15670,14724,12948
14754: 14786,15504,13599,15059,14630,13499
15425: 15403
15349: 13007,13052,14182,13704,15093,14879
14657: 15253,12887,15276,12939
15393: 14129
15647: 13452,15396,15431,15236,14150,12906,14349
14358: 12875,13030,14463,14492,15146,14519
15125: 14935,14680,15699,15138,13181
15541: 13393,14482,12890,14396,13446
12851: 13637,15477,15288,12981,15313,12938
15410: 14454,14536,13055,14848,13432,15195
13150: 12985,15260,13602,14874,15796
15387: 13271,13435,13442,15797,15558,13193
13349: 13345,15627,13153,13695,13461,13858
13450: 13818,13819,13758,14375
13620: 14341,13056,13462,14291,14388,13659
13610: 13179,13437,14200,15467,14602,15085
15316: 14585,15523,14286,14006,13810,14218
15013: 13131,14375,14425,14247
14171: 14624,14117,13142,15715,14165,13388
15324: 12817,14016,15330,14279,13188,14763
14863: 12823
15130: 13777,15564,13225,15289,14468,14839
14096: 14303,15536,14453,15579,14821
13048: 13257,14735,15761,14125,14499,14045
14306: 14540,14934
15243: 13092,13865,13101,15601,13583,15426
13800: 13470,15768,14791,14743,14653,15131
13452: 15431,15647,12906,12951,13848,13631
14376: 12900,15568,13293,14003,14857,13648
15649: 12986,14523,14704,15552,14804,14568
15592: 15723,13508,14584,15615,14706,12984
14290: 14665,15086,13376,15391,13249,14051
14327: 15116,15641,14645,13506,13688
13041: 13329,14046
13638: 15200,12922,13740,14572,13767,15608
14452: 13415,13278,12892,15416,14500,15581
13651: 15256,13156,15203,15066,14688,13966
13615: 13308,14004,13071,13785,14270,13358
13247: 14932,15232,13557,15079,14635
15005: 15101,13643,13919,15414,14722,12905
14882: 13360,15445,15706,12821,15585,13705
13064: 13277,15658,13654,14525,14127,14277
14575: 15801,14189
12924: 15029,13472,15294
14135: 14176,13111,15016,12907,13206
15624: 15673
13895: 14604,15427,15543,14216,15174,13951
13792: 15539,15356,15446,15317,14751,12885
13691: 14853,14291,14388,14417,13746,14208
12866: 13974,14643,14551,14676,14790,15345
14387: 15637,13667,14012
13462: 13771,14321,14291,13659,15059,13620
14048: 15389,13915,12899,15290,13151,15150
13645: 13874,15690,15704,13294,14145
15747: 15770,13650,14761,12880,13911,13115,14226
14664: 13531,13317,13252,14519,14492,14294
14159: 14923,13165
13949: 12821,15166,12914,15224,15423,13705
13508: 15592,15723,13634,13866,13753,12984
15331: 15227,15750,12929,15734,13756,13698
15703: 15811,13542,14316,14990,13845,12859
14052: 12914,15565,15233,14414,13973,15166
14717: 14693,14753,13031,14597,15802,13622
12972: 14633,15053,12925
13919: 15101,13643,15005,12912,13185,13679
14967: 15255,12839,12910,14809
13686: 15285,14774,14308,15695,14736,13860,15065
13265: 15558,14659,13127,13946,14719,14744
13748: 14926,13060,13972,12917,14258,13899
15580: 13802,13648,15568,13166,13636,13069
13093: 15015,13278,14003,15464,13139,12900
12971: 15136,13517,15474
14173: 15173,14448
13013: 15599,13975,15145,14677,14334
13971: 14183,13687
13185: 12912,14447,14116,13919,13679,14267
13567: 13774,14671
13927: 14106,13749,13706,13335,15377,14162
15756: 
15289: 15716,14468,12865,13396,14839,15130
12985: 13150,15252,12944,14064,13602
15628: 15793,13987,15799
13746: 14682,15158,14215,14853,13691,14417
13955: 13052,14182,13870,13470,14791,15736
15715: 13699,14713,13833,13142,14171,13388
12834: 14710
13217: 14774,14487,14363,15608,15165,14732,15065
15033: 13475,14764,15071,15783,14134,15306
14422: 13770,13434,15170,13062,13708
12895: 12996,15337,13403,12845,14860,15806
14451: 13380,13960,13183,14370,15790,14818
12977: 15508,14364,14215,13771,14577,14853
15209: 14423,14439,13352,12902,13923,14078
13991: 14273,14169,14658,13761,13089
15648: 14862,14064,15451,13602,13519,13011
14540: 13359,14306
13095: 14976,14286,13553,14394,14095,14006
14113: 14229,14285,15100,13408,13980,13038
12946: 14561,14893,15702
14453: 15579,15198,15536,15753,14096
14720: 13847,14087,14425,15632,15362,13131
13643: 15005,13919,13926,15414,14896,12912
13609: 15279,13733,15588,13837,14885,15031
14324: 14056
14349: 12906,12973,14968,13715,15236,14150,15647
15474: 13517,13839,12971,15136,13401,15456
15477: 13637,12851,14404,12981,12979,13383,14167
14014: 14955,14677,14334,15617,13309
14308: 14719,13407,14744,15695,14736,13686,15278
15512: 14348,14136,15546
15723: 15592,13508,14584,15518,13121,13634
15453: 14412,13199,14380,15478,12954,15773
15729: 14242,13656,15140,14608,15319,13189
13665: 13202,13634,13866,13935,15214,13184
13545: 14886,15368,15759
14971: 14940,12981,12979,14483,14632,15570
15204: 13226,13711,14053,14444,13401
14903: 13878
14741: 15622,14174,14473,13788,15083
15658: 13277,13769,13064,13654,15554,14773
13914: 13954,14994,15692,15233,15227,14414
15341: 14983,14607,13086,13731
13963: 13890,15655,12897,13002,15312,13244
28683: 15274,15517,14646,13832,13438