14621: 14454,13832,13568
28593: 
13143: 14076,15231,13629,13990,15505,13817,13773
14985: 14559,13101,15221,14843
12849: 15471,15543,13270,14642,13663
28616: 13049,12841,13686,13338,13605
14328: 15781,15393,12825,12968,15133
15299: 12981,14400,13424,13724,14167
15380: 13609,12929,15134,13890,15008,14651
15145: 12978,13187,15342,14424,13326,12967,13163
13511: 14295,13433,15152,13662,15314,14346
13765: 13981,15427,15082,13952
14273: 13857,13526,15386,13591,13448,28641
15510: 14193,13716,13246
14172: 12923,15117
15340: 
13959: 15326,13862,14734,14564,12966,15300
14722: 
15448: 13775,13129,13791
13438: 15244,14769,13404,15268,14343
14250: 15162,13402,14157
13724: 15507,13424,15299
13533: 13159
12829: 14214,13328,14431,15760,15399,14882
12939: 13957,14139,14903,13084,15382
12855: 14777,14641,14705,14729,15555,15514
14343: 13854,14733,15268,14860,14013,13438,13404
13151: 14519,14977,13993,14556,15150
13942: 13103,14655,12984,12896,14643,15295
15785: 
13420: 15744,14014,13309,13569
13886: 13032,13901,12823
14390: 13681
14436: 13652,14187
13061: 12894,13805,14019
14824: 13701,14678,13169,13968,14727,12821
15666: 13156,15640,14688,14490,14696
13488: 15527,13471
14556: 15150,14024,13151,12875,13347,14358
14112: 14340,14588,14504,15663,13023
13025: 12884,15769,15060,13366,14394,14776
13894: 13292,15121,15652
13263: 14926,14137,15400,14105,15311
12840: 14072,13768,14900,14710,14755,14803
14405: 13084,14384,14582,13279
14881: 15167,14018,15631,13580,15421,14197,13980
15804: 15369,13200,15302,14684,12990,13976
13753: 15285,14737,13665,14744,12927
14598: 12957,14361,15225,15283,15594,15379
15338: 14512,13929,14677
14998: 15495,13598,15772
14252: 15650,14684,13300,13489,15369
14488: 15211,13146,15709
15372: 14450,13435,14644,15503,14567,13432
15484: 14134,14793,14499,13785
15779: 15054,12907
14108: 15526,12869,13515,13346,14612
13302: 13962,14538
15116: 13309,13099,15557,14190
14833: 14013,13815,14221,13669,13012,13854
15737: 
15482: 13781,15718,13316
12958: 13406,14261,13342
15178: 13939,15293,14518,14808,13827
15254: 15008,14804,13484,13571,14734,14564
13948: 14485,14174,14663,12936,12883,15539
14438: 15320,13273,13699,14980,13954
14923: 15348,15226,13196,15404
15373: 13450,14134,13818,14878
14809: 15248,15321,13128
14802: 14913,15704,14380
13070: 15628,13458,13584,12894
15519: 14843,15280,14921
15363: 14282,13610,13950,14750,13400,14200
15792: 12971,14397,14747
14683: 15186,15781,15393
14079: 12876,13712,14959,15370
15791: 13239,15470
14024: 14556,15150,13347,15256,12839
15721: 13636,13877,13630,15598
12911: 14152
15760: 13218,13360,13655,12829,14431,15399
15698: 12836,15736,13834,12884,14743,14562
14920: 14377,13958,14404,15794,15778,14243
14650: 14579,14117,13731,15173,14704
15002: 12853,13933,15073,15048,14034
15244: 13438,14408,15268,14599,13809
14178: 13205,14206,15677,13825,13734
15730: 13380,15469
15150: 14556,14024,13151,14773,13875
14893: 14009,15548,14194,13536,14971,13022
15332: 15782,15806,13089,14396,15374,13581
15296: 15563,13326,13365,15403,14424,13619
13814: 13983
14323: 15478,13117,12965,13431
14369: 13503,14827,13916,14883,15180,14209
14361: 14598,15283,14784
15293: 13939,15178,13827,14298
13301: 13233,13786,15432
14921: 15221,15419,15519,15280
15092: 14679,15672,13727,14162
15201: 14366,13553,14966,14544,13379,15664
13808: 14466,15307,14935
14929: 14338,13491,14851,13847,13642,14720
14999: 15348,13311,13341,12967,13099,15404
15024: 13081,12973,14349,12906,15072,14115
12932: 13852,15579,14458,13979,15478
13297: 15056,12982,14203,14067
15745: 14896,14763,15739,14866
14391: 
15688: 15278
13010: 15064,13912,15733
14186: 15262,12924,14780,14393,13519
15403: 13067,14424,14169,13581,13365,15296
14808: 14231,14518,15010,13613,15178
13553: 15775,15201,14366,14315,15556,13379
14742: 13111,15277,13033,14058,14889
14585: 14606,15692
15343: 12940
13793: 14133,13183,14429,13423,13606
13952: 13624,15714,15215,13981,13765,15082
13414: 15036
13938: 13647,15133,12878,14547,14138
13222: 14614,13853,14647,15277,12869
14594: 14658,14736,14721,15603,13871,14706
13281: 13460,13981,14471,15215
15589: 15544,13305,13620,13874
12994: 12999,14267,14141,13643,15748
14666: 13254,14393,15470,15210
12990: 13976,15454,14684,15804
15427: 15486,13765
13181: 15530,13027,14962,14106
13503: 14827,14850,14369,15017,15240,15180
15370: 14725,12876,14079,15655
13646: 14040,14467,15352,14558,13272
14828: 14641,14705,12847,13658,14715,14363
14489: 14418,28589,13554,14875,13354
13278: 15809,14858,14196,13069,13802,12892
13446: 14570,15106,13464,15354
13267: 13080,13296,15504,15710,13762,13098,14648
12936: 14051,12883,13948,14174,14522
14448: 15341,13427,13712,13762,14648,15037,13425
14606: 14585,15221,15716
15139: 14928,13416
15061: 14654,15506
15761: 15383,13772,15766,13373,15691
14898: 13674,14626,13233
14812: 13182,13202,15723,14790
14428: 15171,13898,13960,14693,13819
13873: 13266,14100,14469
14003: 13802,14857,13293,14376,13069,14283
13119: 12923,13829
14949: 13211,14212,14418,28589,13570,15793
15420: 14312,13785,14910,14717,15105,13700
13833: 14095,13978,13388,13561,13794,13465
14835: 12893,14803,14986,14900,15090,13120
13248: 14776,13052,13889,14392,15523
14477: 14743,13614,13142,14090,15051,13546
14532: 14256,13943,15346
12965: 13852,14323,13431,13108,14464
15418: 13882,15078
15253: 15574,13467,14817,14279,28557,12870
15645: 14380,13947,14758
13684: 14760,15078
15654: 15096,14842,13737,15270,14644,13736
14587: 14546,15575
12896: 14566,14643,13077,13866,13103,13942
15557: 15116,14190,14677
15506: 13620,15061,14421,13478
15151: 15076,15084,14955,14446,13628,13822
13924: 15043,15446,13995
14364: 14224,14383,14426,14608,15712,14810
15432: 15182,15663,13301
13976: 12990,15804,15302,13363
13286: 15384,14637,13110,15013,12863
13583: 13929,14709,13544,15212,15441
13702: 14620,13869,15808,14783,14270,13459
13044: 15768,13155,13057,15719,13603,14993
14912: 14023,12866
14351: 15674,15014,13535,15016
14642: 12849,13270,13663,14624,14241,14685
14684: 14252,14294,12990,15369,15804
14179: 15795,14085,13671,15621
15238: 12868,12831,13903,13124,13466,14416
15434: 14219,15316,14071,14268,13639,14879
15071: 14735,14596,13308
13124: 15238,12831,14416,13723,14782,15491
14543: 14493,13397,14244,13152,13306
13839: 15594,15379,14757,14053,14741
15608: 13171,15695,14572,13638,13184,15065
13299: 13936,15805,15753,13521
14214: 12829,13328,15565,14882,15312,14052
14322: 14316,13731,14427,13337,14084,15673
15261: 13019,12933,14516
12814: 14607,13148,15004,15466,15740
14027: 13909,15371,14110,14876,12964,15447
14338: 14929,13031,13973,14851,13642
14601: 14581,13852,13108,15381
15573: 14962,14913,13947,13208,15773
13398: 
14559: 14985,13101,15716,14078,14251,14218
15579: 12932,13852,14458,15089,14581
12838: 15812,14664
14751: 14066,15317,14658,14721
13957: 14902,14139,12939,13572,13084
14861: 13329,12982,14203,14457,13601
13708: 15235,13770,15313,15388,15170,15620
14926: 14137,13263,13083,14105,13876,14176
13230: 13674,14626,14254,15800
13930: 13490
15530: 13181,15653,14106,12998,14622
15590: 14028,28650,13243,13704,13639,15682
13496: 15438,13024,13768,13744,14778,14437
13794: 12934,13561,13833,13465,13440,13720
14496: 14311,15459,15375,14365,14210,13750
14134: 15484,15373,13450,13818
13928: 14759,13305,15508,15100
15669: 15533,14329,12935,13390,15489
15801: 14043,15582,15188,14447,13764
15662: 14997,14890,15378,13651,14435,14688
13781: 15482,13316,15101,15422,14274
12826: 14249,13983,13836
14939: 15652,14592
12919: 15021,15488
14535: 15072,14115,13127,12993,15044,15633
13240: 13314,14345,15746,13633,13558,15288
15390: 
13266: 13873
15472: 13347,14859,14358,13392,13252,13840
13361: 14208
14798: 12986,14843,13101,14117,14730,14818
13841: 14599
15538: 14495,14830,15026
14990: 13513,14682,13716
14063: 12825,15781
14580: 14264,14506,13601,12982,14960
14226: 15584,14567,14531,15747,12880,15503
13690: 15197,14102,15025,13685,15091
14624: 13167,14642,13663,14241,12854,13483
13732: 13470,13198,13739,15719,13603,13689
13994: 15707,15281
13936: 15699,13299,15805,15753,13647,15133
15755: 13194,15310
13899: 15627,14075,15049,13456,13843,13461
13096: 15500,14237,15333
15731: 28609,14631,13813,15516,13931
15246: 12996,13635,13058,13629,13991,15505
14429: 13469,14994,14948,13793,13606
13085: 13937,13140,14674,13132,14645
12979: 14609,15794,14339,14971,14009,14377
14301: 15063,13368,13623,14756,15329,12928
13463: 13588
13442: 14719,13017,13234,14774,14487
14844: 
13421: 14735,13229,14989,14160
13212: 13005,15120,15301,14589,14634
14354: 13094
14696: 14697,13494,15666,15640,14616
13213: 13701,15803,14727,13949,14420,13137
14944: 15673,15166,14439,14607,13148,13337
13147: 15069,13625,13107,14281,14827,14850
14706: 13871,15518,14594,14721,13026
15562: 12946,15118,28559,12952,15725,14716
15309: 
14877: 14357,13548,14801,14070,13256,13374
12931: 15678
15051: 14090,13168,13142,14477,12854,14895
13848: 14433,13136,15498,13216,14045
15050: 15458,13819,15362,14505,13429
15115: 13207,14787,15455,14758
13544: 15212,14747,14840,13583,14709
13743: 15656,15111,13018,14544,15664,15088
15406: 15653,14191,13280,13964,14622,13343
12886: 12905,12930
14350: 14074,13271,13035,14124
15750: 13909,15371,13104,13066,13609,12929
15278: 15688,14319
13277: 15290,14681,15473,14967,14050,14337
15534: 13501,14248,13473,14435,15292,13725
13319: 13491,14851,13571,15696,14597,15134
13174: 15475,15204,15652
13412: 13078,13568
14483: 
13911: 13860,13017,15584,14487,13650
13562: 14341,14236,14073,15127,14731,13917
14143: 13644,12865,14445,13284,14133
13458: 14012,14909,13011,13070,13584
14309: 13710,12876,13459,14389,13837
13520: 28659,13334,14823
14237: 14455,13307,13502,13096
15091: 13685,13690,13486
14952: 13500,15797,13479
13173: 13175,12899,14557,15433,12997
13378: 15678
14359: 15683,13126,13235,15417,15572
15322: 13113,14760,15679
13889: 13248,13052,15523,13955,12871,13923
13823: 15187,15687,14789,13245
12839: 15650,14024,13347,14859,14294
15057: 13801,15412,15770,14739,15347
14554: 13232,14905,14189,14059,13161,12834
14403: 14451,15564,13352
15400: 14137,13263,15311,13456,14075,14954
14236: 14786,14341,13562,15570,13075,15127
12864: 12885,13391,13210,14792,13082,14022
14304: 14291,15599,15676,13090,14615
13809: 14599,15244
14685: 14241,14232,13270,14642,15768,13155
14730: 13002,14568,14818,14798,14117,13677,15173
13822: 14407,15409,15151,15084,13628
15308: 14486,15194,15685,15206,13228,14289
15089: 14908,12915,15536,15579,14581
13858: 15311,15049,12856,13207
14497: 15376,14537,14195
14410: 13262,13736,14781,13737,13625,15717
28557: 14016,14463,12870,14279,15104,15253
15142: 14187,13506,14611,13291
15732: 14227,14005,13550,14234,13895
13003: 
15441: 15205,13929,13583,15287
14246: 
14933: 13953,13863,13518,12951
15257: 12950,14164
14784: 14001,14361
15344: 14982,14931,13393,13401,15763
14860: 14013,13815,15268,14991,14343
15576: 15085,14645,13132,13975,15099
15141: 13840,13497,14618,15168,15330,14779
13104: 15227,15758,13909,15750,13066
13657: 
13595: 13605,14023
14121: 14935,13410,14679,12954
14851: 13491,13319,13507,14597,14338,14929
14148: 14175,13619,15425,14892,13365,15144
13311: 15348,14999,15342,14872,15456,12967
13329: 14861,14203,15365
12823: 15191,13403,13886,13881
13759: 14640,15778,13549,14894,14404,15807
13764: 13572,14973,15801,14447
15326: 13959,14734,12991,13034,14956,15300
13790: 13845,15537,13028,12867,15683,14285
14050: 14967,14337,13064,15223,13277,14131
15614: 14534,14560,15616,14806,15780
14185: 14675
14637: 15384,14888,13286,14425,14440,15490
13209: 14433,13136,13850,13608,15367
15460: 14764,12871,14097,13967,12848
14434: 15289,14711,14523,15595,15316,14071
13483: 12854,14895,14624,13180,14241,15715
15492: 14440,15032,13303,14087,13925
14800: 13062,14334,13510,14332,15243,13042
12948: 14987,12980,14816,13715,15643,15236
13223: 13780
13260: 15042,13951,14344,13541,14340
15140: 14984,13353,14978,13979,15517
13236: 13803,14284
14291: 14304,14615,15702
15291: 13705,15445
13666: 13373,13426,14956,12991,15383
14028: 15590,13243,14711,13867,14071,13639
13161: 13525,14480,14189,14554,14264,12834
13373: 13666,13426,15383,15761,15691,13509,13105
14663: 13276,14576,15272,13948,14485,15539
13476: 14660
13847: 13491,13484,14929,13034,14720
14692: 15177,15109,15040,15269
13272: 15010,13613,15352,13646,14467
13134: 13384,14503,15625,15473,14337
13953: 14933,14150,13863,13065,13122
14276: 13199,13399,13091,13088
13303: 14087,15492,14126,14899,15700,14314
15794: 14609,12979,15483,14377,14920,14243
14414: 15783,13747,14155,14839
15099: 15283,13975,15576,12949
13034: 12991,14720,13484,13847,15326,14734
13917: 15631,14731,13562,14073,13580,15549
14064: 13447
14626: 14898,13674,13230
14476: 12903,14313,13963,13165,13872,12897
14900: 15218,14710,15090,12840,14835,14803
14609: 12979,15794,15483,14339,15183,12938
13693: 13617
15456: 14741,14872,13455,15231,13187,15342,13311
14384: 14405,13084,13672,13572,14973
15533: 14329,15669,15125,12881,15708,14631
13850: 15015,13209
14997: 15662,14890,15440,14688,14697
13596: 
13877: 13636,15721,15327,14297
13117: 15478,15517,14746,14323,13032
15149: 13916,13324,14883,15126,13485,14207,13512
14336: 14077,14459,14640,14583,13295
14461: 
14149: 15255,15508,14321,14098,13691,15450
14381: 13598,15414,13654,13160
15605: 15636
14963: 14104,15554,13904,13384,14503
15385: 14247,15428,12983
15148: 13372,13224,13811
15726: 14153,13430
15412: 13801,15057,13688,14124,13508
15490: 14440,15556,14425,14315,14217,14637
15640: 13156,15666,14696,15098,14616
13347: 15472,14859,14358,14556,14024,12839
15073: 13900,15048,14034,15002,15442
13960: 14975,14936,14693,15124,13819,14428
15102: 13758,15171,13008,15147,13242
13768: 14072,12840,13744,13496,14755,14437
15725: 14069,15685,12952,15562,13228,14716
14916: 14791,13197,14571,15591,15415,14216
13087: 
14515: 15701
13056: 15167,14018,14020,13038,13910
13598: 15414,14381,13160,14998
13874: 13620,15589,13478,15789,14759
13710: 14309,12876,15062,13098,14959
15143: 13344,14475,14796
13309: 15116,14831,13341,13420
14564: 13959,14734,12966,14804,15254,15565
14310: 15749
14899: 14126,15124,14749,13925,13303,15362
15575: 12822,14587,13189,14575,15686
15255: 14149,12963,15450,13716,14287,13357
13588: 15046,13463,14007,14096
14528: 13339,15305,13610,13573,13400
13385: 13494,13051,14616
14788: 14002,14983,14481,14702,14914,15457
13121: 15275,14319,13177,14774
14229: 15183,14868,12981,13424,12938
14007: 15250,15046,13588,14856,14096
14511: 13611
14367: 14741,14872,15348,13196,13565
13789: 
14491: 15377,15251,14703,14311,15459,13532
14523: 12836,15736,13362,15595,15289,14434
13118: 13158,15232,15079,15045,15771,13655
15532: 15269,14536,15135,13428,14848
13428: 15159,15135,15532
12916: 12917,15749
13640: 15774,14841,13901
13785: 14312,15420,14717,13576,15484
15239: 15598,13804,14552
15088: 13095,14969,14029,13014,15656,13743,13018
15437: 15433
13170: 12933,13176,13861,13254
13585: 15720,14739,15596,13177,14074
14469: 13261,15282,14118,14100,13873
14593: 15249,15180,14302,14209,14542,14545
14813: 15300,15199,13426,14956,12942,13016
12873: 13940,13643,15559,13679
13436: 13255,14934
13896: 13550,13722,13735,13906
14445: 14672,13284,12865,15466,14143
14256: 14532,13943,14331,12915,14233
13058: 13238,13409,13629,14548,15246,12996
13866: 15723,13077,13883,12896,14566
28609: 15708,14631,12842,15731,13931,28661
15529: 13078
13897: 15638,14362
13852: 12932,15579,12965,15478,14601,13108
15193: 14759,13542,15100,14113,15511
14278: 13250
13063: 
13867: 14711,14413,13006,14092,14028,13243
14736: 14658,14594,15462,15603
14040: 13646,14467,14244,13306
14234: 14044,13828,14227,15732,13895,14119
13719: 15653,14106,12819,13348,14147,13280
15388: 15436,15170,14422,13283,13708,15620
15376: 14094,14497,14537,15011
14721: 14658,14594,14706,14066,14751
14019: 15187,15687,13061,13079
15584: 14226,14567,13860,14531,13911,13650
15284: 14373,14834
14140: 13741,14964,14967,13577
13755: 28607,13532,13381,13750,13904,14311
13426: 13373,13666,14956,14813,13105,13016
13368: 15063,14301,14769,13623,15080
14647: 14614,13222,15515,12891,15526,15546
14217: 14315,13689,13470,13289,14425,15490
13526: 13854,14733,15386,13591,15075,14273
12964: 15447,15079,15371,14027,13247,15045
14544: 14966,15632,15201,15664,15656,13743
12848: 13967,14764,15460
14864: 14135,12817,12832,13566,15759,15368
13189: 14546,15575,13191,14575
14401: 14449,15442,14891,12845,14204
13250: 14278
13359: 14083
14372: 14695,13554,13354
15772: 14998
12942: 13016,15224,14813,12914,15521
14039: 14353,14042,15724,14951
14577: 
13993: 15485,15658,13151,14977
28607: 13381,13755,13904,13064,15223
14379: 14017,13485,13560,14207
14331: 14908,12915,15245,13138,14256
13776: 13932,14799,13053,12913,15198
14286: 13914,14753,12940,14533,14879
13475: 13752,14625,14876,14702,15447,15423
14688: 14435,14490,15662,14997,15666
14212: 13211,14949,15172,15047,15756,14418
15682: 15339,15590,28650,13704,14770,15105
13163: 13341,12967,15145,13326,14831
14002: 14788,14885,14914,12969,15457,12903
13546: 14090,14477,14743,12836,15289,14413
15213: 14613,14492,14037,13317,13919,14657
15120: 13212,13577,15301,13741,13816
15636: 15216,15605
13796: 14754,15018,15743,14897,15068,15059
14988: 15570,13075,13090,13582,15811
13674: 14898,14626,13230,15800
15524: 15005,15422,13961,14519,14977
13978: 14095,13833,13095,14029,13192,13561
15025: 15227,15031,13690,14102,14275
12961: 
12827: 15023
15509: 12941,12945,14994,13606,13855,13162
14474: 14200,14522,15155,14602,13792,14473
13407: 12922,14572,15713,13767,13217,13638
13454: 14521,15616,13887,13997,15642,15304
13459: 14309,13702,15062,14783,14389,14270
13062: 14334,14800,15426,14173,14406,14332
13317: 14896,14206,15213,14613,13919
13760: 13406
13607: 15591,15082,13555,13735,13624
13739: 13732,13198,15042,15097,13800,15719
15415: 14591,14395,14216,15591,13555,14916
13926: 13467,15192,14817,13734,13332,13205
15716: 14559,14606,15221,14078
15041: 14067
15158: 13659,13375,14242,14810,13268
14513: 15217,15294,13564,15014,13667
13704: 14268,14342,13639,15590,15682,14770
15268: 14991,14599,14860,15244,13438,14343
13273: 15320,14438,15734,13954,15031,15758
13179: 15274,13788,13097,14548,12996,15541
15582: 14043,15801
13166: 13154,12892,13631,13696,13918
14008: 
14610: 12974
13235: 13653,13536,15417,14359,15548,15572
13356: 14282
13821: 
14590: 14335,14680,12842,28661,15218,14710
15128: 15265
13774: 14080,15382,15271,15799
13934: 15305
13132: 14271,13975,13937,13085,15576,14645
13505: 
15558: 13035
13148: 12814,14607,14439,15552,14944
15473: 14280,13134,15290,13277
13629: 13238,13058,15246,15505,13143,14076,13913
14289: 13068,13228,15194,15308,14422,15501
14374: 15283,12949
13842: 13725,13878,14093,15292,14490,13125
15160: 15112,13914,14006,14253
15383: 15761,15766,13257,13373,13666
15771: 13360,12975,13655,15232,13118,13733
13434: 14897,15206,15068,14510,14972,13844
14962: 15573,13947,13181,15567
13372: 15148,13224
13972: 12872
14708: 14470,15195,15410
15374: 13340,14169,13581,15782,15332,14055
14001: 14784,12895,12971
14295: 15637,13433,13511,13444,15152,15146
14620: 13702,13869,15808,15665,14627,15019
13920: 13399,13088
14480: 12904,13525,13161,14457,14264,13601
14487: 15596,13650,13911,13442,14774
14943: 15267
15485: 13993,15658
13923: 12871,13889,15523,15762
15438: 13496,13024,14821,15516,13900,13744
15369: 15324,13200,15804,14684,14252
13798: 14402,13537,14164,13630,12962,13804
13128: 14809
12941: 15509,14974,12945,15811,13855,13907
15252: 15453,13027,14915,13474,13348,15401
15712: 14242,14810,13749,14426,14364
15108: 14387,13880,14865,15262
15335: 28628,13556,14423,13321,13777,15247
13455: 14741,15456,15231,14444,14757
14257: 13620,13659,13375
14415: 14966,12833,13155,13057,14232,14366
13363: 15066,13976,15302
12918: 14388
14518: 14176,14231,14808,14137,13939,15178
13495: 14299,15306,13872,12897,12959,14767
14834: 14863,15661,14373,15284
14131: 15553,13577,14967,14050,15223,14871
12978: 13773,13187,15145,13817,13067,14424
15265: 15128
14560: 15614,14534,15352,15780,14520
14454: 14621,15084,14407
14785: 15360,15581,14344,13786,14588
14820: 14638,12977,13375
14083: 13359,15078
12821: 13922,14727,13968,15022,15497,14824
12878: 13647,13938,14138,14549,14524,14636
14941: 13102
13205: 14178,12999,13825,13332,13679,13926,13734
13534: 14155,15298
13300: 15378,13489,14252,15324,14890
15199: 15300,14813,12914,13862,14678
13861: 13170,13176,14460,13254,14393
13758: 15102,14505,13429
14242: 15712,14810,12977,15158,13375
13316: 13781,15482,15101
14038: 13390,15489,15046,14494
15163: 14011,14177,15164,14442
12828: 13167,14653,14395,14216,15543,13663
15402: 
13456: 15311,15049,15400,14075,13899
13204: 15593,13726,13540
15626: 15617,14797,15744,14014,15741,12857
15466: 15004,12814,15728,15740,14672,14445
13176: 13170,14516,13861,15546
13164: 14032,13399,14815
13820: 13396,15280
15277: 14742,13853,13222,14889,15754
12999: 12994,14267,13825,13679,13205
15601: 
13540: 13726,13204
13551: 14086,15109,14536
14581: 14601,14412,12915,15089,15579,14233
13197: 14916,14791,14571,15179,14119
13594: 13431,15138,15784,15267
14101: 15052,14307,15256,14629,15454
13699: 14795,14980,14251,13149,14438,15003
13086: 
14703: 15251,14223,14491,13532,15751,14417
14855: 
13490: 13930,14922
15190: 13748,14081
14076: 13143,13913,15231,13629,14444
13541: 13908,14344,14409,13415,13951,13260
14228: 13652,15129
12857: 14668,15617,15626,15657
13180: 14241,14232,13483,12833,15131,15715
13357: 14287,13542,15203,15255,14193
14472: 15070,14462,15095,15451,14740,14107
15414: 13598,14381,15461
13111: 14742,15499,14058,13545,14255,12852
14555: 14840,15081,12957,12960
13389: 
14892: 13340,14169,13365,13210,15144,14148
15685: 14069,13844,15725,15206,13228,15308
13967: 14533,12848,14097,15460,14219
13435: 14450,15372,13432,15770,15720,15347
14506: 14264,14580,12834,14805,14960,14950
14905: 13232,28298,14554,14059,14161,12985
13254: 14666,14393,13861,13170,15470
14267: 12994,12999,13825,14866,13185,15748
14902: 13957,14139,15571,13572,14690
13200: 15324,15369,15804,15302,15440,14385
13282: 13026,13530,14655,12984,12921
13031: 14338,13507,13973
14277: 
13752: 13475,14625,14876,15331,13756,15585
14956: 13666,13426,12991,15326,15300,14813
13269: 15728,14427,14239,15624
13987: 14780,14460,13888,14612
13891: 14132,14853,14589,14098,13713
13898: 15171,14428,14693,13388,13008
15743: 14754,13796,13599,13653,15417,15059
14146: 14714,14204,13133,15028,13353
15634: 
14072: 13931,12840,13768,28661,13744,14710
14129: 15619,14686
13076: 13312,15639,14565,14091,12862,14777
14465: 12847,13275,13703,13675,14091,12862
14068: 14995
15200: 13516,14744,15609
15454: 12990,14101,14294,14629
13973: 13313,14125,15411,14338,13031
14974: 12941,15811,15570,13721,13907,14786
13451: 14320,13231,14151,14139,14903,14352
13612: 13092,14738,14728,15189
13663: 15543,12849,14642,13167,12828,14624
13313: 13973,14125,13683
14938: 15507
14772: 15574,13444,15361,14508,13030,15637
12974: 14610,13050,14479
15364: 15039,12825,13521,12968
14499: 15112,13576,15484,14793
13098: 13762,14959,15062,15504,13080,13267,13710
14883: 13916,15149,14369,13539,13512,14209
13055: 15121,15607
15315: 15341,13427,13323,14419,13215,14158
15027: 13080,14887,15644,13552,14847,15504
13107: 14992,14782,13457,14281,13147,15069
15468: 
13473: 15451,14740,15449,14248,15534,13725
14307: 15052,14101,14048,13966
13744: 13931,14072,13768,15516,13496,15438
14021: 14748,13288
13472: 13336
12903: 14476,14313,13963,14002,14885,12969
15266: 14263,13927,14249
13557: 15665,13949,15521,13714,15019,15583
12867: 14630,15421,13980,14285,13790
14829: 15314,14346,14205,13497,15168,13441
14931: 14982,15344,15467,15355,15763,14665
13039: 15481,15722,14330,12882
13802: 14857,14003,13069,13278,13154,12892
15435: 14189,14144,13327,13525
13437: 13237,14573,14991,13815
13244: 13367,14826,12981,14400,12938,15228
14566: 12896,14643,13866,14737,13665,13740
13477: 
12890: 13287,15593,14449,13726,12845
15351: 14152,15387
15498: 13492,13848,13216
14057: 13159,15689
15355: 15722,14330,15763,13559,15467,14931
13523: 14458,13979,15000,12893,14984
14520: 15010,15780,14560,14231,13153
12938: 12981,14609,15483,15183,14229,13244,13367
13754: 
13422: 15033
15631: 14731,14184,13917,15167,14881,13580
13487: 13015,14993,12835,14409,13951,13800
13631: 15366,13072,13166,13154,13696,13046
15086: 14484,13812
13400: 13573,15363,13610,14528,15155
13482: 14060,14539,14789,14909,15628
15055: 14370,15358,14633,13970,14313,13165
14747: 13544,15792
13905: 15807,14906,12972,13770,14894,13054
14049: 15258,13285,14530,13524,15765,13709
15545: 14031,13043,13661,13315,13110,12863
13059: 15555,12926,15395,13256,12868,13903
15787: 15462,15603,14584
15396: 
13522: 13345,15186,14144,13864,12898
13548: 14877,14357,14801,14842,13737,15717
15625: 15729,13134,13047
13773: 12978,13187,13817,13143,15231
13065: 13863,14605,15633,14150,13953
13131: 15013,14698,12863,14031
15494: 14394,15273,13945
15258: 14049,13285,13293,13355,15765,14283
14222: 14668,15657,13226
13844: 14069,15685,13042,14972,13434,15206
14283: 12861,13069,15258,13285,13293,14003
14080: 13774,13660,14903,14320
14189: 15435,12898,14059,13525,13161,14554
13383: 13194,13130,13295,14957,13408
14047: 
13619: 14175,14148,13365,15296,15563,15741
13745: 14694,12879,13564,15793,15294
15497: 14691,15022,13000,13968,14052,12821
13215: 14158,15310,15315,13427,13637
14980: 14479,14795,13699,14839,15320,14438
14945: 13971,13933,14034
15526: 12869,14108,14647,15546,14612
15796: 13584,15132,13011,13829,15443
15488: 12919
14235: 15444
13283: 14163,13022,15501,15388,14422,15620
13518: 12951,14933
14458: 15536,13523,13979,12932,15579
13908: 13541,14456,15680,15360,14344
12822: 15575,15686
15004: 12865,15466,14854,13214,12814
15602: 15334,15327,14297,15208,14196,12861
15646: 15481,14484,13276
14245: 13201,13253,15117
15003: 13756,13954,15585,13699,13149
12898: 14189,14059,13345,14874,13522
14346: 15314,14829,12953,13433,13511,13497
13168: 14090,13006,15051,14895,12830,13865
14264: 14506,14580,13601,12834,14480,13161
13083: 13668,15642,14105,13343,13876,14926
15780: 15304,15616,15614,14560,13153,14520
14694: 13745,12879,13116
14034: 15073,13900,14945,15030,15002
12950: 15257,14164,13471
15764: 14239,14586,15528,14726,15241,15790
12843: 14649,14632,14700,15671,13826,15542
15006: 14932,15635,12820,13045,13849,14623
15336: 15681
14412: 14581,14230,14233,15381,13799
14337: 14050,13064,13384,13134,13277
14689: 15367,13608,14005
15058: 15458,15087,14171
12953: 13112,12912,13433,13497,14618,14346
14719: 13442,13480,14774
15365: 15709,14457,12904,15074,13329
15619: 14129,14686,14089
14846: 14623,14065,13071,13411
13515: 13206,15754,12869,14108,15070,13346
13310: 15652
14984: 15140,13353,14035,15000,13523,13979
14416: 28658,15520,13466,15238,13124,13723
14749: 15124,14899,13925,13040,15111,14975
15297: 15724,15566,15107,14042
15307: 15323,13808,14525,14541
14840: 14555,12960,14709,13544
13733: 15306,13872,15232,13963,15771,12975
15553: 13577,14131,15301,14871,13771
13625: 13147,15069,15717,14410,14781,14850
12910: 14629,14192
14755: 14035,15000,14437,12840,13768,14803
12915: 14331,15089,14256,14581,14233
14541: 15690,14525,15307,14557,13175
13275: 12847,13703,14465,12921,13658,13530
15223: 14050,13064,28607,13381,14871,14131
14740: 15451,13473,14472,13725,13878,14107
15727: 14111,15676,13582,13183,13423,13855
13416: 15610,15139
15198: 12913,13776
14757: 14444,14646,14053,14741,13455,13839
15305: 13934,13610,14528
14718: 13032,14272,14714,14978,14746
15800: 13216,13674,13230,15581
14249: 12826,15266,14263
15095: 15070,14472,15007,12937,13206,15451
13969: 15641
14533: 13967,14219,14879,14286,12940
14700: 28558,14649,12843,15542,13558,15746
13390: 15489,14038,12935,15669
13763: 
15146: 13578,15152,13444,14463,12870,14295
13227: 13626,13661,15182
12816: 15670,15643,15347,13801,14816
13066: 15696,14275,15227,13104,15750,12929
15813: 13469,14994,13645,14561,13162,13999
14388: 14682,12918
14330: 15722,15355,15763,12882,13039
13687: 14030,14837
15706: 13411,15114,13358
13106: 15036
14300: 
13778: 
14723: 13885,13322,13982,14298
14756: 15329,14927,14026,14301,14930,12928
14191: 15659,13887,13280,15406,13668,13343
14059: 14189,12898,14874,12985,14554,14905
15610: 13416,14928
13812: 15086
15323: 15307
13600: 15424,13499
14099: 13985,14630,15537
14380: 15645,14802,14913,13947,15704
15224: 12942,13016,13048,13105,14600
14221: 14699,14502,13669,13012,14833,14198
12901: 13882
13259: 13586,13672
15264: 14911,15799,15359,15512,13019
15697: 14326,15409,14569,13649,15136,12837
13190: 14284,14695,13298
14572: 12922,13740,13407,15608,13638
13492: 15498,13543,13136
14009: 15548,14893,14971,13751,12979,14339
14698: 13131,15013
14111: 15727,15676,13183,14451,14122
15749: 12917,14310,12916
13293: 15258,13355,13589,14376,14283,14003
15641: 13969
14446: 14026,15076,15151,15084
12970: 14863,15661,15356
13221: 14370,13510,13165,12897,14767,14961
14206: 14178,15677,14896,13317,13919
14165: 15147
13566: 14279,15759,12817,14864,13467,15192
15195: 13338,14708,14832,15410
15762: 13290,13923
15330: 15378,13489,14779,15141,15168,14527
13825: 12999,14267,14866,14896,14178,13205
14825: 13675,14958,14091,15639
14303: 
14922: 13490
14485: 15407,13948,14174,15272,14663
15156: 14318,14378
15537: 13845,13790,14099,13985
13320: 14348,15054,13613,14467,15776
13226: 14873,14668,14222
13601: 14264,14580,14480,14457,14861,12982
13956: 13935,15001,13077,13103
15077: 13784,13330
13818: 14134,15373
13836: 13983,12826,15703
15176: 13816,13769,14634,14771
14676: 15214,15337,13871,15586
14195: 15047,14537,14497,13144
15617: 14797,15626,13449,13649,12857
15348: 14999,13311,14923,14872,14367,13196
15059: 13653,14897,13796,15743,14486,13350
13188: 14141,15748
13417: 15381
15183: 14229,14868,14953,14609,14339,12938
13761: 14259,15622,14766,13439,15229,14838
14274: 15005,15422,13781,14763,14613
14853: 14132,13891,14223,14417,14098,14867
15465: 13217,14732,13604,14120,12880,14761
15623: 13757,14269,13680,13500,13445,15177
14794: 13718,15033,13772
13471: 12950,13488
15483: 14609,15794,13367,14243,12938
12960: 15226,13565,14840,14555
13080: 13296,14887,13267,15027,15504,13098
14646: 14444,14757,15474,14673,14053,13851
14015: 14247,15428
14613: 15213,14492,14763,13317,15005,14274
13402: 15162,14250
14411: 14296,14199,15038,15085
13718: 14794,15411,14356
14630: 15421,12867,14197,14128,14099
13656: 14365,12954,15690,13410,14525,14765
14292: 14190,15189
13654: 13160,14157,14381
15644: 15496,14010,14201,13552,14847,15027
14142: 14885,15358,15241,14914,14726,14901
14527: 13651,13501,13441,15168,15378,15330
15011: 15276,14094,15376
14774: 13442,14719,14487,13121
14136: 13245,15187
13726: 13540,15181,12890,13204
15684: 13769
13314: 13318,14345,13240,15746,14919,15234
15233: 15197,13486
13846: 
12837: 15136,14326,15697
13022: 14163,14971,13283,15501,14194,14893
13199: 14276,14815,13335,13399,14679
15455: 14758,15567,12998,13664,13207,15115
14743: 14477,14562,13614,12836,15698,13546
13602: 
14787: 15115,15795,15049,13349,13461
13397: 14493,14543,15394,13670,14244,14558,14862
13113: 15322
12998: 15455,15567,15530,13664,14622
13931: 14072,28661,13744,28609,15731
13351: 
13854: 14733,14343,13526,14833,14013,13012,15075
12969: 13158,15232,15457,14002,12903,13963
28652: 
15433: 15437,13173,12997
14874: 14138,13345,12898,14059,14636,12985
12928: 14930,13082,14301,15175,13623,14756
14398: 15273
14268: 14342,13704,13639,14879,15434,14753
14734: 13959,15326,14564,13484,15254,13034
13589: 13093,14376,14542,13293,13355
15789: 13478,15612,13874,14759,15479
13007: 14260
12984: 13103,13942,14655,13935,13282
14253: 15160
15550: 
15489: 13390,14038,15669,15708,14494
13219: 14969,14029,14661,28628,14423,13192
14623: 14846,13849,14600,15006,15635,13071
14517: 14161,13738,12985,14524,15103,14636
15045: 13247,13218,12964,15079,13118,13655
13618: 12995,13560,14530,14687
13470: 13732,13198,15119,13603,13689,14217
12897: 13495,13872,14476,13165,13221,14767
12831: 15238,12868,13374,13124,14782,13457
13285: 15258,14049,13709,15208,14283
13837: 14389,14309,12876,14265,14725
15552: 13214,14159,13148
13705: 14501,15279,14004,15291,15445
14538: 13962,15181,14841,13302,13403
14352: 14255,15353,12852,14151,13451,13231
15806: 15782,15332,14838,14259,15083,14396
14399: 13888,13346,14462,13150,14455
13202: 14551,14790,14812
13591: 15075,13439,15229,13526,14273,28641
14839: 13747,14414,14479,14980,15320
14552: 15239
13154: 13166,12892,13802,13648,13072,13631
14233: 14230,12915,14256,14581,14412
15164: 15125,12881,15163,14442,15303,13813
14318: 15156,14996
14261: 12958,13342
14565: 13076,13312,14777,14869,12844,14729
15319: 13474,15686,14575,15453
15770: 15720,14739,13435,15347,15057
14530: 12995,13618,13524,13709,14687,14049
14371: 14811
13664: 13964,14622,12856,15455,12998,13207
14168: 13116
14760: 13684,15322
15361: 15574,14772,15677,14817,13734,14508
14850: 13503,14827,15240,13147,13625,14781
14494: 14335,14856,15489,14038
15656: 13743,15632,14544,13014,15131,14969,15088
14832: 15137,15410,13338,15195
14761: 15747,12880,15220,15465,14120,13115
14639: 15169
15110: 13026,13530,14066,14325,13703
14435: 15292,14688,14490,13651,13501,15534,15662
15475: 13174,15204,14592,15757,13634
15034: 13538,14103,13723,15491,13831,13902
13409: 13238,13058,14548,14665,14982,14025
13713: 12963,15450,13891,14589,13513
14762: 13986,13838,15763,12882,13401,13140
15493: 13985
15234: 13697,14919,13314,13318,14010,15053
15481: 13039,15646
13749: 15712,14386,15703,12977
13027: 15252,14915,13348,13181,14106
13970: 14633,15588,14406,14370,15055,14332
13011: 14012,13458,15443,15796,13584
13819: 15050,15362,15124,13960,14428
15342: 13187,15145,15456,12967,13311
13443: 14500,14005
14115: 14535,15072,13127,14987,15024,14349
13725: 13842,13878,15534,13473,14740,15292
15325: 12925,15480,14814,13694,14526,13371
15334: 15327,15602,14114,15208
15166: 15673,14944,13698,15649,15209,14316
14551: 13202,14790
14216: 15415,14395,14916,14791,15543,12828
15692: 13050,14585
15109: 14507,14692,15387,13551
14819: 
14360: 15196,12815,14453,15250,13053,13932
13613: 15010,13272,14808,14467,15776,13320
15270: 15654,14450,14644,13736,13145,15670
14026: 14756,14927,14930,14446,15076
15286: 14060,14539,14093,12956,13037,14880
15056: 13297,13670,14493
15404: 14512,14999,14923,13099
14162: 14266,14608,15092,15672,13727,15375
15500: 13096,14789,12956,13307,14060
12959: 28559,14767,14299,13495,15118,15752
15426: 13062,14334,14173,12945,13729,13907
13902: 14017,13485,15034,13538,13831,15126
13682: 
13694: 15399,14526,13360,12975,15480,15325
13572: 13764,14973,14384,14902,13957
14293: 13892
14505: 15171,15050,13429,13758
13336: 13472,14348,14904
14209: 14593,15180,14883,14369,13539,14545
13947: 14962,15573,14913,15645,14380
12869: 15526,14108,13222,13515,15754
14321: 14149,15508,13462,13691,13305
14377: 13958,14920,14163,14971,12979,15794
14547: 15186,15393,13938,14138,13345
14114: 13709,14687,15208,15334
15249: 14593,15180,14302,15017,13081,12973
14596: 14735,15071,14160
14504: 14112,15663,13626,15577,13023
15594: 13839,15379,14598,13565
15228: 13244,14826,14400,13130
12992: 15349,13698,14468
12940: 14286,14533,15343,14006
13521: 15753,12968,15364,13299
15422: 15005,15524,14274,13781,15101
14644: 14450,15372,15503,15096,15654,15270
13824: 14854,13214,14159
13024: 13496,15438,13900,15442,14778,14891
15677: 14178,14206,13734,13919,14508,15361
13869: 14620,13702,15019,12851,13405,14270
15591: 13607,13555,14571,13906,14916,15415
15773: 13208,13342,15573
15599: 14304,14122,14260
15133: 13647,13938,15753,14328,13936
13239: 15791,12933
14830: 15026,15538
15271: 12887,13965,15382,13774,15799
15222: 
13321: 14092,13777,28650,13243,15335,15247
14392: 14394,15273,13304,13248
15226: 13196,12960,14923,14709
13662: 15152,13386,13511,15314,15660,12850
14770: 14262,14717,15105,14342,13704,15682
15765: 13524,13539,14545,15258,14049,13355
14894: 15235,13770,14404,15807,13905,13759
13835: 
14668: 12857,14222,14347,13226
14224: 12860,14383,14364,14266,14608,15377
28658: 15520,13466,14416,13941
14953: 14033,13751,14339,15183,14868
14578: 15214
15032: 13040,13379,14440,15556,15492,13925
14896: 15745,13317,14866,13825,14206
13167: 14653,13142,12828,14624,13663,12854
14484: 15086,13276,15646
15185: 13803
14054: 14022,13628,15144,15425,12877,15020
14837: 13692,15012,13687
15504: 15062,14847,13080,13267,15027,13098
13918: 14452,13696,15416,13166,14402
13486: 15233,15091
14500: 13443,15486
13127: 14535,14115,14987,12980,13265,12993
14525: 15690,13410,14541,15307,14935,13656
14219: 15434,15316,14097,13967,14533,14879
15040: 13680,14925,14305,14692,15177,15269
14284: 13190,13236,14695
13194: 15755,13383,13408,13783
15478: 15517,13117,14323,12932,13852
15114: 15635,15706
12904: 13146,14480,15365,15709,14457
13468: 14906,15153,14240,13296,14887,14807
15119: 15577,13470,13198,13315,13289
14713: 14735,12934,15408,13622,13720
14569: 12877,13449,13649,15409,15697
14852: 
14385: 15350,13200,15440,12976
14442: 15030,13971,15163,15164,15303
12914: 15199,13701,14678,12942,14420,15521
14744: 15200,13516,15609,13753,15285
14680: 14335,14590,14856,14453,15218,12815
13388: 14095,13833,14693,13898,13008,13465
13296: 13080,14887,13267,13468,14807,15710
15443: 15463,13011,15796
14763: 15745,15718,14274,14613
13123: 15607
13478: 15789,15612,13620,15506,13874,14421
14711: 15289,13867,14434,14413,14071,14028
14130: 14170
14707: 13575,14324
14419: 14077,14459,13529,13323,15315,14158
14074: 14350,15275,14739,13585
14634: 14682,13212,15176,14771
15048: 15073,15002,12853,13287,14449,15442
13494: 14697,12976,14696,13385,14616
14443: 12818,13870
14895: 12854,13483,15051,13168,12830,15715
13797: 12908,13349,12917
13169: 13968,15312,13862,12966,14824,14678
14934: 13436
14314: 15700,15009,13303,15428
13324: 13916,15149,15126,14992,13831,14281
14818: 13002,14730,13101,14798,14218,15202
12846: 15125,14177,14329
13892: 13144,15172,14293
14660: 14128,15587,14154,13476
14139: 14902,13957,12939,14903,14690,14151,13451
14060: 15286,14539,13482,12956,14789,15500
14870: 13249,14482
13072: 15366,13631,13648,12955,12900,13154
14821: 15303,15516,15030,13900,15438
13419: 
15023: 15513,12827,13779
15313: 13708,13770,14979,15170,13730,12972
15014: 13564,13570,14513,15674,14351
13135: 13676
14816: 12948,12980,15643,12816,13801,13673
13587: 14563,15318
14177: 15125,12846,13294,15163
14748: 13191,14021
15511: 14208,15193,13542,14113
28298: 13232,14905,14805,14161,14822,15430
13009: 13330
13632: 
13484: 13491,13847,13571,15254,13034,14734
12830: 13593,15715,14895,13168,13865,14514
15260: 
13249: 14382,14482,28622,13791,14870
14141: 13188,15748,12994
14887: 13080,13296,15027,13552,14240,13468
13932: 13776,14799,13053,15196,14360,13141,15230
15042: 13951,13260,15097,13800,14340,13739
14102: 13690,15197,15734,15031,15025
14656: 
12824: 12987,14282
15328: 14602,13241,15274,15622,13172,15541
13961: 14492,15005,15524,14519,12875,13915
13633: 14145,13558,14691,15022,15288,13240
15094: 
13146: 12904,13525,14488,13327,15709
13225: 13078
14370: 13510,13221,15055,14332,13970,13165
12847: 13275,14465,13658,12862,14828,14641
14227: 15367,15732,14433,14234,14044
12997: 15729,15433,13173,12899
13344: 15143,14873
14383: 12860,14224,14364,14810,15122,13268
13981: 14471,13765,13281,13952
13630: 13636,15721,12962,15598,13804,13798
13211: 14212,14949,15172,15357,15793
15029: 15368,14690,14151,15759,15104,15353
14884: 14867,13691,12860,15251,14223,15122,13462
13075: 14988,15570,13090,14156,15127,14236
13734: 13926,14817,14178,13205,15677,15361
15790: 14633,15588,14561,15764,14586,15241
13766: 15572,14033,15683,13028,14211
13440: 13229,13720,13794,14965,13465
14004: 13705
13571: 13491,13319,13484,15134,15008,15254
28650: 15590,13243,13321,15682,15339,15247
13415: 13274,14409,15680,13828,13541
14116: 14773
15767: 
13885: 14723,14298
14033: 13766,14953,15572,13751,14211
14710: 15218,14900,14590,14072,12840,28661
14244: 14558,14543,13397,14040,13306
14781: 13262,14410,13625,14850,15240,13001
15155: 14200,14474,13400,14699,13792
13578: 15152,15146,13386,14463,13545,14058
13992: 13832,13568,13157
14667: 14964,14127
14592: 15475,14939,13634
13817: 13089,13990,13143,13067,12978,13773
15766: 14356,13257,15383,15761,13772
15076: 15151,14955,14026,14930,14792,14446
13210: 12885,12864,14892,13340,14022,15144
14492: 15213,14613,14037,13961,15005,13915
15288: 13922,13616,15022,13633,14345,13240
14568: 13002,15331,14730,13677,14625,14481
14025: 12909,14673,14982,13238,13409,13913
14464: 13108,15611,12965
15637: 14295,13433,13030,13444,14772,12912
14023: 14912,13605,13595
13133: 14778,14891,15028,14146,14204
14791: 14916,13197,15179,14216,15471,15543
12913: 13053,13387,13776,15198
14879: 14268,15434,14219,14533,14286,14753
15503: 15372,14644,15747,14226,14567,15096
13512: 13524,13539,15149,14883,12995,14207
15774: 12845,13640,14714,14204,13901,14272
13986: 13430,14762,13838,13140
15049: 13858,13456,14787,13461,13899
15467: 13195,13559,14628,15355,13097,14665,14931
14662: 
14466: 13808
15664: 13040,13379,15201,14544,13743,15111
14164: 13798,13537,13804,15257,12950
14051: 12936,12883,14522,14473,13788
14437: 14755,14035,13496,13768,14778,15028
13652: 15561,14436,14228
13944: 13946,15345,14659
12868: 15238,13256,12831,13374,13903,13059
13203: 28662,15219,14183,14441
15638: 14265,13897,14725
14865: 14387,15108
13067: 15403,14424,13089,13817,13581,12978
14847: 15062,14783,15504,15644,14201,15027
13360: 15771,12975,13655,15760,15399,13694
12882: 14330,13039,14762,13838
14618: 15141,13840,13497,13112,12953,13252
13990: 13089,14396,13991,15505,13817,13143
14498: 15649,14768,13396,14468
14686: 14129,15619
14150: 15568,14605,13065,13122,13139,13953
12894: 13061,13805,13070,13584,15132
14281: 14992,13107,13147,13916,13324,14827
13354: 13535,15016,14489,28589,14372
14396: 13089,13990,13991,15083,15332,15806
15321: 14809,13201
13094: 14354
13413: 13251
14746: 15517,13117,14978,14718,13032
13535: 15016,13354,14351
14728: 13612
15629: 13481,14187,13506,15693,15561
15066: 13363,15777
13042: 15243,14069,13844,14334,14800,14972
13175: 13173,12899,15690,14541,15554,14765
13998: 13995
15220: 15747,14761,13115,14357,15096,14842
15650: 14252,12839,14859,13489,14779
15394: 14960,15630,13670,14862,13397
15096: 14842,15654,15747,15220,14644,15503
15036: 14020,15702,13414,13106
15413: 13074,14869,12844,13941
13862: 13959,12966,13169,15300,15199,14678
15069: 13147,13625,15717,14801,13107,13457
28622: 15113,13791,13249
15486: 14500,15427,13722
13826: 12946,15118,15752,15671,12843,14632
14163: 14971,13022,13283,14377,13958,15620
13126: 15683,14359,14285,13599,13493,15417
13637: 15681,13427,13215,15424
13307: 14237,14455,13150,12956,15500
13255: 14924,13436
15391: 
13017: 13442,13234,13860,13184,13911
13345: 14138,14874,13522,14547,12898
14867: 14098,13691,14884,14223,14853
13057: 13044,13155,13603,15775,14366,14415
14258: 14157,13114
13004: 14170
15728: 13269,15740,15466,14672,15624,15392
15248: 14809,15502
15407: 14485,14174,14432,13376
15424: 13425,13499,15681,13637,13600
14213: 14353,14042,14290,15566,15113
13939: 15178,15293,14518,13982,14954
12921: 13275,13658,13282,13530,14655,14430
15337: 15592,15001,14676,15586
28651: 
15717: 15069,13625,13548,14801,13737,14410
15491: 14992,14782,13831,13124,15034,13723
13507: 13685,14597,13031,14851
14495: 15538
15431: 
14053: 15225,13851,14757,14646,13839,15379
13510: 14370,13221,14332,14800,14961,15243
15693: 15137,15410,14611,13506,15629
13570: 13564,15793,15014,14949,15016
14715: 15713,14430,13658,14828,14363,13767
15741: 14014,14175,13619,15563,14797,15626
13177: 15275,13121,15596,13585
14512: 15404,13929,15338
15571: 12832,14447,15368,14690,14902
12832: 14447,15571,15188,14135,14864,15368
13537: 13798,14402,14164,14452
12835: 13274,14409,15179,13015,13487,15471
14457: 15365,12904,14480,13601,14861
14930: 14792,13082,12928,14756,14026,15076
15235: 13708,13770,14894,13958,14404,15620
13635: 15246,12996,15083,15541,13172,13991
28659: 13520
13406: 13760,12958
13964: 13664,14622,12856,15406,14105,13343
13366: 15174,13945,14394,13025,15060
13737: 14842,15654,13548,15717,14410,13736
15135: 14305,15129,13428,15532
15681: 13637,15424,15476,15336
15147: 13073,13242,15102,14165
13068: 13228,14716,14289,14940,15436,14422
15585: 13756,15003,13149,15202,15331,13752
15719: 13044,13603,13800,14993,13732,13739
13709: 14114,14687,15208,14530,14049,13285
14716: 13068,13228,14940,15725,15562,12946
13268: 15122,14669,14810,14383,15158
13678: 
15280: 15519,13820,14921
14797: 15617,15020,15626,14175,13449,15741
13966: 14629,14307
15539: 13195,13948,14663,14576,12883
14090: 13006,15051,13168,13546,14477,14413
14455: 14237,13307,13502,14399,13150
12986: 14798,14843,14768,14061,14117
13084: 14405,14384,13957,12939,13279
14086: 13551,15387
13019: 15261,13567,15264,14911,15512
13810: 14764
13032: 14718,13886,14746,13117,15784
15247: 15339,15242,13321,28650,13556,15335
14210: 14365,12954,15672,14496,15375
13195: 13559,15467,15539,14628,14576,12883
13138: 15230,15245,14331
14901: 14619,14726,13178,14983,14142,14914
13101: 14985,14559,14843,14798,14218,14818
15295: 15713,14430,13942,14655,14643,12922
12930: 15162,12905,12886
14297: 15327,15602,14196,13636,13877,15809
14408: 15244,14769,13395
15035: 
13697: 13730,12972,14919,15234,15053,13054
14382: 13249,13791
28558: 14979,14649,14700,15746,13730,14919
15353: 14255,14352,15104,15029,14151,14016
13012: 14221,14833,13854,15075,14198
14251: 13149,14218,14078,14559,14795,13699
15350: 14385,15302,15777
13305: 15589,15544,15508,14321,13928
13543: 14836,13492
13340: 14892,14169,15374,14055,12885,13210
14652: 
13051: 13029,12976,13385
13445: 13500,15797,15623,14507,15177
13901: 14841,13640,15774,13886,14272
15612: 13478,15789,14421,15479
15718: 15482,14062,15739,14763
13140: 13085,13986,14762,14674
15520: 28658,14416,14103,13723
14671: 13641,13667
14936: 14975,13960,14693,13018,13095,14095
13218: 13247,13890,15045,15760,13655,14431
15620: 13958,15388,14163,13283,13708,15235
15398: 12841
14871: 13771,15751,13381,15223,15553,14131
14329: 15533,15669,12846,12935,15125
15593: 13287,12890,14378,13204
13332: 15157,13679,13205,13926,15192
13469: 15813,14994,14429,15392,13645,14948
14424: 15403,13067,12978,15145,15296,13326
14056: 
14769: 13438,14408,13404,13368
15667: 
13410: 14525,14121,14935,13656,12954
14649: 28558,14979,14478,12843,14632,14700
14886: 14135,12817,14220,13036,15559,15157
14758: 15455,15567,15645,15115
14340: 14112,15042,13260,15097
13580: 15549,13493,15631,13917,14881,13980
15540: 14389,13405,13707,14265
13679: 13332,15559,15157,12873,12999,13205
12899: 13173,13175,15729,12997,15554,14503
14691: 15022,15497,13000,13371,13633,14145
13701: 14824,13213,14678,12914,14727,14420
15384: 14888,13286,14637,15013,14375
13556: 15335,14423,15247,15242,14849,12888
12963: 13713,15450,13716,15255
13843: 13461,15627,13899
15444: 14298,15184,14235
13411: 15706,15635,14846
14519: 13151,14977,15524,13961,12875
15072: 14535,14115,15024,12906,14605,15633
13621: 13046,12943,15366,15647
13816: 15176,13769,13741,15120
13827: 15776,15178,15293
15290: 14681,14553,13277,14280,15473
14690: 15368,15029,14151,15571,14902,14139
14243: 13367,14583,14920,15794,15483,15778
13481: 15629,15561,13680,14925
14031: 15545,13043,13131,12863
14996: 14318,13933
13353: 14984,15140,14978,15028,14035,14146
13178: 13677,15173,14704,14619,14901,14983
12875: 13392,13915,13961,14519,14556,14358
15329: 14756,14927,14109,15063,14301
15256: 14294,13875,14024,14101
14032: 13164,13706,14815
15085: 15576,12949,14645,13394,14199,14411
13791: 13129,15448,28622,13249,14382
13395: 13807,14109,14408,15063
14672: 14445,14948,13284,15466,15728,15392
13563: 14670,15216
12858: 
13965: 12887,15271,13279
14183: 14373,14441,13203,14617
13747: 15734,14155,15298,14839,14414,15320
15542: 14145,13558,14814,15671,12843,14700
12912: 13112,12944,12953,13030,15637,13433
15352: 14534,14560,14558,13695,13272,13646
14645: 15576,15085,13085,14674,13394,13132
14726: 15528,14619,14901,15764,14142,15241
14012: 14909,13458,13011,14937,15098
13198: 13732,13470,13739,15097,15119,13023
13444: 15574,14772,12870,14295,15637,15146
15611: 14464,15138
28575: 
13396: 13820,14498
14199: 14296,14411,12949,15085
13245: 14136,14387,15333,13823
14537: 15047,14195,15756,14497,15376
14714: 14146,14204,15774,14978,14718,14272
13079: 15187,14019
15445: 13707,14362,13705,15279,15291
15781: 14328,15393,14063,12825,14683
13575: 14707
13291: 13013,13974,15142
13887: 15659,14191,13997,13454,13668,15642
13538: 15034,14103,14017,13902
15317: 14066,14751,14325,14958
14557: 14541,13173
14857: 13802,13977,14003,13648,14376
14514: 13777,13865,14661,13593,12830,28628
14006: 13914,12940,15160
13231: 14320,13451,14317,14352,12852,15499
14991: 15268,14599,13237,13437,14860
15192: 13467,13926,13332,15157,12817,13566
14125: 13313,13973,15411
15196: 12815,14360,13141,15090,13932,13120
14471: 13981,13281
14011: 15163,13971
14778: 13133,14891,15028,13496,13024,14437
15065: 13860,13184,14531,15608,14732,13638
15399: 13694,14526,14882,15760,13360,12829
13460: 13281,13945
14395: 15415,14591,14216,13787,14653,12828
14196: 12861,13069,15602,14297,15809,13278
13925: 14899,14749,15492,15032,13040
15700: 15087,14314,13303,14126,15458
13985: 14099,13845,15537,15493
13125: 14880,14490,13842,14093,13156
14702: 14788,14481,13475,14625,15423,15457
14614: 13853,13222,14647,14317,13660,15515
15267: 13594,14943
14285: 15683,13126,13493,12867,13980,13790
13565: 13196,12960,14367,15594
14194: 13350,15194,13536,13022,15501,14893
15736: 12836,14523,15698,12884,15769,13362
15508: 14149,14321,13305,13928,14287,15100
12954: 13656,14210,14121,13410,15672
13449: 14569,12877,13649,15617,15020,14797
15687: 15187,14019,13823,14789,15628
14215: 
13014: 15131,14661,13593,15632,15656,14969,15088
14122: 14451,14111,15676,15599
15600: 14355,13717
14296: 14199,14411,14928,15038,14845
13038: 14020,13220,14184,15167,13056
13738: 14161,14517,15103,13997,14521
13519: 15210,15262,14186
14842: 15096,15654,13737,15220,14357,13548
15551: 13617,13782
14595: 
15469: 15730
13479: 13049,12841,14952
14231: 14176,14518,14808,13153,15010,14520
15459: 14311,14496,15375,14266,15377,14491
14928: 14296,15139,15610
13159: 13533,14057,15627
14841: 13901,13640,14538,13403
15043: 14290,13924,15446,15566
13499: 13425,15424,13380,15037,13600
14806: 15430,12874,15616,14822,15614,14534
14433: 13136,13848,13209,14227,15367
15707: 13994,13881
15170: 15436,15388,14979,14478,13708,15313
28589: 14418,14489,14949,15016,13354
15118: 13826,15562,12946,15752,12959,28559
15231: 13143,14076,14444,13773,13187,15456,13455
14948: 14672,13284,13469,14429,15392
15618: 14964,13769
13527: 14627,14981,15496,14201,15569,15808
13295: 13130,14957,14826,14077,14336,13383
13623: 15175,13857,15080,13368,14301,12928
14062: 14238,15718
13769: 13816,15176,15618,15684
14725: 15370,13837,15638,15655
14616: 15463,13494,14696,15640,13385
14522: 14200,14474,14750,12936,14051,14473
14959: 13712,13762,13098,13710,12876,14079
15377: 15251,14491,14266,15459,12860,14224
13191: 14748,13189,13288
15554: 14104,14963,14765,13175,12899,14503
13380: 15730,15037,13499
14175: 14148,13619,15425,15020,14797,15741
15052: 14101,14307,13875,14048
12817: 14135,14886,14864,15157,15192,13566
13581: 14169,15374,15332,13089,15403,13067
13050: 15692,14078,12974,14479,14795
13857: 15175,13623,15080,14273,15386,13448
15709: 15365,14488,12904,13146
14807: 13529,13323,15710,15153,13468,13296
15208: 14114,13709,13285,15334,15602,12861
13868: 
13569: 14327,14190,13420,15597
14503: 13384,13134,12899,15729,15554,14963
15205: 15441
15527: 13488
13099: 15116,13341,14999,15404
14013: 14860,14833,13854,14733,14343
14817: 13467,13926,13734,15574,15361,15253
14218: 14251,13149,15202,14559,13101,14818
13237: 13364,13437,14991
15428: 14015,15385,14314
15366: 13072,13631,15547,13621,13046
13342: 14261,15773,12958
14843: 15519,14985,13101,14798,12986
15523: 13290,13248,13889,13923
15236: 14968,13001,13715,12948,14987,14349
15214: 14676,14578,15592
15744: 13420,14014,15626,15657
15241: 14142,15358,14726,15764,14633,15790
14095: 13833,13978,13388,13095,14936,14693
14918: 
15037: 13380,13712,14448,13425,13499
15386: 14733,13526,13404,13857,15080,14273
14232: 13180,14241,14685,13155,12833,14415
14287: 13542,15100,13357,15255,15508
13677: 13178,15173,14568,14730,14983,14481
15742: 
15333: 14387,13880,13096,13245
14394: 14392,15494,13366,13025,14776
13447: 14064
13554: 13803,14875,14489,14372
13233: 13301,13786,14898
13464: 13446,15106,14030,15446
13655: 15771,13360,13118,13218,15045,15760
13029: 13051,13201
13624: 15714,13952,13607,15082,13555,14202
15169: 15354,14639,15786
15210: 13519,14666,13780
14573: 13339,13364,13437,13815
15705: 
15740: 15728,12814,14607,15466,13337
15615: 14308,13234,13516,15695,12927
12917: 15749,13797,12916
13542: 14287,15100,15203,13357,15193,15511
13530: 15110,13282,13026,13275,13703,12921
14107: 13150,13037,14740,14462,14472,13878
15652: 14939,13310,13894,13174
15661: 14834,12970,15604
14118: 14211,13845,13592,14100,14469
15314: 14829,14346,14205,13511,13662,12850
15528: 14619,14726,14427,14084,14239,15764
13604: 14363,13767,15165,13217,15465,14120
13767: 14363,13604,15713,14715,13407,13217
13653: 13536,13235,15417,15059,15743,13350
13208: 13021,15773,14915,15573
14804: 15008,15254,14651,13328,15565,14564
13561: 12934,13794,14849,13192,13833,13978
14574: 13870
14402: 13798,13537,14858,12962,13918
15763: 14330,15355,14762,14931,15344,13401
13427: 15341,14448,15315,13215,13425,13637
14269: 13757,15623,15137,13680
28641: 13448,15397,14752,13591,15229,14273
13403: 12823,14538,14841
15567: 15455,14758,12998,14962
15701: 14515
14643: 12896,14566,13942,15295,12922,13740
15587: 13910,14154,14660
13683: 13313
14077: 14419,14459,14336,13295,14957,14158
15778: 13759,14640,14404,14920,14243,14583
28634: 
13196: 15226,13565,14367,15348,14923
13735: 13722,13896,13906,13607,15082
13348: 12819,15401,15252,13027,13719,14106
14935: 14121,13808,13410,14525
14775: 14192,14664
13387: 12913
14635: 14065,15694,13714,13048,15583
14648: 13762,13267,15710,15341,14448
15216: 15636,13563
15675: 
14732: 13217,13638,15465,15065,14531,12880
15429: 13806
15046: 13588,14038,14007
12865: 15004,14854,15130,14143,14445
14753: 14286,13914,14268,14342,14879,13547
14982: 14931,15344,14665,13409,14025
13182: 13883,14812,15285
14456: 15680,14045,13216,15360,13908
14759: 15193,13928,13874,15789,13109
13271: 14350
13334: 28666,14306,14188,13520,14823
14771: 15176,14634
12920: 
14599: 15268,14991,13841,13809,15244
12825: 14063,15364,12968,14328,15781
13060: 
12892: 13166,13154,13802,14858,13278
14345: 13314,13318,13240,13616,15288,15569
14316: 14322,13731,15209,15673,15166,14579
12906: 13081,15024,15072,15568,15464,14605
14263: 15266,14249,14638
14767: 12959,28559,14961,13221,13495,12897
14729: 15555,12926,14565,14777,12855,14869
13568: 14621,13412,13992
14739: 15770,13585,14074,15057,14124
14174: 15407,13948,14485,14750,13376,12936
14570: 13446,15354,14290,13775,15113
15294: 14513,13745,13564,13667,13116
14279: 13566,15759,15104,13467,15253,28557
15093: 15408,13700,13622,15242,14910,12888
12907: 15776,15054,15779
12833: 14966,15632,14415,13180,14232,15131
14738: 13092,13612,15189
15547: 15647,12900,15366
13636: 13877,15721,13630,14297,15809,12962
14849: 12934,13561,12888,13556,14423,13192
13700: 15408,15093,14910,14312,15420,13308
14366: 15775,15201,13553,13057,14966,14415
12975: 15771,13360,15306,13733,13694,15480
13287: 15593,12890,12853,15048,14449
13498: 15607,15525,15204
13875: 14773,15150,15052,15256
15799: 14911,15271,15264,13774
13152: 13306,14543
15784: 13881,13032,13594
15060: 12884,13025,15174,13366,15613,13834
14353: 14042,14213,15113,14482,14039
13394: 14674,15085,14645
14670: 15161,13563
12860: 14224,14383,15377,15251,15122,14884
14695: 14372,14284,13190,13298
15259: 
12819: 13348,14549,14147,13719
13448: 15397,28641,15175,13857,14273,13391
12836: 15736,14523,15698,14743,13546,15289
12966: 13959,13862,14564,15565,13169,15312
13681: 15357,14390
15411: 13973,14125,13718,14356,13642
13560: 12995,13618,14207,14379
13171: 15695,12927,15608,13665,13740
15103: 14524,14147,13738,14517,15659,13997
12902: 
13855: 13423,13606,15727,13582,15509,12941,15811
15356: 12970
14811: 14371,14041
14553: 15290,14681,14127
15283: 15099,14374,15225,14598,14361
15757: 28665,15525,15475,15204
13331: 
14020: 15702,13038,15036,13056
14334: 13062,14800,15426,13729,14972,13042
15514: 15555,15395,12855,14705,15165,13893
13863: 13065,14509,13193,13953,14933
15670: 15643,12816,15347,15270,14450,13145
15382: 12939,15271,13774
13907: 13721,13729,12941,14974,12945,15426
14968: 15236,13001,15017,15240,12973,14349
12956: 13037,13307,15286,14060,15500
13878: 13842,13725,14093,14740,13037,14107
15292: 14435,14490,15534,13842,13725
15651: 15647
13658: 12847,13275,12921,14430,14715,14828
14633: 15790,15588,13970,15358,15241,15055
15354: 15169,13446,14570,15106,13775
14940: 13068,14716,12946,14478,14632,15436
15708: 28609,14631,12842,15533,15489
14803: 12893,14835,12840,14900,14755,15000
13599: 14754,15743,15549,13493,15417,13126
15375: 15459,14496,15672,14210,14266,14162
13355: 15258,13293,14545,15765,14542,13589
12859: 15479,13109
14145: 15542,13633,13558,13371,14814,14691
14127: 14553,14667
15480: 12925,15325,12975,14299,15306,13694
13882: 15418,12901,15452
14133: 13352,13793,14143,13284
13002: 14568,15331,14730,14818,15202
13028: 13845,13790,15683,13766,14211
13141: 15196,13932,13120,15245,15230
12968: 15753,13521,15364,12825,14328
13035: 14350,15558
14152: 15351,15797,12911
12926: 14729,15555,13059,13074,14869,13903
12973: 13081,15024,14349,15017,14968,15249
13698: 14439,12992,14468,15649,15166
12982: 14861,14203,14580,13601,13297
15699: 13936,15805,13647,15401,14549
13716: 12963,15255,14990,15510
13851: 15225,14053,15474,14271,13975,14646
14558: 14244,14862,13695,15352,13397,13646
13916: 15149,13324,14883,15126,14281,14827,14369
14188: 28666,13334,15064
14169: 14892,13340,15374,13581,13365,15403
14526: 15399,13694,14882,13371,15325,13000
15015: 13850,13608,14604
13906: 13895,14571,13896,13550,13735,15591
14046: 
14493: 14543,13397,15056,13670
14508: 13919,14657,13030,15677,14772,15361
15028: 13133,14778,14035,14437,14146,13353
14426: 13091,13727,14608,15712,14364
14507: 15109,15797,13445
14423: 28628,13556,15335,13192,13219,14849
15691: 12820,13333,15761,13373,13509
15405: 
15436: 15388,15170,14422,13068,14940,14478
14655: 13942,12984,13282,12921,15295
15107: 14970,15297
13040: 15032,13379,15664,15111,14749,13925
13284: 14672,14445,14948,14143,14133
14420: 13949,15521,12914,13701,13213
14084: 14322,13731,14427,14704,15528,14619
13489: 15330,13300,14779,15650,14252
15516: 15303,14821,15731,15438,13744
14161: 13738,12985,14517,28298,14905,14521,14822
15596: 14487,13650,13177,15720,13585
15090: 15218,14900,15196,12815,14835,13120
15463: 15098,13253,14616,15443
13288: 14575,13191,14021,13021
15754: 14889,13206,13515,15277,12869
15714: 13624,13952,15215,15174,15613,14202
14925: 15040,13680,13481,15561,14305,15129
14799: 13776,13932,15230
15808: 14620,13702,14627,13527,14201,14783
15583: 15019,12851,13714,13557,14635,15694
14061: 14579,14117,14768,15209,12986
15622: 14259,13761,14766,13172,13241,15328
15389: 
13528: 13688,13508,14724
12957: 15081,14598,14555
14782: 14992,15491,13107,13457,12831,13124
14681: 15290,14553,13277,14967
13376: 13950,14750,12987,15407,14174
13648: 14857,13977,12955,13154,13072
13531: 13392,13915,14037,13112,12944,13252
13401: 15344,13393,15763,14762,13937
15081: 12957,14555,12971
13461: 13843,14787,15049,13349,13899
13276: 14663,14576,14484,15646
14815: 13199,14032,13164,13335,13706,13399
13408: 15477,13130,13383,13194,13783
15653: 13719,14106,15406,15530,13280,14622
15129: 14305,15135,15561,14228,14925
14509: 13193,13863
15471: 12849,13270,12835,15179,14791,13015
13711: 14617
14375: 15009,15384,14888
14098: 14867,13691,14853,13891,14149,15450
14373: 14183,14441,15284,14834
13207: 15115,15455,13664,12856,13858
13922: 13616,15288,15803,14727,12821,15022
15686: 13474,15319,12822,15575,15805
13977: 14857,13648,14376,15580,12955,13139
14124: 13508,14739,14350,15412
28666: 13334,14306,14188,15733,15064,13325
12884: 15769,13025,15060,13834,15736,15698
13547: 15112,14342,13914,14753,14262
14975: 14936,13960,15111,13018,15124,14749
13156: 15666,15640,14490,13125,14937
14282: 15363,13610,13356,12824,13950
14393: 13254,14666,13861,14186
13045: 12820,13453,14932,15006
14450: 15372,13435,14644,15270,15670,15347
14275: 13066,15696,14597,15227,15025,13685
14404: 13958,14920,15235,14894,13759,15778
14976: 15613,14202,13787,13834,14591,14562
12935: 14329,15669,13390
15689: 14057
13777: 13321,14092,13865,14514,28628,15335
14854: 13824,13214,12865,15004
14325: 14066,15317,15110,13675,14958,13703
14549: 14524,15699,13647,12878,12819
14502: 14221,13792,13241,14198,14766
13815: 14860,14833,13437,14573,13339,13669
15063: 13368,14301,13395,14109,15329
14344: 15360,14785,13541,13908,13260
13929: 13583,14709,14512,15441,15338
15560: 
13728: 13264
12905: 15461,12886,12930
13740: 12922,14572,14566,14643,13665,13171
28663: 
14417: 13771,15751,14703,14223,14132,14853
14305: 15129,15135,15040,14925,15269
14478: 14979,14649,14632,14940,15436,15170
13228: 13068,14716,14289,15685,15725,15308
13018: 13743,15111,13095,15088,14975,14936
14201: 15496,15644,13527,15808,14847,14783
14965: 13008,13465,13440,13073,13242
15635: 15006,14623,15114,13411
14679: 15092,13335,14121,13199
15301: 15553,13577,13212,13005,15120
14727: 13922,15803,12821,14824,13701,13213
15419: 14921,15221
15659: 13887,14191,13997,13280,15103,14147
14631: 28609,15708,15731,12881,15533,13813
14653: 13167,13142,12828,14395,13787,13614
14071: 15434,15316,14711,14434,14028,13639
14992: 14782,15491,13107,13831,14281,13324
13742: 
28559: 12959,14767,14961,12952,15562,15118
14439: 13698,14944,13148
12820: 13045,15691,13849,13509,15006
13974: 13291
15068: 13434,14897,14510,15439,15018,13796
14432: 15407
15788: 12993,14659,14603
13144: 13892,15172,14195
14627: 13137,14981,13527,15665,14620,15808
15026: 14830,15538
15311: 13858,13456,12856,14105,13263,15400
15251: 15377,14703,14223,14491,12860,14884
14548: 13097,14665,13179,12996,13409,13058
13206: 14889,12937,13515,15754,15070,15095
14058: 13111,14742,13033,13545,13578,13386
15810: 
14705: 14828,14641,12855,14363,15165,15514
13304: 14392,15273,13290
14917: 
14298: 15444,13982,15293,14723,13885
13870: 12818,14443,14574
14441: 14183,14373,28662,13203
14363: 13767,13604,15165,14715,14828,14705
13465: 13008,14965,13833,13388,13794,13440
14407: 13822,13832,15409,15084,14454
14312: 13785,15420,13308,13700,13450
15137: 14832,15693,14269
13579: 13644,15130,15564
14271: 13132,13975,13393,12909,15474,13851
13659: 15158,13375,14257,15544
13318: 13314,14345,15234,15496,14010,15569
15016: 13535,13354,28589,13570,14351
12934: 13561,13794,14849,12888,13622,13720,14713
15287: 15212,15441
14793: 15484,14499
14872: 14741,15456,14367,15348,13311
13109: 14759,12859,15479
14612: 13888,15526,14108,13987,14460
14546: 14587,13189
14752: 15397,28641,15229,15782,14838,14055
13550: 13896,14005,15732,13895,13906
15084: 15151,14446,14454,13822,14407
15074: 15365
14170: 13004,14130
13298: 14695,13190
14866: 13185,14267,13825,14896,15745
13261: 15282,14469,14211,14868
14029: 13095,13219,14969,15088,13192,13978
13995: 13998,13924
15513: 15023,13779,13912
14876: 13752,13475,13756,14110,14027,15447
15123: 
15269: 14536,15532,15040,14305,14692
14780: 13987,13502,14186,12924
14897: 13434,15206,15068,13796,14486,15059
14220: 13036,14081,13940,15559,14886
14421: 15506,13478,15612
13089: 14396,13990,13817,15332,13581,13067
13430: 13986,13838,14181,15726
14035: 14755,15000,14437,15028,14984,13353
13795: 
14589: 14132,13891,13212,13005,13713,13513
13950: 14750,13376,12987,14282,15363
15250: 14453,14007,13053,14096,14360
13016: 12942,15224,13426,14813,13105
14357: 14877,13548,13115,14070,15220,14842
13491: 13319,13484,14851,13847,13571,14929
14272: 14718,15774,14714,13901
15154: 
14462: 15070,14472,14399,13346,13150,14107
13941: 28658,13466,13074,15413
15786: 15169
14777: 12862,14641,12855,13076,14565,14729
14085: 13671,14179
14674: 13394,15263,13140,13085,14645
13982: 13322,14954,13939,14723,14298
13669: 14699,14221,13339,13573,14833,13815
13945: 13366,13460,15494
13232: 28298,14554,14905,14805,12834,15430
12925: 15480,14814,15671,15325,14299,15752
15101: 13316,13781,15422
12952: 28559,14961,15243,14069,15725,15562
13695: 14558,14862,15630,14534,15352
12987: 12824,13950,13376
15397: 13448,28641,14752,14055,12885,13391
15153: 15807,14906,13468,13549,13529,14807
13130: 13295,14826,13408,15228,13383
13485: 14017,14379,13902,15149,15126,14207
14810: 14242,15712,14383,14364,15158,13268
14365: 13656,14210,14104,14765,13750,14496
13441: 13501,14248,14527,15168,14829,14205
15668: 
14103: 15034,13538,13723,15520
13627: 
13642: 14356,15411,14338,14929,14720
13071: 14065,14600,13048,14623,14846
14016: 28557,14463,13545,15104,14255,15353
14629: 12910,13966,14101,15454
14294: 15256,14684,12839,15454
14978: 15140,13353,14714,14718,15517,14746
13888: 14399,14612,13987,13502
13256: 12868,13374,13059,15395,14070,14877
14542: 14593,14302,14545,13355,13093,13589
15564: 13644,13579,13352,14403
14238: 14062,15739
13129: 13791,15448
13425: 15424,13499,14448,13427,15037
13513: 14682,14990,14589,13713
13081: 15024,12973,12906,15249,14302,15464
15127: 13220,14156,13075,13562,14236,14731,14184
12879: 15357,14694,13745,15793
15038: 13517,14296,14411,14845
15179: 12835,13274,14119,14791,13197,15471
14444: 14757,14646,14673,14076,13913,15231,13455
15803: 13922,13616,14727,13213,13137,14981
13315: 13110,13289,13661,15119,15545
13229: 13440,13720,13421,14989
13405: 15540,14270,12851,13869,13859
14187: 15142,13506,15629,14436
15242: 15339,15247,14910,13556,12888,15093
14951: 15724,14039
14888: 15384,14637,14440,14375,15009,14087
15100: 14287,13542,15508,15193,13928
12853: 15002,13933,15048,13287
12852: 14255,14352,13231,13111,15499
13102: 14989,14941
13879: 
14440: 15556,15490,15492,14888,14637,15032,14087
13005: 13212,15301,14132,14589
15312: 13169,13968,14052,14214,15565,12966
14977: 14519,13151,15524,13993,15658
14470: 14708
14766: 13761,15622,14502,13241,13439,14198
15759: 14279,13566,15104,14864,15368,15029
12927: 13171,15695,13753,13665,15615
13675: 14825,14958,14091,14325,13703,14465
15807: 14906,15153,13905,14894,13759,13549
14132: 14853,13891,14589,13771,14417,13005
12841: 28616,13049,13605,15398,13479
14093: 13842,13878,13037,13125,14880,15286
13243: 15590,14028,28650,13867,13321,14092
12991: 13257,13034,15326,13666,14956
13672: 13259,14973,14384
14607: 12814,13148,14944,13337,15740
13160: 13654,13598,14381,28520
15574: 13444,14772,15361,15253,14817,12870
13241: 14602,13792,15328,14502,15622,14766
15440: 14997,14890,15324,13200,14385,14697
15566: 14290,15043,14042,14213,15297
13431: 13594,15138,14323,12965
13364: 13237,14573
13369: 
13393: 15344,13401,13937,12909,14271
14117: 14061,14650,14798,12986,14730,15173
13467: 13926,15192,14817,14279,13566,15253
13968: 13169,15312,14052,15497,14824,12821
15012: 13692,14837
15371: 13909,14027,15750,12964,13609,13247
13238: 13409,13058,13629,14025,13913
14529: 
14801: 14877,13548,13374,13457,15069,15717
13386: 13578,15152,13662,13033,14058,15660
14561: 15790,15588,14586,15813,13645,13999
14203: 14861,13329,12982,13297,14067
14255: 15353,14352,12852,14016,13545,13111
15401: 13348,13474,15699,15805,15252
13720: 13229,13440,12934,13794,14713
14838: 15782,15806,15229,14259,13761,14752
13501: 13651,13441,14248,15534,14527,14435
14193: 15510,15203,13357
28661: 13931,14072,28609,12842,14590,14710
15194: 14486,13350,15308,14194,14289,15501
14389: 15540,14270,13837,14309,13459,14265
13775: 15448,15354,14570
14005: 13550,13443,15732,14689
14409: 12835,13274,13415,13541,13951,13487
13000: 14691,15497,14526,14882,13371,14052
13975: 13132,14271,15576,13851,15099
15598: 15239,13804,15721,13630
13611: 14511
13912: 15733,15513,13010
14823: 13334,13520
14100: 13592,14118,14469,13873
15458: 15050,15058,15362,14126,15087,15700
15621: 12908,15795,14179
14677: 15557,15338
15152: 13578,15146,13386,13662,14295,13511
13555: 13607,15591,13624,15415,14591,14202
15776: 13827,13613,13320,15054,12907
13258: 
13346: 14399,13515,14108,15070,14462
12871: 15460,13923,13889,13955,14097
14326: 14347,15697,13649,12837
14836: 13543,14946
14091: 14825,13675,14465,13076,15639,12862
12995: 13618,13560,14530,14207,13524,13512
14138: 13345,14874,14547,13938,12878,14636
13871: 14706,15586,15518,14676,14594
14795: 14479,13699,14980,13050,14078,14251
13559: 13195,15467,14576,15722,15355
14022: 14054,13628,15144,12864,13210,14955
14262: 14770,14717,14342,15112,13576,13547
14463: 28557,14016,12870,13545,13578,15146
15735: 
12955: 13122,12900,13139,13977,13648,13072
15022: 14691,15497,13633,13922,15288,12821
13786: 13233,13301,14785,15581
14075: 15627,13899,13456,15400,13322,14954
13073: 15147,13242,14965
13741: 14964,14140,13577,15120,13816
15710: 14807,13323,13296,13267,14648,15341
15639: 13076,13312,14825,14091
14651: 15008,14804,15380,13890,13328,14431
14563: 15318,15159,13587
13806: 15429,15039
13457: 14782,13107,12831,13374,14801,15069
14348: 13320,13336
14641: 12862,14828,14777,12855,14705,12847
14166: 13567
13872: 15306,13495,13733,12897,14476,13963
13497: 15141,14618,15168,12953,14829,14346
15357: 13681,12879,13211
14927: 14756,15329,14026
15007: 15660,12850,12937,15451,15449,15095
13668: 13083,15642,13343,13887,14191
14764: 15460,13810,12848
13312: 13076,15639,14565,12844
14826: 13244,13367,14583,13130,13295,15228
14155: 13747,15298,14414,15783,13534
13381: 28607,13532,13755,15223,14871,15751
14425: 13110,13289,14217,14637,15490
14157: 13654,14250,14258
13880: 14387,15108,15333,15262,12924
12876: 14309,13710,13837,14959,15370,14079
13838: 13430,13986,14762,12882
13727: 13091,14426,15092,14608,14162
13900: 15073,14034,14821,15438,13024
15535: 14603
15442: 14401,14449,15073,15048,13024,14891
15237: 
15416: 14452,13696,13918
15188: 14043,15801,13748,13036,14135,12832,14447
14545: 13539,15765,14593,14209,14542,13355
13493: 13580,15549,13599,13980,13126,14285
13935: 13956,15586,15518,13103,12984
15126: 13916,15149,13324,13831,13485,13902
15122: 13268,14669,13462,12860,14383,14884
13370: 14863
28553: 28665,15525
15121: 13055,13894
15606: 
15202: 13149,14218,13002,15331,14818,15585
15106: 13446,13464,15354
14891: 13133,14778,13024,14401,15442
15758: 13104,13273,13954,13909,14110
13338: 15195,14832,13605,28616,13686
14919: 13697,13730,15234,28558,13314,15746
28628: 15335,14423,14661,13777,14514,13219
15098: 15463,15640,14937,14012
15499: 13111,12852,13231,14317,13853
14473: 14602,14522,14474,14051,15274,13788
14030: 13687,13692,13464
15502: 15777,15248
13165: 14476,14313,14370,13221,15055,12897
15633: 14605,13065,14535,15072,15044,13193
14571: 13895,13906,15591,14916,13197
14582: 14405,13279
13392: 12875,13915,13531,13252,15472,14358
14983: 14788,14481,13178,13677,14901,14914
13782: 15551,14536,14848
12962: 15809,14858,13636,13630,13798,14402
15300: 14813,15199,13959,15326,13862,14956
13962: 14538,13302
13989: 
14176: 14231,14518,13153,13876,14926,14137
15446: 15043,13924,13692,13464
13474: 15319,15686,15805,15252,15453,15401
13339: 14528,14573,13573,13815,13669
15536: 14458,12893,14986,14908,15089
14622: 13664,13964,15530,15653,15406,12998
13352: 14133,13183,15564,14451,14403
14885: 14142,15358,14914,14002,12903,14313
14089: 14144,13864,15619,13327
14957: 13295,14077,14158,15310,13383
13590: 13597
14202: 14976,15613,13555,13624,15714,14591
15609: 15285,15200,14744
15517: 15478,14746,13117,15140,14978
15318: 14563,13587
15075: 13591,13439,14198,13012,13854,13526
13921: 
13514: 
13614: 14477,14743,14562,13787,14653,13142
15281: 13994
14459: 14077,14419,14336,14640,13549,13529
15392: 13469,13645,15728,14672,14948,15624
14147: 14524,15103,12819,13719,15659,13280
13617: 15551,13693
12880: 15747,14761,14732,15465,14531,14226
13864: 14144,14089,15186,13522
15451: 13473,14740,15449,15007,14472,15095
13717: 15600
14041: 14811,13856
14190: 14327,13569,15116,15557,14292
15078: 15418,14083,13684
14733: 13854,14343,13526,15386,14013,13404
12976: 14697,13494,14385,13051
14119: 13274,15179,14234,13828,13197
13149: 14251,14218,15202,13699,15003,15585
13078: 13412,15529,13225
14712: 
14693: 14936,13960,14095,13388,14428,13898
15782: 15332,14838,15806,14055,14752,15374
14731: 15631,14184,13917,15127,13562
15578: 
12881: 15125,15164,15533,13813,14631
13780: 13223,15210
13558: 15542,13633,14145,14700,13240,15746
14158: 13215,15310,14077,14419,14957,15315
15581: 15360,14785,15800,13786
15104: 14279,15759,15029,28557,14016,15353
14045: 14456,15680,13848,14044
15768: 13044,13155,13015,14993,13270,14685
13262: 14410,13736,13145,14781,13715,13001
15167: 14881,14018,13056,13038,15631,14184
14265: 15638,14389,15540,13837
15713: 14430,15295,14715,12922,13407,13767
12856: 13664,13964,14105,13207,15311,13858
14632: 14649,14478,12843,13826,12946,14940
13186: 
15203: 13542,13357,14193,14208
13830: 
13184: 13860,15065,15695,15608,13234,13017
15568: 15464,15580,14150,12906,14605,13139
14406: 14173,13999,15588,13970,14332,13062
15168: 15141,13497,14829,15330,13441,14527
15417: 13653,13235,13599,15743,13126,14359
13729: 14510,13721,13907,14972,14334,15426
13274: 12835,14409,15179,14119,13415,13828
14831: 15563,13326,13163,14014,13309
12861: 14196,13069,14283,15208,15602
15797: 13445,14952,14507,14152
12854: 14895,13483,13167,13142,14624,15051
13573: 13400,14528,13339,14699,13669
13813: 15303,15164,12881,14631,15731
15793: 13564,13570,12879,13211,14949,13745
14207: 12995,13560,14379,13485,15149,13512
15010: 13272,13613,14520,14231,14808
13328: 12829,14214,14431,15565,14804,14651
14889: 12937,13206,15754,14742,15277,13033
15676: 14111,15727,13582,14122,14304,13090
14288: 
13030: 14508,14657,14772,12912,12944,15637
13552: 14240,15053,15644,14010,14887,15027
15082: 13607,13735,13765,13624,13952
13091: 14426,13727,13088,14276,14386
14347: 14326,14668
15263: 14674,13517
15569: 15496,13616,13318,14345,14981,13527
15070: 14462,14472,15095,13206,13515,13346
13015: 14993,13487,12835,15471,13270,15768
13142: 13167,14653,14477,13614,12854,15051
14604: 13608,15015
13586: 13259,14973
14397: 15792,12971
15802: 
15177: 14692,15623,15040,13680,13445
13706: 13335,14032,14815
15515: 15359,12891,13660,14614,14647
14773: 14116,13875,15150
15525: 15757,13498,28553
13253: 15463,13201,14245
13784: 15077
15021: 12919
14073: 14341,13562,13917,14754,15018,15549
12889: 
14915: 15252,15453,13027,13208
15211: 14488,13327
13362: 13955,15595,15769,13052,15736,14523
15470: 15791,13254,14666
14845: 12989,15038,14296
14786: 14341,14236,14974,15570,13721,15439
13641: 14671,15217
14386: 13091,13088,15703,13749
15548: 14009,14893,13536,13235,13751
14247: 14015,15385
14602: 13792,13241,15328,14473,14474,15274
13251: 13413
15221: 14921,15419,14606,14985,15716
15556: 14440,15490,14315,13553,15032,13379
15347: 15670,12816,14450,13435,15770,15057
15696: 13066,14275,14597,12929,15134,13319
13289: 13315,13110,14425,15119,14217
13325: 14924,15733,28666,14306
15671: 12925,14814,13826,15752,15542,12843
15430: 12874,14806,13232,28298,14805,14822,14950
12981: 14400,13424,15299,12938,14229,13244
15769: 12884,13025,14776,13052,15736,13362
14687: 14114,13709,13618,14530
15809: 14858,12962,13278,14297,14196,13636
13500: 13445,14952,13757,15623
13584: 15796,15132,13458,13011,13070,12894
14586: 14239,15764,15624,13645,15790,14561
14069: 15243,13844,15685,13042,15725,12952
14661: 13014,13593,14514,13219,14969,28628
13020: 
14248: 13501,13441,15534,14205,13473,15449
14510: 13721,13729,15439,14972,13434,15068
13257: 12991,14720,15766,15383
15360: 14785,15581,14344,14456,13908
13884: 
13033: 14742,14058,13386,15660,14889,12937
15368: 15029,14690,14864,12832,15571,15759
14418: 14489,28589,15756,14212,14949
15047: 14537,14195,15756,15172,14212
13834: 14976,15613,12884,15060,14562,15698
14964: 13741,14140,14667,15618
13779: 15023,15513,14924
14182: 13092
14037: 15213,14492,14657,13915,13531,12944
14605: 13065,15633,12906,15072,15568,14150
13685: 13507,15091,13690,14275,14597
14254: 13230
14479: 14795,14980,13050,12974,14839
14036: 13940,13643
13116: 13667,14168,14694,15294
13650: 14487,15596,13911,15584,14567,13432,15720
15310: 13215,14158,14957,15755
13509: 13849,13105,13373,12820,15691
13220: 14156,14615,15127,13038,14184
14167: 15477,14400,15299
15053: 13552,14240,13054,13697,15234,14010
13183: 13352,13793,13423,14111,15727
13876: 15304,13083,15642,14926,14176,13153
13429: 14171,15050,14505,13758
14909: 14012,13458,14937,14539,13482
15462: 15787,15603,14736
12883: 12936,14051,13948,13195,15539,14628
12989: 14845
15555: 14729,12926,13059,15514,15395,12855
13375: 15158,13659,14242,14820,14257
13330: 13009,15077
14311: 15459,14496,13750,13532,13755,14491
13703: 13275,14465,14325,15110,13530,13675
14126: 14899,13303,15700,15458,15362
15607: 13498,13123,13055
14137: 14926,13263,15400,14176,14518
14447: 12832,15571,15801,15188,13764
13913: 14076,13238,13629,14025,14673,14444
15720: 15770,13585,13432,15596,13650,13435
15679: 15322
14814: 12925,15671,15325,13371,15542,14145
15695: 13171,12927,15608,15615,13234,13184
15367: 14227,14689,14433,13209
14430: 15713,15295,14715,12921,13658
12943: 13621
13811: 15148,15346
14332: 14370,13510,13970,14406,13062,14800
13145: 13262,13736,13715,15270,15670,15643
13306: 13152,14244,14543,14040
15207: 
14534: 15614,14560,15352,12874,14806,15630,13695
15409: 13822,14407,13832,14569,15136,15697
14659: 14603,15345,13944,15788
13937: 13085,13393,13401,13132
15067: 
13432: 14567,13650,15372,13435,15720
14467: 14040,13646,13272,13613,13320
13480: 13100,14308,14719
13105: 13509,14600,13373,13426,13016,15224
15275: 14319,13121,13177,14074
14584: 15787
15172: 13144,13892,15047,13211,14212
14378: 15156,15593
15165: 14363,13604,14705,15514,13893,14120
13689: 14315,14217,13732,13470,13603,15775
13525: 13146,14480,13161,13327,15435,14189
13308: 14312,15408,13700,15071,13450
14123: 
14636: 14524,12878,14138,14874,12985,14517
14482: 13249,14353,14870
13532: 13381,13755,14311,14703,14491,15751
13157: 13992
13335: 13706,13199,14815,14679
15245: 13120,13141,14986,13138,14331,14908
15395: 15555,13059,15514,13893,14070,13256
15673: 15166,14944,14316,14322,13337
15274: 13179,13788,14602,15328,14473,15541
15379: 15594,13839,15225,14053,14598
15030: 14442,15303,14821,14034
13915: 13392,12875,13531,14492,14037,13961
15197: 13690,14102,15298,15233
15753: 13521,12968,13936,13299,15133
14223: 15251,14703,14417,14867,14884,14853
13158: 15232,12969,15457,13118,15079,15423
12929: 13609,15380,15134,15750,13066,15696
15678: 15674,12931,13378
13110: 13315,13289,14425,15545,13286
13100: 13480,13516,14308
15597: 15657,14327,13569
14583: 13367,14243,14826,14640,15778,14336
15680: 14456,14045,14044,13828,13908,13415
13108: 14464,13852,12965,14601
12877: 14569,13449,14054,13628,15020
14600: 13849,13105,15224,13048,14623,13071
15627: 14075,13899,13843,13322,13159
14776: 13248,13052,14394,15769,13025
15476: 15681
13980: 15421,12867,14881,13580,13493,14285
15795: 14179,14787,15621,13349
15184: 15444
14490: 14435,15292,14688,13842,13156,15666,13125
15518: 13871,14706,15586,13935,13026
15711: 
13327: 15211,14144,14089,15435,13146,13525
15339: 15682,15247,15242,14910,28650,15105
15097: 15042,14340,13023,13198,13739
13054: 14240,15053,13697,12972,14906,13905
14960: 15394,14950,14506,14580,13670
13582: 15727,15676,13855,15811,14988,13090
14240: 13552,15053,13054,14906,13468,14887
13082: 14930,14792,12928,15175,13391,12864
15464: 15568,15580,14302,13081,12906,13093
14539: 15286,14060,13482,14880,14909
15219: 13203
13783: 13408,15477,13194
14501: 13705,14065
14208: 15511,15203,13361
13379: 15032,13040,15664,15201,13553,15556
13365: 14892,14169,15403,14148,13619,15296
14449: 14401,15442,15048,13287,12890
15161: 14670
14156: 13220,14615,15127,13075,13090
13616: 13922,15288,15803,14345,14981,15569
13037: 13150,12956,14107,13878,14093,15286
14875: 13554,15756,15276,14489
14658: 14594,14736,14721,14751
14946: 14836
15811: 12941,14974,13855,13582,14988,15570
15694: 14065,14635,15583,12851,13859
13466: 28658,14416,13941,13074,15238,13903
13592: 14100,13845,14118
13391: 12885,12864,15175,13448,15397,13082
13639: 14268,13704,15434,14071,15590,14028
14724: 13673,15345,13688,13528
14180: 
13404: 13438,14769,14733,14343,15386,15080
13909: 15371,14110,14027,15750,13104,15758
13193: 14509,15044,13863,15633
14932: 15006,13045,13453
15080: 13623,13857,13404,15386,13368
14400: 12981,15299,13244,15228,14167
13046: 13621,15366,13631,13696
15144: 14022,14054,13210,14892,14148,15425
14611: 15142,13506,15410,15693
14413: 15289,14711,13867,14090,13006,13546
12842: 28609,15708,14335,14590,28661
13155: 15768,13044,13057,14232,14685,14415
14979: 28558,14649,14478,15170,13730,15313
14987: 12948,12980,15236,14349,14115,13127
14362: 15445,13707,13897
12993: 15044,15788,13265,14535,13127
15276: 15011,14875
13807: 13395,14109
15182: 15432,15663,13227
15018: 14754,13796,15439,14341,14073,15068
15218: 14900,14710,15090,14680,14590,12815
13845: 13790,15537,13028,13985,14118,13592
15775: 14366,13553,13057,13603,14315,13689
13597: 13590,13246
15008: 14804,15254,14651,15380,15134,13571
14110: 13909,14027,13756,13954,14876,15758
13322: 13982,14954,15627,14075,14723
14198: 15075,13439,14502,14221,13012,14766
14908: 14331,15089,14986,15245,15536
14638: 14820,14263
13136: 14433,13848,13209,13492
13439: 13591,15075,14198,15229,13761,14766
12996: 15246,13635,15541,13179,14548,13058
13903: 15238,12868,13074,12926,13059,13466
15604: 14617,15661,13676
13264: 13728
15565: 14214,13328,14804,14564,12966,15312
15630: 15394,14950,12874,14534,14862,13695
13860: 13184,15065,14531,13911,13017,15584
14969: 13095,13219,14029,15088,13014,14661,15656
15359: 15515,15512,15264,13660
15381: 13417,14601,14412,13799
15191: 12823
15189: 14475,14292,13612,14738
14989: 13102,13229,13421
13115: 13893,14120,14070,14761,15220,14357
15544: 15589,13305,13659,14669
12988: 
14768: 15649,14498,15209,12986,14061
14270: 14389,13405,13702,13869,13459
14848: 14536,15532,13782
15212: 13544,13583,15287
13433: 14295,15637,13511,12912,12953,14346
13801: 15412,15057,13688,12816,14816,13673
13954: 13756,15003,14438,13273,15758,14110
14097: 13955,15595,12871,15460,14219,15316,13967
14591: 15415,14395,13555,14976,14202,13787
14765: 14104,15554,15690,13175,13656,14365
15570: 14988,13075,14974,15811,14786,14236
15039: 15364,13806
13139: 12955,13122,15568,15580,14150,13977
13246: 15510,13597
12863: 13131,15013,15545,14031,13286
13294: 14177
14827: 13503,14850,14369,14281,13147,13916
13577: 15553,14131,15301,14967,13741,14140,15120
14106: 15653,13719,13027,13348,13181,15530
15117: 14245,12923,14172
14018: 15167,14881,13056,13910,14197
15079: 12964,15447,15423,13158,13118,15045
13910: 15587,14018,13056
15603: 15462,15787,14594,14736
13644: 15130,15564,14143,13579
14981: 14627,13137,13527,13616,15803,15569
15132: 15796,13584,12894
13069: 14196,12861,14283,13802,14003,13278
13671: 14995,14085,14179
14597: 15696,14275,13507,13685,13319,14851
14910: 15339,15242,15105,15093,13700,15420
12933: 13170,14516,15261,13239
15461: 12905,15414
15595: 13362,13955,14097,14523,14434,15316
14890: 15662,14997,15440,15378,13300,15324
13721: 14510,13729,15439,13907,14974,14786
14181: 13430
13001: 15236,14968,13262,14781,13715,15240
13805: 12894,13061,15648
14576: 14663,13276,13195,13559,15539,15722
13424: 12981,15299,14229,14868,15282,13724
13326: 15296,15563,14831,14424,15145,13163
13090: 14988,13075,15676,13582,14304,14156
15505: 13990,13991,15246,13629,13143
14779: 15330,13489,14859,15141,13840,15650
13074: 15413,14869,12926,13466,13941,13903
15447: 12964,15079,15423,13475,14876,14027
13367: 13244,14243,14583,14826,15483,12938
15181: 13726,14538
14970: 15107
15672: 15092,14210,12954,14162,15375
15495: 14998,28520
13696: 13918,15416,13166,13631,13046
15408: 15093,13700,13622,13308,14735,14713
13787: 14976,14591,14395,14653,14562,13614
13242: 15147,13073,13008,14965,15102
15660: 15007,12850,13386,13662,13033,12937
15496: 15644,14010,14201,15569,13318,13527
13667: 13116,14513,15294,14671
28657: 
14200: 14522,14474,15155,15363,14750
13333: 15691
12909: 15474,14025,14673,13393,14271
14873: 13226,13344
12908: 13797,15621
14230: 14233,14412
13712: 13762,14959,14448,14079,15037
14914: 14142,14885,14901,14002,14983,14788
14266: 14608,14162,15459,15375,14224,15377
13539: 13524,13512,14545,15765,14883,14209
14259: 13761,15622,13172,15083,14838,15806
14299: 15306,13495,12959,12925,15480,15752
15019: 15583,12851,15665,13557,14620,13869
13622: 15408,15093,12934,12888,14713
15229: 13591,13439,13761,28641,14752,14838
14911: 15799,15264,13019,13567
15487: 
14995: 15704,14068,13671
12951: 13518,14933
14701: 13292
15613: 14976,14202,13834,15714,15174,15060
15285: 13753,14737,13182,13883,15609,14744
14704: 13178,15173,14650,13731,14084,14619
13859: 15279,15694,12851,13405
13904: 14104,14963,13750,13384,28607,13755,13064
15738: 
14431: 12829,13328,13890,13218,15760,14651
14066: 15317,14751,14325,14721,15110
15064: 14333,13010,15733,28666,14188
14070: 13893,13115,15395,13256,14877,14357
14521: 15616,13454,14822,14161,13738,13997
15783: 14414,14155
15171: 14505,14428,13898,13008,15102
15522: 14675
15521: 13949,13557,14420,12914,12942,13714
13828: 14234,14044,15680,13274,14119,13415
15173: 13178,13677,14704,14650,14117,14730
14204: 14146,14714,14401,13133,12845,15774
13524: 13539,13512,15765,12995,14530,14049
14735: 13421,14713,14596,15071,15408
13680: 15040,14925,13481,14269,15623,15177
13736: 13262,14410,13145,15654,13737,15270
13201: 13029,13253,15321,14245
13593: 13014,15131,14661,12830,15715,14514
14856: 14335,14680,14494,14453,14007
14536: 15269,15532,14848,13551,13782
13762: 13712,13098,14959,14648,13267,14448
13549: 13759,14640,15807,15153,13529,14459
15062: 14847,14783,15504,13710,13459,13098
12818: 13870,14082,14550,14443
13323: 13529,14807,15710,14419,15341,15315
15162: 12930,13402,14250
14120: 13893,13115,13604,15165,15465,14761
13673: 14724,13265,13801,13688,12980,14816
13649: 14569,13449,15617,14326,15697
14783: 15062,14847,14201,13702,15808,13459
15577: 15119,13023,14504,13626
13162: 14173,13999,15813,14994,15509,12945
15302: 13200,15804,13976,13363,15350
13606: 13423,13855,13793,14994,14429,15509
15450: 12963,13713,14098,14149,15255
14958: 14825,13675,15317,14325
15346: 14532,13811
15083: 13635,14259,13172,15806,14396,13991
14862: 14558,13695,15394,15630,13397
14128: 14660,14630,14197
13337: 14322,14427,15673,14944,14607,15740
12947: 14654
15734: 13747,15298,15320,13273,14102,15031
14427: 14322,13337,14084,13269,15528,14239
15457: 13158,12969,14002,14788,14702,15423
13122: 12955,12900,13139,14150,13953
14789: 15500,14060,13482,15628,15687,13823
13192: 14423,13219,14029,13978,13561,14849
15378: 15330,13300,13651,14527,15662,14890
13502: 14237,14455,13888,14780,12924
14654: 15061,13927,12947
12815: 15196,14360,14680,14453,15218,15090
14355: 15600
14241: 13180,14232,14685,14642,14624,13483
13343: 13668,13083,14105,15406,14191,13964
15704: 14995,14802,14380
13670: 15056,14960,15394,14493,13397
14154: 15587,14660
15452: 13882
15262: 14186,12924,13519,13880,15108
15304: 15780,13876,15616,13454,15642
15546: 14647,12891,15526,13176,14460
15113: 28622,14570,14290,14353,14213
13112: 12912,12944,12953,13252,13531,14618
15186: 14683,14547,15393,13864,13522
14579: 14061,14650,15209,14316,13731
15206: 13434,14897,13844,15685,14486,15308
13137: 14627,14981,13213,15803,15665,13949
14302: 15249,14593,14542,13081,13093,15464
14972: 14510,13729,14334,13844,13042,13434
12862: 14777,14641,14091,12847,14465,13076
15111: 13743,13018,13040,15664,14749,14975
13021: 13208,13288,15453
13951: 15042,13260,13800,13541,14409,13487
14697: 12976,13494,14696,14997,15440
13983: 13814,13836,12826
15240: 13503,14850,15017,14781,14968,13001
15642: 13668,13083,13887,13454,15304,13876
15674: 15678,14351,15014,15217
13350: 14486,15194,14194,13653,13536,15059
13722: 13735,15486,13896
14468: 12992,13698,14498
12874: 15430,14806,14950,15630,14534
14625: 13752,13475,14568,15331,14481,14702
14082: 12818
12844: 15413,14869,13312,14565
14481: 14983,14788,14702,14568,13677,14625
15588: 14633,15790,14561,13970,13999,14406
13849: 13509,14600,12820,15006,14623
12922: 14572,13740,13407,14643,15713,15295
13214: 13824,14854,14159,15552,15004
14475: 15189,14796,15143
13856: 14041
15423: 15447,15079,13475,14702,13158,15457
13943: 14532,14256,13224
14043: 15801,15582,15188,13748
14868: 15183,14229,14953,13261,15282,13424
13453: 13045,14932
15479: 12859,15789,15612,13109
13832: 14407,15409,14621,13992,15136
15217: 14513,15674,13641
15702: 14020,15036,14291,14615
13933: 15002,12853,14945,14996
14225: 
14067: 14203,15041,13297
15273: 14392,15494,14398,13304
15054: 13320,15776,12907,15779
13006: 14090,13168,13867,14413,14092,13865
14550: 12818
15748: 13185,13188,14141,12994,14267
14320: 13451,13231,14317,14903,14080,13660
15174: 13366,15714,15215,15613,15060
15131: 13014,13593,15715,13180,12833,15632,15656
15306: 14299,13495,13872,13733,12975,15480
15279: 13859,13705,15445,13707
14675: 15522,14185
14109: 13807,13395,15063,15329
14619: 15528,14726,14901,14084,13178,14704
14608: 14266,14162,14426,13727,14224,14364
12967: 13341,13163,15342,15145,14999,13311
14317: 14320,13231,13660,15499,14614,13853
14699: 14221,13669,13573,15155,13792
13026: 15110,13282,13530,14706,15518
15665: 13949,13557,14627,13137,15019,14620
14567: 14226,15584,13432,13650,15372,15503
13216: 15800,15498,13848,14456
13890: 13247,13218,13609,15380,14651,14431
14486: 13350,15194,15308,14897,15206,15059
14280: 13047,15473,13504,15290
15282: 13261,14469,14868,13424
15105: 14770,14717,15682,15339,14910,15420
14750: 13950,13376,15363,14174,14200,14522
15812: 12838
13840: 15141,14618,13252,15472,14859,14779
12945: 15509,12941,14173,13162,15426,13907
14986: 12893,14835,13120,15245,15536,14908
14858: 15809,12962,13278,12892,14402
13252: 13112,13392,13531,15472,13840,14618
15798: 
15751: 14871,13771,14417,13532,13381,14703
13097: 14548,14665,15467,14628,13179
13008: 14965,13465,13388,15171,13898,15102,13242
13628: 14022,14054,15151,14955,13822,12877
15272: 14485,14663
13996: 
14192: 14664,14775,12910
13692: 15012,14837,14030,15446
15187: 15687,14019,13823,14136,13079
14994: 13469,15813,14429,13606,13162,15509
14342: 14268,13704,14753,14770,14262,13547
14822: 14521,15616,14161,28298,15430,14806
13529: 14807,13323,15153,13549,14419,14459
15421: 14630,12867,14197,13980,14881
13756: 13954,15003,15585,13752,14876,14110
12887: 15271,13965
13714: 13048,13557,15521,14635,15583
14950: 14960,15630,14805,14506,15430,12874
13382: 
13043: 15545,14031,13661
13804: 15239,15598,13630,13798,14164
12900: 12955,13122,13072,15547
15134: 15380,12929,15696,13319,13571,15008
14878: 15373
14678: 14824,13701,13862,13169,15199,12914
14805: 13232,28298,14506,12834,15430,14950
13751: 14953,15572,14033,14009,15548,14339
15138: 13594,13431,15611
13634: 15475,14592
14341: 14786,13562,14236,14073,15439,15018
13371: 14526,14814,15325,14691,13000,14145
13715: 13262,13145,15643,15236,13001,12948
14947: 
14973: 13572,13764,13586,13672,14384
13399: 13920,13164,13199,14276,14815
14869: 13074,15413,12844,14565,14729,12926
12949: 15085,14199,15099,14374
13788: 13179,15274,14051,14628,14473
14197: 14630,15421,14881,14018,14128
13999: 14173,13162,14406,15813,15588,14561
15180: 15249,14593,14209,13503,14369,15017
14562: 14743,13614,14976,13787,13834,15698
15561: 13652,15629,13481,14925,15129
15044: 12993,14535,15633,13193
13423: 13606,13855,13183,13793,15727
14000: 
13893: 14120,13115,14070,15165,15514,15395
14745: 
15739: 14238,13185,15718,15745
15559: 15157,13679,13940,12873,14220,14886
13770: 13708,15235,15313,14894,12972,13905
14144: 14089,13864,13327,13522,15435
14184: 15631,14731,13220,15127,13038,15167
12944: 13112,12912,14037,14657,13030,13531
14669: 15122,13268,13462,15544
13603: 13044,13057,15719,13732,13470,13689,15775
13881: 15784,12823,15707
14524: 14549,15103,14147,14636,12878,14517
13052: 13248,14776,13889,15769,13362,13955
14628: 13195,15467,12883,13788,13097
13660: 14080,14320,14317,14614,15515,15359
14993: 13015,13487,13800,15768,13044,15719
12885: 13391,12864,13210,15397,14055,13340
13114: 28520,14258
12888: 12934,14849,13556,15242,15093,13622
13049: 28616,12841,13686,13757,13479
13661: 13626,13227,15545,13043,13315
14042: 14353,14213,15566,15297,15724,14039
14859: 13347,15472,13840,15650,12839,14779
15449: 15451,13473,14205,15007,12850,14248
15001: 15592,15337,13956,14790
15320: 14438,13273,14980,13747,15734,14839
13279: 14405,13084,14582,13965
15746: 13314,13240,13558,28558,14700,14919
13506: 15142,14187,14611,15693,15629
13647: 13938,15133,12878,13936,15699,14549
15020: 14797,14054,14175,15425,12877,13449
13120: 15245,15090,15196,13141,14835,14986
14105: 13083,13343,13964,12856,15311,14926,13263
12937: 14889,13206,13033,15660,15007,15095
13771: 14871,15751,14417,15553,14132
13280: 15659,14191,14147,15653,13719,15406
13036: 14220,13748,15188,14135,14886
13605: 13595,14023,13338,28616,12841
14315: 13689,14217,15775,13553,15556,15490
14160: 13421,14596
14904: 13336
13053: 12913,15250,14360,13776,13932
14094: 15376,15011
12923: 13119,14172,13829,15117
13803: 13554,15185,13236
13374: 13256,12868,12831,14877,14801,13457
14017: 14379,13485,13902,13538
13799: 14412,15381
13536: 13653,13235,13350,14194,15548,14893
13688: 13801,15412,13508,14724,13673,13528
13676: 15604,13135
13270: 15471,12849,14642,13015,15768,14685
15663: 15182,15432,14112,14588,14504
14603: 14659,15788,15535
13290: 15523,13304,15762
14942: 
15303: 13813,14821,15516,15164,14442,15030
14790: 15723,15001,13202,14551,14812
15358: 14142,14885,15241,14633,14313,15055
15175: 13623,13857,13448,13082,12928,13391
15752: 13826,15118,14299,12959,12925,15671
13516: 15200,14744,15615,13100
12845: 15774,12890,14401,14204
13730: 13697,12972,14919,28558,14979,15313
14368: 14540
14081: 14220,15190,13940
14924: 13325,13255,13779
13865: 14092,13777,14514,13006,13168,12830
14673: 12909,15474,14025,13913,14444,14646
13988: 
14796: 14475,14327,15143
13377: 14540
13731: 14316,14322,14084,14579,14650,14704
14588: 14112,14785,15663
14913: 15573,13947,14802,14380
13358: 15706
14737: 13753,15285,13665,13883,14566
14339: 14609,12979,14009,14953,13751,15183
13172: 14259,15622,15328,13635,15083,15541
13626: 13227,13661,14504,15577
15643: 15670,12816,13145,13715,12948,14816
14665: 13097,14548,15467,14982,14931,13409
14205: 15314,14829,12850,13441,14248,15449
14954: 13322,13982,15400,14075,13939
13384: 13134,14503,14963,13904,14337,13064
13092: 13612,14738,14182
12891: 15515,15512,14647,15546,14516
14065: 14635,15694,13071,14846,14501
15501: 13022,13283,14289,15194,14194,14422
14356: 15766,13642,15411,13718
13418: 15658
15112: 15160,13576,14499,13547,13914,14262
15549: 13580,13493,14073,13917,14754,13599
12893: 14835,14803,14986,15000,15536,13523
13077: 15723,13866,13956,13103,12896
12850: 15660,15007,13662,15314,14205,15449
13979: 14458,13523,14984,15140,12932
15227: 15031,15025,13104,13066,14275
14260: 13007,15599
13946: 13944
15124: 14899,14749,14975,13960,13819,15362
15531: 14159
15683: 13126,14359,14285,13790,13028,13766,15572
14044: 14234,13828,14227,15680,14045
13958: 14377,14404,14920,15620,14163,15235
15000: 14755,14035,12893,14803,14984,13523
13023: 15577,14112,14504,15097,13198
15572: 13766,14033,13751,13235,15683,14359
14211: 14118,13028,13766,14033,13261
13829: 15796,13119,12923
15690: 14525,14541,13175,13656,14765
14010: 15496,15644,13318,15234,13552,15053
14682: 13513,14990,14634,14388
12983: 15385
15345: 14724,13265,13944,14659
15657: 15597,15744,12857,14222
15009: 14375,14888,14087,14314
13088: 13091,13920,14276,14386
14092: 13321,13777,13865,13006,13867,13243
13574: 
13504: 14280
13883: 13182,13866,15285,14737
12872: 13972
15507: 13724,14938
14335: 14680,14590,14856,14494,12842
13153: 14176,14231,15780,13876,14520
15215: 15714,13952,13281,15174
14937: 14880,13156,15098,14012,14909
14792: 14930,13082,12864,15076,14955
15087: 15700,15458,15058
15586: 13871,15518,14676,15337,13935
14319: 15275,13121,15278
13564: 13570,15793,15014,13745,14513,15294
14151: 15029,14690,14139,15353,14352,13451
13608: 14604,15015,13209,14689
13723: 15034,14103,15520,14416,13124,15491
15298: 13747,15734,14155,13534,15197
15722: 14330,15355,14576,13039,13559
14313: 14476,12903,13165,14885,15358,15055
14088: 
14906: 15807,15153,13905,13468,14240,13054
14087: 13303,14888,14440,15492,15009
13576: 15112,14499,14262,14717,13785
13750: 14104,13904,14365,14311,14496,13755
13831: 14992,15491,15034,13902,13324,15126
15362: 15050,15458,13819,14126,15124,14899
13517: 15038,15263
14104: 15554,14963,14765,13750,13904,14365
15632: 14966,12833,14544,13014,15131,15656
13984: 
13707: 15445,14362,15279,15540
14961: 28559,14767,12952,13510,13221,15243
13292: 13894,14701
15159: 13428,14563
15230: 13138,13141,13932,14799
14955: 15076,15151,14792,14022,13628
14617: 13711,15604,14183
13772: 15761,14794,15766
14907: 
14078: 13050,14559,15716,14795,14251
15439: 14510,13721,14786,14341,15068,15018
14055: 15782,15397,14752,12885,13340,15374
14333: 15064
14880: 13125,14937,14093,15286,14539
15031: 15227,15025,15734,13273,14102
14966: 12833,15632,14544,14415,15201,14366
13757: 14269,15623,13049,13686,13500
14153: 15726
15563: 15296,13326,14831,13619,14014,15741
13940: 14036,12873,14220,14081,15559
14516: 12933,13176,15512,12891,15261
15616: 14521,13454,14822,14806,15780,15304,15614
15724: 15297,14042,14039,14951
14640: 13759,15778,13549,14583,14459,14336
15225: 14053,13851,15283,15379,14598
15327: 15334,15602,14297,13877
14239: 15764,14586,15624,14427,13269,15528
15655: 15370,14725
13341: 12967,13163,14999,13309,13099
13234: 15615,15695,13184,13442,13017
15232: 13158,12969,13118,13963,15771,13733
12980: 12948,14987,14816,13673,13265,13127
14754: 15018,13796,13599,15743,14073,15549
15425: 14175,14148,14054,15144,15020
15349: 12992
14657: 13919,14508,13030,15213,14037,12944
15393: 14328,15781,14683,15186,14547
15647: 15547,15651,13621
14358: 13347,15472,13392,12875,14556
15125: 14177,15164,12881,12846,15533,14329
15541: 12996,13635,15328,13179,15274,13172
12851: 15019,15583,15694,13869,13859,13405
15410: 14832,15693,14708,14611,15195
13150: 13037,14107,14462,14399,14455,13307
15387: 15109,15351,14086
13349: 13797,15795,14787,13461
13450: 15373,14312,13308,14134
13620: 14257,15506,13874,15589,13478
13610: 14282,15363,15305,14528,13400
15316: 15434,14219,14071,15595,14097,14434
15013: 13131,14698,12863,15384,13286
14171: 13429,15058
15324: 15369,13200,13300,14890,15440
14863: 14834,12970,13370
15130: 13644,13579,12865
14096: 13588,14007,15250
13048: 15224,13714,14600,14635,13071
14306: 28666,13334,13325
15243: 14069,13042,13510,14800,14961,12952
13800: 15042,13951,14993,13487,13739,15719
28662: 13203,14441
14376: 13093,13589,13293,15580,14857,13977,14003
15649: 14498,14768,15209,13698,15166
15592: 15337,15001,15214
14290: 15043,15566,14570,15113,14213
14327: 13569,14190,15597,14796
13041: 
13638: 13217,14732,14572,13407,15608,15065
14452: 13918,15416,13537
13651: 13501,14527,15378,15662,14435
13615: 
13247: 13890,13218,15045,15371,12964,13609
15005: 15422,15524,14274,14613,14492,13961
14882: 15399,14526,12829,14214,14052,13000
13064: 14050,14337,15223,13904,13384,28607
14575: 13288,13189,15575,15319
12924: 15262,14186,14780,13502,13880
14135: 12817,14886,14864,13036,15188,12832
15624: 14239,14586,13269,15728,15392,13645
13895: 14571,13906,15732,13550,14234
13792: 14602,13241,14474,15155,14699,14502
13691: 14098,14867,14884,13462,14149,14321
12866: 14912
14387: 13880,15108,15333,14865,13245
13462: 15122,14669,13691,14884,14321
14048: 15052,14307
13645: 13469,15813,15392,14586,15624,14561
15747: 12880,14761,15220,14226,15096,15503
14664: 14192,14775,12838
14159: 13824,13214,15531,15552
13949: 15665,13557,14420,15521,13213,13137
13508: 14124,15412,13688,13528
15331: 13002,14568,15202,15585,13752,14625
15703: 12977,14386,13836,13749
14052: 13968,15312,14214,14882,15497,13000
14717: 14770,14262,15105,13576,13785,15420
12972: 13697,13730,13770,15313,13054,13905
13919: 14508,14657,13317,14206,15677,15213
14967: 14050,14681,13277,13577,14131,14140
13686: 28616,13049,13338,13757
13265: 13673,15345,12980,13127,12993
13748: 13036,15190,14043,15188
15580: 15568,15464,13093,14376,13977,13139
13093: 13589,14376,14302,14542,15464,15580
12971: 15792,14397,15081,14001
14173: 13162,13999,14406,12945,13062,15426
13013: 13291
13971: 14442,14011,14945
13185: 14866,15748,15739,14267
13567: 13019,14911,14166
13927: 15266,14654
15756: 15047,14537,14212,14418,14875
15289: 14711,14434,14413,12836,14523,13546
12985: 14161,14517,14874,14059,14636,14905
15628: 13070,13482,14789,15687
13746: 
13955: 13362,15595,14097,13052,13889,12871
15715: 15131,13593,12830,13180,14895,13483
12834: 14264,14506,13161,13232,14554,14805
13217: 14732,13638,15465,13407,13767,13604
15033: 14794,13422
14422: 15436,15388,13068,14289,13283,15501
12895: 14001
14451: 14403,14122,13352,14111
12977: 15703,14242,13749,14820
15209: 15649,14768,15166,14061,14579,14316
13991: 14396,13990,15505,15246,13635,15083
15648: 13805
14540: 13377,14368
13095: 14969,14029,15088,13018,14936,14095,13978
14113: 15193,15511
12946: 13826,15562,15118,14716,14940,14632
14453: 15250,14680,14856,12815,14360
14720: 13257,13034,14929,13847,13642
13643: 14036,12873,12994
13609: 15380,12929,15371,15750,13247,13890
14324: 14707
14349: 15024,12973,15236,14968,14987,14115
15474: 12909,14673,14271,14646,13851
15477: 13408,14167,13783
14014: 13420,15744,15741,15563,14831,15626
14308: 15615,13480,13100
15512: 15359,12891,15264,13019,14516
15723: 13077,13866,14790,14812
15453: 15252,14915,13474,15319,13021
15729: 12997,15625,12899,14503
13665: 13753,14737,14566,13740,13171,12927
13545: 14016,14463,14255,13578,13111,14058
14971: 14163,13022,14009,14893,14377,12979
15204: 13174,15475,13498,15757
14903: 14139,12939,14320,13451,14080
14741: 14872,15456,14367,13455,14757,13839
15658: 15485,13993,13418,14977
13914: 14286,14753,14006,15112,15160,13547
15341: 14448,15315,13427,13323,15710,14648
13963: 14476,12903,15232,12969,13872,13733
15543: 12849,13663,14791,14216,12828
15157: 13332,15559,13679,12817,14886,15192
15777: 15502,15066,15350
13047: 14280,15625
13103: 13942,12984,13956,13935,13077,12896
14531: 13860,15065,14732,12880,14226,15584
15136: 12837,13832,15409,15697
13853: 14614,13222,14317,15277,15499
15805: 13936,15699,13299,13474,15686,15401
13452: 
13224: 13372,15148,13943
14709: 13929,13583,15226,14840,13544
14460: 13987,13861,15546,14612
13997: 15659,13887,15103,13738,14521,13454
13187: 12978,13773,15342,15145,15231,15456
14615: 13220,14156,14291,14304,15702
12870: 28557,14463,15574,13444,15253,15146
15733: 13912,15064,13010,13325,28666
28520: 13114,13160,15495
15017: 13503,15240,14968,15249,15180,12973
28665: 15757,28553