14621: 13058,14838,13082,12885
28593: 
13143: 12936,14628,13812,14665,14174,15622
14985: 14768,14944,14403,14511,14873,15531
12849: 14916,13286,14440,13732,13739,14993
14615: 
14328: 13745,13112,14172,13330,13829
15299: 
15380: 15750,14579,15758,12929,14929,14338
15145: 15287
13511: 13300,14116,13188,14267,14613,14024
13765: 13952,15486,13550,13209,14234,15179
14273: 14474,15328,14424,14927,13089,14361
15510: 13928,14990,13542,13729,15036
14172: 15252,13805,12944,15489,13112,14328
15340: 15535,15351,13879,13479,14269,13605
13959: 14102,15306,13690,13700,15071,14764
14722: 13322,15005,15414,12905,15495,13402
15448: 15344,14000,14146,14353
13438: 14382,14646,14013,12895,14833,14699
14250: 15150,13151,14681,15162,13489,14556
13724: 15631,13090
13533: 15115,15010,15735,14179,15795,14560
12829: 13360,13666,13655,13949,12914
12939: 14351,15011,15376
12855: 14777,14565,14729,14705,13604,15514
14343: 13669,15329,13237,13815,14769,15386
13151: 14048,14250,15150,15162,13114,12899
13942: 14643,13974,13935,13055,14739,14848
15785: 13078,14529,13984,15081,14872,15207
13420: 12864,14928,13331,15283,13344
13886: 13353,15786,13540
14390: 15546,15277,13378,14040,14058,15188
14436: 13996,13225,14225,14873,15551,13168
13061: 12924,14462,14220,14317,12850
14824: 13000,14901,13837
15666: 14205,13670,14539,14151,13586,15368
13488: 13804,14552,13850,13471
14556: 13489,13531,15162,13316,13317,14250
14112: 14425,13758,12983,13603,14505,14045
13025: 13908,15060,15591,14776,14571,13735
13894: 15697,13412,14745,15129,13123,14470
13263: 15530,13207,13297,14806,15311,14137
12840: 14329,15304,15686,13601,15346,13943
14405: 14949
14881: 13844
15804: 13840,14634,14527,13513,13385,15321
13753: 13171,12922,13740,13866,12984,15713
14598: 14845,13711,12989,13326,13163,15763
15338: 14444,13416,15456,15409,14001
14998: 15751,15323,14815,13175,14844,13574
14252: 14829,15534,14385,14595,15141,13051
14488: 13806,14558,15533,14180,14455,12878
15372: 15770,13650,15503,13801,14450,14644
15484: 13557
15779: 13236,15627,15795,13345,12856,15222
14108: 13336,13037,14460,14346
13302: 13195,14183,15517,14863,13353,13117
15116: 15594,15020,13565,14747,14327
14833: 13203,14288,15043,14382,13438,12895
15737: 13150,14636,15559,14866,14862,13397
15482: 13489,13531,14294,13825,15473,13347
12958: 14021,12908,15455,15645,12856,15222
15178: 
15254: 14431,15691,13240,14813,15232,15199
13948: 14515,13238,14181,13913,14721,13635
14438: 14481,15055,14322,14585,14980,14702
14923: 14185,14925,12857,15404,15123
15373: 15583,15496,15808
14809: 14771,14249,14890,12860,14589
14802: 12998,13964,14085,13027,15573,14995
13070: 14089,14012,15185,14835
15519: 14479,13752,14704,12986,14523
15363: 14870,13913,14353,14030,14181
15792: 13975,15212,14190,14757,13013,14677
14683: 13938,14580,14161,15250,15659
14079: 
15791: 13660,13965,14384
14024: 14519,15146,13511,13300,13252,14613
15721: 15598,14552,13877,13630
12911: 13883,14668,14796,12837,13449,14347,14550
15760: 15045,14052,13218,13491,14356,13360
15698: 13593,15736,13955,14041,13704,14182
14920: 13261
14650: 15692,13890,13963,15031,15233,12969
15002: 15163,14034,13881,13063,14943
15244: 12920,15467,14599,15782,15305,13573
14178: 14614,14513,15709,13419,14047,12907
15730: 14201
15150: 14048,14250,13151,14681,14684,15450
14893: 15570
15332: 13249,15038,15403,14970
15296: 15657,12883,14927,13788,15407,14474
13814: 15606,13931,14380,12947,14121
14323: 14233,14412,15690,14365,13189
14369: 14883,14209,13916,14827,14593,13503
14361: 13089,15576,13991,14273,14741
15293: 13570,14695,14094,15261
13301: 14946,15663,14852,14785,12863,13674
14921: 14239,14451,15740
15092: 13920,14149,13891,15459,13478,13713
15201: 15415,12830,13627,15428,13018,15492
13808: 14608,14210,13381,14191,14104,13532
14929: 14876,15380,15758,14338,13066
14999: 13401,15441,13773
15024: 15180,15017,12973,15249,13081,14605
12932: 
13297: 15530,13263,14520,15311,13272,12879
15745: 15260,13232,15500,13725
14391: 13047,13384,12997,13277,14127,14496
15688: 13480,15195,13432,13883,14074,15693
13010: 14170,13514,15021,13490,15733
14186: 
15403: 14025,14674,15038,14296,15332
14808: 13190,15571,15276,14489,15546,15678
13553: 14562,14976,14326,14591,14434,14268
14742: 13144,15253,14886,15756,13348
14585: 14994,14980,14322,14438,14218,13810
15343: 15202,15147,15460,14165,14134,15160
13793: 13606
13952: 13765,15486,14504,14234,13197,14588
13414: 
13938: 14683,15659,13768,15245,13632
13222: 12924,15526,12850,15094,15470
14594: 14721,13635,13241,15586,13364,13832
13281: 15595,13834,14574,15762,14776,14392
15589: 14871,14257,14638,13836,14287,15193
12994: 13695,13858,14817,13926,13322,15414
14666: 15678,14040,13186,14235,13279
12990: 13572,13823,14255,15157,14859,14274
15427: 14571,13614,14604,13895,15174,14588
13181: 12853,14147,15303,13813,14458,14962
13503: 14593,15240,14827,14850,14781,14369
15370: 
13646: 14905,14135,13892,14686,14575,13885,15759
14828: 12847,14641,14363,15165,13767,14705
14489: 15276,14212,14139,14808,15546,13378
13278: 12900,13093,12892,15015,13415,14452
13446: 14282,13852,14982,13464
13267: 
12936: 15374,14628,13172,13143,14573,13812
14448: 13826
14606: 13914,15197,15419,14994,13954
15139: 15268,13097,15086,14200,14573,14502
15061: 13220,14759,13399,15036
15761: 
14898: 15498,14254,13626,14836,13661,14433
14812: 13017,12927,13184,15214,14676,14578
14428: 14415,15040,14899,15775,13925,12828
13873: 
14003: 12900,14376,13093,14857,13589,15464
13119: 12935,14360,13521
14949: 13827,14405
15420: 14720,15632,13048,13373,13847,13818
13833: 15656,13652,14713,14592,15715,13142
14835: 15185,14060,13070,13853
13248: 13428,14952,12957,15629,15762,13290
14477: 13483,15492,14685,13627,14591,14434
14532: 15346,13943,14950,12825,13876,13719
12965: 15593,13900,14538,14996,14401
15418: 14823,14495,14947,13742
15253: 14742,13144,12904,13525,14284
15645: 13087,14179,12958,12908,13343,15222
13684: 13239,14582,13436,15767,14355
15654: 14842,13548,13737,15096,15503,13736
14587: 13780,15286,13473,13307,13206,13116
12896: 15597,13310,13055,14739,15001,13822
15557: 14675,14832,15529,15744,15623
15506: 15301,15122,15375,15703
15151: 13413
13924: 14982,14204,14663,15724,13204,14548
14364: 13361,13478,14867,12977,15511,13771
15432: 15458,14637,14936,13689,15009,15087
13976: 15104,13444,15314,15574,14618,14237
13286: 14916,15680,13906,12849,13828,14993
13583: 13856,14728,13092,14529,13292
13702: 
13044: 13945,14743,15042,14642,13487,14456
14912: 14659,13595,13127,14603,13122,15057
14351: 12939,15056
14642: 13044,13945,13270,15486,14504,13487
14684: 14964,15450,13577,15150,14681
14179: 15735,13087,15645,15795,15222,13533
15238: 14416,13903,13466,12868,12831,13124
15434: 13007,15349,13052,14562,14910,14029
15071: 14764,13959,15306,13229,13561,13034
13124: 14782,12831,14416,15238,13723,14992,15491
14543: 12956,15515,15512,13660
13839: 12960,13226,15136
15608: 14363,13217,15200,13638,13516,14487
13299: 15039,14915,13760,14303,13032,13811
14214: 13701,14084,13733,13558
14322: 14097,15105,14438,14481,13810,14585
15261: 14467,14384,15293,14094,12956
12814: 15564,14078,13872,14839,15716,14568
14027: 15752
14338: 13218,13491,13066,15380,12929,14414,14929
14601: 15442,14656,13394,13754
15573: 15352,14758,14822,13027,14802,14995
13398: 13419,15801,12904,15047,14614
14559: 13328,15173,14523,14633
15579: 14778,15164,14230
12838: 15449,15677,13662,15574,14237
14751: 12987,13703,15356,13439,13956,15317
13957: 15559,13456,15776,13678,13501,14636
14861: 13843,13264,15781,15196
13708: 
14926: 13327,12898,13784,13972,14497,13060
13230: 14344,13260,13828,14005,13072,13906
13930: 13717,14008,14924,14917
15530: 13207,13263,13297,14520,14913,13208
15590: 13243,13149,14117,13639,14219,13421
13496: 15699,15774,15669,15478,14458,12853
13794: 14693,13048,14975,15362,15700,14720
14496: 15712,13246,13134,14127,14391,13047
14134: 15339,15160,15343,15460,13475,15033,15783
13928: 14990,14263,15510,15703,13542
15669: 14622,13141,15699,13496,12853
15801: 13398,13419,12904,13525,13878,15718
15662: 13482,14618,15314,15502,14779,13497
13781: 13114,12886,15237,15190,13418,12999
12826: 14810,13342,14032,14098
14939: 14055,13344,15275,13481,14907,13568
12919: 14056,12827,14333,15600
14535: 14115,14987,15633,13673,12816,14816
13240: 14813,15399,14431,15254
15390: 15305,13573,13854,15337,14576,15155
13266: 
15472: 15324,12817,14279,14447,13467,15748
13361: 13478,14364,13713,15508,13771
14798: 14948
13841: 13364,13832,15782,14013,15305,13854
15538: 13170,14188,14918
14990: 13928,14263,15510,13399
14063: 13264
14580: 14683,14161,13864,15245,13979
14226: 15220,15096,13115,15747,13650,13911
13690: 13475,14110,12888,13700,14764,13959
14624: 13898,13743,12833,14544,13142,14171
13732: 15428,14440,12849,13739,14888,13018
13994: 13287,13640
13936: 13021,13601,15039,14915,15304,14960
15755: 13054
13899: 14258,15461,13748,13566,14231,13231
13096: 14460,14671,14346,13036,14136,15070
15731: 13501,12815,14037,15444,13678
15246: 14169,15328,14424,15144,15391
14429: 
13085: 14528,15099,15379,14602,12882,13172
12979: 15487,13721
14301: 15175,13581,14741,13991
13463: 14680,15125
13442: 13049,15797,14074,15561,13435,15387
14844: 14105,13664,13598,13175,14998,13574
13421: 13507,14610,15091,15590,14117,13639
13212: 14503,15402,13005,14890,14771
14354: 14662,15135,13680,13445,14443,13428
14696: 14829,15534,14192
13213: 
14944: 14768,14985,15205,14155,14511
13147: 14850,14781,13625,15069,15717,13107,14281
14706: 14584,15295,13026,14430,15592,15615
15562: 14800
15309: 14792,15012,14042
14877: 15220,13115,14357,14070,15395,13256,14842
12931: 14902,28589,13554,13567,14904,15016
15051: 13052,14182,14232,14268,13611,15736
13848: 13631,13896,15179,15431,13452,13550
15050: 15385,15732,14315,15088,15664,15656
15115: 13533,15010,13671,15735,13258,13173
13544: 14318,15204
13743: 13898,14624,13929,14661,14544
15406: 15659,13768,13933,15028
12886: 13781,15162,13114,15190,13316,15213
14350: 14023,15788,13065,15720,15412,14724
15750: 15380,14579,15227,13050,13914,12929,13104
15278: 14719,14308,13686,15695,14124,13585
13277: 14391,12997,14127,13064,15658,13769
15534: 14829,14252,14696,13051,14688
13319: 13247,13333,12934,14876,14102
13174: 15084,13868,13481,15596,14907,15597
13412: 13894,15697,14796,14550,14292,15129
14483: 13284
13911: 15770,13650,15747,14567,14531,14226,13115
13562: 14609,13493,15439
14143: 14672,13352,15552,15649,15624
13458: 13816
14309: 
13520: 14707,15161,15550,13377,13795,13477
14237: 14618,14740,15574,12838,15449,13976
15091: 13421,13507,13639,14251,13909,15134
14952: 13248,13428,12957,15367,15081,15135
13173: 13258,13164,15115,13671,14381,13664
13378: 15546,15277,14390,14489,14139,13554
14359: 15620
15322: 14324,14922,15705,13490,14855,15023
13889: 14568,14839,14312,14479
13823: 12990,14859,15451,14320,14274,15677
12839: 13357,14140,15369
15057: 13177,13122,14912,13127,14124,15584
14554: 15186
14403: 14730,14768,15280,14985,15531,13960
15400: 14105,13598,15749,14036,15567,14310
14236: 13983,15167,14759
12864: 13420,14928,15263,13344,14907,15084
14304: 14561,15127
13809: 15462,13956,14198,15356
14685: 14477,13483,14591,13440,14661,13978
14730: 14768,14403,15280,15601,13086,13967
13822: 15001,13121,14737,15596,15597,12896
15308: 13826
15089: 14718
13858: 12994,13695,14817,13349,13153,14723
14497: 13972,13009,14057,13535,14926,13784
14410: 13262,13625,13737,15717,15643,13145
15777: 15066,15203,13385,14629,14997
15142: 13807,14811,14408,13568,13339,15518,14737
15732: 15385,15050,12854,15719,15656,13652
13003: 13471,14946,13543,14785
15441: 14374,14709,14999
14246: 13861,12937
14933: 13908,15060,14044,13787,15714,13274
15257: 14858,15527,13492,14164,14402,12962
14784: 13251,15726,14175,15741,14330
15344: 15448,15048,13791,14353,14030
14860: 13610,13039,15354,13455,13852
15576: 13089,14361,13991,13404
15141: 13051,14616,15650,14385,13497,14252
13104: 13973,12929,14414,13914,15197,15750
13657: 15661,14449
13595: 13193,14912,14659,13500,15535,14603
14121: 14654,15704,13814,14380,12947
14851: 15469
14148: 15012,14042,15175,15541,15610
13311: 13990,13649,13416,15456,15474
13329: 14372,13564,15011,13827,14075
12823: 14834,13692,13884,15043,28677,15517
13759: 13705
13764: 15359,14081,15582,14695
15326: 13642
13790: 
14050: 14132,14311,15625,14491,15405,15307
15614: 13224,15245,13632,15148,12874,15444
14185: 14923,15123
14637: 13674,15458,15432,12863,15545,15009
13209: 15494,14471,14234,15547,13550,13765
15460: 15202,15343,14134,15242,15033,13547
14434: 13553,14591,13627,14268,13611,14477
13483: 14477,15492,14685,15769,13929,14661
15492: 14477,13483,15201,13627,15769,13018
14800: 15562
12948: 14509,13673,12980,14450,15270,14644
13223: 15754,14647,15382,13672
13260: 13230,14344,14227,13541,14005,13154
15140: 13797,13738,14622,15303,15041,14935
13236: 15779,13345,12856,15067,12898,15172
14291: 13620,14669,13305,13659
15291: 15232
13666: 12829,13360,14356,14794,15497
14028: 14555,14155,14498,15601,14768
13161: 14787,14256,12985,12982,13939
13373: 14031,15632,15420
14663: 14982,13924,14528,14282,15724,13393
13476: 
13847: 15420,13453,13818,14989
14692: 13879,13757,14708,14319,15259,15269
13272: 12879,13280,15311,13021,13668,13297
13134: 15223,13904,14277,14127,14496,13246
13953: 15044,14115,13863,13621,12943,15273
14276: 15672,15711,14765,14106,14491,14311
13303: 14366,14975,13242,15032,13321,15102
15794: 14243
14414: 13973,12929,13104,15585,13218,14338
15099: 13085,14528,14396,14602,13455,14282
13034: 13486,12966,15071,15306,13229
13917: 13983,14988
14064: 14457,13494,13441,14874,12968,15260
14626: 13786,15577,13603,14247,15013,14425
14476: 14818,12941,15771,13158,15457,14726
14900: 15133,14177
14609: 13562,15439
13693: 13624,13551,13722,13555,13782,13291
15456: 14762,15409,15474,13311,13416,15338
14384: 15261,12956,13660,15791
15533: 15430,15805,14180,12878,14488
13850: 13471,14946,13488,13804,15239,14852
14997: 14629,14245,15168,15777,13727
13596: 15376,13641,14195,15056,13803,14875
13877: 15327,14297,13630,15721
13117: 13846,14863,14183,13302
15149: 13485,14207,13512,15126,14883,13916
14336: 
14461: 15106,15566,15425,13619,14845
14149: 13920,13399,15092,13891,13590,14263
14381: 13175,14703,13164,14557,13173,13664
15605: 13575,13988,13514,13113
14963: 12998,13964,13755,13343,13750,15739
15385: 15732,15050,15719,15088,15384,13379
15148: 14984,14067,13768,15614,13632,12874
15726: 14784,15741
15412: 15670,13528,14724,15347,15720,14350
15490: 14936,13315,13289,15384,13379,13043
15640: 12822,15286,14007,13806,15292,13206
13347: 14697,13513,15482,14294,15485,15473
15073: 15030
13960: 15531,12902,14439,14403,15280
15102: 15700,13073,14015,13321,14975,13303
13768: 15406,15659,13938,14984,15148,13632
15725: 
14916: 13286,12849,14456,13828,15042,14440
13087: 15735,14179,15645,13343,13750,15621
14515: 13948,28677,13238,13835,13913,13884
13056: 
13598: 14105,14844,15400,14310,14238,13574
13874: 14193,14810,14098,15612
13710: 13371
15143: 14397,13196
13309: 14955,14840,14292,13517,15697
14564: 14431,15691,13247,13486
14310: 15567,13598,15400,14238,28678,28675,28680,28679
14899: 12835,13739,15775,14993,13925,14428
15575: 13997
15255: 13840,14634,14245,13357,14426
13588: 13288,12881,14442,15133,15138,15611
14528: 13085,15099,15379,14282,13393,14663
13385: 14697,13513,15203,15777,13840,15804,14629
14788: 15371,15447,13328,13890,13963
13121: 15001,13822,14737,15723,15518,13634
14229: 
14007: 15640,12822,14455,15211,13806
14511: 12978,14873,15205,12884,14944,14985
14367: 15566,15425,14746,15156,14931
13789: 14298,13389,15265,13613,13681,12873
14491: 14106,14162,15405,14276,14311,14050
14523: 12986,15173,15519,15447,14559
13118: 13970,12972
15532: 13445,13782,15137,13587,15318,13555
13428: 13248,14952,14443,15135,14354,15629
12916: 14973,12930,14723,14258,15461,14817
13640: 15267,15163,13994
13785: 14635,14753,13031,12820,14499
15239: 14858,15527,13804,13850,12950,14852
15088: 15360,14315,13015,15384,15385,15050
15437: 13156,15485,12875,14697,15203,13651
13170: 15538,15026,14934
13585: 14124,15584,14567,14531,15278,15695
14469: 13235,14786,13796
14593: 14302,15240,13503,15180,14369,14209
14813: 13240,15254,15336
12873: 13681,13789,13389,14043,14255,15157
13436: 14911,14830,13684,14582
13896: 13541,13631,13848,13270,15179,14227
14445: 15740,14260,13214
14256: 13161,14549,14799,12985,12815,14399
13058: 14838,14621,12885,14930,13761,14733
13866: 13508,12984,13665,13171,13753,13184
13224: 15614,15245,14748,14037,13979,15444
15529: 13338,14305,15744,15623,13944,15557
13897: 13762,15638,14158
13852: 13446,13455,14860,15354,15191
15193: 14820,13590,14871,15589,14287,12859
14278: 15094,13176,15526,14089
13063: 14484,13881,13962,15002,13287
13867: 14533,15105,14795,15523,14029
14736: 15285,14774,13686,13017,13407,14744,14308
14040: 15678,14666,13186,15546,14390,15188
14234: 14471,13209,13614,13952,13765,14588
13719: 13306,14524,14532,14950,13876,14534
15388: 14211
15376: 13641,13596,12939,14372,15011,15056
14721: 13635,14594,13948,13238,13832,14646
14019: 14880,15650,15499,13482,14740
15584: 14124,13585,14567,13035,13177,15057
15284: 13100,13676,15539,15446,15603
14140: 14245,12839
13755: 12998,14963,13656,15729,14242,15739
13426: 15521
13368: 13934,14756,13365,13628,12921,13792
14647: 15754,13223,15382
14217: 15768,14791,13167,13663,14895,13870
13526: 13103,14371,12928,14054,12989,14752
12964: 13949,12914,14734,15480
14544: 13440,14661,14624,13743,14171,13243,13149
12848: 15757,13304,15215,12871,13443,14395
14864: 14046,15780,15047
13189: 15667,14803,14233,14323,14412,13431
14401: 12890,14300,13900,15593,12965
13250: 12982,15463,13939,15252,14490,13602
13359: 13477,14540,14911,14707,28659,13334,13779
14372: 13259,13329,15011,15376,13641,14168
15772: 28675,28680,14157,15495,12905,13205,15237
12942: 15655,14767
14039: 15113,13540,15675
14577: 13220,13462,13713,13659,15508,13305
13993: 15812,12976
15136: 13969,15617,13839,13682
14379: 13485,14207,13560,14017
14331: 14335,13997,12846
13776: 14780,14908,13191
14286: 15523,14910,14976,14394,13095,15316
13475: 13690,14110,15339,14134,15783,14764
14688: 15350,13051,15660,15534
14212: 15276,14489,14139,15077,14348,15435
15682: 14625,15298,14843,15247,14965,14251
13163: 15763,14598,13326,15397,15189
14002: 13158,13820,15813
13546: 15543,12836,14895,13180,13951,14611
15213: 13316,14206,14613,14141,15190,14062,12886
15120: 13091,15751,15323,13741,13904,13504
15636: 13912,15513,13004,14855,14324
13796: 13580,14033,14786,14469
14988: 13917
13674: 15458,14637,13301,15182,15663,12863
15524: 15502,14779,13033,14307,15256
13978: 14413,15025,14394,14685,14326,14591,13440
15025: 14413,13978,13440,13243,14219,13006
12961: 14022,13792,13628,12885,13761,13857
12827: 14056,15023,12919,14083,15452,14333
15509: 
14474: 15328,14273,15296,14927,15407
13407: 14578,15609,13017,15285,14736,14744,14308
13454: 15612,15553,15266,14193,14421,15122
13459: 14275
13062: 
13317: 13316,14206,13252,14556,13531,14664
13760: 15039,13299,15616,13811,14960,14546
13607: 13608,14500,15581,13110,14409,14119
13739: 14899,14993,12849,13732,14888,13925
15415: 15201,12830,13627,15131,14232,13611
13926: 12994,14817,12930,15414,13643,14896
15716: 14839,13396,15289,15564,12814,14969
15041: 14085,13027,14935,15140,14147,15303
15158: 14280,14682,14417,13746,14208
14513: 14614,14178,15709,15074
13704: 14041,14092,15698,14182,15349,14879
15268: 13097,15139,15229,15467,13437,14200
13273: 14965,13909,13534,14110,12888
13179: 15219,15722,13430,12895,13203,15355
15582: 13764,14695
13166: 13918,15416,15568,12892,13636,15580
14008: 15035,14830,13742,13930,14917
14610: 13421,13507,14117,13008,14165
13235: 14469,15439
13356: 13669,13365,15229,15386,14022,13792,13097
13821: 15462,13956,14658,13815,13934,15329
14590: 14778,15708,14230,15686,15198
15128: 15742,14686,15184,12933,13885,14129
13774: 13472,15294,15793,13386,12894,15628
13934: 13368,14756,13821,14658,15329,13365
13132: 14290,12967,15083,12889
13505: 
15558: 13271,15387,13946,13193,14659,13265
13148: 15093,15004,14969,14795,14097
15473: 13825,13961,14527,15482,13513,13347
13629: 15219,13430,13986,13610,13187,14750
14289: 14142
14374: 15441,13196,14053,14709
13842: 14595,14789,13253,14880,14385
15160: 15339,14134,14165,13507,15343
15383: 13358,14932
15771: 14239,13269,14476,14818,12941
13434: 
14962: 13656,15729,14631,13181,14147,13813
13372: 13864,14856,12819,14748,13979
13972: 14231,13009,14497,14926,13060,13748
14708: 13879,14692,13479,14305,15269,15613
15374: 12936,13172,14200,13950,12882,14573
14001: 15342,14738,13226,14444,15338
14295: 14307,13156,15256,15378,13651,15302
14620: 
13920: 13399,14149,15092,13713,13220
14480: 15074,13947,15184,15742
14487: 15285,15065,14774,13516,15608,13217
14943: 15191,15354,13881,15002,14034
15485: 14294,14492,12875,15437,14697,13347
13923: 15130,15209,13777,12902,14439,14468
15438: 14386,14654,15401
15369: 12839
13798: 13918,15416,15581,13110,15498,13537
13128: 15684,15321,14775,13961,14527,12918
12941: 14476,15771,13820,13158
15252: 13805,14172,13250,13939,14490,13112
15712: 12963,14496,13246,15459,13047,14867
15108: 14909
15335: 13192,15112,13556,14596,13073,14015
13455: 14282,13852,14396,13039,14860,15099
14257: 14871,15251,15589,15479,13410,13836
14415: 15040,15664,14428,15775,14126,14315
13363: 15350,15378,13029,13200,12910
12918: 14890,12860,14553,14775,15684,13128
14518: 14244,14886,13041
13495: 12925,12897,13609
14834: 12823,15043,15517,14288,13370
14131: 12977,14682,15511,13384,14266,13268
12978: 14511,14225,14873,12884,15757,15215
15265: 15054,13982,13456,14298,13789,13613
14560: 13461,13159,15627,15795,13533,15010
14454: 13182,13432,15410,14222,14668
14785: 14340,13543,12863,13003,14946,13301
14820: 13891,13590,15193,14871,14383,12963
14083: 14130,15216,15705,12827,15023
12821: 14734,14847,15358,13000
12878: 15103,13584,15533,14558,14488
14941: 14014,13067,14498
13205: 14141,15237,15190,15101,12905,15772
13534: 13747,14770,13273,12888,15320,13685
13300: 13511,13188,14508,15146,14024,13030
15199: 15232,15254,15336
13861: 14246
13758: 13131,14112,15632,14045,13819
14242: 14608,14210,15319,15729,13755,15739
13316: 13317,14206,15213,15162,12886,14556
14038: 13474,12842,15250,15659
15163: 15002,14034,13287,13640
12828: 13898,12833,13057,13925,15040,14428
15402: 13212,14503,13005,14426,15176
13456: 15559,13957,15776,15054,15265,13613
13204: 13937,14548,14204,13924,14272
15626: 
15466: 14854,14122
13176: 13780,14012,15526,13502,14278
13164: 13088,13258,14557,14541,13173,14381
13820: 12941,14002
15277: 13378,14390,13554,13567,14058,15793
12999: 14773,13418,13160,14157,15237,13781
15601: 14028,14730,14768,13086
13540: 15675,15154,14039,13886,13353,13692
13551: 13693,13624,13787,13291,14574,14392
14581: 13932,14787,14549
13197: 13167,13663,15174,14588,13952,14504
13594: 
14101: 15176
13699: 14262,13008,14713,15715,13388,13014
13086: 13967,14159,13855,15601,14730
14703: 14815,13175,14381,14557,14337,15307
14855: 13490,15513,15021,15636,14324,15322
13490: 15705,14855,15733,15021,13010,15322
15190: 14141,13205,15237,13781,12886,15213
14076: 14473,14169,14290,15391,13838
13541: 13631,13896,15366,13154,13260,14227
14228: 15348,12884,12957,15468,13094,14071
12857: 15404,14728,14925,13984,14923
13180: 15543,13546,12836,14395,13304,13617
13357: 14426,12839,15255
14472: 14463,13033,13030,13444,15314,14779
15414: 13322,15005,14722,12994,13926,13643
13111: 13472,15637,15098,14080,15029,15049
14555: 14028,14155,14507,14831,14498,15522
13389: 14298,13789,13231,13433,12873,14043
14892: 15355,15337,15722,15806,15155,15085
15685: 14887
13967: 13086,14159,14730,15280,13101
13435: 13271,15387,13480,13282,14074,13442
14506: 15007,12923,15210,15262
14905: 13646,13892,15759,13152,15805,15090
13254: 13853
14267: 13679,14062,13185,13511,14116,14613
14902: 12931,14904,13578,15217,14176,15016
13200: 13392,15302,15378,13363,15812,12910
13282: 13480,14551,12866,15345,13435,13271
13031: 12820,13313,13622,13785
14277: 14127,13064,14525,13741,13134,13904
13752: 14479,15519,15055,14702,15003
14956: 
13269: 14239,15771,14804,15624
13987: 14220,15628,14317,13036,14772
13891: 14820,13590,12963,15459,14149,15092
13898: 14624,12828,13743,12833,13057,13929
15743: 13653
14146: 14000,15448
15634: 13255,13351,13912,13004
14072: 13417,13726,13129,14837,14978
14129: 15759,14889,12933,15128,14686,15393
13076: 12862,14641,13312,14777
14465: 14825,14091,13658,14566,13740,14572
14068: 15046,14521,15352,14822,14806
15200: 13171,12922,13638,12927,13516,15608
15454: 15422,14238,28678,13160,13654,14525
13973: 14414,13104,15197,15692,15233,15585
14974: 15439,14154,15537,15683
13451: 13892,14539,12870,15090,14203,13670
13612: 14512,14677
13663: 13167,13197,14504,13945,14217,15768
13313: 13031,12820,14846,13561
14938: 
14772: 13386,15799,13987,15628,13515
12974: 13756,14843,15247,15331,13698
15364: 15000,13141,12881,14622,13797
14499: 13683,13615,14753,13785
13098: 
14883: 14369,14209,13916,13539,13512,15149
13055: 13310,14536,12896,14739,14848,13942
15315: 
15027: 
13107: 14281,14992,14782,13457,15069,13147
15468: 14872,14507,12957,15367,15348,15522,14228
13473: 15029,13307,15365,14080,15286,14587
14307: 13156,14295,14977,13033,15524,15256
13744: 13474,12842,14035,12915,15164
14021: 12958,14995,12908,14758,15455,13208
13472: 15294,15637,13774,13111,15049,12894
12903: 13510,14260,14948
15266: 13454,14193,15301
13557: 13422,15484
12867: 14163
14829: 15534,14252,14696,14595,15052
14931: 14175,15566,14367,14011
13039: 13610,13187,15085,14860,14396,13455
13802: 13648,14283,12861,15580,13069,14196
15435: 14348,12872,12852,14690,14212,15077
13437: 14576,14200,13950,15467,13573,15268
13244: 15424,15476
14566: 14465,13658,13234,14958,15713,13740
13477: 14911,13359,14707,13520,13795
12890: 14401,14300,13135,13937,13900
15351: 13500,15535,15340,15109,13879,13757
15498: 13110,13537,14254,14898,13798,13626
14057: 12879,13280,13306,13535,13784,14497
15355: 14699,15337,14892,12895,15722,13179
13523: 14453,14547
14520: 15530,13297,12879,14913,13327,13784
12938: 
13754: 13394,14601,13251
13422: 13557
15631: 13724,14316
13487: 14344,14227,14456,13270,13044,14642
13631: 13541,13896,13848,13452,15366,12951
15086: 13097,15139,14022,13857,14502,14522
13400: 15274,12824,14599,13448,13237,14769
13482: 14618,15662,14740,15650,14019,13497
15055: 14438,14312,14481,14479,13752,14702
14747: 13992,14327,15020,15116,13688,13506
13905: 15477
14049: 14530,13709,15258,15765,13524,13285
15545: 14340,12863,14637,15119,13198,15009
13059: 15555,15395,13256,12868,12926,13903
15787: 13140,13871,15446,15603,13703
15396: 15647,15431,14150,15547,15044,13863
13522: 14539,12870,14151,13888,12887,14805
13548: 15654,14842,15069,13737,14801,15717
15625: 14132,14050,15307,14815,13091,15323
13773: 14709,13565,14999,13401
13065: 15788,14350,15072,14724,13518,13696
13131: 14425,13758,15013,14375,13819
15494: 14471,13209,13863,15273,15082,15547
15258: 15765,13355,14049,13293,14283,13285
14222: 13591,12971,14738,13449,13182,14454
13844: 15068,14881
14283: 13648,13802,13293,12861,13285,15258
14080: 13586,15098,13111,15029,13473,15365
14189: 13545,14244,14046
13383: 
14047: 14575,13885,15440,14178,15709,12907
13619: 13340,14054,15225,14461,14845
13745: 12968,13112,14328,13829,15260,13232
15497: 14253,13666,13655
13215: 14173
14980: 14585,14994,14702,14438,13002
14945: 
15526: 13222,12924,13502,13176,14278
15796: 15429
15488: 14324,14922,13382
14235: 15359,13763,15571,15678,14666,13570
13283: 
13518: 14509,13046,14724,12980,13065,13696
14458: 14261,15478,13496,13181,12853,13813
13908: 13025,15060,14933,13274,15082,13735
12822: 15640,15286,14007,14205,15211,15365
15004: 15093,13148,14969,12865,13157,15289
15602: 15208,15334,12861,15327,14297,14196
15646: 12996,13370,15272,15107,15297
14245: 14629,14997,13840,15255,14140
15003: 13002,15371,15447,13752,14702
12898: 13327,14926,15067,13236,15172,13060
14346: 14460,13096,13036,13037,14108
13168: 15551,13617,15159,14436,13225,13020
14264: 13206,13120,15292,13346,15668
13083: 13009,14059,13535,14524,14954,13320
15780: 14864,13545,12832
14694: 13584,12953,14088,14138
14034: 15002,15163,15191,14943,13901
12950: 15663,15800,14852,15527,15239,13233
15764: 12992,13677,14948,13510,14607
12843: 
15006: 14597,14717,13045,14635
15336: 14275,14813,15199,15694
14412: 14323,13189,15381,13431
14337: 15377,15405,15307,14679,14557,14703
14689: 13043,14836,13661,15182,15800,13315
15058: 15700,13073,13192,15802,14693,14241
12953: 14694,13940
14719: 14744,14308,15278,13127,13265,14124
15365: 13473,14205,13586,14080,12822,15286
15619: 14799,13932,14856,14360,12819
14846: 14270,13313,15540
13515: 13037,15799,14772,12869,15512
13310: 15597,14536,13055,12896,13868,12993
14984: 15148,13876,14067,13768,12825
14416: 15520,15238,28658,13723,13466,13124
14749: 13786,15577,13023,14698
15297: 13203,14288,15646,15107,15219
15307: 14337,15405,14815,14703,14050,15625
14840: 14955,13569,13309,14645,15697,14745
13733: 13701,14214
15553: 13454,15612,14224,14638,14421,14466
13625: 13262,14850,13147,14781,14410,15717
12910: 15812,13201,15350,13363,13200
14755: 13962,13287
12915: 14035,15164,13744
14541: 13088,13258,13164,13381,15621,15433
13275: 13077,15607,14325,14446
15223: 13134,13904,13504,14383,15251,13246
14740: 13482,14618,14237,15449,15499,14019
15727: 13907
13416: 14318,13311,15456,14444,15338
15198: 14329,15028,14590,13390,14230,15686
14757: 14190,15641,14512,15792
15305: 13573,15390,13854,13841,15782,15244
14718: 15089,15181,12970
15800: 15182,12950,15663,13233,14836,14689
14249: 14967,14280,12860,14589,14809
15095: 13853,15230
13969: 15136,15617,15342,12837,13226
14533: 13867,15105,15523,15316,13810,14006
14700: 
13390: 15164,14230,13474,15028,15198
13763: 15359,15560,14235,13728,15571,15674
15146: 14519,14024,14358,13300,14463,13030
13227: 15471,14119,13626,14433,15360,14126
12816: 13145,14816,15270,15643,13673,14535
13066: 14338,13491,14929,14876,13333
15813: 14002
14388: 14215,13716,14113,14285
14330: 15741,15076,14784,13778,14485
13687: 14000,15113,14870,15281
15706: 14906
13106: 
14300: 12890,14401,13775
13778: 14011,13326,14330,15397,14485
14723: 12917,13153,14258,13858,14817,12916
14756: 13934,13368,14658,12921
14191: 12954,15773,14608,13808,15653,13532
14059: 14231,13083,13009,13982,13320,13566
15610: 15541,13830,14148,14042,14153,13817
13812: 14573,14502,14766,12936,13143,14665
15323: 15120,13091,15751,14998,14815,15625
13600: 
14099: 14194,14377
14380: 15381,15453,13814,15704,14121
15224: 
14221: 13331,15475,14569,14485
12901: 
13259: 14372,13564,14293,14168
15264: 12937,13965,13084
15697: 13894,13412,14745,14292,14840,13309
13190: 14808,15571,15674,14352,15689,15276,15077
14572: 12922,13638,13740,14091,14465,13767
13492: 15527,15257,13233,14402,13537,14254
14009: 15501,13323
14698: 15119,13023,13198,14749
14111: 15421,15702
15749: 14105,15400,15010,13671,13159,14036
13293: 13648,14283,15258,13355,14857,14376
15641: 13401,14563,14757,14512
14446: 14066,14655,15607,13275
12970: 13995,14718
13221: 15241,14726,14370
14206: 13316,13317,13252,14613,15213,14062
14165: 14262,13008,13507,14610,15147,15343,15160
13566: 13899,14231,14059,13982,14298,13231
15195: 13480,14551,15688,13432,15410,14848,13974
15762: 15629,14574,13248,13281,15595,13290
15330: 13662,15574,14016,15324,14763,15104
13825: 13961,15473,14681,13489,15482,13577
14825: 14091,14465,13658,15639
14303: 15536,14096,13032,15753,13299
14922: 15488,14324,15322,13882,15023
14485: 14569,15397,13778,15076,14330,14221
15156: 13276,14746,14367
15537: 15206,15683,14974,14154
13320: 15054,13982,15630,14954,13083,14059
13226: 15342,14001,12960,13839,13969
13601: 13021,13668,13936,15304,12840,13943
13956: 13809,15462,13821,15356,14751,15317,13815
15077: 15276,14212,14690,14352,15435,13190
13818: 14514,15420,13219,13048,13847
13836: 14638,14466,15672,15479,14257,15589
15176: 14503,15402,14101
14676: 14643,13935,15214,14812,14578,14790
14195: 15056,15014,13596,14875,13921
15617: 15136,13969,13099,13341
15348: 15205,15522,12884,14228,15468,14155
15059: 14377,13599,14712
13188: 13511,13300,14116,14763,14508,14279
13417: 14072,13726,14978,14373,13962
15183: 
13761: 14930,14109,13857,12885,12961,13058
14274: 13662,14016,13572,13823,12990,15677
14853: 13691,14208,14967,14215,13716
15465: 14761,12880,15065,13860,14732,14120
15623: 15137,13587,13944,15529,14832,15557
14794: 14356,15399,13333,13666
13471: 13003,13850,14946,13488
15483: 
12960: 13839,15204,14444,13226
13080: 
14646: 14382,13438,14013,14721,13238,13832
14015: 15102,13073,13321,14596,15335
14613: 14206,13252,15213,14267,14062,13511,14024
13402: 14036,15567,15495,14819,13322,14722
14411: 14570,15741,12988
13718: 15408,14342,14878
14630: 
13656: 15729,14962,14147,14085,12998,13755
14292: 13099,14550,13517,15697,13412,13309
13654: 13064,14525,15454,13160,15658,14773
15644: 15710
14142: 14289
14527: 13961,15473,13513,15321,13128,15804
15011: 13329,14372,13827,12939,15376
14774: 15285,15065,14487,14736,13686,13860,13516
14136: 12850,14317,13036,13096,15070
13726: 13417,14072
15684: 15321,13128,12918,14890,13005
13314: 14727,13862
15233: 14914,15585,12969,15692,14650,13973
13846: 15707,13117,14183,14432,14951
12837: 15342,13449,13969,12911,14347
13022: 14897
13199: 15690
15455: 14913,15067,13208,12958,14021,12856
14743: 13044,13945,15042,15768,13800,14653
13602: 13441,14874,15463,13250,13397,14865
14787: 13161,14581,13939,13805
13397: 14862,14865,13150,15737,15463,13602
13113: 15605
12998: 13964,14963,13755,14802,14085,13656
13931: 15606,13814,12947
13351: 15634
13854: 15305,15390,13841,14013,14699,15337
12969: 14914,15233,14650,15031,15565
28652: 
15433: 13750,15621,15739,14210,13381,14541
14874: 13441,13602,14865,15648,14064,14457
12928: 13103,13526,13340,14054
14398: 13722,15318,13555,15398,13981,12955
14268: 13052,15051,13611,14562,13553,14434
14734: 12821,14847,12964,15423
13589: 14857,15249,14542,13081,15464,14003
15789: 13542,13845,15301
13007: 15349,14879,15434,15093,14795,14029
12984: 13866,13508,15592,15713,15615,13753
14253: 15497,13655,14906
15550: 14947,13377,14823,13520,13795
15489: 12913,14172,12944
13219: 14693,14241,14514,13818,13257
14623: 12820,13772
14517: 15781
15045: 14052,15760,14914,15585,13218,14651
13618: 12995,14687,14530,13560
13470: 15736,13955,13870,14791,15131,14232
12897: 15325,15241,13495,14370
12831: 14782,13374,13457,13124,12868,15238
13285: 14283,12861,13709,14049,15258,15208
13837: 14901,14824
15552: 14568,14704,13872,14143,15649
13705: 13759
14538: 14272,14996,13900,12965
14352: 13803,14690,14875,15689,15077,13190
15806: 14396,14602,15231,15155,14892,15085
14399: 12815,12819,14037,14799,14256
13202: 13665,13634,15214,15001,14739,13935
13591: 12971,12877,14222,14187,12993,13182
14839: 15716,13396,12814,14568,13889,14312
14552: 15598,13488,13804,15721
13154: 15015,14005,15366,13139,13541,13260
14233: 14323,15544,14803,13189
15164: 13390,14230,15579,12915,13744
14318: 13416,13544,14444,15204
14261: 15478,14458,13813,14803
14565: 12855,13312,14777,14729,12844,14869
15319: 15729,14631,15667,15773,14608,14242
15770: 13650,15372,13911,13801,14567,13035
14530: 12995,14687,13618,13709,14049,13524
14371: 13103,13526,15063,14752,15075,13391
13664: 14105,14844,13173,13671,13175,14381
14168: 13803,14690,13259,14372,13641
14760: 14368,14393
15361: 13467,13734,14043,13572,14255,12817
14850: 13147,14781,13625,14281,14827,13503
14494: 13150,14636,12985,13501
15656: 13833,13652,14592,15664,15732,15050
14832: 14675,14942,15557,13587,15623,13680
14761: 15465,12880,15747,14120,13893,13115,14070
14639: 13135,12967,14652
15110: 13026,13530,13077,14325,13623,15295
14435: 15449,13011,14320,15333,15499
15475: 13331,14221,12988,13649,15076
15034: 13831,13902,13538,14103,13723,15491
13409: 13393,14628,15379,15622,15083
13713: 13361,13478,13920,15092,13220,14577,15508
14762: 15456,15409,15474,14928,15263,12877
15493: 
15234: 
15481: 13788,14665,14174,15407,14473,14169
13749: 14106,15642,13375,14386,14765
13027: 15041,14085,14935,15573,14822,14802
13970: 13380,15542,13118
13011: 15451,15648,14320,14457,15333,14435
13819: 14735,13131,13758,14375
15342: 14738,14001,12837,13449,13226,13969
13443: 14395,14202,14216,14090,12871,12848
14115: 15044,13953,14535,14987,13621,15633
13725: 13253,15687,15745,15500
15325: 12897
15334: 14114,15208,15602,15327
15166: 13609
14551: 13480,15195,13282,14848,12866,13974
14216: 13443,14395,14202,13895,14604,15543
15692: 13890,14650,15197,13973,15233
15109: 13049,15797,12841,13500,15351,13757
14819: 13461,13159,13695,14036,13402,13322
14360: 13119,15619,13521
13613: 13681,14866,15265,15559,13456,13789
15270: 15643,13736,14644,13673,12948,12816
14026: 13012,14475,13395,15075,13391,14655
15286: 15640,12822,13473,15365,13206,14587
15056: 14195,14351,15014,15376,13596
15404: 12857,15123,13984,14923,14082
14162: 14106,15642,14491,13927,15377,15405
15500: 15132,13494,15745,13725
12959: 13527,13558,14767
15426: 15673,14159
13902: 13831,13538,15034,15126,14017,13485
13682: 14397,15136
13694: 
13572: 12990,14255,15361,12817,14016,14274
14293: 14657,12852,13259,13564,14284
14505: 13429,12983,14366,15362,14112,14045
13336: 13660,14108,15512,13037
14209: 14369,14883,13539,14593,14302,14545
13947: 14480,15184,12832,15186,14537
12869: 15515,15188,15512,13186,15799,13515
14321: 13659,15508,13691,13771,13620
14377: 15059,14099
14547: 14035,13523
14114: 15208,15334,14687,13709
15249: 13589,14542,13081,14302,15180,15024
14596: 15097,13556,12854,14966,14015,15335
14504: 13952,15486,13197,13663,13945,14642
15594: 15020,15116,13401,14190
15228: 
12992: 15764,13677,14948,15673,15221
12940: 13192,15112,15802,15202,14793,14711
13521: 13138,14360,13119,13932
15422: 14238,13574,15454,13741,15751,14525
14644: 15270,13736,15372,15503,14450,12948
13824: 13645
13024: 15774,15516
15677: 12838,13823,14320,13662,14274
13869: 
15591: 13025,14776,13834,14571,14604,14202
15773: 14191,12954,13431,15667,15319,14608
15599: 13644
15133: 14900,15138,13588,14442
13239: 13684,13325,15026,15798,14355
14830: 15035,14008,13795,14911,13436,14917
15271: 15718,13888,12907,14248,12887,15440
15222: 15779,15795,12856,12958,14179,15645
13321: 15111,14966,15032,13303,15102,14015
14392: 15060,14776,13787,13551,14574,13281
15226: 14199,15175,14741,15541
13662: 15330,15574,14016,14274,12838,15677
14770: 13698,13747,13534,15247,14965
15765: 14545,15258,13355,13524,13539,14049
14894: 14167,12946,14243
13835: 15281,13913,15154,14515,13884
14668: 13883,12911,13449,13432,14454
14224: 13109,15711,15612,15553,14466
28658: 14416,15520,13941,13466
14953: 15487
14578: 14790,15609,13407,14676,13017,14812
15032: 13242,13155,15111,13321,13303
14896: 12912,13643,15748,13926,12930,13875
13167: 13197,13663,15174,13951,14895,14217
14484: 13881,13063,14213,14373,15784
15185: 14835,13116,13120,14012,13070
14054: 13340,13619,14845,12989,13526,12928
14837: 14617,14951,13129,14072
15504: 
13918: 13798,13166,15416,13636,14402,13537
13486: 15079,12966,13034,15306,14564
14500: 13072,13608,13607,15581,13415,14452
13127: 14912,14659,13265,14719,14124,15057
14525: 14277,13654,13064,15422,15454,13741
14219: 13639,14625,13006,15025,13243,15590
15040: 14415,14592,15664,14428,12828,12833
14284: 13525,15192,15253,14657,14293
13194: 
15478: 14261,14458,13496,15774,15516
15114: 14240,13484,12876
12904: 13398,15801,13348,15253,13525
13468: 
15119: 13023,14698,13198,15545,15124,15009
14713: 13833,13652,15715,15097,13014,13699
14569: 15397,14485,15189,12909,14221,15283
14852: 12950,15663,15239,13850,14946,13301
14385: 14880,15650,14595,13842,15141,14252
14442: 13588,12881,15133,12893
12914: 12964,13949,12829,13655,15480
14744: 14719,14308,15609,13407,13946,14736,13265
14680: 13463,15699
13388: 15715,14171,13149,14117,13008,13699
13296: 
15443: 13392,12976
14763: 13188,14508,15324,14279,15330,15104
13123: 14319,14407,12841,14470,13894,14745
13478: 13361,14364,14867,13713,15459,15092
14711: 15242,12940,15802,15202,14125
14130: 14083,15216,15705,15733,13988
14707: 15161,15452,13520,13334,13477,13359
14419: 
14074: 15693,15561,13480,15688,13435,13442
14634: 13840,15804,15255,15321,14426
15048: 15701,15344,13791
13494: 14064,14457,15333,15500
14443: 13445,13782,14354,15629,13291,13428
14895: 13546,13167,13951,14217,13870,14611
13797: 13738,15140,15364,13288,12881,14622
13169: 14678
14934: 14368,13170,15026
14314: 14375,14087
13324: 14281,14992,14827,15491,13831,15126,13916
14818: 14476,15771,12986,15173,15457
12846: 14177,14331,14335,14821
13892: 13646,14905,14135,13451,12870,15090
14660: 13178
14139: 14489,14212,14348,13554,14904,13378
14060: 14835,15668,15230
14870: 15363,15281,13913,14000,13687,14353
13072: 13608,14500,14005,13415,13230,13906
14821: 15753,15138,12846,14177
13419: 13398,15801,14614,14178,15718,12907
15023: 12827,15705,14922,15322,13882,14083
15313: 
15014: 14195,15056
13135: 12889,14639,13937,14548,12890
14816: 12816,13715,13145,15236,14535,14987
13587: 15137,15623,14832,15532,13445,13680
14177: 12846,14900,14821
14748: 12819,14037,13979,13372,13224
15511: 14131,12977,13047,13384,14364,14867
14531: 13585,14567,12880,15747,15695,13911
13009: 14231,13972,13083,14059,14497,13535
13632: 15614,15245,13768,13938,15148
13484: 12876,15114
12830: 15201,15415,13800,15131,15428,14653
15260: 15745,13232,13745,12968,14064
13249: 13838,15332,14652,14437
14141: 13205,15190,15101,13679,14062,15213
14887: 15685
13932: 15619,13521,14549,14581
15042: 13044,14743,14456,14916,14440,14653
14102: 13959,15306,12934,13319
14656: 14601,14970,14051,13394
12824: 15274,13400,13448,15586,13871
15328: 14474,14273,14424,15407,14169,15246
13961: 13825,14527,15473,14775,13577,13128
13633: 
15094: 14278,13222,15470
13146: 13041,13827,14075
13225: 14436,13777,13168,13020,14468,15121
14370: 12925,13221,13922,12897
12847: 15639,12862,14641,14828,14091,13767
14227: 14344,13260,13487,13541,13896,13270
12997: 14391,13384,13277,13915,13769,14266
13344: 15283,14055,14939,13420,12864,14907
14383: 15223,14871,15251,14820,12963,13246
13981: 13498,15177,13366,12955,14398,15318
13630: 14297,13877,15809,12962,15598,15721
13211: 13354,13298,15560
15029: 13473,13307,14080,13111,15049,14387
14884: 14589,13716,13597,14285,13816
13075: 
13734: 15361,13467,14043,13433,14973,13875
15790: 13158,14726
13766: 
13440: 14661,14544,14685,13978,15025,13243
14004: 
13571: 
13187: 13610,13039,15085,15722,13430,13629
13415: 15015,14005,13278,14452,13072,14500
14116: 13511,13188,14279,14447,14267,13185
15767: 14924,13684,15078,14355
13885: 14575,14047,15128,15742,14686,13646
14033: 13796
14710: 13647
14244: 14518,14886,14189,14046
14781: 13262,14850,13147,13625,13001,15240,13503
15155: 15806,15231,15390,15337,14892,14576
13578: 12891,15357,13369,15217,14176,14902
13992: 14747,14327,15259,14645,14407,13506
14667: 14280,14417,15618,14964,12860,14553
14592: 15040,15664,12833,15656,13833,13142
13817: 14153,13830,15610,14271,13276
15766: 13720,13358
15076: 15741,14330,14485,15475,12988
13210: 14441,15763,15189,12909,14475,14797
14492: 14294,15485,12875,14664,14519,14358
15288: 
14568: 13889,15552,12814,13872,14839
14025: 15403,14674,14271
14464: 
15637: 13472,15294,13111,28589,14418,15098
14023: 15788,14350,12955,13136,15720,13366
13133: 12947,14654,15401
14791: 14217,15768,13800,15131,13870,13470
12913: 14144,12834,12944,15489
14879: 13007,15349,13704,14092,13157,15093
15503: 13650,15372,15096,15654,13736,14644
13512: 14207,15149,14883,13539,12995,13524
15774: 15699,13496,13024,15478
13986: 13403,15107,15219,13430,13629,14750
15049: 14462,12894,14387,13472,13111,15029
15467: 12920,15244,15229,13573,15268,13437
14662: 15135,13680,14354,14942,13078,13292
14466: 14638,13836,14224,15672,15711,15553
15664: 14415,14592,15040,14315,15050,15656
14164: 13636,13069,15809,14402,12962,15257
14051: 14970,14656,14714
14437: 14652,13249
13652: 15656,13833,14713,15732,12854,15097
13944: 15137,15623,15529,14305,15613,13498
12868: 13256,13059,13903,15238,12831,13374
13203: 15297,14288,14833,12895,15219,13179
15638: 15037,13897
14865: 14862,13397,13519,13602,14874,15648
13067: 14082,14831,14498,15123,14941
14847: 12821,14734,14651,14052,13949
13360: 12829,13666,14052,15760,14356,13949
12882: 14602,15231,13950,15374,13172,13085
14618: 13482,15662,14237,14740,13976,15314
13990: 13311,14570,12988,13649,13413
14498: 14831,13067,14941,14028,14555,14701
14686: 15128,13885,15759,14129,13646
14150: 15647,15396,15236,15044,14987,14349
12894: 14462,15049,13472,13774,14220,15628
14281: 13324,13107,14992,14827,14850,13147
13354: 13211,13728,14516,13921
14396: 15806,14602,13039,15085,15099,13455
15321: 15684,13128,14527,15804,14634,13005
13094: 13290,14086,14071,12957,14228
13413: 14570,15151,13990
14746: 14153,14673,15156,14367,15425
13535: 13306,14524,14057,13083,13009,14497
14728: 13583,14529,12857
15629: 13291,14574,15762,14443,13248,13428
15066: 15203,13651,15777,13966,15302,15168
13042: 
13175: 14815,14703,14381,14844,13664,14998
13998: 13676
15220: 15096,14226,13115,14357,14877,14070,14842
15650: 14385,14019,13482,13497,15141
15394: 15444,13678,15630,14493,12874,15776
15096: 15220,14226,13650,15503,15654,14842
15036: 15167,15510,15061
15413: 13941,13074,14869,12844
13862: 14362,15635,14727,13314
15069: 13548,14801,15717,13457,13107,13147
13047: 14391,13384,14496,15712,14867,15511
15486: 13952,13765,14504,13270,15179,14642
13826: 15803,14448,15308
14163: 12867
13126: 
13637: 
13307: 15029,13473,14387,13780,14587,13502
13255: 14670,15634,15064
15391: 15038,14076,15246,13838
13017: 12927,13516,14812,14578,13407,15285,14736
13345: 15779,13236,15627,15172,13153,13349
14867: 13478,14364,15712,15459,13047,15511
13057: 14888,15769,13929,13925,13898,12828
14258: 13899,15461,13748,12917,14723,12916
13004: 15064,13382,15634,13912,15636
15728: 15421,15068
15248: 
15407: 13788,15481,15296,14474,15328,14169
15424: 13244
14213: 15169,14373,13403,12949,15784,14484
13939: 12982,13250,14787,13161,15252,13805
12921: 13628,13082,13368,14756
15337: 15355,14699,14892,15390,13854,15155
14460: 13096,14671,14346,14108,12937
15717: 15069,13548,13737,13147,13625,14410
15491: 13324,14992,13723,14782,13124,13831,15034
13507: 13421,14610,15091,14165,15134,15160
14495: 15418
15431: 15647,15396,15547,13452,13550,13848
14053: 13517,14374,13196,14955
13510: 12903,15764,14607,13214
15693: 14074,15561,15129,13883,14796,15688
13570: 15293,13279,14695,14094,15359,14235
14715: 14430,13234,14958,13675
15741: 15076,14330,15726,14784,14411
13177: 15347,13122,15057,15584,13035,13528
14512: 13612,15641,14563,14757
15571: 14808,13190,15674,13763,14235,15678
12832: 15186,15780,15074,13947
13537: 15498,14254,14402,13798,13918,13492
12835: 14899,15775,14993,15680,14409,15471
14457: 14064,13494,15333,14874,13011,15648
14930: 14109,13761,13058,14733,15657,12883
15235: 
13635: 14991,14721,13241,14594,14181,13948
28659: 28681,13334,13359,13779,14306
13406: 15304,15686,13032,15708,14915
13964: 12998,14963,14802,14995,12908,13343
13366: 13136,13605,13981,15177,14023,12955
13737: 15654,13548,15717,15643,13736,14410
15135: 14662,14354,13078,13428,14952,15081
15681: 
15147: 14793,15343,14262,14165,14160
13068: 
15585: 14914,15233,13973,14414,13218,15045
15719: 15385,15732,12854,13379,15111,14966
13709: 14687,14530,14049,14114,15208,13285
14716: 14897
13268: 14417,15618,15389,14266,14131,14682
13678: 15394,15444,13501,15731,13957,15776
15280: 14730,14403,13967,13960,15171
14797: 13012,14475,15275,13210,12909,14055
13966: 13392,15302,15066,15168
15539: 15446,13791,13559,15701,15284,13676
14090: 15595,13834,14086,12871,13443,14202
14455: 14180,14203,15211,14488,14007
12986: 15173,14523,14804,15519,14818
13084: 15264
14086: 13290,13094,14071,12871,15595,14090
13019: 15292,13346,13584,13806,14558
13810: 14218,14006,14533,15105,14322,14585
13032: 15536,14303,15708,14915,13299,13406
15247: 12974,14843,15682,14965,13698,14770
14210: 14608,13808,13381,14242,15433,15739
13195: 14183,13302,15517,12996,13370
13138: 13521,12834
14901: 13837,13609,14824
13101: 15171,15221,13967,14159
15295: 13339,14584,14706,13623,13026,15110
12930: 14973,13875,12916,14817,13926,14896
14297: 15327,13877,13630,15602,15809,14196
14408: 13481,15596,13568,15142,14737
15035: 14008,14830,13795,14947,13742
13697: 13985
14382: 14646,13438,28677,13238,15043,14833
13103: 14371,13526,12928,15063
15353: 14537,13387
13012: 14475,14026,14797,15275,13395,13807
14251: 14965,13909,13639,14625,15682,15091
15350: 13363,14688,15660,15117,13201,12910
13305: 14291,13462,14577,13659
13543: 14340,14785,13003
13340: 14054,13619,12928
14652: 14437,12967,14639,13249
13051: 15141,15660,14616,15534,14252,14688
13445: 15532,13782,14443,13587,13680,14354
13901: 14482,13464,15191,14034
15612: 13454,15553,14224,14098,14193,13874
15718: 15271,12907,14248,13419,15801,13878
13140: 15787,13871,15446,13559,14991,13241
15520: 14416,28658,13723,13466,14103
14671: 14460,13096,12937,13079
14936: 15490,13315,13289,15458,15432,15087
13218: 14338,13491,14414,15585,15045,15760
15620: 14069,14359
15398: 13722,14398,15788,15072,12955,14152
14871: 14257,15251,15589,14383,14820,15193
14329: 13933,15028,15198,12840,15686,15346
15593: 12965,14401
13332: 13330,13829
13469: 14619
14424: 15328,14273,15246,14741,15144
14056: 12827,12919,13882
14769: 12920,15386,13237,13400,14599,13669,14343
15667: 14803,13189,15319,14631,15773,13431
13410: 14132,15479,13091,14257,15251,13504
14649: 
14886: 14244,14518,15756,13348,14742
14758: 15573,15352,13207,14021,14995,13208
14340: 13543,14785,12863,15545,13198
13580: 13796
15540: 14846,14270,13465
13679: 14267,14062,13185,13919,14141,15101
12899: 15290,15554,13418,13114,14048,13151
14691: 13527
13701: 14983,14084,12925,13733,14214
15384: 15490,13379,13043,13015,15088,15385
13556: 15097,13014,14596,14160,15112,15335
12963: 15712,13246,15459,14383,14820,13891
13843: 14861,15430,15196,15103
15444: 15394,13678,13224,15614,12874,15731
13411: 
14519: 15146,14024,14358,13252,14492,14664
15072: 15788,13065,15398,13460,13696,14152
13621: 13953,14115,15633,13046,15651,12943
13816: 13458,14884,13597,14285
13827: 14949,13146,13329,15011
15290: 13915,15389,13769,12899,15554,14048
14690: 13803,14352,14168,12852,15435,15077
14243: 12946,14894,15794
13481: 15596,14408,14907,13568,14939,13174
14031: 13373,14735,14989
14996: 14538,12965
13353: 13886,13540,13692,13302,15517
13178: 14660
12875: 14492,15485,14358,15437,13156,14977
15329: 13669,14343,13365,13821,13815,13934
15256: 15378,13029,15524,14307,14295
14032: 13375,13342,15401,12826
15085: 13039,13187,14892,15722,14396,15806
13791: 15539,13559,15701,15048,15344,14030
13395: 13012,14026,14655,15607,13807,14811,15080
14672: 13352,14143,13677,13362,14423
13563: 15679,15513,15021
12858: 
13965: 15791,15264
14183: 13195,13302,13846,13117,12996,14432
13747: 13698,14770,13534,14579,15758,13685
15542: 15671,13380,13970
12912: 13643,13919,14896,15748,14447,13185
15352: 15573,14758,14822,14068,13207,14806
14645: 14840,13569,14745,14407,13992,14327
14726: 15457,14476,13158,13221,15790
14012: 13176,13780,13116,15185,13070
13198: 15119,14698,14340,15545
13444: 15104,13976,15314,14508,14472,13030
15611: 15616,13811,15138,13588,13887
28680: 28678,28675,13160,14157,28679,15772,15567,14310,14238
13396: 14839,15716,14969,14097,14312,14481
14199: 15226,15144,14296,15541,13830,14674
13245: 13880,14612,14089
14537: 15353,13947,15184
14714: 15604,14051
13079: 15187,14671,15754,15070
15445: 
15781: 13264,14861,14517
13575: 13988,15605,14823,13377
13291: 15629,14574,13782,14443,13693,13551
13887: 15046,14521,13288,15616,15611,13738
13538: 13902,15034,14017,14103
15317: 13237,13815,14751,13956,13448
14557: 13088,13164,14679,14337,14703,14381
14857: 13589,14542,13355,13293,14003,14376
14514: 13453,13818,13219,13257,14342
14006: 14218,13810,15734,14533,15316,15810
13231: 14298,13389,13433,13899,15461,13566
14991: 13635,13241,13559,14030,14181,13140
15192: 13525,14284,13878,14657,15357,13369
14125: 14717,14241,15802,14711
15196: 15430,14889,13152,13843,14861
14471: 15494,13209,14234,15082,13735,13614
14011: 13778,13326,14931,13711
14778: 15708,14590,15579,14230
15065: 14487,14774,13860,13217,14732,15465
15399: 14794,13247,13333,14431,13240
13460: 15651,13696,14044,15072,14152,15714
14395: 13443,14216,13304,12848,15543,13180
14196: 13069,15809,15602,13802,12861,14297
13925: 14888,13057,13739,14899,14428,12828
15700: 15102,13073,15058,14975,14693,13794
13985: 13697
13125: 13346,15007,14088,14107,12923
14702: 14980,14438,15055,13752,13002,15003
14614: 14513,14178,15047,13398,13419
15267: 13640,15181
14285: 14113,14388,14884,13816
13565: 13773,13569,14327,15116
14194: 14099
15736: 13955,15698,13470,14182,15051,14232
15508: 13659,14321,13361,13713,14577,13771
12954: 14191,15773,13431,15453,15653
13449: 15342,14738,12837,14222,14668,12911
15687: 13253,13725,14909,14789
14215: 14388,14853,13620,14669
13014: 15097,13556,14713,14262,14160,13699
14122: 15466
15600: 14333,28681,12919,14306
14296: 15038,15144,14199,15403,14674
13038: 13295
13738: 13797,15140,13288,14521,13887,14935
13519: 14862,14865,15152,14859,15451,15648
14842: 15654,13548,14801,15220,15096,14357,14877
15551: 13617,13168,13304,15215,14225,14436
14595: 13842,14789,14385,15052,14829,14252
15469: 14851
13479: 13879,14708,15340,13605,15613,15177
14231: 13972,13009,14059,13899,13748,13566
15459: 12963,15712,13891,15092,13478,14867
14928: 13420,12864,15263,13331,14762,15474
13159: 14819,13461,14560,15010,15749,14036
14841: 
15043: 12823,14834,28677,14382,14288,14833
13499: 
14806: 13207,13263,14068,14137,14546,15352
14433: 13661,13015,14898,13227,13626,15360
15707: 13846,14449,13971
15170: 15194,14632
28589: 12931,13567,15016,14418,15294,15637
15118: 
15231: 15806,14602,15155,12882,14576,13950
14948: 12992,15764,15673,14798,12903
15618: 14417,13268,15389,14964,15450,14667
13527: 14691,13558,12959
13295: 13038
13623: 14811,15080,13077,15110,13339,15295
14062: 13679,14267,14141,14206,14613,15213
13769: 15290,13915,15658,15554,12997,13277
14725: 
14616: 15141,13051,15660,15502,13497,13029
14522: 14502,14766,15086,14109,13857
14959: 
15377: 14337,15405,13927,13335,14679,14162
13191: 14856,14986,13776,13864
15554: 15658,14773,13418,15290,13769,12899
13380: 13970,15542,14983,14084
14175: 14931,13251,14784
15052: 14595,14789,14829,14192
12817: 15324,15472,15361,13467,13572,14016
13581: 15175,14301
13050: 15227,15331,13698,15750,14579
13857: 14109,13761,14022,12961,15086,14522
15709: 14513,14178,15074,15742,14047
14807: 
15208: 14114,15602,15334,13709,12861,13285
13868: 15084,14187,13174,12993,15597,13310
13569: 14955,14840,14645,13565,14327
14503: 13212,15402,14093,15176
15205: 15348,15522,12884,14155,14511,14944
15527: 14858,15257,13492,15239,13233,12950
13099: 14347,14550,14292,15617,13517,13341
14013: 14646,13438,13841,13832,13854,14699
14817: 12994,13858,13926,14723,12930,12916
14218: 13810,14006,15734,14585,14994,13954
13237: 15317,13815,13400,13448,14343,14769
15428: 14440,14653,13732,15201,12830,13018
15366: 13977,12951,13139,13541,13631,13154
13342: 15401,14032,12826
14843: 12974,13756,15247,14095,15298,15682
15523: 14910,14029,14286,14533,13867,15316
15236: 13715,14816,14987,14968,14349,14150
15214: 13202,13665,13935,14676,14812,13184
15744: 13688,15529,13338,12818,15557
15241: 14633,13221,15008,12897
14095: 13095,15810,13576,15298,13756,14843
14918: 13779,14188,14540,13325,15538
15037: 15638
15386: 12920,14769,15229,13669,14343,13356
14232: 15051,13611,15131,15736,13470,15415
14287: 15375,12859,14638,14421,15589,15193
13677: 12992,15764,15221,13362,14672,14607
15742: 15128,14480,15709,13885
15333: 14457,13494,13011,14435,15132
14394: 14413,13978,13576,14976,14326,14286,13095
13447: 
13554: 12931,13567,14904,14139,15277,13378
13233: 15527,13492,14254,12950,15800,14836
13464: 13901,14482,13446,15191
13655: 12829,12914,15497,14253
13029: 15256,15378,15502,15660,14616,13363
13624: 13693,13787,14152,15714,13551,13722
15169: 14978,14213,13129,12845,12949
15210: 12923,14506,15262
14573: 14502,13812,15139,14200,15374,12936
15705: 13490,15733,15322,14130,14083,15023
15740: 14445,14510,14921
15615: 15592,12984,15713,14706,14430,13234
12917: 15172,13153,13060,14723,14258,13748
13542: 13845,15789,13928,15510
13530: 13026,15110,13675,14325
14107: 14088,14138,13125,12923
15652: 13013,12818,15212,14675,15563
15661: 13657
14118: 14459
15314: 13444,13976,14618,15662,14472,14779
15528: 
13604: 14732,15514,14120,15165,12855,14705
13767: 14363,14091,13638,14572,12847,14828
13653: 15743
13208: 14913,15455,14758,15530,13207,14021
14804: 15649,13269,12986
13561: 13229,14849,15071,13313
14574: 15629,13291,15762,13551,14392,13281
14402: 14164,13636,13918,15257,13492,13537
15763: 14441,13163,14752,13210,14598,12989,15189
13427: 
14269: 13136,13605,14123,15535,15340,14603
15805: 15430,15533,13152,14905,15090,14180
13403: 12949,13986,14213,14750,15784
15567: 14036,14310,15495,13402,15400,28675,28680
15701: 15048,13676,15539,13791
14643: 13942,12866,13974,13935,14676,14790
15587: 14020,13907
13683: 14499,13615,15696
14077: 
15778: 15477
28678: 28675,13160,28680,14157,28679,14310,14238,15454
13196: 14374,15143,14053
13735: 14571,13614,15082,13025,13908,14471
13348: 15047,14886,14742,12904
14935: 15041,13027,13738,15140,14521,14822
14775: 13577,13961,12918,14553,13128
13387: 15353
14635: 14753,13785,14597,15006
14648: 
15216: 14130,14083,15161,15452
15675: 13540,15154,15113,14039,15281
14732: 13604,14120,15165,13217,15065,15465
15429: 15796
15046: 14068,14521,13887,15616,14546
12865: 14468,15121,13157,15289,15130,15004
14753: 14635,13785,13045,14878,14499,13615
14982: 14204,13924,14663,13446,14282,14482
13182: 14454,15410,12993,13591,14222,14536
14456: 14344,13487,13828,13044,15042,14916
14759: 13462,15061,15167,14236
13271: 13435,15387,15558,13946,13282,15345
13334: 14333,28659,28681,14707,15452,13359
14771: 13597,14809,14890,14589,13212
12920: 15244,14769,15229,15467,15386,14599
14599: 15274,13400,15782,12920,15244,14769
12825: 15346,14532,13933,14984,13876
13060: 12917,15172,12898,14926,13972,13748
12892: 12900,15568,13278,13166,15416,14452
14345: 
14316: 15631
12906: 12973,14349,15647,13452,14605,12951
14263: 13928,14990,12859,15703,13590,14149
14767: 12959,12942
14729: 12855,14565,15514,14869,12926,15555
13568: 13481,14408,15275,14939,13807,15142
14739: 13055,12896,15001,13202,13942,13935
14174: 14665,15481,13143,15622,13376,14473
14570: 14411,13990,13413
15294: 13472,15637,13774,28589,13567,15793
14279: 15324,15472,14447,14116,13188,14763
15093: 15004,13148,14795,13157,13007,14879
12907: 15718,15271,14178,13419,14047,15440
12833: 13898,14624,12828,14592,15040,13142
14738: 15342,14001,13449,12971,14222
15547: 15431,15396,13550,13863,15494,13209
13636: 14164,15580,13069,14402,13166,13918
14849: 15033,13622,15783,14764,13561
13700: 12934,15320,13690,12888,13959
14366: 14975,13303,15362,13242,13429,14505
12975: 15480
13287: 13994,13063,14755,15163
13498: 15613,13981,15177,15137,13944,15318
13875: 14973,12930,13467,13734,14896,15748
15799: 14058,13386,14772,12869,15188,13515
13152: 15759,14889,14905,15430,15196,15805
15784: 14378,14750,13403,14213,14484,13881
15060: 13025,13908,14933,14776,14392,13787
14353: 14030,15344,15448,14000,14870,15363
13394: 13276,13754,14601,14656
14670: 13255
12860: 12918,14553,14249,14280,14667,14809
14695: 15293,13570,15359,13764,15582
15259: 13992,14319,14407,14692,15269,13506
12819: 14748,13372,14856,15619,14799,14399
13448: 12824,13400,13703,13237,15317
12836: 13546,13180,13617,15159,13593,14611
12966: 13486,15079,13034,13229,14270
13681: 13613,15152,14866,12873,13789,15157
15411: 14727
13560: 14207,14379,12995,13618
13171: 15200,12922,13753,13866,12927,13184
15103: 12878,13843,15430
12902: 15531,13960,14439,13777,13996,13923
13855: 14701,14061,13086
15356: 14198,13439,14751,13809,13956
14811: 13807,15142,13623,15080,13395,13339
14553: 12918,12860,14964,14775,14667
15283: 14055,13344,14569,12909,13420
15757: 12848,15215,14071,12871,12884,12978
13331: 15475,14221,13649,13420,14928,15474
14020: 13907,15587
14334: 13579
15514: 13604,14120,13893,12855,14729,15555
13863: 15044,13953,15273,15396,15547,15494
15670: 15412,13528,14724,12980,14450,13035,13801
15382: 13223,14647
13907: 15727,14020,15587
14968: 12973,14349,13001,13715,15236,15017
12956: 14543,14094,15261,14384
13878: 13525,15192,15801,15718,14248,15357
15292: 13346,13019,13806,15640,13206,14264
15651: 13460,13696,14044,13046,13621,12943
13658: 14825,14465,14566,14958
14633: 15241,15457,14559,15008
15354: 14378,14860,13852,15191,14943
14940: 
15708: 14778,14590,15536,13032,13406
14803: 15667,13189,14261,13813,14233,14631
13599: 15059,15206,14400
15375: 14287,12859,15703,14421,15122,15506
13355: 14545,15258,15765,14857,14542,13293
12859: 14287,15375,15703,13590,15193,14263
14145: 14422
14127: 14277,13064,13134,14496,14391,13277
15480: 12964,12914,12975
13882: 14922,14056,15023
14133: 15171,13183,14439,15209,14078,14423
13002: 15371,15003,14980,14702,15419
13028: 
13141: 15000,15364,15669,14622
12968: 13745,13112,14490,13441,14064,15260
13035: 15584,14567,13177,15770,13801,15670,13528
14152: 13624,15714,15072,13722,15398,13460
12926: 13074,14869,13903,14729,15555,13059
12973: 14968,12906,14349,15017,15024,14605
13698: 13747,14770,12974,15247,13050,15331,14579
12982: 15463,13250,13939,12985,13161,13150
15699: 13496,15774,14680,15669
13716: 14884,14853,14967,14388
13851: 
14558: 13806,14488,12878,13584,13019
13916: 14369,14883,15126,13324,14827,15149
14188: 13779,14918,14306,15538
14169: 14473,14076,15246,15481,15407,15328
14526: 
15015: 14005,13415,13154,13139,13278,13093
13906: 15680,13286,13230,13828,13072,13608
14046: 14864,14189,13545,14244
14493: 15630,14954,14534,12874,14067,15394
14508: 13300,13188,14763,15104,13444,13030
15028: 14329,13933,15198,13390,13474,15406
14426: 13357,15255,14634,15402,13005
14507: 15468,14872,15207,14831,15522,14555
14423: 13362,14078,13872,13183,14133,14672
15691: 14564,15254,15079,15232
15405: 14337,15377,15307,14162,14491,14050
15436: 
14655: 14066,13391,14446,14026,13395,15607
15107: 15646,15272,15297,15219,12949,13986
13040: 12983,13603,13023,15124,13216,13786
13284: 14483
14420: 
14084: 14983,13701,13380,14214
13489: 14556,15482,13531,14250,14681,13825
15516: 13294,13024,15478
14161: 14683,14580,13053,13864
15596: 13481,14408,13174,13822,14737,15597
15090: 14180,14203,14905,13892,13451,15805
15463: 12982,13250,13150,13397,13602
13288: 13588,12881,13797,13738,13887
15754: 13223,14647,15470,15070,13079
15714: 13624,13787,14152,13460,14044,14933
14925: 15287,12857,14923
14799: 15619,12819,14399,14256,14549
15808: 15373
15583: 15373,15496
14061: 14701,13855,14014
15622: 15083,13376,14628,13143,14174,13409
15389: 15290,13915,14266,14048,13268,15618,15450
13528: 15670,15412,13035,15347,13177,13801
12957: 13248,14952,15367,15468,13290,13094,14228
14782: 12831,13457,13124,13107,14992,15491
14681: 14250,15150,13489,14684,13577,13825
13376: 15622,15083,14174,14473,14290
13648: 13802,13293,14283,14376,15568,15580
13531: 13489,14556,15482,13317,14294,14664
13401: 15641,14999,13773,15594
15081: 14952,15367,15135,13078,15785,14872
13461: 14819,14560,13159,15627,13695,13349
13276: 13394,15156,14271,13817
14815: 13175,14703,15307,15625,15323,14998
13408: 
15653: 13706,13799,15453,14191,12954,13532
15129: 15693,15561,14796,13894,13412,14470
14509: 15633,13518,13046,13673,12948,12980,14450
15471: 14409,14119,13227,12835,15775,14126
13711: 14845,14598,15566,14011,13326
14375: 14314,13131,13819
14098: 13109,12826,13874,15612
14373: 14978,14213,13417,14484
13207: 15530,13263,14806,15352,14758,13208
13922: 12925,14370
15686: 15304,13406,14590,14329,15198,12840
13977: 15366,14605,12951,13139,13081,15464
14124: 13585,15584,14719,15278,13127,15057
15733: 15705,13490,13010,14130
12884: 15205,15348,14228,14071,15757,14511,12978
13547: 15033,13622,15460,14597,15242
14975: 14366,13303,15362,15700,15102,13794
13156: 15437,14307,14295,14977,12875,13651
14282: 13446,13455,14528,15099,14982,14663
14393: 15798,15026,14760
13045: 13257,14342,14878,14717,15006,14753
14450: 15670,12980,15372,13801,14644,14509,12948
14275: 15336,13459,14240
14404: 14632
14976: 14562,14326,13553,14910,14286,14394
12935: 13119
15689: 14875,14352,13190,15674
13777: 13996,13225,12902,14468,13923
14854: 15466,15811,15549
14325: 13077,13275,13530,15110
14549: 14256,14799,13932,14581
14502: 14573,13812,14766,14522,15139,15086
13815: 13237,15317,13956,13821,14343,15329
15063: 13103,14371,14066,13391
14344: 13230,13260,14227,13487,14456,13828
13929: 15769,13057,13483,13898,13743,14661
15560: 15359,13763,13211,13728
13728: 13354,15674,15560,13763
12905: 15005,14722,15495,15772,13205,15101
13740: 12922,13753,14572,15713,14465,14566
15017: 15240,15180,15024,13001,14968,12973
14417: 13268,15618,14682,14964,14280,15158,14667
14305: 15529,13338,15269,14708,15613,13944
14478: 13958
13228: 
13018: 14888,15769,15428,13732,15201,15492
14201: 15730
14965: 14251,13909,13273,15682,15247,14770
15635: 14362,13862,14627,13859,13509
14679: 13335,14104,13088,14557,14337,15377
15301: 15122,15506,15266,15789
14727: 13314,15411,13862
15419: 14606,15197,14994,13002,15371
15659: 15406,13768,14038,14683,13938
14631: 15319,15729,14962,13813,15667,14803
14653: 15428,14440,14743,15042,13800,12830
14071: 14086,13094,12871,12884,14228,15757
14992: 13324,13107,14281,15491,14782,13124,13831
13742: 15418,14947,15035,14008
28675: 28678,28680,14157,15772,15567,14310,15495
14439: 12902,13960,15171,14133,15209,13923
12820: 13031,13313,13785,14623
13974: 13942,12866,14643,14848,15195,14551
15068: 13844,15728
14432: 14951,12845,14183,13846,12996,15272
15788: 14023,13065,14350,15072,12955,15398
13144: 14742,14075,15253,15756,13564
14627: 15635
15026: 13170,13239,15798,14393,14934
15311: 14137,14960,13021,13263,13297,13272
15251: 14871,14257,13410,15223,13504,14383
14548: 13204,13937,15724,13924,12889,13135
13206: 14264,13116,13120,15640,15286,15292,14587
14058: 15793,13386,15799,15277,14390,15188
15810: 13095,15316,14095,14006,15734,13756
14705: 12855,14777,14641,14828,15165,13604
13304: 12848,15215,14395,13180,15551,13617
14917: 14924,14008,14830,13930
14298: 13789,13231,13389,13982,15265,13566
13870: 13955,13470,14611,14895,14217,14791
14441: 14752,15763,13210,15075,14475
14363: 15165,15608,13217,13767,13638,14828
13465: 15540,13772,13071
14407: 14319,13123,14745,14645,13992,15259
14312: 14481,15055,14839,13396,13889
15137: 13587,15623,13944,13498,15318,15532
13579: 14334
14271: 14025,14674,13830,13817,13276
13659: 15508,14321,14577,14291,13620,13305
13318: 13137
15016: 14176,13667,12931,14902,28589,14418
12934: 15320,13685,13700,14876,14102,13319
15287: 14925,15738,15145
14793: 15202,15147,14160,12940,15112
14872: 15468,14507,15207,15785,15367,15081
13109: 14224,14098,13375,15711,14765
14612: 13880,13245
14546: 14137,14960,15616,13760,15046,14806
14752: 14441,15763,15075,12989,14371,13526
13550: 15431,15547,13209,13848,15179,13765
15084: 13868,14187,13174,12864,15263,14907
15074: 14480,12832,14513,15709
14170: 13514,13010,15679
13298: 13211,14081
14866: 13613,13681,15152,15559,15737,14862
13261: 15507,14920
14029: 15523,14910,13007,15434,14795,13867
13995: 14482,14272,12970
15513: 13912,15021,15636,13563,14855
14876: 14929,12934,13066,13319
15123: 15404,14185,14923,14082,13067
15269: 13338,14305,13506,15259,14692,14708
14780: 13776,14986
14897: 14716,13022
14220: 13987,15628,14317,14462,12894,13061
14421: 14638,13454,15553,15122,14287,15375
13089: 15576,14361,13404,15505,14927,14273
13430: 15219,15722,13179,13629,13986,13187
14035: 14547,12915,13744
13795: 15035,14830,15550,13520,13477
14589: 14884,14249,14771,13597,14809
13950: 13437,14576,14200,15231,12882,15374
15250: 13053,14038,12842,14683
13016: 
14357: 15220,14877,13256,13374,14842,14801
13491: 13218,14338,13066,15760,14356
14272: 14538,14204,13995,14482,13204
15154: 13540,15675,13835,15281,13692,13884
14462: 15049,12894,14387,14220,12924,13061
13941: 13074,15413,13466,28658
15786: 13886,14863
14777: 12855,13312,14565,14705,14641,13076
14085: 15041,13027,14147,13656,12998,14802
14674: 15403,14025,14271,14199,14296,13830
13982: 15054,13320,15265,14059,13566,14298
13669: 14343,15329,13365,13356,14769,15386
13945: 13044,14743,14642,14504,13663,15768
13232: 15745,15260,13745,13829
12925: 13495,14370,13922,13701
15101: 14141,13205,15005,12905,13919,13679
12952: 
13695: 12994,13858,13349,14819,13461,13322
12987: 15603,14751,13703,13100,13439
15397: 14569,14485,15189,13778,13326,13163
15153: 
13130: 
13485: 14207,14379,15149,13902,15126,14017
14810: 12826,13874
14365: 14323,15690,15606
13441: 14490,13602,14874,12968,14064
15668: 15007,14264,13120,14060
14103: 13538,15034,15520,13723
13627: 15201,15415,13611,14477,15492,14434
13642: 15326
13071: 12991,13465
14016: 13662,15330,14274,13572,15324,12817
14629: 14245,14997,13385,15777,13840
14294: 14492,15485,14664,15482,13531,13347
14978: 15169,14373,13129,13417,14072
13888: 15271,14248,12887,12891,13522,14805
13256: 15395,13059,12868,14357,14877,13374
14542: 14857,15249,13589,14302,14545,13355
15564: 15130,15209,12814,15289,14078,15716
14238: 15422,13574,15454,13598,14310,28678,28680,28679
13129: 14951,12845,14837,14978,15169,14072
13425: 
13513: 14697,13385,13347,14527,15473,15804
13081: 15249,13589,15464,15024,13977,14605
15127: 14304
12879: 13272,13280,14057,13297,14520,13784
15038: 15391,14296,15332,15403
15179: 13896,13848,13270,13550,13765,15486
14444: 15338,14318,13416,12960,14001
15803: 14919,13826
13315: 15490,14936,15182,13043,14689,15458
13229: 14270,13561,15071,12966,13034
13405: 13105
14187: 15084,13868,12993,15263,13591,12877
15242: 14597,14711,15202,15460,13547
14951: 14432,13129,12845,13846,14617,14837
14888: 15769,13018,13057,13925,13732,13739
15100: 14341
12853: 13181,15303,13496,15669,14458
12852: 14657,14293,14690,12872,15435
13102: 
13879: 14692,13757,14708,13479,15351,15340
14440: 15428,14653,13732,15042,14916,12849
13005: 13212,15402,14890,15684,15321,14426
15312: 15423
14977: 14307,13156,14358,14463,13033,12875
14470: 13123,12841,15561,15129,13894,13049
14766: 14502,13812,14522,14109,12883,13788,14665
15759: 14129,14889,13152,14686,13646,14905
12927: 13017,13516,14812,13184,13171,15200,15285
13675: 13026,13530,14715,14430
15807: 
14132: 14311,15479,14050,15625,13410,13091
12841: 14319,13123,14470,13049,15109,13757
14093: 14503
13243: 15590,13149,13440,14544,15025,14219
12991: 13071,13720
13672: 13223
14607: 13352,15764,13677,13510,13214
13160: 28678,28680,14157,15454,13654,14773,12999
15574: 13662,15330,12838,15104,13976,14237
13241: 14991,13635,14594,13140,13871,15586
15440: 14575,14047,15271,12907,12887,14135
15566: 14367,15425,14461,14931,14845,13711
13431: 12954,15773,14412,15667,13189
13364: 13841,13832,15782,14594,15274,15586
13369: 13578,15357,15192,14657,15217,12872
13393: 15724,13409,14528,15379,14663
14117: 15590,13149,13388,13008,13421,14610
13467: 15361,13734,13875,15748,12817,15472
13968: 14882,15746
15012: 14148,14042,15309
15371: 13002,15003,15447,14788,15419,13890
13238: 13948,14515,28677,14721,14382,14646
14529: 13078,15785,13292,13984,13583,14728
14801: 14842,15069,13548,14357,13374,13457
13386: 14058,15793,15799,14772,13774,15628
14561: 14304
14203: 15090,14180,14455,13451,13670,15211
14255: 13572,12990,15157,12873,15361,14043
15401: 13342,13133,14032,15438
13720: 15766,12991
14838: 13058,14621,14259,14733
13501: 12815,15731,13678,13957,14636,14494
14193: 13874,13454,15612,15266
13853: 15095,14835,13254
15194: 15170
14389: 
13775: 14300
14005: 15015,13415,13154,13230,13260,13072
14409: 15471,14119,13608,13607,15680,12835
13000: 14824,15358,12821,15423
13975: 15792,15212,14677,13856,15525
15598: 13804,14552,15721,13630,12962,14858
13611: 15051,14232,14268,15415,13627,14434
13912: 15513,15636,15634,13004
14823: 15418,13575,15550,14947
14100: 14957
15458: 13674,14637,15432,15182,14936,13315
15621: 13750,15433,15735,13087,13258,14541
14677: 13612,13975,15792
15152: 13681,14866,14862,13519,15157,14859
13555: 13722,14398,15318,15532,13782,13693
15776: 13456,13957,15630,15394,13678,15054
13258: 13164,14541,13173,15621,15735,15115
13346: 15292,13019,15007,13125,14264
12871: 14086,14071,14090,13443,15757,12848
14326: 14976,13553,14591,14413,13978,14394
14836: 13661,14689,13233,14254,14898,15800
14091: 14825,14465,14572,15639,12847,13767
12995: 14530,13618,14207,13560,13512,13524
14138: 14088,14107,14694,13940,14937
13871: 13140,15787,13241,12824,15586
14795: 15093,13148,13007,14029,13867
13559: 15539,15446,13791,14030,13140,14991
14022: 12961,13792,13356,13097,15086,13857
14262: 13008,14165,14160,13699,13014,15147
14463: 13033,14472,13030,15146,14358,14977
15735: 13087,14179,15621,13258,15115,13533
12955: 14023,15788,13366,13981,14398,15398
15022: 
13786: 14749,15577,14626,13023,13040,13603
14075: 13144,13146,15756,13329,13564
13073: 15700,15102,14015,15058,13192,15802,15335
13741: 15422,15120,15751,13904,14277,14525
15710: 15644
15639: 12847,12862,14825,14091
14651: 14847,14914,15565,15045,14052
14563: 15641,14512
13806: 14558,14488,15640,14007,15292,13019
13457: 14782,12831,13374,15069,14801,13107
14348: 15217,12872,15435,14212,14139,14904
14641: 12847,12862,13076,14828,14777,14705
14166: 15798,14355
13872: 14078,14423,12814,14568,15552
13497: 15502,13482,15662,15650,15141,14616
15357: 12891,13578,13369,15192,13878,14248
14927: 15296,15657,15505,13089,14474,14273
15007: 13346,13125,14506,15668
13668: 13021,13601,13943,14950,13272,13280
14764: 15071,13475,13690,14849,15783,13959
13312: 14777,14565,12844,13076
14826: 
14155: 14028,14555,15205,15348,15522,14768,14944
13381: 14210,13808,15433,14104,13088,14541
14425: 13131,14112,14626,13603,15013
14157: 28678,28675,13160,28680,15772,15237,12999
13880: 14612,13245
12876: 13484,15114
13838: 13249,14076,12967,15391
13727: 14997,15168
13900: 13937,14538,12890,14401,12965
15535: 13500,15351,15340,14603,13595,14269
15442: 14601,15604,13251
15237: 13205,15190,14157,15772,12999,13781
15416: 13798,13166,13918,14452,12892,15581
15188: 12869,14390,14040,13186,14058,15799
14545: 15765,13355,14209,13539,14302,14542
13493: 15018,13562
13935: 13942,14643,14676,14739,13202,15214
15126: 13831,13902,13324,13485,15149,13916
15122: 15301,15506,13454,14421,15375
13370: 12996,15646,14834,13195,15517,14288
13997: 14331,14335,15218,15575
15121: 14468,12865,13157,13225,13020,14092
15606: 13931,13814,14365,15381
15202: 14793,15343,15460,12940,15242,14711
15106: 15225,14461,14792,14673,15425
14891: 15000
15758: 15380,14579,13747,13685,14929
13338: 13688,15529,14305,15269,15744,13506
14919: 15803
12870: 13522,14539,12887,14135,13892,13451
15098: 13586,14418,15368,14080,15637,13111
15499: 15132,14435,15449,14740,14880,14019
14473: 14076,14169,15481,14174,13376,14290
14030: 14353,14181,15344,13791,13559,15363,14991
15502: 15524,14779,13497,15662,14616,13029
13165: 
15633: 14509,13046,13673,14115,14535,13621
14571: 13735,15427,13614,14604,13025,15591
14582: 13684,13325,14540,14911,13436
13392: 13966,13200,15302,15812,15443
14983: 13701,14084,13380
13782: 15532,13445,14443,13555,13693,13291
12962: 14164,15809,13630,15598,14858,15257
15300: 
13962: 14755,13417,13063
13989: 
14176: 13667,14805,15016,12891,13578,14902
15446: 15539,13559,15284,15603,13140,15787
13474: 14038,13744,13390,15028
13339: 14584,15518,15295,15142,14811,13623
15536: 14096,14303,13032,15218,15708
14622: 15669,13141,15364,13797,15140
13352: 14672,14607,14143,15624
14885: 13963,15031,15008,15588
14089: 13070,14278,13245
14957: 14100
13590: 14820,13891,15193,12859,14263,14149
14202: 13443,14216,15591,13834,14090,14604
15609: 15345,14578,14790,13407,13946,14744
15517: 13195,13302,13353,12823,14834,13692,13370
15318: 14398,13555,13498,13981,15137,15532
15075: 14441,14752,14371,13391,14475,14026
13921: 14875,14195,14516,13354
13514: 14170,13010,15605
13614: 14571,13735,15427,14471,14234,15174,14588
15281: 14870,13835,13687,15675,15154
14459: 14118
15392: 
14147: 13181,15303,15041,14085,13656,14962
13617: 15551,13168,15159,13304,12836,13180
12880: 15465,14761,15747,15695,13860,14531
13864: 13372,14580,14161,13191,13979
15451: 13011,15648,14320,13519,13823,14859
13717: 13930
14041: 13704,13020,14092,15159,13593,15698
14190: 14757,15594,15020,13013,15792
15078: 15767,14924
14733: 15505,14259,13058,14838,14930,15657
12976: 13993,15443
14119: 14409,15471,13227,13626,13607,13110
13149: 13243,15590,14117,14544,14171,13388
13078: 14529,15785,13292,14662,15135,15081
14712: 15059
14693: 13219,13048,13794,15700,15058,14241
15782: 13841,13364,15274,14599,15244,15305
14731: 
15578: 
12881: 13288,13588,14442,15364,13797
13780: 13176,14012,14587,13307,13116,13502
13558: 13527,12959,14214
14158: 13897
15581: 14500,13607,13798,15416,14452,13110
15104: 13444,13976,15330,15574,14763,14508
14045: 14720,15632,14505,15362,13758,14112
15768: 14217,13800,14791,13663,13945,14743
13262: 14781,13625,14410,13001,13715,13145
15167: 15036,14759,14236
14265: 
15713: 12984,15615,13234,14566,13753,13740
12856: 15779,13236,15222,12958,15455,15067
14632: 15170,14404
13186: 14040,14666,13279,15515,12869,15188
15203: 15066,13651,15777,15437,14697,13385
13830: 15541,15610,14199,14674,14271,13817
13184: 12927,14812,13866,13665,15214,13171
15568: 12900,14376,12892,13648,15580,13166
14406: 
15168: 14997,15066,13966,13727
15417: 
13729: 15510
13274: 12943,15273,15082,14044,13908,14933
14831: 14082,13067,14498,14507,15207,14555
12861: 13802,14283,13285,15208,15602,14196
15797: 13049,15109,13442,15387,13193,13500
12854: 15732,15719,13652,14966,15097,14596
13573: 15305,15390,15244,15467,13437,14576
13813: 13181,14261,14458,14803,14631,14962
15793: 14058,13386,13567,15277,15294,13774
14207: 13485,13560,14379,13512,15149,12995
15010: 15115,13533,13671,14560,13159,15749
13328: 14559,15447,14788,13963,15008
14889: 15759,14129,13152,15393,15196
15676: 
14288: 15297,13203,14833,14834,15043,13370
13030: 14463,14472,13300,14508,13444,15146
13552: 
15082: 13274,15273,13908,15494,14471,13735
13091: 15120,15323,14132,15625,13410,13504
14347: 13099,14550,12837,12911
15263: 12864,14928,14762,15084,14187,12877
15569: 
15070: 15754,14136,13096,13079
13015: 13043,13661,14433,15360,15088,15384
13142: 15715,14171,14592,14624,12833,13833
14604: 14571,15427,15591,14202,14216,13895
13586: 15098,15368,14080,14205,15666,15365
14397: 13682,15143,13341
15802: 13192,12940,13073,15058,14125,14241,14711
15177: 15613,13498,13981,13479,13605,13366
13706: 14223,13799,13927,15653,13335,13532
15515: 12869,15512,13186,14543
14773: 15658,15554,13418,12999,13160,13654
15525: 13975,15738,13856
13253: 13725,15687,15132,14880,13842
13784: 13327,14926,14520,12879,14057,14497
15021: 15513,13563,13010,13490,14855
14073: 
12889: 13135,15724,13132,14548
14915: 15039,13299,13032,15304,13406,13936
15211: 14205,13670,14203,14455,12822,14007
13362: 14423,13183,15221,13677,14672
15470: 15754,13222,12850,15094
14845: 14598,13711,12989,14461,15566,14054,13619
14786: 14469,13796
13641: 15376,13596,14372,13803,14168
14386: 15438,14223,15642,13749
15548: 13424
14247: 14087,15013,15577,14626
14602: 14396,15806,15231,12882,13085,15099
13251: 14784,13754,15442,14175
15221: 13183,13101,12992,13677,13362
15556: 13242,13155,15087,13689,13216,13429
15347: 13177,13122,15720,14123,15412,13528
15696: 15408,13683,13615
13289: 15490,14936,13379,13155,15087,15111
13325: 13239,14582,14540,14918
15671: 15542,14619
15430: 15533,15196,15805,13152,13843,15103
12981: 
15769: 14888,13018,13057,13929,13483,15492
14687: 14530,13618,13709,14114
15809: 14164,13069,12962,14196,14297,13630
13500: 15535,15351,15109,15797,13193,13595
13584: 12878,14694,14558,14088,13019
14586: 
14069: 15620
14661: 13440,14544,13929,13483,14685,13743
13020: 14041,14092,13168,15159,13225,15121
14248: 15718,15271,13888,13878,12891,15357
14510: 15740
13257: 13045,14342,13219,14717,14241,14514
15360: 14126,14315,15088,13227,13015,14433
13884: 12823,13692,13835,15154,14515,28677
13033: 14463,14472,15524,14779,14307,14977
15368: 13586,14418,15098,14151,13667,15666
14418: 15098,15368,13667,15016,28589,15637
15047: 13348,14864,14614,13398
13834: 13281,15595,14090,15591,14776,14202
14964: 14684,15450,14417,15618,14667,14553
13779: 14188,14918,14306,28659,14540,13359
14182: 13052,15051,15736,15698,13704,15349
14037: 14748,13224,12815,14399,15731
14605: 13977,12951,15024,12973,12906,13081
13685: 12934,15320,13747,13534,15758
14254: 15498,13537,14898,13492,13233,14836
14479: 13752,15519,13889,14704,15055
14036: 15567,13402,14819,13159,15749,15400
13116: 13206,13120,13780,14012,14587,15185
13650: 15770,15372,15503,13911,15096,14226
15310: 
13509: 13859,14362,15635
13220: 13462,15061,14577,13920,13399,13713
14167: 14894,14583
15053: 
13183: 15171,15221,14133,13362,14423
13876: 14984,14067,14532,12825,13719,14534
13429: 12983,14505,13216,13242,15556,14366
14909: 15108,15687
15462: 13809,13956,13821,14658
12883: 15296,15657,14930,14109,14766,13788
12989: 14845,14598,14054,13526,14752,15763
15555: 15395,13059,14729,15514,13893,12926
13375: 14032,13749,13109,14765
13330: 13332,13829,14328
14311: 14132,15479,14050,14491,14276,15672
13703: 12987,15603,14751,15787,13448
14126: 15360,14315,15471,13227,15775,14415
15607: 13077,13275,14655,14446,13395,15080
14137: 15311,14960,14546,13263,14806
14447: 14279,15472,12912,15748,13185,14116
13913: 14870,13835,15363,14181,13948,14515
15720: 13136,14123,15347,15412,14023,14350
15679: 13563,14170
14814: 
15695: 12880,13686,13860,15278,13585,14531
15367: 14952,12957,15081,15468,14872
14430: 14715,13234,13026,13675,14706,15615
12943: 13274,15273,15651,14044,13953,13621
13811: 15616,15611,15753,13299,13760
14332: 
13145: 12816,13715,14816,15643,13262,14410
13306: 13535,14524,13719,14950,13280,14057
15207: 14872,14507,15785,13984,14082,14831
14534: 14493,14954,13876,14067,14524,13719
15409: 15456,14762,15338,12971,12877
14659: 13193,14912,13595,13127,13265,15558
13937: 13204,13900,14548,13135,12890
15067: 14913,15455,13327,12898,13236,12856
13432: 14454,15410,13883,14668,15195,15688
14467: 15261
13480: 15195,14551,13282,15688,14074,13435
13105: 13405
15275: 13012,14797,14055,14939,13807,13568
14584: 15723,13339,15518,15295,14706,15592
15172: 12917,13153,13060,12898,13236,13345
14378: 14750,15784,15354,13610,13881
15165: 14363,13217,14828,14705,14732,13604
13689: 15124,15009,13216,15432,15087,15556
13525: 14284,15192,13878,15253,15801,12904
13308: 14501
14123: 13136,14269,15720,14603,15347,13122
14636: 13150,14494,15737,13501,15559,13957
14482: 13995,13901,13464,14982,14204,14272
13532: 13335,14104,14191,13808,13706,15653
13157: 12865,15121,14092,14879,15093,15004
13335: 14679,14104,13532,13706,13927,15377
15245: 13224,15614,13632,13938,14580,13979
15395: 15555,13256,13059,13893,14877,14070
15673: 15426,14159,12992,14948
15274: 12824,13400,14599,15586,13364,15782
15379: 13085,14528,14628,13172,13393,13409
15030: 15073
13915: 15290,15389,13769,14266,12997
15197: 14606,13914,15419,15692,13973,13104
15753: 14821,15138,14096,14303,13811
14223: 13706,13799,13927,14386,15642
13158: 14002,14476,12941,14726,15790
12929: 14414,13104,15750,15380,14338
15678: 14040,14666,14808,15571,14235,15546
13110: 15498,13798,13607,15581,14119,13626
13100: 15284,12987,15603
15597: 13310,12896,15596,13868,13174,13822
14583: 14167
15680: 13906,13286,13608,14409,12835,14993
13108: 13439
12877: 13591,12971,15263,14762,15409,14187
14600: 14932
15627: 15779,15795,13345,13461,14560,13349
14776: 13025,15060,15591,14392,13281,13834
15476: 13244
13980: 
15795: 15779,15627,15222,14179,13533,14560
15184: 13947,14480,14537,12933,15128
14490: 13441,13250,15252,12968,13112
15518: 15723,13339,14584,15142,13121,14737
15711: 14276,15672,14765,14224,13109,14466
13327: 12898,14926,13784,14520,14913,15067
15339: 14134,15160,15134,13475
15097: 13014,13556,14596,12854,13652,14713
13054: 15755
14960: 15311,14137,14546,15039,13760,13021,13936
13582: 14754
14240: 15114,14275
13082: 13628,12885,12921,14621
15464: 13589,13081,13977,13139,14003,13093
14539: 13522,12870,14151,13451,13670,15666
15219: 13179,13430,13629,15297,13203,15107,13986
13783: 
14501: 13308
14208: 13746,13691,14853,14682,14967,14280,15158
13379: 15490,13289,15384,15385,15719,15111
13365: 13669,15329,13356,13934,13368,13792
14449: 15707,13657
15161: 14707,15452,13520,15216,13377
14156: 
13616: 
13037: 13515,15512,13036,14108,13336,14346
14875: 15689,13921,13596,14195,13803,14352
14658: 15462,13821,13934,14756
14946: 13003,13850,13471,13301,14852,14785
15811: 14854
15694: 15336
13466: 13941,13074,13903,14416,15520,15238,28658
13592: 
13391: 14066,14655,14371,15063,15075,14026
13639: 14219,14625,15590,13421,15091,14251
14724: 15670,15412,12980,13065,14350,13518
14180: 15090,14203,14455,15533,15805,14488
13404: 15505,14259,13089,15576
13909: 14965,14251,13273,15134,15091,14110
13193: 14659,13595,15387,15558,15797,13500
14932: 14600,15383
15080: 13807,14811,13623,13395,13077,15607
14400: 15683,13599
13046: 15633,14509,13518,15651,13696,13621
15144: 14199,14424,15246,14296
14611: 13593,13955,13870,13546,12836,14895
14413: 13978,13576,15025,14394,14326,13006
12842: 14038,13744,15250
13155: 13242,15087,15032,15556,13289,15111
14979: 
14987: 15044,14115,14535,14816,15236,14150
14362: 13862,15635,13509
12993: 13868,14187,13591,13310,14536,13182
15276: 14489,14212,15077,14808,13190
13807: 15142,14811,15080,13012,15275,13395,13568
15182: 15663,15800,14689,13674,15458,13315
15018: 13493,14154
15218: 14335,13997,15536
13845: 13542,15789,14184
15775: 12835,14899,15471,14126,14415,14428
13597: 14771,14884,14589,13816
15008: 14885,13328,15241,14633
14110: 13475,13690,12888,13909,13273,15134
13322: 14722,15414,14819,12994,13695,13402
14198: 15356,13439,13809
14908: 13053,13776
14638: 14421,14466,13836,15553,15589,14287
13136: 14269,15720,13605,14123,13366,14023
13439: 14198,15356,13108,12987,14751
12996: 15646,13370,15272,13195,14183,14432
13903: 13074,12926,13466,13059,12868,15238
15604: 14714,15442
13264: 14063,15781,14861
15565: 14313,14914,12969,14651
15630: 14493,14954,15394,15054,13320,15776
13860: 15065,14774,13686,15465,12880,15695
14969: 15004,13148,15289,15716,13396,14097
15359: 15560,13764,13763,14235,13570,14695
15381: 14380,14412,15606
15191: 14943,15354,13852,14034,13901,13464
15189: 14569,15397,12909,13163,15763,13210
14989: 14031,13847
13115: 15220,14226,14877,14070,14761,15747,13911
15544: 13294,14233,15690
12988: 15475,13649,15076,14411,13990
14768: 14730,14944,14403,14985,14028,14155,15601
14270: 13229,14846,12966,15540
14848: 15410,14536,13055,13942,13974,15195,14551
15212: 13975,15792,13013,15652,15563,13856
13433: 13231,13389,15461,14973,13734,14043
13801: 15770,15372,13035,15670,13528,14450
13954: 15227,14218,15734,14994,14606,13914
14097: 15105,14322,13148,14969,13396,14481
14591: 14326,13553,14434,14477,14685,13978
14765: 14276,15711,13375,14106,13749,13109
15570: 14893
15039: 14915,13299,13760,14960,13936
13139: 13977,15366,15464,13093,15015,13154
13246: 12963,14496,15712,15223,13134,14383
12863: 14340,14785,15545,13301,13674,14637
13294: 15544,15516
14827: 13324,14281,14850,14369,13916,13503
13577: 14684,14775,14681,13825,13961
14106: 15642,14162,14491,13749,14276,14765
15117: 15350,13201
14018: 
15079: 13486,12966,15691
13910: 
15603: 12987,13703,15284,13100,15446,15787
13644: 14014,15599
14981: 
15132: 15499,15500,15333,13253,14880
13069: 14164,13636,15580,15809,14196,13802
13671: 15115,15010,13173,14105,13664,15749
14597: 15006,15242,13547,14635
14910: 15523,14029,14286,15434,14562,14976
12933: 14903,15184,15128,15393,14129
15461: 13899,14258,13231,13433,14973,12916
15595: 13281,13834,14090,15762,13290,14086
14890: 12918,15684,14771,14809,13212,13005
13721: 12979
14181: 14030,15363,13913,14991,13635,13948
13001: 13262,14781,13715,15240,15017,14968
13805: 15252,14172,12944,14787,13939
14576: 13437,13950,13573,15390,15231,15155
13424: 15548
13326: 13778,14011,14598,13711,13163,15397
13090: 13724
15505: 13404,14259,14733,15657,14927,13089
14779: 15524,15502,15314,15662,13033,14472
13074: 13941,14869,15413,12926,13903,13466
15447: 15371,15003,14788,14523,13328
13367: 
15181: 14718,15267
14970: 14051,15332,14656
15672: 14276,15711,14311,15479,14466,13836
15495: 15567,13402,14722,12905,28675,15772
13696: 15651,13460,13065,15072,13518,13046
15408: 15696,13718,13849
13787: 13624,15714,13551,15060,14933,14392
13242: 13155,15032,15556,13429,14366,13303
15660: 13051,14616,13029,15350,14688
15496: 15373,15583,13859
13667: 14176,14805,15016,14151,14418,15368
14709: 13773,14374,15441,14955
14200: 13437,13950,15268,15139,14573,15374
13333: 13247,13319,13066,15399,14794
12909: 14569,15189,13210,14797,15283,14055
14873: 14511,12978,14225,14985,14436,13996,15531
12908: 12958,14021,14995,13343,13964,15645
14230: 13390,15164,15579,14778,14590,15198
13712: 
14914: 15233,15585,12969,15565,15045,14651
14266: 13915,15389,13384,12997,14131,13268
13539: 14883,14209,13512,14545,15765,13524
14259: 13404,15505,14733,14838
14299: 
15019: 
13622: 15033,14849,13547,13031
15229: 12920,15467,15386,13356,15268,13097
14911: 13477,14540,13359,13436,14830,14582
15487: 14953,12979
14995: 14021,12908,15573,14758,13964,14802
12951: 13977,15366,14605,12906,13452,13631
14701: 13855,14061,14498
15613: 13498,15177,14708,13479,14305,13944
15285: 14487,14774,14736,13017,12927,13516,13407
14704: 15552,15649,14479,15519
13859: 13509,15496,15635
13904: 15223,13134,13504,15120,13741,14277
15738: 15287,15525
14431: 14564,15254,13247,15399,13240
14066: 13391,14655,14446,15063
15064: 13382,13004,13255
14070: 15220,13115,14877,14120,13893,14761,15395
14521: 14068,15046,13887,13738,14935,14822
15783: 15033,14849,14134,13475,14764
15171: 13183,13101,14133,15280,14439
15522: 15205,15348,15468,14507,14555,14155
15521: 13426
13828: 13230,14344,14456,14916,13906,13286
15173: 12986,14523,14818,14559
14204: 14982,13924,14482,13204,14272
13524: 15765,13512,13539,12995,14530,14049
14735: 13819,14031
13680: 14662,14354,13587,14832,14942,13445
13736: 15270,15643,14644,15503,15654,13737
13201: 12910,15350,15117
13593: 13955,15698,14611,12836,15159,14041
14856: 14986,13191,13372,12819,15619
14536: 13310,13055,12993,13182,15410,14848
13762: 13897
13549: 
15062: 
12818: 13013,15652,15020,13688,15744
13323: 14009
15162: 13114,12886,13316,14250,13151,14556
14120: 14732,13604,15514,13893,15465,14761,14070
13673: 15633,14509,12948,15270,12816,14535
13649: 13331,15475,12988,13990,13311,15474
14783: 
15577: 13786,14749,14626,14247
13162: 
15302: 13966,13200,13392,14295,15378,15066
13606: 13793
15450: 14684,14964,15389,14048,15150,15618
14958: 14715,13234,13658,14566
15346: 14532,13943,12825,14329,13933,12840
15083: 15622,13376,13409,13132
14862: 13397,14865,13519,15737,15152,14866
14128: 
13337: 
12947: 13133,13931,13814,14121
15734: 14218,14006,15810,13756,15227,15331,13954
14427: 13731
15457: 14633,14726,14476,14818
13122: 15347,13177,15057,14912,14603,14123
14789: 14595,13842,15687,15052
13192: 12940,15112,15802,15335,13073,15058
15378: 15256,13029,14295,13363,13200,15302
13502: 12924,15526,13307,14387,13176,13780
14654: 15704,14121,13133,15438
12815: 12985,13501,14399,15731,14037,14256
14355: 14166,15798,15767,13684,13239
14241: 14125,15058,15802,14693,13219,13257
13343: 12908,13964,14963,13750,13087,15645
15704: 14654,14121,14380,15453,13799
13670: 14205,15666,15211,13451,14539,14203
14154: 14974,15018,15537
15452: 14707,15161,15216,12827,14333,13334
15262: 15210,14506
15304: 13406,15686,14915,12840,13601,13936
15546: 13378,14390,14489,14808,15678,14040
15113: 14039,13687,15675
13112: 13745,12968,14328,15252,14172,14490
15186: 12832,14554,13947
14579: 15750,15380,15758,13050,13698,13747
15206: 15537,15683,13599
13137: 13318
14302: 14593,15180,14209,14545,15249,14542
14972: 12945
12862: 15639,12847,14641,13076
15111: 13321,14966,13289,13379,15719,13155,15032
13021: 13601,13668,13936,15311,14960,13272
13951: 13167,15174,13895,15543,13546,14895
14697: 13513,13385,13347,15485,15437,15203
13983: 14236,13917
15240: 14593,13503,15180,15017,14781,13001
15642: 14106,14162,13749,14223,13927,14386
15674: 13190,15571,15689,13728,13763
13350: 14754
13722: 14398,13555,15398,13693,13624,14152
14468: 12865,15121,13777,13225,15130,13923
12874: 14493,15148,14067,15614,15394,15444
14625: 13639,14219,15298,15682,13006,14251
14082: 14831,13067,13984,15404,15123,15207
12844: 13312,14565,14869,15413
14481: 14438,14312,15055,13396,14097,14322
15588: 14313,14885,15031
13849: 15408
12922: 13171,15200,13638,13753,13740,14572
13214: 13510,14607,14445
14475: 13012,14026,14797,14441,13210,15075
13856: 15563,13583,13092,13975,15212,15525
15423: 15312,14734,13000
13943: 15346,14532,14950,12840,13601,13668
14043: 15361,13734,13389,13433,12873,14255
14868: 
13453: 14514,13847
15479: 14132,14311,13410,15672,13836,14257
13832: 13841,13364,14721,14594,14646,14013
15217: 14348,12872,13578,13369,14902,14904
15702: 14111
13933: 14329,15028,15406,15346,12825
14225: 12978,14873,15215,15551,14436
14067: 14984,15148,13876,14493,14534,12874
15273: 12943,13274,15082,13953,13863,15494
15054: 13982,13320,15265,15630,13456,15776
13006: 14219,14625,15298,14413,13576,15025
14550: 13099,14347,14292,12911,14796,13412
15748: 12912,14896,13875,13467,15472,14447
14320: 15451,13011,13823,14435,15449,15677
15174: 13167,13197,14588,13951,15427,13614,13895
15131: 13800,14791,13470,15415,12830,14232
15306: 14102,13959,15071,13486,13034
15279: 
14675: 14832,14942,15557,15652,15563,13092
14109: 14930,13761,13857,14766,14522,12883
14619: 13469,15671
14608: 14210,13808,14242,15319,14191,15773
12967: 13132,14290,14639,13838,14652
14317: 13987,14220,13036,13061,14136,12850
14699: 15355,15337,13438,14013,12895,13854
13026: 13530,15110,13675,15295,14706,14430
15665: 
14567: 13585,15584,14531,13035,15770,13911
13216: 15124,13689,15556,13040,13429,12983
13890: 15692,14650,15371,14788,13963
14486: 
14280: 14967,14249,15158,14667,14417,14208,12860
15282: 
15105: 14533,14097,13867,14322,13810
14750: 14378,15784,13629,13403,13986,13610
15812: 13993,12910,13200,13392
13840: 15804,15255,14634,13385,14629,14245
12945: 14972
14986: 14856,13191,14780
14858: 15527,15257,15239,12962,15598,13804
13252: 13317,14206,14613,14519,14024,14664
15798: 14166,14393,14355,13239,15026
15751: 15120,15323,14998,15422,13574,13741
13097: 15268,15139,15086,13356,15229,14022
13008: 14262,14165,13699,13388,14117,14610
13628: 13082,12885,12921,13368,12961,13792
15272: 12996,15646,15107,14432,12845,12949
13996: 14436,13777,14873,15531,12902
14192: 15052,14696
13692: 12823,13884,13540,15154,13353,15517
15187: 13079
14994: 14585,14980,14218,13954,14606,15419
14342: 13257,13045,14878,14514,13718
14822: 15573,15352,14068,14521,13027,14935
13529: 
15421: 15728,14111
13756: 12974,14843,15810,14095,15734,15331
12887: 15271,13888,15440,14135,13522,12870
13714: 
14950: 14532,13943,13668,13280,13306,13719
13382: 15064,13004,15488,14324
13043: 13661,14689,13015,15490,13315,15384
13804: 15598,13488,14552,14858,15239,13850
12900: 14003,14376,15568,13278,13093,12892
15134: 13909,13507,15091,15339,14110
14878: 13045,14342,14753,13718,13615
14678: 13169
14805: 14176,13667,13888,12891,13522,14151
13751: 
15138: 15753,14821,15133,13588,15611
13634: 13202,13665,15723,15001,13121,13508
14341: 15100
13371: 13710
13715: 13145,14816,15236,13262,13001,14968
14947: 15550,15418,14823,13742,15035
14973: 12930,13875,12916,15461,13433,13734
13399: 13920,14149,14990,13220,15061
14869: 13074,15413,12926,14565,14729,12844
12949: 13403,15272,15107,12845,14213,15169
13788: 14665,15481,15407,14766,15296,12883
14197: 
13999: 
15180: 14593,14302,15240,15017,15024,15249
14562: 14976,13553,13052,14268,15434,14910
15561: 14074,15693,15129,13049,13442,14470
15044: 13953,14115,13863,14987,14150,15396
13423: 
14000: 13687,14146,15448,14353,14870
13893: 15514,14120,14761,15555,15395,14070
14745: 13894,15697,14840,14645,14407,13123
15739: 13750,15433,14963,13755,14210,14242
15559: 13456,13957,14636,15737,13613,14866
13770: 
14144: 12913
14184: 13845
12944: 13805,14172,12834,12913,15489
14669: 14291,13620,14215,14113
13603: 13040,12983,13786,14626,14425,14112
13881: 14484,13063,14378,15784,14943,15002
14524: 13306,13535,13719,14954,14534,13083
13052: 14182,15051,14268,15349,15434,14562
14628: 12936,13172,13143,15379,15622,13409
13660: 13336,15791,14543,14384
14993: 12835,13739,14899,15680,13286,12849
12885: 13628,13082,12961,13058,14621,13761
13114: 13781,15162,12886,13418,12899,13151
12888: 13690,14110,13273,13534,15320,13700
13049: 15109,15797,13442,15561,12841,14470
13661: 13043,14836,14689,13015,14433,14898
14042: 14148,15012,15610,15309,14153
14859: 13823,12990,15157,15152,13519,15451
15449: 12838,14435,14320,15499,14237,14740
15001: 13822,13121,12896,14739,13202,13634
15320: 12934,13685,13700,13534,12888
13279: 13570,14094,14666,13186
15746: 13968
13506: 13688,13338,15269,13992,14747,15259
13647: 13053,14710
15020: 15594,15116,14747,14190,13688,13013,12818
13120: 13206,14264,13116,15668,15185
14105: 14844,13664,13598,15749,15400,13671
12937: 15264,14460,14671,14246
13771: 13746,13691,13361,14364,12977,15508,14321
13280: 13272,12879,14057,13668,14950,13306
13036: 13987,14317,13037,14136,13096,14346
13605: 13136,14269,13366,15340,13479,15177
14315: 15360,14126,15088,14415,15664,15050
14160: 14262,13014,13556,15112,14793,15147
14904: 12931,14902,13554,14348,15217,14139
13053: 15250,13647,14908,14161
14094: 15293,13279,13570,12956,15261
12923: 15210,14107,13125,14506
13803: 14690,14352,14168,13641,13596,14875
13374: 12831,13457,13256,12868,14357,14801
14017: 13902,13538,13485,14379
13799: 14223,13706,15653,15453,15704
13536: 
13688: 13338,15744,13506,14747,15020,12818
13676: 15284,13998,15701,15539
13270: 13896,15179,15486,14227,13487,14642
15663: 15182,12950,15800,14852,13301,13674
14603: 15535,14912,13595,13122,14269,14123
13290: 14086,13094,15762,13248,12957,15595
14942: 14675,14832,13092,14662,13680,13292
15303: 13181,12853,14147,15140,15041
14790: 15345,14578,15609,12866,14643,14676
15358: 14313,12821,13000
15175: 14301,13581,15226,14148,15541
15752: 14027
13516: 13017,12927,15200,15608,15285,14487,14774
12845: 14432,14951,13129,15272,12949,15169
13730: 
14368: 14934,14760
14081: 13298,13764
14924: 15767,14917,13930,15078
13865: 
14673: 14792,14153,14746,15106,15425
13988: 13575,15605,14130,13377
14796: 13883,12911,14550,15693,15129,13412
13377: 15550,13575,13988,15161,13520
13731: 14427
14588: 13197,15174,14234,15427,13614,13952
14913: 15455,15067,13208,15530,14520,13327
13358: 15383,15766
14737: 13822,13121,15142,15596,14408,15518
14339: 
13172: 15374,12936,14628,12882,13085,15379
13626: 14119,13227,13110,15498,14898,14433
15643: 15270,13736,13737,14410,12816,13145
14665: 13788,15481,14174,13812,14766,13143
14205: 13670,15666,15211,13586,12822,15365
14954: 15630,14493,14534,14524,13083,13320
13384: 14391,13047,12997,14266,14131,15511
13092: 15563,13856,13583,14675,14942,13292
12891: 13578,15357,13888,14248,14176,14805
14065: 
15501: 14009
14356: 14794,13491,15760,13360,13666
13418: 15554,14773,12999,13781,13114,12899
15112: 13192,12940,15335,13556,14160,14793
15549: 14854
12893: 15000,14442
13077: 15607,13275,14325,13623,15080,15110
12850: 14136,14317,13222,12924,13061,15470
13979: 14748,14580,13372,13864,13224,15245
15227: 13050,15331,13954,15734,13914,15750
14260: 12903,14445
13946: 13271,15558,15345,15609,14744,13265
15124: 13689,15009,13216,15119,13023,13040
15531: 12902,13960,14873,14403,14985,13996
15683: 15206,15537,14974,14400
14044: 15651,13460,15714,12943,13274,14933
13958: 14478
15000: 13141,15364,12893,14891
13023: 15119,14698,15124,13786,14749,13040
15572: 
14211: 15388,15507
13829: 13330,13332,13745,14328,13232
15690: 14323,13199,15544,14365
14010: 
14682: 14131,12977,14417,13268,13746,14208,15158
12983: 13040,13429,13603,14505,13216,14112
15345: 14790,15609,12866,13282,13271,13946
15657: 15296,12883,14927,14930,15505,14733
15009: 15124,13689,15545,14637,15432,15119
13088: 13164,14557,14541,13381,14679,14104
14092: 14041,13704,13020,15121,13157,14879
13574: 15422,14238,14844,13598,15751,14998
13504: 15223,13904,13410,15120,13091,15251
13883: 14668,12911,14796,13432,15688,15693
12872: 14348,15217,15435,14657,12852,13369
15507: 13261,14211
14335: 14331,13997,15218,12846
13153: 12917,15172,14723,13345,13858,13349
15215: 15757,13304,12848,12978,14225,15551
14937: 14138
14792: 15309,14673,15106
15087: 13155,15556,15432,14936,13289,13689
15586: 15274,12824,13871,13241,14594,13364
14319: 14407,13123,12841,15259,14692,13757
13564: 13259,13329,13144,14075,14293
14151: 13522,14539,13667,14805,15666,15368
13608: 13072,14500,13607,15680,13906,14409
13723: 14416,15520,13124,15034,14103,15491
15298: 14625,15682,13006,13576,14095,14843
15722: 13179,13430,15355,14892,13187,15085
14313: 15565,15588,15358
14088: 14107,14138,13584,14694,13125
14906: 14253,15706
14087: 14247,15013,14314
13576: 14413,14394,13095,14095,15298,13006
13750: 15621,15433,15739,14963,13343,13087
13831: 13902,15034,15126,13324,14992,15491
15362: 14366,14975,14505,14720,14045,13794
13517: 13341,14053,13099,14292,13309
14104: 13335,14679,13532,13808,13381,13088
15632: 14720,14045,15420,13758,13373
13984: 14529,15785,12857,15404,15207,14082
13707: 
14961: 15243
13292: 13078,14529,14942,13583,13092,14662
15159: 13617,13168,12836,13593,14041,13020
15230: 14060,15095
14955: 14840,13569,13309,14053,14709
14617: 14837,13971,14951
13772: 14623,13465
14907: 13481,13344,14939,12864,15084,13174
14078: 14423,13872,14133,15564,15209,12814
15439: 14974,13562,14609,13235
14055: 15283,13344,14939,12909,14797,15275
14333: 28681,15600,13334,12827,12919,15452
14880: 14385,14019,15132,15499,13253,13842
15031: 13963,14885,14650,12969,15588
14966: 15111,13321,12854,15719,14596
13757: 13879,14692,15109,14319,12841,15351
14153: 13817,14746,14042,15610,14673
15563: 13856,13092,15652,15212,14675
13940: 12953,14138
14516: 13921,13354
15616: 15611,13811,13760,15046,13887,14546
15724: 13393,13924,14663,12889,14548
14640: 
15225: 15106,13619
15327: 14297,13877,15602,15334
14239: 14921,13269,15771,14451
15655: 12942
13341: 13517,15617,14397,13099
13234: 14715,14430,14958,15713,15615,14566
15232: 15291,15199,15254,15691
12980: 15670,14724,14450,14509,13518,12948
14754: 13350,13582
15425: 15566,14367,14673,14746,15106,14461
15349: 13007,14879,15434,13704,13052,14182
14657: 14293,12852,14284,15192,13369,12872
15393: 14903,12933,14129,14889
15647: 15431,14150,15396,13452,12906,14349
14358: 14519,15146,14463,14492,12875,14977
15125: 13463
15541: 13830,15610,15175,15226,14199,14148
12851: 
15410: 13182,13432,14454,14848,14536,15195
13150: 14636,14494,15737,12982,15463,13397
15387: 13435,13271,15558,15797,13442,13193
13349: 13695,13858,15627,13345,13153,13461
13450: 
13620: 14291,14669,13659,14321,14215
13610: 13039,13187,14860,13629,14378,14750
15316: 13095,15810,15523,14286,14533,14006
15013: 14087,14247,14626,13131,14425
14171: 15715,13142,13388,14624,14544,13149
15324: 12817,14279,15472,15330,14016,14763
14863: 15786,13302,13117
15130: 15564,15209,13923,14468,12865,15289
14096: 15536,14303,15753
13048: 14693,13794,14720,15420,13818
14306: 13779,14188,28659,28681,15600
15243: 14961
13800: 15768,14791,15131,14743,14653,12830
13452: 15647,15431,12906,12951,13631,13848
14376: 14003,12900,15568,14857,13648,13293
15649: 14804,15624,14143,15552,14704
15592: 13508,12984,15615,15723,14584,14706
14290: 13132,12967,13376,14473,14076
14327: 13992,14747,13569,14645,13565,15116
13041: 13146,15756,14518
13638: 15200,12922,14572,14363,15608,13767
14452: 15416,13278,12892,13415,14500,15581
13651: 15066,15203,15437,13156,14295
13615: 14499,13683,14878,14753,15696
13247: 13333,13319,15399,14564,14431
15005: 14722,15414,12905,13643,13919,15101
14882: 13968
13064: 14277,13654,14127,14525,15658,13277
14575: 14047,13885,15440,13646,14135
12924: 13222,15526,13502,13061,14462,12850
14135: 13646,13892,14575,15440,12887,12870
15624: 15649,13352,14143,14451,13269
13895: 14216,15427,14604,15174,13951,15543
13792: 14022,12961,13368,13365,13356,13628
13691: 13746,14853,14208,13771,14321
12866: 14643,13974,14551,13282,15345,14790
14387: 14462,15049,15029,13307,13502
13462: 13220,14577,14759,13305
14048: 15150,13151,15290,15389,12899,15450
13645: 13824
15747: 14761,12880,14531,14226,13115,13911
14664: 14294,14492,13317,13252,14519,13531
14159: 13086,13967,15673,15426,13101
13949: 12964,12914,14052,14847,12829,13360
13508: 13866,15592,12984,15723,13665,13634
15331: 15227,13050,15734,12974,13756,13698
15703: 15375,12859,15506,13928,14263
14052: 15045,15760,14847,14651,13360,13949
14717: 14125,15006,13257,13045
12972: 13118
13919: 12912,13643,15005,15101,13679,13185
14967: 14249,14280,14853,14208,13716
13686: 14774,14736,13860,14308,15278,15695
13265: 14659,13127,15558,13946,14744,14719
13748: 13899,14258,14231,13972,12917,13060
15580: 13636,13069,13648,13802,15568,13166
13093: 14003,12900,13278,15464,13139,15015
12971: 13591,12877,14222,15409,14738
14173: 13215
13013: 12818,15652,15020,14190,15792,15212
13971: 15707,14617
13185: 13679,14267,12912,13919,14447,14116
13567: 12931,28589,13554,15277,15294,15793
13927: 14223,13706,13335,15642,14162,15377
15756: 13041,14886,14742,13144,14075
15289: 12865,15564,15130,15004,14969,15716
12985: 12815,13161,14256,14494,12982
15628: 13987,14220,13774,13386,14772,12894
13746: 13691,14208,13771,12977,14682,15158
13955: 13593,15736,15698,13870,13470,14611
15715: 13142,14171,13388,13833,14713,13699
12834: 13138,12913,12944
13217: 14363,15165,15608,15065,14487,14732
15033: 13622,14849,15783,13547,15460,14134
14422: 14145
12895: 13438,13203,14833,15355,14699,13179
14451: 15624,14239,14921
12977: 14131,14682,15511,14364,13746,13771
15209: 15564,15130,13923,14439,14133,14078
13991: 15576,14361,14301,14741
15648: 15451,13011,14865,13519,14874,14457
14540: 14911,13359,13779,14918,14582,13325
13095: 15316,15810,14095,14286,13576,14394
14113: 14285,14669,14388
12946: 14243,14894
14453: 13523
14720: 15632,14045,15420,15362,13048,13794
13643: 12912,13919,14896,13926,15005,15414
13609: 15166,13495,14901
14324: 15488,14922,15322,15636,13382,14855
14349: 14968,12973,12906,15236,15647,14150
15474: 15456,14762,13331,13649,13311,14928
15477: 15778,13905
14014: 14941,13644,14061
14308: 14744,14719,15278,13407,14736,13686
15512: 15515,12869,14543,13515,13037,13336
15723: 14584,15518,13121,13508,15592,13634
15453: 14380,12954,15704,13799,15653
15729: 15319,13656,14631,14962,13755,14242
13665: 13202,13634,15214,13866,13508,13184
13545: 14189,14046,15780
14971: 
15204: 12960,14318,13544
14903: 12933,15393
14741: 14301,14361,13991,14424,15226
15658: 15554,14773,13654,13064,13277,13769
13914: 14606,15197,15227,13954,15750,13104
15341: 
13963: 14885,15031,14788,13328,13890,14650
15543: 13546,13180,14395,14216,13895,13951
15157: 12990,14255,14859,13681,15152,12873
28681: 14333,28659,15600,13334,14306
28677: 14515,13238,12823,13884,15043,14382
28679: 28678,28680,14310,14238