16714: 16998
12185: 15058,16023,16433,16196
9385: 16378,9383,14968,16699
17030: 15538,16221
16663: 11022,16952,11117,11116,11208,11209
13454: 
10405: 10302,10404,10406,10303,10506,10507
16587: 5570,5689
10747: 10648,15109
14365: 8505
16319: 12048,12049
13614: 16574,595,16896
8210: 8094,8093,8209,8325,8326,8211
14267: 11484
9788: 9679,9787,9680,9789,9895,9896
8760: 8761,8874,8646,8647,8873
14235: 15944
11302: 11303,11211,14541
9416: 15124,9525,9305
16751: 2633,16623,16880,2327,16182
9080: 16562
9360: 9469,9359,9249,9250,9470,9361
13805: 16322
9007: 8895,9008,8894,9006,9119,9120
10507: 10508,10608,10405,10406,10506,10607
11194: 11101,16914,11102,11195,11285,11286
15914: 16644,4635
16978: 8488,8257,8373
11027: 11120,15985,16529,10932,10933,11026
9906: 10011,10012,9799,9798,9905
9357: 9466,9467,9358,9247,9246,9356
12883: 16239
8224: 8339,8223,8107,8108,8225,8340
9049: 8937,9159,15893,16688
34: 
14912: 14763
10970: 16857,16132
12447: 16848,16196
13708: 16672,16941,2001,1904
10979: 16121,11072,14297
15043: 3945,15921,4173
15512: 15726,15485
15409: 10782,10683,10681
16984: 16289,14922,16516
12769: 16387,16322
15142: 8936,8710,8824
11191: 11098,16912,11190,11282
9107: 8995,9108,9106,9218,9219
13880: 16972,16334
9050: 16688,9051,14987,9164,15486
15091: 970,1133,1051
10271: 10065,10169,16828
9663: 9771,9662,9554,9555
10421: 10215,10319,10318,10317,10523,10420
16614: 10541,15106,10540
9217: 9105,9106,9216
12509: 13496,14933
11202: 15384,11109,11293,11294
9312: 9201,9423,9311
9792: 9683,9791,9684,9793,9899,9900
15809: 16635
9573: 9681,9572,9463,9464,9682,9574
16571: 16935
10007: 10112,10113,10008
14824: 11951,12026,11872,11950,15374
16292: 16685,11449,15433,14920,11534
9869: 9868,9761,9870,9762,10080,9976
10819: 10916,10917,10818,10721,10720
13280: 
9195: 16125,15698
16245: 9268,9269,9044,9045,15550
8370: 16418,8138,13893,8254
11021: 10927,11022,11114,11207
8986: 8987,9099,9098,8873,8874,8985
15028: 10132,16654,10133
16825: 16297
16733: 14363,14333,12886
10417: 10519,10418,10518,10315,10416
15315: 
9772: 9880,9773,9664,9879
80: 16503
15125: 10586,10485,16420,10584,10684
16492: 16712
9596: 9486,16875,9487,9597,9704,9705
12823: 15824,17007,14463,15238
10924: 11018,10923,10727,15378,10925
8505: 14365,15708
12108: 15639,12035,16438,13643,14628
16458: 10174,17024,15815
9774: 9882,9775,9665,9666,9881,9773
8452: 8566,8567,8453,8336,8337,8451
9124: 9235,9236,9011,9012,9123,9125
9597: 9488,9598,9596,9487,9705
8813: 8699,8812,8814,8926,8927
9599: 9490,9598,16768,15675
15114: 9054,9278,16119
11561: 16283,15988,11473,16177
12175: 15860,16097,12103,12174
8365: 8481,8480,8366,8249,16591,8364
10433: 10331,10434,10432,10330,10534,10535
13417: 13045
15682: 13334,13827,11631,11630,11795
13768: 
10536: 10637,10434,10435,10535
16014: 15751,10384,10485,10586
15922: 232
13535: 11394
8231: 8114,8230,8115,8232,8346,8347
12819: 10724,10625,16850,10524,10723,10624
10398: 10295,10397,10399,10500
16604: 15788,4485,4600,4255,4254,16707
9271: 9160,9158,15576,9159,9272
16272: 16827,14675,16350
15295: 11792,11711,11629
16419: 15467,10648,10651
9136: 9247,9135,9023,9024,9137,9248
10686: 10586,10588,13066
16473: 16959,7091,15692,15098
16475: 
10104: 10103,10208,9998,9999,10105,10209
14036: 16669,16734
15978: 16295
16986: 16167,16684
8886: 8887,8772,8885,8998,8999
13829: 16878
9654: 9545,9546,9655,9763
12193: 12122,16472
16379: 
10185: 15994,10289,10391,16533,10287,10288
16850: 10522,10523,10524,10422,10624,12819
9879: 9985,9880,9772,10091,9986
16832: 
9423: 9312,9314,9203,9533
16169: 1652,1747
10702: 10602,10603,10703
10902: 16530,10997,10804,10903
11885: 16605,16118,11723,11722,16800,11806
16797: 16274,3031,3247,3248
10889: 10890,10984,10791,10792,10888
16720: 355,13590,16936,16582
9876: 9877,9768,9769,9875,9982
8546: 8432,8661,8547,8431,8545,8660
142: 16963,16829
15824: 12823,17007,14463
144: 15376
15973: 4837,5069,4722,4721
146: 16835
11492: 11493,16369
10716: 10715,10615,10616,10617,10815
16908: 16789,7199,7437
11367: 11455,11276,11277,11368
9586: 9476,9477,9587,9694,9695
16563: 15538,14616
10644: 10544,10543,14586,10841,10744
9362: 9472,9363,9251,9252,9361,9471
16841: 6736,16091
15843: 17023,16949,16468
9212: 9322,9213,9323,9100,9101,9211
15728: 16945
11285: 11375,11194,16914,11286
9547: 9437,9438,9546,9548,9655,9656
11960: 16800,16376
8777: 8776,8664,8663,8778
16997: 1318,1230,1146,1317,15610
9104: 9105,8992,9103,8991,9215,9216
9552: 9443,9553,9442,9551,9661,9660
8923: 8924,9035,8809,8922
10688: 10785,10588,10589,10786,16502
10134: 16654,10133,10135
11866: 11942,16347,15653
9966: 9859,16594,9860,9967,10072
171: 
9314: 9203,9204,9315,9423,9533,9424
15727: 
10603: 10503,10604,10502,10602,10702,10703
9234: 9122,9123,9233,9235,9344,9345
15979: 15526,680
10223: 10119,10224,10118,10222,10326,10327
14024: 12661,15745,14502,16092
8699: 8813,8812,8585,8584,8698
9544: 9652,9653,9543,16535
12354: 
16595: 751
14676: 15089,744,15628,15652,13368
8488: 16978,8373,14185
16021: 
186: 15743,15008,12937
9692: 9693,9800,9584,9583,9691
8653: 8652,8538,8539,8654,8766,8767
16885: 6133,14212,5895,16098,16849,6252
9329: 9219,9330,9328,9218,9438,9439
9789: 9790,9681,9788,9680,9896,9897
192: 16835,16936
10843: 10744,15654,10841,10939,16429
10224: 10119,10223,10120,10327,10328
15097: 16969,7588,7472,7705,7824
15425: 5457,5575
197: 16208,16803
8341: 8226,8225,8340,8342,8456,8457
11291: 11290,11381,11199,11292,15352
14507: 7581,16030
9484: 9485,16515,9594,16403,9375,9483
8799: 8685,8798,8686,8800,8912,8913
12718: 16678,15891,17002
9907: 10013,10014,9908,9800
12263: 12395,16006,16465,15900
13689: 15692,7094,13983
15623: 16468,1016,13150
208: 16140,16799
16309: 14952,13375,15582
10541: 16614,10640,10540,16691,10440
9263: 9262,9264,9152,9373,9375
13996: 
11004: 10909,10910,11003
11612: 
16889: 4279,17000
11082: 10989,10988,16291,11175
10651: 16419,15467,15459
9453: 9344,9454,9452,9343,9562,9563
8300: 8185,8301,8184,8299,8415,8416
9474: 9365,9364,9475,9584,9583,9473
11486: 11308,11309
8647: 8533,8532,8646,8648,8761,8760
15996: 7917,16004
224: 16840
9543: 16535,9544
15516: 16059
16989: 3467,3579,3580
14245: 12559,15808
229: 282
17011: 15683,15540
9595: 9593,9594,9486,9704
232: 15922
8892: 9004,9005,8891,8893
17013: 9426,9535,16487,9644,9645
10640: 10541,15106,10740
236: 15875
10370: 10369,13297
15937: 15569
8205: 8088,8089,8204,8206,8320,8321
8209: 8092,8093,8208,8210,8324,8325
8248: 8132,8131,8247,16591,8363,8364
9130: 9241,9129,9242,9017,9018,9131
9248: 9249,9137,9247,9136,9358,9359
16435: 
13729: 11584
16007: 14890
11938: 16765
248: 16248,16803
8450: 8451,8565,8334,8335,8449,8564
11534: 14920,11620,16292,16685,16541,15918
9318: 9207,9319
8545: 8430,8431,8660,8544,8546,8659
12065: 16927,16041
14204: 14243,11936,13035,12085
14744: 16550,16567,1514,16724,1426
14751: 15654,12917,16139,10940,16429
14057: 15325,16023
10625: 12819,10725,10724,10524,10525,10626
16100: 5447,16480,5330,16775
16700: 16737,15196,16337
8425: 8310,8426,8309,8424,8539,8540
16254: 10375,14195
16221: 13900,16933,17030
9925: 9924
265: 14177,16971
15570: 16919,17006
14015: 4723,4377,17019
14333: 16184,14363,16733
8553: 8667,8552,8438,8439,8668,8554
16845: 15165,15777
9661: 9770,9769,9660,9553,9552,9662
14463: 15556,12823,15824
13617: 
11034: 10940
15033: 12838
9340: 9450,9341,9449,9229,9230,9339
8861: 8748,16756,16747
13560: 3697,3696
10482: 10583,16588,16823
16331: 11215,10934,10935,16529
15807: 16108,16957
282: 229
10828: 10829,15378,10925,10927
16922: 15406,9280,9498,14329
14920: 11534,11620,11532,15229,16292
10290: 10392,10393,10187,10186,10289,10291
8559: 8560,8444,8445,8558
10414: 10515,10615,10415,10516,10616
13837: 6012,15068,6013,6249,6251
10315: 10212,10316,10418,10417
15196: 16810,16700,16337,15704
10213: 10316,10317,10214,10212,10318
293: 16454
16238: 16493,11889,13423
14952: 16309,15582
8669: 8668,8554,8555,8670,8783,8782
9466: 9467,9357,9465,9356,9575,9576
14249: 16860
12051: 
16128: 12315,14628,15639,12316,13924
15632: 11473,16093,11558,16852,11559,11645
8351: 8235,8350,8236,8352,8466,8467
8426: 8425,8311,8310,8427,8540,8541
15927: 13133,16210,16474
11645: 11729,11473,15632,11559,16177
11184: 11091,11185,11090,11276,11275,11183
13175: 7580,14660
16515: 9484,9594,9483,9592,9701,9593
9691: 9799,9690,9582,9583,9692
12028: 15774,16228,12101
9158: 9271,9160,15576,16839
9365: 9474,9364,9475,9254,9255,9366
16546: 16421
16886: 11292,11293,15352,16008,13906,11558
10637: 10536,10638,16581,10737
15281: 16931,5444
8894: 8893,9006,8895,9007
13677: 
319: 13224
16294: 
8776: 8777,8662,8663,8775
8756: 8643,8757,8870,8642,8755,8869
16355: 10920,11014,11015,11108,11109
16132: 10970
9442: 9441,9551,9332,9333,9443,9552
8709: 8936,8822,8935,15893
8674: 8788,8787,8675,8673
328: 16601,16641
9348: 9457,9458,9347,9237,9238,9349
10211: 10107,10108,10212
10773: 16478
9960: 9854,9746,16740
8822: 8821,8709,8934,8935
8783: 8782,8669,8670
9043: 9042,8930,8931,9044,9155
336: 16224,16380
15639: 12108,12035,12316,12109,16128,14628
14654: 
13519: 16706,16856
16228: 11951,12026,12028
13771: 12398,16661
15897: 17016
9496: 16378,16814,14968
11455: 11367,11541
14598: 
10600: 10500,10599,10601,10699,10700
9350: 9459,9460,9349,9239,9240,9351
16348: 15911,14145
15707: 16827
9584: 9474,9475,9583,9693,9692
10127: 10126,10231,16499,10022,10128
16532: 16972,15693,692,13981
353: 
16369: 11493,11492,14241,13073
355: 16720,16582
16068: 10574
17021: 1733
14177: 16971,265
11101: 11194,16914,11192,11102
10696: 10794,10892,10595,10597,10697
10537: 10639,10539,10638
9694: 9802,9801,9695,9586,9693
9820: 14158,16056,16780,16937
10886: 10887,16121,16903,10788
10087: 10192,9982,9981,10088
16985: 15604,16730
14628: 16128,12315,13643,12108,15639
9675: 9676,9784,9783,9566,9567,9674
9608: 
10026: 10132,10025,15677
11156: 11063
10360: 
8928: 9041,9040,8927,8815,8814,8929
15488: 16640,13014,13456,15532
10219: 10322,10218,10323,10114,10115,10220
9674: 9673,9782,9565,9675,9783,9566
13240: 2540,15821,2643
8417: 8416,8531,8301,8302,8418,8532
10915: 
11493: 11492,16369
16811: 16658,4720,4951,4837
9028: 9027,8916,9029,12825,9140,9141
9791: 9792,9683,9682,9790,9899,9898
11407: 14587
16947: 10738,10639,15106
15238: 12823
14307: 16020
11835: 16586
16582: 355,16720
10418: 10519,10417,10315,10316,10520,10419
15888: 16152,5419,5070
14145: 15911,16348
14786: 3247,3466,3467
14236: 15088,5771,5892,6009,6008
8550: 8665,8551,8435,8436,8549,8664
15179: 2134,1940,15722
9751: 16281,9965,14505,15815,9857
13423: 11889,16493,16238
8557: 8556,8442,8443,8558
10939: 10938,10843,16429
12350: 
9246: 9247,9135,9245,9134,9356,9357
11279: 12824,13658,11189,11188,11370
14541: 11209,11300,11302
15064: 16547
12824: 13658,11095,11279,11187,11188
8770: 8771,8657,8883,8884
16910: 16416
10125: 15446,10020,10126
9355: 9464,9465,9356,9245,9244,9354
8755: 8641,8642,8869,8754,8756
16628: 16360,16566,15715
8705: 8704,8590,8591,8820
10905: 10906,11000,10807,10808,10904,10999
10390: 10490,10389,10692,10288
14546: 15265
8667: 8553,8552,8666,8668,8780,8781
8917: 8918,9030,8803,8804,8916,9029
10292: 10291,10394,10395,10188,10189
12174: 16423,15860,12175
10231: 10126,10127,16499,15446,10334,10335
11369: 11368,11186,13658,11370
10789: 16903,10692,16752,10790
424: 14094
16298: 15044
15223: 1006,16330,1008
427: 
16353: 15787,15642,16551
10096: 10201,10200,10095,9991,9990,10097
11179: 15676,11271,11361
16893: 16328,2847
10080: 10081,9974,9868,9869,9976
10597: 10496,10497,10598,10696,10697
11361: 11360,11178,15676,11179
8987: 9099,8986,8874,8875,9100,8988
15538: 17030,16563,14616
12560: 15808,12559,14502,16230
8453: 8452,8567,8337,8338,8454,8568
14987: 9051,9050,15961,9164
8564: 8449,8563,8450,8565,8678,8679
8598: 8599,8712,16176
8678: 8677,8791,8792,8563,8564,8679
8893: 8894,9006,8892,9005
9754: 9862,9967,9968,9753,16951,9860
10415: 10313,10314,10312,10414,10516
8657: 8658,8771,8656,8543,8770
9560: 9668,9559,9450,9451,9561,9669
15200: 14343,15726,15485,16928
10806: 10708,10807,10707,10904,10903
8745: 16982,8518
9760: 9868,9761,9651,9652,9759
11723: 11640,11722,15963,11885,11806
16313: 10918,10917,11011,11105,11106
15384: 11202,16523,11016,11015,11109
9811: 9918,10025
16830: 9844
11249: 11158,14691,16134
9194: 9193
15716: 
16796: 1514,16339,1165,1083,16724,1425
13045: 13417,15356
9260: 9149,9261,9370,9371
16115: 546,15104,685
16828: 15785,10375,10271
14610: 16396
13654: 14078,15544,16539
10500: 10600,10398,10399,10501,10601
9617: 
469: 15514
16165: 
15616: 11106,11199,11198,11105,11289,11290
10409: 10306,10408,10307,10410,10510
10020: 9913,9914,10125,10126
8913: 9025,8912,8799,8800,8914,9026
16646: 12105,16881
476: 543
16915: 17008,14936,4520
8334: 8333,8335,8218,8449,8450
8331: 8332,8216,8447,8330,8215,8446
8536: 8651,8650,8537,8422,8421,8535
16962: 14834,965,1049
10782: 15409,10683,10783
16634: 11604
9358: 9467,9357,9247,9248,9468,9359
8668: 8669,8554,8553,8667,8781,8782
15820: 15785,16526
15664: 12999,11161
9464: 9465,9355,9463,9354,9573,9574
10648: 10747,16419
16539: 15240,1356,1185,13654
8784: 8671,8785,8897,8898
8876: 8762,8763,8875,8877,8988,8989
493: 16011
8528: 8529,16778,8527,8414,8642,8643
13166: 6269
9987: 9880,9881,9988,10092,10093,9986
11706: 14401,11705,11622
10423: 10524,10525,10422,10320,10321,10424
14435: 16683,9298
16712: 16492,7818
10298: 
12033: 16438,12032,15847,12105
14415: 5447,16480,15520
9221: 9331,9332,9222,9109,9110,9220
10389: 10490,10390,10286,10287,10288
15334: 15092,16514,9603,14158,16056
11664: 16918,16463
8994: 9106,8993
9767: 9768,9658,9766,9874,9875
12825: 8914,9026,9027,9028,9139,9140
11262: 14794,17031,11171
8764: 8878,8877,8765,8651,8650,8763
9770: 9661,9769,9771,9662,9877,9878
16442: 16939
16534: 12086,16215,12085,16218,16999
14849: 15744
15772: 11587,14330
16374: 2396,2498,2499,2601
8307: 8191,8306,8422,8192,8308,8423
15893: 8937,9049,9159,8936,8709,8935
10110: 10004,10005,10214,10109
522: 15314
10988: 10893,10989,15599,11082
13590: 16720,16936
525: 14680,15643,16386
11475: 15122,11388,11297,16283,16907
9665: 9664,9556,9666,9557,9773,9774
9908: 9907,10014,9800,9801,9909,10015
529: 16864
530: 16864
15668: 9046,8933,8821,8934
9011: 8899,9012,8898,9010,9123,9124
8788: 8674,8787,8789,8901,8902
534: 
16383: 2744,2534
9262: 9263,9261,9150,9372,9373
9395: 9283,16185
16814: 9277,9276,16378,9388,9496
539: 14582
9216: 9326,9105,9104,9215,9217
16904: 9642,9639,9747,14954
8305: 8189,8304,8306,8190,8421,8420
543: 476,16200
11618: 11616,11620,11532,13042
16870: 13566
546: 16115,16843
16326: 7584
10445: 13672,16905,15930,10546
549: 15755,616,688
10169: 10065,9959,10271
551: 620,15754
9871: 9872,9764,9763
8646: 8531,8532,8647,8645,8760
9701: 9700,9592,16515,9593,9810
10326: 10222,10223,10327,10429
8464: 8348,8347,8463
9383: 16318,9273,9385,9493,16699
16954: 4642,4411,4410,4527
12929: 1618
10097: 10098,10202,9991,9992,10096,10201
9744: 17004,9635
16988: 16152,4950,4951,16658,16101
8350: 8235,8351,8465,8466
8933: 8820,8707,8821,15668
8340: 8225,8341,8339,8224,8455,8456
9377: 16875,9487,9376,9267,9266,9378
9598: 9597,9488,9599,16768
15030: 16739,16715
17003: 2401,2403,2402,2607,2505
9534: 9424,9425,9535,16736,9752
14019: 15949,14941
8320: 8436,8321,8204,8205,8435,8319
16483: 8833,16522,15259
16901: 15656,3579,3580,3691
15222: 7560
11961: 16376,12110,16605
11368: 11369,11186,11277,11367
15084: 2339,13298,16133,2237,2238
15851: 15311
10929: 10832,10831,10930,10928,11024,11116
14327: 9411,16562,16669
9872: 9871,9764,9765,9873
15862: 11089,11182,10995,16667,11088
15404: 1160,1161,1246,1331,1332
9629: 
9434: 9325,9324,9433,9435
8314: 8198,8313,8199,8315,8429,8430
10101: 10102,10206,9995,9996,10100,10205
15479: 16704
9145: 9256,9144,9257,9032,9033,9146
9129: 9241,9130,9016,9017,9128,9240
16659: 7938,7823,8056
13845: 
10521: 10520,10419,10522,10420,10621,10622
595: 16896,14422,16386,16574,13614
9463: 9353,9354,9462,9464,9572,9573
10982: 10888,10887,11075
16160: 9917,9808,9915,10022
10403: 10300,10301,10404,10505
9771: 9663,9662,9770,9878
8304: 8189,8305,8188,8303,8419,8420
602: 15607
9452: 9451,9343,9342,9453,9562,9561
10401: 10402,10400,10502,10503
12109: 12182,12316,12036,12110,15639,12035
15374: 11949,11950,11872,11710,14824
9436: 9545,9435,9326,9327
16127: 15266,17005,6637,16362,15964,6638
14734: 
15266: 6520,16127,6640,15964,15138
11604: 15110,16634
16866: 2202
11355: 
10813: 10715,10714,10812,10910,10911
16125: 9195,14323,9193
616: 15755,549,688,15104,14372,16689
11079: 16569,11080,16393
13393: 16711
10283: 10386,15751,15637,10180,10284
620: 551,15905,690
10783: 13066,10684,10782,10683
16657: 8640,8753,8754,8525,8526,8641
16134: 16665,11158,11249,11252,14691
16451: 6764,6882,6883,6884,7001,7002
16256: 5308,16213,5426,5662,16390
16177: 11646,11473,11561,11645,11729
15718: 16453
16402: 3362,3583
16141: 6955,6954,6718,6717,6835,6836
9319: 9320,9318,9429
9465: 9464,9355,9356,9466,9574,9575
10513: 10514,16807,10613,10411,10412,10512
14270: 16207
15428: 6637,15218,6518
10928: 10732,10929,10831,16952,11116
8520: 8521,8406,17036,16934,8632,8635
14818: 1747,1472,1471
16990: 15390,1660,1659
10397: 10294,10396,10295,10398,10498
8874: 8761,8760,8873,8875,8987,8986
15308: 
11343: 14801
8761: 8874,8760,8647,8648,8762,8875
9345: 9344,9454,9234,9235,9455,9346
14955: 9644,9752,14064,9753,9859,9860
8643: 8644,8757,8756,8529,8528,8642
9915: 9914,10022,9699,9808,16160
10001: 9895,10002,9894,10000,10106,10107
16104: 3249,3248,3579
15398: 4982,16717,14404
9991: 9884,9990,9885,9992,10096,10097
10435: 10332,10333,10434,10536
11234: 14483
10404: 10302,10405,10403,10301,10505,10506
15868: 
13375: 16309,15582
9014: 9013,8901,8902,9015,9126,9127
8935: 8934,15576,8822,8709,9159,15893
9662: 9663,9771,9553,9554,9661,9770
9327: 9328,9436,9437
9887: 9888,9994,9780,9779
8659: 8544,8545,8660,8772,8658
9479: 9370,9589,9588
9957: 9741,9742
9470: 9361,9471,9580,9469,9360,9579
10999: 10904,10998,11000,10905,11091,15997
8934: 8935,15576,8822,8821,15668
9259: 9148,9258,9147,9369
8240: 8241,8356,8123,8124,8355,8239
670: 744,743
16942: 1570,1302,1479
10785: 10688,10784,10786,10882
10803: 10705,10802,10804,10900,16530
13639: 16079,16804
9773: 9880,9881,9772,9664,9665,9774
676: 
16295: 4285,15978
15077: 14014,1716
16491: 11789,17033
680: 12869,15526,15979
16817: 15199,16065
8635: 8748,8521,8520,8632,15353
9490: 9599,9380,9491
684: 685
685: 16115,684
10279: 10176
11810: 11889,11729
688: 549,616,14372
9800: 9693,9692,9801,9907,9908
690: 16627,620
8236: 8235,8351,8119,8237,8352
692: 13981,16532,15693
9053: 9164,9054
11887: 16929,11807,11806,11964,16118
8258: 8257,16671,8141
8848: 16397,15156
9322: 9212,9323,9211,9432
15911: 14145,16348
15722: 1940,2137,15179
9228: 9117,9229,9116,9227,9338,9339
9545: 9436,9546,9654
15270: 2147,2050,1950,2146,2048
10620: 10621,10720,10519,10520,10719
8814: 8815,8701,8813,8928,8927
10220: 10324,10221,10115,10116,10219,10323
11587: 11501,15772
10337: 10336,10540,16691,10233,10234
10916: 10917,11011,10819,10818,11104,11010
9352: 9461,9351,9462,9241,9242,9353
15892: 16476,1719
16341: 852
16688: 9051,9050,8937,9049
9454: 9344,9345,9453,9455,9563,9564
16482: 16113,16547,16880
9550: 9441,9551,9440,9549,9658
16270: 2145,2146,2246,2346
14372: 761,16689,616,688,16643
10075: 10180,16898,15709,10076
12937: 16721,186
10130: 9918,10025,10129,16932,15677
15357: 17033,11790
8680: 8679,8793,8565,8566,8681,8794
10810: 10711,10712,10809,10907,10908
10829: 10828,10731,10927
16711: 13393
9981: 9875,9982,9874,10087
9054: 15114,9053,9278
15876: 10530,10629,10631
9576: 9684,9685,9577,9466,9467,9575
10725: 10724,10625,10726,10626,10824,10823
11277: 11093,11186,11185,11276,11367,11368
15976: 14382,11151
13757: 9196,15698,15124
11125: 11124,15423,16895
16707: 4371,4370,4255,16604,4600
8211: 8327,8326,8094,8095,8210,8212
8875: 8876,8762,8761,8874,8987,8988
10002: 9895,10001,9896,10003,10107,10108
10312: 10311,10208,10209,10313,10415
11798: 11954,16777,16708,16469,16784
14936: 4173,15714,16915
16824: 8041,16921
743: 670
744: 670,15628,13368,14676
16119: 15406,15114,9278,9280
14030: 16396,15765
15652: 15607,15628,14676,15089
16636: 16950,5900,5780,6016
8339: 8223,8338,8224,8340,8454,8455
14922: 16984,16516
751: 16595,826
10809: 10710,10808,10711,10810,10906,10907
15949: 14019,15436,13987,14941
10345: 10343,16173,13243
9759: 9866,9651,9971,9760
12377: 16619
14873: 1297,1209
9096: 9095,8983,8984,9207
15925: 4376
760: 16689,835
761: 14372,16689,16643,837
11189: 11097,11190,11188,11279,11281
14063: 16039
764: 15693,16627
14872: 15841
9147: 9258,9146,9034,9035,9259,9148
8278: 16257,16255
8768: 8881,8655,8654,8767
769: 
10501: 10502,10602,10601,10400,10399,10500
12101: 16371,12028,16423
8803: 8915,8802,8690,8804,8916,8917
11949: 11950,15374
774: 16833
8887: 8886,8774,8999,9000
14817: 16638
10618: 10717,10617,10517,10518,10718
9587: 9478,9586,9477,9695
11466: 16425,16159,11377,11378,11553
780: 14619
9411: 9520,14327,16669,15602,16732
782: 16138,16949,16706,17023
15656: 16901,3582,3470,3691,3581
14956: 
11525: 
786: 16926
16443: 1770,1865,1771,1867,1962,1963
10485: 10384,16420,16014,15125,10586
789: 16072
13803: 14887,16860,807
9799: 9690,9798,9691,9906
11412: 16171,15165,15777
8502: 
16010: 15883,15452
8707: 8820,8933,8592,8593,8821
15770: 16946
9435: 9436,9325,9326,9434
9159: 9049,15893,8935,15576,9271
9968: 9862,9967,9754,15709,10073
9018: 8905,9017,8906,9130,9131
16544: 4615
9658: 9657,9766,9549,9550,9767
16737: 16700,16337
9030: 8917,8918,9031,9029,9142,9143
9653: 9652,9544,9761,9762
14939: 
807: 965,964,13803,963
10574: 16068,10475,16022
10375: 15785,16828,16254,10376
9250: 9139,9251,9249,9138,9360,9361
8233: 8117,8234,8116,8232,8348,8349
16738: 1136,16772
10518: 10519,10417,10517,10416,10618
9814: 9705,16572,9922
15744: 16958,14849
9870: 9762,9869,9977,9976
10391: 10185,10289,10392,10288,10493
14345: 15702
16157: 
16820: 14928,16457,7564
16633: 16681,15715,16360
16896: 595,14422,16660,13614
16465: 16124,12263,16006
824: 902
16697: 10589,10489,10689,16502
826: 751
8601: 15605,8602
16593: 9308,9527,9635
10621: 10721,10720,10620,10520,10521,10622
8461: 8345,8346,8462,8575
831: 832,909
832: 831,909,15833
9226: 9115,9227,9114,9225,9337,9336
834: 911,15833,835,912
835: 912,760,834
15254: 15780,16363
837: 914,761,15952
9693: 9692,9800,9584,9694,9801
10584: 16368,16823,10684,16235,16420,15125
15475: 8050,16179,8167
11941: 11942,12017
16792: 14516,16478,10774,13865
843: 844,920
844: 843
13846: 9624
16425: 11466,16159,11552
10085: 10086,9980,10084,9979,10189
15729: 4716,4715,4485,4600,16175
9459: 9460,9349,9350,9458,9568,9569
16732: 15602,16683,16669,9411
8868: 8981,8754,8867
852: 16341
15480: 981,1062,900,16831
17004: 9742,9744,14789
15615: 4606,16543,4721,4722
16281: 9965,9751,14505,14064,9859,16594
11298: 11389,11388,11297,15649,15706
16572: 9814,10028,9922
11795: 11629,11630,15682,13827
16530: 10902,10803,10804,10900,10995
9780: 9887,9888,9672,9671,9781,9779
13924: 16128,12315
16560: 
10815: 10717,10617,10716,10912,10913
10613: 10513,16807,10612,10512,10712,10713
9853: 9746
15083: 
8315: 8199,8200,8316,8314,8430,8431
15513: 1331,1509,1332,15558
10135: 10134
16729: 5772,16794,5652,5770,5771
872: 15521
10925: 10927,15378,10828,10924
874: 
9044: 16209,8931,9045,9043,16245
16116: 3956,3842,3955,3841,16278
10450: 15541,10349,15958
15388: 1758,15894,1660,16411
17034: 8139,13893,14665
11721: 11552,11722,11803
8363: 8364,15215,8248,8247,8362
15006: 14709,1667
15935: 13635,16462,3254
8920: 9032,8919,9033,8806,8807,8921
10330: 10432,10226,10227,10331,10433
15821: 2540,13240,2336
15052: 14988
10910: 10909,11004,10812,10813,10911
15008: 15743,186
890: 
9803: 9804,9802,9695,9911,9910
9883: 9884,9990,9776,9882,9775,9989
893: 894
894: 893,15850
8992: 9105,9104,8880,8879,8991,8993
16216: 16859
8239: 8355,8354,8123,8238,8240
8912: 9024,9025,8913,8799,8798
9388: 16252,9498,9277,16814
900: 1060,16831,15480
9098: 9099,8986,8985,9209,9210
902: 824,981,982
15939: 5191,5308,16213
9996: 9889,9890,9995,9997,10101,10102
8361: 8362,8245,8246
16318: 9272,9273,9383,9493,9601
15552: 1608,1517,1607,1700
8698: 8697,8811,8583,8584,8699,8812
909: 831,832
10128: 16981,10233,10022,10127,16499
911: 15833,834,912,990
912: 835,17014,911,834
8599: 8598,16176
914: 837,17014
9038: 9039,8926,9037,8925,9150
916: 15952
11608: 
16389: 1862,16770,1863,2155
919: 920,998
920: 919,843
14790: 15521
16615: 
16641: 15948,328
924: 
15156: 8848
16196: 16433,12185,12447
11541: 11711,11455
928: 
9211: 9210,9099,9100,9322,9212
8763: 8876,8762,8649,8650,8877,8764
8867: 8979,8753,8754,8868
16660: 16896
9644: 14955,9752,9535,17013,9645,9753
10234: 16981,10233,16932,10337,10338
16541: 11783,11534,11620,15918
8988: 9100,8989,9101,8876,8875,8987
15920: 7551,7670,7787,7786
8587: 8472,8586,8588,8701,8702
16938: 1967,1871,1872,1968
17000: 4279,16889,15916,14916
9557: 9666,9558,9448,9665,9556
15702: 14345
15943: 2854,2749,13420,2959
11646: 16177,11729
14879: 16876,8854
16288: 4717,16175,4718,4370
8581: 8466,8580,8467,8582,8695,8696
15208: 
14442: 2108,17025
10082: 9977,9976,10081,10187,10186
17016: 14798,15897
16287: 14346,17017
16351: 
15353: 8636,8521,8522,8635,8748
11309: 11308,16895,15717,11486
9924: 9925
11718: 14651,16812,15719,11548,15781
9222: 9332,9221,9110,9111,9333,9223
9100: 8988,9101,8987,9099,9211,9212
14164: 
12017: 11941,11942
962: 
963: 964,807
964: 965,807,963,15775,16060
965: 964,807,14834,16962
10194: 10089,10193,10195,10090
16959: 7091,16473,7090,15098,7210,16758
10938: 15423,10939
15818: 16994,11889
970: 15091
15788: 16604,4485,4254,4599
11450: 15676,11536
9859: 9966,16594,9860,14955,14064,16281
16092: 16385,15745,14024
975: 15850,1056
9882: 9775,9989,9774,9988,9881,9883
9137: 9249,9248,9138,9024,9025,9136
10177: 10073,10178,10176,10072,10281
9655: 9656,9764,9763,9547,9546,9654
8829: 8602
981: 1062,1145,15480,902,982
982: 902,981,1145
10287: 10286,10183,10185,16533,10389,10288
16543: 15615,4606,4604
10291: 10292,10394,10188,10290,10393,10187
10296: 10193,10192,10297
10297: 10400,10399,10296
15165: 13675,16845,15777,11412
8353: 8237,8352,8238,8354,8468,8469
990: 16624,1071,911
15229: 11445,11357,14920,11532
992: 17014,1074
11163: 11161,10976,15556
8478: 8592,8479,8593
9559: 9668,9560,9667,9450,9449,9558
9873: 9874,9766,9765,9872
9645: 9753,16951,9646,17013,16487,9644
998: 919
11375: 11285,11464,11463
8551: 8665,8550,8666,8436,8437,8552
11212: 11028,11120,15985,16335
16098: 16916,16885,5895,16320,6252
8815: 8701,8814,8702,8816,8928,8929
15390: 16990,1659,1850
1005: 16935,1006,1086
1006: 15223,1005
10228: 10227,10331,10332
1008: 15223,16330,1090
16498: 16838,16324
16220: 16702,12584
10912: 10911,16795,10815,10913
8936: 8709,15142,8824,8937,15893
8701: 8815,8814,8587,8586,8702
9535: 9425,9426,17013,9534,9644,9752
1015: 16212,16468
1016: 13150,15623
14794: 11078,11262,11080,11171
14185: 8488,8373
15677: 16932,10235,10025,10130,10026
10428: 10530,10427
9768: 9767,9769,9660,9875,9876
16429: 10940,15654,10843,14751,10939
16394: 2214
15775: 16518,964,16060
9478: 9587,9368,9369,9477
11951: 16228,12026,14824,11874
16851: 13580,13987
16185: 9395
16802: 10424,10425,10527,10525,10626,10526
16155: 16872,15441,16739,3831
9278: 9280,16252,15114,9054,16119
9888: 9887,9994,9995,9780,9781,9889
8758: 8645,8872,8644,8757,8871
16215: 12086,16534,12085
12127: 
17012: 16360,16943
10320: 10321,10217,10216,10319,10423,10422
16640: 13014,15488,13456
14674: 15394
16821: 8158,15708
1041: 15731,15408,1122,16670
16584: 15799,16925,15806
1043: 15731,1209
16210: 16474,15927,14941
15122: 11475,11295,16143,16283
10794: 10696,10892,10595,16222,16569
10413: 10311,10310,10412,10514,10515
16789: 16908,7436,7080,7199,7198
1049: 16962
16488: 3027,3133,3028,3135
1051: 16414,16813,15091
15144: 
16060: 16879,15608,964,15775
10201: 10096,10200,10202,10097,10304,10305
9493: 9601,9603,16318,9383,16699
1056: 16772,15850,975,1139
8456: 8571,8570,8457,8340,8341,8455
8567: 8452,8566,8453,8568,8681,8682
11080: 16393,11079,11078,14794
1060: 1143,16831,900,1142,16082
16736: 16071,9534,9752,14064
1062: 981,1145,15480,1144,16831,13694
13559: 6281,12957,6402,6282,15218,16362
8291: 8405,17001,8176,8406,8407
8466: 8581,8580,8467,8351,8350,8465
16388: 1733,16865
11026: 11025,10932,11120,11027
15918: 11785,14044,11534,16685,16541
1069: 13836,1152,1070
1070: 1152,1069,16225
1071: 990
8468: 8582,8583,8469,8352,8353,8467
1073: 
1074: 992,1156
15747: 
1076: 1077,1159
1077: 15263,1076,1159,1160
9647: 9755,9539,9538,9646
9762: 9870,9653,9869,9761
9127: 9128,9239,9014,9015,9126,9238
16461: 5336,14441,16694,16805,5217
1082: 
1083: 15801,1165,16796,1425
15676: 11450,11179,11361,11360
10707: 10708,10806,10607,10608,10706
1086: 1005
11467: 11288,11289,11378,11380,11553,11468
16285: 
9970: 9971,9865,9864,16898,10076
1090: 1172,17026,1008
16629: 12917,16139,14625
1092: 16112
16747: 8518,8632,8861
14916: 4167,15916,17000
15646: 16761,7210
10200: 10096,10201,10095,10199,10304,10303
10089: 10194,10193,10088,9984,10090
1098: 
11532: 14920,11620,11445,15229,11618
15690: 11198,11105,11011,11104,11196
11102: 11195,11009,11101,11194
14495: 
15712: 
1104: 15544,14078
15563: 16520
12451: 15841
10191: 10086,10294,10295
11085: 11178,11177,11084
11789: 16491,14401,14989
8454: 8569,8568,8455,8339,8338,8453
10187: 10290,10186,10082,10291,10188
10015: 9909,10016,10014,9908,10120,10121
11631: 11630,15682
10072: 10176,9966,9967,10073,10177
16549: 16069,17038,16933
11552: 11721,16425,11636
8781: 8780,8667,8668,8782
16945: 15728,14887,16860
10186: 10290,10187,10081,10082,15994,10289
9335: 9113,9225,9224,9334,9445,9444
9903: 9902,9795,9904,9796,10009,10010
1122: 1041
11187: 11094,11093,11186,12824,13658,11095
10431: 10432,10328,10533
16312: 2814,2918,3025,3024
14273: 11312,11402
11626: 
9142: 9143,9254,9029,9030,9141,9253
15394: 14674
10913: 10717,10815,10912
9450: 9340,9341,9449,9451,9560,9559
8981: 9094,8868,8869,8982
1133: 15091
16857: 10970,11063,11064
16512: 16527,16580,15912,12336
1136: 16738,16813
10817: 11010,10719,10718,10818
10065: 10169,9959,10271,16740
1139: 1223,1056
11463: 11464,11550,11375
1141: 1225,13349,1226
1142: 16082,1060,1143,1227
1143: 1144,1060,16831,1142,1227,1228
1144: 1143,16831,1062,1228,13694,1229
1145: 981,1062,982,13694,1146
1146: 13694,1230,1145,16997
8640: 8753,16657,15350,8525,8638,8639
1148: 
11151: 15976
15953: 1348,1435
15662: 5344,5226,5343,5462,5342,5461
1152: 1070,13836,1069,1236
15408: 14773,1041,15731
1154: 16225,16624
16345: 1991,1798,1799,1894,16381
1156: 1074
15765: 14030
16456: 14232,14758
1159: 1160,1076,1077,1330
1160: 1159,15404,1077,1161
1161: 15578,1246,1162,1160,15404
1162: 14454,1161,15578
10402: 10299,10401,10503,10504
16495: 1840,16267
1165: 15801,1083,16796,16339
16020: 14307,4982
17010: 11453,11364,11452
15124: 9416,13757,9196,9308
10583: 10482,16368,16823,10681
10139: 
8326: 8327,8442,8441,8211,8210,8325
1172: 17026,15296,1090,14065
10076: 16898,9970,10180,10075
16493: 16238,13423
10107: 10211,10108,10001,10002,10106
15704: 16337,15196,16810,15793
9379: 9268,9269,9380,9488,9378
1178: 16995,1179
1179: 15045,1178,16995,1264
16072: 789
9113: 9335,9225,9224,9001,9114
9027: 9028,8916,8915,12825,8914
8748: 8635,8861,16756,15353
8883: 8995,8996,8770,8884
1185: 15363,15544,16539
9200: 15903,9311,9089,9201
11630: 11631,11629,11795,15682
10323: 10322,10219,10324,10220,10425,10426
10010: 10116,9903,9904,10009,10115
15776: 2132
16940: 14401,11705,14910,15653
15487: 2711,2710,14914,2505,16753
11719: 11636,15781,16812,11801
9525: 9416,9415,9305,9634
13014: 16640,15488,16038
16411: 15388
11028: 11212,15985
14887: 13803,16860,16945
16799: 208,16140
8879: 8880,8766,8878,8765,8991,8992
10624: 10622,10723,10623,10522,16850,12819
16613: 8048
10543: 10440,14586,10644,10742,10841
15577: 16454
16844: 12138,16927
8414: 8527,8297,8298,16778,8528
15908: 14589
16030: 7581,14507,7347
1209: 15731,1043,14873
9546: 9437,9547,9545,9654,9655
14050: 
11898: 15164
1213: 16879,15608,16696,15626
17014: 912,914,992
15553: 12856
10526: 10726,10626,10627,16802,10527,10628
16727: 15740,16455
16195: 
8821: 8822,8707,8933,15668,8934
1220: 16414,16813,1221,1485
1221: 1220,16813
15291: 5299,5416,5181,5063,5417
1223: 1139
16568: 3582,3470,3583,3471
1225: 1141,13349,1311
1226: 1313,1141,13349
1227: 1228,1142,1143
1228: 1227,1144,1143,1229
1229: 1316,13694,1230,1144,1228
1230: 1316,13694,1229,1146,16997,1317
8703: 8702,8816,8817,8589,8588,8704
16974: 4994,5112,5113,5229,5230
15490: 8019,8018,7903,8020,8135
1234: 1235,1321
1235: 1236,1234,1321
1236: 1235,1152
16651: 4996,5114,4880,4881,4998,4997
9243: 9131,9132,9242,9244,9353,9354
16487: 17013,9645,9646
8577: 8462,8576,8578,8463,8691,8692
1241: 1326,1327
16849: 6252,16885,6133
9785: 9677,9786,9676,9784,9892,9893
16903: 10789,10788,10790,10886,10887
10586: 15125,10686,10485,16014
1246: 1161,15578,1247,15404,1332,16048
1247: 15578,1246,16048,1333
16255: 8278
10188: 10291,10292,10189,10084,10187
15637: 15751,10283,10178,10281,10384
11380: 11290,11381,11289,11467,11468
16153: 16760,16928,14343
8459: 8460,8574,8343,8344,8573,8458
11199: 11106,11107,15616,11290,11291
13043: 12917,10943
14192: 
1257: 1343,17026,15296
15104: 16115,15755,616,16689
14212: 16885,6133,5895,6016,6014
16756: 8861,8748,8863
10694: 10792,16222,10693,10594,10495,10595
10434: 10331,10433,10332,10435,10535,10536
1263: 1264,16055
1264: 1263,1179
10528: 10427,10426,10527,10629,10628
9548: 9439,9549,9438,9547,9656,9657
1267: 
9539: 9429,9538,9430,9540,9647
14702: 
14090: 13271
10907: 10908,11002,10809,10810,10906
15088: 5771,14236,5772,15149,5892
8641: 8642,8755,8526,8527,16657
16934: 16982,14998,8520,17036,8632
9467: 9466,9357,9358,9468,9576,9577
16914: 11101,11194,11192,16912,11285
10005: 10006,9899,9898,10004,10110
1278: 
11722: 11723,11721,11803,16800,11885
16684: 16167,16899,16986,15757
8410: 8409,8524,15350,8294,8295,16440
15305: 5662,16390
15259: 16483
15215: 8363,8364,8480,8479
15467: 16419,16913,15459,10651
15314: 522,15730
1287: 15571
16205: 
9556: 9664,9665,9446,9557
10539: 10334,10335,10537
10632: 16650,10530,10631
13192: 16894,2850,2640,2641,2851
15429: 16810
8418: 8533,8532,8419,8302,8303,8417
13758: 1486,1667,15671
10544: 10644,10545,10443,15746,14586
1297: 14873
16920: 16559,15167,15812,2722
9118: 9119,9230,9005,9006,9117,9229
10503: 10504,10604,10603,10402,10401,10502
10516: 10517,10416,10616,10314,10415,10414
1302: 1303,16942
1303: 1392,1302
9804: 9803,9696,9911,9912
9133: 9245,9244,9134,9020,9021,9132
9123: 9122,9234,9010,9011,9235,9124
11389: 11298,11388,15194,16259,14148
8280: 
10118: 10117,10222,10012,10013,10119,10223
16906: 2379,2380,2481,2278,2279,2378
1311: 13349,1399,1225
8993: 8994,8880,8881,9105,8992
1313: 1226
9223: 9334,9333,9112,9111,9222,9224
9351: 9461,9352,9240,9241,9460,9350
1316: 1229,1230,1404,1317
1317: 16793,1316,1230,16997,15610
1318: 16997,15610
9232: 9120,9121,9231,9233,9343,9342
16362: 6637,15218,13559,6402,16127,17005
1321: 1409,1234,1235
8568: 8569,8454,8567,8453,8682,8683
9790: 9681,9789,9791,9682,9897,9898
10119: 10223,10224,10120,10013,10014,10118
1325: 16225,1413,1414
1326: 1504,1414,1241,1327,1415
1327: 1415,1416,1241,1326,14737
11290: 11291,11381,11380,11199,15616,11289
1329: 1418,15609,14737,1330,1419
1330: 1159,1329,1419
1331: 1419,1509,15513,15404,1332
1332: 16048,15404,1246,1331,15513
1333: 1335,16496,1247,16048,16500
16703: 10078,9972
1335: 1333,16496,16339
15359: 16967,16621
8673: 8672,8786,8674,8787
1338: 16724,1428,1425,1426
10533: 10633,10534,10431,10432
10994: 10900,10995,16273,10899,11087,11088
9444: 9445,9554,9334,9335,9443,9553
15569: 15937,12277,12138
1343: 1431,1257,15296
9699: 9698,9808,16284,9806,9914,9915
1345: 1435
16233: 8252,8135,8249,8250,8366
1347: 
1348: 15953
9010: 8897,8898,9009,9011,9122,9123
9914: 9915,9806,9699,9913,10020
13675: 15165
16907: 16247,16259,11475,11388,16283,15988
16812: 11718,14651,11719,15781,16769
8757: 8643,8644,8756,8871,8870,8758
9131: 9243,9132,9018,9130,9242
1356: 16539,15240,14433
16048: 1332,16500,1246,1247,1333
16605: 11885,16118,16800,16376,11961
11064: 11158,16857,15071
16184: 8262,8145,14333
9141: 9140,9252,9253,9028,9029,9142
11402: 11578,14273,16944
10505: 10403,10404,10506
10788: 16903,10787,10689,10886
16645: 10354
11954: 16777,11798
11087: 16273,10994,11180,11088
9328: 9327,9218,9329,9437,9438
14382: 15976,14516
8677: 8678,8791,8562,8563,8676,8790
15210: 1898,1899,1801,15108,16275
15692: 13689,7091,16473,13983
8925: 9037,8811,8812,9038,8926
16603: 4711,4828,4597,4829
12366: 12428
15780: 15254,15875
15565: 5811,5930,5812
1378: 12838
16212: 16468,1015,16995,15045
17002: 15891,12718
16793: 1317,15610,1495
1382: 16670,15799,14852
16784: 11798,16708
16173: 10343,15930,10345,13672
10349: 10452,15958,10450,10551
9344: 9454,9345,9453,9233,9234,9343
16708: 16769,11879,16469,11798,16784
8833: 16483
1389: 1479,15626
16592: 15757
8571: 8456,8570,8457,8572,8685,8686
1392: 1303,1482,1480
15058: 13841,16023,16433,12185
8404: 14555,8289,8288,16470,8403
8688: 8915,8802,8573,8574,8687
1396: 16327
9437: 9438,9547,9546,9327,9328
14260: 16911
1399: 1311,1489
1400: 1580,1489,16211,15859
16656: 
16209: 8931,9044,9045
9157: 15550,16839,9380,9269
1404: 1316,16405
8910: 9023,9022,8797,8796
8642: 8641,8755,8527,8528,8643,8756
1407: 15610,1497
16931: 15281
1409: 1321,1498
1410: 1411,1500,16600,1499
1411: 1410,1412,1500
1412: 1413,1502,1500,1411
1413: 1502,1412,1325,1503,1414
1414: 1503,1504,1326,1325,1413
1415: 1327,1416,1504,1326,14342
1416: 1327,1415,15609,14737,14342,1417
1417: 1597,1507,1416,15609,14342
1418: 1329,15609,1419,1509,1507
1419: 1331,1509,1330,1418,1329
8518: 16747,8632,16982,8745
10699: 10700,10599,10600,10797
8563: 8448,8449,8564,8562,8677,8678
16193: 7077,7197,7080
16956: 15149,5892,5773,5893,6010,6011
1425: 1338,16724,1083,16796
1426: 1607,1338,16724,1428,14744
8996: 8883,8995,9108,8884,9109,8997
1428: 1338,1607,1426,1517
1429: 16317,1518,1519
9235: 9236,9124,9123,9234,9345,9346
1431: 1343,13427
15424: 7446,7090,16758
8565: 8450,8451,8564,8566,8679,8680
8845: 17032
1435: 1345,15953
8299: 8183,8184,8298,8300,8415,16778
16766: 1744
15417: 14619,16949
12277: 15569,14384
11276: 11185,11184,11275,11277,11367
9965: 16281,9751,16594,17024
12573: 16117
16284: 9698,9699,9808,9590,9591,9700
14760: 3688,3799,16342,3576
16041: 15740,16455,12065
15541: 10450,16913,10551
11797: 11716,13334,16777
16175: 4717,16288,4600,4370,15729,4716
15648: 14589,15857
16428: 15443
8636: 15353,8522,8637
1452: 
15176: 
11578: 14847,11402,16944
9371: 9372,9481,9260,9261,9370
8804: 8690,8691,8805,8803,8917,8918
9197: 16511,16902,16352
9757: 9758,9649,9865,9864
9802: 9694,9801,9695,9803,9909,9910
16385: 16092,15745,16061,14399,14571
1461: 
11452: 17010
16019: 3691,3801,3581,3914
15900: 16472,12263
10920: 16355,11014,10822,10823,10919
10595: 10794,10696,10495,10694,16222
10419: 10520,10521,10316,10317,10418,10420
10940: 11034,16429,14751
16692: 15164
16378: 9385,9276,16814,14968,9496
1471: 14818,1747,1472,15806,16925,1559
1472: 14818,1471,16925,14852
9553: 9443,9552,9554,9444,9661,9662
15981: 
16136: 3581,3582,3583,3804
16900: 2255,2253,2056
16790: 13496,14933
12931: 
1479: 1389,1570,16942
1480: 1572,1482,1392,1571
9108: 8995,8996,9107,9109,9219,9220
1482: 1572,1480,1392
12820: 3514,3402,3291,3403
8421: 8306,8422,8305,8420,8535,8536
1485: 1575,1220
1486: 13758,16327,1577,1487
1487: 1577,1488,16327,1486
1488: 1487,17015,1580,1489
1489: 1580,1400,1399,1488
10114: 10009,10008,10115,10113,10218,10219
16431: 15762,1997,1901
8360: 8128,8127,8245,8244
16917: 4416,4185,4186,4300,4415
9051: 16688,9050,14987,8824,8937
1495: 1585,16793,1586
8593: 8479,8478,8592,8707
1497: 1407,1498
1498: 1409,1497
1499: 16600,15784,1590,1410
1500: 1502,1412,1411,1410,16600,1592
8471: 8472,8586,8355,8356,8585,8470
1502: 1413,1412,1500,1503,1592
1503: 1504,1414,1413,1502
1504: 1503,1414,1326,1415
1505: 14342,1782,1687
10334: 10335,10539,15446,10231,10333
1507: 1597,1598,1417,1418,15609
10336: 10337,10540,16499,10233,10335
1509: 1419,1331,15513,1418,15558
10429: 10327,10326
1511: 1601,16500,1602,1512
1512: 1602,1603,1513,16500,16496,1511
1513: 1603,1512,16496,1604,16567
1514: 16796,16339,16724,16567,14744
9315: 9314,9204,9316,9424,9425
8904: 8905,9017,8790,8791,8903,9016
1517: 1608,1518,15552,1428,1607
1518: 1608,1517,1429,1519
1519: 1610,1429,1518
8362: 8361,8246,8247,8363
1521: 1612,13427
8548: 8549,8663,8433,8434,8547,8662
15743: 186,15008
8778: 8779,8664,8665,8777
15075: 
15452: 15883,16010
8432: 8547,8546,8316,8317,8433,8431
9485: 9484,9594,16403,9486,16875,9376
9705: 9704,9596,9597,9814
8213: 8212,8328,8096,8097,8214,8329
16224: 16840,16380,15414,336
16610: 15620,17009,14966
1533: 
16924: 
1535: 
16231: 16531
16667: 11180,11088,11182,15862,11181,11272
1538: 
9009: 8897,9010,8896,9008,9121,9122
9765: 9657,9766,9656,9764,9872,9873
9592: 9482,9483,9591,16515,9700,9701
15234: 
13319: 15522,16382,15586
10535: 10635,10433,10434,10534,10536
12035: 12108,15639,12036,12109
8791: 8677,8678,8792,8790,8904,8905
8302: 8187,8303,8186,8301,8417,8418
9764: 9655,9656,9763,9765,9871,9872
9866: 9759,9758,9651,9971,9865
16658: 5302,16811,4951,16152,16988
15400: 
15191: 
9979: 9978,10084,10085,9980
16502: 10787,10689,10786,10589,16697,10688
16316: 10038,9932,10144
8310: 8425,8311,8426,8194,8309
10612: 10512,10611,10613,10711,10712
14852: 15799,16925,1382,1472
1559: 1652,15806,1747,1471
9652: 9653,9544,9651,16535,9760,9761
9155: 9267,9266,9042,9043
15528: 
8345: 8461,8346,8229,8230,8228
8323: 8438,8322,8207,8208,8439,8324
9114: 9115,9226,9001,9002,9113,9225
9885: 9992,9778,9884,9991,9777
16328: 16893,14640
8789: 8676,8790,8788,8902,8903
8924: 8923,8809,8810
1570: 1571,16942,1479,15894
1571: 1570,1572,1480,15894
1572: 1482,1480,1571,1665
15265: 2107,2010,16722,14546
8332: 8216,8331,8217,8447
1575: 1485,15671
16400: 
1577: 1487,1486,1669,1670,1579
9985: 9879,9878,9984,10091,10090
1579: 1670,1671,1577,17015
1580: 17015,1489,1400,1488,15859,1673
1581: 1674,13346,15859,1673
1582: 13346,16955
9004: 8892,9005,8891,9003,9117,9116
1584: 1585,1676
1585: 1584,1495,1586,1678
1586: 1585,1495,1678,1679
9094: 8981,9095,8982,9206
16762: 
8889: 8890,9002,8888,9001
1590: 16600,15784,1499,1778,1776
9580: 9470,9471,9579,9581,9688,9689
1592: 1778,1684,1502,1500,16600
8574: 8459,8460,8689,8573,8688,8802
8449: 8448,8563,8564,8333,8334,8450
9603: 9493,16699,14158,15334
16864: 530,529
1597: 1598,1507,1417,1689,1690
1598: 1597,1507,1599,1690,1691
1599: 15558,1600,1598,1692,1691
1600: 1599,15558,1601,1692,1693
1601: 1511,1600,1602,1693,1694
1602: 1603,1512,1511,1601,1694
1603: 1602,1513,1512,1604,16219
1604: 16550,16567,1697,1603,1513,16219
9581: 9472,9582,9471,9580,9689,9690
9443: 9553,9552,9334,9333,9442,9444
1607: 1426,1428,1517,15552
1608: 1518,1517,15552,1700,1701
10882: 10977,10976,10784,10785,14476
1610: 1519,1611
1611: 1612,13427,1610
1612: 1611,13427,1521
8774: 8775,8660,8661,8887
1614: 1706
10551: 15541,10452,10349
8906: 8907,8792,8793,8905,9018
10316: 10317,10213,10315,10212,10418,10419
1618: 12929,1710
10324: 10220,10221,10323,10427,10426
10195: 10091,10090,10194
10683: 10782,15409,10681,16368,10684,10783
16140: 208,16799
16996: 3944,15921,16872,4058
14890: 15412,16007
10728: 10727,10629,10628,15378,10627
16758: 7210,7090,16959,15424,7446
8479: 8593,15215,8478
14291: 
10934: 10935,10933,16842,16529,16331
15073: 16234,16154,16507
13334: 15682,13827,11797
14589: 15648,15857,15908
10004: 9897,10003,10005,9898,10109,10110
9017: 8904,8905,9018,9016,9130,9129
11015: 10922,11016,16355,11109,15384
9568: 9677,9569,9458,9459,9676,9567
15558: 1599,1600,1509,15513
10791: 16752,10790,10792,10693,10888,10889
8919: 9032,8920,8805,8806,8918,9031
8766: 8880,8879,8767,8653,8652,8765
10727: 10728,15378,10825,10627,10924,10923
16275: 15108,15036,1801,15210
14848: 16510,1900,2092,1996
10025: 9918,9811,10130,15677,10026
16423: 12174,12101,15860
10527: 16802,10425,10528,10426,10526,10628
16853: 15363
9753: 9645,16951,14955,9644,9860,9754
17027: 16229,14691,11429
8566: 8452,8567,8451,8565,8680,8681
11286: 11377,11194,11195,11285
1652: 1559,1747,16169
15797: 
8465: 8350,8466,8580
10386: 15751,10283,10284,15858
1656: 
16069: 16549,11936,13035
15423: 10938,11125
1659: 15390,16990
1660: 16990,15388
8437: 8436,8321,8438,8322,8551,8552
10079: 10078,9973,9974,10183,16533
9273: 9272,16318,9383
9373: 9482,9483,9263,9262,9372,9375
1665: 1760,1572
16289: 16984
1667: 13758,14709,15671,15006
12838: 1378,15033
1669: 15510,1577,1764,1670
1670: 1764,1671,1579,1577,1669
1671: 1670,1579,1766
16375: 4479,4363,4364,4480,4594
1673: 17015,1580,15859,1581
1674: 1581,1769,1864
9565: 9673,9674,9455,9456,9564,9566
1676: 1770,16955,1584,1771
10593: 10692,10493,10594,16752,10693
1678: 1772,1585,1586,1773,1679
1679: 1773,1774,1680,1586,1678
1680: 1774,1679,1775,1681
1681: 1775,1871,15784,1680
16713: 16190,16516
9233: 9122,9234,9121,9232,9343,9344
1684: 1778,1592,1685,15928,1779
1685: 1684,1779,1686
1686: 1780,1781,1685,1779,1687
1687: 1782,1877,1505,1781,1686
16696: 15608,1213
1689: 1690,1597,1782,1783
1690: 1785,1689,1597,1598,1691
1691: 1786,1692,1598,1599,1785,1690
1692: 1786,1691,1787,1599,1600,1693
1693: 1788,1694,1600,1601,1692,1787
1694: 1693,1788,1601,1602
14763: 14912
16113: 16482,16547
1697: 1604,16550,1698,16219,1792
1698: 16550,1697,1792,16391
8596: 8481,8710
1700: 1795,1701,15094,1608,15552
1701: 1795,1700,1608,1796
1702: 
10335: 10334,10539,10231,16499,10336
17035: 16958
8740: 8739,8854
1706: 1896,1801,1614
10199: 10094,10198,10200,10095,10302,10303
1708: 1898,1804
11181: 11182,11274,16667,11272
1710: 1804,15762,15933,1618
15376: 144
10306: 10408,10409,10305,10202,10203,10307
1713: 16941
9325: 9324,9214,9215,9326,9434,9435
16710: 2149,2051,2150,1953,1954,2052
1716: 16070,15077
12086: 16215,16534,16999
9268: 16245,9269,9379,9267,9378
1719: 16786,15892,1813
16317: 1429
1721: 16476
16873: 7094,13983
9877: 9984,9876,9770,9769,9878
15411: 
11946: 13271,12095
16827: 16272,15707,14675
8208: 8092,8209,8091,8207,8323,8324
9634: 9742,9635,9525,9415
11171: 11354,16798,14794,11262,17031
10935: 10934,16331
16757: 16566,16808,16943
10711: 10712,10810,10611,10612,10710,10809
1733: 16388,16865,17021
10286: 10287,10183,10285,10389
16689: 761,14372,15104,616,760
14377: 16715
9363: 9362,9472,9473,9252,9253,9364
10394: 10291,10292,10395,10393,10496,16524
9881: 9880,9773,9987,9882,9774,9988
16200: 12869,543
16675: 4374
16159: 11466,16425,11553,16960
10189: 10292,10188,10084,10085
1744: 1840,16766
9476: 9367,9366,9586,9477,9475
10734: 10832,10635,16750
1747: 14818,1471,1559,1652,16169
16453: 2948,15718,2841
12105: 16646,16881,12032,12033
10112: 10113,10007,10111,10217,10216
15875: 13939,15780,236
9533: 9424,9423,9314,9532
16860: 13803,14887,14249,16945
8373: 16246,8488,16978,14185
9375: 9484,16403,9263,9264,9483,9373
11972: 
15951: 3254,16662
1758: 15388,15894,1854
11108: 11109,16355,11014,11107
1760: 1665,1855
9415: 15596,9741,9305,9525,9634,9742
9040: 9041,8928,8927,9039,9153,9152
8200: 8199,8315,8316,8201
1764: 1670,1669,15510,1859
8681: 8794,8795,8682,8566,8567,8680
1766: 1767,1671,1958,1862
1767: 1766,1862,1863
12841: 3831,3832,3945,3946
1769: 1770,16955,1865,1674,1864
1770: 1769,1676,16443,16955,1865,1771
1771: 1772,1867,1770,1676,16443
1772: 1771,1867,1868,1678,1773
1773: 1774,1869,1679,1772,1868,1678
1774: 1773,1869,1679,1680,1775,1870
1775: 1871,1870,1681,1774,1680
1776: 1872,15784,1590,1871
1777: 1968,1872,1873
1778: 1592,1684,16600,1590,15928
1779: 15928,1874,1684,1685,1780,1686
1780: 1781,1686,1874,1779,1875,1876
1781: 1780,1686,1877,1687,1876,16836
1782: 1783,1877,1687,1505,1689
1783: 1782,1877,1689,1878,1879
16939: 14698,16442
1785: 1690,1786,1691,1880,1881
1786: 1692,1691,1787,1785,1881,1882
1787: 1786,1692,1693,1788,1882,1883
1788: 1693,1694,1787,1883
16304: 
1790: 1885,16219,1886
8442: 8327,8326,8441,8443,8556,8557
1792: 1888,1887,1698,1697,16391
1793: 16391,1888,15094,1985,1889
8775: 8774,8661,8662,8776
1795: 1700,1701,15094,1796,1891,1890
1796: 1797,1795,1701,1891
1797: 1796,1798,1894
1798: 1799,1797,1894,16345
1799: 1798,1896,16345,16381
9368: 9478,9369,9257,9258,9367,9477
1801: 1896,1706,15210,16275
8702: 8703,8816,8587,8588,8815,8701
15838: 14516
1804: 1710,15933,1708,1898,1899
9449: 9450,9340,9448,9339,9558,9559
9997: 9891,9998,9890,9996,10102,10103
10545: 10544,10443,16905,10546
16520: 15563
15605: 8601,16418,8486
10932: 10835,10933,10834,11026,11027
17019: 4723,14015,4722
1812: 16786,16070,1907,1813
1813: 2004,1719,1812
15138: 6877,15288,15266,6640,6757,15964
15167: 15812,2722,16920
13836: 1069,1152
15948: 16641
16055: 1263
14616: 15538,16563
9687: 9686,9688,9797,9795,9796
8787: 8674,8788,8673,8786,8900,8901
10917: 10916,11011,10819,10918,16313
9121: 9120,9232,9008,9009,9122,9233
14454: 1162,15263
12032: 15847,12105,12033
10774: 13865,16973,14516,16792
15869: 15732
15754: 15905,551
16278: 3841,3617,3729,3842,16116
14195: 16254,10475
12869: 16200,680,15526
9897: 10004,10003,9790,9789,9896,9898
15620: 16610,3946,15714,14966
13035: 12085,16218,11936,14204,16069
10281: 10384,10177,10178,15637
14968: 16699,16378,9385,9496
13580: 16851,13987
16271: 
16545: 6279,15982
1840: 1744,16495
11394: 13535,11303
16800: 11803,11960,11722,11885,16605
9128: 9239,9127,9240,9015,9016,9129
1844: 1940,2137,13382,16846,1845
1845: 16846,13382,1844
14624: 16180
1847: 1943,2043,14964
8754: 8753,16657,8755,8867,8868
10717: 10617,10815,10618,10718,10913
1850: 1947,15390,16207
16124: 16465,12122,12049
9542: 16535
16842: 16581,10835,10933,10934,10738
1854: 1855,1758,1950
1855: 1854,1952,1760
10475: 10574,14195
1857: 1953,1858,1954
1858: 1859,1954,15510,1857
1859: 1858,15510,1764,1956
8329: 8214,8330,8445,8328,8444,8213
10407: 10304,10406,10408,10305,10508
1862: 16389,16770,1766,1767,1958,1863
1863: 1960,1767,1862,16389
1864: 1960,1674,1769,1865,1961
1865: 1770,1769,16443,1864,1962,1961
15801: 1165,1083
1867: 1771,1772,1868,16443,1963,1964
1868: 1772,1867,1773,1869,1964,1965
1869: 1773,1774,1868,1870,1965,1966
1870: 1775,1774,1869,1966,1967
1871: 1775,1681,1776,1872,16938
1872: 1776,1871,16938,1968,1777
1873: 15928,1874,1777,1970
1874: 15928,1873,1779,1780,1970,1875
1875: 1970,1971,1874,1780,1972,1876
1876: 1972,1973,1780,1781,1875,16836
1877: 1782,1783,1687,1781,1878,16836
1878: 1974,16836,1783,1877,1879
1879: 1976,1880,1783,1878
1880: 1976,1879,1977,1785,1881
1881: 1978,1882,1785,1786,1880,1977
1882: 1978,1881,1786,1787,1979,1883
1883: 1979,1980,1787,1788,1882
16921: 16991,15365,16824
1885: 1790,1886,1982
1886: 1885,1790,1887,1982
1887: 1888,1792,1886,1984
1888: 1792,1887,1793,16391,1984,1985
1889: 1985,1793,15094,1986,1890
1890: 1986,1891,1795,15094,1889
1891: 1890,1795,1796,1988
8336: 8337,8335,8451,8452
16650: 10632,10633
1894: 1989,1797,1798,16345
16936: 192,16835,13590,16720
1896: 1801,1706,1799,16381
9139: 9250,9251,12825,9026,9138,9140
1898: 1899,15210,1708,1804
1899: 1898,15210,1804,15933,15108,16510
1900: 16510,14848,1996,15762,15933,1997
1901: 1997,16431,1902
1902: 1901
15799: 16584,16925,14852,16670,1382
1904: 2001,13708
16953: 7906,16961,14617,16471
1906: 16070,16672,2001,1907
1907: 16070,1906,1812,2004
15730: 16574,15314
11503: 17037
15757: 16592,16684
13827: 13334,15682,11795,11874
11104: 10916,11011,11009,11010,15690
16043: 15720,10174,10276
1914: 2010,16722
13825: 16566
11192: 11101,16914,11006,16912
12336: 16512
10410: 10307,10308,10411,10409,10512
16176: 8827,15961,8598,8599,8712
8338: 8339,8223,8337,8222,8453,8454
9761: 9868,9869,9760,9652,9653,9762
14360: 15464,2104,16723,2202
8922: 9034,8921,8808,8923,9035
11300: 11208,14541,11209,11390
11729: 11645,11646,16177,11810
16772: 15850,1056,16738
9793: 9684,9685,9794,9792,9900,9901
15650: 14376
10740: 10640,15106
11473: 16093,15632,11561,11645,16177
15628: 15607,15652,744,14676
16093: 11473,15632,16143,16008,11558
16342: 3799,14760,3910,3911
9795: 9902,9903,9686,9687,9796
14777: 16133,2237,1943
8556: 8670,8557,8442,8441,8555
15990: 
10700: 10699,10600,10601,10799
16455: 15740,16727,16041
1940: 1844,2137,15179,15722
8402: 16470,8403,8285,15853
9681: 9790,9789,9572,9573,9680,9682
1943: 1847,14777
16444: 14094
15774: 12028,15860,12103
1946: 2241,16620,1947,2143
1947: 1850,1946
10874: 10968
15849: 2937
1950: 1854,2048,15270
8448: 8449,8563,8333,8562
1952: 1855,1953,2050,2051
1953: 1857,1952,1954,2051,16710
1954: 1858,1953,1857,16710,2052
16438: 13643,12033,15847,12108
1956: 1957,1859,2053,2054
1957: 1958,1956,16770,2054,2055
1958: 1957,1766,1862,16770
16902: 8972,15698,9197
1960: 2058,1864,1863,1961
1961: 1962,2059,1865,1960,2058,1864
1962: 1961,2059,2060,16443,1865,1963
1963: 1964,2061,16443,1867,1962,2060
1964: 1963,2061,2062,1867,1868,1965
1965: 1966,2063,1868,1869,1964,2062
1966: 1965,2063,1869,1870,1967,2064
1967: 16938,2064,2065,1870,1966
1968: 2066,1777,1872,16938
16631: 8015,7899,8016,8132,8131
1970: 1971,1875,1873,1874
1971: 1970,1875,1972,2068,2069
1972: 1973,1876,1971,1875,2069,2070
1973: 1972,1876,1974,16836,2070,2071
1974: 1878,16836,1973,2071,2072
16795: 10912,10911,11005,11006
1976: 1879,1880,1977,2074,2073
1977: 1976,1880,1978,1881,2074
1978: 1881,2076,1882,1977,1979
1979: 1980,2077,1883,1978,2076,1882
1980: 1979,2077,2078,1883
12428: 12366
1982: 2080,2079,1885,1886
8531: 8416,8417,8530,8646,8532,8645
1984: 2081,1888,1887,1985
1985: 1889,1888,1793,1984
1986: 1890,1889,2083
8227: 8343,8342,8110,8226
1988: 1989,1891,2085,2086
1989: 1988,1894,2086,2087
17007: 12823,15824
1991: 16345,16381,2088,2089
16082: 1142,1060
8403: 16470,8402,8288,8404
16788: 16236,14901
8527: 8414,8526,8528,8641,8642
1996: 1900,14848,1997,2095
1997: 1901,15762,16431,1900,1996
16567: 1604,16550,14744,1514,1513
8560: 8675,8559,8446,8445,8561
8212: 8328,8213,8095,8096,8327,8211
2001: 1904,16672,13708,1906
16352: 9196,9197,16511,9308
16044: 
2004: 1813,1907,2101
11778: 11696,14243
9710: 9709,16780
10299: 10402,10196,10300
11024: 11117,11116,10929,10930,11025,11118
16880: 16751,16623,16482,2631
2010: 1914,16722,2107,15265
16807: 10513,10514,10613,10614,10713,10714
10608: 10508,10609,10507,10607,10708,10707
12182: 12316,12109,12110
12431: 12543
10898: 16273,10899,10801,10897
16108: 14766,15807,16957
16333: 7938,7587,7820,7821
16274: 16797,2925,3031
9784: 9675,9676,9783,9785,9891,9892
11292: 15352,16886,11291,11381,11382,13906
9684: 9685,9793,9576,9792,9683,9575
16050: 7583,7820
8256: 
10832: 10929,10831,10734,10930,16750
16420: 10485,16235,10584,15125
8899: 8900,9011,9012,8786,8785,8898
8542: 8656,8541,8427,8312,8428
9089: 16837,15180,8977,9200,9201
2029: 2128
16768: 9598,9599,9816,15675
10205: 10100,10204,10101,10206,10308,10309
14158: 9820,16056,16780,9603,15334
11438: 
2034: 2035,2134,2234
2035: 2034,2134
10012: 10011,9906,10013,10117,10118
9863: 16898,15709,9755,9862,9864
16471: 8141,13690,16953
8630: 15853
11205: 11111,15649,11297
16606: 14388
13288: 
2043: 1847,14964,16620
16143: 11294,16008,15122,11295,16093
8794: 8681,8795,8680,8793,8907,8908
2046: 2145,2048,2144
9530: 9747,9639
2048: 2145,2146,2046,1950,15270
9323: 9322,9212,9213,9324,9432,9433
2050: 2147,2148,15270,1952,2051
2051: 2149,16710,1952,1953,2148,2050
2052: 2053,2151,1954,16710,2150
2053: 2151,2052,1956,2054,2152
2054: 2153,2152,2055,1957,1956,2053
2055: 2054,2153,1957,16770
2056: 2354,2456,16900,2255,2355
16963: 142
2058: 1960,1961,2059,2157
2059: 1962,1961,2060,2058,2157
2060: 1962,2059,1963,2061,2159
2061: 1963,1964,2062,2060,2159,2160
2062: 1964,2061,1965,2063,2160,2161
2063: 1965,1966,2062,2064,2161,2162
2064: 1967,2065,1966,2063,2162,2163
2065: 1967,2064,2066,2163,2164
2066: 1968,2065,2164,2165
2067: 2165,2265,2166,2068
2068: 2166,2167,1971,2067,2069
2069: 2168,2070,1971,1972,2167,2068
2070: 2168,2169,2069,1972,1973,2071
2071: 2170,2072,1973,1974,2169,2070
2072: 2170,2071,2171,1974,2073
2073: 2074,1976,2072,2171
2074: 2073,1976,1977,2173
8666: 8665,8551,8667,8552,8779,8780
2076: 1978,1979,2077,2174,2175
2077: 1979,1980,2078,2076,2175,2176
2078: 1980,2077,2079,2176,2177
2079: 2080,1982,2078,2177,2178
2080: 1982,2079,2081,2178,2179
2081: 1984,2080,2179,2180
16951: 9645,9753,9646,9755,9862,9754
2083: 1986,2182
11548: 11461,11718,15719
2085: 1988,2184,2086
2086: 2184,2185,1988,1989,2085,2087
2087: 2088,1989,2185,2086
2088: 2087,2187,1991,2089
2089: 2188,2090,1991,2187,2088
2090: 2188,2189,2089,2091
2091: 2190,15036,2189,2090
2092: 14848,2190,2191
14044: 14910,15918,11621,16685,11705
9892: 9891,9998,9784,9785,9893,9999
2095: 2194,1996,2193
16227: 13006
10723: 10623,10624,12819,10724,10821,10822
16529: 15985,11027,10933,10934,16331
8779: 8778,8665,8666,8780
9426: 9425,9535,17013,9316
2101: 2004
15787: 16353,16863,14584
8901: 9014,9013,8788,8787,8900,8902
2104: 14360,15464,16723
9889: 9890,9996,9781,9782,9888,9995
9688: 9689,9797,9579,9580,9687
2107: 2010,15265
2108: 14442,16722
10210: 10105,10209,10106,10313
10422: 10524,10423,10319,10320,10523,16850
13776: 11074,15017,11075
13453: 
16526: 15820
2114: 14981
16679: 15090
8880: 8879,8766,8767,8881,8992,8993
16462: 3254,15935
16740: 9746,9960,10065,9959
10424: 16802,10425,10321,10322,10525,10423
13314: 
17008: 16644,16915,4520,4635
9022: 9023,8910,9021,9134,9135
9430: 9539,9429,9320,9431,9540
10515: 10414,10615,10614,10413,10514
15964: 6757,6875,6638,16127,15266,15138
8985: 8984,8872,8873,8986,9098
9280: 9278,16252,9498,15406,16119,16922
2128: 2029
10319: 10215,10421,10320,10216,10523,10422
14933: 13496,16790,12509
10109: 10214,10004,10003,10108,10110
2132: 16267,15776
10534: 10533,10432,10433,10535,10635
2134: 2234,15179,2035,2034
8590: 8475,8476,8591,8589,8704,8705
9247: 9135,9246,9136,9248,9357,9358
2137: 1940,1844,16846,15722
16439: 16334,16763
2139: 14964,2237,2238
16624: 990,1154
16161: 5296,5179,5060,16701,5177,5178
15089: 14676,15652
2143: 2144,2243,2242,2241,1946
2144: 2143,2243,2145,2046
2145: 2146,2048,16270,2046,2144
2146: 2145,2048,16270,2147,15270,2246
2147: 2148,15270,2050,2246,2146,2247
2148: 2147,2050,2149,2051,2247
2149: 2051,16710,2150,2148,2249
2150: 2149,16710,2151,2052,2249
2151: 2053,2052,2150,2152,2251
2152: 2054,2153,2053,2151,2251,2252
2153: 2054,2152,2055,2252,2253
16892: 2190,2191,2390,2289,2291
2155: 2256,16389,2255
16574: 16386,595,15730,13614
2157: 2258,2058,2059,2257
8573: 8458,8572,8459,8574,8687,8688
2159: 2160,2259,2060,2061,16816
2160: 2159,2259,2061,2062,2161,2260
2161: 2162,2261,2260,2062,2063,2160
2162: 2161,2261,2063,2064,2163,2262
2163: 2164,2262,2263,2064,2065,2162
2164: 2163,2263,2065,2066,2165,2264
2165: 2264,2265,2067,2066,2164
2166: 2167,2068,2265,2067,2366,2266
2167: 2166,2068,2168,2069,2266,2267
2168: 2169,2069,2070,2167,2268,2267
2169: 2168,2070,2170,2071,2268
2170: 2071,2072,2171,2169,2270
2171: 2170,2072,2073,2270,2271
16611: 
2173: 2174,2273,2074,2272
2174: 2273,2274,2173,2076,2175
2175: 2176,2275,2076,2077,2174,2274
2176: 2175,2275,2276,2077,2078,2177
2177: 2178,2277,2078,2079,2176,2276
2178: 2177,2277,2278,2080,2079,2179
2179: 2180,2279,2080,2081,2178,2278
2180: 2179,2279,2081,2280
16463: 11664,16918
2182: 2083,2382,2282
8431: 8430,8545,8315,8316,8432,8546
2184: 2185,2086,2085,2283
2185: 2184,2086,2087,2285
16739: 15030,3606,15441,16155
2187: 2088,2188,2089,2286
2188: 2189,2090,2089,2187,2288
2189: 2188,2090,2091,2288,2289
2190: 16892,2091,2092,2191
2191: 2092,2190,16892,2291
8368: 8252,8253,8254,16045
2193: 2095,2194,2292,2293
2194: 2095,2193,15634,2293
2195: 15634,16302
9041: 8928,9040,8929,9042,9153
14292: 
8583: 8468,8582,8469,8584,8697,8698
8301: 8185,8186,8300,8302,8416,8417
12796: 
8650: 8651,8536,8535,8649,8763,8764
2202: 16866,14360,2402
10927: 11021,10925,10829,10828
15653: 16347,14989,16940,11866
11964: 11887,16994,13841
16950: 16636,5780,5779,6016
9541: 9431,9540,9649
8871: 8757,8870,8872,8758,8983,8984
16887: 8169,8170
8247: 8248,8131,8246,8362,8363
14907: 7673,14617,7437,7554
15860: 15774,12103,12174,16423,12175
10331: 10433,10434,10228,10227,10330,10332
2214: 16394
9110: 9109,8997,8998,9111,9221,9222
16982: 16934,14251,8745,8518
10333: 10332,10435,15446,10334
9984: 9877,9985,9878,10089,10090
16846: 1845,1844,2137
8638: 8751,8639,8637,8524,15350,8640
8223: 8339,8338,8107,8106,8224,8222
11271: 11179,11180,11272
10998: 10904,10999,10903,10997,11091,11090
16035: 8058,8290,16178,8174,17001
16390: 5662,16256,5426,15305
9673: 9674,9782,9565,9672,9564,9781
8895: 8896,9008,9007,8894
16097: 12103,16881,12175
16518: 15775
10111: 10112,10215,10216
14954: 9747,16904,9854
15608: 16060,16879,1213,16696
10126: 10127,10231,10020,15446,10125
2234: 2134,2034
14591: 16717,16805
16280: 
2237: 16133,14777,2139,15084,2238
2238: 2340,2237,2139,2339,15084
11429: 17027,13365
9988: 9882,9989,9881,9987,10093,10094
2241: 2242,1946,16620,2143
2242: 2241,2143,2243
2243: 2143,2144,2242,2344
9432: 9433,9322,9323
8798: 8799,8685,8797,8684,8912
2246: 2147,2146,16270,2346,2347,2247
2247: 2347,2348,2147,2148,2246
16291: 11084,11175,10989,10990,11082
2249: 2349,2350,2149,2150
16991: 16921,8158,8160
2251: 2351,2151,2152,2252,2352
2252: 2353,2253,2352,2153,2152,2251
2253: 2252,2353,2153,16900,2354
8693: 8806,8692,8807,8578,8579,8694
2255: 16900,2256,2155,2056,2355
2256: 2257,2155,2255,2356,2355
2257: 2256,2258,2157,2356,2357
2258: 2157,16816,2257,2358,2357
2259: 2159,2160,16816,2260,2359,2360
2260: 2161,2261,2160,2259,2360,2361
2261: 2161,2162,2260,2262,2361,2362
2262: 2163,2263,2162,2261,2362,2363
2263: 2163,2164,2262,2264,2363,2364
2264: 2165,2265,2164,2263,2364,2365
2265: 2165,2264,2067,2166,2365,2366
2266: 2367,2166,2167,2366,2267
2267: 2368,2268,2167,2168,2266,2367
2268: 2368,2369,2267,2168,2169
16780: 14158,9820,9710
2270: 2370,2371,2170,2171,2271
2271: 2372,2171,2272,2270,2371
2272: 2273,2173,2372,2271,2373
2273: 2174,2274,2173,2272,2374,2373
2274: 2174,2273,2175,2275,2374
2275: 2175,2176,2276,2274,2376
2276: 2176,2275,2177,2277,2376,2377
2277: 2177,2178,2278,2276,2377,2378
2278: 2178,2277,2179,2279,2378,16906
2279: 2179,2180,2278,2280,2380,16906
2280: 2180,2279,2380,2381
16969: 7588,15097,7587,7586,7705
2282: 2383,2484,2283,2182,2382
2283: 2383,2282,2184,2384
17022: 8254,16045,8486
2285: 2386,2286,2185,2385
2286: 2386,2387,2285,2187
16980: 16111,14915,4030
2288: 2388,2389,2188,2189,2289
2289: 2390,2189,16892,2389,2288
8602: 8829,8601
2291: 2292,2391,16892,2191
2292: 2291,2193,2293
2293: 2394,2193,2194,2292
9152: 9153,9264,9039,9040,9263
2295: 16302
16894: 2850,13192,2744,2640,15348,16306
16843: 546
16076: 16085
8324: 8440,8439,8325,8208,8209,8323
16594: 9859,9966,16281,9965
11072: 14297,10979
16716: 15485
16612: 6601,6719,6481,6600,6718,6599
14232: 16456,6964,14758
16372: 15841
2306: 2507
9218: 9328,9106,9107,9329,9219
13797: 
15381: 
15338: 16874,15645,14582
17036: 8406,8520,8405,16934,14998
8380: 
10120: 10119,10224,10014,10015,10121
9125: 9126,9237,9012,9013,9236,9124
11158: 11064,11249,11252,15071,16134
11097: 11189,11190,11188,11098
12827: 7060,7178,7180,7061,7179,7298
8443: 8328,8444,8327,8442,8557,8558
8979: 8867,8978,9091
15582: 16309,14952,13375
16308: 3488,16745,15793
8561: 8446,8447,8675,8560
9974: 10080,9868,10079,9973
2324: 2631,2425
15134: 4377,4376,4375,4606
9201: 9312,9089,8977,9200,9311
2327: 16039,16751,2635,16182
13042: 11782,11618,11616
10808: 10710,10809,10709,10807,10906,10905
16600: 1499,1590,1410,1500,1778,1592
16643: 761,14372,15952
8285: 8169,8284,8402,15853
15412: 14890
9143: 9142,9254,9255,9030,9031,9144
11252: 12999,15071,11158,16665,16134
2336: 15821,13298
9823: 16998,16459
16761: 15646
2339: 2440,15084,2340,2441,2238
2340: 2441,2442,2238,2339,2341
2341: 2443,2340,2442
10904: 10999,10998,10903,10807,10806,10905
8429: 8544,8543,8428,8314,8313,8430
2344: 2446,2243
9680: 9679,9788,9571,9681,9789,9572
2346: 2447,16270,2246,2347,2448
2347: 2348,2247,2448,2246,2346
2348: 2347,2247,2349
2349: 2350,2249,2348
2350: 2349,2249,2351
2351: 2251,2350,2352
2352: 2252,2353,2251,2351,2454
2353: 2252,2253,2352,2354,2454,2455
2354: 2056,2353,2253,2455
2355: 2356,2457,2255,2256,2456,2056
2356: 2458,2457,2355,2257,2256,2357
2357: 2358,2459,2257,2258,2356,2458
2358: 2459,2460,2357,2258,16816,2359
2359: 2360,2461,16816,2259,2358,2460
2360: 2359,2461,2259,2260,2361,2462
2361: 2362,2463,2462,2261,2260,2360
2362: 2361,2463,2261,2262,2363,2464
2363: 2465,2464,2364,2262,2263,2362
2364: 2363,2465,2263,2264,2365,2466
2365: 2466,2467,2366,2264,2265,2364
2366: 2365,2467,2265,2166,2266
2367: 2266,2368,2267,2468,2469
2368: 2268,2369,2267,2367,2469,2470
2369: 2368,2268,2370,2470,2471
2370: 2270,2472,2371,2369,2471
2371: 2370,2270,2472,2372,2473,2271
2372: 2474,2473,2271,2272,2371,2373
2373: 2374,2475,2272,2273,2372,2474
2374: 2475,2476,2373,2273,2274
17009: 4063,4062,16610
2376: 2478,2477,2275,2276,2377
2377: 2378,2479,2276,2277,2478,2376
2378: 2377,2479,2277,2278,2379,16906
2379: 2481,16906,2378,2479,2480,2583
2380: 2481,16906,2279,2280,2381
2381: 2382,2483,2280,2380
2382: 2381,2483,2182,2484,2282
2383: 2484,2282,2283,2384
2384: 2385,2383,2283,2486
2385: 2384,2386,2285,2487,2486
2386: 2387,2285,2286,2488,2487,2385
2387: 2386,2286,2488,2388,2489
2388: 2490,2489,2389,2288,2387
2389: 2388,2490,2288,2390,16377,2289
2390: 16377,2492,2289,16892,2389,2391
2391: 2291,2493,2390,2492
16382: 13319,15586
8226: 8225,8341,8109,8110,8227,8342
2394: 2293,2495,2395
2395: 2396,2498,2394
2396: 2395,16374,2498
8242: 8243,8358,8125,8126,8357,8241
9758: 9649,9757,9865,9866
2399: 15865
14351: 5567,5448
2401: 17003,2607,2502
2402: 2403,2202,17003
2403: 2402,17003,14914,2505
9636: 9527,9419
9766: 9657,9658,9765,9767,9873,9874
16033: 
16859: 16216
2408: 
9664: 9665,9556,9772,9773
11074: 13776,15017,14297
10623: 10622,10723,10624,10721,10821
2412: 17020,16815
14555: 8404,8289,16470,14251,14998
16695: 2964,3071,16725,3070,15657,3180
9033: 9032,8920,9034,8921,9145,9146
16878: 15571,16336,13829
9149: 9260,9261,9150,9037
10933: 10835,10932,16842,10934,11027,16529
14505: 16071,9857,16281,9751
10899: 16273,10898,10801,10802,10900,10994
9667: 9668,9559,9666,9558,9775,9776
14758: 6846,6845,6964,14232,16456
2423: 
10400: 10297,10399,10401,10501,10502
2425: 2324
9302: 
16207: 14270,1850
15844: 16344,13247
9475: 9365,9474,9584,9476,9366
2430: 2534
16330: 15223,1008
2432: 2537
9472: 9362,9363,9473,9581,9582,9471
16222: 10694,10792,10794,10595,10890,16569
8319: 8435,8318,8434,8203,8204,8320
8683: 8797,8796,8684,8569,8568,8682
10540: 10336,10337,16691,16614,10541
15723: 2643,2748,2540,2645
11016: 10922,11015,10923,15384,17029
2440: 2339,2441
2441: 2340,2442,2339,2440
2442: 2340,2441,2443,2341,2545
2443: 2444,2341,2442,2545,2546
2444: 2443,2546,2547
15596: 9415,9741,9305,16767
2446: 2344,2447,2548
2447: 2346,2446,2448,2550
2448: 2347,2447,2346,2550,2551
9904: 9905,9796,9903,10011,10010
8438: 8323,8322,8437,8439,8553,8552
8257: 8258,16671,16978
17040: 15267,7917,7564
14330: 15772
2454: 2556,2455,2353,2352,16080
2455: 2556,2454,2353,2354,2557
2456: 2056,2457,2355,2558,2559
2457: 2356,2458,2355,2456,2560,2559
2458: 2356,2457,2459,2357,2560
2459: 2358,2460,2357,2458,2562
2460: 2358,2459,2359,2461,2562,2563
2461: 2359,2360,2460,2462,2563,2564
2462: 2361,2463,2360,2461,2564,2565
2463: 2361,2362,2462,2464,2565,2566
2464: 2363,2465,2362,2463,2566,2567
2465: 2363,2464,2364,2466,2567,2568
2466: 2365,2467,2465,2364,2568
2467: 2365,2466,2366,2569
2468: 2570,2571,2569,2367,2469
2469: 2572,2470,2367,2368,2571,2468
2470: 2572,2469,2573,2368,2369,2471
2471: 2574,2369,2370,2472,2470,2573
2472: 2370,2371,2473,2574,2471,2575
2473: 2372,2474,2472,2371,2576,2575
2474: 2372,2473,2475,2373,2576,2577
2475: 2374,2476,2373,2474,2578,2577
2476: 2374,2475,2477,2578,2579
2477: 2478,2376,2476,2579,2580
2478: 2376,2477,2377,2479,2580,2581
2479: 2377,2378,2478,2379,2581,2480
2480: 2581,2685,2479,2379,2583,2686
2481: 2379,2380,16906,2583,2584
9451: 9452,9342,9450,9341,9560,9561
2483: 2381,2382,2484,2585,16819
2484: 2383,2282,2382,2483,16819
16992: 
2486: 2588,2589,2384,2385,2487
2487: 2386,2488,2385,2589,2486,2590
2488: 2386,2387,2487,2489,2590,2591
2489: 2388,2490,2387,2488,2591
2490: 2388,2489,2389,16377,2491
2491: 2696,2490,16377,2594
2492: 2390,16377,2493,2391,2594
2493: 2391,2492,2494
2494: 2700,2699,2493
2495: 2394,2598
8298: 8183,8299,8182,8297,8414,16778
9343: 9452,9342,9232,9233,9344,9453
2498: 2395,2396,16374,2599
2499: 16374,2601
17037: 11503
13349: 1311,1225,1141,1226
2502: 2606,2607,2401,2604,15865
9111: 9112,8999,8998,9110,9222,9223
11373: 11282,11461
2505: 15487,14914,17003,2403,2607,16753
2506: 
2507: 2306
8526: 8525,8527,16657,8641
15263: 1077,14454
16386: 16574,14680,525,595
8651: 8650,8536,8537,8652,8764,8765
15891: 17002,12718
14812: 
14799: 
15017: 11074,13776,11075,16121,14297
8284: 8169,8285,16632
9298: 14435
14669: 
2519: 16144
10943: 13043
8420: 8534,8535,8304,8305,8421,8419
9045: 16209,9044,9046,16245,15550
11390: 15194,11300
10014: 9907,10013,9908,10015,10119,10120
15576: 8934,8935,9159,9271,9158
11803: 16800,11721,11722
9255: 9143,9254,9256,9144,9365,9366
8881: 8768,8880,8767,8993
10011: 9906,10012,9904,9905,10117
16433: 16196,15058,12185
8739: 8740,8852
10524: 10525,10423,10422,16850,12819,10625
9077: 8852,16838,16324
2534: 16383,2430
8422: 8307,8306,8421,8423,8536,8537
8795: 8681,8794,8682,8796,8908
2537: 16301,16804,2432
9806: 9698,9699,9913,9914
11208: 11207,11300,11022,16663,11209
2540: 15821,13240,2643,15723
9902: 9795,9903,10009,10008
15740: 16455,16727,16041
9372: 9481,9371,9261,9262,9482,9373
16852: 11471,13906,11558,15632,11559
2545: 2546,2442,2443,2648
2546: 2545,2444,2443,2547
2547: 2548,2651,2444,2546
2548: 2652,2651,2547,2446
16653: 6998,7232,7352
2550: 2653,2447,2448,2551,2654
2551: 2552,2655,2654,2448,2550
2552: 2551,2655,2553,2656
2553: 2554,2656,2552
2554: 2553,2658,2555
2555: 2658,16080,2554
2556: 2454,2660,2455,16080,2557
2557: 2558,2661,2556,2660,2455
2558: 2557,2662,2456,2559
2559: 2560,2663,2456,2457,2558,2662
2560: 2664,2663,2559,2458,2457
2561: 
2562: 2665,2666,2459,2460,2563
2563: 2564,2667,2460,2461,2562,2666
2564: 2563,2667,2461,2462,2565,2668
2565: 2566,2669,2668,2463,2462,2564
2566: 2565,2669,2463,2464,2567,2670
2567: 2568,2671,2670,2465,2464,2566
2568: 2567,2671,2465,2466
2569: 2570,2468,2467
2570: 2571,2674,2673,2468,2569
2571: 2570,2674,2468,2572,2675,2469
2572: 2675,2676,2469,2470,2573,2571
2573: 2572,2676,2470,2574,2677,2471
2574: 2677,2471,2472,2573,2575
2575: 2576,2679,2472,2473,2574
2576: 2680,2679,2575,2474,2473,2577
2577: 2578,2681,2474,2475,2576,2680
2578: 2681,2682,2577,2475,2476,2579
2579: 2580,2683,2476,2477,2578,2682
2580: 2579,2683,2478,2477,2581,2684
2581: 2684,2685,2480,2478,2479,2580
8710: 8596,15142
2583: 2584,2687,2686,2379,2481,2480
2584: 2583,2687,2481,2585
2585: 16819,2689,2483,2584
2586: 2587,2690,16819,2689
2587: 2690,2586,2588,2691
2588: 2589,2692,2691,2486,2587
2589: 2588,2692,2486,2487,2590,2693
2590: 2591,2694,2693,2488,2487,2589
2591: 2590,2694,2488,2489,2695
8419: 8418,8533,8303,8304,8420,8534
15798: 3351,3240,3242,3241,3132,15624
2594: 2698,16377,2492,2491
15572: 
15762: 1710,15933,16431,1900,1997
16547: 15064,16113,16482
2598: 2702,2495,2599
2599: 2703,2498,2702,2598
16121: 10886,10979,14297,15017
2601: 2810,16374,2499,2704
14441: 5336,16461,5337
16117: 12573,12398,16967
2604: 2917,15865,2606,2502
16237: 
2606: 2607,2709,2502,16753,2604
2607: 2606,2502,16753,17003,2401,2505
10523: 10522,10420,16850,10319,10421,10422
16829: 142
10094: 10198,10199,9989,9988,10093,10095
10607: 10506,10608,10507,10706,10707
16722: 2010,1914,15265,2108
9308: 16593,16352,9196,15124
14988: 16731,15052
8254: 17022,8138,8253,8368,8370
16354: 16704
2617: 
16478: 13865,10773,16792
9698: 9699,16284,9589,9590,9806
9778: 9885,9779,9670,9669,9777
13987: 15949,13580,16851
11294: 16143,16008,11202,11293,11295
12398: 13771,16117
10102: 10101,10206,9996,9997,10103,10207
16500: 16048,1333,16496,1511,1512
13609: 6285,16198,6404,15764,6639
16925: 16584,15799,14852,15806,1472,1471
9419: 9527,13597,9636
9520: 9411,15602
10301: 10300,10403,10197,10198,10302,10404
2631: 2324,16623,16880
10638: 10637,10639,10537,16581,10738
2633: 16751,16623,16182
11465: 
2635: 16182,16039,2327,14640
15312: 16725,3070,3069,2855,2857,2961
16305: 16958
8890: 9003,9002,8889,8891
11185: 11091,11184,11276,15997,11093,11277
2640: 14408,2744,2641,16894,13192
2641: 2642,2747,2640,14408,13192
2642: 2747,2641,16079,14408
2643: 2748,15723,15758,2540,13240
8900: 8899,9012,8786,8787,9013,8901
2645: 2646,2748,15723,15321,2750
2646: 2645,2647,2750,2751
2647: 2648,2646,2751,2752
2648: 2647,2545,2752,2753
8549: 8664,8663,8548,8435,8434,8550
9367: 9476,9366,9477,9256,9257,9368
2651: 2652,2548,2547,2756
2652: 2548,2651,2653,2756,2757
2653: 2550,2652,2654,2757,2758
2654: 2551,2655,2653,2550,2758,2759
2655: 2551,2552,2654,2656,2759,2760
2656: 2553,2552,2655,2760,2761
8241: 8357,8356,8240,8124,8125,8242
2658: 2555,2554,2762,2763
16558: 16507,13635
2660: 2556,2557,2661,2764,2765
2661: 2557,2662,2660,2766,2765
2662: 2558,2661,2663,2559,2767
2663: 2560,2664,2559,2662,2768,2767
2664: 2560,2663,2665,2768,2769
2665: 2562,2666,2664,2770,2769
2666: 2562,2665,2563,2667,2770,2771
2667: 2563,2564,2666,2668,2771,2772
2668: 2565,2669,2564,2667,2772,2773
2669: 2565,2566,2668,2670,2773,2774
2670: 2567,2671,2566,2669,2774,2775
2671: 2567,2568,2670,2775,2672
2672: 2775,2671,2776
2673: 2570,2674,2777,2778
2674: 2570,2571,2673,2675,2778,2779
2675: 2572,2676,2571,2674,2779,2780
2676: 2572,2675,2573,2677,2780,2781
2677: 2574,2676,2573,2781,2782
15441: 14979,16739,16155
2679: 2576,2680,2575
2680: 2576,2679,2681,2577,2785
2681: 2578,2682,2577,2680,2785
2682: 2578,2681,2579,2683,2787
2683: 2579,2580,2682,2684,2787,2788
2684: 2581,2685,2580,2683,2788,2789
2685: 2581,2684,2480,2686,2789
2686: 2583,2687,2685,2480
2687: 2583,2584,2686,2791
16967: 15359,16117,16621
2689: 2585,16819,2586
2690: 2587,2586,2691,2795,2794
2691: 2588,2692,2587,2690,2795,2796
2692: 2588,2589,2691,2693,2796,2797
2693: 2590,2694,2589,2692,2797,2798
2694: 2590,2591,2693,2695,2798,2799
2695: 2696,2591,2694,2799,2800
2696: 2491,2695,2800,2801
16840: 16224,16380,224
2698: 2594,2699,2802
2699: 2700,2494,2698,2804
2700: 2699,2494,2804,2805
8206: 8090,8207,8089,8205,8321,8322
2702: 2598,2599,2703,2806,2807
2703: 2599,2704,2702,2807,2808
2704: 2703,2601,2810,2808,2809
16919: 15570,17006,3270
2706: 2917,2810,2811
10288: 10287,10185,10391,10390,10389
8937: 9049,15893,8936,8824,16688,9051
2709: 2606,16753,2710,2814
2710: 15487,2711,2709,16753,2814
2711: 15487,2710
8458: 8573,8572,8343,8342,8457,8459
2713: 2715,2818
15674: 5424,16964,5072,16977,16370
2715: 2713
9660: 9661,9769,9551,9552,9768
11359: 11360,15433
8539: 8653,8538,8424,8425,8654,8540
8997: 8884,9109,8998,9110,8885,8996
9816: 15675,16768,9923
2721: 2932,16559,2722
2722: 15167,16559,16920,2721
11381: 11290,11291,11380,11292,11382
8349: 8234,8233,8348
16621: 15359,16967
10133: 16654,10134,10028,10132,15028
10629: 10728,10628,10528,15876
9893: 9894,9999,10000,9785,9786,9892
8671: 8784,8672,8785
8356: 8357,8241,8240,8355,8472,8471
10719: 10718,10720,10620,10817,10818
15194: 11390,11389,14148
2733: 
15110: 11604,12831
14773: 15408
14363: 16733,14333
16803: 16208,197,248
15672: 12584
8588: 8589,8474,8587,8702,8703
8995: 8883,8996,9108,9107
8685: 8799,8798,8686,8571,8570,8684
8852: 9077,16838,8739
16932: 10235,15677,10130,16981,10234
2744: 16383,2640,16306,16894
16524: 10496,10393,10394,10494,10495
10216: 10320,10217,10111,10112,10215,10319
2747: 2642,2641,15758,13420
2748: 2643,15723,15758,2645,2749,15321
2749: 2854,15321,15943,2748,15758,13420
2750: 2751,2855,2857,2645,2646,15321
2751: 2750,2857,2646,2647,2752,15783
2752: 15783,2858,2648,2647,2751,2753
2753: 2754,2648,2752,2858
2754: 2860,2753
16236: 14901,16788,16883
2756: 2862,2861,2652,2651,2757
2757: 2758,2863,2652,2653,2862,2756
2758: 2757,2863,2864,2653,2654,2759
2759: 2760,2865,2655,2654,2758,2864
2760: 2759,2865,2655,2656,2761,2866
2761: 2762,2867,2866,2656,2760
2762: 2761,2867,2658,2763,2868
2763: 2869,2868,2658,2762
2764: 2871,2870,2660,2765
2765: 2766,2872,2660,2661,2764,2871
2766: 2872,2765,2661,2767
2767: 2768,2662,2663,2766
2768: 2874,2767,2664,2663,2769
2769: 2770,2875,2664,2665,2768,2874
2770: 2875,2769,2665,2666,2771,2876
2771: 2772,2877,2876,2666,2667,2770
2772: 2771,2877,2667,2668,2773,2878
2773: 2774,2879,2878,2669,2668,2772
2774: 2773,2879,2669,2670,2775,2880
2775: 2880,2672,2671,2670,2774
2776: 2777,2882,2881,2672
2777: 2882,2776,2673,2778,2883
2778: 2779,2884,2883,2674,2673,2777
2779: 2778,2884,2674,2675,2780,2885
2780: 2885,2886,2781,2675,2676,2779
2781: 2780,2886,2676,2677,2782,2887
2782: 2783,2887,2677,2781
2783: 2782,2887,2784,2888,2889
2784: 2783,2889,2890
2785: 2680,2681
2786: 2892,2891
2787: 2788,2893,2682,2683
2788: 2787,2893,2683,2684,2789,2894
2789: 2790,2894,2684,2685,2788
2790: 2789,2894,2896,2895
2791: 2897,2687,2792
2792: 2793,2898,2791,2897
2793: 2899,2898,2792,2794
2794: 2795,2900,2690,2793,2899
2795: 2900,2794,2901,2690,2691,2796
2796: 2797,2902,2692,2691,2795
2797: 2796,2902,2692,2693,2798,2903
2798: 2799,2904,2903,2694,2693,2797
2799: 2798,2904,2694,2695,2800
2800: 2906,2801,2696,2695,2799
2801: 2800,2906,2696,2802,2907
2802: 2907,2908,2698,2801
16171: 11412
2804: 2910,2700,2699,2805
2805: 2806,2911,2700,2910,2804
2806: 2805,2911,2912,2702,2807
2807: 2808,2702,2703,2806,2912
2808: 2807,2704,2703,2809
2809: 2915,2704,2810,2808
2810: 2601,2704,2706,2809
2811: 2916,16485,2706,2917
10100: 10099,10204,10205,9994,9995,10101
17038: 16549,12154
2814: 16312,2709,2710
2815: 
11575: 15583
16753: 2606,2607,2709,15487,2710,2505
2818: 2713
11188: 11097,11189,12824,11279
15806: 16862,16584,16925,1559,1471
15583: 16170,15966,16834,11575
16701: 4945,5060,5062,16161,5179
9210: 9211,9099,9098,9209
9995: 9888,9994,9889,9996,10100,10101
8897: 8898,9010,9009,8784,8896
9677: 9678,9785,9786,9568,9569,9676
10812: 10713,10714,10813,10909,10910
9406: 
16685: 16292,11621,11449,11534,14044,15918
15348: 2848,16306,16894,2850,2956
16472: 15900,12122,12193
9704: 9705,9486,9596,9595
16627: 690,764
15624: 3239,3349,3131,3132,15798,3240
13900: 16221
10822: 10920,10823,10723,10724,10919,10821
10406: 10304,10407,10303,10405,10508,10507
15199: 16817
11207: 11208,11021,11022,11114,15706
10517: 10416,10516,10616,10518,10617,10618
2841: 2950,16705,16453
10411: 10308,10410,10309,10412,10512,10513
10617: 10717,10815,10618,10517,10616,10716
8591: 8476,8590,8592,8705,8820
9334: 9333,9223,9335,9224,9443,9444
10530: 10428,15876,10632,10631
2847: 16893,2848
2848: 15348,16306,2847
8793: 8679,8680,8792,8794,8907,8906
2850: 16894,13192,15348,2851,2957,2956
2851: 2850,13192,2957
16748: 7783,7900,7782,7665,7666,7784
10818: 10916,10819,10719,10720,11010,10817
2854: 2749,15321,15943,2855,2961
2855: 2750,2857,2854,15321,2961,15312
8652: 8653,8538,8651,8537,8765,8766
2857: 2750,2751,2855,15783,16725,15312
2858: 2752,15783,2753,2964,2965
9103: 9102,8990,8991,9104,9214,9215
2860: 2754,2861,2967
2861: 2862,2756,2860,2968,2967
2862: 2756,2861,2757,2863,2968,2969
2863: 2757,2758,2864,2862,2969,2970
2864: 2758,2863,2759,2865,2970,2971
2865: 2759,2760,2864,2866,2971,2972
2866: 2761,2867,2760,2865,2972,2973
2867: 2761,2762,2866,2868,2973,2974
2868: 2869,2763,2762,2867,2974,2975
2869: 2763,2868,2870,2975
2870: 2764,2871,2869,2976
2871: 2764,2870,2872,2765,2976,2977
2872: 2766,2765,2871,2977,2978
16239: 12883
2874: 2768,2875,2769,2981
2875: 2770,2769,2874,2876,2982,2981
2876: 2771,2877,2770,2875,2982,2983
2877: 2771,2772,2876,2878,2983,2984
2878: 2773,2879,2772,2877,2984,2985
2879: 2773,2774,2878,2880,2985
2880: 2775,2987,2774,2879
2881: 2987,2882,2776,3095,2988
2882: 2777,2776,2881,2883,2989,2988
2883: 2778,2884,2777,2882,2989,2990
2884: 2778,2779,2883,2885,2990,2991
2885: 2780,2886,2779,2884,2991,2992
2886: 2780,2885,2781,2887,2992,2993
2887: 2782,2783,2886,2781,2993,2888
2888: 2994,2995,2783,2887,2993,2889
2889: 2996,2890,2783,2784,2995,2888
2890: 2996,2997,2889,2784,2891
2891: 2998,2892,2786,2997,2890
2892: 2998,2891,2999,2786
2893: 2787,2788,2894,3000
2894: 2789,2790,2788,2893,3000,2895
2895: 3001,3002,2790,2894,2896,3000
2896: 2790,3002,2895,3003
2897: 2791,2898,2792,3004
2898: 2793,2899,2792,2897,3004,3005
2899: 2793,2898,2900,2794,3005,3006
2900: 2795,2794,2901,2899,3007,3006
2901: 2795,2900,3007,3008
2902: 2796,2797,2903,3008,3009
2903: 2798,2904,2797,2902,3009,3010
2904: 2798,2799,2903,3010,3011
16875: 9486,9596,9487,9376,9377,9485
2906: 2800,2801,2907,3012,3013
2907: 2802,2908,2906,2801,3013,3014
2908: 2802,2907,3014,3015
10704: 10703,10801,10604,16554,10705,10802
2910: 2804,2805,2911,3016,3017
2911: 2805,2806,2912,2910,3017,3018
2912: 2806,2911,2807,3018,3019
16661: 12459,16781,13771
10497: 10498,10598,10395,10396,10597,10496
2915: 2809,2916,3022
2916: 2811,2915,3022
2917: 2706,2604,2811,16485
2918: 16312,16485,15795,3024
16876: 8854,14879
16531: 16231
10309: 10310,10412,10205,10206,10308,10411
2922: 16137,3029
8824: 8936,15142,8937,9051
16391: 1793,1698,1888,1792
2925: 16274,3032,3031
17018: 7558,7557,15683
8570: 8571,8456,8569,8455,8684,8685
11554: 11468,16960,11640
16750: 10834,10832,10734,10930
15231: 5537,5303,5300
13073: 11749,16369,14241
2932: 2721,2933,3038
2933: 2932
11716: 11797,14651,15719,16777,16469
8470: 8585,8584,8355,8354,8469,8471
11303: 11211,16335,11302,11394
2937: 15849
8870: 8757,8756,8871,8869,8983,8982
14531: 
14551: 16774
9265: 9153,9264,9266,16403,9376
9042: 8929,9043,8930,9041,9155
12957: 6281,13559,6282
16871: 15005
10028: 9922,16572,10133
14651: 11718,16812,15719,11716,16769,16469
13504: 10984
2948: 16453
8327: 8442,8326,8211,8212,8328,8443
2950: 2841
16769: 16708,16469,14651,16812,11799
10611: 10510,10610,10612,10710,10711
15514: 15828,469
15781: 11636,11719,11550,11718,16812
13398: 3038,16046
2956: 2957,15348,2850,3063
2957: 2956,2850,2851,3065
9370: 9479,9260,9371
2959: 3067,15943,3068
8905: 8904,9017,9018,8791,8792,8906
2961: 2854,2855,15312,3069
16229: 14801,17027,13365,12831
9272: 16318,9273,9271,9160
2964: 3071,16695,15783,2858,16725,2965
2965: 3073,2858,2964,3071
11118: 11025,11117,11024,11211
2967: 2968,3075,2860,2861,3074
2968: 3076,3075,2967,2862,2861,2969
2969: 2970,2862,2863,3076,2968
2970: 2969,3078,2863,2864,2971
2971: 2972,3079,2864,2865,2970,3078
2972: 2971,3079,2865,2866,2973,3080
2973: 2974,3080,2867,2866,2972
2974: 2973,2867,2868,3082,2975
2975: 3082,2869,2868,2974
2976: 2977,3084,3083,2871,2870
2977: 2976,3084,2871,2872,2978,3085
2978: 3085,3086,2872,2977
8785: 8672,8786,8784,8671,8898,8899
2980: 3088,3087
2981: 2982,3089,2874,2875
2982: 3089,2981,2875,2876,2983,3090
2983: 2984,3091,3090,2877,2876,2982
2984: 2983,3091,2877,2878,2985,3092
2985: 3093,3092,2879,2878,2984
13929: 
2987: 2880,2881,3095,3094
2988: 2989,3096,3204,2881,2882,3095
2989: 3096,2988,2882,2883,2990,3097
2990: 2991,3098,3097,2884,2883,2989
2991: 2990,3098,2884,2885,2992,3099
2992: 3099,3100,2993,2885,2886,2991
2993: 2992,3100,2886,2887,2994,2888
2994: 2995,2888,3100,2993,3102
2995: 2994,2888,2996,2889,3102,3103
2996: 2997,2889,2890,2995,3103,3104
2997: 2996,2890,2998,2891,3104,3105
2998: 2892,2891,2999,2997,3106,3105
2999: 2998,2892,3106,3107
3000: 2893,2894,3001,2895
3001: 3002,3109,2895,3108,3000
3002: 3001,3109,3110,2895,2896,3003
3003: 3111,2896,3002,3110
3004: 2897,2898,3005,3112
3005: 3113,3112,2899,2898,3004,3006
3006: 3007,3114,2899,2900,3005,3113
3007: 3114,3006,2900,2901
3008: 3009,3116,2901,2902
3009: 3008,3116,2902,2903,3010,3117
3010: 3117,3118,3011,2904,2903,3009
3011: 3010,3118,2904,3012,3119
3012: 3120,3119,3013,2906,3011
3013: 3012,3120,2906,2907,3014,16890
3014: 3122,16890,2907,2908,3013,3015
3015: 3016,2908,3014,3122
3016: 3015,3124,2910,3017
3017: 3018,3125,2910,2911,3016,3124
3018: 3017,3125,3126,2911,2912,3019
3019: 3020,3127,2912,3018,3126
3020: 3019,3127
16080: 2555,2556,2454
3022: 2915,2916
13247: 15844,16344
3024: 3241,3025,3132,16312,2918,15795
3025: 3241,3024,16312,3027,3133
14847: 11578,11312
3027: 16488,3133,16137,3025
3028: 3029,16488,3135,3245
3029: 3028,2922
15106: 16614,10640,16947,10740
3031: 3140,3032,2925,16797,16274
3032: 3140,3031,2925
9913: 9912,10020,9806,9914
3034: 3140,3141
16717: 4982,15398,14591
8409: 8410,8524,8293,8294
16752: 10791,10790,10593,10692,10789,10693
3038: 13398,16046,2932
16135: 7474,7357,7473,7475,7591,7592
10322: 10218,10219,10323,10321,10424,10425
13583: 16888,5777,5894,16916,6013
16977: 5072,16964,5071,15674
14433: 1356
16618: 5420,16315,5304,5539,5540
10440: 10543,14586,16691,10541
16510: 1900,14848,1899,15933,15108
9012: 8899,8900,9011,9013,9124,9125
16170: 15583,16834,11660
15556: 14463,10977,10976,11163
8664: 8549,8663,8665,8550,8777,8778
9224: 9113,9335,9112,9334,9223
15045: 1179,16212,16995
8902: 8903,9015,8788,8789,9014,8901
11893: 
10923: 10924,11018,10825,10727,10922,11016,17029
8864: 8863,8751,16837,15180
16773: 5656,15149,5773
10244: 10246,16577
9361: 9470,9471,9250,9251,9360,9362
3060: 
9257: 9256,9145,9258,9146,9367,9368
15986: 
3063: 2956,3171,3172
9468: 9469,9359,9578,9467,9358,9577
3065: 3067,2957,3174
8792: 8678,8791,8679,8793,8905,8906
3067: 2959,3065,3068,3174,3175
3068: 3067,2959,3175,15127
3069: 15312,3070,2961,3177,3178
3070: 16725,15312,3069,16695,3178,15657
3071: 2964,16695,3073,2965,3180
9356: 9465,9355,9245,9246,9466,9357
3073: 3074,2965,3071,3182
3074: 3073,3075,2967,3182,3183
3075: 3076,2968,2967,3074,3184,3183
3076: 2968,3075,2969,3184,3185
16968: 5689,5807,16616
3078: 2970,2971,3079,3186,3187
3079: 2971,2972,3078,3080,3187,3188
3080: 2973,2972,3079,3188,3189
9857: 15815,14505,9751
3082: 2975,2974,3190
3083: 2976,3084,3191,3192
3084: 2976,2977,3083,3085,3192,3193
3085: 2978,3086,2977,3084,3193,3194
3086: 2978,3085,3087,3194,3195
3087: 2980,3088,3086,3196,3195
3088: 2980,3087,3196,3197
3089: 2982,2981,3198,3090
3090: 2983,3091,3199,2982,3089,3198
3091: 2983,2984,3090,3200,3199,3092
3092: 2985,3093,3201,2984,3091,3200
3093: 2985,3092,3202,3201,3094
3094: 3203,3095,2987,3093,3202
3095: 3203,3094,2987,2881,2988,3204
3096: 2989,2988,3204,3097,3205,3314
3097: 2990,3098,2989,3096,3205
3098: 2990,2991,3097,3099
3099: 2992,3100,2991,3098
3100: 2992,3099,2993,2994
13939: 15875,16089
3102: 3210,3211,3103,2994,2995
3103: 3211,3102,2995,2996,3212,3104
3104: 3212,3213,2996,2997,3103,3105
3105: 3214,3106,2997,2998,3213,3104
3106: 3214,3105,3215,2998,2999,3107
3107: 3216,3325,2999,3106,3215
3108: 3001,3109,3216,3217
3109: 3001,3002,3110,3108,3217,3218
3110: 3002,3109,3003,3111,3218,3219
3111: 3003,3110,3219,3220
3112: 3005,3113,3004
3113: 3005,3112,3114,3006,3222
3114: 3007,3006,3113,3222,3223
9420: 15903,9311
3116: 3008,3009,3117,3225,3226
3117: 3010,3118,3009,3116,3226,3227
3118: 3010,3117,3011,3119,3227
3119: 3012,3120,3118,3011
3120: 3012,3119,3013,16890,3229
8786: 8672,8673,8785,8787,8899,8900
3122: 3014,16890,3015,3230
16987: 16677
3124: 3016,3017,3125,3232,3233
3125: 3017,3018,3126,3124,3233,3234
3126: 3018,3125,3019,3127,3234,3235
3127: 3019,3020,3126,3235
16801: 4359,4475,4245,4246,4361,4360
16836: 1974,1878,1781,1877,1973,1876
9026: 12825,8914,9025,8913,9138,9139
3131: 15795,3132,3239,15624
3132: 3241,3024,3131,15795,15624,15798
3133: 3027,16488,3241,3025,3242
8790: 8789,8676,8677,8791,8903,8904
3135: 16488,3028,3354,3245
13221: 16899
10204: 10099,10100,10205,10203,10307,10308
8289: 14555,8404,8174,8405,14998
9794: 9685,9793,9686,9901
3140: 3032,3031,3034,3141
3141: 3249,3140,3034
8460: 8459,8574,8689,8344,8575
10706: 10804,10607,10707
16979: 10946
8751: 8638,8639,8637,8864
12917: 16629,16139,14751,13043
16071: 16736,14505,9532,9642
17006: 16919,15570
14928: 16820,16457,7564
16731: 14988
8675: 8560,8561,8674
13981: 692,16972,16532,16763
15783: 2752,2858,2751,2857,16725,2964
9690: 9799,9798,9691,9581,9582,9689
15600: 
9682: 9683,9791,9574,9790,9681,9573
9242: 9241,9130,9131,9243,9352,9353
8690: 8691,8804,8689,8576,8802,8803
9982: 9875,9981,9876,10087,10088
10103: 10104,10208,10207,9998,9997,10102
3161: 
9781: 9672,9673,9782,9888,9780,9889
9755: 9647,16951,9646,9862,9863
15092: 15334,16514,15529
16440: 8525,8295,8411,8410,15350
12459: 16661
15450: 
8346: 8461,8345,8231,8230,8347
3169: 3390
16154: 13635,16507,15073
3171: 3063,3172
3172: 3063,3171
10893: 10989,10988,15599,10797,10796
3174: 3175,3283,3067,3065
3175: 3174,3067,3068,15127
9763: 9655,9764,9654,9871
3177: 15127,3286,3069,3178,3287
3178: 3179,15657,3287,3070,3069,3177
3179: 3178,15657,3287,3289,3399,3288
3180: 3289,3290,3071,16695,15657
15815: 9857,9751,15466,16458
3182: 3291,3074,3073,3183
3183: 3292,3184,3074,3075,3182
3184: 3292,3293,3183,3076,3075,3185
3185: 3186,3076,3184,3293
3186: 3185,3295,3078,3187
3187: 3188,3296,3078,3079,3186,3295
3188: 3187,3296,3079,3080,3189,3297
3189: 3298,3190,3297,3080,3188
3190: 3189,3298,3082,3299
3191: 3300,3083,3192,3301
3192: 3193,3302,3301,3084,3083,3191
3193: 3192,3302,3084,3085,3194,3303
3194: 3303,3304,3085,3086,3193,3195
3195: 3196,3305,3086,3087,3194,3304
3196: 3306,3305,3195,3088,3087,3197
3197: 3307,3088,3196,3306
3198: 3089,3090,3199
3199: 3091,3090,3200,3198
3200: 3091,3199,3092,3201
3201: 3093,3092,3202,3200,3311
3202: 3093,3201,3203,3094,3311,3312
3203: 3095,3094,3202,3204,3312,3313
3204: 3096,2988,3203,3095,3313,3314
3205: 3314,3096,3097,3206
3206: 3207,3205,3315,3316
3207: 3206,3208,3317,3316
3208: 3209,3207,3317,3318
3209: 3208,3210,3318,3319
3210: 3211,3102,3209,3319
3211: 3210,3102,3103,3212,3321
3212: 3213,3104,3211,3103,3321,3322
3213: 3212,3104,3214,3105,3322,3323
3214: 3106,3105,3215,3213,3324,3323
3215: 3214,3106,3325,3107,3324,3435
3216: 3326,3325,3107,3108,3217
3217: 3218,3327,3108,3109,3326,3216
3218: 3217,3327,3328,3109,3110,3219
3219: 3220,3329,3110,3111,3218,3328
3220: 3219,3329,3111,3221,3330
3221: 3222,3330,3331,3220
3222: 3221,3331,3113,3114,3223,3332
3223: 3332,3333,3224,3114,3222
3224: 3223,3333,3225,3334
3225: 3335,3334,3226,3116,3224
3226: 3335,3225,3116,3117,3227,3336
3227: 3337,3336,3117,3118,3226
16998: 9823,16714
3229: 3230,3339,3120,16890,3338
3230: 3339,3340,3229,3122,16890
16602: 
3232: 3342,3341,3124,3233
3233: 3234,3343,3124,3125,3342,3232
3234: 3233,3343,3344,3125,3126,3235
3235: 3345,3126,3127,3234,3344
16187: 16913,15459,10652
3237: 3347,3346
9316: 9315,9425,9426
3239: 3348,3349,15624,3131
3240: 3351,15798,3349,15624,3460,3461
3241: 3025,3132,3024,3133,15798,3242
3242: 3351,15798,3241,3133
9657: 9658,9766,9765,9549,9548,9656
16376: 11961,11960,16605,12036
3245: 3354,3028,3135
14737: 1329,15609,1327,1416
3247: 14786,16797,3248
3248: 3249,16104,16797,3247
3249: 3248,16104,3141
9679: 9787,9788,9680,9570,9571,9678
3251: 15830,3252
3252: 16662,3251,15830
16070: 1716,1906,1812,1907
3254: 15951,16462,15935
11781: 16765,15515
8782: 8783,8669,8668,8781
10887: 10886,16903,10790,10888,10982
11209: 14541,16663,11117,11208,11300
10209: 10105,10210,10104,10208,10312,10313
11215: 16331
11003: 10909,11004,10908,11002
9532: 9533,9642,16071
8672: 8673,8786,8785,8671
16754: 3461,3573,3351,3574,15158
10095: 10096,10200,9989,9990,10094,10199
13983: 7094,16873,15692,13689,7091
10601: 10501,10602,10600,10500,10700
15184: 
8827: 16176,15961
3270: 16919
16373: 7118,6999,7000,7237,7236,7119
16912: 11191,16914,11192
9031: 8918,9030,9032,8919,9143,9144
16377: 2390,2492,2490,2389,2491,2594
8253: 8138,8252,8368,8254
16955: 1770,1769,1676,1582
13893: 8139,17034,8138,8370
16211: 13346,15859,1400
11357: 11356,11266,11445,15229
8214: 8329,8330,8215,8097,8098,8213
10504: 10503,10604,10402,16554
8802: 8688,8915,8803,8574,8689,8690
3283: 3174
15726: 15200,15485,15512
15433: 11359,11360,16292,11449
3286: 15127,3177,3287,3396,3397
3287: 3178,3179,3177,3286,3397,3288
3288: 3398,3399,3510,3179,3287,3397
3289: 3180,3290,3179,15657,3399,3400
3290: 3180,3289,3291,3400
3291: 3182,3290,12820
3292: 3184,3293,3183,3404,3403
3293: 3292,3184,3185,3404,3405
9245: 9244,9133,9134,9246,9355,9356
3295: 3186,3187,3296,3406,3407
3296: 3187,3188,3295,3297,3407
3297: 3189,3298,3188,3296,3408
3298: 3189,3190,3297,3299,3409,3408
3299: 3300,3298,3190,3409,3410
3300: 3191,3299,3301,3410,3411
3301: 3192,3302,3300,3191,3411,3412
3302: 3192,3193,3301,3303,3412,3413
3303: 3194,3304,3193,3302,3413,3414
3304: 3194,3303,3305,3195,3414,3415
3305: 3196,3306,3195,3304,3415,3416
3306: 3196,3305,3197,3307,3416,3417
3307: 3197,3308,3306,3418,3417
3308: 3307,3309,3418,3419
3309: 3310,3308,3420,3419
3310: 3309,3421,3420,3532
3311: 3421,3422,3202,3201,3312
3312: 3423,3313,3202,3203,3422,3311
3313: 3312,3423,3203,3204,3314,3424
3314: 3205,3424,3096,3204,3313
3315: 3425,3206,3426,3316
3316: 3426,3427,3317,3206,3207,3315
3317: 3427,3316,3207,3208,3428,3318
3318: 3428,3429,3319,3208,3209,3317
3319: 3429,3318,3209,3210,3430
14516: 14382,16792,10774,15838
3321: 3431,3211,3212,3432,3322
3322: 3432,3433,3212,3213,3321,3323
3323: 3434,3324,3213,3214,3433,3322
3324: 3434,3546,3323,3214,3215,3435
3325: 3326,3216,3107,3215,3435,3436
3326: 3216,3325,3217,3327,3436,3437
3327: 3217,3218,3328,3326,3437,3438
3328: 3218,3327,3219,3329,3438,3439
3329: 3219,3220,3328,3330,3439,3440
3330: 3221,3331,3220,3329,3440
3331: 3221,3222,3330,3332,3442
3332: 3223,3333,3222,3331,3442,3443
3333: 3223,3332,3224,3334,3443,3444
3334: 3335,3225,3333,3224,3444,3445
3335: 3225,3334,3226,3336,3445,3446
3336: 3337,3227,3335,3226,3446,3447
3337: 3227,3336,3447
3338: 3339,3229,3449
3339: 3230,3340,3229,3338,3449,3450
3340: 3230,3339,3341,3450,3451
3341: 3342,3232,3340,3451,3452
3342: 3232,3341,3233,3343,3452,3453
3343: 3233,3234,3344,3342,3453,3454
3344: 3234,3343,3235,3345,3454,3455
3345: 3235,3346,3344,3455,3568
3346: 3345,3237,3347,3568
3347: 3237,3346,3348,3458
3348: 3239,3349,3347,3458
3349: 3239,3348,15624,3240,3460
14297: 11072,10979,16121,11074,15017
3351: 15798,3240,3242,3461,16754
14698: 16939
8441: 8442,8326,8440,8325,8555,8556
3354: 3245,3135
16337: 15704,16737,16700,15196
11088: 16667,11180,10994,10995,11087,15862
14964: 2139,1847,2043
16882: 
16810: 15429,15196,15704,15793
10715: 10716,10813,10615,10614,10714
10294: 10397,10396,10191,10295
3362: 16402,16662
11785: 14910,15918
10304: 10407,10406,10303,10201,10200,10305
8250: 8249,8133,8017,8018,8135,16233
9746: 9854,9960,16740,9853
9341: 9450,9340,9230,9231,9451,9342
12315: 16128,14628,13924
8797: 8683,8796,8684,8798,8910
8586: 8587,8472,8471,8585,8701
16507: 16558,16154,15073,16234
8364: 8363,15215,8248,16591,8480,8365
12831: 13365,16229,15110
11084: 16291,10990,11085,11177
15751: 10386,10283,15637,16014,10384
9591: 9481,9590,9482,9592,16284,9700
11782: 13042,11783,15515
11449: 16292,11621,16685,15433,11536
14114: 
9801: 9802,9694,9693,9800,9908,9909
16535: 9542,9651,9543,9652,9544
9798: 9799,9690,9689,9797,9905,9906
13441: 
9577: 9685,9576,9467,9468,9578
9236: 9235,9124,9237,9125,9346,9347
8415: 8529,16778,8299,8300,8416,8530
15068: 13837,6012,5893,5894,6011,6013
11793: 
11173: 16393,16798
3390: 3391,3169
3391: 3390
8796: 8797,8683,8795,8682,8910
14586: 10440,10543,15746,10544,10644
16551: 15642,16353
8537: 8651,8536,8422,8423,8652,8538
3396: 3397,3508,3507,3286
3397: 3396,3508,3286,3287,3398,3288
3398: 3510,3288,3397,3508,3509,3620
3399: 3510,3288,3179,3289,3400,3511
3400: 3511,3512,3289,3290,3399
8249: 8250,8133,16591,16233,8365,8366
3402: 3514,12820,3512,3624,3513
3403: 3404,3515,3292,3514,12820
3404: 3516,3515,3403,3292,3293,3405
3405: 3406,3517,3293,3516,3404
3406: 3405,3517,3518,3295,3407
3407: 3519,3295,3296,3406,3518
3408: 3409,3520,3298,3297
3409: 3520,3408,3298,3299,3410,3521
3410: 3411,3522,3521,3300,3299,3409
3411: 3410,3522,3300,3301,3412,3523
3412: 3413,3524,3523,3302,3301,3411
3413: 3412,3524,3302,3303,3414,3525
3414: 3415,3526,3525,3303,3304,3413
3415: 3414,3526,3304,3305,3416,3527
3416: 3528,3527,3306,3305,3415,3417
3417: 3418,3306,3307,3416,3528
3418: 3530,3417,3307,3308,3419
3419: 3531,3420,3308,3309,3418,3530
3420: 3531,3642,3419,3309,3310,3532
3421: 3422,3311,3310,3532,3533
3422: 3421,3311,3312,3423,3533,3534
3423: 3312,3313,3422,3424,3534,3535
3424: 3314,3423,3313,3535
3425: 3315,3426,3537,3536
3426: 3427,3316,3425,3315,3537,3538
3427: 3426,3317,3316,3428,3539,3538
3428: 3429,3318,3427,3317,3539,3540
3429: 3428,3318,3319,3430,3540,3541
3430: 3431,3429,3319,3541,3542
3431: 3430,3321,3432,3542,3543
3432: 3433,3322,3431,3321,3543,3544
3433: 3432,3322,3434,3323,3544,3545
3434: 3324,3546,3323,3433,3656,3545
3435: 3436,3547,3215,3325,3324,3546
3436: 3435,3547,3548,3326,3325,3437
3437: 3438,3549,3326,3327,3436,3548
3438: 3437,3549,3550,3327,3328,3439
3439: 3440,3551,3328,3329,3438,3550
3440: 3439,3551,3329,3330,3552
9847: 16446,16625
3442: 3553,3331,3332,3443,3554
3443: 3554,3555,3444,3332,3333,3442
3444: 3443,3555,3333,3334,3445,3556
3445: 3557,3556,3446,3335,3334,3444
3446: 3557,3445,3335,3336,3447,3558
3447: 3559,3558,3337,3336,3446
9686: 9687,9794,9795
3449: 3338,3339,3450,3561
3450: 3561,3562,3339,3340,3449,3451
3451: 3452,3563,3340,3341,3450,3562
3452: 3451,3563,3564,3342,3341,3453
3453: 3454,3565,3342,3343,3452,3564
3454: 3453,3565,3566,3343,3344,3455
3455: 3568,3344,3345,3454,3566
9254: 9142,9143,9255,9253,9365,9364
8235: 8351,8350,8236
3458: 3347,3348,3569
10989: 10893,10988,11082,16291
3460: 3571,3349,3240,3572,3461
3461: 3572,3573,16754,3351,3240,3460
8322: 8438,8323,8206,8207,8321,8437
9403: 
8463: 8578,8464,8462,8577
9330: 9329,9219,9220,9331,9439,9440
3466: 3467,14786
3467: 3466,16989,14786,3579
16474: 16210,15927,13133,12685
9003: 8890,9002,9004,8891,9115,9116
3470: 3582,16568,15656
3471: 15830,16568
14881: 
9810: 9593,9701,9917,9918
14910: 11785,14044,16940
8921: 9034,8922,8807,8808,8920,9033
11182: 11089,11183,15862,11274,11181,16667
9440: 9439,9549,9330,9331,9441,9550
13865: 10774,16973,16478,16792
9896: 9895,10002,9788,9789,9897,10003
10731: 10732,10829,10631
15544: 1104,1185,14078,13654
14376: 15650
14422: 595,16896
10310: 10309,10412,10206,10207,10311,10413
15356: 13045,15000
8812: 8813,8699,8811,8698,8925,8926
8355: 8239,8354,8356,8240,8470,8471
3488: 16308,16745,16818,3600
14606: 16446
8578: 8463,8579,8577,8692,8693
15930: 10343,16173,10445,13672
9005: 8892,9004,8893,9006,9117,9118
8455: 8569,8454,8339,8340,8456,8570
9025: 9024,8912,8913,9026,9137,9138
9455: 9456,9346,9454,9345,9564,9565
9769: 9661,9770,9660,9768,9877,9876
14709: 15671,1667,15006
9349: 9459,9350,9238,9239,9458,9348
3499: 
9860: 9859,9966,14955,9753,9967,9754
8584: 8585,8470,8583,8469,8698,8699
15164: 11898,16692
8228: 8344,8229,8345
8811: 8697,8810,8698,8812,8925
9239: 9128,9127,9240,9238,9349,9350
3506: 3507
3507: 3396,3508,3506,3618
3508: 3396,3397,3507,3398,3618,3509
3509: 3618,3508,3398,3620
3510: 3398,3399,3288,3511,3620,3621
3511: 3400,3512,3399,3510,3621,3622
3512: 3400,3511,3402,3622,3513
3513: 3624,3735,3512,3402,3623,3622
3514: 3402,12820,3515,3403,3624,3625
3515: 3516,3404,3403,3514,3625,3626
3516: 3404,3515,3405,3517,3627,3626
3517: 3405,3406,3518,3628,3627,3516
3518: 3406,3517,3628,3407,3519,3629
3519: 3407,3630,3629,3518
3520: 3409,3408,3521,3631
3521: 3410,3522,3409,3520,3631,3632
3522: 3410,3411,3521,3523,3632,3633
3523: 3412,3524,3411,3522,3633,3634
3524: 3412,3413,3523,3525,3634,3635
3525: 3414,3526,3413,3524,3635,3636
3526: 3414,3415,3525,3527,3636,3637
3527: 3416,3528,3415,3526,3637,3638
3528: 3416,3527,3417,3638,3639
10022: 9915,16160,10127,10128
3530: 3418,3531,3419,3640,3641
3531: 3420,3642,3419,3530,3641
3532: 3643,3533,3310,3421,3420,3642
3533: 3532,3643,3421,3422,3534,3644
3534: 3645,3535,3644,3422,3423,3533
3535: 3534,3645,3423,3424
3536: 3647,3537,3425,3646
3537: 3647,3648,3536,3425,3426,3538
3538: 3539,3649,3426,3427,3648,3537
3539: 3649,3538,3427,3428,3650,3540
3540: 3650,3651,3541,3428,3429,3539
3541: 3651,3540,3429,3430,3652,3542
3542: 3652,3653,3543,3430,3431,3541
3543: 3653,3542,3431,3432,3654,3544
3544: 3654,3655,3432,3433,3543,3545
3545: 3656,3767,3433,3434,3655,3544
3546: 3434,3324,3435,3547,3656,3657
3547: 3435,3436,3548,3546,3657,3658
3548: 3436,3547,3437,3549,3658,3659
3549: 3437,3438,3550,3548,3659,3660
3550: 3438,3549,3439,3551,3660,3661
3551: 3439,3440,3550,3552,3661,3662
3552: 3553,3440,3551,3662,3663
3553: 3442,3552,3554,3663,3664
3554: 3443,3555,3553,3442,3664,3665
3555: 3443,3554,3444,3556,3665,3666
3556: 3557,3445,3555,3444,3666,3667
3557: 3445,3556,3446,3558,3667,3668
3558: 3559,3447,3557,3446,3668,3669
3559: 3447,3558,3560,3669,3670
3560: 3559,3670
3561: 3450,3562,3449,3671,3672
3562: 3450,3561,3451,3563,3672,3673
3563: 3451,3452,3564,3562,3673,3674
3564: 3452,3563,3453,3565,3674,3675
3565: 3453,3454,3566,3564,3675,3676
3566: 3454,3565,3455,3676,3677
3567: 
3568: 3455,16399,3345,3346
3569: 3571,3458,3680,3681
16111: 4031,16980
3571: 3460,3569,3572,3681
3572: 3461,3573,3460,3571,3683
3573: 3572,3461,16754,3574,3683
3574: 15158,3573,16754
8506: 
3576: 14760
15365: 16921
9095: 9096,8983,8982,9094,9206,9207
3579: 16901,16104,3467,16989
3580: 16989,16901
3581: 16136,15656,3582,3691,16019
3582: 3470,16568,3583,15656,16136,3581
3583: 3582,16568,16402,16136
8435: 8319,8434,8436,8320,8549,8550
9683: 9792,9791,9682,9574,9575,9684
9445: 9554,9555,9444,9335,9225,9336
8475: 8476,8590,8359,8589,8474
10689: 10787,16502,16697,10788
10122: 10121,10226,10016,10227
17033: 15357,11790,16491
8293: 8177,8178,8294,8409
9959: 10065,10169,16740
9782: 9673,9674,9781,9783,9889,9890
8663: 8549,8664,8548,8662,8776,8777
8888: 9001,9000,8889
8696: 8695,8809,8581,8582,8697,8810
15604: 15363,16985
15715: 16360,16628,16633
11388: 11389,11298,11297,11475,16907,16259
3600: 15612,3488,16818
14870: 13802,13111,16970
10412: 10309,10310,10411,10413,10513,10514
12049: 12122,16319,16124
9685: 9684,9793,9794,9576,9577
3605: 
3606: 16739
11090: 11091,11184,10997,10998,11089,11183
3608: 3721,16715
16350: 14675,16272
11440: 16728
8547: 8432,8661,8662,8546,8433,8548
3612: 3723
17023: 16706,15843,15527,782,16949
3614: 3725,16965
15894: 15388,1758,1570,1571
3616: 3617,3727
3617: 3616,3729,16278
3618: 3509,3729,3508,3507
15777: 16845,15165,11412
3620: 3621,3732,3398,3510,3509
3621: 3620,3732,3510,3511,3733,3622
3622: 3623,3733,3511,3512,3621,3513
3623: 3733,3622,16447,3735,3847,3513
3624: 3736,3735,3513,3514,3402,3625
3625: 3737,3626,3514,3515,3736,3624
3626: 3625,3737,3738,3516,3515,3627
3627: 3517,3628,3516,3738,3626,3739
3628: 3517,3518,3627,3629,3739,3740
3629: 3519,3630,3518,3628,3740,3741
3630: 3519,3629,3741
3631: 3742,3743,3520,3521,3632
3632: 3633,3744,3522,3521,3631,3743
3633: 3632,3744,3522,3523,3634,3745
3634: 3635,3746,3745,3524,3523,3633
3635: 3634,3746,3524,3525,3636,3747
3636: 3637,3748,3747,3526,3525,3635
3637: 3636,3748,3526,3527,3638,3749
3638: 3750,3749,3528,3527,3637,3639
3639: 3640,3751,3528,3638,3750
3640: 3751,3752,3639,3530,3641
3641: 3753,3530,3531,3640,3752
3642: 3531,3420,3532,3643
3643: 3532,3533,3642,3644
3644: 3534,3645,3643,3533
3645: 3534,3535,3644
3646: 3757,3647,3758,3536
3647: 3758,3648,3537,3536,3646,3759
3648: 3647,3537,3649,3538,3759,3760
3649: 3539,3538,3648,3650,3761,3760
3650: 3651,3540,3539,3649,3761,3762
3651: 3650,3540,3541,3652,3762,3763
3652: 3653,3542,3651,3541,3763,3764
3653: 3652,3542,3543,3654,3764,3765
3654: 3655,3544,3653,3543,3765,3766
3655: 3654,3544,3767,3545,3766,3879
3656: 3767,3768,3545,3434,3546,3657
3657: 3658,3769,3546,3547,3656,3768
3658: 3657,3769,3770,3547,3548,3659
3659: 3660,3771,3548,3549,3658,3770
3660: 3659,3771,3549,3550,3661,3772
3661: 3662,3773,3772,3550,3551,3660
3662: 3661,3773,3551,3552,3663,3774
3663: 3664,3774,3775,3553,3552,3662
3664: 3663,3775,3553,3554,3665,3776
3665: 3776,3777,3666,3554,3555,3664
3666: 3665,3777,3555,3556,3667,3778
3667: 3779,3778,3557,3556,3666,3668
3668: 3669,3780,3557,3558,3779,3667
3669: 3668,3780,3781,3559,3558,3670
3670: 3559,3560,3669,3781
3671: 3782,3561,3783,3672
3672: 3783,3784,3561,3562,3671,3673
3673: 3674,3785,3562,3563,3784,3672
3674: 3673,3785,3786,3563,3564,3675
3675: 3676,3787,3564,3565,3674,3786
3676: 3675,3787,3788,3565,3566,3677
3677: 3678,3789,3566,3676,3788
3678: 3677,3789,3790,16399,3679
3679: 3680,3791,16399,3678,3790
3680: 3679,3791,3569,3681,3792
3681: 3792,3571,3569,3680
8472: 8587,8586,8471,8357,8356
3683: 3794,3572,3573
9891: 9892,9998,9997,9784,9783,9890
8344: 8228,8343,8459,8460
16139: 12917,16629,15654,14751
12559: 14245,15808,12560,14502
3688: 3799,14760,3800
10908: 10907,11002,10810,10909,11003
12395: 12263,16006,16781
3691: 3801,16019,15656,16901,3581
16112: 1092,15462
8816: 8702,8703,8817,8815,8929,8930
15745: 12661,14024,16092,16385,14571
16399: 3568,3678,3679
3696: 3697,13560
3697: 13560,3696
16888: 5777,13583,5897,6014,16916,5895
10302: 10404,10405,10198,10199,10301,10303
16566: 16757,13825,16628
10604: 10503,10504,10603,16554,10703,10704
16815: 2412
8525: 16440,8526,15350,8640,16657
15961: 16176,8827,8712,14987
15675: 9816,9599,16768,9709
8440: 8439,8324,8325,8441,8554,8555
10796: 10697,10797,10892,10893,15599
9213: 9212,9323,9101,9102,9324,9214
10709: 10710,10808,10609,10610,10708,10807
13243: 10343,10345
10198: 10094,10199,10093,10197,10301,10302
16577: 16937,10244
9689: 9688,9797,9580,9581,9690,9798
10984: 10890,10889,13504,11078
8656: 8542,8428,8769,8657
11175: 16291,11082,11266
11468: 11553,11554,16960,11467,11380
11005: 16795,11098
9144: 9256,9145,9031,9032,9143,9255
9874: 9873,9766,9767,9875,9981
3721: 3608,3832,3834
13648: 
3723: 3612,14703
11459: 11370
3725: 3614,16965
15698: 9196,9195,16902,13757
3727: 3616
8354: 8355,8239,8353,8238,8469,8470
3729: 3618,3842,3617,16278
10018: 9911,9912
10215: 10319,10421,10318,10111,10216
3732: 3620,3621,3844,3734,3733
3733: 3623,3622,16447,3621,3732,3734
3734: 3844,3732,3733,16447,3845,3846
3735: 3736,3624,3848,3847,3513,3623
3736: 3624,3735,3848,3625,3849,3737
3737: 3625,3849,3738,3850,3626,3736
3738: 3737,3850,3626,3627,3851,3739
3739: 3852,3851,3740,3628,3627,3738
3740: 3852,3739,3628,3629,3853,3741
3741: 3854,3853,3630,3629,3740
3742: 3631,3743,3855
3743: 3631,3742,3855,3632,3744,3856
3744: 3632,3633,3743,3745,3857,3856
3745: 3634,3746,3633,3744,3857,3858
3746: 3634,3635,3745,3747,3858,3859
3747: 3636,3748,3635,3746,3859,3860
3748: 3636,3637,3747,3749,3860,3861
3749: 3638,3750,3637,3748,3861,3862
3750: 3638,3749,3751,3639,3862,3863
3751: 3640,3752,3639,3750,3863,3864
3752: 3640,3751,3753,3641,3864,3865
3753: 3754,3641,3752,3866,3865
3754: 3753,3866,3867
3755: 3756,3867,3868
3756: 3757,3755,3868,3869
3757: 3646,3756,3758,3869,3870
3758: 3647,3757,3646,3870,3871,3759
3759: 3871,3872,3647,3758,3648,3760
3760: 3873,3761,3648,3649,3872,3759
3761: 3873,3760,3649,3650,3874,3762
3762: 3874,3875,3763,3650,3651,3761
3763: 3875,3762,3651,3652,3876,3764
3764: 3876,3877,3765,3652,3653,3763
3765: 3877,3764,3653,3654,3878,3766
3766: 3878,3654,3655,3765,3879
3767: 3656,3768,3545,3655,3880,3879
3768: 3656,3767,3657,3769,3880,3881
3769: 3657,3658,3770,3768,3881,3882
3770: 3658,3769,3659,3771,3882,3883
3771: 3659,3660,3770,3772,3883,3884
3772: 3661,3773,3660,3771,3884,3885
3773: 3661,3662,3772,3774,3885,3886
3774: 3663,3775,3662,3773,3886,3887
3775: 3663,3664,3774,3776,3887,3888
3776: 3665,3777,3664,3775,3888,3889
3777: 3665,3776,3666,3778,3889,3890
3778: 3779,3667,3777,3666,3890,3891
3779: 3667,3778,3668,3780,3891,3892
3780: 3668,3669,3781,3893,3779,3892
3781: 3669,3780,3893,3670,3894
3782: 3894,3895,3671,3783
3783: 3896,3784,3672,3782,3895,3671
3784: 3896,3783,3672,3673,3785,3897
3785: 3673,3674,3786,3897,3784,3898
3786: 3674,3785,3675,3787,3898,3899
3787: 3675,3676,3788,3786,3900,3899
3788: 3676,3787,3677,3789,3900,3901
3789: 3677,3678,3790,3788,3902,3901
3790: 3678,3789,3679,3791,3902,3903
3791: 3679,3680,3790,3792,3903,3904
3792: 3681,3793,3680,3791,3904
3793: 3792,3794,3905,3906
3794: 3683,3793,3907
17005: 6520,16127,6402,15764,16362
3796: 
8682: 8681,8795,8567,8568,8683,8796
9918: 10025,9811,10130,9810,9917
3799: 3688,14760,16342,3800,3911
3800: 3688,3799
3801: 3691,16019
9439: 9440,9549,9548,9329,9330,9438
11348: 
3804: 16136,3916
9359: 9468,9469,9360,9249,9248,9358
9424: 9533,9534,9314,9315,9425
15808: 13624,12560,12559,14245
10426: 10528,10427,10323,10324,10425,10527
11889: 13423,11810,15818,16238
11186: 11187,11093,11277,13658,11369,11368
14476: 10784,10882,10976
16929: 11807,11887,11806,15963,11725
9099: 8987,8986,9098,9100,9210,9211
9575: 9683,9574,9465,9466,9684,9576
10343: 15930,16173,10345,13243
11378: 11377,11288,11467,11466,11553
14880: 15768
10792: 10694,16222,10693,10791,10890,10889
10888: 10982,10791,10790,10887,10889
8446: 8330,8445,8331,8447,8560,8561
10289: 15994,10185,10391,10290,10392,10186
15127: 3177,3286,3068,3175
16405: 1404
9339: 9448,9338,9228,9229,9340,9449
15000: 6491,15356
10038: 10142,10144,16316
10081: 10080,10082,9976,15994,10186
16608: 15909,16421,15761
9656: 9655,9764,9547,9548,9657,9765
8891: 8892,9004,8890,9003
3831: 12841,16155,16872,15921,3945
3832: 12841,3721
9204: 9314,9203,9315
3834: 4062,3721
3835: 14703,4062
16941: 14014,16672,13708,1713
11453: 17010,11364
10113: 10112,10007,10114,10008,10217,10218
10308: 10307,10410,10411,10204,10205,10309
16208: 197,16803
3841: 3955,3954,16278,16116
3842: 3729,16278,16116,3843
3843: 3842,3844
3844: 3732,3734,3843,3845
3845: 3958,3959,3844,3734,3846
3846: 3960,3734,16447,3959,3845
3847: 3735,3848,3623,16447,3961
3848: 3736,3735,3847,3849,3962,3961
3849: 3737,3850,3736,3848,3962,3963
3850: 3849,3737,3738,3851,3964,3963
3851: 3852,3739,3738,3850,3964,3965
3852: 3851,3739,3740,3853,3965,3966
3853: 3854,3741,3852,3740,3966,3967
3854: 3853,3741,3967,3968
3855: 3742,3743,3969,3856
3856: 3857,3970,3743,3855,3744,3969
3857: 3970,3856,3744,3745,3858,3971
3858: 3859,3972,3971,3746,3745,3857
3859: 3858,3972,3746,3747,3860,3973
3860: 3861,3974,3973,3748,3747,3859
3861: 3860,3974,3748,3749,3862,3975
3862: 3863,3975,3976,3750,3749,3861
3863: 3862,3976,3750,3751,3864,3977
3864: 3977,3978,3751,3752,3863,3865
3865: 3866,3979,3752,3753,3864,3978
3866: 3980,3979,3865,3754,3753,3867
3867: 3981,3754,3755,3980,3866
3868: 3981,3755,3756,3869,3982
3869: 3983,3982,3870,3757,3756,3868
3870: 3869,3983,3757,3758,3871,3984
3871: 3984,3985,3872,3759,3758,3870
3872: 3871,3985,3759,3873,3986,3760
3873: 3987,3986,3761,3760,3872,3874
3874: 3875,3988,3762,3987,3873,3761
3875: 3874,3988,3762,3763,3876,3989
3876: 3877,3764,3875,3763,3989,3990
3877: 3876,3764,3765,3878,3991,3990
3878: 3766,3877,3765,3991,3992
3879: 3880,3993,3655,3767,3766
3880: 3993,3994,3879,3767,3768,3881
3881: 3882,3995,3768,3769,3880,3994
3882: 3881,3995,3996,3769,3770,3883
3883: 3884,3997,3770,3771,3882,3996
3884: 3883,3997,3771,3772,3885,3998
3885: 3886,3999,3998,3773,3772,3884
3886: 3885,3999,3773,3774,3887,4000
3887: 3888,4000,4001,3774,3775,3886
3888: 3887,4001,3775,3776,3889,4002
3889: 4002,4003,3890,3776,3777,3888
3890: 3889,4003,3777,3778,3891,4004
3891: 4004,4005,3779,3778,3890,3892
3892: 4006,3779,3780,3893,3891,4005
3893: 3780,3781,4006,3892
3894: 3782,3781
3895: 3782,3896,3783
3896: 3783,3784,3895,3897
3897: 3785,3896,3784,3898
3898: 4012,3785,3786,3897,3899
3899: 4013,3900,3786,3787,4012,3898
3900: 4014,4013,3899,3787,3788,3901
3901: 3902,3788,3789,4014,3900
3902: 4016,3901,3789,3790,3903
3903: 4017,3904,3790,3791,4016,3902
3904: 3903,4017,3791,3792,3905
3905: 3906,4019,4018,3793,3904
3906: 3905,4019,3793,3907,4020
3907: 4021,4020,3794,3906
16619: 12377
10327: 10328,10429,10223,10224,10326
3910: 4023,16342,3911,14894
3911: 4024,14894,3799,16342,3910
9469: 9468,9359,9360,9579,9578,9470
15591: 
3914: 3916,14915,4028,16019
11288: 11289,11467,11196,11198,11378
3916: 3914,14915,3804
16771: 15403,11308
9994: 9887,9888,9995,10099,10100
16865: 1733,16388
16360: 16628,16943,17012,15715,16633
10802: 10803,10705,10801,10704,10899,10900
10821: 10918,10919,10723,10623,10822
16895: 11308,11309,11124,11125
15857: 14589,15648
8427: 8312,8311,8426,8542,8541
16775: 5448,16100,5330,15597
9006: 8893,8894,9005,9007,9118,9119
10720: 10621,10721,10620,10719,10819,10818
9369: 9368,9478,9258,9259
9624: 13846
11308: 11309,16895,16771,11486
9193: 16125,9194
15466: 15815
16225: 1154,1325,1070
9696: 9588,9804
10890: 10984,10889,10792,16222,16569
10300: 10403,10301,10197,10196,10299
15812: 15167,16920
9864: 9865,9970,9757,16898,9863
10525: 10524,10423,10424,16802,10625,10626
11328: 
9901: 9900,9793,9794
8416: 8417,8531,8530,8300,8301,8415
3944: 16996,4058
3945: 15043,12841,3831,15921,3946
3946: 15620,12841,3945
16480: 5447,14415,16100
9649: 9758,9757,9541,9540
16681: 16633,16286
14998: 16934,14555,8289,8405,17036
10968: 10874
9700: 9701,9591,9592,9808,16284
3953: 3954,4067
3954: 3955,3841,3953,4069
3955: 3841,3954,3956,16116,4069,4070
3956: 16116,3955,4070,4071
8808: 8694,8807,8921,8922
3958: 3959,3845,4072,4073
3959: 3958,3845,3846,3960,4073,4074
3960: 3846,3959,4074,4075
3961: 3962,4076,3848,3847
3962: 4076,3961,3848,3849,3963
3963: 3964,4078,3849,3850,3962
3964: 4078,3963,3850,3851,4079,3965
3965: 4080,4079,3966,3852,3851,3964
3966: 4080,3965,3852,3853,4081,3967
3967: 4082,4081,3854,3853,3966,3968
3968: 4083,3854,4082,3967
3969: 4083,3855,3970,3856,4084
3970: 4085,3857,3856,4084,3969,3971
3971: 3858,3972,4086,4085,3857,3970
3972: 3858,3859,4086,3971,3973,4087
3973: 3860,3974,3859,3972,4087,4088
3974: 3860,3861,3973,3975,4088,4089
3975: 3862,3976,3861,3974,4089,4090
3976: 3862,3863,3975,3977,4090,4091
3977: 3864,3978,3863,3976,4091,4092
3978: 3864,3977,3979,3865,4092,4093
3979: 3980,3866,3865,3978,4094,4093
3980: 3866,3979,3867,3981,4094,4095
3981: 3867,3868,3980,4095,4096
3982: 3869,3983,3868,4096,4097
3983: 3869,3982,3870,3984,4097,4098
3984: 3871,3985,3983,3870,4098,4099
3985: 3871,3984,3872,3986,4099,4100
3986: 3987,3873,3985,3872,4100,4101
3987: 3873,3986,3874,3988,4101,4102
3988: 3874,3875,3987,4102,4103,3989
3989: 4103,3875,3988,3876,4104,3990
3990: 4104,4105,3991,3876,3877,3989
3991: 4105,3990,3877,3878,4106,3992
3992: 4106,4107,3878,3991
3993: 3880,3994,3879,4108
3994: 3880,3993,3881,3995,4108,4109
3995: 3881,3882,3996,3994,4109,4110
3996: 3882,3995,3883,3997,4110,4111
3997: 3883,3884,3996,3998,4111,4112
3998: 3885,3999,3884,3997,4112,4113
3999: 3885,3886,3998,4000,4113,4114
4000: 3887,4001,3886,3999,4114,4115
4001: 3887,3888,4000,4116,4002,4115
4002: 3889,4003,4117,3888,4001,4116
4003: 3889,4002,4117,3890,4118,4004
4004: 3891,4119,4005,4003,3890,4118
4005: 3891,4119,4004,4006,4120,3892
4006: 4120,3892,3893,4005
4007: 4008,4121,4122
4008: 4007,4009,4122,4123
4009: 4010,4008,4123,4124
4010: 4009,4011,4124,4125
4011: 4012,4010,4125,4126
4012: 4011,3898,4013,3899,4126
4013: 4014,3900,3899,4012
4014: 4013,3900,4015,3901
4015: 4016,4014,4130
4016: 4015,3902,3903,4131,4017
4017: 3903,4131,3904,4016,4018
4018: 3905,4019,4017,4132,4133
4019: 3905,3906,4018,4020,4133,4134
4020: 4021,3907,3906,4019,4134
4021: 3907,4020,4022
4022: 4023,4021,4136,4137
4023: 3910,4022,14894,4137
4024: 3911,14894,4139
13624: 15808,16848
8582: 8468,8583,8581,8467,8696,8697
9973: 10078,10079,9972,9974
4028: 3914,14915,4144
15443: 16428
4030: 4144,16980
4031: 16111
8538: 8653,8652,8539,8424,8423,8537
11573: 16834,15403
4034: 15842,4150
9972: 10078,9973,9971,16703
14343: 15200,15485,16928,16760,16153
9102: 9103,8990,8989,9101,9213,9214
8229: 8112,8113,8230,8228,8345
16721: 12937
11297: 11298,11388,11205,15649,11475
9668: 9560,9559,9667,9669,9777,9776
15714: 15620,14936,4173,14966
15687: 12493
10718: 10719,10717,10618,10817
10995: 10900,10994,16530,11088,15862
15062: 
10594: 10494,10495,10593,10493,10694,10693
10744: 15654,10843,10644,10841
10121: 10226,10122,10016,10015,10120
16952: 11022,16663,10928,11116
16591: 8249,8133,8248,8132,8364,8365
11161: 11163,15664,12999
11553: 11468,16960,11378,11467,11466,16159
16580: 16512,16527,15912
8885: 8772,8771,8886,8884,8997,8998
10693: 10694,10792,10593,10594,16752,10791
8665: 8550,8551,8666,8664,8779,8778
4058: 3944,16996
10305: 10306,10408,10201,10202,10304,10407
9911: 10018,9910,9803,9804,9912
10218: 10322,10219,10113,10114,10321,10217
4062: 3834,3835,17009
4063: 17009,4177
16533: 15994,10185,10079,10287,10183
16726: 6602,6603,6721,6720,6839
16823: 16368,10584,16588,16235,10583,10482
4067: 4068,3953,16897
4068: 4067,4182,16897,4296
4069: 4183,4182,3955,3954,4070
4070: 4071,4184,3955,3956,4183,4069
4071: 4070,4184,4185,3956,4072
4072: 4073,4186,3958,4071,4185
4073: 4072,4186,3958,3959,4074,4187
4074: 4075,4187,3959,3960,4073
4075: 4074,3960,4189
4076: 3962,3961
15916: 14916,4279,17000
4078: 3964,3963,4079,4192,4191
4079: 4080,3965,3964,4078,4192,4193
4080: 4079,3965,3966,4081,4193,4194
4081: 4082,3967,4080,3966,4195,4194
4082: 4081,3967,4083,3968,4195,4196
4083: 3969,3968,4082,4196
4084: 4085,3970,3969,4197,4198
4085: 3970,4084,4086,3971,4198,4199
4086: 3972,3971,4085,4199,4200,4087
4087: 4200,3972,4086,3973,4088,4201
4088: 4089,4202,4201,3974,3973,4087
4089: 4088,4202,3974,3975,4090,4203
4090: 4091,4204,4203,3975,3976,4089
4091: 4090,4204,3976,3977,4092,4205
4092: 4205,4206,3977,3978,4091,4093
4093: 4094,4207,3978,3979,4092,4206
4094: 4208,4207,4093,3980,3979,4095
4095: 4209,4096,3980,3981,4208,4094
4096: 4209,4095,3981,3982
4097: 4211,4098,3983,3982
4098: 4097,4211,3983,3984,4099,4212
4099: 4212,4213,4100,3984,3985,4098
4100: 4099,4213,3985,3986,4101,4214
4101: 4215,4214,4102,3987,3986,4100
4102: 4215,4101,3987,3988,4103,4216
4103: 4217,4216,3989,3988,4102,4104
4104: 4105,4218,3990,4217,4103,3989
4105: 4104,4218,4219,3991,3990,4106
4106: 4107,4220,3992,4105,4219,3991
4107: 4106,4220,4221,3992
4108: 4222,3993,3994,4109
4109: 4110,4223,3994,3995,4108,4222
4110: 4109,4223,4224,3995,3996,4111
4111: 4112,4225,3996,3997,4110,4224
4112: 4111,4225,3997,3998,4113,4226
4113: 4114,4227,4226,3999,3998,4112
4114: 4113,4227,3999,4000,4228,4115
4115: 4229,4228,4000,4001,4116,4114
4116: 4001,4002,4117,4229,4115,4230
4117: 4002,4003,4118,4116,4230,4231
4118: 4003,4117,4119,4004,4231,4232
4119: 4004,4005,4118,4120,4232,4233
4120: 4006,4119,4005,4233
4121: 4234,4007,4122,4235
4122: 4236,4235,4123,4007,4008,4121
4123: 4122,4236,4008,4009,4124,4237
4124: 4237,4238,4010,4009,4123
4125: 4239,4126,4010,4011
4126: 4125,4012,4011,4127
4127: 4128,4240,4126
4128: 4127,4242
8580: 8466,8581,8465,8695
4130: 4243,4244,4015,4131
4131: 4017,4016,4130,4132
4132: 4245,4131,4018,4133,4246
4133: 4246,4247,4134,4019,4018,4132
4134: 4133,4247,4019,4020,4248
8903: 8902,9015,9016,8789,8790,8904
4136: 4249,4022,4250,4137
4137: 4250,14485,4023,4022,4136
8535: 8420,8534,8649,8421,8650,8536
4139: 4024,14894
16459: 9823
4141: 4255
10490: 10390,10389
16687: 7439,16564
4144: 4030,14915,4028
16818: 3488,16745,3600
9986: 10092,9879,9880,9987,10091
9551: 9441,9442,9550,9552,9660
16704: 16354,15479,12981
10303: 10304,10406,10199,10200,10302,10405
4150: 4034
8246: 8129,8245,8247,8362,8361
14663: 16680,16363
8649: 8534,8535,8648,8650,8762,8763
14408: 2640,16301,16079,2642,2641
11710: 11872,11792,15374
12569: 15768
15758: 2643,2748,2747,13420,2749
9238: 9126,9237,9239,9127,9348,9349
16670: 1041,15799,1382
13150: 1016,15527,15623
8670: 8556,8669,8555,8783
15709: 16898,9863,9862,9968,10075
16397: 8848
8321: 8436,8320,8437,8205,8206,8322
9225: 9113,9335,9226,9114,9445,9336
9899: 10006,10005,9898,9792,9791,9900
4167: 14916
14583: 6995
10522: 10523,10420,16850,10521,10622,10624
16336: 16878,16862
14834: 16962,965
10616: 10517,10516,10414,10615,10716,10617
4173: 14936,15043,15714
16267: 2132,16495
8309: 8193,8308,8424,8425,8310
9013: 9014,8901,8900,9012,9126,9125
4177: 4063,13353,4292
11109: 11108,16355,11015,15384,11202
4179: 13353,4294,16897
9115: 9227,9226,9114,9003,9002,9116
11275: 11184,11276,11183,11274
4182: 4183,4069,4068,4296,4297
4183: 4069,4182,4070,4184,4297,4298
4184: 4070,4071,4185,4183,4298,4300
4185: 4071,4184,4072,4186,4300,16917
4186: 4072,4073,4185,4187,16917
4187: 4074,4073,4186,4302
8424: 8308,8309,8423,8425,8538,8539
4189: 4075,4303
4190: 4191,4304,4305
4191: 4192,4190,4078
4192: 4191,4078,4079,4307,4193
4193: 4307,4308,4080,4079,4192,4194
4194: 4195,4080,4081,4308,4193
4195: 4310,4194,4082,4081,4196
4196: 4082,4083,4195,4310
4197: 4311,4084,4312,4198
4198: 4312,4313,4199,4085,4084,4197
4199: 4313,4198,4085,4086,4314,4200
4200: 4315,4314,4087,4086,4199,4201
4201: 4088,4202,4316,4315,4200,4087
4202: 4088,4089,4316,4317,4201,4203
4203: 4090,4204,4318,4089,4202,4317
4204: 4090,4091,4318,4203,4319,4205
4205: 4092,4206,4091,4204,4319,4320
4206: 4092,4205,4207,4093,4320,4321
4207: 4208,4094,4093,4206,4321,4322
4208: 4094,4207,4209,4095,4322
4209: 4095,4096,4208,4323,4210
4210: 4323,4439,4440,4209,4325
4211: 4097,4098,4212,4325,4326
4212: 4099,4213,4211,4098,4326,4327
4213: 4099,4212,4100,4214,4327,4328
4214: 4215,4101,4213,4100,4328,4329
4215: 4101,4214,4102,4216,4329,4330
4216: 4217,4103,4215,4102,4330,4331
4217: 4103,4216,4104,4218,4331,4332
4218: 4104,4105,4219,4217,4332,4333
4219: 4105,4218,4106,4220,4333,4334
4220: 4106,4107,4221,4219,4334,4335
4221: 4107,4220,4335,4336
4222: 4108,4109,4223,4337
4223: 4109,4110,4224,4222,4338,4337
4224: 4110,4223,4111,4225,4339,4338
4225: 4111,4112,4340,4339,4224,4226
4226: 4113,4227,4341,4112,4225,4340
4227: 4113,4114,4226,4342,4341,4228
4228: 4343,4229,4115,4114,4227,4342
4229: 4343,4228,4115,4344,4116,4230
4230: 4345,4231,4116,4117,4229,4344
4231: 4345,4230,4117,4118,4346,4232
4232: 4347,4346,4233,4118,4119,4231
4233: 4347,4232,4119,4120,4348
4234: 4348,4121,4235,4464,4349
4235: 4122,4236,4234,4121,4349,4350
4236: 4122,4235,4123,4237,4350,4351
4237: 4124,4238,4236,4123,4351,4352
4238: 4124,4237,4239,4352,4353
4239: 4125,4240,4238,4353,4354
4240: 4239,4127,4354,4355
9672: 9563,9564,9671,9781,9673,9780
4242: 4128,4243,4356,4357
4243: 4130,4244,4242,4357
4244: 4243,4130,4245,4359
4245: 4132,4244,4246,4359,16801
4246: 4133,4247,4132,4245,16801,4361
4247: 4133,4246,4134,4248,4361,4362
4248: 4249,4247,4134,4362,4363
4249: 4248,4136,4250,4363,4364
4250: 4137,14485,4249,4136,4364,4251
4251: 4481,4480,4250,14485,4364,4366
9016: 8903,9015,8904,9017,9128,9129
16677: 16987
4254: 4255,16604,15788
4255: 4254,4141,16604,16707
16022: 10574
16644: 17008,15914
16833: 774
9333: 9334,9223,9332,9222,9442,9443
4260: 15842,4374,4375
13643: 16438,12108,14628
14085: 
16620: 2241,1946,2043
9922: 10028,9814,16572,9923
16045: 17022,8368
8532: 8418,8533,8647,8417,8531,8646
8809: 8695,8696,8810,8924,8923
13830: 
13597: 16511,15903,9419
10266: 10369
15578: 1161,1246,1247,1162
16981: 10128,10233,10234,10129,16932
11018: 10924,10923,11111,17029
10786: 10787,16502,10688,10785
9140: 9252,9141,12825,9028,9139,9251
13456: 16640,15488,15532
14367: 
10212: 10315,10211,10316,10213
4279: 16889,17000,15916
10207: 10103,10208,10102,10206,10310,10311
16694: 5336,16461,5217,5454
9215: 9325,9214,9103,9104,9216,9326
16579: 16344
16297: 16825,16776
4285: 16295
16380: 16840,16224,336
9491: 9492,9382,9490
10906: 11000,10905,10808,10809,10907
16283: 11561,15988,15122,11475,16907
4290: 4405,14966,4406
8244: 8010,8126,8360,8127,8243
4292: 13353,16384,4177
16118: 11885,16605,11887,11806
4294: 4179,4410,16897
8930: 8929,9042,9043,8816,8817,8931
4296: 4297,4412,4068,4182,4411
4297: 4296,4412,4183,4182,4298
4298: 4299,4300,4183,4184,4297
4299: 4298,4300,4415,4529,4530
4300: 4298,4299,4415,4184,4185,16917
16999: 12086,16534,13189
4302: 4303,4418,4417,4187
4303: 4302,4418,4189
4304: 4419,4190,4305,4420
4305: 4306,4421,4420,4190,4304
4306: 4305,4421,4307,4422,4423
4307: 4308,4193,4192,4306,4423
4308: 4307,4193,4194,4423,4424
15586: 16382,13319
4310: 4195,4196,4425
4311: 4197,4312,4426,4427
4312: 4313,4198,4197,4311,4427,4428
4313: 4312,4198,4199,4314,4429,4428
4314: 4315,4200,4313,4199,4429,4430
4315: 4314,4200,4316,4201,4430,4431
4316: 4202,4317,4201,4315,4432,4431
4317: 4202,4316,4318,4203,4432,4433
4318: 4204,4203,4319,4317,4434,4433
4319: 4204,4318,4205,4434,4320,4435
4320: 4435,4436,4321,4319,4205,4206
4321: 4320,4436,4206,4207,4322
4322: 4208,4207,4321
4323: 4439,4210,4209,4438
9776: 9884,9777,9883,9668,9667,9775
4325: 4441,4326,4211,4210,4440
4326: 4325,4441,4211,4212,4327,4442
4327: 4442,4443,4328,4212,4213,4326
4328: 4327,4443,4213,4214,4329,4444
4329: 4445,4444,4330,4215,4214,4328
4330: 4445,4329,4215,4216,4331,4446
4331: 4447,4446,4217,4216,4330,4332
4332: 4333,4448,4217,4218,4447,4331
4333: 4332,4448,4449,4218,4219,4334
4334: 4335,4450,4219,4220,4333,4449
4335: 4334,4450,4451,4220,4221,4336
4336: 4221,4335,4451
4337: 4338,4453,4222,4223,4452
4338: 4453,4337,4223,4224,4339,4454
4339: 4225,4340,4224,4338,4455,4454
4340: 4225,4339,4226,4341,4455,4456
4341: 4227,4226,4342,4340,4457,4456
4342: 4227,4341,4343,4228,4457,4458
4343: 4229,4228,4344,4342,4459,4458
4344: 4343,4229,4345,4230,4459,4460
4345: 4230,4231,4344,4346,4460,4461
4346: 4347,4232,4345,4231,4461,4462
4347: 4346,4232,4233,4348,4462,4463
4348: 4234,4347,4233,4463,4464
4349: 4580,4464,4234,4235,4350,4465
4350: 4466,4465,4351,4236,4235,4349
4351: 4350,4466,4236,4237,4352,4467
4352: 4467,4468,4237,4238,4351,4353
4353: 4354,4469,4238,4239,4352,4468
4354: 4353,4469,4470,4240,4239,4355
4355: 4356,4471,4240,4354,4470
4356: 4355,4471,4472,4242,4357
4357: 4473,4242,4243,4356,4472
9106: 8994,9107,9218,9217
4359: 4475,4474,16801,4244,4245
4360: 4361,4477,4475,16801,4591,4592
4361: 4362,4477,4360,4246,4247,16801
4362: 4361,4477,4247,4248,4479,4363
4363: 4479,16375,4364,4248,4249,4362
4364: 4363,16375,4249,4250,4480,4251
11621: 16685,11449,11622,11536,14044,11705
4366: 4482,14485,4481,4251
16976: 7361,7242,7243
8595: 
9588: 9479,9589,9696
4370: 4371,16707,4600,16175,16288
4371: 4370,16707
9527: 9419,16593,9635,9636
9635: 9634,16593,9527,9744
4374: 4260,16675,4375
4375: 4376,15134,4374,4260
4376: 4377,15134,4375,15925
4377: 4376,15134,4606,14015
11094: 15997,11187,11093,11000,11095
8407: 8522,8291,8521,8406
9594: 9484,9485,16515,9486,9595,9593
10681: 15409,10683,10583,16368
4382: 
11312: 14847,14273
8989: 8988,9101,8876,8877,9102,8990
8704: 8705,8589,8590,8703,8817
10276: 10174,15720,16043
10116: 10010,10115,10220,10221
9999: 9893,10000,9892,9998,10104,10105
15330: 5064,5065,4831,4949,4948
11183: 11089,11182,11274,11184,11090,11275
11025: 11026,11118,10930,11024
16665: 14801,16134,11252
15761: 16608
9101: 9100,8988,8989,9102,9212,9213
9486: 16875,9596,9485,9594,9595,9704
15982: 6515,6397,16545
15180: 8977,8978,8864,9089,16837
8433: 8317,8318,8434,8432,8547,8548
10078: 10079,9973,9972,16703,10183
14665: 8023,7905,7906,17034
16230: 14502,12560
10824: 10726,10825,10725,10823,10922
8313: 8314,8198,8197,8312,8429,8428
9932: 16316
4405: 4290,4406,4520,4521
4406: 16384,4405,4290,4521,4522
10233: 10128,16981,10234,16499,10336,10337
16648: 
16248: 248
4410: 4411,4294,16954
4411: 4410,4296,4412,16954,4527
4412: 4296,4297,4411,4644,4527
16586: 11835
13690: 8141,16471,7791
4415: 4299,4300,16917,4416,4530,4531
4416: 16917,4415,4417,4531,4532
4417: 4302,4418,4416,4532
4418: 4302,4303,4417,4533
4419: 4304,4420,4534,4535
4420: 4305,4421,4419,4304,4535,4536
4421: 4305,4306,4420,4422,4536,4537
4422: 4423,4306,4421,4538,4537
4423: 4422,4307,4308,4306,4424
4424: 4425,4308,4423
4425: 4541,4424,4310,4426
4426: 4542,4427,4311,4425,4541
4427: 4542,4426,4311,4312,4428,4543
4428: 4544,4429,4543,4312,4313,4427
4429: 4544,4428,4313,4314,4430
4430: 4315,4314,4429,4431
4431: 4432,4315,4316,4430
4432: 4431,4316,4317,4433
4433: 4434,4549,4317,4318,4432
4434: 4550,4549,4433,4318,4319,4435
4435: 4320,4436,4551,4319,4550,4434
4436: 4320,4435,4321,4551
4437: 4438,4552,4553
4438: 4437,4323,4439,4553,4554
4439: 4323,4210,4440,4438,4554,4555
4440: 4439,4210,4325,4441,4555,4556
4441: 4325,4326,4440,4442,4556,4557
4442: 4327,4443,4441,4326,4557,4558
4443: 4327,4442,4328,4444,4558,4559
4444: 4445,4329,4443,4328,4559,4560
4445: 4329,4444,4330,4446,4560,4561
4446: 4447,4331,4445,4330,4561,4562
4447: 4331,4446,4332,4448,4562,4563
4448: 4332,4333,4449,4447,4563,4564
4449: 4333,4448,4334,4450,4564,4565
4450: 4334,4335,4451,4449,4566,4565
4451: 4335,4450,4336,4566
4452: 4567,4453,4337
4453: 4569,4338,4337,4452,4454
4454: 4570,4455,4339,4569,4338,4453
4455: 4571,4570,4454,4340,4339,4456
4456: 4572,4457,4340,4341,4571,4455
4457: 4573,4572,4456,4342,4341,4458
4458: 4574,4459,4342,4343,4573,4457
4459: 4574,4458,4575,4343,4344,4460
4460: 4576,4461,4344,4345,4459,4575
4461: 4576,4460,4345,4346,4577,4462
4462: 4578,4577,4463,4347,4346,4461
4463: 4578,4462,4347,4348,4579,4464
4464: 4579,4580,4349,4234,4348,4463
4465: 4350,4466,4580,4349,4696,4581
4466: 4350,4465,4351,4467,4581,4582
4467: 4352,4468,4466,4351,4583,4582
4468: 4352,4467,4353,4469,4583,4584
4469: 4353,4354,4470,4468,4584,4585
4470: 4354,4469,4355,4471,4585,4586
4471: 4355,4356,4472,4470,4586,4587
4472: 4356,4471,4357,4473,4587,4588
4473: 4357,4472,4474,4588,4589
4474: 4359,4475,4473,4589,4590
4475: 4359,4474,16801,4360,4590,4591
8896: 8895,9008,8897,9009
4477: 4361,4362,4360,4479,4592,4593
9331: 9332,9221,9220,9330,9440,9441
4479: 4363,16375,4362,4477,4593,4594
4480: 4481,4251,16375,4364
4481: 4480,4251,4366,4482,4597
4482: 4366,4599,4481,4597,4598
9752: 14955,9644,14064,9534,9535,16736
9777: 9884,9776,9668,9669,9885,9778
4485: 16604,15788,4600,4599,15729,4715
8660: 8545,8661,8546,8659,8774
14894: 3911,4024,4023,3910,4139
4488: 4604
11124: 11125,16895
8805: 8691,8804,8806,8692,8918,8919
8204: 8087,8203,8088,8205,8319,8320
16943: 16360,17012,16757
8872: 8758,8873,8871,8985,8984
16327: 1396,1486,1487
8908: 9020,9021,8794,8795,8907
9651: 16535,9652,9866,9759,9760
16269: 16234
11078: 14794,10984,11080
14640: 2635,16328
8686: 8799,8685,8571,8572,8800,8687
10443: 15746,16905,10544,10545
13906: 11471,11558,16852,11292,16886,11382
9431: 9541,9540,9430
11936: 14204,16069,13035
16393: 11173,11080,11079
8712: 8598,16176,15961
15510: 1669,1764,1858,1859
8423: 8308,8424,8307,8422,8537,8538
10369: 10266,10370
10132: 10026,15028,10133
10512: 10612,10410,10411,10513,10613
9207: 9318,9206,9096,9095
8807: 8806,8693,8808,8694,8920,8921
10432: 10431,10330,10433,10533,10534
13019: 13111
10270: 
16449: 
10918: 10919,10821,16313,10917
4519: 
4520: 4521,4405,17008,16915
4521: 4520,4405,4406,4522,4637
4522: 4637,4638,4523,16384,4406,4521
4523: 4522,4638,16384,4639
16418: 8370,8486,15605
16763: 16439,16334,16972,13981
15111: 
4527: 4644,4643,4411,4412,4642,16954
16286: 16681
4529: 4530,4645,4299,4644,4761
4530: 4529,4645,4646,4299,4415,4531
4531: 4532,4647,4415,4416,4530,4646
4532: 4531,4647,4416,4417,4648
4533: 4649,4418,4534
4534: 4535,4650,4419,4533
4535: 4534,4650,4419,4420,4536,4651
4536: 4651,4652,4421,4420,4535,4537
4537: 4653,4538,4421,4422,4536,4652
4538: 4654,4653,4537,4422,4539
4539: 4540,4655,4654,4538
4540: 4656,4655,4539,4541,4657
4541: 4425,4542,4426,4540,4657
4542: 4426,4427,4541,4543,4657,4658
4543: 4544,4428,4542,4427,4658
4544: 4429,4428,4543
4545: 4546,4661,4660
4546: 4545,4661,4547,4662
4547: 4548,4663,4662,4546
4548: 4547,4663,4549,4664
4549: 4550,4434,4433,4548,4665
4550: 4434,4549,4435,4551,4665,4666
4551: 4435,4436,4550,4666
4552: 4553,4437,4667
4553: 4552,4669,4437,4438,4554
4554: 4555,4670,4438,4439,4553,4669
4555: 4554,4670,4671,4439,4440,4556
4556: 4557,4672,4440,4441,4555,4671
4557: 4556,4672,4441,4442,4673,4558
4558: 4674,4673,4559,4442,4443,4557
4559: 4674,4558,4443,4444,4560,4675
4560: 4676,4675,4561,4445,4444,4559
4561: 4560,4676,4445,4446,4562,4677
4562: 4678,4677,4563,4447,4446,4561
4563: 4562,4678,4447,4448,4564,4679
4564: 4680,4679,4448,4449,4563,4565
4565: 4681,4566,4449,4450,4680,4564
4566: 4681,4565,4450,4451
4567: 4452,4682,4683
11075: 13776,15017,10982
4569: 4453,4570,4454,4684,4685
4570: 4571,4455,4454,4569,4686,4685
4571: 4570,4455,4572,4456,4686,4687
4572: 4573,4457,4456,4571,4688,4687
4573: 4572,4457,4574,4458,4688,4689
4574: 4459,4458,4575,4573,4689,4690
4575: 4574,4459,4576,4460,4690,4691
4576: 4460,4461,4575,4577,4691,4692
4577: 4578,4462,4576,4461,4692,4693
4578: 4577,4462,4463,4579,4693,4694
4579: 4580,4464,4578,4463,4694,4695
4580: 4579,4464,4349,4465,4695,4696
4581: 4813,4697,4466,4465,4696,4582
4582: 4583,4698,4466,4467,4581,4697
4583: 4698,4699,4582,4467,4468,4584
4584: 4585,4700,4468,4469,4583,4699
4585: 4584,4700,4701,4469,4470,4586
4586: 4587,4702,4470,4471,4585,4701
4587: 4586,4702,4703,4471,4472,4588
4588: 4704,4589,4472,4473,4587,4703
4589: 4588,4704,4473,4474,4590,4705
4590: 4706,4705,4591,4475,4474,4589
4591: 4590,4706,4475,4360,4592,4707
4592: 4707,4708,4593,4477,4360,4591
4593: 4592,4708,4477,4479,4594,4709
4594: 4710,4709,4479,16375,4593
9670: 9562,9561,9669,9671,9778,9779
16625: 9847,16446,14626
4597: 16603,4481,4482,4598
4598: 4714,4599,4482,4597,4715
4599: 4482,15788,4485,4598,4715
4600: 16604,4485,4370,16707,15729,16175
10598: 10497,10498,10599,10597,10697
11011: 10916,10917,11104,16313,11105,15690
10221: 10324,10220,10116
4604: 4719,4720,4488,16543
11445: 11356,11357,15229,11532
4606: 15615,16543,4377,15134
13496: 16790,12509,14933
8245: 8360,8128,8246,8129,8361
11443: 16540,11354
15288: 6877,15138,6757,6878,6996,6995
9538: 9539,9429,9646,9647
8914: 12825,9026,8800,8913,9027
9035: 8923,9034,8922,9147,9148
9564: 9563,9672,9454,9455,9673,9565
4615: 16544
16835: 192,16936,146
8762: 8876,8763,8875,8649,8648,8761
16838: 8852,9077,16324,16498
11098: 11191,11005,11097,11190
15527: 16706,17023,16856,13150
9253: 9252,9141,9142,9254,9363,9364
9117: 9228,9229,9116,9004,9005,9118
15719: 11718,14651,11548,11716
9425: 9426,9535,9315,9316,9424,9534
10295: 10398,10191,10397,10294
9747: 9530,16904,9854,14954
9868: 9869,9760,9761,10080,9974
16647: 17017,15484
16927: 12065,16844,13406
15094: 1795,1700,1793,1889,1890
15958: 10349,10246,10450
15654: 10744,10843,14751,16139,16429
10311: 10312,10413,10208,10207,10310
16728: 11440,11442
4635: 17008,15914
8589: 8474,8588,8475,8590,8703,8704
4637: 4522,4638,4521,4754
4638: 4522,4637,4523,4639,4754,4755
4639: 4638,4523,4755,4756
8347: 8464,8348,8231,8232,8346
16698: 
4642: 16954,4643,4527,4875
4643: 4644,4761,4527,4642,4760
4644: 4761,4643,4527,4412,4529
4645: 4529,4530,4646,4761,4762,4878
4646: 4530,4645,4531,4647,4762,4763
4647: 4531,4532,4646,4648,4763,4764
4648: 4649,4532,4647,4764,4765
4649: 4533,4648,4765
4650: 4534,4535,4651,4767
4651: 4536,4652,4535,4650,4767,4768
4652: 4536,4651,4653,4537,4768,4769
4653: 4654,4538,4537,4652,4770,4769
4654: 4653,4538,4655,4539,4770,4771
4655: 4540,4656,4539,4654,4772,4771
4656: 4540,4655,4774,4657,4772,4773
4657: 4774,4658,4541,4542,4540,4656
4658: 4774,4657,4542,4543
4659: 4660,4776,4775
4660: 4545,4661,4659,4776,4777
4661: 4545,4546,4660,4662,4777,4778
4662: 4547,4663,4546,4661,4778,4779
4663: 4547,4548,4662,4664,4779,4780
4664: 4665,4548,4663,4780,4781
4665: 4782,4664,4550,4549,4666
4666: 4550,4551,4782,4665
4667: 4552,4783,4784
16635: 15809,15143
4669: 4553,4554,4670,4785,4786
4670: 4554,4555,4671,4669,4786,4787
4671: 4555,4670,4556,4672,4787,4788
4672: 4556,4557,4671,4673,4788,4789
4673: 4674,4558,4557,4672,4789,4790
4674: 4673,4558,4559,4675,4790,4791
4675: 4560,4676,4674,4559,4791,4792
4676: 4560,4675,4561,4677,4793,4792
4677: 4562,4678,4676,4561,4793,4794
4678: 4562,4677,4563,4679,4794,4795
4679: 4680,4564,4678,4563,4795,4796
4680: 4564,4679,4681,4565,4796,4797
4681: 4566,4565,4680,4797
4682: 4683,4567
4683: 4682,4567,4800,4684
4684: 4801,4800,4569,4683,4685
4685: 4802,4686,4569,4570,4801,4684
4686: 4803,4802,4685,4571,4570,4687
4687: 4688,4804,4571,4572,4803,4686
4688: 4804,4687,4805,4573,4572,4689
4689: 4690,4806,4573,4574,4688,4805
4690: 4689,4806,4574,4575,4807,4691
4691: 4807,4692,4808,4575,4576,4690
4692: 4691,4808,4576,4577,4809,4693
4693: 4810,4809,4694,4578,4577,4692
4694: 4810,4693,4578,4579,4811,4695
4695: 4812,4811,4696,4579,4580,4694
4696: 4812,4695,4580,4465,4581,4813
4697: 4581,4813,4698,4582,4930,4814
4698: 4583,4699,4582,4697,4815,4814
4699: 4583,4698,4584,4700,4815,4816
4700: 4584,4585,4701,4699,4816,4817
4701: 4585,4700,4586,4702,4817,4818
4702: 4586,4587,4703,4701,4818,4819
4703: 4587,4702,4588,4704,4819,4820
4704: 4588,4589,4703,4705,4820,4821
4705: 4590,4706,4704,4589,4821,4822
4706: 4590,4705,4591,4823,4707,4822
4707: 4592,4708,4824,4706,4591,4823
4708: 4592,4707,4593,4825,4824,4709
4709: 4710,4594,4826,4708,4593,4825
4710: 4594,4709,4826,4827,4711
4711: 16603,4828,4710,4827
8262: 16184
16234: 15073,16507,16269
4714: 4598,4715,4830,4831
4715: 15729,4599,4485,4714,4598
4716: 15729,4717,16175,13988
4717: 16175,4718,16288,4716,4834,13988
4718: 4717,16288,4719,4834
4719: 4604,4720,4718
4720: 4604,4719,4721,16811,4837
4721: 15615,4720,4837,15973,4722
4722: 15973,15615,4721,17019
4723: 14015,17019
11442: 17031,11354,16728
16798: 11171,11354,11173
15931: 5563
10708: 10807,10806,10707,10609,10608,10709
9364: 9365,9474,9253,9254,9363,9473
10588: 10686,10589,10688
8984: 8985,8871,8872,9096,8983
11616: 11618,13042
10202: 10098,10203,10097,10201,10306,10305
9862: 9968,9754,16951,9755,9863,15709
13753: 
10602: 10501,10502,10601,10603,10702
9678: 9677,9786,9569,9679,9787,9570
9971: 9865,9970,9866,9759,9972
15785: 10375,16828,15820
10108: 10107,10211,10002,10003,10109
14675: 16350,16827,16272
9206: 9207,9094,9095
8982: 9095,8983,8869,8870,9094,8981
8869: 8755,8756,8870,8981,8982
9589: 9479,9588,9590,9698
17024: 16458,10174,9965
10093: 10092,10197,9987,9988,10094,10198
9492: 9491,9382,9601
15910: 
13111: 16970,14870,13019
8434: 8435,8319,8318,8433,8549,8548
11195: 11102,11196,11194,11286
16723: 14360,2104
8303: 8187,8188,8302,8304,8418,8419
4754: 4871,4870,4755,4637,4638
4755: 4754,4871,4638,4639,4756,4872
4756: 4873,4872,4639,4755
15755: 549,616,15104
16249: 
9912: 9913,9804,9911,10018
4760: 4877,4761,4643,4878
4761: 4644,4643,4529,4645,4760,4878
4762: 4995,4878,4879,4645,4646,4763
4763: 4764,4880,4646,4647,4762,4879
4764: 4763,4880,4647,4648,4765,4881
4765: 4882,4881,4649,4648,4764
10246: 10244,15958
4767: 4650,4651,4768,4884
4768: 4884,4885,4651,4652,4767,4769
4769: 4770,4886,4652,4653,4768,4885
4770: 4887,4886,4769,4654,4653,4771
4771: 4772,4888,4654,4655,4770,4887
4772: 4888,4889,4771,4656,4655,4773
4773: 4890,4656,4774,4772,4889
4774: 4657,4658,4656,4773
4775: 4892,4776,4659
4776: 4892,4775,4659,4660,4777,4893
4777: 4778,4894,4893,4661,4660,4776
4778: 4777,4894,4661,4662,4779,4895
4779: 4780,4896,4895,4663,4662,4778
4780: 4779,4896,4663,4664,4781,4897
4781: 4898,4897,4782,4664,4780
4782: 4665,4666,4781
4783: 4899,4900,4667,4784
4784: 4785,4901,4667,4783,4900
4785: 4784,4901,4902,4669,4786
4786: 4787,4903,4669,4670,4785,4902
4787: 4786,4903,4904,4670,4671,4788
4788: 4789,4905,4671,4672,4787,4904
4789: 4788,4905,4672,4673,4790,4906
4790: 4791,4907,4906,4674,4673,4789
4791: 4790,4907,4674,4675,4908,4792
4792: 4793,4909,4908,4676,4675,4791
4793: 4909,4792,4676,4677,4910,4794
4794: 4910,4795,4678,4677,4793
4795: 4794,4678,4679,4911,4796
4796: 4912,4911,4680,4679,4795,4797
4797: 4913,4680,4681,4912,4796
12832: 
4799: 4916,4800
4800: 4801,4684,4683,4799
4801: 4800,4684,4802,4685
4802: 4803,4686,4685,4801,4919
4803: 4802,4686,4804,4687,4919,4920
4804: 4688,4687,4805,4803,4921,4920
4805: 4688,4804,4689,4806,4921
4806: 4689,4690,4805,4807,4923
4807: 4691,4808,4690,4806,4923,4924
4808: 4807,4691,4692,4809,4924,4925
4809: 4810,4693,4692,4808,4925,4926
4810: 4809,4693,4694,4811,4926,4927
4811: 4812,4695,4810,4694,4927,4928
4812: 4811,4695,4696,4813,4928,4929
4813: 4581,4697,4812,4696,4929,4930
4814: 4815,4931,4697,4698,4930
4815: 4931,4932,4814,4698,4699,4816
4816: 4817,4933,4699,4700,4815,4932
4817: 4816,4933,4934,4700,4701,4818
4818: 4819,4935,4701,4702,4817,4934
4819: 4818,4935,4936,4702,4703,4820
4820: 4821,4937,4703,4704,4819,4936
4821: 4820,4937,4704,4705,4938,4822
4822: 4939,4938,4706,4705,4823,4821
4823: 4706,4707,4824,4939,4822,4940
4824: 4707,4708,4825,4823,4940,4941
4825: 4708,4824,4709,4826,4941,4942
4826: 4710,4709,4827,4825,4942,4943
4827: 4710,4826,4711,4828,4943
4828: 4711,16603,4827,4945,4829
4829: 4946,4830,16603,4828,4945
4830: 4946,4948,4829,4714,4831
4831: 15330,4714,4948,4830
16837: 9089,8864,8863,15180
4833: 4950,4951,4834,13988,4949
4834: 4833,4951,13988,4717,4718
10008: 10114,10009,9902,10113,10007
9380: 9157,9269,9379,9490
4837: 15973,5069,4720,4721,5302,16811
8691: 8690,8804,8805,8576,8577,8692
9266: 9267,9155,9265,9376,9377
16004: 15996
9008: 8895,8896,9007,9009,9120,9121
4842: 
10825: 10726,10824,10627,10727,10922,10923
10742: 10841,10543
16654: 10134,10133,15028,13672
10314: 10313,10415,10416,10516
16724: 1338,1425,16796,1514,14744,1426
16559: 16920,2722,2721
11550: 11464,11463,11636,15781
16741: 
10197: 10092,10093,10196,10198,10300,10301
16804: 16301,2537,16079,13639
11874: 13827,11951
14625: 16629
9446: 9337,9336,9555,9556
9992: 9885,9991,10098,10097
12154: 17038
8342: 8343,8227,8226,8341,8457,8458
9122: 9123,9233,9234,9010,9009,9121
14539: 
16056: 14158,9820,15334,16514,16937
4862: 
11801: 11799,11719
10799: 10700,10896
15609: 1418,1329,14737,1416,1507,1417
16898: 9863,15709,9864,9970,10075,10076
16776: 13189,16297
8481: 8480,8365,8366,8596
4869: 4870
4870: 4754,4871,4869,4987
4871: 4754,4870,4755,4872,4987
4872: 4756,4873,4871,4755
4873: 4756,4872,4990
15842: 4260,4034
4875: 15497,4642
16706: 17023,15527,782,13519,16856
4877: 4760,4995,4878,4993,4994
4878: 4995,4762,4761,4645,4877,4760
4879: 4995,4762,4763,4880,4996
4880: 4763,4764,4879,4881,4996,16651
4881: 4765,4882,4764,4880,16651,4998
4882: 4765,4881,4883,4998,4999
4883: 4882,4999
4884: 4768,4885,4767,5000,5001
4885: 4768,4884,4886,4769,5001,5002
4886: 4770,4887,4769,4885,5003,5002
4887: 4770,4886,4888,4771,5003,5004
4888: 4772,4889,4771,4887,5005,5004
4889: 4772,4888,4890,4773,5005,5006
4890: 4773,4889,5007,5006
14626: 16625
4892: 4776,4775,4893,5008,5009
4893: 4777,4894,4892,4776,5009,5010
4894: 4777,4778,4893,4895,5010,5011
4895: 4779,4896,4778,4894,5011,5012
4896: 4779,4780,4895,4897,5013,5012
4897: 4781,4898,4780,4896,5013,5014
4898: 4781,4897,4899,5015,5014
4899: 4783,4900,4898,5015,5016
4900: 4783,4899,4784,4901,5016,5017
4901: 4784,4785,4902,4900,5018,5017
4902: 4785,4901,4786,4903,5018,5019
4903: 4786,4787,4904,4902,5020,5019
4904: 4787,4903,4788,4905,5020,5021
4905: 4788,4789,4904,4906,5021,5022
4906: 4790,4907,4789,4905,5022,5023
4907: 4790,4791,4906,4908,5023,5024
4908: 4909,4792,4791,4907,5024,5025
4909: 4793,4908,4792,4910,5026,5025
4910: 4794,4793,4909,5026
4911: 4912,4796,4795,5027,5028
4912: 4911,4796,4913,4797,5028,5029
4913: 4797,4912,5029,4914
4914: 5030,5148,4913,5029,5031
4915: 4916,5032,5031
4916: 4799,4915,4917,5032,5033
4917: 4918,4916,5033,5034
4918: 4917,5034,5035
4919: 5036,4803,4802,4920
4920: 4921,5037,4803,4804,5036,4919
4921: 5037,4920,4922,4804,4805
4922: 4921,5037,5038,5039
4923: 4806,4807,4924,5040
4924: 5041,4925,5040,4807,4808,4923
4925: 5041,4924,4808,4809,5042,4926
4926: 5042,4927,4810,4809,4925
4927: 4926,4810,4811,5044,4928
4928: 5045,5044,4929,4812,4811,4927
4929: 5045,4928,4812,4813,5046,4930
4930: 5046,4813,4697,4929,4814
4931: 4815,4932,4814,5047
4932: 4815,4931,4816,4933,5049
4933: 4816,4817,4934,5050,5049,4932
4934: 4817,4933,5050,4818,4935,5051
4935: 4818,4819,5052,5051,4936,4934
4936: 4819,4935,5052,4820,4937,5053
4937: 4820,4821,5053,5054,4936,4938
4938: 4939,4822,5055,4821,4937,5054
4939: 4938,4822,5055,5056,4823,4940
4940: 4941,5057,4823,4824,4939,5056
4941: 5058,4940,5057,4825,4824,4942
4942: 4943,5059,4825,4826,5058,4941
4943: 4942,5059,5060,4826,4827
15859: 16211,13346,1580,1400,1673,1581
4945: 16701,4828,4946,5062,4829
4946: 4947,4948,5062,4830,4829,4945
4947: 4946,4948,5062,5064,5181
4948: 4947,4946,4830,5064,15330,4831
4949: 15330,5065,4833,13988
4950: 4833,4951,5066,16988
4951: 4950,4833,4834,16811,16658,16988
8684: 8797,8683,8569,8570,8685,8798
16273: 10899,10898,10994,11087
15267: 17040
10713: 10714,10812,16807,10613,10712
16368: 10584,16823,10684,10583,10683,10681
10834: 16750,10737,10835,10932
9366: 9367,9476,9255,9256,9365,9475
9269: 9268,16245,9379,9157,15550,9380
12229: 12160
8562: 8448,8563,8676,8677
8234: 8117,8118,8233,8349
16630: 
17015: 1580,1488,1579,1673
9020: 8908,9021,8907,9132,9133
8592: 8478,8591,8593,8820,8707
12160: 12229
14827: 6618,15500
9429: 9539,9538,9430,9319,9320
9572: 9681,9573,9462,9463,9680,9571
11783: 16541,11782
12110: 11961,12036,12182,12109
11370: 11459,13658,11279,11369
12584: 16220,16702,15672
16320: 6369,6370,6251,16098,6252
4976: 14151
12095: 11946
16913: 15459,16187,15541,15467
9910: 9911,9802,9803,9909,10016
11106: 11107,11199,15616,16313,11105
16536: 7899,7781,7664,7663,7782
4982: 16717,15398,16020
9775: 9882,9774,9666,9667,9776,9883
11228: 
15225: 16883
16897: 4179,4067,4068,4294
4987: 4871,4870
8486: 16418,17022,15605
8644: 8643,8757,8529,8530,8645,8758
4990: 4991,4873,5225
4991: 4990,5110,15497,4992
4992: 4993,5111,15497,4991,5110
4993: 5111,4992,5112,4877,4994
4994: 16974,4877,4995,4993,5112
4995: 4762,4878,4879,4877,4994
4996: 5114,16651,5113,4879,4880
4997: 4998,5116,5115,5114,16651,5232
4998: 5116,4999,4997,4882,4881,16651
4999: 4998,5116,4882,4883
5000: 5117,4884,5118,5001
5001: 5118,5119,4884,4885,5000,5002
5002: 5003,5120,4885,4886,5001,5119
5003: 5121,5120,5002,4887,4886,5004
5004: 5005,5122,4887,4888,5003,5121
5005: 5004,5122,4888,4889,5006
5006: 5007,5124,4889,4890,5005
5007: 5124,5125,5006,4890,5008
5008: 5009,5126,4892,5007,5125
5009: 5008,5126,4892,4893,5010,5127
5010: 5011,5128,5127,4894,4893,5009
5011: 5010,5128,4894,4895,5012,5129
5012: 5130,5013,5129,4896,4895,5011
5013: 5130,5012,4896,4897,5131,5014
5014: 5132,5015,5131,4898,4897,5013
5015: 5132,5014,4898,4899,5133,5016
5016: 5133,5134,4899,4900,5015,5017
5017: 5135,5018,4900,4901,5134,5016
5018: 5135,5136,5017,4901,4902,5019
5019: 5020,5137,4902,4903,5136,5018
5020: 5137,5019,5138,4903,4904,5021
5021: 5139,5022,4904,4905,5020,5138
5022: 5021,5139,5140,4905,4906,5023
5023: 5024,5141,4907,4906,5022,5140
5024: 5023,5141,4907,4908,5142,5025
5025: 5142,5143,5026,4909,4908,5024
5026: 5143,5025,4909,4910
5027: 5144,4911,5145,5028
5028: 5146,5145,5029,4912,4911,5027
5029: 5146,5028,4912,4913,5030,4914
5030: 5148,4914,5146,5029,5147,5265
5031: 5032,5149,4915,5148,4914
5032: 5149,5150,5031,4915,4916,5033
5033: 5034,5151,4916,4917,5032,5150
5034: 5033,5151,5152,4917,4918,5035
5035: 5153,4918,5034,5152
5036: 4919,5037,4920,5154
5037: 4921,4920,4922,5036,5038,5154
5038: 5155,5154,5037,4922,5039,5156
5039: 5157,5156,4922,5038
5040: 5041,4924,4923,5158
5041: 4924,4925,5040,5042,5158
5042: 4926,5041,4925,5160
14893: 
5044: 5045,4928,4927,5161,5162
5045: 5044,4928,4929,5046,5162,5163
5046: 4930,5045,4929,5164,5163
5047: 5165,4931,5164
10467: 
5049: 4933,5050,4932,5166,5167
5050: 4933,4934,5049,5051,5167
5051: 4935,5052,4934,5050,5169
5052: 4935,5051,4936,5053,5169,5170
5053: 4937,5054,5052,4936,5170,5171
5054: 4937,5053,4938,5055,5171,5172
5055: 4939,4938,5056,5054,5172,5173
5056: 4939,5055,4940,5057,5173,5174
5057: 5058,4940,4941,5056,5174,5175
5058: 4941,5057,4942,5059,5175,5176
5059: 4942,4943,5060,5058,5176,5178
5060: 4943,5059,16701,5178,16161
16683: 16734,14435,16732
5062: 4947,4946,16701,4945,5179
5063: 5297,5181,15291,5298
5064: 15330,5065,4947,4948,5181,5299
5065: 5064,15330,4949,5299,5301
5066: 16101,5300,4950,5301,5303
11705: 11706,16940,11621,11622,14044
10609: 10508,10608,10610,10708,10709
5069: 4837,15973,5302,5070,5071
5070: 16964,5071,5069,15888
5071: 16964,5070,5069,16977
5072: 16977,5191,15674,5308
16496: 1333,1335,16500,1513,1512
8439: 8440,8324,8438,8323,8553,8554
14502: 16230,12560,12559,14024
15602: 9519,16732,9411,9520
16926: 786
8555: 8669,8554,8440,8441,8670,8556
8296: 8411,8063,8064,8181
16680: 14663
16601: 328
12999: 11252,15071,15664,11161
14361: 
16468: 15623,16212,15843,1015
10823: 10920,10822,10725,10724,10824
16781: 12395,16006,16661
16324: 9077,16838,16498,16734
11356: 11266,11445,11357
10892: 10794,10696,10697,10796,15599
16396: 14030,14610
8877: 8878,8764,8876,8763,8989,8990
9878: 9985,9770,9771,9877,9984
10510: 10610,10611,10408,10409
8215: 8214,8330,8098,8099,8216,8331
10804: 10706,10803,10902,16530
10090: 10091,10195,9984,9985,10089,10194
16218: 13035,12085,16534
15732: 15869,15005
8312: 8427,8313,8197,8542,8428
10900: 10994,10995,10803,10802,10899,16530
16434: 
16831: 1144,1060,1143,900,1062,15480
5103: 5220
10556: 
9998: 9891,9892,9997,9999,10103,10104
9579: 9469,9578,9470,9580,9688
5107: 5225,5224,5223
16479: 
16778: 8529,8415,8528,8299,8298,8414
5110: 4991,5111,4992,5226,5227
5111: 4993,4992,5112,5110,5228,5227
5112: 4993,5111,4994,16974,5228,5229
5113: 4996,5114,16974,5230,5231
5114: 4996,16651,5113,4997,5231,5232
5115: 5116,4997,5232,5350,5233
5116: 4998,4999,4997,5115
5117: 5235,5000,5234,5118
5118: 5001,5119,5236,5235,5000,5117
5119: 5118,5001,5236,5120,5002,5237
5120: 5003,5238,5121,5002,5237,5119
5121: 5003,5238,5120,5004,5122,5239
5122: 5005,5004,5239,5240,5121
11089: 11182,11183,15862,10997,11090
5124: 5007,5125,5006,5241,5242
5125: 5007,5124,5242,5008,5126,5243
5126: 5008,5009,5244,5243,5125,5127
5127: 5010,5128,5245,5009,5126,5244
5128: 5010,5011,5127,5246,5245,5129
5129: 5130,5012,5247,5011,5128,5246
5130: 5013,5012,5129,5248,5247,5131
5131: 5132,5014,5249,5130,5013,5248
5132: 5015,5131,5014,5250,5249,5133
5133: 5134,5251,5016,5132,5015,5250
5134: 5133,5251,5016,5252,5135,5017
5135: 5252,5136,5018,5253,5017,5134
5136: 5135,5018,5253,5137,5019,5254
5137: 5020,5019,5254,5255,5138,5136
5138: 5020,5137,5255,5021,5139,5256
5139: 5021,5022,5140,5138,5257,5256
5140: 5139,5022,5023,5141,5257,5258
5141: 5023,5024,5140,5142,5259,5258
5142: 5143,5025,5024,5141,5259,5260
5143: 5142,5026,5025,5261,5260
5144: 5027,5145,5262,5263
5145: 5146,5028,5144,5027,5263,5264
5146: 5145,5028,5029,5030,5264,5147
5147: 5264,5382,5146,5030,5265
5148: 5030,4914,5149,5031,5265,5266
5149: 5032,5150,5031,5148,5267,5266
5150: 5032,5149,5033,5151,5267,5268
5151: 5033,5034,5152,5150,5268,5269
5152: 5034,5151,5153,5035,5269,5270
5153: 5035,5152,5270,5271
5154: 5155,5038,5036,5037
5155: 5038,5154,5156,5272,5273
5156: 5039,5157,5155,5038,5273,5274
5157: 5039,5156,5275,5274
5158: 5159,5041,5040
5159: 5158,5276,5277
5160: 5161,5042
5161: 5160,5044,5162
5162: 5045,5044,5161,5163
5163: 5164,5045,5046,5162
5164: 5163,5046,5047
5165: 5284,5166,5047,5283
5166: 5284,5165,5049,5285,5167
5167: 5168,5285,5050,5049,5166
5168: 5285,5167,5286
5169: 5287,5286,5170,5052,5051
5170: 5287,5169,5052,5053,5171,5288
5171: 5288,5053,5054,5170,5172
5172: 5290,5173,5054,5055,5171
5173: 5290,5291,5172,5055,5056,5174
5174: 5292,5175,5056,5057,5291,5173
5175: 5292,5174,5293,5058,5057,5176
5176: 5178,5058,5059,5175,5293
5177: 5178,16161,5296,5294,5295
5178: 5176,5177,5059,5060,16161
5179: 16161,5296,16701,5062,5297
10712: 10711,10810,10612,10613,10713
5181: 5063,4947,5064,5299,15291
16089: 13939,16874
9324: 9325,9214,9213,9323,9433,9434
8658: 8772,8771,8657,8544,8543,8659
10721: 10621,10720,10622,10623,10819
9046: 15668,9045,15550,16839
16562: 9080,14327
9890: 9889,9996,9782,9783,9891,9997
14064: 14955,9752,16736,16281,9859
16179: 8050,15475
5191: 15939,5072,5308
8765: 8878,8764,8651,8652,8879,8766
14617: 7673,14907,16961,16953
15657: 3178,3179,3070,16695,3180,3289
11382: 11381,11292,11471,13906
10496: 10597,16524,10394,10395,10497
8316: 8200,8315,8201,8317,8431,8432
16666: 5459,5696,5576,5694,5695,5933
8221: 8220,8222,8104,8105,8106
10506: 10607,10404,10405,10505,10507
9487: 16875,9596,9377,9597,9488,9378
16638: 14817
10835: 16581,10737,10932,10933,16842,10834
8252: 8135,16233,8253,8368
10354: 16645
9570: 9679,9571,9460,9461,9678,9569
10976: 10882,10977,14476,11163,15556
14404: 15398
16742: 6052,5934,6053,6171
9676: 9675,9784,9567,9677,9785,9568
9554: 9445,9555,9444,9553,9663,9662
10627: 10726,10526,10825,10728,10727,10628
15521: 872,14790
12605: 
5215: 5333
16550: 1604,16567,1698,1697,14744
5217: 16805,16461,16694
15098: 7090,16959,16473
15841: 16372,12451,14872
5220: 15832,5103
10977: 10882,10976,15556
16854: 7308,7427,7190,7191,7310
5223: 5341,5224,5107,5340
5224: 5341,5342,5223,5225,5107,5343
5225: 5107,4990,5224,5343
5226: 15662,5344,5343,5110,5227
5227: 5345,5228,5110,5111,5344,5226
5228: 5345,5346,5227,5111,5112,5229
5229: 5347,5230,5112,16974,5346,5228
5230: 5347,5229,16974,5113,5231,5348
5231: 5349,5348,5232,5114,5113,5230
5232: 5231,5349,5114,4997,5115,5350
5233: 5469,5350,5115,5351
5234: 5235,5117,5352,5351
5235: 5117,5234,5118,5236,5352,5353
5236: 5118,5119,5235,5237,5354,5353
5237: 5238,5120,5119,5236,5354,5355
5238: 5121,5120,5237,5239,5356,5355
5239: 5122,5240,5238,5121,5356,5357
5240: 5122,5239,5241,5357,5358
5241: 5124,5242,5240,5358,5359
5242: 5124,5125,5241,5243,5359,5360
5243: 5126,5244,5125,5242,5360,5361
5244: 5126,5243,5127,5245,5361,5362
5245: 5128,5127,5246,5244,5363,5362
5246: 5128,5245,5129,5247,5363,5364
5247: 5130,5129,5248,5246,5365,5364
5248: 5130,5247,5131,5249,5365,5366
5249: 5132,5131,5250,5248,5366,5367
5250: 5132,5249,5133,5251,5367,5368
5251: 5133,5134,5250,5252,5368
5252: 5135,5253,5134,5251,5370
5253: 5252,5135,5136,5254,5370,5371
5254: 5137,5255,5136,5253,5371,5372
5255: 5137,5254,5138,5372,5373,5256
5256: 5374,5257,5255,5138,5139,5373
5257: 5374,5375,5256,5139,5140,5258
5258: 5376,5259,5140,5141,5375,5257
5259: 5376,5258,5141,5142,5377,5260
5260: 5377,5378,5261,5142,5143,5259
5261: 5378,5260,5143,5379,5262
5262: 5379,5380,5263,5144,5261
5263: 5380,5262,5144,5145,5381,5264
5264: 5381,5382,5147,5146,5145,5263
5265: 5383,5030,5148,5147,5266
5266: 5384,5267,5148,5149,5265,5383
5267: 5384,5385,5266,5149,5150,5268
5268: 5386,5269,5150,5151,5385,5267
5269: 5386,5387,5268,5151,5152,5270
5270: 5388,5271,5152,5153,5387,5269
5271: 5388,5270,5389,5153,5272
5272: 5390,5273,5155,5271,5389
5273: 5272,5390,5155,5156,5391,5274
5274: 5391,5392,5275,5157,5156,5273
5275: 5392,5274,5157,5393,5276
5276: 5393,5394,5277,5159,5275
5277: 5394,5276,5159,5395,5278
5278: 5395,5396,5279,5277
5279: 5396,5278,5397,5280
5280: 5397,5398,5279,5281
5281: 5282,5399,5398,5280
5282: 5399,5281,5400,5283
5283: 5284,5165,5282,5400,5401
5284: 5165,5166,5283,5285,5402,5401
5285: 5168,5167,5284,5166,5402
5286: 5287,5169,5168,5404
5287: 5286,5169,5170,5288,5404,5405
5288: 5171,5287,5170,5405,5406
8462: 8575,8576,8577,8461,8463
5290: 5291,5172,5173,5407,5408
5291: 5290,5173,5292,5174,5408,5409
5292: 5174,5175,5293,5291,5409,5410
5293: 5292,5175,5176,5410
5294: 5411,5412,5177,5295
5295: 5413,5414,5177,5296,5294,5412
5296: 16161,5179,5177,5297,5295,5414
5297: 5063,5296,5179,5414,5298
5298: 5415,5297,5063,5414
5299: 5301,15291,5416,5064,5065,5181
5300: 5066,5301,5416,15231,5303
5301: 5299,5416,5065,5066,5300
5302: 16658,4837,5069,16152
5303: 5537,15231,16101,5066,5300,16565
5304: 5423,16618,5422,5540
5305: 
9865: 9971,9864,9970,9758,9757,9866
8769: 8655,8656
5308: 16256,16213,5072,5191,15939
11000: 10906,10905,10999,11094,15997
10714: 10713,10812,16807,10614,10715,10813
10508: 10609,10608,10507,10407,10406
11364: 11274,17010,11453
8999: 9112,9111,8886,8887,8998,9000
16923: 6245,6364,6482,6483,6600,6365
14214: 
16446: 9847,16625,14606
16794: 16729,5654,5772,5653,5535,5652
13353: 4179,4177,4292
16662: 3252,15951,3362
9519: 15602
15520: 14415
11950: 11949,15374,12026,14824,15909
8873: 8872,8874,8760,8985,8986
11293: 15352,16886,11202,11294,16008
14065: 1172,15296
10807: 10708,10806,10808,10709,10904,10905
8654: 8655,8540,8653,8539,8767,8768
8772: 8658,8771,8885,8659,8886
8328: 8212,8444,8213,8443,8327,8329
5330: 15597,5447,16100,16775
8689: 8460,8574,8575,8576,8802,8690
16734: 16683,16324,14036
5333: 5215,5451
9337: 9446,9336,9227,9226,9338
15832: 5337,5220,5457
5336: 14441,16461,16694,5337,5454
5337: 15832,5336,14441
9562: 9670,9561,9452,9453,9563,9671
8533: 8418,8532,8419,8647,8534,8648
5340: 5341,5223,5458,16303
5341: 5342,5224,5223,5340,5460,16303
5342: 5341,5224,15662,5343,5460,5461
5343: 15662,5226,5225,5342,5224
5344: 15662,5226,5462,5345,5227
5345: 5346,5228,5227,5464,5344
5346: 5345,5228,5464,5347,5229,5465
5347: 5466,5229,5465,5230,5346,5348
5348: 5231,5349,5467,5347,5466,5230
5349: 5231,5467,5468,5348,5232,5350
5350: 5233,5115,5349,5468,5232
5351: 5352,5470,5234,5469,5233
5352: 5471,5470,5351,5235,5234,5353
5353: 5354,5472,5235,5236,5352,5471
5354: 5353,5472,5236,5237,5355,5473
5355: 5356,5474,5473,5238,5237,5354
5356: 5355,5474,5238,5239,5357,5475
5357: 5358,5476,5475,5239,5240,5356
5358: 5357,5476,5240,5241,5359,5477
5359: 5360,5478,5477,5241,5242,5358
5360: 5359,5478,5242,5243,5361,5479
5361: 5480,5479,5244,5243,5360,5362
5362: 5363,5481,5244,5245,5361,5480
5363: 5481,5482,5362,5246,5245,5364
5364: 5365,5483,5246,5247,5363,5482
5365: 5484,5364,5483,5248,5247,5366
5366: 5367,5485,5248,5249,5484,5365
5367: 5366,5485,5486,5250,5249,5368
5368: 5487,5250,5251,5367,5486
11091: 11185,11184,11090,10999,10998,15997
5370: 5489,5371,5252,5253
5371: 5370,5489,5253,5254,5372,5490
5372: 5373,5491,5490,5254,5255,5371
5373: 5372,5491,5255,5492,5374,5256
5374: 5492,5493,5375,5257,5256,5373
5375: 5374,5493,5257,5494,5376,5258
5376: 5494,5495,5259,5258,5375,5377
5377: 5378,5260,5376,5495,5259
5378: 5377,5497,5261,5260,5379
5379: 5380,5262,5498,5378,5497,5261
5380: 5379,5262,5498,5499,5263,5381
5381: 5500,5264,5382,5380,5499,5263
5382: 5381,5500,5264,5501,5147
5383: 5265,5384,5266,5502
5384: 5385,5267,5266,5383,5502,5503
5385: 5384,5267,5386,5268,5503,5504
5386: 5387,5268,5269,5385,5504,5505
5387: 5386,5269,5388,5270,5505,5506
5388: 5270,5271,5389,5387,5507,5506
5389: 5388,5271,5272,5390,5507,5508
5390: 5272,5273,5509,5389,5391,5508
5391: 5392,5274,5510,5390,5273,5509
5392: 5391,5275,5274,5511,5510,5393
5393: 5394,5276,5512,5392,5275,5511
5394: 5393,5276,5277,5513,5512,5395
5395: 5396,5278,5514,5394,5277,5513
5396: 5395,5278,5514,5279,5515,5397
5397: 5398,5280,5516,5396,5279,5515
5398: 5397,5280,5516,5399,5517,5281
5399: 5282,5517,5518,5281,5400,5398
5400: 5282,5399,5518,5283,5401,5519
5401: 5402,5519,5520,5284,5283,5400
5402: 5401,5520,5284,5285
5403: 5404,5523,5521,5522
5404: 5523,5403,5405,5287,5286
5405: 5404,5523,5287,5288,5406,5524
5406: 5525,5524,5288,5405,5407
5407: 5408,5526,5290,5525,5406
5408: 5407,5526,5527,5290,5291,5409
5409: 5410,5528,5291,5292,5408,5527
5410: 5409,5528,5292,5293
5411: 5294,5412,5529,5530
5412: 5411,5294,5413,5295,5530,5531
5413: 5295,5414,5412,5531
5414: 5413,5295,5296,5297,5298
5415: 5298,5535,5534,5652
5416: 5299,5301,15291,5300,5417
5417: 5653,5535,15291,5416
16834: 11573,15966,16170,15583
5419: 15888,16152,16101,16315,16565
5420: 16315,16618,16565,5537,5539
8931: 16209,9044,8817,9043,8930
5422: 5658,5659,5540,5423,5304
5423: 16370,5304,5424,5422
5424: 15674,5662,16370,5423
10599: 10498,10598,10600,10699
5426: 16256,16213,16390
14766: 16108,16126,15454
14691: 11249,16134,17027
14584: 16863,15787
5430: 5547
9976: 10082,9977,9869,9870,10080,10081
14587: 11407
16937: 16577,9820,16056
15683: 17011,17018
15550: 9157,16839,9045,9046,16245,9269
16966: 
11111: 11205,17029,11018,16523
12026: 11951,16228,14824,11950,12099
15778: 5451,15597,5567
16107: 6515
9134: 9245,9133,9021,9022,9135,9246
15706: 11114,15649,11207,11298
11464: 11463,11550,11375
5444: 15281
16774: 14551
14801: 16229,16665,11343
5447: 14415,16100,16480,5330
5448: 5567,16775,14351
10003: 10004,9897,10002,9896,10108,10109
10098: 10202,10203,10097,9992,10099
5451: 15778,14488,5333
8977: 15180,8978,9089,9201,9091
8692: 8806,8693,8577,8578,8691,8805
5454: 5336,16694
16786: 1719,1812
16905: 10445,10443,10545,10546
5457: 15425,15832,5458,5575
5458: 5576,5575,5340,5457,16303
5459: 5578,5696,5460,16666,16303,5576
5460: 5459,5578,16303,5341,5342,5461
5461: 5579,5342,15662,5462,5578,5460
5462: 15662,5344,5579,5461
16454: 15577,293
5464: 5345,5346,5465,5581,5582
5465: 5347,5466,5346,5464,5582,5583
5466: 5347,5465,5467,5348,5583,5584
5467: 5349,5468,5348,5466,5585,5584
5468: 5349,5467,5350,5585
5469: 5233,5470,5351,5586,5587
5470: 5352,5471,5351,5469,5588,5587
5471: 5352,5470,5353,5472,5588,5589
5472: 5354,5353,5471,5473,5590,5589
5473: 5355,5474,5354,5472,5590,5591
5474: 5356,5355,5473,5475,5592,5591
5475: 5357,5476,5356,5474,5592,5593
5476: 5357,5358,5475,5477,5593,5594
5477: 5359,5478,5358,5476,5594,5595
5478: 5359,5360,5477,5479,5595,5596
5479: 5361,5480,5360,5478,5596,5597
5480: 5361,5479,5481,5362,5597,5598
5481: 5363,5482,5362,5480,5599,5598
5482: 5363,5481,5364,5483,5599,5600
5483: 5484,5365,5364,5482,5601,5600
5484: 5365,5483,5366,5485,5601,5602
5485: 5366,5367,5486,5484,5602,5603
5486: 5367,5485,5368,5487,5603
5487: 5368,5486,5605
15321: 2854,2749,2748,2645,2750,2855
5489: 5370,5371,5490,5606,5607
5490: 5372,5491,5489,5371,5607,5608
5491: 5372,5373,5490,5492,5608,5609
5492: 5374,5493,5373,5491,5609,5610
5493: 5492,5374,5375,5494,5610,5611
5494: 5376,5495,5493,5375,5611,5612
5495: 5494,5376,5377,5612,5613
10737: 16581,10835,10637,10834
5497: 5378,5379,5498,5614,5615
5498: 5379,5380,5499,5497,5615,5616
5499: 5380,5498,5381,5500,5616,5617
5500: 5381,5382,5501,5499,5617,5618
5501: 5500,5382,5618,5619
5502: 5620,5503,5383,5384
5503: 5620,5621,5502,5384,5385,5504
5504: 5622,5505,5385,5386,5621,5503
5505: 5622,5623,5504,5386,5387,5506
5506: 5624,5507,5387,5388,5623,5505
5507: 5624,5625,5506,5388,5389,5508
5508: 5626,5389,5390,5509,5625,5507
5509: 5390,5391,5510,5626,5508,5627
5510: 5391,5392,5511,5509,5627,5628
5511: 5392,5510,5393,5512,5628,5629
5512: 5393,5394,5513,5511,5629,5630
5513: 5394,5512,5395,5514,5630,5631
5514: 5395,5396,5515,5513,5631,5632
5515: 5396,5514,5397,5516,5632,5633
5516: 5397,5398,5515,5517,5633,5634
5517: 5399,5518,5398,5516,5634,5635
5518: 5399,5517,5400,5519,5635,5636
5519: 5401,5520,5518,5400,5636,5637
5520: 5402,5401,5519,5637
5521: 5638,5403,5522,5639
5522: 5640,5639,5523,5403,5521
5523: 5404,5403,5405,5524,5522
5524: 5525,5406,5523,5405
5525: 5406,5524,5407,5526
5526: 5407,5408,5527,5525,5643
5527: 5408,5526,5409,5528,5643
5528: 5409,5410,5527
5529: 5647,5530,5411,5646
5530: 5647,5529,5648,5411,5412,5531
5531: 5649,5412,5413,5530,5648
16760: 16153,14343
8290: 8058,16035,17001,8176
5534: 5652,5415,5650
5535: 5653,5417,5415,5652,16794
8294: 8178,8179,8295,8293,8409,8410
5537: 15231,5303,5420,16565
8225: 8226,8340,8341,8109,8108,8224
5539: 5656,5657,5420,16618,5540
5540: 5658,5422,16618,5304,5657,5539
10106: 10105,10210,10000,10001,10107
9461: 9351,9352,9462,9460,9570,9571
11282: 11373,11190,11191,11281
9561: 9670,9562,9669,9452,9451,9560
9646: 9645,16951,16487,9538,9755,9647
16262: 
5547: 5665,5430
14660: 13175
10393: 10290,10392,10291,10394,10494,16524
16178: 8056,16035,8174
13420: 2747,15758,2749,15943
16770: 1862,16389,1958,1957,2055
12685: 13133,16474
10176: 10072,10177,10279
15005: 15732,16871
8335: 8218,8334,8336,8450,8451
9880: 9881,9772,9773,9987,9879,9986
11652: 
9214: 9325,9324,9215,9102,9103,9213
8907: 8906,8793,8794,8908,9020
9283: 9395
16816: 2258,2159,2259,2358,2359
5563: 15931,5683
10705: 10803,10802,16554,10704
14678: 
16016: 
5567: 5448,15778,14351
16822: 15617
9001: 8888,9002,8889,9113,9114
5570: 16587,14488
16246: 8373,12886
15932: 
16848: 12447,15864,13624
11790: 15357,17033
5575: 5576,5694,5458,5457,15425
5576: 5694,5458,5575,5459,16666,16303
9498: 9280,16252,9388,16922
5578: 5459,5696,5460,5579,5697,5461
5579: 5697,5461,5462,5578
8639: 8638,8751,8640,8753
5581: 5582,5699,5464
5582: 5581,5464,5465,5583,5701
5583: 5701,5702,5466,5465,5582,5584
5584: 5585,5703,5466,5467,5583,5702
5585: 5704,5703,5584,5467,5468
5586: 5705,5469,5587
5587: 5588,5706,5469,5470,5586,5705
5588: 5706,5707,5587,5471,5470,5589
5589: 5590,5708,5471,5472,5588,5707
5590: 5589,5708,5472,5473,5591,5709
5591: 5592,5710,5709,5474,5473,5590
5592: 5710,5591,5474,5475,5593,5711
5593: 5594,5712,5711,5476,5475,5592
5594: 5593,5712,5476,5477,5595,5713
5595: 5596,5714,5713,5478,5477,5594
5596: 5595,5714,5478,5479,5597,5715
5597: 5716,5715,5480,5479,5596,5598
5598: 5599,5717,5480,5481,5597,5716
5599: 5717,5718,5598,5481,5482,5600
5600: 5601,5719,5482,5483,5599,5718
5601: 5720,5719,5600,5484,5483,5602
5602: 5603,5721,5484,5485,5601,5720
5603: 5602,5721,5722,5485,5486
10427: 10528,10426,10324,10428
5605: 5723,5487,5606,5724
5606: 5607,5724,5725,5489,5605
5607: 5606,5725,5489,5490,5608,5726
5608: 5726,5727,5609,5491,5490,5607
5609: 5608,5727,5491,5492,5610,5728
5610: 5729,5728,5611,5492,5493,5609
5611: 5729,5610,5493,5494,5612,5730
5612: 5731,5730,5494,5495,5611,5613
5613: 5614,5732,5495,5731,5612
5614: 5613,5733,5732,5497,5615
5615: 5616,5734,5497,5498,5614,5733
5616: 5615,5734,5735,5498,5499,5617
5617: 5618,5736,5499,5500,5616,5735
5618: 5617,5736,5737,5500,5501,5619
5619: 5501,5618,5737
5620: 5621,5739,5740,5502,5503
5621: 5620,5740,5503,5622,5504
5622: 5623,5504,5505,5621
5623: 5622,5505,5624,5742,5506
5624: 5742,5743,5625,5507,5506,5623
5625: 5624,5743,5507,5744,5626,5508
5626: 5744,5745,5508,5509,5625,5627
5627: 5628,5746,5509,5510,5626,5745
5628: 5627,5746,5747,5511,5510,5629
5629: 5630,5748,5511,5512,5628,5747
5630: 5629,5749,5748,5513,5512,5631
5631: 5632,5750,5513,5514,5630,5749
5632: 5631,5750,5514,5515,5633,5751
5633: 5751,5752,5634,5515,5516,5632
5634: 5633,5752,5516,5517,5635,5753
5635: 5754,5753,5636,5517,5518,5634
5636: 5754,5635,5518,5519,5755,5637
5637: 5755,5519,5520,5636
5638: 5521,5639,5757
5639: 5640,5522,5638,5521,5757,5758
5640: 5522,5639,5641,5758,5759
5641: 5642,5640,5759,5760
5642: 5641,5761,5760
5643: 5644,5526,5527
5644: 5643,5645,5762,5763
5645: 5646,5644,5763,5764
5646: 5645,5647,5529,5764,5765
5647: 5529,5530,5648,5646,5765,5766
5648: 5647,5530,5649,5531,5766,5767
5649: 5531,5650,5648,5767,5768
5650: 5649,5534,5768,5769
8637: 8638,8751,8524,8636
5652: 5534,5415,5535,16729,16794
5653: 5417,5535,5654,16794
5654: 5772,16794,5653
16767: 15596
5656: 5657,5539,16773,5773
5657: 5656,5539,5658,5540
5658: 5422,5659,5540,5657,5777
5659: 5658,5422,5777,5897
8357: 8241,8356,8242,8358,8472
16421: 16608,15909,16371,12099,16546
5662: 5424,16256,15305,16390
15947: 
9219: 9329,9220,9330,9108,9107,9218
5665: 5547
10897: 10898
16863: 14584,15787
9779: 9778,9670,9671,9887,9780
11806: 16929,11887,11723,15963,11885,16118
10784: 13066,10785,14476,10882
10284: 10180,10386,10283,15858
11622: 11536,11621,11705,11706
11584: 13729,17039
10006: 9899,10005,9900
10086: 10085,9980,10191
16948: 16414
16935: 1005,16571
8676: 8789,8790,8562,8677
8817: 8703,8816,8704,8930,8931
11879: 16708,11799
9196: 16352,15698,13757,15124,9308
10489: 10589,16697
5683: 5563
14243: 14204,11778
15896: 14169,7195,7077,7197,16501,7315
8343: 8227,8342,8344,8458,8459
10615: 10515,10414,10614,10616,10715,10716
16557: 
5689: 16968,16587
10144: 10142,10038,16316
8544: 8429,8543,8430,8545,8658,8659
16874: 15338,15645,16089
9569: 9677,9678,9568,9459,9460,9570
5694: 5576,5575,16666,5695,5812
5695: 5812,5694,16666,5933,5932
5696: 5459,5578,16666,5697,5933
5697: 5579,5578,5696,5816
9471: 9470,9361,9580,9362,9472,9581
5699: 5581,5817,5818
8695: 8809,8696,8581,8580
5701: 5583,5702,5582,5819,5820
5702: 5583,5701,5703,5584,5820,5821
5703: 5704,5585,5584,5702,5822,5821
5704: 5585,5703,5822,5823
5705: 5586,5706,5587,5824,5825
5706: 5588,5707,5587,5705,5825
5707: 5588,5706,5589,5708,5826
5708: 5590,5589,5707,5709,5827
5709: 5710,5591,5590,5708,5828
5710: 5592,5591,5709,5711,5829
5711: 5593,5712,5592,5710,5830
5712: 5593,5594,5711,5713,5830,5831
5713: 5595,5714,5594,5712,5831,5832
5714: 5595,5596,5713,5715,5832,5833
5715: 5597,5716,5596,5714,5833,5834
5716: 5597,5715,5717,5598,5834,5835
5717: 5599,5718,5598,5716,5836,5835
5718: 5599,5717,5719,5600,5836,5837
5719: 5601,5720,5600,5718,5837,5838
5720: 5601,5719,5602,5721,5838,5839
5721: 5602,5603,5722,5720,5839,5840
5722: 5603,5721,5723,5840,5841
5723: 5605,5722,5724,5841,5842
5724: 5606,5725,5723,5605,5842,5843
5725: 5606,5607,5724,5726,5843,5844
5726: 5608,5727,5607,5725,5844,5845
5727: 5608,5726,5609,5728,5845,5846
5728: 5729,5610,5727,5609,5846,5847
5729: 5610,5728,5611,5730,5847,5848
5730: 5731,5612,5729,5611,5848,5849
5731: 5612,5730,5613,5732,5849,5850
5732: 5613,5614,5733,5731,5850,5851
5733: 5614,5732,5615,5734,5851,5852
5734: 5615,5616,5735,5733,5852,5853
5735: 5616,5734,5617,5736,5853,5854
5736: 5617,5618,5737,5735,5854,5855
5737: 5618,5736,5619,5855,5856
9898: 9899,10005,9790,9791,10004,9897
5739: 5620,5740,5857,5858
5740: 5620,5621,5739,5858,5859
10684: 16368,10584,15125,10683,10783
5742: 5624,5743,5623,5860,5861
5743: 5624,5742,5625,5744,5861,5862
5744: 5626,5745,5743,5625,5862,5863
5745: 5744,5626,5627,5746,5863,5864
5746: 5627,5628,5747,5745,5864,5865
5747: 5628,5746,5629,5748,5865,5866
5748: 5629,5630,5749,5747,5866,5867
5749: 5630,5748,5631,5750,5867,5868
5750: 5631,5632,5749,5751,5868,5869
5751: 5633,5752,5632,5750,5869,5870
5752: 5633,5751,5634,5753,5870,5871
5753: 5754,5635,5752,5634,5871,5872
5754: 5635,5753,5636,5755,5872,5873
5755: 5637,5754,5636,5873,5874
9132: 9131,9243,9020,9244,9133
5757: 5875,5638,5639,5758,5876
5758: 5877,5759,5876,5640,5639,5757
5759: 5877,5758,5640,5641,5878,5760
5760: 5761,5879,5878,5642,5641,5759
5761: 5879,5760,5642,5880,5762
5762: 5880,5881,5644,5761,5763
5763: 5882,5764,5644,5645,5881,5762
5764: 5882,5763,5883,5645,5646,5765
5765: 5884,5766,5646,5647,5764,5883
5766: 5884,5885,5765,5647,5648,5767
5767: 5887,5768,5648,5649,5885,5766
5768: 5767,5887,5649,5650,5769
5769: 5889,5770,5650,5768
5770: 5889,5769,16729,5771
5771: 15088,14236,16729,5772,5770
5772: 16729,5654,16794,15088,5771
5773: 15149,16956,16773,5656,5893
16499: 10127,10231,10128,10233,10335,10336
15617: 16822
16415: 
5777: 16888,13583,5658,5659,5897
9311: 9200,15903,9201,9312,9420
5779: 5897,6016,6014,16950
5780: 16950,16636,5900
10332: 10333,10435,10228,10331,10434
15090: 15864,16679
16964: 5070,5071,16977,16370,15674
10831: 10929,10832,10928,10732
16565: 5420,16315,16101,5419,5537,5303
9783: 9675,9784,9674,9782,9890,9891
5787: 
14582: 15338,15645,539
10444: 
9786: 9677,9678,9785,9787,9893,9894
10726: 10626,10526,10824,10825,10627,10725
13066: 10783,10784,10686
16414: 1220,1051,16813,16948
16144: 2519
16250: 
9037: 8925,9038,9149,9150
8978: 15180,8977,8979,9091
14979: 15441
12103: 16097,15774,15860,12175
8918: 8917,9030,9031,8804,8805,8919
9590: 9481,9591,9589,9698,16284
5802: 6040
14680: 525,16386
8990: 9102,9103,8991,8878,8877,8989
8767: 8880,8766,8653,8654,8768,8881
9023: 8910,9022,9024,9135,9136
5807: 16616,16968
9875: 9982,9981,9767,9768,9874,9876
10013: 9907,10014,10012,10118,10119
8306: 8307,8191,8422,8190,8421,8305
5811: 15565,5930,5928,6048,5929
5812: 5695,5694,15565,5930
16691: 10337,10540,10541,10440
9967: 9968,9754,9966,9860,10072,10073
17032: 8845
5816: 5817,5935,5697
5817: 5816,5935,5699,5818,5936
5818: 5819,5936,5937,5699,5817
5819: 5818,5937,5701,5820,5938
5820: 5938,5939,5701,5702,5819,5821
5821: 5822,5940,5702,5703,5820,5939
5822: 5941,5940,5821,5704,5703,5823
5823: 5824,5942,5704,5941,5822
5824: 5943,5942,5823,5705,5825
5825: 5944,5705,5706,5943,5824
5826: 5944,5707,5827,5945
5827: 5945,5946,5708,5826,5828
5828: 5829,5947,5709,5827,5946
5829: 5947,5948,5828,5710
5830: 5831,5949,5712,5711
5831: 5830,5949,5712,5713,5832,5950
5832: 5833,5951,5950,5714,5713,5831
5833: 5832,5951,5714,5715,5834,5952
5834: 5953,5952,5716,5715,5833,5835
5835: 5836,5954,5716,5717,5834,5953
5836: 5954,5955,5835,5717,5718,5837
5837: 5838,5956,5718,5719,5836,5955
5838: 5837,5957,5956,5720,5719,5839
5839: 5840,5958,5720,5721,5838,5957
5840: 5839,5958,5959,5721,5722,5841
5841: 5842,5960,5722,5723,5840,5959
5842: 5841,5960,5723,5724,5843,5961
5843: 5962,5961,5844,5724,5725,5842
5844: 5843,5962,5725,5726,5845,5963
5845: 5963,5964,5846,5726,5727,5844
5846: 5845,5964,5727,5728,5847,5965
5847: 5966,5965,5848,5729,5728,5846
5848: 5966,5847,5729,5730,5849,5967
5849: 5968,5967,5731,5730,5848,5850
5850: 5851,5969,5731,5732,5968,5849
5851: 5850,5969,5970,5733,5732,5852
5852: 5853,5733,5734,5851,5970
5853: 5852,5972,5734,5735,5854
5854: 5855,5973,5735,5736,5853,5972
5855: 5854,5973,5974,5736,5737,5856
5856: 5975,5857,5737,5855,5974
5857: 5975,5856,5739,5858,5976
5858: 5977,5976,5859,5739,5740,5857
5859: 5977,5858,5740
5860: 5978,5742,5861,5979
5861: 5979,5980,5862,5742,5743,5860
5862: 5861,5980,5743,5744,5863,5981
5863: 5982,5981,5744,5745,5862,5864
5864: 5865,5983,5745,5746,5982,5863
5865: 5864,5983,5984,5746,5747,5866
5866: 5867,5985,5747,5748,5865,5984
5867: 5866,5985,5986,5749,5748,5868
5868: 5869,5987,5749,5750,5867,5986
5869: 5868,5987,5750,5751,5870,5988
5870: 5988,5989,5871,5751,5752,5869
5871: 5870,5989,5752,5753,5872
5872: 5991,5873,5754,5753,5871
5873: 5991,5872,5754,5755,5874,5992
5874: 5993,5992,5755,5873
5875: 5757,5876,6112,5994
5876: 5877,5758,5875,5757,5994,5995
5877: 5758,5759,5876,5878,5996,5995
5878: 5879,5760,5877,5759,5996,5997
5879: 5761,5878,5760,5880,5997,5998
5880: 5881,5762,5761,5879,5998,5999
5881: 5880,5762,5882,5763,5999,6000
5882: 5763,5764,5883,5881,6001,6000
5883: 5882,5764,5884,5765,6001,6002
5884: 5885,5765,5766,5883,6003,6002
5885: 5884,5766,5767,5887,6003,6004
12085: 13035,16218,14204,16215,16534
5887: 5767,5768,5885,6004,6005
9227: 9115,9226,9228,9116,9337,9338
5889: 5769,5770,6006,6007
16971: 14177,265
8436: 8320,8321,8437,8435,8550,8551
5892: 15149,16956,15088,14236,6009,6010
5893: 5894,5773,16956,6011,15068
5894: 5893,13583,15068,6013
5895: 16885,14212,16888,6014,16916,16098
16059: 15516
5897: 5779,6014,5659,16888,5777
8311: 8310,8426,8194,8195,8427
15634: 2195,2194
5900: 16636,5780
8480: 8481,8365,8364,15215
15311: 15851,15988,16247
5903: 
9252: 9140,9141,9253,9251,9362,9363
9109: 8997,9110,8996,9108,9220,9221
11190: 11097,11189,11098,11191,11281,11282
13297: 10370
12122: 12193,12049,16124,16472
11180: 16667,11088,11087,11271,11272
11643: 11727,11471,11725
8337: 8336,8222,8338,8452,8453
9376: 16875,9377,9265,9266,9485,16403
16671: 8258,8257,8023,8141,8139
14148: 11389,15194,16259
8558: 8444,8443,8557,8559
9237: 9126,9238,9125,9236,9348,9347
12036: 16376,12110,12035,12109
13006: 16227
11711: 11541,11792,15295
9742: 9634,17004,9415,9741,9957
16730: 16985
10073: 10177,10178,9967,9968,10072
5923: 6041
11117: 11024,11116,16663,11118,11209
10911: 10912,16795,10813,10910
9894: 9893,10000,9786,9787,9895,10001
15459: 16913,16187,15467,10651
5928: 5811,5929
5929: 6048,5928,5811
5930: 5811,15565,5812,6048,6049
15903: 9200,9311,13597,9420
5932: 5933,5934,5695,6051,6052
5933: 5932,5934,5696,16666,5695
5934: 5933,5932,16742,6052
5935: 5816,5817,5936,6053,6054
5936: 5818,5937,5817,5935,6054,6055
5937: 5818,5819,5936,5938,6055,6056
5938: 5820,5939,5819,5937,6057,6056
5939: 5820,5938,5940,5821,6057,6058
5940: 5941,5822,5821,5939,6059,6058
5941: 5822,5940,5942,5823,6059,6060
5942: 5943,5824,5823,5941,6061,6060
5943: 5824,5942,5825,5944,6061
5944: 5825,5826,5943,6062
5945: 5827,5946,5826,6063,6064
5946: 5827,5945,5947,5828,6064,6065
5947: 5829,5948,5828,5946,6066,6065
5948: 5829,5947,6066,6067
5949: 5830,5831,5950,6068
5950: 5832,5951,5831,5949,6068,6069
5951: 5832,5833,5950,5952,6069,6070
5952: 5834,5953,5833,5951,6070,6071
5953: 5834,5952,5954,5835,6071,6072
5954: 5836,5955,5835,5953,6073,6072
5955: 5836,5954,5837,5956,6073,6074
5956: 5837,5838,5957,5955,6074,6075
5957: 5838,5956,5839,5958,6075,6076
5958: 5839,5840,5959,5957,6076,6077
5959: 5840,5958,5841,5960,6077,6078
5960: 5841,5842,5959,5961,6078,6079
5961: 5843,5962,5842,5960,6079,6080
5962: 5843,5961,5844,5963,6080,6081
5963: 5845,5964,5962,5844,6081,6082
5964: 5845,5963,5846,5965,6082,6083
5965: 5966,5847,5964,5846,6083,6084
5966: 5847,5965,5848,5967,6084,6085
5967: 5968,5849,5966,5848,6085,6086
5968: 5849,5967,5850,5969,6086,6087
5969: 5850,5851,5970,5968,6087,6088
5970: 5851,5969,5852,6088,6089
11725: 15963,11643,16929
5972: 5853,5854,5973,6090,6091
5973: 5854,5855,5974,5972,6091,6092
5974: 5855,5973,5975,5856,6092,6093
5975: 5856,5857,5974,5976,6093,6094
5976: 5977,5858,5975,5857,6094,6095
5977: 5858,5976,5859,6095
5978: 5860,5979,6096,6097
5979: 5861,5980,5978,5860,6097,6098
5980: 5861,5979,5862,5981,6098,6099
5981: 5982,5863,5980,5862,6099,6100
5982: 5863,5981,5864,5983,6100,6101
5983: 5864,5865,5984,5982,6101,6102
5984: 5865,5983,5866,5985,6102
5985: 5866,5867,5986,5984,6104
5986: 5867,5985,5868,5987,6104,6105
5987: 5868,5869,5986,5988,6105,6106
5988: 5870,5989,5869,5987,6106,6107
5989: 5870,5988,5871,6107,6108
8898: 8897,9010,8784,8785,8899,9011
5991: 5872,5873,5992,6110
5992: 5993,5874,5991,5873,6110,6111
5993: 5874,5992,6111,6112
5994: 6112,6231,5875,5876,5995,6113
5995: 6114,5996,6113,5877,5876,5994
5996: 6114,5995,5877,5878,5997,6115
5997: 6116,5998,6115,5879,5878,5996
5998: 5997,6116,5879,5880,6117,5999
5999: 6117,6118,5880,5881,5998,6000
6000: 6119,6001,5881,5882,6118,5999
6001: 6119,6120,6000,5882,5883,6002
6002: 6121,6003,5883,5884,6001,6120
6003: 6121,6002,6122,5884,5885,6004
6004: 6123,6005,5885,5887,6003,6122
6005: 6123,6004,6124,5887,6006
6006: 6125,6007,5889,6005,6124
6007: 6006,6125,5889,6126,6008
6008: 6126,6127,6009,14236,6007
6009: 6127,6008,14236,5892,6128,6010
6010: 6128,6129,6011,5892,16956,6009
6011: 6129,6010,16956,5893,6012,15068
6012: 13837,15068,6129,6011,6249
6013: 16916,5894,13583,13837,15068
6014: 5897,5779,6016,16888,14212,5895
9462: 9461,9352,9353,9463,9571,9572
6016: 5779,6014,16950,16636,14212
9256: 9144,9145,9257,9255,9367,9366
16702: 16220,12584
16523: 15384,11111,17029
14488: 5451,5570
15858: 10285,10284,10386
15515: 16765,11782,11781
14078: 13654,15544,1104
8217: 8332,8216,8100,8101
10425: 10424,16802,10527,10322,10323,10426
15363: 1185,15604,16853
16457: 14928,16820,7446
16575: 
9574: 9683,9682,9575,9464,9465,9573
8474: 8589,8588,8358,8359,8475
16527: 16512,16580
16839: 9157,15550,9046,9158
9336: 9446,9337,9225,9226,9445,9555
15864: 16848,15090
10903: 10904,10998,10806,10902,10997
16447: 3623,3733,3734,3847,3846
15414: 16224
11558: 13906,16852,16886,16008,16093,15632
14901: 16236,16788
6040: 5802
6041: 5923
8232: 8116,8115,8231,8233,8348,8347
11014: 10920,16355,10919,11107,11108
16365: 
8237: 8352,8353,8238,8119,8236
17029: 11111,11016,11018,10923,16523
9797: 9688,9689,9687,9798,9905,9796
6048: 5929,5811,5930,6049,6168
6049: 6168,6051,16787,5930,6048
9353: 9463,9354,9242,9243,9352,9462
6051: 6049,16787,5932,6052,6169
6052: 16742,6169,5932,5934,6051
6053: 6054,6171,5935,16742
6054: 6053,5935,5936,6055,6173
6055: 6174,6173,5936,5937,6054,6056
6056: 6057,6175,5937,5938,6055,6174
6057: 6175,6056,5938,5939,6058
6058: 6059,6177,5939,5940,6057
6059: 6178,6177,6058,5941,5940,6060
6060: 6061,5941,5942,6178,6059
6061: 6060,6179,5943,5942
6062: 6063,6181,6180,5944
6063: 6062,6181,5945,6064,6182
6064: 6183,6182,5945,5946,6063,6065
6065: 6066,6184,5946,5947,6064,6183
6066: 6184,6185,6065,5947,5948,6067
6067: 6186,5948,6066,6185
6068: 5949,5950,6069,6187
6069: 6070,6188,6187,5951,5950,6068
6070: 6069,6188,5951,5952,6071,6189
6071: 6190,6189,5953,5952,6070,6072
6072: 6073,6191,5953,5954,6071,6190
6073: 6191,6192,6072,5954,5955,6074
6074: 6075,6193,5955,5956,6073,6192
6075: 6074,6193,6194,5957,5956,6076
6076: 6077,6195,5957,5958,6075,6194
6077: 6076,6195,6196,5958,5959,6078
6078: 6079,6197,5959,5960,6077,6196
6079: 6078,6197,5960,5961,6080,6198
6080: 6081,6198,6199,5962,5961,6079
6081: 6080,6199,5962,5963,6082,6200
6082: 6200,6201,6083,5963,5964,6081
6083: 6082,6201,5964,5965,6084,6202
6084: 6203,6202,6085,5966,5965,6083
6085: 6203,6084,5966,5967,6086,6204
6086: 6205,6204,5968,5967,6085,6087
6087: 6088,6206,5968,5969,6205,6086
6088: 6087,6206,6207,5969,5970,6089
6089: 6090,6326,5970,6088,6207
6090: 6089,6326,6208,5972,6091
6091: 6209,6092,5972,5973,6090,6208
6092: 6091,6209,6210,5973,5974,6093
6093: 6211,6094,5974,5975,6092,6210
6094: 6211,6093,5975,5976,6212,6095
6095: 6212,6213,5977,5976,6094
6096: 6097,6214,6215,5978
6097: 6096,6215,5978,5979,6098,6216
6098: 6216,6217,6099,5979,5980,6097
6099: 6098,6217,5980,5981,6100,6218
6100: 6219,6218,5982,5981,6099,6101
6101: 6102,6220,5982,5983,6219,6100
6102: 6101,6220,6221,5983,5984
8366: 8481,8365,8249,16233
6104: 6222,6223,5985,5986,6105
6105: 6224,6106,5986,5987,6104,6223
6106: 6105,6224,6225,5987,5988,6107
6107: 6108,6226,5988,5989,6106,6225
6108: 6107,6226,5989,6227
16972: 16532,13880,16763,13981
6110: 6111,6229,5991,5992,6228
6111: 6110,6229,5993,5992,6112,6230
6112: 5994,6231,6230,5993,5875,6111
6113: 6114,5995,5994,6231,6232
6114: 5996,5995,6113,6115,6232,6233
6115: 5997,6116,6114,5996,6233,6234
6116: 5997,5998,6115,6117,6234,6235
6117: 6118,5999,6116,5998,6235,6236
6118: 6117,5999,6119,6000,6236,6237
6119: 6001,6120,6000,6118,6237,6238
6120: 6119,6001,6121,6002,6238,6239
6121: 6003,6002,6122,6120,6240,6239
6122: 6121,6003,6123,6004,6240,6241
6123: 6004,6005,6124,6122,6241,6242
6124: 6123,6005,6006,6125,6242
6125: 6006,6007,6124,6126
6126: 6127,6008,6125,6007,6245
6127: 6126,6009,6008,6128,6245,6364
6128: 6129,6010,6127,6009,6364
6129: 6128,6010,6011,6012
11178: 11085,11177,11361
16370: 5423,16964,15674,5424
8854: 8740,16876,14879
6133: 16885,14212,6255,16849
9671: 9563,9672,9670,9562,9779,9780
8927: 8928,9040,8813,8814,9039,8926
14822: 6397,6277
6137: 6255
16777: 11954,11798,11716,11797,16469
16126: 15454,14766
15796: 
16079: 13639,16301,16804,14408,2642
8687: 8800,8573,8572,8686,8688
9091: 8977,8978,8979,9203
8645: 8758,8531,8530,8646,8644
10307: 10308,10410,10203,10204,10306,10409
8216: 8332,8331,8217,8100,8099,8215
9338: 9448,9339,9227,9228,9337
11116: 11117,11024,10928,10929,16663,16952
16477: 7830,7946,7712,7829
16174: 
14863: 
8477: 
6153: 16884
8317: 8201,8433,8316,8318,8432
10546: 15109,10445,16905,10545
15905: 15754,620,15693
16958: 16305,17035,15744
15997: 11094,11093,10999,11000,11091,11185
15369: 
15671: 14709,1575,1667,13758
16133: 2237,14777,13298,15084
11063: 11156,16857
9354: 9353,9463,9243,9244,9464,9355
15746: 10443,14586,10544
8576: 8462,8575,8577,8689,8690,8691
9905: 9904,9796,9797,9798,10011,9906
17026: 1172,1090,1257
6168: 6049,16787,6048,6285
6169: 6052,6051,16787,6288
16235: 16588,16420,10584,16823
6171: 6053,16742,6290
9441: 9442,9550,9551,9331,9332,9440
6173: 6055,6174,6054,6291,6292
6174: 6055,6173,6175,6056,6292,6293
6175: 6057,6056,6174,6294,6293
11377: 11286,11378,11466
6177: 6178,6059,6058,6296,6295
6178: 6059,6177,6060,6296,6297
6179: 6061,6180,6297,6298
6180: 6062,6181,6179,6298,6299
6181: 6062,6063,6180,6182,6299,6300
6182: 6064,6183,6063,6181,6300,6301
6183: 6064,6182,6184,6065,6301,6302
6184: 6066,6185,6065,6183,6303,6302
6185: 6066,6184,6186,6067,6303,6304
6186: 6067,6185,6305,6304
6187: 6069,6188,6068,6305,6306
6188: 6069,6070,6187,6189,6306,6307
6189: 6071,6190,6070,6188,6307,6308
6190: 6071,6189,6191,6072,6308,6309
6191: 6073,6192,6072,6190,6309,6310
6192: 6073,6191,6074,6193,6310,6311
6193: 6074,6075,6194,6192,6311,6312
6194: 6075,6193,6076,6195,6312,6313
6195: 6076,6077,6196,6194,6313,6314
6196: 6077,6195,6078,6197,6314,6315
6197: 6078,6079,6196,6198,6315,6316
6198: 6080,6199,6079,6197,6316,6317
6199: 6080,6081,6198,6200,6317,6318
6200: 6082,6201,6081,6199,6318,6319
6201: 6082,6200,6083,6202,6319,6320
6202: 6203,6084,6201,6083,6320,6321
6203: 6084,6202,6085,6204,6321,6322
6204: 6205,6086,6203,6085,6322,6323
6205: 6086,6204,6087,6206,6323,6324
6206: 6087,6088,6207,6205,6324,6325
6207: 6088,6206,6089,6326,6325
6208: 6090,6326,6091,6209,6327
6209: 6091,6092,6210,6208,6328,6327
6210: 6209,6092,6211,6093,6328,6329
6211: 6093,6094,6210,6212,6329,6330
6212: 6095,6213,6211,6094,6330,6331
6213: 6212,6095,6214,6331,6332
6214: 6096,6215,6213,6332,6333
6215: 6096,6097,6214,6216,6333,6334
6216: 6098,6217,6097,6215,6334,6335
6217: 6098,6216,6099,6218,6335,6336
6218: 6219,6100,6217,6099,6336,6337
6219: 6100,6218,6101,6220,6337,6338
6220: 6101,6102,6221,6219,6338,6339
6221: 6102,6220,6222,6339,6340
6222: 6104,6223,6221,6340,6341
6223: 6222,6104,6105,6224,6341,6342
6224: 6105,6106,6225,6223,6342
6225: 6224,6106,6107,6226,6344
6226: 6107,6108,6225,6227,6344,6345
6227: 6108,6226,6345
6228: 6110,6229
6229: 6110,6111,6228,6230
6230: 6112,6231,6111,6229
6231: 6112,5994,6230,6113
6232: 6351,6233,6350,6114,6113
6233: 6351,6232,6114,6115,6352,6234
6234: 6353,6352,6235,6116,6115,6233
6235: 6353,6234,6116,6117,6354,6236
6236: 6354,6355,6117,6118,6235,6237
6237: 6356,6238,6118,6119,6355,6236
6238: 6356,6357,6237,6119,6120,6239
6239: 6358,6240,6120,6121,6357,6238
6240: 6358,6239,6121,6122,6241
6241: 6360,6242,6122,6123,6240
6242: 6360,6361,6241,6123,6124
15436: 15949
9116: 9117,9228,9003,9004,9115,9227
6245: 6364,6482,16923,6126,6127
15909: 16608,16421,11950,12099
16881: 16097,16646,12105
10639: 10537,10638,10738,16947
6249: 6367,13837,6012,6251
9923: 9816,9922
6251: 6369,16320,13837,6249
6252: 16849,16098,16885,6370,16320
16252: 9278,9280,9498,9388,9277
9229: 9117,9228,9118,9230,9339,9340
6255: 6137,6133
9460: 9459,9350,9461,9351,9569,9570
6257: 6375
9741: 15596,9415,9742,9957
8552: 8553,8667,8437,8438,8551,8666
13339: 
10495: 10494,10594,16524,10694,10595
11749: 13073
6263: 16091,13802
8207: 8090,8091,8206,8208,8323,8322
9566: 9675,9567,9456,9457,9674,9565
16214: 7806,7922
13346: 16211,15859,1582,1581
10493: 10593,10391,10392,10494,10594
6269: 13166
13988: 4833,4834,4716,4717,4949
8572: 8573,8458,8571,8457,8686,8687
9990: 9884,9991,9883,9989,10096,10095
15158: 3574,16754
15850: 16772,1056,975,894
16699: 14968,9383,9385,9493,9603
11913: 13406
6277: 14822
15044: 16298
6279: 16545,6397
9844: 16830
6281: 12957,13559,15218
6282: 6283,6402,12957,13559
6283: 6402,15764,6282,16198
16065: 16817
6285: 16198,13609,6404,6168
16167: 16684,16899,16986
16995: 1178,16212,1179,15045
6288: 16787,6169
16301: 2537,16804,16079,14408
6290: 6291,6409,6408,6171
6291: 6290,6409,6173,6292,6410
6292: 6411,6410,6174,6173,6291,6293
6293: 6294,6412,6174,6175,6292,6411
6294: 6412,6413,6293,6175,6295
6295: 6414,6296,6177,6294,6413
6296: 6414,6295,6178,6177,6297
6297: 6298,6178,6179,6296
6298: 6297,6416,6179,6180,6299,6417
6299: 6300,6417,6418,6181,6180,6298
6300: 6299,6418,6181,6182,6301,6419
6301: 6420,6419,6183,6182,6300,6302
6302: 6303,6421,6183,6184,6301,6420
6303: 6421,6422,6302,6184,6185,6304
6304: 6423,6185,6186,6303,6422
6305: 6423,6186,6187,6306,6424
6306: 6307,6425,6424,6188,6187,6305
6307: 6306,6425,6188,6189,6308,6426
6308: 6427,6426,6309,6190,6189,6307
6309: 6308,6427,6190,6191,6310,6428
6310: 6428,6429,6191,6192,6309,6311
6311: 6312,6430,6192,6193,6310,6429
6312: 6311,6430,6193,6194,6313
6313: 6314,6432,6194,6195,6312
6314: 6313,6432,6433,6195,6196,6315
6315: 6316,6434,6196,6197,6314,6433
6316: 6315,6434,6435,6197,6198,6317
6317: 6318,6436,6198,6199,6316,6435
6318: 6317,6436,6199,6200,6319,6437
6319: 6437,6438,6320,6200,6201,6318
6320: 6319,6438,6201,6202,6321,6439
6321: 6440,6439,6322,6203,6202,6320
6322: 6440,6321,6203,6204,6323,6441
6323: 6442,6441,6205,6204,6322,6324
6324: 6325,6443,6205,6206,6442,6323
6325: 6324,6443,6444,6206,6207
6326: 6089,6090,6208,6207
6327: 6328,6446,6208,6209
6328: 6446,6327,6447,6209,6210,6329
6329: 6330,6448,6210,6211,6328,6447
6330: 6329,6448,6211,6212,6331,6449
6331: 6332,6450,6449,6212,6213,6330
6332: 6331,6450,6213,6214,6333,6451
6333: 6334,6451,6452,6214,6215,6332
6334: 6333,6452,6215,6216,6335,6453
6335: 6453,6454,6336,6216,6217,6334
6336: 6335,6454,6217,6218,6337,6455
6337: 6456,6455,6219,6218,6336,6338
6338: 6339,6457,6219,6220,6456,6337
6339: 6338,6457,6458,6220,6221,6340
6340: 6341,6459,6221,6222,6339,6458
6341: 6340,6459,6460,6222,6223,6342
6342: 6461,6223,6224,6341,6460
10285: 15858,10286
6344: 6345,6463,6225,6226,6462
6345: 6344,6463,6226,6227
6346: 6347,6464,6465
6347: 6346,6348,6465,6466
6348: 6349,6347,6466,6467
6349: 6468,6348,6350,6467
6350: 6351,6232,6469,6349,6468
6351: 6470,6232,6233,6350,6469,6352
6352: 6471,6353,6234,6351,6470,6233
6353: 6471,6352,6234,6235,6354
6354: 6355,6473,6236,6353,6235
6355: 6354,6473,6236,6356,6474,6237
6356: 6357,6475,6474,6237,6238,6355
6357: 6356,6475,6238,6358,6476,6239
6358: 6477,6476,6240,6239,6357
16347: 14989,15653,11866
6360: 6478,6479,6361,6241,6242
6361: 6360,6479,6242,6362,6480
6362: 6481,6480,6361,6482
8469: 8468,8583,8353,8354,8470,8584
6364: 6245,16923,6127,6128,6365
6365: 6366,6484,6364,6483,16923
6366: 6365,6484,6485,6367
6367: 6249,6366,6485
16416: 16910
6369: 6370,6488,16320,6487,6251
6370: 6369,6488,16320,6252
11354: 11171,16798,11442,11443
10206: 10101,10102,10205,10207,10309,10310
10738: 16947,10638,10639,16581,16842
15768: 14880,12569
6375: 6493,6257
11006: 16795,11192
16006: 12263,12395,16465,16781
10084: 9978,9979,10085,10188,10189
9567: 9675,9676,9566,9457,9458,9568
14384: 12277
15522: 13319
10092: 10093,10197,10196,9986,9987
15731: 1041,1209,15408,1043
10408: 10306,10409,10305,10407,10510
9583: 9474,9584,9473,9582,9691,9692
11255: 
10117: 10118,10222,10011,10012
13427: 1611,1612,1521,1431
12596: 
9039: 9038,8926,9040,8927,9152
9481: 9372,9590,9371,9591,9482
9457: 9458,9348,9347,9456,9566,9567
9978: 10084,9979,9977
16302: 2195,2295
16501: 7313,7195,15896,7315
15532: 15488,13456
6397: 14822,6279,6515,15982
13382: 1844,1845
15720: 16043,10276
10099: 10100,10204,9994,10098,10203
15599: 10893,10988,10892,10796
6402: 6283,15764,6282,13559,16362,17005
10203: 10098,10202,10099,10204,10306,10307
6404: 6285,13609,6639
8406: 8521,8520,17036,8291,8405,8407
6406: 6642,6525,6643
6407: 6408,6525,6526
6408: 6290,6409,6407,6526,6527
6409: 6290,6291,6408,6410,6527,6528
6410: 6292,6411,6291,6409,6528
6411: 6292,6410,6412,6293,6530
6412: 6294,6413,6293,6411,6531,6530
6413: 6294,6412,6414,6295,6531,6532
6414: 6296,6295,6413,6533,6532
9540: 9541,9431,9539,9430,9649
6416: 6298,6417,6534,6535
6417: 6299,6418,6298,6416,6535,6536
6418: 6299,6300,6417,6419,6536,6537
6419: 6301,6420,6300,6418,6537,6538
6420: 6301,6419,6421,6302,6538,6539
6421: 6303,6422,6302,6420,6540,6539
6422: 6303,6421,6304,6540,6541
6423: 6305,6304,6424,6542
6424: 6306,6425,6423,6305,6543
6425: 6306,6307,6424,6426,6543,6544
6426: 6308,6427,6307,6425,6544,6545
6427: 6308,6426,6309,6428,6545,6546
6428: 6310,6429,6427,6309,6546,6547
6429: 6310,6428,6311,6430,6547,6548
6430: 6311,6312,6429,6548,6549
16213: 5308,16256,5426,15939
6432: 6313,6314,6433,6550,6551
6433: 6314,6432,6315,6434,6551,6552
6434: 6315,6316,6435,6433,6552,6553
6435: 6316,6434,6317,6436,6553,6554
6436: 6317,6318,6435,6437,6554,6555
6437: 6319,6438,6318,6436,6555,6556
6438: 6319,6437,6320,6439,6556,6557
6439: 6440,6321,6438,6320,6557,6558
6440: 6321,6439,6322,6441,6558,6559
6441: 6442,6323,6440,6322,6559
6442: 6323,6441,6324,6443,6561
6443: 6324,6325,6444,6442,6561,6562
6444: 6325,6443,6445,6562,6563
6445: 6444,6563,6564
6446: 6328,6327,6447,6565,6566
6447: 6328,6446,6329,6448,6566
6448: 6329,6330,6447,6449,6567
6449: 6331,6450,6330,6448,6567,6568
6450: 6331,6332,6449,6451,6568,6569
6451: 6333,6452,6332,6450,6569,6570
6452: 6333,6334,6451,6453,6570,6571
6453: 6335,6454,6334,6452,6571,6572
6454: 6335,6453,6336,6455,6572,6573
6455: 6456,6337,6454,6336,6573,6574
6456: 6337,6455,6338,6457,6574,6575
6457: 6338,6339,6458,6456,6575,6576
6458: 6339,6457,6340,6459,6576,6577
6459: 6340,6341,6460,6458,6577,6578
6460: 6341,6459,6342,6461,6578,6579
6461: 6342,6462,6460,6579,6580
6462: 6461,6344,6463,6580,6581
6463: 6344,6345,6462,6581
6464: 6582,6583,6346,6465
6465: 6584,6466,6346,6347,6583,6464
6466: 6584,6465,6347,6348,6585,6467
6467: 6586,6585,6349,6468,6348,6466
6468: 6349,6350,6469,6586,6467,6587
6469: 6351,6470,6350,6468,6588,6587
6470: 6351,6469,6471,6352,6588,6589
6471: 6353,6352,6470,6589,6590
15793: 16810,15704,16308
6473: 6354,6355,6474,6591,6592
6474: 6356,6475,6355,6473,6592,6593
6475: 6356,6357,6474,6476,6593,6594
6476: 6358,6477,6357,6475,6594,6595
6477: 6358,6476,6478,6595,6596
6478: 6360,6479,6477,6596
6479: 6360,6478,6361,6480,6598
6480: 6481,6362,6479,6361,6598,6599
6481: 6362,6480,6482,6600,6599,16612
6482: 6245,16923,6600,6481,6362
6483: 16923,6600,6365,6484,6601,6602
6484: 6365,6366,6485,6483,6602,6603
6485: 6366,6484,6367,6603,6604
15928: 1873,1874,1779,1778,1684
6487: 6369,6488
6488: 6369,6370,6487
8998: 8997,9110,8885,8886,9111,8999
9808: 9699,16284,9700,9915,16160
6491: 15000,6846,6845
9456: 9455,9346,9457,9347,9565,9566
6493: 6375
10589: 10489,16697,10588,10688,16502
9138: 9249,9137,9025,9026,9250,9139
8753: 8640,16657,8754,8639,8867
10919: 10918,10821,10920,11014,10822
11696: 11778
14915: 3916,3914,4028,16980,4144
9251: 9250,9139,9140,9252,9361,9362
15218: 15428,6637,16362,6281,13559
11107: 11106,11199,11014,11108
16879: 16060,15608,1213
12099: 16371,12026,15909,16421
10494: 10594,10495,10392,10393,10493,16524
9977: 10082,9976,9870,9978
9267: 9155,9266,9268,9377,9378
13224: 319
10692: 10593,10390,10789,16752
8295: 8179,8294,8411,8410,16440
11731: 
11792: 11872,15295,11710,11711
16564: 16687
9473: 9472,9363,9582,9474,9364,9583
6515: 16107,15982,6397
8972: 16902
10724: 12819,10725,10625,10723,10822,10823
6518: 15428,6637,6638
12219: 
6520: 15266,17005,15764,6639
11002: 10907,10908,11003,11095
15462: 16112
16469: 16769,16708,11716,14651,16777,11798
9571: 9679,9680,9570,9461,9462,9572
6525: 6526,6644,6643,6407,6406
6526: 6525,6644,6407,6408,6527,6645
6527: 6528,6646,6645,6409,6408,6526
6528: 6527,6646,6409,6410
8430: 8431,8545,8314,8315,8544,8429
6530: 6531,6649,6411,6412,6648
6531: 6649,6650,6530,6412,6413,6532
6532: 6533,6651,6413,6414,6531,6650
6533: 6652,6651,6532,6414,6534
6534: 6535,6653,6416,6652,6533
6535: 6534,6653,6416,6417,6536,6654
6536: 6537,6655,6654,6417,6418,6535
6537: 6536,6655,6418,6419,6538,6656
6538: 6657,6656,6420,6419,6537,6539
6539: 6540,6658,6420,6421,6538,6657
6540: 6658,6659,6539,6421,6422,6541
6541: 6542,6660,6422,6540,6659
6542: 6661,6660,6541,6423
6543: 6544,6662,6425,6424
6544: 6543,6662,6425,6426,6545,6663
6545: 6664,6663,6546,6427,6426,6544
6546: 6545,6664,6427,6428,6547,6665
6547: 6665,6666,6428,6429,6546,6548
6548: 6549,6667,6429,6430,6547,6666
6549: 6548,6667,6668,6430,6550
6550: 6551,6669,6432,6549,6668
6551: 6550,6669,6670,6432,6433,6552
6552: 6553,6671,6433,6434,6551,6670
6553: 6552,6671,6672,6434,6435,6554
6554: 6555,6673,6435,6436,6553,6672
6555: 6554,6673,6436,6437,6556,6674
6556: 6674,6675,6557,6437,6438,6555
6557: 6556,6675,6438,6439,6558,6676
6558: 6677,6676,6559,6440,6439,6557
6559: 6677,6558,6440,6441,6678
14989: 16347,15653,14401,11789
6561: 6562,6680,6442,6443,6679
6562: 6561,6680,6681,6443,6444,6563
6563: 6564,6682,6444,6445,6562,6681
6564: 6563,6682,6683,6445,6565
6565: 6566,6684,6446,6564,6683
6566: 6565,6684,6446,6447
6567: 6448,6449,6568,6686
6568: 6569,6687,6686,6450,6449,6567
6569: 6568,6687,6450,6451,6570,6688
6570: 6571,6688,6689,6451,6452,6569
6571: 6570,6689,6452,6453,6572,6690
6572: 6690,6691,6573,6453,6454,6571
6573: 6572,6691,6454,6455,6574,6692
6574: 6693,6692,6456,6455,6573,6575
6575: 6576,6694,6456,6457,6693,6574
6576: 6575,6694,6695,6457,6458,6577
6577: 6578,6458,6459,6576,6695
6578: 6577,6697,6459,6460,6579
6579: 6580,6698,6460,6461,6578,6697
6580: 6579,6698,6699,6461,6462,6581
6581: 6462,6463,6580,6699
6582: 6583,6701,6464,6700
6583: 6582,6701,6464,6584,6465,6702
6584: 6465,6703,6466,6702,6583,6585
6585: 6586,6704,6467,6584,6703,6466
6586: 6585,6704,6705,6467,6468,6587
6587: 6588,6706,6468,6469,6586,6705
6588: 6706,6707,6587,6470,6469,6589
6589: 6590,6708,6470,6471,6588,6707
6590: 6589,6708,6709,6471,6591
6591: 6592,6710,6473,6590,6709
6592: 6591,6710,6473,6474,6593,6711
6593: 6711,6712,6594,6475,6474,6592
6594: 6593,6712,6475,6476,6595,6713
6595: 6714,6713,6596,6477,6476,6594
6596: 6595,6714,6477,6478,6715
8541: 8542,8426,8427,8655,8540
6598: 6716,6479,6480,6599,6717
6599: 6718,6717,6481,6480,6598,16612
6600: 6482,6483,16923,6481,16612,6601
6601: 16612,6719,6720,6483,6600,6602
6602: 6603,16726,6483,6484,6601,6720
6603: 6602,16726,6721,6484,6485,6604
6604: 6485,6603,6721
10115: 10114,10009,10116,10010,10219,10220
9695: 9802,9694,9586,9587,9803
9249: 9137,9248,9138,9250,9359,9360
15921: 16996,16872,3831,3945,15043
16805: 14591,5217,16461
9203: 9314,9204,9091,9423
9153: 9265,9264,9152,9041,9040
15109: 10546,10747
8405: 8291,17001,8289,8174,14998,8406,17036
15244: 
16960: 11553,11468,11554,16159,11640
14211: 
10946: 14943,16979
6618: 15500,6736,14827
15571: 16878,1287
15828: 15514
15149: 5892,5773,16956,16773,15088
8333: 8334,8448,8449
9326: 9216,9325,9215,9436,9435
14970: 
11629: 11630,15295,11795
10376: 10375
14590: 
11360: 11361,11359,15433,15676
9002: 8890,9003,8889,9001,9115,9114
11009: 11010,11104,11102
13694: 1229,1230,1146,1144,1062,1145
9112: 9111,8999,9000,9223,9224
8655: 8654,8540,8541,8768,8769
16322: 12769,13805
10328: 10327,10224,10431
16899: 16167,16684,13221
6637: 15428,15218,16362,16127,6518,6638
6638: 6875,15964,6637,16127,6518
6639: 6640,13609,6404,6520
6640: 6639,15266,6877,15138
8358: 8242,8243,8359,8357,8474
6642: 6406,6643,6760
6643: 6525,6644,6406,6642,6760,6761
6644: 6525,6526,6643,6645,6761,6881
6645: 6527,6646,6526,6644,6881,6764
6646: 6527,6528,6645,6764,6883
15988: 16283,11561,16247,16907,15311
6648: 6649,6530,6767
6649: 6531,6650,6530,6648,6768,6767
6650: 6531,6649,6651,6532,6768,6769
6651: 6652,6533,6532,6650,6770,6769
6652: 6533,6651,6534,6653,6770
6653: 6534,6535,6652,6654,6771,6772
6654: 6536,6655,6535,6653,6772,6773
6655: 6536,6537,6654,6656,6773,6774
6656: 6538,6657,6537,6655,6774,6775
6657: 6538,6656,6658,6539,6775,6776
6658: 6540,6659,6539,6657,6776
6659: 6540,6658,6660,6541,6778
6660: 6661,6542,6541,6659,6779,6778
6661: 6542,6660,6779,6780
6662: 6543,6544,6663
6663: 6545,6664,6783,6544,6662
6664: 6545,6663,6783,6546,6665
6665: 6547,6666,6664,6546
6666: 6547,6665,6548,6667,6785
6667: 6548,6549,6668,6786,6785,6666
6668: 6549,6667,6786,6550,6669,6787
6669: 6550,6551,6670,6787,6668,6788
6670: 6551,6669,6552,6671,6788,6789
6671: 6552,6553,6672,6670,6789,6790
6672: 6553,6671,6554,6673,6790,6791
6673: 6554,6555,6672,6674,6791,6792
6674: 6556,6675,6555,6673,6792,6793
6675: 6556,6674,6557,6676,6793,6794
6676: 6677,6558,6675,6557,6794,6795
6677: 6558,6676,6559,6678,6796,6795
6678: 6679,6677,6559,6796,6797
6679: 6678,6561,6680,6797,6798
6680: 6561,6562,6681,6679,6798,6799
6681: 6562,6680,6563,6682,6799,6800
6682: 6563,6564,6683,6681,6800,6801
6683: 6564,6682,6565,6684,6801,6802
6684: 6565,6566,6683,6802
6685: 6803
6686: 6568,6687,6567,6805
6687: 6568,6569,6686,6688,6805,6806
6688: 6570,6689,6569,6687,6806,6807
6689: 6570,6571,6688,6690,6807
6690: 6572,6691,6571,6689
6691: 6572,6690,6573,6692
6692: 6693,6574,6691,6573,6811
6693: 6574,6692,6575,6694,6811,6812
6694: 6575,6576,6695,6693,6812,6813
6695: 6576,6694,6577,6813
6696: 6814,6815,6697,6816
6697: 6578,6579,6698,6696,6816
6698: 6579,6580,6699,6697,6816,6817
6699: 6580,6698,6581,6817
6700: 6582,6701,6818,6819
6701: 6582,6583,6700,6702,6819,6820
6702: 6584,6703,6583,6701,6820,6821
6703: 6584,6702,6585,6704,6821,6822
6704: 6586,6585,6705,6703,6823,6822
6705: 6586,6704,6706,6587,6823,6824
6706: 6588,6707,6587,6705,6825,6824
6707: 6588,6706,6589,6708,6825,6826
6708: 6589,6590,6709,6707,6826,6827
6709: 6590,6708,6591,6710,6827,6828
6710: 6591,6592,6709,6711,6828,6829
6711: 6593,6712,6592,6710,6829
6712: 6593,6711,6594,6713,6831
6713: 6595,6714,6712,6594,6831,6832
6714: 6595,6713,6596,6715,6832,6833
6715: 6716,6714,6596,6833,6834
6716: 6598,6715,6717,6834,6835
6717: 6718,6599,6598,6716,6835,16141
6718: 6599,6717,16612,6719,16141,6836
6719: 16612,6601,6720,6718,6836
6720: 6601,6719,6602,16726
6721: 6603,16726,6604,6839
9258: 9146,9147,9257,9259,9368,9369
8222: 8221,8337,8223,8338,8106
15350: 8410,8524,16440,8525,8638,8640
12048: 16319
15610: 1407,1318,16997,16793,1317
15649: 11114,15706,11205,11298,11297
10797: 10796,10699,10893
10105: 10210,10209,10106,9999,10000,10104
15290: 
8218: 8219,8335,8334
10180: 10075,10076,10284,10283
17017: 16647,16287
12034: 15847
11272: 16667,11180,11181,11271
6736: 16841,16970,6618
16623: 2633,16751,16880,2631
6738: 
16091: 6263,16841
8540: 8655,8654,8425,8426,8539,8541
14346: 16287
9483: 9482,9373,9592,9484,16515,9375
8521: 8406,8520,8522,8407,8635,15353
16183: 
11266: 11356,11357,11175
10997: 10902,10998,10903,11089,11090
10420: 10522,10523,10317,10421,10521,10419
15833: 911,834,832
9895: 10001,10002,9896,9787,9788,9894
10317: 10316,10213,10421,10318,10419,10420
9231: 9120,9232,9119,9230,9341,9342
12543: 12431
16970: 13111,14870,6736
9024: 9025,8912,9023,9136,9137
13672: 10445,16654,15930,16173
8915: 8688,8802,8803,9027,8916
6757: 6875,15964,15288,15138,6995
9146: 9258,9147,9033,9034,9145,9257
8297: 8181,8182,8298,8414
6760: 6879,6642,6643,6761,6880
6761: 16607,6881,6880,6644,6643,6760
9029: 9028,8916,8917,9030,9141,9142
9135: 9247,9246,9136,9023,9022,9134
6764: 6882,6883,16451,6646,6645,6881
9032: 8919,8920,9033,9031,9144,9145
16357: 
6767: 6768,6886,6648,6649,6885
6768: 6886,6887,6767,6649,6650,6769
6769: 6888,6770,6650,6651,6768,6887
6770: 6888,6769,6652,6651,6771,6889
6771: 6772,6890,6889,6653,6770
6772: 6771,6890,6653,6654,6773,6891
6773: 6774,6891,6892,6655,6654,6772
6774: 6773,6892,6655,6656,6775,6893
6775: 6894,6893,6657,6656,6774,6776
6776: 6895,6657,6658,6775,6894
14014: 16672,16941,15077
6778: 6779,6897,6659,6660,6896
6779: 6898,6897,6778,6661,6660,6780
6780: 6781,6661,6898,6779
6781: 6780,6899,6782
6782: 6900,6783,6781,6899
6783: 6664,6663,6782
16787: 6049,6168,6051,6169,6288
6785: 6667,6786,6666
6786: 6667,6668,6785,6787
6787: 6669,6668,6786,6788
6788: 6907,6669,6670,6787,6789
6789: 6790,6908,6670,6671,6907,6788
6790: 6789,6908,6909,6671,6672,6791
6791: 6792,6910,6672,6673,6790,6909
6792: 6791,6910,6673,6674,6911,6793
6793: 6911,6912,6794,6674,6675,6792
6794: 6912,6793,6675,6676,6913,6795
6795: 6913,6796,6677,6676,6794
6796: 6795,6677,6678,6797
6797: 6798,6679,6678,6796
6798: 6797,6679,6680,6799
6799: 6918,6680,6681,6798,6800
6800: 6801,6919,6681,6682,6918,6799
6801: 6800,6919,6920,6682,6683,6802
6802: 6683,6684,6801,6920
6803: 6685,6922,6921,6804
6804: 6803,6922,6805,6924,6923
6805: 6806,6924,6687,6686,6804
6806: 6805,6924,6687,6688,6807
6807: 6688,6689,6806
6808: 6809,6927,6926
6809: 6927,6928,6808,6810
6810: 6811,6929,6809,6928
6811: 6810,6693,6692,6812
6812: 6813,6931,6693,6694,6811
6813: 6812,6931,6694,6695
6814: 6815,6696,6932,6933
6815: 6814,6696,6933,6816,6935,6934
6816: 6817,6935,6697,6698,6815,6696
6817: 6816,6935,6698,6699
6818: 6936,6700,6819,6937
6819: 6820,6938,6937,6701,6700,6818
6820: 6819,6938,6701,6702,6821,6939
6821: 6939,6940,6703,6702,6820,6822
6822: 6823,6941,6703,6704,6821,6940
6823: 6941,6942,6822,6704,6705,6824
6824: 6825,6943,6705,6706,6823,6942
6825: 6943,6944,6824,6706,6707,6826
6826: 6827,6945,6707,6708,6825,6944
6827: 6826,6945,6708,6709,6828
6828: 6829,6947,6709,6710,6827
6829: 6828,6947,6710,6711,6948
10321: 10320,10217,10322,10218,10423,10424
6831: 6949,6712,6713,6832,6950
6832: 6951,6950,6833,6714,6713,6831
6833: 6832,6951,6714,6715,6834,6952
6834: 6952,6953,6835,6715,6716,6833
6835: 6834,6953,6716,6717,16141,6954
6836: 6956,6718,6719,6955,16141
16315: 5420,16618,16565,5419
16303: 5459,5460,5340,5341,5576,5458
6839: 6840,6958,16726,6721
6840: 6839,6958,14169,7077
8575: 8462,8576,8461,8460,8689
10622: 10623,10624,10521,10522,10621,10721
6843: 16009
13658: 12824,11279,11187,11186,11369,11370
6845: 6846,14758,6491,16009,6964
6846: 6845,14758,6491
16516: 14922,16713,16984
6848: 
11636: 11719,15781,11550,11552
11660: 16170
13841: 15325,16023,11964,15058
8238: 8237,8353,8239,8354
15830: 3471,3251,3252
10841: 10742,10543,10644,10744,10843
9787: 9679,9788,9678,9786,9894,9895
10922: 11016,11015,10824,10825,10923
13368: 744,14676
10703: 10801,10704,10604,10603,10702
16537: 
8771: 8772,8658,8657,8885,8770,8884
15612: 3600,15143
8220: 8221,8103,8104,8219
8878: 8877,8764,8765,8879,8990,8991
8467: 8466,8581,8351,8352,8468,8582
9034: 8921,8922,9033,9035,9146,9147
8585: 8470,8584,8586,8471,8699
14399: 16061,16385
16965: 3614,3725
10009: 10114,10008,10115,9902,9903,10010
15865: 2604,2399,2502
8447: 8332,8331,8446,8561
6872: 
10318: 10215,10421,10214,10317,10213
10227: 10228,10226,10122,10330,10331
6875: 6757,15964,6638,6993
9448: 9338,9339,9449,9557,9558
6877: 15288,15138,6640,6878
6878: 6879,6877,15288,6996
6879: 6760,6878,6880
6880: 6761,16607,6760,6879,6999
6881: 6761,16607,6644,6645,6764,6882
6882: 6764,16451,16607,6881,7000,7001
6883: 6764,16451,6646,6884
6884: 6885,6883,16451,7002,7003
6885: 6884,7004,6767
6886: 6768,6887,6767,7005,7004
6887: 6768,6886,7005,6888,6769,7006
6888: 6770,6769,7007,7006,6887,6889
6889: 6771,6890,6888,6770,7007,7008
6890: 6771,6772,6889,6891,7008,7009
6891: 6773,6892,6772,6890,7009,7010
6892: 6773,6774,6891,6893,7010,7011
6893: 6775,6894,6774,6892,7011,7012
6894: 6775,6893,6895,6776,7012,7013
6895: 6896,6776,6894,7014,7013
6896: 6895,6897,6778,7014,7015
6897: 6898,6779,6778,6896,7016,7015
6898: 6779,6897,6780,7016
6899: 6781,6782,6900,7017,7018
6900: 6782,6901,6899,7018,7019
6901: 6900,6902,7019,7020
6902: 6903,6901,7021,7020
6903: 6902,6904,7021,7022
6904: 6905,6903,7023,7022
6905: 6904,6906,7023,7024
6906: 6907,6905,7024,7025
6907: 6906,6788,6789,6908,7026
6908: 6789,6790,7026,7027,6909,6907
6909: 6790,6908,7027,6791,7028,6910
6910: 6791,6792,7028,7029,6909,6911
6911: 6912,7030,6793,6792,6910,7029
6912: 7031,6911,7030,6793,6794,6913
6913: 6795,7031,6912,6794
6914: 6915,7032,7033
6915: 6916,6914,7033,7034
6916: 6915,6917,7034,7035
6917: 6918,6916,7037,7035,7036
6918: 6799,6917,6800,6919,7037
6919: 6800,6801,6920,7037,7038,6918
6920: 6801,6919,7038,6802
6921: 6803,6922,7039,7040
6922: 6803,6921,6804,6923,7040,7041
6923: 6924,6922,6804,7041,7042
6924: 6805,6806,6923,6804
6925: 6926,7044
6926: 6925,6927,6808,7044,7045
6927: 6809,6928,6808,6926,7046,7045
6928: 6809,6927,6810,6929,7046,7047
6929: 6810,6930,6928,7047,7048
6930: 6929,6931,7048,7049
6931: 6812,6813,6930
6932: 6814,6933,7050,7051
6933: 6814,6815,6932,6934,7051,7052
6934: 6935,6815,6933,7052,7053
6935: 6816,6817,6934,6815
6936: 6818,6937,7055,7054
6937: 6819,6938,6818,6936,7055,7056
6938: 6819,6820,6937,6939,7056,7057
6939: 6821,6940,6820,6938,7057,7058
6940: 6821,6939,6941,6822,7058,7059
6941: 6823,6942,6822,6940,7060,7059
6942: 6823,6941,6943,6824,7060,7061
6943: 6825,6944,6824,6942,7062,7061
6944: 6825,6943,6826,6945,7062,7063
6945: 6826,6827,6944,7063
11501: 11587
6947: 6828,6829,6948,7065,7066
6948: 6949,6829,6947,7066,7067
6949: 6831,6948,6950,7067,7068
6950: 6832,6951,6831,6949,7068,7069
6951: 6832,6950,6833,6952,7069,7070
6952: 6834,6953,6951,6833,7070
6953: 6834,6952,6835,6954,7072
6954: 6955,16141,6953,6835,7072,7073
6955: 16141,6954,6836,6956,7073,7074
6956: 6836,6957,6955,7074,7075
6957: 6956,6958,7075
6958: 6839,6840,6957,14169
8806: 8692,8693,8807,8805,8919,8920
16335: 11303,11211,11120,11212
15645: 16874,15338,14582
8579: 8578,8693,8694
14981: 2114
6964: 16009,6845,14758,14232
15485: 14343,15200,15726,15512,16716
16061: 14399,16385,14571
13601: 15193
10896: 10990,10799
8457: 8571,8456,8341,8342,8458,8572
10502: 10501,10602,10400,10401,10503,10603
6971: 
15708: 8158,8160,16821,8505
8325: 8440,8324,8209,8210,8326,8441
16366: 
11807: 16929,11887,16994
10395: 10292,10394,10396,10496,10497
9276: 9277,16814,16378,15486
13298: 15084,16133,2336
15484: 16647
9578: 9468,9469,9579,9577
12856: 15553
14436: 16514
11536: 11622,11450,11621,11449
9382: 9160,9491,9492
15933: 1710,1804,15762,1899,16510,1900
16916: 16098,6013,16888,13583,5895
14943: 10946
6988: 
15912: 16512,16580
8780: 8781,8666,8667,8779
10000: 9893,9894,9999,10001,10105,10106
10214: 10109,10110,10213,10318
6993: 6875,7111
10635: 10535,10534,10734
6995: 6996,6757,15288,14583
6996: 6995,15288,6878,6998
9709: 9710,15675
6998: 7117,6996,16653
6999: 16373,7118,7000,16607,6880
7000: 16373,6999,16607,6882,7119,7001
7001: 7119,7120,7002,6882,16451,7000
7002: 7001,7120,16451,6884,7121,7003
7003: 7122,7121,6884,7004,7002
7004: 6885,6886,7003,7123
7005: 6886,6887,7006,7123,7124
7006: 6888,7007,6887,7005,7124,7125
7007: 6888,7006,6889,7126,7125,7008
7008: 7009,7127,7007,6890,6889,7126
7009: 7008,7127,6890,6891,7010,7128
7010: 7011,7129,7128,6891,6892,7009
7011: 7010,7129,6892,6893,7012,7130
7012: 7131,7130,6894,6893,7011,7013
7013: 7014,7132,6894,6895,7012,7131
7014: 7132,7133,7013,6896,6895,7015
7015: 7016,7134,6896,6897,7014,7133
7016: 7135,7134,7015,6898,6897
7017: 7018,7136,6899,7135
7018: 7017,7136,6899,6900,7019,7137
7019: 7138,7137,6901,6900,7018,7020
7020: 7021,7139,6901,6902,7019,7138
7021: 7139,7140,7020,6903,6902,7022
7022: 7023,7141,6903,6904,7021,7140
7023: 7142,7141,7022,6904,6905,7024
7024: 7025,7143,6905,6906,7142,7023
7025: 7024,7143,7144,6906,7026
7026: 6908,7027,6907,7025,7145
7027: 6908,7026,6909,7028,7145,7146
7028: 6910,7029,7027,6909,7146,7147
7029: 7028,6910,6911,7030,7147,7148
7030: 7031,6911,6912,7029,7149,7148
7031: 6912,7030,6913,7149
7032: 7151,7150,6914,7033
7033: 7034,7152,6914,6915,7151,7032
7034: 7033,7152,7153,6916,6915,7035
7035: 7036,7154,6916,6917,7034,7153
7036: 7035,7154,6917,7037,7155,7156
7037: 6919,7038,6918,6917,7036,7156
7038: 6919,6920,7037,7156
7039: 7157,6921,7040,7158
7040: 7158,7159,7041,6922,6921,7039
7041: 7040,7159,6922,6923,7042,7160
7042: 7160,7161,6923,7041
14342: 1505,1415,1416,1417
7044: 7163,7162,6926,6925,7045
7045: 7046,7164,6926,6927,7044,7163
7046: 7164,7165,7045,6927,6928,7047
7047: 7048,7166,6928,6929,7046,7165
7048: 7047,7166,7167,6929,6930,7049
7049: 7050,7168,6930,7048,7167
7050: 7049,7168,7169,6932,7051
7051: 7052,7170,6932,6933,7050,7169
7052: 7051,7170,6933,6934,7053,7171
7053: 7171,6934,7052
7054: 7055,7173,7172,6936
7055: 7173,7054,6936,6937,7056,7174
7056: 7057,7175,7174,6938,6937,7055
7057: 7056,7175,6938,6939,7058,7176
7058: 7176,7177,6939,6940,7057,7059
7059: 7060,7178,6940,6941,7058,7177
7060: 12827,7178,7059,6941,6942,7061
7061: 7062,7180,6942,6943,7060,12827
7062: 7180,7181,7061,6943,6944,7063
7063: 7182,6944,6945,7062,7181
8260: 8143
7065: 7066,7184,6947,7183
7066: 7065,7184,6947,6948,7067,7185
7067: 7068,7186,7185,6949,6948,7066
7068: 7067,7186,6949,6950,7069,7187
7069: 7070,7188,7187,6951,6950,7068
7070: 7069,7188,6951,6952,7189
16933: 16549,16221
7072: 7190,6953,6954,7073,7191
7073: 7192,7191,6955,6954,7072,7074
7074: 7075,7193,6955,6956,7192,7073
7075: 7074,7193,6957,6956
10519: 10418,10417,10518,10520,10620
7077: 7197,16193,6840,14169,15896
11727: 11559,11643
9669: 9670,9561,9668,9560,9777,9778
7080: 7199,7197,16193,7198,16789
10930: 10929,10832,16750,11024,11025
16384: 4406,4292,4522,4523
15642: 16353,16551
9120: 9121,9232,9231,9008,9007,9119
16334: 16439,16763,13880
9164: 9053,9050,14987,15486
14619: 15417,780
15296: 1172,14065,1343,1257
10217: 10320,10321,10216,10112,10113,10218
7090: 15098,16959,15424,16758
7091: 16959,16473,15692,13983
12138: 16844,15569
11198: 11105,15690,11196,15616,11288,11289
7094: 13983,16873,13689
14789: 17004
10313: 10314,10415,10210,10209,10312
14329: 15406,16922
15764: 6283,6402,16198,13609,6520,17005
8648: 8534,8649,8533,8647,8761,8762
13802: 14870,6263
10452: 10349,10551
9160: 9271,9158,9382,9272
15717: 11309
14323: 16125
16669: 14036,16732,9411,14327
7106: 15814
8884: 8997,8770,8771,8885,8883,8996
16946: 15770
8524: 8409,8410,15350,8638,8637
16715: 15030,14377,3608
7111: 13054,6993
8203: 8087,8086,8204,8202,8319,8318
15540: 7558,7560,17011
16011: 493
9021: 8908,9020,9022,9133,9134
8697: 8810,8811,8698,8582,8583,8696
7117: 6998,7235,7118
7118: 16373,6999,7236,7117,7235
7119: 7001,7120,7238,16373,7000,7237
7120: 7119,7001,7002,7239,7238,7121
7121: 7122,7240,7003,7120,7002,7239
7122: 7240,7121,7003,7241,7123
7123: 7242,7004,7005,7122
7124: 7242,7005,7006,7243,7125
7125: 7126,7243,7244,7007,7006,7124
7126: 7125,7244,7007,7008,7127,7245
7127: 7008,7009,7245,7126,7128,7246
7128: 7010,7129,7009,7127,7246,7247
7129: 7010,7011,7128,7248,7130,7247
7130: 7012,7131,7249,7011,7129,7248
7131: 7012,7130,7249,7132,7013,7250
7132: 7014,7133,7013,7251,7250,7131
7133: 7014,7132,7251,7134,7015,7252
7134: 7135,7016,7015,7252,7133
7135: 7016,7134,7017
7136: 7017,7018,7137,7254,7255
7137: 7019,7138,7018,7136,7256,7255
7138: 7019,7137,7139,7020,7256,7257
7139: 7021,7140,7020,7138,7258,7257
7140: 7021,7139,7141,7022,7258,7259
7141: 7142,7023,7022,7140,7260,7259
7142: 7023,7141,7024,7143,7260,7261
7143: 7024,7025,7144,7142,7261,7262
7144: 7025,7143,7145,7262,7263
7145: 7264,7146,7026,7027,7144
7146: 7145,7264,7027,7028,7265,7147
7147: 7265,7028,7029,7146,7148
7148: 7149,7029,7030,7147
7149: 7148,7031,7030
7150: 7151,7032,7268,7269
7151: 7032,7150,7033,7152,7269,7270
7152: 7033,7034,7153,7151,7270,7271
7153: 7034,7152,7035,7154,7271,7272
7154: 7035,7036,7153,7155,7272,7273
7155: 7156,7036,7154,7273,7274
7156: 7155,7037,7038,7036
7157: 7039,7158,7276,7275
7158: 7040,7159,7039,7157,7276,7277
7159: 7040,7158,7041,7160,7277,7278
7160: 7042,7161,7159,7041,7278,7279
7161: 7042,7160,7162,7279,7280
7162: 7044,7163,7161,7280,7281
7163: 7044,7162,7164,7045,7281,7282
7164: 7046,7165,7045,7163,7283,7282
7165: 7046,7164,7047,7166,7283,7284
7166: 7047,7048,7167,7165,7284,7285
7167: 7048,7166,7049,7168,7285,7286
7168: 7049,7050,7169,7167,7286,7287
7169: 7050,7168,7051,7170,7287,7288
7170: 7051,7052,7169,7171,7288,7289
7171: 7053,7052,7170,7289
7172: 7173,7054,7290,7291
7173: 7055,7054,7172,7174,7292,7291
7174: 7056,7175,7055,7173,7292,7293
7175: 7056,7057,7174,7176,7293,7294
7176: 7058,7177,7057,7175,7294,7295
7177: 7058,7176,7178,7059,7295,7296
7178: 7060,12827,7059,7177,7179,7296
7179: 7297,7416,7296,12827,7178,7298
7180: 7062,7181,7061,12827,7299,7298
7181: 7062,7180,7063,7182,7299,7300
7182: 7063,7183,7181,7300,7301
7183: 7182,7065,7184,7301,7302
7184: 7065,7066,7183,7185,7302,7303
7185: 7067,7186,7066,7184,7303,7304
7186: 7067,7068,7185,7187,7304,7305
7187: 7069,7188,7068,7186,7305,7306
7188: 7069,7070,7187,7189,7306,7307
7189: 7190,7070,7188,7307,7308
7190: 7072,7189,7191,7308,16854
7191: 7192,7073,7072,7190,16854,7310
7192: 7073,7191,7074,7193,7310,7311
7193: 7074,7075,7192,7311,7312
10399: 10297,10400,10398,10500,10501
7195: 14169,15896,7313,16501
9342: 9452,9451,9343,9232,9231,9341
7197: 7077,16193,15896,7080,7315,7198
7198: 7314,7315,7197,7080,16789
7199: 7080,16908,16789
9230: 9118,9119,9229,9231,9340,9341
16514: 15092,15334,16056,14436
8352: 8237,8353,8351,8236,8467,8468
8428: 8429,8543,8312,8313,8542,8656
9900: 9901,9792,9793,10006,9899
9105: 9104,8992,8993,9216,9217
9909: 10016,10015,9802,9801,9908,9910
8219: 8218,8103,8102,8220
15784: 1499,1590,1681,1776
15193: 13601,16719
7210: 16758,16959,15646
9277: 9276,16814,16252,9388
12189: 
11295: 15122,11294,16143
15526: 15979,680,12869
11010: 11009,10817,10916,10818,11104
11461: 11460,11373,11548
16363: 15254,14663
16247: 16907,16259,15988,15311
15693: 764,15905,16532,692
7220: 
11640: 11723,11554,16960,15963
8863: 8864,16756,16837
16983: 16690
14941: 14019,15949,16210
9917: 16160,10129,9810,9918
8800: 8687,8799,8686,8913,8914
16190: 16713
8451: 8450,8565,8335,8336,8452,8566
16554: 10504,10604,10704,10705
9488: 9597,9598,9378,9379,9487
10633: 10533,16650
7232: 7469,16653,7352,15763
16258: 
11620: 14920,11534,11532,11618,16541
7235: 7117,7118,7236,7354
7236: 16373,7118,7237,7235,7354
7237: 16373,7236,7119,7238,7474
7238: 7119,7120,7239,7237,7474,7357
7239: 7120,7238,7240,7121,7357
7240: 7122,7121,7239,7241
7241: 7242,7122,7240
7242: 7241,7123,7124,16976
7243: 7125,7244,7124,16976,7362
7244: 7126,7243,7125,7245,7363,7362
7245: 7127,7126,7244,7363,7246,7364
7246: 7364,7127,7245,7128,7247,7365
7247: 7365,7366,7129,7128,7248,7246
7248: 7129,7130,7249,7247,7366,7367
7249: 7131,7130,7248,7250,7367
7250: 7132,7251,7131,7249
7251: 7132,7133,7250,7252,7369
7252: 7134,7133,7251,7369
7253: 7371,7254,7372
7254: 7372,7373,7136,7253,7255
7255: 7256,7374,7136,7137,7254,7373
7256: 7375,7374,7255,7138,7137,7257
7257: 7258,7376,7138,7139,7256,7375
7258: 7376,7377,7257,7139,7140,7259
7259: 7260,7378,7140,7141,7258,7377
7260: 7379,7378,7259,7142,7141,7261
7261: 7262,7380,7142,7143,7379,7260
7262: 7261,7380,7143,7144,7263,7381
7263: 7382,7381,7144,7264,7262
7264: 7145,7146,7265,7263,7382
7265: 7147,7264,7146,7266,7383
7266: 7384,7383,7265
14169: 7195,15896,6840,6958,7077
7268: 7269,7387,7150,7386
7269: 7268,7387,7388,7151,7150,7270
7270: 7271,7389,7151,7152,7269,7388
7271: 7270,7389,7390,7152,7153,7272
7272: 7273,7391,7153,7154,7271,7390
7273: 7272,7391,7154,7155,7274,7392
7274: 7393,7392,7155,7273
7275: 7276,7394,7157
7276: 7394,7275,7157,7158,7277,7395
7277: 7395,7396,7278,7158,7159,7276
7278: 7277,7396,7159,7160,7279,7397
7279: 7397,7398,7280,7160,7161,7278
7280: 7279,7398,7161,7162,7281,7399
7281: 7400,7399,7163,7162,7280,7282
7282: 7283,7401,7163,7164,7281,7400
7283: 7401,7282,7164,7165,7284
7284: 7285,7403,7165,7166,7283
7285: 7284,7403,7404,7166,7167,7286
7286: 7287,7405,7167,7168,7285,7404
7287: 7286,7405,7406,7168,7169,7288
7288: 7289,7407,7169,7170,7287,7406
7289: 7288,7407,7170,7171,7408
7290: 7172,7291,7409
7291: 7292,7410,7409,7173,7172,7290
7292: 7410,7291,7173,7174,7293,7411
7293: 7411,7412,7294,7175,7174,7292
7294: 7293,7412,7175,7176,7295,7413
7295: 7413,7414,7176,7177,7294,7296
7296: 7297,7179,7177,7178,7295,7414
7297: 7179,7416,7296,7414,7533,7415
7298: 7299,7417,12827,7180,7179,7416
7299: 7417,7418,7298,7180,7181,7300
7300: 7301,7419,7181,7182,7299,7418
7301: 7300,7419,7420,7182,7183,7302
7302: 7303,7421,7183,7184,7301,7420
7303: 7302,7421,7184,7185,7304,7422
7304: 7305,7423,7422,7186,7185,7303
7305: 7304,7423,7186,7187,7306,7424
7306: 7307,7425,7424,7188,7187,7305
7307: 7306,7425,7188,7189,7308,7426
7308: 7426,7427,16854,7189,7190,7307
16511: 9197,13597,16352
7310: 7192,7191,16854,7311
7311: 7312,7430,7192,7193,7310
7312: 7311,7430,7431,7193,7313
7313: 16501,7195,7312,7431
7314: 7315,7198,7551,7670
7315: 7314,7198,15896,7197,16501
16152: 15888,5419,16988,5302,16658,16101
16808: 16757
10990: 10896,11084,16291
15847: 12032,12034,16438,12033
16616: 5807,16968
10392: 10290,10393,10289,10391,10493,10494
16918: 11664,16463
15944: 14235
14060: 
16678: 12718
9666: 9557,9558,9665,9667,9775,9774
10909: 10910,11004,11003,10812,10908
16476: 15892,1721
16588: 16235,10482,16823
14914: 15487,2505,2403
16765: 15515,11781,11938
11281: 11189,11190,11282
7333: 
10196: 10092,10197,10299,10300
13365: 12831,16229,11429
12981: 16704
15464: 14360,2104
9000: 8888,8887,9112,8999
15994: 10185,10289,16533,10081,10186
11274: 11182,11183,11181,11275,11364
16259: 16247,16907,11389,11388,14148
14483: 11234
16371: 12101,12099,16421
10498: 10497,10598,10599,10397,10396
15500: 6618,14827
16632: 8169,8284
7347: 16030
16219: 1790,1603,1604,1697
15387: 
11105: 11198,15690,11011,16313,11106,15616
14241: 16369,13073
7352: 7470,16653,7469,7232
10732: 10928,10731,10831
7354: 7355,7235,7236,7471
7355: 7354,7473,7471,7590,7472
16884: 6153
7357: 16135,7474,7239,7238,7475
16485: 2811,2917,2918
16344: 16579,15844,13247
16911: 14260,15883
7361: 16976,7362,7478,7479
7362: 7363,7480,7243,7244,7361
7363: 7480,7362,7244,7245,7481,7364
7364: 7481,7246,7482,7245,7363,7365
7365: 7247,7483,7366,7246,7364,7482
7366: 7247,7483,7365,7484,7248,7367
7367: 7368,7248,7249,7366,7484
7368: 7367,7484,7485,7486
7369: 7251,7252,7370
7370: 7371,7369,7487,7488
7371: 7253,7370,7372,7488,7489
7372: 7254,7373,7371,7253,7489,7490
7373: 7254,7372,7374,7255,7490,7491
7374: 7256,7375,7255,7373,7492,7491
7375: 7256,7374,7376,7257,7492,7493
7376: 7258,7377,7257,7375,7494,7493
7377: 7258,7376,7378,7259,7494,7495
7378: 7379,7260,7259,7377,7495,7496
7379: 7260,7378,7261,7380,7496,7497
7380: 7261,7262,7379,7381,7497,7498
7381: 7263,7499,7262,7380,7498
7382: 7263,7499,7264,7383,7500
7383: 7384,7266,7500,7265,7382
7384: 7266,7383,7385,7501,7502
7385: 7386,7384,7502,7503
7386: 7385,7268,7387,7503,7504
7387: 7268,7269,7388,7386,7504,7505
7388: 7269,7387,7270,7389,7505,7506
7389: 7270,7271,7390,7388,7506,7507
7390: 7271,7389,7272,7391,7507,7508
7391: 7272,7273,7390,7392,7508,7509
7392: 7274,7393,7273,7391,7509,7510
7393: 7274,7392,7510,7511
7394: 7276,7275,7395,7512
7395: 7277,7396,7276,7394,7512,7513
7396: 7277,7395,7278,7397,7513,7514
7397: 7279,7398,7396,7278,7514,7515
7398: 7279,7397,7280,7399,7515,7516
7399: 7281,7400,7398,7280,7516,7517
7400: 7281,7399,7401,7282,7517,7518
7401: 7283,7282,7400,7519,7518
16381: 1799,1896,16345,1991
7403: 7284,7285,7404,7520,7521
7404: 7285,7403,7286,7405,7521,7522
7405: 7286,7287,7406,7404,7522,7523
7406: 7287,7405,7288,7407,7523,7524
7407: 7288,7289,7406,7408,7524,7525
7408: 7289,7407,7525,7526
7409: 7410,7291,7290,7527
7410: 7292,7291,7409,7411,7528,7527
7411: 7293,7412,7292,7410,7528,7529
7412: 7293,7411,7294,7413,7529,7530
7413: 7295,7414,7412,7294,7530,7531
7414: 7295,7413,7297,7296,7531,7415
7415: 7533,7650,7414,7297,7531,7532
7416: 7297,7179,7417,7298,7533,7534
7417: 7299,7418,7298,7416,7535,7534
7418: 7299,7417,7300,7419,7535,7536
7419: 7300,7301,7420,7418,7536,7537
7420: 7301,7419,7302,7421,7537,7538
7421: 7302,7303,7420,7422,7538,7539
7422: 7304,7423,7303,7421,7539,7540
7423: 7304,7305,7422,7424,7540,7541
7424: 7306,7425,7305,7423,7541,7542
7425: 7306,7307,7424,7426,7542,7543
7426: 7308,7427,7307,7425,7543,7544
7427: 7308,7426,16854,7544,7545
9150: 9149,9261,9037,9038,9262
16813: 1220,1051,16414,1136,1221
7430: 7311,7312,7431,7547,7548
7431: 7312,7430,7313,7548,7549
8476: 8475,8590,8591
11196: 11195,11198,15690,11288
8308: 8192,8193,8309,8424,8423,8307
9582: 9472,9473,9581,9583,9690,9691
7436: 16789,7554
7437: 16908,7554,14907
13406: 11913,16927
7439: 16687,7557
8661: 8547,8662,8546,8660,8774,8775
15071: 11252,12999,11064,11158
12090: 16277
15325: 14057,13841,16023
10787: 10689,10786,16502,10788
15626: 1213,1389
7446: 15424,16758,16457
11093: 11094,15997,11187,11186,11277,11185
16961: 7554,14617,16953
16085: 16076
12493: 15687
15763: 7586,17028,7469,7232
16993: 16975
16672: 14014,13708,16941,1906,2001
9378: 9488,9267,9268,9379,9487,9377
15985: 11120,11027,16529,11212,11028
15454: 16126,14766
8288: 8056,8403,8404
10235: 16932,15677,10338
11289: 11288,11467,11198,15616,11290,11380
10610: 10510,10611,10609,10710,10709
10631: 10530,15876,10632,10731
15966: 15403,16834,15583
11559: 11727,16852,15632,11645
16257: 8278
16819: 2585,2689,2483,2484,2586
9884: 9991,9990,9777,9776,9883,9885
14485: 4250,4137,4251,4366
9980: 10085,10086,9979
7469: 7232,7352,7470,15763,7586
7470: 7471,7352,7469,7588
7471: 7470,7354,7355,7588,7472
7472: 7590,7471,7355,7588,15097
7473: 7355,16135,7474,7590,7591
7474: 16135,7357,7237,7238,7473
7475: 7476,16135,7357,7592,7593
7476: 7475,7477,7594,7593
7477: 7476,7594,7595,7478
7478: 7596,7595,7477,7361,7479
7479: 7597,7361,7480,7596,7478
7480: 7363,7362,7481,7598,7479
7481: 7364,7482,7363,7480,7598,7599
7482: 7481,7364,7483,7365,7599,7600
7483: 7365,7366,7484,7482,7601,7600
7484: 7483,7366,7367,7368,7601,7485
7485: 7486,7603,7602,7484,7368,7601
7486: 7485,7603,7368,7604
7487: 7370,7488,7605
7488: 7489,7606,7605,7371,7370,7487
7489: 7488,7606,7371,7372,7490,7607
7490: 7607,7608,7372,7373,7489,7491
7491: 7492,7609,7373,7374,7490,7608
7492: 7610,7609,7491,7375,7374,7493
7493: 7494,7611,7375,7376,7492,7610
7494: 7611,7612,7493,7376,7377,7495
7495: 7496,7613,7377,7378,7494,7612
7496: 7495,7613,7614,7379,7378,7497
7497: 7498,7615,7379,7380,7496,7614
7498: 7497,7615,7380,7381,7616
7499: 7382,7381,7500,7617,7616
7500: 7383,7499,7382,7617,7501
7501: 7619,7618,7502,7384,7500
7502: 7501,7619,7384,7385,7503,7620
7503: 7620,7621,7386,7385,7502,7504
7504: 7505,7622,7386,7387,7503,7621
7505: 7504,7622,7623,7387,7388,7506
7506: 7507,7624,7388,7389,7505,7623
7507: 7506,7624,7625,7389,7390,7508
7508: 7509,7626,7390,7391,7507,7625
7509: 7508,7626,7627,7391,7392,7510
7510: 7511,7628,7393,7392,7509,7627
7511: 7510,7628,7393,7629
7512: 7394,7395,7513,7630
7513: 7514,7631,7630,7395,7396,7512
7514: 7513,7631,7396,7397,7515,7632
7515: 7632,7633,7516,7397,7398,7514
7516: 7515,7633,7398,7399,7517,7634
7517: 7635,7634,7400,7399,7516,7518
7518: 7519,7400,7401,7517,7635
7519: 7637,7518,7401,7520
7520: 7521,7638,7403,7519,7637
7521: 7520,7638,7639,7403,7404,7522
7522: 7523,7640,7404,7405,7521,7639
7523: 7522,7640,7641,7405,7406,7524
7524: 7525,7642,7406,7407,7523,7641
7525: 7524,7642,7407,7408,7526,7643
7526: 7644,7643,7408,7525
7527: 7528,7645,7410,7409
7528: 7645,7527,7410,7411,7529,7646
7529: 7646,7647,7530,7411,7412,7528
7530: 7529,7647,7412,7413,7531,7648
7531: 7532,7648,7413,7414,7530,7415
7532: 7531,7648,7650,7415,7649,7767
7533: 7651,7650,7415,7297,7416,7534
7534: 7535,7652,7416,7417,7533,7651
7535: 7652,7653,7534,7417,7418,7536
7536: 7537,7654,7418,7419,7535,7653
7537: 7536,7654,7655,7419,7420,7538
7538: 7539,7656,7420,7421,7537,7655
7539: 7538,7656,7421,7422,7540,7657
7540: 7541,7658,7657,7423,7422,7539
7541: 7540,7658,7423,7424,7542,7659
7542: 7660,7659,7543,7425,7424,7541
7543: 7542,7660,7425,7426,7544,7661
7544: 7661,7662,7426,7427,7543,7545
7545: 7546,7663,7427,7544,7662
7546: 7664,7663,7545,7547
7547: 7548,7665,7430,7664,7546
7548: 7547,7665,7666,7430,7431,7549
7549: 7550,7431,7548,7666
7550: 7549,7551
7551: 15920,7670,7314,7550
13566: 16870
8694: 8808,8579,8693,8807
7554: 16961,7436,7437,14907
10790: 16752,10791,16903,10789,10887,10888
16403: 9484,9485,9375,9265,9264,9376
7557: 7439,17018
7558: 15540,17018
9558: 9666,9557,9448,9449,9559,9667
7560: 15222,15540
13261: 
8522: 8407,8521,8636,15353
15507: 
7564: 14928,16820,17040
16944: 11578,11402
15737: 
11799: 11801,16769,11879
8243: 8242,8358,8359,8126,8244
16008: 11294,16143,11293,16886,11558,16093
13133: 15927,16474,12685
13054: 7111
10129: 9917,10130,16981
15497: 4875,4991,4992
8411: 8296,8295,16440
14151: 4976
16180: 14624
8916: 9027,9028,9029,8915,8803,8917
11872: 11792,11710,15374,14824
14094: 16444,424
7580: 13175,7581
7581: 16030,14507,7580
10626: 10726,10526,10525,16802,10725,10625
7583: 7584,16050
7584: 7583,16326
8810: 8697,8811,8809,8696,8924
7586: 15763,7587,17028,7469,16969
7587: 7586,16969,16333,7705
7588: 16969,15097,7471,7470,7472
16101: 5066,16152,5419,16988,5303,16565
7590: 7708,7472,7473,7355,7591
7591: 7709,7592,7473,16135,7590,7708
7592: 7591,7709,7710,16135,7475,7593
7593: 7594,7711,7476,7475,7592,7710
7594: 7711,7593,7476,7477,7595,7712
7595: 7596,7712,7478,7477,7594
7596: 7595,7478,7597,7479
7597: 7598,7715,7479,7596,7714
7598: 7715,7597,7480,7481,7599
7599: 7717,7481,7482,7598,7600
7600: 7482,7483,7717,7599
7601: 7719,7483,7484,7485,7602
7602: 7485,7603,7601,7719,7720
7603: 7485,7486,7602,7604,7720,7721
7604: 7486,7603,7721,7722
7605: 7488,7606,7487,7723,7724
7606: 7488,7489,7605,7607,7724
7607: 7490,7608,7489,7606,7725
7608: 7490,7607,7609,7491,7725,7726
7609: 7492,7610,7491,7608,7727,7726
7610: 7492,7609,7611,7493,7727,7728
7611: 7494,7612,7493,7610,7729,7728
7612: 7494,7611,7495,7613,7729,7730
7613: 7495,7496,7614,7612,7730,7731
7614: 7496,7613,7497,7615,7731,7732
7615: 7497,7498,7614,7732,7733
7616: 7617,7499,7498
7617: 7616,7499,7500,7618
7618: 7501,7619,7617,7735,7736
7619: 7501,7618,7502,7620,7736,7737
7620: 7503,7621,7619,7502,7737,7738
7621: 7503,7620,7504,7622,7738,7739
7622: 7504,7505,7623,7621,7739,7740
7623: 7505,7622,7506,7624,7740,7741
7624: 7506,7507,7625,7623,7741,7742
7625: 7507,7624,7508,7626,7742,7743
7626: 7508,7509,7627,7625,7743,7744
7627: 7509,7626,7510,7628,7744,7745
7628: 7510,7511,7627,7629,7745,7746
7629: 7511,7628,7746,7747
7630: 7513,7631,7512,7748
7631: 7513,7514,7630,7632,7748,7749
7632: 7515,7633,7514,7631,7749,7750
7633: 7515,7632,7516,7634,7750,7751
7634: 7517,7635,7633,7516,7751
7635: 7517,7634,7518,7753
15853: 8630,8285,8402
7637: 7519,7520,7638,7754,7755
7638: 7520,7521,7639,7637,7756,7755
7639: 7521,7638,7522,7640,7756,7757
7640: 7522,7523,7641,7639,7757,7758
7641: 7523,7640,7524,7642,7758,7759
7642: 7524,7525,7641,7643,7759,7760
7643: 7526,7644,7525,7642,7760,7761
7644: 7526,7643,7761,7762
7645: 7528,7527,7646,7763,7764
7646: 7529,7647,7528,7645,7764,7765
7647: 7529,7646,7530,7648,7765,7766
7648: 7531,7532,7647,7530,7766,7649
7649: 7884,7532,7648,7766,7767
7650: 7533,7651,7415,7532,7768,7767
7651: 7533,7650,7652,7534,7768,7769
7652: 7535,7653,7534,7651,7770,7769
7653: 7535,7652,7536,7654,7770,7771
7654: 7536,7537,7655,7653,7771,7772
7655: 7537,7654,7538,7656,7772,7773
7656: 7538,7539,7655,7657,7773,7774
7657: 7540,7658,7539,7656,7774,7775
7658: 7540,7541,7657,7659,7775,7776
7659: 7542,7660,7541,7658,7776,7777
7660: 7542,7659,7543,7661,7778,7777
7661: 7544,7662,7660,7543,7778,7780
7662: 7544,7661,7663,7545,7780,7781
7663: 7664,7546,7545,7662,16536,7781
7664: 7546,7663,7547,7665,16536,7782
7665: 7547,7548,7666,7664,7782,16748
7666: 7548,7665,7549,16748,7784
13189: 16776,16999
7668: 
10016: 9909,10015,9910,10121,10122
7670: 15920,7551,7314
8318: 8319,8434,8202,8203,8317,8433
15883: 15452,16911,16010
7673: 14617,14907
10514: 10513,16807,10412,10413,10515,10614
9642: 9639,16904,9532,16071
14251: 16470,14555,16982
13520: 
13345: 
15533: 
7680: 
10697: 10796,10597,10598,10696,10892
16949: 15417,16138,782,17023,15843
10520: 10521,10419,10519,10418,10621,10620
9347: 9457,9348,9236,9237,9456,9346
9555: 9445,9554,9446,9336,9663
7686: 
8926: 9038,9039,8813,8812,8925,8927
13635: 15935,16154,16558
11211: 11303,16335,11302,11118
8330: 8214,8329,8215,8446,8445,8331
12886: 16522,16246,16733
9854: 9746,9960,9747,14954
10801: 10703,10704,10802,10899,10898
13792: 
16277: 12090
10416: 10517,10516,10314,10417,10518
9240: 9128,9239,9241,9129,9350,9351
15795: 3131,2918,3132,3024
15406: 16119,16922,9280,14329
11484: 14267
8202: 8085,8086,8203,8318
15219: 
16856: 13519,16706,15527
15952: 916,16643,837
7705: 7823,7587,16969,15097
9305: 15596,9415,9416,9525
10208: 10103,10104,10207,10209,10311,10312
7708: 7590,7591,7709,7826
7709: 7591,7592,7710,7708,7826,7827
7710: 7709,7592,7711,7593,7827,7828
7711: 7594,7593,7710,7712,7829,7828
7712: 7595,7594,7711,7829,16477
7713: 7714,7832,7830,7831
7714: 7713,7832,7715,7597
7715: 7598,7597,7714
8983: 9096,9095,8982,8871,8870,8984
7717: 7599,7600,7718
7718: 7835,7717,7719
7719: 7601,7602,7718
7720: 7838,7837,7721,7603,7602
7721: 7720,7838,7603,7604,7722,7839
7722: 7839,7840,7723,7604,7721
7723: 7722,7840,7605,7724,7841
7724: 7842,7841,7606,7605,7723
7725: 7843,7607,7608,7726
7726: 7727,7844,7608,7609,7725,7843
7727: 7845,7844,7726,7610,7609,7728
7728: 7729,7846,7610,7611,7727,7845
7729: 7846,7847,7728,7611,7612,7730
7730: 7731,7848,7612,7613,7729,7847
7731: 7730,7848,7613,7614,7732,7849
7732: 7733,7850,7849,7614,7615,7731
7733: 7732,7850,7615,7734,7851
7734: 7735,7852,7851,7733
7735: 7734,7852,7618,7736,7853
7736: 7854,7853,7737,7619,7618,7735
7737: 7736,7854,7619,7620,7738,7855
7738: 7855,7856,7620,7621,7737,7739
7739: 7740,7857,7621,7622,7738,7856
7740: 7739,7857,7858,7622,7623,7741
7741: 7742,7859,7623,7624,7740,7858
7742: 7741,7859,7860,7624,7625,7743
7743: 7744,7861,7625,7626,7742,7860
7744: 7743,7861,7862,7626,7627,7745
7745: 7746,7863,7627,7628,7744,7862
7746: 7745,7863,7628,7629,7747,7864
7747: 7864,7629,7746
7748: 7749,7866,7865,7631,7630
7749: 7748,7866,7631,7632,7750,7867
7750: 7867,7868,7751,7632,7633,7749
7751: 7750,7868,7633,7634,7869
14966: 4290,15714,15620,16610
7753: 7754,7871,7635,7870
7754: 7871,7872,7753,7637,7755
7755: 7756,7873,7637,7638,7754,7872
7756: 7874,7873,7755,7638,7639,7757
7757: 7758,7875,7639,7640,7874,7756
7758: 7757,7875,7876,7640,7641,7759
7759: 7760,7877,7641,7642,7758,7876
7760: 7759,7877,7642,7643,7761,7878
7761: 7762,7879,7878,7644,7643,7760
7762: 7761,7879,7644,7763,7880
7763: 7880,7881,7764,7645,7762
7764: 7763,7881,7645,7646,7765,7882
7765: 7883,7882,7766,7646,7647,7764
7766: 7883,7765,7647,7648,7649,7884
7767: 7768,7885,7532,7650,7649
7768: 7886,7885,7767,7651,7650,7769
7769: 7770,7887,7651,7652,7768,7886
7770: 7887,7888,7769,7652,7653,7771
7771: 7772,7889,7653,7654,7770,7888
7772: 7771,7889,7654,7655,7773,7890
7773: 7890,7774,7655,7656,7772
7774: 7773,7656,7657,7775
7775: 7776,7658,7657,7774
7776: 7775,7658,7659,7894,7777
7777: 7895,7894,7778,7660,7659,7776
7778: 7895,7777,7660,7661,7896,7780
11120: 15985,11027,11026,16335,11212
7780: 7897,7896,7661,7662,7778,7781
7781: 16536,7662,7663,7897,7780
7782: 7900,16748,7664,7665,16536,7899
7783: 8017,7900,16748,8019,8018,7784
7784: 8019,7785,7666,7783,16748
7785: 8019,7903,7784,7786
7786: 7904,15920,7787,7903,7785
7787: 15920,7904,7786,7905
9264: 9265,9153,9152,9263,16403,9375
16198: 6285,13609,6283,15764
9148: 9259,9035,9147
7791: 13690
9261: 9149,9260,9150,9262,9372,9371
8820: 8707,8933,8591,8592,8705
10183: 10286,10287,10078,10079,16533
15036: 15108,16275,2091
16725: 15312,3070,2857,15783,2964,16695
9241: 9130,9129,9242,9240,9351,9352
16503: 80
10091: 10195,10090,9879,9985,9986
16009: 6843,6964,6845
11942: 11866,11941,12017
8530: 8416,8531,8529,8415,8644,8645
9015: 8902,8903,9016,9014,9128,9127
16182: 2635,2327,2633,16751
14388: 16606
7806: 7922,16214
15643: 525
15378: 10728,10727,10828,10924,10925
10652: 16187
9433: 9432,9323,9324,9434
9593: 9595,9810,16515,9594,9701
14703: 3835,3723
8529: 8415,16778,8528,8530,8643,8644
11336: 
16975: 15810,16993
9563: 9672,9564,9671,9454,9453,9562
16540: 11443
7818: 16712
14798: 17016
7820: 7821,16050,16333
7821: 7820,16333,7938
11146: 
7823: 7705,16659
7824: 15097
9549: 9439,9440,9548,9550,9657,9658
7826: 7827,7708,7709
7827: 7826,7944,7709,7710,7828
7828: 7945,7829,7710,7711,7827,7944
7829: 7945,7828,7711,7712,16477,7946
7830: 16477,7946,7713,7947,7831
7831: 7949,7830,7713,7832,7947
7832: 7714,7713,7833,7949,7831
7833: 7834,7832,7949
7834: 7833,7835,7951
7835: 7836,7718,7834,7951,7952
7836: 7835,7837,7952,7953
7837: 7720,7838,7836,7953,7954
7838: 7720,7837,7721,7839,7954,7955
7839: 7722,7840,7838,7721,7955,7956
7840: 7722,7839,7723,7841,7956,7957
7841: 7842,7724,7840,7723,7957,7958
7842: 7724,7841,7958,7959
7843: 7725,7844,7726,7960
7844: 7727,7845,7726,7843,7961,7960
7845: 7727,7844,7846,7728,7961,7962
7846: 7729,7847,7728,7963,7845,7962
7847: 7729,7846,7963,7730,7848,7964
7848: 7730,7731,7965,7964,7847,7849
7849: 7732,7850,7966,7731,7848,7965
7850: 7732,7733,7849,7967,7966,7851
7851: 7734,7852,7968,7733,7850,7967
7852: 7734,7735,7851,7968,7969,7853
7853: 7736,7854,7735,7852,7969,7970
7854: 7736,7853,7737,7855,7970,7971
7855: 7738,7856,7854,7737,7971,7972
7856: 7738,7855,7739,7857,7972,7973
7857: 7739,7740,7858,7856,7973,7974
7858: 7740,7857,7741,7859,7974,7975
7859: 7741,7742,7860,7858,7975,7976
7860: 7742,7859,7743,7861,7976,7977
7861: 7743,7744,7862,7860,7977,7978
7862: 7744,7861,7745,7863,7978,7979
7863: 7745,7746,7862,7864,7979,7980
7864: 7747,7746,7863,7980,7981
7865: 7748,7866,7982,7983
7866: 7748,7749,7865,7867,7983,7984
7867: 7750,7868,7749,7866,7984,7985
7868: 7750,7867,7751,7869,7985
7869: 7870,7868,7751,7986
7870: 7869,7871,7753,7986,7987
7871: 7754,7872,7753,7870,7988,7987
7872: 7754,7871,7873,7755,7988,7989
7873: 7874,7756,7755,7872,7989
7874: 7756,7873,7757,7875,7991
7875: 7757,7758,7876,7874,7991,7992
7876: 7758,7875,7759,7877,7992,7993
7877: 7759,7760,7876,7878,7993,7994
7878: 7761,7879,7760,7877,7994,7995
7879: 7761,7762,7878,7880,7995,7996
7880: 7763,7881,7762,7879,7996,7997
7881: 7763,7880,7764,7882,7997,7998
7882: 7883,7765,7881,7764,7998,7999
7883: 7765,7882,7766,7884,7999,8000
7884: 7649,7883,7766,8000,8001
7885: 7768,7886,7767,8002
7886: 7768,7885,7887,7769,8003
7887: 7770,7888,7769,7886,8003,8004
7888: 7770,7887,7771,7889,8004,8005
7889: 7771,7772,7888,7890,8005,8006
7890: 7773,7772,7889,8006,7891
7891: 8007,8008,7890,7892,8006
7892: 8008,7891,8009
7893: 8011,7894,8010,8127
7894: 8011,7895,7777,7893,7776
7895: 8011,7894,7778,7777,7896
7896: 7897,7780,8014,7895,7778
7897: 7896,7780,8014,8015,7781
11022: 16663,16952,11021,11207,11208
7899: 16631,16536,7900,8016,7782
7900: 7783,8017,8016,7782,16748,7899
9601: 9493,16318,9492
10614: 10515,10615,10514,16807,10714,10715
7903: 8019,15490,7785,8020,7904,7786
7904: 8020,7786,7787,7903,7905
7905: 7906,14665,7787,7904
7906: 8023,7905,14665,16953
15834: 
15486: 9050,9164,9276
15597: 5330,16775,15778
10178: 10073,10177,10281,15637
16872: 16155,3831,15921,16996
10088: 10089,10193,9982,10087,10192
9989: 9882,9988,9990,9883,10094,10095
7914: 
15352: 11292,11293,16886,11291
16023: 14057,15325,13841,15058,12185
7917: 15996,17040
16994: 15818,11807,11964
15240: 16539,1356
11471: 13906,16852,11382,11643
8445: 8329,8330,8446,8444,8559,8560
7922: 7806,16214
9119: 9118,9230,9006,9007,9120,9231
11177: 11085,11178,11084
15403: 16771,15966,11573
15814: 7106
15108: 15036,16275,1899,15210,16510
16387: 12769
15143: 15612,16635
17028: 15763,7586
11095: 12824,11002,11094,11187
9639: 9642,16904,9530
7933: 
9244: 9245,9133,9243,9132,9354,9355
10193: 10089,10194,10296,10088,10192
16883: 15225,16236
10628: 10728,10629,10527,10528,10526,10627
7938: 16333,7821,16659
10384: 10281,10485,15751,15637,16014
17039: 11584
10174: 16458,17024,16043,10276
9796: 9904,9905,9687,9797,9795,9903
9438: 9437,9547,9328,9329,9439,9548
7944: 7827,7945,7828,8061
7945: 7829,7828,7944,7946,8062,8061
7946: 16477,7830,7945,7829,8062
7947: 8063,8064,7830,7831
9220: 9219,9330,9108,9109,9331,9221
7949: 8065,7831,8066,7832,7833
16973: 10774,13865
7951: 8067,7834,7835,7952,8068
7952: 7953,8069,8068,7836,7835,7951
7953: 7952,8069,7836,7837,7954,8070
7954: 7955,8070,8071,7838,7837,7953
7955: 7954,8071,7838,7839,7956,8072
7956: 8072,8073,7957,7839,7840,7955
7957: 7956,8073,7840,7841,7958,8074
7958: 8075,8074,7842,7841,7957,7959
7959: 8076,7842,8075,7958
7960: 7961,8077,7843,7844
7961: 8078,8077,7960,7845,7844,7962
7962: 8079,7845,7846,7963,7961,8078
7963: 7846,7847,7964,8079,8080,7962
7964: 7848,7965,7847,7963,8080,8081
7965: 7848,7964,7849,7966,8081,8082
7966: 7850,7849,7967,7965,8083,8082
7967: 7850,7966,7851,7968,8083,8084
7968: 7852,7851,7969,7967,8084,8085
7969: 7852,7968,7853,8085,7970,8086
7970: 8087,8086,7971,7969,7854,7853
7971: 7970,8087,7854,7855,7972,8088
7972: 8088,8089,7855,7856,7971,7973
7973: 7974,8090,7856,7857,7972,8089
7974: 7973,8090,8091,7857,7858,7975
7975: 7976,8092,7858,7859,7974,8091
7976: 7975,8092,8093,7859,7860,7977
7977: 7978,8094,7860,7861,7976,8093
7978: 7977,8094,8095,7861,7862,7979
7979: 7980,8096,7862,7863,7978,8095
7980: 7979,8096,7863,7864,7981,8097
7981: 8097,8098,7982,7864,7980
7982: 7981,8098,7865,7983,8099
7983: 8100,8099,7984,7866,7865,7982
7984: 8100,7983,7866,7867,8101,7985
7985: 8101,7867,7868,7984
7986: 8103,8102,7870,7869,7987
7987: 7988,8104,7870,7871,7986,8103
7988: 8104,8105,7987,7871,7872,7989
7989: 7990,7872,7873,7988,8105
7990: 7989,8105,8107,8106
7991: 7992,7874,7875
7992: 7991,7875,7876,7993
7993: 7994,8111,7876,7877,7992
7994: 7993,8111,7877,7878,7995
7995: 8112,7996,7879,7878,7994
7996: 7995,8112,7879,7880,7997,8113
7997: 8113,8114,7998,7880,7881,7996
7998: 7997,8114,7881,7882,7999,8115
7999: 8116,8115,7883,7882,7998,8000
8000: 8001,8117,7883,7884,8116,7999
8001: 8000,8117,8118,7884,8002
8002: 7885,8001,8118
8003: 8120,8004,7886,7887
8004: 8003,8120,8121,7887,7888,8005
8005: 8122,8006,7888,7889,8121,8004
8006: 8122,8005,7889,7890,8007,7891
8007: 8008,8124,7891,8122,8123,8006
8008: 8007,8124,8125,7891,7892,8009
8009: 8010,8126,7892,8008,8125
8010: 8009,8126,8244,7893,8127
8011: 7895,7894,7893,8128,8127
17020: 2412
10338: 10234,10235
8014: 7897,7896,8015,8129
8015: 16631,7897,8014,8131
8016: 8017,7900,16631,7899,8132,8133
8017: 7783,7900,8016,8018,8250,8133
8018: 8019,15490,7783,8017,8250,8135
8019: 8018,15490,7903,7785,7784,7783
8020: 7904,15490,7903
11460: 11461
8991: 9103,8990,8878,8879,9104,8992
8023: 7906,14665,8141,8139,16671
16470: 8403,8402,14555,8404,14251
16690: 16983
15689: 
16138: 782,16949
8201: 8317,8084,8200,8316
16928: 16153,14343,15200
11114: 15649,15706,11021,11207
10396: 10397,10294,10395,10497,10498
16046: 13398,3038
13271: 11946,14090
16569: 11079,16222,10794,10890
16306: 2848,15348,2744,16894
8569: 8454,8568,8455,8570,8683,8684
15529: 15092
12661: 15745,14024
9126: 9237,9238,9125,9014,9013,9127
15446: 10125,10126,10231,10333,10334
8041: 16824
8444: 8328,8443,8329,8445,8558,8559
9332: 9331,9221,9222,9333,9441,9442
14571: 16385,15745,16061
16890: 3014,3122,3120,3013,3230,3229
8554: 8669,8668,8555,8440,8439,8553
16339: 16796,1514,1165,1335
8048: 16613
15963: 11725,11723,11640,16929,11806
8050: 16179,15475,8167
9482: 9483,9373,9592,9372,9481,9591
17001: 8291,8405,16035,8290,8174,8176
12316: 12182,12109,15639,16128
8359: 8243,8358,8474,8475
14401: 11706,16940,14989,11789
8056: 16178,8288,16659
16745: 16308,3488,16818
8058: 16035,8290
8929: 9042,8930,8815,8816,9041,8928
8543: 8544,8429,8428,8658,8657
8061: 8062,7944,7945
8062: 8061,7945,7946
8063: 7947,8064,8296
8064: 7947,8063,8065,8296,8181
8065: 7949,8066,8064,8181,8182
8066: 8065,7949,8067,8182,8183
8067: 7951,8066,8068,8183,8184
8068: 7952,8069,8067,7951,8184,8185
8069: 7952,7953,8068,8070,8185,8186
8070: 7954,8071,7953,8069,8186,8187
8071: 7954,7955,8070,8072,8187,8188
8072: 7956,8073,7955,8071,8188,8189
8073: 7956,8072,7957,8074,8189,8190
8074: 8075,7958,8073,7957,8191,8190
8075: 7958,8074,7959,8076,8191,8192
8076: 7959,8075,8192,8193
8077: 7961,8078,7960,8194
8078: 7961,8077,8194,8195,8079,7962
8079: 8195,8080,7962,8196,7963,8078
8080: 8079,8196,7963,7964,8081
8081: 7965,7964,8080,8082
8082: 8083,7965,7966,8081
8083: 8082,7967,7966,8084
8084: 8085,7967,7968,8083,8201
8085: 8202,8084,7968,7969,8086
8086: 7970,8087,8203,7969,8202,8085
8087: 7970,8086,7971,8203,8204,8088
8088: 7972,8089,8205,8087,7971,8204
8089: 7972,8088,8205,7973,8090,8206
8090: 7973,7974,8091,8206,8207,8089
8091: 7974,8090,8207,7975,8092,8208
8092: 7975,7976,8093,8208,8209,8091
8093: 7976,8092,8209,7977,8094,8210
8094: 7977,7978,8095,8210,8093,8211
8095: 7978,8094,7979,8096,8211,8212
8096: 7979,7980,8095,8097,8212,8213
8097: 7981,8098,7980,8096,8213,8214
8098: 7981,8097,7982,8099,8214,8215
8099: 8100,7983,8098,7982,8215,8216
8100: 7983,8099,7984,8101,8216,8217
8101: 7985,8100,7984,8217
8102: 7986,8103,8219
8103: 7986,8102,8104,7987,8219,8220
8104: 7988,8105,7987,8103,8221,8220
8105: 7988,8104,7989,7990,8221,8106
8106: 8223,8107,8105,7990,8221,8222
8107: 8223,8106,8224,7990,8108
8108: 8109,8107,8224,8225
8109: 8108,8110,8226,8225
8110: 8111,8109,8226,8227
8111: 7993,7994,8110
8112: 7995,7996,8229,8113
8113: 7997,8114,8230,8112,7996,8229
8114: 7997,8113,7998,8231,8230,8115
8115: 8116,7999,8232,8114,7998,8231
8116: 7999,8115,8232,8000,8117,8233
8117: 8000,8001,8118,8234,8233,8116
8118: 8001,8117,8234,8002
8119: 8120,8236,8237
8120: 8003,8119,8121,8004
8121: 8120,8004,8122,8005
8122: 8123,8005,8006,8121,8007
8123: 8122,8007,8124,8239,8240
8124: 8007,8008,8125,8123,8241,8240
8125: 8008,8124,8009,8126,8241,8242
8126: 8009,8010,8244,8125,8242,8243
8127: 8360,8128,7893,8011,8010,8244
8128: 8360,8127,8245,8011,8129
8129: 8246,8014,8128,8245
8632: 16747,8518,16934,8520,8635
8131: 8248,8132,8247,16631,8015
8132: 8248,8131,16631,8016,8133,16591
8133: 8249,8250,16591,8017,8016,8132
9458: 9457,9348,9459,9349,9567,9568
8135: 8252,16233,8018,15490,8250
8230: 8113,8114,8231,8229,8345,8346
16039: 2327,14063,2635
8138: 8253,13893,8254,8370
8139: 13893,17034,8023,16671
16137: 2922,3027
8141: 13690,16471,8023,8258,16671
8142: 8143
8143: 8142,8260
16607: 6761,6881,6880,6882,6999,7000
8145: 16184
9346: 9455,9456,9235,9236,9345,9347
17025: 14442
16038: 13014
15607: 15628,15652,602
10222: 10117,10118,10223,10326
8679: 8680,8793,8564,8565,8678,8792
10226: 10121,10122,10227,10330
16862: 15806,16336
15810: 16975
9320: 9209,9319,9429,9430
8662: 8661,8547,8663,8548,8775,8776
10710: 10808,10809,10709,10610,10611,10711
8158: 8160,15708,16821,16991
10192: 10087,10193,10296,10088
8160: 8158,15708,16991
10142: 10144,10038
16522: 12886,16483
9477: 9367,9476,9586,9587,9368,9478
8348: 8464,8347,8232,8233,8349
16705: 2841
9209: 9320,9098,9210
8167: 8050,15475
9321: 
8169: 8285,8284,16632,8170,16887
8170: 8169,16887
16957: 16108,15807
16719: 15193
8534: 8420,8535,8649,8648,8533,8419
8174: 8289,16178,16035,8405,17001
16581: 10737,10835,16842,10638,10637,10738
8176: 8177,8290,8291,17001
8177: 8176,8293,8178
8178: 8179,8294,8177,8293
8179: 8178,8294,8295
8180: 
8181: 8182,8297,8064,8065,8296
8182: 8181,8297,8065,8066,8183,8298
8183: 8184,8299,8298,8066,8067,8182
8184: 8183,8299,8067,8068,8185,8300
8185: 8186,8300,8301,8069,8068,8184
8186: 8185,8301,8069,8070,8187,8302
8187: 8188,8302,8303,8070,8071,8186
8188: 8187,8303,8071,8072,8189,8304
8189: 8304,8305,8072,8073,8188,8190
8190: 8191,8306,8073,8074,8189,8305
8191: 8307,8306,8190,8075,8074,8192
8192: 8193,8308,8075,8076,8307,8191
8193: 8192,8308,8309,8076
8194: 8078,8077,8195,8311,8310
8195: 8079,8196,8078,8194,8311
8196: 8195,8079,8080,8197
8197: 8198,8313,8196,8312
8198: 8314,8313,8197,8199
8199: 8200,8315,8314,8198
17031: 11442,11262,11171