8115: 8114,8190,8191,8116
7501: 7587,7413
6467: 6371
3: 23,9946,51,53
9378: 9292,9545,9277,9640,9456
5: 
7304: 7305,7392,7216,7391
7: 30,31
8579: 8578,8513,8645,8709
7029: 6937,7119,7120
10: 9851,31,60
8276: 8201,8275
8460: 8388,8389,8529,8599,8666
10012: 10031,10009,9880,9714
14: 9445,9322,9611,99,276,65
9562: 9249,9429,5341,9503,5343
16: 103,9807,141
6262: 6261,6358,6164,6165,6263,6359
18: 
19: 20,9598
20: 49,9598,19,47
10011: 9932,10036,9891,3242
22: 50,23,51
23: 3,51,24,22
24: 23
9962: 9879,10026,9946
6933: 7024,6932,6841,6934
27: 9933,56
7702: 7785,7786,7783,7703,7704
29: 94,59,9273,9326,96,93
30: 31,7,60,59
31: 30,7,10,9851,60
7278: 7277,7190,7279
33: 9676,95,96,62
34: 9439,62,9676,135
7009: 6918,7008,7100,7099,7010
9294: 9503,5343,9454,9523,5243
37: 65,329,9322,9403,100,181
38: 142,141,9570,9900,228
39: 41,9732,40
40: 41,39
41: 39,9732,9869,40,42
42: 68,41,9732,9869,9806
7085: 7173,7083,6906,7086,6997
44: 9950,9329,9775,72,9416,73
6697: 6696
46: 123,124,84,48,81,121
47: 48,9793,20,49
48: 47,81,9793,49,46,84
49: 20,9598,9547,48,47,84
50: 9547,22,51,123,84
51: 3,23,50,22,123,86
7148: 7058,7057,7147,7149,7237,7238
53: 87,126,3,9414
54: 127,126,9918,9414,9528
8540: 8539,8475,8408,8474,8406
56: 57,9923,27
57: 56,9758,91,9383
6929: 6837,6930
59: 94,60,29,30,9273
60: 94,59,30,31,10
9945: 77,9826
62: 96,133,33,134,135,34
9914: 9847,9685,9341,9906,9896,10016
64: 9611,99,9428,224
65: 383,37,329,9322,14,276
66: 386,387,9506,9433,331
8150: 8072,8151,8227
68: 103,42,104,9732,9850
9855: 
8914: 9016,8743,8861,8913,9060,8744
7786: 7785,7702,7704,7787,7867,7948
72: 9416,187,44,146,73
73: 146,147,9345,44,9775,72
8144: 8143,8220,8221,8066,8065,8145
75: 
8487: 8555,8488,8418,8417,8554
77: 9826,9945,115
7178: 7091,7179,7176,9512,7000,9406
79: 9323,9393,207,118,117,9461
6658: 6657,6753
81: 48,46,163,9907,121
9181: 9208
9765: 1492,9677
84: 123,46,49,50,9547,48
8120: 8121,8197,8042,8119
86: 87,51
87: 86,53,126,123,124
7207: 7117,7118,7208,7295,7296
6403: 6307,6498,6499
8523: 8590,8522,8453,8454,8591,8524
91: 130,57,9295
92: 131,9383,9326,130,93
93: 133,175,9326,29,92
94: 60,59,29,95,96
95: 9706,94,96,33
96: 133,62,94,29,95,33
6741: 6835,6647
98: 9527,9428
99: 64,9611,14,225,276
100: 277,181,37,329,502,384
9738: 9185,9754,9229,9885,9846
7979: 8059,8058,7899
103: 68,104,16,141,142
104: 68,103,142,143,9515
105: 9416,9272
7162: 7161,7341,7070,6979,7072,7430
6919: 6920,7010,7011
7175: 7439,7526,7353,7352
9788: 10002,9940,9321
7373: 7460,7286
111: 
112: 193,149,150,148,9883
6133: 6037,6038,6132,6231,6328
6576: 6480,6575,6671,6672
115: 77,116
116: 115,9338
117: 118,9461,158,159,79,205
118: 117,207,79,309,205,206
119: 9369,259,311,366,312
8792: 8730,8665,8729,9359,8668
121: 211,166,81,124,46,163
8012: 8171,7931,7767,7850,8170,9518
123: 124,46,84,50,51,87
124: 123,46,87,166,121,167
8414: 8343,8270,8483,8194,8413
126: 53,87,9414,167,54
127: 168,54,9528,9372,264
6753: 6658,6846,6847
7612: 7528,7778,7443,7696,7859,7697
130: 173,91,92,9383,219
131: 92,175,219,220
7134: 
133: 96,62,175,93,134
134: 272,176,135,133,62,175
135: 178,272,134,62,34
136: 178,224,274
7838: 7837,7756,7839,7921
9467: 9069,9207,9478,9477,9111,9290
9974: 9869,9487,9837
8946: 8945,8835,9047,8893,8999,8947
141: 9807,16,103,142,38,9900
142: 38,143,103,104,141
143: 142,184,104,185,9515
7527: 7440,7611,7265,7354,7528,7778,7694
6461: 6556,6462,6557
146: 147,73,72,234,189
147: 146,73,192,9345,149,189
148: 150,9791,9345,112,149
149: 193,112,148,147,192,9345
150: 148,112
6462: 6463,6558,6557,6461
9407: 9140,9102,9141,9661,9438,9444
8882: 8989,9037,8884,8826,8765,8881
154: 9642,155,201,251,9427,252
155: 154,9642,9496,156,201
156: 306,254,201,157,155
157: 9803,9446,158,254,156
158: 117,159,157,9446,254,205
159: 117,9461,158,9338,9446
9097: 9692,9336,9293,9893
6712: 6711,6617
9957: 9990,10041,9713,3434,3239,10038
163: 9626,10040,9907,81,211,121,208
7850: 7767,7851,8171,8012,7932
7907: 7825,7988
166: 211,212,121,124,167,168
167: 168,124,126,166
168: 167,127,212,166,264,262
6248: 6249,6344,6246,6149,6342
170: 320,217,9247,173,267
9485: 2753,9759,2848,9697,9796
9324: 9527,9473,9431,9464,9428,9566
173: 130,170,219
8521: 8451,8452,8522,8589
175: 133,93,131,176,134
176: 323,272,134,175,220
9413: 9733,9484,9376,9312,9426
178: 272,135,136,324,274
9523: 9454,9602,9348,9266,9294
7217: 7128,7127,7216,7305
181: 100,277,9502,9403,37,330
8148: 8069,8225
8018: 7936,7855,7937,7938,9447
184: 143
185: 9272,143,281,232
9581: 9653,9881,8964,9011,9492,9014
187: 72,232,234,233
9259: 9366,9553,288,289,9430,341
189: 236,237,191,146,147,192
9027: 8980,8928,8979,8874,8978,9071,9112
191: 236,189,285,234,338
192: 147,193,149,237,189
193: 112,149,192,9883,9969
7007: 6916,6917,7008,7098
9433: 9502,9313,9330,9506,66
7054: 7055,7145
7220: 7130,7131,7219,7309
8232: 8307,8155,8306,8231
199: 9656
9232: 9211
201: 306,156,154,155,360,252
8450: 8451,8449,8378,8519
9669: 9747,9874,9737,1014,1013
7262: 6909,7000,7173,7086,9512,9543
205: 309,307,118,117,158,254
206: 422,365,364,118,207,309
207: 9323,79,118,311,206,365
208: 259,9626,163,211,212,313
8462: 8599,8241,8391,8667,8730
9870: 9947,9693,9994,9838
211: 212,166,121,163,208
212: 211,166,168,208,313,262
6274: 
10000: 9462,9797,9422,9994,9838,9689
9031: 8983,8982,9032,9030,9077,9157
8005: 8006,7924,8004,8084
217: 170,320,219,269,374
9941: 9658,9873,9901,10035,9992,9792
219: 217,130,173,131,269,220
220: 269,131,219,176
9569: 3833,9262,9328,4233,4132,4234
7854: 7773,7855,7772,7771,7936
7901: 7902,7900
224: 326,274,136,64
225: 276,328,99,275
9656: 413,412,199,9728,300,9769
9681: 9828,9984,9844,9739
228: 278,38,281
6375: 6279,6376
7433: 7079,7258,7520,7078,7522,7523
9716: 9381,9010,9864,9995,9653
232: 334,281,185,9272,187,233
233: 285,234,283,187,334,232
234: 285,233,187,146,191
9677: 1492,9765,1493
236: 237,191,189,338,238
237: 236,189,192,9339
238: 287,288,236,9553
239: 453,396,9248,9430,395
240: 290,242,344,291
9965: 2661,10023
242: 292,240,344
243: 292
9593: 9379,9588,9622,9252,9915
245: 297,349
246: 352
247: 301,300,249,9973,9728
7591: 7504,7505,7675
249: 301,247
8062: 8061,8063,8140
251: 359,416,9427,154,417,252
252: 417,360,154,201,251
7393: 7394,7305,7480,7481
254: 306,156,157,158,307,205
7692: 7344,7520,7522,7431,7521,7609
8796: 8735,8794
8561: 8627,8560,8494,8493,8562
7560: 7474,7561
259: 119,208,368,313
7899: 7818,7979,7900
7170: 7259,9696,7348,9860,7169
262: 316,264,212,168
10006: 9776,9792,6716
264: 316,262,317,168,127,9372
8368: 8294,8369,8439,8440
9061: 9634,9892,9016,9060,9017,9102
267: 318,9247,9372,170,320
6447: 6351
269: 220,217,219,376
7721: 7638,7720,7804
7361: 7273,7360,7275,7449,7618
272: 323,178,176,134,135,324
7631: 7630
274: 224,326,178,136,324,380
275: 327,381,326,225,328
276: 225,99,14,383,65
277: 100,181,385,330,384,442
278: 228,9506,333,387
8292: 8366,8218,8291,8365
7836: 7918,7917,7753,7835,7837
281: 333,334,232,185,228
9177: 9065,9180,9145
283: 285,233,334,389,390
7777: 9508,7859,9561,7778,7694
285: 234,283,233,191,336,338
9909: 9755,9404,5447,9549,5545,9968
287: 338,238,288,336,449,339
288: 287,238,9259,9553,289,339
289: 394,339,452,288,9259,341
290: 240,291,398,345
291: 344,240,290,345
292: 243,242,344
293: 456,643,9536,9268,710
294: 403,349,461
9979: 9666,9911,9726,9401,9668
9143: 9021,8972,9105,9563,9020,9175
297: 9474,245,349,350
7884: 7802,7885,7965
299: 9769,411,412,409,471,472
300: 301,247,9728,9656
301: 247,300,249
8976: 8924,9069,8869,8813,8812
10029: 9795,9740
7772: 7775,7774,7773,7854,7771,7770
9755: 9909,9404,9632,5346,10018,9549
306: 254,156,201,307,360,361
307: 309,362,205,306,254,361
7606: 7518,9639,7252,7341,7858,9299
309: 362,307,205,118,206,364
8494: 8424,8493,8425,8495,8561,8562
311: 119,9369,9323,207,365,366
312: 366,424,119,368,425
313: 368,369,212,259,208
9500: 9878,9972,9399,9819,9382,9255
9733: 9484,9413,9928,10024,9951,9312
316: 264,262,317,369,371,370
317: 316,264,9372,318,371
318: 267,317,371,319,372
319: 430,372,318,320,431,374
320: 170,217,267,319,374
10025: 9480,9678,9703,9711
7929: 9525,8170,7847,8010
323: 272,176,434,324
324: 379,380,323,178,272,274
8609: 8733,8734
326: 224,274,380,275,381
327: 275,381,438,328,499,625
328: 225,327,275,499,382
329: 383,65,37,100,502,501
330: 385,331,9502,277,181
331: 385,330,386,66
8270: 8343,8414,8271,8344
333: 334,281,278,387,389
334: 333,281,232,283,233,389
7339: 7340,7249,7252,7426
336: 448,390,449,285,338,287
7598: 7510,7511,7599,7512,7682
338: 287,285,236,191,336
339: 394,289,450,449,287,288
8190: 8265,8191,8189,8114,8115,8264
341: 9430,395,9259,289,452,513
7674: 7757,7503,7675,7673
343: 9441,9248,398,396,397
344: 291,242,292,240
345: 398,455,290,291
346: 519,648,647
9926: 9919,9930,9767,10043
9826: 77,9945
349: 403,294,245,297,350
350: 405,297,9474,9948,349
7733: 7649,7650,7732
352: 246,410
7618: 7449,7619,7701,7361,7360,7617
9316: 10002,584,9470,9557
7831: 7912,7913,7832
8613: 8544,8676,8478,8677,8614
8137: 8136,8213,8059,8058,8138
358: 475,537,9371,474,416,9427
359: 251,416,417,671,672,477
360: 418,252,306,201,361
361: 480,306,362,307,418,360
362: 309,307,364,480,420,361
7876: 7877,7794,7875,7954,7956
364: 422,206,309,362,420
365: 422,206,207,311,366
366: 424,312,119,311,365
6849: 6661,6755,6756,6848
368: 369,313,259,312,426
369: 368,313,316,426,370
370: 371,369,316,426
371: 370,316,317,318,372
372: 319,430,318,489,371
9701: 9648,5841,9849
374: 431,320,217,319,376
9748: 796,726,9972,9819
376: 434,433,269,374
9499: 9402,9354,7941,9550,9465,8020
9584: 9660,9444,9563,9175,9497,9368
379: 324,380,436,437
380: 379,324,326,274,437,381
381: 327,275,380,326,437,438
382: 693,563,328,499
383: 65,329,276,563,501
384: 565,564,100,277,502
385: 504,331,330,277,444,442
386: 66,387,446,331,444,445
387: 386,66,278,333,446
9608: 9364,2109,9325,9619,9463,2016
389: 447,446,333,334,283,390
390: 336,448,283,447,389
6205: 6303,6204,6302,6206
6163: 6065,6162,6164,6260,6261
9379: 9072,9588,9593,9071,9112,9028
394: 511,289,339,450,452,512
395: 9430,341,239,453,513,514
396: 454,239,343,9248,397
397: 515,343,455,454,396
398: 345,455,290,343,9441
6575: 6574,6576,6671
6696: 6790,6600,6697,6695
401: 402,459,519
402: 521,461,459,401
403: 294,349,461,523
7103: 7104,7013,7192,7102
405: 350,406,463
406: 405,463
407: 9821,410,411,408
408: 9276,467,9270,407,409
409: 531,471,299,411,408
410: 407,352,9823
411: 299,9769,9823,407,409
412: 413,9656,299,9769,473,472
413: 412,9656,474,473
8562: 8813,8494,8495,8561
9397: 9409,9320,1316,1238,9357,9342
416: 251,359,9427,475,358,477
417: 541,252,251,359,672,606
418: 360,541,480,361
9900: 9370,9570,9385,9807,141,38
420: 480,481,362,364,544
9235: 9292,9545,9119,9236,9450,9234
422: 206,365,364,483,484
9028: 8981,9029,9071,8980,9072,9379
424: 366,312,425,484,485
425: 426,487,424,312,485
426: 425,487,368,369,370
8200: 8201,8199,8274,8275
7963: 7962,8042
7886: 7804,7885
430: 319,372,431,491
431: 492,374,319,430,491
8481: 8480,8412,8550,8678,8740
433: 434,376,557
434: 433,376,323
8389: 8388,8460,8238,8163,8599
436: 437,498,379,557,559
437: 436,498,438,379,380,381
438: 437,498,327,381,560,625
7774: 7775,7772,7603,7773
6162: 6163,6065,6259,6260
9693: 9947,9870,9834
442: 566,277,385,504,565
6257: 6160,6256
444: 505,568,445,386,385,504
445: 505,508,444,386,447,446
446: 447,389,386,387,445
447: 446,389,448,390,508,445
448: 336,390,449,447,508,509
449: 336,448,287,509,339,450
450: 511,394,339,449,572,509
9448: 9356,9334,9055,8843,8784,9617
452: 394,289,341,512,513
453: 454,239,395,514,577
454: 453,396,515,397,577,456
455: 398,345,397,9746
456: 293,9536,454,515,577
6815: 6628,6723,6627,6721,6906,6997
6632: 6537,6631,6728,6820
459: 521,402,401,519,584,583
9938: 8954,9617,9334,9007,9988,9917
461: 521,402,403,294,523
6388: 6291,6389,6483,6387
463: 464,405,406
464: 523,463,586
7293: 7292
466: 595,529,9674,9586,9281,594
467: 9276,408,531,529,596
8151: 8228,8227,8152,8072,8150
9432: 9278,6328,9341,6135,6038,9685
8987: 8880,8881,9081,8933,9037,9080
471: 531,409,299,472,535,599
472: 536,473,535,299,412,471
473: 536,472,413,412,474,537
474: 9371,413,473,537,358
475: 537,602,358,416,538,477
9171: 9173
477: 671,475,359,416,670,538
8703: 8435,8639,8702,8764
6561: 6560,6656,6657
480: 420,481,361,362,418
481: 480,420,544,675,609
9466: 9457,8168,9559,8468,9525,8088
483: 544,422,484,546
484: 547,422,424,483
485: 612,547,424,425
6284: 6381,6283
487: 426,425,550
6142: 5948,5849,5848,5946,6043
489: 372
8865: 8917,8970,8808,8807,8866,8919
491: 430,492,431,618
492: 431,555,491
6590: 6591
9037: 8989,8882,9123,8987,8881,9081
7788: 7949,7705,7787,7789,7870,8029
7241: 7151,7152,7240
8422: 8559,8351,8421,8423
498: 436,437,438,559,560
499: 561,625,327,328,382
9524: 9282,9734,9459
501: 502,695,694,383,329,563
502: 695,501,329,100,564,384
9359: 9544,9386,8792,9505,9712
504: 385,568,444,698,442
505: 508,568,444,445,571,634
9785: 9531,9400,8093,8397
6585: 6489,6586,6680,6681
508: 505,445,447,448,509,571
509: 572,571,448,449,508,450
6784: 6783
511: 394,450,572,636,573,512
512: 704,573,511,394,452
513: 640,514,452,395,341
514: 640,513,395,453,641
515: 397,454,9298,456,9536
9021: 8972,9143,9067,8921,9020,9109
6260: 6356,6357,6163,6162,6259,6261
518: 647,646,645,9358,9493
519: 346,648,401,459,583
9652: 6235,9680
521: 461,402,459,523,586,584
9436: 9390,9534,9346,8404,8333,8538
523: 464,586,403,521,461
8644: 8509,8578,8707,8708,8645
525: 9365,650,588,9470,9388,9557
6925: 6832,6926
527: 652,589,9365,9495,9488,718
9621: 3437,9418,9756,9912,9744,3339,9424
529: 595,466,9674,9276,467,596
8452: 8453,8451,8380,8521,8522
531: 409,471,467,596,599
7209: 7119,7120,7210,7208
9029: 9030,8981,9028,9072,9073,9074
8954: 8786,9617,9938,9007,8846,8787
535: 536,472,471,599,600,666
536: 473,472,535,537,602,600
537: 475,602,358,474,536,473
538: 670,669,475,602,477
9393: 9323,79,9263,9460,9580,9461
8493: 8494,8424,8423,8559,8561,8560
541: 418,417,606,607
7804: 7886,7885,7721
8428: 8357,8429,8356,8497,8498
544: 483,420,481,609
7825: 7907,7742,7743
546: 547,483,678
547: 612,484,485,546,678
8919: 8867,8866,8970,8865,9019
9464: 9431,9288,9324,9473
550: 614,487
8645: 8770,8708,8644,8579,8578,8709
9293: 9594,9750,9052,9097
10014: 9225,9226
7179: 7091,7269,7178,7176,7180,7268
555: 492
7624: 7540,7625,7539,7707
557: 622,559,433,436
9209: 9754,9182
559: 557,622,436,498
560: 690,624,498,438,625
561: 499,625,624,760
9756: 9621,9932,9744,3340,3539,3339
563: 693,382,383,694,501
564: 565,384,502,695,835
565: 564,384,442,566,630
566: 698,442,630,565,631
7985: 8065,7905,7984,8064
568: 505,444,504,698,633,634
7195: 7283,7284
9211: 9185,9232
571: 572,509,505,508,634,635
572: 509,571,511,450,636,635
573: 704,512,511,771,636,842
8989: 8882,9037,9123,8884,8990,9038
7198: 7109,7286,7197
10034: 9695,9936,9402,9465,9944
577: 578,641,454,453,456
578: 577,641,643,776,709
9459: 9633,9524,9483,9282
580: 849,781,9268,645,9493,710
6357: 6260,6356,6261,6358
9659: 9810,9398,9675,10033,9463
583: 584,9470,459,519,648
584: 583,521,459,586,9316
7247: 
586: 523,464,521,584
8193: 8192,8116,8268,8194
588: 9365,650,525,649,589,716
589: 652,785,527,716,9365,588
9088: 9600,9130,9894,9043,8995,9127
9657: 9853,9883
9618: 9277,9420,9613,9686
593: 661,594,9257,730,9551,801
594: 593,661,595,466,9281,9257
595: 466,529,596,661,594
596: 599,664,467,531,595,529
7050: 7049
9308: 7173,7083,9607,9638,9543,9435
599: 596,664,531,471,535,666
600: 668,666,536,535,602
9281: 9770,9257,9843,9586,466,594
602: 475,537,536,600,538
8454: 8455,8383,8382,8453,8523,8524
6148: 6147,6246,6051,6149,6052
8388: 8460,8389,8238,8458,8387
606: 741,673,607,417,541,672
607: 673,606,541,743,675
8524: 8591,8592,8455,8454,8523
609: 745,481,544,744,675
9114: 9115,9835,9153
9740: 9875,9795,9344,9395,10029
612: 547,485,614,678,679
9251: 9255,9637,9576,9283,9415
614: 550,612,680
9718: 9348,9266,9877,9721,9751,9929
616: 617,683
617: 618,616,684,683
618: 617,619,491,684
619: 687,618,686
8688: 8751,8625,8810,8687,8808,8866
9422: 9591,10032,9994,9442,9462,10000
622: 557,559,687
8968: 8915,8916,9017,8917,9018,9140
624: 690,560,561,625,829,760
625: 499,561,438,327,560,624
9867: 10035,9992,6138
8466: 9963,9942,8394
9127: 9043,8886,8830,9085,9088,9130
7003: 6915,6912,7002,7004,6911
630: 566,565,907,835,697,631
631: 697,566,630,767
7641: 7557,7556,7724
633: 768,700,767,634,568,698
634: 700,633,505,568,571,635
635: 636,572,571,700,634
636: 771,635,572,511,573
8488: 8555,8487,8418,8419,8622
8050: 7970,8049
9297: 9089,9045,9317,9600,9629,9556
640: 513,514,774,707
641: 578,577,514,707,776
9636: 9639,9627,9299,9253
643: 293,578,709,848,710
9429: 9249,9360,9562,9503,9480
645: 9493,518,646,580,782
646: 518,647,649,645,783,716
647: 518,646,649,346,648,9358
648: 346,519,583,647,649,650
649: 647,646,648,650,588,716
650: 588,525,648,9470,649
8930: 8983
652: 785,717,589,527,786,718
653: 787,654,788,9495,9530,718
654: 788,653,858,9530,655,9635
655: 789,9635,9245,654,858,859
656: 722,9552,723,790,791
657: 
7990: 7989,7910,7909
659: 873,800,9405,729,872
7443: 7355,7268,7696,7442,7528,7612
661: 593,594,595,663,730
6537: 6535,6439,6441,6442,6632
663: 733,731,730,664,661
664: 596,599,666,733,663
8748: 8687,8808,8807,8686,8622,8806
666: 600,735,535,599,664
9370: 9526,9330,9570,9385,9900,9300
668: 600,735,669,736,737
669: 670,538,668,737
670: 669,538,739,671,477
671: 739,740,672,477,359,670
672: 740,671,359,417,741,606
673: 741,606,607,743,812,813
8733: 8609
675: 743,744,481,607,609
9989: 9347,9763,9314,9993,8100,8252
9502: 9403,9313,9433,181,330
678: 612,547,546,679
679: 680,612,678
680: 679,614
9133: 9092,9049,9091,9170,9285,9203
8526: 8457,8527,8594,8311,8455,8383
683: 752,684,616,617,751
684: 752,683,617,618
8006: 8005,8008,7761
686: 754,619,687,755
687: 619,622,686,755
6574: 6478,6575,6669
7036: 7127,6945,7037
690: 560,624,757,758,829
7523: 7347,9779,7522,7258,7433,9977
9770: 10004,9612,9281,9257,9843
693: 382,563,694,762
694: 695,501,693,563,762,763
695: 502,694,501,564,763
7059: 7149,7150,7060,6967,7058
697: 983,631,630,907,982
698: 566,504,568,633,767
7742: 7741,7659,7743,7825
700: 768,633,634,635,769
8527: 8457,8526,8662,8594,8596
9695: 10034,9690,9936,9944
8053: 7973,7974,8054
704: 573,512,842
8242: 8087,8088,8318,8165,8391
6290: 6386,6387,6193,6291
707: 845,774,640,641,776
9952: 10022,9735,9544,9386,9778
709: 777,776,578,643,919,848
710: 848,293,643,9268,849,580
8423: 8424,8493,8351,8352,8422,8559
9513: 9599,9646,9522,9723,9498,9258
8365: 8291,8366,8292
6438: 6437,6342,6344,6534,6628,6439
7325: 7237,7413,7324
716: 785,589,646,649,588,783
717: 652,785
718: 786,652,527,9495,787,653
8259: 8185,8403,8260,8404,8108,8184
6734: 6639,6640,6735,6828
9340: 9049,9001,9750,9519,9285,9594
722: 656,9552,860,789,9245,1006
723: 9895,792,656,791
724: 943,868,9382,9637,794,942
725: 869,9399,9819,796,727
726: 9748
727: 9405,728,796,10004,9612,725
728: 9405,727,869,729
729: 1021,728,659,872
730: 663,731,593,661,801,802
731: 733,663,730,805,876,802
7561: 7474,7560,7562,7475,7646
733: 663,731,664,735,805
10022: 9735,9952,9963,9831,9778
735: 668,666,733,736
736: 805,668,735,807,737
737: 808,807,668,669,736
7686: 7851,7769,7602,7601,7775
739: 671,670
740: 671,672,741,811
741: 673,606,740,672,811,812
6724: 6998,7086,6725,6629,6909,6910
743: 744,675,673,607,813,814
744: 743,675,745,609,814,815
745: 746,609,744,815,816
746: 745,816
9054: 9005,9004,8950,9094,9052,9098
9622: 9290,9252,9453,9593,9915,9852
7279: 7280,7367,7190,7191,7278
750: 751,820
751: 750,752,683
752: 684,683,751,823
8554: 8486,8417,8620,8487,8621
754: 686
755: 826,687,686
9356: 9334,9448,9055,9353,9592
757: 826,690,827,758
758: 829,757,690,827
8553: 8620
760: 901,624,561,829
9217: 9216,9238,9237,9307,9420,9640
762: 903,693,694,833,763
763: 834,833,695,694,762
6305: 6401,6207
6642: 6643,6547,6641,6546
8220: 8143,8144,8221,8219,8294
767: 768,633,698,631,838
768: 700,633,767,838,839,769
769: 840,768,700,839
6665: 6760,6664,6759
771: 636,573,913,842
9390: 9436,9534,9346,9486,9928,9484
9304: 2942,2847,9697,9679,2944,3041
774: 845,844,707,640
7464: 7550,7377,7465
776: 777,709,578,641,707
777: 917,776,709,919,992
7818: 7819,7735,7899,7900
9417: 9801,9494,6805,9469
8984: 8821,8878,8932,8983,9033
781: 849,922,580,853,782,923
782: 853,854,783,645,781
783: 854,782,646,785,716
9781: 9537,9798,10037,9803
785: 652,717,589,716,854,783
786: 928,927,718,652,787
787: 788,653,928,786,718,1003
788: 787,654,653,858,929,1003
789: 655,9245,722,859,1005,1006
790: 861,863,791,656,860,934
791: 790,863,723,9780,9895,656
792: 9895,9882,793,723
793: 9745,792,9882
794: 1095,941,9415,9637,724,942
9115: 9114,9214,9073,9153,9187
796: 9748,10004,725,9819,727
8480: 8339,8481,8479,8678,8614
9060: 9016,8914,8913,9634,8966,9061
7018: 7109,7019,6926,6927
800: 873,874,659,9551,801,9405
801: 874,800,9551,593,730,802
802: 950,876,731,730,874,801
7442: 7354,7528,7266,7176,7443,7268
9175: 9020,9106,9497,9143,9584,9563
805: 736,733,731,876,952
9913: 2559,9319,9585
807: 808,737,736,954
808: 955,807,737,881
6389: 6388,6293,6390
9363: 9291,9980,9635,9245,9552
811: 740,741,883,812
812: 883,884,741,673,811,813
813: 885,814,673,743,884,812
814: 885,886,813,743,744,815
815: 816,744,745,886,814
816: 815,888,745,746
8376: 8303,8447
9052: 9750,9094,9054,9098,9293
8842: 8782,8841,8721,8843,8898,9055
820: 750,891,892
6316: 6317,6413,6218,6219,6315,6412
6315: 6412,6218,6316
823: 894,752
6651: 6652,6746,6556
7819: 7818,7735,7736,7737
826: 755,757,827
827: 757,826,758
8372: 8298,8444,8373
829: 758,690,624,760
9972: 9500,9878,9925,9748,9819
8782: 8656,8657,8842,8841,8718,8721
7118: 7117,7207,7208,7027,7119
833: 834,763,978,762
834: 980,833,763,906
835: 906,907,564,630
6904: 6813,9377,6811,6623,6994,9362
7300: 7301,7388,7212,7299
838: 910,839,768,767
839: 910,838,768,840,769
840: 912,913,769,839
7601: 7515,7602,7600,7514,7686
842: 771,704,573,913
8058: 8059,7979,8136,8137
844: 774
845: 916,774,707,917
6449: 6450,6448,6545
7324: 7411,7325
848: 919,920,710,643,709,849
849: 922,781,580,920,848,710
7858: 7340,7428,7252,7606,9299,9274
9810: 9822,9659,10010,9398,9244
7646: 7561,7562
853: 854,782,781,923,998,926
854: 853,783,782,785,926
7248: 7425,7249,7336
6218: 6121,6219,6315,6316
9947: 9870,9693,9834,9375,10032,9994
858: 654,788,655,929,859,1004
859: 1080,1004,1005,858,655,789
860: 722,790,1006,1007,934
861: 790,863,862,933,934,864
862: 9905,861,863,864,1010
863: 861,790,791,9780,9905,862
864: 1161,1162,1010,861,862,933
865: 9576,1092,1170,939
866: 1251,1332,9283,941,9415,1334
8964: 8911,9011,9581,8966,9015,9014
868: 943,944,724,869,9399,9382
869: 725,9399,728,944,868
9442: 4139,3936,9422,9591,9462,9256
8431: 8568,8430,8499
872: 1179,948,1178,873,659,729
873: 874,800,659,1025,948,872
874: 873,800,801,950,1025,802
7083: 7085,9308,6720,6906,9607
876: 950,1027,802,731,805,952
7386: 7299,7298,7474
9019: 8972,9105,8970,8919,8973,9063
7875: 7954,7953,7711,7794,7876
7518: 7606,7430,7342,9639,7341,7691
881: 955,808
7351: 10042,7439,7525
883: 884,812,811,957,1033
884: 883,812,885,813,959
885: 886,813,814,884,960,959
886: 885,814,815,960
8294: 8368,8219,8220
888: 816,889
889: 888
890: 891,965
891: 890,965,966,820,892
892: 967,820,891,966
6716: 6993,6620,6902,10006,6809
894: 823,968
6582: 6487,6583,6581
896: 897
897: 896,972
9999: 10027,9866
8839: 8718,8779,8838,8895,8840
9831: 9778,10022,9651
901: 902,760
902: 901,903,977
903: 978,762,902,977
8228: 8151,8227,8152,8229,8303
7704: 7621,7705,7787,7703,7786,7702
906: 907,835,981,834,980
907: 906,835,981,630,697,982
9471: 9614,9343,9306,9305
9472: 9729,10024,8471
910: 838,839,1060
9835: 9915,9852,9114
912: 913,840,987
913: 912,840,771,987,842
9808: 5346,10017,9574,9302,9604
915: 989,990
916: 845
917: 777,845,992
6383: 6286
919: 920,848,777,709,992,994
920: 919,848,849,922,994
9567: 9240,9239,9560,9615,9749,9546
922: 849,781,920,996,923
923: 996,997,922,781,853,998
7470: 7469,7556,7557
9351: 2473,2953,9555,9411,9535,9541
926: 999,998,853,854,927
927: 928,786,999,926,1000
928: 927,786,787,1076,1000,1003
929: 1079,1078,1003,788,858,1004
9796: 9679,9704,9485,9759,9697,9790
9789: 10030,9762,10039,9727,9939
9530: 9495,9264,9291,654,653,9635
933: 1009,934,861,1161,864,1160
934: 1009,933,860,861,790
9950: 44,9329,9837,9775,9699
936: 9902
6298: 6200,6201
938: 9737,9741,1014
939: 1170,1013,1014,865
8159: 8080,8160,8081,8158,8236
941: 1095,794,9415,866,1253,1334
942: 1019,1174,943,724,1095,794
943: 944,868,724,1019,942,1096
944: 943,868,869,1021,1096
6875: 6967,6781,6782,6874
6535: 6537,6439,6534,6631,6629
6989: 6990,9475,6896,6894,6801
948: 1179,872,873,1025,1180
9981: 9832,9702,8794
950: 1027,1025,876,802,874
7160: 7249,7068,7070,7161
952: 1028,805,1027,876
6821: 6728,6820,6912,6823,6915
954: 807
955: 808,881,1031
8499: 8498,8632,8429,8430,8431
957: 883,1033
8082: 7922,8002,8004,7923,8161,8083
959: 1035,960,884,885,1034
960: 1035,1036,959,885,886
6835: 6741,6742
7075: 7080,7345,6984,7074,6983
8929: 8980,8928,8876,8981,8983,8982
7923: 7924,8004,7841,7842,7922,8082
965: 890,891,966
966: 891,965,892,967
967: 892,968,966,1042
968: 967,894,1043
6993: 6620,6716,6902,6994
7139: 7049
9023: 9067,9068,8921,9024,8868,9111
972: 1047,897
973: 1048,974,1049
974: 973
9800: 9691,9634,9892,9015,9787
8655: 8718,8654,8589,8656
977: 902,903,978,1052
978: 903,833,977
7741: 7742,7740
980: 834,906,981
981: 906,907,980,982,1057
982: 1057,907,981,983,697
983: 697,982
9720: 9708,9813
7288: 7289,7200,7375,7199
7296: 7295,7383,7207,7208
987: 912,913
7512: 7599,7600,7425,7598,7511
989: 915,990
990: 1066,915,989
7104: 7103,7013,7014
992: 1067,1068,917,777,919
9451: 2098,2010,2190,9954,2189
994: 1069,919,920,1068
7474: 7561,7560,7386,7475
996: 1071,997,923,922
997: 1071,996,923,1073,998,1148
998: 999,1073,926,853,997,923
999: 1073,998,926,927,1000
1000: 1076,1075,999,928,927
8424: 8494,8493,8423,8352,8425
6759: 6760,6665,6853
1003: 929,1078,928,787,788,1076
1004: 859,1234,1080,858,1079,929
1005: 859,1080,789,1081,1006,1007
1006: 1007,789,722,860,1005
1007: 1081,1006,860,1005,1009,1082
10016: 9906,9847,9914,6614,6615,9898
1009: 933,934,1007,1082
1010: 1162,864,862,1011,1087
1011: 9902,1010,1087
7570: 7484,7569,7571,7655
1013: 1170,939,1014,9747,9669,1167
1014: 938,9669,1013,939
8567: 8568,8632,8634,8696
6583: 6487,6582,6488
7023: 7024,6932,7022,6931,7113,7114
9872: 6335,6525,6526,9658,9873,9964
1019: 1174,1255,942,943,1096,1175
7462: 7548,7375
1021: 729,944,1178,1097,1096
9811: 9749,9827,9673,9863,9858,9794
8769: 8707,8708,8938,8829,8885
9602: 9454,5143,9523,5041,9280,9266
1025: 950,873,874,948,1180
8199: 8198,8200,8273,8274
1027: 950,876,1028,952
1028: 952,1027,1029,1105
1029: 1106,1028,1105
7885: 7804,7886,7884,7965
1031: 1108,955
8261: 8110,8186,8262,8260,8405,8333
1033: 1034,1110,883,957
1034: 1033,1110,1035,959,1111
1035: 1036,960,959,1034,1111
1036: 1035,960,1037
1037: 1038,1036
1038: 1037,1115
7707: 7790,7789,7624
7539: 7452,7540,7624
10038: 9966,10041,9957,3239,3535
1042: 1043,1118,967
1043: 1042,968,1044,1120
1044: 1120,1045,1043
1045: 1044,1046,1122
1046: 1045,1047,1122
1047: 1048,972,1046,1124
1048: 1047,973,1049,1124,1125
1049: 1048,973,1125
9862: 9286,9845,9997,9742,9970,9671
6455: 6359,6456,6550,6551
1052: 1129,977
6303: 6205,6302,6206
6261: 6262,6358,6163,6164,6260,6357
9721: 9751,9959,9718,9929
6652: 6651,6746,6556,6557,6653
1057: 982,1133,1134,981
7877: 7796,7876,7878,7958,7956
8146: 8145,8222,8223
1060: 1061,1137,910,1136
1061: 1060,1137
7309: 7396,7220
6441: 6249,6344,6346,6537,6439,6442
6216: 6118,6215,6313,6119
6487: 6582,6583,6392,6488
1066: 990,1067,1142
1067: 1068,992,1066,1144
1068: 1067,992,1069,994,1144,1145
1069: 994,1068,1145
7888: 7806
1071: 996,997,1225,1148
6847: 6939,6753,6846
1073: 999,998,997,1148,1149
9890: 9897,10028,9921
1075: 1152,1076,1000,1229,1230
1076: 1152,1075,1000,928,1078,1003
9066: 9148,9109,9106,9065,9108
1078: 1079,929,1003,1152,1076,1155
1079: 929,1078,1234,1004,1155,1233
1080: 859,1234,1004,1005,1081,1236
1081: 1007,1080,1005,1236,1082,1159
1082: 1159,9481,1081,1007,1009
1083: 1159,1396,1236,9254
6270: 6173,6172
7932: 8093,8013,7850,7851,8171
9571: 9556,9317,10003,9982
1087: 1163,1011,9715,1162,1010
6392: 6295,6391,6487
1089: 9986,1167,9774,9747
8272: 8271,8197,8198,8273,8346
9607: 6813,9377,7083,9308,9638
1092: 9576,865,1170,1250,1251,9283
6132: 6130,5936,5937,6037,6133,6231
9583: 5542,5641,9452,5543,9249,9360
1095: 794,941,1174,942,1253,1254
1096: 1097,1175,943,944,1021,1019
1097: 1258,1096,1175,1021,1178,1259
9322: 9445,14,9287,9403,65,37
7562: 7475,7561,7646,7563
8083: 8084,8238,8082,8004,8161
8869: 8627,8813,8812,8976
9512: 9543,9540,7262,7000,9406,7178
7834: 7835,7751,7915
9452: 9583,5641,9360,9678,5742
1105: 1183,1028,1106,1029
1106: 1029,1105,1185
8889: 9043,8995,8888,8772,8890,8943
1108: 1031,1187
8369: 8368,8296,8370,8440
1110: 1033,1034,1111
1111: 1034,1110,1035
7599: 7512,7600,7598,7682,7767
8578: 8579,8644,8645
7364: 7276,7277,7451,7452
1115: 1116,1038,1193
1116: 1115,1117
1117: 1116
1118: 1042,1196,1197
9514: 9321,9388,9264,9488,9812
1120: 1044,1043,1198
6249: 6248,6441,6344,6346
1122: 1201,1045,1046
7200: 7288,7289,7110,7199
1124: 1203,1202,1125,1047,1048
1125: 1124,1203,1048,1049,1204
8223: 8146,8222,8298
1127: 
7408: 7321
1129: 1130,1052,1207
1130: 1129,1131
1131: 1132,1130,1210
1132: 1131,1133,1210,1211
1133: 1057,1134,1132,1211,1212
1134: 1057,1133,1135,1212,1213
1135: 1136,1134,1213
1136: 1135,1060,1137,1215
1137: 1060,1061,1136,1215,1216
9345: 147,73,9791,9775,148,149
8373: 8300,8374,8372,8444
1140: 
1141: 1220,1142
1142: 1220,1066,1141
8108: 7870,7951,8029,8031,8259
1144: 1303,1067,1068,1145
1145: 1304,1068,1069,1144
7394: 7393,7481
6626: 6720,6721,6433,6531,6529,6624
1148: 1227,1071,997,1073,1149
1149: 1229,1228,1073,1227,1148
9777: 4639,4740
6557: 6462,6558,6556,6461,6652,6653
1152: 1076,1075,1078,1230,1155
9956: 9830,9856,9586,9674
9447: 7938,9434,8018,9373
1155: 1233,1152,1079,1078,1312
9690: 9695,9944,9763
9958: 9380,9746,9757,9818
6390: 6293,6389,6391
1159: 1082,1083,9481,1081,1236
1160: 9250,933,1161,1240
1161: 1162,864,933,1160,1240,1241
1162: 1161,864,1010,1163,1087,1241
1163: 9722,1087,1162,1241,9296
9589: 9809,9273,9326,9923,9383
8830: 8829,8886,8831,8888,9043,9127
8838: 8837,8839,8779,8895
1167: 1089,9986,9747,1013,1169
8990: 8938,8991,8989,8884,9038,9039
1169: 1250,1170,1167
1170: 1013,939,1092,865,1169
8727: 9260,8593,8662,8594,9623
9326: 9589,9273,29,92,9383,93
7092: 7002,7004,7001,7091,7181,7180
1174: 1019,1255,942,1095,1336,1254
1175: 1258,1097,1096,1019,1255,1256
7321: 7408
8453: 8452,8382,8454,8522,8523
1178: 1179,872,1021,1097,1259
1179: 948,872,1178,1259,1261
1180: 1025,948,1261
8293: 
9357: 1238,9342,1649,9397,1565,1318
1183: 1263,1105
6451: 6356,6450,6546,6547
1185: 1106
1186: 
1187: 1108
1188: 
7276: 7275,7364,7277
9140: 9407,9102,8968,9017,9018,9141
9975: 9725,9817
1192: 1193,1272
1193: 1192,1115
6643: 6642,6547,6548
6896: 6708,6803,6706,6801,6989,6990
1196: 1276,1118,1197,1277
1197: 1198,1278,1277,1118,1196
1198: 1197,1278,1120
7790: 7707,7789,7791,7870,7951
7328: 7327,7239,7416,7240
1201: 1281,1282,1122,1202
1202: 1124,1203,1283,1201,1282
1203: 1124,1283,1202,1125,1284,1204
1204: 1285,1203,1125,1284
9089: 9045,9297,9317,9090,9132,9046
6498: 6593,6499,6403
1207: 1129
9263: 9460,9461,9393
9475: 6989,6894,7081,9384,9511
1210: 1290,1291,1132,1131,1211
1211: 1212,1132,1133,1210,1291
1212: 1211,1133,1134,1213
1213: 1134,1135,1212
7237: 7238,7325,7147,7148
1215: 1216,1136,1137,1295
1216: 1215,1296,1137
9875: 9795,9740,9271,9344,9904,9649
8451: 8450,8379,8380,8452,8521
10031: 10012,9880,9977,9779,9753,9714
1220: 1142,1141,1300
9966: 9978,10038,3535,9927
9839: 10042
6997: 6998,7086,6906,6815,6723,7085
8821: 8984,8876,8701,8820,8878
1225: 1305,1071,1306
7639: 7638,7555,7723
1227: 1306,1148,1228,1149,1307
1228: 1229,1149,1227,1307,1309
1229: 1228,1149,1075,1309,1230
1230: 1392,1229,1152,1075,1309,1391
9462: 9489,9797,10000,9422,9442,9256
7542: 7456,7543,7455,7625,7627
1233: 1155,1079,1234,1395,1314
1234: 1080,1004,1079,1233,1314
9141: 9063,9018,9140,9407,9105,9444,9563
1236: 1314,1080,1081,1159,1083
8687: 8748,8808,8686,8624,8625,8688
1238: 9357,1316,9397,1563,1399
9313: 9502,9403,9433,9526,9330,9287
1240: 1321,1241,1242,1161,1160
1241: 1240,1242,1161,1162,1163,9443
1242: 1321,1240,1241,9443,1404
1243: 9246,9761
1244: 1408,9717
9556: 9571,9629,9297,9317,10005
1246: 1494,1410
1247: 1580,1329,1411,9579,1579
1248: 9542,1497,9361,1331,1583,1414
10023: 2661,9965
1250: 1169,9361,1092,1331,1251
1251: 1331,866,1332,9283,1092,1250
7151: 7152,7150,7060,7240,7241
1253: 1418,1417,1334,1095,941,1254
1254: 1419,1336,1095,1174,1253,1418
1255: 1019,1174,1175,1336,1338,1256
1256: 1338,1422,1340,1255,1258,1175
8917: 8970,8865,9018,8807,8968,8916
1258: 1097,1175,1341,1259,1340,1256
1259: 1341,1179,1178,1258,1097
7478: 7390,7479,7565,7564
1261: 1179,1180
8311: 8386,8236,8310,8457,8526
1263: 1183,1344
8126: 8047,8125
8009: 8468,8008,8087
9090: 8891,8943,8945,9089,9045,9046
8178: 9953,8101,9687,8025,8182,8103
7954: 7875,7953,7876,8112,8033,7956
8336: 8408,8264,8474,8262,8189,8188
1270: 1351,1352
8185: 8259,8260
1272: 1192
9643: 9936,9508,9310,9402,9354
9548: 9615,9242,9387,9672,9863,9507
9846: 9885,9738
1276: 1196,1277,1357,1358
1277: 1197,1278,1196,1276,1358,1359
1278: 1197,1198,1277,1359
8721: 8658,8843,8782,8657,8842
1280: 1281,1362
1281: 1201,1282,1280,1362,1363
1282: 1201,1281,1283,1202,1363,1364
1283: 1203,1202,1284,1282,1364
1284: 1203,1283,1204,1285,1366
1285: 1204,1286,1284,1366,1367
1286: 1285,1367
8449: 8304,8378,8450,8519
7996: 7915,8075,8076
9395: 9712,9505,9344,9740
1290: 1210,1291,1371
1291: 1210,1290,1211,1373
9601: 9724,9860,9309,6991,9575,9511
6297: 
9343: 9614,5846,9471
1295: 1215,1376
1296: 1216,1297,1377
1297: 1296
1298: 
7216: 7127,7217,7304,7305
1300: 1381,1220
9505: 8791,9344,8729,9359,9712,9395
1302: 1303,1383,1384
1303: 1144,1302,1304,1384
1304: 1305,1145,1303,1386
1305: 1225,1304,1306,1386,1387
1306: 1227,1305,1225,1387,1388
1307: 1388,1227,1228,1390
8143: 8144,8220,8064,8065,8142,8219
1309: 1390,1391,1229,1228,1230
6283: 6282,6185,6284
6515: 6421,6516,6420,6514,6419
1312: 1392,1155,1476
6198: 6100,6101,6295
1314: 1395,1396,1236,1234,1233
9408: 5144,5247,9482,9302,5044,9574
1316: 1562,1480,9409,9397,1563,1238
8383: 8455,8454,8310,8382,8526
1318: 1820,1399,9357,1649
1319: 9279,9250,1321,1483
6135: 9432,9341,6038,9401,9911,9644
1321: 1240,1242,1319,1483,1403
8659: 8658,8592,8593,8661,8844
7670: 7753,7586,7669
1324: 1406,9700,9761,1488,1405,1572
7190: 7100,7101,7191,7278,7279
1326: 9730,1408
1327: 1493,1410
6628: 6534,6815,6723,6437,6438,6627
1329: 1666,1580,1247,9579,9327,1412
6246: 6244,6148,6341,6342,6248
1331: 1251,1332,1250,9361,1248,1414
1332: 1331,1251,866,1414,1334
6706: 6705,6799,6610,6896,6708,6801
1334: 1253,1417,866,1332,941,1414
6201: 6299,6298
1336: 1419,1420,1254,1174,1255,1338
9045: 9089,9297,8995,9090,8943,9600
1338: 1421,1422,1256,1255,1336,1420
6381: 6284
1340: 1422,1256,1258,1341,1507,1506
1341: 1259,1258,1340,1507
6604: 6700,6605,6508,6603
9519: 9135,9285,9340,9594,9173
1344: 1263,1427
1345: 
1346: 1428,1347
1347: 1346
9468: 9991,9676,9439,9473
1349: 1350
1350: 1351,1349
1351: 1350,1270,1352
1352: 1270,1351
9193: 9160,9161,9162,9122,9219,9239
9295: 9247,9528,9758,9918,91
9276: 408,467,9270,9830,529,9674
6286: 6188,6383
1357: 1358,1276
1358: 1357,1276,1277,1359
1359: 1278,1277,1358
7922: 7921,8002,8082,7841,7923
9207: 8924,9069,9467,9208,9478
1362: 1444,1280,1281,1363
1363: 1446,1281,1282,1362,1364
1364: 1282,1283,1363,1446
9338: 9537,116,9446,159
1366: 1367,1449,1284,1285
1367: 1366,1449,1286,1285
9012: 9013,9059,9014,9492
1369: 1451
7008: 6917,7007,6918,7009,7098,7099
1371: 1290
6695: 6599,6696,6790
1373: 1374,1456,1291
1374: 1373,1456,1375
1375: 1376,1374
1376: 1375,1295
1377: 1459,1296
9596: 9497,9368,9971
8404: 8259,8403,8260,9436,9534,8333
1380: 1381,1463
1381: 1464,1463,1300,1380
9437: 9353,9592,9336,9893
1383: 1302,1384
1384: 1467,1302,1303,1383
7965: 8044,7884,7885
1386: 1387,1468,1469,1305,1304
1387: 1386,1469,1305,1306,1388
1388: 1307,1306,1387
8176: 8175,9842,9683,8097
1390: 1309,1391,1307,1472,1473
1391: 1309,1390,1392,1230,1473
1392: 1312,1230,1391
9561: 7777,9508,9667,10019
9274: 9299,9253,7428,7858,7516,9631
1395: 1396,1314,1233,1477,1561
1396: 1395,1314,1083,1561,1480
6408: 6504
10028: 3834,3934,9825,9897,9890
1399: 1732,1563,1238,1819,1318
9302: 9408,5247,9574,9808,5347,9604
9521: 9483,9282,4232,4336,4437,9269
8072: 7992,8150,8151
1403: 1568,1483,1321,1487,1404
1404: 1487,1405,1242,9443,1403
1405: 1487,1488,1404,9761,1324
1406: 9700,1324,9606,1573,1572
7436: 7435,7348,7349,7437
1408: 1244,9730,1326
7129: 7128,7038,7130,7219,7039
1410: 1493,1578,1327,1246
1411: 1494,1664,1579,1247
1412: 9542,1497,9327,1666,1329,1582
9277: 9420,9640,9618,9378,9686
1414: 1583,1499,1331,1332,1248,1334
6526: 6335,9872,9964,6527,6528
6327: 6326,6423,6231,9278,6328,6425
1417: 1253,1418,1334,1499,1500
1418: 1253,1417,1419,1254,1500,1502
1419: 1336,1420,1254,1418,1502,1503
1420: 1419,1336,1421,1338,1504,1503
1421: 1338,1422,1420,1504,1589,1505
1422: 1421,1338,1340,1256,1506,1505
9809: 9589,9273,9933,9923
9415: 794,941,9637,9251,866,9283
1425: 1509
7469: 7470,7556,7555
1427: 1428,1344,1510,1511
1428: 1346,1427,1511,1512
8198: 8199,8121,8197,8272,8273
9779: 7523,7347,9977,10031,9753
9329: 44,9950,9837,9565,9487,9416
7905: 7985
7865: 7946,7867,7864,7785,7942,7944
9033: 9079,9120,8984,8932,8983,9032
9460: 9263,9782,9580,10040,9393
1436: 1520,1437
1437: 1520,1436,1438
1438: 1522,1439,1437
1439: 1522,1438
7146: 7147,7056,7055
8008: 8006,8086,8009,8087
7988: 7907,7989
1443: 1444,1526,1527
1444: 1362,1443,1527
6149: 6052,6148,6248
1446: 1363,1364,1529
7673: 7756,7757,7674
7037: 7128,7038,6945,7036,7127
1449: 1366,1367,1532,1533
9224: 9166,9664,9802
1451: 1535,1369
9869: 9974,41,42,9806,9487
9497: 9106,9175,9584,9368,9596
7295: 7296,7207
6412: 6315,6316,6413,6508
1456: 1373,1374,1539
9708: 9813,9720,9715,9903,9722
8679: 8799,8740,8741,8550,8483,8616
1459: 1377,1542
6629: 6534,6723,6535,6724,6998
1461: 1545
9469: 7082,6991,9494,9801,9417,9309
1463: 1464,1381,1380,1547
1464: 1381,1463,1547,1548
8013: 8093,7932,7934
9658: 9941,9873,9901,6139,9872
1467: 1384,1468
1468: 1386,1469,1467
1469: 1386,1387,1468,1553
6439: 6535,6537,6438,6441,6344,6534
9860: 9724,9601,9575,7169,7170,9696
1472: 1556,1473,1390,1555
1473: 1556,1472,1557,1390,1391
9325: 9398,9261,9476,9463,9364,9608
9489: 9462,9797,9256,4339,9331,4338
1476: 1477,1312
1477: 1644,1476,1395,1561
9071: 9112,8980,9027,9379,9028
6733: 6638
1480: 1561,1562,1316,1396,9409
7434: 7521,9880,7609,7608,10009
1482: 1565,1566,1483,9342,1651
1483: 1568,1403,1321,1319,1482,1651
6614: 6805,6804,9847,6520,10016,6615
7669: 7668,7670,7753
1486: 1487
1487: 1488,1405,1404,1568,1403,1486
1488: 1487,1405,1324,1571,1572
7956: 8114,7954,7877,7876,8112
7839: 7921,7756,7757,7838
7828: 7910,7909
1492: 9765,9677,1493,1578,1576
1493: 1410,1578,1327,1492,9677
1494: 1411,1246,1578,1663,1664
6239: 5951,6047,9455,9394,5754,5949
9858: 9996,9794,9827,9811
1497: 9542,1412,1248,1583,1582,1669
6612: 6708,6803,6516,6611,6517,6709
1499: 1583,1414,1417,1584,1500
1500: 1502,1499,1418,1417,1584
9392: 4436,4431,4333,9269,9483,9633
1502: 1500,1418,1419,1503,1587
1503: 1504,1587,1419,1420,1502
1504: 1761,1503,1420,1421,1589
1505: 1676,1589,1421,1422,1506,1677
1506: 1592,1507,1422,1340,1505,1677
1507: 1592,1506,1341,1340
9802: 9507,9558,9224
1509: 1510,1594,1593,1425
1510: 1509,1594,1427,1511,1595
1511: 1512,1595,1427,1428,1510
1512: 1511,1428,1513,1597
1513: 1597,1512,1514
1514: 1515,1599,1513
1515: 1514,1599,1600,1516
1516: 1515,1600
8213: 8136,8137,8288
1518: 
6720: 6721,6626,6906,6624,6813,7083
1520: 1605,1604,1437,1436
7504: 7505,7591,7416,7417,7503,7675
1522: 1438,1439
6481: 6385,6386,6480
1524: 1608,1525,1609
1525: 1526,1610,1609,1524
1526: 1525,1610,1443,1527,1611
1527: 1612,1611,1444,1443,1526
9376: 9484,9413,9346,8539,9426
1529: 1613,1446
10010: 1929,10001,9822,9810,9244
9483: 9282,9521,9269,9392,9633,9459
1532: 1533,1617,1449,1616
1533: 1532,1617,1618,1449
7783: 7785,7702,7701,7864
1535: 1619,1451,1620,1705
7931: 8010,7682,7767,8170,8012
1537: 1538,1622
1538: 1622,1623,1537,1539
1539: 1456,1538,1623
8879: 8878,8932,8933,8823,8880
1541: 1542,1626,1625
1542: 1541,1626,1459
1543: 
9258: 9573,9538,9498,9513,9723,9412
1545: 1629,1630,1461
7711: 7627,7628,7794,7875
1547: 1631,1464,1463,1548
1548: 1549,1633,1464,1547
1549: 1548,1633,1634
7522: 7692,7520,7433,9977,7609,7523
9968: 5646,5545,9549,9909
7431: 7691,9627,7164,7344,7692
1553: 1469
9735: 10022,9952,8393,8603
1555: 1556,1472
1556: 1472,1473,1557,1555,1726
1557: 1556,1473,1642,1726
9732: 41,39,9850,68,42
7973: 7974,8053,7892
6705: 6706,6799,6610,6609,6607,6703
1561: 1562,1480,1395,1396,1477
1562: 1561,1480,1316,1731,1563
1563: 1731,1732,1399,1562,1316,1238
9421: 9642,9496,9707,9655,9371
1565: 1566,1482,9357,9342,1649
1566: 1565,1482,1736,1651,1822
7621: 7704
1568: 1483,1403,1487,1651,1569
1569: 1736,1651,1568,1738
8995: 9043,8889,8943,9088,9600,9045
1571: 1738,1739,1488,1656,1572
1572: 1573,1656,1488,1406,1324,1571
1573: 1656,1657,1572,1406,9606,9389
10032: 9422,9591,9994,9582,9375,9947
8079: 8080,7999,8234,8158
1576: 1492,1662
6560: 6464,6561,6656
1578: 1493,1410,1492,1494,1663
1579: 1664,1836,1752,1411,1580,1247
1580: 1666,1840,1247,1329,1579,1752
6809: 9725,9817,6620,6716
1582: 1755,1754,1669,1497,1412,1666
1583: 1499,1414,1497,1248,1669,1584
1584: 1756,1583,1499,1669,1500
6638: 6637,6733
9253: 9299,9274,9636,9631,9517
1587: 1760,1503,1759,1502
9745: 793,10008,9882
1589: 1762,1676,1505,1421,1761,1504
8282: 8356,8208,8207
8696: 8697,8567,8757,8695,8979
1592: 1507,1506,1593,1677
1593: 1509,1594,1592,1679
1594: 1509,1510,1593,1595,1679
1595: 1511,1510,1594,1681
6547: 6643,6642,6548,6451,6546
1597: 1513,1512,1682
9564: 9504,9307,9560,9613,9610,9546
1599: 1514,1515,1600
1600: 1515,1599,1516
9166: 9224,9168,9167
1602: 1687,1688
6811: 6527,6622,6623,6994,6904
1604: 1520,1605
1605: 1520,1604,1691
9458: 7697,7615,9310,7779,9354,9550
9342: 9357,9320,9397,1565,1482
1608: 1524,1609,1693,1694
1609: 1525,1610,1608,1524,1694
1610: 1525,1526,1609,1611
1611: 1527,1612,1526,1610,1697
1612: 1527,1611,1613,1697,1698
1613: 1529,1612,1698,1699
9157: 9236,9077,9237,9031,9032,9190,9216
6656: 6560,6561,6657
1616: 1532,1617,1701,1702
1617: 1532,1533,1618,1616,1702,1703
1618: 1533,1617,1619,1703,1704
1619: 1535,1618,1704,1705
1620: 1535,1705,1706
9486: 9289,9705,9390,9534,9729,9928
1622: 1538,1623,1537,1707
1623: 1538,1622,1539,1709
7559: 7643,7472,7558
1625: 1541,1626,1710,1711
1626: 1541,1542,1625,1711
7032: 7123,7033,6941,7122
1628: 1629
1629: 1545,1630,1628
1630: 1545,1629,1631,1716
1631: 1547,1630,1716,1717
8677: 8739,8678,8614,8613,8738
1633: 1548,1549,1634,1718
1634: 1549,1633
6843: 6749,6844,6935
9243: 9242,9387,9125,9194,9163
7485: 7571,7398,7484
1638: 1723
9929: 9348,9718,9721
9348: 9266,9718,9523,9929
7449: 7619,7618,7361,7275,7450
1642: 1557,1727
6527: 9964,6622,6811,6526,6528,6623
1644: 1477,1729
9723: 9412,9646,9513,9258
8075: 8076,8154,7996,8074
9749: 9546,9827,9811,9567,9615,9863
9848: 10019,9884,9710
1649: 9357,1565,1820,1318,1821
8746: 8683,8744,8621,8685,8805,8861
1651: 1736,1569,1568,1483,1566,1482
7630: 7713,7545,7631
8522: 8590,8589,8523,8452,8453,8521
8932: 8879,8878,8933,8984,9079,9033
7761: 7677,8006
1656: 1573,1657,1572,1739,1571,1740
1657: 1573,1656,9389,1741,1740,9554
1658: 9859,9554,1741,1828,1829
1659: 9816,1919,1831
6302: 6303,6204,6205,6398
7953: 7875,7954,8032,7952,8033
1662: 1663,1749,1576
1663: 1749,1662,1578,1494,1664
1664: 1836,1579,1494,1411,1663,1749
9318: 9558,9501,9128,9960,9664
1666: 1840,1580,1329,1412,1582,1754
9612: 9770,10004,9257,9405,727,9551
9824: 9199
1669: 1755,1582,1497,1583,1756,1584
9203: 9135,9285,9133,9170,9752,9857
7194: 
7000: 6909,7262,9512,7001,7091,7178
9520: 3334,3236,9516,3235,9713,3335
6671: 6672,6766,6575,6576
9700: 1406,1324,9761,9717,9709
1676: 1762,1589,1505,1764,1677
1677: 1764,1592,1506,1676,1505
9750: 9001,9094,9052,9340,9594,9293
1679: 1766,1594,1593
8880: 8987,8881,8823,8824,8879,8933
1681: 1682,1767,1595
1682: 1681,1597,1769
9510: 2569,2476,9532,2474,9286,9997
8898: 9005,9004,8842,8841,9055
7428: 7340,7427,7858,9274,7515,7516
8020: 8021,7942,9499,7941,8099
1687: 1773,1602,1688
1688: 1602,1687
7427: 7340,7428
6401: 6305
1691: 1777,1605,1778
9792: 9776,10006,9992,9941,9873
1693: 1694,1608,1779
1694: 1693,1608,1609
6215: 6118,6216,6313,6214,6117
6783: 6784,6688,6782
1697: 1698,1784,1612,1611
1698: 1697,1784,1612,1613,1699
1699: 1613,1698
9931: 9888,9949,1923
1701: 1787,1702,1616
1702: 1701,1616,1617,1703
1703: 1617,1618,1702,1704
1704: 1790,1618,1619,1703
1705: 1619,1535,1620,1706
1706: 1707,1793,1620,1705
1707: 1706,1793,1622
9517: 7608,9253,9631
1709: 1710,1623
1710: 1709,1797,1625,1711
1711: 1625,1626,1710,1797
6432: 6337,6433,6336,6335,6529,6528
8624: 8686,8421,8490,8687,8625
9018: 8917,8970,8968,9140,9063,9141
8743: 8914,8913,8801,8744,8682,8857
1716: 1630,1631,1717,1803
1717: 1804,1803,1631,1716,1718
1718: 1805,1633,1804,1717
9399: 725,869,9819,9500,9382,868
9730: 1408,1326
1721: 1722
1722: 1723,1721
1723: 1722,1810,1638
8593: 8727,8592,8659,8661
9994: 9422,10032,9947,9870,9838,10000
1726: 1556,1557,1727
1727: 1642,1726
7049: 6957,7050,7139
1729: 1816,1644,1815
6307: 6403,6209,6308
1731: 1732,1563,1562,1817
1732: 1731,1563,1399,1817,1818,1819
9906: 9896,10020,10016,9914,9898
9573: 9538,9258,9412,9352,4742,4843
8165: 8163,8164,8242,8241
1736: 1651,1569,1566,1822
6338: 6241,6243,6240,6337,6434,6339
1738: 1739,1571,1569,1825
1739: 1738,1571,1656,1825,1826,1740
1740: 1827,1741,1739,1656,1657,1826
1741: 1827,1828,1740,1657,1658,9554
8119: 8120
9085: 9126,9165,8886,9040,9127,9130
6183: 6086,6280,6182,6085
1745: 1921,2009,1919
9248: 343,9590,9366,9430,239,396
1747: 2111,2110,9261,2020,9364
9961: 9267,10021,9389,9859,9554,9731
1749: 1663,1662,1664,1836
7475: 7562,7388,7474,7561
6967: 6875,6966,6874,7058,7059
1752: 1836,1579,1580,1838
9813: 9708,9720,9722,9335,9645
1754: 1755,1582,1666,1840,1929,1841
1755: 1582,1754,1669,1756,1841,1842
1756: 1584,1755,1669,1844,1842
8638: 8702,8570,8639,8701,8700
1758: 1846,1759,1844,1933
1759: 1587,1846,1758,1847
1760: 1761,1587,1847
1761: 1760,1504,1762,1589,1849
1762: 1676,1589,1761,1849,1850
8394: 8395,8466,9963
1764: 1677,1676,1851,1852
1765: 1766,1852,1853
1766: 1679,1765,1767
1767: 1681,1766,1855
7642: 
1769: 1682,1857
9331: 9522,4438,9799,9489,9797,4338
1771: 1772
1772: 1771,1773
1773: 1687,1772,1861
6351: 6350,6447
7066: 6974,7067
9529: 9943,9638,9362,9377
1777: 1691,1778,1864
1778: 1777,1691
1779: 1693,1867
6780: 6781,6874
8145: 8146,8222,8066,8144,8221
1782: 1870
7467: 7380
1784: 1697,1698
9940: 10002,9788
8663: 8596,8790,8597,8662,9623,9616
1787: 1701
9790: 9759,9704,9796
6517: 6426,6422,6516,6612,6709,6519
1790: 1704,1791,1878
1791: 1790,1878
6920: 6919,6921,6828,7011
1793: 1706,1707
6615: 9898,6617,10016,6614,6805,6711
9119: 9214,9074,9236,9077,9234,9235
6627: 6721,6436,6531,6437,6815,6628
1797: 1710,1711,1884
6820: 6728,6821,6912,6632,6725,6631
9628: 9623,9616,9271,9260,9419,9904
1800: 
9332: 9374,9425,3536,9772,9396,9620
8616: 8680,8483,8679,8741
1803: 1804,1717,1716,1890
1804: 1717,1803,1718,1805,1892
1805: 1718,1806,1804,1892,1893
1806: 1805,1893,1894
9692: 9097,9786,9893
6464: 6560,6463
7894: 7813,7974
1810: 1723,1897
7224: 7135,7225,7312,7313
1812: 1899
7234: 7145
6139: 9265,6140,9658,6525
1815: 1729,1816,1902
1816: 1729,1817,1815
1817: 1816,1731,1732,1818
1818: 1905,1819,1817,1732
1819: 1905,1818,1732,1399,1906
1820: 1996,1318,1649,1821
1821: 1909,1822,1649,1820
1822: 1909,1821,1566,1736
9642: 154,9421,155,9496,9371,9427
8016: 8095,8096,8015,7935,8017
1825: 1912,1826,1738,1739
1826: 1912,1913,1825,1739,1827,1740
1827: 1741,1828,1740,1913,1826,1914
1828: 1827,1741,1658,1915,1914,1829
1829: 2005,1917,1828,1658
9443: 9246,9296,1241,1242,1404
1831: 2007,2006,9924,1659,1917
9647: 9943,9540,9435,9805,9650,9967
1833: 1921
9296: 9443,9335,9246,1163,9722
1835: 10033,2015,2199
1836: 1664,1579,1752,1749
8767: 8707,8705,8826,8884
1838: 1929,10001,1752,1840
6768: 6674,6767,6769,6862
1840: 1666,1580,1754,1929,1838
1841: 1928,1930,1755,1754,1929,1842
1842: 1844,1931,1755,1756,1841,1930
9255: 9382,9637,9251,9500,9878
1844: 1931,1933,1842,1756,1758
6214: 6117,6215
1846: 1935,1934,1758,1759,1933,1847
1847: 1936,1759,1760,1846,1935
6510: 6606,6414,6605
1849: 1850,1761,1762,1937
1850: 1849,1762,1851,1939
1851: 1852,1940,1939,1764,1850
1852: 1851,1940,1764,1765,1853
1853: 1942,1765,1852,1940,1941
9552: 722,656,9363,9245
1855: 1943,1767
7511: 7510,7598,7336,7425,7512
1857: 1946,1769
7013: 7103,7104,6921,6922,7014
6480: 6576,6385,6481
9226: 9225,10014
1861: 1950,1949,1773,1862
1862: 1950,1861
9854: 9767,9787,9691,9889
1864: 1953,1777
9719: 9821
7465: 7464,7552
1867: 1868,1779
1868: 1867,1957
7484: 7570,7396,7485,7571
1870: 1782
8042: 7962,7963,8120,8121
9574: 9408,9482,9302,9808
1873: 1961,1963
8592: 8591,8524,8593,8658,8659
9850: 9732,68
1876: 
9631: 7603,9274,9253,7516,9517
1878: 1966,1791,1790
9847: 6520,9908,9685,9914,10016,6614
9778: 9831,9386,10022,9952
1881: 1969,1968
9908: 9847,6520,9685,9278,6425,6426
6606: 6607,6703,6510,6605,6797
1884: 1973,1797
9239: 9240,9567,9162,9193,9219,9560
1886: 
1887: 
7081: 7080,6894,9475,9384
9578: 9410,9311,9455,6144,9367,6241
1890: 1978,1803
9264: 9495,9530,9488,9514,9291,9812
1892: 1893,1804,1805,1980
1893: 1892,1806,1805,1894
1894: 1983,1806,1893
9747: 9669,9874,9774,1013,1089,1167
1896: 1897,1984
1897: 1896,1986,1810
9261: 9476,9325,2018,9364,1747
1899: 1988,1812,1987
8607: 8542,8475,8477,9426
1901: 1902,1989
1902: 1901,1991,1815
10036: 9932,10011,9744
9394: 6046,5949,9410,9533,6239,9455
1905: 1818,1819,1906
1906: 1905,1819,1995
7912: 7831,7913,7911,7992,7993
9503: 9294,5343,9562,9429
1909: 1821,1822,1998,1999
8843: 8721,8842,8784,9448,9055
6791: 
1912: 1913,1825,1826,2000,2001
1913: 1912,1826,1827,2001,2002,1914
1914: 2182,1915,1913,1827,1828,2002
1915: 2182,1914,1828,2005
8826: 8766,8705,8765,8767,8882,8884
1917: 2185,1829,9924,1831,2006
8925: 8815,8871,8873,9208,9355,9070
1919: 2009,1745,1659,2008,2010
9121: 9122,9080,9218,9079,9120,9191
1921: 2009,1745,1833
9954: 2190,2100,9451
1923: 2197,2196,9931,9949
6398: 6302
9928: 9729,10024,9486,9390,9733,9484
9911: 9979,9401,6135,9644
9969: 9440,193,9853,9883,9698
1928: 1841,1930,1929,9244
1929: 10010,1838,1840,1754,1841,1928
1930: 1841,1928,1931,1842,2018
1931: 1844,1933,1842,1930,2022,2018
9849: 9726,9861,9701,9648,9666
1933: 1844,1931,1846,1934,1758,2022
1934: 1846,1935,1933,2022,2024
1935: 1846,1934,1936,1847,2024,2025
1936: 1937,1847,1935,2026,2025
1937: 1936,1849,2026,2027
6207: 6109,6110,6206,6305
1939: 1851,1940,1850,2028
1940: 1851,1852,1941,1939,1853
1941: 1940,1853,1942,2030
1942: 1853,1941
1943: 1855,2033
8231: 8306,8155,8154,8232
9112: 8978,9071,9070,9027,9379,9588
1946: 1857,2036
7313: 7314,7401,7224,7225,7312,7400
9038: 9161,8989,9123,8990,9124,9039
1949: 1950,1861
1950: 1861,1949,1862
1951: 1952
1952: 1953,1951
1953: 1864,1952,1954,2043
1954: 1953,2043,2044
9722: 1163,9715,9708,9813,9335,9296
9312: 9426,9733,9413,9951
1957: 1868,2047
7333: 
6483: 6388,6387,6482
1960: 1961,2049,2050
1961: 1873,1960,2050
7314: 7313,7401,7402,7225
1963: 1873
7962: 7963,8042
9534: 9436,9390,8403,8404,9289,9486
1966: 1878,2055,2056
8447: 8584,8650,8376
1968: 1969,1881,2057,2058
1969: 1881,1968,2058
8620: 8486,8554,8553,8619,8683,8621
1971: 2061
8683: 8746,8744,8621,8682,8620,8619
1973: 1884,2063
9679: 9704,9796,9304,9697,3041,3139
6545: 6641,6546,6449,6450,6448
8916: 8915,8968,8806,8805,8807,8917
1977: 1978,2066,2067
1978: 1977,1890,2067
6299: 6201
1980: 1892,2070
7579: 7663,7493
6709: 6519,6897,6517,6803,6612
1983: 1894,1984,2072,2073
1984: 1983,1896,2073,2074
8140: 8216,8061,8062
1986: 1897
1987: 1899,1988
1988: 1899,1989,1987,2078
1989: 1988,1901,2078,2079
8046: 8047,8125
1991: 1902,2080
6227: 6420,6226,6128,6326,6423,6421
9260: 8727,9623,9628,8661,9419
9885: 9846,9754,9738
1995: 1906,1996
1996: 1820,1995
9388: 9321,9514,9557,9365,525,9488
1998: 2087,1909,1999
1999: 2089,2000,1909,1998
2000: 2089,1999,2090,1912,2001
2001: 2002,1912,1913,2000,2090
2002: 2001,1913,2182,1914
8667: 8391,8601,8463,8462,8668
9426: 9312,9413,9376,8611,8607
2005: 2185,1829,1915,2276
2006: 2007,1831,2185,1917,2096
2007: 1831,2188,2006,2008,2096
2008: 2098,2010,1919,2007,2188
2009: 1921,1745,1919,2010
2010: 2008,2098,9451,2009,1919
9487: 9565,9806,9869,9974,9329,9837
7072: 7163,6979,7162,7430
8056: 8134,8135
2014: 2197,2383,2290,2015
2015: 2198,2290,2014,1835,2199
2016: 2294,2107,9619,9608,2109
7149: 7150,7059,7148,7058,7238,7239
2018: 2022,1930,1931,9261,9476
9328: 9814,9935,9569,9262,4134,4234
2020: 2022,2021,1747
2021: 2024,2020,2205
2022: 2020,2018,1931,1933,1934
6416: 6512,6320
2024: 2021,1935,1934,2025
2025: 2026,1935,1936,2024
2026: 2117,2025,1937,1936,2027
2027: 2028,2118,1937,2026
2028: 2119,2118,2027,1939
9498: 4640,9538,9258,9513,9522,4438
2030: 1941,2119
9354: 9402,9499,9310,9458,9643,9550
8227: 8228,8151,8150,8301
2033: 1943
6571: 6475
8601: 8463,8667,8603,9544,8668
2036: 2037,1946
2037: 2036
8866: 8867,8919,8808,8688,8810,8865
9766: 9927,9876,9978
6891: 6890,6797,6982,6892,6984,6983
8764: 8824,8704,8703,8823,8702
9905: 862,9780,9937,863
2043: 2133,1953,1954,2044
2044: 2226,2135,1954,2043
2045: 2136,2135
6420: 6226,6227,6323,6419,6515,6421
2047: 2138,1957
7010: 7100,7009,6919,7101,7011
2049: 2050,2139,1960
2050: 2049,1960,1961
9582: 9396,9375,9597,4036,9591,10032
6275: 6371
10019: 9848,9884,9710,9667,9561
2054: 2055,2145,2144
2055: 2054,2145,1966,2056
2056: 2057,2147,1966,2055
2057: 2056,2147,1968,2058,2148
2058: 2148,1969,1968,2057
8194: 8193,8268,8414
8338: 8479,8408,8264,8265,8339
2061: 2152,1971,2151
6506: 6507
2063: 2154,1973,2153
8846: 9007,8847,8955,8787,8954
2065: 2066,2156
2066: 2065,2156,1977,2067
2067: 1978,1977,2066
7780: 7941,7864,9550,7698,7779
6293: 6196,6389,6390
2070: 2160,1980,2161
8949: 8950,8895,9000,9001,9094
2072: 2073,2163,1983
2073: 2072,2163,1983,1984,2074
2074: 2165,1984,2073
7189: 
7603: 9631,7602,7516,7775,7774
8496: 8497,8631,8426,8630,8694
2078: 1989,1988,2079
2079: 2080,2170,1989,2078
2080: 2079,2170,1991
7842: 7759,7841,7924,7923
2082: 2172,2173
9762: 10030,9789,10003,9752,9857,10039
7225: 7135,7224,7313,7314
9205: 10007,9179
8306: 8231,8232,8307,8379,8380
2087: 1998,2178
7305: 7304,7392,7216,7217,7393
2089: 2178,2000,1999,2090,2180
2090: 2089,2000,2001,2180
6805: 6614,6804,6615,9417,6711
7878: 7797,7879,7877,7796,7958,7959
8418: 8346,8347,8419,8417,8488,8487
7697: 7615,9310,9458,7612,7696,7859
6588: 6493,6683
2096: 2279,2007,2188,2006
9455: 6239,6047,6144,9394,9578,9410
2098: 2008,2010,9451,2188,2280,2189
7107: 7197
2100: 2190,9954
7099: 7100,7008,7009,7098
2102: 2193,2194
9256: 4339,4239,4139,9442,9489,9462
9122: 9080,9121,9218,9160,9193,9219
6344: 6249,6248,6441,6342,6438,6439
2106: 9619
2107: 2388,2016,2109,2201,2389
8134: 8135,8211,8056,8133,8210
2109: 9364,9608,2110,2107,2016,2201
2110: 1747,2111,9364,2109,2201
2111: 1747,2110,2205,2203
7332: 
9761: 1243,9246,9709,1405,9700,1324
8110: 8261,8186,8262,8032,8033,8188
6558: 6462,6463,6557,6653,6654
9933: 27,9923,9809
2117: 2026
2118: 2119,2028,2027,2210
2119: 2028,2118,2030,2210
7915: 7914,7751,7834,7996
9538: 9573,4640,9498,9258,4641,4742
8387: 8458,8386,8160,8388
2123: 2215
6552: 6648,6553,6456,6647,6551
6279: 6376,6278,6280,6375
2126: 
9937: 9780,9840,9905
2128: 2220
8681: 8908,8619,8856,8801,8680,8682
7813: 7894
2131: 2132,2223
2132: 2133,2131,2223,2224
2133: 2043,2132,2224,2225
7342: 7518,7430,7163,7164,7691
2135: 2044,2226,2045,2136,2227
2136: 2045,2227,2135,2228
8257: 8026,8025,8106,8331,8182
2138: 2047,2139,2230
2139: 2049,2138,2230,2231
7917: 7836,7918,7835
9411: 3048,2954,2473,9351,9541
8981: 9030,9028,9029,8929,8980,8982
2143: 2234
2144: 2054,2145,2236
2145: 2054,2055,2144,2236
6767: 6768,6672,6766
2147: 2056,2057,2148,2238,2332
2148: 2058,2057,2147,2332,2240
7911: 7912,7992
6975: 
2151: 2061,2152,2243
2152: 2061,2153,2151,2243,2244
2153: 2152,2063,2154,2244,2245
2154: 2063,2153,2245
6219: 6121,6122,6218,6316,6317
2156: 2065,2066,2248
8219: 8142,8218,8143,8220,8294
9373: 8017,9434,9447
7212: 7122,7123,7299,7300
2160: 2070,2161,2251
2161: 2160,2070,2253
6680: 6585,6681
2163: 2072,2073,2254
9555: 9351,2953,3144,3145,9535
2165: 2074
2166: 
8668: 9544,8601,8667,8792,8730
9168: 9166,9167
9014: 9012,9059,9581,8964,9015
2170: 2079,2080,2262
7867: 7947,7946,7865,7785,7786,7948
2172: 2082,2264
2173: 2174,2082,2264,2265
2174: 2173,2265
6421: 6515,6516,6420,6227,6423,6422
2176: 
9384: 7172,9575,9511,9475,7081,7079
2178: 2089,2087,2270,2180
8093: 8013,7932,8171,9785,8397
2180: 2271,2089,2178,2090,2272
6213: 6212
2182: 1915,1914,2002,2273,2274
8230: 8153,8229,8304,8378
9706: 95,9991
2185: 2005,1917,2006,2276
6546: 6641,6545,6450,6451,6642,6547
9951: 10024,9733,9312
2188: 2007,2008,2098,2096,2280
2189: 2280,2098,9451,2190
2190: 2100,9954,9451,2189
8459: 8529,8458
2192: 2284,2193
2193: 2194,2285,2102,2192,2284
2194: 2193,2285,2286,2102,9682
2195: 2288,9949,9682,2286,2380
2196: 1923,2197,2383,2288,9949,2382
2197: 1923,2196,2383,2014
2198: 2290,2478,2015,2385,2199,2384
2199: 2385,2293,1835,2198,2015
9838: 9689,9870,9994,10000
2201: 2202,2389,2109,2110,2107
2202: 2390,2201,2203,2391
2203: 2204,2111,2202,2392
2204: 2205,2203,2392
2205: 2204,2021,2111
9493: 9268,645,9358,9577,518,580
2207: 2208,2300
2208: 2300,2207
6797: 6890,6891,6892,6606,6703
2210: 2303,2119,2118
9959: 9721,9751
2212: 2305
9598: 20,49,19,9547,9275
8218: 8142,8219,8292
2215: 2308,2123
6154: 
7767: 7850,7599,7931,8012
2218: 2311
7269: 7179,7182,7180,7355,7268,7270
2220: 2128
6688: 6593,6783
9463: 9619,10033,9659,9398,9325,9608
2223: 2131,2132,2224
2224: 2317,2225,2133,2132,2223
2225: 2224,2317,2133
2226: 2044,2135,2227
2227: 2136,2226,2135,2228
2228: 2321,2136,2227
7701: 7619,7618,7617,7698,7783
2230: 2322,2138,2139,2231
2231: 2324,2139,2230
8405: 8333,8538,8261,8262,8474
8829: 8886,8885,8830,8769,8770,8831
2234: 2326,2143,2420
8211: 8134,8135,8210,8286
2236: 2329,2145,2144
9986: 1089,1167,9572,9630
2238: 2332,2147
9403: 9502,9313,9322,9287,37,181
2240: 2333,2148,2332,2241
2241: 2240,2333
7156: 7155
2243: 2244,2336,2151,2152,2335
2244: 2243,2336,2153,2152,2245
2245: 2153,2154,2244
6165: 6068,6164,6067,6262,6263
6164: 6067,6163,6165,6261,6262
2248: 2340,2156,2249,2341
2249: 2341,2342,2248
2250: 
2251: 2344,2343,2160
8135: 8134,8211,8056,8136
2253: 2345,2161,2254
2254: 2163,2253
7937: 7855,8018,7938
8234: 8309,8079,8158
6436: 6434,6339,6531,6437,6341,6627
9997: 9286,9862,2381,9742,2474,9510
9361: 1250,1331,9542,1248,9630
9774: 9899,9747,9874,1089
9278: 9432,6328,6327,6425,9908,9685
2262: 2170
7389: 7301,7388,7302,7390
2264: 2172,2173,2265,2357
2265: 2357,2173,2174,2264
7336: 7425,7248,7511
8386: 8458,8311,8387,8160,8236,8457
9877: 9266,9718,9280,9670,4940,9751
9661: 9767,9438,9407,9660,9444
2270: 2271,2363,2178,2362
2271: 2270,2363,2180,2272,2364
2272: 2273,2364,2271,2180
2273: 2272,2366,2182,2274
2274: 2367,2182,2273,2366
9446: 157,9803,9537,9338,158,159
2276: 2185,2005,2369
7124: 7125
8630: 8426,8495,8496,8694
2279: 2096
2280: 2189,2188,2098
9984: 9828,9456,9681,9844
9481: 1082,1159,9250,9254,9279
7855: 7773,7854,7937,8018,7936
2284: 2192,2193,2285
2285: 2193,2194,2286,2284
2286: 2194,2285,2195,2380
7521: 7434,9627,7692,7609
2288: 2195,2196,2381,2380,2382
6413: 6316,6317,6414,6508,6412
2290: 2198,2478,2015,2383,2014,2477
6525: 6335,9872,6139,6140,9490
8333: 8405,8538,8260,8404,8261,9436
2293: 2385,2199,2294,2481,2387
2294: 2388,2016,2293,2387
7259: 7170,7348,7258,7169,7347,7435
7587: 7501,7586
9861: 9726,9784,9849,5742
6512: 6416,6418,6609,6607
7352: 7353,7440,7611,7175,7526,7610
2300: 2208,2394,2207
6226: 6420,6227,6127,6128,6323
9895: 9780,792,9882,9840,723,791
2303: 2210
9793: 48,47,9782,9907
2305: 2212,2398
8685: 8622,8806,8805,8555,8746,8621
7419: 7331
2308: 2215,2309,2401
2309: 2308,2403
9182: 9153,9229,9209,9754
2311: 2218
6801: 6894,6893,6706,6799,6896,6989
6957: 7049,6956
2314: 2407
9894: 9088,9600,9130,9629,9128,9960
6782: 6781,6783,6875
2317: 2224,2225,2410,2411
9892: 9634,9061,9102,9800,9787,9438
7682: 7765,7931,7598,7599
7452: 7539,7364,7451
2321: 2228,2322
2322: 2230,2321
6867: 6866,6773,6960
2324: 2231,2325
2325: 2326,2324
2326: 2234,2325,2420
7002: 7004,6911,6910,7092,7001,7003
7659: 7743,7742
2329: 2236,2422,2423
7283: 7284,7195,7371
7026: 6934,6935,7027,7117
2332: 2238,2147,2148,2240
2333: 2240,2241,2427
6661: 6755,6849,6662,6756
2335: 2243,2336,2429
2336: 2243,2244,2335
2337: 
6760: 6761,6665,6759,6854,6853
9840: 9780,9895,9882,10008,9937
2340: 2248,2434,2341
2341: 2249,2342,2340,2248,2434
2342: 2249,2341,2436,2343
2343: 2344,2251,2342,2436
2344: 2251,2343,2345
2345: 2253,2344
6350: 6351,6349
8391: 8463,8667,8242,8318,8241,8462
9319: 9624,9333,9585,9913,2372,2464
9365: 588,525,9388,589,527,9488
2350: 
8584: 8447,8650,8716,8715
2352: 
9450: 9234,9976,9235,9545,9739,9828
6555: 6460,6554
8026: 8257,8025,7945,7947,7946,8106
8087: 8242,8088,8008,8468,8009
2357: 2265,2264
9439: 34,9676,9468,9527,9473
2359: 
9616: 9623,9628,9271,8663,8790,8791
2361: 2362,2454
2362: 2361,2270,2363
2363: 2270,2271,2362,2552
2364: 2272,2271,2459
8031: 8032,7952,8108,7951,8186
2366: 2273,2274,2367,2459,2460
2367: 2274,2369,2366,2460,2371
9237: 9236,9157,9216,9217,9292,9640
2369: 2367,2276
6456: 6455,6551,6552
2371: 2463,2555,9491,2367,2460
2372: 2745,2652,2558,9319,9624,2464
2373: 2655,2561,2559
2374: 2561,2468
6359: 6263,6455,6262,6358
2376: 2563,9841
9344: 9505,8791,9271,9395,9875,9740
9615: 9242,9548,9240,9567,9749,9863
7472: 7558,7559
2380: 2381,9742,2286,2195,2288
2381: 2380,9742,2288,2382,2474,9997
2382: 2477,2474,2288,2196,2383,2381
2383: 2197,2196,2014,2382,2477,2290
2384: 2571,2573,2198,2478,2385,2574
2385: 2199,2293,2198,2384,2481,2574
7014: 6922,7104,7013
2387: 2483,2293,2388,2294,2576,2481
2388: 2294,2107,2389,2483,2484,2387
2389: 2390,2201,2388,2107,2484,2579
2390: 2202,2389,2391,2579,2485
2391: 2392,2390,2202,2485
2392: 2391,2204,2203
7789: 7707,7790,7705,7788,7870
2394: 2300,2395
2395: 2490,2394
6932: 7023,7024,6933,6931
8209: 8133,8210,8208,8358,8357
2398: 2493,2492,2305
8331: 8106,8258,8257,9289
2400: 2401
2401: 2308,2400
8421: 8490,8420,8422,8624
2403: 2497,2309
7666: 
10004: 9770,9612,796,727
7402: 7314,7401,7490
2407: 2314
8244: 8393,8392,9457,8168,8395
2409: 2503,2410,2504
2410: 2411,2504,2317,2409
2411: 2410,2317,2412
2412: 2411
8513: 8514,8647,8444,8579
9686: 9277,9618
2415: 2416,2510,2509
2416: 2415,2510,2511
6682: 6681,6777,6586,6683
6419: 6418,6514,6323,6321,6420,6515
8666: 8599,8460,8597,8730,8665
2420: 2234,2326,2515
7354: 7442,7528,7265,7266,7527
2422: 2423,2329,2516
2423: 2422,2329,2424,2518
2424: 2518,2423
9108: 9180,9066,9065
8835: 8946,8945,8834,8776,8893,8891
2427: 2333,2428,2522
2428: 2522,2523,2429,2427
2429: 2428,2523,2335,2524
9453: 9477,9290,9622,9303,9509,9852
8786: 8954,9617,8844,8784,8787
9806: 9565,9487,9869,42,9515
9208: 9181,9478,9355,8871,8925,9207
2434: 2340,2341
9648: 9701,9849,9666
2436: 2342,2343,2530
9600: 9088,9894,9629,8995,9045,9297
9866: 10027,9999
2439: 2533,2534
8413: 8412,8550,8268,8414,8483
2441: 2535,2442,2536
2442: 2536,2441
7113: 7112,7022,7023,7114
8138: 8059,8060,8137
10035: 9867,9992,6618,9941,9901
8222: 8145,8146,8223,8221,8296
2447: 2448,2541
2448: 2447
6173: 6270,5978,6076
10043: 9368,9971,9767,9660,9926,9930
2451: 
8291: 8365,8216,8292
2453: 2547,2454
2454: 2549,2361,2453
7027: 7026,6935,7117,7118
9105: 9019,8972,9143,9063,9141,9563
8778: 8837,8587,8716,8779
7571: 7485,7570,7484,7655,7656
2459: 2553,2554,2460,2366,2364
2460: 2459,2554,2366,2367,2555,2371
9323: 9393,207,79,9580,9369,311
9110: 9148,9109,9067,9068,9449,9509
2463: 2555,2371,9491,9624,2650,2558
2464: 2747,9319,2652,2372
6396: 6493
9478: 9208,9355,9207,9467,9290,9252
9225: 9226,10014,9199
2468: 2658,2563,2374,2561,2657
9736: 9829,9760
8032: 7952,8031,7953,8110,8186,8033
9782: 9460,9793,10040,9907
9856: 9843,9586,9956,9934
2473: 9351,2953,9605,2954,9411
2474: 2382,2477,2381,9997,2476,9510
7540: 7455,7625,7624,7367,7539
2476: 2569,9510,2477,2474,2478,2571
2477: 2382,2474,2383,2290,2478,2476
2478: 2198,2290,2477,2476,2571,2384
8945: 8946,8835,9047,9090,8891,9046
7751: 7668,7667,7750,7915,7834
2481: 2576,2574,2385,2293,2387
9635: 655,9245,9530,9291,9363,654
2483: 2578,2672,2484,2387,2388,2576
2484: 2483,2578,2388,2389,2579
2485: 2390,2391,2579,2580
6620: 6993,6716,6809
9546: 9749,9827,9564,9560,9567,9610
8253: 8328,8470,8179,8255,9833
2489: 
2490: 2491,2395,2585,2584
2491: 2490,2492,2585,2586
2492: 2493,2398,2491,2586
2493: 2398,2492,2588
8173: 8250,8325,8095,8096,8249,8175
8979: 8757,8696,8874,8978,9027
6882: 6974
2497: 2403,2591
9917: 9988,9334,9938,9353
2499: 2500
2500: 2499,2595
7252: 7161,7341,7606,7340,7339,7858
6886: 6885,6978,6979
2503: 2409,2504
2504: 2410,2503,2409
6641: 6545,6546,6642,6640
7948: 7949,8028,7786,7787,7947,7867
8921: 9067,9023,8973,8868,9021,8972
2508: 2509
2509: 2415,2510,2508,2604
2510: 2415,2416,2509,2511,2604
2511: 2512,2416,2510
2512: 2511,2513,2607
2513: 2514,2512,2607
2514: 2513,2610,2515,2609
2515: 2516,2610,2420,2514
2516: 2610,2515,2422
9587: 8797,8737,9836,9702,8735
2518: 2424,2423,2612,2613
7249: 7160,7248,7339
2520: 
8152: 8228,8151,8153,8229
2522: 2428,2523,2427,2616,2617
2523: 2428,2522,2429,2524,2617,2618
2524: 2525,2523,2429,2618
2525: 2524,2526,2620
2526: 2525,2620
8356: 8282,8357,8428
7070: 6978,6979,7160,7161,7162
8741: 8679,8799,8616,8680,9625,8908
2530: 2436,2531
2531: 2530,2626
9271: 9628,9616,8791,9344,9904,9875
2533: 2439,2534,2628
2534: 2535,2533,2439,2628
2535: 2534,2441,2536
2536: 2442,2441,2535
8756: 8757,8695,8873,8631,8565,8815
2538: 2632
7576: 7490,7577
2540: 2541,2634
2541: 2540,2447
8023: 8101,8252,8021,7944,8100,7945
9899: 9774
2544: 2638,2733,2639
6853: 6854,6759,6760,6945
9773: 9805,9650,9920,7353
2547: 2453,2642
6874: 6966,6780,6781,6875,6967
2549: 2454,2550,2643
2550: 2549,2551
2551: 2552,2550,2739,2646
2552: 2551,2363,2553,2646
2553: 2459,2554,2552,2646,2648
2554: 2553,2459,2460,2555,2648,2649
2555: 2463,2371,2554,2460,2649,2650
9234: 9450,9187,9976,9214,9119,9235
9674: 466,529,9830,9956,9276,9586
2558: 2745,2372,2463,9624,2650,2744
2559: 9913,2655,2373,2654
6974: 6882,7066
2561: 2655,2373,2657,2374,2468
8486: 8417,8554,8620,8344,8485
2563: 2658,2468,2376
2564: 9841
2565: 9841,9654
7736: 7653,7737,7819,7735
7750: 7667,7751,7832
9545: 9235,9292,9378,9450,9828,9456
2569: 2476,9532,9510,2571,2570,2664
2570: 2571,2573,2569,2664,2667,2666
2571: 2570,2573,2384,2478,2569,2476
8485: 8343,8344,8486
2573: 2571,2570,2384,2574,2669,2667
2574: 2481,2669,2385,2573,2384
8059: 7979,8058,7980,8137,8138
2576: 2481,2483,2672,2387,2767
9273: 9809,9589,9326,59,29
2578: 2483,2672,2484,2579,2674,2673
2579: 2580,2674,2390,2389,2578,2484,2485
2580: 2579,2674,2485,2770
7719: 7720,7635,7801,7802
2582: 
9247: 9295,9528,9372,267,170
2584: 2585,2679,2490,2678
2585: 2680,2679,2584,2491,2490,2586
2586: 2681,2491,2492,2680,2585
9135: 9519,9285,9203,9857,9173
2588: 2589,2493,2682
2589: 2588
7675: 7503,7504,7591,7674,7759
2591: 2685,2497,2686
7131: 7130,7220,7041
2593: 
7400: 7312,7399,7313,7401,7487,7488
2595: 2500,2689
6354: 
9162: 9161,9193,9124,9194,9240,9239
7067: 7066,7068
7740: 7656,7739,7741
2600: 2694,2695
9857: 9752,9135,9203,10030,9762
8632: 8565,8498,8499,8567,8695
8121: 8120,8197,8042,8198
2604: 2698,2699,2510,2509
9218: 9122,9121,9191,9238,9219,9504
7493: 7494,7405,7579
2607: 2512,2513,2702
7153: 7154,7063,7152,7062
2609: 2703,2514,2610,2704
2610: 2516,2515,2514,2609
9374: 9332,9425,3536,3836,3837
2612: 2518,2613
2613: 2708,2518,2612
9671: 9970,9742,9862
7311: 7312,7399,7398
2616: 2710,2522,2617,2711
2617: 2711,2712,2618,2522,2523,2616
2618: 2617,2712,2523,2524,2713
6766: 6671,6672,6767
2620: 2715,2525,2526
8973: 8867,8868,9019,8972,8921
9649: 9284,9904,9875,9795
8714: 8776,8715,8650,8712,8649,8834
9942: 8466,9963,9651
8025: 8257,8026,7945,8101,8178,8182
2626: 2721,2720,2531
7327: 7328,7239,7238
2628: 2722,2533,2534,2723
8430: 8286,8358,8429,8499,8431
8474: 8408,8336,8262,8405,8540
6631: 6725,6535,6632,6820
2632: 2726,2538
8325: 8250,8173,8249
2634: 2729,2540,2728
9186: 9153,9229,9187,9976,9185
9046: 9132,9091,9090,8945,9047,9089
2637: 2732,2638
2638: 2733,2544,2732,2637
2639: 2640,2734,2544,2733
2640: 2639,2734
2641: 
2642: 2547,2643
2643: 2738,2549,2642
7703: 7450,7619,7702,7704
6938: 
2646: 2551,2552,2553,2648,2741
9010: 9641,9381,9716,8962,9653,9011
2648: 2742,2741,2649,2553,2554,2646
2649: 2742,2648,2554,2555,2650,2743
2650: 2743,2744,2463,2555,2649,2558
6927: 6926,7018,7019
2652: 2745,2372,2464,2747,2841,2842
6168: 6071,6169,6265,6266
2654: 2752,2846,2559,2655
2655: 2373,2561,2657,2559,2654,2752
8991: 8938,8990,8885,9040,9039
2657: 2655,2561,2658,2468,2752,2753
2658: 2468,2563,2657,2753
6211: 6114,6212,6308
8455: 8454,8383,8526,8594,8524
2661: 9965,10023,2853,2757
2662: 2758,2951,2953
8820: 8701,8700,8698,8818,8876,8821
2664: 9595,2761,2569,9532,2570,2666
6463: 6462,6558,6464
2666: 2667,2762,2570,2664,2761,2858
2667: 2666,2762,2570,2573,2669,2763
9488: 9495,9264,9365,9514,9388,527
2669: 2574,2573,2667,2763
9167: 9199,9166,9168
7615: 7697,9458,7696,7446,7532,7779
2672: 2483,2578,2576,2767,2673
2673: 2578,2672,2674,2865
2674: 2579,2580,2578,2673,2770
8811: 8812,8868,8810,8867
7569: 7570,7653
7120: 7119,7209,7210,7029
2678: 2679,2584
2679: 2680,2585,2584,2678
2680: 2585,2679,2586,2681,2776
2681: 2586,2682,2680,2776,2777
2682: 2681,2588,2777,2778
7989: 7990,7909,7988
9610: 9613,9564,9546,9827
2685: 2591,2686,2781
2686: 2685,2591,2781
6598: 
9315: 9445,9287,9566,9431,9300,9526
2689: 2595,2785
9314: 9347,9989,9687,8252,10015,9783
2691: 2787
7739: 7656,7740,7655,7821
2693: 2694
2694: 2600,2693,2695,2790
2695: 2600,2694,2790,2791
9654: 2565,9841
2697: 2698,2793
2698: 2604,2699,2697,2793,2794
2699: 2604,2698,2794
8078: 
7713: 7630,7794,7796
2702: 2703,2607,2797,2798
2703: 2609,2702,2704,2798,2799
2704: 2609,2703,2799,2800
2705: 
9558: 9318,9501,9387,9507,9802
7091: 7179,7178,7000,7092,7001,7180
2708: 2613,2709
2709: 2710,2708
2710: 2616,2709,2711,2806
2711: 2617,2712,2710,2616,2806
2712: 2617,2711,2618,2808,2713
2713: 2808,2712,2618
9059: 9012,9013,9014
2715: 2620
9948: 9474,350
6799: 6705,6706,6703,6892,6893,6801
2718: 2719
2719: 2718,2815
2720: 2721,2626
2721: 2626,2720,2817,2722
2722: 2817,2628,2721,2723,2818
2723: 2628,2722,2818
7944: 8021,7942,7946,7865,8023,7945
8154: 8155,8075,8076,8074,8231
2726: 2632,2822
2727: 
2728: 2729,2634,2823,2824
2729: 2730,2634,2728,2824,2825
2730: 2729,2825,2826
9109: 9148,9110,9066,9021,9067,9020
2732: 2637,2638,2827
2733: 2638,2544,2639,2734
2734: 2640,2639,2733,2830
6856: 6855,6949,6948,6763
6982: 6890,6891,6888,7073,6983
8884: 8989,8882,8826,8767,8938,8990
2738: 2643,2739,2833
2739: 2738,2551
9967: 7266,9406,9647,9540,9805,7265
2741: 2742,2648,2646,2837
2742: 2648,2741,2649,2743,2838,2837
2743: 2650,2744,2742,2649,2838
2744: 2650,2743,2745,2558,2840
2745: 2652,2558,2372,2744,2840,2841
7924: 8004,7923,7842,8005
2747: 2464,2652,2842
6966: 6874,6967,7058,7057
8818: 8697,8874,8820,8698,8928,8876
9005: 8898,9004,9054,9098,9592
9187: 9234,9976,9115,9214,9186,9153
2752: 2654,2848,2846,2655,2657,2753
2753: 9485,2657,2658,2848,2752
9603: 9301,9667,7610,9884
2755: 2852
9632: 5346,9604,9350,9755,9404
2757: 2758,2661,2853
2758: 2662,2757,2951
9751: 9721,9959,9670,9718,9877
7737: 7736,7653,7819
2761: 9595,2664,2666,2954,2858
2762: 2667,2666,2763,2860,2858
2763: 2861,2669,2667,2762,2860
6654: 6653,6748,6558,6749
6179: 6081,6180
8784: 8844,8843,9448,8786,9617
2767: 2862,2576,2672
9594: 9293,9340,9750,9519
8647: 8513,8514,8648,8710,8709,8711
2770: 2866,2580,2674,2771,2867
2771: 2868,2867,2772,2770
2772: 2771,2868
9490: 9539,9367,6335,6525,6336
8658: 8721,8659,8591,8592,8657
9015: 9634,8966,8964,9014,9800
2776: 2777,2873,2680,2681,2872
2777: 2776,2873,2874,2682,2681,2778
2778: 2875,2682,2777,2874
9832: 9981,9694,9886,9702
6550: 6549,6645,6455,6551
2781: 2685,2686
8502: 8570,8636,8434
2783: 
7114: 7115,7023,7024,7113
2785: 2882,2689,2881
9307: 9564,9504,9217,9238,9420,9613
2787: 2884,2691
6422: 6517,6425,6426,6423,6421,6516
7122: 7212,7123,7032
2790: 2886,2694,2695,2791,2887
2791: 2887,2888,2695,2790
7273: 7361,7360,7184,7183
2793: 2890,2697,2698,2794
2794: 2891,2698,2699,2793,2890
9102: 9140,9407,9017,9061,9892,9438
8913: 8743,8914,9060,8857,8911,8966
2797: 2893,2702,2798
2798: 2799,2895,2702,2703,2797
2799: 2798,2895,2703,2704,2800,2896
2800: 2896,2704,2799
8814: 8813,8694,8871,8924
2802: 
7360: 7361,7273,7183,7359,7617,7618
6489: 6585,6488
8674: 9886,9836,8542,8611,8675,8734
2806: 2902,2710,2711
9801: 9417,9469,9309
2808: 2713,2712,2904,2905
9624: 9319,9333,2463,9491,2558,2372
9094: 9001,9750,9052,8950,8949,9054
8810: 8751,8688,8867,8866,8811
2812: 2909,2908
9550: 7780,7941,9458,7779,9499,9354
8873: 8757,8756,8815,8925,8978,9070
2815: 2719,2912
8955: 9007,8847,8846,9008,8848
2817: 2722,2721,2818
2818: 2915,2817,2722,2723
8393: 8244,8392,8603,8395,9735
7851: 7769,7686,7850,7932
8054: 7974,8053,8133
2822: 2726,2823
2823: 2920,2824,2728,2822
2824: 2823,2920,2728,2729,2921,2825
2825: 2921,2730,2729,2824,2826
2826: 2827,2923,2730,2825
2827: 2826,2923,2924,2732
10026: 9946,9962
9837: 9950,9329,9974,9487
2830: 2927,2926,2734,2831
2831: 2928,2830,2927
7611: 7440,7352,7527,7610,9301,7694
2833: 2738,2929
7999: 7918,8080,8079
9386: 9359,9544,9952,9712,9778
2836: 2837
2837: 2838,2742,2741,2836
2838: 2837,2742,2743
9525: 7929,8170,9518,8468,9466,9559
2840: 2936,2744,2745,2841,2937
2841: 2938,2937,2842,2745,2652,2840
2842: 2938,2841,2652,2747,2940
7155: 7156,7154,7064,7244
2844: 2941,2846,2942,2847
9780: 9895,9840,9937,863,791,9905
2846: 2654,2848,2752,2844,2847
2847: 2942,9304,9697,2848,2846,2844
2848: 2752,2846,2753,9485,2847,9697
9739: 9450,9976,9828,9681
8589: 8590,8522,8521,8655,8656
6335: 6525,6526,9872,9490,6336,6432
2852: 2755,2949,2853
2853: 2949,2661,2852,2757
10002: 9316,9940,9788,9321,9557
9454: 9602,5143,9523,5142,5243,9294
9597: 4036,3938,9425,3835,9582,9396
9737: 938,9665,9669,9874
2858: 3052,2761,2666,2762,3051
8021: 7942,7944,8020,8100,8099,8023
2860: 3052,3054,2762,2861,2763,2957
2861: 2862,2763,2860,2958,2957
2862: 2767,2861,2958
9240: 9567,9239,9162,9194,9615,9242
9267: 9961,10021,9389,9606
2865: 2866,2673,2961,2962
2866: 2770,2865,2867,2962,2963
2867: 2771,2868,2866,2770,2963,2964
2868: 2771,2867,2772,2964,2965
9161: 9160,9038,9162,9193,9123,9124
2870: 2871,2966,2967
2871: 2872,2870,2967,2968
2872: 2871,2776,2873,2968,2969
2873: 2776,2777,2874,2872,2969,2970
2874: 2777,2873,2778,2875,2970
2875: 2778,2874
8950: 8895,8840,8949,9004,9054,9094
7724: 7641,7806,7723
8840: 8950,8895,8718,8839,8841,9004
2879: 
8495: 8425,8426,8630,8494,8562
2881: 2785,2882
2882: 2785,2979,2881
2883: 
2884: 2787,2981
7439: 7175,7526,7525,7351
2886: 2790,2982,2887,2983
2887: 2791,2886,2790,2983
2888: 2791
9073: 9214,9074,9072,9029,9115
2890: 2986,2793,2794,2891,2987
2891: 2794,2890,2892,2987
2892: 2893,2891
2893: 2797,2892,2990
6660: 6755,6564
2895: 2798,2799,2896,2991,2992
2896: 2800,2799,2895,2992
2897: 
2898: 
9753: 9768,9714,9779,10031
2900: 2997,2901
2901: 2998,2902,2997,2900
2902: 2998,2806,2901,2999
2903: 
2904: 2808,2905,3001
2905: 2906,2808,2904
2906: 2905
9381: 9641,9010,9716,9391,9349,9864
2908: 2812,2909,3004,3005
2909: 2812,2908,2910,3005
2910: 2909,3007
7430: 7518,7342,7163,7072,7162,7341
2912: 2815,3009
6731: 6637
9924: 9859,9731,9816,1917,1831
2915: 2818,3011,3012
2916: 3012
10007: 9205
8682: 8683,8744,8681,8619,8801,8743
9275: 9547,9598
2920: 2823,2824,2921,3016
2921: 2825,2920,2824,3018
8815: 8694,8871,8925,8631,8756,8873
2923: 2826,2827,2924,3020
2924: 2827,2923,2925,3020
2925: 2924,3022
2926: 2830,2927
2927: 2830,2926,2928,2831
2928: 3025,2929,2831,2927
2929: 3025,2928,2833
9542: 1497,1412,1248,9630,9361,9327
8265: 8190,8191,8264,8338,8339
9683: 8175,8176,8250
6529: 6624,6528,6433,6432,6626
9092: 9049,9133,9000,9047,8999,9091
2935: 
2936: 2840,2937,3032,3033
2937: 2938,2841,2840,2936,3033,3034
2938: 2841,2937,2842,2940,3034,3036
9424: 9772,3437,9418,9621,3536
2940: 2941,2938,2842,3036,3037
2941: 2844,2940,2942,3037,3038
2942: 2847,9304,2941,2844,3038,2944
6653: 6654,6748,6558,6557,6652
2944: 3136,3137,2942,9304,3038,3041
2945: 3140,3141,3042
8841: 8782,8842,8718,8840,8898,9004
2947: 3043
9734: 9524,9282,4336,4337
2949: 2853,2852
9565: 9806,9487,9329,9272,9515,9416
2951: 3144,2758,2662
8498: 8565,8499,8632,8429,8428,8497
2953: 2473,9351,9555,2662
2954: 3051,9411,2761,2473
8806: 8685,8622,8805,8748,8807,8916
8515: 8648,8374,8514
2957: 2958,3057,2861,3054,2860,3153
2958: 3057,2957,2862,2861,2960
7564: 7649,7565,7478,7563
2960: 2961,2958,3057
2961: 2960,2865,2962
2962: 2963,2866,2865,2961
2963: 2962,2866,2867,3061,2964
2964: 3061,2965,2868,2867,2963
2965: 2964,2868,3063,2966
2966: 3064,3063,2870,2965,2967
2967: 2968,2870,2871,3064,2966
2968: 2967,2871,2872,2969
2969: 2970,2872,2873,2968
2970: 2969,2873,2874
9590: 9441,9248,9804,9366,9337
8207: 8208,8282
2973: 2974,3070,3071
2974: 2973,3071,3072
2975: 
7679: 7680,7763
9216: 9217,9238,9190,9191,9157,9237
9691: 9800,9787,9854,9889
2979: 2882
10005: 9960,9664,9629,9556
2981: 2884,2982,3078
2982: 2886,2981,3079,2983
2983: 3080,2886,2982,2887
9711: 5840,10025,9678,9703
2985: 3083,2986,3082
2986: 2890,2985,3084,2987
2987: 3085,2986,2890,2891,3084
6611: 6516,6612
6235: 9652,9680
2990: 2893,2991,3088
2991: 3088,3089,2992,2895,2990
2992: 2991,3089,2895,2896,3090
6866: 6867,6773
7184: 7182,7181,7095,7183,7273
6169: 6072,6168,6071,6266
9655: 9798,10037,9707,9829,9421,9496
2997: 2900,2998,2901,3095
2998: 2901,2902,2999,2997,3096,3095
2999: 2998,2902,3096
9387: 9242,9243,9548,9558,9501,9507
3001: 3098,2904,3099
9757: 9818,9958,9746
3003: 3004,3101
3004: 3003,3101,2908,3005
3005: 3103,2909,2908,3004
9270: 9276,408,9821,9830
3007: 3104,3105,2910
6472: 6567,6376
3009: 3107,3106,2912
3010: 
3011: 3108,2915,3012
3012: 2915,2916,3011
7102: 7101,7191,7011,7103,7192
6282: 6283,6185,6378
3015: 3016
3016: 2920,3015
8737: 8797,9587,8738,8675,8676,9836
3018: 3116,2921
9640: 9277,9420,9237,9217,9292,9378
3020: 3118,3117,2923,2924
8680: 8616,8741,8908,8681
3022: 3119,2925
8885: 8829,8886,9040,8769,8938,8991
8844: 8661,8784,8659,8786
3025: 2928,2929,3122,3123
9537: 9338,9781,9803,9446
3027: 
7238: 7237,7148,7149,7327,7239
3029: 3126,3127
6259: 6162,6260,6356
7371: 7283,7284
3032: 3129,3130,3033,2936
3033: 3032,3130,2936,2937,3131,3034
3034: 3131,3036,2938,2937,3033
9496: 9421,9642,155,9655,10037
3036: 3034,2938,2940,3134,3037
3037: 3134,3135,3038,2941,2940,3036
3038: 3135,3037,2941,2942,3136,2944
8801: 8681,8856,8682,8960,8857,8743
8343: 8270,8414,8483,8344,8485
3041: 3138,3139,9304,9679,2944,3137
3042: 2945,3141,3043
3043: 3042,2947,3141
8970: 8917,8865,9018,8919,9063,9019
3045: 9535,9541,3245,3247,3442,3246
9797: 9489,9462,10000,9689,9331,9799
9065: 9177,9106,9066,9108,9180
3048: 3051,9411,9541,3147,3148
8856: 8908,8681,8801,9641,8960
6554: 6555,6553
3051: 3048,2954,3052,2858,3148
3052: 3054,2860,2858,3051,3151,3148
8497: 8496,8631,8428,8565,8498
3054: 3052,2860,2957,3151,3153
8471: 8401,8255,9472
7191: 7101,7102,7190,7192,7279,7280
3057: 2958,2957,2960,3154
7119: 7120,7209,7029,7118,7208
9406: 7266,9967,9512,9540,7178,7176
6829: 6921,6922,6828,6735
3061: 2964,2963
6603: 6507,6604,6699
3063: 3064,2966,2965
3064: 3063,2966,2967
7244: 7154,7155
6708: 6896,6803,6612,6706,6610
8890: 8891,8943,8712,8834,8772,8889
6973: 6972,7064
3069: 3166,3070
3070: 3168,3071,2973,3069
3071: 3168,3169,3070,2973,2974,3072
3072: 3170,3073,2974,3169,3071
3073: 3170,3072,3074
3074: 3073
8401: 8471,8330,8103,8179,8255
9391: 9625,9568,9349,9641,9381
6803: 6896,6708,6612,6709,6897,6990
3078: 2981,3079,3176
3079: 3080,3176,2982,3078
3080: 3079,2983,3081
3081: 3082,3080,3179
3082: 3081,2985,3083,3179,3180
3083: 2985,3084,3082,3180,3181
3084: 3083,2986,2987,3085
3085: 2987,3084,3086
3086: 3085,3184
9795: 9875,9740,9649,10029
3088: 2991,3089,3185,2990
3089: 2991,3088,2992,3090
3090: 3091,3089,2992,3188
3091: 3090,3188
8161: 8160,8081,8002,8082,8083
3093: 3190
9409: 9320,9254,9397,1480,1316
3095: 3096,3193,2997,2998
3096: 3193,3095,2998,2999
9283: 1251,866,9576,1092,9251,9415
3098: 3001,3099
3099: 3001,3098,3197
9833: 9953,9783,8253
3101: 3003,3004,3199
9939: 9727,9789
3103: 3005,3104,3200
3104: 3007,3105,3103,3202
3105: 3007,3104,3106,3202
3106: 3107,3009,3105,3204
3107: 3009,3106,3108,3204,3205
3108: 3011,3107,3205
9242: 9615,9243,9387,9548,9194,9240
8033: 8112,8188,8032,7954,7953,8110
6410: 6313
8895: 8950,8840,8949,8838,8839
7038: 7128,7129,7037,7039
9341: 9432,6135,9644,9685,9914,9896
6921: 6829,6922,6828,6920,7013
3116: 3018,3117,3213,3214
3117: 3118,3020,3116,3214
3118: 3020,3117,3119,3216
3119: 3022,3118,3216
8100: 8021,8099,9993,9989,8023,8252
3121: 3219,3122
3122: 3220,3123,3025,3219,3121
3123: 3220,3122,3025
7892: 7811,7973
9882: 9895,792,9840,793,9745,10008
3126: 3029,3127,3224
3127: 3128,3126,3029,3224
3128: 3127,3129,3226
3129: 3032,3130,3128,3226,3227
3130: 3032,3129,3033,3131,3227
3131: 3034,3130,3033
7759: 7842,7675,7841
8168: 9457,9466,8088,8318,8244,8392
3134: 3135,3037,3036,3230
3135: 3134,3037,3038,3136,3233
3136: 2944,3137,3135,3038,3233,3234
3137: 3136,2944,3041,3138,3234,3235
3138: 3041,3139,3238,3137,3235,3236
3139: 3041,3138,3238,9679,9704
3140: 2945,3141,3238,9516,9771
3141: 3140,2945,3042,3043,9771
9125: 9124,9039,9194,9126,9163,9243
8619: 8681,8620,8683,8682
3144: 2951,3242,9555,3342
3145: 3441,3342,9555,9535,3245
6841: 6934,6748,6933
3147: 3248,3247,3048,3249,3148
3148: 3151,3249,3051,3048,3052,3147
9676: 33,9468,9991,34,9439
8458: 8386,8387,8388,8459,8529,8457
3151: 3251,3249,3148,3052,3054,3153
9032: 9031,8983,9120,9033,9190,9157
3153: 3154,3252,3054,2957,3251,3151
3154: 3252,3153,3057
9883: 9853,9657,193,112,9969
3156: 3255
8403: 8259,8404,8258,8184,9289,9534
8352: 8279,8278,8351,8424,8423
9419: 9284,9904,9260,9628
7123: 7033,7032,7212,7122
7797: 7878,7879,7796,7798
6902: 6993,6716,6622,6994
8303: 8376,8228,8229,8304
3164: 3165,3262,3263
3165: 3164,3166,3264,3263
3166: 3069,3165,3264
7411: 7324
3168: 3169,3070,3071
3169: 3168,3071,3170,3072
3170: 3072,3073,3169,3269
6269: 6172
7617: 7532,7698,7359,7360,7618,7701
9549: 10018,9909,9755,9968
3174: 
6831: 6832
3176: 3079,3078,3275
7582: 7581,7667
8434: 8435,8639,8363,8502,8570
3179: 3278,3082,3081,3180
3180: 3181,3279,3082,3083,3179,3278
3181: 3180,3279,3280,3083
8888: 8831,8710,8772,8830,9043,8889
9516: 9520,3236,3238,3140,9990,9713
3184: 3282,3086
3185: 3088,3284
8370: 8296,8369
7172: 9384
3188: 3286,3091,3090
9955: 3734,3635,9876,9814,9935,9922
3190: 3289,3093
6773: 6866,6867
9907: 163,10040,81,9793,9782
3193: 3096,3095,3292
6317: 6316,6413,6414,6219
8813: 8562,8814,8869,8924,8976
7765: 8010,7682,7596,7680
3197: 3295,3099
8260: 8259,8185,8404,8261,8186,8333
3199: 3297,3101,3200
3200: 3103,3199
6241: 6338,6243,9578,6144,9367,6240
3202: 3300,3301,3104,3105
9515: 9272,104,9565,9806,143
3204: 3303,3107,3106,3205
3205: 3304,3107,3108,3303,3204
9703: 10025,9711
3207: 3305
9776: 10006,9792,9873,9964,6622
3209: 3210,3307
3210: 3209,3211
3211: 3210,3212
3212: 3213,3211
3213: 3212,3312,3116,3214
3214: 3116,3117,3213,3312
6855: 6948,6856,6761,6854
3216: 3118,3119,3314
9664: 10005,9960,9318,9224
9099: 9983,9100
3219: 3121,3220,3122,3317
3220: 3122,3123,3219
7577: 7490,7576
3222: 3320,3321
6499: 6498,6403
3224: 3322,3126,3127
6391: 6295,6392,6390
3226: 3128,3129,3227,3325
3227: 3325,3326,3129,3130,3226
9017: 8915,8968,9016,9061,9140,9102
7169: 7079,7258,9575,9860,7259,7170
3230: 3134,3330
9920: 9773,9650
3232: 
3233: 3331,3135,3136,3234
3234: 3333,3235,3136,3137,3233
3235: 3333,3234,3137,3138,9520,3334,3236
3236: 9520,9516,3138,3238,3235
9301: 9667,7694,9603,7611,7610
3238: 3138,3139,3140,3236,9516
3239: 3533,3434,3535,9957,10038,3634
7161: 7252,7162,7341,7070,7160
9279: 1319,9481,9250,9320,9254
3242: 9891,3144,10011,3342
8279: 8352,8278,8205
9482: 9408,4843,5044,9574
3245: 9535,3045,3145,3441,3540,3442
3246: 3442,3344,3045,3247,3345
3247: 3248,3147,3045,9541,3246,3345
3248: 3247,3147,3249,3345,3445,3347
3249: 3251,3151,3148,3248,3147,3347
7349: 7348,7436,7437
3251: 3151,3249,3252,3153,3349
3252: 3154,3153,3251,3351
9741: 938
3254: 3255,3352
3255: 3254,3156
6922: 6829,6921,7013,7014
3257: 3355
10033: 9675,9619,1835,9463,9659
8347: 8273,8274,8346,8418,8419,8348
3260: 
6979: 7070,6978,6886,7072,7162
3262: 3360,3164,3263
3263: 3264,3165,3164,3262
3264: 3263,3165,3166,3363
6648: 6552,6553,6647,6742
8210: 8133,8209,8134,8211,8358
9698: 9804,9853,9440,9969
9841: 2565,2564,9654,2376
3269: 3367,3170,3270
3270: 3269
3271: 3272,3370
3272: 3271,3370,3371
6442: 6441,6347,6346,6537
9130: 9088,9894,9127,9165,9085
3275: 3374,3176,3373
7494: 7493,7581
3277: 
3278: 3179,3180,3279
3279: 3180,3181,3280,3278
3280: 3181,3279
9355: 9208,9478,8925,9070,9252,9588
3282: 3184,3380
6624: 6529,6528,6623,6720,6626,6813
3284: 3285,3383,3185
3285: 3384,3284,3383,3286
3286: 3385,3188,3384,3285
9362: 6994,9377,6904,9529
9106: 9020,9175,9497,9066,9065
3289: 3190,3386,3387
6969: 6970,7060
9081: 8987,9037,9123,9080,9160
3292: 3193
6700: 6605,6604,6699,6890
3294: 3392,3295
3295: 3197,3294
6723: 6534,6815,6628,6998,6997,6629
3297: 3199
9474: 297,9948,350
7811: 7892
3300: 3202,3301,3399,3398
3301: 3202,3300,3399,3400
6488: 6489,6487,6583
3303: 3204,3205,3304
3304: 3205,3305,3403,3303
3305: 3304,3403,3207,3404
8065: 7985,8066,8064,8143,8144
3307: 3209,3406
6769: 6674,6768,6862
3309: 
9533: 9410,5948,6046,9394
7864: 7780,7941,7785,7783,7942,7865
3312: 3213,3214,3410
9039: 9124,9125,8991,8990,9038
3314: 3216,3412
9079: 9120,9033,8932,8933,9080,9121
3316: 3317,3414
3317: 3316,3219
9400: 8171,9518,9559,9785,9531
6937: 7029,6844
3320: 3222
3321: 3322,3222,3420
3322: 3321,3224,3420,3421
7401: 7313,7314,7402,7400,7488
8101: 9687,8023,8252,8025,7945,8178
3325: 3227,3326,3226,3423
3326: 3227,3325,3425,3327
3327: 3326,3425
9440: 9339,9969,9804,9698,9337
7098: 7007,7008,7099
3330: 3331,3427,3230,3429
3331: 3330,3233,3429,3430
3332: 3333
3333: 3332,3234,3235,3334,3431,3530
3334: 9520,3333,3235,3530,3335
3335: 3433,3531,9520,3334,3530
7355: 7443,7268,7696,7269,7270,7446
9627: 7431,7691,9639,7521,9636
9539: 6140,9490,6238,9311,9367
3339: 3735,3539,3341,9621,9756,3536
3340: 3441,3342,9932,9756,3539
3341: 3735,3339,3536
3342: 3145,3441,3340,3242,3144
9579: 9572,9327,9609,1247,1329
3344: 3246,3639,3345,3444,3641
3345: 3445,3444,3248,3247,3344,3246
8695: 8757,8756,8565,8632,8696
3347: 3349,3545,3248,3249,3445
6823: 6821,6915,6916
3349: 3448,3545,3347,3251
6910: 7002,6911,7001,6724,6725,6909
3351: 3449,3450,3252,3352
3352: 3451,3254,3351,3450
6209: 6307
6336: 6337,6432,9490,6240,6335
3355: 3257,3454,3453
9799: 9522,9331,9689,9887,9797,9599
7769: 7851,7686,7775,7770
9688: 9349,9864,9423,8735
9891: 3242,10011
3360: 3262
9983: 9099
3362: 
3363: 3364,3264
3364: 3363
6138: 9867,6618
6482: 6386,6387,6483
3367: 3269
9715: 9902,9903,9722,1087,9708
3369: 
3370: 3469,3468,3371,3271,3272
3371: 3370,3469,3272,3470,3372
3372: 3470,3471,3373,3371
3373: 3275,3374,3471,3372
3374: 3275,3375,3373,3473
3375: 3374,3473
9120: 9079,9033,9190,9191,9032,9121
3377: 
7628: 7627,7711,7543,7544
9371: 474,9421,9642,358,9427
3380: 3282
7024: 7023,6932,6933,7114,7115
3382: 3480,3383
3383: 3384,3284,3285,3382,3482
3384: 3285,3383,3385,3286,3482,3483
3385: 3286,3384,3484,3483
3386: 3289,3484,3485,3387
3387: 3485,3386,3289,3486
7095: 7004,7181,7184
7405: 7318,7493
9477: 9453,9111,9467,9068,9290,9509
9639: 7606,7518,7691,9627,9299,9636
3392: 3294,3491
8807: 8748,8808,8806,8916,8917,8865
6308: 6405,6211,6307
6347: 6346,6348,6442
8675: 8542,8544,8676,8674,9836,8737
3397: 3496,3398
3398: 3399,3497,3300,3496,3397
3399: 3497,3498,3398,3300,3301,3400
3400: 3499,3301,3399,3498
7563: 7562,7564
9816: 1659,9731,9924
3403: 3305,3304,3404
3404: 3305,3403
6711: 6712,6805,6615,6617
3406: 3307,3407,3504
3407: 3406,3506
8397: 8093,9785
7001: 7002,6910,7092,6909,7000,7091
3410: 3312
7791: 7792,7790,7951,7952
3412: 3314,3511
9575: 9384,9511,9601,9860,7079,7169
3414: 3316,3512,3513
7041: 6949,6950,7131
7757: 7674,7756,7673,7839
3417: 3516
9306: 5945,9614,9471,9265,9305
8221: 8144,8220,8145,8222,8296
3420: 3421,3519,3321,3322
3421: 3420,3519,3322
7941: 7780,7864,9550,9499,7942,8020
3423: 3521,3325,3522
9428: 64,9611,9324,9527,98,9566
3425: 3326,3327,3524
9238: 9216,9217,9191,9218,9504,9307
3427: 3330,3526,3429
7043: 7133
3429: 3527,3526,3430,3427,3330,3331
3430: 3527,3429,3331,3431
3431: 3627,3530,3333,3430
9982: 10003,9170,9752,9317,9132,9571
3433: 3531,3335,3533,3434,3631
3434: 3533,3239,9713,9957,3433
8250: 8325,8173,8175,9683
9522: 4438,9331,9799,9599,9513,9498
3437: 9418,9621,9424
9744: 9932,10036,9621,9756,9912
9559: 9457,9466,9525,9518,9400,9531
9868: 4841,4942
3441: 3145,3342,3340,3245,3540,3539
3442: 3246,3639,3045,3245,3540
9949: 2195,9682,9888,9931,1923,2196
3444: 3345,3445,3643,3344,3742,3641
3445: 3345,3444,3643,3248,3545,3347
9817: 6809,9725,9975
7396: 7309,7484
3448: 3349,3545,3449,3644,3548
3449: 3351,3450,3549,3448,3548
3450: 3351,3449,3549,3550,3451,3352
3451: 3550,3551,3452,3352,3450
3452: 3551,3451,3552,3453
3453: 3454,3552,3355,3452
3454: 3453,3355
3455: 3456
3456: 3455,3555,3556
9752: 10003,9170,9982,9857,9203,9762
3458: 3557,3558
7115: 7114,7024
3460: 3559
7182: 7181,7184,7180,7269,7183,7270
3462: 
7756: 7673,7757,7838,7839
3464: 3564
7698: 7532,7617,7779,7701,7780
3466: 3467,3566
3467: 3466
3468: 3370,3469,3667
3469: 3370,3569,3468,3371,3470
3470: 3471,3372,3569,3469,3371
3471: 3571,3470,3372,3373
9461: 117,159,9263,9393,79
3473: 3572,3374,3375,3474
3474: 3473
9347: 9989,9763,9314,10015
3476: 3477
3477: 3476,3577
6265: 6266,6168,6264
9412: 9723,9573,9258,9352,10013
3480: 3382
6683: 6588,6682,6777
3482: 3384,3383,3483
3483: 3583,3384,3385,3482
3484: 3583,3385,3386,3485
3485: 3387,3386,3484,3486
3486: 3487,3485,3387,3586
3487: 3486,3488,3586
3488: 3489,3487,3588
3489: 3488,3589,3588
7543: 7456,7457,7542,7544,7627,7628
3491: 3392
9712: 9395,9359,9386,9505
8625: 8751,8688,8624,8559,8687,8560
8831: 8888,8710,8709,8770,8829,8830
9268: 9493,9577,293,9536,710,580
3496: 3397,3497,3398
3497: 3399,3498,3398,3496
3498: 3399,3497,3499,3400
3499: 3400,3500,3498
3500: 3499,3600
6926: 6927,6925,7018
3502: 3503,3602
3503: 3502,3504,3603,3602
3504: 3406,3503
8116: 8192,8193,8115,8191
3506: 3606,3407,3605
9219: 9504,9560,9122,9218,9193,9239
3508: 3607
6551: 6647,6456,6455,6550,6552
9449: 9303,9509,9148,9110
3511: 3512,3412,3611
3512: 3511,3414,3513
3513: 3514,3414,3512
3514: 3513
8704: 8824,8764,8436,8766,8765
3516: 3417,3517
3517: 3516
7353: 7440,7352,9773,7175
3519: 3420,3421
8225: 8148,8300
3521: 3423,3522
3522: 3521,3423
9280: 4940,5041,4939,9602,9266,9877
3524: 3624,3425,3623
6672: 6671,6766,6576,6767
3526: 3527,3625,3429,3427
3527: 3526,3429,3430,3627
9404: 9909,9755,5447,9632,9350,5446
8712: 8711,8649,8834,8772,8714,8890
3530: 3431,3333,3334,3531,3335
3531: 3433,3335,3628,3530,3729,3631
7710: 
3533: 3434,3239,3433,3631,3634
9401: 6038,9668,9979,9911,6135
3535: 3239,9966,10038,3635,3634,9927
3536: 9374,9332,3341,3339,9424,9772
8435: 8434,8639,8703,8363
6837: 6744,6929,6930
3539: 3735,3540,3339,3441,3340,9756
3540: 3735,3539,3441,3245,3442,3639
9660: 9444,9584,9767,9661,9368,10043
7451: 7450,7364,7452
9996: 9858,9794
9742: 2381,2380,9671,9862,9997
3545: 3349,3448,3347,3445,3643,3644
7841: 7759,7842,7922,7923
7558: 7557,7472,7643,7559
3548: 3648,3448,3449,3549,3646,3644
3549: 3449,3450,3550,3648,3649,3548
3550: 3551,3451,3450,3549,3649
3551: 3550,3451,3452,3552,3651
3552: 3453,3551,3452,3651
6761: 6760,6854,6855
9916: 9995
3555: 3456,3556
3556: 3656,3557,3456,3555
3557: 3556,3656,3458,3657,3558
3558: 3657,3458,3557
3559: 3460
9710: 10019,9848,9936
3561: 
9834: 9375,9620,9947,9693
9825: 9922,9897,9814,4134,3834,10028
3564: 3663,3464,3664
7062: 7152,6970,7153,7063
3566: 3666,3466,3665
7426: 7425,7340,7339,7514
7946: 7947,7867,7865,7944,8026,7945
3569: 3469,3470,3668,3669
3570: 
3571: 3471,3572,3670
3572: 3473,3571
8550: 8413,8481,8483,8679,8740
7798: 7880,7797,7879
8475: 8540,8539,8406,8477,8607
8262: 8261,8110,8188,8405,8336,8474
3577: 3677,3578,3477,3676
3578: 3677,3577,3678
7958: 7877,7878,7959
3580: 
3581: 3680
8634: 8697,8568,8567,8636,8698
3583: 3484,3483
9927: 9766,9876,3535,9978,9966,3635
9794: 9858,9996,9811,9673
3586: 3686,3487,3486
9091: 9132,9046,9047,9092,9133,9170
3588: 3589,3488,3489
3589: 3588,3489
8639: 8434,8435,8703,8570,8638,8702
3591: 3592
3592: 3591,3593
3593: 3594,3592,3693
3594: 3593,3693
6434: 6339,6436,6531,6338,6337,6433
7380: 7467
7914: 7832,7915,7913
9282: 9524,9483,9734,9521,4336,9459
9383: 92,57,9589,9326,130
3600: 3500
6474: 6475,6378
3602: 3702,3701,3603,3503,3502
3603: 3702,3602,3503
9682: 2195,9949,9888,2194
3605: 3506,3606
3606: 3607,3506,3605
3607: 3606,3508,3707
7552: 7465
3609: 3709,3610
3610: 3709,3710,3609,3611
3611: 3511,3710,3610
3612: 3712,3613,3711
3613: 3712,3713,3612
9896: 9906,10020,9341,9644,9914
3615: 3714,3715
9696: 7170,9724,9860,9764
7392: 7304,7305,7391,7479,7480
8074: 8075,8154,8153
6180: 6278,6083,6179
9441: 343,9590,9804,398
9845: 9286,9862,9970,9479
8061: 8062,8060,8140
3623: 3624,3524,3722,3723
3624: 3524,3623,3625,3723,3724
3625: 3526,3624,3724,3725
9670: 4940,4838,9877,9751
3627: 3628,3431,3527,3727
3628: 3627,3531,3727,3728,3729
6155: 6058,6252
8088: 8087,8242,8318,8468,8168,9466
3631: 3732,3729,3433,3531,3533
9111: 9477,9024,9069,9467,9023,9068
3633: 3734,3634
3634: 3734,3633,3635,3533,3239,3535
3635: 3734,3634,9955,3535,9927,9876
9970: 9671,9862,9845
9074: 9214,9073,9119,9030,9029,9077
9815: 9771,10041
3639: 3442,3344,3836,3735,3540
6337: 6433,6336,6432,6240,6338,6434
3641: 3742,3741,3344,3444,3839
6728: 6821,6820,6632,6635
3643: 3445,3444,3545,3742,3644,3743
3644: 3646,3743,3643,3448,3545,3548
7910: 7828,7909,7990
3646: 3744,3644,3743,3648,3746,3548
9190: 9120,9191,9032,9157,9216
3648: 3649,3748,3746,3548,3549,3646
3649: 3648,3748,3549,3550
6691: 6596
3651: 3750,3551,3552
9798: 9655,10037,9781,9829
8794: 8796,9981
7152: 7151,7062,7153,7241
6622: 9964,6527,6811,9776,6902
3656: 3556,3557,3657,3755
3657: 3558,3656,3557
9836: 9886,8674,9702,8675,9587,8737
9746: 9380,9958,9298,455,9757
8197: 8120,8121,8198,8271,8272
3661: 
7668: 7669,7751,7667
3663: 3564,3664,3763
3664: 3665,3564,3663,3763,3764
3665: 3664,3666,3566,3765,3764
3666: 3566,3665,3765
3667: 3468
3668: 3569,3669
3669: 3670,3569,3668
3670: 3669,3571
3671: 
6243: 6241,6338,6242,6144,6244,6339
8676: 8613,8544,8675,8737,8738
3674: 3773,3675,3774
3675: 3676,3774,3775,3674
3676: 3675,3775,3677,3776,3577
3677: 3776,3777,3578,3577,3678,3676
3678: 3677,3777,3578,3778
8252: 8101,9687,8023,8100,9989,9314
3680: 3581,3779,3780
6916: 6917,7007,6823,6915
10008: 9745,9882,9840
3683: 3684,3782,3783
3684: 3683,3783
7680: 7679,7763,7847,7596,7765
3686: 3586,3786,3785
8318: 8242,8088,8168,8391,8463,8392
6475: 6474,6571
6433: 6337,6432,6434,6531,6529,6626
9879: 9962,9946,9663
6785: 
8812: 9024,8868,8811,8869,8976
3693: 3792,3593,3594
9398: 9476,9244,9325,9810,9659,9463
3695: 3795,3696
3696: 3795,3695
8241: 8599,8462,8163,8165,8391
9976: 9450,9234,9187,9186,9739
9479: 9605,9286,9845,9532,9595
3700: 3701,3800,3799
3701: 3702,3602,3700,3800
3702: 3701,3603,3602
7292: 7293
3704: 3803
7992: 7993,8072,7911,7912
9138: 
3707: 3806,3607
6637: 6638,6541,6731
3709: 3808,3809,3710,3609,3610
3710: 3709,3809,3610,3611
3711: 3712,3612,3810
3712: 3713,3613,3612,3711,3812
3713: 3712,3613,3714,3812,3813
3714: 3715,3615,3713,3813
3715: 3714,3615
6752: 
3717: 3817
8694: 8815,8871,8630,8496,8631,8814
8544: 8613,8676,8478,8477,8542,8675
7890: 7809,7970
3721: 3722,3820
3722: 3721,3822,3623,3723
3723: 3724,3623,3624,3722,3822
3724: 3723,3824,3624,3625,3725
3725: 3826,3625,3724,3824
8463: 8391,8601,8667,8318,8392,8603
3727: 3728,3627,3628,3826
3728: 3727,3829,3628,3729,3731
3729: 3732,3731,3631,3628,3531,3728
6945: 6853,7036,7037
3731: 3732,3729,3728,3829,4031,3932
3732: 3729,3731,3733,3631,3932
3733: 3732,3734,3932,9262,9935
3734: 3633,3635,3634,9955,3733,9935
3735: 3540,3539,3341,3339,3639,3836
9285: 9519,9135,9203,9049,9133,9340
8483: 8343,8414,8413,8550,8679,8616
6509: 
6418: 6514,6609,6419,6321,6512
8707: 8769,8767,8644,8708
3741: 3742,3842,3641,3839,3838,3841
3742: 3741,3842,3641,3444,3643,3743
3743: 3646,3744,3644,3643,3742,3842
3744: 3646,3743,3842,3746,3943,3745
3745: 3845,3946,3744,3746,3847
3746: 3648,3748,3646,3744,3745,3847
7417: 7416,7504,7505
3748: 3648,3649,3746,3847,3849
7460: 7373
3750: 3651,3850
7128: 7129,7038,7217,7037,7127
3752: 3852
9921: 9890
7142: 7141,7231
3755: 3856,3656
6749: 6654,6748,6843
10042: 9839,7351
3758: 3759,3858,3859
3759: 3758,3859,3860
8273: 8274,8346,8347,8199,8198,8272
8905: 8904,8848
3762: 
3763: 3663,3664,3864,3764
3764: 3864,3765,3664,3665,3763
3765: 3764,3665,3666
9300: 9431,9288,9526,9370,9385,9315
10015: 9347,9314,9783
7101: 7102,7191,7011,7190,7100,7010
3769: 
8924: 8976,9207,8814,8813
3771: 3772,3872
3772: 3773,3771,3872,3873
3773: 3772,3674,3774,3873,3874
3774: 3675,3775,3674,3773,3874,3875
3775: 3675,3676,3774,3776,3875
3776: 3677,3777,3676,3775
3777: 3677,3776,3678,3778,3878
3778: 3777,3678,3878,3779
3779: 3778,3680,3880,3780
3780: 3880,3680,3779
9438: 9661,9787,9892,9407,9102
3782: 3883,3683,3783
3783: 3683,3684,3883,3782
9572: 9579,9327,9986,9609,9630
3785: 3786,3885,3686
3786: 3785,3686,3887,3787
3787: 3887,3888,3788,3786
3788: 3789,3888,3787,3889
3789: 3788,3889
10037: 9655,9798,9781,9803,9496
3791: 
3792: 3693,3892
6912: 6821,6820,6911,6915,7003
8834: 8712,8776,8714,8890,8891,8835
3795: 3695,3696
9557: 9321,9388,9470,10002,9316,525
3797: 3897
10039: 9727,10003,9789,9762
3799: 3900,3800,3700
3800: 3900,3799,3700,3701,3901
9827: 9749,9546,9811,9610,9858
9783: 9833,9953,9314,9687,10015
3803: 3903,3904,3704
9843: 9856,9586,9934,9770,9281
3805: 
3806: 3707
7809: 7890
3808: 3709,3809,3908
3809: 3709,3808,3710
3810: 3711
7319: 7318,7231
3812: 3712,3713,3813
3813: 3713,3714,3812
8002: 7922,7921,8082,8001,8161,8081
8357: 8358,8429,8428,8209,8356
3816: 3916,3917,3817
3817: 3717,3816
3818: 3819
3819: 3818,3820
3820: 3721,3819,3821
3821: 3921,3922,3822,3820
3822: 3722,3723,3821
9623: 9628,9616,8662,8663,8727,9260
3824: 3724,3725,3925
6541: 6637
3826: 3725,3727,3927
6917: 6916,7007,7008,6918
9990: 9771,10041,9713,9957,9516
3829: 3728,3731,3929,4031
6231: 6327,6326,6130,6132,6133,6328
8064: 7984,8063,7985,8065,8142,8143
9501: 9558,9318,9163,9128,9387
3833: 4031,9569,3932,9262,4030,4132
3834: 3934,4135,10028,9825,4134
3835: 3839,3837,9425,3838,9597,3938
3836: 3639,3735,9374,3837
3837: 3835,3839,3836,9374,9425
3838: 3938,3835,3839,3741,3841,3940
3839: 3835,3837,3741,3641,3838
9672: 9673,9863,9548,9507
3841: 3943,3942,3940,3741,3842,3838
3842: 3742,3741,3744,3743,3841,3943
9713: 9990,9957,9520,9516,3434
8229: 8230,8153,8228,8152,8303,8304
3845: 3745,3943
9599: 9646,9513,9887,9522,9799
3847: 3849,3949,3947,3748,3746,3745
6278: 6180,6279
3849: 3847,3949,3748,3850,3950
3850: 3851,3950,3750,3849
3851: 3850,3852,3951,3952
3852: 3752,3851,3952,3953
6735: 6640,6734,6829,6828
8155: 8076,8154,8231,8232
7289: 7288,7200,7377,7290
3856: 3755,3857,3956,3957
3857: 3856,3957,4058
3858: 3758,3859,3959
3859: 3960,3959,3860,3758,3759,3858
3860: 3859,3960,3759
6405: 6308,6406
8298: 8372,8223
7984: 8063,8064,7903,7985
3864: 3764,3763,3964
3865: 
7600: 7599,7512,7514,7601
3867: 3967
9068: 9067,9023,9477,9111,9110,9509
3869: 3969
9160: 9161,9193,9081,9123,9122
3871: 3972,3971
3872: 3972,3771,3772,3873
3873: 3874,3974,3772,3773,3872
3874: 3873,3974,3773,3774,3875
3875: 3976,3774,3775,3874
7481: 7394,7393,7480
7210: 7120,7209,7298
3878: 3777,3778,3979
9367: 6240,9578,9311,9539,9490,6241
3880: 3780,3981,3779,3980
9298: 9380,9746,515,9536,9577
6564: 6660
3883: 3983,3782,3783
9566: 9445,9315,9324,9431,9611,9428
3885: 3986,3785
6948: 6855,6949,6856,7039
3887: 3888,3988,3787,3786,3987
3888: 3887,3988,3989,3787,3788,3889
3889: 3990,3788,3789,3888,3989
9070: 8978,9112,8925,8873,9355
3891: 3892,3991
3892: 3891,3792
6514: 6418,6609,6419,6515,6610
9944: 9465,9993,10034,9695,9690,9763
8765: 8766,8826,8824,8704,8881,8882
8114: 8115,7956,8189,8112,8190
3897: 3797,3997,3898,3998
3898: 3999,3897,3998
9043: 8995,8889,9127,8888,8830,9088
3900: 3800,4000,3799,3901
3901: 3902,4002,3900,3800
3902: 4002,3901,3903
3903: 3904,4004,3803,3902
3904: 3903,4004,3803
7938: 9447,7937,8018
10017: 9808,5346,9871,9985
3907: 3908
3908: 4009,3808,3907
6848: 6941,6755,6849
6460: 6555
7268: 7443,7355,7179,7269,7176,7442
6662: 6757,6756,6567,6661
7768: 
7011: 7101,7102,6919,6920,7010
3915: 3916,4016
3916: 3917,3816,3915,4016
3917: 3916,3816
9987: 
9638: 9943,9529,9377,9607,9308,9435
6763: 6669,6856
3921: 3922,3821,4022,4021
3922: 3921,3821,4022,4023
8710: 8831,8888,8709,8647,8711,8772
6635: 6728
3925: 4027,3927,3824
7656: 7739,7740,7571,7655
3927: 3925,4027,3826,3928
3928: 3929,4029,4027,3927,4127
3929: 3928,4029,4030,3829,4031
8805: 8685,8806,8746,8861,8915,8916
9871: 9985,9820,10017
3932: 3833,4031,9262,3732,3731,3733
9389: 9267,9961,9606,1573,1657,9554
3934: 3834,4135,10028,3935,4236,4035
3935: 3934,4035,4136
3936: 4040,4139,9442,4039,4036,9591
7880: 7798,7879
3938: 3838,9597,4036,3835,3940,4039
6781: 6782,6780,6874,6875
3940: 3841,3942,3838,3938,4039,4041
7619: 7449,7618,7701,7450,7703
3942: 3841,3943,3940,4044,4145,4041
3943: 3841,3942,3842,3744,3845,4044
8568: 8431,8567,8636,8634
7425: 7426,7248,7336,7511,7512,7514
3946: 3745,4044,3947,4047,4045
3947: 3847,3949,3946,4047,4049
7775: 7774,7772,7602,7603,7769,7686
3949: 3847,3849,3947,3950,4049,4050
3950: 3850,3849,3949,4050,3951
3951: 3851,3950,3952
3952: 4053,3953,3851,3852,3951
3953: 4053,3952,3852,4054
7421: 7508
3955: 3956
3956: 4057,3957,3856,3955
3957: 3956,4057,3856,3857,4058
9853: 9657,9883,9969,9698
3959: 3859,3960,3858,4060
3960: 3859,3959,3860,4060
9098: 9336,9005,9054,9052,9592
3962: 4063,3963
3963: 4063,3964,3962
3964: 3963,3864,4065
9580: 9460,9626,10040,9323,9393,9369
8164: 8163,8165
3967: 4068,3867
8596: 8663,8597,8529,8527,8662
3969: 3869,4069,4070
3970: 
3971: 3871,4072
3972: 3871,3872,4072,4073
7900: 7980,7899,7818,7901
3974: 3873,3874
8739: 8677,8678,8799,8740,8798
3976: 3875,4076,4077
8440: 8439,8509,8369,8368
9527: 9324,9473,98,9439,9428
3979: 3980,3878
3980: 3979,3880,3981,4081
3981: 3880,3980,4081
3982: 4083,3983
3983: 3883,4083,3982
8627: 8561,8560,8869,8751
9445: 9322,14,9287,9566,9315,9611
3986: 3987,3885,4087
3987: 3986,3887,3988,4087
3988: 3887,3888,3989,3987
3989: 3888,3988,3889,3990,4090
3990: 3889,3989,3991
3991: 3891,3990
6182: 6280,6085,6084,6183
3993: 4094,3994,4093
3994: 4094,3993
9673: 9672,9863,9811,9794
7895: 
3997: 3897,3998,4098
3998: 4098,3897,3997,3898
3999: 3898,4000,4100
4000: 3900,3999,4100
8622: 8685,8806,8555,8488,8686,8748
4002: 3902,3901,4103
6264: 6263,6265
4004: 3903,3904,4104
9024: 8812,8868,9069,9023,9111
4006: 4007
4007: 4108,4006
7074: 7073,6983,7164,7075,7345
4009: 3908,4010,4109
4010: 4009,4011
4011: 4012,4010
4012: 4011,4013,4113
4013: 4012,4014,4113,4114
4014: 4013,4114,4115
6894: 6893,6801,6989,9475,7081
4016: 4117,3915,3916
6897: 6709,9494,6803,6990,7082
9423: 8907,9568,8797,8735,9688,9349
8001: 8080,7921,8002,8081
9992: 10035,9867,9941,9792
4021: 3921,4022,4122
4022: 3921,3922,4021,4023,4122,4123
4023: 3922,4022,4123
10030: 9789,9762,9857
8718: 8655,8839,8782,8656,8841,8840
8205: 8279
4027: 3925,3927,3928,4127
6755: 6660,6661,6849,6848
4029: 3928,3929,4030,4127,4231,4332
4030: 3929,4029,3833,4031,4231,4132
4031: 3833,3932,3829,3731,3929,4030
6292: 
6358: 6261,6262,6357,6359
8947: 8999,8893,8837,8946
4035: 4236,3934,3935,4136
4036: 9597,3938,9582,9591,3936,4039
9934: 9856,9843
9786: 9893,9692
4039: 4040,3936,4036,3938,3940,4041
4040: 4139,3936,4039,4142,4041,4141
4041: 4145,4142,3942,3940,4040,4039
9126: 9165,9085,9163,9040,9125
7557: 7641,7558,7470,7556
4044: 3946,3943,3942,4145,4045
4045: 4047,4146,3946,4044,4145
8379: 8451,8380,8306,8378
4047: 4147,4146,4045,3946,3947,4049
9330: 9526,9370,9570,9506,9313,9433
4049: 4050,3949,3947,4047,4147
4050: 4049,3949,3950,4051,4151
4051: 4050
7610: 7526,7352,7611,9301,9603
4053: 4153,4154,3952,3953,4054
4054: 4155,4053,4154,3953
8216: 8140,8291
7446: 7359,7270,7355,7696,7615,7532
4057: 3956,4157,3957
4058: 3857,3957
7663: 7579
4060: 3960,3959
8716: 8587,8584,8715,8778
4062: 
4063: 3963,4164,3962,4163
7479: 7390,7478,7391,7392
4065: 4166,4165,3964
7033: 7123,7032,6941
7457: 7456,7543,7544
4068: 4168,3967,4069,4169
4069: 4169,4070,3969,4068
4070: 4069,3969
7110: 7020,7109,7019,7199,7200
4072: 4073,4173,3972,3971
4073: 4072,4173,3972,4074,4174
4074: 4174,4073
6450: 6449,6451,6545,6546
4076: 4077,4176,4177,3976
4077: 4076,4177,3976,4078
4078: 4179,4077
9803: 157,9446,9781,9537,10037
6931: 7022,6930,7023,6932
4081: 3980,3981
8962: 8960,8857,9010,8911,9011
4083: 3982,3983
7942: 8021,7944,8020,7941,7864,7865
4085: 4186
9604: 5347,9350,9302,9632,9808
4087: 4187,4188,3986,3987
7525: 7439,7526,7351
9763: 9347,9989,9690,9993,9944
4090: 4190,3989
8275: 8348,8201,8200,8274,8276
10003: 9982,9752,9571,10039,9762
4093: 4094,4194,3993
4094: 4194,3993,3994,4093
8163: 8164,8165,8084,8389,8241
4096: 4197,4196
9509: 9303,9449,9068,9453,9477,9110
4098: 3998,3997,4198
8738: 8797,8737,8676,8677,8907
4100: 3999,4000,4201
9430: 395,341,9366,9259,9248,239
6746: 6651,6652
4103: 4002,4104
4104: 4205,4004,4103
4105: 
9508: 7777,7859,9561,9310,9643
7275: 7276,7361,7449
4108: 4007,4109
4109: 4009,4108
7735: 7818,7819,7736
7650: 7733,7649,7565
7602: 7515,7601,7516,7603,7686,7775
4113: 4114,4012,4013
4114: 4113,4013,4014,4115,4215
4115: 4216,4215,4014,4114
9470: 583,9316,650,525,9557
4117: 4118,4016,4218
4118: 4117,4218,4119
4119: 4120,4118
4120: 4119,4221
10040: 9626,163,9907,9782,9460,9580
4122: 4123,4021,4022,4222
4123: 4122,4022,4023
9335: 9246,9296,9722,9813,9645,9709
9287: 9445,9322,9315,9526,9403,9313
6610: 6705,6706,6514,6609,6708
4127: 4227,4027,3928,4029,4332
9506: 278,9330,9570,9433,66
6385: 6481,6480
9568: 8907,9423,8798,9625,9391,9349
4131: 4336,4233,4132,4231,4232
4132: 4131,4233,4030,3833,9569
9651: 9963,9942,9831
4134: 4234,9814,9328,9825,3834
4135: 3834,3934,4236
4136: 3935,4035
7413: 7325,7501
9919: 9926,9930
4139: 4040,3936,9442,9256,4239,4141
9935: 9814,9328,3733,3734,9955,9262
4141: 4343,4240,4040,4139,4142,4239
4142: 4242,4145,4041,4040,4141
7147: 7146,7148,7057,7237
7270: 7183,7359,7446,7269,7182,7355
4145: 4242,4142,4041,3942,4044,4045
4146: 4047,4147,4045,4242,4246
4147: 4047,4146,4049,4247,4248
6321: 6323,6223,6320,6418,6419
7720: 7719,7721,7802
7199: 7109,7110,7288,7200
4151: 4050,4250
8867: 8866,8919,8973,8810,8811
4153: 4053,4154
4154: 4053,4153,4155,4054,4255
4155: 4156,4054,4154,4255,4256
4156: 4155,4157,4256
4157: 4057,4156,4258
9897: 9825,9922,9890,10028
8264: 8408,8336,8189,8265,8190,8338
9435: 9543,9540,9308,9943,9647,9638
7773: 7855,7854,7774,7772
6960: 7052,6867
4163: 4063,4164,4263
4164: 4063,4165,4163,4265
4165: 4164,4065,4166,4265,4266
4166: 4065,4165,4266
6140: 9539,6041,6139,9265,6525
4168: 4068,4169,4269
4169: 4069,4168,4068
9337: 9366,9553,9440,9339,9804,9590
8514: 8513,8647,8444,8515,8648
9180: 9108,9177,9065,9145
4173: 4072,4073,4174,4274
4174: 4074,4073,4173,4274
7058: 7148,7057,6966,6967,7149,7059
4176: 4076,4177,4276
4177: 4076,4077,4176,4278
6238: 6043,6041,9311,9539
4179: 4078,4279,4280
8757: 8756,8695,8979,8873,8696,8978
8066: 8065,8144,8145
7544: 7545,7457,7543,7628
6204: 6205,6302,6106
7581: 7494,7582
8881: 8880,8987,8824,8765,8882,9037
4186: 4085,4187,4286,4287
4187: 4087,4188,4186,4288,4287
4188: 4087,4187,4288
9630: 9542,9986,9361,9572,9327
4190: 4090,4290
8933: 8879,8932,8880,8987,9079,9080
4192: 4293,4292
9321: 9514,9388,9557,10002,9788
4194: 4094,4093,4294
6504: 6408,6600
4196: 4197,4096
4197: 4096,4196,4298,4198
4198: 4298,4299,4197,4098
10027: 9866,9999
8477: 8406,8478,8475,8607,8544
4201: 4100,4301
9943: 9647,9529,9638,9435,9650
7792: 7791
9124: 9039,9125,9194,9161,9038,9162
4205: 4104,4206,4305,4306
4206: 4205,4207,4306,4307
4207: 4206,4307
9619: 10033,2106,9463,9608,2016
7020: 7110
6854: 6853,6761,6760,6855
4211: 4311
8868: 8812,9024,8811,8973,9023,8921
8701: 8820,8700,8638,8821,8878
7286: 7197,7198,7373
4215: 4115,4216,4114,4315,4316
4216: 4115,4215,4316
6607: 6606,6703,6512,6609,6705
4218: 4117,4118,4318,4319
8274: 8273,8347,8199,8200,8275,8348
6160: 6063,6257,6062
4221: 4222,4120,4322
4222: 4221,4122,4322,4323
6764: 
9289: 9705,9486,8331,8403,9534
4225: 4226,4326
4226: 4225,4227,4328
4227: 4127,4330,4226
9560: 9564,9219,9504,9567,9239,9546
8594: 8527,8526,8662,8455,8727
7100: 7190,7099,7010,7009,7101
4231: 4332,4232,4029,4030,4131
4232: 4231,4332,4131,4437,9521
4233: 4131,4336,4132,9569,4337,4234
4234: 4134,4337,9569,9328,4233
9333: 9319,9624,9585,9491
4236: 4035,3934,4135
9768: 9753,9714
6387: 6290,6386,6291,6388,6483,6482
4239: 9256,4339,4340,4139,4141,4240
4240: 4141,4343,4239,4340,4241
4241: 4341,4342,4444,4340,4240
4242: 4145,4142,4146,4343,4246
8191: 8265,8190,8115,8192,8116
8599: 8241,8462,8666,8460,8389
8304: 8449,8378,8230,8229,8303
4246: 4346,4247,4344,4242,4146,4343
4247: 4346,4246,4147,4248
4248: 4250,4347,4147,4247
9405: 728,727,9612,800,659,9551
4250: 4349,4248,4151,4350
9385: 9370,9900,9807,9300,9288
6888: 6794,6982,7163
9350: 5347,5348,9604,9632,9404,5446,5448
8538: 8405,8333,9436,9346,8539
4255: 4154,4155,4256
4256: 4357,4156,4155,4255
9030: 8981,9029,9031,8982,9074,9077
4258: 4157,4259
4259: 4260,4258
4260: 4259
9946: 3,10026,9879,9962
8374: 8300,8373,8301,8515
4263: 4364,4163
9634: 8966,9061,9892,9015,9060,9800
4265: 4365,4164,4165,4266
4266: 4367,4165,4166,4265
6242: 6243,6047,6144,6048,6147
7150: 7149,7060,7059,7151,7239,7240
4269: 4369,4168
9641: 9381,9010,9391,8856,8960
4271: 
9978: 9966,9766,9927
9299: 9274,9253,7606,9639,7858,9636
4274: 4173,4174
4275: 
4276: 4376,4176
6893: 6894,6984,6801,6799,6892
4278: 4177,4279,4379
4279: 4379,4179,4278,4280
4280: 4281,4179,4279
4281: 4280
8160: 8161,8081,8159,8386,8387
4283: 4284
4284: 4285,4385,4283
4285: 4284,4385,4286,4386
4286: 4387,4386,4186,4285,4287
4287: 4288,4388,4186,4187,4286,4387
4288: 4388,4287,4187,4188
8361: 8288
4290: 4391,4390,4190
7778: 7528,7612,7527,7694,7777,7859
4292: 4392,4192,4393
4293: 4192,4393,4294
4294: 4194,4293
4295: 
6832: 6925,6831
8591: 8592,8524,8590,8523,8657,8658
4298: 4299,4399,4198,4197
4299: 4298,4399,4198,4400
7744: 7743
4301: 4201,4402
9339: 9440,237,9553,9337
7340: 7339,7427,7428,7858,7252,7426
8744: 8746,8683,8682,8743,8861,8914
4305: 4306,4406,4205,4405
4306: 4305,4406,4407,4205,4206,4307
4307: 4206,4207,4306,4407
7399: 7311,7312,7400,7398,7487
4309: 4410,4409
6593: 6498,6688
4311: 4211
6426: 6517,6425,6422,6520,9908,6519
4313: 4314
4314: 4315,4415,4313
4315: 4314,4415,4215,4316
4316: 4417,4216,4215,4315
7078: 7520,7080,7345,7079,7433
4318: 4319,4218
4319: 4318,4218,4320
4320: 4319
6386: 6290,6387,6481,6482
4322: 4423,4422,4222,4221,4323
4323: 4425,4222,4423,4322
6508: 6413,6412,6507,6604
8086: 8008
4326: 4427,4225,4328
9063: 9141,8970,9018,9019,9105
4328: 4428,4329,4226,4427,4326
4329: 4328,4428,4330,4331
4330: 4227,4332,4329,4437,4331
4331: 4437,4333,9269,4330,4329
4332: 4231,4232,4029,4127,4330,4437
4333: 4331,9269,4430,4530,4431,9392
9245: 655,789,9635,9363,722,9552
9807: 141,16,9385,9900
4336: 4131,4233,9282,9734,9521
4337: 4234,4233,9734
4338: 4440,4539,9489,4339,4438,9331
4339: 9256,4239,4340,9489,4338,4440
4340: 4339,4239,4240,4440,4341,4241
4341: 4342,4241,4340,4441,4440,4442
4342: 4341,4444,4241,4445,4543,4442
4343: 4141,4240,4242,4246,4344
4344: 4346,4246,4343,4444,4345
4345: 4447,4446,4445,4346,4344,4444
4346: 4246,4247,4344,4347,4447,4345
4347: 4349,4248,4346,4447,4448
9358: 9493,9577,9380,518,647
4349: 4250,4347,4350,4448,4450
4350: 4352,4250,4349,4450
9132: 9046,9091,9089,9317,9170,9982
4352: 4350,4354,4453
7508: 7421
4354: 4352,4453,4455
9644: 9911,9341,6135,9896
8420: 8348,8419,8421,8490
4357: 4256,4457,4458
7951: 7870,8108,7790,7791,7952,8031
9072: 9379,9028,9029,9073
7082: 6991,9469,6897,9494,6990
6548: 6643,6547,6549
9320: 9409,9254,9397,9279,9342
8060: 7980,8061,8138
4364: 4263,4365
4365: 4265,4364,4466
6266: 6265,6168,6169
4367: 4266,4467,4468
8366: 8292,8365
4369: 4269,4470
6313: 6216,6215,6410
9199: 9167,9824,9225
9511: 9384,9575,9475,6991,9601
7383: 7296
9759: 9485,9796,9790
9709: 9645,9717,9335,9246,9761,9700
4376: 4276
9977: 9880,7609,7522,7523,9779,10031
7180: 7182,7181,7092,7091,7179,7269
4379: 4279,4278,4479
7596: 7680,7765
7133: 7043
7515: 7602,7601,7516,7428,7514
10041: 9771,9990,9957,9815,10038
9375: 9582,9396,9620,9834,9947,10032
4385: 4284,4285,4386,4485,4486
4386: 4286,4387,4285,4385,4486
4387: 4286,4386,4388,4287
4388: 4288,4287,4387
6872: 6964,6871
4390: 4391,4290,4491
4391: 4290,4390,4392,4491
4392: 4292,4391,4493
4393: 4293,4292,4493,4494
7375: 7288,7462
9369: 119,311,9580,9626,9323
7056: 6964,7146,7057
4397: 4497,4498
7231: 7319,7141,7142
4399: 4298,4299,4500
4400: 4299,4501
4401: 
4402: 4301,4502
9859: 1658,9554,9731,9924,9961
4404: 4405,4504,4505
4405: 4404,4305,4406,4505
4406: 4305,4306,4407,4405
4407: 4306,4406,4307,4508
8408: 8264,8336,8474,8540,8338,8406
4409: 4309,4410,4509,4510
4410: 4309,4409,4510
6356: 6451,6260,6357,6259
9787: 9854,9438,9892,9800,9691
7416: 7328,7417,7503,7504
6669: 6574,6763
4415: 4314,4315,4516
8099: 9465,9993,8021,8020,8100
4417: 4316,4518
9266: 9348,9718,9877,9280,9602,9523
8470: 8328,8253,8255
9366: 9259,9553,9337,9248,9590,9430
9842: 8176
4422: 4423,4322,4522,4523
4423: 4322,4422,4323,4523
8095: 8016,8096,8249,8015,8173
4425: 4323,4525,4526
6153: 6056,6055
4427: 4326,4328,4428,4528,4527
4428: 4328,4329,4427,4528,4529
7391: 7302,7304,7392,7390,7479
4430: 4333
4431: 4436,9392,4333,4530,4634,4534
9077: 9236,9157,9030,9031,9074,9119
9540: 9512,9543,9435,9647,9967,9406
7770: 7934,7771,7769,7772
9191: 9120,9190,9121,9218,9216,9238
4436: 4431,9392,9633,4534,4836,4938
4437: 4331,9269,4330,4332,4232,9521
4438: 9522,9331,4338,4539,4640,9498
7873: 7952
4440: 4441,4338,4539,4339,4340,4341
4441: 4440,4539,4341,4541,4540,4442
4442: 4643,4543,4441,4341,4342,4541
9828: 9984,9456,9681,9450,9545,9739
4444: 4342,4241,4344,4345,4445
4445: 4345,4446,4342,4444,4543,4650
4446: 4447,4345,4445,4548,4650
4447: 4345,4446,4346,4347,4448,4548
4448: 4449,4450,4548,4349,4347,4447
4449: 4448,4450,4548,4551,4652
4450: 4449,4448,4349,4350,4551
9004: 9005,8898,9054,8841,8950,8840
9595: 2664,2761,9532,9605,9479
4453: 4553,4352,4354,4455,4555
9317: 9089,9297,9132,9571,9556,9982
4455: 4555,4354,4453,4456
4456: 4557,4457,4455
4457: 4557,4456,4357,4458
4458: 4459,4559,4357,4457
4459: 4458,4559
6892: 6797,6891,6703,6799,6984,6893
8715: 8776,8714,8584,8650,8716
4462: 4463
4463: 4462
8044: 7965
10018: 9549,9985,5346,9755
4466: 4566,4365,4467
4467: 4468,4367,4466
4468: 4467,4569,4367
8650: 8447,8584,8649,8714,8715
4470: 4369
4471: 
7556: 7555,7469,7470,7641,7557
4473: 4574,4573,4474
4474: 4475,4574,4473
4475: 4474,4576
7302: 7391,7301,7389,7390
6378: 6474,6282
4478: 4479,4579
4479: 4478,4579,4379
4480: 4580,4481
4481: 4582,4480
8702: 8823,8638,8639,8703,8764
4483: 4584
8153: 8230,8229,8074,8152
4485: 4486,4385
4486: 4485,4385,4386
9731: 9859,9924,9961,10021,9816
7913: 7912,7831,7832,7914,7993
9531: 9785,9400,9457,9559
7390: 7478,7479,7389,7302,7391
4491: 4592,4591,4391,4390
7528: 7442,7354,7612,7778,7527,7443
4493: 4392,4393,4494
4494: 4495,4393,4493
4495: 4494,4596
9932: 10011,10036,9744,3340,9756
4497: 4498,4397
4498: 4497,4397
9047: 8946,8945,8999,9046,9091,9092
4500: 4399
4501: 4502,4400
4502: 4501,4402,4603
9605: 9479,9595,2473
4504: 4604,4404,4505,4605
4505: 4605,4606,4405,4404,4504
7341: 7252,7161,7162,7606,7518,7430
7671: 
4508: 4509,4609,4407
4509: 4508,4609,4610,4409,4510
4510: 4611,4409,4410,4509,4610
9904: 9284,9419,9649,9628,9271,9875
8597: 8596,8663,8790,8529,8666,8665
4513: 4514,4613
4514: 4513,4615
7299: 7298,7386,7212,7300
4516: 4616,4415,4617
8740: 8679,8799,8481,8550,8739,8678
4518: 4417
8539: 8540,8475,9346,8538,9376
8857: 8960,8962,8801,8743,8913,8911
4521: 4621,4522
4522: 4523,4422,4521
4523: 4522,4423,4422
7520: 7344,7692,7078,7522,7433
4525: 4626,4625,4526,4425
4526: 4626,4525,4425,4527
4527: 4528,4427,4526
4528: 4527,4427,4428,4529
4529: 4530,4630,4428,4528
4530: 4529,4634,4333,4431
9814: 9935,9328,9955,9825,9922,4134
6956: 6957
9214: 9073,9074,9119,9115,9234,9187
4534: 4733,4937,4836,4634,4436,4431
9563: 9444,9584,9141,9105,9143,9175
7176: 7179,7178,7266,9406,7442,7268
7635: 7550,7719
8907: 9423,8798,9568,8797,8738
4539: 4441,4338,4440,4438,4640,4540
4540: 4541,4642,4641,4441,4539,4640
4541: 4642,4540,4441,4643,4745,4442
8871: 8694,8815,8925,8814,9208
4543: 4644,4643,4442,4342,4445,4650
7947: 7946,7867,7948,8028,8026,8106
7514: 7600,7426,7425,7515,7601
9743: 9980,9812
8656: 8782,8657,8590,8589,8718,8655
4548: 4449,4448,4447,4446,4652
9427: 251,416,9371,154,9642,358
9637: 9382,9255,9251,724,794,9415
4551: 4553,4449,4450,4654
7022: 6931,6930,7023,7112,7113
4553: 4453,4551,4555,4655
6519: 6709,6517,6426,6520,6804
4555: 4455,4453,4553,4657
6528: 6529,6624,6623,6526,6432,6527
4557: 4457,4456,4659,4658
7359: 7183,7270,7446,7360,7532,7617
4559: 4458,4459,4660,4661
6567: 6472,6662
4561: 4662,4663
8426: 8495,8630,8496
7801: 7719,7802
7503: 7675,7416,7504,7674
4565: 4566,4667
4566: 4466,4565,4667
8425: 8495,8494,8424
8705: 8766,8826,8767
4569: 4468,4671
9507: 9802,9387,9548,9558,9672
9457: 8168,9466,9559,9531,8244
8636: 8502,8570,8568,8634,8700,8698
4573: 4574,4473,4675
4574: 4473,4573,4474,4675
7277: 7278,7276,7364
4576: 4475,4577,4677
4577: 4576
6909: 7262,7000,6724,7086,6910,7001
4579: 4478,4479,4680
4580: 4480,4681
8417: 8486,8554,8346,8418,8487
4582: 4481,4683
4583: 
4584: 4685,4585,4483
4585: 4584,4687
9973: 9728,247,9823
6223: 6126,6321,6125,6320
6370: 6371
9402: 9499,9354,9643,10034,9465
4590: 4591,4691,4692
4591: 4592,4491,4590,4692,4693
4592: 4491,4591,4693
7318: 7319,7317,7405
6640: 6735,6641,6639,6734
8436: 8704
4596: 4495,4697
4597: 
8049: 8050,7970
6196: 6098,6099,6293
9893: 9786,9336,9437,9692,9097
10021: 9267,9961,9731
8570: 8502,8636,8434,8639,8700,8638
4603: 4604,4502
4604: 4504,4603,4605
4605: 4505,4606,4504,4604,4707
4606: 4505,4605,4607
4607: 4606
6748: 6653,6654,6749,6841
4609: 4508,4509,4610,4710
4610: 4509,4609,4510,4611
4611: 4510,4610,4712
4612: 4613
4613: 4612,4513,4715
6674: 6768,6769
4615: 4514,4616,4716,4717
4616: 4516,4615,4617
4617: 4618,4616,4516
4618: 4617,4719,4720
9592: 9437,9353,9005,9356,9098,9336
4620: 4621,4722
4621: 4521,4620,4722
7347: 7523,9779,7258,7259,7435
8271: 8272,8344,8197,8270
8478: 8479,8406,8477,8613,8544,8614
4625: 4626,4525
4626: 4525,4625,4526
9663: 9758,9918,9414,9879
6756: 6662,6757,6661,6849
9554: 9859,1658,1657,9961,9389,1741
4630: 4529,4634,4731
6918: 7009,6917,7008
6935: 7026,6934,6843,7027
8555: 8488,8487,8621,8685,8622
4634: 4530,4630,4431,4733,4534
9382: 9255,9637,9500,9399,868,724
9922: 9825,9897,9955,9876,9814
4637: 4638,4737,4838,4839
4638: 4637,4739,4639,4839
4639: 4740,9777,4638,4739
4640: 9538,9498,4438,4539,4540,4641
4641: 4642,4540,4640,9538,4742,4743
4642: 4541,4540,4641,4745,4744,4743
4643: 4645,4644,4543,4745,4442,4541
4644: 4645,4643,4543,4751,4650,4750
4645: 4644,4643,4745,4747,4849,4750
9923: 56,9933,9809,9589
6341: 6437,6342,6244,6246,6339,6436
9257: 9770,9612,9281,593,594,9551
9707: 9829,9760,9655,9421
4650: 4651,4751,4446,4445,4644,4543
4651: 4650
4652: 4753,4449,4548
6478: 6574
4654: 4655,4551
4655: 4654,4553,4757
8893: 8776,8837,8946,8835,8947
4657: 4757,4555,4658
4658: 4659,4557,4657
4659: 4760,4658,4557,4660
4660: 4559,4659
4661: 4559,4662
4662: 4663,4763,4561,4661
4663: 4662,4763,4561,4664
4664: 4665,4663
4665: 4664,4766
7125: 7124
4667: 4565,4566,4767
8301: 8300,8374,8227
6596: 6691
4670: 
4671: 4569,4771
6591: 6590
4673: 4773
9633: 9459,9483,4436,9392
4675: 4574,4573
6339: 6434,6436,6338,6243,6244,6341
4677: 4576,4778
6846: 6753,6847,6939
6531: 6434,6436,6433,6627,6721,6626
4680: 4579
4681: 4580
6664: 6665
4683: 4684,4582,4783
4684: 4683,4685
4685: 4584,4684
8587: 8519,8716,8654,8778,8779
4687: 4585,4787
6991: 7082,9469,9511,9601,9309
7555: 7556,7469,7639
6978: 7070,6979,6885,6886
4691: 4692,4590
4692: 4691,4590,4591,4793,4693
4693: 4793,4592,4591,4692
4694: 4795
6906: 6720,6721,6815,7085,7083,6997
4696: 4697,4797
4697: 4696,4797,4596
9013: 9012,9059,9100
4699: 4799,4800,4700
4700: 4800,4699,4701
4701: 4702,4700
4702: 4701,4802
4703: 4804
8678: 8739,8677,8614,8480,8481,8740
9887: 9689,9599,9799
4706: 4707,4807
4707: 4807,4605,4706
9985: 9820,9871,5346,10017,10018
4709: 4809,4710,4810
4710: 4810,4811,4609,4709
7677: 7761,7593
4712: 4611
7345: 7075,7080,7074,7344,7078
4714: 
4715: 4815,4613,4716
4716: 4817,4615,4715,4717
4717: 4615,4817,4716
9903: 9902,9715,9708
4719: 4720,4821,4618
4720: 4719,4821,4618
7219: 7130,7220,7129
4722: 4823,4620,4621,4822
7952: 8032,7873,8031,7791,7951,7953
4724: 4725,4825,4824
4725: 4724,4825,4826
6647: 6551,6648,6552,6741
7832: 7914,7750,7831,7913
7787: 7705,7704,7786,7788,7948,7949
4729: 4730,4829
4730: 4830,4729,4831,4731
4731: 4832,4831,4630,4730
7771: 7935,7934,7770,7772,7854,7936
4733: 4936,4937,4534,4634,4832
6605: 6700,6604,6606,6510
7608: 9517,7434,10009
4736: 4837,4938,4939
4737: 4837,4637,4838
7266: 9967,9406,7176,7442,7354
4739: 4638,4639,4740,4839,4941,4840
4740: 4639,9777,4739,4841,4840
7821: 7739
4742: 4944,4843,9573,9538,4641,4743
4743: 4744,4845,4642,4641,4742,4944
4744: 4947,4845,4743,4642,4745,4747
4745: 4645,4643,4541,4642,4744,4747
9353: 9437,9592,9356,9334,9917
4747: 4949,4849,4645,4745,4947,4744
7141: 7142,7231
9305: 9265,9306,9471,9901
4750: 4853,4852,4645,4644,4751,4849
4751: 4650,4644,4853,4750
9714: 9753,9768,10012,10031
4753: 4652,4855,4955
9611: 64,99,9428,9445,14,9566
8874: 8697,8818,8979,8928,9027
7694: 9301,7611,7527,7778,7777
4757: 4657,4655,4858,4859
9705: 9289,9486,8330,9729
9805: 7265,9773,9650,9647,9967
4760: 4659
9889: 9691,9854
4762: 4763
4763: 4662,4663,4762,4864,4865
4764: 
6326: 6327,6423,6231,6128,6130,6227
4766: 4767,4665,4867
4767: 4766,4667,4869
9685: 9847,9908,9914,9432,9278,9341
4769: 4871
7388: 7301,7300,7389,7475
4771: 4671,4872
6520: 9847,9908,6426,6519,6614,6804
4773: 4673,4873
9876: 9766,9927,3635,9955,9922
8171: 8012,9400,7850,9518,8093,7932
7939: 
9543: 9512,9540,9435,7173,9308,7262
4778: 4779,4677,4879,4880
4779: 4778,4880,4881
8286: 8430,8211
7732: 7733,7649
6549: 6645,6550,6548
4783: 4683
9456: 9828,9984,9378,9545
8507: 8766
6193: 6290,6291
4787: 4687,4888
4788: 4889,4890,4789
4789: 4891,4892,4788,4890
9518: 9525,8170,8171,8012,9400,9559
6915: 7003,6821,6912,6823,6916
8201: 8125,8200,8275,8276
4793: 4693,4692
6790: 6696,6884,6695
4795: 4694,4796,4897
4796: 4797,4795,4897
4797: 4696,4697,4796,4899
7317: 7228,7318
4799: 4699,4800,4900
4800: 4700,4799,4699,4902
9852: 9915,9835,9453,9622,9303
4802: 4702,4904
9728: 9973,247,300,9769,9823,9656
4804: 4703,4905,4906,4805
4805: 4907,4804,4906
7130: 7131,7219,7220,7039,7129
4807: 4707,4706
8648: 8515,8514,8647,8711,8649
4809: 4709,4810,4910
4810: 4710,4811,4809,4709
4811: 4710,4810,4913
6586: 6585,6682,6681
7548: 7462
7627: 7628,7711,7543,7542
4815: 4715,4916,4917
8382: 8453,8309,8454,8383
4817: 4716,4717,4818,4918
4818: 4819,4817,4919,4920
4819: 4818,4920
7593: 7677
4821: 4719,4720,4922
4822: 4722,4823,4924
4823: 4722,4824,4822,4924,4925
4824: 4823,4724,4825,4925
4825: 4724,4725,4826,4824,4927
4826: 4725,4825,4827,4927
4827: 4829,4826,4929
8258: 8106,8331,8184,8028,8403
4829: 4827,4729,4929,4930
4830: 4730
4831: 4832,4731,4730
4832: 4831,4731,4936,4733,4934
6777: 6682,6683,6871
7934: 7771,7770,8013,8015
7060: 7150,7059,6969,7151
4836: 4937,4534,4436,4938,5040
4837: 4737,4736,4939,4940,4838
4838: 9670,4940,4737,4837,4637,4839
4839: 4941,4637,4638,4739,4838
4840: 4841,4942,4739,4740,4941
4841: 4942,4840,9868,4740
4842: 5043
4843: 4742,4944,5044,9573,9352,9482
6280: 6182,6183,6279
4845: 4947,4744,4743,4944,4946
7284: 7283,7195,7371
6437: 6341,6342,6438,6436,6627,6628
6911: 7002,6910,6725,6912,7003
4849: 4747,4949,4950,4645,4852,4750
7918: 7836,7917,7837,7999
8112: 8189,8033,8188,7954,8114,7956
4852: 4853,4954,4750,4849,4950
4853: 4954,4852,4750,4751,4955
7228: 7317,7316
4855: 5055,4955,4753,4856
4856: 4958,4858,4957,4855
9675: 10033,9659
4858: 4958,4856,4757,4859
4859: 4960,4757,4858
9444: 9660,9584,9563,9407,9141,9661
7667: 7750,7582,7668,7751
4862: 
8908: 8681,8856,8741,8680
4864: 4865,4964,4763
4865: 4864,4763,4866
4866: 4867,4967,4865
4867: 4866,4967,4766,4968
8661: 8844,9260,8593,8659
4869: 4870,4767,4969
4870: 4869,4871
4871: 4872,4769,4870
4872: 4871,4771
4873: 4773
8351: 8352,8278,8422,8423
7743: 7659,7744,7742,7825
4876: 
4877: 4878,4978
4878: 4879,4979,4978,4877
4879: 4878,4979,4778,4880,4980
4880: 4881,4980,4778,4779,4879
4881: 4880,4779,4882
4882: 4883,4881
4883: 4882
9687: 8101,8252,9314,9953,8178,9783
8043: 
4886: 4986,4887
4887: 4888,4886
4888: 4887,4787
4889: 4990,4788,4890
4890: 4889,4990,4788,4891,4991,4789
4891: 4992,4991,4892,4789,4890
4892: 4891,4789,4893
4893: 4892
6323: 6126,6321,6127,6420,6226,6419
9898: 6615,6617,9906,10016
9123: 8989,9037,9081,9160,9161,9038
4897: 4997,4795,4796,4998
7653: 7736,7569,7737
4899: 4797,4900
4900: 4799,4899
8542: 8611,8675,8607,8544,8674
4902: 5003,5002,4800
6964: 7056,6872,6871,7055
4904: 4802,4905,5005
4905: 4906,5005,4804,4904
4906: 4905,4804,4907,4805,5007
4907: 4805,5007,4906
9726: 9861,9784,9849,9668,9666,9979
4909: 5010,5110,5009
4910: 5010,4809
9820: 9985,9871
9473: 9324,9527,9468,9439,9464
4913: 5013,4811
9249: 9360,9562,9429,5444,5543,9583
4915: 5015,4916,5016
4916: 5016,5017,4917,4815,4915
4917: 4916,5017,4815,5018,4918
4918: 5018,4817,4917,4919
4919: 4920,4818,4918
4920: 4919,4819,4818
8328: 8470,8253
4922: 5023,5022,4821
9585: 9319,9333,9913
4924: 4822,4823,4925
4925: 4823,4824,4924
6553: 6648,6552,6554
4927: 5027,4825,4826
9049: 9092,9133,9340,9000,9001,9285
4929: 4827,4829,4930
4930: 5032,4829,4929
9964: 6527,6622,9873,6526,9872,9776
7064: 7154,7063,6972,6973,7155
6639: 6734,6640
4934: 5033,5036,4832,4936,5037
7921: 7839,7922,8002,7838,8001
4936: 4733,4937,4832,4934,5037,5141
4937: 4936,4733,4534,4836,5040,5141
4938: 5041,4939,4436,4736,4836
4939: 5041,4938,4736,4837,9280,4940
4940: 9280,9670,4838,4837,4939,9877
4941: 4839,4739,4840
4942: 4841,4840,9868
4943: 
4944: 4742,4843,5044,4845,4743,4946
8063: 7984,8064,8062,8142
4946: 5046,4944,5044,4845,5144
4947: 4744,4845,4747,4949,5046,5048
6657: 6658,6561,6656
4949: 4747,4849,4950,4947,5051,5048
4950: 4949,4849,4852,5051,5052
9553: 9366,9259,9337,9339,238,288
9995: 9916,9716,9653,9881
9153: 9182,9186,9114,9115,9187
4954: 4853,4852,5055,4955,5054
4955: 4855,5055,4753,4853,4954
7239: 7327,7328,7240,7149,7150,7238
4957: 4958,4856
4958: 4858,4957,4856
6185: 6088,6283,6282
4960: 4859,5060
6930: 7022,6931,6837,6929
8943: 9090,8890,8891,8995,8889,9045
7586: 7587,7670
4964: 4864,5064
9080: 9122,9121,8933,8987,9081,9079
7117: 7118,7207,7026,7027
4967: 4866,4867,4968
4968: 4969,4867,4967,5069
4969: 4968,4869,5069,5070
7936: 9434,8018,7855,7854,7935,7771
9310: 7697,9458,9508,7859,9643,9354
7154: 7153,7063,7064,7155,7244
9819: 725,9399,796,9748,9500,9972
9288: 9431,9300,9464,9385
4975: 5075
9667: 9301,9603,9561,10019,9884
9936: 9643,9710,10034,9695
4978: 4878,4979,4877,5078
4979: 4878,4879,4978,4980
4980: 4880,4879,4979
7456: 7457,7543,7542,7368,7455
6949: 6948,6856,6950,7041
9925: 9878,9972
9290: 9622,9252,9467,9478,9453,9477
7487: 7399,7400,7488
4986: 4886,5086,5087
4987: 
6990: 6989,6896,6803,6897,7082
9767: 9661,9854,9660,9926,10043
4990: 4889,4890,4991,5090,5091
4991: 4891,4992,4990,4890,5091,5092
4992: 4891,4991,5092,5093,4993
4993: 5094,5093,4992
8614: 8677,8678,8479,8478,8480,8613
9725: 6809,9817,9975,6900,6992
4996: 4997,5097
4997: 4996,4897,4998,5097
4998: 4897,4997
7164: 7073,7074,7342,7431,7691
5000: 
8084: 8238,8083,8004,8005,8163
5002: 5003,4902
5003: 4902,5002
9163: 9126,9165,9125,9243,9501
5005: 4905,4904,5105,5106
6900: 6992,9725
5007: 4907,4906,5108
8096: 8095,8016,8017,8173,8175,8097
5009: 5110,4909,5109
5010: 4910,4909,5110,5111
6206: 6109,6207,6303,6205
5012: 5013,5113
5013: 5012,4913,5113
9865: 9818
5015: 4915,5016,5115,5116
5016: 4916,5017,5015,4915,5116
5017: 4916,5016,4917,5018
5018: 4918,5017,4917,5119
9818: 9757,9865,9958
8686: 8490,8624,8622,8748,8687
7348: 7259,7170,7349,7435,7436
5022: 5023,4922,5123
5023: 4922,5022,5123,5124
7745: 
9930: 9926,9919,9971,10043
9863: 9673,9672,9615,9548,9749,9811
5027: 4927
9884: 10019,9848,9667,9603
8730: 8792,8665,8462,8666,8668
9364: 9608,2109,9261,9325,1747,2110
5031: 5233,5133,5032
5032: 4930,5033,5133,5031
5033: 4934,5036,5032,5133,5136
8978: 9070,9112,8757,8979,8873,9027
9998: 
5036: 5033,4934,5138,5037,5136
5037: 5138,5142,5141,4936,4934,5036
8192: 8193,8116,8268,8191
7802: 7884,7720,7719,7801
5040: 5041,4937,4836,5141,5143
5041: 4938,5040,4939,9280,9602,5143
9704: 9679,9796,9790,3139
5043: 9352,10013,4842
5044: 4944,4843,9408,5144,9482,4946
9229: 9182,9186,9754,9738,9185
5046: 4946,5150,5047,4947,5144,5048
5047: 5150,5046,5144,5247,5148,5145
5048: 5051,5151,4947,4949,5150,5046
8457: 8527,8526,8458,8311,8386
7145: 7234,7054,7055
5051: 5152,5151,5048,4949,4950,5052
5052: 5154,5153,4950,5152,5051
6448: 6449,6545
5054: 5155,4954,5055,5154
5055: 4855,4955,4954,5054
8017: 9373,9434,8016,8096,8097
9536: 456,293,515,9298,9268,9577
8662: 8527,8594,8596,8663,8727,9623
9772: 9424,9332,3536,9620
5060: 5160,4960,5159
9804: 9698,9440,9337,9441,9590
5062: 5163
7280: 7279,7367,7191,7192,7368
5064: 4964
8565: 8498,8632,8497,8631,8756,8695
5066: 5167
6414: 6317,6413,6510
7367: 7279,7280,7368,7455,7540
5069: 4969,4968,5070
5070: 5071,4969,5069
5071: 5171,5070,5172
9646: 9599,9513,9723
9980: 9291,9363,9812,9743
6813: 9377,9607,6904,6624,6623,6720
5075: 5175,4975,5176
6934: 6841,7026,6935,6933
8186: 8261,8110,8032,8031,8260
5078: 4978
8980: 8929,8928,9027,9071,8981,9028
9821: 407,9719,9270
8076: 8155,8075,8154,7996
5082: 
5083: 5184,5084
5084: 5083,5184,5085,5185
5085: 5185,5186,5084,5086
5086: 5087,4986,5085,5186
5087: 5086,4986,5088
5088: 5087
5089: 5189,5090,5190
5090: 5091,5190,4990,5089
5091: 5090,4990,4991,5092,5192
5092: 5193,5192,4992,4991,5091,5093
5093: 5094,5194,4993,4992,5092,5193
5094: 5194,5195,5093,4993,5095
5095: 5096,5196,5094,5195
5096: 5095,5196,5197
5097: 4996,4997
8175: 8176,9683,8097,8096,8250,8173
8772: 8712,8711,8888,8710,8889,8890
8700: 8701,8820,8698,8570,8636,8638
8288: 8361,8213
8711: 8712,8772,8647,8648,8710
9465: 8099,9993,9944,9402,9499,10034
5104: 5105,5204
5105: 5104,5005,5106
5106: 5207,5005,5105
8751: 8625,8688,8810,8627,8560
5108: 5109,5209,5007
5109: 5108,5209,5009
5110: 5211,5009,4909,5010,5111
5111: 5010,5110,5211
9769: 299,411,9823,9728,412,9656
5113: 5213,5214,5012,5013
9244: 9398,9476,10010,1928,9810
5115: 5116,5215,5015
5116: 5115,5015,5016
7057: 7148,7058,7056,6966,7147
7723: 7806,7639,7724
5119: 5220,5018
6200: 6298
5121: 
6618: 10035,6138
5123: 5023,5022,5124
5124: 5125,5224,5023,5123
5125: 5124,5225
10024: 9729,9928,9472,9733,9951
9309: 9724,9601,6991,9469,9801
9724: 9601,9860,9309,9764,9696
5129: 5130,5230,5229
5130: 5129,5230
7859: 7777,9508,7612,7778,7697,9310
6406: 6405
5133: 5233,5031,5032,5033,5234,5136
8439: 8440,8509,8368
9694: 8734,9886,9832
5136: 5236,5234,5033,5036,5133
9760: 9707,9829,9736
5138: 5142,5037,5036,5239,5243
9001: 9750,9094,8949,9049,9340,9000
7993: 7992,7912,7913
5141: 5142,5037,4936,4937,5040,5143
5142: 5138,5037,5141,9454,5143,5243
5143: 9454,9602,5041,5040,5142,5141
5144: 9408,5247,5044,4946,5046,5047
5145: 5148,5249,5247,5047,5347,5348
8698: 8820,8700,8636,8634,8697,8818
7526: 7439,7175,7525,7352,7610
5148: 5249,5250,5145,5150,5047,5251
8787: 8846,9284,8786,8954
5150: 5046,5047,5151,5048,5148,5251
5151: 5152,5051,5048,5150,5252,5251
5152: 5051,5151,5052,5153,5252,5253
5153: 5052,5154,5152,5255,5355,5253
5154: 5052,5153,5155,5054,5255
5155: 5157,5054,5256,5255,5154
8296: 8370,8221,8222,8369
5157: 5155,5256,5258
6252: 6349,6348,6155
5159: 5060,5160,5259,5260
5160: 5060,5159,5261,5260
6742: 6648,6835
9823: 9769,411,9973,9728,410
5163: 5062,5263
8823: 8702,8824,8764,8879,8880
7847: 7680,7763,8010,7929
9148: 9110,9109,9066,9449
5167: 5168,5066,5267,5268
5168: 5167,5268,5269
9960: 10005,9664,9128,9894,9629,9318
6970: 6969,7062
5171: 5071,5172,5271,5272
5172: 5171,5071,5272
6721: 6720,6627,6626,6906,6531,6815
7902: 7901,7903
5175: 5075,5176
5176: 5177,5175,5075,5277
5177: 5176,5277,5278
9918: 9758,9663,9414,54,9295,9528
9420: 9277,9640,9618,9217,9307,9613
5180: 5181,5281
5181: 5182,5180,5281
5182: 5181,5283
8339: 8480,8265,8338,8479
5184: 5083,5084,5185,5285
5185: 5085,5186,5184,5084,5285,5286
5186: 5085,5185,5086,5286,5287
8208: 8207,8209,8282
9100: 9013,9099
5189: 5089,5190,5289,5290
5190: 5090,5089,5189,5290
8709: 8831,8710,8579,8647,8770,8645
5192: 5092,5193,5091
5193: 5092,5192,5194,5093,5294
5194: 5094,5195,5093,5193,5294,5295
5195: 5094,5194,5095,5196,5295,5296
5196: 5095,5096,5197,5195,5296
5197: 5096,5196,5298
7696: 7443,7355,7612,7446,7697,7615
8878: 8879,8932,8701,8984,8821
5200: 5201,5300
5201: 5202,5200,5302
5202: 5201,5302
9535: 3045,9541,3245,9351,9555,3145
5204: 5104,5304
8236: 8158,8310,8159,8311,8386
7806: 7888,7723,7724
5207: 5106,5307,5308
8346: 8273,8347,8418,8272,8417
5209: 5108,5109
7705: 7704,7787,7789,7788
5211: 5110,5111,5312
9874: 9747,9669,9737,9774,9665
5213: 5113,5214,5313
5214: 5113,5213,5215
5215: 5115,5214
9418: 3437,9621,9912,9424
7516: 7515,7602,7428,9274,7603,9631
9336: 9098,9437,9592,9097,9893
8309: 8307,8234,8310,8382
5220: 5119
9185: 9738,9211,9186,9229
7112: 7113,7022
9377: 6813,9607,6904,9362,9529,9638
5224: 5124,5225,5325
5225: 5125,5224,5226,5325
5226: 5227,5225,5327
5227: 5226,5327,5328
6984: 6893,6891,6892,6983,7075
5229: 5129,5230,5329
5230: 5129,5130,5229,5331,5332
8734: 9694,8609,8611,9886,8674
6994: 9362,6811,6993,6902,6904
5233: 5133,5031,5333,5234,5334
5234: 5236,5136,5233,5133,5334,5335
9416: 72,105,9565,44,9329,9272
5236: 5234,5136,5338,5335,5337
5237: 
8559: 8422,8493,8423,8625,8560
5239: 5338,5341,5243,5138,5343
9008: 9007,8955,9988
9754: 9209,9182,9229,9885,9738
7068: 7160,7067
5243: 5239,5138,5142,9454,9294,5343
5244: 5345
7192: 7103,7102,7191,7280
6950: 6949,7041
5247: 9408,5144,9302,5047,5347,5145
6349: 6252,6348,6350
5249: 5148,5250,5145,5348,5350,5349
5250: 5148,5249,5352,5251,5350,5451
5251: 5352,5252,5150,5151,5148,5250
5252: 5352,5353,5251,5152,5151,5253
5253: 5354,5355,5152,5153,5252,5353
9252: 9290,9622,9478,9355,9588,9593
5255: 5155,5256,5154,5153,5355,5356
5256: 5157,5155,5255,5358,5356,5258
6744: 6837
5258: 5259,5359,5157,5256,5358
5259: 5360,5359,5258,5159,5260
5260: 5261,5361,5159,5160,5259,5360
5261: 5361,5260,5160
9758: 9663,9918,57,9295
5263: 5363,5163,5364
9678: 10025,9480,9360,9452,9711
8960: 8857,8962,8856,8801,9641
5266: 5267,5366
5267: 5266,5167,5268,5368
5268: 5269,5368,5167,5168,5267
5269: 5268,5168,5370
5270: 5370,5371,5271
5271: 5272,5372,5171,5270,5371
5272: 5271,5372,5171,5172
9484: 9733,9413,9376,9390,9346,9928
5274: 5374,5375
9532: 2569,9510,9286,9479,9595,2664
9291: 9363,9980,9812,9264,9530,9635
5277: 5278,5177,5176
5278: 5277,5177,5379
8278: 8352,8279,8351
5280: 5381,5480,5380
5281: 5381,5180,5181
7488: 7400,7401,7487
5283: 5383,5182,5384
8344: 8271,8343,8270,8485,8486
5285: 5184,5185,5286
5286: 5387,5185,5186,5285,5287
5287: 5388,5186,5286,5387
9665: 9737,9874
5289: 5290,5390,5189,5389
5290: 5289,5390,5189,5190
9016: 8861,8914,9060,8915,9017,9061
6828: 6829,6921,6734,6735,6920
6884: 6790,6885
5294: 5394,5193,5194,5295,5395
5295: 5395,5194,5195,5294,5296
5296: 5195,5196,5295
6983: 7073,7074,6891,6982,6984,7075
5298: 5197,5398
5299: 5300,5400
5300: 5400,5200,5299
9055: 9356,9448,8842,8843,8898
5302: 5403,5202,5201
7490: 7577,7402,7576
5304: 5404,5204
7763: 7679,7680,7847
8799: 8679,8740,8741,8739,8798,9625
5307: 5308,5408,5207,5407
5308: 5307,5408,5207
8519: 8587,8449,8450
8179: 8253,8255,9953,8103,8401
5311: 
5312: 5313,5413,5211
5313: 5312,5413,5213
7691: 7431,9627,7164,7518,7342,9639
6862: 6954,6768,6769
8983: 9031,8982,9032,8929,8984,8930,9033
5317: 5417
6172: 6074,6270,6269
5319: 5419
9880: 9977,7609,7434,10012,10031,10009
9265: 6139,9305,9306,6041,6140
5322: 5422,5323
5323: 5322
9246: 1243,9443,9335,9296,9761,9709
5325: 5426,5224,5225
8182: 8330,8103,8257,8025,8178
5327: 5428,5227,5226,5328
5328: 5329,5227,5327,5428
5329: 5328,5430,5229
7935: 7771,9434,7936,8016,8015
5331: 5432,5332,5230,5430
5332: 5432,5331,5230,5333
5333: 5233,5332,5434,5334
5334: 5434,5436,5233,5333,5234,5335
5335: 5437,5337,5236,5234,5436,5334
6291: 6388,6193,6290,6387
5337: 5437,5335,5438,5236,5338,5340
5338: 5239,5341,5236,5337,5340
8363: 8434,8435
5340: 5444,5440,5338,5341,5438,5337
5341: 5338,5239,5343,5340,9562
6998: 6724,7086,6997,6723,6629
5343: 9294,9503,5239,5341,5243,9562
8136: 8137,8213,8058,8135
5345: 5244
5346: 9632,9808,10017,9985,10018,9755
5347: 5348,9604,9350,5247,9302,5145
5348: 5347,9350,5249,5145,5448,5349
5349: 5350,5550,5348,5249,5549,5448
5350: 5349,5551,5550,5249,5250,5451
8412: 8413,8268,8481
5352: 5252,5353,5251,5250,5451,5452
5353: 5352,5252,5354,5253,5452,5453
5354: 5355,5455,5253,5353,5453,5454
5355: 5354,5455,5253,5153,5255,5356
5356: 5358,5357,5256,5255,5355,5455
5357: 5358,5356,5455,5457,5555,5458
5358: 5356,5357,5256,5359,5258,5458
5359: 5259,5360,5258,5358,5459,5458
5360: 5259,5359,5361,5260,5459,5460
5361: 5261,5260,5360,5461,5460
9286: 9862,9845,9997,9532,9510,9479
5363: 5263,5364,5462
5364: 5365,5363,5263
5365: 5364,5366
5366: 5266,5365,5466
6954: 6862
5368: 5268,5267,5467
6147: 6244,6148,6051,6048,6242
5370: 5270,5371,5269,5470
5371: 5270,5370,5271,5470
5372: 5271,5272,5472
7301: 7388,7300,7389,7302
5374: 5274,5375
5375: 5374,5274,5475
8170: 9525,7929,9518,8010,7931,8012
9020: 9106,9175,9021,9143,9109
7970: 8050,8049,7890
5379: 5380,5278,5478
5380: 5379,5280,5480
5381: 5280,5281,5480,5481
7290: 7289,7377
5383: 5283,5384,5483
5384: 5383,5283,5483
9380: 9958,9746,9298,9358,9577
7208: 7118,7207,7119,7209,7296
5387: 5286,5287,5388,5487
5388: 5287,5389,5387,5487,5488
5389: 5388,5289,5488,5489
5390: 5289,5290,5489,5490
8911: 8964,9011,8857,8962,8913,8966
5392: 5393,5491,5492
5393: 5394,5392,5492
5394: 5294,5393,5395,5494
5395: 5295,5294,5394,5494,5495
9662: 10001,9822
8657: 8782,8656,8590,8591,8721,8658
5398: 5298,5497,5498
5399: 
5400: 5300,5299,5499,5500
8697: 8634,8696,8818,8874,8698
9272: 185,9515,9565,9416,105,232
5403: 5302,5404,5502,5503
5404: 5304,5403,5503,5504
7879: 7797,7878,7880,7798,7959
5406: 5407,5505,5506
5407: 5406,5307,5408,5506
5408: 5307,5308,5407,5508
9626: 163,10040,9580,9369,208
5410: 5509,5510
8268: 8192,8193,8194,8413,8412
7532: 7617,7698,7779,7359,7446,7615
5413: 5312,5313,5513
9528: 9247,9295,9372,9918,127,54
6757: 6662,6756
9617: 8786,8954,9938,8784,9334,9448
5417: 5317,5418
5418: 5419,5417,5518
5419: 5319,5418,5518
6328: 9432,9278,6133,6038,6327,6231
5421: 5422,5520
5422: 5322,5421
7079: 7258,7433,7169,9384,9575,7078
5424: 
6493: 6588,6396
5426: 5325
6699: 6794,6603,6700
5428: 5327,5328,5527,5528
8406: 8478,8477,8408,8540,8475
5430: 5329,5331
7135: 7225,7224
5432: 5331,5332,5631
9609: 9579,9572
5434: 5436,5334,5333
7437: 7349,7436
5436: 5434,5334,5437,5335,5535
5437: 5335,5438,5337,5436,5535,5536
5438: 5437,5337,5440,5340,5536,5538
9613: 9610,9564,9307,9420,9618
5440: 5444,5340,5543,5438,5538,5540
7435: 7436,7259,7348,7347
8080: 8079,8001,8159,7999,8158
9873: 9941,9658,9872,9776,9792,9964
5444: 5440,5340,5543,9249
7655: 7570,7571,7656,7739
5446: 5549,5448,9350,9404,5447,5548
5447: 9909,9404,5446,5545,5548,5647
5448: 5549,5446,5348,9350,5349
7835: 7834,7753,7836,7917
7019: 7018,7109,6927,7110
5451: 5552,5452,5250,5352,5350,5551
5452: 5552,5451,5653,5352,5353,5453
5453: 5454,5353,5354,5452,5653
5454: 5654,5453,5354,5455,5555
5455: 5354,5355,5356,5357,5454,5555
8010: 7765,7931,7847,7929,8170
5457: 5555,5655,5357,5458,5557
5458: 5459,5557,5358,5357,5359,5457
5459: 5458,5557,5360,5359,5460
5460: 5461,5560,5360,5361,5459
5461: 5560,5561,5460,5361,5462
5462: 5562,5363,5461,5561
7173: 7085,9308,7086,9543,7262
9547: 50,9275,49,9598,84
8097: 8175,8176,8096,8017
5466: 5467,5366,5565
5467: 5466,5368
8004: 7924,7923,8082,8005,8084,8083
9491: 2463,2371,9624,9333
5470: 5569,5370,5371
9614: 5846,9343,5747,5847,9306,9471
5472: 5572,5571,5372
7298: 7299,7386,7210
9645: 9717,9709,9813,9335
5475: 5476,5574,5575,5375
5476: 5475,5575
6256: 6257
5478: 5379,5578
9901: 9941,9658,9305,10035
5480: 5280,5381,5380,5481
5481: 5381,5480,5581
7440: 7353,7352,7611,7527,7265
5483: 5383,5384,5583
7073: 7074,6983,7164,6982,7163
5485: 5584,5585
8378: 8449,8304,8230,8450,8379
5487: 5488,5587,5387,5388
5488: 5487,5587,5389,5388
5489: 5490,5589,5389,5390
5490: 5489,5589,5390,5491,5590
5491: 5492,5590,5591,5392,5490
5492: 5491,5591,5392,5393
8419: 8347,8418,8348,8420,8488
5494: 5593,5394,5395,5495,5594
5495: 5594,5395,5494
9881: 9581,9653,9995,9492
5497: 5398,5597
5498: 5499,5598,5597,5398
5499: 5498,5598,5400,5500,5599
5500: 5501,5599,5400,5499
5501: 5500,5502,5601
5502: 5601,5403,5501,5503
5503: 5504,5603,5403,5404,5502
5504: 5503,5603,5604,5404,5505
5505: 5506,5406,5504,5604
5506: 5505,5606,5407,5406
6342: 6437,6341,6438,6246,6248,6344
5508: 5408,5509
5509: 5510,5609,5410,5508
5510: 5509,5609,5410
7980: 7900,8060,8059
5512: 5611,5513
5513: 5413,5512
6346: 6347,6249,6441,6442
8999: 8947,8946,9047,9092,9000
9993: 9465,8099,9944,8100,9989,9763
8468: 8009,9525,8087,8088,9466
5518: 5617,5618,5418,5419
10009: 10012,7434,9880,7608
5520: 5620,5619,5421
7497: 
8654: 8587,8655,8779
7163: 7072,6888,7073,7430,7342
6972: 6973,7063,7064
7753: 7670,7669,7835,7836
8395: 8394,8244,8393
5527: 5626,5627,5528,5428
5528: 5527,5627,5428
6371: 6370,6467,6275
8891: 9090,8890,8943,8834,8945,8835
7903: 7902,7984
9764: 9724,9696
5533: 5632,5633,5631
6240: 9367,6241,6338,6337,6336
5535: 5635,5536,5436,5437
5536: 5635,5535,5636,5437,5438,5538
7974: 7973,8053,7894,8054
5538: 5637,5540,5438,5440,5536
6516: 6515,6421,6611,6517,6422,6612
5540: 5538,5637,5639,5440,5543,5542
7796: 7877,7713,7797,7878
5542: 9583,5641,5640,5543,5540,5639
5543: 5444,5440,9249,5540,9583,5542
9991: 9468,9706,9676
5545: 5646,5943,9968,9909,5447,5647
6425: 6426,6422,6327,6423,9278,9908
9254: 9409,9320,1083,9481,9279
5548: 5648,5647,5447,5549,5446,5649
5549: 5446,5448,5349,5550,5548,5649
5550: 5350,5349,5551,5549,5649,5650
5551: 5350,5550,5552,5451,5650,5750
5552: 5451,5452,5653,5551,5750
7510: 7598,7511
9784: 9726,9861,5740,5839,9668
5555: 5457,5655,5455,5357,5654,5454
6320: 6223,6321,6416
5557: 5459,5458,5657,5457
7055: 6964,7054,7145,7146
9902: 9715,936,1011,9903
5560: 5461,5561,5460,5660,5659
5561: 5461,5560,5562,5462,5660,5661
5562: 5462,5561,5662,5661
9650: 9805,9773,9920,9943,9647
5564: 5565,5663,5664
5565: 5564,5466,5664
8708: 8770,8645,8644,8707,8769
8249: 8095,8325,8173
5568: 5569,5668
5569: 5470,5568,5668
9000: 9092,9049,8999,8949,9001
5571: 5572,5472,5670
5572: 5472,5571,5573,5672
5573: 5572,5574,5672,5673
5574: 5475,5575,5573,5673
5575: 5475,5476,5574,5675
7063: 7153,7154,7064,6972,7062
8142: 8218,8219,8063,8064,8143
5578: 5478,5677,5678
9791: 9775,9699,148,9345
9236: 9077,9157,9237,9119,9235,9292
5581: 5680,5481
7649: 7733,7565,7564,7650,7732
5583: 5584,5483,5683
5584: 5485,5583,5585,5683
5585: 5584,5485,5685
7779: 7532,7698,7615,9458,7780,9550
5587: 5487,5488,5686
9775: 9791,9699,44,9950,73,9345
5589: 5489,5490,5590,5688
5590: 5491,5591,5490,5589
5591: 5491,5492,5590,5691
5592: 
5593: 5494,5594
5594: 5495,5593,5494
6295: 6392,6391,6198
6939: 6847,6846
5597: 5498,5598,5497,5697
5598: 5498,5499,5597,5599,5697,5698
5599: 5500,5499,5598,5698,5699
9067: 9023,9068,8921,9021,9110,9109
5601: 5502,5501,5700,5701
9729: 9928,10024,9472,9705,9486
5603: 5503,5504,5604,5702
5604: 5504,5603,5505,5704
8848: 8904,8905,8847,8955
5606: 5506,5705,5706
5607: 
9494: 6897,6804,7082,9469,9417
5609: 5509,5510,5708,5709
9888: 9931,9949,9682
5611: 5512,5710
9170: 9982,9752,9132,9091,9133,9203
5613: 5712,5713
8307: 8232,8309,8306,8380
6556: 6461,6557,6651,6652
6794: 6699,6888
5617: 5518,5618
5618: 5518,5617,5619,5718
5619: 5620,5520,5618,5718
5620: 5520,5619,5621,5720
5621: 5622,5620,5720
5622: 5621,5722
8125: 8201,8046,8047,8126
5624: 5723,5724
9396: 9582,9375,9620,9332,9425,9597
5626: 5527,5627,5725,5726
5627: 5527,5626,5528,5726,5727
8791: 9505,9344,8790,8729,9616,9271
8028: 7948,7949,7947,8106,8258,8184
5630: 5631,5632
5631: 5630,5432,5632,5533
5632: 5533,5633,5630,5631,5731
5633: 5632,5533,5635,5731,5733
9303: 9449,9509,9453,9852
5635: 5535,5536,5633,5734
5636: 5536
5637: 5538,5540,5639,5736,5737
9912: 9418,9621,9744
5639: 5637,5540,5542,5640,5837
5640: 5542,5641,5639,5837,5740,5938
5641: 9583,5542,9452,5640,5742,5740
7625: 7455,7540,7624,7542
9284: 9419,9904,9649,8787
5644: 5843,5842
7316: 7228
5646: 5545,5943,9968,5843,5942
5647: 5746,5648,5548,5447,5545,5943
5648: 5746,5548,5647,5649,5747
5649: 5650,5748,5549,5550,5648,5548
5650: 5649,5848,5748,5551,5550,5750
9480: 10025,9678,9360,9429
5652: 5653
5653: 5552,5452,5652,5453,5752,5751
5654: 5454,5752,5555,5655,5851
5655: 5457,5555,5654,5851,5852
9910: 5842
5657: 5557,5756,5755,5659
8876: 8821,8818,8820,8929,8928
5659: 5660,5758,5657,5560,5756
5660: 5758,5659,5560,5561,5661
5661: 5662,5760,5561,5562,5660
5662: 5761,5760,5661,5562,5663
5663: 5664,5762,5564,5761,5662
5664: 5663,5762,5564,5565
7312: 7311,7399,7400,7224,7313
5666: 5764,5765
9179: 9145,9205
5668: 5568,5569
9844: 9984,9681
5670: 5769,5571
9653: 9581,9881,9010,9716,9995,9011
5672: 5673,5572,5573,5770
5673: 5672,5573,5574,5772
9352: 5043,10013,9412,9573,4843
5675: 5575,5676,5774
5676: 5774,5775,5677,5675
5677: 5676,5775,5578,5776,5678
5678: 5776,5578,5677
8358: 8357,8429,8209,8210,8430
5680: 5581
8837: 8838,8778,8893,8947
7638: 7639,7721
5683: 5781,5584,5583
9327: 9579,9572,9542,1412,9630,1329
5685: 5585,5686
5686: 5687,5587,5685
5687: 5686,5786
5688: 5589,5786
7240: 7328,7239,7150,7151,7241
6534: 6628,6723,6438,6535,6439,6629
5691: 5789,5591
7909: 7910,7828,7989,7990
9504: 9564,9219,9307,9560,9218,9238
9410: 9578,9311,9533,9394,9455
5695: 5793,5794
9963: 8466,9942,8394,10022,9651
5697: 5698,5796,5598,5597
5698: 5697,5598,5599,5699
5699: 5700,5599,5698
5700: 5699,5601,5701
5701: 5601,5700,5702
5702: 5801,5603,5701
9544: 9359,8668,9386,8601,9952
5704: 5705,5604
5705: 5704,5804,5606,5706
5706: 5805,5606,5705,5804
9697: 2847,9304,2848,9485,9679,9796
5708: 5709,5807,5609
5709: 5708,5807,5609,5710
5710: 5611,5709
8081: 8160,8161,8002,8001,8159
5712: 5810,5613,5713
5713: 5714,5812,5613,5712
5714: 5713,5812,5715,5813
5715: 5813,5714
6890: 6797,6891,6982,6700
8966: 9634,9015,8913,9060,8911,8964
5718: 5817,5618,5619,5816
7086: 6724,6998,6997,7173,7085,6909,7262
5720: 5819,5620,5621,5818
6212: 6114,6213,6211
5722: 5723,5622
5723: 5722,5624,5724
5724: 5725,5823,5624,5723
5725: 5724,5823,5626,5726
5726: 5727,5626,5627,5725
5727: 5726,5825,5627,5728
5728: 5826,5727
8928: 8929,8980,9027,8818,8874,8876
10001: 10010,1838,9662,9822
5731: 5733,5632,5633
8770: 8708,8645,8831,8709,8829
5733: 5731,5633,5734,5833
5734: 5834,5833,5635,5736,5733
9699: 9791,9775,9950
5736: 5637,5834,5734,5737
5737: 5836,5837,5736,5637,5834,6032
9620: 9396,9375,9772,9332,9834
9476: 9398,9261,9244,9325,2018
5740: 5938,5641,5640,5742,9784
7450: 7451,7703,7449,7619
5742: 5840,5641,9452,5740,9861
8779: 8839,8587,8654,8838,8778
8847: 8846,8955,8848
8766: 8705,8826,8765,8507,8704
5746: 5648,5647,5943,6039,5846,5747
5747: 9614,5846,5746,5648,5748,5847
5748: 5649,5650,5848,5747,5847,5946
9886: 8674,9836,9702,9694,8734,9832
5750: 5849,5551,5552,5650,5848
5751: 5948,5849,5653,5752,6046
5752: 5654,5653,5751,5851,6046
7039: 7130,6948,7129,7038
5754: 5852,5949,5755,5855,6239,5951
5755: 5756,5855,5657,5852,5754
5756: 5755,5855,5657,5758,5659,5856
7945: 8026,8025,7944,7946,8101,8023
5758: 5660,5659,5756,5856
9292: 9235,9378,9545,9236,9237,9640
5760: 5761,5662,5661,5859
5761: 5662,5760,5663,5762
5762: 5663,5664,5761,5862
9165: 9126,9085,9163,9128,9130
5764: 5666,5765
5765: 5764,5666
9334: 9356,9448,9617,9938,9353,9917
7837: 7838,7836,7918
6617: 6615,9898,6712,6711
5769: 5670,5770,5868,5869
5770: 5769,5672,5869,5870
7181: 7182,7184,7180,7004,7092,7095
5772: 5673,5871,5872
7550: 7464,7635
5774: 5676,5775,5675,5873
5775: 5676,5774,5677,5776,5875
5776: 5678,5775,5677,5875
9269: 4437,4333,4331,9483,9521,9392
7949: 7788,7948,8028,7787,8029
9988: 9917,9938,9007,9008
9262: 3833,9569,3932,3733,9935,9328
5781: 5683
8776: 8714,8715,8893,8834,8835
7480: 7392,7393,7481
6992: 6900,9725
9717: 9645,9709,1244,9700
5786: 5687,5688,5885,5886
8479: 8338,8478,8339,8480,8614
5788: 5789,5887
5789: 5691,5788,5889
7197: 7286,7107,7198
8310: 8236,8309,8311,8383
5792: 5793,5891
5793: 5792,5695,5794,5893
5794: 5795,5793,5695,5893,5894
5795: 5794,5796,5894,5895
5796: 5697,5795,5895
7545: 7544,7630
7870: 8108,7951,8029,7790,7789,7788
9526: 9330,9370,9300,9287,9315,9313
7794: 7713,7711,7875,7876
5801: 5702,5901
9492: 9581,9881,9012
9666: 9979,9726,9849,9648
5804: 5705,5706,5805,5904
5805: 5706,5804,5904
9689: 9838,9887,9797,10000,9799
5807: 5708,5709,5906
8590: 8522,8589,8523,8591,8656,8657
8106: 8331,8258,7947,8028,8257,8026
5810: 5712,5910
9250: 1160,9481,1319,9279
5812: 5713,5714,5813,5912
5813: 5715,5714,5812,5912,5913
9414: 9663,9918,53,126,54
5815: 5816
5816: 5815,5718,5817,5916
5817: 5818,5718,5816,5916,5917
5818: 5817,5720,5819,5917,5918
5819: 5720,5818,5918,5919
7785: 7786,7702,7783,7864,7867,7865
8560: 8627,8561,8559,8493,8751,8625
7565: 7649,7564,7478,7650
5823: 5724,5725,5922
9771: 9990,10041,3140,3141,9815
5825: 5727,5826
5826: 5728,5825,5926
8330: 8182,8103,9705,8401
5828: 5829,5928
5829: 5828,5928,5929
8665: 8792,8730,8729,8666,8790,8597
9576: 1092,865,9251,9283
8490: 8686,8421,8420,8624
5833: 5834,5734,5933,5733,5931
5834: 5734,5833,5933,6032,5736,5737
6941: 6848,7033,7032
5836: 5737,5937,5837,6032,5936
5837: 5737,5836,5937,5639,5640,5938
8735: 8796,8797,9587,9423,9688
5839: 5938,5937,9784,6037,9668
5840: 5742,9711,5841
5841: 5840,9701
5842: 9910,5644
5843: 5646,5644
9128: 9165,9894,9318,9501,9960
8611: 8542,9426,8734,8674
5846: 9614,9343,5747,5746,6039
5847: 5946,5945,5748,9614,5747
5848: 5650,5748,5750,6142,5849,5946
5849: 5948,5750,6142,5751,5848
9606: 1406,1573,9267,9389
5851: 6046,5654,5752,5655,5852,5949
5852: 5754,5949,5655,5851,5755
9586: 9856,9843,9956,466,9674,9281
7398: 7311,7399,7485
5855: 5756,5755,5754,5951,5856,5953
5856: 5953,5756,5855,5758
9431: 9300,9288,9464,9324,9566,9315
8348: 8275,8420,8274,8347,8419
5859: 5760,5957
9830: 9956,9276,9270,9674
10020: 9906,9896
5862: 5762,5961
9007: 8846,8955,8954,9938,9988,9008
9668: 6037,9401,5839,9726,9784,9979
5865: 5866,5963,5964
5866: 5865,5964,5965,6062
8972: 9019,9021,9105,9143,8973,8921
5868: 5869,5967,5769,5966
5869: 5868,5967,5968,5770,5769,5870
5870: 5871,5770,5869,5968
5871: 5870,5772,5872,5970
5872: 5873,5970,5971,5772,5871
5873: 5872,5971,5774,5972
8392: 8244,8393,8603,8318,8168,8463
5875: 5973,5775,5776,5876
5876: 5975,5875
9629: 9600,9894,9297,10005,9960,9556
5878: 5977
7609: 9880,9977,7692,7522,7434,7521
9953: 9833,8178,9783,9687,8103,8179
9346: 9436,9390,8538,9484,9376,8539
5882: 
9145: 9177,9180,9179
6885: 6884,6886,6978
5885: 5983,5786,5886
5886: 5887,5786,5885
5887: 5886,5788,5986
7643: 7559,7558
5889: 5789
6423: 6327,6326,6227,6421,6425,6422
5891: 5792
8029: 7870,8108,7788,7949,8184
5893: 5894,5793,5794
5894: 5893,5993,5795,5794,5895
5895: 5994,5795,5796,5894,5993
9702: 9886,9836,9587,9832,9981
7377: 7289,7290,7464
5898: 5997,5996
5899: 
8380: 8451,8379,8306,8307,8452
5901: 6000,5999,5801,5902
5902: 6001,6000,5901
8158: 8236,8080,8079,8159,8234
5904: 6003,5804,5805
9349: 9688,9864,9423,9568,9391,9381
5906: 5807,6004
5907: 
8729: 8792,8665,8790,9505,8791
5909: 
5910: 5810,6009
8133: 8209,8210,8054,8134
5912: 6010,5812,5813,5913,6011
5913: 6011,5813,5912
6871: 6872,6964,6777
8631: 8497,8496,8565,8694,8815,8756
5916: 5917,6015,5816,5817
5917: 5916,6015,5818,5817,5918
5918: 5919,5818,5819,5917
5919: 5918,6018,5819,5920
5920: 5919,6018
9011: 8911,8964,9010,8962,9581,9653
5922: 5823
7265: 9805,9967,7440,7527,7354
8886: 8829,8885,9040,8830,9127,9085
7959: 7878,7879,7958
5926: 5826
7052: 6960
5928: 5929,5828,5829
5929: 5928,5829,5930,6125,6028
5930: 5929,6028,5931
5931: 6028,5930,5833,5933,6030
8649: 8712,8648,8650,8714
5933: 5834,5833,6032,5931,6030,6031
8904: 8905,8848
8808: 8748,8687,8807,8688,8865,8866
5936: 6130,6132,6032,5836,6031
5937: 5836,5837,5938,5839,6132,6037
5938: 5740,5839,5640,5937,5837
6376: 6279,6375,6472
8300: 8373,8374,8301,8225
8982: 9031,8983,8929,9030,8981
5942: 6039,5646,5943
5943: 5646,5545,5746,5647,5942,6039
9625: 9391,8799,8741,8798,9568
5945: 5847,5946,9306,6043,6041
5946: 5847,5945,5848,5748,6142,6043
8103: 8330,8182,9953,8178,8179,8401
5948: 6142,5849,5751,9533
5949: 5852,5754,5851,9394,6239
8603: 8393,8392,8601,8463,9735
5951: 6239,6047,5754,5855,5953,6048
8915: 8968,8916,9017,8805,9016,8861
5953: 5856,6051,6048,5855,5951
9829: 9707,9760,9736,9655,9798
7080: 7075,7345,7081,7078
5956: 5957,6052
5957: 5956,5859,5958,6055
5958: 5957,5959,6056,6055
5959: 5960,5958,6056
5960: 5959,5961,6058
5961: 5962,6059,5960,5862
5962: 5961,6059,5963
5963: 5865,5964,5962
5964: 5865,5866,5963,6062
5965: 5966,5866,6063,6062
5966: 5965,5868,5967,6063
5967: 5868,5869,5968,5966,6065
5968: 5869,5967,5870,6065
9851: 10,31
5970: 5872,5971,5871,6067,6068
5971: 5872,5873,5970,5972,6068
5972: 5973,5873,5971
5973: 5875,5972
8790: 8663,8597,8665,8729,9616,8791
5975: 5876,6072
9591: 9422,10032,9582,4036,3936,9442
5977: 5878,5978,6074
5978: 5977,6173,6076
8824: 8764,8704,8823,8765,8880,8881
6188: 6090,6091,6286
6844: 6843,6937
6263: 6264,6359,6165,6262
5983: 5885,6081
9173: 9171,9519,9135
6681: 6682,6585,6586,6680
5986: 5887,6083,6084
8797: 9587,8737,8738,8907,9423,8735
7258: 7079,7433,7169,7259,7523,7347
8509: 8439,8440,8644
9684: 
6623: 6624,6528,6527,6811,6813,6904
9434: 7936,7935,9447,8017,9373
5993: 5894,5895,5994,6090,6091
5994: 5895,5995,5993,6091
5995: 5994,5996,6093
5996: 5997,5898,5995,6093
5997: 5898,5996
9864: 9688,9349,9381,9716
5999: 6000,5901
6000: 5901,5999,5902,6001,6098
6001: 5902,6000,6098,6099
9040: 8886,8885,8991,9126,9085
6003: 5904,6004,6100
6004: 6003,5906,6101
7331: 7419
8444: 8372,8373,8513,8514
6007: 6105
8429: 8358,8357,8428,8430,8498,8499
6009: 6010,5910,6106
6010: 6009,5912,6011
6011: 5913,5912,6010,6109
6609: 6418,6514,6512,6607,6705,6610
6507: 6506,6603,6508
9822: 9810,10010,10001,9662
6015: 5916,5917
9588: 9379,9593,9355,9112,9252
8189: 8112,8188,8114,8264,8336,8190
6018: 5919,5920
9368: 9971,10043,9660,9584,9497,9596
9372: 9247,9528,127,264,317,267
6021: 6022,6118,6119
6022: 6023,6021,6119
6023: 6022,6121
7368: 7280,7367,7455,7456
6599: 6600,6695
10013: 9352,5043,9412
8188: 8189,8112,8033,8110,8262,8336
6028: 6127,6125,5931,5930,5929,6126
6348: 6252,6349,6347
6030: 6128,6031,5933,6127,5931
6031: 6128,6030,5933,6032,6130,5936
6032: 5834,5933,5737,5836,6031,5936
7183: 7359,7270,7182,7184,7273,7360
7344: 7692,7520,7345,7431
8069: 8148
8238: 8084,8083,8388,8389
6037: 6133,6038,9668,5937,5839,6132
6038: 6037,6133,9401,9432,6328,6135
6039: 5942,5943,5746,5846
8529: 8460,8459,8458,8596,8597
6041: 6043,6238,5945,9265,6140
7127: 7036,7216,7128,7217,7037
6043: 6238,6041,6142,5946,5945
9971: 9368,10043,9930,9596
9680: 6235,9652
6046: 5851,9394,5752,5751,9533
6047: 6239,5951,9455,6144,6048,6242
6048: 5953,6051,5951,6047,6242,6147
9425: 9374,9332,3835,3837,9396,9597
9360: 9249,9429,9480,9678,9583,9452
6051: 5953,6048,6147,6148,6052
6052: 6149,6051,5956,6148
8621: 8746,8683,8554,8620,8555,8685
9812: 9291,9980,9514,9743,9264
6055: 6056,6153,5957,5958
6056: 6153,6055,5958,5959
6645: 6549,6550
6058: 6155,5960,6059
6059: 5962,5961,6058
9570: 9330,9370,9900,38,9506
7109: 7018,7019,7110,7199,7198
6062: 6063,6160,5866,5964,5965
6063: 6160,6062,5966,5965
9194: 9124,9125,9162,9240,9242,9243
6065: 6163,6162,5967,5968
6144: 6047,9455,9578,6241,6243,6242
6067: 6164,5970,6068,6165
6068: 6165,5970,5971,6067
8047: 8046,8125,8126
9541: 9535,3045,9351,3048,9411,3247
6071: 6168,6169,6072
6072: 6169,5975,6071
8184: 8258,8028,8029,8259,8403
6074: 6172,5977
6244: 6147,6246,6243,6339,6341
6076: 6077,5978,6173
6077: 6076,6078
6078: 6077
9551: 800,801,9612,9257,593,9405
6600: 6504,6599,6696
6081: 6179,5983
8015: 8095,8016,7935,7934
6083: 5986,6180,6084
6084: 6182,6085,6083,5986
6085: 6182,6084,6086,6183
6086: 6183,6085
6272: 
6088: 6185,6089
6089: 6090,6088
6090: 6089,6188,5993,6091
6091: 5993,5994,6090,6188
8861: 9016,8914,8746,8744,8805,8915
6093: 5995,5996
6725: 6631,6724,6820,6911,6910
6804: 6614,6805,6520,6519,9494
9577: 9268,9358,9493,9380,9298,9536
9069: 8976,9207,9467,9024,9111
6098: 6099,6196,6000,6001
6099: 6098,6196,6001
6100: 6101,6198,6003
6101: 6100,6198,6004
7004: 7002,7092,7003,7181,7095
9495: 9264,9530,9488,527,718,653
8938: 8991,8990,8769,8884,8885
6105: 6106,6007
6106: 6105,6009,6204
9727: 10039,9789,9939
8798: 8907,9568,8739,8799,9625
6109: 6110,6206,6207,6011
6110: 6109,6207
9311: 9578,9410,6238,9539,9367
7505: 7504,7591,7417
7455: 7540,7625,7367,7368,7456,7542
6114: 6212,6211
9878: 9500,9972,9925,9255
9915: 9852,9835,9622,9593
6117: 6214,6118,6215
6118: 6216,6215,6021,6117,6119
6119: 6021,6022,6118,6216
6703: 6607,6606,6705,6799,6797,6892
6121: 6122,6219,6023,6218
6122: 6121,6219
8255: 8470,8253,8179,8471,8401
6124: 
6125: 6028,5929,6126,6223
6126: 6323,6223,6127,6125,6028
6127: 6028,6030,6323,6126,6226
6128: 6030,6031,6130,6226,6227,6326
6581: 6582
6130: 5936,6132,6128,6031,6326,6231