8115: 8116,8191,8192,8114
7501: 7587,7414,7413,7500,7502
2: 9372,9528,9414,9918,3,24
3: 24,2,53,54
9378: 9456,9234,9292,9277,9640
5: 9758,9383,9295
7304: 7305,7392,7216,7391
7: 8,9273,9326,30,31
8: 7,9273,9
9: 31,8,9676,10
10: 9676,60,31,9
8276: 8275,8201
8460: 8388,8389,8459,8530,8529
10012: 
14: 65,99,9322,9445,64,9611
9562: 9503,5444,5543,9249,9429
16: 68,103,9502,9433,38,141
17: 9900,18,40,39
18: 17
19: 20,9275,48
20: 9275,9598,19,9547,48,49
10011: 10036,9932
22: 50,51,9547,23
23: 24,51,22
24: 23,3,9414,2
9962: 9879
8177: 9347,9989,8252,8100,8178,8101
27: 9295,56,9383,57,29
7848: 7847,7765,7929,7849
29: 57,58,30,9326,27
30: 58,29,7,59,31
31: 59,60,9,7,30,10
32: 33,9439,60,95
33: 32,34,9439,9527,62
34: 33,9428,9527,62,63,35
35: 64,98,9611,34,9428,63
9294: 9454,9523,5344,9503
37: 66,181,9403,65,9322,100
38: 228,141,9502,16,66
39: 40,17,9900
40: 39,41,17,9515
41: 40,42,68
42: 9515,9272,41,104,105
43: 9416,9272
44: 73,9345,9775,9950,72
7706: 7705,7707,7788,7789
46: 121,81,9626,47,80
47: 48,49,9626,84,46
48: 49,47,20,19,9626
49: 48,47,20,9547,50,84
50: 51,84,85,22,9547,49
51: 50,85,22,23,86
52: 
53: 87,126,86,3,54
54: 127,3,9372,126,53
8540: 8405,8474,8538,8539,8607,8475
56: 9295,27,9247,57,91
57: 58,29,56,27,91,92
58: 57,29,30,59,92,93
59: 60,31,58,30,93,94
60: 59,31,10,94,32
9945: 9826
62: 135,63,96,33,34
63: 135,62,136,34,35,98
64: 35,98,9611,99,14,137
65: 99,9322,14,37,180,100
66: 37,181,9403,9502,38,228
8150: 8226,8072,8151,8227
68: 103,16,41,9506,9433
9855: 
8914: 8915,8861,8860,8966,9015,9016
7786: 7868,7867,7703,7704,7785
72: 9416,73,44,107,147
73: 44,9345,72,147,148,109
8144: 8143,8220,8221,8066,8065,8145
75: 76,9969,9345
76: 75,9969,111
77: 9338,115,9263
78: 9263,9461
79: 117,9393,9461,9323,161,118
80: 9369,9323,46,81,119
81: 121,46,80,119,163,208
9181: 9208,9070,8924,9069,8925,9207
9765: 
84: 50,85,49,47,123
85: 50,51,84,123,124,86
86: 87,53,51,85,124
87: 168,167,126,53,86,124
8128: 8205,8050,8049
7306: 7393,7394,7217,7305
8523: 8591,8524,8453,8454,8590,8522
91: 130,56,57,92
92: 131,93,57,58,91,130
93: 92,131,58,59,94
94: 95,59,60,93
95: 94,32,133,96
96: 135,62,95,133,134
8039: 7959,8038
98: 35,64,63,136,137,224
99: 65,14,64,137,180,225
100: 277,329,65,37,181,180
9738: 9846,9754,9885
7979: 8059,8058,7899,7898
103: 68,16,142,104,141
104: 142,143,105,42,103
105: 143,104,42,9272
106: 107
107: 146,106,72,147
8637: 
109: 111,150,73,9345,148
7373: 7460,7286,7461
111: 150,109,76
112: 193,149,150,9339,192
113: 114,156,10037,9803,155,9496
114: 113,156,9803,9446,116,157
115: 77,9338,9446,9263,116,159
116: 157,159,9446,115,114
117: 79,9461,159,118,205
118: 207,161,117,79,206
119: 207,161,80,81,208,259
8792: 8729,8791,8730,8731,9505
121: 46,81,123,163
8012: 8013,8171,7931,7932
123: 124,166,84,85,121
124: 123,166,85,167,87,86
8414: 8342,8343,8413,8483
126: 168,87,53,127,169,54
127: 170,169,54,126,128
128: 170,127
7612: 7527,7695,7696,7528,7778
130: 91,92,131,172,173
131: 92,93,130,174,173
132: 
133: 175,176,134,95,96
134: 133,176,135,96,272,178
135: 62,63,96,136,134,178
136: 135,63,98,274,178,224
137: 275,224,64,98,99,225
9467: 9207,9111,9110,9478,9290,9477
9974: 
8946: 8945,8947,8893,8999
141: 38,103,16,142,184
142: 143,104,103,141,185,184
143: 142,104,105,185,187
7527: 7611,7612,7695,7440,7528
145: 234,233,187,146
146: 107,189,147,234,145
147: 189,148,72,73,107,146
148: 189,147,149,73,150,109
149: 189,148,150,191,192,112
150: 111,109,149,148,112
8267: 8192,8193,8268
8102: 8178,8179,8101,8023,8025,8103
8882: 8988,8826,8881
154: 9427,155,9642,251,201
155: 9496,9642,113,156,154,201
156: 114,113,155,157,201,202
157: 116,158,114,156,202,254
158: 157,159,254
159: 116,158,115,9461,117
9097: 9098,9052,9336,9096,9137
161: 207,119,118,9323,79
9957: 9990,10041
163: 209,208,121,81,211
7850: 7851,7932,7767,7768,7931,7849
7907: 7825,7908,7988
166: 123,124,167,211,212
167: 168,87,124,166,212,213
168: 167,87,126,169,213,214
169: 170,127,168,126,214
170: 127,169,128
9485: 2565,9759
172: 217,130,173
173: 219,174,130,131,172
174: 219,173,131,175
175: 133,176,220,174
176: 175,133,134,220,272
9413: 8539,8607,9376,9312,9426
178: 274,134,135,136,272
9523: 9602,9454,9294,9266,9348
180: 276,225,65,99,329,100
181: 66,37,228,277,278,100
8148: 8069,8225
8018: 9434,7937,7938,8017
184: 185,281,142,141
185: 232,184,142,143,187
9581: 9012,9011,9010,9653,9881,9492
187: 145,143,185,232
9259: 9430,194,193,9366,9553,238
189: 147,149,148,146,234,191
9027: 8927,8979,8978,8980,9028,9071
191: 236,285,192,189,149,234
192: 236,191,149,193,112,237
193: 112,192,9553,237,238,9259
194: 9430,239,9259,238,289,341
195: 9441
196: 
197: 
198: 249
199: 301,9371,9427
9232: 9229,9211,9852,9212,9976
201: 252,251,202,155,156,154
202: 252,201,156,157,306,254
9669: 9747,9874,9737
7262: 9512,9543,7173,7086,7176
205: 308,309,206,117
206: 309,205,118,364
207: 119,161,118,259,311
208: 209,163,259,81,119
209: 163,208,211,261,313
9870: 9693,9947,9838,9994
211: 212,261,166,209,163
212: 211,262,166,167,213
213: 264,214,168,167,212
214: 213,264,168,169
9031: 9032,8983,8982,9030,9075,9077
8005: 8006,7924,7925,8084,8004
217: 267,172,268,320
9941: 10035,9901,9658,9792
219: 220,174,173,268,269
220: 219,175,176,269,270
9569: 4033,4134,3834,3833,9262,9328
7854: 7855,7936,7772,7773,7935,7771
7901: 7982,7902,7900
224: 275,137,136,98,326,274
225: 276,180,99,275,137,328
9656: 9728,9769,246,299,247
9681: 9984,9844
228: 38,66,181,278,332
8754: 8692,8813,8814
7433: 7434,7521,7345,7257,7258,7520
9716: 9381,9010,9653,9864
232: 185,233,187,334,283
233: 234,145,232,285,336,283
234: 233,145,146,189,285,191
9677: 
236: 285,191,192,338,287,237
237: 288,238,236,192,193,287
238: 237,288,289,193,194,9259
239: 9430,194,290,341,343
240: 291,290,9248,9441,242
9965: 10023
242: 344,292,291,240
243: 292
244: 349,403,294,245,9358
245: 297,244,349
246: 352,351,9769,9656,299
247: 300,299,9656,249,301
7591: 7504,7505,7675
249: 198,9371,247,301
8062: 7982,7983,8061,8063,8140
251: 252,201,154,358,359
252: 251,201,202,306,360,359
8442: 8370
254: 307,306,157,158,202
7692: 7519,7520,7691,7521,9639
8796: 8735,8852,8737,8797
8561: 8627,8494,8493,8560,8562
7560: 7474,7561
259: 208,207,119,311,312
7899: 7898,7818,7979,7900
261: 211,262,209,313
262: 212,261
10006: 9792,9776,6900
264: 213,214,316,317
8368: 8294,8369,8439,8440
9061: 9017,9016,9060,9102,9140
267: 217,318,319,320
268: 217,219,320,269
269: 376,270,268,220,219
270: 269,376,434,220,323
7361: 7362,7273,7360,7449
272: 323,324,176,134,178
7631: 7630
274: 326,178,136,224
275: 137,328,224,225,327
276: 180,225,328,329,440,383
277: 330,278,329,100,181
278: 330,277,181,228,332,331
279: 
7836: 7837,7917,7918,7753,7835
281: 184,333,334
9177: 9065,9106,9175,9497,9596,9145
283: 336,390,232,233,334
7777: 7778,7859,9310,9508,7695,7694
285: 236,191,234,233,336,338
9909: 5843,5644,9755,9404,9968,9549
287: 392,338,339,236,237,288
288: 237,238,289,287,339
289: 288,238,194,394,395,341
290: 291,240,9248,9430,239,398,343
291: 240,290,344,242,398
292: 243,242,9298
293: 400,399,345,344,9536,9268
294: 244,403,9358,461,402
9979: 9726,9668,9911,9401
9143: 9019,9020,8972,9105,9176,9106
297: 9474,245,349,350
7884: 7802,7885,7965
299: 300,247,9656,352,246
300: 299,247,301,355,412
301: 199,355,249,300,247
8976: 8869,8924,9024,9069,8813
10029: 9795
7772: 7770,7775,7773,7774,7771,7854
9755: 10018,9404,9632,9549,9909
306: 307,254,252,202,360,361
307: 306,362,254,308,361
308: 309,205,307,362
309: 308,206,205,364
8494: 8424,8493,8425,8561,8562
311: 365,207,259,312,366
312: 313,367,366,259,311
313: 312,367,209,261,368
9500: 9382,9255,9878,9819,9399,725
9733: 9951,10024
316: 370,371,264,317
317: 318,372,264,316,371
318: 317,372,267,319
319: 320,374,267,318,431
320: 319,374,267,217,268
10025: 9711,9703
7929: 7847,7848,8009,8089,8010
323: 324,272,270,434
324: 323,272,379
8609: 9312,9426,8611,8674,8673
326: 274,224,380,381,327
327: 382,381,326,275,328
328: 275,276,225,382,327,440
329: 330,277,100,276,180,383,384
330: 277,278,329,331,384,385
331: 332,387,330,278,385,386
332: 331,387,228,278
333: 334,281,387
334: 333,389,281,232,283
7339: 7426,7427,7250,7340
336: 391,390,283,233,285,338
7598: 7511,7512,7599,7682
338: 392,287,236,285,391,336
339: 392,287,288,450,394
8190: 8189,8114,8191,8264,8265
341: 396,289,239,194,395
7674: 7673,7757,7675
343: 398,397,239,290,396
344: 9536,242,291,293,345
345: 293,399,344,398,455
346: 458,401,9268,9493,400,518
9926: 9919
9826: 9945
349: 244,403,245,297,350
350: 405,297,9474,349
351: 352,246,9270,410,407
352: 351,246,299,410,411
7618: 7619,7702,7701,7534,7617
9316: 10002,9557,464,463,9470
355: 301,300
8613: 8676,8677,8479,8478,8614
8137: 8136,8213,8214,8059,8058,8138
358: 476,251,416,359
359: 417,416,360,252,251,358
360: 417,359,252,306,418,361
361: 480,418,307,306,362,360
362: 307,308,361,420
7876: 7877,7794,7875,7956,7957
364: 365,309,206,422
365: 311,364,366,422
366: 312,367,365,311,424
367: 312,313,366,368,425,424
368: 369,313,367,425,426
369: 368,370,427,426
370: 316,371,369,427,428
371: 316,370,317,372,428
372: 317,318,371,430
9701: 9648,9849
374: 319,320,375,431
375: 493,374,376,433
376: 269,270,434,375,433
9499: 9465,9402,9354,9550,8020
9584: 9497,9444,9563,9175,9660
379: 437,380,324,436
380: 437,438,379,326,381
381: 499,382,327,326,438,380
382: 499,381,327,328,440
383: 440,501,276,329,502,384
384: 442,502,385,330,329,383
385: 442,384,330,331,386,443
386: 444,443,331,387,385,445
387: 332,331,333,386,445
9608: 9463,1835,1834,9619,9325,9364
389: 334,390,446,447
390: 391,336,283,389,447,448
391: 336,390,392,338,448,449
392: 338,287,339,391,449,450
9379: 9593,9588,9150,9182
394: 452,395,339,289
395: 394,452,289,453,396,341
396: 453,454,341,395,397,343
397: 398,455,343,396,454,515
398: 455,397,343,291,290,345
399: 400,293,345,455,456,457
400: 293,399,346,9268,457,518
401: 458,346,9493,402,459
402: 521,461,459,294,401
403: 244,349,294,461
404: 
405: 350,406,463
406: 405,463
407: 410,409,9270,351,408,9276
408: 467,9276,407,409,531,468
409: 410,407,408,471,468
410: 407,409,352,351,411,471
411: 412,472,471,352,410
412: 472,411,300,413,473
413: 474,473,412
8562: 8494,8561
9397: 9357,1238,9409,9320,1083,9342
416: 417,477,359,476,358
417: 477,416,360,359,418
418: 480,361,417,360,541
9900: 17,9807,39
420: 481,362,480
9235: 9187,9234,9214,9292,9236
422: 483,365,364
9028: 9073,9072,9071,9027,8980,9029
424: 425,485,484,367,366
425: 424,485,367,368,486,426
426: 486,427,487,368,369,425
427: 487,426,369,370,428,488
428: 488,489,370,371,427
7886: 7804,7885
430: 491,372,431
431: 492,319,374,491,430
8481: 8480,8412
433: 495,376,434,375,493
434: 376,270,323,495,433
8389: 8388,8460,8316
436: 437,379,559
437: 438,380,379,497,436,498
438: 437,380,499,381,498,561
7774: 7773,9631,7603,7772,7775
440: 501,383,328,276,382
9693: 9947,9870,9834
442: 502,384,385,443,566,565
443: 444,386,442,385,566,504
444: 386,443,445,505,504,568
445: 446,505,387,444,386
446: 507,445,505,389,447
447: 448,508,389,390,507,446
448: 447,508,509,391,390,449
449: 450,510,391,392,448,509
450: 449,510,392,339
9448: 9005,9356,9055,8954,9617,9334
452: 394,395,453,512,513
453: 396,454,452,395,513,514
454: 453,396,397,577,514,515
455: 398,397,399,345,515,456
456: 515,578,455,399,517
457: 580,517,400,399,518
458: 401,346,459,519,518
459: 521,402,458,401,519,583
9938: 9617,9334,9008,9988,9917
461: 521,402,403,294,523
7534: 7618,7619
463: 464,405,406,9316
464: 523,586,463,9316,9470
7293: 7292,7294
466: 9586,9956,9674,528,9281
467: 408,9674,9276,529,531
468: 408,409
9432: 6328,6231,6133,6135,9341,6329
8987: 8933,8881,8880,8988,9080,9037
471: 472,411,410,409
472: 412,411,471,473,535
473: 413,474,412,472,535,536
474: 413,473,475,536,537
475: 476,474,537,538
476: 475,358,477,416,538
477: 417,416,476
8703: 8639,8702,8704,8764
8777: 8837,8778,8715,8716,8776
480: 418,361,420,481,542
481: 420,480,544
9466: 8245,8468,9525,8395,9457,9559
483: 422,484,546
484: 424,485,483,546,547
485: 425,424,484,486,547
486: 487,426,425,485,549
487: 486,427,426,488,549,550
488: 428,489,427,487,550
489: 428,488
8865: 8919,8970,8809,8808,8866
491: 430,431,492
492: 431,493,491,555
493: 375,492,433,555
9037: 9123,8989,8987,8988,9081
495: 433,434,557
7241: 7151,7152,7240
497: 437
498: 625,561,560,437,438
499: 382,381,438,561
9524: 4639,9282,9459
501: 440,383,502,564,563
502: 442,384,501,383,564,565
9359: 9505,9712,8731,8668,9544,9386
504: 631,568,444,443,566
505: 507,446,445,444,568
9785: 
507: 446,505,447,508
508: 447,448,509,507,571
509: 448,508,449,510,571,572
510: 449,450,509,572,511
511: 573,510,512
512: 639,513,452,511
513: 512,639,452,453,640,514
514: 640,641,577,453,454,513
515: 578,456,454,455,397,577
9021: 9020,8972,9066,8973,8921,9067
517: 644,580,457,643,456
518: 581,400,458,346,580,457
519: 581,647,458,459,583
9652: 9680
521: 461,402,459,586,584,583
9436: 8404,8403,9534,8538,9346,9390
523: 464,586,461
8644: 8707,8578,8708,8645
525: 588,650,586,526,9470
526: 9365,9470,588,525,589
527: 654,653,589,9365,9495
528: 594,9257,9281,466,529
529: 595,531,467,594,528
8452: 8380,8453,8451,8522,8521
531: 595,529,408,467,596
532: 
9029: 9030,9074,8980,8981,9028,9073
534: 
535: 599,472,473,536,600
536: 537,600,474,473,535
537: 536,474,475,602,538
538: 602,476,475,537
9393: 9580,9263,9460,9461,9323,79
8493: 8494,8424,8423,8560,8561
541: 605,418,606,542
542: 606,607,480,541
8428: 8497,8356,8357,8429,8498
544: 609,481
7825: 7907,7742,7743
546: 483,484,547
547: 612,485,484,546
8919: 8865,8970,8973,8866,9019,8972
549: 614,550,486,487
550: 549,614,487,488
8645: 8709,8708,8578,8579,8644
9293: 9137,9138,9750
10014: 
554: 
555: 619,492,493
7624: 7707,7539,7540,7625
557: 495,622
7748: 7664,7830,7831
559: 622,436,560
560: 498,625,559,624
561: 498,625,438,499
9756: 3240,9744,9621,3142,3339
563: 564,501
564: 563,501,502,629,565
565: 629,630,566,442,502,564
566: 630,565,442,443,631,504
7985: 8065,7904,7905,7984,8064
568: 504,444,505,633
569: 
9211: 9229,9232,9209,9185,9212
571: 635,636,508,509,572
572: 573,509,510,636,571
573: 572,511,636
8989: 9037,9123,8988,8937,9038,8990
9200: 9894,9168,9960
10034: 9936,9402,9695,9944
577: 641,514,454,515,578
578: 515,643,456,577
9459: 4638,9633,9282,9483,4639,9524
580: 644,457,517,581,518,645
581: 519,647,518,580,645,646
9659: 9810,9675,9398,10033,9463
583: 584,648,521,459,519,647
584: 648,583,649,521,586,650
7247: 
586: 523,464,521,584,650,525
8193: 8194,8116,8192,8267,8268
588: 650,525,526,652,589
589: 653,527,588,526,9365,652
9088: 9045,9130,9089,9087,8995
9657: 9853,9883
9618: 9610,9420,9613
593: 9405,9551,730,661,659
594: 528,595,529,9551,661
595: 529,531,594,596,662,661
596: 597,595,531,662,663
597: 598,596,664,663
598: 597,599,664
599: 535,598,600,666
600: 536,599,535,666
9281: 528,9257,466,9586
602: 538,537,668,669
8454: 8382,8383,8455,8453,8523,8524
8051: 8130,8050
605: 541,606,671,672
606: 607,542,541,605,672,673
607: 606,542,673
8524: 8591,8523,8592,8454,8455
609: 544,675
9114: 9113,9151,9150,9073,9072,9115
9740: 9344,9395
612: 547,679,678
9251: 9255,9283,9637,9415
614: 549,550,680
9718: 9721,9929,9877,9751,9348
616: 617,682,683
617: 618,616,684,683
618: 617,619,684
619: 686,555,618
8688: 8687,8624,8625
9422: 9591,9442,10000,9462
622: 559,688,557,689
8968: 8916,8915,9016,9017
624: 760,625,560,690
625: 498,561,560,760,624
9867: 9992
8466: 8394,9457,8602,8603
9127: 9087,9043,8993,9085,9165,9128
629: 630,565,564,695,696
630: 629,566,565,631,696,697
631: 504,630,566,697,698
7641: 7642,7557,7556,7724
633: 634,699,700,568
634: 633,700,635
635: 636,571,634
636: 635,571,572,573,771
8488: 8418,8419,8487,8555
8050: 7970,8049,8128,8051
639: 512,513,640,706
640: 641,514,639,513,706,707
641: 640,577,514,707
9636: 9639,9299,9253,9627
643: 578,644,517,709,710
644: 580,517,643,710,645
645: 644,580,581,781,646
646: 781,782,581,647,645,714
647: 581,519,648,583,646,714
648: 584,583,649,647,715,714
649: 584,648,650,715,716
650: 588,525,586,584,649
8930: 8876,8929,8983,8982
652: 716,718,717,588,589
653: 654,589,527,718,787,788
654: 653,527,9495,655,788,720
655: 9495,9530,654,720,722,656
656: 722,9530,655,9635,790,723
657: 10004,9399,9819,9748
7990: 7989,7909,7910
659: 729,728,727,593,9405
7443: 7696,7528,7355,7442,7357
661: 662,730,594,595,593,9551
662: 731,730,661,595,596,663
663: 733,597,596,662,731
664: 733,597,598
8748: 8687,8808,8686,8807
666: 599,600,735
9370: 9570,9300,9385,9330,9526
668: 736,602,737,669
669: 670,737,602,668
670: 669,739,671
671: 739,740,672,605,670
672: 740,671,605,606,741,673
673: 741,742,606,607,672
8733: 8734
675: 743,744,609
9989: 9347,8177,8100,8099,9993
9502: 9313,9433,16,66,9403,38
678: 612,679
679: 612,678,680
680: 679,614
9133: 9047,9135,9092,9091,9203,9173
682: 750,751,616,683
683: 752,684,616,617,751,682
684: 752,683,617,618
8006: 8005,8086,7925
686: 619,687,755
687: 688,686,755
688: 687,622,757,689
689: 690,758,688,622,757
690: 758,829,689,624
7523: 7522,7435,7436,7609,9880,9977
9770: 9257,10004,9612
693: 762,694
694: 763,695,762,693
695: 763,694,629,764,696
696: 764,765,697,629,630,695
697: 765,696,630,631,766,698
698: 766,767,631,699,697
699: 633,700,767,698,768
700: 633,634,699,768,769
8527: 8528,8457,8526,8594
9695: 10034,9936,9944,9690
8053: 7973,7974,8054
704: 842,771,773
8242: 8165,8316,8241,8391
706: 774,639,640,707
707: 776,640,641,706
9952: 8603,9544,9735,9386,9778,10022
709: 777,643,710
710: 849,643,644,709
711: 
9513: 9599,9522,9258,9498
8365: 8291,8366,8292
714: 715,783,647,648,782,646
715: 783,714,785,648,649,716
716: 717,652,649,715,785
717: 716,718,652,785,786
718: 717,652,653,786,787
8259: 8184,8332,8108,8185,8260,8333
720: 789,722,654,655,858,788
9340: 9594,9519,9750,9285,9096
722: 789,720,860,656,655,790
723: 861,790,9635,9245,656,791
724: 794,9637,9382,868,943,942
725: 868,796,726,9399,9500,9382
726: 10004,9399,796,725,727
727: 659,728,726,9405,796
728: 729,659,727,869,796,799
729: 659,728,800,946,799
730: 662,731,661,593,801
731: 662,730,663,801,802
7561: 7474,7560,7562,7475,7646
733: 664,663
10022: 9952,9735,9778
735: 736,666
736: 807,735,668,737
737: 808,669,736,807,668
7686: 7770,7775,7601,7602,7685,7769
739: 740,671,670,809
740: 739,671,811,672,741
741: 742,812,673,740,811,672
742: 741,812,673,743,813
743: 744,675,742,813,814
744: 743,675,745,814,815
745: 746,744,815,816
746: 745,816
9054: 9004,9053,9005,9356,9098,9592
9622: 9290,9453,9593,9252
7279: 7280,7367,7190,7191,7278
750: 751,682,820
751: 750,682,752,683
752: 684,683,751,823
8554: 8553,8620,8486,8487,8555,8621
754: 824
755: 826,686,687
9356: 9448,9005,9054,9334,9592,9353
757: 827,826,688,758,689
758: 690,829,689,827,757
8553: 8554,8620,8485,8486,8619
760: 624,625
9217: 9307,9238,9216,9237,9420
762: 763,694,693,833
763: 695,834,762,694,764,833
764: 765,835,696,763,695,834
765: 764,835,696,697,766
766: 767,698,765,697
767: 766,698,699,768,838
768: 769,839,838,699,700,767
769: 768,839,700,770,840
770: 840,771,769
771: 770,636,704,842
9390: 9346,9484,9534,9436,9486,9928
773: 774,704,844
774: 773,706,844,845
7464: 7463,7550,7377,7465
776: 707,777,846
777: 709,848,776
7818: 7819,7735,7899,7900
9417: 6712,9494,9469
8984: 9033,8932,8878,9032,8983
781: 782,646,645
782: 781,646,783,714,853
783: 715,714,785,782,853,854
9781: 9803,9537,10037,9798
785: 715,783,716,717,854
786: 927,928,718,717,787
787: 929,788,718,653,786,928
788: 858,929,787,654,653,720
789: 720,860,722,858,1006,859
790: 861,933,723,860,722,656
791: 863,862,9245,792,861,723
792: 9552,793,863,791
793: 9552,792
794: 866,9637,724,9415,942,941
9115: 9153,9154,9073,9074,9114,9151
796: 869,868,725,726,728,727
8480: 8481,8479,8614
9060: 9015,9016,9059,9061,9102,9634
799: 1021,946,944,869,729,728
800: 801,873,729,872
801: 873,800,731,730,802
802: 874,731,801,873
7442: 7268,7355,7354,7443,7528
9175: 9563,9176,9177,9106,9497,9584
805: 876
9913: 2376
807: 736,808,737
808: 737,809,807
809: 808,739,881
9363: 9635,9245,9291,9980,9552
811: 740,741,812,883
812: 741,742,811,883,884,813
813: 884,742,812,743,885,814
814: 885,886,743,744,813,815
815: 816,744,745,886,814
816: 815,888,745,746
8376: 8302,8303,8447,8448
9052: 9098,9097,9003,9053,9094,9096
8842: 8843,8782,8721,8841
820: 750,891,892
821: 
8045: 
823: 894,895,752,824
824: 896,754,895,823
7819: 7818,7735,7736,7737
826: 755,827,757
827: 826,757,758
8372: 8298,8373,8444
829: 690,758
9972: 9819,9748,9878
8782: 8656,8657,8721,8781,8842
832: 
833: 763,834,762
834: 763,764,835,833,906
835: 764,765,834,906,907
8326: 8253,8328,9687,9953,9472
7300: 7301,7388,7212,7299,7387
838: 768,839,767,910
839: 768,769,838,840,910
840: 770,769,839,912
7601: 7600,7514,7515,7602,7685,7686
842: 704,771,913
8058: 8059,7979,8057,8136,8137
844: 915,916,845,773,774
845: 916,844,774,917,846
846: 917,918,776,845
7324: 7412,7411,7325
848: 777,849,919,920
849: 710,848,920
7858: 7690,7606,9274,7603,9631
9810: 9659,10010,9244,9398
7646: 7561,7562
853: 923,782,783,854
854: 926,783,785,853
7248: 7249,7336
8285: 8286,8210,8211,8358
9947: 9693,9870,9834,9994
858: 929,788,789,720,859
859: 1006,1005,858,789,1004
860: 789,722,790,933,1006,934
861: 790,933,723,862,791,864
862: 863,791,861,864
863: 862,791,792
864: 861,933,862
865: 9283,9576,866,9415,1092,939
866: 794,9415,865,1092,1093,941
8964: 9014,8911,8913,8966,8963
868: 869,796,725,9382,724,943
869: 868,796,728,943,944,799
9442: 9591,9422,4137,3936,9256,9462
8431: 8430,8432
872: 948,873,800,946
873: 801,800,874,802,872,948
874: 802,873,948
875: 
876: 805,950
7386: 7299,7387,7298,7474
9019: 9063,9143,8919,8970,8972
7875: 7793,7794,7874,7876,7956
7518: 7431,7430,7690,7606
881: 809,955
7351: 7439,7438,7525
883: 884,958,811,812,957
884: 883,958,959,813,812,885
885: 886,960,814,884,959,813
886: 885,960,814,815
8294: 8368,8219,8220,8293
888: 816,889
889: 888
890: 891,965
891: 890,965,966,820,892
892: 893,967,820,891,966
893: 892,967,968,894
894: 895,969,823,893,968
895: 894,969,823,896,824
896: 824,897,895
897: 896,972
9999: 9866,10027
899: 
9831: 9963,9651
901: 902
902: 901,903,977
903: 978,902,977
8228: 8151,8227,8229,8152,8302,8303
7704: 7703,7705,7621,7786,7787
906: 907,981,834,835,980
907: 906,981,982,835
9471: 9305,9343,9306,9614
909: 
910: 839,838
9835: 9915,9231,9229,9852
912: 913,987,840
913: 912,987,842
9808: 
915: 916,990,844,989
916: 915,990,844,845,917
917: 918,992,846,916,845
918: 917,992,846,919
919: 920,994,848,918
920: 919,994,848,849
9567: 9560,9615,9240,9546,9749
922: 923,996,997
923: 922,853,997,998
7470: 7469,7556,7557
9351: 9411,9541,9555,9535
926: 854,927,999,1000
927: 786,928,926,1000,1002
928: 786,927,929,787,1002,1003
929: 858,787,788,928,1003
9796: 9697,9679
9789: 9939,9727,10039
9530: 9495,655,9264,9635,9291,656
933: 861,790,860,934,864
934: 1009,860,933,1007,1006
9950: 9699,9837,9329,44,9775
936: 1011
8988: 8882,8881,8987,8937,9037,8989
938: 1014,1013,9576
939: 1170,1092,865,9576,1169
8159: 8236,8160,8080,8081,8158
941: 1093,866,794,942,1095
942: 1019,943,794,724,941,1095
943: 1019,942,869,868,724,944
944: 1021,799,869,1019,943
9009: 9008
946: 1021,799,729,1022,872
947: 
948: 872,873,874,1024
9981: 
950: 876,1025
951: 
952: 1028,953,1027
953: 1028,952,1029,954
954: 955,953,1029
955: 954,881,1031
8499: 8429,8498,8430,8567
957: 883,958,1033
958: 883,884,959,957,1033,1034
959: 884,958,885,960,1034,1035
960: 885,886,959,1035,1036
8771: 8831,8772,8709,8710,8830,8770
962: 
8929: 8928,8981,8930,8876,8982
7923: 7841,7842,7924,7922,8004
965: 890,891,966
966: 891,965,892,967
967: 892,893,968,966,1042
968: 893,967,894,969,1043
969: 894,895,968,1044
970: 
9023: 8868,8921,9024,9068,9067
972: 1047,897
973: 1048,974,1049
974: 973
9800: 9100,9787,9634,9892
8655: 8718,8654,8588,8589,8656
977: 902,903,978,1052
978: 903,979,977,1054
979: 980,978,1054,1055
980: 979,906,981,1055,1056
981: 906,907,982,980,1056,1057
982: 907,981,983,1057
983: 982
9720: 9813,9708
7288: 7289,7376,7200,7375,7199
7296: 7295,7383,7207,7208
987: 912,913,1063
7512: 7511,7598,7599,7425
989: 915,990,1065
990: 915,916,989,1065,1066
991: 
992: 917,918,1067,1068
9451: 2010,9954
994: 919,920,1069
7474: 7561,7560,7387,7386,7475
996: 1071,922,1072,997
997: 1072,1073,998,922,923,996
998: 1073,997,923,999
999: 1075,1000,926,998
1000: 999,1075,926,927,1076,1002
8424: 8494,8493,8352,8423,8425
1002: 1076,1078,927,928,1000,1003
1003: 1004,1079,928,929,1002,1078
1004: 1079,1003,1005,859,1080
1005: 1007,1006,859,1004,1080,1081
1006: 1007,1005,859,789,860,934
1007: 1006,1005,1009,934,1081,1082
10016: 9898,9914,9906,9847
1009: 934,9481,1007,1082,9254
1010: 1086,1011
1011: 1010,1086,1087,936
7570: 7483,7484,7569,7571,7655
1013: 1014,938,1089
1014: 938,1013,9576,1089,1167
8567: 8634,8568,8499,8633
7874: 7793,7875,7792,7873,7954
7672: 7756,7587,7671,7673
9872: 6618,9658,6523,9964,9873
1019: 943,942,944,1096,1095
7462: 7461,7548,7375,7463
1021: 946,944,799,1022,1097
1022: 1021,946
8769: 8768,8707,8708,8829,8770
1024: 948
1025: 950
8199: 8123,8198,8200,8273,8274
1027: 1103,1028,952
1028: 953,952,1105,1029,1027
1029: 1028,953,1105,954,1106
7885: 7804,7886,7884,7965
1031: 1108,955
8261: 8260,8186,8110,8188,8262
1033: 1034,1110,957,958
1034: 1033,1110,1111,958,959,1035
1035: 1036,959,960,1034,1111
1036: 1035,960,1037
1037: 1038,1036
1038: 1037,1115
7707: 7624,7706,7789,7790
7539: 7452,7453,7540,7538,7624
10038: 3535
1042: 1043,1119,1118,967
1043: 1042,1119,968,1044,1120
1044: 1121,1120,969,1043,1045
1045: 1046,1122,1044,1121
1046: 1045,1122,1047
1047: 1048,972,1046,1124
1048: 1047,973,1049,1125,1124
1049: 1048,973,1125,1126
9862: 9997,9742,9671,9970
1051: 1052,1127
1052: 1051,1129,977
9231: 9209,9835,9229
1054: 1130,978,979,1055,1131
1055: 1131,1132,980,979,1054,1056
1056: 1057,1133,980,981,1055,1132
1057: 1056,1133,1134,981,982
7877: 7796,7876,7878,7957,7958
8146: 8145,8222,8223
1060: 1061,1137,1136
1061: 1060,1137
7309: 7396,7220,7221,7310,7397
1063: 1140,987
9053: 9004,8950,9054,9003,9098,9052
1065: 1066,1142,990,1141,989
1066: 1065,1142,990,1067
1067: 1068,1144,992,1066
1068: 1067,1144,992,1069,1145
1069: 1145,994,1068
7888: 7806,7968
1071: 1147,1148,996,1072
1072: 1073,1149,997,1071,1148,996
1073: 1072,1149,997,998
9890: 10028,9897
1075: 999,1000,1076,1152,1151
1076: 1002,1078,1075,1000,1152
8156: 8232,8078,8155
1078: 1076,1002,1079,1003,1155
1079: 1004,1003,1078,1155,1080
1080: 1234,1004,1079,1005,1081,1158
1081: 1158,1159,1082,1007,1005,1080
1082: 1081,1159,1007,1009,9409,9254
1083: 1316,1317,1159,9409,1238,9397
8094: 8095,8015,8093,8249,8173
7932: 7850,7851,7931,8012,8013
1086: 1010,1011,1087,1163,1162
1087: 9335,1086,1011,1163,9296
7407: 7494,7319,7408
1089: 9986,1014,1013,1167
8272: 8271,8197,8198,8273,8346
9607: 9377,9638,6994,6904,9308,7083
1092: 1170,939,1251,865,866,1093
1093: 941,866,1092,1251
9583: 9249,9360,5542,5641,5742,9452
1095: 1174,1096,1019,942,941
1096: 1174,1095,1019,1097,1175
1097: 1175,1021,1096
9322: 65,14,9445,9287,37,9403
7562: 7475,7561,7646,7563
8083: 8084,8004,8082,8161,8238
8869: 8976,8812,8813
9512: 9540,7262,9406,9543,7265,7175
1103: 1027
9452: 5840,9583,9360,9678,5742
1105: 1028,1029,1106,1183,1184
1106: 1105,1029,1185,1184
8889: 8943,8890,8888
1108: 1031,1186,1187
8369: 8368,8296,8370,8440
1110: 1033,1034,1111,1188
1111: 1034,1110,1035
7599: 7512,7598,7600,7684
8578: 8579,8644,8645
7364: 7276,7363,7365,7277,7451,7452
1115: 1116,1038,1193,1194
1116: 1115,1194,1117
1117: 1195,1116
1118: 1042,1119,1196,1197
1119: 1042,1043,1118,1120,1197,1198
1120: 1044,1121,1043,1119,1198
1121: 1044,1120,1045,1122
1122: 1046,1045,1121,1201
8390: 
1124: 1203,1202,1125,1047,1048
1125: 1203,1124,1048,1049,1204,1126
1126: 1204,1205,1049,1125
1127: 1051,1205,1206
7408: 7321,7407,7409
1129: 1130,1052,1207
1130: 1129,1054,1131
1131: 1055,1132,1130,1054,1210
1132: 1055,1131,1056,1133,1210,1211
1133: 1056,1057,1134,1132,1211,1212
1134: 1057,1133,1135,1212,1213
1135: 1136,1134,1213
1136: 1135,1060,1137,1215
1137: 1060,1061,1136,1215,1216
9345: 73,44,9775,75,109
8373: 8300,8374,8372,8444
1140: 1063
1141: 1065,1142,1220
1142: 1065,1066,1141,1220
7957: 7958,7877,7876,7956
1144: 1067,1068,1145,1222
1145: 1069,1068,1144
7394: 7306,7393,7481
1147: 1071,1148,1225
1148: 1071,1147,1072,1149,1227
1149: 1072,1073,1148,1227,1228
7700: 7616,7617,7701,7783
1151: 1229,1230,1152,1075
1152: 1230,1151,1075,1076
9956: 466,9586,9674,9830
9447: 9434,9373
1155: 1232,1078,1079,1233,1234
9690: 9944,9695,9763
9958: 9818,9757,9746
1158: 1081,1159,1234,1080,1314,1236
1159: 1081,1158,1082,1236,1083
1160: 1319,9342,1161,1320,1240
1161: 1162,1160,1240
1162: 1163,1086,1161
1163: 1241,1162,1086,1087,9296
9589: 9273,9326,9383
8830: 8829,8770,8831,8771,8886,8887
8838: 8839,8779,8837,8778,8895
1167: 1169,9361,1014,1089
8990: 9038,9039,8991,8937,8938,8989
1169: 1167,1249,1170,939
1170: 1092,939,1251,1169,1249,1250
8727: 8790,8663,9623,8662,8789
9326: 9273,9589,9383,7,29
1173: 
1174: 1096,1095,1175,1254,1255
1175: 1097,1174,1096,1255,1256
7321: 7408,7409
1177: 1178,1258
1178: 1177,1259,1258
1179: 1180,1259
1180: 1179,1261
8293: 8366,8292,8218,8219,8294
9357: 1238,9397,1319,9342,1318,1400
1183: 1263,1105,1184
1184: 1185,1105,1106,1183
1185: 1184,1106,1186
1186: 1187,1108,1185
1187: 1186,1108,1188
1188: 1110,1187
7276: 7363,7364,7275,7187,7277
7657: 7741,7573,7656,7740
9975: 9725,9817
1192: 1193,1272
1193: 1192,1115,1194
1194: 1116,1115,1193
1195: 1276,1117
1196: 1276,1118,1197,1277
1197: 1198,1278,1277,1119,1118,1196
1198: 1197,1278,1119,1120
7790: 7789,7871,7707,7791
7328: 7327,7239,7416,7240
1201: 1281,1282,1122,1202
1202: 1203,1283,1124,1201,1282
1203: 1284,1283,1202,1125,1124,1204
1204: 1285,1126,1284,1203,1125
1205: 1285,1126,1127,1206,1286
1206: 1207,1286,1127,1205
1207: 1206,1129
9263: 9393,9460,78,9461,77,115
9475: 9511,7082,6990,7172,7081,9384
1210: 1290,1291,1131,1132,1211
1211: 1212,1132,1133,1210,1291
1212: 1211,1293,1133,1134,1213
1213: 1294,1134,1135,1212,1293
7237: 7238,7325,7147,7148
1215: 1216,1136,1137,1295
1216: 1215,1296,1137,1217
1217: 1216,1297
8027: 7948,8028,8106,7947,8026
10031: 9779,9977,9880
1220: 1141,1142
9966: 9927,9978
1222: 1302,1303,1144
8055: 7975,8054,8056,8133,8134
8821: 8876,8820,8878
1225: 1305,1147,1306
9113: 9114,9150,9112,9072,9588,9355
1227: 1228,1148,1149,1307
1228: 1227,1309,1149,1229
1229: 1230,1310,1151,1228,1309
1230: 1229,1310,1311,1152,1151
9462: 9256,9489,9797,9442,9422,10000
1232: 1155,1233,1312
1233: 1234,1232,1155,1313,1314
1234: 1233,1080,1155,1158,1314
9141: 9140,9407,9444,9062,9105,9563
1236: 1397,1158,1159,1396,1314
8687: 8748,8688,8624,8623,8686
1238: 9357,9397,1316,1083,1399,1318
9313: 9502,9433,9330,9526,9287,9403
1240: 1321,1320,1161,1241,1160
1241: 1163,9443,1240,1242
1242: 1321,1241,9443,1404,1323
1243: 9443,9246,9761,1323,1324,1244
1244: 1325,1406,1243,9700,9761,1324
9556: 9571,9629,9297,9317,10005
1246: 9327,1247,1327,9579,1410,1328
1247: 9327,1246,9542,1328,1329
1248: 9542,1330,1249,9361,1331
1249: 1169,9361,1170,1248,1250,1331
1250: 1332,1331,1249,1170,1251
1251: 1170,1092,1093,1250,1333
1252: 
1253: 1334,1254,1335
1254: 1336,1335,1255,1174,1253
1255: 1336,1254,1174,1175,1256
1256: 1338,1175,1255
8917: 8916,8807,8970,9018
1258: 1340,1339,1177,1178
1259: 1179,1178,1341
7478: 7390,7479,7564,7565
1261: 1262,1180
1262: 1261,1263,1344
1263: 1183,1262,1344,1345
8126: 8047,8125
8009: 8088,8089,7929,8008
9090: 9045,9089,8945,9046,9132
8178: 8102,8179,8101,8177,8252,8253
7954: 7953,8033,7873,7874,8034
8336: 8406,8262,8264,8408
1270: 1351,1352
8185: 8031,8108,8259,8260,8186
1272: 1192
9643: 9354,9310,9508
9548: 9242,9615,9507,9387,9863,9672
9846: 9738,9885
1276: 1195,1196,1277,1357,1358
1277: 1197,1278,1196,1276,1358,1359
1278: 1197,1198,1277,1359
8721: 8722,8657,8658,8782,8842,8843
1280: 1281,1362
1281: 1201,1282,1280,1362,1363
1282: 1201,1281,1283,1202,1363,1364
1283: 1284,1203,1202,1282,1364
1284: 1203,1283,1204,1366
1285: 1204,1205,1286,1366,1367
1286: 1206,1205,1285,1367
8449: 8304,8378,8450,8519
7996: 8075,8076,7915
9395: 9505,9712,9740,9344
1290: 1210,1291,1371,1372
1291: 1210,1290,1211,1372,1373
9601: 6991,9309,9511,9575
1293: 1212,1213,1294,1374,1375
1294: 1213,1295,1293,1375,1376
1295: 1294,1215,1376
1296: 1216,1377,1297
1297: 1298,1296,1217
1298: 1297,1380
1299: 
1300: 1381
9505: 9395,9712,9359,8731,8792
1302: 1222,1303,1383,1384
1303: 1222,1302,1304,1384
1304: 1305,1303,1386
1305: 1225,1304,1306,1386,1387
1306: 1305,1225,1387,1388
1307: 1227,1388
8143: 8144,8220,8064,8065,8142,8219
1309: 1228,1229,1310,1390,1391
1310: 1229,1230,1311,1309,1391,1392
1311: 1230,1310,1392,1312
1312: 1313,1311,1232
1313: 1477,1312,1233,1395
1314: 1395,1396,1233,1234,1158,1236
9408: 9302,9574,5144,9482,5247
1316: 1397,1083,1238,1480,1399
1317: 1083
1318: 1482,1399,9357,1238,1400
1319: 1160,9342,9357,1320,1484,1400
1320: 1321,1240,1160,1319,1484
1321: 1320,1240,1242,1404,1403
8659: 8660,8592,8593,8722,8658
1323: 1404,1405,1324,9443,1243,1242
1324: 1323,1405,1243,1406,1244
1325: 1244
1326: 9700,9717,1408
1327: 9609,9579,1246,1493,1410
1328: 1494,1411,1247,1246,1410
1329: 1495,1412,1247,1330,1411
1330: 1248,1331,1329,1412,1414
1331: 1332,1250,1249,1330,1248,1414
1332: 1250,1331,1333,1414
1333: 1334,1416,1251,1332
1334: 1333,1416,1253,1417,1335
1335: 1336,1254,1334,1253,1417,1418
1336: 1254,1335,1255,1419,1418
9045: 9088,9090,8943,8995
1338: 1256,1339,1420,1421
1339: 1258,1340,1338,1421,1422
1340: 1258,1339,1341,1422
1341: 1259,1340
1342: 
9519: 9340,9594,9135,9285,9173
1344: 1262,1263,1345,1427
1345: 1346,1427,1428,1263,1344
1346: 1345,1428,1347
1347: 1346
9468: 9676,9473,9439
1349: 1432,1350
1350: 1351,1432,1349
1351: 1350,1270,1352
1352: 1270,1351
9193: 9160,9219,9161,9162,9239
9295: 56,27,9247,5,9528
9276: 408,467,9674,9830,9270,407
1356: 1438,1439
1357: 1358,1440,1276
1358: 1357,1440,1276,1277,1359
1359: 1278,1277,1358
7922: 7921,7841,7923,8002
9207: 9467,9111,9069,9208,9181,9478
1362: 1444,1280,1281,1363,1445
1363: 1445,1446,1364,1281,1282,1362
1364: 1363,1446,1282,1283
9338: 77,115,9446,9537
1366: 1367,1449,1284,1285,1448
1367: 1366,1449,1285,1286
9012: 8963,9011,9581,9013,9057
1369: 1451
1370: 1371
1371: 1370,1290,1372
1372: 1455,1290,1291,1371,1373
1373: 1374,1456,1291,1372,1455
1374: 1373,1456,1293,1375
1375: 1376,1293,1294,1374
1376: 1375,1295,1294
1377: 1460,1459,1296
9596: 9178,9145,9177,9497,9368
8404: 9436,8403,8332,8333,8405,8538
1380: 1381,1463,1298
1381: 1464,1463,1380,1300
9437: 9592,9353,9336
1383: 1302,1384
1384: 1467,1302,1303,1383
7965: 8044,7884,7885
1386: 1387,1468,1469,1305,1304
1387: 1386,1469,1305,1306,1388,1470
1388: 1470,1307,1306,1387
8176: 8175,8096,8097
1390: 1473,1472,1309,1391
1391: 1392,1309,1310,1473,1390
1392: 1391,1310,1311
8576: 8508,8509
9274: 7858,7606,9299,9253,9631
1395: 1396,1314,1477,1313
1396: 1395,1314,1479,1397,1236
1397: 1316,1236,1396,1479,1480
10028: 9890,9897
1399: 1318,1316,1238,1480
1400: 1483,1484,9357,1319,1482,1318
9521: 9282,9483,4236,4337,9269
8072: 7992,8150,8151
1403: 1321,1404,1486
1404: 1323,1405,1321,1242,1403,1487
1405: 1404,1323,1324,1406,1487,1488
1406: 1244,1408,1405,1324,1488,9606
7436: 7349,7437,7348,7523,7435,9977
1408: 1406,1326,9267,9606
1409: 
1410: 1493,1578,1327,1246,1494,1328
1411: 1494,1328,1329,1495,1579
1412: 1329,1495,1330,1414,1497
9277: 9640,9456,9378
1414: 1498,1497,1330,1332,1331,1412
9057: 9492,9012,9013,9100,9099
1416: 1334,1333,1417,1499,1500
1417: 1334,1416,1335,1500,1418
1418: 1502,1419,1417,1336,1335
1419: 1502,1418,1336,1503,1420
1420: 1504,1503,1421,1338,1419
1421: 1504,1420,1338,1339,1505,1422
1422: 1506,1505,1340,1339,1421
9809: 9933,9923
9415: 866,794,9637,9251,9283,865
1425: 1509
7469: 7470,7556,7555
1427: 1345,1428,1344,1510,1511
1428: 1345,1346,1427,1511,1512
8198: 8199,8121,8197,8272,8273
9779: 10031,9977,7437
9329: 9416,9565,9487,9837,9950
1432: 1349,1350,1515,1516
7865: 7866,7864,7783,7944,7945,7946
9033: 9079,8984,8932,9032,9078
9460: 9393,9580,9263,10040
1436: 1437,1519,1520
1437: 1436,1438,1520
1438: 1356,1439,1437,1522
1439: 1356,1438,1522,1523
1440: 1357,1358,1524,1523
8008: 8087,8009,8088
7988: 7908,7907,7989
1443: 1444,1526,1527
1444: 1362,1443,1445,1527,1528
1445: 1363,1446,1444,1362,1528,1529
1446: 1363,1445,1364,1529,1530
7673: 7674,7757,7672,7756
1448: 1366,1449,1532
1449: 1366,1367,1448,1532,1533
9224: 9166,9128,9165,9197,9318
1451: 1369,1535
9869: 9806
9497: 9584,9368,9175,9177,9596
7295: 7296,7383,7207,7294
1455: 1372,1373,1456,1538,1539
1456: 1373,1374,1455,1539
9708: 9722,9813,9720,9715,9903
8679: 8616,8680,8740,8741
1459: 1377,1460,1542,1543
1460: 1377,1459,1461,1543
1461: 1460,1545
9469: 9494,9417,9309
1463: 1464,1381,1380,1546,1547
1464: 1381,1463,1547,1548
8013: 8012,8093,8171,7932
9658: 9872,9901,9941,9873,9792
1467: 1384,1468
1468: 1386,1469,1467
1469: 1386,1387,1468,1470,1553
1470: 1388,1387,1469,1553
9860: 9696,9724
1472: 1473,1390,1555,1556
1473: 1390,1472,1391,1556,1557
9325: 9476,9398,9261,9463,9608,9364
9489: 9256,9462,9797,4339,4338,9331
1476: 1477,1560
1477: 1476,1313,1395,1560,1561
9071: 9028,9072,9027,8978,9070,9112
1479: 1396,1397,1562,1563,1480
1480: 1563,1479,1397,1316,1399
8528: 8527,8596,8458,8459,8529
1482: 1565,1318,1566,1483,1400
1483: 1566,1484,1400,1482,1568,1651
1484: 1483,1400,1319,1320,1568
7669: 7668,7584,7670,7753
1486: 1487,1569,1403
1487: 1571,1486,1404,1405,1488
1488: 1572,1405,1406,1571,1487
7956: 7875,7876,7957
7839: 7921,7756,7757,7838
7828: 7827,7909,7910,7745
1492: 9662,1493,1577,1576
1493: 1577,1578,1410,1327,1492
1494: 1411,1328,1578,1410,1664,1579
1495: 1329,1412,1411,1579,1580,1581
9858: 
1497: 1498,1583,1414,1412,1581,1582
1498: 1499,1583,1414,1497
1499: 1498,1583,1416,1500,1584
1500: 1585,1584,1416,1417,1499
9392: 4437,9269,9483,4436,4435,9633
1502: 1419,1418,1503,1587
1503: 1504,1420,1502,1419,1587
1504: 1503,1420,1421,1505,1589
1505: 1506,1422,1504,1421,1589
1506: 1505,1422,1507
1507: 1592,1506
9802: 9507,9558,9167
1509: 1510,1594,1593,1425
1510: 1509,1594,1427,1511,1595
1511: 1512,1595,1596,1427,1428,1510
1512: 1511,1596,1428,1513,1597
1513: 1597,1598,1512,1514
1514: 1515,1599,1513,1598
1515: 1514,1599,1600,1432,1516
1516: 1601,1432,1515,1600
8213: 8136,8137,8214,8287,8288
1518: 1519,1602
1519: 1518,1436,1520,1604
1520: 1605,1604,1437,1436,1519
7504: 7505,7591,7416,7417,7503
1522: 1607,1438,1439,1523
1523: 1608,1524,1439,1440,1522,1607
1524: 1608,1523,1440,1525,1609
1525: 1526,1610,1609,1524
1526: 1525,1610,1443,1527,1611
1527: 1528,1611,1612,1444,1443,1526
1528: 1527,1612,1444,1445,1529,1613
1529: 1613,1530,1445,1446,1528
1530: 1529,1446
9483: 9282,9521,9269,9392,9633,9459
1532: 1533,1617,1448,1449,1616
1533: 1532,1617,1618,1449
7783: 7864,7700,7701,7865
1535: 1619,1451,1620,1705
7931: 7849,7850,7932,8010,8012
1537: 1538,1622
1538: 1622,1623,1537,1455,1539
1539: 1455,1456,1538,1623
8879: 8932,8878,8823,8933,8880
1541: 1542,1626,1625
1542: 1541,1626,1459,1543,1627
1543: 1628,1627,1460,1459,1542
9258: 9573,9538,9498,9513,9412
1545: 1629,1630,1461,1546
1546: 1547,1631,1463,1545,1630
1547: 1546,1631,1464,1463,1548
1548: 1549,1633,1464,1547
1549: 1548,1633,1634
7522: 7523,7435,7434,7347,7608,7609
9968: 9549,5644,9909,5842
7431: 7430,7518,7342,7519
1553: 1469,1470
9735: 8603,9952,10022
1555: 1556,1472
1556: 1555,1473,1472,1557
1557: 1642,1473,1556
9732: 9850
1559: 
1560: 1644,1476,1477,1561
1561: 1562,1477,1560
1562: 1561,1479,1563,1732
1563: 1480,1479,1562
9421: 9496,9642,9655,9371
1565: 1482,1566,1649
1566: 1483,1482,1565,1736,1651
7621: 7705,7704
1568: 1569,1483,1484
1569: 1568,1486
8995: 9043,8943,9045,9088
1571: 1487,1572,1488,1656
1572: 1573,1488,1571,1657,1656
1573: 1572,9606,9389,1657,1574
1574: 1659,1573,9389,9554,1657,1658
8079: 8080,7999,8078,8158
1576: 10010,10001,1492,9662,1577,1662
1577: 1493,1578,1492,1576,1663,1662
1578: 1493,1577,1410,1494,1663
1579: 1664,1751,1494,1411,1495,1580
1580: 1666,1752,1581,1495,1751,1579
1581: 1666,1580,1495,1497,1582
1582: 1754,1583,1497,1581
1583: 1498,1499,1497,1584,1669,1582
1584: 1500,1585,1499,1583,1669
1585: 1500,1584
9253: 9299,9636,9274,9631,9517
1587: 1672,1502,1503
9745: 9882,10008
1589: 1674,1504,1505,1676
8282: 8356,8208,8207,8281
8696: 8633,8632,8695,8697,8757
1592: 1507,1677
1593: 1509,1594,1679
1594: 1509,1510,1593,1595,1679
1595: 1511,1596,1510,1594,1681
1596: 1511,1512,1595,1597,1681,1682
1597: 1513,1598,1512,1596,1682
1598: 1513,1597,1514,1599
1599: 1514,1515,1600,1598
1600: 1515,1599,1516,1601,1686
1601: 1516,1602,1600,1686,1687
1602: 1601,1518,1687,1688
9154: 9155,9153,9115,9075,9074,9118
1604: 1520,1605,1519,1690
1605: 1520,1604,1690,1691
9458: 9354,7859,9310,7779,7780,9550
1607: 1522,1608,1523,1693
1608: 1524,1523,1607,1609,1693,1694
1609: 1525,1610,1608,1524,1694
1610: 1525,1526,1609,1611,1696
1611: 1527,1612,1526,1610,1696,1697
1612: 1527,1528,1611,1613,1697,1698
1613: 1529,1528,1612,1698,1699
9157: 9078,9190,9119,9216,9236
8992: 8993,9040,9085,8940,8991
1616: 1532,1617,1701,1702
1617: 1532,1533,1618,1616,1702,1703
1618: 1533,1617,1619,1703,1704
1619: 1535,1618,1704,1705
1620: 1535,1705,1706
9486: 9928,9289,9534,9705,9390
1622: 1538,1623,1537,1707
1623: 1538,1622,1539,1709
7559: 7643,7472,7558
1625: 1541,1626,1710,1711
1626: 1541,1542,1625,1627,1711,1712
1627: 1543,1628,1542,1626,1712,1713
1628: 1543,1627,1629,1713
1629: 1545,1630,1628
1630: 1545,1629,1546,1631,1716
1631: 1546,1547,1630,1716,1717
8677: 8613,8676,8678,8614,8739,8738
1633: 1548,1549,1634,1718
1634: 1549,1633,1635
1635: 1636,1634,1721
1636: 1635,1721,1722
7485: 7571,7397,7398,7484
1638: 1723
9929: 9718,9721
9348: 9877,9266,9523,9718
7449: 7361,7362,7450
1642: 1557,1643,1727,1728
1643: 1642,1644,1728,1729
1644: 1560,1643,1729,1730
9723: 9646
8075: 7996,8076,8074,8154
9749: 9863,9567,9615
9848: 9710
1649: 1821,1565
8746: 8806,8684,8685,8805
1651: 1736,1566,1483
7630: 7713,7545,7631
8522: 8590,8521,8589,8453,8452,8523
8932: 8879,8878,8933,9033,9079,8984
8781: 8841,8840,8718,8782,8656
1656: 1657,1742,1571,1572,1741
1657: 1742,1656,1658,1573,1572,1574
1658: 1657,1742,1829,1744,1659,1574
1659: 1745,1744,1574,9554,1658
8089: 8009,7929,8010,8168
7953: 7954,8033,8032,7873,7952
1662: 1663,1749,9244,1577,1576,10010
1663: 1749,1662,1577,1578,1664
1664: 1751,1579,1836,1494,1663
9318: 9501,9197,9224,9558
1666: 1752,1580,1581,1754,1840
9612: 9405,9551,9770,9257,10004
9824: 
1669: 1755,1583,1584,1756
9118: 9077,9119,9214,9075,9154
1671: 
1672: 1759,1758,1587
9520: 3335,3238,9516,9713,3434
1674: 1760,1761,1589
9700: 9709,9761,9717,1244,1326
1676: 1677,1762,1589
1677: 1676,1592,1764
9750: 9340,9594,9137,9293
1679: 1766,1594,1593
1680: 
1681: 1682,1767,1595,1596
1682: 1681,1596,1597,1769
9510: 9532,2380,9286
8898: 8841,8951,9055,9004,9005
7428: 7340,7341,7427,7515,7516
1686: 1687,1773,1600,1601,1772
1687: 1686,1773,1774,1602,1601,1688
1688: 1602,1687,1774
7427: 7426,7339,7340,7428,7514,7515
1690: 1691,1777,1605,1604
1691: 1690,1777,1605,1778
9792: 9873,9776,10006,9658,9941
1693: 1694,1780,1607,1608,1779
1694: 1693,1780,1608,1609
1695: 
1696: 1782,1610,1611,1697
1697: 1698,1784,1611,1612,1696
1698: 1697,1784,1612,1613,1699
1699: 1700,1613,1698
1700: 1699,1787,1701
1701: 1787,1616,1700,1702
1702: 1703,1616,1617,1701
1703: 1702,1617,1618,1704
1704: 1790,1618,1619,1703
1705: 1619,1535,1620,1706,1792
1706: 1707,1792,1793,1620,1705
1707: 1706,1793,1622,1794
9517: 9253,9631
1709: 1710,1796,1623
1710: 1709,1796,1797,1625,1711
1711: 1712,1798,1625,1626,1710,1797
1712: 1711,1798,1626,1627,1713
1713: 1800,1628,1627,1712
9018: 9017,9062,8917,8970,9063
8743: 8681,8682,8803,8801,8744
1716: 1630,1631,1717,1803
1717: 1804,1803,1631,1716,1718
1718: 1805,1633,1804,1717
9399: 726,657,9819,9500,725
9730: 
1721: 1636,1635,1722
1722: 1723,1636,1721
1723: 1722,1810,1638
8593: 8526,8594,8592,8660,8659
9994: 9947,9870,9838
1726: 1727
1727: 1728,1814,1642,1726
1728: 1727,1815,1642,1643,1729
1729: 1730,1816,1643,1644,1728,1815
1730: 1729,1816,1644,1731,1817
1731: 1732,1817,1818,1730
1732: 1731,1818,1562
9906: 9896,9914,9898,10016
9573: 9538,9258,9412,9352,4843
8165: 8242,8086,8087,8164,8241
1736: 1651,1566,1822
8768: 8769,8707,8767
1738: 1739,1825
1739: 1738,1825,1740,1826
1740: 1826,1741,1739,1827
1741: 1740,1742,1656,1827,1828
1742: 1657,1656,1829,1658,1741,1828
9085: 8993,9040,8992,9165,9126,9127
1744: 1745,1659,1829,1658,1831
1745: 1744,1659,1919,1831
9248: 9590,9366,9441,9430,240,290
1747: 2016,9364,1927,1928
9961: 9389,9554,9267,9859,9731
1749: 1663,1662,9244,1836,9476
7475: 7562,7387,7388,7474,7561
1751: 1664,1579,1836,1752,1580,1838
1752: 1666,1580,1751,1838,1840,1839
9813: 9722,9720,9708
1754: 1755,1582,1666,1841,1842
1755: 1669,1754,1756,1842
1756: 1755,1669,1844
8638: 8639,8701,8702
1758: 1672,1759,1845,1846
1759: 1672,1758,1760,1846,1847
1760: 1674,1761,1759,1847,1848
1761: 1674,1760,1762,1848,1849
1762: 1676,1761,1850,1849
8394: 8395,9457,8466,8393,8601,8602
1764: 1677,1851,1852
1765: 1766,1852,1853
1766: 1679,1765,1767,1854
1767: 1681,1766,1854,1855
7642: 7641,7557,7558,7643
1769: 1682,1857
9331: 4438,4338,9522,9489,9797,9799
1771: 1772,1858,1859
1772: 1771,1686,1773,1859
1773: 1686,1687,1774,1772,1861
1774: 1687,1773,1688,1775,1861,1862
1775: 1774
9529: 9377,9638,9362,9943
1777: 1690,1691,1778,1864
1778: 1691,1777
1779: 1693,1780,1867
1780: 1693,1694,1779,1867,1868
8145: 8146,8222,8066,8144,8221
1782: 1696,1870
7467: 7380,7553
1784: 1697,1698
9940: 9788
8663: 8790,8727,8596,8597,8662
1787: 1701,1700
9790: 9704
8809: 8808,8810,8865,8866
1790: 1704,1791,1877,1878
1791: 1790,1792,1878
1792: 1706,1793,1705,1791
1793: 1706,1707,1792,1794
1794: 1707,1793
9119: 9118,9077,9214,9157,9236
1796: 1709,1710,1797,1883
1797: 1710,1796,1711,1798,1884
1798: 1711,1712,1797,1886
9628: 9419,9260,9623,9616,9271
1800: 1713,1887
9332: 9620,9772,9425,9374,9396
8616: 8679,8680,8550
1803: 1804,1717,1716,1890
1804: 1717,1803,1718,1805,1892
1805: 1718,1806,1804,1892,1893
1806: 1805,1893,1894
9692: 9893,9786
8107: 8029,8108,8028,8183,8184
7894: 7813,7895,7974,7975
1810: 1723,1897
7224: 7134,7223,7135,7225,7312,7313
1812: 1899
7793: 7794,7875,7874,7711,7710,7792
1814: 1727,1815,1901,1902
1815: 1728,1814,1729,1816,1902
1816: 1729,1730,1815,1817
1817: 1731,1818,1730,1816
1818: 1731,1732,1817,1819,1905
1819: 1818,1905,1906
1820: 1821
1821: 1649,1822,1820,1909
1822: 1821,1736,1909
9642: 155,9496,9421,9371,154,9427
8016: 8017,8096,7935,7936,8095,8015
1825: 1738,1739,1826,1912,1913
1826: 1740,1739,1825,1913,1914,1827
1827: 1914,1915,1740,1826,1741,1828
1828: 1741,1742,1829,1915,1827
1829: 1742,1658,1744,1917,1828
9443: 1243,9296,1241,1242,1323
1831: 2007,2006,1919,1745,1744,1917
9647: 9805,9967,9943,9435,9540
1833: 1921
1834: 1835,9608,9619,1924,2015
1835: 1834,9608,2016,9364,2015,2106
1836: 1664,1751,1749,9476,1838,9261
8767: 8705,8826,8768,8884
1838: 1927,9261,1751,1836,1752,1839
1839: 1929,1840,1928,1752,1927,1838
1840: 1841,1929,1839,1666,1752
1841: 1929,1840,1754,1842,1930
1842: 1931,1755,1754,1841
9255: 9500,9382,9878,9251,9637
1844: 1845,1933,1932,1756
1845: 1844,1933,1758,1846,1934
1846: 1847,1934,1935,1759,1758,1845
1847: 1846,1935,1759,1760,1848,1936
1848: 1936,1937,1760,1761,1847,1849
1849: 1850,1938,1761,1762,1848,1937
1850: 1939,1938,1849,1762,1851
1851: 1852,1940,1764,1939,1850
1852: 1851,1940,1764,1765,1853
1853: 1942,1765,1852,1941
1854: 1766,1767,1855,1943
1855: 1943,1767,1854
7511: 7512,7598,7510
1857: 1946,1769,1858
1858: 1859,1771,1857,1946
1859: 1858,1772,1771
9226: 9225,9227
1861: 1950,1949,1773,1774,1862
1862: 1774,1950,1861
9854: 9889,9691
1864: 1953,1777
9719: 
7465: 7378,7464,7552
1867: 1868,1779,1780
1868: 1867,1780,1957
1869: 
1870: 1782,1959
8042: 7962,7963,8043,8120,8121
9574: 9302,9408,4842,4943,5043,9482
1873: 1961,1962,1963
8592: 8591,8524,8593,8658,8659
9850: 9732
1876: 1877
1877: 1876,1790,1878,1966
1878: 1966,1791,1790,1877
9847: 9685,9908,9914,10016
9778: 9386,9952,10022
1881: 1969,1968
9908: 9685,9278,6426,6617,9847
1883: 1884,1796
1884: 1883,1973,1797
9239: 9560,9193,9219,9194,9240
1886: 1975,1798,1887
1887: 1800,1886,1975
1888: 
9578: 9367,6335,9311,9410,9455,6336
1890: 1978,1803,1979
9264: 9495,9530,9488,9514,9812,9291
1892: 1893,1804,1805,1980
1893: 1892,1982,1806,1805,1894
1894: 1983,1806,1893,1982
9747: 9669,9874
1896: 1897,1985,1984
1897: 1896,1985,1986,1810
9261: 1927,1838,1836,9325,9476,9364
1899: 1988,1812,1987
8607: 8539,9413,8540,8542,8475,9426
1901: 1902,1814,1989
1902: 1901,1991,1814,1815
10036: 10011,9932
9394: 9410,9533,6142,6239,9455
1905: 1818,1819,1906
1906: 1995,1819,1905
7912: 7830,7831,7911,7913,7992,7993
9503: 9562,5344,9294,9429
1909: 1998,1821,1822
8843: 8842,8900,8722,8721,8784
1911: 1999,2000,1912
1912: 1913,2001,1825,1911,2000
1913: 1912,2001,1825,1826,1914,2002
1914: 2002,1915,1827,1826,1913
1915: 1914,1827,1828
8826: 8705,8766,8767,8765,8882
1917: 2005,1829,2006,1831
8925: 8926,8871,8924,8978,9181,9070
1919: 2007,1831,1745,2009,2008
9121: 9080,9079,9120,9122,9191
1921: 2009,1833
9954: 2100,2099,9451
1923: 2195,2196,9619,1924
1924: 2015,2014,1834,2196,1923,2197
9928: 9486,9484,9390
9911: 6038,9401,9979,9644
1927: 1838,9261,1928,1839,1747
1928: 1929,1839,1927,1747,2018
1929: 1841,1840,1928,1839,1930,2018
1930: 1931,1841,1929,2018,2020
1931: 1842,1930,1932,2020,2021
1932: 1844,1933,1931,2021,2022
1933: 1844,1845,1932,1934,2022,2023
1934: 1846,1935,1845,1933,2023,2024
1935: 1846,1847,1934,1936,2024,2025
1936: 1848,1937,1847,1935,2025,2026
1937: 1848,1936,1938,1849,2026,2027
1938: 1939,1850,1849,1937,2028,2027
1939: 1850,1938,1851,1940,2028
1940: 1851,1852,1941,1939
1941: 1940,1853,1942,2030
1942: 1853,1941
1943: 1855,1854,2033
8231: 8154,8155,8232,8306
9112: 9208,9070,9072,9071,9355,9113
1946: 1857,1858,2036
9197: 9501,9318,9163,9165,9126,9224
9038: 9039,8990,9124,9123,9161,8989
1949: 1950,1861
1950: 1861,1949,1862
1951: 1952,2040
1952: 1953,1951,2042
1953: 1864,1952,1954,2042,2043
1954: 1953,2043,2044
9722: 9813,9708,9715
9312: 9426,8609,9413
1957: 1868,2047
7333: 7421,7332,7244
1959: 1960,1870,2048,2049
1960: 1959,1961,2049,2050
1961: 1873,1962,1960,2050
1962: 1873,1961,1963
1963: 1873,1962
7962: 7963,8042
9534: 8331,9289,9436,8403,9486,9390
1966: 1878,1877,2055,2056
8447: 8376,8448
1968: 1969,1881,2057,2058
1969: 1881,1968,2058
8620: 8553,8554,8684,8619,8621,8683
1971: 2061
8130: 8051,8207
1973: 1884,2062,2063
9679: 2947,9796,9697,9304
1975: 1886,1887,2065
8916: 8917,8968,8807,8806,8915
1977: 1978,2066,2067
1978: 1977,1890,1979,2067
1979: 1980,1978,1890
1980: 1979,1892,2070
7579: 7663,7493,7664,7580
1982: 1893,1894,1983,2072
1983: 1894,1984,1982,2072,2073
1984: 1983,1896,1985,2073,2074
1985: 1896,1897,1986,1984,2074
1986: 1897,1985,2166
1987: 1899,1988
1988: 1899,1989,1987,2078
1989: 1988,1901,2078,2079
8046: 8047,8124,8125
1991: 1902,1992,2080
1992: 1991,2082
9260: 9419,8789,9628,9623,8848,8905
9885: 9738,9846,9754
1995: 1906,1996
1996: 1995
9388: 9365,9557,9488,9514,9321
1998: 1909,1999,2087
1999: 1911,2000,1998,2089
2000: 1999,1911,1912,2001,2089,2090
2001: 1912,1913,2000,2002,2090,2091
2002: 1914,1913,2001,2091
7827: 7828,7909,7744,7745,7908
9426: 9312,8609,8607,9413,8611
2005: 1917,2006
2006: 2007,1831,2005,1917,2096
2007: 2006,1919,1831,2008,2096,2188
2008: 2009,2010,2007,1919,2188,2098
2009: 1921,2008,2010,1919
2010: 2009,2008,9451,2098
9487: 9837,9565,9329
2012: 
8056: 8057,7977,8055,8134,8135
2014: 1924,2015,2198,2290,2197
2015: 1924,2014,1835,1834,2198,2106
2016: 1747,1835,2107,2106
2017: 
2018: 2109,1929,1928,1930
9328: 9814,9262,9935,3834,9569
2020: 2021,2111,2110,1931,1930
2021: 2020,2111,1931,1932,2022
2022: 2023,1933,1932,2021
2023: 2022,1933,1934,2024
2024: 2025,2115,1934,1935,2023
2025: 2024,2115,1935,1936,2026
2026: 2117,1936,1937,2025,2027
2027: 2028,2118,1937,1938,2026,2117
2028: 2119,2118,2027,1939,1938
9498: 9538,9258,9513,4438,9522
2030: 1941
9354: 9643,9458,9310,9550,9499
8227: 8228,8151,8150,8226,8301,8302
2033: 1943
8959: 8799,8798,8908,9568,9625
8601: 8463,8393,8394,8667,8668,8602
2036: 2037,1946
2037: 2036
8866: 8973,8867,8809,8810,8919,8865
9766: 9927,9978,9876
2040: 2131,1951
8764: 8824,8704,8765,8823,8703
2042: 2043,2132,2133,1953,1952
2043: 2042,2133,1953,1954,2044
2044: 2226,2135,1954,2043
2045: 2136,2135
8491: 8422,8421,8490,8558,8559
2047: 2048,2138,1957
2048: 2047,2138,1959,2049,2139
2049: 2050,2139,1959,1960,2048
2050: 2049,1960,1961
9582: 9375,9396,9597,4036,9591,10032
7857: 7938,7939
10019: 
2054: 2055,2145,2144
2055: 2054,2145,1966,2056
2056: 2057,2147,1966,2055
2057: 2056,2147,1968,2058,2148
2058: 2148,1969,1968,2057
8194: 8193,8118,8268
8338: 8264,8265,8408,8339
2061: 2062,2152,1971,2151
2062: 2061,2152,2153,1973,2063
2063: 2154,1973,2062,2153
8846: 8844,8847,8786,9007,8955
2065: 2066,2155,2156,1975
2066: 2065,2156,1977,2067
2067: 1978,1977,2066
7780: 7941,9550,7698,7779,9458,7781
7461: 7462,7548,7373
2070: 2160,1980,2161
8949: 8948,8895,9001,9003,8896,8950
2072: 2073,2163,1982,1983,2162
2073: 2072,2163,1983,1984,2074
2074: 2165,1984,1985,2073
2075: 
7603: 7516,7602,7858,7775,7774
8496: 8497,8426
2078: 1989,1988,2079
2079: 2080,2170,1989,2078
2080: 2079,2170,1991
7842: 7841,7923,7924,7760,7759
2082: 2172,1992,2173
9762: 9857,9752,10003
7225: 7135,7136,7226,7224,7313,7314
9205: 9179,9178
9155: 9153,9154,9214,9186,9187
2087: 2178,1998
7305: 7304,7216,7217,7306,7393
2089: 2180,1999,2000,2090
2090: 2091,2000,2001,2089,2180
2091: 2090,2001,2002,2182
7878: 7797,7879,7877,7796,7958,7959
8418: 8419,8487,8488,8346,8347,8417
7697: 7615,7779,7696,7778,7859
7357: 7445,7355,7270,7443
2096: 2186,2188,2007,2006
9455: 6240,6239,9410,9394,9578,6336
2098: 2189,2280,2008,2010,2188
2099: 9954
2100: 2190,9954
2101: 
2102: 2193,2194
9256: 9462,9489,9442,4137,4339,4239
9122: 9191,9218,9121,9081,9192,9160
8432: 8433,8502,8361,8431
2106: 2199,2107,2198,1835,2016,2015
2107: 2199,2106,2016,2109
8134: 8135,8211,8055,8056,8133,8210
2109: 2018,2110,2107,2201
2110: 2020,2111,2109,2201,2202
2111: 2020,2021,2110,2202,2203
7332: 7331,7419,7244,7333
9761: 9700,9709,1243,9246,1244
8110: 8112,8188,8033,8032,8261,8186
2115: 2024,2025,2207
9933: 9809,9923
2117: 2026,2118,2027,2208,2209
2118: 2119,2028,2027,2117,2209,2210
2119: 2028,2118,2210
7915: 7834,7914,7996
9538: 9573,9258,9498,4640,4742
8387: 8458,8386,8313,8388,8459
2123: 2124,2215
2124: 2123,2125,2215,2216
2125: 2126,2124,2216
2126: 2125
9937: 9840,9780
2128: 2129,2220
2129: 2128,2220,2221
7898: 7816,7899,7979
2131: 2040,2132,2223
2132: 2042,2133,2131,2223,2224
2133: 2042,2043,2132,2224,2225
7342: 7164,7431,7430
2135: 2044,2226,2045,2136,2227
2136: 2045,2135,2227,2228
8257: 8183,8182,8106,8258,8331,8330
2138: 2047,2048,2139,2230
2139: 2049,2048,2138,2230,2231
7917: 7836,7918,7835,7998
9411: 9351,9541,2951,3048,3050
8981: 8928,8929,8980,9030,9029,8982
2143: 2234
2144: 2054,2145,2236
2145: 2054,2055,2144,2236,2237
7695: 7527,7611,7612,7694,7778,7777
2147: 2056,2057,2148,2238,2332
2148: 2058,2057,2147,2240,2332
8226: 8150,8225,8227,8300,8301
2150: 2151,2241
2151: 2150,2061,2152,2243
2152: 2061,2062,2153,2151,2243,2244
2153: 2062,2152,2063,2154,2244,2245
2154: 2063,2153,2155,2245
2155: 2065,2156,2154,2247
2156: 2065,2066,2155,2247,2248
8219: 8142,8218,8143,8220,8293,8294
9373: 9434,9447
2159: 2160,2250,2251
2160: 2070,2159,2161,2251
2161: 2162,2160,2070,2253
2162: 2161,2072,2163,2253,2254
2163: 2072,2073,2162,2254
9555: 9351,3144,9535
2165: 2074
2166: 1986
8668: 8667,8731,8601,8602,9544,9359
9168: 9166,9894,9200,9167,9960
9014: 9013,8964,8966,9059
2170: 2079,2080,2261,2262
7867: 7786,7868,7785,7866,7947,7948
2172: 2082,2263,2264
2173: 2174,2082,2264,2265
2174: 2173,2175,2265
2175: 2176,2174,2267
2176: 2175,2267
9384: 9575,9475,9511
2178: 2087,2270
8093: 8013,8171,8094,8397,8249
2180: 2089,2090,2271,2272
7257: 7167,7168,7258,7345,7433
2182: 2091,2273,2274
8230: 8153,8229,8304,8378
9706: 9991
2185: 2186,2276
2186: 2096,2185,2279
2187: 2188,2280
2188: 2187,2096,2007,2008,2098,2280
2189: 2098,2280,2190,9585
2190: 2100,2189
8459: 8388,8460,8458,8387,8528,8529
2192: 2284,9682,2193
2193: 2194,2285,2102,2192,2284
2194: 2193,2285,2286,2102,2195
2195: 2196,1923,2194,2286,2288
2196: 2195,1923,1924,2288,2197
2197: 2383,2196,1924,2014,2382
2198: 2199,2106,2015,2014,2290,2291
2199: 2107,2198,2106,2293,2291
9838: 9870,9994
2201: 2294,2109,2110,2202
2202: 2203,2111,2110,2201
2203: 2202,2111,2204
2204: 2205,2203
2205: 2204
9493: 401,346,9268,9358,9577
2207: 2115,2208,2300
2208: 2300,2301,2117,2207,2209
2209: 2210,2117,2118,2208,2301
2210: 2209,2119,2118
9959: 
2212: 2305,2304
9598: 20,9275,9547
8034: 7954,8033,8112
2215: 2216,2308,2124,2123
2216: 2215,2308,2124,2125,2309
7767: 7684,7768,7849,7850
2218: 2311
7269: 7268,7355,7180,7181,7270,7182
2220: 2221,2313,2128,2129,2312
2221: 2220,2313,2129,2314
9463: 9608,9619,9659,9325,9398,10033
2223: 2131,2132,2224,2316
2224: 2317,2316,2225,2132,2133,2223
2225: 2224,2317,2133
2226: 2044,2135,2227
2227: 2228,2320,2226,2135,2136
2228: 2227,2320,2321,2136
7701: 7618,7702,7617,7700,7783,7785
2230: 2322,2138,2139,2231,2323
2231: 2232,2324,2323,2139,2230
2232: 2231,2324,2325
8829: 8830,8770,8769,8885,8886
2234: 2326,2143,2327
8211: 8134,8135,8210,8285,8286
2236: 2237,2329,2145,2144
2237: 2236,2329,2145,2238
2238: 2331,2147,2237,2332
9403: 66,37,9287,9502,9313,9322
2240: 2333,2332,2148,2241
2241: 2334,2150,2240,2333
2242: 
2243: 2244,2336,2151,2152,2335
2244: 2243,2336,2337,2152,2153,2245
2245: 2338,2153,2154,2244,2337
7781: 7864,7698,7941,7780,7942
2247: 2248,2340,2155,2156
2248: 2247,2340,2156,2249,2341
2249: 2341,2342,2250,2248
2250: 2249,2342,2159,2251,2343
2251: 2344,2343,2160,2159,2250
8135: 8134,8211,8057,8056,8136
2253: 2345,2161,2162,2254
2254: 2346,2162,2163,2253
7937: 7855,7936,7938,8017,8018
8234: 8158,8309
8281: 8207,8282
9997: 9742,9862
9361: 1167,1249,9630,9542,1248
9774: 9899
2261: 2262,2354,2170
2262: 2261,2354,2170,2263
2263: 2172,2262
2264: 2172,2173,2265,2357
2265: 2357,2173,2174,2264
7336: 7248
2267: 2359,2176,2175
9877: 9670,9266,9751,9348,9718
9661: 9660,9438,9407,9444
2270: 2271,2363,2178,2362
2271: 2270,2363,2180,2272,2364
2272: 2273,2364,2180,2271
2273: 2272,2182,2274,2366
2274: 2366,2367,2182,2273
8022: 7944,8023,7942,8021,8100,8101
2276: 2369,2185
2277: 
8630: 8694,8631
2279: 2370,9491,2186
2280: 2189,2098,2187,2188,9585,9333
9984: 9681,9844
9481: 1009,9250,9254,9279
7855: 7854,7936,7937,7773
2284: 2192,2193,2285
2285: 2193,2194,2286,2284
2286: 2194,2285,2195,2380,2288
7521: 7434,7433,7520,7692,9639
2288: 2381,2382,2286,2195,2196,2380
8215: 8138,8214
2290: 2383,2014,2198,2384,2291
2291: 2385,2199,2198,2290,2386
8333: 8260,8259,8332,8404,8405
2293: 2294,2199,2387,2386
2294: 2201,2293,2387,2388
7259: 7169,7170,7348,7258,7347,7435
7587: 7501,7586,7500,7671,7672
9861: 9784,9726
8456: 8384,8457,8455,8526
7352: 7439,7175,7353,7440,7526
2300: 2208,2301,2394,2207
2301: 2208,2300,2394,2209
9895: 9780,9882,9840
2303: 2304
2304: 2305,2212,2303,2398
2305: 2212,2304,2398
8685: 8622,8621,8684,8746,8686
7419: 7331,7332,7506,7507
2308: 2215,2216,2309,2401,2402
2309: 2216,2308,2402,2403
9182: 9209,9184,9151,9150,9379
2311: 2312,2218,2405
2312: 2311,2220,2313,2405
2313: 2220,2221,2312,2314,2407
2314: 2221,2313,2407,2408
9894: 9201,9600,9200,9629,9168,9960
2316: 2224,2317,2223,2409,2410
2317: 2224,2316,2225,2410,2411
9892: 9102,9634,9438,9800,9787
7682: 7598
2320: 2227,2228,2321
2321: 2228,2320,2322
2322: 2230,2321,2323
2323: 2231,2324,2322,2230
2324: 2231,2232,2323,2325
2325: 2326,2232,2324
2326: 2234,2325,2420
2327: 2420,2234
7659: 7743,7574,7742
2329: 2236,2237,2422,2423
7283: 7284,7370,7371,7195,7194,7282
2331: 2238,2332,2424
2332: 2240,2147,2148,2238,2331
2333: 2240,2334,2241,2427
2334: 2335,2241,2333,2428
2335: 2334,2243,2336,2429
2336: 2243,2244,2337,2335
2337: 2244,2336,2245,2338
2338: 2245,2337
9840: 9937,9882,10008,9895,9780
2340: 2247,2248,2434,2341
2341: 2249,2342,2248,2434,2340
2342: 2249,2341,2250,2436,2343
2343: 2344,2251,2342,2250,2436
2344: 2251,2343,2345
2345: 2253,2344
2346: 2254,2347,2439
2347: 2346,2441
9319: 9585,9333,2373,9624
9365: 9388,526,9488,589,527
2350: 
8584: 8650
2352: 
9450: 9212,9976,9213,9828,9545,9739
2354: 2261,2262,2448
8026: 7946,7947,8025,8027
8087: 8008,8086,8088,8165
2357: 2265,2264
9439: 33,32,9468,9473,9527
2359: 2267
9616: 8729,8791,8790,9623,9628,9271
2361: 2362,2454,2455
2362: 2361,2270,2363,2455
2363: 2270,2271,2362,2364
2364: 2272,2271,2363
8031: 7951,7952,8185,8032,8186
2366: 2274,2367,2273,2459,2460
2367: 2274,2366,2460
9237: 9216,9292,9420,9217,9640
2369: 2276,2370,2463
2370: 2279,9491,2369,2371
2371: 2464,2372,2370,9491,2558,2463
2372: 2371,2464,9491,2465,9624
2373: 2465,2560,2561,9624,9319,2374
2374: 2375,2468,2561,2373
2375: 2468,2374,2563,2376
2376: 2564,9913,2375,2563
9344: 9740,8791,9395,9271
9615: 9242,9548,9240,9567,9863,9749
7472: 7558,7559
2380: 9532,2474,9510,2286,2381,2288
2381: 2382,2476,2288,2380,2474
2382: 2381,2476,2288,2477,2197
2383: 2477,2478,2290,2197,2384
2384: 2385,2383,2478,2290
2385: 2384,2291,2386
2386: 2387,2481,2293,2385,2291
2387: 2481,2386,2293,2294,2388
2388: 2389,2483,2294,2387
2389: 2388,2483,2484,2390
2390: 2391,2485,2389,2484
2391: 2390,2485,2486
2392: 
7789: 7790,7871,7706,7707,7788,7870
2394: 2300,2301,2395
2395: 2490,2394,2489
9096: 9285,9094,9052,9097,9340
8209: 8133,8210,8208
2398: 2493,2492,2305,2304
8331: 8330,9289,9534,8257,8258,8403
2400: 2401
2401: 2402,2496,2308,2400
2402: 2401,2496,2308,2309,2403,2497
2403: 2497,2309,2402
7666: 7667,7750,7581,7582
2405: 2500,2499,2312,2311
7402: 7314,7401,7490
2407: 2313,2314,2408,2502
2408: 2409,2502,2503,2314,2407
2409: 2408,2503,2316,2410,2504
2410: 2411,2504,2317,2316,2409
2411: 2410,2317,2412
2412: 2411
8513: 8444,8514
9686: 
2415: 2416,2510,2509
2416: 2415,2510,2417,2511
2417: 2512,2511,2416
8817: 8757,8873,8874,8927,8979
8666: 8665,8532,8730,8599,8530
2420: 2327,2326,2515
7354: 7353,7266,7179,7268,7442
2422: 2423,2329,2516
2423: 2422,2329,2424,2518
2424: 2518,2331,2423
7365: 7278,7277,7364,7452,7453
8835: 8776,8834,8891,8893
2427: 2521,2333,2428,2522
2428: 2522,2523,2429,2334,2427
2429: 2428,2523,2335,2524
9453: 9290,9477,9622,9509,9303
8786: 8787,8847,8724,8844,8785,8846
9806: 9869
9208: 9181,9070,9112,9478,9207,9355
2434: 2340,2341
9648: 9849,9701
2436: 2342,2343,2530
9600: 9201,9894,9629,9297,9170
9866: 9999,10027
2439: 2533,2346,2534
8413: 8483,8412,8342,8414
2441: 2535,2347,2442,2536
2442: 2536,2441
7308: 
8138: 8215,8059,8060,8137,8214
10035: 9941,9901
8222: 8145,8146,8223,8221,8296
2447: 2448,2541
2448: 2447,2354
8963: 9012,9011,8911,8962,8964
10043: 9930,9971
2451: 2545
8291: 8365,8217,8216,8292
2453: 2547,2548,2454
2454: 2455,2549,2361,2453,2548
2455: 2454,2549,2550,2361,2362
9105: 9563,9176,9063,9143,9141
8778: 8837,8777,8717,8716,8838,8779
7571: 7485,7484,7570,7655,7656
2459: 2553,2366,2460,2554
2460: 2554,2555,2366,2367,2459
9323: 9369,80,9393,9580,79,161
9110: 9068,9109,9467,9111,9148,9477
2463: 2558,2369,2371
2464: 2371,2372,2558,2465,2652,2653,2559
2465: 2560,2373,9624,2464,2372,2559
9478: 9208,9207,9467,9290,9252,9355
9225: 9226,9199,9227
2468: 2375,2374,2563,2561,2657
9736: 
8032: 7953,8033,7952,8031,8186,8110
9782: 9907,9793
9856: 9843,9934,9586
2473: 9605,9595,2664,2569,2759,2662
2474: 9532,2380,2381,9595,2569
7540: 7453,7539,7624,7625
2476: 2381,2382,2477,2570,2571
2477: 2383,2478,2382,2476,2571
2478: 2383,2477,2384,2571,2573
8945: 8891,8946,9090,9046
7751: 7668,7667,7750,7834
2481: 2387,2386,2576
9635: 9363,9245,9291,9530,656,723
2483: 2388,2389,2484,2578
2484: 2389,2483,2390,2485,2578,2579
2485: 2390,2391,2484,2486,2579,2580
2486: 2391,2485,2580
9546: 9564,9560,9567,9610
8253: 8326,8328,9687,8252,8178,8179
2489: 2490,2395,2584
2490: 2491,2395,2489,2585,2584
2491: 2490,2492,2585,2586
2492: 2493,2398,2491,2586
2493: 2398,2492,2588
8173: 8250,8325,8095,8094,8249
8979: 8927,9027,8978,8817,8873,8926
2496: 2401,2402,2497,2591
2497: 2403,2402,2496,2591,2592
9917: 9988,9938,9334,9353
2499: 2500,2405
2500: 2405,2499,2595
7252: 7162,7340,7341
2502: 2408,2503,2407,2596
2503: 2408,2409,2502,2504
2504: 2410,2409,2503
7463: 7464,7550,7376,7462
7948: 7949,8027,8028,7868,7867,7947
8921: 8973,8867,8868,9023,9021,9067
2508: 2509
2509: 2415,2510,2508,2604
2510: 2415,2416,2509,2511,2604
2511: 2417,2512,2416,2510
2512: 2417,2511,2513,2607
2513: 2514,2512,2607
2514: 2513,2515,2609
2515: 2516,2610,2420,2514
2516: 2610,2515,2422
9587: 8794,9836
2518: 2424,2423,2612,2613
7249: 7248,7160,7250
2520: 2521
2521: 2427,2520,2522,2616
2522: 2428,2523,2521,2427,2616,2617
2523: 2428,2522,2429,2524,2617,2618
2524: 2525,2523,2429,2618
2525: 2524,2526,2620
2526: 2525,2620
8356: 8282,8357,8428
2528: 
8741: 8856,8908,8740,8679,8680,8799
2530: 2436,2531,2625
2531: 2625,2530,2626
9271: 8791,9616,9628,9344
2533: 2439,2534,2628
2534: 2535,2533,2439,2628,2629
2535: 2534,2441,2536,2629,2630
2536: 2442,2441,2535,2630,2631
8756: 8815,8694,8695,8757,8873
2538: 2539,2632
2539: 2538,2540,2634
2540: 2541,2539,2634
2541: 2540,2447
8023: 7944,7945,8022,8025,8102,8101
9899: 9774
2544: 2638,2733,2639
2545: 2451,2640,2639
9773: 9650,9920
2547: 2453,2548,2642,2641
2548: 2453,2547,2454,2549,2642,2643
2549: 2454,2455,2550,2548,2643
2550: 2455,2549,2551
2551: 2550,2552,2646
2552: 2553,2551,2646
2553: 2459,2552,2554,2648
2554: 2460,2555,2553,2459,2648,2649
2555: 2460,2554,2649,2650
9234: 9187,9235,9545,9378
9674: 467,9276,9830,466,9956
2558: 2463,2371,2464,2651,2652
2559: 2748,2653,2464,2465,2560,2654
2560: 2465,2561,2373,2559,2654,2655
2561: 2560,2373,2468,2374,2655
8486: 8417,8485,8487,8553,8554
2563: 2375,2468,2376,2564,2657,2658
2564: 2376,2563,2565,2658,2659
2565: 9485,2564,2659
7736: 7653,7737,7819,7735
7750: 7666,7667,7751,7832
9545: 9828,9456,9213,9234,9450
2569: 2570,2664,2474,2473,9595
2570: 2664,2569,2476,2666,2571
2571: 2667,2666,2476,2477,2478,2570
8485: 8486,8553
2573: 2574,2478,2667
2574: 2669,2573
8059: 7979,8058,7980,8137,8138
2576: 2670,2481
9273: 9589,9326,8,7
2578: 2673,2672,2483,2484,2579
2579: 2580,2674,2484,2485,2673,2578
2580: 2579,2674,2485,2486
7719: 7720,7635,7801,7802
2582: 2677
7453: 7452,7539,7540,7365
2584: 2585,2679,2489,2490,2678
2585: 2680,2679,2584,2491,2490,2586
2586: 2681,2491,2492,2680,2585
9135: 9133,9092,9285,9049,9173,9519
2588: 2589,2493,2682
2589: 2588
7675: 7759,7591,7674
2591: 2685,2496,2497,2592,2686
2592: 2686,2687,2497,2591
2593: 2687,2783
7400: 7312,7399,7313,7401,7487,7488
2595: 2596,2500,2689
2596: 2595,2502,2691
9162: 9222,9194,9161,9124,9193
2598: 
7740: 7656,7739,7657,7741,7822
2600: 2694,2695
9857: 9752,9762
8632: 8633,8696,8695,8565,8631
8121: 8120,8197,8042,8043,8198
2604: 2698,2699,2510,2509
9218: 9122,9191,9238,9192,9219,9307,9504
7493: 7494,7405,7579,7580
2607: 2512,2513,2702
2608: 
2609: 2703,2514,2610,2704
2610: 2516,2515,2609
9374: 3836,3735,9332,9425
2612: 2518,2613
2613: 2708,2518,2612
9671: 9970,9742,9862
7311: 7312,7399,7223,7310,7398
2616: 2710,2521,2522,2617,2711
2617: 2711,2712,2618,2522,2523,2616
2618: 2617,2712,2523,2524,2713
8684: 8620,8621,8685,8683,8746
2620: 2715,2525,2526,2714
8973: 8866,8867,8921,8919,8972,9021
9649: 9904,9875,9284
2623: 
9942: 9651,9963
2625: 2531,2530,2626,2720
2626: 2720,2721,2531,2625
7327: 7328,7239,7238,7414
2628: 2722,2533,2534,2629,2723
2629: 2630,2724,2723,2534,2535,2628
2630: 2629,2724,2535,2536,2631
2631: 2632,2726,2536,2630
2632: 2631,2726,2538,2727
8325: 8250,8173,8249,9518,9400,9531
2634: 2729,2539,2540,2728
9186: 9185,9213,9155,9153,9184,9187
9046: 9091,9132,8945,9090,9047
2637: 2732,2638
2638: 2733,2544,2732,2637
2639: 2640,2734,2544,2545,2733
2640: 2735,2734,2639,2545,2641
2641: 2642,2736,2547,2640,2735
2642: 2736,2641,2547,2548,2643
2643: 2738,2548,2549,2642
7703: 7704,7619,7702,7786
8896: 8839,8840,8951,8949,8895,8950
2646: 2551,2552,2741
8384: 8311,8456,8383,8310,8455
2648: 2742,2553,2554,2649,2743
2649: 2743,2650,2554,2555,2648
2650: 2649,2744,2555,2651
2651: 2745,2652,2558,2650
2652: 2651,2558,2464,2653,2747
2653: 2748,2747,2559,2464,2652
2654: 2655,2560,2748,2559
2655: 2654,2560,2561
8991: 9039,8990,8938,9040,8992
2657: 2752,2468,2563,2658
2658: 2659,2753,2563,2564,2657,2752
2659: 2658,2753,2564,2565,9697
8455: 8383,8454,8384,8456,8524
2661: 9605,2757,2853
2662: 2758,2759,2951,2473,9605,2757
8820: 8700,8762,8760,8821,8876
2664: 2570,2569,2473,2759
7904: 7903,7905,7984,7985
2666: 2667,2571,2570,2761,2762
2667: 2666,2571,2573,2762,2763
9488: 9514,9388,9365,9495,9264
2669: 2574,2670,2765
2670: 2576,2669,2765
7615: 7698,7697,7779,7616
2672: 2673,2578,2767
2673: 2578,2672,2579,2674
2674: 2579,2580,2673,2770
8811: 8751,8810,8812,8867,8868
7569: 7483,7570,7653
2677: 2678,2582,2772
2678: 2677,2679,2584
2679: 2680,2585,2584,2678
2680: 2585,2679,2586,2681,2776
2681: 2586,2682,2680,2776,2777
2682: 2681,2588,2777,2778
7989: 7990,7908,7909,7988
9610: 9618,9564,9613,9546
2685: 2591,2686,2781
2686: 2592,2687,2685,2591,2781
2687: 2592,2686,2593,2783
9315: 9445,9287,9431,9300,9566,9526
2689: 2595,2785
9314: 9783,9347,8252,9687
2691: 2596,2787
7739: 7656,7740,7655,7821,7822
2693: 2694,2788
2694: 2600,2693,2695,2790
2695: 2600,2694,2790,2791
9654: 9841
2697: 2698,2793
2698: 2604,2699,2697,2793,2794
2699: 2604,2698,2794
8078: 7998,7999,8079,8156
7713: 7630,7712,7796
2702: 2703,2607,2797,2798
2703: 2702,2609,2704,2798,2799
2704: 2703,2609,2799,2800
2705: 
9558: 9507,9387,9802,9501,9318
8758: 
2708: 2613,2804,2709
2709: 2710,2708,2804
2710: 2616,2709,2711,2806
2711: 2617,2712,2710,2616,2806
2712: 2617,2711,2618,2808,2713
2713: 2808,2714,2712,2618
2714: 2713,2620,2715
2715: 2620,2714
9948: 
2717: 2718,2812
2718: 2719,2717
2719: 2718,2815
2720: 2816,2626,2721,2625
2721: 2816,2626,2720,2817,2722
2722: 2817,2628,2721,2723,2818
2723: 2629,2724,2628,2722,2818
2724: 2629,2630,2723,2820
8154: 8155,8231,8075,8076
2726: 2631,2632,2727,2822
2727: 2728,2632,2726,2822,2823
2728: 2727,2729,2634,2823,2824
2729: 2730,2634,2728,2824,2825
2730: 2729,2825,2826
9109: 9068,9110,9067,9066,9108,9148
2732: 2637,2638,2827,2828
2733: 2638,2544,2734,2639
2734: 2640,2735,2639,2733,2830
2735: 2640,2734,2736,2641,2830,2831
2736: 2642,2641,2735,2831
8884: 8937,8885,8938,8767
2738: 2643,2739,2833
2739: 2738
9967: 9805,9647,9540,9406
2741: 2742,2646,2837
2742: 2648,2741,2743,2838,2837
2743: 2649,2744,2742,2648,2838,2839
2744: 2743,2650,2745,2839,2840
2745: 2651,2744,2840,2841
7924: 7842,7923,7925,8004,8005
2747: 2748,2653,2652,2842,2843
2748: 2653,2747,2559,2654,2843,2844
8818: 8760,8874,8697,8698
7637: 7720,7552,7638,7553,7721
9187: 9235,9234,9155,9214,9186,9213
2752: 2657,2658,2753,2847,2848
2753: 2658,2659,2752,9697,2848,9304
9603: 7438,9667,7525,7610,9301
2755: 2851,2852
9632: 9404,9350,9604,9755
2757: 2853,2854,2661,2758,2662
2758: 2951,2662,2757,2854
2759: 2951,2662,2473,2664,2953
7737: 7736,7653,7819
2761: 2953,2954,2666,2762,2858
2762: 2858,2859,2667,2666,2761,2763
2763: 2860,2667,2762,2859
8316: 8242,8241,8389,8391
2765: 2862,2669,2670,2861
8784: 8844,8785,8722,8843,8900
2767: 2672
9594: 9340,9519,9750,9172
8647: 8711,8710,8648
2770: 2866,2674,2771,2867
2771: 2868,2867,2770
2772: 2868,2677
9490: 6526,6622,9539,9367,6525
8658: 8722,8657,8721,8591,8592,8659
9015: 9016,9060,9059,8966,8914
2776: 2777,2873,2680,2681,2872
2777: 2776,2873,2874,2682,2681,2778
2778: 2875,2682,2777,2874
8803: 8743,8744,8913,8860,8861
8448: 8376,8447
2781: 2685,2686
8502: 8432,8433,8570
2783: 2879,2687,2593,2880
8802: 8857
2785: 2882,2689,2881
9307: 9564,9217,9613,9238,9218,9504
2787: 2788,2883,2884,2691
2788: 2787,2884,2693,2885
2789: 
2790: 2886,2694,2695,2791,2887
2791: 2887,2888,2695,2790
7273: 7184,7360,7361
2793: 2889,2890,2697,2698,2794
2794: 2891,2698,2699,2793,2890
9102: 9634,9892,9438,9060,9061,9140,9407
2796: 2797,2892,2893
2797: 2796,2893,2702,2798,2894
2798: 2894,2895,2799,2702,2703,2797
2799: 2798,2895,2703,2704,2800,2896
2800: 2897,2896,2704,2799
8814: 8815,8813,8754,8871
2802: 
7360: 7273,7359,7361
2804: 2708,2709,2900,2901
8674: 8675,8611,8609,8735,8673
2806: 2902,2710,2711,2903
9801: 
2808: 2713,2712,2904,2905
9624: 2465,2373,9491,9319,9333,2372
9094: 9285,9049,9096,9001,9003,9052
8810: 8751,8811,8809,8866,8867
2812: 2909,2908,2717
9550: 7941,7780,9354,9458,9499,8020
8873: 8817,8757,8756,8815,8926,8979
2815: 2719,2912
2816: 2720,2721,2817
2817: 2722,2816,2721,2818
2818: 2915,2817,2722,2723
8393: 8392,8463,8601,8394,8395
2820: 2724
8054: 7975,8055,7974,8053,8133
2822: 2726,2727,2823
2823: 2920,2824,2728,2727,2822
2824: 2823,2920,2728,2729,2921,2825
2825: 2921,2730,2729,2824,2826
2826: 2827,2923,2730,2825
2827: 2826,2923,2924,2732,2828
2828: 2925,2732,2827,2924
9837: 9487,9950,9329
2830: 2926,2927,2735,2734,2831
2831: 2928,2735,2736,2830,2927
7611: 7527,7695,7440,7526,7610,7694
2833: 2738,2929
2834: 
9386: 9778,9544,9952,9712,9359
2836: 2837,2933
2837: 2838,2742,2741,2836
2838: 2837,2742,2743,2839,2935
2839: 2935,2936,2840,2743,2744,2838
2840: 2839,2936,2744,2745,2841,2937
2841: 2938,2937,2745,2840,2842
2842: 2843,2747,2938,2841
2843: 2842,2940,2748,2747,2844
2844: 2941,2748,2843,2940
9780: 9895,9840,9937
2846: 2847,2943,2942
2847: 2846,2943,2944,2752,2848
2848: 9304,2945,2752,2753,2847,2944
9739: 9450,9976,9828
8589: 8590,8522,8521,8588,8655,8656
2851: 2755,2852,2949,9891
2852: 2755,2851,2949,2853
2853: 2757,2854,2661,2852,2949
2854: 2757,2853,2758
9454: 5143,9602,9523,9294,5243
9597: 9582,9396,9425,3835,3938,4036
9737: 9665,9669,9874
2858: 2762,2859,2761,2954
2859: 2762,2858,2860,2763
2860: 2861,2763,2859,2957
2861: 2860,2862,2765,2957,2958
2862: 2765,2861,2958
9240: 9242,9615,9194,9560,9239,9567
9267: 1408,9606,9389,9961
2865: 2866,2961,2962
2866: 2770,2865,2867,2962,2963
2867: 2771,2868,2866,2770,2963,2964
2868: 2771,2867,2965,2772,2964
9161: 9123,9038,9124,9193,9160,9162
2870: 2871,2966,2967
2871: 2872,2870,2968,2967
2872: 2871,2776,2873,2969,2968
2873: 2776,2777,2874,2970,2969,2872
2874: 2777,2873,2970,2778,2875
2875: 2778,2874
8950: 9004,9053,8896,8951,8949,9003
7724: 7641,7806,7723
8840: 8841,8781,8951,8839,8896
2879: 2975,2783,2880
2880: 2783,2879
2881: 2785,2882
2882: 2785,2979,2881,2883
2883: 2787,2884,2980,2979,2882
2884: 2787,2788,2883,2980,2981,2885
2885: 2886,2788,2884,2981,2982
2886: 2790,2885,2887,2982,2983
2887: 2791,2790,2886,2983
2888: 2791,2889
2889: 2986,2793,2890,2888
2890: 2986,2793,2889,2794,2891,2987
2891: 2794,2890,2892,2987,2988
2892: 2796,2893,2891,2988,2989
2893: 2796,2797,2892,2894,2990,2989
2894: 2798,2895,2797,2893,2990,2991
2895: 2798,2894,2799,2896,2991,2992
2896: 2897,2800,2895,2799,2992,2993
2897: 2800,2896,2898,2993
2898: 2897,2995
9753: 9714,9768
2900: 2997,2804,2901
2901: 2998,2902,2804,2997,2900
2902: 2998,2806,2901,2999,2903
2903: 2806,2902,2999
2904: 2808,2905,3001
2905: 2906,2808,2904
2906: 2905
9381: 9716,9010,9391,9641,9349,9864
2908: 2812,2909,3004,3005
2909: 2812,2908,2910,3005
2910: 2909,3007
7430: 7431,7518,7342,7341
2912: 2913,2815,3008,3009
2913: 2912,3009,3010
9924: 9816
2915: 2818,2916,3011
2916: 2915,3012
10007: 
2918: 
9275: 20,9598,19
2920: 2823,2824,2921,3016
2921: 2825,2920,2824,3018
8815: 8756,8814,8873,8926,8871
2923: 2826,2827,2924,3020
2924: 2827,2923,2828,2925,3020
2925: 2828,2924,3022
2926: 2830,2927
2927: 2830,3024,2926,2928,2831
2928: 3025,2929,2831,3024,2927
2929: 3025,2928,2833
9542: 1248,9630,9361,9327,1247
8265: 8264,8338,8190,8191,8339
9683: 
2933: 2836,3029
9092: 9133,9047,9135,9000,8999,9049
2935: 2839,2936,2838,3032
2936: 2839,2935,2840,2937,3033,3032
2937: 2938,2841,2936,2840,3033,3034
2938: 2841,2937,2842,3034
9424: 9418,3536,3437,9772
2940: 2843,2844,2941,3036,3037
2941: 2844,2942,2940,3037,3038
2942: 2941,2846,2943,3038
2943: 2846,2847,2944,2942
2944: 2847,2943,2848,2945,3041
2945: 2848,9304,2944,3041,3042
8841: 8840,8781,8898,8951,8842
2947: 9679,3043
9734: 
2949: 2851,2852,2853
9565: 9416,9329,9487,9515,9272
2951: 2758,2759,2662,2953,9411,3050
8498: 8429,8499,8497,8428,8565
2953: 2761,2954,2759,2951,3050
2954: 2761,2953,2858,3051,3050
8806: 8746,8805,8916,8807
8515: 8514
2957: 3054,2860,2861,2958
2958: 2861,2862,2957
7564: 7649,7565,7478,7563
2960: 2961,3057
2961: 2960,2865,2962
2962: 2963,3060,2865,2866,2961
2963: 2962,3060,2866,2867,3061,2964
2964: 3062,3061,2868,2867,2965,2963
2965: 2868,3062,2964,3063
2966: 3063,3064,2870,2967
2967: 2968,2870,2871,2966,3064
2968: 3066,2967,2871,2872,2969
2969: 2873,2970,2872,2968,3066
2970: 2873,2874,2969,3068
9590: 9366,9337,9248,9441
8207: 8208,8130,8281,8282
2973: 2974,3070,3071
2974: 2973,2975,3071,3072
2975: 2879,2974,3072,3073
7679: 7680,7763,7762
9216: 9237,9236,9157,9190,9217
9691: 9889,9854
2979: 2882,2883,2980
2980: 2883,2884,2981,2979,3077
2981: 2884,2980,2885,3078,2982
2982: 3079,2983,2981,2885,2886
2983: 3080,2982,2886,2887
9711: 10025,9703
2985: 3083,2986,3082
2986: 2889,2890,2985,3084,2987
2987: 2988,3085,2986,2890,2891,3084
2988: 2987,3085,2891,2892,2989,3086
2989: 2990,3086,2892,2893,2988
2990: 2989,2893,2894,2991,3088
2991: 3088,3089,2992,2894,2895,2990
2992: 2991,3089,2895,2896,2993,3090
2993: 3091,3090,2897,2896,2992
2994: 
2995: 3093,2898
9655: 10037,9798,9496,9421
2997: 2900,2998,2901,3095
2998: 2901,2902,2999,2997,3095,3096
2999: 2998,2902,2903,3096
9387: 9507,9558,9243,9501,9242,9548
3001: 3098,2904,3099
9757: 9746,9818,9958
3003: 3004,3101
3004: 3003,3101,2908,3005,3102
3005: 3103,3102,2909,2908,3004
9270: 351,9276,9830,407
3007: 3104,3105,3008,2910
3008: 3007,3105,2912,3009,3106
3009: 3107,3106,2913,2912,3008,3010
3010: 3108,2913,3107,3009
3011: 3108,2915,3012
3012: 2916,3011
3013: 
3014: 3015,3111
3015: 3014,3016,3113
3016: 3113,2920,3015
8737: 8797,8738,8675,8676,8796
3018: 3116,3115,2921
9640: 9277,9292,9237,9420,9378
3020: 3118,3117,2923,2924
8680: 8679,8616,8741,8681,8801
3022: 3119,2925
8885: 8884,8938,8829,8886
3024: 2927,3025,2928,3121,3122
3025: 2928,2929,3024,3122,3123
9537: 9803,9446,9781,9338
3027: 
3028: 
3029: 3126,2933,3127
9137: 9293,9138,9097,9750
7371: 7283,7284,7370,7372
3032: 3129,3130,3033,2935,2936
3033: 3130,3032,2936,2937,3131,3034
3034: 3131,2938,2937,3033
9496: 155,9642,9421,10037,9655,113
3036: 3134,2940,3037
3037: 3038,3135,2940,2941,3134,3036
3038: 3037,3135,3136,2941,2942
8801: 8681,8743,8680,8856,8857
8343: 8344,8270,8414
3041: 3042,3139,2944,2945,3138
3042: 3041,3139,3140,2945,3043
3043: 3141,2947,3042,3140
8970: 8919,8865,8917,9018,9019,9063
3045: 9535,9541,3246,3146,3245
9797: 9462,9489,9689,10000,9799,9331
9065: 9177,9106,9108,9180,9145
3048: 3147,3051,3050,9411,9541,3146
7636: 
3050: 3048,3051,2951,2953,2954,9411
3051: 3147,3048,3050,2954,3052,3148
3052: 3151,3051,3148
8497: 8428,8496,8498,8565
3054: 2957,3151
8471: 8470,8401,8330,9289,9705,9729
3056: 
3057: 2960,3154,3155
3058: 
9406: 9512,9540,9967,7175
3060: 2962,2963,3061
3061: 3062,2964,2963,3060
3062: 3061,2964,2965,3063
3063: 2966,3064,2965,3062
3064: 2966,3063,3162,2967
7244: 7332,7154,7155,7333
3066: 3163,2968,2969,3164
8890: 8943,8889,8834,8891
3068: 3165,2970,3166,3069
3069: 3166,3167,3068,3070
3070: 3168,3071,2973,3167,3069
3071: 3168,3169,3070,2973,2974,3072
3072: 3170,3073,2974,2975,3169,3071
3073: 3170,3072,2975,3074
3074: 3073
8401: 8255,8182,8471,8330
9391: 9568,9625,9641,9349,9381
3077: 3078,3175,2980,3174
3078: 3175,3077,2981,3079,3176
3079: 3080,2982,3176,3078
3080: 3079,2983,3081,3178
3081: 3082,3080,3179,3178
3082: 3081,2985,3083,3179,3180
3083: 2985,3084,3082,3180,3181
3084: 3083,2986,2987,3085,3182
3085: 2987,2988,3182,3084,3086
3086: 2989,2988,3085,3184
9795: 10029
3088: 2991,3089,3185,2990
3089: 2991,3088,2992,3090
3090: 3091,2993,3089,2992,3188
3091: 2993,3090,3188
8161: 8238,8082,8083,8160
3093: 2995,3190
9409: 9254,9320,1082,1083,9397
3095: 3193,3096,2997,2998,3192
3096: 3194,3193,3095,2998,2999
9283: 865,9576,9251,9415
3098: 3001,3099
3099: 3001,3098,3197
9833: 9783,9953
3101: 3003,3004,3102,3199
3102: 3005,3103,3004,3101,3199,3200
3103: 3005,3102,3104,3200
3104: 3007,3105,3103,3202
3105: 3007,3104,3008,3106,3202
3106: 3107,3009,3105,3008,3204
3107: 3009,3106,3010,3108,3204,3205
3108: 3010,3011,3107,3205
9242: 9615,9548,9240,9243,9194,9387
3110: 
3111: 3014,3209
7441: 7440
3113: 3016,3015,3210,3211
9341: 6135,9644,9432,6329,6330
3115: 3116,3018,3212,3213
3116: 3018,3115,3117,3213,3214
3117: 3118,3020,3116,3214
3118: 3020,3117,3119,3216
3119: 3022,3118,3216
8100: 8021,8099,8022,8177,9989,8101
3121: 3219,3024,3122
3122: 3220,3123,3024,3025,3219,3121
3123: 3220,3122,3025
7892: 7811,7973
9882: 9745,10008,9895,9840
3126: 3029,3127,3224
3127: 3128,3029,3126,3224,3225
3128: 3127,3129,3225,3226
3129: 3227,3130,3032,3128,3226
3130: 3227,3129,3033,3032,3131
3131: 3034,3130,3033
7759: 7675,7760,7841,7842
8168: 8244,8089,8245
3134: 3036,3037,3135,3232
3135: 3037,3038,3136,3134,3232,3233
3136: 3038,3135,3137,3233,3234
3137: 3138,3136,3234,3235
3138: 3137,3041,3139,3235,3236
3139: 3041,3042,3140,3138,3236,3238
3140: 3042,3139,3141,3043,3238,9516
3141: 3043,3140,9516
3142: 3143,9756
3143: 3142,3339,3242,3340
3144: 3242,3145,3342,9555
3145: 3144,3342,9535,3441
3146: 3247,3246,9541,3147,3048,3045
3147: 3048,3051,3247,3146,3148
3148: 3248,3249,3147,3051,3151,3052
9676: 10,9468,9
8458: 8387,8386,8457,8459,8528
3151: 3052,3054,3249,3148
9032: 9031,8983,9033,8984,9077,9078
3153: 3251,3154,3252
3154: 3252,3057,3153,3155
3155: 3254,3057,3154
3156: 3255
8403: 8404,9436,8258,8332,8331,9534
8352: 8279,8351,8278,8423,8424
9419: 9628,9260,9284,8905,9904
3160: 
7797: 7878,7879,7798,7796
3162: 3163,3064,3260,3261
3163: 3162,3066,3164,3262,3261
3164: 3165,3163,3066,3262,3263
3165: 3164,3068,3166,3263,3264
3166: 3167,3069,3165,3068,3264,3265
3167: 3166,3069,3168,3070,3265
3168: 3169,3070,3071,3167
3169: 3168,3071,3170,3072
3170: 3072,3073,3169,3269
9212: 9450,9976,9185,9213,9232,9211
7617: 7616,7700,7532,7618,7701
8313: 8238,8387,8386
3174: 3175,3077,3273
3175: 3078,3077,3174,3176,3273
3176: 3079,3078,3175,3275
7582: 7581,7666,7667
3178: 3179,3277,3080,3081
3179: 3277,3278,3178,3082,3081,3180
3180: 3181,3279,3082,3083,3179,3278
3181: 3180,3279,3280,3083,3182
3182: 3085,3084,3181
9516: 9713,3140,3141,9520,3238
3184: 3283,3282,3086
3185: 3088,3283,3284
8370: 8296,8369,8442
3187: 
3188: 3286,3091,3090
9955: 9935,9814,9922
3190: 3289,3093
8508: 8507,8439,8509,8576
3192: 3193,3095
3193: 3194,3095,3096,3192,3292
3194: 3193,3096,3292,3293
8813: 8754,8814,8869,8976
7765: 7847,7848
3197: 3295,3099
8260: 8261,8186,8333,8185,8259
3199: 3297,3101,3102,3200
3200: 3103,3102,3199
8302: 8376,8303,8228,8227,8301
3202: 3300,3301,3104,3105
9515: 42,9272,40,9565
3204: 3303,3302,3107,3106,3205
3205: 3304,3107,3108,3303,3204
8717: 8716,8654,8778,8779
3207: 3305
9776: 9873,9792,10006,9964,6992,6900
3209: 3210,3307,3308,3111
3210: 3209,3308,3113,3309,3211
3211: 3309,3113,3210,3212
3212: 3213,3115,3211
3213: 3212,3312,3116,3115,3214
3214: 3116,3117,3213,3312
7983: 7982,8062,7902,7903,7984,8063
3216: 3118,3119,3314
9664: 10005,9960,9199,9227
9099: 9100,9057,9492
3219: 3121,3220,3122,3317,3318
3220: 3122,3123,3219,3318,3319
7577: 7490,7491,7576
3222: 3320,3321
7223: 7133,7134,7224,7311,7312
3224: 3322,3126,3127,3225,3323
3225: 3226,3323,3324,3127,3128,3224
3226: 3225,3324,3128,3227,3129,3325
3227: 3129,3130,3226,3325
9017: 9018,9061,9062,8968,9016
3229: 
3230: 
9920: 9650,9773
3232: 3331,3233,3134,3135,3330
3233: 3331,3332,3232,3135,3136,3234
3234: 3333,3235,3136,3137,3332,3233
3235: 3333,3234,3334,3137,3138,3236
3236: 3335,3238,3138,3139,3235,3334
9301: 7694,9561,9603,7610
3238: 3335,3236,9520,3139,3140,9516
3239: 3533,3534,9713,3434
3240: 9756,9621,3339
7754: 
3242: 3144,3342,3143,3340
8279: 8352,8205,8278
9482: 5144,5044,4944,5043,9574,9408
3245: 3442,3045,3246,3344
3246: 3247,3146,3045,3245,3344,3345
3247: 3246,3146,3147,3248,3345
3248: 3249,3347,3148,3247,3345
3249: 3248,3347,3148,3151,3250
3250: 3251,3249,3349
3251: 3250,3153,3252,3349
3252: 3154,3251,3153,3351
9741: 
3254: 3255,3353,3155,3352
3255: 3254,3353,3156,3354,3256
3256: 3355,3354,3257,3255
3257: 3355,3256
10033: 9659,9675,9463,9619
8347: 8273,8274,8346,8348,8418,8419
3260: 3162,3261
3261: 3360,3262,3163,3162,3260
3262: 3360,3261,3163,3164,3361,3263
3263: 3362,3361,3264,3165,3164,3262
3264: 3362,3263,3165,3166,3363,3265
3265: 3364,3363,3166,3167,3264
8210: 8133,8209,8134,8211,8285
9698: 9804
9841: 9654
3269: 3367,3170,3270
3270: 3269
3271: 3272,3369,3370
3272: 3371,3271,3370
3273: 3372,3174,3175
9130: 9088,9089,9087,9128,9201
3275: 3374,3176,3373
7494: 7493,7407,7581,7580
3277: 3179,3278,3178,3375
3278: 3179,3277,3180,3279,3377
3279: 3180,3181,3280,3278,3377
3280: 3181,3279
9355: 9588,9252,9208,9112,9478,9113
3282: 3184,3283,3380,3381
3283: 3184,3282,3185,3284
3284: 3285,3383,3185,3283
3285: 3384,3284,3383,3286
3286: 3385,3188,3384,3285
9362: 6900,6992,6809,9377,9529
9106: 9177,9065,9143,9020,9175
3289: 3190,3386,3387
9184: 9182,9151,9153,9186,9185
9081: 9080,9037,9123,9122,9160
3292: 3194,3193,3293
3293: 3294,3392,3194,3292
3294: 3393,3293,3392,3295
3295: 3197,3393,3294
3296: 3297,3395,3394
3297: 3296,3199,3395
9474: 297,350
7811: 7728,7892
3300: 3202,3301,3398,3399
3301: 3202,3300,3302,3399,3400
3302: 3303,3204,3301,3400
3303: 3204,3302,3205,3402,3304
3304: 3205,3402,3403,3305,3303
3305: 3304,3403,3207,3404
8065: 7985,8066,8064,8143,8144
3307: 3209,3308,3406,3405
3308: 3209,3210,3307,3406,3407,3309
3309: 3211,3210,3308,3407
9533: 9410,9394,6238
7864: 7783,7781,7865,7944
3312: 3213,3214,3410
9039: 9038,8990,8991,9124,9125,9040
3314: 3216,3412
9079: 9033,8932,8933,9121,9080,9120
3316: 3415,3317,3414
3317: 3415,3416,3316,3219,3318
3318: 3417,3319,3219,3220,3416,3317
3319: 3417,3318,3220,3320
3320: 3222,3319
3321: 3322,3222,3420
3322: 3321,3224,3323,3420,3421
3323: 3225,3324,3224,3322,3421
3324: 3225,3226,3323,3325,3423
3325: 3424,3326,3227,3226,3324,3423
3326: 3424,3325,3425,3327
3327: 3425,3326
3328: 
8894: 8947,8948
3330: 3331,3232,3429,3428
3331: 3332,3232,3233,3430,3429,3330
3332: 3331,3233,3430,3333,3234,3431
3333: 3234,3431,3235,3334,3332
3334: 3333,3235,3335,3236
3335: 3433,3236,9520,3238,3334
7355: 7269,7268,7442,7270,7443,7357
9627: 9639,9636
9539: 9367,9311,9490
3339: 3143,3240,9756,9621,3340,3437
3340: 3437,3143,3339,3242,3341
3341: 3539,3342,3340,3735
3342: 3242,3144,3145,3341,3441
9579: 1327,9609,9572,9327,1246
3344: 3444,3345,3246,3442,3245
3345: 3444,3344,3247,3246,3248,3445
8695: 8632,8696,8694,8631,8756,8757
3347: 3248,3249,3445
7925: 7844,7924,8005,8006
3349: 3448,3251,3250
7414: 7413,7327,7501,7502
3351: 3449,3450,3252,3352
3352: 3451,3254,3353,3351,3450
3353: 3254,3255,3354,3451,3452,3352
3354: 3355,3256,3255,3353,3452,3453
3355: 3354,3256,3257,3454,3453
9799: 9599,9689,9887,9797,9522,9331
7769: 7685,7768,7686,7770,7851
9688: 9423,9349,9864
9891: 2851
3360: 3262,3261,3361
3361: 3362,3263,3360,3262,3460
3362: 3361,3263,3264,3363,3460
3363: 3364,3265,3362,3264,3462
3364: 3363,3265,3365,3462
3365: 3366,3364
3366: 3365,3367
3367: 3269,3366
9715: 9902,9903,9722,9708
3369: 3467,3271,3370,3468
3370: 3469,3468,3271,3272,3371,3369
3371: 3272,3372,3370,3469,3470
3372: 3373,3273,3371,3470,3471
3373: 3372,3275,3374,3471,3472
3374: 3275,3373,3375,3473,3472
3375: 3277,3374,3473
9120: 9078,9190,9079,9121,9191
3377: 3476,3278,3279
7628: 7627,7711,7543,7544,7712
9371: 249,9642,9421,199,9427
3380: 3478,3282,3381
3381: 3382,3480,3282,3380
3382: 3381,3480,3383,3481
3383: 3384,3284,3285,3382,3482
3384: 3285,3383,3385,3286,3482,3483
3385: 3286,3384,3484,3483
3386: 3289,3484,3485,3387
3387: 3485,3386,3289,3486
3388: 
7405: 7318,7493
7378: 7465,7377,7290
9639: 9299,9636,7692,7521,9627
3392: 3393,3293,3294,3491
3393: 3294,3392,3295,3491
3394: 3296,3395
3395: 3296,3297,3394
8675: 8611,8674,8676,8737
3397: 3496,3398
3398: 3496,3397,3300,3399,3497
3399: 3497,3498,3300,3301,3398,3400
3400: 3499,3301,3302,3399,3498
7563: 7562,7564
3402: 3304,3403,3303,3501,3500
3403: 3402,3304,3305,3404,3501
3404: 3405,3403,3305
3405: 3404,3307,3406,3504
3406: 3307,3308,3407,3405,3504
3407: 3308,3406,3309,3506
8397: 8249,9525,8093,8171,8468
7685: 7684,7768,7769,7600,7601,7686
3410: 3312
7791: 7792,7873,7709,7790
3412: 3314,3511
9575: 9384,9511,9601
3414: 3415,3316,3512,3513
3415: 3416,3316,3317,3414,3513,3514
3416: 3415,3317,3417,3318,3514
3417: 3318,3319,3416,3516
8900: 8843,9055,8844,8784,8954
8221: 8144,8220,8145,8222,8296
3420: 3421,3519,3321,3322
3421: 3420,3519,3322,3323
7941: 7780,9550,7781,8021,8020,7942
3423: 3521,3324,3424,3325,3522
3424: 3325,3326,3425,3423,3522
3425: 3327,3424,3326,3524
9238: 9191,9218,9190,9307,9217
3427: 3428,3526,3525
3428: 3427,3526,3527,3330,3429
3429: 3331,3430,3330,3428,3527
3430: 3331,3332,3429,3431
3431: 3333,3332,3430,3530
9982: 9571,9752,10003
3433: 3335,3531,3434
3434: 3632,3433,9520,3533,3239
8250: 8325,8173,8175,9531
9522: 4438,9331,9799,9599,9513,9498
3437: 3536,3340,9621,3339,9418,9424
9744: 9756,9621
9559: 9466,9525,9518,9457
9868: 
3441: 3540,3145,3342,3539
3442: 3540,3245,3344,3640
9949: 9682
3444: 3344,3345,3445
3445: 3545,3347,3444,3345
9817: 9725,9975
7396: 7309,7397,7483,7484
3448: 3349,3449,3548
3449: 3351,3450,3549,3548,3448
3450: 3351,3449,3549,3550,3451,3352
3451: 3550,3551,3452,3352,3353,3450
3452: 3551,3451,3353,3354,3453,3552
3453: 3454,3553,3552,3355,3354,3452
3454: 3553,3453,3355
3455: 3456
3456: 3455,3555,3556
9752: 9857,9762,10003,9982
3458: 3557,3558
3459: 
3460: 3559,3362,3361
3461: 
3462: 3561,3364,3363
7756: 7672,7673,7757,7838,7839
3464: 3465,3564
3465: 3466,3464,3564,3565
3466: 3465,3467,3565,3566
3467: 3369,3466
3468: 3370,3469,3369,3667
3469: 3370,3569,3468,3371,3470
3470: 3570,3471,3371,3372,3569,3469
3471: 3571,3570,3470,3373,3372,3472
3472: 3572,3473,3373,3374,3571,3471
3473: 3572,3472,3374,3375,3474
3474: 3473
9347: 8177,9989,9314
3476: 3477,3377
3477: 3476,3478,3577
3478: 3380,3477,3578,3577
9412: 9573,9258,10013,9352
3480: 3381,3382,3481,3580
3481: 3482,3382,3480,3580,3581
3482: 3481,3384,3383,3483
3483: 3583,3384,3385,3482
3484: 3583,3385,3386,3485
3485: 3387,3386,3484,3486
3486: 3487,3485,3387,3585,3586
3487: 3486,3488,3586
3488: 3489,3487,3588
3489: 3488,3588,3589
8745: 
3491: 3393,3392
9712: 9395,9505,9359,9386
8625: 8559,8624,8558,8688
8831: 8772,8771,8830,8887,8888
9268: 346,9493,9536,9577,400,293
3496: 3398,3397,3497
3497: 3399,3498,3496,3398
3498: 3399,3497,3400
3499: 3400,3500
3500: 3600,3501,3402,3499
3501: 3600,3500,3402,3403,3502
3502: 3503,3501,3602
3503: 3502,3504,3603,3602
3504: 3405,3406,3503
3505: 
3506: 3606,3407,3605
9219: 9193,9192,9218,9239,9504
3508: 3607
7483: 7484,7569,7570,7396
9449: 9179,9509,9180,9303
3511: 3512,3412,3611
3512: 3511,3414,3513
3513: 3514,3414,3415,3512
3514: 3513,3415,3416
8704: 8764,8765,8703,8766
3516: 3417,3517
3517: 3516
7353: 7354,7440,7266,7265,7352
3519: 3420,3421,3619
8225: 8226,8148,8300
3521: 3423,3522
3522: 3424,3423,3521
3523: 
3524: 3624,3623,3525,3425
3525: 3624,3524,3427,3526,3625
3526: 3427,3428,3527,3625,3525
3527: 3428,3526,3429,3627
7975: 8054,8055,7894,7895,7974
8712: 8648,8649,8711
3530: 3531,3431
3531: 3530,3433,3631
7710: 7627,7711,7626,7709,7792,7793
3533: 3534,3239,3634,3434,3632,3633
3534: 3533,3239,3634,3535
3535: 10038,3534,3634,3635
3536: 3437,9424,9772
8435: 8434,8363,8505
7632: 7716
3539: 3341,3441,3540,3737,3735
3540: 3442,3441,3539,3639
9660: 9661,9767,9444,9584
7451: 7538,7450,7363,7364,7452
9996: 
9742: 9997,9862,9671
3545: 3445,3644
7841: 7842,7923,7759,7922
7558: 7642,7557,7472,7643,7559
3548: 3449,3549,3448,3648
3549: 3449,3450,3548,3550,3648,3649
3550: 3551,3451,3450,3549,3649,3650
3551: 3550,3451,3452,3552,3650,3651
3552: 3553,3453,3551,3452,3651
3553: 3454,3453,3552
9916: 9995
3555: 3654,3456,3556
3556: 3656,3557,3456,3555
3557: 3556,3656,3458,3657,3558
3558: 3657,3458,3557
3559: 3460
9710: 9848
3561: 3462
8762: 8820
9825: 9922,3934
3564: 3663,3464,3465,3664,3565
3565: 3664,3665,3466,3465,3564,3566
3566: 3666,3466,3665,3565
7426: 7339,7427,7425,7514
7946: 7947,8026,8025,7865,7866,7945
3569: 3469,3570,3470,3668,3669
3570: 3571,3470,3471,3569,3669,3670
3571: 3570,3471,3572,3472,3670,3671
3572: 3473,3472,3571,3671
8550: 8483,8616
7798: 7797,7879,7880,7716
8475: 8542,8474,8540,8406,8607
8262: 8336,8261,8188,8474
3577: 3677,3578,3477,3478,3676
3578: 3677,3577,3478,3678
7958: 7957,7877,7878,7959,8038
3580: 3480,3481,3680,3581
3581: 3680,3681,3481,3580
8634: 8567,8697,8698,8568,8633
3583: 3484,3483
9927: 9966,9978,9766,9876
3585: 3684,3486,3586
3586: 3686,3486,3487,3585
9091: 9046,9132,9133,9047,9203,9170
3588: 3687,3688,3589,3488,3489
3589: 3688,3588,3489,3689
8639: 8638,8703,8702
3591: 3592,3691
3592: 3591,3593,3691
3593: 3594,3592,3693
3594: 3593,3693
7816: 7898,7733
7716: 7632,7798
7914: 7832,7913,7915
9282: 9483,9521,9459,9524
9383: 9589,9326,5,27
3600: 3501,3500,3700
8588: 8587,8521,8589,8655,8654
3602: 3702,3701,3603,3503,3502
3603: 3702,3602,3503
9682: 9949,2192
3605: 3506,3606
3606: 3607,3506,3605
3607: 3606,3508,3707
7370: 7283,7371,7282,7457
3609: 3709,3610,3708
3610: 3709,3710,3609,3611
3611: 3511,3710,3610
3612: 3711,3712,3613
3613: 3712,3713,3612
9896: 9914,9906
3615: 3714,3715,3616
3616: 3716,3717,3715,3615
7392: 7304,7391,7479,7480
7363: 7276,7364,7275,7362,7451,7450
3619: 3519
9441: 195,9590,9248,240
9845: 9286
8061: 7982,8062,8060,8140
3623: 3624,3524,3722,3723
3624: 3623,3524,3525,3625,3723,3724
3625: 3526,3624,3525,3724,3725
9670: 4942,9877,9751
3627: 3628,3527,3727
3628: 3627,3727,3728
8574: 
8088: 8009,8087,8008
3631: 3632,3531,3729,3731,3732
3632: 3631,3434,3533,3732,3633
3633: 3733,3734,3632,3533,3634,3732
3634: 3533,3534,3535,3633,3734,3635
3635: 3634,3535,3734
9970: 9671,9862
9074: 9030,9029,9075,9073,9154,9115
9815: 
3639: 3738,3739,3640,3540,3737
3640: 3739,3639,3442,3641
3641: 3643,3742,3741,3739,3640
8937: 8884,8938,8988,8989,8990
3643: 3742,3641,3644,3743
3644: 3744,3743,3545,3643
7910: 7828,7909,7990
3646: 3746,3745
9190: 9157,9120,9191,9238,9216
3648: 3649,3748,3549,3548
3649: 3648,3748,3549,3550,3650
3650: 3651,3750,3550,3551,3649
3651: 3650,3750,3551,3552
9798: 10037,9655,9781
8794: 9587,8734,8735,8852
3654: 3555,3753
7250: 7160,7161,7249,7339
3656: 3556,3557,3657,3755,3756
3657: 3558,3656,3557,3756
9836: 9886,9587,9702
9746: 9757,9958
8197: 8120,8121,8198,8271,8272
3661: 3662
3662: 3663,3661,3762
3663: 3662,3564,3664,3763,3762
3664: 3665,3565,3663,3564,3763,3764
3665: 3664,3565,3666,3566,3765,3764
3666: 3566,3665,3765
3667: 3468
3668: 3569,3669
3669: 3670,3769,3569,3570,3668
3670: 3669,3769,3571,3570,3671
3671: 3672,3771,3571,3572,3670
3672: 3671,3771,3673,3772
3673: 3674,3773,3772,3672
3674: 3673,3773,3675,3774
3675: 3676,3774,3775,3674
3676: 3675,3775,3677,3776,3577
3677: 3776,3777,3578,3577,3676,3678
3678: 3778,3677,3777,3578
8252: 8177,8178,9314,8253,9687
3680: 3681,3581,3580,3779,3780
3681: 3680,3581,3780
10008: 9882,9745,9840
3683: 3684,3782,3783
3684: 3585,3683,3783
7680: 7679,7763,7596
3686: 3586,3687,3785,3786
3687: 3688,3588,3686,3786,3787
3688: 3687,3588,3589,3689,3787,3788
3689: 3789,3688,3589,3788
9879: 9962
3691: 3791,3591,3592
8812: 8811,8868,8869
3693: 3792,3593,3594
9398: 9325,9476,9244,9810,9659,9463
3695: 3795,3696
3696: 3697,3795,3695
3697: 3696,3797
9976: 9212,9450,9232,9739
9479: 9605,9595,9286,9532
3700: 3600,3701,3800,3799
3701: 3702,3602,3700,3800
3702: 3701,3603,3602,3802
7292: 7293
3704: 3803,3804
7992: 7993,8072,7911,7912
9138: 9137,9293,9336
3707: 3708,3806,3607
3708: 3707,3709,3808,3609
3709: 3808,3809,3710,3609,3610,3708
3710: 3709,3809,3610,3611
3711: 3612,3712,3810
3712: 3713,3613,3612,3711,3812
3713: 3712,3613,3714,3812,3813
3714: 3715,3615,3713,3813
3715: 3714,3615,3716,3616
3716: 3717,3616,3715,3817,3816
3717: 3716,3616,3817
8694: 8631,8630,8695,8756
8544: 8477,8542,8478,8611
7890: 7809,7970
3721: 3722,3820
3722: 3721,3822,3623,3723
3723: 3724,3624,3623,3722,3822
3724: 3723,3624,3625,3725,3824
3725: 3825,3824,3625,3724
8463: 8392,8393,8601,8462,8532,8667
3727: 3826,3827,3728,3627,3628
3728: 3727,3827,3628
3729: 3829,3631,3731
8785: 8844,8784,8660,8724,8786
3731: 3830,3732,3932,3631,3829,3729
3732: 3731,3932,3631,3632,3633,3733
3733: 3633,3734,3732,3932,3833
3734: 3633,3733,9262,3634,3635
3735: 3836,3737,9374,3341,3539
9285: 9049,9094,9096,9135,9340,9519
3737: 3836,3735,3539,3738,3639
3738: 3739,3639,3737,3837,3839
3739: 3738,3639,3640,3641,3741
8707: 8644,8708,8769,8768
3741: 3742,3641,3739,3841,3842
3742: 3643,3641,3741,3743,3843,3842
3743: 3644,3744,3643,3742,3843
3744: 3644,3743,3845,3745
3745: 3744,3646,3746,3845
3746: 3646,3847,3745
7417: 7416,7504,7505
3748: 3648,3649,3848
7460: 7373,7372
3750: 3650,3651,3850,3751
3751: 3852,3752,3750,3851
3752: 3852,3751,3853,3753
3753: 3654,3853,3752
3754: 
3755: 3856,3756,3656
3756: 3755,3856,3656,3657,3857
7762: 7761,7679,7763,7844
3758: 3759,3858,3859
3759: 3758,3859,3860
8273: 8274,8346,8347,8199,8198,8272
8905: 9284,8904,8848,9419,9260,8903
3762: 3763,3662,3663
3763: 3762,3663,3664,3864,3764
3764: 3864,3865,3765,3664,3665,3763
3765: 3865,3764,3665,3666
9300: 9288,9385,9370,9315,9431,9526
10015: 
3768: 
3769: 3669,3670
8993: 8992,9085,8940,9043,9127
3771: 3671,3672,3772,3872
3772: 3673,3773,3672,3771,3872,3873
3773: 3673,3674,3772,3774,3873,3874
3774: 3675,3775,3674,3773,3874,3875
3775: 3675,3676,3774,3776,3875
3776: 3677,3777,3676,3775
3777: 3677,3776,3778,3678,3878
3778: 3678,3777,3878,3779
3779: 3778,3680,3880,3780
3780: 3880,3881,3680,3681,3779
9438: 9102,9892,9407,9661
3782: 3883,3683,3783
3783: 3683,3684,3883,3782
9572: 9630,9986,9579,9327
3785: 3886,3885,3786,3686
3786: 3886,3785,3686,3687,3887,3787
3787: 3887,3888,3788,3687,3688,3786
3788: 3888,3787,3688,3689,3789,3889
3789: 3689,3788,3889
3790: 
3791: 3691,3792,3891,3892
3792: 3693,3791,3892,3893
3793: 
8834: 8835,8890,8891
3795: 3695,3696,3895
9557: 10002,9316,9388,9470,9321
3797: 3897,3697
10039: 9789,9727
3799: 3900,3800,3700
3800: 3900,3799,3700,3701,3901
9827: 
3802: 3902,3702,3903,3803
3803: 3903,3904,3804,3704,3802
3804: 3904,3803,3704,3805
3805: 3804
3806: 3707
7809: 7890
3808: 3709,3809,3708,3908
3809: 3709,3808,3710,3909
3810: 3910,3711
7319: 7318,7231,7407
3812: 3912,3913,3712,3713,3813
3813: 3713,3714,3913,3812
8002: 8082,8081,8001,7922,7921
8357: 8358,8356,8428,8429
3816: 3916,3917,3716,3817
3817: 3716,3717,3816
3818: 3819
3819: 3818,3820,3920
3820: 3721,3819,3920,3821
3821: 3921,3922,3822,3820
3822: 3722,3723,3821
9623: 8790,8727,9616,8789,9628,9260
3824: 3725,3825,3724,3924,3925
3825: 3725,3824,3826,3925
3826: 3727,3827,3825,3927
3827: 3727,3826,3728,3927
9990: 9771,10041,9957
3829: 3729,3830,3731
3830: 3731,3932,3829
8064: 7984,8063,7985,8065,8142,8143
9501: 9197,9318,9163,9243,9558,9387
3833: 4033,9569,3932,3733,9262
3834: 4134,9569,9328,4135,4035
3835: 3838,3938,9425,3836,3837,9597
3836: 3737,3837,3735,9374,9425,3835
3837: 3836,3738,3838,3835,3839
3838: 3835,3938,3837,3940,3839,3939
3839: 3841,3940,3837,3738,3838
9075: 9030,9074,9031,9154,9118
3841: 3940,3839,3741,3842,3942
3842: 3843,3943,3942,3742,3741,3841
3843: 3842,3943,3742,3743
8229: 8230,8153,8152,8228,8303,8304
3845: 3946,3744,3745
9599: 9799,9513,9887,9522
3847: 3947,3746,3848
3848: 3849,3748,3847
3849: 3848,3850,3949,3950
3850: 3851,3750,3849
3851: 3850,3852,3751,3951,3952
3852: 3751,3853,3752,3851,3953,3952
3853: 3852,3752,3753,3953,3954
8155: 8154,8231,8076,8156,8232
7289: 7288,7376,7377,7200,7290,7201
3856: 3755,3756,3857,3957,3956
3857: 3856,3756,3957,4058
3858: 3758,3859,3959
3859: 3960,3959,3860,3758,3759,3858
3860: 3859,3960,3759
7553: 7638,7467,7637,7552
8298: 8372,8223
7984: 8063,8064,7903,7904,7983,7985
3864: 3865,3764,3763,3964,3965
3865: 3864,3765,3764,3965
7600: 7514,7601,7599,7684,7685
3867: 3967
9068: 9110,9067,9109,9023,9024,9111
3869: 3970,3969
9160: 9193,9192,9081,9123,9161,9122
3871: 3972,3971
3872: 3972,3771,3772,3873
3873: 3874,3974,3773,3772,3872
3874: 3873,3974,3773,3774,3875
3875: 3976,3774,3775,3874
7481: 7393,7394,7480
3877: 
3878: 3979,3777,3778,3978
9367: 9578,6335,9311,9539,6526,9490
3880: 3881,3981,3780,3980,3779
3881: 3880,3981,3780
8245: 9466,8468,8244,8168
3883: 3983,3782,3783
9566: 9428,9324,9445,9315,9431,9611
3885: 3886,3986,3785
3886: 3986,3987,3885,3785,3786,3887
3887: 3888,3988,3787,3886,3987,3786
3888: 3887,3988,3989,3787,3788,3889
3889: 3990,3789,3888,3989,3788
9070: 9208,9181,9112,8925,8978,9071
3891: 3892,3992,3991,3791
3892: 3891,3992,3791,3792,3893
3893: 3792,3892
9944: 9993,9690,10034,9695
3895: 3795
8114: 8190,8115,8191
3897: 3797,3997,3898,3998
3898: 3999,3897,3998
9043: 9087,9127,8995,8993
3900: 3800,4000,3799,3901
3901: 3902,4002,3900,3800
3902: 4002,4003,3901,3802,3903
3903: 3904,4004,3803,3902,4003,3802
3904: 3903,4004,3803,3804
7938: 7857,7937,7939,8018
10017: 
3907: 3908
3908: 3909,4009,3808,3907
3909: 3908,4010,4009,3809,3910
3910: 3810,4011,3909,4010
7268: 7269,7355,7442,7180,7179,7354
3912: 3913,4013,3812,4012
3913: 3912,4013,3812,4014,3813
8926: 8925,8871,8815,8873,8979,8978
3915: 3916,4015,4016
3916: 3917,3816,3915,4017,4016
3917: 3916,3816,4017
9987: 
9638: 9435,9377,9529,9607,9308
3920: 3819,3820,3921
3921: 3922,3821,4022,3920,4021
3922: 3921,3821,4022,4023
8710: 8711,8647,8709,8772,8771
3924: 3824,3925
3925: 3825,3824,3924
7656: 7739,7740,7571,7655,7657
3927: 4027,3928,3826,3827
3928: 3927,3929,4028,4029
3929: 4031,3928,4029,4030
8805: 8746,8806,8915,8861
9871: 9820
3932: 3830,3731,3732,3733,3833
9389: 9554,9961,9267,1573,9606,1574
3934: 3935,4035,9814,9825
3935: 4136,4035,3934
3936: 4137,4039,4036,9591,9442
7880: 7879,7798
3938: 3838,3835,4036,9597,3939,4039
3939: 3940,3838,3938,4039,4041,4040
3940: 3841,3839,3939,3838,4041
7619: 7618,7702,7534,7703
3942: 3842,3943,3841,4041,4043
3943: 3843,3842,3942,4044,4043
8568: 8567,8634
7425: 7426,7512
3946: 3845,3947,4045,4047
3947: 3847,3946,4047
7775: 7686,7770,7772,7602,7603,7774
3949: 4049,4050,3849,3950
3950: 4051,3951,3849,4050,3949
3951: 4051,4052,3950,3851,3952
3952: 4053,3953,3851,3852,4052,3951
3953: 4053,4054,3952,3852,3853,3954
3954: 3955,3853,4054,3953
3955: 3954,3956
3956: 4057,3957,3856,3955
3957: 4057,3956,3856,3857,4058
9853: 9883,9657
3959: 3859,3960,3858,4060
3960: 3859,3959,3860,4060
9098: 9052,9097,9336,9054,9053,9592
3962: 4062,4063,3963
3963: 4063,3964,3962
3964: 3963,3864,4065,3965
3965: 4065,3864,3865,3964
8164: 8163,8241,8086,8165
3967: 4068,3867
8596: 8528,8597,8529,8662,8663
3969: 3869,3970,4069,4070
3970: 3869,3969,4070,3971
3971: 3970,3871,4072
3972: 3871,3872,4072,4073
7900: 7980,7899,7818,7901
3974: 3873,3874,4074,4075
8739: 8678,8740,8677,8738,8799,8798
3976: 3875,4076,4077
8440: 8439,8509,8369,8368
3978: 3878,3979,4078
3979: 3878,3980,3978
3980: 3979,3880,3981,4081
3981: 3880,3881,3980,4081,4082
3982: 4083,4183,3983,4082
3983: 3883,4083,3982,4084
8627: 8561
9445: 9315,9287,9566,9611,9322,14
3986: 3886,3987,3885,4087
3987: 3886,3986,3887,3988,4087
3988: 3887,3888,3989,3987
3989: 3888,3988,3889,3990,4090
3990: 3889,3989,3991
3991: 3891,3990
3992: 3891,3892,3993,4093
3993: 4094,3994,4093,3992
3994: 4094,3993
9673: 9811
7895: 7813,7894,7975
3997: 3897,3998,4098
3998: 4098,3897,3997,3898
3999: 3898,4000,4100
4000: 3900,3999,4100
8622: 8555,8621,8685,8623,8686
4002: 3902,4003,3901,4103,4102
4003: 3902,4002,3903,4004,4103,4104
4004: 3903,3904,4003,4104,4105
9024: 8976,9069,9023,9068,9111
4006: 4007
4007: 4108,4006
4008: 
4009: 3909,3908,4010,4109
4010: 3909,4009,3910,4011
4011: 3910,4012,4010
4012: 4011,3912,4013,4113
4013: 3912,3913,4012,4014,4113,4114
4014: 3913,4013,4114,4115,4015
4015: 4115,4014,3915,4016
4016: 4117,4017,3915,3916,4015
4017: 4117,4118,4016,3916,3917
9423: 9688,8907,9568,9349
8001: 8002,8081,7921,8080
9992: 9867
4021: 3921,4022,4121,4122
4022: 3921,3922,4021,4023,4122,4123
4023: 3922,4022,4123
10030: 
8718: 8655,8654,8779,8781
8205: 8128,8279
4027: 3927,4127,4028
4028: 4027,3928,4029,4129
4029: 4030,4129,3928,3929,4028
4030: 4029,3929,4031,4132,4131
4031: 3929,4032,4030,4132
4032: 4031,4033,4132,4234
4033: 4134,9569,3833,4032,4234
8947: 8894,8893,9000,8999,8946,8948
4035: 4136,3935,3934,3834,4135
4036: 3938,9582,9597,9591,3936
9934: 9856,9843
9786: 9692
4039: 4137,4139,3936,3938,3939,4040
4040: 4041,4142,3939,4139,4039,4141
4041: 4042,4142,4040,3940,3939,3942
4042: 4041,4142
4043: 4044,3943,3942
4044: 4043,3943,4045,4145
4045: 4146,4145,3946,4044
8379: 8378,8306,8450,8451,8380
4047: 4147,3946,3947
9330: 9313,9433,9526,9370,9570,9506
4049: 4050,3949
4050: 4049,3949,4051,4151,3950
4051: 4052,4151,3950,3951,4050
4052: 4051,3951,4053,4153,3952
4053: 4153,4154,4054,3953,3952,4052
4054: 4053,4154,3953,4155,3954
8216: 8140,8217,8291
4056: 
4057: 4157,3957,3956
4058: 3857,3957
7663: 7579
4060: 4161,3960,3959
8716: 8717,8715,8778,8777
4062: 4162,4163,3962,4063
4063: 3963,4164,4062,4163,3962
7479: 7390,7478,7391,7392
4065: 3965,4166,4165,3964
8860: 8913,8966,8803,8914,8861
4067: 
4068: 3967,4168,4069,4169
4069: 4169,4070,3969,4068
4070: 4069,3969,3970
4071: 
4072: 4073,4173,3972,3971
4073: 4072,4173,3972,4074,4174
4074: 4075,4175,4174,3974,4073
4075: 4074,4175,3974,4076,4176
4076: 4077,4176,4177,3976,4075
4077: 4076,4177,3976,4078,4178
4078: 4178,4179,3978,4077
4079: 
9078: 9157,9120,9032,9033,9077
4081: 4082,3980,3981
4082: 4081,3981,4183,3982
4083: 4183,3982,3983,4084
4084: 4085,4185,3983,4083
4085: 4186,4185,4084
9604: 5246,5346,5347,9632,9350
4087: 4187,4188,3986,3987
7525: 7526,7610,7351,7439,7438,9603
9763: 9690
4090: 4190,3989
8275: 8276,8348,8201,8200,8274
10003: 9752,9762,9982
4093: 4094,4194,3993,3992
4094: 4194,4195,3994,3993,4093
8163: 8164,8084,8238
4096: 4197,4196
9509: 9148,9453,9477,9449,9303
4098: 3998,3997,4198
8738: 8737,8797,8676,8677,8739,8798
4100: 3999,4000,4201
9430: 239,194,9259,9366,9248,290
4102: 4103,4002
4103: 4102,4002,4003,4104
4104: 4105,4205,4003,4004,4103
4105: 4104,4205,4206,4004
9508: 7777,9310,9561,9643
7275: 7276,7363,7187,7362
4108: 4007,4209,4109
4109: 4009,4108,4209
7735: 7818,7819,7736
7650: 7733,7649,7565
7602: 7515,7516,7603,7601,7686,7775
4113: 4114,4012,4013
4114: 4113,4013,4014,4115,4215
4115: 4216,4015,4215,4014,4114
9470: 526,464,9316,9557,525
4117: 4118,4217,4218,4017,4016
4118: 4117,4218,4017,4119
4119: 4120,4118,4220
4120: 4119,4221,4220
4121: 4222,4221,4021,4122
4122: 4123,4223,4021,4022,4222,4121
4123: 4122,4223,4022,4023
9335: 1087,9296,9246
9287: 9445,9315,9313,9526,9322,9403
4126: 4227,4127
4127: 4126,4227,4027
9506: 9570,9433,9330,68
4129: 4029,4231,4028,4229
9568: 9391,9349,8907,8959,9423
4131: 4233,4132,4030,4231,4232
4132: 4233,4234,4131,4031,4032,4030
9651: 9942,9831,9963
4134: 4033,3834,9569,4234,4235,4135
4135: 4235,4236,4134,3834,4136,4035
4136: 3935,4035,4236,4135
4137: 4139,4039,3936,9442,9256,4239
9919: 9926
4139: 4137,4039,4040,4239,4141,4240
9935: 9955,9262,9814,9328
4141: 4242,4241,4240,4139,4142,4040
4142: 4042,4041,4040,4143,4242,4141
4143: 4142,4242
7270: 7182,7269,7355,7357
4145: 4045,4146,4044,4246
4146: 4045,4145,4147,4247,4246
4147: 4047,4146,4247,4248
7844: 7925,7761,7762
7720: 7637,7719,7721,7802
4150: 
4151: 4051,4050,4251,4252
8867: 8973,8866,8921,8810,8811,8868
4153: 4053,4154,4052
4154: 4053,4153,4054,4155,4255
4155: 4156,4154,4054,4255,4256
4156: 4155,4157,4256
4157: 4057,4156,4258
9897: 9890,10028
8264: 8265,8338,8189,8190,8336
9435: 9638,9308,9647,9540,9543
4161: 4060,4162
4162: 4062,4163,4161,4263
4163: 4062,4162,4063,4164,4263
4164: 4063,4165,4163,4265
4165: 4164,4065,4166,4265,4266
4166: 4065,4167,4165,4266,4267
4167: 4166,4267
4168: 4068,4169,4269
4169: 4069,4068,4168
9337: 9590,9366,9553,9339,9440
8514: 8515,8513,8444
8852: 8735,8796,8794
4173: 4072,4073,4174,4274
4174: 4074,4175,4073,4173,4274,4275
4175: 4074,4075,4174,4176,4275,4276
4176: 4076,4177,4075,4175,4276,4277
4177: 4076,4077,4176,4178,4277,4278
4178: 4078,4179,4077,4177,4278,4279
4179: 4078,4178,4279,4280
8757: 8817,8873,8696,8695,8756
8066: 8065,8144,8145
4182: 
4183: 4083,3982,4082,4283,4284
7581: 7494,7582,7580,7666
4185: 4085,4186,4084,4285,4286
4186: 4085,4185,4187,4286,4287
4187: 4087,4188,4186,4288,4287
4188: 4087,4187,4288
9630: 9986,9572,9361,9327,9542
4190: 4090,4290
8933: 8880,8987,8879,8932,9079,9080
4192: 4293,4292
9321: 9514,10002,9557,9388
4194: 4094,4195,4093,4294,4295
4195: 4094,4194,4196,4295
4196: 4197,4096,4195
4197: 4096,4196,4298,4198
4198: 4298,4299,4197,4098
10027: 9866,9999
8477: 8544,8542,8406,8408,8478
4201: 4100,4301
9943: 9805,9647,9529
7792: 7791,7873,7709,7710,7793,7874
9124: 9038,9039,9125,9161,9162,9222
4205: 4104,4105,4206,4305,4306
4206: 4105,4205,4207,4306,4307
4207: 4206,4307,4308
9619: 9463,1834,9608,10033,1923
4209: 4108,4109,4310
7712: 7713,7628,7711,7794
4211: 4311
8868: 9023,8811,8812,8867,8921
8701: 8702,8638,8700
7286: 7197,7198,7373
4215: 4115,4216,4114,4315,4316
4216: 4115,4215,4217,4316
4217: 4117,4218,4216,4318
4218: 4117,4118,4217,4318,4319
8274: 8273,8347,8199,8200,8275,8348
4220: 4320,4119,4120,4321
4221: 4222,4121,4120,4321,4322
4222: 4121,4221,4122,4223,4322,4323
4223: 4122,4123,4222,4323
9289: 8331,8330,9534,9705,8471,9486
4225: 4326,4226
4226: 4328,4225,4227,4326
4227: 4126,4127,4328,4226
9560: 9239,9504,9567,9564,9240,9546
4229: 4129,4330
4230: 
4231: 4129,4131,4332,4232
4232: 4437,4336,4231,4131,4333,4332
4233: 4132,4234,4131,4235,4337,4336
4234: 4233,4132,4032,4033,4134,4235
4235: 4236,4135,4337,4134,4233,4234
4236: 4235,4135,4337,4136,9521
9768: 9714,9753
7849: 7931,7767,7848,7850
4239: 4340,4339,4137,4139,9256,4240
4240: 4341,4241,4141,4139,4340,4239
4241: 4242,4341,4141,4240,4343,4342
4242: 4241,4141,4142,4143,4343
8191: 8115,8192,8114,8190,8265
9150: 9114,9113,9151,9588,9379,9182
8304: 8449,8230,8229,8303,8378
4246: 4247,4346,4146,4145
4247: 4246,4346,4146,4147,4248,4347
4248: 4249,4347,4147,4247
4249: 4248,4349,4250,4350
4250: 4251,4350,4249
4251: 4250,4151,4252,4352
4252: 4352,4151,4251
9350: 9404,9632,5545,5347,9604,5446
4254: 
4255: 4154,4155,4256
4256: 4357,4156,4155,4255
9030: 9029,9075,9074,8981,9031,8982
4258: 4358,4157,4259
4259: 4260,4258
4260: 4259
9946: 
8374: 8300,8373,8301
4263: 4364,4162,4163
9634: 9102,9892,9060,9059,9800
4265: 4366,4365,4164,4165,4266
4266: 4267,4367,4165,4166,4366,4265
4267: 4266,4367,4166,4167
7358: 
4269: 4369,4168,4370
7908: 7907,7827,7909,7988,7989
4271: 
9978: 9966,9927,9766
9299: 9639,9636,9253,7691,9274
4274: 4173,4174,4275
4275: 4276,4376,4175,4174,4274
4276: 4275,4376,4377,4175,4176,4277
4277: 4278,4176,4177,4276,4377
4278: 4277,4177,4178,4279,4379
4279: 4379,4178,4179,4278,4280
4280: 4281,4179,4279
4281: 4382,4280
8160: 8236,8159,8082,8081,8161
4283: 4183,4284
4284: 4285,4385,4183,4283
4285: 4284,4385,4185,4286,4386
4286: 4387,4386,4186,4185,4285,4287
4287: 4288,4388,4186,4187,4286,4387
4288: 4388,4389,4287,4187,4188
8361: 8287,8288,8432,8433
4290: 4391,4390,4190
7778: 7777,7859,7612,7695,7696,7697
4292: 4392,4393,4192
4293: 4294,4393,4192
4294: 4293,4194,4295,4395
4295: 4395,4396,4194,4195,4294
7387: 7299,7386,7388,7300,7474,7475
8591: 8523,8524,8592,8590,8657,8658
4298: 4299,4399,4198,4197
4299: 4298,4399,4198,4400
4300: 4301,4400,4401
4301: 4300,4401,4201,4402
9339: 9440,112,9337,9553
7340: 7341,7428,7252,7339,7427
8744: 8683,8682,8743,8803
4305: 4306,4406,4205,4405
4306: 4305,4406,4407,4205,4206,4307
4307: 4308,4206,4207,4306,4407
4308: 4307,4409,4207,4309
4309: 4410,4308,4409
4310: 4311,4209
4311: 4310,4211
8692: 8754
4313: 4414,4314
4314: 4315,4415,4414,4313
4315: 4314,4415,4215,4316
4316: 4417,4216,4215,4315
7814: 
4318: 4319,4217,4218
4319: 4318,4218,4320
4320: 4220,4319
4321: 4322,4422,4221,4220
4322: 4321,4422,4423,4222,4221,4323
4323: 4424,4222,4223,4322,4423
8038: 7959,8039,7958,8116
8086: 8006,8087,8164,8165
4326: 4426,4225,4427,4226
9063: 9019,8970,9018,9062,9105
4328: 4428,4226,4227,4329
4329: 4330,4430,4328,4428
4330: 4329,4430,4229,4331
4331: 4332,4330,4430,4431,4432
4332: 4331,4333,4231,4232,4432
4333: 4332,4232,4437,4432,4534,4435
9245: 9363,9635,9552,723,791
9807: 9900
4336: 4232,4437,9269,4233,4337
4337: 4235,4236,4233,4336,9269,9521
4338: 4438,9331,9489,4339,4440,4539
4339: 4340,4239,9256,9489,4338,4440
4340: 4339,4239,4341,4240,4440,4441
4341: 4241,4240,4340,4441,4442,4342
4342: 4442,4543,4341,4241,4343,4444
4343: 4344,4242,4241,4342,4444
4344: 4343,4345,4445,4444
4345: 4346,4344,4445,4447,4446
4346: 4247,4345,4246,4347,4447
4347: 4248,4349,4247,4346,4447,4448
9358: 9380,9577,244,294,9493
4349: 4249,4347,4350,4450,4448
4350: 4250,4249,4349,4450,4451
9132: 9091,9046,9089,9090,9170
4352: 4252,4251,4452,4453
7508: 7421,7507
4354: 4455
9644: 6135,9341,9911
8420: 8421,8490,8348,8419
4357: 4256,4358,4457,4458
4358: 4258,4357,4458,4459
9072: 9028,9073,9071,9112,9114,9113
8098: 
4361: 4462
9320: 9409,9254,9279,9397,9342
8060: 7980,8061,8138
4364: 4263,4365,4465
4365: 4366,4265,4364,4465,4466
4366: 4265,4365,4266,4367,4466,4467
4367: 4266,4267,4366,4467,4468
8366: 8293,8292,8365
4369: 4269,4370,4470
4370: 4369,4269,4470,4471
9199: 9167,9664,9225,9227
9511: 9475,7082,6991,9601,9384,9575
4373: 4473,4474
9759: 9485
9709: 9700,9761,9717
4376: 4275,4276,4377,4477
4377: 4276,4376,4277,4477,4478
4378: 
4379: 4279,4278,4479
7596: 7680
4381: 
4382: 4281
10041: 9771,9990,9957
9375: 9582,9396,9620,10032
4385: 4284,4285,4386,4485,4486
4386: 4286,4387,4285,4385,4486
4387: 4286,4386,4388,4287
4388: 4288,4389,4287,4387,4489
4389: 4288,4388,4390,4489,4490
4390: 4391,4290,4389,4490,4491
4391: 4290,4390,4392,4491,4492
4392: 4292,4391,4492,4493
4393: 4293,4292,4493,4494
7375: 7288,7376,7462
4395: 4295,4396,4294,4495
4396: 4295,4395,4397,4497
4397: 4396,4498,4497
7231: 7319,7141,7142
4399: 4298,4299,4500
4400: 4300,4401,4299,4501
4401: 4300,4301,4400,4402,4501,4502
4402: 4301,4401,4502
9062: 9018,9017,9063,9141,9140
4404: 4405,4504,4505
4405: 4404,4305,4406,4505
4406: 4305,4306,4407,4405
4407: 4306,4406,4307,4508
8408: 8338,8336,8406,8477
4409: 4308,4309,4410,4509,4510
4410: 4309,4409,4510
9222: 9243,9162,9194,9124,9125,9163
9787: 9800,9892
7416: 7328,7417,7503,7504
4414: 4313,4314,4415,4514,4515
4415: 4314,4315,4414,4515,4516
8099: 8021,8020,8100,9465,9993,9989
4417: 4316,4518
9266: 9877,9280,9602,9523,9348
8470: 8471,9472,8328,9729
9366: 9590,9337,9248,9553,9430,9259
9842: 
4422: 4321,4322,4423,4522,4523
4423: 4322,4422,4323,4424,4523
4424: 4323,4425,4423,4525
4425: 4424,4426,4525,4526
4426: 4326,4425,4427,4526,4527
4427: 4428,4426,4326,4527,4528
4428: 4328,4427,4329,4528,4529
7391: 7302,7304,7392,7390,7479
4430: 4329,4330,4331,4530,4431
4431: 4430,4331,4432
4432: 4534,4331,4333,4332,4431
9540: 9512,9406,9543,9435,9967,9647
7770: 7686,7772,7775,7769,7771
4435: 4436,4333,4437,9392,4534
4436: 4435,9392,4637,9633
4437: 4232,4336,9269,9392,4333,4435
4438: 4338,9522,9331,4539,9498
7873: 7791,7792,7874,7953,7954
4440: 4441,4539,4540,4340,4339,4338
4441: 4440,4540,4340,4341,4442,4541
4442: 4543,4643,4342,4541,4341,4441
9828: 9456,9545,9450,9739
4444: 4445,4343,4344,4543,4342
4445: 4444,4344,4345,4446
4446: 4447,4345,4445
4447: 4548,4446,4345,4346,4347,4448
4448: 4449,4349,4347,4447,4548
4449: 4450,4448,4548,4651,4652
4450: 4449,4349,4350,4451,4551
4451: 4452,4551,4350,4450
4452: 4451,4352,4453,4553
4453: 4554,4553,4352,4452
9317: 9203,9297,9171,9571,9556
4455: 4555,4556,4456,4354
4456: 4455,4556,4557,4457
4457: 4557,4357,4456,4458
4458: 4459,4559,4357,4358,4457
4459: 4458,4559,4358
4460: 4561
8715: 8716,8776,8714,8777
4462: 4463,4361
4463: 4462
8044: 7965,8043,8123
4465: 4466,4566,4364,4365,4565
4466: 4465,4566,4366,4365,4467
4467: 4468,4366,4367,4466
4468: 4467,4569,4367
8650: 8584,8649,8714
4470: 4369,4370,4471
4471: 4370,4470
7556: 7555,7469,7470,7641,7557
4473: 4574,4573,4373,4474
4474: 4475,4373,4574,4473
4475: 4474,4576
7302: 7391,7301,7389,7390
4477: 4577,4376,4377,4478
4478: 4479,4579,4377,4477
4479: 4478,4579,4379
4480: 4580,4581,4481
4481: 4582,4480,4581
8702: 8701,8639,8638,8703
4483: 4583,4584
8153: 8230,8229,8152,8074
4485: 4486,4385
4486: 4485,4385,4386,4587
9731: 9859,9961
7913: 7832,7914,7831,7912,7993
4489: 4589,4590,4388,4389,4490
4490: 4491,4591,4389,4390,4489,4590
4491: 4490,4591,4592,4391,4390,4492
4492: 4391,4392,4491,4592
4493: 4392,4393,4494,4594
4494: 4495,4594,4393,4493
4495: 4494,4395,4596
9932: 10011,10036
4497: 4498,4396,4397,4597
4498: 4599,4497,4397
9047: 9133,9092,8999,9091,9046
4500: 4600,4399
4501: 4502,4400,4401
4502: 4501,4401,4402,4603
9605: 2473,9595,9479,2661,2662
4504: 4604,4404,4505,4605
4505: 4605,4606,4405,4404,4504
7341: 7340,7428,7252,7430
7671: 7670,7586,7587,7672
4508: 4509,4609,4407,4608
4509: 4508,4609,4610,4409,4510
4510: 4611,4409,4410,4509,4610
9904: 9649,9875,9419,9284
8597: 8530,8529,8596,8665,8663
4513: 4514,4614,4613
4514: 4513,4614,4615,4414,4515
4515: 4516,4616,4414,4415,4514,4615
4516: 4515,4616,4415,4617
8740: 8678,8739,8679,8799,8741
4518: 4417
8539: 8607,9413,8540,8538,9346,9376
8857: 8911,8960,8856,8802,8801
4521: 4621,4522
4522: 4523,4422,4521
4523: 4522,4422,4423
7520: 7519,7692,7344,7345,7521,7433
4525: 4626,4625,4425,4424,4526
4526: 4527,4627,4425,4426,4626,4525
4527: 4526,4627,4426,4427,4528
4528: 4529,4428,4427,4527
4529: 4528,4630,4428,4530
4530: 4631,4430,4529,4630
9814: 9328,9935,9955,9922,3934
7977: 8057,8056
9214: 9118,9119,9155,9187,9235
4534: 4432,4634,4333,4435
9563: 9105,9176,9175,9141,9444,9584
4536: 
7635: 7550,7719
8907: 8797,8798,9423,9568
4539: 4440,4540,4438,4338,4640
4540: 4440,4441,4539,4541,4641,4640
4541: 4442,4643,4441,4540,4641,4642
8871: 8926,8925,8815,8814,8924
4543: 4442,4643,4342,4444,4644
7947: 7946,8026,7866,7867,7948,8027
7514: 7600,7601,7426,7427,7515
9743: 9980,9812
8656: 8782,8590,8589,8655,8657,8781
4548: 4447,4449,4448,4650,4651
9427: 154,9371,9642,199
9637: 794,724,9415,9251,9382,9255
4551: 4451,4450,4652
8183: 8257,8106,8107,8258,8184
4553: 4453,4554,4452,4654,4655
4554: 4453,4553,4555,4655
4555: 4455,4556,4554,4657
4556: 4455,4555,4456,4557,4657,4658
4557: 4457,4556,4456,4659,4658
7359: 7360,7446
4559: 4458,4459,4660,4661
7580: 7664,7493,7494,7581,7579
4561: 4460,4662,4663
8426: 8495,8496
7801: 7719,7802
7503: 7502,7416,7504
4565: 4465,4566,4667
4566: 4465,4466,4565,4667
8425: 8495,8494,8424
8705: 8766,8767,8826
4569: 4468,4670,4671
9507: 9558,9387,9802,9548,9672
9457: 8394,8395,8466,9466,9559
8636: 8570,8700
4573: 4574,4473,4675
4574: 4473,4573,4474,4675
7277: 7365,7278,7189,7276,7364
4576: 4475,4577,4677,4678
4577: 4477,4576,4678,4679
7282: 7283,7370,7194
4579: 4478,4479,4680
4580: 4480,4581,4682,4681
4581: 4480,4580,4481,4582,4682,4683
4582: 4481,4581,4683,4583
4583: 4684,4582,4483,4685,4584
4584: 4685,4585,4483,4583
4585: 4584,4687
9973: 9823,9728
4587: 4486
8118: 8119,8194
4589: 4489,4590,4690,4691
4590: 4489,4589,4490,4591,4691,4692
4591: 4490,4491,4592,4590,4692,4693
4592: 4491,4591,4492,4693
7318: 7319,7317,7405
4594: 4494,4493,4696
8436: 8505
4596: 4597,4495,4697
4597: 4596,4497,4699
8049: 8050,7970,8128
4599: 4498,4600,4700,4701
4600: 4500,4599,4701,4702
10021: 
8570: 8636,8502
4603: 4604,4502
4604: 4504,4603,4605
4605: 4505,4606,4504,4604,4707
4606: 4505,4605,4607
4607: 4608,4606
4608: 4607,4508,4609,4709
4609: 4508,4509,4610,4608,4710
4610: 4509,4609,4510,4611
4611: 4510,4610,4712
4612: 4613,4714
4613: 4612,4513,4614,4715
4614: 4513,4514,4615,4613,4715,4716
4615: 4514,4614,4515,4616,4716,4717
4616: 4515,4516,4615,4617,4717
4617: 4618,4516,4616
4618: 4617,4719,4720
9592: 9353,9437,9054,9356,9098,9336
4620: 4621,4722
4621: 4521,4620,4722
7347: 7434,7258,7259,7522,7435
8271: 8272,8197,8344,8270
8478: 8479,8477,8544,8613
4625: 4626,4525,4726
4626: 4525,4625,4526,4627
4627: 4526,4527,4626,4729
8927: 9027,8979,8817,8874,8928,8980
9554: 9389,9961,9859,1659,1574
4630: 4529,4530,4631,4731,4732
4631: 4530,4630,4632,4732,4733
4632: 4634,4631,4733,4734
8555: 8622,8621,8487,8488,8554
4634: 4632,4534,4734,4735
9382: 9500,9255,868,725,9637,724
7574: 7487,7573,7488,7659
4637: 4638,9633,4436,4737
4638: 4637,9633,9459,4639,4739
4639: 9524,4638,9459,4739,4740
4640: 4641,4742,4539,4540,9538
4641: 4743,4640,4742,4540,4541,4642
4642: 4744,4745,4643,4541,4743,4641
4643: 4442,4543,4541,4642,4745,4644
4644: 4645,4543,4643,4745
4645: 4647,4747,4644,4745,4746
9923: 9809,9933
4647: 4748,4747,4645
9257: 528,9281,9770,9551,9612
9707: 9760
4650: 4751,4548,4651
4651: 4652,4752,4548,4449,4650,4751
4652: 4651,4752,4449,4551,4753
8731: 8667,8668,8730,8792,9505,9359
4654: 4553,4655
4655: 4554,4553,4654
8893: 8947,8835,8837,8946
4657: 4757,4555,4556,4658
4658: 4659,4556,4557,4657
4659: 4760,4658,4557,4660
4660: 4559,4659
4661: 4559,4662,4762
4662: 4663,4762,4763,4561,4661
4663: 4662,4763,4561,4664,4764
4664: 4765,4764,4665,4663
4665: 4664,4765,4766
4666: 
4667: 4565,4566,4767
8301: 8300,8374,8226,8227,8302
4669: 
4670: 4771,4569,4671
4671: 4772,4569,4670,4771
8505: 8436,8435
4673: 4773
9633: 4637,4638,9459,9392,9483,4436
4675: 4574,4573
7709: 7625,7626,7710,7791,7792
4677: 4576,4678,4778
4678: 4679,4779,4778,4576,4577,4677
4679: 4678,4779,4577,4680
4680: 4579,4679,4681
4681: 4682,4782,4580,4680
4682: 4782,4783,4681,4580,4581,4683
4683: 4684,4581,4582,4682,4783
4684: 4683,4583,4685
4685: 4786,4584,4684,4583
8587: 8588,8519,8654
4687: 4585,4787
4688: 4788,4789
7555: 7556,7469,7639
4690: 4589,4691
4691: 4692,4589,4590,4690
4692: 4691,4590,4591,4793,4693
4693: 4793,4591,4592,4692
4694: 4795
7664: 7580,7748,7579
4696: 4697,4797,4594
4697: 4696,4797,4596
4698: 
4699: 4799,4597,4800,4700
4700: 4800,4599,4699,4701
4701: 4702,4599,4600,4700
4702: 4701,4802,4600
4703: 4804
8678: 8614,8740,8739,8677
9887: 9689,9799,9599
4706: 4707,4807,4806
4707: 4807,4605,4706
9985: 
4709: 4809,4608,4710,4810
4710: 4810,4811,4609,4709
7677: 7761,7593,7760
4712: 4611
7345: 7344,7167,7257,7520,7433
4714: 4715,4815,4612
4715: 4714,4815,4613,4614,4716
4716: 4817,4614,4615,4715,4717
4717: 4615,4616,4817,4716
9903: 9902,9715,9708
4719: 4720,4821,4618
4720: 4719,4821,4618
4721: 
4722: 4823,4620,4621,4822
7952: 7951,8031,7871,7953,8032
4724: 4725,4825,4824
4725: 4724,4825,4826,4726
4726: 4827,4625,4725,4826
7376: 7288,7289,7377,7375,7463
7787: 7788,7950,7704,7705,7868
4729: 4830,4829,4627,4730
4730: 4831,4731,4830,4729
4731: 4730,4831,4832,4630,4732
4732: 4733,4833,4630,4631,4731,4832
4733: 4732,4833,4631,4632,4734
4734: 4835,4735,4632,4634,4733
4735: 4734,4634,4736,4836
4736: 4837,4836,4737,4735
4737: 4837,4736,4637,4838
4738: 4839
4739: 4839,4638,4639,4740,4840
4740: 4841,4840,4639,4739
7821: 7739,7822
4742: 4743,4641,4640,9538,4843,4844
4743: 4641,4742,4744,4642,4844,4845
4744: 4642,4745,4746,4743,4845,4847
4745: 4744,4642,4746,4643,4645,4644
4746: 4744,4745,4747,4645,4848,4847
4747: 4647,4748,4645,4746,4848,4849
4748: 4647,4747
9305: 6138,9265,9471,9306
4750: 4751,4852
4751: 4650,4750,4651,4752,4852,4853
4752: 4651,4652,4751,4753,4853
4753: 4652,4752,4855
9611: 35,64,9566,9428,9445,14
8874: 8818,8817,8927,8928
7694: 9301,9561,7610,7611,7695,7777
4757: 4657,4858,4859
9705: 9289,8471,9729,9486
9805: 9967,9647,9943
4760: 4659,4861
9889: 9691,9854
4762: 4662,4763,4661,4864
4763: 4662,4663,4762,4764,4864,4865
4764: 4664,4765,4663,4763,4865,4866
4765: 4664,4764,4665,4766,4866,4867
4766: 4767,4765,4665,4867
4767: 4766,4667,4869
9685: 6330,9278,9908,9914,9847
4769: 4871
7388: 7301,7300,7389,7387,7475
4771: 4670,4671,4772,4872
4772: 4671,4773,4771,4873
4773: 4772,4673,4873,4874
9876: 9927,9766
8171: 8012,8013,8093,8170,8397
7939: 7938,7857
9543: 9512,9540,7262,9435,7173,9308
4778: 4678,4779,4677,4879,4880
4779: 4678,4679,4778,4880,4881
8286: 8285,8211,8287
7732: 7733,7649
4782: 4682,4783,4681,4883
4783: 4682,4782,4683
9456: 9828,9545,9378,9277
8507: 8508
4786: 4685,4787,4887,4888
4787: 4786,4687,4888
4788: 4889,4890,4688,4789
4789: 4891,4892,4688,4788,4890
9518: 9525,8325,9559,9400
8530: 8597,8529,8460,8599,8666
8201: 8124,8200,8125,8275,8276
4793: 4693,4692
8124: 8201,8200,8125,8046,8123
4795: 4694,4796,4897
4796: 4797,4795,4897
4797: 4696,4697,4796,4899
7317: 7228,7318
4799: 4699,4800,4900
4800: 4700,4699,4799,4902
9852: 9229,9232,9835,9915
4802: 4702,4903,4904
9728: 9656,9973,9823,9769
4804: 4703,4905,4906,4805
4805: 4907,4806,4804,4906
4806: 4907,4805,4706,4807
4807: 4707,4706,4806
8648: 8649,8712,8711,8647
4809: 4709,4810,4910,4911
4810: 4710,4811,4809,4709,4911,4912
4811: 4710,4810,4912,4913
7919: 7838,7837,7918,7999
7548: 7461,7462
7627: 7628,7711,7710,7543,7542,7626
4815: 4714,4715,4916,4917
8382: 8309,8383,8454,8453
4817: 4716,4717,4818,4918
4818: 4819,4817,4919,4920
4819: 4818,4920
7593: 7506,7507,7677
4821: 4719,4720,4922
4822: 4722,4823,4924
4823: 4722,4824,4822,4924,4925
4824: 4823,4724,4825,4925,4926
4825: 4724,4725,4826,4824,4926,4927
4826: 4725,4825,4726,4827,4927
4827: 4726,4826,4929
8258: 8184,8332,8183,8257,8331,8403
4829: 4830,4729,4930
4830: 4729,4829,4730,4831
4831: 4730,4731,4832,4830,4932,4933
4832: 4831,4731,4732,4833,4933,4934
4833: 4732,4733,4832,4934
7934: 7935,7771,8015
4835: 4734,4836,4936,4937
4836: 4837,4736,4835,4735,4937,4938
4837: 4736,4836,4737,4838,4939,4938
4838: 4839,4837,4737,4939,4940
4839: 4738,4838,4739,4840,4940,4941
4840: 4841,4740,4839,4739,4941,4942
4841: 4740,4840,4942
4842: 4943,9352,4843,5043,9574
4843: 4842,9573,4742,4844,5043
4844: 4845,4944,5043,4743,4742,4843
4845: 4844,4944,4743,4744,4847,4946
7284: 7283,7371,7195,7372
4847: 4848,4947,4946,4744,4746,4845
4848: 4847,4947,4746,4747,4849,4949
4849: 4950,4949,4747,4848
7918: 7836,7837,7917,7919,7998,7999
8112: 8110,8188,8033,8034,8189
4852: 4952,4750,4751,4853
4853: 4954,4751,4752,4852
7228: 7317,7316
4855: 4856,4955,4753
4856: 4855,4957
9675: 9659,10033
4858: 4958,4757,4859
4859: 4960,4757,4858
9444: 9141,9407,9563,9660,9661,9584
4861: 4961,4760,4862
4862: 4861
8908: 8856,8741,8799,8959,9625,8960
4864: 4865,4964,4762,4763
4865: 4864,4763,4764,4866
4866: 4867,4967,4765,4764,4865
4867: 4866,4967,4765,4766,4968
8661: 8662,8724,8594,8660
4869: 4870,4767,4969
4870: 4869,4971,4871
4871: 4872,4769,4870
4872: 4871,4771
4873: 4974,4773,4772,4874
4874: 4975,4773,4873,4974
7743: 7659,7744,7742,7825
4876: 
4877: 4878,4978
4878: 4879,4979,4978,4877
4879: 4878,4979,4778,4880,4980
4880: 4881,4980,4779,4778,4879
4881: 4880,4779,4882,4982
4882: 4982,4883,4881
4883: 4882,4782
9687: 8253,8326,9953,8252,9783,9314
8043: 8044,7963,8042,8121
4886: 4987,4986,4887
4887: 4888,4988,4786,4987,4886
4888: 4887,4988,4786,4787
4889: 4990,4788,4890
4890: 4889,4990,4788,4891,4991,4789
4891: 4992,4991,4892,4789,4890
4892: 4891,4789,4893
4893: 4892
7690: 7858,7606,7518,7516
9898: 10016,9906
9123: 9037,9161,8989,9081,9038,9160
4897: 4997,4795,4796,4998
7653: 7736,7569,7737
4899: 4797,4900
4900: 4799,4899
8542: 8477,8544,8475,8607
4902: 5003,5002,4800
4903: 4904,4802,5003
4904: 4903,4802,4905,5005
4905: 4906,5005,5006,4804,4904
4906: 4905,5006,4804,4907,5007,4805
4907: 5008,5007,4806,4805,4906
9726: 9979,9668,9784,9861
4909: 5009,5010,5110
4910: 4911,4809,5010
4911: 4910,4809,4810,4912,5012
4912: 4913,5013,5012,4810,4811,4911
4913: 4912,5013,4811
9249: 9583,9360,9429,9562,5542,5543
4915: 5015,4916,5016
4916: 5016,5017,4917,4815,4915
4917: 4916,5017,4815,5018,4918
4918: 5018,4817,4917,4919
4919: 4920,4818,4918
4920: 4919,4819,4818
8328: 8253,8326,8179,8255,8470
4922: 5023,5022,4821
9585: 9319,9333,2189,2280
4924: 4822,4823,4925
4925: 5026,4823,4824,4924,4926
4926: 4927,5027,4824,4825,4925,5026
4927: 4926,5027,4825,4826
9049: 9285,9094,9000,9001,9135,9092
4929: 4827,4930
4930: 4829,4929
9964: 6523,9872,9873,9776,6620
4932: 4933,4831
4933: 4932,5033,4831,4832,4934
4934: 5035,4832,4833,4933
7921: 7839,7922,8002,8001
4936: 5037,5036,4937,4835
4937: 5037,4936,4835,4836,4938,5141
4938: 4939,5040,5141,4837,4836,4937
4939: 4938,5040,4837,4838,5041,4940
4940: 5041,4941,9280,4839,4838,4939
4941: 4940,9280,4839,4840,4942
4942: 9670,4841,4840,4941
4943: 4842,9352,9574
4944: 4844,4845,5043,4946,5044,9482
8063: 7984,8064,7983,8062,8142
4946: 4847,4947,4845,4944,5044,5046
4947: 4848,4847,4946,4949,5048,5046
8558: 8624,8490,8491,8559,8625
4949: 4849,4950,4848,4947,5048,5050
4950: 4849,4949,4951,5051
4951: 4950
4952: 4852,5053,5052
9153: 9155,9154,9115,9151,9184,9186
4954: 4853,4955,5055
4955: 4855,4954,5055
7239: 7327,7328,7240,7149,7150,7238
4957: 4958,4856,5058
4958: 4858,4957,5058
7502: 7503,7414,7501
4960: 4859,5060
4961: 4861,5062
8943: 8889,8890,8995,9045
7586: 7500,7587,7670,7671
4964: 4864,5064
9080: 9121,9081,8933,8987,9079
4966: 
4967: 4866,4867,4968,5067
4968: 4969,4867,4967,5069
4969: 4968,4869,5069,5070
7936: 7854,7855,7937,7935,8016,8017
4971: 4870,5071,5072
8132: 
9819: 9748,9972,657,9399,9500,9878
4974: 4873,4874,4975,5074,5075
4975: 4874,4974,5075,5076
9667: 7438,9603
9936: 10034,9695
4978: 4878,4979,4877,5078
4979: 4878,4879,4978,4980
4980: 4880,4879,4979
7456: 7457,7543,7542,7368,7455
4982: 4882,4881,5082
9925: 
9290: 9453,9477,9622,9467,9478,9252
7487: 7574,7573,7399,7400,7488
4986: 4987,4886,5086,5087
4987: 4886,4986,4887,4988,5087,5088
4988: 4887,4888,4987,5088
9767: 9660
4990: 4889,4890,4991,5090,5091
4991: 4891,4992,4990,4890,5091,5092
4992: 4891,4991,4993,5092,5093
4993: 4992,5094,5093
8614: 8678,8479,8480,8613,8677
9725: 9975,9817
4996: 4997,5097
4997: 4996,4897,4998,5097
4998: 4897,4997
7981: 
5000: 
8084: 8004,8083,8005,8163
5002: 5003,4902,5102
5003: 4902,5002,4903
9163: 9501,9197,9125,9126,9243,9222
5005: 4905,5006,4904,5105,5106
5006: 4905,4906,5005,5007,5106
5007: 4907,5008,4906,5006,5108
5008: 4907,5007,5009,5108,5109
5009: 4909,5008,5109,5110
5010: 4909,4910,5110,5111
7226: 7136,7225,7314
5012: 4912,5013,4911,5113
5013: 4912,4913,5012,5113
9865: 
5015: 4915,5016,5115,5116
5016: 4916,5017,5015,4915,5116,5117
5017: 4916,5016,4917,5018,5117
5018: 4918,5017,4917,5119
9818: 9757,9958
8686: 8622,8685,8623,8687,8748
7348: 7170,7259,7435,7349,7436
5022: 5023,4922,5122,5123
5023: 4922,5022,5123,5124
7745: 7744,7827,7828
9930: 10043,9971
5026: 4925,4926,5027
5027: 4926,4927,5026
9884: 
8730: 8532,8666,8667,8731,8792
9364: 1747,9325,9261,1835,9608
5031: 5032
5032: 5031,5033,5133
5033: 4933,5032,5133,5134
8978: 9027,8979,8926,8925,9070,9071
5035: 4934,5036,5136
5036: 5037,4936,5035,5136,5138
5037: 4936,5036,4937,5141,5138,5139
8192: 8115,8116,8191,8193,8267
7802: 7884,7719,7720,7801
5040: 4939,4938,5141,5041,5142,5143
5041: 4940,9280,4939,5040,5143,9602
5042: 9280,9602
5043: 4844,4944,4842,4843,9574,9482
5044: 5144,9482,4944,4946,5046,5146
9229: 9232,9211,9852,9231,9209,9835
5046: 5047,5048,5146,4947,4946,5044
5047: 5048,5046,5146,5150,5148
5048: 5047,5046,4947,4949,5050,5150
8457: 8456,8458,8526,8527
5050: 4949,5048
5051: 5151,4950,5052,5152
5052: 5053,5153,5152,4952,5051
5053: 5153,5052,4952,5054,5154
5054: 5055,5155,5154,5053
5055: 5054,4954,4955
8017: 8016,8096,8097,7936,7937,8018
9536: 344,9577,9298,293,9268
5058: 4958,4957
9772: 9620,9332,9424,3536
5060: 5160,4960
9804: 9698
5062: 4961,5163
7280: 7279,7367,7368,7191,7192
5064: 5165,4964
8565: 8632,8497,8498,8631
5066: 5067,5167
5067: 5168,4967,5066
7367: 7279,7280,7368,7455
5069: 4969,4968,5070
5070: 5071,4969,5069
5071: 5171,5070,4971,5072,5172
5072: 5172,4971,5071
9980: 9743,9812,9363,9291
5074: 5075,5175,4974
5075: 5074,5175,4974,4975,5076,5176
5076: 5176,5177,4975,5075
5077: 
5078: 4978
8980: 8928,8981,8927,9027,9028,9029
9821: 
8076: 7996,8075,8154,8155
5082: 4982,5083
5083: 5184,5084,5082
5084: 5083,5184,5085,5185
5085: 5185,5186,5084,5086
5086: 5087,4986,5085,5186
5087: 5086,4987,4986,5088
5088: 4987,4988,5087
5089: 5189,5090,5190
5090: 5091,5190,4990,5089
5091: 5090,4990,4991,5092,5192
5092: 5193,5192,4992,4991,5091,5093
5093: 5094,5194,4992,4993,5092,5193
5094: 5194,5195,5093,4993,5095
5095: 5096,5196,5094,5195
5096: 5095,5196,5197
5097: 4996,4997
8175: 8176,8096,8250
8772: 8831,8771,8711,8710
8700: 8820,8636,8701
8288: 8287,8361,8213,8214
5102: 5002,5202
9465: 9499,9402,8020,8099,9993
5104: 5105,5204
5105: 5104,5005,5106
5106: 5207,5005,5006,5105
8751: 8810,8811
5108: 5109,5209,5008,5007
5109: 5108,5209,5008,5009
5110: 5211,4909,5009,5010,5111
5111: 5010,5110,5211
9769: 9823,9656,9728,246
5113: 5213,5214,5013,5012
9244: 1749,1662,10010,9810,9476,9398
5115: 5116,5215,5216,5015
5116: 5115,5216,5015,5016,5117
5117: 5016,5017,5116
7723: 7806,7639,7724
5119: 5220,5018,5120
5120: 5121,5220,5119
5121: 5120,5122
5122: 5123,5022,5121
5123: 5122,5023,5022,5124
5124: 5125,5224,5023,5123
5125: 5124,5225
10024: 9951,9733
9309: 6991,9601,9469
5128: 5229,5129
5129: 5130,5230,5229,5128
5130: 5129,5230
7859: 7778,7777,9310,7697,7779,9458
8724: 8661,8660,8785,8787,8786
5133: 5234,5134,5032,5033,5233
5134: 5133,5234,5033,5235
9694: 9886,9832
5136: 5236,5035,5036,5237,5138
9760: 9707
5138: 5237,5239,5139,5037,5036,5136
5139: 5138,5239,5037,5141,5341
7993: 7992,7912,7913
5141: 4938,5040,5037,4937,5139,5142
5142: 5242,5243,5040,5141,5143
5143: 9602,9454,5040,5041,5243,5142
5144: 5044,9482,9408,5146,5145
5145: 5248,5348,5247,5144,5146,5148
5146: 5047,5046,5144,5044,5145,5148
7526: 7525,7610,7439,7352,7440,7611
5148: 5250,5249,5047,5146,5248,5145
8787: 8847,8786,8848,8724,8789
5150: 5151,5047,5048,5250,5251
5151: 5051,5150,5152,5252,5251
5152: 5153,5052,5051,5151,5252,5253
5153: 5053,5052,5152,5154,5253
5154: 5054,5155,5053,5153,5255
5155: 5054,5154,5255,5256
8296: 8370,8221,8222,8369
5157: 5158,5258
5158: 5159,5157,5258,5259
5159: 5158,5160,5259,5260
5160: 5060,5161,5159,5260,5261
5161: 5160,5261
9823: 9769,9973,9728
5163: 5062
8823: 8824,8764,8879,8880
5165: 5064,5265,5266
9148: 9108,9509,9110,9109,9477
5167: 5168,5066,5267,5268
5168: 5067,5167,5268,5269
9960: 10005,9664,9168,9894,9200,9629
7684: 7685,7768,7599,7600,7767
5171: 5071,5172,5271,5272
5172: 5072,5171,5071,5272
8287: 8288,8361,8213,8286
5174: 5175,5274
5175: 5074,5075,5174,5176
5176: 5076,5177,5075,5175,5277
5177: 5076,5176,5277,5278
9918: 9414,9758,2,9528
9420: 9237,9217,9613,9640,9618
5180: 5181,5281
5181: 5182,5180,5281
5182: 5181,5283
8339: 8265,8338
5184: 5083,5084,5185,5285
5185: 5085,5186,5184,5084,5285,5286
5186: 5085,5185,5086,5286,5287
8208: 8207,8209,8282
8883: 
5189: 5089,5190,5289,5290
5190: 5090,5089,5189,5290
8709: 8708,8645,8710,8770,8771
5192: 5092,5193,5091,5292,5293
5193: 5092,5192,5194,5093,5293,5294
5194: 5094,5195,5093,5193,5294,5295
5195: 5094,5194,5095,5196,5295,5296
5196: 5095,5096,5197,5195,5296
5197: 5096,5196,5298
7696: 7443,7612,7778,7697
8878: 8879,8932,8821,8984
5200: 5201,5300
5201: 5202,5200,5302
5202: 5201,5102,5302
9535: 3045,9555,9351,9541,3145
5204: 5104,5304
8236: 8160,8159,8310,8311
7806: 7888,7723,7724
5207: 5106,5307,5308
8346: 8273,8347,8272,8417,8418
5209: 5108,5109
7705: 7706,7621,7704,7788,7787
5211: 5110,5111,5312
9874: 9669,9747,9737,9665
5213: 5113,5214,5313
5214: 5113,5213,5215,5315
5215: 5115,5216,5214,5315
5216: 5115,5116,5215,5317
7516: 7515,7602,7603,7428,7690
9336: 9098,9097,9592,9437,9138
8309: 8382,8383,8310,8234
5220: 5119,5120
9185: 9186,9213,9184,9211,9212
7506: 7507,7593,7419,7505
9377: 9638,9529,9607,6809,6993,9362
5224: 5124,5225,5325
5225: 5125,5224,5226,5325
5226: 5227,5225,5327
5227: 5226,5327,5328
7362: 7361,7363,7275,7449,7450
5229: 5128,5129,5230,5329
5230: 5129,5130,5229,5331
8345: 
5232: 5233,5332,5333
5233: 5232,5133,5234,5333,5334
5234: 5133,5134,5233,5235,5334,5335
5235: 5236,5234,5134,5335
5236: 5136,5235,5237,5337
5237: 5138,5239,5136,5236,5337,5338
8559: 8625,8560,8491,8558
5239: 5237,5138,5139,5341,5338
9008: 8955,9938,9007,9009
9754: 9738,9885
5242: 5243,5142,5341
5243: 5242,5142,5143,9454,5343
5244: 5345
5245: 5345,5346
5246: 5346,5347,9604,9302,5247
5247: 5348,5145,9408,5246,5347
5248: 5348,5145,5148,5249,5448,5349
5249: 5250,5148,5248,5349,5350
5250: 5148,5249,5150,5251,5350
5251: 5252,5352,5151,5150,5250
5252: 5251,5352,5151,5152,5253,5353
5253: 5354,5353,5153,5152,5252
9252: 9593,9588,9355,9478,9290,9622
5255: 5256,5356,5355,5155,5154
5256: 5255,5356,5155,5357
8214: 8137,8213,8138,8215,8288
5258: 5358,5157,5158,5259,5359
5259: 5260,5359,5360,5159,5158,5258
5260: 5259,5360,5159,5160,5261,5361
5261: 5361,5160,5161,5260
9758: 9918,9663,5
5263: 5364,5363,5463
9678: 9360,9480,9452
5265: 5365,5366,5165,5266
5266: 5267,5367,5165,5265,5366
5267: 5266,5367,5167,5268,5368
5268: 5269,5368,5369,5168,5167,5267
5269: 5268,5369,5168,5370
5270: 5370,5371,5271
5271: 5272,5372,5171,5270,5371
5272: 5271,5372,5171,5172
9484: 9346,9376,9390,9928
5274: 5374,5174,5375
9532: 2380,2474,9510,9286,9595,9479
9291: 9363,9635,9980,9812,9530,9264
5277: 5278,5176,5177
5278: 5277,5177,5379
8278: 8351,8352,8279
5280: 5381,5380,5480
5281: 5381,5180,5181,5382
7488: 7400,7401,7574,7487
5283: 5383,5182,5384
8344: 8270,8343,8271
5285: 5385,5184,5185,5286
5286: 5387,5185,5186,5285,5287
5287: 5288,5388,5186,5286,5387
5288: 5287,5388,5389
5289: 5290,5390,5189,5389
5290: 5289,5390,5189,5190
9016: 9015,9060,8914,8968,9061,9017
5292: 5392,5192,5293,5393
5293: 5394,5393,5294,5193,5192,5292
5294: 5293,5394,5193,5194,5295,5395
5295: 5395,5194,5195,5294,5296
5296: 5195,5196,5295
7868: 7786,7867,7787,7948,7949
5298: 5399,5197,5398
5299: 5399,5300,5400
5300: 5400,5200,5299
9055: 8900,8898,9448,9005
5302: 5402,5403,5202,5201
7490: 7491,7577,7402,7576
5304: 5404,5204
7763: 7679,7680,7762
8799: 8959,8798,8740,8739,8741,8908
5307: 5308,5408,5207,5407
5308: 5307,5408,5207
8519: 8449,8450,8587
8179: 8102,8178,8255,8103,8253,8328
5311: 
5312: 5313,5413,5211
5313: 5312,5413,5213
7691: 7519,7692,7606,9299
5315: 5214,5215
8983: 9031,9032,8982,8930,8984
5317: 5318,5216,5417
5318: 5418,5419,5317,5319,5417
5319: 5318,5419,5420
9880: 7609,10009,7523,10031,9977
9265: 6138,9305,9306,6041,6042
5322: 5422,5323
5323: 5322
9246: 1243,9296,9335,9761
5325: 5426,5425,5224,5225
8182: 8257,8106,8401
5327: 5427,5428,5227,5226,5328
5328: 5329,5227,5327,5428
5329: 5328,5430,5229
7935: 7934,7771,7854,7936,8015,8016
5331: 5432,5431,5230,5332
5332: 5333,5232,5432,5331
5333: 5332,5233,5232,5334,5434
5334: 5434,5335,5233,5234,5333
5335: 5334,5234,5235,5436
7584: 7497,7668,7669
5337: 5437,5236,5237,5438,5338
5338: 5438,5340,5237,5239,5337
8363: 8434,8435
5340: 5338,5440,5341,5441,5342
5341: 5242,5239,5139,5340,5342
5342: 5441,5343,5444,5341,5340
5343: 5342,5444,5243
5344: 9503,9294
5345: 5245,5244,5346
5346: 5246,9604,5245,5345
5347: 5246,9604,5348,5247,9350,5446
5348: 5248,5247,5145,5347,5448,5446
5349: 5549,5350,5248,5249,5448,5548
5350: 5549,5349,5250,5249,5451,5550
8940: 8886,8887,8993,8992
5352: 5252,5251,5353,5452,5451
5353: 5253,5354,5252,5352,5452,5453
5354: 5253,5353,5355,5454,5453
5355: 5255,5356,5354,5454,5455
5356: 5255,5256,5355,5357,5455
5357: 5358,5256,5356,5457
5358: 5258,5357,5359,5457,5458
5359: 5259,5360,5358,5258,5458,5459
5360: 5259,5260,5359,5361,5459,5460
5361: 5261,5260,5360,5460,5461
9286: 9845,9532,9510,9479
5363: 5263,5462,5463
5364: 5263,5365,5463
5365: 5265,5366,5364,5465
5366: 5365,5265,5266,5367,5465,5466
5367: 5266,5267,5366,5368,5466,5467
5368: 5268,5369,5267,5367,5467,5468
5369: 5268,5269,5368,5468
5370: 5270,5371,5269,5470
5371: 5270,5370,5271,5470
5372: 5271,5272,5472
7301: 7388,7300,7389,7302
5374: 5274,5375
5375: 5374,5274,5475
8170: 8171,8468
9020: 8972,9021,9066,9143,9106
7970: 8050,8049,7890
5379: 5380,5278,5478,5479
5380: 5379,5280,5479,5480
5381: 5280,5281,5382,5480,5481
5382: 5383,5281,5381,5481
5383: 5382,5283,5384,5483
5384: 5385,5283,5383,5483
5385: 5285,5384,5485
5386: 
5387: 5286,5287,5388,5487
5388: 5287,5288,5389,5387,5487,5488
5389: 5288,5388,5289,5488,5489
5390: 5289,5290,5489,5490
5391: 
5392: 5292,5393,5491,5492
5393: 5293,5394,5392,5292,5492
5394: 5293,5393,5294,5395,5494
5395: 5295,5394,5294,5494,5495
9662: 1492,9822,1576,10001
8657: 8658,8721,8590,8591,8782,8656
5398: 5298,5497,5498
5399: 5298,5299,5400,5498,5499
5400: 5300,5299,5399,5499,5500
8697: 8634,8698,8633,8696,8818
5402: 5302,5403,5501,5502
5403: 5302,5402,5404,5502,5503
5404: 5304,5403,5503,5504
7879: 7797,7878,7798,7880,7959
5406: 5407,5505,5506
5407: 5406,5307,5408,5506,5507
5408: 5307,5308,5407,5507,5508
9626: 48,47,9369,46
5410: 5509,5510
8268: 8342,8194,8193,8267
7532: 7445,7446,7616,7617
5413: 5312,5313,5513
9528: 9372,2,9918,9295,9247
7438: 9603,9667,7351,7525
9617: 9938,9007,9334,8954,9448
5417: 5318,5418,5317
5418: 5318,5419,5417,5518
5419: 5318,5418,5319,5420,5518,5519
5420: 5421,5419,5319,5519,5520
5421: 5420,5422,5520
5422: 5322,5421
9201: 9894,9600,9130,9089
5424: 5425
5425: 5325,5426,5424
5426: 5325,5425,5427
5427: 5327,5428,5426,5527
5428: 5327,5427,5328,5527,5528
8406: 8336,8408,8477,8475
5430: 5329,5431
5431: 5432,5331,5430
5432: 5331,5431,5332,5631
9609: 1327,9579
5434: 5334,5333,5533,5534
5435: 
5436: 5437,5335,5535,5536
5437: 5337,5436,5438,5536
5438: 5338,5440,5337,5437,5538
9613: 9564,9307,9420,9618,9610
5440: 5438,5340,5441,5538,5539,5540
5441: 5342,5444,5440,5340,5540,5543
8080: 8079,8081,8001,8158,8159
9873: 9792,9776,9872,9658,9964
5444: 5441,5342,5343,9562,5543
7655: 7570,7571,7656,7739
5446: 5448,5447,5347,5348,9350,5545
5447: 5448,5548,5446,5545,5647
5448: 5548,5447,5446,5248,5348,5349
7835: 7834,7753,7836,7917
7538: 7451,7452,7539
5451: 5452,5551,5550,5352,5350
5452: 5451,5551,5352,5353,5453,5552
5453: 5454,5552,5354,5353,5452
5454: 5453,5354,5355,5455
5455: 5555,5356,5355,5454
8010: 7929,7931,8089
5457: 5458,5557,5556,5358,5357
5458: 5457,5557,5358,5359,5459
5459: 5460,5359,5360,5458
5460: 5459,5360,5361,5461,5560
5461: 5560,5561,5462,5361,5460
5462: 5461,5561,5363,5562,5463
5463: 5562,5364,5263,5363,5462
9547: 20,9598,49,50,22
5465: 5564,5365,5366,5466,5565
5466: 5467,5565,5366,5367,5465
5467: 5466,5367,5368,5468
5468: 5568,5368,5369,5467
9491: 2279,2370,9333,2371,2372,9624
5470: 5569,5370,5371
9614: 9306,6039,9343,5941,9471
5472: 5572,5571,5372
7298: 7299,7386,7210,7211
9645: 
5475: 5476,5574,5575,5375
5476: 5475,5575
7728: 7811
5478: 5379,5578,5479
5479: 5578,5380,5379,5478
5480: 5481,5380,5280,5381
5481: 5480,5381,5382,5581
7440: 7353,7441,7352,7526,7527,7611
5483: 5582,5383,5384,5583
5484: 
5485: 5584,5385,5585
8378: 8379,8450,8230,8449,8304
5487: 5488,5587,5387,5388
5488: 5487,5587,5388,5389
5489: 5490,5589,5389,5390
5490: 5489,5589,5390,5491,5590
5491: 5492,5590,5591,5392,5490
5492: 5491,5591,5392,5393,5592
8419: 8418,8488,8347,8348,8420
5494: 5593,5394,5395,5495,5594
5495: 5594,5595,5395,5494
9881: 9653,9581,9492
5497: 5398,5597
5498: 5499,5598,5597,5398,5399
5499: 5498,5598,5399,5400,5500,5599
5500: 5501,5599,5400,5499
5501: 5500,5402,5502,5601
5502: 5601,5602,5402,5403,5501,5503
5503: 5504,5603,5403,5404,5502,5602
5504: 5503,5603,5604,5404,5505
5505: 5506,5406,5504,5604
5506: 5505,5606,5407,5406,5507
5507: 5508,5607,5407,5408,5506,5606
5508: 5507,5607,5408,5509
5509: 5510,5609,5410,5508
5510: 5509,5609,5410
7980: 8060,7900,8059
5512: 5611,5513
5513: 5514,5413,5512
5514: 5513,5613
8999: 8947,9000,8946,9047,9092
9993: 9944,9465,8099,9989
8468: 8245,9466,8170,8397,9525
5518: 5617,5618,5418,5419,5519
5519: 5520,5619,5419,5420,5518,5618
5520: 5519,5619,5620,5420,5421
7497: 7584,7409
8654: 8718,8655,8587,8588,8717
5523: 
8887: 8888,8830,8831,8940,8886
7753: 7670,7669,7835,7836
8395: 8394,9457,9466,8393
5527: 5626,5627,5528,5427,5428
5528: 5527,5627,5428,5529
5529: 5528
8891: 8945,8834,8835,8890
7903: 7904,7902,7983,7984
9764: 
5533: 5632,5631,5434,5534,5633
5534: 5535,5633,5434,5533
5535: 5534,5436,5536,5635
5536: 5635,5636,5436,5437,5535
7974: 7973,8053,7894,7975,8054
5538: 5637,5539,5438,5440
5539: 5637,5538,5440,5640,5540,5639
5540: 5640,5542,5543,5440,5441,5539
7796: 7877,7713,7797,7878
5542: 5640,5540,5543,9583,9249,5641
5543: 5540,5542,5441,5444,9562,9249
9991: 9706
5545: 9404,9350,5447,5446,5646
8433: 8432,8502,8361,8434
9254: 9409,9320,1009,9481,1082,9279
5548: 5448,5447,5549,5349,5647,5648
5549: 5349,5350,5548,5550,5649,5648
5550: 5451,5551,5549,5350,5649,5650
5551: 5452,5451,5550,5552,5750,5650
5552: 5453,5452,5551,5750,5652
7510: 7511
9784: 9726,9668,9861
5555: 5455,5556,5654,5655
5556: 5457,5557,5555,5655
5557: 5457,5458,5556,5657
8583: 
5559: 
5560: 5461,5561,5460,5659,5660
5561: 5461,5560,5462,5562,5660,5661
5562: 5463,5561,5462,5661,5662
9650: 9773,9920
5564: 5465,5565,5663,5664
5565: 5466,5564,5465,5664
8708: 8709,8645,8707,8644,8769,8770
8249: 8397,8093,8094,8325,8173
5568: 5468,5569,5668
5569: 5470,5568,5668
9000: 8947,8999,8948,9001,9092,9049
5571: 5572,5472,5670
5572: 5472,5571,5573,5672
5573: 5572,5574,5672,5673
5574: 5475,5575,5573,5673
5575: 5475,5476,5574,5675
9087: 9043,9127,9130,9088
8142: 8218,8219,8063,8064,8143
5578: 5479,5478,5677,5678
9791: 9699,9775
9236: 9216,9292,9119,9157,9235
5581: 5582,5481,5680
5582: 5581,5483,5583
5583: 5584,5483,5582,5683
5584: 5485,5583,5585,5683,5684
5585: 5485,5584,5684,5685
7779: 7615,7698,7697,7859,9458,7780
5587: 5487,5488,5686
9775: 44,9345,9699,9950,9791
5589: 5489,5490,5590,5688
5590: 5491,5591,5490,5589
5591: 5491,5492,5590,5592,5691
5592: 5593,5492,5591,5691
5593: 5494,5592,5594,5693
5594: 5495,5595,5593,5494,5693
5595: 5495,5594,5695
7830: 7831,7912,7748,7911
5597: 5498,5598,5497,5697
5598: 5498,5499,5597,5599,5697,5698
5599: 5500,5499,5598,5698,5699
9067: 9068,9109,8921,9023,9021,9066
5601: 5502,5602,5501,5700,5701
5602: 5502,5601,5503,5603,5701,5702
5603: 5503,5504,5604,5602,5702
5604: 5504,5603,5505,5704
8848: 8787,8847,8789,9260,8903,8905
5606: 5506,5507,5607,5705,5706
5607: 5507,5508,5606,5706,5707
9494: 6899,9469,6711,6712,6805,9417
5609: 5509,5510,5708,5709
9888: 9931
5611: 5512,5710
9170: 9203,9297,9091,9132,9600
5613: 5514,5712,5713
8307: 8380,8232,8306
7626: 7625,7709,7542,7627,7710
5616: 5617,5715,5716
5617: 5518,5618,5616,5716
5618: 5518,5617,5519,5619,5718
5619: 5519,5520,5620,5618,5718
5620: 5520,5619,5621,5720
5621: 5622,5620,5720,5721
5622: 5621,5721,5722
8125: 8124,8201,8046,8047,8126
5624: 5723,5724
9396: 9375,9582,9597,9620,9332,9425
5626: 5527,5627,5725,5726
5627: 5527,5626,5528,5726,5727
8791: 8792,8729,9616,9271,9344
8028: 7948,7949,8027,8106,8107
5630: 
5631: 5632,5533,5432
5632: 5533,5631,5633,5731
5633: 5534,5632,5533
9303: 9509,9453,9449
5635: 5536,5636,5535,5734
5636: 5536,5635,5637,5734,5736
5637: 5538,5539,5636,5736,5737,5639
9912: 
5639: 5836,5737,5637,5539,5640,5739
5640: 5540,5542,5539,5639,5739,5641
5641: 5739,5740,5742,5640,5542,9583
7625: 7626,7709,7540,7624
7500: 7586,7412,7413,7501,7587
5644: 5843,9909,9968,5842,5941
7316: 7228
5646: 5647,5942,5943,5545,5843
5647: 5943,5646,5548,5447,5648,5746
5648: 5649,5747,5746,5548,5549,5647
5649: 5648,5747,5549,5550,5650,5748
5650: 5750,5748,5551,5550,5649
9480: 9360,9429,9678
5652: 5653,5751,5552,5750,5849
5653: 5751,5652,5654,5752
5654: 5655,5753,5752,5555,5653
5655: 5654,5753,5555,5556,5754
9910: 5842,9343
5657: 5755,5557,5756
8876: 8930,8821,8820,8929
5659: 5560,5660,5758
5660: 5758,5661,5560,5561,5659
5661: 5660,5561,5562,5662,5760
5662: 5761,5760,5562,5661
5663: 5664,5762,5564,5761
5664: 5663,5762,5564,5565
7312: 7311,7399,7400,7223,7224,7313
5666: 5764,5765
5667: 
5668: 5568,5569
9844: 9681,9984
5670: 5769,5571,5768
9653: 9716,9010,9581,9881
5672: 5673,5572,5573,5770
5673: 5672,5573,5574,5772
9352: 4842,4943,9412,9573,10013
5675: 5575,5676,5774
5676: 5774,5775,5677,5675
5677: 5676,5775,5578,5776,5678
5678: 5776,5578,5677
8358: 8357,8285,8429,8430
5680: 5581
8837: 8778,8777,8838,8893
7638: 7553,7721,7639,7637
5683: 5781,5583,5584
5684: 5584,5585
5685: 5784,5585,5686
5686: 5687,5587,5685,5784
5687: 5686,5786
5688: 5589,5786
7240: 7328,7239,7150,7151,7241
8673: 8735,8609,8674,8734
5691: 5789,5591,5592,5790
7909: 7827,7828,7910,7908,7989,7990
5693: 5593,5594,5792
9410: 9533,9394,9455,9578,9311
5695: 5793,5595,5794
9963: 9831,9651,9942
5697: 5698,5796,5598,5597
5698: 5697,5598,5599,5699
5699: 5700,5599,5698
5700: 5699,5601,5701
5701: 5601,5602,5700,5702
5702: 5801,5602,5603,5701
7866: 7865,7785,7867,7946,7947
5704: 5705,5604
5705: 5704,5804,5606,5706
5706: 5707,5805,5606,5607,5705,5804
5707: 5706,5805,5806,5607,5708
5708: 5709,5807,5609,5707,5806
5709: 5708,5807,5609,5710
5710: 5611,5709
8081: 8082,8002,8001,8080,8160,8159
5712: 5810,5613,5713
5713: 5714,5812,5613,5712
5714: 5713,5812,5715,5813
5715: 5716,5813,5616,5714
5716: 5715,5616,5617,5815
8966: 8913,8860,8914,9014,8964,9015
5718: 5817,5618,5619,5816
5719: 
5720: 5721,5819,5620,5621,5818
5721: 5720,5819,5622,5621,5722
5722: 5723,5622,5721
5723: 5722,5624,5724
5724: 5725,5823,5624,5723
5725: 5724,5823,5626,5726
5726: 5727,5626,5627,5725
5727: 5726,5825,5627,5728
5728: 5826,5727
8928: 8929,8980,8981,8874,8927
10001: 1576,10010,9822,9662
5731: 5632
8770: 8829,8830,8709,8708,8769,8771
5733: 5734,5833
5734: 5833,5736,5635,5636,5733
9699: 9950,9791,9775
5736: 5734,5834,5636,5637,5737
5737: 5836,5835,5639,5637,5834,5736
9620: 9332,9772,9375,9396
5739: 5837,5740,5641,5640,5836,5639
5740: 5837,5739,5641,5839,5742,5938
7450: 7451,7362,7363,7449
5742: 5740,5641,5839,9583,9452,5840
9003: 8949,9001,8950,9053,9094,9052
8847: 8787,8786,8848,8846,8903,8955
8766: 8705,8826,8704,8765
5746: 5648,5747,5647,5943,5846
5747: 5649,5648,5847,5746,5748,5846
5748: 5650,5848,5649,5747,5847
9886: 9694,9836,9832,9702
5750: 5650,5849,5551,5552,5652
5751: 5653,5652,5849,5752,5948,5851
5752: 5654,5753,5653,5751,5851,5852
5753: 5654,5655,5752,5754,5852
5754: 5755,5655,5753
5755: 5657,5754,5756,5855
5756: 5755,5657,5855,5856
7945: 7944,8023,7865,7946,8025
5758: 5660,5659
9292: 9237,9236,9235,9378,9640
5760: 5761,5662,5859,5661
5761: 5662,5760,5663
5762: 5663,5664,5862
9165: 9085,9126,9127,9197,9128,9224
5764: 5666,5765
5765: 5764,5666
9334: 9938,9617,9448,9356,9353,9917
7837: 7836,7918,7838,7919
5768: 5670,5769,5868
5769: 5670,5770,5768,5868,5869
5770: 5769,5672,5869,5870
5771: 
5772: 5673,5871,5872
7550: 7463,7464,7635
5774: 5676,5775,5675,5873
5775: 5676,5774,5677,5776,5875
5776: 5678,5775,5677,5875
9269: 4437,4336,9392,4337,9483,9521
5778: 
9988: 9917,9938
5780: 5781
5781: 5683,5780
8776: 8714,8835,8715,8777
7480: 7392,7393,7481
5784: 5685,5686,5883
9717: 9700,9709,1326
5786: 5687,5688,5885,5886
8479: 8478,8480,8613,8614
5788: 5789,5887
5789: 5691,5788,5790,5889
5790: 5789,5691,5889,5890
8310: 8309,8383,8236,8384,8311
5792: 5793,5693,5891
5793: 5792,5695,5794,5893
5794: 5795,5793,5695,5893,5894
5795: 5794,5796,5894,5895
5796: 5697,5795,5895
7545: 7544,7630
7870: 7788,7950,7789,7871,7951
9526: 9313,9330,9300,9370,9315,9287
7794: 7793,7875,7711,7712,7876
5801: 5702,5901
9492: 9057,9581,9881,9099
9666: 
5804: 5705,5706,5805,5904
5805: 5706,5707,5806,5804,5904
5806: 5707,5805,5708,5807,5906
5807: 5708,5709,5806,5906
8590: 8522,8589,8591,8523,8656,8657
8106: 8027,8028,8183,8257,8182
5810: 5712,5909,5910
9250: 9481,9279
5812: 5713,5714,5813,5911,5912
5813: 5715,5714,5812,5912,5913
9414: 9918,9663,24,2
5815: 5816,5716
5816: 5815,5817,5718,5916
5817: 5818,5718,5816,5916,5917
5818: 5817,5720,5819,5917,5918
5819: 5720,5721,5818,5918,5919
7785: 7866,7702,7701,7786,7867
8560: 8559,8493,8561
7565: 7649,7564,7478,7650
5823: 5724,5725,5922
9771: 9990,10041
5825: 5727,5826
5826: 5728,5825,5926
8330: 8331,9289,8401,8257,8471
5828: 5829,5927,5928
5829: 5828,5928,5929
8665: 8666,8597,8790,8729
9576: 9283,865,1014,938,939
8490: 8420,8421,8491,8558
5833: 5734,5834,5733,5933
5834: 5833,5736,5737,5835,5933
5835: 5836,5737,5834,5936
5836: 5737,5835,5639,5837,5739,5936
5837: 5739,5740,5836,5936,5938,5937
8735: 8796,8852,8673,8674,8734,8794
5839: 5740,5742,5840,5938,5939
5840: 9452,5841,5839,5742,5939
5841: 5840,9668
5842: 9910,9968,5644
5843: 5644,9909,9404,5942,5646
9128: 9166,9224,9165,9127,9130
8611: 8675,8674,8544,9426,8609
5846: 5945,5747,5847,5746,5944
5847: 5747,5848,5748,5846,5945,5946
5848: 5748,5847,5947,5946
5849: 5750,5751,5652,5947,5948
9178: 9596,9145,9179,9205
5851: 6046,5948,5751,5752,5949,5852
5852: 5949,5951,5753,5752,5851
9586: 466,9956,9856,9281
7398: 7310,7397,7311,7399,7485
5855: 5953,5755,5756,5856
5856: 5756,5855
9431: 9315,9464,9288,9300,9566,9324
8348: 8275,8274,8347,8419,8420
5859: 5760,5957
9830: 9674,9276,9270,9956
10020: 
5862: 5762,5961
9007: 9617,8846,8954,8955,9008
9668: 9726,9979,5841,9784,9401
5865: 5866,5963,5964
5866: 5865,5964,5965
8972: 9020,9021,8919,8973,9019,9143
5868: 5869,5967,5768,5769,5966
5869: 5868,5967,5968,5770,5769,5870
5870: 5871,5770,5869,5968
5871: 5870,5772,5872,5970
5872: 5873,5970,5971,5772,5871
5873: 5872,5971,5774,5972
8392: 8463,8393,8318,8462,8391
5875: 5973,5775,5776,5876
5876: 5975,5875
9629: 9894,9600,9297,10005,9960,9556
5878: 5977
7609: 10009,9880,7522,7523,7608
9953: 8326,9687,9783,9833
9346: 9484,9376,9390,9436,8538,8539
5882: 5883,5981
5883: 5981,5882,5784
7982: 7983,8061,8062,7901,7902
5885: 5983,5786,5886
5886: 5887,5985,5786,5885
5887: 5886,5985,5788,5986
7643: 7559,7642,7558
5889: 5987,5789,5790,5890
5890: 5891,5790,5889
5891: 5890,5792
8029: 8107,8108,7950,7949
5893: 5894,5793,5794
5894: 5893,5993,5795,5794,5895
5895: 5994,5795,5796,5894,5993
9702: 9886,9836,9832
7377: 7289,7376,7290,7464,7378
5898: 5997,5996
5899: 
8760: 8818,8698,8820
5901: 6000,5999,5801,5902
5902: 6001,6000,5901
8158: 8234,8080,8079,8159
5904: 6003,5804,5805
9349: 9391,9568,9423,9688,9864,9381
5906: 5806,5807,6004
5907: 
8729: 8792,8791,9616,8665,8790
5909: 5910,6008,5810,6007
5910: 5909,6008,5810,5911,6009
5911: 5912,6010,6009,5812,5910
5912: 5911,6010,5812,5813,5913,6011
5913: 6012,6011,5813,5912
8623: 8624,8622,8686,8687
8631: 8694,8630,8632,8695,8565
5916: 5917,6015,5816,5817
5917: 5916,6015,5818,5817,5918
5918: 5919,5818,5819,5917
5919: 5918,6018,5819,5920
5920: 5919,6018
8722: 8658,8721,8659,8843,8784
5922: 5823
7265: 7266,7176,9512,7175,7353
8886: 8940,8829,8830,8885,8887
7959: 8038,8039,7878,7879,7958
5926: 6025,5826,5927
5927: 5928,5828,6025,5926
5928: 5927,5828,5829,5929
5929: 5930,6028,5829,5928
5930: 5929,6028,5931,6029
5931: 6030,6029,5930
8649: 8648,8712,8650
5933: 6031,6032,5833,5834
8904: 9284,8905,8903
8808: 8809,8748,8807,8865
5936: 5836,5835,5837,5937
5937: 5938,6132,5837,5936
5938: 5937,6037,5837,5740,5839
5939: 6038,9401,5839,5840,6037
8300: 8373,8374,8301,8225,8226
5941: 9343,5644,5942,9614
5942: 5943,5646,5843,5941,6039
5943: 5647,5942,5646,5746,6039
5944: 9306,6039,6041,5846,5945
5945: 6041,5846,5847,5944,5946,6140
5946: 6043,6238,5847,5848,5945
5947: 6043,5848,5849,5948
5948: 6046,5851,5849,5751,5947
5949: 5951,5852,6047,6046,5851
8603: 8602,9544,9952,8466,9735
5951: 5949,5852,6049,6048
8915: 8914,8861,8805,8916,8968
5953: 5855,6049,6051
9829: 
5955: 
5956: 6054,5957
5957: 6054,5956,5859,5958,6055
5958: 5959,6055,5957,6056
5959: 5958,5960,6056,6057
5960: 5959,5961,6057,6058
5961: 5962,5960,5862,6059
5962: 5961,5963,6059
5963: 5865,5964,5962
5964: 5865,5866,5963,6062
5965: 5966,5866,6063,6062
5966: 5965,5868,5967,6063,6064
5967: 5868,5869,5968,5966,6064,6065
5968: 5869,5967,5870,6065,6066
9851: 
5970: 5872,5971,5871,6067,6068
5971: 5872,5873,5970,5972,6068
5972: 5973,5873,5971
5973: 5875,5972
8790: 8727,8663,9623,8665,8729,9616
5975: 5876,6072
9591: 9442,9422,10032,9582,4036,3936
5977: 5878,5978,6074,6075
5978: 5977,6075,6173,6076
5979: 6077,6076
7294: 7293,7295
5981: 5883,5882,6078
7760: 7759,7677,7761,7842
5983: 5885,6080,6081
9173: 9171,9133,9135,9203,9519
5985: 5886,5887,6083,6082,5986
5986: 5987,5887,5985,6083,6084
5987: 5889,5986,6085,6084
7258: 7168,7257,7169,7259,7433,7347
8509: 8439,8440,8508,8576
9684: 
7397: 7310,7398,7309,7396,7484,7485
8217: 8140,8216,8218,8291,8292
5993: 5894,5895,5994,6090,6091
5994: 5895,5995,5993,6091
5995: 5994,5996,6093
5996: 5997,5898,5995,6093
5997: 5898,5996,6094
9864: 9688,9349,9381,9716
5999: 6000,5901
6000: 5901,5999,5902,6001,6098
6001: 5902,6000,6098,6099
9040: 8992,9085,9126,9039,8991,9125
6003: 5904,6004,6100
6004: 6003,5906,6101
7331: 7332,7419
8444: 8513,8372,8373,8514
6007: 5909,6008,6105
6008: 5909,5910,6007,6009,6105,6106
6009: 5911,6010,5910,6008,6106
6010: 5911,5912,6009,6011,6108
6011: 5913,6012,5912,6010,6108,6109
6012: 5913,6011,6013,6109,6110
6013: 6012,6110
9822: 9662,10001
6015: 5916,5917
9588: 9593,9252,9355,9113,9150,9379
8189: 8190,8112,8188,8264
6018: 5919,5920
9368: 9497,9596
9372: 2,9528,9247,54
6021: 6022,6118,6119
6022: 6023,6021,6120,6119
6023: 6022,6120,6121
7368: 7280,7367,7455,7456
6025: 5926,5927,6122
7616: 7617,7700,7532,7615
8188: 8110,8112,8261,8189,8262
6028: 5929,5930,6029,6125,6126
6029: 5931,6030,5930,6028,6126,6127
6030: 5931,6029,6031,6127,6128
6031: 5933,6032,6030,6128,6129
6032: 5933,6031,6129,6130
6033: 
7344: 7345,7519,7520
8069: 8148
8238: 8161,8313,8083,8163
6037: 5938,6038,5939,6133,6135
6038: 5939,9911,9401,6037,6135
6039: 5944,9614,5942,5943
8529: 8597,8530,8460,8459,8528,8596
6041: 5945,9306,5944,9265,6140
6042: 9265
6043: 6238,5947,5946,6142
9971: 10043,9930
9680: 9652
6046: 5948,5851,6142,6143,5949
6047: 5949,6143,6144,6242,6048
6048: 6242,5951,6047,6049
6049: 5953,5951,6048,6051
9360: 9583,9249,9429,9678,9480,9452
6051: 6147,6148,5953,6049
6052: 6150,6149
8621: 8555,8622,8685,8554,8620,8684
6054: 5956,5957,6055
6055: 5958,6054,5957,6056
6056: 6154,6153,5959,5958,6055,6057
6057: 6058,6155,5959,5960,6154,6056
6058: 6057,6155,6156,5960,6059
6059: 6157,5962,5961,6058
9570: 9370,9506,9330
6061: 
6062: 6063,6160,5964,5965
6063: 6160,6062,5966,5965,6064
6064: 6065,6162,5966,5967,6063
6065: 6064,6162,6163,5967,5968,6066
6066: 6067,6164,5968,6065,6163
6067: 6066,6164,5970,6068,6165
6068: 6165,5970,5971,6067
8047: 7968,8046,8125,8126
9541: 9351,9411,3048,9535,3045,3146
6071: 6168,6169,6072
6072: 6169,5975,6071
8184: 8258,8259,8332,8107,8108,8183
6074: 6172,5977,6075
6075: 6173,6270,5977,5978,6172,6074
6076: 6077,5978,5979,6173
6077: 6076,5979,6078
6078: 6176,5981,6077
9551: 593,9405,9612,594,9257,661
6080: 5983,6081
6081: 6179,5983,6080,6082
6082: 5985,6083,6179,6081,6180
6083: 5985,6082,5986,6180,6084
6084: 6182,6085,6083,5987,5986
6085: 6182,6084,5987,6086,6183
6086: 6183,6085
8342: 8268,8413,8414
6088: 6185,6089
6089: 6090,6088
6090: 6089,6188,5993,6091
6091: 5993,5994,6090,6188
8861: 8914,8915,8803,8805,8860
6093: 6094,6190,5995,5996
6094: 6093,5997,6095
6095: 6193,6094
9577: 9358,9380,9298,9536,9268,9493
9069: 8976,8924,9024,9207,9111,9181
6098: 6099,6196,6000,6001
6099: 6098,6196,6001
6100: 6101,6198,6003
6101: 6100,6198,6004
7409: 7497,7321,7408
9495: 9530,655,9264,9488,654,527
8938: 8937,8885,8884,8990,8991
6105: 6106,6007,6008
6106: 6105,6008,6009,6204
9727: 9939,9789,10039
6108: 6205,6010,6011,6109,6206
6109: 6110,6206,6207,6012,6011,6108
6110: 6109,6207,6012,6013
9311: 9578,9367,9410,9539
7505: 7504,7591,7417,7506
7455: 7367,7368,7456,7542
6114: 6212,6211
9878: 9500,9255,9819,9972
9915: 9835,9852
6117: 6214,6118,6215
6118: 6216,6215,6021,6117,6119
6119: 6120,6021,6022,6118,6216
6120: 6119,6218,6023,6022,6121
6121: 6122,6219,6023,6120,6218
6122: 6121,6219,6025
8255: 8103,8401,8179,8328
6124: 6125
6125: 6126,6223,6028,6124
6126: 6125,6223,6028,6029,6127
6127: 6128,6225,6030,6029,6126
6128: 6127,6225,6030,6031,6129,6226
6129: 6226,6227,6130,6031,6032,6128
6130: 6129,6227,6032,6228
7804: 7886,7885,7721
6132: 5937,6231,6133
6133: 6231,9432,6037,6132,6135
8624: 8558,8623,8625,8687,8688
6135: 9341,9644,6037,6038,9432,6133
9703: 9711,10025
7721: 7638,7637,7720,7804
6138: 9305,9265,6139,6236
6139: 6138
6140: 6041,5945,6238
9004: 8950,9054,9053,8898,8951,9005
6142: 6046,6143,6043,9394,6239
6143: 6046,6142,6047,6144,6239
6144: 6240,6239,6143,6047,6241,6242
7329: 
10005: 9960,9664,9629,9556
6147: 6051,6148,6242,6243,6244
6148: 6147,6051,6149,6246,6244
6149: 6052,6150,6148,6246
6150: 6052,6149,6248
8405: 8474,8540,8538,8333,8404
9832: 9694,9886,9702
6153: 6154,6056,6251
6154: 6056,6153,6057,6155,6251,6252
6155: 6057,6058,6156,6154,6252
6156: 6058,6155,6157,6254
6157: 6059,6156
9544: 8602,8603,9952,8668,9359,9386
9380: 9358,9577,9298
6160: 6063,6062,6257
7445: 7446,7532,7357
6162: 6064,6065,6163,6259,6260
6163: 6065,6162,6066,6164,6260,6261
6164: 6066,6067,6163,6165,6261,6262
6165: 6068,6067,6164,6262,6263
9434: 8018,9447,8097,9373
9461: 9393,9263,78,159,117,79
6168: 6071,6169,6265,6266
6169: 6072,6168,6071,6266
8439: 8440,8509,8368,8508
7711: 7627,7628,7710,7712,7793,7794
6172: 6074,6075,6270,6269
6173: 6075,6271,6270,5978,6076
9631: 7773,7774,7858,9274,9253,9517
9262: 3734,9935,9569,3833,9328
6176: 6274,6078
9820: 9871
8633: 8632,8696,8567,8697,8634
6179: 6276,6081,6082,6277,6180
6180: 6278,6277,6083,6082,6179
8579: 8578,8645
6182: 6280,6085,6084,6183
6183: 6086,6280,6182,6085,6281
8824: 8764,8765,8823,8881,8880
6185: 6088,6283,6282
8244: 8318,8168,8245
9527: 9428,9324,9473,33,34,9439
6188: 6090,6091,6286
7744: 7743,7745,7827
6190: 6093,6288
7528: 7443,7442,7527,7612
7434: 7521,7433,7347,7522,7608
6193: 6095,6194,6290,6291
6194: 6193,6291,6292
7519: 7520,7692,7691,7344,7431
6196: 6098,6099,6293
9665: 9737,9874
6198: 6100,6101,6295
9931: 9888
6200: 6298
6201: 6299,6298
6202: 
9278: 9685,6330,9908,6426,6329
6204: 6205,6302,6106
6205: 6303,6108,6302,6204,6206
6206: 6109,6207,6303,6108,6205
6207: 6109,6110,6206,6305
7313: 7314,7401,7224,7225,7312,7400
6209: 6307
8123: 8199,8044,8124,8200
6211: 6114,6212,6308
6212: 6114,6213,6211
6213: 6212
6214: 6117,6312,6215
6215: 6118,6216,6313,6214,6117,6312
6216: 6118,6215,6313,6119
7667: 7666,7750,7582,7668,7751
6218: 6120,6121,6219,6315,6316
6219: 6121,6122,6218,6316,6317
7998: 7999,8078,7917,7918
9297: 9203,9170,9317,9600,9629,9556
8495: 8425,8426
6223: 6125,6126,6321,6320
7380: 7467
6225: 6127,6128,6323,6226
6226: 6129,6227,6128,6323,6225
6227: 6129,6226,6130,6228
6228: 6326,6227,6130
8223: 8146,8222,8298
9794: 9811
6231: 6328,9432,6133,6132,6327
9353: 9592,9437,9356,9334,9917
9404: 9632,9350,5545,9755,5843,9909
9304: 2848,2945,2753,9697,9679
6235: 6236
6236: 6138,6235
7905: 7904,7985
6238: 6043,5946,6140,9533
6239: 6240,6144,9455,6142,6143,9394
6240: 6144,6239,9455,6241,6337,6336
6241: 6242,6240,6144,6337,6338
6242: 6241,6243,6048,6047,6144,6147
6243: 6242,6147,6339,6338,6244
6244: 6341,6246,6243,6147,6148
8388: 8389,8460,8459,8387
6246: 6342,6244,6148,6149
8311: 8384,8236,8310
6248: 6344,6150,6249
6249: 6346,6248
9549: 9968,10018,9755,9909
6251: 6348,6347,6154,6153,6252
6252: 6349,6154,6155,6348,6251
8200: 8124,8201,8199,8123,8274,8275
6254: 6351,6156,6350
8765: 8824,8704,8764,8766,8826
6256: 6257
6257: 6160,6256,6354
6258: 
6259: 6162,6355,6260,6356
6260: 6356,6357,6162,6163,6259,6261
6261: 6262,6358,6163,6164,6260,6357
6262: 6261,6358,6164,6165,6263,6359
6263: 6264,6359,6360,6165,6262
6264: 6263,6360,6265
6265: 6266,6168,6264
6266: 6265,6168,6169,6363
9151: 9114,9150,9153,9115,9182,9184
8619: 8553,8620,8682,8683
6269: 6172
6270: 6075,6271,6173,6172
6271: 6173,6270,6272
6272: 6271,6369
9194: 9243,9162,9222,9239,9242,9240
6274: 6176,6371,6370,6275
6275: 6372,6274,6276,6371
6276: 6179,6275
6277: 6278,6180,6179
6278: 6277,6180,6279
6279: 6376,6278,6280,6375
6280: 6182,6183,6279,6281
6281: 6280,6183
6282: 6283,6379,6185,6378
6283: 6379,6282,6185,6284
6284: 6381,6283
8120: 8121,8197,8042,8119
6286: 6188,6383
6287: 
6288: 6385,6190
9875: 9904,9649
6290: 6386,6387,6193,6291
6291: 6292,6388,6193,6194,6290,6387
6292: 6291,6388,6389,6194,6293
6293: 6196,6292,6389,6390
9428: 9566,9527,9324,34,35,9611
6295: 6392,6391,6198
9464: 9473,9288,9324,9431
6297: 
6298: 6200,6201
6299: 6201
9010: 9381,9716,9653,9641,9011,9581
9714: 9753,9768
6302: 6303,6205,6204,6398
6303: 6205,6302,6206
9111: 9207,9467,9024,9069,9068,9110
6305: 6401,6207
9602: 5143,9454,9523,5041,5042,9280,9266
6307: 6403,6209,6308
6308: 6405,6211,6307
9606: 1573,1406,1408,9267,9389
6310: 
7557: 7641,7642,7558,7470,7556
6312: 6214,6215,6313,6408,6409
6313: 6216,6215,6312,6409,6410
6314: 
6315: 6412,6218,6316
6316: 6317,6413,6218,6219,6315,6412
6317: 6316,6413,6414,6219
9284: 8905,8904,9419,9904,9649
7299: 7387,7386,7298,7212,7211,7300
6320: 6223,6321,6416,6417
6321: 6223,6320,6417,6418
7413: 7414,7325,7412,7500,7501
6323: 6225,6226,6419,6420
8429: 8498,8499,8358,8357,8428,8430
9921: 
6326: 6228,6327,6423,6422
6327: 6326,6328,6231,6423
6328: 6231,9432,6327,6425,6329
6329: 6425,6328,9432,9341,9278
6330: 9685,9278,9341
7871: 7789,7790,7870,7951,7952
9369: 9323,80,9626,9580
9279: 9481,9250,9254,9320
8807: 8917,8916,8806,8748,8808
6335: 9578,9367,6336,6432,6526,6528
6336: 6337,6432,6240,9455,9578,6335
6337: 6336,6433,6432,6240,6241,6338
6338: 6434,6339,6241,6243,6337,6433
6339: 6434,6338,6243,6341,6436
9209: 9182,9231,9229,9211
6341: 6342,6244,6436,6339,6437
6342: 6341,6246,6437,6438
8594: 8526,8593,8527,8660,8661
6344: 6248,6439
9005: 9448,9356,8898,9055,9004,9054
6346: 6249,6441,6347,6442
6347: 6348,6251,6346,6442,6443
6348: 6251,6347,6252,6349,6443
6349: 6252,6350,6348
6350: 6349,6254,6351
6351: 6254,6350,6447
10004: 726,657,9770,9612
8391: 8462,8242,8316,8318,8392
6354: 6449,6355,6450,6257
6355: 6354,6450,6259,6356,6451
6356: 6452,6260,6357,6451,6259,6355
6357: 6452,6260,6356,6261,6358
6358: 6261,6262,6357,6359
6359: 6263,6360,6455,6262,6358
6360: 6263,6264,6359,6455,6456
7389: 7301,7388,7302,7390
9227: 9199,9664,9225,9226
6363: 6266,6459
9191: 9122,9238,9218,9121,9120,9190
7610: 7525,7526,9603,7611,9301,7694
9914: 9896,9906,9685,9847,10016
8960: 8911,8857,8962,8856,8908,9625
9905: 
6369: 6272,6370
6370: 6371,6274,6369
6371: 6370,6467,6274,6275,6372
6372: 6275,6371,6467
9922: 9955,9814,9825
8241: 8164,8165,8242,8316
6375: 6279,6376,6471
6376: 6279,6375,6471,6472
8798: 8799,8959,8739,8797,8738,8907
6378: 6379,6282,6474
6379: 6283,6282,6474,6475,6378
6380: 
6381: 6284
8779: 8839,8838,8717,8718,8778
6383: 6286
9843: 9856,9934
6385: 6481,6288,6480
6386: 6290,6387,6481,6482
6387: 6290,6386,6291,6388,6483,6482
6388: 6291,6292,6389,6483,6387
6389: 6292,6388,6293,6390
6390: 6293,6389,6391
6391: 6295,6392,6390
6392: 6295,6391,6487
6393: 
8487: 8418,8488,8486,8417,8554,8555
9983: 
6396: 6491,6493
9748: 9819,9972,657
6398: 6302
8020: 8021,8099,7941,9550,9499,9465
8318: 8244,8391,8392
6401: 6305
7698: 7615,7779,7780,7781
6403: 6307,6498,6499
8270: 8344,8343,8271
6405: 6308,6406
6406: 6405
8004: 8084,8083,7923,7924,8005
6408: 6504,6312,6409
6409: 6410,6312,6313,6408,6504
6410: 6409,6313
9863: 9749,9615,9548,9672
6412: 6315,6316,6413,6508
6413: 6316,6317,6414,6508,6509,6412
6414: 6317,6413,6509,6415,6510
6415: 6416,6414,6510
6416: 6415,6320,6417,6512
6417: 6512,6321,6320,6416,6418
6418: 6514,6419,6321,6417
6419: 6515,6514,6418,6323,6420
6420: 6421,6516,6323,6515,6419
6421: 6517,6420,6516,6422
6422: 6423,6518,6326,6517,6421
6423: 6518,6422,6519,6326,6327
7552: 7637,7465,7553
6425: 6520,6426,6329,6328
6426: 6520,6425,9278,9908,6617
7963: 7962,8042,8043
8667: 8731,8668,8463,8601,8532,8730
7902: 7903,7982,7983,7901
9167: 9199,9168,9802
8332: 8258,8184,8259,8333,8404,8403
6432: 6337,6336,6433,6335,6528,6529
6433: 6337,6432,6434,6338,6529,6530
6434: 6339,6338,6433,6436,6530
7834: 7835,7915,7751
6436: 6341,6434,6339,6531,6437
6437: 6341,6342,6436,6438
6438: 6439,6534,6342,6437
6439: 6438,6534,6535,6344
7457: 7456,7543,7370,7544
6441: 6346,6537,6442
6442: 6443,6346,6441,6347,6537
6443: 6442,6539,6348,6347
7851: 7850,7932,7768,7769
9108: 9180,9148,9066,9109,9065
8676: 8613,8677,8675,8737,8738
6447: 6351
6448: 6449,6545
6449: 6354,6450,6448,6545
6450: 6449,6354,6355,6451,6545,6546
6451: 6452,6356,6355,6450,6546,6547
6452: 6356,6357,6451,6547,6548
7741: 7657,7742,7740
8903: 8955,8847,8848,8905,8904
6455: 6359,6360,6456,6550,6551
6456: 6360,6455,6457,6551,6552
6457: 6456,6552,6553
9998: 
6459: 6460,6554,6555,6363
6460: 6459,6555
6461: 6556,6462,6557
6462: 6463,6558,6557,6461
6463: 6462,6558,6464,6559
6464: 6465,6559,6560,6463
6465: 6464,6560,6561
7768: 7684,7685,7769,7767,7850,7851
6467: 6371,6372
7234: 7145
10023: 9965
9646: 9723
6471: 6472,6567,6375,6376
6472: 6471,6567,6376
10002: 9316,9557,9321
6474: 6379,6475,6378
6475: 6379,6474,6571
9625: 9391,9641,8959,8908,8960
9402: 9499,9465,10034
6478: 6574
9425: 9332,3836,9374,9396,9597,3835
6480: 6576,6385,6481
6481: 6385,6386,6480
6482: 6386,6387,6483
6483: 6388,6387,6482
9907: 9782,9793
8451: 8379,8450,8380,8452,8521
9213: 9186,9185,9187,9212,9450,9545
6487: 6582,6583,6392,6488
6488: 6489,6487,6583
6489: 6585,6488
7573: 7574,7487,7657
6491: 6586,6396
8856: 8741,8908,8801,8857,8960
6493: 6588,6396
8711: 8647,8710,8648,8712,8772
10000: 9689,9422,9462,9797
8881: 8880,8987,8824,8882,8988
7742: 7741,7659,7743,7825
6498: 6593,6594,6499,6403
6499: 6498,6594,6403,6595
9288: 9300,9385,9464,9431
8982: 9031,8983,8929,8981,8930,9030
6502: 
9969: 75,76
6504: 6408,6409,6600
8951: 8841,8840,8898,8896,9004,8950
6506: 6507,6602
6507: 6602,6603,6506,6508,6604
6508: 6413,6509,6412,6507,6604
6509: 6413,6414,6508,6605,6604,6510
6510: 6606,6414,6509,6415,6605
9713: 9516,9520,3239
6512: 6417,6416,6607
6513: 
6514: 6515,6418,6419,6609,6610
6515: 6514,6419,6420,6516,6610,6611
6516: 6517,6420,6421,6515,6611,6612
6517: 6421,6516,6518,6422,6612
6518: 6423,6422,6519,6517,6614
6519: 6423,6518,6520,6614,6615
6520: 6425,6426,6519,6615,6617
7372: 7284,7371,7460
9641: 9391,9625,8962,9381,9010,9011
6523: 6525,9964,6618,9872,6620
9689: 10000,9887,9797,9799
6525: 6523,6622,9490,6620,6716
6526: 6622,6527,9490,9367,6335,6528
6527: 6526,6622,6528,6623,6902,6811
6528: 6529,6623,6335,6432,6526,6527
6529: 6528,6623,6433,6432,6530,6624
6530: 6624,6531,6626,6433,6434,6529
6531: 6530,6626,6436,6627
9816: 9924
7310: 7397,7398,7221,7309,7311
6534: 6439,6438,6535,6629,6630
6535: 6439,6534,6631,6630
10032: 9591,9375,9582
6537: 6632,6441,6442
9140: 9141,9407,9061,9062,9102
6539: 6443,6635
6540: 
6541: 6636,6637
8074: 8075,8153
9901: 9658,10035,9941
9145: 9178,9596,9177,9065,9180,9179
6545: 6641,6546,6449,6450,6448
6546: 6641,6545,6450,6451,6642,6547
6547: 6643,6642,6548,6452,6451,6546
6548: 6643,6547,6452,6549
6549: 6645,6550,6548
6550: 6549,6645,6455,6646,6551
6551: 6647,6646,6455,6456,6550,6552
6552: 6553,6648,6456,6457,6647,6551
6553: 6552,6648,6457,6554
6554: 6459,6555,6553
6555: 6460,6459,6554
6556: 6461,6557,6651,6652
6557: 6462,6558,6556,6461,6652,6653
6558: 6462,6463,6557,6559,6653,6654
6559: 6464,6560,6463,6558,6654
6560: 6464,6465,6559,6561,6656
6561: 6465,6560,6656,6657
8386: 8458,8387,8313
9418: 9424,9621,3437
6564: 6660
6565: 
7832: 7913,7914,7750,7831
6567: 6471,6472,6662
7421: 7333,7508
7278: 7365,7277,7190,7189,7279
7949: 7948,8028,7868,7950,8029
6571: 6475
9333: 9585,9319,2280,9491,9624
9561: 9301,7694,9508
6574: 6478,6575,6669
6575: 6574,6576,6671
6576: 6480,6575,6671,6672
10010: 1576,10001,1662,9244,9810
9400: 9531,9518,8325
9001: 8948,8949,9003,9000,9049,9094
9697: 9796,2659,2753,9304,9679
6581: 6582
6582: 6487,6583,6581
6583: 6487,6582,6488
9166: 9128,9224,9168
6585: 6489,6586,6680,6681
6586: 6491,6585,6682,6681
6587: 
6588: 6493,6683
9812: 9980,9743,9514,9264,9291
6590: 6591
6591: 6592,6590
6592: 6688,6591,6593
6593: 6498,6594,6688,6592
6594: 6498,6593,6690,6499,6595
6595: 6596,6594,6690,6499,6691
6596: 6595,6691
7544: 7545,7457,7543,7628
6598: 6694
6599: 6600,6694,6695
6600: 6504,6599
9564: 9307,9613,9560,9504,9610,9546
6602: 6507,6603,6506,6697
6603: 6507,6602,6700,6604,6699
6604: 6700,6605,6508,6509,6507,6603
6605: 6700,6604,6509,6510,6606
6606: 6510,6605,6607
6607: 6703,6512,6606
7401: 7313,7314,7402,7400,7488
6609: 6705,6610,6514
6610: 6706,6705,6609,6515,6514,6611
6611: 6708,6612,6515,6516,6706,6610
6612: 6708,6611,6803,6517,6516
7950: 7788,7870,7787,7949,8029
6614: 6709,6710,6518,6519,6615
6615: 6711,6519,6520,6614,6710
9476: 9325,9398,1749,9244,1836,9261
6617: 6520,6426,9908,6712
6618: 9872,6523
9446: 9803,9537,9338,115,114,116
6620: 6992,6809,6525,6523,9964,6716
7670: 7753,7671,7586,7669
6622: 6526,6527,9490,6525,6716,6902
6623: 6528,6529,6527,6624,6719,6811
6624: 6530,6626,6529,6623,6719,6720
7838: 7919,7756,7837,7839
6626: 6530,6624,6531,6627,6721,6720
6627: 6531,6626,6721,6722,6628
6628: 6722,6723,6627,6629
6629: 6724,6630,6534,6628,6723
6630: 6724,6725,6629,6534,6535,6631
6631: 6632,6535,6725,6630,6726
6632: 6631,6537,6726
9407: 9141,9140,9444,9102,9438,9661
8097: 8017,8096,9434,8176
6635: 6636,6539,6729
6636: 6731,6635,6541,6637
6637: 6638,6541,6731,6636
6638: 6637,6733
6639: 6734,6640
6640: 6735,6641,6639,6734
6641: 6545,6546,6642,6640
6642: 6643,6547,6641,6546
6643: 6642,6547,6548
8698: 8697,8634,8760,8818
6645: 6549,6550,6646
6646: 6647,6551,6645,6550,6741
6647: 6646,6551,6552,6648,6741
6648: 6552,6553,6647,6742
6649: 
7507: 7506,7593,7419,7508
6651: 6652,6746,6556
6652: 6651,6746,6556,6557,6653
6653: 6654,6748,6558,6557,6652
6654: 6653,6748,6558,6559,6749
9793: 9907,9782
6656: 6560,6561,6657,6751
6657: 6751,6752,6658,6561,6656
6658: 6657,6752,6753
6659: 
6660: 6755,6564
6661: 6755,6849,6662,6756
6662: 6757,6756,6567,6661
8683: 8744,8619,8620,8684,8682
6664: 6665
6665: 6760,6664,6759
9977: 10031,9779,7523,7437,7436,9880
9013: 9014,9012,9057,9100
7290: 7201,7289,7377,7378
6669: 6764,6574,6763
7439: 7352,7175,7351,7525,7526
6671: 6672,6766,6575,6576
6672: 6671,6766,6576,6767
9525: 8397,9518,9466,8468,9559
6674: 6768,6769
9783: 9314,9687,9953,9833
7761: 7677,7762,7760,7844
9788: 9940
9672: 9548,9507,9863
7847: 7765,7929,7848
6680: 6775,6585,6681
6681: 6682,6585,6586,6680,6775
6682: 6681,6777,6586,6683
6683: 6588,6682,6777
9073: 9028,9072,9029,9074,9114,9115
7639: 7638,7555,7723
7757: 7673,7674,7756,7839
9473: 9464,9468,9439,9527,9324
6688: 6592,6593,6783
8119: 8118,8120
6690: 6594,6595,6784,6785,6691
6691: 6785,6690,6596,6595
8462: 8391,8599,8392,8463,8532
7542: 7456,7543,7455,7626,7627
6694: 6695,6789,6788,6598,6599
6695: 6694,6789,6599,6696,6790
6696: 6697,6790,6791,6695
6697: 6696,6791,6602
9296: 9443,9246,1087,9335,1163
6699: 6794,6603,6700
6700: 6605,6604,6603,6699
8101: 8102,8178,8100,8023,8022,8177
8082: 8002,8081,8083,8160,8161
6703: 6607,6797
7325: 7237,7413,7324,7412
6705: 6706,6609,6610,6799
6706: 6705,6610,6708,6611,6801
8450: 8378,8379,8451,8449,8519
6708: 6611,6612,6803,6706,6801,6896
6709: 6614,6710,6803,6804
6710: 6709,6614,6615,6711,6805,6804
6711: 6615,6712,6710,6805,9494
6712: 6711,6617,9494,9417
7813: 7894,7895
9593: 9588,9252,9622,9379
10026: 
6716: 6902,6993,6525,6622,6809,6620
9477: 9290,9453,9110,9467,9509,9148
9416: 72,9565,9329,43,9272
6719: 6813,6811,6904,6623,6624,6720
6720: 6906,6721,6624,6626,6719,6813
6721: 6906,6815,6720,6626,6627,6722
6722: 6628,6723,6627,6815,6721
6723: 6722,6628,6724,6629
6724: 6725,6629,6630,6723
6725: 6724,6630,6631,6726
6726: 6820,6631,6632,6725
8421: 8420,8490,8422,8491
6728: 6729,6820,6821
6729: 6728,6635,6823
9580: 9393,9460,10040,9369,9323
6731: 6636,6637
8021: 8020,8100,8099,7941,8022,7942
6733: 6638,6826
6734: 6639,6640,6735,6827,6828
6735: 6640,6736,6734,6829,6828
6736: 6735,6737,6829
6737: 6736,6831
7608: 7434,7522,7609
9066: 9020,9021,9067,9109,9108
9401: 6038,5939,9911,9979,9668
6741: 6835,6647,6646
6742: 6648,6835
9306: 5944,9614,6041,9305,9265,9471
6744: 6837
7771: 7935,7934,7770,7772,7854
6746: 6651,6652,6839
8306: 8379,8231,8232,8307,8380
6748: 6653,6654,6749,6841
6749: 6654,6748,6843
9247: 9295,56,9372,9528
6751: 6657,6752,6656,6844
6752: 6657,6751,6658,6753,6846
6753: 6752,6658,6846,6847
8483: 8413,8550,8414
6755: 6660,6661,6849,6848
6756: 6662,6757,6661,6849
6757: 6662,6756,6851
9310: 7777,7859,9508,9643,9354,9458
6759: 6760,6665,6853
6760: 6761,6665,6759,6854,6853
6761: 6760,6854,6855
8955: 8903,9008,8846,8847,9007
6763: 6669,6764,6856
6764: 6669,6763
9171: 9173,9317,9172
6766: 6671,6672,6767
6767: 6768,6672,6766
6768: 6674,6767,6769,6862
6769: 6674,6768,6862
10013: 9412,9352
9342: 1160,1319,9320,9357,9397
8913: 8860,8966,8803,8911,8964
6773: 6866,6867
7788: 7870,7950,7787,7706,7705,7789
6775: 6680,6681
8474: 8405,8540,8262,8475
6777: 6682,6683,6871
6778: 
7911: 7830,7912,7992
6780: 6781,6874
6781: 6782,6780,6874,6875
6782: 6781,6783,6875,6876
6783: 6784,6688,6782
6784: 6783,6690,6785
6785: 6691,6690,6784
8412: 8481,8413
7822: 7739,7740,7821
6788: 6694,6789,6882
6789: 6694,6695,6788,6790,6882
6790: 6696,6791,6695,6789,6884
6791: 6696,6697,6790,6884,6885
9552: 792,793,9363,9245
8152: 8153,8229,8228,8151
6794: 6699,6888
9995: 9916
8521: 8522,8589,8451,8452,8588
6797: 6890,6703,6891
9298: 9380,9577,292,9536
6799: 6893,6705,6892
8096: 8016,8017,8097,8095,8175,8176
6801: 6894,6706,6708,6896
7606: 7690,7858,9274,7518,7691
6803: 6708,6612,6709,6896,6897,6804
6804: 6805,6898,6803,6709,6710,6897
6805: 6804,6898,6710,6711,9494,6899
9405: 593,9551,9612,659,727
8220: 8143,8144,8221,8219,8294
9343: 5941,9910,9614,9471
6809: 6992,6620,6716,6993,9362,9377
7349: 7437,7436,7348
6811: 6719,6904,6527,6623,6902,6994
8948: 8949,8895,9001,8894,8947,9000
6813: 6719,6904,6906,6720,7083,7085
8714: 8776,8650,8715
6815: 6906,6721,6722,6997,6998
7702: 7618,7619,7701,7703,7785
7649: 7733,7732,7564,7565,7650
7968: 8047,7888
8844: 8785,8784,8846,8954,8900,8786
6820: 6726,6728,6912,6821
6821: 6915,6820,6728
8103: 8255,8025,8102,8179
6823: 6916,6729,6915
9059: 9015,9060,9014,9634
9531: 9400,8250,8325
6826: 6918,6733
6827: 6920,6919,6734,6828
6828: 6829,6921,6734,6735,6827,6920
6829: 6921,6922,6828,6735,6736
9553: 9366,9337,9339,193,9259
6831: 6737,6832
6832: 6925,6831
7383: 7295,7296
8232: 8156,8155,8231,8306,8307
6835: 6741,6742
9595: 2473,9605,9479,9532,2474,2569
6837: 6744,6929,6930
9243: 9222,9194,9501,9163,9242,9387
6839: 6746,6931,6932
8430: 8431,8358,8429,8499
6841: 6934,6748,6933
7942: 7944,8022,7941,7781,8021
6843: 6935,6749,6844
6844: 6751,6843,6937
8303: 8376,8302,8228,8229,8304
6846: 6938,6752,6753,6847,6939
6847: 6939,6753,6846
6848: 6941,6755,6849
6849: 6661,6755,6756,6848
8797: 8737,8738,8907,8796,8798
6851: 6757
7733: 7649,7732,7650,7816
6853: 6854,6759,6760,6945
6854: 6853,6761,6760,6855
6855: 6948,6856,6761,6854
6856: 6855,6949,6948,6763
7314: 7313,7401,7402,7225,7226
8095: 8015,8094,8016,8096,8173
9721: 9718,9929,9751
9376: 9346,9484,8539,9413
9192: 9160,9219,9122,9218
6862: 6954,6768,6769
9429: 9249,9360,9480,9562,9503
9663: 9414,9758
8526: 8594,8593,8456,8457,8527
6866: 6867,6773,6958,6959
6867: 6866,6773,6959,6960
9504: 9560,9218,9219,9564,9307
10009: 7609,9880
8962: 8911,8960,9641,8963,9011
6871: 6872,6964,6777,6963
6872: 6964,6871
8380: 8307,8452,8306,8379,8451
6874: 6966,6780,6781,6875,6967
6875: 6876,6967,6781,6782,6874
6876: 6875,6782,6969
7951: 7952,8031,7870,7871
9729: 8471,8470,9472,9705
6879: 
6880: 6972,6973
9696: 9860,9724
6882: 6974,6975,6789,6788
9077: 9118,9119,9031,9032,9078
6884: 6885,6790,6791
6885: 6884,6791,6886,6978
6886: 6978,6979,6885
7491: 7490,7577
6888: 6794
8025: 7946,8026,7945,8023,8102,8103
6890: 6797,6891,6982,6983
6891: 6892,6797,6890,6983,6984
6892: 6891,6893,6799,6984
6893: 6894,6799,6892
6894: 6893,6801,6989,7080
9125: 9039,9124,9040,9126,9222,9163
6896: 6989,6897,6708,6803,6801
6897: 6896,6989,6803,6804,6898,6990
6898: 6805,6804,6990,6897,6899,7082
6899: 9494,6805,6898,7082,6991
6900: 9362,9776,10006,6992
9986: 9630,1089,9572
6902: 6716,6994,6993,6622,6527,6811
9883: 9853,9657
6904: 6719,6813,6811,6994,9607,7083
8599: 8462,8530,8532,8666
6906: 6815,6721,6720,6813,6997,7085
8924: 8976,9069,8925,8871,9181
8888: 8887,8831,8889
6909: 7000,6998,6910,7001
6910: 7002,6911,7001,6909
6911: 7002,6910,6912,7003
6912: 7003,6820,6911
10018: 9755,9549
7576: 7490,7577
6915: 6821,6916,6823
6916: 6917,6823,6915,7007
6917: 6916,6918,7008,7007
6918: 6826,6917,7008,7009
6919: 6827,6920,7010,7011
6920: 6827,6919,6921,6828,7011
6921: 6829,6922,6828,6920,7013
6922: 6829,6921,7013,7014
7399: 7311,7312,7400,7398,7487
9571: 9556,9317,9982
6925: 6832,6926,7016
6926: 6927,6925,7018
6927: 6926,7018,7019
9859: 9731,9554,9961
6929: 6837,6930
6930: 7022,6931,6837,6929
6931: 7022,6930,6839,7023,6932
6932: 7023,7024,6933,6839,6931
6933: 7024,6932,6841,6934,7025
6934: 6841,7026,7025,6933,6935
6935: 6843,7027,7026,6934
9751: 9877,9670,9718,9721
6937: 6938,7029,6844
6938: 6846,6937,7029,6939
6939: 6847,6846,6938
7773: 7774,9631,7772,7854,7855
6941: 6848,7032,7033
10042: 9839
9849: 9648,9701
8015: 8095,8094,7935,7934,8016
6945: 6853,7036,7037
7452: 7453,7539,7364,7365,7451,7538
8057: 7977,8056,8058,8135,8136
6948: 6855,6949,6856,7039
6949: 6948,6856,6950,7041
6950: 6949,7041
9724: 9860,9696
9939: 9789,9727
8662: 8661,8596,8727,8663
6954: 6862
9089: 9130,9088,9090,9132,9201
6956: 6957
6957: 7049,6956,6958
6958: 7050,6959,6866,7049,6957
6959: 7050,6958,6866,6867,6960
6960: 7052,6867,6959
8789: 9260,8727,9623,8787,8848
8133: 8209,8210,8054,8055,8134
6963: 7054,6964,6871,7055
6964: 7056,6872,6871,7055,6963
8108: 8107,8029,8185,8184,8259
6966: 6874,6967,7058,7057
6967: 6875,6966,6874,7058,7059
8417: 8486,8346,8418,8487
6969: 6970,6876,7060
6970: 6969,7062
7515: 7516,7602,7427,7428,7514,7601
6972: 6880,6973,7063,7064
6973: 6972,6880,7064
6974: 6882,6975,7066
6975: 6882,6974,7066,7067
9839: 10042
8681: 8682,8743,8801,8680
6978: 6886,6979,6885,7069,7070
6979: 6886,6978,7070
7390: 7478,7479,7389,7302,7391
8351: 8278,8352,8422,8423
6982: 7073,7074,6890,6983
6983: 6984,7075,6890,6891,7074,6982
6984: 6983,7075,6892,6891
9308: 7173,7083,9435,9638,9607,9543
7944: 7945,8023,8022,7942,7864,7865
9302: 9574,9408,5246
8140: 8217,8216,8061,8062
6989: 6896,6897,6894,6990,7081
6990: 6898,6989,6897,7081,9475,7082
6991: 9309,9601,6899,9511,7082
6992: 6809,6620,9776,6900,9362
6993: 6716,6902,6994,6809,9377
6994: 6902,6993,6811,6904,9607
6995: 6997,7086,7085
9180: 9108,9065,9145,9179,9449
6997: 6995,7088,7086,7085,6906,6815,6998
6998: 7000,6909,6815,6997,7088
8602: 8603,9544,8601,8394,8466,8668
7000: 6998,6909,7001,7091,7090
7001: 7002,6910,7000,6909,7091,7092
7002: 6911,6910,7001,7003,7092,7093
7003: 6912,7002,6911,7093,7004
7004: 7095,7003,7093
8218: 8142,8219,8217,8293,8292
10040: 9580,9460
7007: 7098,7008,6916,6917
7008: 7098,7007,6917,6918,7099,7009
7009: 7100,7099,7010,6918,7008
7010: 7100,7009,6919,7101,7011
7011: 7101,7102,6920,6919,7010
9011: 9012,8963,9581,9641,8962,9010
7013: 7103,7104,6921,6922,7014
7014: 7015,6922,7104,7013
7015: 7014,7016
7016: 7107,6925,7015
9203: 9297,9170,9317,9091,9133,9173
7018: 7109,7019,6926,6927
7019: 7018,7109,6927,7110
7020: 7110
9893: 9692
7022: 6931,6930,7023,7112,7113
7023: 7024,6932,7022,6931,7113,7114
7024: 7023,6932,6933,7025,7114,7115
7025: 7026,6934,7024,6933,7115
7026: 6934,7025,7027,6935,7117
7027: 6935,7026,7117,7118
8660: 8659,8594,8593,8661,8724,8785
7029: 6937,6938,7119,7120
8033: 7953,7954,8032,8034,8110,8112
9272: 9515,42,9416,9565,43,105
7032: 7122,6941,7123,7033
7033: 7123,6941,7032
9324: 9566,9428,9527,9473,9464,9431
7411: 7324,7412
7036: 7127,6945,7037
7037: 7128,7038,6945,7036,7127
7038: 7128,7129,7037,7039
7039: 7130,6948,7129,7038
7040: 
7041: 6949,6950,7131
9385: 9288,9300,9370
7043: 7133,7134
8434: 8435,8363,8433
7045: 
9777: 
9514: 9488,9321,9388,9812,9264
8453: 8452,8382,8454,8522,8523
7049: 6957,7050,6958,7139
7050: 6958,6959,7049
7435: 7522,7523,7259,7348,7347,7436
7052: 6960
7393: 7306,7394,7305,7480,7481
7054: 6963,7055,7145
7055: 6964,7054,6963,7145,7146
7056: 6964,7146,7057
7057: 7148,7058,7056,6966,7147
7058: 7148,7057,6966,6967,7149,7059
7059: 7149,7150,7060,6967,7058
7060: 7150,7059,6969,7151
9327: 1247,1246,9630,9572,9579,9542
7062: 7152,6970,7153,7063
7063: 7153,7154,7064,6972,7062
7064: 7154,7063,6972,6973,7155
8911: 8857,8960,8962,8913,8963,8964
7066: 6974,6975,7067
7067: 6975,7066,7068
7068: 7069,7067
7069: 7068,6978,7160,7070
7070: 7160,7161,7069,6978,6979
8839: 8838,8779,8896,8840,8895
7072: 7162,7163
7073: 7074,6982,7163,7164
7074: 7073,6982,6983,7075,7164
7075: 6983,6984,7074
9951: 9733,10024
7831: 7830,7912,7748,7832,7913
7078: 7080,7079,7167,7168
7079: 7080,7172,7078,7168,7169
7080: 7172,7079,7081,6894,7078
7081: 7080,7172,6989,6990,9475
7082: 9475,9511,6898,6990,6899,6991
7083: 7173,9308,6813,6904,9607,7085
8136: 8137,8213,8057,8058,8135
7085: 6997,6995,7086,6813,6906,7173,7083
7086: 6997,6995,7088,7085,7173,7262
7412: 7324,7411,7325,7413,7500
7088: 6997,7086,6998,7178,7176
8151: 8228,8227,8072,8150,8152
7090: 7091,7180,7179,7000,7178
7091: 7180,7090,7000,7001,7092,7181
7092: 7093,7181,7002,7001,7091
7093: 7092,7002,7003,7004
7446: 7445,7532,7359
7095: 7004,7184
9100: 9099,9800,9013,9057
8292: 8293,8366,8217,8218,8291,8365
7098: 7008,7007,7187,7099
7099: 7100,7189,7009,7098,7008
7100: 7190,7189,7099,7010,7009,7101
7101: 7102,7191,7011,7190,7100,7010
7102: 7101,7191,7011,7103,7192
7103: 7104,7013,7102,7192
7104: 7103,7013,7014,7194
7484: 7483,7570,7396,7397,7485,7571
8895: 8948,8949,8839,8838,8896
7107: 7016,7197
7238: 7237,7148,7149,7327,7239
7109: 7018,7019,7199,7198
7110: 7020,7019,7199,7200
9440: 9339,9337
7112: 7113,7022
7113: 7112,7022,7023,7114
7114: 7115,7023,7024,7113
7115: 7114,7024,7025
9176: 9105,9563,9175,9143
7117: 7118,7207,7026,7027
7118: 7117,7207,7208,7027,7119
7119: 7120,7209,7029,7118,7208
7120: 7119,7209,7210,7029
8383: 8309,8382,8310,8454,8455,8384
7122: 7212,7211,7032,7123
7123: 7033,7212,7122,7032
7124: 7125
7125: 7124
8538: 8405,8540,8404,9436,9346,8539
7127: 7036,7216,7128,7217,7037
7128: 7129,7038,7217,7037,7127
7129: 7128,7038,7130,7219,7039
7130: 7131,7219,7220,7039,7129
7131: 7130,7220,7041,7221
8116: 8115,8192,8038,8193
7133: 7134,7223,7043
7134: 7133,7223,7043,7224,7135
7135: 7136,7225,7134,7224
7136: 7135,7225,7226
9902: 9715,9903
9811: 9673,9794
7139: 7049
9834: 9693,9947
7141: 7142,7231
7142: 7141,7231
9433: 9502,9313,9330,9506,68,16
9803: 9446,9537,9781,10037,114,113
7145: 7234,7054,7055
7146: 7147,7056,7055
7147: 7146,7148,7057,7237
7148: 7058,7057,7147,7149,7237,7238
7149: 7150,7059,7148,7058,7238,7239
7150: 7149,7060,7059,7151,7239,7240
7151: 7152,7150,7060,7240,7241
7152: 7151,7062,7153,7241
7153: 7154,7063,7152,7062
7154: 7153,7063,7064,7155,7244
7155: 7156,7154,7064,7244
7156: 7155
9280: 5041,4940,5042,4941,9266,9602
8682: 8681,8743,8619,8683,8744
8423: 8422,8351,8352,8424,8493
7160: 7161,7070,7250,7069,7249
7161: 7160,7070,7250,7162
7162: 7072,7252,7161
7163: 7072,7073,7164
7164: 7342,7073,7074,7163
8532: 8666,8730,8462,8599,8463,8667
8734: 8733,8735,8673,8794
7167: 7168,7257,7078,7345
7168: 7167,7257,7258,7078,7079,7169
7169: 7170,7259,7079,7168,7258
7170: 7169,7259,7348,7172
9704: 9790
7172: 7080,7079,7081,9475,7170
7173: 9308,7083,7086,7085,7262,9543
7973: 7974,8053,7892
7175: 7439,7352,9512,9406,7265
7176: 7266,7265,7178,7088,7262
7668: 7669,7751,7584,7667
7178: 7266,7176,7088,7090,7179
7179: 7180,7090,7266,7178,7354,7268
7180: 7091,7090,7179,7181,7269,7268
7181: 7092,7091,7180,7269,7182
7182: 7270,7181,7269,7183
7183: 7184,7182
7184: 7273,7183,7095
7999: 7998,8078,7918,7919,8079
8186: 8260,8261,8031,8185,8032,8110
7187: 7098,7276,7275
7266: 7265,7178,7176,7179,7353,7354
7189: 7190,7100,7099,7278,7277
7190: 7100,7189,7101,7191,7278,7279
7191: 7101,7102,7190,7279,7280,7192
7192: 7102,7191,7103,7280
9172: 9171,9594
7194: 7283,7195,7104,7282
7195: 7283,7284,7194
9179: 9205,9449,9180,9178,9145
7197: 7286,7107,7198
7198: 7109,7286,7197
7199: 7109,7110,7288,7200
7200: 7288,7289,7110,7199,7201
7201: 7290,7289,7200
7543: 7456,7457,7542,7544,7627,7628
9126: 9040,9085,9165,9125,9197,9163
9621: 3240,9744,9756,3339,9418,3437
7437: 7349,7436,9779,9977
9472: 8470,8326,9729
7207: 7117,7118,7208,7295,7296
7208: 7118,7207,7119,7209,7296
7209: 7119,7120,7210,7208
7210: 7120,7209,7211,7298
7211: 7212,7122,7210,7299,7298
7212: 7122,7211,7123,7299,7300
10037: 9798,9655,9803,9781,9496,113
8880: 8933,8881,8987,8824,8823,8879
8422: 8491,8423,8351,8421
7216: 7127,7217,7304,7305
7217: 7128,7127,7216,7305,7306
8954: 8844,8900,9448,9007,9617
7219: 7130,7220,7129
7220: 7130,7131,7219,7221,7309
7221: 7131,7220,7309,7310