0: 22,1,23
1: 23,24,0
2: 3,9247,24
3: 2,26,9247,4
4: 5,27,3,26
5: 4,27,6,28
6: 7,28,29,5
7: 6,29,8,30
8: 9,30,31,7
9: 8,31,9439,10,32
10: 32,33,9527,9439,9,11
11: 12,34,9527,9428,10,33
12: 11,34,35,9428
10012: 
14: 36,9445,37,9403
15: 16,9403,9502
16: 15,38,9403,9502,17,39
17: 39,40,18,16
18: 17,40,41,9515
19: 9275,20,47,48
20: 19,48,49
10011: 
22: 0,23,50,51
23: 1,24,22,0,51,52
24: 1,23,2,52,53
9962: 9879
26: 3,4,27,54,55
27: 4,5,26,28,55,56
28: 6,29,5,27,56,57
29: 6,7,28,30,57,58
30: 8,31,7,29,58,59
31: 8,9,30,32,59,60
32: 10,33,9,31,60,61
33: 10,32,11,34,61,62
34: 11,12,35,33,62,63
35: 12,34,36,63,64
36: 14,35,37,64,65
37: 38,36,14,65,66
38: 16,37,39,66,67
39: 17,40,16,38,67,68
40: 17,39,18,41,68
41: 42,9515,40,18,70
42: 41,9515,43,70,71
43: 44,42,71,72
44: 43,72,73
45: 79,80,46
46: 47,81,45,80
47: 46,81,82,19,48
48: 49,19,20,47,82
49: 48,20,50,84
50: 51,84,85,22,49
51: 50,85,22,23,52,86
52: 86,87,23,24,51,53
53: 54,88,24,52,87
54: 53,88,89,26,55
55: 56,90,26,27,54,89
56: 55,90,27,28,57,91
57: 58,91,92,28,29,56
58: 57,92,29,30,59,93
59: 60,93,94,30,31,58
60: 59,94,31,32,61,95
61: 95,96,32,33,60,62
62: 63,97,33,34,61,96
63: 62,97,98,34,35,64
64: 65,99,35,36,63,98
65: 64,99,36,37,66,100
66: 67,100,101,37,38,65
67: 66,101,38,39,68,102
68: 102,103,39,40,67
9855: 
70: 105,104,42,41,71
71: 72,106,42,43,105,70
72: 71,106,107,43,44,73
73: 74,108,44,72,107
74: 73,108,75,109
75: 76,109,110,74
76: 75,110,111
77: 78,9338,115,116
78: 77,79,116,117
79: 45,80,78,117,118
80: 45,79,46,81,118,119
81: 46,47,82,80,119,120
82: 47,81,48,120,121
9765: 
84: 50,85,49,122,123
85: 50,51,84,86,123,124
86: 52,87,51,85,124,125
87: 52,86,53,88,125,126
88: 53,54,89,87,126,127
89: 54,88,55,90,127,128
90: 55,56,89,91,128,129
91: 57,92,56,90,129,130
92: 57,58,91,93,130,131
93: 59,94,58,92,131,132
94: 59,60,93,95,132,133
95: 61,96,60,94,133,134
96: 61,95,62,97,134,135
97: 62,63,98,96,135,136
98: 63,97,64,99,136,137
99: 64,65,98,100,137,138
100: 66,101,65,99,138,139
101: 66,67,100,102,139,140
102: 68,103,67,101,140,141
103: 68,102,104,141,142
104: 105,70,103,142,143
105: 70,104,71,106,143,144
106: 71,72,107,105,144,145
107: 72,106,73,108,145,146
108: 73,74,107,109,146,147
109: 75,110,74,108,147,148
110: 75,76,109,111,148,149
111: 112,76,110,149,150
112: 111,9259,150,151
113: 155,114,156
114: 115,156,157,113
115: 114,157,77,116,158
116: 158,159,77,78,115,117
117: 118,160,78,79,116,159
118: 117,160,161,79,80,119
119: 120,80,81,118,161
120: 119,81,82,121,163
121: 122,164,163,82,120
122: 121,164,84,123,165
123: 124,165,166,84,85,122
124: 123,166,85,86,125,167
125: 167,168,86,87,124,126
126: 127,169,87,88,125,168
127: 126,169,170,88,89,128
128: 129,89,90,127,170
129: 128,90,91,130,172
130: 131,173,172,91,92,129
131: 130,173,92,93,132,174
132: 133,174,175,93,94,131
133: 132,175,94,95,134,176
134: 176,177,95,96,133,135
135: 136,178,96,97,134,177
136: 135,178,97,98,137
137: 138,180,98,99,136
138: 137,180,99,100,139,181
139: 140,181,182,100,101,138
140: 139,182,101,102,141,183
141: 183,184,102,103,140
142: 143,185,103,104,184
143: 142,185,105,104,144
144: 145,187,105,106,143
145: 144,187,188,106,107,146
146: 147,189,107,108,145,188
147: 146,189,108,109,148,190
148: 149,190,191,109,110,147
149: 148,191,110,111,150,192
150: 192,193,151,111,112,149
151: 150,193,112,9259,152,194
152: 195,194,9259,9430,151,153
153: 196,9430,195,152
154: 155,199,200
155: 113,154,156,200,201
156: 114,157,113,155,201,202
157: 114,115,156,158,202
158: 116,159,115,157,204
159: 116,158,117,160,204,205
160: 117,118,161,159,205,206
161: 118,160,119,206,207
9957: 10041
163: 121,164,120,208,209
164: 121,122,163,165,209
165: 123,166,122,164,211
166: 123,124,165,167,211,212
167: 125,168,124,166,212,213
168: 125,167,126,169,213,214
169: 126,127,170,168,214,215
170: 127,169,128,215,216
171: 
172: 130,173,129,217
173: 130,131,172,174,219
174: 132,175,131,173,219,220
175: 132,133,174,176,220
176: 134,177,133,175,222
177: 134,176,135,178,222,223
178: 135,136,177,223,224
179: 
180: 137,138,181,225
181: 139,182,138,180
182: 139,140,181,183,228
183: 141,184,140,182,228,229
184: 141,183,142,185,229,230
185: 142,143,184,230
186: 
187: 144,145,188,232,233
188: 145,187,146,189,233,234
189: 146,147,188,190,234
190: 148,191,147,189,236
191: 148,149,190,192,236,237
192: 150,193,149,191,237,238
193: 150,192,151,194,238,239
194: 195,152,193,151,239,240
195: 152,194,153,196,240,241
196: 153,197,195,241,242
197: 196,9268,242,243
198: 199,249,248
199: 198,250,154
200: 201,251,155,154,250
201: 200,251,155,156,202,252
202: 252,253,156,157,201
203: 
204: 254,255,158,159,205
205: 206,256,159,160,204,255
206: 205,256,257,160,161,207
207: 208,258,161,206,257
208: 207,258,259,163,209
209: 260,164,163,208,259
9870: 
211: 212,261,262,165,166
212: 211,262,166,167,213
213: 264,167,168,212,214
214: 215,265,168,169,213,264
215: 214,265,169,170,216,266
216: 217,267,266,170,215
217: 216,267,172,268
9941: 9658
219: 269,173,174,220,270
220: 271,270,174,175,219
221: 
222: 272,273,176,177,223
223: 224,274,177,178,222,273
224: 223,274,275,178,225
225: 276,180,224,275
226: 
227: 
228: 278,182,183,229,279
229: 279,280,183,184,228,230
230: 281,184,185,229,280
9716: 
232: 233,283,187,282
233: 232,283,284,187,188,234
234: 285,188,189,233,284
235: 
236: 237,287,190,191
237: 236,287,191,192,238,288
238: 288,289,192,193,237,239
239: 240,290,193,194,238,289
240: 239,290,291,195,194,241
241: 242,292,195,196,240,291
242: 241,292,293,196,197,243
243: 244,294,197,9268,242,293
244: 243,294,9268,245
245: 296,9493,244
246: 247,298,299
247: 248,246,300,299
248: 247,198,249,300,301
249: 198,250,248,301,302
250: 199,249,200
251: 200,201,252,304
252: 202,253,201,251,304
253: 202,252,254,306
254: 204,255,253,306,307
255: 204,254,205,256,307,308
256: 205,206,257,255,308,309
257: 206,256,207,258,309,310
258: 207,208,259,257,310,311
259: 208,258,209,260,311,312
260: 209,259,261,312,313
261: 211,262,260,313,314
262: 211,212,261,314
10006: 9792
264: 213,214,265,316,317
265: 214,215,264,266,317,318
266: 216,267,215,265,318,319
267: 216,217,266,268,319,320
268: 269,217,267,320,321
269: 219,268,270,321,322
270: 220,271,269,219,322,323
271: 220,270,272,323,324
272: 222,273,271,324,325
273: 222,272,223,274,325,326
274: 223,224,275,273,326,327
275: 224,274,225,276,327,328
276: 225,275,277,328,329
277: 278,276,329,330
278: 228,277,279,330,331
279: 229,280,228,278,332
280: 229,279,230,281,332
281: 230,282,280,333,334
282: 281,232,283,334,335
283: 232,233,284,282,335,336
284: 233,283,234,285,336,337
285: 234,284,337,338
9909: 9968
287: 236,237,288,339,340
288: 238,289,237,287,340,341
289: 238,288,239,290,341,342
290: 239,240,291,289,342,343
291: 240,290,241,292,343,344
292: 241,242,293,291,344,345
293: 242,292,243,294,345,346
294: 243,244,293,346
9979: 
296: 245,297,348,349
297: 296,349,350
298: 353,352,246,299
299: 300,354,246,247,298,353
300: 354,355,299,247,248,301
301: 302,356,248,249,300,355
302: 301,356,357,249
10029: 9795
304: 251,252,359
9755: 10018
306: 253,254,307,361
307: 361,362,254,255,306,308
308: 309,363,255,256,307,362
309: 308,363,364,256,257,310
310: 311,365,257,258,309,364
311: 310,365,366,258,259,312
312: 313,367,259,260,311,366
313: 312,367,260,261,314,368
314: 368,369,261,262,313
9733: 10024
316: 370,371,264,317
317: 318,372,264,265,316,371
318: 317,372,265,266,319
319: 320,374,267,266,318
320: 319,374,267,268,321,375
321: 322,375,376,269,268,320
322: 321,376,269,270,323
323: 324,271,270,322
324: 323,271,272,325,379
325: 379,380,272,273,324,326
326: 327,381,273,274,325,380
327: 326,381,382,274,275,328
328: 329,383,275,276,327,382
329: 328,383,276,277,330,384
330: 331,384,385,277,278,329
331: 330,385,278,332,386
332: 386,387,279,280,331,333
333: 334,281,332,387
334: 333,389,282,281,335
335: 336,390,282,283,334,389
336: 335,390,283,284,337,391
337: 338,392,391,284,285,336
338: 337,392,285,393
339: 340,393,394,287
340: 339,394,287,288,341,395
341: 395,396,288,289,340,342
342: 343,397,289,290,341,396
343: 342,397,398,290,291,344
344: 345,399,291,292,343,398
345: 344,399,400,292,293,346
346: 401,293,294,345,400
9926: 9919
348: 402,403,349,296
349: 348,403,296,297,350,404
350: 405,404,297,349
351: 352,408,409
352: 298,353,351,409,410
353: 298,352,354,299,410,411
354: 300,355,299,353,411,412
355: 300,354,301,356,412,413
356: 301,302,357,355,413,414
357: 302,356,358,414,415
358: 357,359,415,416
359: 360,358,304,416,417
360: 359,361,417,418
361: 307,362,360,306,418
362: 307,361,308,363,420
363: 308,309,364,420,421,362
364: 309,363,421,310,365,422
365: 310,311,366,422,423,364
366: 311,365,423,312,367,424
367: 312,313,424,425,366,368
368: 314,369,313,367,425,426
369: 314,427,368,426
370: 316,371,427,428
371: 316,370,317,372,428,429
372: 317,318,371,429,430
9701: 
374: 319,320,431,432,375
375: 321,376,433,320,374,432
376: 321,322,375,433,434
377: 
378: 
379: 325,380,437,324,436
380: 325,379,437,326,381,438
381: 326,327,382,438,380,439
382: 327,381,328,383,439,440
383: 328,329,382,384,440
384: 330,385,329,383,442
385: 330,331,384,386,442,443
386: 332,387,331,385,443,444
387: 332,386,333,444,445
388: 
389: 334,335,390,446,447
390: 335,336,389,391,447,448
391: 337,392,336,390,448,449
392: 337,338,391,393,449,450
393: 339,394,338,392,450,451
394: 339,340,393,395,452,451
395: 341,396,340,394,452,453
396: 341,395,342,397,453,454
397: 342,343,398,396,454,455
398: 343,397,344,399,455,456
399: 344,345,400,398,456,457
400: 345,399,346,401,457,458
401: 346,400,402,458,459
402: 348,401,459
403: 348,349,404,461
404: 405,350,403,349,461,462
405: 350,404,406,462,463
406: 9316,405,463,464
407: 467,408,468
408: 409,468,469,351,407
409: 408,469,351,352,410,470
410: 411,470,471,353,352,409
411: 410,471,353,354,412,472
412: 472,473,354,355,411,413
413: 414,474,355,356,412,473
414: 413,474,475,356,357,415
415: 416,476,357,358,414,475
416: 415,476,358,359,417,477
417: 418,477,478,360,359,416
418: 417,478,360,361,479
9900: 9807
420: 363,421,362,480,481
421: 363,364,420,422,482,481
422: 365,423,364,421,482,483
423: 365,366,422,424,484,483
424: 367,425,366,423,484,485
425: 367,424,368,485,426,486
426: 486,487,425,368,369
427: 369,370,487,488,428
428: 488,489,427,370,371,429
429: 490,430,371,372,489,428
430: 490,429,372,431,491
431: 374,432,430,492,491
432: 374,431,375,433,492,493
433: 375,376,434,432,493,494
434: 376,433,435,494,495
435: 436,434,495,496
436: 435,379,437,496,497
437: 379,380,436,438,497,498
438: 381,380,437,498,439,499
439: 499,381,382,438,440
440: 501,382,383,439
441: 
442: 443,502,503,384,385
443: 442,503,385,386,444,504
444: 504,505,445,386,387,443
445: 444,505,387
446: 507,389,447
447: 448,508,389,390,507,446
448: 447,508,509,390,391,449
449: 450,510,392,391,448,509
450: 449,510,392,393,511,451
451: 452,511,512,393,394,450
452: 512,451,394,395,513,453
453: 513,514,395,396,452,454
454: 455,515,396,397,514,453
455: 454,515,516,397,398,456
456: 457,517,398,399,455,516
457: 456,517,518,399,400,458
458: 459,519,400,401,457,518
459: 458,519,401,402
9938: 
461: 462,522,403,404,521
462: 461,522,523,405,404,463
463: 464,524,405,406,462,523
464: 463,524,525,406,465
465: 526,464,525
466: 467,9551,9257,528,529
467: 407,466,468,530,529
468: 408,469,407,467,530,531
469: 408,409,468,470,531,532
470: 410,471,409,469,532,533
471: 410,411,470,472,533,534
472: 412,473,411,471,534,535
473: 412,472,413,474,536,535
474: 413,414,475,536,537,473
475: 414,474,537,415,476,538
476: 415,416,538,539,475,477
477: 417,478,416,476,539,540
478: 417,418,477,479,540,541
479: 480,418,478,541,542
480: 479,420,481,542,543
481: 544,482,420,421,480,543
482: 544,481,421,422,545,483
483: 545,484,546,422,423,482
484: 483,546,423,424,547,485
485: 548,547,424,425,484,486
486: 426,549,425,548,485
487: 426,550,549,427,488
488: 551,489,428,427,550,487
489: 551,488,428,490,429,552
490: 429,430,489,491,552
491: 554,492,431,490,430
492: 555,554,491,431,432,493
493: 556,494,432,433,555,492
494: 557,556,493,433,434,495
495: 558,496,434,435,557,494
496: 558,559,495,436,435,497
497: 560,498,436,437,559,496
498: 560,497,437,438,561,499
499: 561,439,438,498
500: 
501: 440,563,502,564
502: 442,503,501,564,565
503: 442,443,502,566,504,565
504: 444,505,567,443,503,566
505: 444,504,445,567,568
9785: 
507: 446,447,508,570,569
508: 447,448,570,571,509,507
509: 448,508,571,449,510,572
510: 449,450,509,511,573,572
511: 574,512,451,450,510,573
512: 574,452,511,451,575,513
513: 576,514,453,452,512,575
514: 576,513,453,454,515,577
515: 454,455,516,578,514,577
516: 455,515,578,456,517,579
517: 456,457,579,580,518,516
518: 457,517,580,458,581,519
519: 458,459,581,518
520: 
521: 461,522,583,584
522: 461,462,523,521,584,585
523: 462,522,463,524,585,586
524: 463,464,525,523,587,586
525: 464,524,465,526,587,588
526: 465,527,525,589,588
527: 526,9495,589,590
528: 593,9551,466,529
529: 594,530,467,466,593,528
530: 594,529,467,468,595,531
531: 595,596,532,468,469,530
532: 596,531,469,470,597,533
533: 597,598,534,470,471,532
534: 598,533,471,472,599,535
535: 599,600,472,473,536,534
536: 474,537,473,600,535,601
537: 474,475,536,538,601,602
538: 476,539,475,537,602,603
539: 476,538,477,603,604,540
540: 604,605,541,539,477,478
541: 605,540,478,479,606,542
542: 606,607,480,479,541,543
543: 608,480,544,481,607,542
544: 482,481,545,609,543
545: 483,546,544,482,609,610
546: 545,484,483,547,610
547: 548,485,484,546,612
548: 547,485,486,549,612,613
549: 550,486,487,548,613
550: 487,549,551,488,614
551: 488,489,550,615,552
552: 616,551,489,490
10014: 
554: 555,492,491,619
555: 554,492,556,493,619,620
556: 557,493,494,555,620,621
557: 556,494,558,495,621,622
558: 559,495,496,557,622,623
559: 558,496,560,497,623,624
560: 497,498,559,561,624,625
561: 499,560,498,625
9756: 
563: 501,628,627,564
564: 628,501,563,502,629,565
565: 629,630,502,503,566,564
566: 503,504,567,630,565,631
567: 504,505,568,566,631,632
568: 505,567,632,633,569
569: 633,634,568,507,570
570: 508,571,507,634,569,635
571: 508,570,509,635,636,572
572: 637,573,571,509,510,636
573: 637,572,510,574,511,638
574: 511,512,575,573,638,639
575: 574,512,576,513,639,640
576: 513,514,575,640,641,577
577: 642,576,514,515,578,641
578: 515,516,579,642,643,577
579: 517,580,516,578,643,644
580: 517,579,518,581,644,645
581: 519,580,518,645,646
582: 
583: 647,648,521,584
584: 649,585,521,522,648,583
585: 649,650,584,522,523,586
586: 651,587,523,524,650,585
587: 651,652,586,524,525,588
588: 653,589,525,526,652,587
589: 653,588,654,526,527,590
590: 655,9530,527,9495,589,654
591: 
592: 
593: 528,594,529,659,660
594: 530,529,593,595,661,660
595: 596,662,531,594,530,661
596: 595,662,663,531,532,597
597: 598,664,533,596,663,532
598: 597,664,533,534,599,665
599: 600,666,535,665,598,534
600: 599,666,535,536,601,667
601: 602,667,668,536,537,600
602: 601,668,537,538,603,669
603: 669,670,538,539,602,604
604: 605,671,540,539,603,670
605: 604,671,672,540,541,606
606: 607,542,605,672,541,673
607: 606,542,608,543,674,673
608: 609,543,607,674,675
609: 608,544,545,610
610: 545,546,609
9740: 
612: 678,679,548,547,613
613: 548,549,612,679
614: 680,681,550,615
615: 616,682,551,614,681
616: 615,682,552,617,683
617: 618,616,684,683
618: 617,684,685
619: 686,555,554,620
620: 621,687,555,556,619,686
621: 620,687,688,557,556,622
622: 623,689,557,558,621,688
623: 622,689,690,558,559,624
624: 625,691,559,560,623,690
625: 624,691,560,561
9867: 
627: 628,694,563,693
628: 694,695,627,564,563,629
629: 630,696,565,628,695,564
630: 629,696,697,565,566,631
631: 632,698,566,567,630,697
632: 631,698,567,568,633,699
633: 634,699,700,569,568,632
634: 633,700,569,570,635,701
635: 701,636,570,571,634
636: 635,571,637,703,572
637: 704,703,573,572,636,638
638: 639,705,574,704,637,573
639: 638,705,706,574,575,640
640: 641,707,575,576,639,706
641: 640,707,576,642,708,577
642: 643,708,709,577,578,641
643: 642,709,578,579,644,710
644: 710,711,579,580,643,645
645: 646,580,581,644,711
646: 645,713,581,647
647: 648,583,646,713,714
648: 647,583,649,584,714,715
649: 650,584,585,648,715,716
650: 649,585,651,586,716,717
651: 652,587,586,650,718,717
652: 651,587,653,588,718,719
653: 589,588,654,652,720,719
654: 653,589,590,655,720,721
655: 590,9530,654,656,722,721
656: 723,655,9530,722
657: 725,726,658
658: 727,659,726,657
659: 727,728,658,593,660
660: 729,661,593,594,728,659
661: 729,660,594,595,662,730
662: 595,596,663,661,731,730
663: 596,662,597,664,731,732
664: 597,598,663,665,732,733
665: 599,666,598,664,733
666: 599,600,665,667,735
667: 601,668,600,666,735,736
668: 601,602,667,669,736,737
669: 603,670,602,668,738,737
670: 603,669,604,671,738,739
671: 604,605,672,670,739,740
672: 605,671,606,740,741,673
673: 741,742,674,672,606,607
674: 742,673,607,608,743,675
675: 743,744,608,674
9989: 9993
677: 
678: 612,679,747
679: 612,678,613,680,747
680: 614,681,679,749
681: 614,680,615,682,749,750
682: 615,616,681,750,751,683
683: 752,684,616,682,617,751
684: 752,753,683,617,618,685
685: 754,618,753,684
686: 619,620,687,755
687: 620,621,688,686,755,756
688: 621,687,622,689,756,757
689: 622,623,690,688,757,758
690: 623,689,624,691,758,759
691: 624,625,690,759,760
692: 760,761,693
693: 761,692,694,627,762
694: 628,695,627,693,763,762
695: 628,694,629,696,763,764
696: 629,630,697,695,764,765
697: 630,696,631,698,765,766
698: 631,632,697,699,766,767
699: 633,700,632,698,767,768
700: 633,634,699,701,768,769
701: 635,634,700,769,770
702: 
703: 704,637,636,772,771
704: 637,703,638,705,772,773
705: 638,639,706,704,773,774
706: 639,705,640,707,774,775
707: 640,641,706,708,775,776
708: 642,709,641,707,776,777
709: 642,643,708,710,777,778
710: 644,711,643,709,778,779
711: 644,710,645,779,780
712: 
713: 646,647,781,782,714
714: 782,783,713,647,648,715
715: 716,648,649,783,714
716: 785,715,649,650,717
717: 786,718,650,651,785,716
718: 786,787,717,651,652,719
719: 788,720,652,653,787,718
720: 788,719,653,654,789,721
721: 789,790,722,654,655,720
722: 790,721,655,656,723,791
723: 656,722,791,792
724: 725,795,794
725: 726,796,657,795,724
726: 725,796,657,727,797,658
727: 728,797,798,658,659,726
728: 727,798,659,729,799,660
729: 799,800,661,660,728,730
730: 731,801,662,729,800,661
731: 802,801,730,662,663,732
732: 733,803,663,664,802,731
733: 732,803,804,664,665
10022: 9778,9952
735: 666,667,736
736: 807,667,668,735,737
737: 738,808,668,669,736,807
738: 808,809,737,669,670,739
739: 740,810,670,671,738,809
740: 739,810,811,671,672,741
741: 742,812,673,672,740,811
742: 741,812,813,674,673,743
743: 744,675,814,742,813,674
744: 743,675,814,745,815
745: 746,815,816,744
746: 745,816,747,817
747: 818,678,679,746
748: 
749: 819,820,680,681,750
750: 751,821,681,682,749,820
751: 750,821,682,752,822,683
752: 753,822,823,684,683,751
753: 752,823,684,754,824,685
754: 824,825,685,753
755: 756,826,686,687
756: 755,826,827,687,688,757
757: 758,828,688,689,756,827
758: 757,828,829,689,690,759
759: 760,690,691,758,829
760: 759,691,692,761
761: 831,693,692,760,762
762: 763,833,694,761,832,693
763: 833,834,762,694,695,764
764: 765,835,695,696,763,834
765: 764,835,836,696,697,766
766: 767,837,697,698,765,836
767: 766,837,698,699,768,838
768: 769,839,838,699,700,767
769: 768,839,700,701,770,840
770: 840,841,701,769,771
771: 772,842,703,770,841
772: 843,842,771,704,703,773
773: 774,844,704,705,843,772
774: 773,844,845,705,706,775
775: 776,846,706,707,774,845
776: 775,846,707,708,777,847
777: 778,847,848,708,709,776
778: 777,848,709,710,779,849
779: 849,850,710,711,778,780
780: 781,711,779,850,851
781: 780,852,713,782,851
782: 783,853,714,713,781,852
783: 782,853,854,714,715
9781: 10037,9798
785: 855,716,786,856,717
786: 787,856,718,717,785
787: 786,718,788,858,719
788: 858,859,720,719,787,789
789: 790,860,721,788,859,720
790: 789,860,861,722,721,791
791: 792,862,723,790,861,722
792: 791,862,863,723,793
793: 9397,864,792,863
794: 865,866,724,795
795: 725,796,724,866,794,867
796: 725,726,795,797,867,868
797: 727,798,726,796,868,869
798: 727,728,797,799,869,870
799: 729,800,728,798,870,871
800: 729,799,801,730,871,872
801: 802,731,730,800,873,872
802: 731,801,732,803,873,874
803: 732,733,804,802,874,875
804: 733,803,875,876
805: 876,877
9913: 
807: 736,808,737,879
808: 738,809,737,807,880,879
809: 738,808,739,810,880,881
810: 739,740,811,809,881,882
811: 740,810,741,812,882,883
812: 741,742,813,811,883,884
813: 742,812,743,814,884,885
814: 743,744,813,815,885,886
815: 745,816,744,814,886,887
816: 745,746,815,887,888,817
817: 889,746,816,818,888
818: 747,889,817,890
819: 749,820,890,891
820: 749,819,750,821,891,892
821: 750,751,820,822,892,893
822: 752,823,751,821,893,894
823: 752,753,822,824,894,895
824: 754,825,753,823,895,896
825: 754,824,896,897
826: 755,756,827
827: 756,826,757,828,899
828: 757,758,829,827,899
829: 758,828,759
9972: 9819
831: 761,832,902,903
832: 831,833,762,903,904
833: 763,834,762,832,905
834: 763,833,764,835,906
835: 764,765,836,834,906,907
836: 765,835,766,837,907,908
837: 766,767,836,838,908,909
838: 768,839,767,837,909,910
839: 768,769,838,840,910
840: 770,841,769,839,912
841: 770,840,842,771,912,913
842: 772,771,841,913
843: 772,773,844,915
844: 773,774,845,843,915,916
845: 774,844,775,846,916,917
846: 775,776,845,847,917,918
847: 777,848,776,846,918,919
848: 777,778,847,849,919,920
849: 779,850,778,848,920
850: 779,849,780,922,851
851: 922,923,850,780,781,852
852: 781,782,853,923,851,924
853: 782,783,854,852,924,925
854: 783,853,855,925,926
855: 785,854,856,926,927
856: 786,855,785,927,928
9947: 9693
858: 788,859,787,930,929
859: 788,858,789,860,930
860: 789,790,861,859
861: 790,860,791,862,933
862: 791,792,863,861,933,934
863: 792,862,793,864,934
864: 793,9397,863
865: 866,794,9576,940
866: 865,794,795,867,941
867: 868,942,796,795,866
868: 867,796,797,869,943
869: 870,943,944,797,798,868
870: 869,944,798,799,871,945
871: 945,946,799,800,870,872
872: 873,947,800,801,871,946
873: 948,947,872,802,801,874
874: 875,802,803,948,873
875: 874,803,804,876
876: 950,805,804,875
877: 951,805,878,952
878: 877,879,953,952
879: 880,954,807,808,878
880: 954,955,879,808,809,881
881: 882,956,809,810,880,955
882: 881,956,957,810,811,883
883: 884,958,811,812,882,957
884: 883,958,959,812,813,885
885: 886,960,813,814,884,959
886: 885,960,814,815,887,961
887: 888,961,962,815,816,886
888: 887,962,816,889,963,817
889: 963,964,817,818,888,890
890: 891,965,818,819,889
891: 890,965,966,819,820,892
892: 893,967,820,821,891,966
893: 892,967,821,822,894,968
894: 895,968,969,822,823,893
895: 894,969,823,824,896,970
896: 970,971,897,824,825,895
897: 896,971,825,972
9999: 
899: 974,827,828
9831: 9963,9651
901: 902,976,975
902: 901,976,831,903,977
903: 904,977,978,832,831,902
904: 903,978,832,905,979
905: 979,980,833,904,906
906: 907,981,834,835,905
907: 906,981,982,835,836,908
908: 909,836,837,907,982
909: 908,983,837,838,910,984
910: 984,839,838,909
9835: 
912: 987,913,840,841
913: 912,987,841,842
9808: 
915: 916,990,843,844
916: 915,990,844,845,917,991
917: 918,991,845,846,916
918: 917,992,846,847,919
919: 920,993,847,848,918
920: 919,994,848,849,995
921: 
922: 923,997,851,850,996
923: 922,997,998,851,852,924
924: 925,999,852,853,923,998
925: 924,999,1000,853,854,926
926: 927,1001,854,855,925,1000
927: 926,1001,855,856,928,1002
928: 1003,1002,856,927
929: 930,1004,858,1003
930: 1004,1005,929,858,859
9789: 9939
932: 
933: 934,861,862,1007
934: 933,862,863
9950: 9699
936: 937,1010,1011
937: 936,1012,1011
938: 1014,1013,939
939: 1014,938,9576,1015,940
940: 1015,1016,941,865,939
941: 1016,940,866,942,1017
942: 867,941,1017
943: 869,944,868,1019
944: 869,870,943,945,1019,1020
945: 871,946,870,944,1020,1021
946: 871,945,947,872,1021,1022
947: 948,873,872,946,1022,1023
948: 873,947,874,1023
9981: 
950: 876,951,1025,1026
951: 877,950,1026,1027,952
952: 1028,953,877,951,878,1027
953: 1028,1029,952,878,954
954: 880,955,879,953,1030
955: 880,954,881,956,1030,1031
956: 881,882,957,955,1031,1032
957: 882,956,883,958,1032,1033
958: 883,884,959,957,1033,1034
959: 884,958,885,960,1034,1035
960: 885,886,959,961,1035,1036
961: 887,962,886,960,1036,1037
962: 887,888,961,963,1037,1038
963: 889,964,888,962,1038,1039
964: 889,963,965,1039,1040
965: 890,891,966,964
966: 891,965,892,967,1042
967: 892,893,966,968,1042,1043
968: 894,969,893,967,1043,1044
969: 894,895,968,970,1044,1045
970: 896,971,895,969,1045,1046
971: 896,970,897,972,1046,1047
972: 971,897,1047,1048
973: 1048,974,1049
974: 899,973
975: 901,976,1051
976: 901,902,975,977,1051,1052
977: 903,978,902,976,1052,1053
978: 903,904,977,979,1053,1054
979: 905,980,904,978,1054,1055
980: 905,979,981,1055,1056
981: 906,907,982,980,1056,1057
982: 907,981,908,983,1057,1058
983: 909,982,984,1058,1059
984: 910,985,909,983,1059,1060
985: 984,986,1060,1061
986: 987,985,1061,1062
987: 912,986,913,1063
988: 989,1063,1064
989: 988,990,1064,1065
990: 915,916,989,991,1065,1066
991: 917,992,916,990,1066,1067
992: 918,991,993,1067,1068
993: 919,994,992,1068,1069
994: 920,993,995,1069,1070
995: 996,920,994,1070
996: 995,922,997,1071,1072
997: 922,923,998,996,1072,1073
998: 923,997,924,999,1073,1074
999: 924,925,1000,998,1074,1075
1000: 925,999,926,1001,1075,1076
1001: 926,927,1000,1002,1076,1077
1002: 928,1003,927,1001,1077,1078
1003: 928,1002,1004,929,1078,1079
1004: 930,1005,929,1003,1079,1080
1005: 930,1004,1006,1080,1081
1006: 1007,1005,1081
1007: 1006,933,1082
10016: 9898
1009: 1085,1010,1084
1010: 1085,1086,1009,936,1011
1011: 1087,1012,936,937,1086,1010
1012: 1087,1088,1011,937
1013: 1014,1090,938,1089
1014: 1090,1013,938,939,1015
1015: 1016,1092,940,1014,939
1016: 1015,1092,1093,940,941,1017
1017: 942,1016,1093,941
9872: 9964
1019: 1020,1096,943,944
1020: 1019,1096,944,945,1021,1097
1021: 1097,1098,945,946,1020,1022
1022: 1023,1099,946,947,1021,1098
1023: 1022,1099,948,947,1024,1100
1024: 1101,1023,1100
1025: 1101,950,1026,1102
1026: 1027,1103,1102,951,950,1025
1027: 1026,1103,951,1028,1104,952
1028: 1029,1104,1105,953,952,1027
1029: 1028,1105,953,1030,1106
1030: 1106,1107,954,955,1029,1031
1031: 1032,1108,955,956,1030,1107
1032: 1031,1108,1109,956,957,1033
1033: 1034,1110,957,958,1032,1109
1034: 1033,1110,958,959,1035,1111
1035: 1036,1111,1112,959,960,1034
1036: 1035,1112,960,961,1037,1113
1037: 1038,1113,1114,961,962,1036
1038: 1037,1114,962,963,1039,1115
1039: 1115,1116,1040,963,964,1038
1040: 1039,1116,964,1117
10038: 
1042: 1043,1119,1118,966,967
1043: 1042,1119,967,968,1044,1120
1044: 1045,1120,1121,968,969,1043
1045: 1044,1121,969,970,1046,1122
1046: 1122,1123,970,971,1045,1047
1047: 1048,1124,971,972,1046,1123
1048: 1047,1124,1125,973,972,1049
1049: 1126,1048,1125,973
9862: 9671
1051: 1052,1128,1127,976,975
1052: 1051,1128,976,977,1053,1129
1053: 1054,1129,1130,977,978,1052
1054: 1053,1130,978,979,1055,1131
1055: 1131,1132,979,980,1054,1056
1056: 1057,1133,980,981,1055,1132
1057: 1056,1133,1134,981,982,1058
1058: 1059,1135,982,983,1057,1134
1059: 1058,1135,1136,983,984,1060
1060: 1061,1137,985,984,1059,1136
1061: 1060,1137,985,986,1062,1138
1062: 1138,1139,1063,986,1061
1063: 1062,987,988,1140
1064: 1141,1140,989,988
1065: 1066,1142,989,990,1141
1066: 1065,1142,990,991,1067,1143
1067: 1068,1144,1143,992,991,1066
1068: 1067,1144,992,993,1069,1145
1069: 1070,1145,1146,993,994,1068
1070: 1069,1146,994,995,1071,1147
1071: 1147,1148,996,1070,1072
1072: 1073,1149,996,997,1071,1148
1073: 1072,1149,1150,997,998,1074
1074: 1075,1151,998,999,1073,1150
1075: 1074,1151,1152,999,1000,1076
1076: 1077,1153,1000,1001,1075,1152
1077: 1076,1153,1001,1002,1078,1154
1078: 1079,1154,1155,1003,1002,1077
1079: 1078,1155,1003,1004
1080: 1157,1004,1005,1081
1081: 1082,1158,1005,1006,1080,1157
1082: 1081,1158,1159,1007,1083
1083: 1084,1160,1082,1159
1084: 1083,1160,1085,1161,1009
1085: 1086,1161,1162,1010,1009,1084
1086: 1085,1162,1010,1087,1163,1011
1087: 1163,1088,1012,1011,1086
1088: 1087,1012,9443,1165
1089: 1090,1013,1167,1168
1090: 1014,1013,1089,1169,1168
1091: 
1092: 1015,1016,1093,1170,1171
1093: 1016,1092,1017,1171,1172
1094: 
1095: 1174,1096,1173
1096: 1019,1020,1097,1174,1175,1095
1097: 1021,1098,1020,1096,1175,1176
1098: 1021,1097,1022,1099,1176,1177
1099: 1022,1023,1098,1177,1178,1100
1100: 1178,1023,1099,1024,1179
1101: 1024,1025,1102,1179,1180
1102: 1026,1103,1025,1101,1180,1181
1103: 1026,1027,1102,1104,1181,1182
1104: 1028,1105,1027,1103,1182,1183
1105: 1028,1029,1104,1106,1183,1184
1106: 1030,1107,1029,1105,1184,1185
1107: 1030,1106,1031,1108,1185,1186
1108: 1031,1032,1109,1107,1186,1187
1109: 1032,1108,1033,1110,1187,1188
1110: 1033,1034,1109,1111,1188,1189
1111: 1035,1112,1034,1110,1189,1190
1112: 1035,1036,1111,1113,1190,1191
1113: 1037,1114,1036,1112,1191,1192
1114: 1037,1038,1113,1115,1192,1193
1115: 1039,1116,1038,1114,1193,1194
1116: 1039,1115,1040,1194,1117
1117: 1195,1196,1116,1040
1118: 1042,1119,1196,1197
1119: 1042,1043,1118,1120,1197,1198
1120: 1044,1121,1043,1119,1198,1199
1121: 1044,1045,1120,1122,1199,1200
1122: 1046,1123,1045,1121,1200,1201
1123: 1046,1122,1047,1124,1201,1202
1124: 1047,1048,1125,1123,1203,1202
1125: 1048,1124,1049,1126,1203,1204
1126: 1049,1125,1204,1205
1127: 1051,1128,1205,1206
1128: 1051,1052,1127,1129,1206,1207
1129: 1053,1130,1052,1128,1207,1208
1130: 1053,1054,1129,1131,1208,1209
1131: 1055,1132,1054,1130,1209,1210
1132: 1055,1131,1056,1133,1210,1211
1133: 1056,1057,1134,1132,1211,1212
1134: 1057,1133,1058,1135,1212,1213
1135: 1058,1059,1136,1134,1213,1214
1136: 1059,1135,1060,1137,1214,1215
1137: 1060,1061,1136,1138,1215,1216
1138: 1062,1139,1061,1137,1216,1217
1139: 1062,1138,1140,1217,1218
1140: 1064,1139,1063
1141: 1064,1065,1142,1220
1142: 1065,1066,1141,1143,1220,1221
1143: 1067,1144,1066,1142,1221,1222
1144: 1067,1068,1143,1145,1222,1223
1145: 1069,1146,1068,1144,1223,1224
1146: 1069,1070,1145,1147,1224,1225
1147: 1071,1148,1070,1146,1225,1226
1148: 1071,1147,1072,1149,1226,1227
1149: 1072,1073,1150,1148,1227,1228
1150: 1073,1149,1074,1151,1228,1229
1151: 1074,1075,1152,1150,1229,1230
1152: 1075,1151,1076,1153,1230,1231
1153: 1076,1077,1152,1154,1231,1232
1154: 1078,1155,1077,1153,1232,1233
1155: 1078,1079,1154,1233,1234
1156: 
1157: 1080,1081,1158,1235,1236
1158: 1081,1082,1159,1157,1236,1237
1159: 1082,1158,1083,1160,1237,1238
1160: 1083,1084,1159,1161,1238,1239
1161: 1085,1162,1084,1160,1239,1240
1162: 1085,1086,1161,1163,1240,1241
1163: 1087,1086,1162,1241,1242
1164: 
1165: 1244,1088,9443,1243
1166: 1246,1167,1247
1167: 1248,1247,1089,1166,1168
1168: 1169,1249,1089,1090,1167,1248
1169: 1249,1250,1168,1090,1170
1170: 1171,1251,1092,1169,1250
1171: 1170,1251,1252,1092,1093,1172
1172: 1173,1253,1093,1171,1252
1173: 1172,1253,1174,1095,1254
1174: 1175,1255,1095,1254,1096,1173
1175: 1174,1255,1096,1097,1176,1256
1176: 1256,1257,1177,1097,1098,1175
1177: 1176,1098,1099,1178
1178: 1259,1258,1100,1099,1177
1179: 1180,1260,1101,1259,1100
1180: 1179,1260,1101,1102,1181,1261
1181: 1182,1262,1261,1103,1102,1180
1182: 1181,1262,1103,1104,1183,1263
1183: 1184,1263,1264,1104,1105,1182
1184: 1183,1264,1105,1106,1185,1265
1185: 1265,1266,1106,1107,1184,1186
1186: 1187,1267,1107,1108,1185,1266
1187: 1186,1267,1268,1108,1109,1188
1188: 1189,1269,1109,1110,1187,1268
1189: 1188,1269,1110,1111,1190,1270
1190: 1191,1271,1270,1111,1112,1189
1191: 1190,1271,1112,1113,1192,1272
1192: 1193,1272,1113,1114,1191
1193: 1192,1114,1115,1194
1194: 1115,1116,1193,1195
1195: 1276,1117,1194
1196: 1276,1117,1118,1197,1277
1197: 1198,1278,1277,1119,1118,1196
1198: 1197,1278,1119,1120,1199,1279
1199: 1200,1279,1280,1120,1121,1198
1200: 1199,1280,1121,1122,1201,1281
1201: 1281,1282,1122,1123,1200,1202
1202: 1203,1283,1123,1124,1201,1282
1203: 1284,1283,1202,1124,1125,1204
1204: 1285,1125,1126,1284,1203
1205: 1285,1126,1127,1206,1286
1206: 1207,1287,1286,1128,1127,1205
1207: 1206,1287,1128,1129,1208,1288
1208: 1209,1288,1289,1129,1130,1207
1209: 1208,1289,1130,1131,1210,1290
1210: 1290,1291,1131,1132,1209,1211
1211: 1212,1132,1133,1210,1291
1212: 1211,1293,1133,1134,1213
1213: 1214,1294,1134,1135,1212,1293
1214: 1213,1294,1295,1135,1136,1215
1215: 1216,1296,1136,1137,1214,1295
1216: 1215,1296,1137,1138,1217,1297
1217: 1297,1298,1218,1138,1139,1216
1218: 1217,1298,1139
10031: 
1220: 1221,1141,1142,1300
1221: 1220,1142,1143,1222,1302
1222: 1223,1303,1302,1144,1143,1221
1223: 1222,1303,1144,1145,1224,1304
1224: 1225,1304,1305,1145,1146,1223
1225: 1224,1305,1146,1147,1226,1306
1226: 1306,1307,1147,1148,1225,1227
1227: 1228,1308,1148,1149,1226,1307
1228: 1227,1308,1309,1149,1150,1229
1229: 1230,1310,1150,1151,1228,1309
1230: 1229,1310,1151,1152,1231,1311
1231: 1232,1312,1311,1152,1153,1230
1232: 1231,1312,1153,1154,1233,1313
1233: 1234,1313,1314,1154,1155,1232
1234: 1233,1314,1155,1235,1315
1235: 1315,1316,1157,1234
1236: 1237,1317,1157,1158,1316
1237: 1236,1317,1318,1158,1159,1238
1238: 1239,1319,1159,1160,1237,1318
1239: 1238,1319,1160,1161,1240,1320
1240: 1241,1320,1321,1161,1162,1239
1241: 1240,1321,1162,1163,1242,1322
1242: 1322,1323,1243,1163,1241
1243: 1242,1323,1244,1324,1165
1244: 1325,1324,1165,1245,1243
1245: 1325,1244,9296,1326
1246: 1166,9579,1247,1327,1328
1247: 1167,1248,1166,1246,1328,1329
1248: 1167,1247,1249,1168,1329,1330
1249: 1169,1250,1168,1248,1331,1330
1250: 1169,1249,1170,1251,1331,1332
1251: 1170,1171,1252,1250,1332,1333
1252: 1171,1251,1172,1253,1333,1334
1253: 1172,1173,1252,1254,1334,1335
1254: 1174,1255,1173,1253,1335,1336
1255: 1174,1175,1254,1256,1336,1337
1256: 1176,1257,1175,1255,1337,1338
1257: 1176,1256,1258,1338,1339
1258: 1259,1178,1257,1339,1340
1259: 1178,1258,1179,1260,1341
1260: 1179,1180,1259,1261,1341,1342
1261: 1181,1262,1180,1260,1342
1262: 1181,1182,1261,1263,1344
1263: 1183,1264,1182,1262,1344,1345
1264: 1183,1184,1263,1265,1345,1346
1265: 1185,1266,1184,1264,1346,1347
1266: 1185,1265,1186,1267,1347,1348
1267: 1186,1187,1268,1266,1348,1349
1268: 1187,1267,1188,1269,1349,1350
1269: 1188,1189,1268,1270,1350,1351
1270: 1190,1271,1189,1269,1351,1352
1271: 1190,1191,1270,1272,1352
1272: 1192,1191,1271
1273: 
1274: 
9846: 
1276: 1195,1196,1277,1357,1358
1277: 1197,1278,1196,1276,1358,1359
1278: 1197,1198,1277,1279,1359,1360
1279: 1199,1280,1198,1278,1360,1361
1280: 1199,1200,1279,1281,1361,1362
1281: 1201,1282,1200,1280,1362,1363
1282: 1201,1281,1283,1202,1363,1364
1283: 1284,1203,1202,1282,1364,1365
1284: 1203,1283,1204,1365,1366
1285: 1204,1205,1286,1366,1367
1286: 1206,1287,1205,1285,1367,1368
1287: 1206,1207,1286,1288,1368,1369
1288: 1208,1289,1207,1287,1369,1370
1289: 1208,1209,1288,1290,1370,1371
1290: 1210,1291,1209,1289,1371,1372
1291: 1210,1290,1211,1372,1373
1292: 
1293: 1212,1213,1294,1374,1375
1294: 1213,1214,1295,1293,1375,1376
1295: 1214,1294,1215,1296,1376,1377
1296: 1215,1216,1295,1297,1377
1297: 1217,1298,1216,1296,1379
1298: 1217,1297,1218,1379,1380,1299
1299: 1381,1298,1380
1300: 1220,1381,1382
1301: 
1302: 1222,1303,1221,1383,1384
1303: 1222,1223,1302,1304,1384,1385
1304: 1224,1305,1223,1303,1385,1386
1305: 1224,1225,1304,1306,1386,1387
1306: 1226,1307,1225,1305,1387,1388
1307: 1226,1306,1227,1308,1388,1389
1308: 1227,1228,1309,1307,1389,1390
1309: 1228,1308,1229,1310,1390,1391
1310: 1229,1230,1309,1311,1391,1392
1311: 1231,1312,1230,1310,1392,1393
1312: 1231,1232,1311,1313,1393,1394
1313: 1233,1314,1232,1312,1394,1395
1314: 1233,1234,1313,1315,1395,1396
1315: 1235,1316,1234,1314,1396,1397
1316: 1235,1315,1236,1317,1397
1317: 1236,1237,1318,1316,1399
1318: 1237,1317,1238,1319,1399,1400
1319: 1238,1239,1318,1320,1400
1320: 1240,1321,1239,1319,1402
1321: 1240,1241,1320,1322,1402,1403
1322: 1242,1323,1241,1321,1403,1404
1323: 1242,1322,1243,1324,1404,1405
1324: 1325,1244,1323,1243,1405,1406
1325: 1244,1324,1245,1326,1406,1407
1326: 1325,1245,1407,1408
1327: 1328,1410,1409,1246,9579
1328: 1327,1410,1246,1247,1329,1411
1329: 1412,1411,1248,1247,1328,1330
1330: 1331,1413,1248,1249,1329,1412
1331: 1413,1414,1330,1249,1250,1332
1332: 1333,1415,1250,1251,1331,1414
1333: 1332,1415,1416,1251,1252,1334
1334: 1335,1417,1252,1253,1333,1416
1335: 1334,1417,1253,1254,1336,1418
1336: 1337,1418,1419,1255,1254,1335
1337: 1336,1419,1255,1256,1338,1420
1338: 1420,1421,1339,1256,1257,1337
1339: 1338,1421,1257,1258,1340,1422
1340: 1423,1422,1258,1339,1341
1341: 1342,1424,1259,1260,1340
1342: 1341,1424,1260,1261,1425
1343: 
1344: 1426,1262,1263,1345,1427
1345: 1346,1427,1428,1263,1264,1344
1346: 1345,1428,1264,1265,1347,1429
1347: 1265,1266,1346,1348
1348: 1349,1431,1266,1267,1347
1349: 1348,1431,1432,1267,1268,1350
1350: 1351,1433,1268,1269,1349,1432
1351: 1350,1433,1434,1269,1270,1352
1352: 1353,1435,1271,1270,1351,1434
1353: 1352,1435,1354,1436
1354: 1355,1436,1437,1353
1355: 1354,1437,1356,1438
1356: 1438,1439,1355
1357: 1358,1440,1276
1358: 1357,1440,1276,1277,1359,1441
1359: 1360,1442,1441,1278,1277,1358
1360: 1359,1442,1278,1279,1361,1443
1361: 1362,1443,1444,1279,1280,1360
1362: 1361,1444,1280,1281,1363,1445
1363: 1445,1446,1364,1281,1282,1362
1364: 1363,1446,1282,1283,1365,1447
1365: 1448,1447,1284,1283,1364,1366
1366: 1367,1449,1284,1285,1448,1365
1367: 1366,1449,1450,1285,1286,1368
1368: 1369,1451,1287,1286,1367,1450
1369: 1368,1451,1287,1288
1370: 1371,1453,1288,1289
1371: 1370,1453,1289,1290,1372,1454
1372: 1454,1455,1290,1291,1371,1373
1373: 1374,1456,1291,1372,1455
1374: 1373,1456,1293,1375
1375: 1376,1458,1293,1294,1374
1376: 1375,1458,1294,1295,1377,1459
1377: 1459,1460,1295,1296,1376
1378: 
1379: 1461,1462,1380,1297,1298
1380: 1379,1462,1298,1463,1299
1381: 1464,1463,1299,1300,1382
1382: 1383,1465,1300,1464,1381
1383: 1382,1302,1384
1384: 1385,1467,1303,1302,1383
1385: 1384,1467,1303,1304,1386,1468
1386: 1387,1468,1469,1304,1305,1385
1387: 1386,1469,1305,1306,1388,1470
1388: 1470,1306,1307,1387,1389
1389: 1390,1472,1307,1308,1388
1390: 1389,1472,1473,1308,1309,1391
1391: 1392,1474,1309,1310,1390,1473
1392: 1391,1474,1310,1311,1393
1393: 1394,1476,1312,1311,1392
1394: 1393,1476,1312,1313,1395,1477
1395: 1396,1477,1478,1313,1314,1394
1396: 1395,1478,1314,1315,1397,1479
1397: 1479,1480,1315,1316,1396
10028: 9897,9890
1399: 1481,1317,1318,1400,1482
1400: 1483,1482,1318,1319,1399
1401: 
1402: 1403,1484,1485,1320,1321
1403: 1402,1485,1321,1322,1404,1486
1404: 1486,1487,1405,1322,1323,1403
1405: 1404,1487,1323,1324,1406,1488
1406: 1489,1488,1407,1325,1324,1405
1407: 1489,1406,1325,1326,1490,1408
1408: 1490,1326,1407,9554,1491
1409: 1327,1410,1492,1493
1410: 1327,1328,1409,1411,1493,1494
1411: 1329,1412,1328,1410,1494,1495
1412: 1329,1411,1413,1330,1495
1413: 1331,1414,1330,1412,1497
1414: 1331,1413,1332,1415,1497,1498
1415: 1332,1333,1416,1414,1498,1499
1416: 1333,1415,1334,1417,1499,1500
1417: 1334,1335,1416,1418,1500,1501
1418: 1336,1419,1335,1417,1501,1502
1419: 1336,1337,1418,1420,1502,1503
1420: 1338,1421,1337,1419,1503,1504
1421: 1338,1420,1339,1422,1504,1505
1422: 1423,1340,1421,1339,1505,1506
1423: 1340,1422,1424,1506,1507
1424: 1341,1342,1423,1507
1425: 1426,1342,1509
1426: 1344,1425,1427,1509,1510
1427: 1345,1428,1344,1426,1510,1511
1428: 1345,1346,1427,1429,1511,1512
1429: 1346,1428,1512,1513
9779: 
1431: 1348,1349,1432,1514,1515
1432: 1349,1431,1350,1433,1515,1516
1433: 1350,1351,1434,1432,1516,1517
1434: 1351,1433,1352,1435,1517,1518
1435: 1352,1353,1434,1436,1518,1519
1436: 1354,1437,1353,1435,1519,1520
1437: 1354,1355,1436,1438,1520,1521
1438: 1356,1439,1355,1437,1521,1522
1439: 1356,1438,1522,1523
1440: 1357,1358,1441,1523,1524
1441: 1359,1442,1358,1440,1524,1525
1442: 1359,1360,1441,1443,1525,1526
1443: 1361,1444,1360,1442,1526,1527
1444: 1361,1362,1443,1445,1527,1528
1445: 1363,1446,1362,1444,1528,1529
1446: 1363,1445,1364,1447,1529,1530
1447: 1448,1365,1446,1364,1530
1448: 1365,1447,1366,1449,1532
1449: 1366,1367,1450,1448,1532,1533
1450: 1367,1449,1368,1451,1533,1534
1451: 1368,1369,1450,1534,1535
9869: 
1453: 1370,1371,1454,1536,1537
1454: 1372,1455,1371,1453,1537,1538
1455: 1372,1454,1373,1456,1538,1539
1456: 1373,1374,1455,1539,1540
9708: 9722
1458: 1375,1376,1459,1541
1459: 1377,1460,1376,1458,1542,1543
1460: 1377,1459,1461,1543,1544
1461: 1379,1462,1460,1544,1545
1462: 1379,1461,1380,1545,1546
1463: 1464,1381,1380,1547,1546
1464: 1381,1463,1382,1465,1547,1548
1465: 1382,1464,1548,1549
1466: 
1467: 1384,1385,1468
1468: 1386,1469,1385,1467,1552
1469: 1386,1387,1468,1470,1552,1553
1470: 1388,1387,1469,1553
9860: 
1472: 1389,1390,1473,1555,1556
1473: 1390,1472,1391,1474,1556,1557
1474: 1391,1392,1473,1557
1475: 
1476: 1393,1394,1477,1559,1560
1477: 1395,1478,1394,1476,1560,1561
1478: 1395,1396,1477,1479,1561,1562
1479: 1397,1480,1396,1478,1562,1563
1480: 1397,1479,1563
1481: 1399,1482,1564,1565
1482: 1400,1483,1481,1399,1565,1566
1483: 1400,1482,1484,1566,1567
1484: 1402,1485,1483,1567,1568
1485: 1402,1403,1484,1486,1568,1569
1486: 1404,1487,1403,1485,1569,1570
1487: 1404,1486,1405,1488,1570,1571
1488: 1489,1406,1487,1405,1571,1572
1489: 1406,1488,1407,1490,1572,1573
1490: 1408,1489,1407,1573,1574,1491
1491: 1574,1490,1408,9554,1575
1492: 1576,1409,1493,1577
1493: 1494,1578,1577,1410,1409,1492
1494: 1493,1578,1410,1411,1495,1579
1495: 1580,1579,1412,1411,1494
9858: 
1497: 1581,1582,1413,1414,1498
1498: 1499,1583,1414,1415,1497,1582
1499: 1498,1583,1415,1416,1500,1584
1500: 1501,1585,1584,1416,1417,1499
1501: 1500,1585,1417,1418,1502,1586
1502: 1503,1586,1587,1418,1419,1501
1503: 1502,1587,1419,1420,1504
1504: 1505,1589,1420,1421,1503
1505: 1504,1589,1421,1422,1506,1590
1506: 1591,1590,1423,1422,1505,1507
1507: 1592,1423,1424,1591,1506
9802: 
1509: 1510,1594,1593,1426,1425
1510: 1509,1594,1426,1427,1511,1595
1511: 1512,1595,1596,1427,1428,1510
1512: 1511,1596,1428,1429,1513,1597
1513: 1597,1598,1429,1512,1514
1514: 1515,1599,1431,1513,1598
1515: 1514,1599,1600,1431,1432,1516
1516: 1517,1601,1432,1433,1515,1600
1517: 1516,1601,1602,1433,1434,1518
1518: 1519,1603,1434,1435,1517,1602
1519: 1518,1603,1435,1436,1520,1604
1520: 1521,1604,1605,1436,1437,1519
1521: 1520,1605,1437,1438,1522,1606
1522: 1606,1607,1438,1439,1521,1523
1523: 1608,1439,1440,1522,1607
1524: 1608,1609,1440,1441,1525
1525: 1526,1610,1442,1441,1524,1609
1526: 1525,1610,1442,1443,1527,1611
1527: 1528,1611,1612,1443,1444,1526
1528: 1527,1612,1444,1445,1529,1613
1529: 1613,1614,1445,1446,1528,1530
1530: 1615,1446,1447,1529,1614
1531: 
1532: 1533,1617,1448,1449,1616
1533: 1532,1617,1618,1449,1450,1534
1534: 1535,1619,1450,1451,1533,1618
1535: 1534,1619,1451,1620
1536: 1537,1620,1621,1453
1537: 1536,1621,1453,1454,1538,1622
1538: 1622,1623,1454,1455,1537,1539
1539: 1540,1624,1455,1456,1538,1623
1540: 1539,1624,1625,1456,1541
1541: 1542,1626,1458,1540,1625
1542: 1541,1626,1459,1543,1627
1543: 1544,1627,1628,1459,1460,1542
1544: 1543,1628,1460,1461,1545,1629
1545: 1629,1630,1461,1462,1544
1546: 1547,1631,1462,1463,1630
1547: 1632,1631,1546,1464,1463,1548
1548: 1549,1633,1464,1465,1632,1547
1549: 1548,1633,1634,1465,1550
1550: 1635,1549,1634
9968: 9909
1552: 1553,1468,1469
1553: 1552,1469,1470
9735: 
1555: 1556,1640,1472
1556: 1555,1640,1641,1472,1473,1557
1557: 1642,1473,1474,1556,1641
9732: 9850
1559: 1560,1643,1644,1476
1560: 1559,1644,1476,1477,1561,1645
1561: 1562,1645,1646,1477,1478,1560
1562: 1561,1646,1478,1479,1563
1563: 1479,1480,1562
1564: 1565,1649,1481
1565: 1564,1649,1481,1482,1566,1650
1566: 1567,1651,1650,1483,1482,1565
1567: 1566,1651,1483,1484,1568,1652
1568: 1569,1652,1653,1484,1485,1567
1569: 1568,1653,1485,1486,1570,1654
1570: 1654,1655,1571,1486,1487,1569
1571: 1570,1655,1487,1488,1572,1656
1572: 1657,1656,1489,1488,1571,1573
1573: 1574,1658,1489,1490,1657,1572
1574: 1573,1658,1659,1491,1490,1575
1575: 1660,1574,1659,1491
1576: 1492,1577,1661,1662
1577: 1493,1578,1492,1576,1662,1663
1578: 1493,1494,1577,1579,1663,1664
1579: 1495,1580,1494,1578,1664,1665
1580: 1495,1579,1581,1665,1666
1581: 1497,1582,1580,1666
1582: 1497,1581,1498,1583
1583: 1498,1499,1582,1584
1584: 1500,1585,1499,1583,1669,1670
1585: 1500,1501,1584,1586,1670,1671
1586: 1502,1587,1501,1585,1671,1672
1587: 1502,1503,1586,1672
9745: 
1589: 1504,1505,1590,1674
1590: 1591,1506,1505,1589,1676
1591: 1506,1590,1507,1592,1676,1677
1592: 1507,1591,1677
1593: 1509,1594,1679
1594: 1509,1510,1593,1595,1679,1680
1595: 1511,1596,1510,1594,1680,1681
1596: 1511,1512,1595,1597,1681,1682
1597: 1513,1598,1512,1596,1682
1598: 1513,1597,1514,1599,1684
1599: 1514,1515,1600,1598,1684,1685
1600: 1515,1599,1516,1601,1685,1686
1601: 1516,1517,1602,1600,1686,1687
1602: 1517,1601,1518,1603,1687,1688
1603: 1518,1519,1602,1604,1688,1689
1604: 1520,1605,1519,1603,1689,1690
1605: 1520,1521,1604,1606,1690,1691
1606: 1522,1607,1521,1605,1691
1607: 1522,1606,1523,1608,1693
1608: 1523,1524,1607,1693,1694
1609: 1524,1525,1610,1694,1695
1610: 1525,1526,1609,1611,1695,1696
1611: 1527,1612,1526,1610,1696,1697
1612: 1527,1528,1611,1613,1697,1698
1613: 1529,1614,1528,1612,1698,1699
1614: 1529,1613,1530,1615,1699,1700
1615: 1530,1616,1614,1700,1701
1616: 1615,1532,1617,1701,1702
1617: 1532,1533,1618,1616,1702,1703
1618: 1533,1617,1534,1619,1703,1704
1619: 1534,1535,1618,1704,1705
1620: 1536,1621,1535,1705,1706
1621: 1536,1537,1620,1622,1706,1707
1622: 1538,1623,1537,1621,1707
1623: 1538,1622,1539,1624,1709
1624: 1539,1540,1625,1623,1709,1710
1625: 1540,1624,1541,1626,1710,1711
1626: 1541,1542,1625,1627,1711,1712
1627: 1543,1628,1542,1626,1712,1713
1628: 1543,1544,1627,1629,1713,1714
1629: 1545,1630,1544,1628,1714,1715
1630: 1545,1629,1631,1546,1715,1716
1631: 1632,1547,1546,1630,1716,1717
1632: 1547,1631,1548,1633,1717,1718
1633: 1548,1549,1634,1632,1718,1719
1634: 1549,1633,1550,1635,1719
1635: 1550,1634,1636,1721
1636: 1637,1635,1721,1722
1637: 1636,1638,1722,1723
1638: 1637,1723,1724
9929: 
1640: 1555,1556,1641,1726
1641: 1556,1640,1557,1642,1726,1727
1642: 1557,1641,1643,1727,1728
1643: 1559,1644,1642,1728,1729
1644: 1559,1560,1643,1645,1729,1730
1645: 1561,1646,1560,1644,1730,1731
1646: 1561,1562,1645,1731,1732
9749: 9863
9848: 
1649: 1564,1565,1650,1734,1735
1650: 1566,1651,1565,1649,1735,1736
1651: 1566,1567,1650,1652,1736,1737
1652: 1568,1653,1567,1651,1737,1738
1653: 1568,1569,1652,1654,1738,1739
1654: 1570,1655,1569,1653,1739,1740
1655: 1570,1654,1571,1656,1740,1741
1656: 1657,1572,1655,1571,1741,1742
1657: 1572,1656,1573,1658,1742,1743
1658: 1573,1574,1659,1657,1743,1744
1659: 1574,1658,1575,1660,1744,1745
1660: 1575,1659,1745,1746
1661: 1662,1748,1747,1576
1662: 1661,1748,1576,1577,1663,1749
1663: 1664,1750,1749,1578,1577,1662
1664: 1663,1750,1578,1579,1665,1751
1665: 1752,1751,1580,1579,1664,1666
1666: 1580,1581,1665,1752
1667: 
9824: 
1669: 1756,1755,1584,1670
1670: 1671,1757,1585,1584,1756,1669
1671: 1670,1757,1585,1586,1672,1758
1672: 1758,1759,1586,1587,1671
1673: 
1674: 1760,1761,1589
9700: 9717
1676: 1763,1762,1591,1590,1677
1677: 1764,1591,1592,1763,1676
9750: 
1679: 1680,1766,1765,1594,1593
1680: 1679,1766,1594,1595,1681,1767
1681: 1682,1767,1768,1595,1596,1680
1682: 1681,1768,1596,1597,1769
1683: 
1684: 1685,1771,1598,1599,1770
1685: 1684,1771,1772,1599,1600,1686
1686: 1687,1773,1600,1601,1685,1772
1687: 1686,1773,1774,1601,1602,1688
1688: 1689,1775,1602,1603,1687,1774
1689: 1688,1775,1603,1604,1690
1690: 1691,1777,1604,1605,1689
1691: 1690,1777,1605,1606,1778
9792: 10006,9873
1693: 1694,1780,1607,1608,1779
1694: 1693,1780,1781,1608,1609,1695
1695: 1696,1782,1609,1610,1694,1781
1696: 1695,1782,1783,1610,1611,1697
1697: 1698,1784,1611,1612,1696,1783
1698: 1697,1612,1613,1699
1699: 1786,1613,1614,1698,1700
1700: 1701,1787,1614,1615,1699,1786
1701: 1700,1787,1615,1616,1702
1702: 1703,1616,1617,1701
1703: 1702,1789,1617,1618,1704
1704: 1790,1618,1619,1703
1705: 1791,1619,1620,1706,1792
1706: 1707,1792,1793,1620,1621,1705
1707: 1706,1793,1621,1622,1794
1708: 
1709: 1710,1796,1623,1624,1795
1710: 1709,1796,1797,1624,1625,1711
1711: 1712,1798,1625,1626,1710,1797
1712: 1711,1798,1626,1627,1713
1713: 1714,1800,1627,1628,1712
1714: 1713,1800,1628,1629,1715,1801
1715: 1801,1802,1716,1629,1630,1714
1716: 1715,1802,1630,1631,1717,1803
1717: 1804,1803,1632,1631,1716,1718
1718: 1719,1805,1632,1633,1804,1717
1719: 1718,1805,1806,1633,1634
9730: 
1721: 1635,1636,1722,1808
1722: 1723,1808,1809,1636,1637,1721
1723: 1722,1809,1637,1638,1724,1810
1724: 1810,1811,1638,1723
9994: 
1726: 1640,1641,1727
1727: 1728,1641,1642,1726
1728: 1727,1642,1643,1729,1815
1729: 1730,1816,1815,1643,1644,1728
1730: 1729,1816,1644,1645,1731,1817
1731: 1732,1817,1818,1645,1646,1730
1732: 1731,1818,1646,1819
9906: 9914
1734: 1735,1821,1649,1820
1735: 1734,1821,1822,1649,1650,1736
1736: 1737,1651,1650,1735,1822
1737: 1736,1651,1652,1738,1824
1738: 1739,1824,1825,1652,1653,1737
1739: 1738,1825,1653,1654,1740,1826
1740: 1826,1827,1741,1654,1655,1739
1741: 1740,1827,1655,1656,1742,1828
1742: 1829,1828,1657,1656,1741,1743
1743: 1744,1830,1657,1658,1829,1742
1744: 1743,1830,1831,1658,1659,1745
1745: 1746,1832,1659,1660,1744,1831
1746: 1745,1832,1833,1660
1747: 1661,1748,9364,1834,1835
1748: 1661,1662,1747,1749,1835,1836
1749: 1663,1750,1662,1748,1836,1837
1750: 1663,1664,1749,1751,1837,1838
1751: 1665,1752,1664,1750,1838,1839
1752: 1665,1751,1666,1839,1840
9813: 9720
1754: 1755,1841,1842
1755: 1756,1669,1754,1842,1843
1756: 1669,1755,1670,1757,1843,1844
1757: 1670,1671,1756,1758,1844,1845
1758: 1672,1759,1671,1757,1845,1846
1759: 1672,1758,1760,1846,1847
1760: 1674,1761,1759,1847,1848
1761: 1674,1760,1762,1848,1849
1762: 1763,1676,1761,1849,1850
1763: 1676,1762,1677,1764,1850,1851
1764: 1677,1763,1851,1852
1765: 1679,1766,1852,1853
1766: 1679,1680,1765,1767,1853,1854
1767: 1681,1768,1680,1766,1854,1855
1768: 1681,1682,1767,1769,1855,1856
1769: 1770,1682,1768,1856,1857
1770: 1769,1684,1771,1857,1858
1771: 1684,1685,1772,1770,1858,1859
1772: 1685,1771,1686,1773,1859,1860
1773: 1686,1687,1774,1772,1860,1861
1774: 1687,1773,1688,1775,1861,1862
1775: 1688,1689,1774,1862
1776: 
1777: 1690,1691,1778,1864
1778: 1779,1691,1777,1866
1779: 1778,1693,1780,1866,1867
1780: 1693,1694,1781,1779,1867,1868
1781: 1694,1780,1695,1782,1868,1869
1782: 1695,1696,1783,1781,1869,1870
1783: 1696,1782,1697,1784,1870,1871
1784: 1697,1783,1871
9940: 
1786: 1699,1700,1787,1874
1787: 1700,1701,1786,1874
9790: 
1789: 1703,1790,1876,1877
1790: 1704,1791,1789,1877,1878
1791: 1705,1790,1792,1878,1879
1792: 1706,1793,1705,1791,1879
1793: 1706,1707,1792,1794,1881
1794: 1795,1707,1793
1795: 1794,1709,1796
1796: 1709,1710,1797,1795,1883,1884
1797: 1710,1796,1711,1798,1884
1798: 1711,1712,1797,1885,1886
1799: 
1800: 1713,1714,1801,1887,1888
1801: 1715,1802,1714,1800,1888
1802: 1715,1801,1716,1803,1890
1803: 1804,1717,1802,1716,1891,1890
1804: 1717,1803,1718,1805,1891,1892
1805: 1718,1719,1806,1804,1892,1893
1806: 1719,1805,1893,1894
1807: 
1808: 1722,1809,1721,1896
1809: 1722,1723,1808,1810,1896,1897
1810: 1724,1811,1723,1809,1897,1898
1811: 1724,1810,1898,1899
1812: 1813,1899,1900
1813: 1812,1814,1900,1901
1814: 1813,1815,1901,1902
1815: 1729,1816,1728,1814
1816: 1729,1730,1815,1817
1817: 1731,1818,1730,1816,1905,1904
1818: 1731,1732,1817,1819,1905
1819: 1732,1818,1906
1820: 1734,1821,1907
1821: 1734,1735,1822,1820,1909
1822: 1735,1821,1736,1909,1910
1823: 
1824: 1738,1825,1737,1911,1912
1825: 1738,1739,1824,1826,1912,1913
1826: 1740,1827,1739,1825,1913,1914
1827: 1740,1826,1741,1828,1914,1915
1828: 1829,1742,1827,1741,1915,1916
1829: 1742,1828,1743,1830,1916,1917
1830: 1743,1744,1831,1829,1917,1918
1831: 1744,1830,1745,1832,1918,1919
1832: 1745,1746,1833,1831,1919,1920
1833: 1746,1832,1920,1921
1834: 1923,9364,1747,1835
1835: 1836,1924,1748,1747,1834
1836: 1835,1748,1749,1837
1837: 1838,1750,1749,1836
1838: 1837,1750,1751,1839,1927
1839: 1928,1927,1752,1751,1838,1840
1840: 1841,1929,1752,1839,1928
1841: 1929,1930,1840,1754,1842
1842: 1843,1931,1754,1755,1841,1930
1843: 1842,1931,1932,1756,1755,1844
1844: 1845,1933,1756,1757,1843,1932
1845: 1844,1933,1757,1758,1846,1934
1846: 1847,1934,1935,1758,1759,1845
1847: 1846,1935,1759,1760,1848,1936
1848: 1936,1937,1849,1760,1761,1847
1849: 1848,1937,1761,1762,1850,1938
1850: 1939,1938,1763,1762,1849,1851
1851: 1852,1940,1763,1764,1939,1850
1852: 1851,1940,1941,1764,1765,1853
1853: 1854,1942,1766,1765,1852,1941
1854: 1853,1766,1767,1855,1943
1855: 1856,1943,1944,1767,1768,1854
1856: 1855,1944,1768,1769,1857,1945
1857: 1945,1946,1769,1770,1856,1858
1858: 1859,1947,1770,1771,1857,1946
1859: 1858,1947,1948,1771,1772,1860
1860: 1861,1949,1772,1773,1859,1948
1861: 1860,1949,1950,1773,1774,1862
1862: 1774,1775,1861,1950
9854: 9691,9889
1864: 1953,1777
9719: 
1866: 1954,1779,1778,1867
1867: 1868,1956,1779,1780,1866
1868: 1867,1956,1957,1780,1781,1869
1869: 1870,1958,1781,1782,1868,1957
1870: 1869,1958,1782,1783,1871,1959
1871: 1959,1960,1783,1784,1870
1872: 
1873: 1961,1962,1874
1874: 1873,1786,1787,1963
9850: 9732
1876: 1877,1964,1789
1877: 1876,1789,1790,1878,1966
1878: 1879,1967,1966,1791,1790,1877
1879: 1878,1967,1791,1792,1968
9778: 10022,9952
1881: 1969,1793
9908: 9847
1883: 1884,1972,1796
1884: 1883,1972,1973,1796,1797,1885
1885: 1886,1798,1884,1973
1886: 1885,1798,1887,1975
1887: 1888,1975,1976,1800,1886
1888: 1887,1976,1800,1801,1977
1889: 
1890: 1891,1979,1802,1803,1978
1891: 1980,1979,1890,1804,1803,1892
1892: 1893,1981,1804,1805,1980,1891
1893: 1892,1981,1982,1805,1806,1894
1894: 1983,1806,1893,1982
9747: 
1896: 1897,1984,1985,1808,1809
1897: 1896,1985,1809,1810,1898,1986
1898: 1986,1987,1810,1811,1897,1899
1899: 1900,1988,1811,1812,1898,1987
1900: 1899,1988,1989,1813,1812,1901
1901: 1902,1990,1813,1814,1900,1989
1902: 1901,1990,1991,1814
10036: 9932
1904: 1905,1993,1817
1905: 1904,1817,1818,1906
1906: 1907,1995,1819,1905
1907: 1995,1996,1906,1820
1908: 
1909: 1997,1998,1821,1822,1910
1910: 1911,1999,1822,1909,1998
1911: 1910,1999,1824,1912,2000
1912: 1913,2000,2001,1824,1825,1911
1913: 1912,2001,1825,1826,1914,2002
1914: 2002,2003,1915,1826,1827,1913
1915: 1914,2003,1827,1828,1916,2004
1916: 2005,2004,1829,1828,1915,1917
1917: 1918,2006,1829,1830,2005,1916
1918: 1917,2006,2007,1830,1831,1919
1919: 1920,2008,1831,1832,1918,2007
1920: 1919,2008,2009,1832,1833,1921
1921: 2010,1833,1920,2009
9954: 
1923: 1834,1924,2012,2013
1924: 1835,1923,2013,2014
9928: 
9911: 
1927: 1839,1928,1838,2017
1928: 1839,1927,1929,1840,2017,2018
1929: 1841,1930,1840,1928,2019,2018
1930: 1841,1929,1842,1931,2019,2020
1931: 1842,1843,1932,1930,2020,2021
1932: 1843,1931,1844,1933,2021,2022
1933: 1844,1845,1932,1934,2022,2023
1934: 1846,1935,1845,1933,2023,2024
1935: 1846,1847,1934,1936,2024,2025
1936: 1848,1937,1847,1935,2025,2026
1937: 1848,1936,1849,1938,2026,2027
1938: 1939,1850,1937,1849,2027,2028
1939: 1850,1938,1851,1940,2028
1940: 1851,1852,1941,1939,2030
1941: 1852,1940,1853,1942,2030,2031
1942: 1853,1941,2031,2032
1943: 1855,1944,1854,2033
1944: 1855,1856,1943,1945,2033,2034
1945: 1857,1946,1856,1944,2034,2035
1946: 1857,1945,1858,1947,2035,2036
1947: 1858,1859,1948,1946,2037,2036
1948: 1859,1947,1860,1949,2037,2038
1949: 1860,1861,1950,1948,2038
1950: 1861,1949,1862,1951
1951: 1950,1952,2040,2041
1952: 1953,1951,2041,2042
1953: 1864,1952,1954,2042,2043
1954: 1866,1953,2043,2044
9722: 9708
1956: 1867,1868,1957,2045,2046
1957: 1868,1956,1869,1958,2046,2047
1958: 1869,1870,1957,1959,2047,2048
1959: 1871,1960,1870,1958,2048,2049
1960: 1871,1959,1961,2049,2050
1961: 1873,1962,1960,2050
1962: 1873,1961,1963,2052
1963: 1962,1874
1964: 1876,2054
1965: 
1966: 1878,1967,1877,2055,2056
1967: 1878,1879,1966,1968,2056,2057
1968: 1969,1879,1967,2057,2058
1969: 1881,1968,1970,2058,2059
1970: 1971,1969,2059,2060
1971: 1970,1972,2060,2061
1972: 1883,1884,1973,1971,2061,2062
1973: 1884,1972,1885,2062,2063
1974: 
1975: 1887,1976,1886,2064,2065
1976: 1887,1888,1975,1977,2065,2066
1977: 1978,1888,1976,2066,2067
1978: 1977,1979,1890,2067,2068
1979: 1980,1891,1890,1978,2068,2069
1980: 1891,1979,1892,1981,2069,2070
1981: 1892,1893,1982,1980,2070,2071
1982: 1893,1981,1894,1983,2071,2072
1983: 1894,1982,1984,2072,2073
1984: 1896,1985,1983,2073,2074
1985: 1896,1897,1984,1986,2074,2075
1986: 1898,1987,1897,1985,2075,2076
1987: 1898,1986,1899,1988,2076,2077
1988: 1899,1900,1989,1987,2077,2078
1989: 1900,1988,1901,1990,2078,2079
1990: 1901,1902,1991,1989,2079,2080
1991: 1902,1990,1992,2080,2081
1992: 1991,1993,2081,2082
1993: 1904,1992,2082
9885: 9754,9738
1995: 1907,1996,1906,2085,2084
1996: 1907,1995,1997,2085,2086
1997: 1909,1998,1996,2086,2087
1998: 1909,1997,1910,1999,2087,2088
1999: 1910,1911,1998,2000,2088,2089
2000: 1912,2001,1911,1999,2089,2090
2001: 1912,1913,2000,2002,2090,2091
2002: 1914,2003,1913,2001,2091,2092
2003: 1914,2002,1915,2004,2092,2093
2004: 2005,1916,2003,1915,2093,2094
2005: 1916,2004,1917,2006,2094,2095
2006: 1917,1918,2007,2005,2095,2096
2007: 1918,2006,1919,2008,2096,2097
2008: 1919,1920,2009,2007,2097,2098
2009: 1920,2008,1921,2010,2098,2099
2010: 1921,2009,2099,2100
2011: 2012
2012: 2011,2102,2103,1923,2013
2013: 2014,2104,1923,1924,2012,2103
2014: 2013,2104,1924,2015,2105
2015: 2016,2106,2105,2014
2016: 2015,2106,2017,2107
2017: 2108,2107,1928,1927,2016,2018
2018: 2019,2109,1928,1929,2017,2108
2019: 2109,2110,2018,1929,1930,2020
2020: 2021,2111,1930,1931,2019,2110
2021: 2020,2111,2112,1931,1932,2022
2022: 2023,1932,1933,2021,2112
2023: 2022,1933,1934,2024,2114
2024: 2025,2114,2115,1934,1935,2023
2025: 2024,2115,1935,1936,2026,2116
2026: 2116,2117,2027,1936,1937,2025
2027: 2026,2117,1937,1938,2028,2118
2028: 2119,2118,1939,1938,2027
2029: 
2030: 2120,1940,1941,2031
2031: 2032,2122,1941,1942,2030
2032: 2031,2122,1942,2033,2123
2033: 2034,2124,1943,1944,2032
2034: 2033,2124,1944,1945,2035,2125
2035: 2125,2126,1945,1946,2034,2036
2036: 2037,1946,1947,2035
2037: 2036,1947,1948,2038
2038: 2128,1948,1949,2037
9766: 9978
2040: 2041,2130,2131,1951
2041: 2040,2131,1951,1952,2042,2132
2042: 2043,2132,2133,1953,1952,2041
2043: 2042,2133,1953,1954,2044,2134
2044: 2134,2135,1954,2043,2045
2045: 2046,2136,1956,2044,2135
2046: 2045,2136,2137,1956,1957,2047
2047: 2048,2138,1957,1958,2046,2137
2048: 2047,2138,1958,1959,2049,2139
2049: 2050,2139,2140,1959,1960,2048
2050: 2049,2140,1960,1961,2141
2051: 
2052: 2142,1962,2143
10019: 
2054: 2055,2145,1964
2055: 2054,2145,1966,2056,2146
2056: 2057,2147,2146,1967,1966,2055
2057: 2056,2147,1967,1968,2058,2148
2058: 2059,2148,2149,1969,1968,2057
2059: 2058,2149,1969,1970,2060,2150
2060: 2150,2151,1971,1970,2059,2061
2061: 2062,2152,1971,1972,2060,2151
2062: 2061,2152,2153,1972,1973,2063
2063: 2064,2154,1973,2062,2153
2064: 2063,2154,1975,2065,2155
2065: 2066,2155,2156,1975,1976,2064
2066: 2065,2156,1976,1977,2067,2157
2067: 2157,2158,2068,1977,1978,2066
2068: 2067,2158,1978,1979,2069,2159
2069: 2160,2159,1980,1979,2068,2070
2070: 2071,2161,1980,1981,2160,2069
2071: 2070,2161,2162,1981,1982,2072
2072: 2073,2163,1982,1983,2071,2162
2073: 2072,2163,1983,1984,2074
2074: 2075,2165,1984,1985,2073
2075: 2074,2165,1985,1986,2166
2076: 2166,2167,1986,1987,2077
2077: 2078,2168,1987,1988,2076,2167
2078: 2077,2168,2169,1988,1989,2079
2079: 2080,2170,1989,1990,2078,2169
2080: 2079,2170,2171,1990,1991,2081
2081: 2082,2172,1991,1992,2080,2171
2082: 2081,2172,1992,1993,2173
9762: 9752
2084: 2085,2175,1995,2174
2085: 2175,2176,2084,1995,1996,2086
2086: 2087,2177,1996,1997,2085,2176
2087: 2086,2177,2178,1997,1998,2088
2088: 2089,2179,1998,1999,2087,2178
2089: 2088,2179,1999,2000,2090,2180
2090: 2091,2180,2181,2000,2001,2089
2091: 2090,2181,2001,2002,2092,2182
2092: 2182,2183,2093,2002,2003,2091
2093: 2092,2183,2003,2004,2094
2094: 2185,2005,2004,2093,2095
2095: 2096,2186,2005,2006,2185,2094
2096: 2095,2186,2187,2006,2007,2097
2097: 2098,2188,2007,2008,2096,2187
2098: 2097,2188,2189,2008,2009,2099
2099: 2100,2190,2009,2010,2098,2189
2100: 2099,2190,2010
2101: 9510,2102,2192,2193
2102: 2012,2103,2101,2193,2194
2103: 2012,2102,2013,2104,2194,2195
2104: 2013,2014,2103,2105,2195,2196
2105: 2015,2106,2014,2104,2196,2197
2106: 2015,2016,2105,2107,2197,2198
2107: 2017,2108,2016,2106,2198,2199
2108: 2017,2107,2109,2018
2109: 2019,2110,2018,2108,2201
2110: 2019,2109,2020,2111,2201,2202
2111: 2020,2021,2112,2110,2202,2203
2112: 2021,2111,2022,2203,2204
9761: 9709
2114: 2024,2115,2023,2205,2206
2115: 2024,2025,2114,2116,2206,2207
2116: 2026,2117,2025,2115,2207,2208
2117: 2026,2116,2027,2118,2208,2209
2118: 2119,2028,2117,2027,2209,2210
2119: 2028,2118,2120,2210,2211
2120: 2030,2119,2211,2212
2121: 
2122: 2031,2032,2123,2214
2123: 2124,2032,2122,2214,2215
2124: 2033,2034,2123,2125,2215,2216
2125: 2035,2126,2034,2124,2216,2217
2126: 2035,2125,2217
9937: 9780,9840
2128: 2038,2129,2219,2220
2129: 2128,2130,2220,2221
2130: 2040,2131,2129,2221,2222
2131: 2040,2041,2130,2132,2222,2223
2132: 2042,2133,2041,2131,2223,2224
2133: 2042,2043,2132,2134,2224,2225
2134: 2044,2135,2043,2133,2225,2226
2135: 2044,2134,2045,2136,2226,2227
2136: 2045,2046,2137,2135,2227,2228
2137: 2046,2136,2047,2138,2228,2229
2138: 2047,2048,2137,2139,2229,2230
2139: 2049,2140,2048,2138,2230,2231
2140: 2049,2050,2139,2141,2231,2232
2141: 2142,2050,2140,2232,2233
2142: 2141,2052,2143,2233,2234
2143: 2142,2052,2234,2235
2144: 2145,2235,2236
2145: 2054,2055,2144,2146,2237
2146: 2056,2147,2055,2145,2237,2238
2147: 2056,2057,2146,2148,2238,2239
2148: 2058,2149,2057,2147,2239,2240
2149: 2058,2059,2148,2150,2240,2241
2150: 2060,2151,2059,2149,2241,2242
2151: 2060,2150,2061,2152,2242,2243
2152: 2061,2062,2153,2151,2243,2244
2153: 2062,2152,2063,2154,2244,2245
2154: 2063,2064,2153,2155,2245,2246
2155: 2065,2156,2064,2154,2246,2247
2156: 2065,2066,2155,2157,2247,2248
2157: 2067,2158,2066,2156,2248,2249
2158: 2067,2157,2068,2159,2249,2250
2159: 2160,2069,2158,2068,2250,2251
2160: 2069,2159,2070,2161,2251,2252
2161: 2070,2071,2162,2160,2252,2253
2162: 2071,2161,2072,2163,2253,2254
2163: 2072,2073,2162,2254,2255
2164: 
2165: 2074,2075,2256,2257
2166: 2076,2167,2075
2167: 2076,2166,2077,2168
2168: 2077,2078,2169,2167,2259
2169: 2078,2168,2079,2170,2261
2170: 2079,2080,2171,2169,2261,2262
2171: 2080,2170,2081,2172,2262,2263
2172: 2081,2082,2171,2263,2264
2173: 2174,2082,2264,2265
2174: 2173,2175,2084,2265,2266
2175: 2085,2176,2084,2174,2266,2267
2176: 2085,2175,2086,2177,2267
2177: 2086,2087,2178,2176,2269
2178: 2087,2177,2088,2179,2269,2270
2179: 2088,2089,2178,2180,2270,2271
2180: 2090,2181,2089,2179,2271,2272
2181: 2090,2091,2180,2182,2272,2273
2182: 2092,2183,2091,2181,2273,2274
2183: 2092,2182,2093,2274,2275
9706: 
2185: 2094,2095,2186,2276,2277
2186: 2095,2096,2187,2185,2277,2278
2187: 2096,2186,2097,2188,2278,2279
2188: 2097,2098,2189,2187,2279,2280
2189: 2098,2188,2099,2190,2280
2190: 2099,2100,2189,2191
2191: 2190,2282,2283
2192: 2284,2285,9286,2101,9510,2193
2193: 2194,2286,2101,2102,2192,2285
2194: 2193,2286,2287,2102,2103,2195
2195: 2196,2288,2103,2104,2194,2287
2196: 2195,2288,2104,2105,2197,2289
2197: 2198,2290,2289,2106,2105,2196
2198: 2197,2290,2106,2107,2199,2291
2199: 2292,2291,2107,2198
9838: 
2201: 2294,2109,2110,2202
2202: 2203,2295,2110,2111,2201
2203: 2202,2295,2296,2111,2112,2204
2204: 2205,2112,2203,2296
2205: 2204,2114,2206,2298
2206: 2207,2298,2299,2114,2115,2205
2207: 2206,2299,2115,2116,2208,2300
2208: 2300,2301,2209,2116,2117,2207
2209: 2208,2301,2117,2118,2210
2210: 2119,2118,2209,2211
2211: 2212,2304,2119,2120,2303,2210
2212: 2211,2304,2120,2305
2213: 
2214: 2306,2122,2123,2215,2307
2215: 2216,2307,2308,2123,2124,2214
2216: 2215,2308,2124,2125,2217,2309
2217: 2309,2310,2125,2126,2216,2218
2218: 2311,2217,2310
2219: 2311,2312,2128,2220
2220: 2221,2313,2128,2129,2219,2312
2221: 2220,2313,2129,2130,2222,2314
2222: 2223,2314,2315,2130,2131,2221
2223: 2222,2315,2131,2132,2224,2316
2224: 2225,2316,2317,2132,2133,2223
2225: 2224,2317,2133,2134,2226
2226: 2319,2134,2135,2225,2227
2227: 2228,2320,2135,2136,2226,2319
2228: 2227,2320,2321,2136,2137,2229
2229: 2230,2322,2137,2138,2228,2321
2230: 2229,2322,2138,2139,2231,2323
2231: 2232,2323,2324,2139,2140,2230
2232: 2231,2324,2140,2141,2233,2325
2233: 2325,2326,2234,2141,2142,2232
2234: 2233,2326,2142,2143,2235,2327
2235: 2328,2327,2144,2143,2234
2236: 2237,2329,2144,2328
2237: 2236,2330,2145,2146,2238
2238: 2239,2331,2147,2146,2237,2330
2239: 2238,2331,2147,2148,2240,2332
2240: 2241,2332,2333,2148,2149,2239
2241: 2240,2333,2149,2150,2242,2334
2242: 2334,2335,2150,2151,2241,2243
2243: 2244,2336,2151,2152,2242,2335
2244: 2243,2336,2337,2152,2153,2245
2245: 2246,2338,2153,2154,2244,2337
2246: 2245,2338,2154,2155,2247,2339
2247: 2248,2339,2340,2155,2156,2246
2248: 2247,2340,2156,2157,2249,2341
2249: 2341,2342,2250,2157,2158,2248
2250: 2249,2342,2158,2159,2251,2343
2251: 2344,2343,2160,2159,2250,2252
2252: 2253,2345,2160,2161,2344,2251
2253: 2252,2345,2161,2162,2254,2346
2254: 2255,2347,2346,2162,2163,2253
2255: 2254,2347,2163,2256,2348
2256: 2257,2348,2349,2165,2255
2257: 2256,2349,2165
9997: 9742
2259: 2352,2168,2351
9774: 9899
2261: 2262,2354,2169,2170,2353
2262: 2261,2354,2355,2170,2171,2263
2263: 2264,2356,2171,2172,2262,2355
2264: 2263,2356,2172,2173,2265,2357
2265: 2358,2357,2266,2173,2174,2264
2266: 2265,2358,2174,2175,2267,2359
2267: 2359,2175,2176,2266
9877: 
2269: 2362,2361,2177,2178,2270
2270: 2271,2363,2178,2179,2362,2269
2271: 2270,2363,2179,2180,2272,2364
2272: 2273,2364,2365,2180,2181,2271
2273: 2272,2365,2181,2182,2274,2366
2274: 2366,2367,2275,2182,2183,2273
2275: 2274,2367,2183,2276,2368
2276: 2369,2368,2185,2275,2277
2277: 2278,2370,2185,2186,2369,2276
2278: 2277,2370,2186,2187,2279,2371
2279: 2280,2372,2371,2187,2188,2278
2280: 2279,2372,2188,2189
9984: 9844
2282: 2374,2191,2283,2375
2283: 2375,2376,9624,2191,2282
2284: 2192,2285,9286,2377
2285: 2192,2284,2193,2286,2379
2286: 2193,2194,2287,2285,2379,2380
2287: 2194,2286,2195,2288,2380,2381
2288: 2195,2196,2287,2289,2381,2382
2289: 2197,2290,2196,2288,2382,2383
2290: 2197,2198,2289,2291,2383,2384
2291: 2199,2292,2198,2290,2384,2385
2292: 2199,2291,2293,2385,2386
2293: 2294,2292,2386,2387
2294: 2201,2293,2295,2387,2388
2295: 2202,2203,2296,2294,2388,2389
2296: 2203,2295,2204,2389
9861: 9726,9784
2298: 2206,2299,2205,2392
2299: 2206,2207,2298,2300,2392,2393
2300: 2208,2301,2207,2299,2393,2394
2301: 2208,2300,2209,2394
9895: 9780,9840
2303: 2211,2304,2396,2397
2304: 2211,2212,2303,2305,2397,2398
2305: 2306,2212,2304,2398,2399
2306: 2214,2305,2307,2399,2400
2307: 2215,2308,2214,2306,2400,2401
2308: 2215,2216,2307,2309,2401,2402
2309: 2217,2310,2216,2308,2402,2403
2310: 2217,2309,2218,2403,2404
2311: 2218,2219,2312,2404,2405
2312: 2219,2311,2220,2313,2405,2406
2313: 2220,2221,2312,2314,2406,2407
2314: 2222,2315,2221,2313,2407,2408
2315: 2222,2223,2314,2316,2408,2409
2316: 2224,2317,2223,2315,2409,2410
2317: 2224,2225,2316,2410,2411
9892: 9800
2319: 2226,2227,2320
2320: 2227,2228,2321,2319
2321: 2228,2320,2229,2322
2322: 2229,2230,2321,2323,2415
2323: 2231,2324,2230,2322,2416
2324: 2231,2232,2323,2325,2417,2418
2325: 2233,2326,2232,2324,2418,2419
2326: 2233,2325,2234,2327,2419,2420
2327: 2328,2235,2326,2234,2420,2421
2328: 2235,2327,2236,2329,2421,2422
2329: 2236,2330,2328,2422,2423
2330: 2237,2329,2238,2331
2331: 2238,2239,2330,2332,2424,2425
2332: 2240,2333,2239,2331,2425,2426
2333: 2240,2241,2332,2334,2426,2427
2334: 2242,2335,2241,2333,2427,2428
2335: 2242,2334,2243,2336,2428,2429
2336: 2243,2244,2337,2335,2429,2430
2337: 2244,2336,2245,2338,2430,2431
2338: 2245,2246,2337,2339,2431
2339: 2247,2340,2246,2338,2433
2340: 2247,2248,2339,2341,2433,2434
2341: 2249,2342,2248,2340,2434
2342: 2249,2341,2250,2343,2436
2343: 2344,2251,2342,2250,2436
2344: 2251,2343,2252,2345
2345: 2252,2253,2344,2346,2439
2346: 2254,2347,2253,2345,2439,2440
2347: 2254,2255,2346,2348,2440,2441
2348: 2256,2349,2255,2347,2441,2442
2349: 2256,2257,2348,2350,2442,2443
2350: 2351,2349,2443,2444
2351: 2350,2259,2352,2444,2445
2352: 2259,2353,2351,2445,2446
2353: 2352,2261,2354,2446,2447
2354: 2261,2262,2355,2353,2447,2448
2355: 2262,2354,2263,2356,2448,2449
2356: 2263,2264,2355,2357
2357: 2265,2358,2264,2356
2358: 2265,2357,2266,2359,2451
2359: 2267,2358,2266,2452
2360: 
2361: 2362,2269,2454,2455
2362: 2269,2361,2270,2363,2455,2456
2363: 2270,2271,2362,2364,2456,2457
2364: 2272,2365,2271,2363,2457,2458
2365: 2272,2273,2364,2366,2458,2459
2366: 2274,2367,2273,2365,2459,2460
2367: 2274,2366,2275,2368,2460,2461
2368: 2369,2276,2367,2275,2461,2462
2369: 2276,2368,2277,2370,2462,2463
2370: 2277,2278,2369,2371,2463,2464
2371: 2279,2372,2278,2370,2464,2465
2372: 2279,2280,2371,2373,2465
2373: 2374,2372,2466,2467
2374: 2282,2373,2375,2467,2468
2375: 2283,2376,2374,2282,2468
2376: 2283,2375,9624,2470
2377: 2284
2378: 
2379: 2380,2474,2285,2286,2473
2380: 2379,2474,2475,2286,2287,2381
2381: 2382,2476,2287,2288,2380,2475
2382: 2381,2476,2288,2289,2383,2477
2383: 2384,2478,2477,2290,2289,2382
2384: 2383,2478,2290,2291,2385,2479
2385: 2386,2479,2480,2292,2291,2384
2386: 2385,2480,2292,2293,2387,2481
2387: 2481,2293,2294,2386,2388
2388: 2389,2483,2294,2295,2387
2389: 2388,2483,2295,2296,2390
2390: 2485,2389,2484
2391: 2485,2392,2486
2392: 2393,2298,2299,2391
2393: 2392,2299,2300,2394,2488
2394: 2488,2395,2300,2301,2393
2395: 2394,2489,2396,2490
2396: 2491,2490,2303,2395,2397
2397: 2398,2492,2303,2304,2491,2396
2398: 2397,2492,2493,2304,2305,2399
2399: 2400,2494,2306,2305,2398,2493
2400: 2399,2494,2306,2307,2401,2495
2401: 2402,2495,2496,2307,2308,2400
2402: 2401,2496,2308,2309,2403,2497
2403: 2497,2309,2310,2402
2404: 2405,2499,2310,2311
2405: 2404,2499,2500,2311,2312,2406
2406: 2407,2501,2312,2313,2405,2500
2407: 2406,2501,2313,2314,2408,2502
2408: 2409,2502,2503,2314,2315,2407
2409: 2408,2503,2315,2316,2410,2504
2410: 2411,2504,2505,2316,2317,2409
2411: 2410,2505,2317,2412,2506
2412: 2506,2507,2411,2413
2413: 2508,2412,2507
2414: 
2415: 2416,2510,2322,2509
2416: 2415,2510,2323,2417,2511
2417: 2418,2511,2512,2324,2416
2418: 2417,2512,2324,2325,2419,2513
2419: 2513,2514,2420,2325,2326,2418
2420: 2419,2514,2326,2327,2421,2515
2421: 2516,2515,2328,2327,2420,2422
2422: 2328,2329,2516,2421
2423: 2517,2329,2424,2518
2424: 2425,2519,2518,2331,2423
2425: 2424,2519,2331,2332,2426,2520
2426: 2427,2520,2521,2332,2333,2425
2427: 2426,2521,2333,2334,2428,2522
2428: 2522,2523,2334,2335,2427,2429
2429: 2430,2524,2335,2336,2428,2523
2430: 2429,2524,2525,2336,2337,2431
2431: 2526,2337,2338,2430,2525
9806: 
2433: 2434,2528,2527,2339,2340
2434: 2433,2528,2340,2341,2529
2435: 
2436: 2530,2342,2343
2437: 
9866: 
2439: 2534,2533,2345,2346,2440
2440: 2441,2535,2347,2346,2534,2439
2441: 2440,2535,2347,2348,2442,2536
2442: 2443,2536,2537,2348,2349,2441
2443: 2442,2537,2349,2350,2444,2538
2444: 2538,2539,2351,2350,2443,2445
2445: 2446,2540,2351,2352,2444,2539
2446: 2445,2540,2541,2353,2352,2447
2447: 2448,2542,2353,2354,2446,2541
2448: 2447,2542,2354,2355,2449
2449: 2355,2448
10043: 9971
2451: 2546,2545,2358,2452
2452: 2453,2547,2359,2451,2546
2453: 2547,2548,2452,2454
2454: 2455,2549,2361,2453
2455: 2454,2549,2550,2362,2361,2456
2456: 2457,2551,2362,2363,2455,2550
2457: 2456,2551,2363,2364,2458,2552
2458: 2459,2552,2553,2364,2365,2457
2459: 2458,2553,2365,2366,2460,2554
2460: 2554,2555,2461,2366,2367,2459
2461: 2460,2555,2367,2368,2462,2556
2462: 2556,2369,2368,2461,2463
2463: 2558,2369,2370,2462
2464: 2370,2371,2465,2559
2465: 2466,2560,2559,2372,2371,2464
2466: 2465,2560,2373,2467,2561
2467: 2468,2561,2562,2374,2373,2466
2468: 2467,2562,2374,2375,2563
9736: 
2470: 2564,2376,2565
9782: 
9856: 
2473: 2379,2474,2567
2474: 2379,2380,2475,2473,2569
2475: 2380,2474,2381,2476,2569,2570
2476: 2381,2382,2475,2477,2570,2571
2477: 2383,2478,2382,2476,2571,2572
2478: 2383,2384,2477,2479,2572,2573
2479: 2385,2480,2384,2478,2573,2574
2480: 2385,2386,2479,2481,2574,2575
2481: 2387,2386,2480,2575,2576
2482: 
2483: 2388,2389,2484,2577,2578
2484: 2483,2390,2485,2578,2579
2485: 2390,2391,2484,2486,2579,2580
2486: 2391,2485,2580,2581
2487: 
2488: 2394,2489,2393
2489: 2488,2395,2490,2583,2584
2490: 2491,2396,2489,2395,2584,2585
2491: 2396,2490,2397,2492,2585,2586
2492: 2397,2398,2493,2491,2586,2587
2493: 2398,2492,2399,2494,2587,2588
2494: 2399,2400,2493,2495,2588,2589
2495: 2401,2496,2400,2494,2589,2590
2496: 2401,2402,2495,2497,2590,2591
2497: 2403,2402,2496,2591,2592
9917: 
2499: 2404,2405,2500,2593,2594
2500: 2405,2499,2406,2501,2594,2595
2501: 2406,2407,2500,2502,2595,2596
2502: 2408,2503,2407,2501,2596,2597
2503: 2408,2409,2502,2504,2597,2598
2504: 2410,2505,2409,2503,2598,2599
2505: 2410,2411,2504,2506,2599,2600
2506: 2412,2507,2411,2505,2600,2601
2507: 2412,2506,2413,2508,2601,2602
2508: 2413,2509,2507,2602,2603
2509: 2508,2415,2510,2603,2604
2510: 2415,2416,2509,2511,2604,2605
2511: 2417,2512,2416,2510,2605,2606
2512: 2417,2418,2511,2513,2606,2607
2513: 2419,2514,2418,2512,2607,2608
2514: 2419,2513,2420,2515,2608,2609
2515: 2516,2421,2514,2420,2609,2610
2516: 2421,2515,2422,2610
2517: 2423,2518,2611,2612
2518: 2424,2519,2423,2517,2612,2613
2519: 2424,2425,2518,2520,2613
2520: 2426,2521,2425,2519,2615
2521: 2426,2427,2520,2522,2615,2616
2522: 2428,2523,2427,2521,2616,2617
2523: 2428,2522,2429,2524,2617,2618
2524: 2429,2430,2525,2523,2618,2619
2525: 2430,2524,2431,2526,2619,2620
2526: 2431,2621,2525,2527,2620
2527: 2433,2528,2621,2526
2528: 2433,2434,2527,2623,2529
2529: 2434,2528,2623
2530: 2436,2531,2625
2531: 2532,2530,2625,2626
2532: 2531,2533,2626,2627
2533: 2534,2439,2532,2627,2628
2534: 2439,2533,2440,2535,2628,2629
2535: 2440,2441,2534,2536,2629,2630
2536: 2442,2537,2441,2535,2630,2631
2537: 2442,2443,2536,2538,2631,2632
2538: 2444,2539,2443,2537,2632,2633
2539: 2444,2538,2445,2540,2633,2634
2540: 2445,2446,2541,2539,2634,2635
2541: 2446,2540,2447,2542,2635,2636
2542: 2447,2448,2541,2636,2637
9899: 9774
2544: 2638,2639
2545: 2451,2546,2639,2640
2546: 2451,2545,2547,2452,2640,2641
2547: 2453,2548,2452,2546,2642,2641
2548: 2453,2547,2549,2642,2643
2549: 2454,2455,2550,2548,2644
2550: 2455,2549,2456,2551,2644,2645
2551: 2456,2457,2550,2552,2645,2646
2552: 2458,2553,2457,2551,2646,2647
2553: 2458,2459,2552,2554,2647,2648
2554: 2460,2555,2459,2553,2648,2649
2555: 2460,2554,2461,2556,2649,2650
2556: 2462,2555,2461,2650,2651
2557: 
2558: 2463,2652,2653
2559: 2465,2560,2464,2654
2560: 2465,2466,2559,2561,2654,2655
2561: 2467,2562,2466,2560,2655,2656
2562: 2467,2468,2561,2563,2656,2657
2563: 2564,2468,2562,2657,2658
2564: 2470,2563,2565,2658,2659
2565: 2470,2564,2659
2566: 2567,2661,2660
2567: 2661,2662,2566,2473
2568: 
2569: 2663,2664,2474,2475,2570
2570: 2571,2665,2475,2476,2569,2664
2571: 2570,2665,2476,2477,2572,2666
2572: 2573,2667,2666,2478,2477,2571
2573: 2572,2667,2478,2479,2574
2574: 2575,2669,2479,2480,2573
2575: 2574,2669,2480,2481,2670
2576: 2670,2671,2481,2577
2577: 2578,2672,2483,2576,2671
2578: 2577,2672,2673,2483,2484,2579
2579: 2580,2674,2484,2485,2578,2673
2580: 2579,2674,2485,2486,2581,2675
2581: 2582,2675,2676,2486,2580
2582: 2581,2676,2583,2677
2583: 2677,2678,2584,2489,2582
2584: 2583,2678,2489,2490,2585,2679
2585: 2680,2679,2491,2490,2584,2586
2586: 2587,2681,2491,2492,2680,2585
2587: 2586,2681,2682,2492,2493,2588
2588: 2589,2683,2493,2494,2587,2682
2589: 2588,2683,2494,2495,2590,2684
2590: 2591,2684,2685,2495,2496,2589
2591: 2590,2685,2496,2497,2592,2686
2592: 2686,2687,2497,2591
2593: 2594,2688,2499,2687
2594: 2593,2688,2689,2499,2500,2595
2595: 2596,2690,2500,2501,2594,2689
2596: 2595,2690,2501,2502,2597,2691
2597: 2598,2692,2691,2502,2503,2596
2598: 2597,2692,2503,2504,2599,2693
2599: 2694,2693,2600,2504,2505,2598
2600: 2599,2694,2505,2506,2601,2695
2601: 2695,2506,2507,2600,2602
2602: 2603,2697,2507,2508,2601
2603: 2602,2697,2698,2508,2509,2604
2604: 2605,2699,2509,2510,2603,2698
2605: 2604,2699,2510,2511,2606,2700
2606: 2607,2700,2701,2511,2512,2605
2607: 2606,2701,2512,2513,2608,2702
2608: 2702,2703,2609,2513,2514,2607
2609: 2608,2703,2514,2515,2610,2704
2610: 2704,2516,2515,2609
2611: 2612,2517,2705
2612: 2611,2517,2518,2613,2707
2613: 2708,2707,2519,2518,2612
2614: 
2615: 2616,2709,2710,2520,2521
2616: 2615,2710,2521,2522,2617,2711
2617: 2711,2712,2522,2523,2616,2618
2618: 2619,2713,2523,2524,2617,2712
2619: 2618,2713,2714,2524,2525,2620
2620: 2715,2525,2621,2526,2619,2714
2621: 2526,2527,2620,2715
2622: 
2623: 2528,2529
9942: 9651,9963
2625: 2626,2720,2530,2531
2626: 2625,2720,2721,2532,2531,2627
2627: 2628,2722,2532,2533,2626,2721
2628: 2627,2722,2723,2534,2533,2629
2629: 2630,2724,2534,2535,2628,2723
2630: 2629,2724,2535,2536,2631,2725
2631: 2632,2725,2726,2536,2537,2630
2632: 2631,2726,2537,2538,2633,2727
2633: 2727,2728,2538,2539,2632,2634
2634: 2635,2729,2539,2540,2633,2728
2635: 2634,2729,2730,2540,2541,2636
2636: 2637,2731,2541,2542,2635,2730
2637: 2636,2731,2732,2542,2638
2638: 2733,2544,2637,2732
2639: 2733,2544,2545,2640,2734
2640: 2735,2734,2546,2545,2639,2641
2641: 2642,2736,2546,2547,2640,2735
2642: 2736,2737,2641,2547,2548,2643
2643: 2644,2738,2548,2642,2737
2644: 2643,2739,2549,2550,2645
2645: 2646,2550,2551,2644,2739
2646: 2645,2551,2552,2647,2741
2647: 2648,2741,2742,2552,2553,2646
2648: 2647,2742,2553,2554,2649,2743
2649: 2743,2744,2650,2554,2555,2648
2650: 2649,2744,2555,2556,2651,2745
2651: 2746,2745,2556,2650,2652
2652: 2653,2747,2558,2746,2651
2653: 2652,2747,2748,2558,2654
2654: 2655,2749,2560,2559,2653,2748
2655: 2654,2749,2560,2561,2656,2750
2656: 2657,2750,2751,2561,2562,2655
2657: 2656,2751,2562,2563,2658,2752
2658: 2752,2753,2659,2563,2564,2657
2659: 2658,2753,2564,2565,9304
2660: 2661,2566,2755
2661: 2567,2662,2566,2660,2757
2662: 2567,2661,2663,2757,2758
2663: 2569,2664,2662,2758,2759
2664: 2569,2663,2570,2665,2759,2760
2665: 2570,2571,2664,2666,2760,2761
2666: 2572,2667,2571,2665,2761,2762
2667: 2572,2573,2666,2762,2763
2668: 
2669: 2574,2575,2764,2765
2670: 2576,2671,2575,2766,2765
2671: 2576,2670,2577,2672,2766,2767
2672: 2577,2578,2673,2671,2767
2673: 2578,2672,2579,2674,2769
2674: 2579,2580,2673,2675,2769,2770
2675: 2581,2676,2580,2674,2770,2771
2676: 2581,2582,2675,2677,2771,2772
2677: 2583,2678,2582,2676,2772,2773
2678: 2583,2677,2584,2679,2773,2774
2679: 2680,2585,2678,2584,2774,2775
2680: 2585,2679,2586,2681,2775,2776
2681: 2586,2587,2682,2680,2776,2777
2682: 2587,2681,2588,2683,2777,2778
2683: 2588,2589,2682,2684,2778,2779
2684: 2590,2685,2589,2683,2779,2780
2685: 2590,2591,2684,2686,2780,2781
2686: 2592,2687,2591,2685,2781,2782
2687: 2592,2686,2593,2688,2782,2783
2688: 2593,2594,2689,2687,2783,2784
2689: 2594,2688,2595,2690,2784,2785
2690: 2595,2596,2689,2691,2785,2786
2691: 2597,2692,2596,2690,2786,2787
2692: 2597,2598,2691,2693,2787,2788
2693: 2599,2694,2598,2692,2788,2789
2694: 2599,2693,2600,2695,2789,2790
2695: 2601,2694,2600,2790,2791
2696: 
2697: 2602,2603,2698,2792,2793
2698: 2603,2697,2604,2699,2793,2794
2699: 2604,2605,2698,2700,2794,2795
2700: 2606,2701,2605,2699,2795,2796
2701: 2606,2607,2700,2702,2796,2797
2702: 2608,2703,2607,2701,2797,2798
2703: 2608,2702,2609,2704,2798,2799
2704: 2610,2703,2609,2799,2800
2705: 2611,2800,2801
2706: 
2707: 2613,2708,2612,2802,2803
2708: 2613,2707,2709,2803,2804
2709: 2615,2710,2708,2804,2805
2710: 2615,2616,2709,2711,2805,2806
2711: 2617,2712,2616,2710,2806
2712: 2617,2711,2618,2713,2808
2713: 2618,2619,2714,2712,2808
2714: 2619,2713,2620,2715,2810
2715: 2620,2621,2714,2810
9948: 
2717: 2718,2812
2718: 2719,2717,2814
2719: 2718,2720,2814,2815
2720: 2625,2626,2721,2719,2816
2721: 2626,2720,2627,2722,2816,2817
2722: 2627,2628,2723,2721,2817,2818
2723: 2628,2722,2629,2724,2818,2819
2724: 2629,2630,2723,2725,2819,2820
2725: 2631,2726,2821,2630,2724,2820
2726: 2631,2632,2725,2821,2727,2822
2727: 2633,2728,2632,2726,2822,2823
2728: 2633,2727,2634,2729,2823,2824
2729: 2634,2635,2730,2728,2824,2825
2730: 2635,2729,2636,2731,2825,2826
2731: 2636,2637,2732,2730,2826,2827
2732: 2637,2731,2638,2827,2828
2733: 2638,2639,2734
2734: 2640,2735,2639,2733,2830
2735: 2640,2734,2736,2641,2830,2831
2736: 2642,2737,2641,2735,2831,2832
2737: 2642,2736,2643,2738,2832,2833
2738: 2643,2739,2737,2833,2834
2739: 2644,2738,2645
9967: 
2741: 2647,2742,2646,2836,2837
2742: 2647,2648,2741,2743,2837,2838
2743: 2649,2744,2648,2742,2838,2839
2744: 2649,2743,2650,2745,2839,2840
2745: 2746,2651,2744,2650,2840,2841
2746: 2651,2745,2652,2747,2841,2842
2747: 2652,2653,2748,2746,2842,2843
2748: 2653,2747,2654,2749,2843,2844
2749: 2654,2655,2748,2750,2844,2845
2750: 2656,2751,2655,2749,2845,2846
2751: 2656,2657,2750,2752,2846,2847
2752: 2658,2753,2657,2751,2847,2848
2753: 2658,2752,2659,9304,2848
2754: 9304
2755: 2852,2851,2660
2756: 
2757: 2853,2854,2661,2662,2758
2758: 2759,2855,2662,2663,2757,2854
2759: 2758,2855,2663,2664,2760
2760: 2761,2857,2664,2665,2759
2761: 2760,2857,2665,2666,2762,2858
2762: 2763,2859,2858,2667,2666,2761
2763: 2762,2859,2667,2764,2860
2764: 2861,2860,2669,2763,2765
2765: 2766,2862,2669,2670,2764,2861
2766: 2862,2863,2765,2670,2671,2767
2767: 2864,2671,2672,2766,2863
2768: 
2769: 2770,2866,2673,2674,2865
2770: 2769,2866,2674,2675,2771,2867
2771: 2772,2867,2868,2675,2676,2770
2772: 2771,2868,2676,2677,2773,2869
2773: 2869,2870,2677,2678,2772,2774
2774: 2775,2871,2678,2679,2773,2870
2775: 2774,2871,2872,2680,2679,2776
2776: 2777,2873,2680,2681,2775,2872
2777: 2776,2873,2874,2681,2682,2778
2778: 2779,2875,2682,2683,2777,2874
2779: 2778,2875,2683,2684,2780,2876
2780: 2781,2876,2877,2684,2685,2779
2781: 2780,2877,2685,2686,2782,2878
2782: 2878,2879,2686,2687,2781,2783
2783: 2784,2880,2687,2688,2782,2879
2784: 2783,2880,2881,2688,2689,2785
2785: 2786,2882,2689,2690,2784,2881
2786: 2785,2882,2690,2691,2787,2883
2787: 2788,2883,2884,2692,2691,2786
2788: 2787,2884,2692,2693,2789,2885
2789: 2790,2885,2886,2694,2693,2788
2790: 2789,2886,2694,2695,2791,2887
2791: 2887,2888,2695,2790,2792
2792: 2793,2889,2697,2791,2888
2793: 2792,2889,2890,2697,2698,2794
2794: 2795,2891,2698,2699,2793,2890
2795: 2794,2891,2699,2700,2796,2892
2796: 2797,2892,2893,2700,2701,2795
2797: 2796,2893,2701,2702,2798,2894
2798: 2894,2895,2702,2703,2797,2799
2799: 2800,2896,2703,2704,2798,2895
2800: 2799,2896,2897,2705,2704,2801
2801: 2802,2898,2705,2800,2897
2802: 2801,2898,2707,2803
2803: 2804,2900,2708,2707,2802
2804: 2803,2900,2708,2709,2805,2901
2805: 2806,2901,2902,2709,2710,2804
2806: 2805,2902,2710,2711,2903
9801: 
2808: 2905,2712,2713,2904
2809: 
2810: 2811,2907,2714,2715,2906
2811: 2810,2907,2812,2908
2812: 2908,2909,2717,2811
2813: 
2814: 2910,2911,2815,2719,2718
2815: 2814,2911,2719,2816,2912
2816: 2913,2720,2721,2815,2817
2817: 2818,2721,2722,2816
2818: 2817,2915,2722,2723,2819
2819: 2820,2916,2723,2724,2818
2820: 2819,2724,2725,2821
2821: 2725,2726,2820,2918,2822
2822: 2918,2726,2821,2727,2823,2919
2823: 2919,2920,2727,2728,2822,2824
2824: 2825,2921,2728,2729,2823,2920
2825: 2824,2921,2922,2729,2730,2826
2826: 2827,2923,2730,2731,2825,2922
2827: 2826,2923,2924,2731,2732,2828
2828: 2925,2732,2827,2924
9837: 
2830: 2831,2926,2927,2735,2734
2831: 2830,2927,2735,2736,2832,2928
2832: 2928,2929,2736,2737,2831,2833
2833: 2834,2737,2738,2832,2929
2834: 2833,2931,2738,2835
2835: 2932,2834,2931
2836: 2932,2741,2837,2933
2837: 2838,2933,2934,2741,2742,2836
2838: 2837,2934,2742,2743,2839,2935
2839: 2935,2936,2743,2744,2838,2840
2840: 2841,2937,2744,2745,2839,2936
2841: 2840,2937,2938,2746,2745,2842
2842: 2843,2939,2746,2747,2841,2938
2843: 2842,2939,2940,2747,2748,2844
2844: 2845,2941,2748,2749,2843,2940
2845: 2844,2941,2749,2750,2846,2942
2846: 2847,2942,2943,2750,2751,2845
2847: 2846,2943,2751,2752,2848,2944
2848: 2944,2945,2752,2753,2847
9739: 9828
2850: 2947,2946,9304
2851: 2755,2852
2852: 2755,2851,2853,2949
2853: 2757,2854,2852,2949
2854: 2757,2853,2758,2855,2951
2855: 2758,2759,2854,2951,2952
2856: 
2857: 2760,2761,2858,2953,2954
2858: 2762,2859,2761,2857,2954,2955
2859: 2762,2763,2858,2860,2955,2956
2860: 2764,2861,2763,2859,2956,2957
2861: 2764,2860,2862,2765,2957,2958
2862: 2766,2863,2765,2861,2958,2959
2863: 2766,2862,2767,2864,2959,2960
2864: 2767,2865,2863,2960,2961
2865: 2864,2769,2866,2961,2962
2866: 2769,2770,2865,2867,2962,2963
2867: 2771,2868,2770,2866,2963,2964
2868: 2771,2772,2867,2869,2964,2965
2869: 2773,2870,2772,2868,2965,2966
2870: 2773,2869,2774,2871,2966,2967
2871: 2774,2775,2872,2870,2967,2968
2872: 2775,2871,2776,2873,2968,2969
2873: 2776,2777,2874,2872,2969,2970
2874: 2777,2873,2778,2875,2970
2875: 2778,2779,2874,2876,2972
2876: 2780,2877,2779,2875,2972,2973
2877: 2780,2781,2876,2878,2973,2974
2878: 2782,2879,2781,2877,2974,2975
2879: 2782,2878,2783,2880,2975,2976
2880: 2783,2784,2881,2879,2976,2977
2881: 2784,2880,2785,2882,2977
2882: 2785,2786,2881,2883,2979
2883: 2787,2884,2786,2882,2979,2980
2884: 2787,2788,2883,2885,2980,2981
2885: 2789,2886,2982,2788,2884,2981
2886: 2789,2790,2885,2982,2983,2887
2887: 2791,2888,2790,2886,2983
2888: 2791,2887,2792,2889,2985
2889: 2792,2793,2890,2888,2985,2986
2890: 2793,2889,2794,2891,2986,2987
2891: 2794,2795,2890,2892,2987,2988
2892: 2796,2893,2795,2891,2988,2989
2893: 2796,2797,2892,2894,2990,2989
2894: 2798,2895,2797,2893,2990,2991
2895: 2798,2894,2799,2896,2991,2992
2896: 2799,2800,2897,2895,2992,2993
2897: 2800,2896,2801,2898,2993,2994
2898: 2801,2802,2897,2994,2995
9753: 9768
2900: 2803,2804,2901,2997
2901: 2805,2902,2804,2900,2997,2998
2902: 2805,2806,2901,2903,2998,2999
2903: 2904,2806,2902,2999,3000
2904: 2903,2808,2905,3000,3001
2905: 2808,2906,2904
2906: 2905,2810,2907,3003
2907: 2810,2811,2906,2908,3003,3004
2908: 2812,2909,2811,2907,3004,3005
2909: 2812,2908,2910,3005,3006
2910: 2814,2911,2909,3006,3007
2911: 2814,2910,2815,2912,3007,3008
2912: 2913,2911,2815,3008,3009
2913: 2816,2912,3009,3010
9924: 
2915: 2818,2916,3011
2916: 2819,2915,3012
10007: 
2918: 2822,2821,2919,3015
2919: 2823,2920,2918,2822,3016,3015
2920: 2823,2919,2824,2921,3016,3017
2921: 2824,2825,2922,2920,3017,3018
2922: 2825,2921,2826,2923,3018
2923: 2826,2827,2924,2922,3020
2924: 2827,2923,2828,2925,3020,3021
2925: 2828,2924,2926,3021,3022
2926: 2830,2927,2925,3022,3023
2927: 2830,2831,2926,2928,3023,3024
2928: 2832,2929,2831,2927,3024,3025
2929: 2832,2928,2833,3025
2930: 
2931: 2834,2835,3027,3028
2932: 2835,2836,2933,3028,3029
2933: 2837,2934,2836,2932,3029,3030
2934: 2837,2838,2933,3031,2935,3030
2935: 2839,2936,2838,2934,3031,3032
2936: 2839,2935,2840,2937,3032,3033
2937: 2840,2841,2938,2936,3033,3034
2938: 2841,2937,2842,2939,3034
2939: 2842,2843,2940,2938,3036
2940: 2843,2939,2844,2941,3036,3037
2941: 2844,2845,2940,2942,3037,3038
2942: 2846,2943,2845,2941,3038,3039
2943: 2846,2847,2942,2944,3039,3040
2944: 2848,2945,2847,2943,3040,3041
2945: 2848,2944,2946,3041,3042
2946: 2947,2850,2945,3042,3043
2947: 2850,2946,3043,3044
9734: 
2949: 3047,2852,2853
2950: 
2951: 2952,3049,2854,2855,3048
2952: 2951,3049,3050,2855,2953
2953: 2954,3051,2857,2952,3050
2954: 2953,3051,2857,2858,2955,3052
2955: 2956,3053,3052,2859,2858,2954
2956: 2955,3053,2859,2860,2957,3054
2957: 2958,3054,3055,2861,2860,2956
2958: 2957,3055,2861,2862,2959,3056
2959: 3056,3057,2862,2863,2958,2960
2960: 2961,3058,2863,2864,2959,3057
2961: 2960,3058,3059,2864,2865,2962
2962: 2963,3060,2865,2866,2961,3059
2963: 2962,3060,2866,2867,2964,3061
2964: 2965,3061,3062,2867,2868,2963
2965: 2964,3062,2868,2869,2966,3063
2966: 3063,3064,2967,2869,2870,2965
2967: 2966,3064,2870,2871,2968,3065
2968: 3065,3066,2871,2872,2967
2969: 2970,3067,2872,2873,3066
2970: 2969,3067,3068,2873,2874
2971: 
2972: 3069,2875,2876,2973,3070
2973: 2974,3070,3071,2876,2877,2972
2974: 2973,3071,2877,2878,2975,3072
2975: 3072,3073,2878,2879,2974,2976
2976: 2977,3074,2879,2880,2975,3073
2977: 2976,3074,3075,2880,2881
2978: 
2979: 3076,2882,2883,2980,3077
2980: 2981,3077,3078,2883,2884,2979
2981: 2980,3078,2884,2885,2982,3079
2982: 2885,2886,2983,2981,3079
2983: 2886,2982,2887,3080
9711: 9703
2985: 2986,3083,2888,2889,3082
2986: 2985,3083,3084,2889,2890,2987
2987: 2988,3085,2890,2891,2986,3084
2988: 2987,3085,3086,2891,2892,2989
2989: 2990,2892,2893,2988,3086
2990: 2989,2893,2894,2991,3088
2991: 3088,3089,2894,2895,2990,2992
2992: 2993,3090,2895,2896,2991,3089
2993: 2992,3090,3091,2896,2897,2994
2994: 2995,3092,2897,2898,2993,3091
2995: 2994,3092,3093,2898
2996: 
2997: 3094,2900,2901,2998,3095
2998: 2999,3095,3096,2901,2902,2997
2999: 2998,3096,2902,2903,3000,3097
3000: 3097,3098,3001,2904,2903,2999
3001: 3000,3098,2904,3099
9757: 9746
3003: 3004,3101,2906,2907
3004: 3003,3101,2907,2908,3005,3102
3005: 3006,3102,3103,2908,2909,3004
3006: 3005,3103,2909,2910,3007,3104
3007: 3104,3105,3008,2910,2911,3006
3008: 3007,3105,2911,2912,3009,3106
3009: 3107,3106,2913,2912,3008,3010
3010: 3108,2913,3107,3009
3011: 3108,2915,3012,3109
3012: 3013,3110,3109,2916,3011
3013: 3012,3110,3014,3111
3014: 3112,3111,3013,3015
3015: 3016,3113,2918,2919,3014,3112
3016: 3113,3114,3015,2919,2920,3017
3017: 3018,3115,2920,2921,3016,3114
3018: 3017,3115,3116,2921,2922
3019: 
3020: 3117,3118,2923,2924,3021
3021: 3022,3119,2924,2925,3020,3118
3022: 3021,3119,2925,2926,3023,3120
3023: 3024,3120,3121,2926,2927,3022
3024: 3023,3121,2927,2928,3025,3122
3025: 3122,3123,2928,2929,3024
3026: 
3027: 3124,2931
3028: 3029,3126,2931,2932
3029: 3028,3126,2932,2933,3030,3127
3030: 3128,3127,2933,2934,3031,3029
3031: 2934,2935,3030,3128,3032,3129
3032: 3129,3130,3031,2935,2936,3033
3033: 3034,3131,2936,2937,3032,3130
3034: 3033,3131,3132,2937,2938
3035: 
3036: 3133,2939,2940,3037,3134
3037: 3038,3135,3134,2940,2941,3036
3038: 3037,3135,2941,2942,3039,3136
3039: 3040,3136,3137,2942,2943,3038
3040: 3039,3137,2943,2944,3041,3138
3041: 3138,3139,3042,2944,2945,3040
3042: 3041,3139,2945,2946,3043,3140
3043: 3141,3140,2947,2946,3042,3044
3044: 2947,3141,3043
3045: 3142,3143
9797: 9689,10000
3047: 3048,2949,3145,3144
3048: 3047,3145,2951,3049,3146
3049: 2951,2952,3050,3146,3147,3048
3050: 2952,3049,3147,2953,3051,3148
3051: 2953,2954,3149,3148,3050,3052
3052: 2955,3053,3150,2954,3051,3149
3053: 2955,2956,3052,3150,3151,3054
3054: 2957,3055,3152,2956,3053,3151
3055: 2957,2958,3054,3152,3153,3056
3056: 2959,3057,3154,2958,3055,3153
3057: 2959,3056,3154,2960,3058,3155
3058: 2960,2961,3059,3156,3155,3057
3059: 2961,3058,3156,2962,3060,3157
3060: 2962,2963,3158,3157,3059,3061
3061: 2964,3062,3159,2963,3060,3158
3062: 2964,2965,3061,3160,3159,3063
3063: 2966,3064,3161,2965,3062,3160
3064: 2966,3063,3161,2967,3065,3162
3065: 3163,2968,3066,3064,2967,3162
3066: 3163,2968,3065,2969,3067,3164
3067: 2969,2970,3068,3066,3164,3165
3068: 2970,3067,3069,3165,3166
3069: 2972,3068,3070,3166,3167
3070: 2973,3071,3168,2972,3069,3167
3071: 2973,2974,3070,3169,3168,3072
3072: 2975,3073,3170,2974,3071,3169
3073: 2975,3072,3170,3171,2976,3074
3074: 2976,2977,3075,3172,3073,3171
3075: 2977,3074,3172,3173
3076: 2979,3174,3077
3077: 2980,3078,2979,3076,3174,3175
3078: 2980,2981,3077,3079,3175,3176
3079: 3080,2982,2981,3078,3176,3177
3080: 3079,2983,3081,3177,3178
3081: 3082,3080,3179,3178
3082: 3081,2985,3083,3179,3180
3083: 2985,2986,3084,3082,3180,3181
3084: 2986,3083,2987,3085,3182,3181
3085: 2987,2988,3086,3182,3084
3086: 2988,3085,2989,3184
9795: 10029
3088: 2991,3089,3186,3185,2990
3089: 2991,3088,3186,2992,3090,3187
3090: 2992,2993,3091,3187,3089,3188
3091: 2993,3090,2994,3092,3189,3188
3092: 2994,2995,3190,3189,3093,3091
3093: 2995,3092,3190,3094,3191
3094: 2997,3191,3192,3093,3095
3095: 2998,3096,3193,2997,3094,3192
3096: 2998,2999,3095,3193,3097,3194
3097: 3000,3098,2999,3096,3194,3195
3098: 3000,3097,3001,3099,3195,3196
3099: 3098,3001,3196,3197
9833: 
3101: 3003,3004,3102,3198,3199
3102: 3005,3103,3004,3101,3199,3200
3103: 3005,3006,3102,3104,3200,3201
3104: 3007,3105,3006,3103,3201,3202
3105: 3007,3104,3008,3106,3202
3106: 3107,3009,3105,3008,3204
3107: 3009,3106,3010,3108,3204,3205
3108: 3010,3011,3107,3109,3205,3206
3109: 3012,3110,3011,3108,3206,3207
3110: 3012,3013,3109,3111,3207,3208
3111: 3014,3112,3013,3110,3208,3209
3112: 3014,3111,3113,3015,3209,3210
3113: 3016,3114,3015,3211,3112,3210
3114: 3016,3113,3211,3017,3115,3212
3115: 3017,3018,3116,3114,3212,3213
3116: 3018,3115,3117,3213,3214
3117: 3020,3118,3116,3214,3215
3118: 3020,3117,3021,3119,3215,3216
3119: 3021,3022,3118,3120,3216
3120: 3023,3121,3022,3119,3218
3121: 3023,3024,3120,3122,3218,3219
3122: 3025,3123,3024,3121,3219,3220
3123: 3025,3122,3124,3220,3221
3124: 3027,3123,3221,3222
9882: 
3126: 3028,3029,3127,3223,3224
3127: 3030,3128,3029,3126,3224,3225
3128: 3030,3127,3031,3129,3225,3226
3129: 3032,3130,3227,3031,3128,3226
3130: 3032,3129,3227,3228,3033,3131
3131: 3033,3034,3132,3130,3228,3229
3132: 3034,3131,3133,3229,3230
3133: 3036,3132,3134,3230
3134: 3037,3135,3232,3036,3133
3135: 3037,3038,3134,3232,3233,3136
3136: 3039,3137,3234,3038,3135,3233
3137: 3039,3040,3136,3234,3235,3138
3138: 3041,3139,3040,3137,3235,3236
3139: 3041,3138,3042,3140,3236,3237
3140: 3141,3043,3139,3042,3237,3238
3141: 3043,3140,3044,3238,3239
3142: 3240,3045,3143,3241
3143: 3242,3241,3045,3144,3142
3144: 3047,3145,3143,3242,3243
3145: 3047,3048,3144,3146,3243,3244
3146: 3049,3147,3048,3145,3244,3245
3147: 3049,3050,3146,3148,3246,3245
3148: 3051,3149,3050,3147,3246,3247
3149: 3051,3148,3052,3150,3247,3248
3150: 3053,3052,3151,3149,3248,3249
3151: 3053,3150,3054,3152,3249
3152: 3054,3055,3153,3151,3250
3153: 3055,3152,3056,3154,3251,3252
3154: 3056,3057,3153,3155,3253
3155: 3058,3156,3057,3154,3253,3254
3156: 3058,3059,3155,3157,3255
3157: 3060,3158,3059,3156,3256
3158: 3060,3157,3061,3159,3256,3257
3159: 3061,3062,3160,3158,3258,3257
3160: 3062,3159,3063,3161,3258,3259
3161: 3063,3064,3160,3259,3260,3162
3162: 3260,3064,3161,3163,3065,3261
3163: 3065,3066,3162,3262,3261,3164
3164: 3165,3263,3163,3066,3067,3262
3165: 3164,3263,3264,3067,3068,3166
3166: 3167,3265,3068,3069,3165,3264
3167: 3166,3265,3069,3070,3168,3266
3168: 3070,3071,3169,3167,3266
3169: 3071,3168,3072,3170,3268
3170: 3072,3073,3171,3169,3268,3269
3171: 3073,3170,3074,3172,3269,3270
3172: 3074,3075,3171,3270,3271,3173
3173: 3272,3075,3172,3271
3174: 3076,3077,3272,3175,3273
3175: 3176,3273,3274,3174,3077,3078
3176: 3175,3274,3078,3079,3177,3275
3177: 3275,3276,3080,3079,3176,3178
3178: 3179,3277,3080,3081,3177,3276
3179: 3277,3278,3178,3082,3081,3180
3180: 3181,3279,3082,3083,3179,3278
3181: 3180,3279,3280,3083,3084,3182
3182: 3085,3084,3181,3280,3281
3183: 
3184: 3283,3086,3282
3185: 3088,3186,3283,3284
3186: 3088,3089,3185,3187,3284,3285
3187: 3090,3089,3186,3285,3188,3286
3188: 3286,3287,3090,3091,3187,3189
3189: 3092,3190,3091,3188,3287,3288
3190: 3092,3189,3093,3191,3288,3289
3191: 3094,3192,3190,3093,3290,3289
3192: 3094,3191,3095,3193,3290,3291
3193: 3095,3096,3192,3194,3291,3292
3194: 3292,3096,3193,3097,3195,3293
3195: 3293,3294,3196,3097,3098,3194
3196: 3195,3294,3098,3099,3197,3295
3197: 3295,3099,3196,3296
3198: 3199,3297,3296,3101
3199: 3198,3297,3101,3102,3200,3298
3200: 3201,3299,3102,3103,3199
3201: 3200,3299,3103,3104,3202,3300
3202: 3300,3301,3104,3105,3201
3203: 
3204: 3303,3302,3107,3106,3205
3205: 3206,3304,3107,3108,3303,3204
3206: 3205,3304,3305,3108,3109,3207
3207: 3208,3306,3110,3109,3206,3305
3208: 3207,3306,3110,3111,3209,3307
3209: 3210,3307,3308,3112,3111,3208
3210: 3209,3308,3112,3113,3211,3309
3211: 3113,3114,3210,3309,3212
3212: 3213,3311,3114,3211,3115
3213: 3212,3311,3312,3115,3116,3214
3214: 3215,3313,3116,3117,3213,3312
3215: 3214,3313,3314,3117,3118,3216
3216: 3315,3118,3119,3215,3314
3217: 
3218: 3219,3316,3317,3120,3121
3219: 3218,3317,3121,3122,3220,3318
3220: 3318,3319,3122,3123,3219,3221
3221: 3222,3320,3123,3124,3220,3319
3222: 3221,3320,3124,3223,3321
3223: 3224,3322,3321,3126,3222
3224: 3223,3322,3126,3127,3225,3323
3225: 3226,3323,3324,3128,3127,3224
3226: 3225,3324,3128,3129,3227,3325
3227: 3129,3130,3228,3226,3325,3326
3228: 3130,3227,3131,3326,3229,3327
3229: 3328,3327,3228,3131,3132,3230
3230: 3329,3132,3133,3328,3229
9920: 
3232: 3135,3134,3233,3330,3331
3233: 3135,3232,3136,3234,3331,3332
3234: 3136,3137,3235,3233,3333,3332
3235: 3137,3234,3138,3333,3236,3334
3236: 3334,3335,3237,3235,3138,3139
3237: 3236,3335,3139,3140,3238,3336
3238: 3336,3141,3140,3237,3239
3239: 3338,3141,3238
3240: 3142,3241,3339
3241: 3143,3242,3142,3240,3339,3340
3242: 3143,3241,3144,3243,3340,3341
3243: 3342,3244,3145,3144,3242,3341
3244: 3342,3243,3145,3146,3245
3245: 3344,3246,3146,3147,3244
3246: 3344,3245,3147,3148,3345,3247
3247: 3345,3346,3149,3148,3246,3248
3248: 3249,3347,3149,3150,3346,3247
3249: 3248,3347,3150,3151,3250,3348
3250: 3251,3152,3249,3348,3349
3251: 3250,3153,3252,3349,3350
3252: 3253,3153,3251,3350,3351
3253: 3252,3154,3155,3254,3351,3352
3254: 3255,3155,3253,3352,3353
3255: 3254,3156,3354,3353
3256: 3355,3354,3158,3157,3257
3257: 3258,3158,3159,3355,3256
3258: 3357,3257,3160,3159,3259
3259: 3260,3160,3161,3357,3258
3260: 3259,3162,3161
3261: 3360,3262,3163,3162
3262: 3360,3261,3163,3164,3263,3361
3263: 3164,3165,3264,3361,3362,3262
3264: 3165,3263,3362,3166,3265,3363
3265: 3166,3167,3364,3363,3264,3266
3266: 3365,3168,3167,3265,3364
3267: 
3268: 3367,3269,3169,3170,3366
3269: 3367,3268,3170,3171,3270
3270: 3271,3171,3172,3269
3271: 3270,3172,3173,3272,3369,3370
3272: 3173,3371,3174,3271,3273,3370
3273: 3175,3274,3372,3174,3371,3272
3274: 3175,3176,3273,3372,3373,3275
3275: 3177,3374,3276,3176,3274,3373
3276: 3177,3374,3275,3375,3277,3178
3277: 3179,3278,3178,3276,3375,3376
3278: 3179,3277,3180,3279,3377,3376
3279: 3180,3181,3280,3378,3377,3278
3280: 3181,3279,3378,3182,3379,3281
3281: 3379,3282,3182,3280,3380
3282: 3281,3184,3283,3380,3381
3283: 3184,3185,3282,3284
3284: 3285,3383,3185,3186,3283
3285: 3384,3284,3383,3186,3187,3286
3286: 3385,3188,3287,3187,3384,3285
3287: 3385,3188,3286,3189,3386,3288
3288: 3387,3386,3190,3189,3287,3289
3289: 3290,3190,3191,3387,3288
3290: 3289,3191,3192,3291
3291: 3292,3192,3193,3290
3292: 3391,3194,3291,3193,3293,3390
3293: 3195,3294,3392,3391,3194,3292
3294: 3195,3293,3392,3393,3196,3295
3295: 3394,3197,3294,3393,3196
3296: 3198,3297,3395,3394,3197
3297: 3198,3199,3395,3396,3296,3298
3298: 3299,3199,3297,3396,3397
3299: 3200,3201,3298,3398,3300,3397
3300: 3202,3301,3399,3201,3299,3398
3301: 3202,3300,3399,3302,3400
3302: 3303,3204,3401,3301,3400
3303: 3204,3302,3401,3205,3304,3402
3304: 3205,3206,3305,3403,3402,3303
3305: 3206,3304,3403,3207,3306,3404
3306: 3207,3208,3404,3405,3305,3307
3307: 3209,3308,3406,3208,3306,3405
3308: 3209,3210,3307,3406,3309,3407
3309: 3211,3210,3308,3407,3408
3310: 
3311: 3212,3213,3312,3410,3409
3312: 3213,3311,3410,3214,3313,3411
3313: 3214,3215,3411,3412,3314,3312
3314: 3215,3313,3412,3216,3315
3315: 3216,3414,3314,3316
3316: 3218,3317,3415,3414,3315
3317: 3218,3219,3316,3416,3415,3318
3318: 3220,3319,3417,3219,3317,3416
3319: 3220,3318,3417,3221,3320,3418
3320: 3221,3222,3418,3419,3319
3321: 3223,3322,3222,3419,3420
3322: 3223,3224,3321,3323,3420,3421
3323: 3225,3324,3224,3322,3421,3422
3324: 3225,3226,3323,3325,3423,3422
3325: 3424,3326,3227,3226,3324,3423
3326: 3424,3325,3227,3228,3327,3425
3327: 3328,3229,3425,3228,3326,3426
3328: 3229,3327,3230,3329,3426,3427
3329: 3230,3330,3328,3427,3428
3330: 3329,3232,3331,3428,3429
3331: 3232,3233,3330,3332,3430
3332: 3333,3233,3234,3331,3431
3333: 3332,3234,3235,3334
3334: 3236,3335,3235,3333,3433
3335: 3236,3334,3237,3336,3433
3336: 3238,3335,3237,3434
3337: 
3338: 3239
3339: 3437,3240,3241,3340
3340: 3242,3241,3339,3341
3341: 3242,3342,3243,3340
3342: 3243,3244,3441,3341
3343: 
3344: 3246,3245,3345
3345: 3346,3247,3344,3246,3444
3346: 3345,3247,3248,3347,3444,3445
3347: 3248,3249,3346,3348,3445
3348: 3249,3347,3250,3349,3447
3349: 3350,3447,3448,3251,3250,3348
3350: 3349,3448,3251,3252,3351,3449
3351: 3449,3450,3253,3252,3350,3352
3352: 3353,3451,3253,3254,3351,3450
3353: 3352,3451,3452,3254,3255,3354
3354: 3355,3256,3255,3353,3452,3453
3355: 3354,3256,3257,3454,3453
9799: 
3357: 3258,3259,3455
3358: 
9891: 
3360: 3262,3261,3361,3459
3361: 3263,3362,3360,3262,3459,3460
3362: 3263,3264,3361,3363,3461,3460
3363: 3265,3364,3264,3362,3461,3462
3364: 3265,3363,3365,3266,3462,3463
3365: 3366,3266,3364
3366: 3365,3367,3268
3367: 3268,3269,3366
9715: 
3369: 3467,3468,3271,3370
3370: 3469,3271,3371,3272,3369,3468
3371: 3272,3273,3372,3370,3469,3470
3372: 3273,3274,3373,3371,3470,3471
3373: 3274,3372,3374,3275,3471,3472
3374: 3275,3276,3375,3373,3473,3472
3375: 3374,3276,3277,3473,3376
3376: 3475,3474,3375,3277,3278,3377
3377: 3279,3378,3278,3475,3376,3476
3378: 3279,3280,3377,3379,3476,3477
3379: 3281,3280,3378,3477,3380,3478
3380: 3478,3379,3281,3282,3381,3479
3381: 3382,3479,3480,3282,3380
3382: 3381,3480,3383,3481
3383: 3384,3284,3285,3382,3482
3384: 3285,3383,3385,3286,3482,3483
3385: 3286,3287,3384,3386,3484,3483
3386: 3387,3288,3385,3287,3484,3485
3387: 3386,3288,3289,3485,3388
3388: 3389,3487,3486,3387
3389: 3388,3487,3390,3488
3390: 3489,3488,3391,3292,3389
3391: 3292,3293,3392,3390,3489,3490
3392: 3293,3294,3393,3391,3490,3491
3393: 3294,3392,3295,3491
3394: 3295,3395,3296,3493
3395: 3297,3396,3296,3394,3493,3494
3396: 3297,3395,3298,3494,3397,3495
3397: 3495,3496,3396,3298,3299,3398
3398: 3299,3300,3399,3397,3496,3497
3399: 3300,3301,3398,3497,3498,3400
3400: 3499,3301,3399,3302,3401,3498
3401: 3303,3302,3402,3400,3499,3500
3402: 3304,3403,3303,3401,3500,3501
3403: 3304,3305,3402,3404,3501
3404: 3306,3405,3305,3403
3405: 3306,3404,3307,3406,3503,3504
3406: 3307,3308,3405,3407,3504,3505
3407: 3505,3308,3406,3309,3408,3506
3408: 3506,3507,3409,3309,3407
3409: 3408,3507,3311,3508
3410: 3311,3312,3411,3509,3508
3411: 3313,3412,3312,3410,3509,3510
3412: 3313,3411,3314,3510,3511
3413: 
3414: 3315,3316,3415,3512,3513
3415: 3316,3317,3416,3414,3513,3514
3416: 3317,3415,3318,3417,3514,3515
3417: 3318,3319,3416,3418,3516,3515
3418: 3320,3419,3319,3417,3516,3517
3419: 3320,3418,3321,3517
3420: 3421,3519,3518,3322,3321
3421: 3420,3519,3322,3323,3520,3422
3422: 3521,3520,3423,3323,3324,3421
3423: 3521,3422,3324,3424,3325,3522
3424: 3325,3326,3425,3423,3522,3523
3425: 3327,3424,3326,3523,3426,3524
3426: 3524,3525,3328,3327,3425,3427
3427: 3428,3526,3328,3329,3426,3525
3428: 3427,3526,3527,3330,3329,3429
3429: 3430,3528,3330,3428,3527
3430: 3429,3528,3331,3431,3529
3431: 3529,3530,3332,3430
9982: 10003
3433: 3531,3532,3334,3335,3434
3434: 3435,3533,3336,3433,3532
3435: 3434,3533,3534
3436: 
3437: 3339,3536,3537,9418
9744: 
3439: 
9868: 
3441: 3342,3442
3442: 3441,3542
9949: 9682
3444: 3345,3346,3445
3445: 3346,3347,3444
9817: 9725
3447: 3349,3448,3547,3348,3546
3448: 3349,3350,3447,3547,3548,3449
3449: 3351,3450,3549,3350,3448,3548
3450: 3351,3449,3549,3352,3451,3550
3451: 3352,3353,3452,3550,3551,3450
3452: 3353,3451,3551,3354,3453,3552
3453: 3454,3553,3552,3355,3354,3452
3454: 3553,3453,3355
3455: 3357,3456,3555
3456: 3455,3555,3556
9752: 9762
3458: 3459,3557,3558
3459: 3458,3360,3361,3559,3460
3460: 3461,3559,3361,3362,3459
3461: 3460,3362,3363,3462,3561
3462: 3561,3364,3363,3461,3463,3562
3463: 3464,3364,3462,3562,3563
3464: 3463,3465,3563,3564
3465: 3466,3464,3564,3565
3466: 3465,3467,3565,3566
3467: 3567,3369,3466,3566
3468: 3567,3369,3370,3469,3568
3469: 3370,3569,3568,3371,3468,3470
3470: 3570,3471,3371,3372,3569,3469
3471: 3571,3570,3470,3372,3373,3472
3472: 3572,3473,3373,3374,3571,3471
3473: 3572,3472,3374,3375
3474: 3475,3376,3573,3574
3475: 3474,3376,3377,3575,3476,3574
3476: 3575,3576,3477,3378,3377,3475
3477: 3576,3476,3378,3379,3478,3577
3478: 3578,3380,3577,3379,3477,3479
3479: 3381,3480,3579,3578,3380,3478
3480: 3381,3382,3479,3579,3481,3580
3481: 3482,3382,3480,3580,3581
3482: 3582,3481,3384,3383,3483
3483: 3583,3384,3385,3582,3482
3484: 3583,3385,3386,3485
3485: 3387,3386,3484,3486
3486: 3388,3487,3485,3585,3586
3487: 3388,3389,3486,3488,3586,3587
3488: 3390,3489,3389,3487,3587,3588
3489: 3390,3488,3391,3490,3589,3588
3490: 3590,3491,3391,3392,3489,3589
3491: 3590,3490,3392,3393,3591
9712: 
3493: 3592,3394,3395,3593,3494
3494: 3593,3594,3395,3396,3493,3495
3495: 3397,3496,3595,3396,3594,3494
3496: 3397,3596,3495,3595,3398,3497
3497: 3498,3597,3398,3399,3596,3496
3498: 3598,3497,3597,3399,3400
3499: 3599,3400,3500,3401,3598
3500: 3599,3499,3401,3402,3600,3501
3501: 3600,3502,3403,3402,3500
3502: 3501,3503,3601,3602
3503: 3405,3502,3504,3602,3603
3504: 3505,3405,3406,3503,3603
3505: 3605,3407,3504,3406,3506
3506: 3408,3507,3606,3605,3407,3505
3507: 3408,3506,3606,3409,3607,3508
3508: 3608,3410,3507,3409,3607
3509: 3608,3410,3411,3609,3510
3510: 3610,3609,3411,3412,3509,3511
3511: 3611,3512,3412,3610,3510
3512: 3611,3511,3414,3513
3513: 3514,3414,3415,3512
3514: 3513,3416,3415,3515,3613
3515: 3516,3416,3417,3514,3614
3516: 3515,3417,3418,3517,3615
3517: 3617,3418,3419,3516,3616
3518: 3420,3519,3618,3617
3519: 3420,3421,3618,3619,3518,3520
3520: 3620,3521,3422,3421,3519,3619
3521: 3620,3520,3423,3422,3522
3522: 3622,3523,3424,3521,3423
3523: 3622,3522,3424,3425,3524,3623
3524: 3624,3426,3525,3623,3425,3523
3525: 3624,3426,3524,3427,3526,3625
3526: 3427,3428,3527,3625,3626,3525
3527: 3428,3526,3626,3429,3528,3627
3528: 3429,3430,3627,3628,3527,3529
3529: 3431,3530,3430,3528,3628,3629
3530: 3431,3630,3529,3629
3531: 3433,3532,3631,3630
3532: 3433,3531,3631,3434,3533,3632
3533: 3434,3435,3534,3632,3532,3633
3534: 3435,3533,3535,3633,3634
3535: 3534,3635,3634
3536: 3437,3537,9418
3537: 3437,3536,3538,3637
3538: 3537,3637,3539
3539: 3538,3639,3540
3540: 3639,3640,3539
3541: 
3542: 3641,3642,3442
9996: 
9742: 9997
3545: 3645,3644,3546
3546: 3645,3545,3447,3547,3646
3547: 3447,3448,3548,3546,3646,3647
3548: 3448,3547,3449,3549,3647,3648
3549: 3449,3450,3548,3550,3648,3649
3550: 3451,3551,3450,3549,3649,3650
3551: 3451,3452,3550,3552,3650,3651
3552: 3553,3453,3452,3551,3651
3553: 3454,3453,3552
9916: 
3555: 3654,3455,3456,3655,3556
3556: 3655,3656,3557,3456,3555
3557: 3656,3556,3458,3657,3558
3558: 3657,3458,3559,3557
3559: 3460,3459,3558
9710: 
3561: 3462,3461,3661,3562,3660
3562: 3661,3462,3561,3463,3662,3563
3563: 3662,3663,3564,3463,3464,3562
3564: 3663,3563,3464,3465,3664,3565
3565: 3664,3665,3566,3466,3465,3564
3566: 3665,3565,3466,3567,3467,3666
3567: 3467,3468,3566,3667
3568: 3569,3469,3468,3667,3668
3569: 3469,3568,3570,3470,3668,3669
3570: 3571,3470,3471,3569,3669,3670
3571: 3570,3471,3572,3472,3670,3671
3572: 3473,3472,3571,3671
3573: 3673,3574,3474,3672
3574: 3673,3674,3573,3475,3474,3575
3575: 3576,3476,3475,3674,3574,3675
3576: 3575,3476,3477,3577,3675,3676
3577: 3578,3478,3576,3477,3676,3677
3578: 3478,3577,3479,3579,3677,3678
3579: 3479,3480,3578,3678,3679,3580
3580: 3679,3480,3579,3481,3680,3581
3581: 3680,3681,3582,3481,3580
3582: 3482,3483,3581
3583: 3484,3483
9927: 9876
3585: 3684,3486,3685,3586
3586: 3686,3685,3587,3487,3486,3585
3587: 3686,3586,3487,3488,3687,3588
3588: 3687,3688,3589,3489,3488,3587
3589: 3688,3588,3489,3590,3490,3689
3590: 3490,3491,3589,3689
3591: 3592,3491,3691
3592: 3591,3493,3593,3691,3692
3593: 3594,3494,3592,3493,3692,3693
3594: 3593,3494,3495,3595,3693,3694
3595: 3596,3495,3496,3594,3694,3695
3596: 3496,3595,3497,3597,3695,3696
3597: 3598,3497,3498,3596,3696,3697
3598: 3498,3597,3499,3697
3599: 3499,3500,3600,3699
3600: 3501,3599,3500,3699,3700,3601
3601: 3700,3600,3502,3602,3701
3602: 3702,3701,3603,3502,3503,3601
3603: 3702,3602,3503,3504,3703
3604: 
3605: 3505,3506,3606,3704,3705
3606: 3506,3507,3607,3605,3705,3706
3607: 3507,3606,3608,3508,3706,3707
3608: 3509,3508,3607,3609,3707,3708
3609: 3610,3510,3509,3608,3708,3709
3610: 3609,3510,3611,3511,3709,3710
3611: 3512,3511,3610,3710
3612: 3711,3712,3613
3613: 3712,3713,3614,3514,3612
3614: 3713,3613,3515,3714,3615
3615: 3714,3715,3516,3614,3616
3616: 3716,3517,3617,3715,3615
3617: 3517,3518,3717,3616
3618: 3519,3619,3518,3717,3718
3619: 3519,3618,3620,3520,3718,3719
3620: 3521,3520,3619,3719,3720
9845: 
3622: 3522,3523,3623,3721,3722
3623: 3624,3524,3622,3523,3722,3723
3624: 3524,3525,3623,3625,3723,3724
3625: 3526,3626,3624,3525,3724,3725
3626: 3526,3527,3625,3627,3725,3726
3627: 3528,3628,3527,3626,3726,3727
3628: 3528,3627,3529,3727,3728,3629
3629: 3729,3628,3529,3530,3728
3630: 3530,3531,3631,3729,3730
3631: 3531,3532,3630,3632,3730,3731
3632: 3533,3532,3631,3731,3732,3633
3633: 3732,3733,3533,3534,3632,3634
3634: 3734,3635,3534,3535,3733,3633
3635: 3734,3634,9569,3535
9970: 
3637: 3737,3537,3538,3736
9815: 
3639: 3640,3540,3539,3738,3739
3640: 3639,3540,3641,3739,3740
3641: 3642,3542,3640,3741,3740
3642: 3641,3542,3643,3742,3741
3643: 3742,3642,3644,3743
3644: 3645,3545,3643,3743,3744
3645: 3545,3745,3644,3546,3646,3744
3646: 3647,3746,3547,3645,3745,3546
3647: 3646,3746,3747,3547,3548,3648
3648: 3649,3748,3548,3549,3647,3747
3649: 3648,3748,3549,3550,3650,3749
3650: 3651,3749,3750,3550,3551,3649
3651: 3650,3750,3551,3552
9798: 9781
3653: 3654,3753,3752
3654: 3754,3753,3555,3653,3655
3655: 3656,3755,3556,3754,3654,3555
3656: 3655,3755,3556,3557,3657,3756
3657: 3558,3656,3557,3756,3757
9836: 
9746: 9757
3660: 3661,3760,3561,3759
3661: 3760,3761,3562,3660,3561,3662
3662: 3663,3762,3563,3661,3761,3562
3663: 3662,3762,3763,3563,3564,3664
3664: 3665,3764,3565,3663,3763,3564
3665: 3664,3764,3765,3565,3566,3666
3666: 3667,3665,3765,3566,3766
3667: 3666,3567,3568
3668: 3768,3569,3568,3669
3669: 3670,3769,3569,3570,3668,3768
3670: 3669,3769,3770,3571,3570,3671
3671: 3672,3771,3571,3572,3670,3770
3672: 3671,3771,3673,3772,3573
3673: 3674,3773,3772,3573,3574,3672
3674: 3673,3773,3574,3575,3675,3774
3675: 3676,3774,3775,3575,3576,3674
3676: 3675,3775,3576,3577,3677,3776
3677: 3776,3777,3678,3578,3577,3676
3678: 3677,3777,3578,3579,3679,3778
3679: 3779,3778,3580,3579,3678,3680
3680: 3681,3581,3779,3679,3580,3780
3681: 3680,3581,3781,3780
10008: 
3683: 3782,3684,3783
3684: 3585,3683,3685,3783
3685: 3686,3785,3586,3684,3585
3686: 3785,3786,3685,3586,3587,3687
3687: 3688,3787,3588,3686,3786,3587
3688: 3687,3787,3788,3589,3588,3689
3689: 3789,3590,3688,3788,3589
9879: 9962
3691: 3692,3791,3591,3592
3692: 3691,3791,3592,3593,3693,3792
3693: 3792,3793,3593,3594,3692,3694
3694: 3695,3794,3594,3595,3693,3793
3695: 3694,3794,3795,3596,3595,3696
3696: 3697,3596,3597,3695,3795
3697: 3696,3797,3598,3597
9976: 
3699: 3599,3600,3700
3700: 3601,3799,3800,3600,3699,3701
3701: 3702,3801,3602,3700,3601,3800
3702: 3801,3802,3602,3701,3603,3703
3703: 3704,3803,3702,3802,3603
3704: 3703,3803,3605,3705,3804
3705: 3706,3805,3605,3606,3704,3804
3706: 3705,3805,3606,3607,3707,3806
3707: 3708,3806,3807,3607,3608,3706
3708: 3707,3807,3608,3609,3709,3808
3709: 3808,3809,3710,3610,3609,3708
3710: 3709,3809,3610,3611
3711: 3811,3612,3712,3810
3712: 3713,3812,3613,3811,3711,3612
3713: 3712,3812,3813,3614,3613,3714
3714: 3715,3814,3615,3713,3813,3614
3715: 3714,3814,3615,3716,3815,3616
3716: 3717,3815,3816,3616,3715
3717: 3716,3617,3618,3817
3718: 3817,3818,3618,3619,3719
3719: 3720,3819,3619,3620,3718,3818
3720: 3719,3819,3820,3620,3721
3721: 3722,3622,3720,3820
3722: 3721,3822,3622,3623,3723
3723: 3724,3624,3623,3722,3822
3724: 3723,3624,3625,3725,3824
3725: 3726,3824,3825,3625,3626,3724
3726: 3725,3825,3626,3627,3727,3826
3727: 3826,3827,3728,3627,3628,3726
3728: 3727,3827,3628,3629
3729: 3829,3629,3630,3730
3730: 3731,3830,3630,3631,3829,3729
3731: 3730,3830,3831,3631,3632,3732
3732: 3733,3633,3632,3731,3831
3733: 3732,3633,3734,3833,3634
3734: 3833,3635,3634,3834,9569,3733
3735: 3736,3836,3835
3736: 3735,3637,3737,3836,3837
3737: 3637,3736,3837,3838,3738
3738: 3838,3737,3639,3839,3739
3739: 3839,3840,3639,3640,3738,3740
3740: 3841,3741,3640,3641,3840,3739
3741: 3841,3842,3740,3641,3642,3742
3742: 3643,3642,3842,3741,3843,3743
3743: 3843,3643,3742,3644,3844,3744
3744: 3845,3844,3645,3745,3644,3743
3745: 3645,3646,3746,3845,3744
3746: 3646,3647,3747,3745,3847
3747: 3647,3746,3648,3748,3847,3848
3748: 3648,3649,3747,3749,3848,3849
3749: 3650,3750,3649,3748,3849,3850
3750: 3650,3651,3749,3850,3751
3751: 3852,3752,3750,3851
3752: 3852,3751,3653,3753,3853
3753: 3754,3654,3653,3752,3853,3854
3754: 3654,3753,3655,3755,3854,3855
3755: 3655,3656,3754,3855,3856,3756
3756: 3856,3656,3755,3657,3857,3757
3757: 3857,3858,3657,3756
3758: 3759,3858,3859
3759: 3758,3760,3660,3859,3860
3760: 3661,3761,3660,3759,3861,3860
3761: 3661,3760,3662,3762,3861,3862
3762: 3662,3663,3763,3761,3862,3863
3763: 3663,3762,3664,3764,3863,3864
3764: 3664,3665,3765,3763,3864,3865
3765: 3665,3764,3666,3865,3866,3766
3766: 3866,3867,3765,3666
10015: 
3768: 3668,3669,3769,3868,3869
3769: 3669,3670,3770,3768,3869,3870
3770: 3670,3769,3671,3771,3871
3771: 3671,3672,3770,3772,3871,3872
3772: 3673,3773,3672,3771,3872,3873
3773: 3673,3674,3772,3774,3873,3874
3774: 3675,3775,3674,3773,3874,3875
3775: 3675,3676,3774,3776,3875,3876
3776: 3677,3777,3676,3775,3876,3877
3777: 3677,3776,3678,3778,3877,3878
3778: 3779,3679,3777,3678,3878,3879
3779: 3679,3778,3680,3879,3880,3780
3780: 3880,3881,3781,3779,3680,3681
3781: 3881,3780,3681,3882
3782: 3683,3882,3883,3783
3783: 3683,3782,3684,3883
3784: 
3785: 3686,3786,3685,3886,3885
3786: 3686,3785,3687,3787,3886,3887
3787: 3687,3688,3788,3786,3887,3888
3788: 3688,3787,3689,3789,3888,3889
3789: 3689,3788,3889,3890,3790
3790: 3891,3789,3791,3890
3791: 3691,3692,3792,3891,3892,3790
3792: 3693,3793,3692,3791,3892,3893
3793: 3693,3792,3694,3794,3893
3794: 3694,3695,3795,3793,3895
3795: 3695,3794,3696,3895
3796: 
3797: 3697,3897
10039: 
3799: 3700,3800,3899,3900
3800: 3700,3799,3801,3701,3900,3901
3801: 3702,3802,3701,3800,3902,3901
3802: 3702,3801,3703,3803,3902,3903
3803: 3703,3704,3802,3903,3904,3804
3804: 3904,3704,3803,3705,3805,3905
3805: 3705,3706,3804,3905
3806: 3707,3807,3706
3807: 3707,3708,3806,3808,3907,3908
3808: 3709,3809,3708,3807,3909,3908
3809: 3709,3808,3710,3909
3810: 3910,3911,3811,3711
3811: 3711,3712,3812,3911,3810,3912
3812: 3712,3713,3813,3811,3912,3913
3813: 3713,3812,3714,3814,3913,3914
3814: 3714,3715,3813,3815,3914,3915
3815: 3716,3816,3715,3814,3915,3916
3816: 3716,3815,3817,3916,3917
3817: 3718,3717,3816
3818: 3718,3719,3819
3819: 3719,3720,3820,3818,3920
3820: 3720,3819,3721,3920,3821
3821: 3921,3922,3820,3822
3822: 3722,3723,3821,3923
3823: 
3824: 3725,3825,3724,3924,3925
3825: 3725,3726,3824,3826,3925,3926
3826: 3727,3827,3726,3825,3926,3927
3827: 3727,3826,3728,3927
9990: 10041,9771
3829: 3729,3730,3830,3930
3830: 3730,3731,3831,3829,3930
3831: 3731,3830,3732,3932
3832: 
3833: 3734,3834,3733,3933,3934
3834: 3734,3833,9569,3934,9328
3835: 3836,3936,3735
3836: 3936,3937,3835,3736,3735,3837
3837: 3838,3938,3736,3737,3836,3937
3838: 3837,3938,3939,3738,3737,3839
3839: 3840,3940,3739,3838,3939,3738
3840: 3839,3940,3739,3841,3941,3740
3841: 3842,3941,3942,3741,3740,3840
3842: 3841,3942,3741,3742,3843,3943
3843: 3944,3943,3743,3742,3842,3844
3844: 3845,3945,3744,3843,3944,3743
3845: 3945,3946,3844,3744,3745
3846: 
3847: 3746,3747,3848,3948
3848: 3849,3949,3747,3748,3847
3849: 3848,3949,3748,3749,3850,3950
3850: 3851,3950,3749,3750,3849
3851: 3850,3852,3952,3751,3951
3852: 3952,3953,3752,3751,3851,3853
3853: 3854,3954,3753,3852,3953,3752
3854: 3853,3954,3955,3754,3753,3855
3855: 3856,3956,3754,3755,3854,3955
3856: 3855,3956,3957,3756,3755,3857
3857: 3757,3856,3957,3756
3858: 3757,3758,3859,3959
3859: 3960,3959,3758,3759,3858,3860
3860: 3861,3961,3759,3760,3859,3960
3861: 3961,3962,3860,3760,3761,3862
3862: 3863,3963,3761,3762,3861,3962
3863: 3862,3963,3964,3762,3763,3864
3864: 3865,3965,3763,3764,3863,3964
3865: 3864,3965,3966,3764,3765,3866
3866: 3867,3766,3765,3865,3966,3967
3867: 3866,3766,3868,3968,3967
3868: 3968,3969,3768,3867,3869
3869: 3870,3970,3768,3769,3868,3969
3870: 3869,3970,3971,3769,3871
3871: 3872,3972,3770,3771,3870,3971
3872: 3871,3972,3771,3772,3873,3973
3873: 3874,3974,3973,3773,3772,3872
3874: 3873,3974,3773,3774,3875,3975
3875: 3876,3975,3976,3774,3775,3874
3876: 3875,3976,3775,3776,3877,3977
3877: 3977,3978,3776,3777,3876,3878
3878: 3879,3979,3777,3778,3877,3978
3879: 3878,3979,3980,3779,3778,3880
3880: 3881,3981,3780,3779,3879,3980
3881: 3880,3981,3781,3780,3982
3882: 3883,3982,3983,3782,3781
3883: 3882,3983,3782,3984,3783
3884: 
3885: 3886,3986,3785,3985
3886: 3986,3987,3885,3785,3786,3887
3887: 3888,3988,3786,3787,3886,3987
3888: 3887,3988,3989,3787,3788,3889
3889: 3890,3990,3788,3789,3888,3989
3890: 3889,3990,3789,3891,3991,3790
3891: 3892,3991,3992,3790,3791,3890
3892: 3891,3992,3791,3792,3893
3893: 3792,3793,3892
9944: 
3895: 3996,3794,3795,3896
3896: 3897,3997,3996,3895
3897: 3896,3997,3797,3898,3998
3898: 3999,3897,3998
3899: 3999,3799,3900,4000
3900: 4001,4000,3799,3800,3899,3901
3901: 3902,4002,3800,3801,3900,4001
3902: 4002,4003,3901,3801,3802,3903
3903: 3904,4004,3802,3803,3902,4003
3904: 3903,4004,4005,3804,3803,3905
3905: 4006,3805,3904,4005,3804
10017: 
3907: 3807,3908,4008
3908: 3909,3807,3808,3907,4009
3909: 3908,4010,3808,3809,3910
3910: 3911,4011,3810,3909,4010
3911: 3910,4011,4012,3810,3811,3912
3912: 3913,4013,3811,3812,3911,4012
3913: 3912,4013,4014,3812,3813,3914
3914: 3915,4015,3813,3814,3913,4014
3915: 3914,4015,3814,3815,3916,4016
3916: 3917,4016,4017,3815,3816,3915
3917: 3916,4017,3816,4018
9987: 
3919: 
3920: 3819,3820,3921
3921: 3922,4022,3821,3920,4021
3922: 3921,4022,3821,3923,4023
3923: 3924,3822,3922
3924: 3923,3824,3925
3925: 3926,4025,3824,3825,3924
3926: 3925,4026,3825,3826,3927
3927: 3826,3827,3926,4027
3928: 3929,4028,4029
3929: 3928,3930,4029,4030
3930: 3829,3830,3929
9871: 
3932: 3933,4033,3831,4032
3933: 3932,4033,3833,3934,4034
3934: 4034,3935,3833,3834,3933,4035
3935: 3934,9328,4035
3936: 3836,3937,3835,4036
3937: 3836,3936,3837,3938,4037
3938: 3837,3838,3939,3937,4039
3939: 3838,3938,3839,3940,4039,4040
3940: 3839,3840,3939,3941,4040,4041
3941: 3841,3942,3840,3940,4041,4042
3942: 3841,3842,3941,3943,4042,4043
3943: 3843,3944,3842,3942,4043,4044
3944: 3843,3943,3945,3844,4044,4045
3945: 3845,3946,3844,3944,4046,4045
3946: 3845,3945,4046,4047,3947
3947: 4047,4048,3948,3946
3948: 4048,3947,3847,3949,4049
3949: 3848,3849,3950,3948,4049,4050
3950: 3850,3849,3949,4050,4051,3951
3951: 4051,4052,3851,3950,3952
3952: 3852,3953,3851,4052,3951,4053
3953: 3852,3952,3853,3954,4053,4054
3954: 3853,3854,3955,3953,4054,4055
3955: 3854,3954,3855,3956,4055,4056
3956: 3855,3856,3957,3955,4056,4057
3957: 3856,3956,3857,4057,4058
9853: 9657
3959: 3859,3960,3858,4059,4060
3960: 3859,3959,3961,3860,4060,4061
3961: 3861,3962,3860,3960,4062,4061
3962: 3861,3961,3862,3963,4062,4063
3963: 3862,3863,3964,3962,4063,4064
3964: 3863,3963,3864,3965,4064,4065
3965: 3864,3865,3966,3964,4065,4066
3966: 3865,3965,3866,4066,4067,3967
3967: 4067,4068,3966,3866,3867
3968: 3868,3969,3867,4068,4069
3969: 3868,3968,3869,3970,4069,4070
3970: 3869,3870,3971,3969,4070,4071
3971: 3870,3970,3871,3972,4071,4072
3972: 3871,3872,3971,3973,4072,4073
3973: 3873,3974,3872,3972,4073,4074
3974: 3873,3874,3973,3975,4074,4075
3975: 3875,3976,3874,3974,4075,4076
3976: 3875,3876,3975,3977,4076,4077
3977: 3877,3978,3876,3976,4077,4078
3978: 3877,3977,3878,3979,4078,4079
3979: 3878,3879,3980,3978,4079,4080
3980: 3879,3979,3880,3981,4080,4081
3981: 3880,3881,3980,4081,4082
3982: 3882,3983,3881,4082,4083
3983: 3882,3883,3982,3984,4083,4084
3984: 3985,3883,3983,4084,4085
3985: 3984,3986,3885,4085
3986: 3886,3987,3885,3985,4087
3987: 3886,3986,3887,3988,4087,4088
3988: 3887,3888,3989,3987,4088
3989: 3888,3988,3889,3990,4090
3990: 3889,3890,3989,3991,4091
3991: 3891,3890,3990
3992: 3891,3892,4093,3993
3993: 4094,3994,3992,4093
3994: 4094,3993,4095,3995
3995: 4095,4096,3996,3994
3996: 3895,3896,3997,4096,3995
3997: 3896,3897,3996,4098,3998
3998: 4098,3897,3997,3898,4099
3999: 3898,3899,4000,4099,4100
4000: 3900,4001,3899,3999,4100,4101
4001: 3900,4000,4002,3901,4101,4102
4002: 3902,4003,3901,4001,4103,4102
4003: 3902,4002,3903,4004,4103,4104
4004: 3903,3904,4005,4003,4104,4105
4005: 3904,4004,3905,4006,4105
4006: 3905,4005,4107,4007
4007: 4108,4008,4006,4107
4008: 4108,4109,4007,3907,4009
4009: 4110,3908,4010,4109,4008
4010: 3909,3910,4110,4111,4009
4011: 3910,3911,4012,4111,4112
4012: 3911,4011,3912,4013,4112,4113
4013: 3912,3913,4014,4012,4113,4114
4014: 3913,4013,3914,4015,4114,4115
4015: 3914,3915,4014,4016,4115,4116
4016: 3916,4017,3915,4015,4116,4117
4017: 3916,3917,4016,4117,4118,4018
4018: 4119,4019,3917,4017,4118
4019: 4119,4018,4120
9992: 
4021: 4121,3921,4022,4122
4022: 3921,3922,4023,4021,4122,4123
4023: 3922,4022,4123,4124
10030: 
4025: 3925,4026,4126
4026: 3926,4025,4126,4127,4027
4027: 4127,4028,4026,3927
4028: 4027,3928,4129,4029
4029: 4129,4030,3928,3929,4028
4030: 4029,3929,4131,4031
4031: 4131,4132,4032,4030
4032: 4132,4031,3932,4033
4033: 3932,3933,4034,4032,4134
4034: 3934,3933,4033,4134,4135,4035
4035: 4135,4136,3934,4034,3935
4036: 4037,4137,3936,9256
4037: 4137,4036,3937
9786: 
4039: 4140,4139,3938,3939,4040
4040: 4041,4141,3939,3940,4140,4039
4041: 4040,4141,3940,3941,4042,4142
4042: 4043,4142,4143,3941,3942,4041
4043: 4042,4143,3942,3943,4044,4144
4044: 4145,4144,3944,3943,4043,4045
4045: 4046,4146,3944,3945,4044,4145
4046: 4146,4147,4045,3945,3946,4047
4047: 4048,4148,3947,3946,4046,4147
4048: 4047,4148,3948,3947,4049,4149
4049: 4050,4150,4149,3949,4048,3948
4050: 4049,4150,3949,3950,4051,4151
4051: 4052,4151,4152,3951,3950,4050
4052: 4051,4152,3951,3952,4053,4153
4053: 4153,4154,3952,3953,4052,4054
4054: 4055,4155,3953,3954,4053,4154
4055: 4054,4155,4156,3954,3955,4056
4056: 4057,4157,3955,3956,4055,4156
4057: 4056,4157,3956,3957
4058: 4059,4159,3957
4059: 4058,4159,3959,4060,4160
4060: 4161,4160,3960,3959,4059,4061
4061: 4062,4162,3960,3961,4060,4161
4062: 4162,4163,4061,3961,3962,4063
4063: 4064,4164,3962,3963,4062,4163
4064: 4063,4164,4165,3963,3964,4065
4065: 4066,4166,3964,3965,4064,4165
4066: 4065,4166,3965,3966,4067,4167
4067: 4167,4168,3967,3966,4066
4068: 4168,3967,3968,4069,4169
4069: 4169,4170,3968,3969,4068,4070
4070: 4071,4171,3969,3970,4069,4170
4071: 4070,4171,4172,3970,3971,4072
4072: 4073,4173,3971,3972,4071,4172
4073: 4072,4173,3972,3973,4074,4174
4074: 4075,4175,4174,3974,3973,4073
4075: 4074,4175,3974,3975,4076,4176
4076: 4077,4176,4177,3975,3976,4075
4077: 4076,4177,3976,3977,4078,4178
4078: 4178,4179,4079,3977,3978,4077
4079: 4078,4179,3978,3979,4080,4180
4080: 4181,4180,3979,3980,4079,4081
4081: 4082,4182,3980,3981,4181,4080
4082: 4081,4182,3981,3982,4083,4183
4083: 4084,4183,4184,3982,3983,4082
4084: 4083,4184,3983,3984,4085,4185
4085: 4186,4185,3985,3984,4084
4086: 
4087: 4187,4188,3986,3987,4088
4088: 3987,3988,4087,4188
9763: 
4090: 4091,3989,4190
4091: 4090,4191,3990
10003: 9982
4093: 4193,3992,4094,4194,3993
4094: 4194,4195,3994,3993,4093,4095
4095: 4096,4196,3995,4094,4195,3994
4096: 4095,4196,4197,3995,3996
4097: 
4098: 4198,3998,3997
4099: 4100,4200,3999,3998
4100: 4099,4200,3999,4000,4101,4201
4101: 4201,4001,4000,4100,4102
4102: 4103,4203,4001,4002,4101
4103: 4203,4204,4102,4002,4003,4104
4104: 4105,4205,4003,4004,4103,4204
4105: 4104,4205,4206,4004,4005
4106: 
4107: 4207,4006,4007
4108: 4109,4008,4209,4007
4109: 4108,4008,4209,4110,4210,4009
4110: 4210,4211,4111,4009,4010,4109
4111: 4110,4211,4010,4011,4112,4212
4112: 4213,4212,4011,4012,4111,4113
4113: 4114,4214,4012,4013,4213,4112
4114: 4113,4214,4215,4013,4014,4115
4115: 4116,4216,4014,4015,4114,4215
4116: 4115,4216,4015,4016,4117,4217
4117: 4118,4217,4218,4016,4017,4116
4118: 4117,4218,4017,4119,4219,4018
4119: 4219,4220,4019,4018,4120,4118
4120: 4119,4220,4019,4221
4121: 4222,4221,4021,4122
4122: 4123,4223,4022,4222,4121,4021
4123: 4122,4223,4022,4023,4124,4224
4124: 4125,4225,4224,4023,4123
4125: 4124,4225,4126,4226
4126: 4227,4025,4026,4125,4127,4226
4127: 4027,4026,4126,4227
4128: 
4129: 4230,4029,4229,4028
4130: 
4131: 4132,4232,4031,4231,4030
4132: 4131,4232,4031,4233,4032
4133: 
4134: 4234,4033,4034,4135,4235
4135: 4235,4236,4136,4035,4034,4134
4136: 4135,4236,4035,9269
4137: 4037,4036,9256,9489,4238
9919: 9926
4139: 4140,4039,4239,4240
4140: 4039,4139,4040,4141,4240,4241
4141: 4040,4041,4140,4142,4241,4242
4142: 4042,4143,4041,4141,4242,4243
4143: 4042,4043,4142,4144,4243,4244
4144: 4044,4145,4043,4143,4244,4245
4145: 4044,4144,4146,4045,4245,4246
4146: 4046,4147,4045,4145,4247,4246
4147: 4046,4146,4047,4148,4247,4248
4148: 4047,4048,4147,4149,4248,4249
4149: 4049,4150,4048,4148,4249,4250
4150: 4049,4050,4149,4151,4250,4251
4151: 4051,4152,4050,4150,4251,4252
4152: 4051,4052,4151,4153,4252,4253
4153: 4053,4154,4052,4152,4253,4254
4154: 4053,4153,4054,4155,4254,4255
4155: 4054,4055,4156,4154,4255,4256
4156: 4055,4155,4056,4157,4256,4257
4157: 4056,4057,4156,4257,4258
9897: 10028,9890
4159: 4058,4059,4160,4260
4160: 4060,4161,4059,4159
4161: 4060,4160,4162,4061,4262
4162: 4062,4163,4061,4161,4263,4262
4163: 4062,4162,4063,4164,4263
4164: 4063,4064,4165,4163,4265
4165: 4064,4164,4065,4166,4265,4266
4166: 4065,4066,4165,4167,4266,4267
4167: 4067,4168,4066,4166,4267,4268
4168: 4067,4068,4167,4169,4268,4269
4169: 4069,4170,4068,4168,4269,4270
4170: 4069,4169,4070,4171,4270,4271
4171: 4070,4071,4172,4170,4271
4172: 4071,4171,4072,4173,4273
4173: 4072,4073,4172,4174,4273,4274
4174: 4074,4175,4073,4173,4274,4275
4175: 4074,4075,4174,4176,4275,4276
4176: 4076,4177,4075,4175,4276,4277
4177: 4076,4077,4176,4178,4277,4278
4178: 4078,4179,4077,4177,4278,4279
4179: 4078,4178,4079,4180,4279,4280
4180: 4181,4080,4179,4079,4280,4281
4181: 4080,4180,4081,4281,4282
4182: 4081,4082,4183,4282,4283
4183: 4083,4184,4082,4182,4283,4284
4184: 4083,4084,4183,4185,4284,4285
4185: 4085,4186,4084,4184,4285,4286
4186: 4085,4185,4187,4286,4287
4187: 4087,4188,4186,4288,4287
4188: 4087,4187,4088,4288,4289
4189: 
4190: 4090,4191,4290,4291
4191: 4091,4190,4291,4292,4192
4192: 4293,4191,4193,4292
4193: 4093,4194,4293,4294,4192
4194: 4094,4195,4193,4093,4294,4295
4195: 4094,4194,4095,4196,4295,4296
4196: 4095,4096,4197,4195,4296,4297
4197: 4096,4196,4198,4297,4298
4198: 4098,4197,4298
10027: 
4200: 4099,4100,4201,4300,4301
4201: 4101,4100,4200,4301,4302
9943: 
4203: 4103,4204,4102,4304,4303
4204: 4103,4203,4104,4205,4304,4305
4205: 4104,4105,4206,4204,4305,4306
4206: 4105,4205,4207,4306,4307
4207: 4107,4206,4307,4308
4208: 
4209: 4108,4109,4210,4309,4310
4210: 4110,4211,4109,4209,4310,4311
4211: 4110,4210,4111,4212,4311,4312
4212: 4213,4112,4211,4111,4312,4313
4213: 4112,4212,4113,4214,4313,4314
4214: 4113,4114,4215,4213,4314,4315
4215: 4114,4214,4115,4216,4315,4316
4216: 4115,4116,4215,4217,4316,4317
4217: 4117,4218,4116,4216,4317,4318
4218: 4117,4118,4217,4219,4318,4319
4219: 4119,4220,4118,4218,4319,4320
4220: 4119,4219,4120,4320,4321
4221: 4222,4121,4120,4321,4322
4222: 4121,4221,4122,4223,4322,4323
4223: 4122,4123,4222,4224,4323,4324
4224: 4124,4225,4123,4223,4324,4325
4225: 4124,4125,4224,4325,4326,4226
4226: 4327,4125,4225,4126,4227,4326
4227: 4126,4127,4327,4226,4328
4228: 
4229: 4129,4230,4329,4330
4230: 4129,4231,4229,4330,4331
4231: 4230,4131,4232,4331,4332
4232: 4131,4132,4233,4231,4332,4333
4233: 4132,4232,4234,4333,4334
4234: 4134,4233,4235,4334
4235: 4135,4236,4134,4234,4336
4236: 4135,4235,4136,9269,4336,4337
9768: 9753,9714
4238: 4338,4339,4137,4239
4239: 4240,4340,4139,4238,4339
4240: 4239,4340,4140,4139,4241,4341
4241: 4242,4342,4341,4140,4141,4240
4242: 4241,4342,4141,4142,4243,4343
4243: 4244,4343,4344,4142,4143,4242
4244: 4243,4344,4143,4144,4245,4345
4245: 4346,4345,4145,4144,4244,4246
4246: 4247,4347,4145,4146,4245,4346
4247: 4347,4348,4246,4146,4147,4248
4248: 4249,4349,4147,4148,4247,4348
4249: 4248,4349,4148,4149,4250,4350
4250: 4251,4351,4350,4150,4149,4249
4251: 4250,4351,4150,4151,4252,4352
4252: 4253,4352,4353,4151,4152,4251
4253: 4252,4353,4152,4153,4254,4354
4254: 4354,4153,4154,4253,4255
4255: 4256,4356,4154,4155,4254
4256: 4255,4356,4357,4155,4156,4257
4257: 4258,4358,4156,4157,4256,4357
4258: 4257,4358,4359,4157,4259
4259: 4260,4360,4258,4359
4260: 4259,4360,4159,4361
9946: 
4262: 4263,4363,4161,4162
4263: 4363,4364,4262,4162,4163
4264: 
4265: 4365,4366,4164,4165,4266
4266: 4267,4367,4165,4166,4265,4366
4267: 4266,4367,4166,4167,4268,4368
4268: 4269,4368,4369,4167,4168,4267
4269: 4268,4369,4168,4169,4270,4370
4270: 4370,4371,4271,4169,4170,4269
4271: 4270,4371,4170,4171
9978: 9766
4273: 4274,4172,4173
4274: 4273,4173,4174,4275
4275: 4276,4376,4175,4174,4274
4276: 4275,4376,4175,4176,4277,4377
4277: 4278,4377,4378,4176,4177,4276
4278: 4277,4378,4177,4178,4279,4379
4279: 4379,4380,4178,4179,4278,4280
4280: 4281,4381,4179,4180,4279,4380
4281: 4280,4381,4382,4181,4180,4282
4282: 4181,4182,4281
4283: 4182,4183,4284,4384
4284: 4285,4384,4385,4183,4184,4283
4285: 4284,4385,4184,4185,4286,4386
4286: 4387,4386,4186,4185,4285,4287
4287: 4288,4388,4186,4187,4286,4387
4288: 4388,4389,4287,4187,4188,4289
4289: 4290,4390,4188,4288,4389
4290: 4289,4390,4391,4190,4291
4291: 4292,4392,4190,4191,4290,4391
4292: 4291,4392,4191,4293,4393,4192
4293: 4294,4393,4394,4192,4193,4292
4294: 4293,4394,4193,4194,4295,4395
4295: 4395,4396,4194,4195,4294,4296
4296: 4297,4397,4195,4196,4295,4396
4297: 4296,4397,4398,4196,4197,4298
4298: 4299,4399,4197,4198,4297,4398
4299: 4298,4399,4400
4300: 4301,4400,4401,4200
4301: 4300,4401,4200,4201,4302,4402
4302: 4403,4402,4201,4301,4303
4303: 4304,4404,4203,4302,4403
4304: 4404,4405,4303,4203,4204,4305
4305: 4306,4406,4204,4205,4304,4405
4306: 4305,4406,4407,4205,4206,4307
4307: 4308,4408,4206,4207,4306,4407
4308: 4307,4408,4409,4207,4309
4309: 4410,4209,4308,4409
4310: 4410,4209,4210,4311,4411
4311: 4411,4412,4210,4211,4310,4312
4312: 4313,4413,4211,4212,4311,4412
4313: 4312,4413,4414,4213,4212,4314
4314: 4315,4415,4213,4214,4313,4414
4315: 4314,4415,4416,4214,4215,4316
4316: 4317,4417,4215,4216,4315,4416
4317: 4316,4417,4216,4217,4318,4418
4318: 4319,4418,4419,4217,4218,4317
4319: 4318,4419,4218,4219,4320,4420
4320: 4420,4219,4220,4319
4321: 4322,4422,4220,4221
4322: 4321,4422,4423,4222,4221,4323
4323: 4324,4424,4222,4223,4322,4423
4324: 4323,4424,4223,4224,4325,4425
4325: 4326,4425,4426,4225,4224,4324
4326: 4325,4426,4225,4327,4427,4226
4327: 4428,4427,4226,4328,4227,4326
4328: 4327,4428,4227,4329,4429
4329: 4429,4430,4229,4328,4330
4330: 4331,4431,4229,4230,4329,4430
4331: 4330,4431,4432,4230,4231,4332
4332: 4333,4231,4232,4331,4432
4333: 4332,4434,4232,4233,4334
4334: 4435,4233,4234,4333,4434
9807: 9900
4336: 4436,4437,4337,4235,4236
4337: 4336,4437,4236,9269
4338: 4238,4339,9331,4439,4438
4339: 4238,4338,4239,4340,4439,4440
4340: 4239,4240,4339,4341,4440,4441
4341: 4241,4342,4240,4340,4441,4442
4342: 4241,4242,4341,4343,4442,4443
4343: 4243,4344,4242,4342,4443,4444
4344: 4243,4244,4343,4345,4444,4445
4345: 4245,4346,4244,4344,4445,4446
4346: 4245,4345,4347,4246,4446,4447
4347: 4247,4348,4246,4346,4447,4448
4348: 4247,4347,4248,4349,4448,4449
4349: 4248,4249,4348,4350,4449,4450
4350: 4250,4351,4249,4349,4450,4451
4351: 4250,4251,4350,4352,4451,4452
4352: 4252,4353,4251,4351,4452,4453
4353: 4252,4253,4352,4354,4453,4454
4354: 4254,4253,4353,4454,4455
4355: 
4356: 4255,4256,4357,4456,4457
4357: 4256,4356,4257,4358,4457,4458
4358: 4257,4258,4359,4357,4458,4459
4359: 4258,4358,4259,4360,4459,4460
4360: 4259,4260,4359,4361,4460,4461
4361: 4260,4360,4461,4462
4362: 4363,4462,4463
4363: 4263,4364,4262,4362,4464,4463
4364: 4263,4363,4365,4464,4465
4365: 4265,4366,4364,4465,4466
4366: 4265,4365,4266,4367,4466,4467
4367: 4266,4267,4366,4368,4467,4468
4368: 4268,4369,4267,4367,4468,4469
4369: 4268,4269,4368,4370,4469,4470
4370: 4270,4371,4269,4369,4470,4471
4371: 4270,4370,4271,4471
4372: 
4373: 4473,4474
9759: 
9709: 9761
4376: 4275,4276,4377,4476,4477
4377: 4277,4378,4276,4376,4477,4478
4378: 4277,4278,4377,4379,4478,4479
4379: 4279,4380,4278,4378,4479,4480
4380: 4279,4379,4280,4381,4480
4381: 4280,4281,4382,4380,4481
4382: 4281,4381,4482
10041: 9957,9771,9990
4384: 4284,4385,4283,4485
4385: 4284,4285,4384,4386,4485,4486
4386: 4286,4387,4285,4385,4486
4387: 4286,4386,4388,4287,4488
4388: 4288,4389,4287,4387,4489,4488
4389: 4288,4388,4289,4390,4489,4490
4390: 4289,4290,4391,4389,4490,4491
4391: 4290,4390,4291,4392,4491,4492
4392: 4291,4292,4391,4393,4492,4493
4393: 4293,4394,4292,4392,4493,4494
4394: 4293,4294,4393,4395,4494,4495
4395: 4295,4396,4294,4394,4495,4496
4396: 4295,4395,4296,4397,4496,4497
4397: 4296,4297,4398,4396,4497,4498
4398: 4297,4397,4298,4399,4498,4499
4399: 4298,4299,4398,4499,4500
4400: 4300,4401,4299,4501
4401: 4300,4301,4400,4402,4501,4502
4402: 4302,4403,4301,4401,4502,4503
4403: 4302,4402,4404,4303,4503,4504
4404: 4304,4405,4303,4403,4505,4504
4405: 4304,4404,4305,4406,4505,4506
4406: 4305,4306,4407,4405,4506,4507
4407: 4306,4406,4307,4408,4507,4508
4408: 4307,4308,4409,4407,4508,4509
4409: 4308,4408,4309,4410,4509,4510
4410: 4309,4310,4409,4510
4411: 4311,4412,4310,4512
4412: 4311,4411,4312,4413,4512,4513
4413: 4312,4313,4414,4412,4513,4514
4414: 4313,4413,4314,4415,4514,4515
4415: 4314,4315,4416,4414,4515,4516
4416: 4315,4415,4316,4417,4516,4517
4417: 4316,4317,4416,4418,4517,4518
4418: 4318,4419,4317,4417,4518,4519
4419: 4318,4319,4418,4420,4519,4520
4420: 4320,4319,4419,4520,4521
9842: 
4422: 4321,4322,4423,4522,4523
4423: 4322,4422,4323,4424,4523,4524
4424: 4323,4324,4423,4425,4524,4525
4425: 4325,4426,4324,4424,4525,4526
4426: 4325,4326,4425,4427,4526,4527
4427: 4327,4428,4326,4426,4527,4528
4428: 4327,4427,4328,4429,4528,4529
4429: 4329,4430,4428,4328,4530,4529
4430: 4329,4429,4330,4431,4530
4431: 4330,4331,4432,4430,4532
4432: 4331,4431,4332,4532,4533
4433: 
4434: 4333,4334,4435,4534
4435: 4334,4434,4436,4536
4436: 4336,4437,4435,4536,4537
4437: 4336,4436,4337,4537,4538
4438: 4439,4539,9331,4338
4439: 4539,4540,4438,4338,4339,4440
4440: 4441,4541,4339,4340,4439,4540
4441: 4440,4541,4340,4341,4442,4542
4442: 4443,4543,4542,4342,4341,4441
4443: 4442,4543,4342,4343,4444,4544
4444: 4445,4544,4545,4343,4344,4443
4445: 4444,4545,4344,4345,4446
4446: 4547,4447,4346,4345,4445
4447: 4446,4547,4346,4347,4448,4548
4448: 4548,4549,4347,4348,4447,4449
4449: 4450,4348,4349,4448,4549
4450: 4449,4349,4350,4451,4551
4451: 4452,4552,4551,4351,4350,4450
4452: 4451,4552,4351,4352,4453,4553
4453: 4454,4553,4554,4352,4353,4452
4454: 4453,4554,4353,4354,4455,4555
4455: 4555,4556,4456,4354,4454
4456: 4455,4556,4356,4457,4557
4457: 4558,4557,4356,4357,4456,4458
4458: 4459,4559,4357,4358,4558,4457
4459: 4458,4559,4560,4358,4359,4460
4460: 4461,4561,4359,4360,4459,4560
4461: 4460,4561,4360,4361,4462,4562
4462: 4563,4562,4361,4362,4461,4463
4463: 4464,4564,4362,4363,4462,4563
4464: 4564,4565,4463,4363,4364,4465
4465: 4466,4566,4364,4365,4464,4565
4466: 4465,4566,4567,4365,4366,4467
4467: 4468,4568,4366,4367,4466,4567
4468: 4467,4568,4569,4367,4368,4469
4469: 4470,4368,4369,4468,4569
4470: 4469,4369,4370,4471,4571
4471: 4571,4572,4472,4370,4371,4470
4472: 4471,4572,4473,4573
4473: 4574,4573,4373,4472,4474
4474: 4475,4575,4373,4574,4473
4475: 4474,4575,4576,4476
4476: 4477,4577,4376,4475,4576
4477: 4476,4577,4376,4377,4478,4578
4478: 4479,4578,4579,4377,4378,4477
4479: 4478,4579,4378,4379,4580
4480: 4580,4581,4379,4380,4481
4481: 4482,4582,4381,4480,4581
4482: 4481,4582,4583,4382,4483
4483: 4484,4584,4482,4583
4484: 4483,4584,4585
4485: 4486,4384,4385
4486: 4485,4385,4386,4587
9731: 9961,9859
4488: 4489,4589,4387,4388,4588
4489: 4589,4590,4488,4388,4389,4490
4490: 4491,4591,4389,4390,4489,4590
4491: 4490,4591,4592,4390,4391,4492
4492: 4493,4593,4391,4392,4491,4592
4493: 4492,4593,4392,4393,4494,4594
4494: 4495,4594,4595,4393,4394,4493
4495: 4494,4595,4394,4395,4496,4596
4496: 4596,4597,4497,4395,4396,4495
4497: 4496,4597,4396,4397,4498,4598
4498: 4599,4598,4397,4398,4497,4499
4499: 4500,4600,4398,4399,4599,4498
4500: 4499,4600,4399
4501: 4502,4602,4400,4401
4502: 4501,4602,4401,4402,4503,4603
4503: 4604,4603,4403,4402,4502,4504
4504: 4505,4605,4403,4404,4503,4604
4505: 4605,4606,4504,4404,4405,4506
4506: 4507,4607,4405,4406,4505,4606
4507: 4506,4607,4608,4406,4407,4508
4508: 4509,4609,4407,4408,4507,4608
4509: 4508,4609,4610,4408,4409,4510
4510: 4611,4409,4410,4509,4610
9904: 
4512: 4612,4613,4411,4412,4513
4513: 4514,4614,4412,4413,4512,4613
4514: 4513,4614,4615,4413,4414,4515
4515: 4516,4616,4414,4415,4514,4615
4516: 4515,4616,4617,4415,4416,4517
4517: 4518,4618,4416,4417,4516,4617
4518: 4517,4618,4417,4418,4519
4519: 4520,4620,4418,4419,4518
4520: 4519,4620,4419,4420,4521,4621
4521: 4621,4622,4420,4520
4522: 4523,4623,4422,4622
4523: 4522,4623,4624,4422,4423,4524
4524: 4525,4625,4423,4424,4523,4624
4525: 4524,4625,4424,4425,4526,4626
4526: 4527,4627,4626,4425,4426,4525
4527: 4526,4627,4426,4427,4528,4628
4528: 4628,4428,4427,4527,4529
4529: 4530,4630,4428,4429,4528
4530: 4630,4631,4529,4429,4430
9814: 9955,9922
4532: 4633,4632,4431,4432,4533
4533: 4534,4634,4432,4633,4532
4534: 4533,4634,4635,4434
4535: 
4536: 4636,4435,4436,4537,4637
4537: 4637,4638,4538,4436,4437,4536
4538: 4537,4638,4437,4639
4539: 4439,4540,4438,4641,4640
4540: 4439,4539,4440,4541,4641,4642
4541: 4440,4441,4540,4542,4642,4643
4542: 4442,4543,4441,4541,4643,4644
4543: 4442,4443,4542,4544,4644,4645
4544: 4444,4545,4443,4543,4645
4545: 4444,4445,4544
9743: 9812,9980
4547: 4446,4447,4548,4648
4548: 4448,4549,4547,4447,4650
4549: 4448,4548,4449,4650,4651
4550: 
4551: 4451,4552,4450,4652,4653
4552: 4451,4452,4551,4553,4653,4654
4553: 4453,4554,4452,4552,4654,4655
4554: 4453,4454,4553,4555,4655,4656
4555: 4455,4556,4454,4554,4656,4657
4556: 4455,4555,4456,4557,4657,4658
4557: 4558,4457,4556,4456,4658,4659
4558: 4457,4557,4458,4559,4659,4660
4559: 4458,4459,4560,4558,4660,4661
4560: 4459,4559,4460,4561,4661,4662
4561: 4460,4461,4560,4562,4662,4663
4562: 4462,4563,4461,4561,4663,4664
4563: 4462,4562,4564,4463,4664,4665
4564: 4464,4565,4463,4563,4665,4666
4565: 4464,4564,4465,4566,4666,4667
4566: 4465,4466,4567,4565,4667,4668
4567: 4466,4566,4467,4568,4668,4669
4568: 4467,4468,4569,4567,4669,4670
4569: 4468,4568,4469,4670,4671
4570: 
4571: 4471,4572,4470,4672,4673
4572: 4471,4571,4472,4673
4573: 4574,4473,4472,4675
4574: 4473,4573,4474,4575,4675,4676
4575: 4474,4475,4576,4574,4676,4677
4576: 4475,4575,4476,4577,4677,4678
4577: 4476,4477,4576,4578,4678,4679
4578: 4478,4579,4477,4577,4679,4680
4579: 4478,4479,4578,4580,4680,4681
4580: 4480,4581,4479,4579,4682,4681
4581: 4480,4580,4481,4582,4682,4683
4582: 4481,4482,4583,4581,4683,4684
4583: 4482,4582,4483,4584,4684,4685
4584: 4483,4484,4585,4583,4685,4686
4585: 4484,4584,4686,4687
9973: 9823
4587: 4588,4486,4689
4588: 4587,4589,4488,4689,4690
4589: 4489,4590,4488,4588,4691,4690
4590: 4489,4589,4490,4591,4691,4692
4591: 4490,4491,4592,4590,4692,4693
4592: 4491,4591,4492,4593,4693,4694
4593: 4492,4493,4592,4594,4694,4695
4594: 4494,4595,4493,4593,4695,4696
4595: 4494,4495,4594,4596,4696,4697
4596: 4496,4597,4495,4595,4697,4698
4597: 4496,4596,4497,4598,4698,4699
4598: 4599,4498,4597,4497,4699,4700
4599: 4498,4598,4499,4600,4700,4701
4600: 4499,4500,4599,4701,4702
10021: 
4602: 4501,4502,4603
4603: 4503,4604,4502,4602
4604: 4503,4603,4605,4504,4706
4605: 4505,4606,4504,4604,4707
4606: 4505,4605,4506,4607
4607: 4506,4507,4608,4606
4608: 4507,4607,4508,4609,4709
4609: 4508,4509,4610,4608,4710,4711
4610: 4509,4609,4510,4611,4711
4611: 4510,4610,4712,4713
4612: 4512,4613,4713,4714
4613: 4512,4612,4513,4614,4715
4614: 4513,4514,4615,4613,4715,4716
4615: 4514,4614,4515,4616,4716,4717
4616: 4515,4516,4617,4615,4717
4617: 4516,4616,4517,4618
4618: 4517,4518,4617,4719,4720
4619: 
4620: 4519,4520,4621,4721,4722
4621: 4521,4622,4520,4620,4722,4723
4622: 4521,4621,4522,4723,4724
4623: 4522,4523,4624,4724,4725
4624: 4523,4623,4524,4625,4725,4726
4625: 4524,4525,4624,4626,4726,4727
4626: 4526,4627,4525,4625,4727,4728
4627: 4526,4527,4626,4628,4728,4729
4628: 4528,4527,4627,4729,4730
4629: 
4630: 4530,4631,4529,4732,4731
4631: 4530,4630,4632,4732,4733
4632: 4633,4532,4631,4733,4734
4633: 4532,4632,4533,4634,4734,4735
4634: 4533,4534,4635,4633,4735,4736
4635: 4534,4634,4636,4736,4737
4636: 4536,4635,4637,4737,4738
4637: 4537,4638,4536,4636,4738,4739
4638: 4537,4637,4538,4639,4739,4740
4639: 4638,4538,4740
4640: 4641,4741,4539,9538,9573
4641: 4741,4742,4640,4539,4540,4642
4642: 4643,4743,4540,4541,4641,4742
4643: 4642,4743,4541,4542,4644,4744
4644: 4645,4745,4744,4543,4542,4643
4645: 4644,4745,4543,4544,4746
9923: 9809
4647: 4648,4748,4747
4648: 4749,4748,4647,4547
9707: 
4650: 4751,4548,4549,4651
4651: 4652,4752,4549,4650,4751
4652: 4651,4752,4551,4653,4753
4653: 4654,4753,4552,4551,4652
4654: 4653,4552,4553,4655,4755
4655: 4656,4755,4756,4553,4554,4654
4656: 4655,4756,4554,4555,4657,4757
4657: 4757,4658,4555,4556,4656
4658: 4657,4556,4557,4659
4659: 4760,4558,4557,4658,4660
4660: 4558,4559,4760,4659
4661: 4559,4560,4662,4762
4662: 4663,4762,4763,4560,4561,4661
4663: 4662,4763,4561,4562,4664,4764
4664: 4665,4764,4765,4563,4562,4663
4665: 4664,4765,4563,4564,4666,4766
4666: 4766,4767,4564,4565,4665,4667
4667: 4668,4565,4566,4666,4767
4668: 4667,4769,4566,4567,4669
4669: 4670,4770,4567,4568,4668,4769
4670: 4669,4770,4771,4568,4569,4671
4671: 4672,4772,4569,4670,4771
4672: 4671,4772,4571,4673,4773
4673: 4773,4571,4572,4672
4674: 
4675: 4775,4776,4574,4573,4676
4676: 4677,4574,4575,4675,4776
4677: 4676,4778,4575,4576,4678
4678: 4679,4779,4576,4577,4677,4778
4679: 4678,4779,4577,4578,4680,4780
4680: 4781,4780,4578,4579,4679,4681
4681: 4682,4782,4579,4580,4680,4781
4682: 4782,4783,4681,4580,4581,4683
4683: 4684,4784,4581,4582,4682,4783
4684: 4683,4784,4785,4582,4583,4685
4685: 4686,4786,4583,4584,4684,4785
4686: 4685,4786,4787,4584,4585,4687
4687: 4788,4585,4686,4787
4688: 4788,4689,4789
4689: 4790,4587,4588,4688,4690
4690: 4691,4791,4588,4589,4689,4790
4691: 4791,4792,4690,4589,4590,4692
4692: 4693,4793,4590,4591,4691,4792
4693: 4692,4793,4591,4592
4694: 4695,4795,4794,4592,4593
4695: 4694,4795,4593,4594,4696,4796
4696: 4697,4796,4797,4594,4595,4695
4697: 4696,4797,4595,4596,4698,4798
4698: 4798,4799,4699,4596,4597,4697
4699: 4698,4799,4597,4598,4800,4700
4700: 4800,4599,4598,4699,4701
4701: 4702,4599,4600,4700
4702: 4701,4802,4600
4703: 4704,4804
4704: 4703,4804,4805
9887: 
4706: 4806,4604,4707,4807
4707: 4807,4605,4706
9985: 
4709: 4810,4809,4608,4710
4710: 4711,4811,4609,4810,4709
4711: 4710,4811,4609,4610,4712,4812
4712: 4713,4812,4813,4611,4711
4713: 4712,4813,4611,4612,4714,4814
4714: 4814,4815,4715,4612,4713
4715: 4714,4815,4613,4614,4716,4816
4716: 4817,4816,4614,4615,4715,4717
4717: 4615,4616,4817,4716
9903: 9902
4719: 4720,4820,4618,4819
4720: 4719,4618,4721,4821
4721: 4722,4822,4620,4720
4722: 4721,4822,4620,4621,4723,4823
4723: 4823,4824,4621,4622,4722,4724
4724: 4725,4825,4622,4623,4723,4824
4725: 4724,4825,4826,4623,4624,4726
4726: 4727,4827,4624,4625,4725,4826
4727: 4726,4827,4828,4625,4626,4728
4728: 4729,4829,4627,4626,4727,4828
4729: 4728,4829,4627,4628,4730,4830
4730: 4831,4830,4628,4729,4731
4731: 4732,4832,4630,4730,4831
4732: 4832,4833,4731,4630,4631,4733
4733: 4734,4834,4631,4632,4732,4833
4734: 4733,4834,4835,4633,4632,4735
4735: 4736,4836,4633,4634,4734,4835
4736: 4735,4836,4837,4634,4635,4737
4737: 4738,4838,4635,4636,4736,4837
4738: 4737,4838,4636,4637,4739,4839
4739: 4839,4840,4740,4637,4638,4738
4740: 4739,4840,4638,4639,4841
4741: 4641,4742,4640,9573,4843,4842
4742: 4641,4741,4642,4743,4843,4844
4743: 4642,4643,4742,4744,4844,4845
4744: 4644,4745,4643,4743,4845,4846
4745: 4644,4645,4744,4746,4846,4847
4746: 4747,4645,4745,4847,4848
4747: 4746,4748,4647,4848,4849
4748: 4648,4749,4647,4747,4849,4850
4749: 4648,4748,4750,4850,4851
4750: 4749,4851,4852
4751: 4650,4651,4752,4853
4752: 4651,4652,4751,4753,4853,4854
4753: 4653,4652,4752,4854,4855
4754: 
4755: 4655,4756,4654,4856
4756: 4655,4656,4755,4757,4858
4757: 4657,4656,4756,4858,4859
9705: 
9805: 
4760: 4659,4660,4861
9889: 9691,9854
4762: 4662,4763,4661,4863,4864
4763: 4662,4663,4762,4764,4864,4865
4764: 4664,4765,4663,4763,4865,4866
4765: 4664,4665,4764,4766,4866,4867
4766: 4666,4767,4665,4765,4867,4868
4767: 4666,4766,4667,4868,4869
4768: 
4769: 4668,4669,4770,4870,4871
4770: 4669,4670,4771,4769,4871,4872
4771: 4670,4770,4671,4772,4872
4772: 4671,4672,4771,4773,4873
4773: 4673,4672,4772,4874
9876: 9927
4775: 4675,4776,4876,4877
4776: 4675,4775,4676,4877,4878
4777: 
4778: 4677,4678,4779,4879,4880
4779: 4678,4679,4778,4780,4880,4881
4780: 4680,4781,4679,4779,4881,4882
4781: 4680,4780,4782,4681,4882,4883
4782: 4682,4783,4681,4781,4883
4783: 4682,4782,4683,4784,4885
4784: 4683,4684,4785,4783,4885,4886
4785: 4684,4784,4685,4786,4886,4887
4786: 4685,4686,4787,4785,4887,4888
4787: 4686,4786,4687,4888,4889
4788: 4687,4688,4789,4889,4890
4789: 4790,4688,4788,4890,4891
4790: 4689,4789,4791,4690,4892
4791: 4691,4792,4690,4790,4892,4893
4792: 4691,4791,4692,4793,4893,4894
4793: 4692,4693,4792,4894
4794: 4694,4795,4895,4896
4795: 4694,4695,4794,4796,4896,4897
4796: 4696,4797,4695,4795,4897,4898
4797: 4696,4697,4796,4798,4898,4899
4798: 4698,4799,4697,4797,4899,4900
4799: 4698,4798,4699,4800,4900,4901
4800: 4700,4799,4699,4901
9852: 
4802: 4702,4903,4904
9728: 9769
4804: 4703,4704,4805,4905,4906
4805: 4806,4704,4804,4906,4907
4806: 4706,4805,4807,4907
4807: 4707,4808,4806,4706
4808: 4807,4909,4910
4809: 4810,4709,4910,4911
4810: 4709,4809,4710,4811,4911,4912
4811: 4710,4711,4810,4812,4912,4913
4812: 4712,4813,4711,4811,4913,4914
4813: 4712,4713,4812,4814,4914,4915
4814: 4714,4815,4713,4813,4915,4916
4815: 4714,4814,4715,4816,4916,4917
4816: 4817,4716,4815,4715,4917,4918
4817: 4716,4816,4717,4818,4918,4919
4818: 4819,4817,4919,4920
4819: 4818,4719,4820,4920,4921
4820: 4719,4819,4821,4921,4922
4821: 4822,4720,4820,4922
4822: 4721,4722,4821,4823,4924
4823: 4723,4824,4722,4822,4924,4925
4824: 4723,4823,4724,4825,4925,4926
4825: 4724,4725,4826,4824,4926,4927
4826: 4725,4825,4726,4827,4927,4928
4827: 4726,4727,4828,4826,4928,4929
4828: 4727,4827,4728,4829,4929,4930
4829: 4728,4729,4828,4830,4930
4830: 4730,4831,4729,4829
4831: 4730,4830,4832,4731,4932,4933
4832: 4732,4833,4731,4831,4934,4933
4833: 4732,4832,4733,4834,4934,4935
4834: 4733,4734,4835,4833,4935,4936
4835: 4734,4834,4735,4836,4936,4937
4836: 4735,4736,4837,4835,4937,4938
4837: 4736,4836,4737,4838,4938,4939
4838: 4737,4738,4837,4839,4939,4940
4839: 4739,4840,4738,4838,4940,4941
4840: 4739,4839,4740,4841,4941,4942
4841: 4840,4740,4942
4842: 4843,4943,9573,4741
4843: 4943,4944,4842,4741,4742,4844
4844: 4845,4945,4742,4743,4843,4944
4845: 4844,4945,4743,4744,4846,4946
4846: 4847,4947,4946,4745,4744,4845
4847: 4846,4947,4745,4746,4848,4948
4848: 4849,4948,4949,4746,4747,4847
4849: 4848,4949,4747,4748,4850,4950
4850: 4951,4950,4851,4749,4748,4849
4851: 4850,4951,4749,4750,4852,4952
4852: 4952,4953,4750,4851
4853: 4854,4954,4751,4752
4854: 4853,4954,4955,4752,4753,4855
4855: 4856,4956,4753,4854,4955
4856: 4855,4956,4755,4957
4857: 
4858: 4958,4756,4757,4859,4959
4859: 4959,4960,4757,4858,4860
4860: 4861,4961,4859,4960
4861: 4860,4961,4962,4760,4862
4862: 4863,4963,4861,4962
4863: 4862,4963,4762,4864,4964
4864: 4865,4964,4965,4762,4763,4863
4865: 4864,4965,4763,4764,4866,4966
4866: 4867,4966,4967,4764,4765,4865
4867: 4866,4967,4765,4766,4868,4968
4868: 4968,4969,4766,4767,4867,4869
4869: 4870,4970,4767,4868,4969
4870: 4869,4970,4971,4769,4871
4871: 4872,4972,4769,4770,4870,4971
4872: 4871,4972,4770,4771
4873: 4874,4974,4772
4874: 4873,4974,4773,4875,4975
4875: 4975,4876,4874
4876: 4875,4775,4877
4877: 4978,4775,4776,4876,4878
4878: 4879,4979,4776,4978,4877
4879: 4878,4979,4980,4778,4880
4880: 4881,4981,4778,4779,4879,4980
4881: 4880,4981,4779,4780,4882,4982
4882: 4982,4781,4780,4881,4883
4883: 4984,4781,4782,4882
4884: 
4885: 4886,4986,4783,4784,4985
4886: 4885,4986,4987,4784,4785,4887
4887: 4888,4988,4785,4786,4886,4987
4888: 4887,4988,4786,4787
4889: 4890,4990,4787,4788
4890: 4889,4990,4788,4789,4891,4991
4891: 4992,4991,4892,4789,4890
4892: 4891,4790,4791,4893
4893: 4791,4792,4892,4894
4894: 4792,4793,4893
4895: 4794,4896,4996
4896: 4897,4997,4996,4795,4794,4895
4897: 4896,4997,4795,4796,4898,4998
4898: 4899,4998,4999,4796,4797,4897
4899: 4898,4999,4797,4798,4900
4900: 5000,4901,4798,4799,4899
4901: 4900,4799,4800,4902
4902: 5003,5002,4901
4903: 4904,5004,4802,5003
4904: 4903,5004,4802,4905,5005
4905: 4906,5005,5006,4804,4904
4906: 4905,5006,4804,4805,4907,5007
4907: 5008,5007,4806,4805,4906
9726: 9861,9784,9668
4909: 5009,5010,4808,4910
4910: 4911,5011,4808,4809,4909,5010
4911: 4910,5011,5012,4810,4809,4912
4912: 4913,5013,4810,4811,4911,5012
4913: 4912,5013,4811,4812,4914,5014
4914: 4915,5014,5015,4812,4813,4913
4915: 4914,5015,4813,4814,4916,5016
4916: 5016,5017,4814,4815,4915,4917
4917: 4918,5018,4815,4816,4916,5017
4918: 4917,5018,4817,4816,4919
4919: 4920,5020,4817,4818,4918
4920: 4919,5020,5021,4819,4818,4921
4921: 4922,5022,4819,4820,4920,5021
4922: 4921,5022,4820,4821,5023
4923: 
4924: 4822,4823,4925
4925: 5026,4823,4824,4924,4926
4926: 4927,5027,4824,4825,4925,5026
4927: 4926,5027,4825,4826,4928
4928: 4929,4826,4827,4927
4929: 4928,5029,4827,4828,4930
4930: 4828,4829,4929
9964: 9873,9872
4932: 5033,4831,4933
4933: 4934,5034,4831,4832,4932,5033
4934: 5034,5035,4933,4832,4833,4935
4935: 4936,5036,4833,4834,4934,5035
4936: 4935,5036,5037,4834,4835,4937
4937: 4938,5038,4835,4836,4936,5037
4938: 4937,5038,5039,4836,4837,4939
4939: 4940,5040,4837,4838,4938,5039
4940: 4939,5040,4838,4839,4941,5041
4941: 5041,5042,4942,4839,4840,4940
4942: 4941,5042,4840,4841
4943: 4843,4944,4842,5044,5043
4944: 4843,4943,4844,4945,5044,5045
4945: 4844,4845,4944,4946,5045,5046
4946: 4846,4947,4845,4945,5046,5047
4947: 4846,4847,4946,4948,5047,5048
4948: 4848,4949,4847,4947,5048,5049
4949: 4848,4849,4948,4950,5049,5050
4950: 4850,4951,4849,4949,5050,5051
4951: 4850,4950,4851,4952,5051,5052
4952: 4852,4953,4951,4851,5052,5053
4953: 4852,4952,4954,5053,5054
4954: 4853,4854,4955,4953,5054,5055
4955: 4854,4954,4855,4956,5055,5056
4956: 4855,4856,4955,4957,5056
4957: 4958,4856,4956,5058
4958: 4858,4957,4959,5058
4959: 4859,4960,4858,4958,5060
4960: 4859,4959,4860,5060
4961: 4860,4861,4962,5062
4962: 4861,4961,4862,4963,5062,5063
4963: 4862,4863,4962,4964,5063,5064
4964: 4864,4965,4863,4963,5064,5065
4965: 4864,4865,4964,4966,5065,5066
4966: 4866,4967,4865,4965,5066,5067
4967: 4866,4867,4966,4968,5067,5068
4968: 4868,4969,4867,4967,5068,5069
4969: 4868,4968,4869,4970,5069,5070
4970: 4869,4870,4971,4969,5070,5071
4971: 4870,4970,4871,4972,5071,5072
4972: 4871,4872,4971
9819: 9972
4974: 4873,4874,4975,5074,5075
4975: 4875,4874,4974,5075,5076
4976: 
9936: 10034,9695
4978: 4877,4878,4979,5078,5079
4979: 4878,4879,4980,4978,5079
4980: 4879,4979,4880,4981
4981: 4880,4881,4980,4982,5081,5082
4982: 4882,4881,4981,5082
9925: 
4984: 4985,4883,5085,5084
4985: 4984,4885,4986,5085,5086
4986: 4885,4886,4987,4985,5086,5087
4987: 4886,4986,4887,4988,5087,5088
4988: 4887,4888,4987,5088,5089
9767: 
4990: 4889,4890,4991,5090,5091
4991: 4891,4992,4890,4990,5091,5092
4992: 4891,4991,4993,5092,5093
4993: 4994,4992,5093,5094
4994: 4993,5094,5095
9725: 9817
4996: 4896,4997,4895,5097
4997: 4896,4897,4996,4998,5097,5098
4998: 4898,4999,4897,4997,5098,5099
4999: 4898,4899,4998,5000,5099,5100
5000: 4900,5001,4999,5100,5101
5001: 5000,5002,5101,5102
5002: 5003,4902,5001,5102,5103
5003: 4902,5002,4903,5004,5103,5104
5004: 4903,4904,5003,5005,5104,5105
5005: 4905,5006,4904,5004,5105,5106
5006: 4905,4906,5005,5007,5106,5107
5007: 4907,5008,4906,5006,5107,5108
5008: 4907,5007,5009,5108,5109
5009: 4909,5010,5008,5109,5110
5010: 4909,5009,4910,5011,5110,5111
5011: 4910,4911,5012,5010,5111
5012: 4911,5011,4912,5013,5113
5013: 4912,4913,5012,5014,5113,5114
5014: 4914,5015,4913,5013,5114,5115
5015: 4914,4915,5014,5016,5115,5116
5016: 4916,5017,4915,5015,5116,5117
5017: 4916,5016,4917,5018,5117,5118
5018: 4917,4918,5017,5118,5119
9818: 9958
5020: 4919,4920,5021,5120,5121
5021: 4920,5020,4921,5022,5121,5122
5022: 4921,4922,5021,5023,5122,5123
5023: 5024,4922,5022,5123,5124
5024: 5023,5124,5125
9930: 
5026: 4925,4926,5027,5127
5027: 4926,4927,5026,5127
9884: 
5029: 4929,5030,5129,5130
5030: 5031,5029,5130,5131
5031: 5030,5032,5131,5132
5032: 5033,5031,5132,5133
5033: 4932,5032,5034,4933,5133,5134
5034: 4934,5035,4933,5033,5135,5134
5035: 4934,5034,4935,5036,5135,5136
5036: 4935,4936,5037,5035,5136,5137
5037: 4936,5036,4937,5038,5137,5138
5038: 4937,4938,5039,5037,5138,5139
5039: 4938,5038,4939,5040,5139,5140
5040: 4939,4940,5039,5041,5140,5141
5041: 4941,5042,4940,5040,5141,5142
5042: 4941,5041,4942,5142,5143
5043: 5044,5144,9302,4943,9408
5044: 5144,5043,4943,4944,5045,5145
5045: 5046,5146,5145,4944,4945,5044
5046: 5045,5146,4945,4946,5047,5147
5047: 5048,5148,5147,4947,4946,5046
5048: 5047,5148,4947,4948,5049,5149
5049: 5050,5149,5150,4948,4949,5048
5050: 5049,5150,4949,4950,5051,5151
5051: 5152,5151,5052,4951,4950,5050
5052: 5051,5152,4951,4952,5053,5153
5053: 5153,5154,4952,4953,5052,5054
5054: 5055,5155,4953,4954,5053,5154
5055: 5054,5155,5156,4954,4955,5056
5056: 5157,4955,4956,5055,5156
5057: 
5058: 5159,5158,4957,4958
9772: 
5060: 5160,5161,4959,4960
9804: 
5062: 5163,4961,4962,5063
5063: 5064,5164,4962,4963,5163,5062
5064: 5063,5164,4963,4964,5065,5165
5065: 5066,5166,5165,4964,4965,5064
5066: 5065,5166,4965,4966,5067,5167
5067: 5068,5167,5168,4966,4967,5066
5068: 5067,4967,4968,5069
5069: 4968,4969,5068,5070
5070: 5071,4969,4970,5069,5170
5071: 5070,5171,4970,4971,5072
5072: 5172,4971,5071
9980: 9743
5074: 5075,5174,5175,4974
5075: 5074,5175,4974,4975,5076,5176
5076: 5176,5177,5077,4975,5075
5077: 5076,5177
5078: 5179,4978,5079
5079: 5180,4978,4979,5179,5078
9821: 
5081: 5082,5182,5181,4981
5082: 5081,5182,4981,4982,5083,5183
5083: 5184,5183,5082,5084
5084: 5085,5185,4984,5083,5184
5085: 5185,5186,5084,4984,4985,5086
5086: 5087,5187,4985,4986,5085,5186
5087: 5086,5187,5188,4986,4987,5088
5088: 5089,5189,4987,4988,5087,5188
5089: 5088,5189,4988,5090,5190
5090: 5091,5190,5191,4990,5089
5091: 5090,5191,4990,4991,5092,5192
5092: 5193,5192,5093,4992,4991,5091
5093: 5092,5193,4992,4993,5094,5194
5094: 5194,5195,4993,4994,5093,5095
5095: 5096,5196,4994,5094,5195
5096: 5095,5196,5197
5097: 5098,5198,4997,4996
5098: 5097,5198,4997,4998,5099,5199
5099: 5100,5199,5200,4998,4999,5098
5100: 5099,5200,4999,5000,5101,5201
5101: 5201,5202,5000,5001,5100,5102
5102: 5103,5001,5002,5101,5202
5103: 5102,5204,5003,5002,5104
5104: 5105,5205,5003,5004,5103,5204
5105: 5104,5205,5004,5005,5106,5206
5106: 5107,5206,5207,5005,5006,5105
5107: 5106,5207,5006,5007,5108,5208
5108: 5109,5208,5209,5008,5007,5107
5109: 5108,5209,5008,5009,5210
5110: 5211,5009,5010,5111
5111: 5212,5010,5011,5110,5211
9769: 9728
5113: 5114,5214,5012,5013,5213
5114: 5113,5214,5013,5014,5115,5215
5115: 5116,5215,5216,5014,5015,5114
5116: 5115,5216,5015,5016,5117,5217
5117: 5217,5218,5016,5017,5116,5118
5118: 5119,5219,5017,5018,5117,5218
5119: 5118,5219,5220,5018,5120
5120: 5121,5221,5020,5119,5220
5121: 5120,5221,5222,5020,5021,5122
5122: 5123,5223,5021,5022,5121,5222
5123: 5122,5223,5022,5023,5124,5224
5124: 5125,5224,5225,5023,5024,5123
5125: 5124,5225,5024,5226
10024: 9733
5127: 5128,5228,5026,5027
5128: 5127,5228,5229,5129
5129: 5130,5230,5029,5128,5229
5130: 5129,5230,5029,5030,5131,5231
5131: 5132,5231,5232,5031,5030,5130
5132: 5131,5232,5031,5032,5133,5233
5133: 5234,5233,5033,5032,5132,5134
5134: 5135,5235,5033,5034,5133,5234
5135: 5235,5236,5134,5034,5035,5136
5136: 5137,5237,5035,5036,5135,5236
5137: 5136,5237,5238,5036,5037,5138
5138: 5139,5239,5037,5038,5137,5238
5139: 5138,5239,5240,5038,5039,5140
5140: 5141,5241,5039,5040,5139,5240
5141: 5140,5241,5040,5041,5142,5242
5142: 5242,5243,5143,5041,5042,5141
5143: 5142,5243,5042,9454
5144: 5044,5043,9302,5145,5245
5145: 5045,5146,5044,5144,5245,5246
5146: 5045,5046,5145,5147,5246,5247
5147: 5047,5148,5046,5146,5247,5248
5148: 5047,5048,5147,5149,5248,5249
5149: 5049,5150,5048,5148,5249,5250
5150: 5049,5050,5149,5151,5250,5251
5151: 5051,5152,5050,5150,5251,5252
5152: 5051,5151,5052,5153,5252,5253
5153: 5053,5154,5152,5052,5253,5254
5154: 5053,5153,5054,5155,5254,5255
5155: 5054,5055,5156,5154,5255,5256
5156: 5055,5155,5056,5157,5256,5257
5157: 5056,5156,5158,5257,5258
5158: 5058,5159,5157,5258,5259
5159: 5058,5158,5160,5259,5260
5160: 5060,5161,5159,5260,5261
5161: 5060,5160,5261,5262
9823: 9973
5163: 5062,5063,5164
5164: 5063,5064,5163,5165,5265
5165: 5065,5166,5064,5164,5265,5266
5166: 5065,5066,5165,5167,5266,5267
5167: 5067,5168,5066,5166,5267,5268
5168: 5067,5167,5268,5269
9960: 
5170: 5070,5171,5270,5271
5171: 5071,5170,5172,5271,5272
5172: 5072,5173,5171,5272,5273
5173: 5172,5174,5273,5274
5174: 5074,5175,5173,5274
5175: 5074,5075,5174,5176,5276
5176: 5076,5177,5075,5175,5276,5277
5177: 5076,5176,5077,5277,5278
9918: 
5179: 5078,5079,5180,5279,5280
5180: 5079,5179,5181,5280,5281
5181: 5081,5182,5180,5281,5282
5182: 5081,5082,5181,5183,5282,5283
5183: 5083,5184,5082,5182,5283,5284
5184: 5083,5183,5185,5084,5284,5285
5185: 5085,5186,5084,5184,5286,5285
5186: 5085,5185,5086,5187,5286,5287
5187: 5086,5087,5188,5186,5287,5288
5188: 5087,5187,5088,5189,5288,5289
5189: 5088,5089,5188,5190,5289,5290
5190: 5090,5191,5089,5189,5290,5291
5191: 5090,5091,5190,5192,5291,5292
5192: 5092,5193,5091,5191,5292,5293
5193: 5092,5192,5093,5194,5293,5294
5194: 5094,5195,5193,5093,5294,5295
5195: 5094,5194,5095,5196,5295,5296
5196: 5095,5096,5197,5195,5296,5297
5197: 5096,5196,5297,5298
5198: 5097,5098,5199,5299
5199: 5099,5200,5098,5198,5299,5300
5200: 5099,5100,5199,5201,5300,5301
5201: 5101,5202,5100,5200,5301,5302
5202: 5101,5201,5102,5302,5303
5203: 
5204: 5103,5104,5205,5304,5305
5205: 5104,5105,5204,5206,5305,5306
5206: 5106,5207,5105,5205,5306,5307
5207: 5106,5107,5206,5208,5307,5308
5208: 5108,5209,5107,5207,5308,5309
5209: 5108,5109,5208,5210,5309,5310
5210: 5109,5209,5310,5311
5211: 5110,5111,5212,5312
5212: 5111,5213,5211,5312,5313
5213: 5212,5113,5214,5313,5314
5214: 5113,5114,5213,5215,5314,5315
5215: 5115,5216,5114,5214,5315,5316
5216: 5115,5116,5215,5217,5316,5317
5217: 5117,5218,5116,5216,5317,5318
5218: 5117,5217,5118,5219,5318,5319
5219: 5118,5119,5220,5218,5319,5320
5220: 5119,5219,5120,5221,5320,5321
5221: 5120,5121,5222,5220,5321,5322
5222: 5121,5221,5122,5223,5322,5323
5223: 5122,5123,5222,5224,5323,5324
5224: 5124,5225,5123,5223,5324,5325
5225: 5124,5125,5224,5226,5325,5326
5226: 5125,5225,5326,5327
5227: 5228,5327,5328
5228: 5127,5128,5229,5227,5329
5229: 5128,5228,5129,5230,5329,5330
5230: 5129,5130,5229,5231,5330,5331
5231: 5131,5232,5130,5230,5331,5332
5232: 5131,5132,5231,5233,5332,5333
5233: 5133,5234,5132,5232,5333,5334
5234: 5133,5233,5235,5134,5334,5335
5235: 5135,5236,5134,5234,5336,5335
5236: 5135,5235,5136,5237,5336,5337
5237: 5136,5137,5238,5236,5337,5338
5238: 5137,5237,5138,5239,5338,5339
5239: 5138,5139,5240,5238,5339,5340
5240: 5139,5239,5140,5241,5340,5341
5241: 5140,5141,5240,5242,5341,5342
5242: 5142,5243,5141,5241,5342,5343
5243: 5142,5242,5143,5343,5344
5244: 5245,5345,9302
5245: 5345,5346,5244,5144,5145,5246
5246: 5247,5347,5146,5145,5245,5346
5247: 5246,5347,5146,5147,5248,5348
5248: 5249,5349,5348,5148,5147,5247
5249: 5248,5349,5148,5149,5250,5350
5250: 5251,5350,5351,5149,5150,5249
5251: 5250,5351,5150,5151,5252,5352
5252: 5353,5352,5253,5152,5151,5251
5253: 5252,5353,5152,5153,5254,5354
5254: 5354,5355,5153,5154,5253,5255
5255: 5256,5356,5154,5155,5254,5355
5256: 5255,5356,5357,5155,5156,5257
5257: 5258,5358,5156,5157,5256,5357
5258: 5257,5358,5157,5158,5259,5359
5259: 5260,5359,5360,5159,5158,5258
5260: 5259,5360,5159,5160,5261,5361
5261: 5361,5362,5262,5160,5161,5260
5262: 5261,5362,5161,5263,5363
5263: 5364,5363,5262
5264: 
5265: 5365,5164,5165,5266,5366
5266: 5267,5366,5367,5166,5165,5265
5267: 5266,5367,5166,5167,5268,5368
5268: 5269,5368,5369,5167,5168,5267
5269: 5268,5369,5168,5370
5270: 5370,5371,5170,5271
5271: 5272,5372,5170,5171,5270
5272: 5271,5372,5373,5171,5172,5273
5273: 5274,5374,5173,5172,5272,5373
5274: 5273,5374,5173,5174,5375
5275: 
5276: 5376,5175,5176,5277,5377
5277: 5377,5378,5278,5176,5177,5276
5278: 5277,5378,5177,5279,5379
5279: 5380,5379,5179,5278,5280
5280: 5281,5381,5179,5180,5380,5279
5281: 5280,5381,5382,5180,5181,5282
5282: 5283,5383,5182,5181,5281,5382
5283: 5282,5383,5182,5183,5284,5384
5284: 5385,5384,5184,5183,5283,5285
5285: 5286,5386,5184,5185,5284,5385
5286: 5386,5387,5285,5185,5186,5287
5287: 5288,5388,5186,5187,5286,5387
5288: 5287,5388,5389,5187,5188,5289
5289: 5290,5390,5188,5189,5288,5389
5290: 5289,5390,5189,5190,5291,5391
5291: 5292,5391,5392,5190,5191,5290
5292: 5291,5392,5191,5192,5293,5393
5293: 5394,5393,5294,5193,5192,5292
5294: 5293,5394,5193,5194,5295,5395
5295: 5395,5194,5195,5294,5296
5296: 5297,5397,5195,5196,5295
5297: 5296,5397,5398,5196,5197,5298
5298: 5299,5399,5197,5297,5398
5299: 5298,5399,5198,5199,5300,5400
5300: 5301,5400,5401,5199,5200,5299
5301: 5300,5401,5200,5201,5302,5402
5302: 5402,5403,5201,5202,5301,5303
5303: 5304,5404,5202,5302,5403
5304: 5303,5404,5405,5204,5305
5305: 5306,5406,5204,5205,5304,5405
5306: 5305,5406,5407,5205,5206,5307
5307: 5308,5408,5206,5207,5306,5407
5308: 5307,5408,5207,5208,5309
5309: 5310,5410,5208,5209,5308
5310: 5309,5410,5209,5210,5311,5411
5311: 5411,5412,5210,5310
5312: 5313,5413,5211,5212
5313: 5312,5413,5213,5212,5314
5314: 5315,5415,5213,5214,5313
5315: 5314,5415,5214,5215,5316
5316: 5317,5417,5215,5216,5315
5317: 5316,5417,5216,5217,5318
5318: 5418,5419,5217,5218,5317,5319
5319: 5320,5420,5218,5219,5318,5419
5320: 5319,5420,5421,5219,5220,5321
5321: 5322,5422,5220,5221,5320,5421
5322: 5321,5422,5423,5221,5222,5323
5323: 5324,5424,5222,5223,5322,5423
5324: 5323,5424,5223,5224,5325,5425
5325: 5326,5425,5426,5224,5225,5324
5326: 5325,5426,5225,5226,5427
5327: 5427,5428,5227,5226,5328
5328: 5329,5429,5227,5327,5428
5329: 5328,5430,5228,5229,5330
5330: 5331,5431,5229,5230,5329,5430
5331: 5330,5431,5432,5230,5231,5332
5332: 5333,5433,5231,5232,5331,5432
5333: 5332,5433,5232,5233,5334,5434
5334: 5435,5434,5234,5233,5333,5335
5335: 5336,5436,5234,5235,5334,5435
5336: 5436,5437,5335,5235,5236,5337
5337: 5338,5438,5236,5237,5336,5437
5338: 5337,5438,5439,5237,5238,5339
5339: 5340,5440,5238,5239,5338,5439
5340: 5339,5440,5441,5239,5240,5341
5341: 5342,5442,5240,5241,5340,5441
5342: 5341,5442,5241,5242,5343,5443
5343: 5443,5444,5344,5242,5243,5342
5344: 5343,5444,5243
5345: 5245,5346,5244,5445
5346: 5245,5345,5246,5347,5445,5446
5347: 5246,5247,5346,5348,5446,5447
5348: 5248,5349,5247,5347,5447,5448
5349: 5248,5249,5348,5350,5448,5449
5350: 5250,5351,5249,5349,5449,5450
5351: 5250,5251,5350,5352,5450,5451
5352: 5252,5353,5251,5351,5451,5452
5353: 5252,5352,5253,5354,5452,5453
5354: 5254,5355,5353,5253,5453,5454
5355: 5254,5354,5255,5356,5454,5455
5356: 5255,5256,5357,5355,5455,5456
5357: 5256,5356,5257,5358,5456,5457
5358: 5257,5258,5357,5359,5457,5458
5359: 5259,5360,5258,5358,5458,5459
5360: 5259,5260,5359,5361,5459,5460
5361: 5261,5362,5260,5360,5460,5461
5362: 5261,5361,5262,5363,5461,5462
5363: 5263,5362,5262,5462,5463
5364: 5263,5365,5463
5365: 5265,5364,5366,5465
5366: 5266,5367,5265,5365,5465,5466
5367: 5266,5267,5366,5368,5466,5467
5368: 5268,5369,5267,5367,5467,5468
5369: 5268,5269,5368,5370,5468
5370: 5270,5371,5269,5369,5470
5371: 5270,5370,5372,5470
5372: 5271,5272,5373,5371,5472
5373: 5272,5372,5273,5374,5472,5473
5374: 5273,5274,5373,5375,5473
5375: 5376,5274,5374,5475
5376: 5276,5375,5377,5475,5476
5377: 5277,5378,5276,5376,5476,5477
5378: 5277,5377,5278,5379,5477,5478
5379: 5380,5279,5378,5278,5478,5479
5380: 5279,5379,5280,5381,5479,5480
5381: 5280,5281,5382,5380,5480,5481
5382: 5281,5381,5282,5383,5481,5482
5383: 5282,5283,5382,5384,5482,5483
5384: 5284,5385,5283,5383,5483,5484
5385: 5284,5384,5386,5285,5484,5485
5386: 5286,5387,5285,5385,5485,5486
5387: 5286,5386,5287,5388,5486,5487
5388: 5287,5288,5389,5387,5487,5488
5389: 5288,5388,5289,5390,5488,5489
5390: 5289,5290,5389,5391,5489,5490
5391: 5291,5392,5290,5390,5490,5491
5392: 5291,5292,5391,5393,5491,5492
5393: 5293,5394,5292,5392,5492,5493
5394: 5293,5393,5294,5395,5493,5494
5395: 5295,5394,5294,5494,5495
5396: 
5397: 5296,5297,5398,5496,5497
5398: 5297,5397,5298,5399,5497,5498
5399: 5298,5299,5398,5400,5498,5499
5400: 5300,5401,5299,5399,5499,5500
5401: 5300,5301,5400,5402,5500,5501
5402: 5302,5403,5301,5401,5501,5502
5403: 5302,5402,5303,5404,5502,5503
5404: 5303,5304,5405,5403,5503,5504
5405: 5304,5404,5305,5406,5504,5505
5406: 5305,5306,5407,5405,5505,5506
5407: 5306,5406,5307,5408,5506,5507
5408: 5307,5308,5407,5507,5508
5409: 
5410: 5309,5310,5411,5509,5510
5411: 5311,5412,5310,5410,5510,5511
5412: 5311,5411,5511,5512
5413: 5312,5313,5513
5414: 
5415: 5314,5315,5515
5416: 
5417: 5316,5317,5418
5418: 5318,5419,5417,5518,5517
5419: 5318,5418,5319,5420,5518,5519
5420: 5319,5320,5421,5419,5519,5520
5421: 5320,5420,5321,5422,5520,5521
5422: 5321,5322,5423,5421,5521,5522
5423: 5322,5422,5323,5424,5522,5523
5424: 5323,5324,5423,5425,5523,5524
5425: 5325,5426,5324,5424,5524,5525
5426: 5325,5326,5425,5525,5526
5427: 5327,5428,5326,5526,5527
5428: 5327,5427,5328,5429,5527,5528
5429: 5328,5430,5428,5528,5529
5430: 5329,5429,5330,5431,5530
5431: 5330,5331,5432,5430,5530,5531
5432: 5331,5431,5332,5531
5433: 5332,5333,5434,5533
5434: 5334,5435,5333,5433,5533,5534
5435: 5334,5434,5436,5335,5534,5535
5436: 5336,5437,5335,5435,5535,5536
5437: 5336,5436,5337,5438,5536,5537
5438: 5337,5338,5439,5437,5537,5538
5439: 5338,5438,5339,5440,5538,5539
5440: 5339,5340,5441,5439,5539,5540
5441: 5340,5440,5341,5442,5540,5541
5442: 5341,5342,5441,5443,5541,5542
5443: 5343,5444,5342,5442,5542,5543
5444: 5343,5443,5344,5543,9562
5445: 5545,5345,5346,5446
5446: 5447,5546,5346,5347,5445,5545
5447: 5446,5546,5347,5348,5448,5547
5448: 5449,5548,5547,5349,5348,5447
5449: 5448,5548,5349,5350,5450,5549
5450: 5451,5549,5550,5350,5351,5449
5451: 5450,5550,5351,5352,5452,5551
5452: 5552,5551,5453,5353,5352,5451
5453: 5452,5552,5353,5354,5454,5553
5454: 5553,5354,5355,5453,5455
5455: 5456,5355,5356,5454
5456: 5455,5556,5356,5357,5457
5457: 5458,5557,5357,5358,5456,5556
5458: 5457,5557,5358,5359,5459,5558
5459: 5460,5558,5559,5359,5360,5458
5460: 5459,5559,5360,5361,5461,5560
5461: 5560,5561,5462,5361,5362,5460
5462: 5461,5561,5362,5363,5562
5463: 5562,5364,5363
5464: 
5465: 5564,5365,5366,5466,5565
5466: 5467,5565,5566,5366,5367,5465
5467: 5466,5566,5367,5368,5468,5567
5468: 5567,5568,5368,5369,5467
5469: 
5470: 5569,5570,5370,5371
5471: 
5472: 5571,5572,5372,5373,5473
5473: 5573,5373,5374,5472,5572
5474: 
5475: 5476,5574,5575,5375,5376
5476: 5475,5575,5376,5377,5477,5576
5477: 5576,5577,5377,5378,5476,5478
5478: 5479,5578,5378,5379,5477,5577
5479: 5478,5578,5380,5379,5480
5480: 5481,5580,5380,5381,5479
5481: 5480,5580,5581,5381,5382,5482
5482: 5483,5582,5382,5383,5481,5581
5483: 5482,5582,5383,5384,5484,5583
5484: 5485,5583,5584,5385,5384,5483
5485: 5484,5584,5385,5386,5486,5585
5486: 5585,5586,5386,5387,5485,5487
5487: 5488,5587,5387,5388,5486,5586
5488: 5487,5587,5388,5389,5489
5489: 5490,5589,5389,5390,5488
5490: 5489,5589,5390,5391,5491,5590
5491: 5492,5590,5591,5391,5392,5490
5492: 5491,5591,5392,5393,5493,5592
5493: 5494,5592,5593,5394,5393,5492
5494: 5493,5593,5394,5395,5495,5594
5495: 5594,5595,5395,5494,5496
5496: 5497,5596,5397,5495,5595
5497: 5496,5596,5397,5398,5597
5498: 5499,5598,5597,5398,5399
5499: 5498,5598,5399,5400,5500,5599
5500: 5501,5599,5600,5400,5401,5499
5501: 5500,5600,5401,5402,5502,5601
5502: 5601,5602,5402,5403,5501,5503
5503: 5504,5603,5403,5404,5502,5602
5504: 5503,5603,5604,5404,5405,5505
5505: 5506,5605,5405,5406,5504,5604
5506: 5505,5605,5606,5406,5407,5507
5507: 5508,5607,5407,5408,5506,5606
5508: 5507,5607,5408,5509
5509: 5510,5609,5410,5508
5510: 5509,5609,5410,5411,5511,5610
5511: 5610,5611,5512,5411,5412,5510
5512: 5511,5611,5412,5513,5612
5513: 5612,5413,5512,5514
5514: 5515,5614,5613,5513
5515: 5514,5614,5415
9993: 9989
5517: 5518,5617,5418,5616
5518: 5617,5618,5517,5418,5419,5519
5519: 5520,5619,5419,5420,5518,5618
5520: 5519,5619,5620,5420,5421,5521
5521: 5522,5621,5421,5422,5520,5620
5522: 5521,5621,5622,5422,5423,5523
5523: 5524,5623,5423,5424,5522,5622
5524: 5523,5623,5424,5425,5525,5624
5525: 5526,5624,5625,5425,5426,5524
5526: 5525,5625,5426,5427,5527,5626
5527: 5626,5627,5427,5428,5526,5528
5528: 5529,5628,5428,5429,5527,5627
5529: 5528,5628,5629,5429,5530
5530: 5531,5630,5430,5431,5529
5531: 5530,5630,5431,5432,5631
9764: 
5533: 5632,5433,5434,5534,5633
5534: 5535,5633,5634,5435,5434,5533
5535: 5534,5634,5435,5436,5536,5635
5536: 5635,5636,5436,5437,5535,5537
5537: 5538,5637,5437,5438,5536,5636
5538: 5537,5637,5438,5439,5539
5539: 5540,5639,5439,5440,5538
5540: 5539,5639,5640,5440,5441,5541
5541: 5542,5641,5441,5442,5540,5640
5542: 5541,5641,5642,5442,5443,5543
5543: 9562,5643,5443,5444,5542,5642
9991: 
5545: 5445,5446,5546,5644,5645
5546: 5446,5447,5545,5547,5645,5646
5547: 5448,5548,5447,5546,5646,5647
5548: 5448,5449,5547,5549,5647,5648
5549: 5450,5550,5449,5548,5648,5649
5550: 5450,5451,5549,5551,5649,5650
5551: 5452,5552,5451,5550,5650
5552: 5452,5551,5453,5553,5651,5652
5553: 5454,5552,5453,5653,5652
9784: 9726,9861,9668
5555: 5556,5654,5655
5556: 5456,5555,5457,5557
5557: 5457,5458,5556,5558,5657
5558: 5459,5559,5458,5557,5657,5658
5559: 5459,5460,5558,5560,5658,5659
5560: 5461,5561,5460,5559,5659,5660
5561: 5461,5560,5462,5562,5660,5661
5562: 5463,5561,5462,5661,5662
5563: 
5564: 5465,5565,5663,5664
5565: 5466,5566,5465,5564,5664,5665
5566: 5466,5467,5565,5567,5665,5666
5567: 5468,5568,5467,5566,5666,5667
5568: 5468,5567,5569,5667,5668
5569: 5470,5568,5668
5570: 5470,5571,5670
5571: 5472,5572,5570,5670,5671
5572: 5472,5571,5473,5573,5671,5672
5573: 5473,5572,5574,5672,5673
5574: 5475,5575,5573,5673,5674
5575: 5475,5476,5574,5576,5674,5675
5576: 5477,5577,5476,5575,5675,5676
5577: 5477,5576,5478,5578,5676,5677
5578: 5478,5479,5577,5677,5678
9791: 
5580: 5480,5481,5581,5680
5581: 5481,5580,5482,5582,5680,5681
5582: 5482,5483,5581,5583,5681,5682
5583: 5484,5584,5483,5582,5682,5683
5584: 5484,5485,5583,5585,5683,5684
5585: 5486,5586,5485,5584,5684,5685
5586: 5486,5585,5487,5587,5685,5686
5587: 5487,5488,5586,5686,5687
9775: 
5589: 5489,5490,5590,5688,5689
5590: 5491,5591,5490,5589,5689,5690
5591: 5491,5492,5590,5592,5690,5691
5592: 5493,5593,5492,5591,5691,5692
5593: 5493,5494,5592,5594,5692,5693
5594: 5495,5595,5494,5593,5693,5694
5595: 5495,5594,5496,5596,5694,5695
5596: 5496,5497,5595,5695
5597: 5498,5598,5497
5598: 5498,5499,5597,5599,5697,5698
5599: 5500,5600,5499,5598,5698,5699
5600: 5500,5501,5599,5601,5699,5700
5601: 5502,5602,5501,5600,5700,5701
5602: 5502,5601,5503,5603,5701,5702
5603: 5503,5504,5604,5602,5702,5703
5604: 5504,5603,5505,5605,5703,5704
5605: 5505,5506,5606,5604,5704,5705
5606: 5506,5605,5507,5607,5705,5706
5607: 5507,5508,5606,5706,5707
5608: 
5609: 5509,5510,5610,5708,5709
5610: 5511,5611,5510,5609,5709,5710
5611: 5511,5610,5512,5710
5612: 5613,5513,5512,5711,5712
5613: 5612,5514,5614,5712,5713
5614: 5514,5515,5613,5615,5713,5714
5615: 5616,5614,5714,5715
5616: 5615,5617,5517,5715,5716
5617: 5518,5618,5517,5616,5716,5717
5618: 5518,5617,5519,5619,5717,5718
5619: 5519,5520,5620,5618,5718,5719
5620: 5520,5619,5521,5621,5719,5720
5621: 5521,5522,5622,5620,5720,5721
5622: 5522,5621,5523,5623,5721,5722
5623: 5523,5524,5622,5624,5722,5723
5624: 5525,5625,5524,5623,5723,5724
5625: 5525,5526,5624,5626,5724,5725
5626: 5527,5627,5526,5625,5725,5726
5627: 5527,5626,5528,5628,5726,5727
5628: 5528,5529,5629,5627,5727,5728
5629: 5529,5628,5630,5728,5729
5630: 5530,5531,5629,5729
5631: 5632,5531
5632: 5533,5631,5633,5731,5732
5633: 5534,5634,5632,5533,5733,5732
5634: 5534,5535,5633,5635,5733,5734
5635: 5536,5636,5535,5634,5734
5636: 5536,5635,5537,5637,5736
5637: 5537,5538,5636,5736,5737
9912: 
5639: 5539,5540,5640,5739
5640: 5540,5639,5541,5641,5739,5740
5641: 5541,5542,5642,5640,5740,5741
5642: 5542,5641,5543,5643,5741,5742
5643: 5543,9562,5642,9249,5742
5644: 5743,5545,5645
5645: 5646,5744,5545,5546,5644,5743
5646: 5645,5744,5745,5546,5547,5647
5647: 5648,5746,5548,5547,5646,5745
5648: 5647,5746,5548,5549,5649,5747
5649: 5650,5747,5748,5549,5550,5648
5650: 5649,5748,5550,5551
5651: 5552
5652: 5653,5751,5552,5553,5750
5653: 5751,5752,5652,5553,5654
5654: 5655,5753,5555,5653,5752
5655: 5654,5753,5754,5555
9910: 
5657: 5755,5557,5558,5658,5756
5658: 5659,5756,5757,5558,5559,5657
5659: 5658,5757,5559,5560,5660,5758
5660: 5758,5759,5661,5560,5561,5659
5661: 5660,5759,5561,5562,5662,5760
5662: 5761,5760,5562,5661
5663: 5664,5762,5564,5761
5664: 5663,5762,5564,5565,5665,5763
5665: 5666,5763,5764,5565,5566,5664
5666: 5665,5764,5566,5567,5667,5765
5667: 5668,5765,5766,5567,5568,5666
5668: 5667,5766,5568,5569,5767
9844: 9984
5670: 5671,5769,5570,5571,5768
5671: 5670,5769,5770,5571,5572,5672
5672: 5673,5771,5572,5573,5671,5770
5673: 5672,5771,5573,5574,5674,5772
5674: 5675,5772,5773,5574,5575,5673
5675: 5674,5773,5575,5576,5676,5774
5676: 5774,5775,5677,5576,5577,5675
5677: 5676,5775,5577,5578,5678,5776
5678: 5777,5776,5578,5677,5679
5679: 5680,5778,5777,5678
5680: 5679,5580,5581
5681: 5682,5780,5581,5582
5682: 5681,5780,5582,5583,5683,5781
5683: 5684,5781,5583,5584,5682
5684: 5683,5782,5584,5585,5685,5783
5685: 5783,5784,5585,5586,5684,5686
5686: 5687,5586,5587,5685,5784
5687: 5686,5786,5587
5688: 5689,5787,5589,5786
5689: 5688,5787,5589,5590,5690,5788
5690: 5691,5788,5789,5590,5591,5689
5691: 5690,5789,5591,5592,5692,5790
5692: 5693,5790,5791,5592,5593,5691
5693: 5692,5791,5593,5594,5694,5792
5694: 5792,5793,5695,5594,5595,5693
5695: 5694,5793,5595,5596,5794
9963: 9651,9942,9831
5697: 5698,5796,5598,5795
5698: 5697,5598,5599,5699,5797
5699: 5700,5797,5798,5599,5600,5698
5700: 5699,5798,5600,5601,5701
5701: 5800,5601,5602,5700,5702
5702: 5703,5801,5602,5603,5701,5800
5703: 5702,5801,5603,5604,5704
5704: 5705,5604,5605,5703,5802
5705: 5704,5804,5605,5606,5706
5706: 5707,5805,5606,5607,5705,5804
5707: 5706,5805,5607,5708,5806
5708: 5709,5806,5807,5609,5707
5709: 5708,5807,5609,5610,5710,5808
5710: 5808,5610,5611,5709
5711: 5712,5810,5612,5809
5712: 5711,5810,5811,5613,5612,5713
5713: 5714,5812,5613,5614,5712,5811
5714: 5713,5812,5614,5615,5715,5813
5715: 5716,5813,5814,5616,5615,5714
5716: 5715,5814,5616,5617,5717,5815
5717: 5815,5816,5617,5618,5716,5718
5718: 5719,5817,5618,5619,5717,5816
5719: 5718,5817,5818,5619,5620,5720
5720: 5721,5819,5620,5621,5719,5818
5721: 5720,5819,5621,5622,5722,5820
5722: 5723,5821,5820,5622,5623,5721
5723: 5722,5821,5623,5624,5724,5822
5724: 5725,5822,5823,5624,5625,5723
5725: 5724,5823,5625,5626,5726,5824
5726: 5824,5727,5626,5627,5725
5727: 5726,5825,5627,5628,5728,5826
5728: 5827,5826,5628,5629,5727,5729
5729: 5828,5629,5630,5827,5728
10001: 9662,9822
5731: 5830,5632,5732
5732: 5733,5632,5633,5731
5733: 5832,5732,5633,5634,5734
5734: 5833,5634,5635,5733,5832
9699: 9950
5736: 5737,5835,5636,5637,5834
5737: 5736,5835,5836,5637
5738: 
5739: 5837,5838,5639,5640,5740
5740: 5741,5839,5640,5641,5739,5838
5741: 5740,5839,5840,5641,5642,5742
5742: 5841,5642,5643,5741,5840
5743: 5644,5645,5744,5842,5843
5744: 5645,5646,5745,5743,5843,5844
5745: 5646,5744,5647,5746,5844,5845
5746: 5647,5648,5745,5747,5845,5846
5747: 5649,5748,5648,5746,5846,5847
5748: 5649,5650,5747,5847,5848
9886: 9702
5750: 5751,5652,5849,5850
5751: 5653,5752,5652,5750,5851,5850
5752: 5653,5751,5654,5753,5851,5852
5753: 5654,5655,5754,5752,5852
5754: 5655,5753,5755,5854
5755: 5657,5754,5756,5854,5855
5756: 5658,5757,5755,5657,5855,5856
5757: 5658,5659,5756,5758,5856,5857
5758: 5660,5759,5659,5757,5857,5858
5759: 5660,5758,5661,5760,5858,5859
5760: 5761,5662,5759,5661,5859
5761: 5662,5760,5663
5762: 5663,5664,5763,5862
5763: 5665,5764,5664,5762,5862,5863
5764: 5665,5666,5763,5765,5863
5765: 5667,5766,5666,5764,5865
5766: 5667,5668,5765,5767,5865,5866
5767: 5768,5668,5766,5866,5867
5768: 5767,5670,5769,5867,5868
5769: 5670,5671,5770,5768,5868,5869
5770: 5671,5769,5672,5771,5869,5870
5771: 5672,5673,5770,5772,5870,5871
5772: 5674,5773,5673,5771,5871,5872
5773: 5674,5675,5772,5774,5872,5873
5774: 5676,5775,5675,5773,5873,5874
5775: 5676,5774,5677,5776,5874,5875
5776: 5777,5678,5775,5677,5875
5777: 5678,5776,5679,5778,5876
5778: 5679,5777,5878
9988: 
5780: 5681,5682,5781
5781: 5683,5782,5682,5780
5782: 5684,5781,5783,5881,5882
5783: 5685,5784,5684,5782,5883,5882
5784: 5685,5783,5686,5883,5884
9717: 9700
5786: 5687,5688,5787,5885,5886
5787: 5688,5689,5786,5788,5886,5887
5788: 5690,5789,5689,5787,5887,5888
5789: 5690,5691,5788,5790,5888,5889
5790: 5692,5791,5691,5789,5889,5890
5791: 5692,5693,5790,5792,5890,5891
5792: 5694,5793,5693,5791,5891,5892
5793: 5694,5792,5695,5794,5892,5893
5794: 5795,5793,5695,5893,5894
5795: 5794,5697,5796,5894,5895
5796: 5697,5795,5895
5797: 5699,5798,5698,5897
5798: 5699,5700,5797,5897,5898
5799: 
5800: 5701,5702,5801,5899,5900
5801: 5702,5703,5802,5800,5900
5802: 5801,5704,5901,5902
5803: 
5804: 5705,5706,5805,5903,5904
5805: 5706,5707,5804,5806,5904,5905
5806: 5708,5807,5707,5805,5905,5906
5807: 5708,5709,5806,5808,5906,5907
5808: 5710,5709,5807,5908,5907
5809: 5711,5810,5908,5909
5810: 5711,5712,5811,5809,5909,5910
5811: 5712,5810,5713,5812,5910,5911
5812: 5713,5714,5811,5813,5911,5912
5813: 5715,5814,5714,5812,5912,5913
5814: 5715,5716,5813,5815,5913,5914
5815: 5717,5816,5716,5814,5914,5915
5816: 5717,5815,5718,5817,5915,5916
5817: 5718,5719,5818,5816,5916,5917
5818: 5719,5817,5720,5819,5917,5918
5819: 5720,5721,5818,5820,5918,5919
5820: 5722,5821,5721,5819,5919,5920
5821: 5722,5723,5820,5822,5920,5921
5822: 5724,5823,5723,5821,5921,5922
5823: 5724,5725,5822,5824,5922,5923
5824: 5726,5825,5725,5823,5923,5924
5825: 5824,5727,5826,5924,5925
5826: 5827,5728,5825,5727,5925,5926
5827: 5728,5826,5729,5828,5926,5927
5828: 5729,5827,5829,5927,5928
5829: 5830,5828,5928,5929
5830: 5731,5829,5929,5930
5831: 
5832: 5733,5734,5833,5931,5932
5833: 5734,5834,5832,5932,5933
5834: 5833,5736,5835,5933,5934
5835: 5736,5737,5836,5834,5934,5935
5836: 5737,5835,5837,5935,5936
5837: 5739,5838,5836,5936,5937
5838: 5739,5837,5740,5839,5937,5938
5839: 5740,5741,5840,5838,5938,5939
5840: 5741,5839,5742,5841,5939,5940
5841: 5742,5840,9452,5940
5842: 5941,5743,5843
5843: 5844,5942,5743,5744,5842,5941
5844: 5843,5942,5943,5744,5745,5845
5845: 5846,5944,5745,5746,5844,5943
5846: 5845,5944,5746,5747,5847,5945
5847: 5848,5945,5946,5747,5748,5846
5848: 5847,5946,5748,5849,5947
5849: 5948,5947,5750,5848,5850
5850: 5851,5949,5750,5751,5849,5948
5851: 5949,5950,5850,5751,5752,5852
5852: 5951,5752,5753,5851,5950
5853: 
5854: 5855,5953,5754,5755,5952
5855: 5854,5953,5755,5756,5856
5856: 5857,5955,5756,5757,5855
5857: 5856,5955,5757,5758,5858,5956
5858: 5956,5957,5859,5758,5759,5857
5859: 5858,5957,5759,5760,5958
9830: 9674,9956
10020: 
5862: 5762,5763,5863,5961
5863: 5961,5962,5763,5764,5862
5864: 
5865: 5866,5963,5964,5765,5766
5866: 5865,5964,5766,5767,5867,5965
5867: 5965,5966,5768,5767,5866,5868
5868: 5869,5967,5768,5769,5867,5966
5869: 5868,5967,5968,5769,5770,5870
5870: 5871,5770,5771,5869,5968
5871: 5870,5771,5772,5872,5970
5872: 5873,5970,5971,5772,5773,5871
5873: 5872,5971,5773,5774,5874,5972
5874: 5972,5973,5774,5775,5873,5875
5875: 5876,5974,5775,5776,5874,5973
5876: 5875,5974,5975,5777
5877: 
5878: 5977,5778,5879
5879: 5978,5878,5977
9953: 9687,9783
5881: 5980,5979,5782,5882
5882: 5883,5981,5782,5783,5881,5980
5883: 5981,5982,5882,5783,5784,5884
5884: 5885,5983,5784,5883,5982
5885: 5884,5983,5984,5786,5886
5886: 5887,5985,5786,5787,5885,5984
5887: 5886,5985,5787,5788,5888,5986
5888: 5889,5986,5987,5788,5789,5887
5889: 5888,5987,5789,5790,5890,5988
5890: 5891,5988,5989,5790,5791,5889
5891: 5890,5989,5791,5792,5892
5892: 5991,5792,5793,5891,5893
5893: 5894,5992,5793,5794,5892,5991
5894: 5893,5992,5993,5795,5794,5895
5895: 5994,5795,5796,5894,5993
9702: 9886
5897: 5898,5995,5996,5797,5798
5898: 5897,5996,5798,5899,5997
5899: 5800,5898,5900
5900: 5901,5800,5801,5899
5901: 5900,5999,6000,5802,5902
5902: 5903,6001,5802,5901,6000
5903: 5902,6001,6002,5804,5904
5904: 5905,6003,5804,5805,5903,6002
5905: 5904,6003,5805,5806,5906,6004
5906: 6004,5806,5807,5905
5907: 5908,6006,5807,5808,6005
5908: 6006,6007,5907,5808,5809,5909
5909: 5910,6008,5809,5810,5908,6007
5910: 5909,6008,6009,5810,5811,5911
5911: 5912,6010,5811,5812,5910,6009
5912: 5911,6010,5812,5813,5913,6011
5913: 5914,6011,6012,5813,5814,5912
5914: 5913,6012,5814,5815,5915,6013
5915: 6013,5815,5816,5914,5916
5916: 5917,6015,5816,5817,5915
5917: 5916,6015,6016,5817,5818,5918
5918: 5919,6017,5818,5819,5917,6016
5919: 5918,6017,6018,5819,5820,5920
5920: 5921,6019,5821,5820,5919,6018
5921: 5920,6019,5821,5822,5922,6020
5922: 5923,6020,6021,5822,5823,5921
5923: 5922,6021,5823,5824,5924,6022
5924: 6022,6023,5824,5825,5923,5925
5925: 5926,6024,5825,5826,5924,6023
5926: 5925,6024,6025,5827,5826,5927
5927: 5928,6026,5827,5828,5926,6025
5928: 5927,6026,5828,5829,5929,6027
5929: 5930,6027,6028,5830,5829,5928
5930: 5929,6028,5830,5931,6029
5931: 5932,6029,6030,5832,5930
5932: 5931,6030,5832,5833,5933,6031
5933: 6031,6032,5833,5834,5932,5934
5934: 5935,6033,5834,5835,5933,6032
5935: 5934,6033,6034,5835,5836,5936
5936: 5937,6035,5836,5837,5935,6034
5937: 5936,6035,6036,5837,5838,5938
5938: 5939,6037,5838,5839,5937,6036
5939: 5938,6037,5839,5840,5940,6038
5940: 6038,9401,5840,5841,5939
5941: 5842,5843,5942,6039
5942: 5843,5844,5943,5941,6039,6040
5943: 5844,5942,5845,5944,6041,6040
5944: 5845,5846,6042,6041,5943,5945
5945: 5847,5946,6043,5846,5944,6042
5946: 5847,5848,5945,6043,5947
5947: 5849,5948,5848,5946
5948: 5849,5947,5949,5850,6045,6046
5949: 5851,5950,5850,5948,6047,6046
5950: 5851,5949,5852,5951,6047,6048
5951: 5852,5952,5950,6048,6049
5952: 5951,5854,5953,6049,6050
5953: 5854,5855,5952,6050,6051
9829: 
5955: 5856,5857,5956,6052,6053
5956: 5858,5957,5857,5955,6053,6054
5957: 5858,5956,5859,5958,6054,6055
5958: 5959,5957,5859,6055,6056
5959: 5958,5960,6056,6057
5960: 5959,5961,6057,6058
5961: 5863,5962,5960,5862,6059
5962: 5863,5961,5963,6059
5963: 5865,5964,5962,6061
5964: 5865,5866,5963,5965,6061,6062
5965: 5867,5966,5866,5964,6063,6062
5966: 5867,5965,5868,5967,6063,6064
5967: 5868,5869,5968,5966,6064,6065
5968: 5869,5967,5870,6065,6066
9851: 
5970: 5872,5971,5871,6068
5971: 5872,5873,5970,5972,6068,6069
5972: 5874,5973,5873,5971,6069
5973: 5874,5972,5875,5974,6071
5974: 5875,5876,5975,5973,6071,6072
5975: 5876,5974,6072,6073
5976: 
5977: 5878,5879,5978,6074,6075
5978: 5879,5977,6075,6076
5979: 5881,5980,6076,6077
5980: 5881,5979,5981,5882,6077,6078
5981: 5883,5982,5882,5980,6079,6078
5982: 5883,5981,5884,5983,6079,6080
5983: 5884,5885,5984,5982,6080,6081
5984: 5885,5983,5886,5985,6081,6082
5985: 5886,5887,5984,5986,6082,6083
5986: 5888,5987,5887,5985,6083,6084
5987: 5888,5889,5986,5988,6084,6085
5988: 5890,5989,5889,5987,6085,6086
5989: 5890,5891,5988,6086
5990: 
5991: 5892,5893,5992,6088,6089
5992: 5893,5894,5993,5991,6089,6090
5993: 5894,5992,5895,5994,6090,6091
5994: 5895,5993,5995,6091,6092
5995: 5897,5996,5994,6092,6093
5996: 5897,5898,5995,5997,6093
5997: 5898,5996,6094,6095
9864: 9688
5999: 5901,6000,6097
6000: 5901,5999,5902,6001,6097,6098
6001: 5902,5903,6002,6000,6098,6099
6002: 5903,6001,5904,6003,6099,6100
6003: 5904,5905,6002,6004,6100
6004: 5906,6102,5905,6003,6101
6005: 6102,6006,5907
6006: 5908,6007,5907,6005,6104
6007: 5908,6006,5909,6008,6104,6105
6008: 5909,5910,6009,6007,6105,6106
6009: 5910,6008,5911,6010,6106
6010: 5911,5912,6009,6011,6108
6011: 5913,6012,5912,6010,6108,6109
6012: 5913,5914,6011,6013,6109,6110
6013: 5915,5914,6012,6110
9822: 9662,10001
6015: 5916,5917,6016,6113
6016: 5917,6015,5918,6017,6113,6114
6017: 5918,5919,6018,6016
6018: 5919,6017,5920
6019: 5920,5921,6020,6117
6020: 5922,6021,5921,6019,6117,6118
6021: 5922,5923,6020,6022,6118,6119
6022: 5924,6023,5923,6021,6119,6120
6023: 5924,6022,5925,6024,6120,6121
6024: 5925,5926,6025,6023,6121,6122
6025: 5926,6024,5927,6026,6122,6123
6026: 5927,5928,6025,6027,6123,6124
6027: 5929,6028,5928,6026,6124,6125
6028: 5929,5930,6027,6029,6125,6126
6029: 5931,6030,5930,6028,6126,6127
6030: 5931,5932,6029,6031,6127,6128
6031: 5933,6032,5932,6030,6128,6129
6032: 5933,6031,5934,6033,6129,6130
6033: 5934,5935,6034,6032,6130,6131
6034: 5935,6033,5936,6035,6131,6132
6035: 5936,5937,6036,6034,6132,6133
6036: 5937,6035,5938,6037,6133,6134
6037: 5938,5939,6036,6038,6134,6135
6038: 5940,9401,5939,6037,6135
6039: 6040,6137,5941,5942,6136
6040: 6039,6137,5942,5943,6041,6138
6041: 5944,6042,5943,6040,6138
6042: 5944,6041,5945,6043
6043: 5945,5946,6042
9971: 10043
6045: 6143,6142,5948,6046
6046: 6047,6144,5948,5949,6045,6143
6047: 6144,6145,6046,5949,5950,6048
6048: 6049,5950,5951,6047,6145
6049: 6048,5951,5952,6050
6050: 6051,6147,5952,5953,6049
6051: 6050,6148,5953,6052
6052: 6053,6149,6150,5955,6051
6053: 6052,6150,5955,5956,6054,6151
6054: 6151,6055,5956,5957,6053
6055: 6054,5957,5958,6056
6056: 6154,6153,5959,5958,6055
6057: 6058,6155,5959,5960,6154
6058: 6057,6155,6156,5960,6059
6059: 6157,5961,5962,6058
6060: 
6061: 6158,6159,5963,5964,6062
6062: 6063,6160,5964,5965,6061,6159
6063: 6160,6161,6062,5965,5966,6064
6064: 6065,6162,5966,5967,6063,6161
6065: 6064,6162,6163,5967,5968,6066
6066: 6067,6164,5968,6065,6163
6067: 6066,6164,6068,6165
6068: 6069,6165,6166,5970,5971,6067
6069: 6068,6166,5971,5972,6167
6070: 
6071: 6072,6169,5973,5974,6168
6072: 6071,6169,6170,5974,5975,6073
6073: 6074,6171,5975,6072,6170
6074: 6073,6171,6172,5977,6075
6075: 6173,5977,5978,6074,6172
6076: 6173,5978,5979,6077
6077: 6175,5980,5979,6076,6078
6078: 6079,6176,5980,5981,6077,6175
6079: 6176,6177,6078,5981,5982,6080
6080: 6081,6178,5982,5983,6079,6177
6081: 6080,6178,6179,5983,5984,6082
6082: 6083,6180,5984,5985,6081,6179
6083: 6082,6180,5985,5986,6084,6181
6084: 6085,6181,6182,5986,5987,6083
6085: 6084,6182,5987,5988,6086,6183
6086: 6184,6183,5988,5989,6085,6087
6087: 6088,6185,6086,6184
6088: 6185,6186,6087,5991,6089
6089: 6090,5991,5992,6088,6186
6090: 6089,6188,5992,5993,6091
6091: 6092,6189,5993,5994,6090,6188
6092: 6091,6189,5994,5995,6093,6190
6093: 6190,6191,5995,5996,6092
6094: 6191,5997,6095,6192
6095: 6192,6193,5997,6094
6096: 
6097: 6194,6195,5999,6000,6098
6098: 6099,6196,6000,6001,6097,6195
6099: 6098,6196,6001,6002,6100
6100: 6101,6198,6002,6003,6099
6101: 6100,6198,6004,6102,6199
6102: 6005,6004,6101,6200
6103: 
6104: 6201,6202,6006,6007,6105
6105: 6106,6203,6007,6008,6104,6202
6106: 6105,6203,6204,6008,6009
9727: 
6108: 6205,6010,6011,6109,6206
6109: 6110,6206,6207,6011,6012,6108
6110: 6109,6207,6012,6013,6111,6208
6111: 6208,6209,6112,6110
6112: 6111,6209,6113,6210
6113: 6211,6210,6015,6016,6112,6114
6114: 6212,6016,6211,6113
9878: 
9915: 
6117: 6214,6019,6020,6118,6215
6118: 6119,6215,6216,6020,6021,6117
6119: 6118,6216,6021,6022,6120,6217
6120: 6217,6218,6022,6023,6119,6121
6121: 6122,6219,6023,6024,6120,6218
6122: 6121,6219,6220,6024,6025,6123
6123: 6124,6221,6025,6026,6122,6220
6124: 6123,6221,6026,6027,6125,6222
6125: 6126,6222,6223,6027,6028,6124
6126: 6125,6223,6028,6029,6127,6224
6127: 6128,6224,6225,6029,6030,6126
6128: 6127,6225,6030,6031,6129,6226
6129: 6226,6227,6031,6032,6128,6130
6130: 6131,6228,6032,6033,6129,6227
6131: 6130,6228,6229,6033,6034,6132
6132: 6133,6034,6035,6131,6229
6133: 6132,6231,6035,6036,6134
6134: 6135,6232,6036,6037,6133,6231
6135: 6134,6232,6037,6038,6233
6136: 6039,6137,6234
6137: 6039,6040,6235,6234,6136,6138
6138: 6139,6041,6040,6137,6235
6139: 6138,6140,6236,6237
6140: 6141,6139,6237,6238
6141: 6140,6142,6238,6239
6142: 6045,6143,6141,6239,6240
6143: 6045,6142,6144,6046,6240,6241
6144: 6047,6145,6046,6143,6241,6242
6145: 6047,6144,6048,6242,6243
10005: 9664
6147: 6050,6148,6244,6245
6148: 6051,6147,6149,6245,6246
6149: 6052,6150,6148,6246,6247
6150: 6052,6053,6149,6151,6247,6248
6151: 6054,6053,6150,6248
9832: 
6153: 6154,6056,6251
6154: 6056,6153,6057,6155,6251,6252
6155: 6057,6058,6156,6154,6252,6253
6156: 6058,6155,6157,6253,6254
6157: 6059,6255,6156,6158
6158: 6061,6256,6159,6157,6255
6159: 6061,6256,6158,6257,6160,6062
6160: 6063,6161,6062,6159,6257,6258
6161: 6063,6160,6064,6162,6258,6259
6162: 6064,6065,6163,6161,6259,6260
6163: 6065,6162,6066,6164,6260,6261
6164: 6066,6067,6163,6165,6261,6262
6165: 6068,6166,6067,6164,6262,6263
6166: 6068,6069,6165,6167,6263,6264
6167: 6168,6069,6166,6264,6265
6168: 6167,6071,6169,6265,6266
6169: 6071,6072,6170,6168,6266,6267
6170: 6072,6169,6073,6171,6267,6268
6171: 6073,6074,6172,6170,6268,6269
6172: 6074,6171,6075,6270,6269
6173: 6075,6076,6270,6271
6174: 
6175: 6077,6176,6078,6272,6273
6176: 6079,6177,6078,6175,6273,6274
6177: 6079,6176,6080,6178,6274,6275
6178: 6080,6081,6179,6276,6177,6275
6179: 6081,6178,6276,6082,6180,6277
6180: 6082,6083,6278,6277,6179,6181
6181: 6084,6182,6083,6180,6278
6182: 6084,6085,6181,6280,6183
6183: 6086,6184,6281,6085,6182,6280
6184: 6086,6183,6281,6087
6185: 6088,6186,6087,6283,6282
6186: 6088,6185,6089,6283,6284
6187: 
6188: 6090,6091,6189,6285,6286
6189: 6091,6092,6188,6190,6286,6287
6190: 6093,6191,6092,6189,6287,6288
6191: 6093,6094,6190,6288
6192: 6095,6193,6094,6290
6193: 6095,6192,6194,6290,6291
6194: 6097,6195,6193,6291,6292
6195: 6097,6194,6098,6196,6292,6293
6196: 6098,6099,6195,6293,6294
6197: 
6198: 6100,6101,6199,6295,6296
6199: 6200,6101,6198,6296,6297
6200: 6298,6199,6102
6201: 6104,6202,6298,6299
6202: 6104,6201,6105,6203,6299,6300
6203: 6105,6106,6204,6202,6300
6204: 6106,6203,6205,6302
6205: 6303,6108,6302,6204,6206
6206: 6109,6207,6304,6303,6108,6205
6207: 6109,6110,6206,6304,6208,6305
6208: 6111,6209,6110,6207,6305
6209: 6111,6208,6112,6210,6307
6210: 6211,6113,6209,6112,6307,6308
6211: 6113,6210,6114,6212,6308,6309
6212: 6114,6213,6211,6309,6310
6213: 6212,6311,6310
6214: 6117,6311,6215,6312
6215: 6118,6216,6214,6117,6312,6313
6216: 6118,6119,6215,6217,6313,6314
6217: 6120,6218,6119,6216,6314,6315
6218: 6120,6217,6121,6219,6315,6316
6219: 6121,6122,6220,6218,6316,6317
6220: 6122,6219,6123,6221,6317,6318
6221: 6123,6124,6220,6222,6318,6319
6222: 6125,6223,6124,6221,6319,6320
6223: 6125,6126,6222,6224,6320,6321
6224: 6127,6225,6126,6223,6321,6322
6225: 6127,6128,6224,6226,6322,6323
6226: 6129,6227,6128,6225,6323,6324
6227: 6129,6226,6130,6228,6324
6228: 6130,6131,6229,6227,6326
6229: 6131,6228,6132,6326,6327
9794: 
6231: 6133,6134,6232,6329,6328
6232: 6134,6135,6329,6330,6231,6233
6233: 6135,6232,6330
6234: 6137,6235,6136,6331
6235: 6137,6234,6138,6331,6236
6236: 6237,6333,6332,6235,6139
6237: 6236,6333,6139,6140,6238,6334
6238: 6239,6334,6335,6140,6141,6237
6239: 6238,6335,6141,6142,6240,6336
6240: 6241,6336,6337,6143,6142,6239
6241: 6240,6337,6143,6144,6242,6338
6242: 6338,6339,6144,6145,6241,6243
6243: 6340,6145,6242,6339
6244: 6340,6341,6147,6245
6245: 6246,6342,6148,6147,6244
6246: 6245,6342,6148,6149,6247,6343
6247: 6248,6343,6344,6149,6150,6246
6248: 6247,6344,6150,6151,6249,6345
6249: 6345,6346,6248
6250: 
6251: 6347,6348,6154,6153,6252
6252: 6253,6349,6154,6155,6251,6348
6253: 6252,6349,6350,6155,6156,6254
6254: 6351,6156,6255,6253,6350
6255: 6157,6256,6158,6254,6351
6256: 6158,6159,6257,6255
6257: 6256,6159,6160,6353,6258,6354
6258: 6354,6355,6257,6160,6161,6259
6259: 6260,6356,6161,6162,6258,6355
6260: 6259,6356,6357,6162,6163,6261
6261: 6262,6358,6163,6164,6260,6357
6262: 6261,6358,6164,6165,6263,6359
6263: 6264,6359,6360,6165,6166,6262
6264: 6263,6360,6166,6167,6265,6361
6265: 6361,6362,6266,6167,6168,6264
6266: 6265,6362,6168,6169,6267,6363
6267: 6364,6363,6169,6170,6266,6268
6268: 6269,6365,6170,6171,6364,6267
6269: 6268,6365,6171,6172
6270: 6173,6271,6172,6367
6271: 6173,6270,6367,6272
6272: 6273,6369,6271,6175
6273: 6272,6369,6175,6176,6274,6370
6274: 6370,6371,6176,6177,6273,6275
6275: 6372,6177,6178,6276,6274,6371
6276: 6178,6179,6275
6277: 6180,6278,6179,6374
6278: 6180,6277,6181,6374,6279
6279: 6376,6375,6278,6280
6280: 6182,6183,6281,6279,6377
6281: 6184,6183,6280,6377
6282: 6283,6379,6185,6378
6283: 6379,6380,6282,6185,6186,6284
6284: 6285,6381,6186,6283,6380
6285: 6284,6381,6382,6188,6286
6286: 6287,6383,6188,6189,6285,6382
6287: 6286,6383,6189,6190,6288
6288: 6385,6190,6191,6287
9875: 
6290: 6386,6387,6192,6193,6291
6291: 6292,6388,6193,6194,6290,6387
6292: 6291,6388,6389,6194,6195,6293
6293: 6294,6390,6195,6196,6292,6389
6294: 6293,6390,6391,6196,6295
6295: 6296,6392,6198,6294,6391
6296: 6295,6392,6198,6199,6297,6393
6297: 6394,6393,6298,6199,6296
6298: 6200,6201,6297
6299: 6201,6202,6300
6300: 6397,6202,6203,6299,6396
9714: 9768
6302: 6303,6205,6204,6398,6399
6303: 6205,6302,6206,6304,6399,6400
6304: 6206,6207,6303,6401,6305,6400
6305: 6401,6207,6304,6208,6402
6306: 
6307: 6403,6209,6210,6308,6404
6308: 6405,6404,6211,6210,6307,6309
6309: 6310,6406,6211,6212,6405,6308
6310: 6309,6406,6407,6213,6212
6311: 6214,6213,6408,6312
6312: 6408,6214,6311,6215,6313,6409
6313: 6314,6409,6410,6215,6216,6312
6314: 6313,6410,6216,6217,6315
6315: 6412,6217,6218,6314,6316
6316: 6317,6413,6218,6219,6315,6412
6317: 6316,6413,6414,6219,6220,6318
6318: 6319,6415,6220,6221,6317,6414
6319: 6318,6415,6221,6222,6320,6416
6320: 6321,6416,6417,6222,6223,6319
6321: 6320,6417,6223,6224,6322,6418
6322: 6323,6418,6419,6224,6225,6321
6323: 6322,6419,6225,6226,6324,6420
6324: 6420,6421,6226,6227,6323
9921: 
6326: 6423,6422,6228,6229,6327
6327: 6328,6424,6229,6423,6326
6328: 6327,6424,6425,6231,6329
6329: 6232,6330,6231,6328,6425,6426
6330: 6232,6329,6233,6426
6331: 6235,6234,6332
6332: 6236,6333,6331,6427,6428
6333: 6236,6237,6332,6334,6428,6429
6334: 6238,6335,6237,6333,6429,6430
6335: 6238,6239,6334,6336,6430,6431
6336: 6240,6337,6239,6335,6431,6432
6337: 6240,6241,6336,6338,6432,6433
6338: 6242,6339,6241,6337,6434,6433
6339: 6242,6338,6243,6340,6434,6435
6340: 6243,6244,6341,6339,6435,6436
6341: 6244,6340,6342,6436,6437
6342: 6245,6246,6341,6343,6437,6438
6343: 6247,6344,6246,6342,6438,6439
6344: 6247,6248,6343,6345,6439,6440
6345: 6249,6346,6248,6344,6440,6441
6346: 6249,6345,6347,6441,6442
6347: 6251,6348,6346,6442,6443
6348: 6251,6347,6252,6349,6443,6444
6349: 6252,6253,6350,6348,6444,6445
6350: 6253,6349,6254,6351,6445,6446
6351: 6254,6255,6350,6446,6447
10004: 9770
6353: 6257,6354,6449
6354: 6258,6355,6449,6257,6353,6450
6355: 6258,6354,6259,6356,6450,6451
6356: 6259,6260,6357,6355,6451,6452
6357: 6260,6356,6261,6358,6452,6453
6358: 6261,6262,6357,6359,6453,6454
6359: 6263,6360,6262,6358,6454,6455
6360: 6263,6264,6359,6361,6455,6456
6361: 6265,6362,6264,6360,6456,6457
6362: 6265,6361,6266,6363,6457,6458
6363: 6364,6267,6362,6266,6458,6459
6364: 6267,6363,6268,6365,6459,6460
6365: 6268,6269,6364,6460,6461
9914: 9906
6367: 6270,6271
9905: 
6369: 6272,6273,6370,6465
6370: 6274,6371,6273,6369,6465,6466
6371: 6274,6370,6275,6372,6466,6467
6372: 6275,6371,6467,6468
9922: 9955,9814
6374: 6278,6277,6375
6375: 6279,6376,6374,6471
6376: 6279,6375,6377,6471,6472
6377: 6280,6281,6376
6378: 6379,6282,6474
6379: 6283,6380,6282,6474,6475,6378
6380: 6283,6379,6475,6284,6381
6381: 6284,6285,6382,6380,6477
6382: 6285,6381,6286,6383,6477,6478
6383: 6286,6287,6382,6478,6479
9843: 9934
6385: 6288,6481,6480
6386: 6290,6387,6482,6481
6387: 6290,6386,6482,6291,6388,6483
6388: 6291,6292,6389,6484,6483,6387
6389: 6292,6388,6484,6293,6390,6485
6390: 6293,6294,6391,6486,6485,6389
6391: 6294,6390,6486,6295,6392,6487
6392: 6295,6296,6391,6393,6487,6488
6393: 6297,6394,6296,6392,6488,6489
6394: 6297,6393,6489,6490
9983: 
6396: 6300,6397,6491,6492
6397: 6300,6398,6396,6493
6398: 6397,6302,6399,6494
6399: 6303,6302,6398,6400
6400: 6401,6303,6304,6399,6496
6401: 6305,6400,6304,6402,6496,6497
6402: 6403,6401,6305,6497,6498
6403: 6402,6307,6404,6498,6499
6404: 6405,6308,6403,6307,6499,6500
6405: 6308,6404,6309,6406,6500,6501
6406: 6309,6310,6407,6405,6501,6502
6407: 6310,6406,6502
6408: 6312,6311,6409,6504
6409: 6313,6410,6408,6312,6504,6505
6410: 6313,6314,6409,6505
9863: 9749
6412: 6315,6316,6413,6508
6413: 6316,6317,6414,6508,6509,6412
6414: 6317,6413,6509,6318,6415,6510
6415: 6318,6319,6414,6510
6416: 6320,6417,6319,6512
6417: 6320,6321,6416,6418,6512,6513
6418: 6322,6419,6321,6417,6513,6514
6419: 6322,6323,6418,6420,6514,6515
6420: 6324,6421,6323,6419,6515,6516
6421: 6324,6420,6422,6516,6517
6422: 6423,6326,6421,6517,6518
6423: 6326,6422,6327,6424,6518,6519
6424: 6327,6328,6425,6423,6519,6520
6425: 6328,6424,6329,6426,6520,6521
6426: 6329,6330,6425,6521
6427: 9455,9394,6332,6428,6523
6428: 6429,6524,6523,6333,6332,6427
6429: 6428,6524,6333,6334,6430,6525
6430: 6431,6525,6526,6334,6335,6429
6431: 6430,6526,6335,6336,6432,6527
6432: 6528,6527,6336,6337,6431,6433
6433: 6434,6529,6337,6338,6432,6528
6434: 6529,6530,6433,6338,6339,6435
6435: 6436,6531,6339,6340,6434,6530
6436: 6435,6531,6340,6341
6437: 6438,6533,6341,6342
6438: 6437,6533,6342,6343,6439,6534
6439: 6440,6534,6535,6343,6344,6438
6440: 6439,6535,6344,6345,6441,6536
6441: 6536,6537,6345,6346,6440,6442
6442: 6443,6538,6346,6347,6441,6537
6443: 6442,6538,6539,6347,6348,6444
6444: 6445,6540,6348,6349,6443,6539
6445: 6444,6540,6541,6349,6350,6446
6446: 6447,6542,6350,6351,6445,6541
6447: 6446,6542,6351
6448: 6544,6449
6449: 6354,6353,6448,6450,6545
6450: 6545,6546,6354,6355,6449,6451
6451: 6452,6547,6355,6356,6450,6546
6452: 6451,6547,6548,6356,6357,6453
6453: 6454,6549,6357,6358,6452,6548
6454: 6453,6549,6358,6359,6455,6550
6455: 6456,6550,6551,6359,6360,6454
6456: 6455,6551,6360,6361,6457,6552
6457: 6552,6553,6458,6361,6362,6456
6458: 6457,6553,6362,6363,6459,6554
6459: 6554,6555,6364,6363,6458,6460
6460: 6461,6556,6364,6365,6459,6555
6461: 6460,6556,6557,6365,6462
6462: 6463,6558,6461,6557
6463: 6462,6558,6464,6559
6464: 6465,6559,6560,6463
6465: 6464,6560,6369,6370,6466,6561
6466: 6561,6562,6467,6370,6371,6465
6467: 6466,6562,6371,6372,6468,6563
6468: 6564,6563,6372,6467
10023: 9965
6470: 
6471: 6472,6566,6567,6376,6375
6472: 6471,6567,6376,6568
10002: 
6474: 6379,6475,6378,6570
6475: 6379,6380,6474,6571,6570
6476: 
6477: 6573,6572,6381,6382,6478
6478: 6479,6574,6382,6383,6573,6477
6479: 6478,6574,6575,6383
6480: 6576,6481,6385,6575
6481: 6385,6386,6480
6482: 6386,6387,6483,6578
6483: 6388,6484,6387,6482,6578,6579
6484: 6388,6389,6483,6485,6579
6485: 6390,6486,6389,6484,6581
6486: 6390,6391,6485,6581,6487,6582
6487: 6488,6583,6582,6391,6486,6392
6488: 6487,6583,6392,6393,6489,6584
6489: 6490,6584,6585,6394,6393,6488
6490: 6489,6585,6394,6491,6586
6491: 6586,6587,6396,6490,6492
6492: 6493,6588,6396,6491,6587
6493: 6492,6588,6397,6494
6494: 6398,6493
10000: 9797,9689
6496: 6497,6591,6592,6401,6400
6497: 6496,6592,6401,6402,6498,6593
6498: 6593,6594,6402,6403,6497,6499
6499: 6500,6595,6403,6404,6498,6594
6500: 6499,6595,6596,6405,6404,6501
6501: 6502,6597,6405,6406,6500,6596
6502: 6501,6597,6406,6407
9969: 
6504: 6408,6409,6505,6600
6505: 6600,6409,6410,6504,6506
6506: 6507,6602,6505
6507: 6602,6603,6506,6508
6508: 6413,6509,6412,6507,6604
6509: 6413,6414,6508,6605,6604,6510
6510: 6606,6414,6509,6415,6605
9713: 
6512: 6513,6607,6608,6416,6417
6513: 6512,6608,6417,6418,6514,6609
6514: 6515,6609,6610,6418,6419,6513
6515: 6514,6610,6419,6420,6516,6611
6516: 6611,6612,6420,6421,6515,6517
6517: 6518,6613,6421,6422,6516,6612
6518: 6517,6613,6614,6423,6422,6519
6519: 6520,6615,6423,6424,6518,6614
6520: 6519,6615,6616,6424,6425,6521
6521: 6617,6425,6426,6520,6616
6522: 9455,9394,9410
6523: 6428,6524,6619,6427,9455,6618
6524: 6428,6429,6523,6620,6619,6525
6525: 6430,6526,6621,6429,6524,6620
6526: 6430,6431,6525,6621,6622,6527
6527: 6432,6528,6623,6431,6526,6622
6528: 6432,6527,6623,6529,6433,6624
6529: 6434,6530,6433,6528,6625,6624
6530: 6434,6529,6435,6531,6625,6626
6531: 6435,6436,6530,6626,6627
9816: 
6533: 6437,6438,6534,6628,6629
6534: 6439,6535,6438,6533,6629,6630
6535: 6439,6440,6534,6536,6630,6631
6536: 6441,6537,6440,6535,6631,6632
6537: 6441,6536,6442,6538,6632,6633
6538: 6442,6443,6539,6634,6537,6633
6539: 6443,6538,6634,6444,6540,6635
6540: 6444,6445,6541,6635,6539,6636
6541: 6445,6540,6446,6542,6636,6637
6542: 6446,6447,6541,6637,6638
9901: 10035
6544: 6448,6545,6639,6640
6545: 6450,6546,6641,6449,6544
6546: 6450,6545,6641,6451,6547,6642
6547: 6451,6452,6548,6642,6643,6546
6548: 6452,6547,6643,6453,6549,6644
6549: 6453,6454,6644,6548,6550,6645
6550: 6455,6551,6646,6454,6549
6551: 6455,6456,6550,6646,6647,6552
6552: 6457,6553,6456,6551,6647,6648
6553: 6457,6552,6458,6649,6554,6648
6554: 6649,6459,6555,6650,6553,6458
6555: 6459,6554,6650,6460,6556,6651
6556: 6460,6461,6557,6555,6651,6652
6557: 6461,6556,6462,6558,6652,6653
6558: 6462,6463,6557,6559,6653,6654
6559: 6464,6560,6463,6558,6654
6560: 6464,6465,6559,6561,6656
6561: 6466,6562,6465,6560,6656,6657
6562: 6466,6561,6467,6563,6657,6658
6563: 6564,6468,6562,6467,6658,6659
6564: 6468,6563,6659,6660
6565: 6566,6660,6661
6566: 6471,6567,6565,6661,6662
6567: 6471,6472,6566,6568,6662,6663
6568: 6569,6472,6567,6663,6664
6569: 6568,6570,6664,6665
6570: 6571,6474,6475,6569
6571: 6570,6475,6572,6667
6572: 6573,6477,6667,6571
6573: 6477,6572,6478,6574,6668
6574: 6478,6479,6575,6573,6669
6575: 6479,6574,6480,6576,6670
6576: 6480,6575,6671
10010: 9810
6578: 6482,6483,6579
6579: 6484,6483,6578
6580: 
6581: 6676,6486,6485,6582
6582: 6487,6583,6486,6581
6583: 6487,6488,6582,6584,6679
6584: 6489,6585,6488,6583,6679,6680
6585: 6489,6490,6584,6586,6680,6681
6586: 6491,6587,6490,6585,6681,6682
6587: 6491,6586,6492,6588,6682,6683
6588: 6492,6493,6587,6683,6684
9812: 9743
6590: 6591,6685,6686
6591: 6496,6592,6590,6686,6687
6592: 6496,6497,6591,6688,6593,6687
6593: 6498,6594,6689,6497,6592,6688
6594: 6498,6593,6689,6499,6595,6690
6595: 6499,6500,6596,6691,6690,6594
6596: 6500,6595,6691,6501,6597,6692
6597: 6501,6502,6598,6692,6596
6598: 6597,6693,6694
6599: 6600,6694,6695
6600: 6505,6599,6504,6695,6696
6601: 
6602: 6507,6603,6506,6697,6698
6603: 6507,6602,6604,6698,6699
6604: 6700,6605,6508,6509,6603
6605: 6700,6604,6509,6510,6701
6606: 6510,6701,6702,6607
6607: 6512,6608,6703,6606,6702
6608: 6512,6513,6607,6703,6704,6609
6609: 6514,6610,6705,6513,6608,6704
6610: 6514,6515,6609,6706,6705,6611
6611: 6516,6612,6707,6515,6610,6706
6612: 6516,6611,6707,6517,6613,6708
6613: 6517,6518,6614,6709,6708,6612
6614: 6518,6613,6709,6519,6615,6710
6615: 6519,6520,6616,6711,6710,6614
6616: 6520,6615,6711,6521,6617,6712
6617: 6521,9494,6616,6712
6618: 9578,9455,6523,6619,6713
6619: 6524,6523,6620,6618,6713
6620: 6524,6619,6525,6621
6621: 6525,6526,6622,6620,6716
6622: 6526,6621,6527,6623,6716
6623: 6528,6527,6622,6718,6624
6624: 6625,6719,6528,6623,6529,6718
6625: 6719,6720,6624,6529,6530,6626
6626: 6627,6721,6530,6531,6625,6720
6627: 6626,6721,6722,6531,6628
6628: 6629,6723,6533,6627,6722
6629: 6628,6723,6533,6534,6630,6724
6630: 6725,6724,6631,6534,6535,6629
6631: 6630,6725,6535,6536,6632,6726
6632: 6726,6727,6633,6536,6537,6631
6633: 6632,6727,6537,6538,6634,6728
6634: 6538,6539,6635,6633,6728,6729
6635: 6540,6539,6634,6729,6636
6636: 6731,6540,6541,6635,6637
6637: 6638,6732,6541,6542,6731,6636
6638: 6637,6732,6733,6542
6639: 6734,6544,6733,6640
6640: 6735,6544,6641,6639,6734
6641: 6545,6546,6642,6640
6642: 6547,6643,6546,6641,6737
6643: 6547,6548,6642,6644,6738,6737
6644: 6549,6548,6643,6738,6739,6645
6645: 6739,6549,6644,6646,6740
6646: 6550,6551,6647,6645,6741,6740
6647: 6551,6646,6552,6741,6648,6742
6648: 6742,6743,6647,6552,6553,6649
6649: 6554,6650,6553,6648,6743,6744
6650: 6649,6554,6555,6745,6744,6651
6651: 6652,6746,6555,6650,6556,6745
6652: 6651,6746,6747,6556,6557,6653
6653: 6654,6748,6557,6558,6652,6747
6654: 6653,6748,6558,6559,6749
9793: 9907
6656: 6750,6560,6561,6657,6751
6657: 6751,6752,6561,6562,6656,6658
6658: 6659,6753,6562,6563,6657,6752
6659: 6658,6753,6754,6564,6563,6660
6660: 6755,6564,6565,6659,6754
6661: 6755,6565,6566,6662,6756
6662: 6663,6756,6757,6566,6567,6661
6663: 6662,6757,6567,6568,6664,6758
6664: 6665,6758,6759,6568,6569,6663
6665: 6664,6759,6569,6760
9977: 
6667: 6572,6571,6668,6762
6668: 6762,6573,6667,6669,6763
6669: 6670,6764,6763,6574,6668
6670: 6669,6764,6575,6671,6765
6671: 6672,6765,6766,6576,6670
6672: 6671,6766,6767
6673: 
6674: 6768,6769
9783: 9953
6676: 6581
9788: 
6678: 
6679: 6773,6583,6584,6680,6774
6680: 6681,6774,6775,6584,6585,6679
6681: 6680,6775,6585,6586,6682,6776
6682: 6776,6777,6586,6587,6681,6683
6683: 6684,6778,6587,6588,6682,6777
6684: 6683,6778,6779,6588,6685
6685: 6780,6590,6684,6779
6686: 6780,6590,6591,6687,6781
6687: 6782,6781,6591,6592,6688,6686
6688: 6592,6593,6689,6687,6782,6783
6689: 6593,6594,6688,6690,6784,6783
6690: 6595,6691,6594,6689,6784,6785
6691: 6595,6596,6690,6692,6785,6786
6692: 6597,6596,6691,6786,6787,6693
6693: 6787,6598,6692,6788
6694: 6695,6789,6788,6598,6599
6695: 6694,6789,6599,6600,6696,6790
6696: 6697,6790,6791,6600,6695
6697: 6696,6791,6602,6698,6792
6698: 6792,6793,6602,6603,6697,6699
6699: 6794,6603,6700,6698,6793
6700: 6605,6604,6699
6701: 6606,6702,6605
6702: 6701,6606,6607,6703,6796,6797
6703: 6607,6608,6704,6702,6797,6798
6704: 6608,6703,6609,6705,6798,6799
6705: 6609,6610,6706,6704,6799,6800
6706: 6610,6705,6611,6707,6800,6801
6707: 6611,6612,6706,6708,6801,6802
6708: 6613,6709,6612,6707,6802,6803
6709: 6613,6614,6708,6710,6804,6803
6710: 6615,6711,6614,6709,6804,6805
6711: 6615,6616,6710,6806,6805,6712
6712: 6616,6711,6617,6806
6713: 6807,6619,6618
6714: 
10026: 
6716: 6809,6621,6622,6717,6810
6717: 6718,6810,6716
6718: 6717,6623,6719,6624,6811,6812
6719: 6625,6720,6624,6718,6813,6812
6720: 6625,6719,6626,6721,6813,6814
6721: 6626,6627,6722,6720,6814,6815
6722: 6627,6721,6628,6723,6815,6816
6723: 6628,6629,6722,6724,6816,6817
6724: 6630,6725,6629,6723,6817,6818
6725: 6630,6724,6819,6631,6726,6818
6726: 6632,6727,6820,6725,6819,6631
6727: 6632,6726,6820,6633,6821,6728
6728: 6821,6822,6729,6634,6727,6633
6729: 6822,6728,6634,6635,6823
6730: 
6731: 6824,6636,6637,6732
6732: 6637,6638,6826,6733,6731
6733: 6638,6732,6826,6639
6734: 6639,6640,6735,6827,6828
6735: 6640,6736,6734,6829,6828
6736: 6735,6737,6829
6737: 6738,6642,6643,6736,6831
6738: 6737,6643,6644,6739,6831,6832
6739: 6645,6644,6738,6740,6832,6833
6740: 6741,6646,6739,6645,6833,6834
6741: 6835,6740,6646,6647,6834
6742: 6648,6743,6836,6647,6835
6743: 6648,6742,6836,6649,6837,6744
6744: 6745,6837,6649,6650,6743,6838
6745: 6744,6650,6651,6746,6838,6839
6746: 6651,6652,6747,6745,6839,6840
6747: 6652,6746,6653,6748,6840,6841
6748: 6653,6654,6747,6749,6841,6842
6749: 6750,6654,6748,6842,6843
6750: 6844,6656,6749,6751,6843
6751: 6657,6752,6844,6656,6750,6845
6752: 6657,6751,6658,6753,6845,6846
6753: 6658,6659,6754,6847,6752,6846
6754: 6659,6753,6847,6660,6755,6848
6755: 6660,6661,6849,6848,6754
6756: 6662,6757,6850,6661,6849
6757: 6662,6663,6756,6850,6851,6758
6758: 6664,6759,6663,6757,6851,6852
6759: 6664,6665,6758,6760,6852,6853
6760: 6761,6665,6759,6854,6853
6761: 6760,6762,6854,6855
6762: 6856,6668,6667,6761,6763,6855
6763: 6669,6764,6856,6668,6762,6857
6764: 6669,6670,6763,6765,6857,6858
6765: 6671,6766,6670,6764,6858
6766: 6671,6672,6765,6767,6860
6767: 6768,6672,6766,6860,6861
6768: 6767,6674,6769,6861,6862
6769: 6768,6674,6862,6863
10013: 
6771: 6772,6865
6772: 6773,6771,6865,6866
6773: 6679,6772,6774,6866,6867
6774: 6680,6775,6679,6773,6867
6775: 6680,6681,6774,6776,6869
6776: 6682,6777,6681,6775,6869,6870
6777: 6682,6776,6683,6778,6870,6871
6778: 6683,6684,6779,6777,6872,6871
6779: 6684,6778,6685,6873,6872
6780: 6685,6686,6873,6781,6874
6781: 6687,6782,6686,6780,6874,6875
6782: 6687,6781,6688,6783,6875,6876
6783: 6784,6688,6689,6782
6784: 6783,6689,6690,6785
6785: 6786,6691,6690,6784
6786: 6785,6691,6692,6787
6787: 6693,6692,6786,6880
6788: 6694,6789,6693,6882
6789: 6694,6695,6788,6790,6882,6883
6790: 6696,6791,6695,6789,6883,6884
6791: 6696,6697,6790,6792,6884,6885
6792: 6698,6793,6697,6791,6885,6886
6793: 6698,6792,6699,6794,6886,6887
6794: 6699,6793,6887,6888
9995: 
6796: 6702,6797,6889,6890
6797: 6891,6798,6702,6703,6796,6890
6798: 6892,6891,6797,6703,6704,6799
6799: 6893,6800,6704,6705,6892,6798
6800: 6893,6894,6799,6706,6705,6801
6801: 6895,6802,6706,6707,6894,6800
6802: 6895,6801,6896,6707,6708,6803
6803: 6897,6804,6709,6708,6802,6896
6804: 6897,6803,6709,6710,6898,6805
6805: 6898,6806,6899,6711,6710,6804
6806: 6805,6899,6711,6712
6807: 6713,6808,6900
6808: 6807,6809,6900
6809: 6716,6808,6810,6902
6810: 6717,6716,6809,6902,6811
6811: 6904,6718,6810,6812
6812: 6813,6905,6718,6719,6904,6811
6813: 6905,6906,6812,6719,6720,6814
6814: 6907,6815,6720,6721,6813,6906
6815: 6907,6908,6814,6721,6722,6816
6816: 6909,6817,6722,6723,6908,6815
6817: 6816,6909,6723,6724,6910,6818
6818: 6910,6911,6725,6724,6819,6817
6819: 6725,6726,6820,6911,6818,6912
6820: 6726,6727,6819,6821,6912
6821: 6822,6728,6727,6820,6914
6822: 6821,6728,6729,6823,6914,6915
6823: 6824,6822,6729,6915,6916
6824: 6731,6823,6917,6916
6825: 
6826: 6732,6733,6918
6827: 6920,6919,6734,6828
6828: 6829,6921,6734,6735,6827,6920
6829: 6921,6922,6828,6735,6736
6830: 
6831: 6923,6924,6738,6737,6832
6832: 6833,6925,6738,6739,6831,6924
6833: 6832,6925,6739,6740,6834,6926
6834: 6927,6926,6835,6741,6740,6833
6835: 6741,6742,6834
6836: 6742,6743,6837,6929
6837: 6744,6743,6836,6929,6838,6930
6838: 6930,6931,6745,6837,6744,6839
6839: 6932,6840,6745,6746,6838,6931
6840: 6839,6932,6933,6746,6747,6841
6841: 6934,6842,6747,6748,6933,6840
6842: 6841,6934,6748,6749,6843,6935
6843: 6935,6844,6749,6750,6842
6844: 6750,6751,6843,6845,6937
6845: 6937,6938,6844,6751,6752,6846
6846: 6939,6752,6753,6847,6845,6938
6847: 6753,6754,6848,6846,6939,6940
6848: 6755,6849,6754,6847,6940,6941
6849: 6755,6848,6756
6850: 6756,6757,6851
6851: 6757,6850,6758,6852,6944
6852: 6945,6944,6851,6758,6759,6853
6853: 6854,6946,6759,6760,6852,6945
6854: 6946,6947,6853,6761,6760,6855
6855: 6948,6761,6856,6762,6854,6947
6856: 6762,6763,6855,6948,6949,6857
6857: 6858,6950,6856,6764,6763,6949
6858: 6857,6950,6764,6765
9721: 9751
6860: 6952,6766,6767,6861,6953
6861: 6953,6954,6862,6767,6768,6860
6862: 6861,6954,6768,6769,6863,6955
6863: 6955,6956,6769,6862
6864: 
6865: 6957,6771,6772,6866,6958
6866: 6867,6959,6958,6773,6772,6865
6867: 6866,6959,6773,6774,6960
6868: 
6869: 6961,6775,6776,6870,6962
6870: 6962,6963,6776,6777,6869,6871
6871: 6872,6964,6777,6778,6870,6963
6872: 6964,6965,6871,6778,6779
6873: 6780,6779,6965,6874,6966
6874: 6966,6780,6873,6781,6875,6967
6875: 6876,6967,6968,6782,6781,6874
6876: 6875,6968,6782,6877,6969
6877: 6969,6970,6876
9729: 
6879: 6972,6971,6880
6880: 6973,6787,6972,6879
6881: 
6882: 6883,6975,6974,6789,6788
6883: 6882,6975,6789,6790,6884,6976
6884: 6885,6976,6977,6790,6791,6883
6885: 6884,6977,6791,6792,6886,6978
6886: 6978,6979,6887,6792,6793,6885
6887: 6886,6979,6793,6794,6980,6888
6888: 6980,6794,6887,6981
6889: 6890,6982,6981,6796
6890: 6889,6982,6796,6891,6797,6983
6891: 6892,6797,6798,6890,6984
6892: 6891,6798,6893,6799,6984,6985
6893: 6894,6799,6800,6892,6986,6985
6894: 6893,6800,6895,6801,6986
6895: 6801,6802,6896,6894,6988
6896: 6895,6802,6897,6803,6988,6989
6897: 6804,6803,6896,6898,6990,6989
6898: 6805,6899,6897,6804,6990,6991
6899: 6898,6806,6805,6991,9309
6900: 6992,6808,6807
9986: 
6902: 6993,6809,6810,6994
9883: 
6904: 6995,6811,6905,6996,6812
6905: 6813,6906,6997,6996,6812,6904
6906: 6813,6905,6997,6998,6907,6814
6907: 6999,6998,6908,6814,6815,6906
6908: 6999,6907,6815,6816,6909,7000
6909: 6816,7001,7000,6817,6908,6910
6910: 7002,6911,6818,7001,6909,6817
6911: 7002,7003,6910,6818,6819,6912
6912: 6819,6820,7003,6911
10018: 9755
6914: 6915,6821,6822
6915: 6914,6822,6823,6916
6916: 6917,7007,6824,6823,6915
6917: 7008,6916,6824,6918
6918: 7009,6826,6917
6919: 6827,6920,7010,7011
6920: 6827,6919,6921,6828,7011,7012
6921: 6829,6922,6828,6920,7013,7012
6922: 6829,6921,6923,7014,7013
6923: 6831,6924,7014,7015,6922
6924: 6831,6923,7015,6832,6925,7016
6925: 6832,6833,7016,6924,6926,7017
6926: 6834,6927,6833,6925,7017,7018
6927: 6834,6926,7019,7018
9859: 9731
6929: 6836,6837,6930,7021,7020
6930: 7022,6838,6931,7021,6837,6929
6931: 7022,6838,6930,6839,6932,7023
6932: 6839,7024,6933,7023,6840,6931
6933: 7024,6932,6840,6841,6934,7025
6934: 6841,7026,7025,6842,6933,6935
6935: 6843,7027,7026,6934,6842
9751: 9721
6937: 6845,6938,7029,6844,7028
6938: 6845,6937,7029,7030,6846,6939
6939: 6846,7031,6940,6847,6938,7030
6940: 7031,6939,6847,6848,6941,7032
6941: 7032,7033,6848,6940
10042: 9839
9849: 
6944: 6852,6945,6851,7035,7036
6945: 6852,6944,6946,6853,7036,7037
6946: 6854,6947,7038,6853,6945,7037
6947: 6854,6946,7038,6855,7039,6948
6948: 6855,7039,6949,6856,6947,7040
6949: 6948,6856,6857,6950,7041,7040
6950: 6857,6858,7041,6949,7042
9724: 9696
6952: 6860,6953,7044,7043
6953: 6861,6954,6952,6860,7044,7045
6954: 6861,6953,6862,6955,7045
6955: 6863,6954,6862
6956: 6863,6957,7048
6957: 6865,7048,7049,6956,6958
6958: 6866,6959,7050,6865,6957,7049
6959: 6866,6867,7051,7050,6958,6960
6960: 6961,7052,6867,7051,6959
6961: 7053,6960,7052,6869,6962
6962: 6870,6963,7054,7053,6961,6869
6963: 6870,6962,7054,6964,7055,6871
6964: 7056,6872,6965,7055,6871,6963
6965: 7056,6872,6964,6873,6966,7057
6966: 7058,6874,7057,6873,6965,6967
6967: 6875,6968,7058,6874,6966,7059
6968: 6875,6876,6967,6969,7060,7059
6969: 6877,6970,6876,6968,7060,7061
6970: 6877,6969,6971,7061,7062
6971: 6972,6879,6970,7063,7062
6972: 6879,6971,6880,6973,7063,7064
6973: 6880,7065,6972,6974,7064
6974: 6882,6975,7066,6973,7065
6975: 6882,6883,7066,7067,6974,6976
6976: 6884,6977,7068,6883,6975,7067
6977: 6884,6885,6976,7068,7069,6978
6978: 6886,6979,6885,6977,7069,7070
6979: 6886,6978,6887,6980,7071,7070
6980: 6888,6979,6887,7071,7072
6981: 6889,6982,7073,6888
6982: 6889,6890,7073,6981,6983,7074
6983: 6984,6890,6982,7074,7075
6984: 6983,6892,6891,6985
6985: 6986,7077,6892,6893,6984
6986: 7077,6985,6893,6894,6987,7078
6987: 6988,6986,7078,7079
6988: 6987,7080,6895,6896,6989
6989: 6990,7081,6896,6897,6988,7080
6990: 7081,6989,7082,6897,6898,6991
6991: 9601,6898,6899,6990,7082
6992: 6900,6993,7083
6993: 6902,6992,6994,7083,7084
6994: 6995,6902,6993,7084,7085
6995: 6904,6994,6996,7085,7086
6996: 6905,6997,6904,6995,7086,7087
6997: 6905,6906,6996,6998,7087,7088
6998: 6999,6907,6906,6997,7088,7089
6999: 6998,6907,6908,7000,7089,7090
7000: 7001,6909,6999,6908,7090,7091
7001: 6909,7000,7002,6910,7091,7092
7002: 7003,6910,6911,7001,7092,7093
7003: 7002,6911,6912,7093,7004
7004: 7094,7095,7005,7003
7005: 7095,7004,7096
10040: 
7007: 7008,6916,7098
7008: 6917,7007,7009,7098,7099
7009: 6918,7010,7008,7099,7100
7010: 7009,6919,7100,7101,7011
7011: 7101,7102,7010,6920,6919,7012
7012: 7103,7013,6920,6921,7102,7011
7013: 7103,7104,7012,6921,6922,7014
7014: 6923,7015,6922,7104,7013,7105
7015: 6923,6924,7014,7016,7105,7106
7016: 6925,6924,7015,7106,7107,7017
7017: 7107,6925,7016,6926,7108,7018
7018: 7108,7109,7019,6927,6926,7017
7019: 7109,7018,6927,7110,7020
7020: 7110,7111,6929,7021,7019
7021: 7022,6930,6929,7111,7020,7112
7022: 6930,6931,7021,7023,7112,7113
7023: 7024,6932,7022,6931,7113,7114
7024: 6932,6933,7023,7025,7114,7115
7025: 7026,6934,7024,6933,7115,7116
7026: 6934,7025,6935,7027,7116,7117
7027: 7028,6935,7026,7117,7118
7028: 7027,6937,7029,7118,7119
7029: 6937,6938,7030,7028,7119,7120
7030: 6938,7029,7031,6939,7120,7121
7031: 6939,6940,7030,7032,7121,7122
7032: 6941,7033,7031,6940,7122,7123
7033: 6941,7032,7123
7034: 7124,7125,7035
7035: 7125,7034,6944,7126,7036
7036: 7126,7127,6945,6944,7035,7037
7037: 7128,6945,6946,7038,7127,7036
7038: 6946,6947,7039,7128,7129,7037
7039: 6948,6947,7038,7129,7130,7040
7040: 7130,7131,7039,6948,6949,7041
7041: 6950,6949,7131,7040,7132,7042
7042: 7132,6950,7041,7133,7043
7043: 7133,7134,7044,6952,7042
7044: 7134,7043,6952,6953,7135,7045
7045: 7135,7136,6953,6954,7044
9777: 
7047: 
7048: 6957,7049,6956,7139
7049: 6957,7048,7050,6958,7139
7050: 7051,6959,6958,7049,7141
7051: 6959,7050,6960,7052,7141,7142
7052: 7053,6960,6961,7051,7142,7143
7053: 6961,7052,6962,7054,7143
7054: 6962,6963,7053,7055,7145
7055: 7056,6964,6963,7054,7145,7146
7056: 6964,6965,7055,7057,7146
7057: 7058,6966,7056,6965,7147,7148
7058: 6966,7057,6967,7148,7149,7059
7059: 7149,7150,7060,7058,6967,6968
7060: 7150,7059,6968,6969,7151,7061
7061: 7151,7152,6969,6970,7060,7062
7062: 7153,7063,6970,6971,7152,7061
7063: 7153,7154,7062,6972,6971,7064
7064: 7155,6972,6973,7065,7154,7063
7065: 6973,7066,6974,7155,7156,7064
7066: 6975,7067,6974,7065,7156,7157
7067: 6975,7066,6976,7068,7157,7158
7068: 6976,6977,7069,7067,7158,7159
7069: 6977,7068,6978,7159,7160,7070
7070: 7160,7161,7071,7069,6978,6979
7071: 7161,7070,6979,6980,7162,7072
7072: 7162,7163,6980,7071
7073: 6982,6981,7163,7164,7074
7074: 7164,6982,7073,6983,7165,7075
7075: 7165,7166,6983,7074
9951: 
7077: 6986,6985,7168,7078
7078: 7168,6986,7077,6987,7169,7079
7079: 7169,7170,6987,7080,7078
7080: 6988,7081,6989,7079
7081: 6990,6989,7082,7080,7172
7082: 6990,7081,6991,7172,9511
7083: 7084,7173,6992,6993
7084: 7083,7173,6993,6994,7085,7174
7085: 7086,7175,7174,6995,6994,7084
7086: 7085,7175,6995,6996,7087,7176
7087: 7088,7177,7176,6997,6996,7086
7088: 7087,7177,6997,6998,7089,7178
7089: 7090,7178,7179,6999,6998,7088
7090: 7089,7179,6999,7000,7091,7180
7091: 7180,7181,7001,7000,7090,7092
7092: 7093,7001,7002,7091,7181
7093: 7092,7002,7003,7094
7094: 7095,7004,7093,7183,7184
7095: 7094,7005,7004,7096,7185,7184
7096: 7186,7095,7005,7185
7097: 7186,7098,7187
7098: 7188,7099,7008,7007,7097,7187
7099: 7098,7188,7008,7009,7100,7189
7100: 7190,7189,7009,7010,7099
7101: 7102,7191,7011,7010,7190
7102: 7101,7191,7011,7103,7192,7012
7103: 7104,7193,7013,7192,7012,7102
7104: 7103,7193,7013,7014,7105,7194
7105: 7106,7195,7014,7015,7104,7194
7106: 7105,7195,7015,7016,7107,7196
7107: 7196,7197,7017,7016,7106,7108
7108: 7109,7198,7018,7107,7197,7017
7109: 7108,7198,7199,7019,7018,7110
7110: 7111,7200,7020,7109,7199,7019
7111: 7110,7200,7020,7021,7112,7201
7112: 7113,7202,7022,7021,7111,7201
7113: 7112,7202,7022,7023,7114,7203
7114: 7203,7115,7024,7023,7113
7115: 7114,7024,7025,7116,7205
7116: 7205,7206,7026,7025,7115,7117
7117: 7118,7207,7026,7027,7116,7206
7118: 7117,7207,7208,7028,7027,7119
7119: 7120,7209,7028,7029,7118,7208
7120: 7119,7209,7210,7029,7030,7121
7121: 7122,7211,7030,7031,7120,7210
7122: 7121,7211,7031,7032,7123,7212
7123: 7212,7032,7033,7122
7124: 7125,7214,7034
7125: 7124,7214,7215,7035,7034,7126
7126: 7127,7216,7036,7125,7215,7035
7127: 7126,7216,7036,7128,7217,7037
7128: 7129,7218,7217,7037,7038,7127
7129: 7128,7218,7038,7039,7130,7219
7130: 7131,7219,7220,7040,7039,7129
7131: 7130,7220,7040,7041,7132,7221
7132: 7221,7222,7042,7041,7131,7133
7133: 7134,7223,7043,7132,7222,7042
7134: 7133,7223,7224,7044,7043,7135
7135: 7136,7045,7134,7224,7044,7225
7136: 7135,7045,7226,7225
9902: 9903
9811: 9673
7139: 7228,7048,7049
9834: 9693
7141: 7051,7050,7142,7231
7142: 7143,7051,7052,7141,7231,7232
7143: 7142,7233,7053,7052,7232
9803: 
7145: 7234,7054,7055,7146
7146: 7147,7056,7055,7145
7147: 7146,7057,7148,7237,7236
7148: 7237,7238,7058,7057,7147,7149
7149: 7150,7239,7059,7058,7148,7238
7150: 7149,7239,7240,7060,7059,7151
7151: 7152,7241,7061,7150,7240,7060
7152: 7151,7241,7061,7153,7242,7062
7153: 7154,7242,7243,7063,7062,7152
7154: 7153,7243,7063,7155,7244,7064
7155: 7156,7244,7245,7064,7065,7154
7156: 7155,7245,7065,7066,7157,7246
7157: 7246,7247,7066,7067,7156,7158
7158: 7159,7248,7067,7068,7157,7247
7159: 7158,7248,7249,7068,7069,7160
7160: 7161,7250,7070,7069,7159,7249
7161: 7160,7250,7071,7070,7162,7251
7162: 7163,7251,7252,7072,7161,7071
7163: 7162,7252,7072,7073,7164
7164: 7074,7254,7073,7163,7165
7165: 7166,7075,7164,7074,7254
7166: 7165,7256,7075,7167
7167: 7168,7257,7166,7256
7168: 7167,7257,7258,7078,7077,7169
7169: 7170,7259,7079,7168,7258,7078
7170: 7169,7259,7079,7260
9704: 
7172: 7081,7082,9511
7173: 7083,7084,7174,7262
7174: 7085,7175,7084,7173,7262,7263
7175: 7085,7086,7174,7176,7263,7264
7176: 7087,7177,7086,7175,7264,7265
7177: 7087,7088,7176,7178,7265,7266
7178: 7089,7179,7088,7177,7266,7267
7179: 7089,7090,7178,7180,7267,7268
7180: 7091,7181,7090,7179,7268,7269
7181: 7091,7180,7092,7269,7182
7182: 7270,7271,7183,7181
7183: 7271,7182,7094,7272,7184
7184: 7272,7273,7185,7094,7095,7183
7185: 7273,7184,7095,7096,7186,7274
7186: 7096,7097,7185,7274,7275
7187: 7276,7097,7098,7188,7275
7188: 7098,7099,7189,7276,7187,7277
7189: 7190,7100,7188,7099,7277,7278
7190: 7100,7189,7101,7278,7279
7191: 7101,7102,7192,7279,7280
7192: 7103,7193,7102,7191,7280,7281
7193: 7103,7104,7192,7281,7282,7194
7194: 7283,7104,7193,7105,7195,7282
7195: 7105,7106,7196,7283,7284,7194
7196: 7107,7197,7106,7195,7284,7285
7197: 7107,7196,7108,7198,7285,7286
7198: 7108,7109,7199,7197,7286,7287
7199: 7109,7198,7110,7200,7287,7288
7200: 7110,7111,7199,7288,7289,7201
7201: 7289,7111,7200,7112,7202,7290
7202: 7112,7113,7203,7201,7291
7203: 7114,7113,7202,7291,7292
7204: 
7205: 7116,7206,7115,7294,7293
7206: 7116,7205,7117,7207,7294,7295
7207: 7117,7118,7208,7206,7295,7296
7208: 7118,7207,7119,7209,7296,7297
7209: 7119,7120,7210,7208,7297
7210: 7120,7209,7121,7211,7298
7211: 7121,7122,7210,7212,7299
7212: 7123,7122,7211,7300
10037: 9781
7214: 7124,7125,7215
7215: 7125,7214,7126,7216,7304
7216: 7126,7127,7215,7217,7304,7305
7217: 7128,7218,7127,7216,7305,7306
7218: 7128,7129,7217,7219,7306,7307
7219: 7130,7220,7129,7218,7307,7308
7220: 7130,7131,7219,7221,7308,7309
7221: 7132,7222,7131,7220,7309,7310
7222: 7132,7221,7133,7223,7310,7311
7223: 7133,7134,7224,7222,7311,7312
7224: 7134,7223,7135,7312,7313,7225
7225: 7313,7314,7226,7224,7135,7136
7226: 7314,7225,7136,7315
9809: 9923
7228: 7139,7316,7317
9741: 
7230: 
7231: 7319,7141,7142,7232
7232: 7321,7142,7143,7233,7231
7233: 7143,7234,7321,7232,7322
7234: 7145,7233,7322,7323
9890: 10028,9897
7236: 7324,7147,7237,7325
7237: 7148,7238,7147,7236,7326,7325
7238: 7148,7237,7149,7239,7326,7327
7239: 7149,7150,7240,7238,7327,7328
7240: 7150,7239,7151,7241,7328,7329
7241: 7151,7152,7240,7242,7329,7330
7242: 7153,7243,7152,7241,7330,7331
7243: 7153,7154,7242,7244,7331,7332
7244: 7155,7245,7154,7243,7332,7333
7245: 7155,7156,7244,7246,7333,7334
7246: 7157,7247,7156,7245,7334,7335
7247: 7157,7246,7158,7248,7335,7336
7248: 7158,7159,7249,7247,7336,7337
7249: 7159,7248,7160,7250,7337,7338
7250: 7160,7161,7249,7251,7338,7339
7251: 7162,7252,7161,7250,7339,7340
7252: 7162,7163,7251,7340,7341
9933: 
7254: 7164,7165,7342,7343
7255: 
7256: 7166,7167,7257,7344,7345
7257: 7167,7168,7258,7256,7345,7346
7258: 7168,7257,7169,7259,7346,7347
7259: 7169,7170,7260,7258,7347,7348
7260: 7170,7259,7348,7349
9820: 
7262: 7173,7174,7263,7350
7263: 7264,7351,7350,7175,7174,7262
7264: 7263,7351,7175,7176,7265,7352
7265: 7266,7353,7352,7177,7176,7264
7266: 7265,7353,7177,7178,7267,7354
7267: 7268,7354,7355,7178,7179,7266
7268: 7267,7355,7179,7180,7269,7356
7269: 7356,7180,7181,7268,7270
7270: 7271,7358,7182,7269,7357
7271: 7270,7358,7359,7183,7182,7272
7272: 7273,7360,7184,7271,7359,7183
7273: 7272,7360,7185,7184,7361,7274
7274: 7275,7362,7186,7273,7185,7361
7275: 7274,7362,7186,7363,7187
7276: 7363,7364,7187,7277,7188
7277: 7276,7364,7188,7189,7278,7365
7278: 7366,7365,7190,7189,7277,7279
7279: 7280,7367,7190,7191,7366,7278
7280: 7279,7367,7368,7191,7192,7281
7281: 7282,7369,7193,7192,7280,7368
7282: 7281,7369,7193,7283,7370,7194
7283: 7284,7370,7371,7194,7195,7282
7284: 7283,7371,7195,7196,7285,7372
7285: 7372,7373,7286,7196,7197,7284
7286: 7285,7373,7197,7198,7287,7374
7287: 7375,7374,7198,7199,7286,7288
7288: 7289,7376,7199,7200,7375,7287
7289: 7288,7376,7377,7201,7200,7290
7290: 7291,7378,7289,7377,7201
7291: 7290,7202,7203
7292: 7203,7293
7293: 7294,7205,7292,7380
7294: 7381,7293,7205,7206,7295
7295: 7296,7206,7207,7294
7296: 7295,7383,7384,7207,7208,7297
7297: 7385,7208,7209,7296,7384
7298: 7385,7210,7299,7386
7299: 7300,7386,7387,7211,7298
7300: 7299,7387,7212,7301,7388
7301: 7388,7300,7302,7389
7302: 7301,7389,7390
9839: 10042
7304: 7305,7392,7215,7216,7391
7305: 7304,7392,7216,7217,7306,7393
7306: 7307,7394,7393,7218,7217,7305
7307: 7306,7394,7218,7219,7308,7395
7308: 7309,7395,7396,7219,7220,7307
7309: 7308,7396,7220,7221,7310,7397
7310: 7397,7398,7221,7222,7309,7311
7311: 7312,7399,7222,7223,7310,7398
7312: 7311,7399,7400,7223,7224,7313
7313: 7314,7401,7225,7224,7312,7400
7314: 7313,7401,7402,7226,7225,7315
7315: 7316,7403,7314,7402,7226
7316: 7315,7228
7317: 7228,7318,7405
7318: 7319,7406,7317,7405
7319: 7407,7406,7318,7231
7320: 
7321: 7408,7409,7232,7233,7322
7322: 7323,7233,7234,7321,7409
7323: 7322,7234
7324: 7412,7411,7236,7325
7325: 7326,7413,7237,7324,7412,7236
7326: 7413,7414,7325,7237,7238,7327
7327: 7328,7415,7238,7239,7326,7414
7328: 7327,7415,7416,7239,7240,7329
7329: 7330,7417,7240,7241,7328,7416
7330: 7329,7417,7418,7241,7242,7331
7331: 7332,7419,7242,7243,7330,7418
7332: 7331,7419,7243,7244,7333
7333: 7334,7421,7244,7245,7332
7334: 7333,7421,7245,7246,7335,7422
7335: 7422,7423,7246,7247,7334,7336
7336: 7337,7424,7247,7248,7335,7423
7337: 7336,7424,7425,7248,7249,7338
7338: 7339,7426,7249,7250,7337,7425
7339: 7338,7426,7250,7251,7340,7427
7340: 7341,7427,7428,7251,7252,7339
7341: 7340,7428,7252,7429
7342: 7429,7430,7254,7343
7343: 7344,7431,7254,7342,7430
7344: 7343,7431,7432,7256,7345
7345: 7346,7433,7256,7257,7344,7432
7346: 7345,7433,7434,7257,7258,7347
7347: 7348,7435,7258,7259,7346,7434
7348: 7347,7435,7436,7259,7260,7349
7349: 7437,7260,7348,7436
7350: 7263,7351,7262,7438
7351: 7263,7264,7350,7352,7438,7439
7352: 7265,7353,7264,7351,7439,7440
7353: 7265,7266,7352,7354,7440,7441
7354: 7267,7355,7266,7353,7441,7442
7355: 7267,7268,7354,7356,7442,7443
7356: 7269,7268,7355,7443,7357
7357: 7444,7356,7270,7358,7445
7358: 7270,7271,7359,7357,7445,7446
7359: 7271,7358,7272,7360,7446,7447
7360: 7272,7273,7361,7359,7447,7448
7361: 7273,7360,7274,7362,7448,7449
7362: 7274,7275,7361,7363,7449,7450
7363: 7276,7275,7362,7450
7364: 7276,7277,7365,7451,7452
7365: 7366,7278,7364,7277,7452,7453
7366: 7278,7365,7279,7367,7453,7454
7367: 7279,7280,7368,7366,7454,7455
7368: 7280,7367,7281,7369,7455,7456
7369: 7281,7282,7368,7370,7456,7457
7370: 7283,7371,7282,7369,7457,7458
7371: 7283,7284,7370,7372,7458,7459
7372: 7285,7373,7284,7371,7459,7460
7373: 7285,7372,7286,7374,7460,7461
7374: 7375,7287,7373,7286,7461,7462
7375: 7287,7374,7288,7376,7462
7376: 7288,7289,7377,7375,7463,7464
7377: 7289,7376,7290,7378,7464,7465
7378: 7290,7377,7465,7466
9959: 
7380: 7467,7468,7381,7293
7381: 7294,7468,7380,7469
9888: 
7383: 7296,7384,7470,7471
7384: 7296,7383,7297,7385,7472
7385: 7297,7298,7384,7386
7386: 7299,7387,7298,7385,7474
7387: 7299,7300,7386,7388,7474,7475
7388: 7301,7300,7387,7475,7476,7389
7389: 7476,7301,7388,7302,7390
7390: 7478,7302,7391,7389
7391: 7304,7392,7390,7479
7392: 7304,7305,7391,7393,7479,7480
7393: 7306,7394,7305,7392,7480,7481
7394: 7306,7307,7393,7395,7481,7482
7395: 7308,7396,7307,7394,7482,7483
7396: 7308,7309,7395,7397,7483,7484
7397: 7310,7398,7309,7396,7484,7485
7398: 7310,7397,7311,7399,7485,7486
7399: 7311,7312,7400,7398,7486,7487
7400: 7312,7399,7313,7401,7487,7488
7401: 7313,7314,7402,7400,7488
7402: 7314,7401,7315,7403,7490
7403: 7315,7402,7490,7491
9956: 9674,9830
7405: 7492,7317,7406,7318,7493
7406: 7407,7319,7318,7405,7494,7493
7407: 7319,7406,7408,7494,7495
7408: 7321,7409,7407,7495
7409: 7321,7408,7322,7496,7497
10025: 
7411: 7324,7412,7499
7412: 7324,7411,7413,7325,7500
7413: 7326,7414,7325,7412,7501
7414: 7326,7413,7327,7415,7502
7415: 7327,7328,7416,7414,7502,7503
7416: 7328,7415,7329,7417,7503,7504
7417: 7329,7330,7418,7416,7504,7505
7418: 7330,7417,7331,7419,7505,7506
7419: 7331,7332,7418,7506,7507
7420: 
7421: 7333,7334,7422,7508,7509
7422: 7335,7423,7334,7421,7509,7510
7423: 7335,7422,7336,7424,7510,7511
7424: 7336,7337,7425,7423,7511,7512
7425: 7337,7424,7338,7426,7512
7426: 7338,7339,7425,7427,7514
7427: 7340,7428,7339,7426,7514,7515
7428: 7340,7341,7427,7429,7515,7516
7429: 7342,7430,7341,7428,7516,7517
7430: 7342,7429,7343,7431,7517,7518
7431: 7343,7344,7432,7430,7518,7519
7432: 7344,7431,7345,7433,7519,7520
7433: 7345,7346,7434,7432,7520,7521
7434: 7346,7433,7347,7435,7521,7522
7435: 7347,7348,7436,7434,7522,7523
7436: 7348,7435,7349,7437,7523,7524
7437: 7349,7436,7524
7438: 7439,7525,7351,7350
7439: 7438,7525,7351,7352,7440,7526
7440: 7441,7527,7526,7353,7352,7439
7441: 7440,7527,7353,7354,7442,7528
7442: 7443,7528,7354,7355,7441
7443: 7442,7355,7356,7444
7444: 7530,7531,7357,7443,7445
7445: 7446,7532,7358,7444,7531,7357
7446: 7445,7532,7533,7358,7359,7447
7447: 7448,7534,7359,7360,7446,7533
7448: 7447,7534,7360,7361,7449,7535
7449: 7450,7535,7536,7361,7362,7448
7450: 7449,7536,7362,7363
7451: 7538,7364,7452
7452: 7453,7539,7364,7365,7451,7538
7453: 7452,7539,7540,7366,7365,7454
7454: 7455,7541,7366,7367,7453,7540
7455: 7454,7541,7542,7367,7368,7456
7456: 7457,7543,7368,7369,7455,7542
7457: 7456,7543,7369,7370,7458,7544
7458: 7459,7544,7545,7370,7371,7457
7459: 7458,7545,7371,7372,7460,7546
7460: 7546,7372,7373,7459
7461: 7462,7548,7373,7374
7462: 7461,7548,7549,7375,7374,7463
7463: 7464,7550,7376,7462,7549
7464: 7463,7550,7376,7377,7465,7551
7465: 7466,7552,7551,7377,7378,7464
7466: 7465,7552,7378,7467,7553
7467: 7468,7553,7554,7380,7466
7468: 7467,7554,7380,7381,7469,7555
7469: 7555,7556,7381,7468,7470
7470: 7471,7557,7383,7469,7556
7471: 7470,7557,7558,7383,7472
7472: 7559,7384,7471,7558
9896: 
7474: 7475,7560,7561,7386,7387
7475: 7474,7561,7387,7388,7476,7562
7476: 7562,7563,7389,7388,7475
9770: 10004
7478: 7390,7564,7479,7565
7479: 7391,7392,7478
7480: 7392,7393,7481,7567
7481: 7482,7568,7567,7394,7393,7480
7482: 7481,7568,7394,7395,7483,7569
7483: 7484,7569,7570,7395,7396,7482
7484: 7483,7570,7396,7397,7485,7571
7485: 7571,7572,7397,7398,7484,7486
7486: 7487,7573,7398,7399,7485,7572
7487: 7486,7573,7574,7399,7400,7488
7488: 7575,7400,7401,7487,7574
7489: 
7490: 7491,7577,7402,7403,7576
7491: 7490,7577,7403,7578
7492: 7578,7579,7405,7493
7493: 7494,7580,7406,7492,7579,7405
7494: 7581,7580,7493,7407,7406,7495
7495: 7582,7407,7408,7581,7494
7496: 7409
7497: 7498,7584,7409,7583
7498: 7497,7584,7499,7585
7499: 7500,7586,7411,7498,7585
7500: 7499,7586,7412,7501,7587
7501: 7587,7413,7500
7502: 7503,7589,7414,7415
7503: 7502,7589,7590,7415,7416,7504
7504: 7505,7591,7416,7417,7503,7590
7505: 7504,7591,7592,7417,7418,7506
7506: 7507,7593,7418,7419,7505,7592
7507: 7506,7419,7508,7594
7508: 7509,7421,7507
7509: 7508,7421,7422,7510
7510: 7422,7423,7509,7511
7511: 7512,7598,7423,7424,7510
7512: 7511,7598,7599,7424,7425
7513: 
7514: 7600,7426,7427,7515,7601
7515: 7516,7601,7602,7427,7428,7514
7516: 7515,7602,7428,7429,7517,7603
7517: 7603,7604,7429,7430,7516,7518
7518: 7519,7605,7430,7431,7517,7604
7519: 7518,7605,7606,7431,7432,7520
7520: 7521,7607,7432,7433,7519,7606
7521: 7520,7607,7608,7433,7434,7522
7522: 7523,7609,7434,7435,7521,7608
7523: 7522,7609,7435,7436,7524
7524: 7436,7437,7523
7525: 7438,7439,7526,7610
7526: 7440,7527,7439,7525,7610,7611
7527: 7440,7441,7526,7528,7611,7612
7528: 7442,7441,7527,7613,7612
9874: 9665
7530: 7444,7531,7615,7614
7531: 7444,7530,7445,7532,7615,7616
7532: 7445,7446,7533,7531,7616,7617
7533: 7446,7532,7447,7534,7617,7618
7534: 7447,7448,7533,7535,7618,7619
7535: 7449,7536,7448,7534,7619,7620
7536: 7449,7450,7535,7620,7621
9758: 
7538: 7451,7452,7539,7623
7539: 7452,7453,7540,7538,7623,7624
7540: 7453,7539,7454,7541,7624,7625
7541: 7454,7455,7542,7540,7625,7626
7542: 7455,7541,7456,7543,7626,7627
7543: 7456,7457,7542,7544,7627,7628
7544: 7458,7545,7457,7543,7628,7629
7545: 7458,7459,7544,7546,7629,7630
7546: 7460,7459,7545,7630,7631
9865: 
7548: 7461,7462,7549,7633
7549: 7462,7548,7463,7550,7633
7550: 7463,7464,7549,7551,7635
7551: 7465,7552,7464,7550,7635,7636
7552: 7465,7466,7551,7553,7636,7637
7553: 7467,7554,7466,7552,7637,7638
7554: 7467,7468,7553,7555,7638,7639
7555: 7469,7556,7468,7554,7639,7640
7556: 7469,7555,7470,7557,7640,7641
7557: 7470,7471,7558,7556,7641,7642
7558: 7471,7557,7472,7559,7642,7643
7559: 7472,7558,7643,7644
7560: 7474,7561
7561: 7474,7475,7560,7562
7562: 7476,7563,7475,7561,7646,7647
7563: 7476,7562,7564,7647,7648
7564: 7478,7563,7648,7649,7565
7565: 7649,7478,7564,7650
10035: 9901
7567: 7481,7568,7480,7652
7568: 7481,7482,7567,7569,7652,7653
7569: 7483,7570,7482,7568,7653,7654
7570: 7483,7484,7569,7571,7654,7655
7571: 7485,7572,7484,7570,7655,7656
7572: 7485,7571,7486,7573,7656,7657
7573: 7486,7487,7574,7572,7657,7658
7574: 7487,7573,7488,7575,7658,7659
7575: 7488,7576,7574,7659,7660
7576: 7575,7490,7577,7660,7661
7577: 7490,7491,7576,7578,7661,7662
7578: 7492,7491,7577,7662,7663
7579: 7492,7580,7493,7663,7664
7580: 7581,7494,7493,7579,7664,7665
7581: 7494,7580,7495,7582,7665,7666
7582: 7495,7583,7581,7666,7667
7583: 7582,7497,7584,7667,7668
7584: 7497,7498,7583,7668,7669,7585
7585: 7670,7498,7584,7499,7586,7669
7586: 7499,7500,7587,7670,7671,7585
7587: 7501,7500,7586,7671,7672
7588: 
7589: 7502,7503,7590,7673,7674
7590: 7503,7589,7504,7591,7674,7675
7591: 7504,7505,7592,7590,7675,7676
7592: 7505,7591,7506,7593,7676,7677
7593: 7506,7592,7594,7677,7678
7594: 7507,7593,7678,7679
9771: 10041,9990
7596: 7680,7681
7597: 
7598: 7511,7512,7599,7682
7599: 7512,7598,7600,7684
7600: 7514,7599,7601,7684,7685
7601: 7515,7602,7514,7600,7685,7686
7602: 7515,7516,7601,7603,7686,7687
7603: 7517,7604,7516,7602,7687,7688
7604: 7517,7603,7518,7605
7605: 7518,7519,7606,7604,7690
7606: 7519,7605,7520,7607,7690,7691
7607: 7520,7521,7608,7606,7691,7692
7608: 7521,7607,7522,7609,7692,7693
7609: 7522,7523,7608,7693
7610: 7525,7526,7611,7694
7611: 7694,7695,7527,7526,7610,7612
7612: 7613,7696,7527,7528,7611,7695
7613: 7697,7696,7612,7528,7614
7614: 7615,7698,7530,7613,7697
7615: 7698,7699,7614,7530,7531,7616
7616: 7617,7700,7531,7532,7615,7699
7617: 7616,7700,7701,7532,7533,7618
7618: 7619,7702,7533,7534,7617,7701
7619: 7618,7702,7534,7535,7620,7703
7620: 7621,7704,7703,7535,7536,7619
7621: 7620,7704,7536,7705
9810: 10010
7623: 7624,7707,7538,7539,7706
7624: 7623,7707,7708,7539,7540,7625
7625: 7626,7709,7540,7541,7624,7708
7626: 7625,7709,7710,7541,7542,7627
7627: 7628,7711,7542,7543,7626,7710
7628: 7627,7711,7543,7544,7629,7712
7629: 7630,7712,7713,7544,7545,7628
7630: 7629,7713,7545,7546,7631
7631: 7715,7546,7630
7632: 7633,7716,7715
7633: 7632,7716,7717,7548,7549
7634: 
7635: 7550,7551,7636,7719
7636: 7637,7719,7720,7552,7551,7635
7637: 7636,7720,7552,7553,7638,7721
7638: 7722,7721,7639,7553,7554,7637
7639: 7638,7722,7554,7555,7640,7723
7640: 7723,7724,7555,7556,7639,7641
7641: 7642,7556,7557,7640,7724
7642: 7641,7726,7557,7558,7643
7643: 7644,7558,7559,7642,7726
7644: 7643,7727,7559
9966: 
7646: 7729,7562,7647,7730
7647: 7730,7731,7562,7563,7646,7648
7648: 7649,7732,7563,7564,7647,7731
7649: 7648,7732,7733,7565,7564,7650
7650: 7649,7733,7565
7651: 7652,7735
7652: 7653,7736,7568,7567,7651
7653: 7652,7736,7568,7569,7654,7737
7654: 7655,7737,7738,7569,7570,7653
7655: 7654,7738,7570,7571,7656,7739
7656: 7739,7740,7571,7572,7655,7657
7657: 7658,7741,7572,7573,7656,7740
7658: 7657,7741,7742,7573,7574,7659
7659: 7660,7743,7574,7575,7658,7742
7660: 7659,7743,7744,7575,7576,7661
7661: 7662,7745,7576,7577,7660,7744
7662: 7661,7745,7577,7578,7663,7746
7663: 7746,7578,7579,7662
7664: 7665,7748,7579,7580
7665: 7664,7748,7581,7580,7666
7666: 7667,7750,7581,7582,7665
7667: 7666,7750,7751,7582,7583,7668
7668: 7669,7752,7583,7584,7667,7751
7669: 7668,7752,7584,7670,7753,7585
7670: 7671,7753,7754,7585,7586,7669
7671: 7670,7754,7586,7587,7672,7755
7672: 7755,7756,7587,7671,7673
7673: 7674,7589,7672
7674: 7673,7758,7589,7590,7675
7675: 7676,7759,7590,7591,7674,7758
7676: 7675,7759,7760,7591,7592,7677
7677: 7678,7761,7592,7593,7676,7760
7678: 7677,7761,7593,7594,7679,7762
7679: 7680,7762,7763,7594,7678
7680: 7679,7763,7596,7681,7764
7681: 7764,7765,7596,7680,7682
7682: 7598,7681
9760: 
7684: 7685,7768,7767,7599,7600
7685: 7684,7768,7600,7601,7686,7769
7686: 7687,7769,7770,7601,7602,7685
7687: 7686,7770,7602,7603,7688,7771
7688: 7771,7772,7603,7687
10009: 
7690: 7774,7605,7606,7691
7691: 7692,7775,7606,7607,7690
7692: 7691,7775,7776,7607,7608,7693
7693: 7608,7609,7692,7776
7694: 7611,7695,7610,7777
7695: 7611,7694,7696,7612,7777,7778
7696: 7613,7697,7612,7695,7778,7779
7697: 7613,7696,7698,7614,7779,7780
7698: 7615,7699,7614,7697,7781,7780
7699: 7615,7698,7616,7700,7781,7782
7700: 7616,7617,7701,7699,7782,7783
7701: 7617,7700,7618,7702,7783,7784
7702: 7618,7619,7701,7703,7784,7785
7703: 7620,7704,7619,7702,7785,7786
7704: 7620,7621,7703,7705,7786,7787
7705: 7621,7704,7787,7788
7706: 7623,7707,7788,7789
7707: 7623,7624,7708,7706,7790,7789
7708: 7624,7707,7625,7709,7790,7791
7709: 7625,7626,7710,7708,7791,7792
7710: 7626,7709,7627,7711,7792,7793
7711: 7627,7628,7710,7712,7793,7794
7712: 7629,7713,7628,7711,7794,7795
7713: 7629,7630,7712,7795,7796
7714: 
7715: 7631,7632,7716,7797,7798
7716: 7632,7633,7717,7715,7798,7799
7717: 7633,7716,7799,7800
9748: 
7719: 7636,7720,7635,7801,7802
7720: 7636,7637,7719,7721,7802,7803
7721: 7638,7722,7637,7720,7803,7804
7722: 7638,7721,7639,7723,7804,7805
7723: 7640,7724,7722,7639,7806,7805
7724: 7640,7723,7641,7806,7807
9773: 
7726: 7642,7643,7727,7809
7727: 7644,7726,7809,7810,7728
7728: 7811,7727,7729,7810
7729: 7646,7730,7811,7812,7728
7730: 7647,7731,7729,7646,7812,7813
7731: 7647,7730,7648,7732,7813,7814
7732: 7648,7649,7733,7731,7814
7733: 7649,7732,7650,7816
9828: 9739
7735: 7736,7651,7817,7818
7736: 7652,7653,7735,7737,7819
7737: 7654,7738,7653,7736,7819,7820
7738: 7654,7655,7737,7739,7820,7821
7739: 7656,7740,7655,7738,7821,7822
7740: 7656,7739,7657,7741,7822,7823
7741: 7657,7658,7742,7740,7823,7824
7742: 7658,7741,7659,7743,7824,7825
7743: 7659,7660,7744,7742,7825
7744: 7660,7743,7661,7745,7827
7745: 7661,7662,7744,7746,7827,7828
7746: 7663,7662,7745,7828,7829
9939: 9789
7748: 7664,7665,7830,7831
7749: 
7750: 7666,7667,7751,7832,7833
7751: 7667,7750,7668,7752,7833,7834
7752: 7668,7669,7751,7753,7834,7835
7753: 7670,7754,7669,7752,7835,7836
7754: 7670,7671,7753,7755,7836,7837
7755: 7672,7756,7671,7754,7837,7838
7756: 7672,7755,7757,7838,7839
7757: 7758,7756,7839,7840
7758: 7674,7757,7675,7759,7840,7841
7759: 7675,7676,7760,7758,7841,7842
7760: 7676,7759,7677,7761,7842,7843
7761: 7677,7678,7760,7762,7843,7844
7762: 7679,7763,7678,7761,7844,7845
7763: 7679,7680,7762,7764,7845
7764: 7681,7765,7680,7763,7846
7765: 7681,7764,7847
10033: 9659,9675
7767: 7684,7768,7849,7850
7768: 7684,7685,7767,7769,7850,7851
7769: 7686,7770,7685,7768,7851,7852
7770: 7686,7687,7769,7771,7852,7853
7771: 7688,7772,7687,7770,7853,7854
7772: 7688,7771,7773,7854,7855
7773: 7774,7772,7855,7856
7774: 7690,7773,7775,7856,7857
7775: 7691,7692,7776,7774,7857,7858
7776: 7692,7775,7693,7858
7777: 7778,7859,9310,7694,7695
7778: 7777,7859,7695,7696,7779
7779: 7861,7697,7696,7778,7780
7780: 7781,7697,7698,7779,7861
7781: 7780,7863,7698,7699,7782
7782: 7783,7864,7699,7700,7781,7863
7783: 7782,7864,7865,7700,7701,7784
7784: 7785,7866,7701,7702,7783,7865
7785: 7784,7866,7702,7703,7786,7867
7786: 7787,7867,7868,7704,7703,7785
7787: 7786,7868,7704,7705,7869
7788: 7869,7870,7706,7705,7789
7789: 7790,7871,7706,7707,7788,7870
7790: 7872,7871,7789,7707,7708,7791
7791: 7792,7873,7708,7709,7872,7790
7792: 7791,7873,7874,7709,7710,7793
7793: 7794,7875,7710,7711,7792,7874
7794: 7793,7875,7711,7712,7795,7876
7795: 7796,7876,7877,7712,7713,7794
7796: 7795,7877,7713,7797,7878
7797: 7878,7879,7798,7715,7796
7798: 7797,7879,7715,7716,7799,7880
7799: 7881,7880,7716,7717,7798,7800
7800: 7801,7882,7717,7881,7799
7801: 7800,7882,7719,7802,7883
7802: 7803,7883,7884,7719,7720,7801
7803: 7802,7884,7720,7721,7804,7885
7804: 7886,7885,7722,7721,7803,7805
7805: 7806,7887,7722,7723,7804,7886
7806: 7887,7888,7805,7723,7724,7807
7807: 7889,7724,7806,7888
7808: 
7809: 7810,7891,7726,7727,7890
7810: 7809,7891,7727,7811,7892,7728
7811: 7812,7892,7893,7728,7729,7810
7812: 7811,7893,7729,7730,7813,7894
7813: 7894,7895,7730,7731,7812,7814
7814: 7896,7731,7732,7813,7895
7815: 
7816: 7817,7898,7733,7897
7817: 7816,7898,7899,7735,7818
7818: 7819,7900,7735,7817,7899
7819: 7818,7736,7737,7820,7901
7820: 7821,7901,7902,7737,7738,7819
7821: 7820,7902,7738,7739,7822,7903
7822: 7903,7904,7739,7740,7821,7823
7823: 7824,7905,7740,7741,7822,7904
7824: 7823,7905,7906,7741,7742,7825
7825: 7907,7742,7743,7824,7906
9796: 
7827: 7828,7909,7744,7745,7908
7828: 7827,7909,7745,7746,7829,7910
7829: 7910,7746,7828
7830: 7831,7912,7748,7911
7831: 7830,7912,7913,7748,7832
7832: 7833,7914,7750,7831,7913
7833: 7832,7914,7750,7751,7834,7915
7834: 7835,7916,7915,7751,7752,7833
7835: 7834,7916,7752,7753,7836,7917
7836: 7837,7917,7918,7753,7754,7835
7837: 7836,7918,7754,7755,7838,7919
7838: 7919,7920,7755,7756,7837,7839
7839: 7840,7921,7756,7757,7838,7920
7840: 7839,7921,7922,7757,7758,7841
7841: 7842,7923,7758,7759,7840,7922
7842: 7841,7923,7924,7759,7760,7843
7843: 7844,7925,7760,7761,7842,7924
7844: 7843,7925,7761,7762
7845: 7927,7762,7763,7846
7846: 7847,7928,7764,7845,7927
7847: 7928,7929,7846,7765,7848
7848: 7849,7930,7847,7929
7849: 7848,7930,7931,7767,7850
7850: 7851,7932,7768,7767,7849,7931
7851: 7850,7932,7768,7769,7852,7933
7852: 7853,7933,7934,7769,7770,7851
7853: 7852,7934,7770,7771,7854,7935
7854: 7935,7936,7855,7771,7772,7853
7855: 7854,7936,7772,7773,7856,7937
7856: 7938,7937,7857,7774,7773,7855
7857: 7938,7856,7774,7775,7858,7939
7858: 9631,7939,7775,7776,7857
7859: 7777,7778,9458,7940
9881: 
7861: 7779,7780,7941,7942
9776: 10006,9792
7863: 7781,7782,7864,7943,7944
7864: 7782,7783,7865,7863,7944,7945
7865: 7783,7864,7784,7866,7945,7946
7866: 7784,7785,7865,7867,7946,7947
7867: 7786,7868,7785,7866,7947,7948
7868: 7786,7787,7867,7869,7948,7949
7869: 7788,7870,7787,7868,7949,7950
7870: 7788,7869,7871,7789,7950,7951
7871: 7872,7790,7789,7870,7951,7952
7872: 7790,7871,7791,7873,7952,7953
7873: 7791,7792,7874,7872,7953,7954
7874: 7792,7873,7793,7875,7954,7955
7875: 7793,7794,7874,7876,7955,7956
7876: 7795,7877,7794,7875,7956,7957
7877: 7795,7796,7876,7878,7957,7958
7878: 7797,7879,7796,7877,7958,7959
7879: 7797,7878,7798,7880,7959,7960
7880: 7799,7879,7798,7960,7961
7881: 7799,7800,7882,7962
7882: 7800,7801,7881,7883,7962,7963
7883: 7802,7884,7801,7882,7963,7964
7884: 7802,7803,7883,7885,7964,7965
7885: 7804,7886,7803,7884,7965,7966
7886: 7804,7885,7887,7805,7966,7967
7887: 7806,7888,7805,7886,7968,7967
7888: 7806,7887,7807,7889,7968,7969
7889: 7807,7890,7888,7969,7970
7890: 7889,7809,7891,7970,7971
7891: 7809,7810,7890,7892,7971,7972
7892: 7811,7893,7810,7891,7972,7973
7893: 7811,7812,7892,7894,7973,7974
7894: 7813,7895,7812,7893,7974,7975
7895: 7813,7894,7896,7814,7975,7976
7896: 7897,7814,7895,7977,7976
7897: 7896,7816,7898,7977,7978
7898: 7816,7817,7899,7897,7978,7979
7899: 7817,7898,7818,7900,7979,7980
7900: 7818,7899,7901,7980,7981
7901: 7820,7902,7819,7900,7981,7982
7902: 7820,7821,7901,7903,7982,7983
7903: 7822,7904,7821,7902,7983,7984
7904: 7822,7903,7823,7905,7984,7985
7905: 7823,7824,7906,7904,7985
7906: 7824,7905,7825,7907,7987
7907: 7825,7908,7906,7987,7988
7908: 7907,7827,7909,7988,7989
7909: 7827,7828,7908,7910,7989,7990
7910: 7829,7828,7909,7990
7911: 7830,7912,7992
7912: 7830,7831,7913,7911,7992,7993
7913: 7831,7912,7832,7914,7993,7994
7914: 7832,7833,7913,7915,7994,7995
7915: 7834,7916,7833,7914,7995,7996
7916: 7834,7835,7915,7917,7996,7997
7917: 7836,7918,7835,7916,7997,7998
7918: 7836,7837,7917,7919,7998,7999
7919: 7838,7920,7837,7918,7999,8000
7920: 7838,7919,7839,7921,8000,8001
7921: 7839,7840,7922,7920,8001,8002
7922: 7840,7921,7841,7923,8002,8003
7923: 7841,7842,7924,7922,8003,8004
7924: 7842,7923,7843,7925,8004,8005
7925: 7843,7844,7924,8005,8006
9847: 9908
7927: 7845,7928,7846,8007,8008
7928: 7847,7929,7846,7927,8008,8009
7929: 7847,7928,7848,8009,8010
7930: 7848,7849,7931,8010
7931: 7849,7930,7850,7932,8012
7932: 7850,7851,7931,7933,8012,8013
7933: 7852,7934,7851,7932,8013,8014
7934: 7852,7853,7933,7935,8014,8015
7935: 7854,7936,7853,7934,8015,8016
7936: 7854,7935,7855,7937,8016,8017
7937: 7938,7856,7936,7855,8017,8018
7938: 7856,7937,7857,7939,8018,8019
7939: 9631,7858,7938,7857,8019
7940: 7941,8020,7859,9458,9550
7941: 8021,8020,7940,7861,7942
7942: 7943,8022,7861,7941,8021
7943: 8022,8023,7942,7863,7944
7944: 7945,7863,7864,7943,8023
7945: 7944,8025,7864,7865,7946
7946: 7947,8026,7865,7866,7945,8025
7947: 7946,8026,7866,7867,7948,8027
7948: 7949,8027,8028,7867,7868,7947
7949: 7948,8028,7868,7869,7950,8029
7950: 8029,7869,7870,7949
7951: 7952,8031,7870,7871
7952: 7951,8031,8032,7872,7871,7953
7953: 7954,8033,7872,7873,7952,8032
7954: 7953,8033,8034,7873,7874,7955
7955: 7956,8035,7874,7875,7954,8034
7956: 7955,8035,7875,7876,7957
7957: 7958,8037,7876,7877,7956
7958: 7957,8037,7877,7878,7959,8038
7959: 8038,8039,7960,7878,7879,7958
7960: 7959,8039,7879,7880,8040
7961: 7880
7962: 7963,8042,7881,7882
7963: 7962,8042,7882,7883,7964,8043
7964: 7965,8043,8044,7883,7884,7963
7965: 7964,8044,7884,7885,7966,8045
7966: 8046,8045,7886,7885,7965,7967
7967: 7968,8047,7886,7887,7966,8046
7968: 8047,8048,7967,7887,7888,7969
7969: 7970,8049,7888,7889,7968,8048
7970: 7969,8049,8050,7889,7890,7971
7971: 8051,7890,7891,7970,8050
7972: 8051,7891,7892,7973,8052
7973: 7974,8052,8053,7892,7893,7972
7974: 7973,8053,7893,7894,7975,8054
7975: 8054,8055,7894,7895,7974,7976
7976: 7977,8056,7895,7896,7975,8055
7977: 8057,8056,7976,7897,7896,7978
7978: 7979,8058,7897,7898,8057,7977
7979: 7978,8058,8059,7898,7899,7980
7980: 7981,8060,7899,7900,7979,8059
7981: 7980,8060,7900,7901,7982,8061
7982: 7983,8061,8062,7901,7902,7981
7983: 7982,8062,7902,7903,7984,8063
7984: 8063,8064,7903,7904,7983,7985
7985: 8065,7904,7905,7984,8064
7986: 
7987: 7988,8067,7906,7907,8066
7988: 7987,8067,7908,7907,7989
7989: 7990,7908,7909,7988
7990: 7989,7909,7910
9898: 10016
7992: 7993,8072,7911,7912
7993: 7992,7912,7913,7994
7994: 7995,8074,7913,7914,7993
7995: 7994,8074,7914,7915,7996,8075
7996: 7997,8076,8075,7916,7915,7995
7997: 7996,8076,7916,7917,7998,8077
7998: 7999,8077,8078,7917,7918,7997
7999: 7998,8078,7918,7919,8000,8079
8000: 8079,8080,7919,7920,7999,8001
8001: 8002,8081,7920,7921,8000,8080
8002: 8001,8081,8082,7921,7922,8003
8003: 8004,8083,7922,7923,8002,8082
8004: 8003,8083,7923,7924,8005,8084
8005: 8006,8084,8085,7924,7925,8004
8006: 8005,8085,7925,8007,8086
8007: 8008,8086,8087,7927,8006
8008: 8007,8087,7927,7928,8009,8088
8009: 8088,8089,7928,7929,8008
8010: 8090,7929,7930,8089
8011: 
8012: 8013,8092,7931,7932,8091
8013: 8012,8092,7932,7933,8014,8093
8014: 8015,8093,8094,7933,7934,8013
8015: 8014,8094,7934,7935,8016,8095
8016: 8095,8096,8017,7935,7936,8015
8017: 8016,8096,7936,7937,8018,8097
8018: 8098,8097,8019,7938,7937,8017
8019: 8098,8018,7938,7939
8020: 7941,8021,7940,9550,8099
8021: 7941,8020,8022,7942,8099,8100
8022: 7943,8023,7942,8021,8101,8100
8023: 7943,8022,7944,8101,8102
9894: 
8025: 7945,7946,8026,8103,8104
8026: 7946,7947,8025,8027,8104,8105
8027: 7948,8028,7947,8026,8105,8106
8028: 7948,7949,8027,8029,8106,8107
8029: 7950,7949,8028,8107,8108
9965: 10023
8031: 7951,7952,8032,8109,8110
8032: 7952,8031,7953,8033,8110,8111
8033: 7953,7954,8034,8032,8111,8112
8034: 7954,8033,7955,8035,8112,8113
8035: 7955,7956,8034,8113,8114
9840: 9780,9895,9937
8037: 7957,7958,8038,8115,8116
8038: 7959,8039,7958,8037,8116
8039: 7959,8038,7960,8040
8040: 8039,7960,8118
9931: 
8042: 7962,7963,8043,8121
8043: 7964,8044,7963,8042
8044: 7964,7965,8043,8045,8123
8045: 7966,8046,7965,8044,8123,8124
8046: 7966,8045,8047,7967,8124,8125
8047: 7968,8048,7967,8046,8126,8125
8048: 7968,8047,7969,8049,8126,8127
8049: 7969,7970,8050,8048,8127,8128
8050: 7970,8049,7971,8051,8128,8129
8051: 7971,7972,8050,8129,8130
8052: 7973,8053,7972
8053: 7973,7974,8052,8054,8132
8054: 7975,8055,7974,8053,8132,8133
8055: 7975,8054,8056,7976,8133,8134
8056: 8057,7977,7976,8055,8134,8135
8057: 7977,8056,7978,8058,8135,8136
8058: 7978,7979,8059,8057,8136,8137
8059: 7979,8058,7980,8060,8137,8138
8060: 7980,7981,8059,8061,8138,8139
8061: 7982,8062,7981,8060,8139,8140
8062: 7982,7983,8061,8063,8140,8141
8063: 7984,8064,7983,8062,8141,8142
8064: 7984,8063,7985,8065,8142,8143
8065: 7985,8066,8064,8143,8144
8066: 8065,7987,8067,8144,8145
8067: 7987,7988,8066,8145
9880: 
8069: 8147,8148
8070: 
8071: 8072,8149,8150
8072: 7992,8071,8150,8151
9787: 9800
8074: 7994,7995,8075,8153
8075: 7996,8076,7995,8074,8154
8076: 7996,7997,8075,8077,8154,8155
8077: 7998,8078,7997,8076,8155,8156
8078: 7998,7999,8077,8079,8156,8157
8079: 8000,8080,7999,8078,8157,8158
8080: 8000,8079,8001,8081,8158,8159
8081: 8001,8002,8082,8080,8159,8160
8082: 8002,8081,8003,8083,8160,8161
8083: 8003,8004,8082,8084,8161
8084: 8005,8085,8004,8083,8163
8085: 8005,8006,8084,8086,8163,8164
8086: 8007,8087,8006,8085,8164,8165
8087: 8007,8008,8086,8088,8165,8166
8088: 8009,8008,8087,8166
8089: 8009,8010,8090,8168
8090: 8010,8091,8089,8168,8169
8091: 8090,8012,8092,8169,8170
8092: 8012,8013,8091,8093,8170,8171
8093: 8014,8094,8013,8092,8171,8172
8094: 8014,8015,8093,8095,8172,8173
8095: 8016,8096,8015,8094,8173,8174
8096: 8016,8095,8017,8097,8174,8175
8097: 8098,8018,8096,8017,8175,8176
8098: 8018,8097,8019,8176
8099: 8021,8020,8100
8100: 8101,8177,8021,8022,8099
8101: 8177,8100,8022,8023,8102
8102: 8103,8023,8101,8178
8103: 8102,8179,8025,8104,8180
8104: 8105,8181,8180,8025,8026,8103
8105: 8104,8181,8026,8027,8106,8182
8106: 8107,8182,8183,8027,8028,8105
8107: 8106,8183,8028,8029,8108,8184
8108: 8184,8185,8029,8107,8109
8109: 8110,8186,8031,8108,8185
8110: 8109,8186,8187,8031,8032,8111
8111: 8112,8188,8032,8033,8110,8187
8112: 8111,8188,8189,8033,8034,8113
8113: 8114,8190,8034,8035,8112,8189
8114: 8113,8190,8035,8115,8191
8115: 8116,8191,8192,8037,8114
8116: 8115,8192,8037,8038,8193
8117: 
8118: 8119,8195,8040,8194
8119: 8118,8195,8196,8120
8120: 8121,8197,8119,8196
8121: 8120,8197,8042,8198
8122: 
8123: 8199,8044,8045,8124,8200
8124: 8201,8200,8046,8045,8123,8125
8125: 8126,8202,8046,8047,8124,8201
8126: 8202,8203,8125,8047,8048,8127
8127: 8128,8204,8048,8049,8126,8203
8128: 8127,8204,8205,8049,8050,8129
8129: 8130,8206,8050,8051,8128,8205
8130: 8129,8206,8207,8051
8131: 
8132: 8208,8053,8054,8133,8209
8133: 8209,8210,8054,8055,8132,8134
8134: 8135,8211,8055,8056,8133,8210
8135: 8134,8211,8212,8057,8056,8136
8136: 8137,8213,8057,8058,8135,8212
8137: 8136,8213,8214,8058,8059,8138
8138: 8139,8215,8059,8060,8137,8214
8139: 8138,8215,8060,8061,8140,8216
8140: 8141,8216,8217,8061,8062,8139
8141: 8140,8217,8062,8063,8142,8218
8142: 8218,8219,8063,8064,8141,8143
8143: 8144,8220,8064,8065,8142,8219
8144: 8143,8220,8065,8066,8145
8145: 8146,8066,8067,8144
8146: 8145,8222,8147,8223
8147: 8148,8223,8224,8069,8146
8148: 8147,8224,8069,8149,8225
8149: 8225,8226,8150,8071,8148
8150: 8149,8226,8071,8072,8151,8227
8151: 8228,8227,8072,8150,8152
8152: 8153,8229,8228,8151
8153: 8152,8229,8230,8074
8154: 8155,8231,8076,8075
8155: 8154,8231,8076,8077,8156,8232
8156: 8157,8232,8233,8077,8078,8155
8157: 8156,8233,8078,8079,8158,8234
8158: 8234,8235,8079,8080,8157,8159
8159: 8160,8236,8080,8081,8158,8235
8160: 8159,8236,8081,8082,8161
8161: 8238,8082,8083,8160
8162: 
8163: 8164,8240,8084,8085,8239
8164: 8163,8240,8085,8086,8165,8241
8165: 8166,8241,8242,8086,8087,8164
8166: 8165,8242,8087,8088
9841: 
8168: 8169,8245,8089,8090,8244
8169: 8168,8245,8246,8090,8091,8170
8170: 8171,8247,8091,8092,8169,8246
8171: 8170,8247,8092,8093,8172,8248
8172: 8173,8249,8248,8093,8094,8171
8173: 8172,8249,8094,8095,8174,8250
8174: 8250,8251,8175,8095,8096,8173
8175: 8174,8251,8096,8097,8176
8176: 8098,8097,8175
8177: 8101,8178,8100,8252
8178: 8177,8102,8179,8252,8253
8179: 8103,8178,8180,8253,8254
8180: 8104,8181,8103,8179,8254,8255
8181: 8104,8105,8180,8182,8255,8256
8182: 8106,8183,8105,8181,8256,8257
8183: 8106,8107,8182,8184,8257,8258
8184: 8108,8185,8107,8183,8258,8259
8185: 8108,8184,8109,8186,8259,8260
8186: 8109,8110,8187,8185,8260,8261
8187: 8110,8186,8111,8188,8261,8262
8188: 8111,8112,8189,8187,8262,8263
8189: 8112,8188,8113,8190,8263,8264
8190: 8113,8114,8189,8191,8264,8265
8191: 8115,8192,8114,8190,8265,8266
8192: 8115,8116,8191,8193,8266,8267
8193: 8194,8116,8192,8267,8268
8194: 8193,8118,8195,8268
8195: 8118,8119,8196,8194,8270
8196: 8119,8195,8120,8197,8270,8271
8197: 8120,8121,8196,8198,8271,8272
8198: 8199,8121,8197,8272,8273
8199: 8123,8198,8200,8273,8274
8200: 8124,8201,8123,8199,8274,8275
8201: 8124,8200,8202,8125,8275,8276
8202: 8126,8203,8125,8201,8277,8276
8203: 8126,8202,8127,8204,8277,8278
8204: 8127,8128,8205,8203,8278,8279
8205: 8128,8204,8129,8206,8279,8280
8206: 8129,8130,8207,8205,8280,8281
8207: 8130,8206,8208,8281,8282
8208: 8132,8207,8209,8282,8283
8209: 8133,8210,8132,8208,8283,8284
8210: 8133,8209,8134,8211,8284,8285
8211: 8134,8135,8212,8210,8285,8286
8212: 8135,8211,8136,8213,8286,8287
8213: 8136,8137,8214,8212,8287,8288
8214: 8137,8213,8138,8215
8215: 8138,8139,8214,8216,8290
8216: 8140,8217,8139,8215,8290,8291
8217: 8140,8141,8216,8218,8291,8292
8218: 8142,8219,8141,8217,8292,8293
8219: 8142,8218,8143,8220,8293,8294
8220: 8143,8144,8221,8219,8294
8221: 8220,8222,8295,8296
8222: 8146,8221,8223,8296,8297
8223: 8147,8224,8146,8222,8297,8298
8224: 8147,8148,8223,8225,8298,8299
8225: 8149,8226,8148,8224,8299,8300
8226: 8149,8225,8150,8227,8300,8301
8227: 8228,8151,8226,8150,8301,8302
8228: 8151,8227,8152,8229,8302,8303
8229: 8152,8153,8230,8228,8303,8304
8230: 8153,8229,8304
8231: 8154,8155,8232,8306
8232: 8156,8233,8155,8231,8306,8307
8233: 8156,8157,8232,8234,8307,8308
8234: 8158,8235,8157,8233,8308,8309
8235: 8158,8234,8159,8236,8309,8310
8236: 8159,8160,8235,8310,8311
9703: 9711
8238: 8161,8239,8313
8239: 8238,8163,8240
8240: 8163,8164,8239,8241,8315
8241: 8165,8242,8164,8240,8315,8316
8242: 8165,8166,8241,8316,8317
8243: 
8244: 8168,8245,8318,8319
8245: 8168,8169,8246,8244,8319,8320
8246: 8169,8245,8170,8247,8320,8321
8247: 8170,8171,8246,8248,8321,8322
8248: 8172,8249,8171,8247,8322,8323
8249: 8172,8173,8248,8250,8323,8324
8250: 8174,8251,8173,8249,8324,8325
8251: 8174,8250,8175,8325
8252: 8326,8177,8178,8253
8253: 8254,8327,8178,8179,8252,8326
8254: 8253,8327,8179,8180,8255,8328
8255: 8256,8329,8328,8181,8180,8254
8256: 8255,8329,8181,8182,8257,8330
8257: 8258,8330,8331,8182,8183,8256
8258: 8257,8331,8183,8184,8259,8332
8259: 8332,8333,8184,8185,8258,8260
8260: 8261,8334,8185,8186,8259,8333
8261: 8260,8334,8335,8186,8187,8262
8262: 8263,8336,8187,8188,8261,8335
8263: 8262,8336,8188,8189,8264
8264: 8265,8338,8189,8190,8263
8265: 8264,8338,8190,8191,8266,8339
8266: 8267,8339,8340,8191,8192,8265
8267: 8266,8340,8192,8193,8268
8268: 8342,8193,8194,8267
8269: 
8270: 8343,8344,8195,8196,8271
8271: 8272,8345,8196,8197,8270,8344
8272: 8271,8345,8197,8198,8273,8346
8273: 8274,8346,8347,8198,8199,8272
8274: 8273,8347,8199,8200,8275,8348
8275: 8349,8348,8201,8200,8274,8276
8276: 8277,8350,8201,8202,8275,8349
8277: 8350,8351,8276,8202,8203,8278
8278: 8279,8352,8203,8204,8277,8351
8279: 8278,8352,8353,8204,8205,8280
8280: 8281,8354,8205,8206,8279,8353
8281: 8280,8354,8206,8207,8282,8355
8282: 8283,8355,8356,8207,8208,8281
8283: 8282,8356,8208,8209,8284,8357
8284: 8357,8358,8209,8210,8283,8285
8285: 8286,8359,8210,8211,8284,8358
8286: 8285,8359,8360,8211,8212,8287
8287: 8288,8361,8212,8213,8286,8360
8288: 8287,8361,8362,8213
9826: 
8290: 8215,8216,8291
8291: 8292,8365,8216,8217,8290
8292: 8291,8365,8217,8218,8293,8366
8293: 8366,8367,8218,8219,8292,8294
8294: 8295,8219,8220,8293,8367
8295: 8294,8368,8369,8221,8296
8296: 8297,8370,8221,8222,8295,8369
8297: 8296,8370,8222,8223,8298,8371
8298: 8299,8371,8372,8223,8224,8297
8299: 8298,8372,8224,8225,8300,8373
8300: 8373,8374,8301,8225,8226,8299
8301: 8300,8374,8226,8227,8302,8375
8302: 8376,8375,8228,8227,8301,8303
8303: 8304,8377,8228,8229,8376,8302
8304: 8303,8377,8229,8230,8378
8305: 
8306: 8379,8231,8232,8307,8380
8307: 8308,8380,8381,8232,8233,8306
8308: 8307,8381,8233,8234,8309,8382
8309: 8382,8383,8234,8235,8308,8310
8310: 8311,8384,8235,8236,8309,8383
8311: 8310,8384,8385,8236,8312
8312: 8313,8386,8311,8385
8313: 8312,8386,8387,8238
8314: 
8315: 8388,8240,8241,8316,8389
8316: 8317,8389,8390,8241,8242,8315
8317: 8316,8390,8242,8318,8391
8318: 8392,8244,8317,8319
8319: 8320,8393,8244,8245,8318,8392
8320: 8319,8393,8394,8245,8246,8321
8321: 8322,8395,8246,8247,8320,8394
8322: 8321,8395,8247,8248,8323,8396
8323: 8324,8397,8396,8249,8248,8322
8324: 8323,8397,8249,8250,8325,8398
8325: 8398,8250,8251,8324
8326: 8252,8253,8327
8327: 8253,8254,8326,8328,8399
8328: 8255,8329,8254,8327,8399,8400
8329: 8255,8256,8328,8330,8400,8401
8330: 8257,8331,8256,8329,8401,8402
8331: 8257,8258,8330,8332,8402,8403
8332: 8259,8333,8258,8331,8403,8404
8333: 8259,8332,8260,8334,8404,8405
8334: 8260,8261,8335,8333,8405,8406
8335: 8261,8334,8262,8336,8406,8407
8336: 8262,8263,8335,8407,8408
9857: 
8338: 8264,8265,8339,8410
8339: 8266,8340,8265,8338,8410,8411
8340: 8266,8267,8339,8411,8412
8341: 
8342: 8268,8343,8413,8414
8343: 8270,8344,8342,8414,8415
8344: 8270,8343,8271,8345,8415,8416
8345: 8271,8272,8344,8346,8416,8417
8346: 8273,8347,8272,8345,8417,8418
8347: 8273,8274,8346,8348,8418,8419
8348: 8275,8349,8274,8347,8419,8420
8349: 8275,8348,8350,8276,8420,8421
8350: 8277,8351,8276,8349,8421,8422
8351: 8277,8350,8278,8352,8422,8423
8352: 8278,8279,8353,8351,8423,8424
8353: 8279,8352,8280,8424,8425
8354: 8280,8281,8355,8425,8426
8355: 8282,8356,8281,8354,8426,8427
8356: 8282,8283,8355,8357,8427,8428
8357: 8284,8358,8283,8356,8428,8429
8358: 8284,8357,8285,8359,8429,8430
8359: 8285,8286,8360,8358,8430,8431
8360: 8286,8359,8287,8361,8431,8432
8361: 8287,8288,8362,8360,8432,8433
8362: 8288,8361,8363,8433,8434
8363: 8362,8434,8435
9975: 
8365: 8291,8292,8366,8437
8366: 8293,8367,8292,8365,8437,8438
8367: 8293,8366,8294,8368,8438,8439
8368: 8295,8369,8367,8439,8440
8369: 8295,8368,8296,8370,8440,8441
8370: 8296,8297,8369,8371,8441,8442
8371: 8298,8372,8297,8370,8442,8443
8372: 8298,8299,8371,8373,8443,8444
8373: 8300,8374,8299,8372,8444,8445
8374: 8300,8373,8301,8375,8445
8375: 8376,8302,8374,8301,8447
8376: 8302,8375,8303,8377,8447,8448
8377: 8303,8304,8376,8448,8449
8378: 8379,8304,8449,8450
8379: 8306,8378,8380,8450,8451
8380: 8307,8381,8306,8379,8451,8452
8381: 8307,8308,8380,8382,8452,8453
8382: 8309,8383,8308,8381,8454,8453
8383: 8309,8382,8310,8384,8454,8455
8384: 8310,8311,8385,8383,8455,8456
8385: 8311,8384,8312,8386,8456,8457
8386: 8312,8313,8387,8385,8457,8458
8387: 8313,8386,8388,8458,8459
8388: 8315,8387,8389,8459,8460
8389: 8316,8390,8315,8388,8460,8461
8390: 8316,8317,8389,8391,8461,8462
8391: 8317,8390,8462,8463
8392: 8318,8319,8393,8464
8393: 8319,8320,8394,8392,8464,8465
8394: 8320,8393,8321,8395,8465,8466
8395: 8321,8322,8394,8396,8466,8467
8396: 8323,8397,8322,8395,8467,8468
8397: 8323,8324,8396,8398,8468
8398: 8325,8324,8397
8399: 8327,8328,8400,8469
8400: 8401,8470,8469,8329,8328,8399
8401: 8400,8470,8329,8330,8402,8471
8402: 8403,8471,8472,8330,8331,8401
8403: 8402,8472,8331,8332,8404,8473
8404: 8473,8474,8405,8332,8333,8403
8405: 8404,8474,8333,8334,8475,8406
8406: 8475,8334,8335,8405,8407
8407: 8408,8477,8335,8336,8406
8408: 8407,8477,8336,8478
9907: 9793
8410: 8479,8338,8339,8411,8480
8411: 8412,8480,8481,8339,8340,8410
8412: 8411,8481,8340,8413,8482
8413: 8482,8483,8342,8412,8414
8414: 8415,8484,8342,8343,8413,8483
8415: 8414,8484,8485,8343,8344,8416
8416: 8417,8486,8344,8345,8415,8485
8417: 8416,8486,8345,8346,8418,8487
8418: 8419,8487,8488,8346,8347,8417
8419: 8418,8488,8347,8348,8420,8489
8420: 8421,8489,8490,8349,8348,8419
8421: 8420,8490,8349,8350,8422,8491
8422: 8491,8492,8350,8351,8421,8423
8423: 8424,8493,8351,8352,8422,8492
8424: 8423,8493,8494,8352,8353,8425
8425: 8495,8353,8354,8424,8494
8426: 8495,8354,8355,8427,8496
8427: 8428,8496,8497,8355,8356,8426
8428: 8427,8497,8356,8357,8429,8498
8429: 8498,8499,8430,8357,8358,8428
8430: 8429,8499,8358,8359,8431,8500
8431: 8501,8500,8359,8360,8430,8432
8432: 8433,8502,8360,8361,8501,8431
8433: 8432,8502,8503,8361,8362,8434
8434: 8435,8504,8362,8363,8433,8503
8435: 8434,8504,8363,8436,8505
8436: 8437,8505,8506,8435
8437: 8436,8506,8365,8366,8438,8507
8438: 8507,8508,8366,8367,8437,8439
8439: 8440,8509,8367,8368,8438,8508
8440: 8439,8509,8510,8368,8369,8441
8441: 8442,8511,8369,8370,8440,8510
8442: 8441,8511,8370,8371,8443,8512
8443: 8444,8513,8371,8372,8442
8444: 8443,8513,8372,8373,8445,8514
8445: 8514,8515,8373,8374,8444
8446: 
8447: 8517,8516,8376,8375,8448
8448: 8376,8377,8517,8447
8449: 8377,8378,8450
8450: 8451,8520,8519,8379,8378,8449
8451: 8450,8520,8379,8380,8452,8521
8452: 8522,8521,8380,8381,8451,8453
8453: 8454,8523,8381,8382,8452,8522
8454: 8523,8524,8453,8382,8383,8455
8455: 8456,8525,8383,8384,8454,8524
8456: 8455,8525,8526,8384,8385,8457
8457: 8458,8527,8385,8386,8456,8526
8458: 8457,8527,8528,8386,8387,8459
8459: 8460,8529,8387,8388,8458,8528
8460: 8459,8529,8388,8389,8461,8530
8461: 8462,8530,8531,8389,8390,8460
8462: 8461,8531,8390,8391,8463,8532
8463: 8532,8533,8391,8462
8464: 8465,8392,8393
8465: 8464,8535,8393,8394,8466
8466: 8467,8394,8395,8465,8535
8467: 8466,8537,8395,8396,8468
8468: 8397,8396,8467,8537
8469: 8400,8470,8399
8470: 8400,8401,8469,8471,8538
8471: 8402,8472,8401,8470,8538,8539
8472: 8402,8403,8471,8473,8539,8540
8473: 8404,8474,8403,8472,8541,8540
8474: 8404,8473,8405,8475,8541,8542
8475: 8406,8474,8405,8542,8543
9737: 
8477: 8407,8408,8478,8544
8478: 8479,8408,8477,8546
8479: 8410,8478,8480,8546,8547
8480: 8411,8481,8479,8410,8547,8548
8481: 8411,8412,8480,8482,8548,8549
8482: 8413,8483,8412,8481,8549,8550
8483: 8413,8482,8414,8484,8550,8551
8484: 8414,8415,8485,8483,8551
8485: 8415,8484,8416,8486,8553
8486: 8416,8417,8485,8487,8553,8554
8487: 8418,8488,8417,8486,8554,8555
8488: 8418,8419,8487,8489,8555,8556
8489: 8420,8490,8419,8488,8556,8557
8490: 8420,8421,8489,8491,8557,8558
8491: 8422,8492,8421,8490,8558,8559
8492: 8422,8491,8423,8493,8559,8560
8493: 8423,8424,8494,8492,8560,8561
8494: 8424,8493,8425,8495,8561,8562
8495: 8425,8426,8494
8496: 8427,8497,8426,8564
8497: 8427,8428,8496,8498,8564,8565
8498: 8429,8499,8428,8497,8566,8565
8499: 8429,8498,8430,8500,8566,8567
8500: 8501,8431,8499,8430,8567,8568
8501: 8431,8500,8432,8502,8568,8569
8502: 8432,8433,8503,8501,8569,8570
8503: 8433,8502,8434,8504,8570,8571
8504: 8434,8435,8503,8505,8571,8572
8505: 8436,8435,8504,8572,8573
8506: 8436,8437,8507,8573,8574
8507: 8438,8508,8437,8506,8575
8508: 8438,8507,8439,8509,8575,8576
8509: 8439,8440,8510,8508,8576,8577
8510: 8440,8509,8441,8511,8577,8578
8511: 8441,8442,8510,8512,8578,8579
8512: 8513,8442,8511,8579,8580
8513: 8443,8444,8512,8514,8580,8581
8514: 8445,8515,8444,8513,8581,8582
8515: 8445,8514,8516,8582,8583
8516: 8517,8447,8515,8583,8584
8517: 8447,8516,8448,8584,8585
9974: 
8519: 8450,8520,8587
8520: 8450,8451,8519,8521,8587,8588
8521: 8452,8522,8451,8520,8588,8589
8522: 8452,8521,8523,8453,8590
8523: 8454,8524,8453,8522,8590,8591
8524: 8454,8523,8455,8525,8591,8592
8525: 8455,8456,8526,8524,8592,8593
8526: 8456,8525,8457,8527,8593,8594
8527: 8457,8458,8528,8526,8594
8528: 8458,8527,8459,8529,8596
8529: 8459,8460,8528,8530,8596,8597
8530: 8461,8531,8460,8529,8597,8598
8531: 8461,8462,8530,8532,8598,8599
8532: 8463,8533,8462,8531,8599,8600
8533: 8463,8532,8600,8601
10034: 9695,9936
8535: 8465,8466,8602,8603
8536: 
8537: 8467,8468,8604
8538: 8470,8471,8539,8605
8539: 8606,8605,8471,8472,8538,8540
8540: 8541,8607,8472,8473,8539,8606
8541: 8607,8608,8540,8473,8474,8542
8542: 8543,8609,8474,8475,8541,8608
8543: 8542,8609,8610,8475,8544
8544: 8611,8477,8543,8610
9720: 9813
8546: 8547,8613,8612,8479,8478
8547: 8546,8613,8479,8480,8548,8614
8548: 8549,8614,8615,8480,8481,8547
8549: 8548,8615,8481,8482,8550
8550: 8616,8551,8482,8483,8549
8551: 8550,8617,8483,8484,8618
9873: 9964,9792
8553: 8554,8620,8485,8486,8619
8554: 8553,8620,8486,8487,8555,8621
8555: 8556,8621,8622,8487,8488,8554
8556: 8555,8622,8488,8489,8557,8623
8557: 8558,8623,8624,8489,8490,8556
8558: 8557,8624,8490,8491,8559,8625
8559: 8625,8560,8491,8492,8558
8560: 8559,8626,8492,8493,8561,8627
8561: 8627,8493,8494,8560,8562
8562: 8494,8628,8561
9961: 9731
8564: 8631,8630,8496,8497,8565
8565: 8566,8632,8497,8498,8564,8631
8566: 8633,8565,8498,8499,8567
8567: 8568,8634,8499,8500,8566,8633
8568: 8567,8634,8635,8501,8500,8569
8569: 8570,8636,8501,8502,8568,8635
8570: 8569,8636,8637,8502,8503,8571
8571: 8572,8638,8503,8504,8570,8637
8572: 8571,8638,8504,8505,8573,8639
8573: 8574,8639,8640,8505,8506,8572
8574: 8573,8640,8506
8575: 8642,8507,8508,8576
8576: 8577,8643,8508,8509,8575,8642
8577: 8576,8643,8644,8509,8510,8578
8578: 8579,8645,8510,8511,8577,8644
8579: 8578,8645,8511,8512,8580,8646
8580: 8581,8646,8647,8512,8513,8579
8581: 8580,8647,8513,8514,8582,8648
8582: 8648,8649,8583,8514,8515,8581
8583: 8582,8649,8515,8516,8584,8650
8584: 8650,8517,8516,8583,8585
8585: 8517,8651,8584
9754: 9885,9738
8587: 8588,8654,8520,8519,8653
8588: 8587,8654,8520,8521,8589,8655
8589: 8590,8655,8656,8521,8588
8590: 8589,8656,8522,8523,8591,8657
8591: 8657,8658,8523,8524,8590,8592
8592: 8593,8659,8524,8525,8591,8658
8593: 8592,8659,8660,8525,8526,8594
8594: 8661,8526,8527,8593,8660
9718: 
8596: 8597,8663,8528,8529,8662
8597: 8596,8663,8529,8530,8598,8664
8598: 8599,8664,8665,8530,8531,8597
8599: 8598,8665,8531,8532,8600,8666
8600: 8666,8667,8601,8532,8533,8599
8601: 8600,8667,8533,8668
8602: 8669,8668,8535,8603
8603: 8604,8535,8669,8602
8604: 8603,8537
8605: 8539,8606,8538
8606: 8539,8605,8607,8540,8670
8607: 8541,8608,8540,8606,8671,8670
8608: 8541,8607,8542,8609,8671,8672
8609: 8542,8543,8610,8608,8672,8673
8610: 8543,8609,8544,8611,8673,8674
8611: 8544,8610,8612,8674,8675
8612: 8546,8613,8611,8675,8676
8613: 8546,8547,8612,8614,8676,8677
8614: 8548,8615,8547,8613,8677,8678
8615: 8548,8549,8614,8616,8678,8679
8616: 8550,8617,8615,8679,8680
8617: 8616,8551,8618,8680,8681
8618: 8619,8617,8551,8681,8682
8619: 8618,8553,8620,8682,8683
8620: 8553,8554,8619,8621,8683,8684
8621: 8555,8622,8554,8620,8684,8685
8622: 8555,8556,8621,8623,8685,8686
8623: 8557,8624,8556,8622,8686,8687
8624: 8557,8558,8623,8625,8687,8688
8625: 8559,8626,8558,8624,8689,8688
8626: 8625,8560,8627,8689,8690
8627: 8628,8561,8626,8560,8690,8691
8628: 8627,8562,8629,8691,8692
8629: 8628,8630,8692,8693
8630: 8564,8631,8629,8693,8694
8631: 8564,8630,8632,8565,8694,8695
8632: 8633,8565,8631,8695,8696
8633: 8566,8632,8567,8634,8696,8697
8634: 8567,8568,8635,8633,8697,8698
8635: 8568,8634,8569,8636,8698,8699
8636: 8569,8570,8637,8635,8699,8700
8637: 8570,8636,8571,8638,8700,8701
8638: 8571,8572,8637,8639,8701,8702
8639: 8573,8640,8572,8638,8702,8703
8640: 8573,8574,8639,8703,8704
9893: 
8642: 8575,8576,8643,8706
8643: 8576,8577,8644,8642,8706,8707
8644: 8577,8643,8578,8645,8707,8708
8645: 8578,8579,8644,8646,8708,8709
8646: 8580,8647,8579,8645,8709,8710
8647: 8580,8581,8646,8648,8710,8711
8648: 8582,8649,8581,8647,8711,8712
8649: 8582,8648,8583,8650,8712
8650: 8651,8584,8649,8583,8714
8651: 8650,8585,8714,8715
8652: 
8653: 8587,8654,8716,8717
8654: 8587,8588,8653,8655,8717,8718
8655: 8589,8656,8588,8654,8718,8719
8656: 8589,8590,8655,8657,8719,8720
8657: 8591,8658,8590,8656,8721
8658: 8591,8657,8592,8659,8721,8722
8659: 8592,8593,8660,8658,8722,8723
8660: 8593,8659,8594,8661,8723,8724
8661: 8594,8662,8660,8724,8725
8662: 8661,8596,8663,8725,8726
8663: 8596,8597,8662,8664,8726,8727
8664: 8598,8665,8597,8663,8727
8665: 8598,8599,8664,8666,8729
8666: 8600,8667,8599,8665,8729,8730
8667: 8600,8666,8601,8730,8731
8668: 8669,8602,8601
8669: 8602,8668,8603
8670: 8671,8732,8606,8607
8671: 8732,8733,8670,8607,8608,8672
8672: 8673,8734,8608,8609,8671,8733
8673: 8672,8734,8735,8609,8610,8674
8674: 8675,8610,8611,8673,8735
8675: 8674,8611,8612,8676,8737
8676: 8677,8738,8737,8613,8612,8675
8677: 8676,8738,8613,8614,8678,8739
8678: 8679,8739,8740,8614,8615,8677
8679: 8678,8740,8615,8616,8680,8741
8680: 8741,8616,8617,8679,8681
8681: 8682,8743,8617,8618,8680
8682: 8681,8743,8744,8619,8618,8683
8683: 8684,8745,8619,8620,8682,8744
8684: 8683,8745,8746,8620,8621,8685
8685: 8686,8747,8621,8622,8684,8746
8686: 8685,8747,8622,8623,8748
8687: 8749,8748,8623,8624,8688
8688: 8689,8624,8625,8687,8749
8689: 8751,8688,8625,8626,8690
8690: 8691,8752,8626,8627,8689,8751
8691: 8690,8752,8753,8628,8627,8692
8692: 8693,8754,8628,8629,8691,8753
8693: 8692,8754,8629,8630,8694,8755
8694: 8695,8755,8756,8631,8630,8693
8695: 8694,8756,8631,8632,8696,8757
8696: 8757,8758,8697,8632,8633,8695
8697: 8696,8758,8633,8634,8698,8759
8698: 8760,8759,8634,8635,8697,8699
8699: 8700,8761,8635,8636,8760,8698
8700: 8699,8761,8762,8636,8637,8701
8701: 8702,8637,8638,8700,8762
8702: 8701,8638,8639,8703,8764
8703: 8704,8764,8639,8640,8702
8704: 8703,8765,8640,8766
8705: 8766,8767,8706
8706: 8707,8768,8642,8643,8705,8767
8707: 8706,8768,8769,8643,8644,8708
8708: 8709,8770,8644,8645,8707,8769
8709: 8708,8770,8645,8646,8710,8771
8710: 8711,8771,8772,8646,8647,8709
8711: 8710,8772,8647,8648,8712
8712: 8648,8649,8711
9932: 10036
8714: 8776,8775,8651,8650,8715
8715: 8716,8777,8651,8776,8714
8716: 8715,8777,8778,8653,8717
8717: 8718,8779,8653,8654,8716,8778
8718: 8717,8779,8654,8655,8719,8780
8719: 8720,8780,8781,8655,8656,8718
8720: 8719,8781,8656,8721,8782
8721: 8782,8657,8658,8720
8722: 8723,8784,8658,8659
8723: 8722,8784,8785,8659,8660,8724
8724: 8725,8786,8660,8661,8723,8785
8725: 8724,8786,8787,8662,8661,8726
8726: 8727,8788,8662,8663,8725,8787
8727: 8726,8788,8789,8663,8664
9800: 9787,9892
8729: 8790,8665,8666,8730,8791
8730: 8791,8792,8731,8666,8667,8729
8731: 8730,8792,8667,9505
8732: 8671,8733,8670
8733: 8671,8732,8672,8734,8793
8734: 8672,8673,8735,8733,8793,8794
8735: 8673,8734,8674,8794,8795
8736: 
8737: 8676,8738,8675,8796,8797
8738: 8676,8677,8737,8739,8797,8798
8739: 8678,8740,8677,8738,8798,8799
8740: 8678,8679,8739,8741,8799,8800
8741: 8680,8679,8740,8800,8801
8742: 
8743: 8681,8682,8744,8802,8803
8744: 8682,8743,8683,8745,8803,8804
8745: 8683,8684,8746,8744,8804,8805
8746: 8684,8745,8685,8747,8805,8806
8747: 8685,8686,8746,8748,8806,8807
8748: 8687,8749,8686,8747,8807,8808
8749: 8687,8748,8688,8808,8809
8750: 
8751: 8689,8690,8752,8810,8811
8752: 8690,8691,8753,8751,8811,8812
8753: 8691,8752,8692,8754,8812,8813
8754: 8692,8693,8753,8755,8813,8814
8755: 8694,8756,8693,8754,8814,8815
8756: 8694,8695,8755,8757,8815,8816
8757: 8696,8758,8695,8756,8816,8817
8758: 8696,8757,8697,8759,8817,8818
8759: 8760,8698,8758,8697
8760: 8698,8759,8699,8761
8761: 8699,8700,8762,8760,8820,8821
8762: 8700,8761,8701,8821,8822
9827: 
8764: 8703,8765,8702,8823,8824
8765: 8704,8764,8766,8824,8825
8766: 8705,8767,8704,8765,8826,8825
8767: 8705,8766,8706,8768,8826,8827
8768: 8706,8707,8769,8767,8827
8769: 8707,8768,8708,8770,8829
8770: 8708,8709,8769,8771,8829,8830
8771: 8710,8772,8709,8770,8830,8831
8772: 8710,8711,8771,8831,8832
8773: 
8774: 8775,8833,8834
8775: 8776,8714,8774,8834,8835
8776: 8714,8775,8715,8777,8835,8836
8777: 8715,8716,8778,8776,8836,8837
8778: 8716,8777,8717,8779,8837,8838
8779: 8717,8718,8778,8780,8838,8839
8780: 8719,8781,8718,8779,8839,8840
8781: 8719,8720,8780,8782,8840,8841
8782: 8721,8720,8781,8841,8842
9955: 9814,9922
8784: 8722,8723,8785,8843,8844
8785: 8723,8784,8724,8786,8844,8845
8786: 8724,8725,8787,8785,8845,8846
8787: 8725,8786,8726,8788,8846,8847
8788: 8726,8727,8789,8787,8847,8848
8789: 8727,8788,8790,8848,8849
8790: 8729,8850,8789,8791,8849
8791: 8730,8792,8790,8729,8850
8792: 8730,8791,8731,9505
8793: 8794,8733,8734
8794: 8793,8734,8735,8795
8795: 8796,8852,8735,8794
8796: 8795,8852,8737,8797,8853
8797: 8798,8854,8853,8738,8737,8796
8798: 8797,8854,8738,8739,8799,8855
8799: 8800,8855,8856,8739,8740,8798
8800: 8799,8856,8740,8741,8801,8857
8801: 8857,8858,8741,8800,8802
8802: 8803,8859,8743,8801,8858
8803: 8802,8859,8860,8743,8744,8804
8804: 8805,8861,8744,8745,8803,8860
8805: 8804,8861,8862,8745,8746,8806
8806: 8807,8746,8747,8805,8862
8807: 8806,8747,8748,8808
8808: 8865,8864,8809,8749,8748,8807
8809: 8808,8865,8749,8810,8866
8810: 8866,8867,8751,8809,8811
8811: 8812,8868,8751,8752,8810,8867
8812: 8811,8868,8752,8753,8813,8869
8813: 8814,8870,8869,8753,8754,8812
8814: 8813,8870,8754,8755,8815,8871
8815: 8816,8871,8872,8755,8756,8814
8816: 8815,8872,8756,8757,8817,8873
8817: 8873,8874,8818,8757,8758,8816
8818: 8817,8874,8758
9945: 
8820: 8821,8877,8761,8876
8821: 8820,8878,8761,8762,8822
8822: 8823,8879,8762,8821,8878
8823: 8822,8879,8764,8824,8880
8824: 8881,8880,8764,8765,8823,8825
8825: 8826,8882,8765,8766,8824,8881
8826: 8882,8883,8825,8766,8767,8827
8827: 8884,8767,8768,8826,8883
9723: 
8829: 8830,8886,8769,8770,8885
8830: 8829,8886,8770,8771,8831,8887
8831: 8832,8887,8888,8771,8772,8830
8832: 8831,8888,8772,8833,8889
8833: 8889,8890,8774,8832,8834
8834: 8835,8891,8774,8775,8833,8890
8835: 8834,8891,8892,8776,8775,8836
8836: 8837,8893,8776,8777,8835,8892
8837: 8836,8893,8894,8777,8778,8838
8838: 8839,8895,8778,8779,8837,8894
8839: 8838,8895,8779,8780,8840,8896
8840: 8841,8896,8897,8780,8781,8839
8841: 8840,8897,8781,8782,8842,8898
8842: 8898,8899,8782,8841
8843: 8844,8900,8784,8899
8844: 8843,8900,8901,8784,8785,8845
8845: 8846,8902,8785,8786,8844,8901
8846: 8845,8902,8903,8786,8787,8847
8847: 8848,8904,8787,8788,8846,8903
8848: 8847,8904,8905,8788,8789,8849
8849: 9616,8789,8790,8850,8848,8905
8850: 8790,8791,8849,9616,9271
9952: 9778,10022
8852: 8795,8796,8906,8853
8853: 8797,8854,8907,8796,8852,8906
8854: 8797,8798,8853,8907,8908,8855
8855: 8799,8856,8909,8798,8854,8908
8856: 8799,8800,8855,8909,8910,8857
8857: 8801,8858,8911,8800,8856,8910
8858: 8801,8857,8911,8802,8859,8912
8859: 8802,8803,8860,8858,8912,8913
8860: 8803,8859,8804,8861,8913,8914
8861: 8804,8805,8862,8860,8914,8915
8862: 8805,8861,8806,8915,8916
9934: 9843
8864: 8808,8865,8917,8918
8865: 8808,8864,8809,8866,8918,8919
8866: 8810,8867,8865,8809,8920,8919
8867: 8810,8866,8811,8868,8920,8921
8868: 8811,8812,8867,8869,8921,8922
8869: 8813,8870,8812,8868,8922,8923
8870: 8813,8814,8869,8871,8923,8924
8871: 8815,8872,8814,8870,8924,8925
8872: 8815,8816,8871,8873,8925,8926
8873: 8817,8874,8816,8872,8926,8927
8874: 8817,8873,8818,8927,8928
8875: 
8876: 8820,8877,8929,8930
8877: 8820,8878,8876,8930,8931
8878: 8821,8877,8822,8879,8932
8879: 8822,8823,8878,8880,8932,8933
8880: 8824,8881,8823,8879,8933,8934
8881: 8824,8880,8882,8825,8934,8935
8882: 8826,8883,8825,8881,8935,8936
8883: 8826,8882,8827,8884,8936,8937
8884: 8827,8885,8883,8937,8938
8885: 8884,8829,8886,8938,8939
8886: 8829,8830,8885,8887,8939,8940
8887: 8831,8888,8830,8886,8940,8941
8888: 8831,8832,8887,8889,8941,8942
8889: 8833,8890,8832,8888,8942,8943
8890: 8833,8889,8834,8891,8943,8944
8891: 8834,8835,8892,8890,8945,8944
8892: 8835,8891,8836,8893,8945,8946
8893: 8836,8837,8894,8892,8946,8947
8894: 8837,8893,8838,8895,8947,8948
8895: 8838,8839,8894,8896,8948,8949
8896: 8840,8897,8839,8895,8949,8950
8897: 8840,8841,8896,8898,8950,8951
8898: 8842,8952,8841,8897,8951
8899: 8842,8952,8953,8843,8900
8900: 8843,8844,8901,8954,8899,8953
8901: 8844,8900,8954,8845,8902,8955
8902: 8845,8846,8903,8956,8955,8901
8903: 8846,8902,8956,8847,8904,8957
8904: 8847,8848,8958,8957,8905,8903
8905: 8848,8904,8958,8849,9616,9623
8906: 8852,8853,8907,9423,8959
8907: 8854,8853,8908,8906,8959,8960
8908: 8854,8907,8855,8909,8960,8961
8909: 8855,8856,8910,8908,8961,8962
8910: 8856,8909,8857,8911,8962,8963
8911: 8857,8858,8910,8963,8964,8912
8912: 8913,8965,8858,8911,8859,8964
8913: 8912,8965,8966,8859,8860,8914
8914: 8915,8967,8860,8861,8913,8966
8915: 8914,8967,8861,8862,8916,8968
8916: 8968,8969,8862,8915
8917: 8969,8864,8918,8970
8918: 8971,8970,8865,8864,8917,8919
8919: 8920,8972,8865,8866,8918,8971
8920: 8972,8973,8919,8866,8867,8921
8921: 8922,8974,8867,8868,8920,8973
8922: 8921,8974,8868,8869,8923,8975
8923: 8924,8976,8975,8870,8869,8922
8924: 8923,8976,8870,8871,8925,8977
8925: 8926,8977,8978,8871,8872,8924
8926: 8925,8978,8872,8873,8927,8979
8927: 8979,8980,8928,8873,8874,8926
8928: 8927,8980,8874,8929,8981
8929: 8982,8981,8876,8928,8930
8930: 8931,8983,8876,8877,8982,8929
8931: 8930,8983,8984,8877,8932
8932: 8933,8985,8878,8879,8931
8933: 8932,8985,8879,8880
8934: 8935,8987,8881,8880
8935: 8934,8987,8881,8882,8936,8988
8936: 8988,8989,8882,8883,8935,8937
8937: 8938,8990,8883,8884,8936,8989
8938: 8937,8990,8991,8885,8884,8939
8939: 8940,8992,8885,8886,8938,8991
8940: 8939,8992,8886,8887,8941,8993
8941: 8942,8993,8994,8887,8888,8940
8942: 8941,8994,8888,8889,8943,8995
8943: 8995,8996,8889,8890,8942,8944
8944: 8945,8997,8890,8891,8943,8996
8945: 8998,8997,8944,8891,8892,8946
8946: 8947,8999,8892,8893,8998,8945
8947: 8946,8999,9000,8893,8894,8948
8948: 8949,9001,8894,8895,8947,9000
8949: 8948,9001,9002,8895,8896,8950
8950: 8951,9003,8896,8897,8949,9002
8951: 8950,9003,8897,8898,8952,9004
8952: 8898,8899,8953,8951,9004,9005
8953: 8899,8952,8900,8954,9005,9006
8954: 8900,8901,8953,8955,9007,9006
8955: 8902,8956,8901,8954,9007,9008
8956: 8902,8903,8955,8957,9008,9009
8957: 8904,8958,8903,8956,9009,9419
8958: 8904,8957,8905,9623,9419
8959: 8960,8906,8907,9568,9625
8960: 8959,8907,8908,8961
8961: 9010,8962,8908,8909,8960
8962: 9011,9010,8961,8909,8910,8963
8963: 9012,8964,8910,8911,9011,8962
8964: 9012,8963,8911,8912,8965,9013
8965: 8912,8913,8966,9013,9014,8964
8966: 8913,8965,9014,8914,8967,9015
8967: 8914,8915,9016,9015,8966,8968
8968: 8916,8969,9017,8915,8967,9016
8969: 8916,8917,8968,9018,9017
8970: 8918,8971,8917,9018,9019
8971: 8918,8970,8972,8919,9019,9020
8972: 8920,8973,8919,9021,8971,9020
8973: 8920,8972,9021,8921,8974,9022
8974: 8921,8922,8973,8975,9022,9023
8975: 8923,8976,8922,8974,9023,9024
8976: 8923,8924,8975,8977,9024,9025
8977: 8925,8978,8924,8976,9025,9026
8978: 8925,8926,8977,8979,9026,9027
8979: 8927,8980,8926,8978,9027,9028
8980: 8927,8979,8928,8981,9028,9029
8981: 8982,8929,8980,8928,9029,9030
8982: 8929,8981,8930,8983,9030,9031
8983: 8930,8931,8984,8982,9031,9032
8984: 8931,8983,8985,9032,9033
8985: 8932,8933,8984,9033
9825: 
8987: 8934,8935,8988,9035
8988: 8936,8989,8935,8987,9037
8989: 8936,8988,8937,8990,9037,9038
8990: 8937,8938,8991,8989,9038,9039
8991: 8938,8990,8939,8992,9039,9040
8992: 8939,8940,9041,8991,8993,9040
8993: 8941,8994,9042,8940,8992,9041
8994: 8941,8942,8993,9043,9042,8995
8995: 8943,8996,9044,8942,8994,9043
8996: 8943,8995,9044,8997,8944,9045
8997: 8998,8945,8944,9045,9046,8996
8998: 8945,8997,9046,8946,8999,9047
8999: 8946,8947,9000,9047,9048,8998
9000: 8947,8999,9048,8948,9001,9049
9001: 8948,8949,9002,9000,9049,9050
9002: 8949,9001,8950,9003,9050,9051
9003: 8950,8951,9052,9002,9004,9051
9004: 9053,9005,8952,8951,9052,9003
9005: 9053,9004,9054,8952,8953,9006
9006: 9055,9007,8953,8954,9005,9054
9007: 9055,9006,8954,8955,9008,9617
9008: 9009,8956,8955,9007,9617
9009: 9008,8956,8957,9419
9010: 9011,8961,8962
9011: 9010,8962,9012,8963,9056
9012: 8963,8964,9011,9013,9057,9056
9013: 8965,9014,9012,8964,9057,9100
9014: 8965,8966,9013,9015,9100,9059
9015: 8967,9016,8966,9014,9059,9060
9016: 8967,9015,8968,9017,9060,9061
9017: 8968,8969,9018,9016,9061,9062
9018: 8969,9017,8970,9062,9063
9019: 9063,8971,8970,9020
9020: 9065,8971,8972,9021,9019
9021: 8972,8973,9065,9066,9020,9022
9022: 9023,9067,8973,9021,8974,9066
9023: 9022,9067,8974,8975,9024,9068
9024: 9025,9069,9068,8976,8975,9023
9025: 9024,9069,8976,8977,9026,9070
9026: 9027,9070,9071,8977,8978,9025
9027: 9026,9071,8978,8979,9028,9072
9028: 9072,9073,8979,8980,9027,9029
9029: 9030,9074,8980,8981,9028,9073
9030: 9029,9074,9075,8982,8981,9031
9031: 9032,9076,8982,8983,9030,9075
9032: 9031,9076,9077,8983,8984,9033
9033: 9078,8984,8985,9032,9077
9998: 
9035: 9080,9079,8987
9780: 9895,9840,9937
9037: 9081,9082,8988,8989,9038
9038: 9039,9083,8989,8990,9037,9082
9039: 9038,9083,9084,8990,8991,9040
9040: 9085,8991,8992,9041,9039,9084
9041: 8992,8993,9042,9040,9085,9086
9042: 8993,8994,9043,9041,9086,9087
9043: 8994,9042,8995,9044,9087,9088
9044: 8995,8996,9043,9045,9088,9089
9045: 8997,9046,8996,9044,9089,9090
9046: 8998,8997,9045,9047,9091,9090
9047: 8999,9048,8998,9046,9091,9092
9048: 8999,9000,9047,9092,9093,9049
9049: 9050,9094,9000,9048,9001,9093
9050: 9049,9094,9095,9001,9002,9051
9051: 9096,9002,9052,9003,9050,9095
9052: 9003,9053,9004,9051,9096,9097
9053: 9004,9005,9054,9052,9098,9097
9054: 9053,9005,9055,9006,9098
9055: 9007,9006,9054,9448,9617
9056: 9057,9011,9012
9057: 9056,9012,9013,9100,9099
9958: 9818
9059: 9100,9634,9014,9015,9101,9060
9060: 9102,9101,9016,9015,9059,9061
9061: 9103,9062,9016,9017,9102,9060
9062: 9103,9104,9061,9018,9017,9063
9063: 9019,9105,9018,9104,9062
9064: 
9065: 9107,9066,9106,9020,9021
9066: 9107,9065,9021,9022,9067,9108
9067: 9022,9023,9109,9108,9066,9068
9068: 9024,9069,9110,9023,9067,9109
9069: 9024,9025,9111,9110,9068,9070
9070: 9026,9071,9112,9025,9069,9111
9071: 9026,9027,9070,9113,9112,9072
9072: 9028,9073,9114,9027,9071,9113
9073: 9028,9072,9114,9029,9074,9115
9074: 9029,9030,9075,9115,9073,9116
9075: 9030,9074,9031,9076,9116,9117
9076: 9031,9032,9077,9075,9117,9118
9077: 9032,9076,9033,9078,9118,9119
9078: 9033,9120,9077,9119
9079: 9035,9080,9121,9120
9080: 9035,9079,9121,9122,9081
9081: 9037,9082,9123,9080,9122
9082: 9037,9081,9123,9038,9083,9124
9083: 9038,9039,9084,9082,9124,9125
9084: 9039,9083,9040,9085,9126,9125
9085: 9040,9127,9126,9041,9084,9086
9086: 9128,9087,9041,9042,9127,9085
9087: 9129,9128,9086,9043,9042,9088
9088: 9130,9089,9043,9044,9129,9087
9089: 9130,9088,9044,9045,9131,9090
9090: 9091,9131,9132,9045,9046,9089
9091: 9090,9132,9046,9047,9133,9092
9092: 9133,9134,9093,9047,9048,9091
9093: 9134,9092,9048,9049,9094,9135
9094: 9049,9050,9135,9136,9095,9093
9095: 9050,9094,9136,9051,9137,9096
9096: 9051,9137,9138,9052,9095,9097
9097: 9098,9052,9053,9138,9096
9098: 9097,9053,9054
9099: 9100,9634,9057
9100: 9059,9634,9099,9013,9014,9057
9101: 9102,9060,9059,9634,9139
9102: 9101,9060,9103,9061,9139,9140
9103: 9104,9061,9062,9102,9141,9140
9104: 9103,9062,9105,9063,9141,9142
9105: 9063,9104,9143,9142
9106: 9107,9065,9143,9144
9107: 9065,9066,9106,9108,9144,9145
9108: 9067,9109,9107,9066,9145,9146
9109: 9067,9108,9110,9068,9146,9147
9110: 9069,9111,9068,9109,9148,9147
9111: 9069,9110,9070,9112,9148,9149
9112: 9070,9071,9113,9111,9149,9150
9113: 9071,9112,9072,9114,9150,9151
9114: 9072,9073,9113,9115,9151
9115: 9074,9073,9114,9116,9153
9116: 9153,9154,9074,9075,9115,9117
9117: 9118,9155,9075,9076,9116,9154
9118: 9117,9155,9156,9076,9077,9119
9119: 9157,9077,9078,9118,9156
9120: 9078,9079,9121,9157,9158
9121: 9080,9079,9122,9120,9158,9159
9122: 9080,9121,9081,9123,9159,9160
9123: 9081,9082,9122,9160,9161,9124
9124: 9125,9162,9082,9123,9083,9161
9125: 9124,9162,9163,9083,9084,9126
9126: 9127,9085,9084,9125,9163
9127: 9085,9126,9128,9086,9165
9128: 9129,9086,9087,9127,9165,9166
9129: 9128,9087,9130,9088,9166,9167
9130: 9088,9089,9129,9131,9167,9168
9131: 9090,9132,9130,9089,9168,9169
9132: 9091,9131,9090,9133,9170,9169
9133: 9134,9092,9091,9132,9170,9171
9134: 9133,9092,9093,9135,9172,9171
9135: 9094,9136,9134,9093,9172,9173
9136: 9094,9135,9095,9137,9173
9137: 9138,9096,9136,9095
9138: 9137,9096,9097
9139: 9438,9407,9102,9101,9140
9140: 9141,9102,9103,9139,9407
9141: 9174,9140,9103,9104,9142
9142: 9175,9104,9105,9174,9141
9143: 9175,9105,9106,9144,9176
9144: 9177,9145,9176,9107,9106,9143
9145: 9177,9144,9107,9108,9178,9146
9146: 9179,9178,9109,9108,9145,9147
9147: 9180,9148,9109,9110,9179,9146
9148: 9181,9180,9147,9111,9110,9149
9149: 9182,9150,9111,9112,9181,9148
9150: 9182,9183,9149,9113,9112,9151
9151: 9184,9113,9114,9183,9150
9738: 9754,9885
9153: 9186,9116,9154,9115,9185
9154: 9186,9116,9153,9117,9155,9187
9155: 9117,9118,9156,9187,9188,9154
9156: 9118,9155,9188,9119,9189
9157: 9119,9190,9189,9120,9158
9158: 9191,9159,9120,9121,9190,9157
9159: 9191,9192,9158,9121,9122,9160
9160: 9193,9161,9122,9123,9192,9159
9161: 9193,9160,9123,9124,9162,9194
9162: 9124,9125,9163,9195,9194,9161
9163: 9125,9162,9195,9126
9164: 
9165: 9198,9166,9127,9128,9197
9166: 9199,9198,9165,9129,9128,9167
9167: 9200,9168,9129,9130,9199,9166
9168: 9200,9167,9130,9131,9169,9201
9169: 9170,9202,9201,9131,9132,9168
9170: 9202,9169,9132,9133,9203,9171
9171: 9172,9203,9133,9134,9170
9172: 9171,9134,9135,9173
9173: 9340,9135,9136,9172
9174: 9141,9444,9142,9497
9175: 9143,9142,9176,9497
9176: 9177,9144,9175,9143,9596
9177: 9144,9145,9176,9178
9178: 9179,9146,9177,9145,9205
9179: 9178,9146,9180,9147,9206,9205
9180: 9181,9148,9147,9179,9206,9207
9181: 9180,9148,9182,9149,9207,9208
9182: 9183,9149,9150,9181,9208,9209
9183: 9182,9150,9184,9151,9209,9210
9184: 9151,9185,9183,9210,9211
9185: 9184,9186,9153,9211,9212
9186: 9153,9154,9185,9187,9213,9212
9187: 9155,9188,9186,9154,9213,9214
9188: 9155,9156,9187,9214,9215
9189: 9190,9157,9156,9216,9215
9190: 9157,9189,9191,9158,9216,9217
9191: 9192,9158,9159,9190,9217,9218
9192: 9191,9159,9193,9160,9218,9219
9193: 9160,9161,9192,9194,9219,9220
9194: 9162,9195,9193,9161,9220
9195: 9162,9163,9194,9222
9935: 
9197: 9198,9165,9223,9224
9198: 9199,9165,9166,9197,9224,9225
9199: 9198,9166,9200,9167,9225,9226
9200: 9167,9168,9199,9201,9227,9226
9201: 9202,9169,9200,9168,9227,9297
9202: 9170,9169,9201,9203,9297
9203: 9171,9170,9202,9317
9204: 
9205: 9206,9179,9178
9206: 9205,9179,9180,9207
9207: 9228,9467,9181,9180,9206,9208
9208: 9229,9209,9181,9182,9207,9228
9209: 9230,9229,9208,9182,9183,9210
9210: 9231,9211,9183,9184,9230,9209
9211: 9231,9210,9232,9184,9185,9212
9212: 9233,9213,9185,9186,9211,9232
9213: 9233,9212,9186,9187,9234,9214
9214: 9235,9234,9187,9188,9213
9215: 9236,9216,9188,9189,9235
9216: 9237,9236,9215,9190,9189,9217
9217: 9238,9218,9190,9191,9237,9216
9218: 9238,9239,9217,9191,9192,9219
9219: 9240,9220,9192,9193,9239,9218
9220: 9240,9219,9241,9193,9194
10032: 9582,9375
9222: 9242,9195,9243,9223
9223: 9243,9197,9222,9224
9224: 9225,9197,9198,9223
9225: 9224,9199,9198,9226
9226: 9227,9199,9200,9225
9227: 9226,9600,9200,9201,9297
9228: 9207,9467,9229,9208,9478
9229: 9230,9208,9209,9228
9230: 9229,9209,9231,9210
9231: 9210,9211,9232,9230
9232: 9231,9211,9233,9212
9233: 9213,9212,9232,9234
9234: 9214,9233,9213
9235: 9214,9236,9215
9236: 9237,9216,9215,9235
9237: 9236,9216,9238,9217
9238: 9239,9217,9218,9237,9640
9239: 9238,9218,9240,9219,9640
9240: 9219,9220,9241,9239
9241: 9240,9220
9242: 9222,9243
9243: 9223,9222,9242,9501
9244: 
9245: 9635
9246: 
9247: 2,3
9248: 9441,9590
9249: 9562,5643
9250: 
9251: 9255,9637
9252: 9355,9588,9622
9253: 
9254: 
9255: 9251
9256: 4137,4036,9489
9257: 9551,9612,466
9258: 9538,9573,9498
9259: 9430,112,151,152
9260: 
9261: 
9262: 
9263: 9461
9264: 
9265: 9306
9266: 9348
9267: 
9268: 197,243,244
9269: 4236,4136,4337
9270: 9276
9271: 8850,9616,9628
9272: 
9273: 9326
9274: 9299
9275: 19
9276: 9270
9277: 
9278: 
9279: 9481
9280: 
9281: 9586
9282: 
9283: 
9284: 
9285: 
9286: 2192,2284,9510
9287: 9502,9322,9313,9403
9288: 9464,9431
9289: 
9290: 9478,9467,9477
9291: 
9292: 
9293: 
9294: 9503
9295: 
9296: 1245
9297: 9202,9201,9227,9600
9298: 9536
9299: 9639,9274
9300: 
9301: 9561
9302: 5144,5043,9574,9408,5244
9303: 
9304: 2754,2753,2659,2850
9305: 9471
9306: 9265
9307: 
9308: 
9309: 6899,9601
9310: 7777,9508,9458
9311: 9367
9312: 9413,9426
9313: 9315,9502,9287
9314: 
9315: 9313
9316: 406
9317: 9203
9318: 
9319: 
9320: 9409,9342
9321: 
9322: 9287,9445,9403
9323: 
9324: 9473
9325: 
9326: 9273
9327: 9542,9630
9328: 3834,9569,3935
9329: 9487
9330: 9506,9570
9331: 9489,4338,4438
9332: 9374
9333: 
9334: 
9335: 
9336: 
9337: 9339
9338: 77
9339: 9337
9340: 9173
9341: 
9342: 9357,9320
9343: 
9344: 
9345: 
9346: 
9347: 
9348: 9266
9349: 9391
9350: 
9351: 9411
9352: 
9353: 9356
9354: 9458,9550
9355: 9588,9252
9356: 9353
9357: 9342,9397
9358: 9577
9359: 
9360: 9452,9583
9361: 
9362: 9529
9363: 
9364: 1747,1834,9608
9365: 9495
9366: 9553
9367: 9311
9368: 
9369: 
9370: 9526,9570
9371: 
9372: 
9373: 
9374: 9332
9375: 9620,10032,9582
9376: 
9377: 
9378: 
9379: 
9380: 
9381: 
9382: 
9383: 9589
9384: 9475
9385: 
9386: 9544
9387: 
9388: 
9389: 
9390: 9436
9391: 9349
9392: 9633
9393: 
9394: 6427,6522,9455,9410
9395: 
9396: 9597,9425
9397: 793,864,9357
9398: 9476
9399: 9500
9400: 9531
9401: 5940,6038
9402: 9499,9465
9403: 15,16,9502,9287,9322,14
9404: 
9405: 
9406: 9512
9407: 9139,9438,9140,9444
9408: 9574,5043,9302
9409: 9320
9410: 6522,9455,9394,9578
9411: 9351
9412: 
9413: 9426,9312
9414: 
9415: 
9416: 
9417: 9494
9418: 3437,3536,9424
9419: 8958,8957,9009
9420: 9618,9613
9421: 
9422: 9442
9423: 9568,8906
9424: 9418
9425: 9597,9396
9426: 9413,9312
9427: 
9428: 9527,11,12
9429: 9480
9430: 9259,152,153
9431: 9464,9288
9432: 
9433: 9506
9434: 9447
9435: 9540
9436: 9390
9437: 
9438: 9139,9407
9439: 9527,9,10
9440: 
9441: 9248,9590
9442: 9422
9443: 1088,1165
9444: 9174,9407
9445: 9611,9322,14
9446: 
9447: 9434
9448: 9055,9617
9449: 
9450: 
9451: 
9452: 9583,5841,9360
9453: 9622
9454: 9602,5143
9455: 6427,6522,9394,9410,6523,9578,6618
9456: 9545
9457: 
9458: 9354,9550,7859,9310,7940
9459: 9633,9483
9460: 9580
9461: 9263
9462: 
9463: 
9464: 9431,9288
9465: 9402,9499
9466: 9525
9467: 9207,9228,9477,9478,9290
9468: 
9469: 
9470: 
9471: 9305
9472: 
9473: 9324
9474: 
9475: 9384
9476: 9398
9477: 9467,9290
9478: 9290,9228,9467
9479: 9595
9480: 9429
9481: 9279
9482: 9574
9483: 9633,9459
9484: 
9485: 
9486: 
9487: 9329
9488: 9514
9489: 9331,9256,4137
9490: 9539
9491: 
9492: 
9493: 245
9494: 6617,9417
9495: 9365,527,590,9530
9496: 
9497: 9596,9174,9175
9498: 9538,9258
9499: 9402,9465
9500: 9399
9501: 9243
9502: 9287,9313,15,16,9403
9503: 9294
9504: 9564
9505: 8792,8731
9506: 9330,9433
9507: 9558
9508: 9561,9310
9509: 
9510: 2101,2192,9286
9511: 7082,9601,7172
9512: 9406
9513: 
9514: 9488
9515: 42,41,18
9516: 9520
9517: 
9518: 
9519: 
9520: 9516
9521: 
9522: 9599
9523: 
9524: 
9525: 9466,9559
9526: 9370,9570
9527: 9439,9428,10,11
9528: 
9529: 9362
9530: 590,655,9495,656
9531: 9400
9532: 
9533: 
9534: 
9535: 9555
9536: 9298
9537: 
9538: 9573,9258,9498,4640
9539: 9490
9540: 9435
9541: 
9542: 9327
9543: 
9544: 9386
9545: 9456
9546: 9560
9547: 
9548: 
9549: 
9550: 9354,9458,8020,7940
9551: 9612,9257,466,528
9552: 
9553: 9366
9554: 1408,1491
9555: 9535
9556: 
9557: 
9558: 9507
9559: 9525
9560: 9546
9561: 9301,9508
9562: 5543,5643,5444,9249
9563: 
9564: 9504
9565: 
9566: 
9567: 9615
9568: 9423,8959,9625
9569: 3734,3635,3834,9328
9570: 9330,9526,9370
9571: 
9572: 
9573: 9538,9258,4741,4640,4842
9574: 9408,9482,9302
9575: 
9576: 865,939
9577: 9358
9578: 6618,9455,9410
9579: 1246,1327
9580: 9460
9581: 
9582: 10032,9591,9375
9583: 9452,9360
9584: 
9585: 
9586: 9281
9587: 
9588: 9355,9252
9589: 9383
9590: 9248,9441
9591: 9582
9592: 
9593: 
9594: 
9595: 9479
9596: 9497,9176
9597: 9425,9396
9598: 
9599: 9522
9600: 9227,9297
9601: 6991,9309,9511
9602: 9454
9603: 
9604: 
9605: 
9606: 
9607: 
9608: 9619,9364
9609: 
9610: 
9611: 9445
9612: 9551,9257
9613: 9618,9420
9614: 
9615: 9567
9616: 8849,9628,9623,8850,8905,9271
9617: 9055,9007,9008,9448
9618: 9420,9613
9619: 9608
9620: 9375
9621: 
9622: 9453,9252
9623: 9616,9628,8958,8905
9624: 2283,2376
9625: 9641,9568,8959
9626: 
9627: 
9628: 9616,9623,9271
9629: 
9630: 9327
9631: 7858,7939
9632: 
9633: 9459,9483,9392
9634: 9100,9059,9099,9101
9635: 9245
9636: 
9637: 9251
9638: 
9639: 9299
9640: 9238,9239
9641: 9625
9642: 
9643: 
9644: 
9645: 
9646: 
9647: 
9648: 
9649: 
9650: 
9651: 9942,9963,9831
9652: 9680
9653: 
9654: 
9655: 
9656: 
9657: 9853
9658: 9941
9659: 10033,9675
9660: 9661
9661: 9660
9662: 10001,9822
9663: 
9664: 10005
9665: 9874
9666: 
9667: 
9668: 9726,9784
9669: 
9670: 
9671: 9862
9672: 
9673: 9811
9674: 9830,9956
9675: 10033,9659
9676: 
9677: 
9678: 
9679: 9697
9680: 9652
9681: 
9682: 9949
9683: 
9684: 
9685: 
9686: 
9687: 9953
9688: 9864
9689: 9797,10000
9690: 
9691: 9889,9854
9692: 
9693: 9834,9947
9694: 
9695: 10034,9936
9696: 9724
9697: 9679
9698: 