14621: 15604,15332,14259,14361
28593: 
13143: 14522,13364,14109,13237,15268,13172
14985: 15531,15205,15348,13967,14439,14403
12849: 15428,14440,13018,14916,14993,13286
14615: 14193,15478,13813,12881
14328: 13161,13521,14581,13191,14494,15731
15299: 13028,15310,14113,14077,14163
15380: 14770,13698,15750,14929,14338,13491
15145: 14374,15204,14563,13517
13511: 14024,13300,14267,13188,14116,14613
13765: 13209,14234,13952,13550,15179,15486
14273: 12965,14474
15510: 13590,14731,15193,13399,13910,15036
14172: 15796,15429,14506,13745,14064,12819
15340: 13479,13879,15351,14269,15535,13605
13959: 15320,13747,13700,12888,14764,15071
14722: 15414,13322,13402,12905,15495,15005
15448: 14863,15344,14353,15603,13448,15675
13438: 13400,15586,15268,15782,13356,13364
14250: 13151,15150,15162,14556,13489,14681
13724: 14632,13476,13910,14731,14154,13796
13533: 14560,15010,15795,14179,15115,15735
12829: 15585,13491,13050,14338,15760,14651,15480
12939: 12887,13061,13398,14293
12855: 14777,14565,14729,14641,14705,15514
14343: 13761,15386,13934,14769,14599,15229
13151: 14048,14250,15150,15162,13114,12899
13942: 14643,14848,13974,13935,12896,14739
15785: 13855,14061,14507,13677,13078,14155
13420: 14292,14318,13851,14397,15792,14347
13886: 13117,13657,13559,13195
14390: 15689
14436: 13168,13225,14225,15551,13996,13777
13061: 14139,13554,13596,14875,12939
14824: 13600,14959,13495,13244,13733
15666: 13586,15029,13522,12870,13774,13111
13488: 14552,13804,13850,13471
14556: 13531,13489,13316,13317,14250,15162
14112: 14505,13603,12983,15632,13794,15362
13025: 15591,15060,14776,13735,13908,14571
13894: 14747,13506,14840,14645,13338,15744
13263: 14913,13207,15530,13208,14520,14057
12840: 13474,14534,13943,13933,13938,13632
14405: 13259,14108,15261
14881: 13633,13042,14483,13476
15804: 13212,13357,15369,13840,14503,13727
13753: 12984,15200,12922,13508,13866,13171
14598: 15076,14330,13163,15136,14444,13416
15338: 15283,13226,13649,14485,15189,15397
14998: 15751,13574,14815,13175,14844,15323
14252: 14192,14186,14789
14488: 14937,15108,14205,15185,15103,12944
15372: 13650,15770,15503,14450,12948,14644
15484: 15696,13772,13219,13642,13308,13615
15779: 15222,12856,13236,15627,15795,13345
14108: 13564,14405,15261
13302: 14617
15116: 14498,14923,14014,14941
14833: 12949,15297,15390,15154,13854
15737: 14865,15152,13521,14494,15559,14636
15482: 13531,13489,14294,13825,13577,15473
12958: 15222,15645,12856,15455,14021,12908
15178: 13386,14902,15571,14136
15254: 13213,14627,13685,14906,14620
13948: 15363,13821
14438: 14980,15105,14585,14322,15371,14606
14923: 15116,13165
15373: 13425,13714,14431,15079,14240
14809: 15350,13993,13363
14802: 13964,12998,13027,14822,15573,14758
13070: 15248,15260,12913,13116,13346,13119
15519: 14084,14633,15008,13396,13889,13968
15363: 13948,13687,14991,13559,14181
15792: 14999,14334,13612,14397,13420,13851
14683: 14360,14986,15781,12935,14161,14490
14079: 13653,13529,14243,13068,14826,14974
15791: 13336,15546,14348
14024: 14519,15146,13300,13511,14613,13252
15721: 13877,13630,14552,15598
12911: 12837,15697,14292,14318,13309,13969
15760: 14338,13066,12829,14876,13333,14651
15698: 14611,13546,13593,14092,14041,13704
14920: 13126,15501,14265
14650: 15447,15371,15419,13002,14726,13890
15002: 12920,14576,15305,13356,13986,28685,14034
15244: 15622,14522,14109,14573,14200,13812
14178: 15186,15709,14513,15196,14129,12933
15730: 13247,14906,14620,15710
15150: 14048,13151,14250,15450,15389,14681
14893: 15170,14389,15436,15685,13098,14299
15332: 15442,12883,12965,14621
15296: 14290,12936,13097,15139,13788,14628
13814: 15453,14962,14412,14261,15669,15516
14323: 14261,14233,15125,13199,14622,14962
14369: 13916,14883,14209,14827,13503,14593
14361: 14733,13089,14199,15539,14259,14621
15293: 15294,13037,12924,13245,15470,15754
13301: 14946,14785,14852,15663,13674,12863
14921: 13086,12941
15092: 13478,14867,15511,13361,14759,14364
15201: 12830,15428,15492,15415,13611,13627
13808: 14608,13381,14210,14191,13532,14104
14929: 14338,13066,15247,14770,15380,14579
14999: 15792,14334,13612,13099,15599,15143
15024: 15017,15180,15240,14605,12973,13081
12932: 14458
13297: 14950,12825,14532,13272,13719,15311
15745: 15314,13482,15777,15500,15132,15141
14391: 14496,15712,13277,12997,13769,13047
15688: 15693,15129,13883,13432,13480,15561,14074
13010: 
14186: 13253,13805,13223,14192,14252
15403: 13830,13135,15191,15073,14838
14808: 14284,12931,13041,15047,14135,12907
13553: 14326,14434,14268,14976,13095,14394
14742: 14244,14864
14585: 14438,14980,15105,15316,15523,13810
15343: 15783,13313,14134,15460,15147,14793
13793: 13985,14897,14069,13633,14422
13952: 13765,14234,14588,15486,14504,13197
13414: 13729,13434,14716,15068,14069
13938: 14038,13372,12840,13933,13632,14067
13222: 15187,15515,15382
14594: 14515,13540,14721,13635,13448,15675
13281: 14574,14090,14392,14776,13834,13443
15589: 13928,13399,14257,15251,14871,15193
12994: 15414,13322,13858,13695,14817,13926
14666: 
12990: 14255,13572,14274,14859,15157,13823
15427: 14604,13895,15174,13614,14588,14571
13181: 13738,14365,15138,12846,13431
13503: 15240,14593,14850,14781,14369,14827
15370: 13730,14938,13080,14478
13646: 15659,14908,12822,15164
14828: 13767,14363,12847,14641,14705,15165
14489: 15217,15628,15049,13888,15277
13278: 12900,14003,13093,13415,15015,14452
13446: 15085,13995,15181,14272
13267: 13235,15578,14957,12867
12936: 14290,15086,13097,14528,15296,14930
14448: 15665,14173,13552,14526,13558,15457
14606: 12969,13890,15371,14438,14980,15197
15139: 13761,15386,14658,14290,15296,14628
15061: 13891,14820,14149,13590,15167,13920
15761: 14501,14878,14623,14241,13453,14989
14898: 15498,14254,14433,14126,13661,14836
14812: 13184,12927,15214,14676,14578,13017
14428: 15775,14899,13925,12828,14415,13057
13873: 13194,15620,13536,14243
14003: 12900,14376,13278,13589,14857,13093
13119: 13250,15796,14506,13346,13070,12913
14949: 14047,14046,13878,14075,12904
15420: 13718,14420,13642,14813
13833: 13652,14592,15656,15715,13142,14713
14835: 15070,15098,13522,14089,13774,14080
13248: 15367,12957,15629,13428,14952,15762
14477: 13483,14685,13627,15769,14591,15492
14532: 13297,14950,13811,15245,13272,13601
12965: 14296,14273,12883,15332
15418: 
15253: 14244,14046,15011,15357
15645: 15222,14179,12958,12908,13087,13343
13684: 14333
15654: 13737,14842,15220,15096,15503,13736
14587: 12850,13880,13965,14455,14278,13502
12896: 13310,13055,13822,14739,13942,14848
15557: 12818,14305,14832,14319,15269,15623
15506: 14263,15301,13454,15122,14990,13542
15151: 14762,14928,14053,15283,13226,15263
13924: 
14364: 15508,14215,15092,15511,14131,13361
15432: 13289,15087,14637,14936,15458,13689
13976: 13444,15104,15574,14237,14472,14618
13286: 15680,14993,13828,13906,14916,12849
13583: 13092,14728,14427,13688,14925
13702: 13054,13527,14734
13044: 15042,14743,14456,13487,14642,13945
14912: 13265,13193,13127,14659,13122,14603
14351: 
14642: 15486,13945,14504,13270,13487,13044
14684: 13825,14553,15450,15618,14681,14964
14179: 15222,15645,13087,15735,13533,15795
15238: 13466,14416,13124,13903,12831,12868
15434: 13867,14562,14795,15736,13052,13007
15071: 14764,15033,13959,13700,15691,15306
13124: 15238,14416,13723,12831,14782,15491
14543: 15512,13987,14346,14772,14384
13839: 15474,13341,14053,15204,13711,13401
15608: 13767,14363,13638,15200,14487,13516
13299: 14935,12842
14214: 12986
14322: 14097,14702,15447,15371,14438,15105
15261: 14405,14108
12814: 14078,15552,13923,15564,14568,15241
14027: 13707,15423
14338: 14929,13066,15760,15380,13491,12829
14601: 14464,13416,15741,14330,13413,15225
15573: 14822,15352,14913,14995,14802,14758
13398: 14235,14293,12939,12887,12931,13036
14559: 15055,14312,13752,15003,13328,15419
15579: 14453,13768,15346,14303,13406,15575
12838: 15449,14320,14237,15677,15574,13662
14751: 12885,15446,14148,13669,15701,15356
13957: 15054,12815,14037,13982,13456,13939
14861: 13176,15640,13264,13152,15353,12953
13708: 14486
14926: 13083,14497,13327,13060,13784,13972
13230: 14344,13828,13906,13260,13072,14005
13930: 
15530: 13719,12879,15311,13207,13263,14057
15590: 14610,13421,13149,13243,14544,14117
13496: 13797,14147,14622,15125,13738,14365
13794: 14505,14112,14975,15700,15362,14693
14496: 12963,15712,14391,13277,13246,14127
14134: 15783,15343,13313,15033,14849,15306
13928: 15589,13399,14257,13836,13845,12859
15669: 15606,15516,15544,13342,14261,13814
15801: 13041,15047,14372,13545,13803,14903
15662: 14618,15499,14779,15132,14740,15141
13781: 13114,15190,12886,15237,12999,13418
12826: 13024,14145,14854,15642,15438,13931
14939: 14408,15596,14221,14055,13174,15597
12919: 
14535: 15270,12816,13673,15633,14816,14115,14987
13240: 15019,13705,13360,13949,15480,13655
15390: 15297,14833,15043,13841,15154,13692,15155
13266: 15638,13137,12942,14981
15472: 13467,15361,12817,15748,14279,14447
13361: 14759,13917,13220,15092,15508,14364
14798: 14185
13841: 15646,14646,13986,15154,15155,15390
15538: 13436
14990: 15703,12859,13542,14263,14638,15506
14063: 13451,15668,15230,12953,14138,13806
14580: 15406,14945,15028,13668,15198,14335
14226: 13115,15096,14761,12880,15747,13650
13690: 15091,15134,13475,14110,12888,14764
14624: 14117,14171,12833,13149,13898,13142
13732: 12835,14993,13018,14888,13739,15769
13994: 14673,13838,15144,14538
13936: 15686,15536,14035
15755: 15469,13296,14959,13000,15224
13899: 13009,12917,14231,14059,13972,13748
13096: 13138,14278,15187,14612,14107
15731: 13939,13501,14856,14328,13191,14494
15246: 13409,14652,14174,15379
14429: 14660,13469,12945,13999,15601,13423
13085: 12996,14892,13187
12979: 14419,15439,14971,14483,15570,13958,13130
14301: 13998,12921,13108,14424,15329
13463: 15699
13442: 13435,13282,15387,15561,15797,14074
14844: 13175,13664,14105,13598,14998,13574
13421: 13639,15590,14610,14251,14219,13243
13212: 15804,13357,13727,15443,13597,14771,15321
14354: 13680,13445,13587,14662,14443,15135
14696: 14616,15183,14385,13966,12839,13842
13213: 15254,14627,14794,15706,13319,13685
14944: 15171,13967,14872,15468,15367,15348
13147: 15717,13625,14850,15069,14281,13107
14706: 14430,13026,15295,15592,14584,15615
15562: 15493,13133,13284,12946,13721
15309: 15284,13791,14927
14877: 13115,15220,14070,15395,13256,13893,14357
12931: 14808,14284,13036,14614,13398,12907
15051: 15415,13611,14232,14562,14910,14268
13848: 15431,13452,13550,13896,13631,15179
15050: 15384,15385,15088,13652,15656,15732
15115: 15735,13258,13173,13671,13533,15010
13544: 14656,14784,15626,15106,13413,14411
13743: 13057,13149,13898,13929,14544,14661
15406: 14580,14945,13668,14908,12822
12886: 13114,13781,15190,13316,15213,15162
14350: 15788,15072,15720,13065,15412,13177
15750: 15331,12929,13698,15380,13491,13050
15278: 14744,14308,14719,13585,15695,14124
13277: 14496,14391,14127,13064,15658,13769
15534: 15302,13989,13254,13253,13805,15660
13319: 14725,13685,15320,15497,14794,13213
13174: 14907,13481,14221,14939,15084,15597
13412: 14668,14796,13565,14470,15129,14745
14483: 14632,15570,13476,14971,14881,12979
13911: 14531,13585,15584,15747,15770,13801
13562: 15631,13493,15018,14359,13350,13162
14143: 14700,15771,14423,13820,13710,14239
13458: 14073,13424,15812,14400
14309: 14362,15694,14906,15445
13520: 
14237: 12838,15449,15574,13976,14618,15499
15091: 13507,15134,13690,13639,13909,14110
14952: 13428,15081,15207,14872,15367,13248
13173: 15115,13258,13671,13164,15010,13664,14381
13378: 13354,15799,14904,15582
14359: 13383,15018,13562,14009,13790,13162
15322: 
13889: 13396,15716,15289,15519,14312,13752,13968
13823: 13519,15451,12990,14274,14859,15677
12839: 13966,15443,14696,13029,13842,15255
15057: 14124,13035,14567,13122,15584,13127
14554: 13525
14403: 14439,14133,13967,12992,14768,14985
15400: 15749,14036,15567,14105,13598,14310
14236: 13983,13713,13478,15631,15727,14759
12864: 14907,13481,13591,15283,13649,15263
14304: 14953,14800
13809: 15226,15328
14685: 13483,14477,14591,13440,14661,13978
14730: 14061,14972,14607,15522,14332,13067
13822: 13310,15597,12896,15596,15001,14739
15308: 13701,15638,12925,15569,13468
15089: 12890,13409,12967,15267,14639
13858: 13153,13695,13349,14817,14723,12994
14497: 13083,14524,14926,13306,13535,13784
14410: 13737,13548,15643,15717,13262,13145
15777: 15745,13482,15500,15687,15052,13392
15142: 14811,13568,13339,15518,14408,14737
15732: 15719,12854,15385,15050,13652,15097
13003: 14946,13471,14785,13543
15441: 13178,15673,13165,14082
14246: 14695,13084,14348
14933: 13787,15714,14044,13274,15060,13908
15257: 15527,13492,14858,14164,14402,12962
14784: 14656,13544,13394,12988,13276,14411
15344: 14863,15448,15675,13241,13238,14183
14860: 13726,13594,14602,13063,15163,14378
15576: 14766,14474
15141: 13200,15662,14779,15132,15314,15745
13104: 14414,13973,15233,15746,15565,14882
13657: 13559,15603,14181,13886,14863,13195
13595: 15535,14659,15387,13500,15797,13193
14121: 14224,14032,13931,14098,15553,14421
14851: 13509,13405,15635,14201
14148: 15446,14751,14030,15462,13628,13669
13311: 14175,14570,13990,13276,13394
13329: 14248,15277,13279,13186,14467
12823: 
13759: 13314,13862,13666
13764: 
15326: 15408,14989,14878,13718,13411,14342
13790: 13905,14009,14167,13383,14359,13694
14050: 14491,15405,15307,14311,15625,14132
15614: 15245,14748,14335,15028,13647,13811
14185: 14798,13975,13013
14637: 15545,14340,15458,13689,15009,15432
13209: 14471,13765,14234,15494,15547,13550
15460: 15343,13313,15202,14793,15242,13547
14434: 14326,14268,13553,13611,13627,14591
13483: 14685,14477,15769,14888,13929,14661
15492: 15428,15201,13018,13627,14477,15769
14800: 13075,15704,14304,14887
12948: 15372,14450,12980,14644,15270,13673,14509
13223: 13079,13332,14186,14192
13260: 14344,13230,13154,14227,13541,14005
15140: 13189,14631,15303,14521,13656,15729
13236: 12898,15172,13748,15779,12856,13345
14291: 13620,13659,14388,14853,13462,13771
15291: 13622,14846,13869,15540,13229,12966
13666: 14362,15694,13759,13862,13762
14028: 13362,15671,13579,15764
13161: 14328,14581,13191,13776,12915,13843
13373: 14314,13720,13453,15408,14989
14663: 14396,15724
13476: 14483,14632,13724,13042,13844,13910,14881
13847: 14499,15700,15362,14087,14720,14125
14692: 12841,13757,14305,13879,15351,14708
13272: 14546,13601,13297,14532,13021,15311
13134: 15223,13904,14127,14277,14383,13246
13953: 14115,15044,13863,13621,15273,12943
14276: 14491,14162,14466,14106,15711,14765
13303: 13429,13216,13321,15032,13155,13242
15794: 13427,13536,14404,14100,15620
14414: 13104,15233,13914,12929,15746,15227
15099: 14432,14892,14982,15784,13430
13034: 14600,13229,12966,12934,14102,14564,15114
13917: 13361,14759,13220,14020,13582,15727
14064: 14874,12819,13584,12985,13745,14172
14626: 13786,15577,14247,13603,15632,14425
14476: 15655,14726,12897,13328,12959,14788
14900: 14068,14137,15364,13887,14778,15708
14609: 15436,14979,15702,13098,15022
13693: 14574,15595,13722,13291,13555,13551
15456: 15563,12971,15475
14384: 14212,14081,14543,14346,12924,14772
15533: 15619,15095,14151,13586,15365,13120
13850: 13804,13488,15239,14946,13471,14852
14997: 15176,13424,15228,13028,14073
13596: 14875,14195,13061
13877: 14297,15721,13630,15327
13117: 13886,13971,13195,13353
15149: 13485,14207,15126,13916,14883,13512
14336: 13905,14009,15537,13068,13427,14826
14461: 15475,13326
14149: 15061,13891,12963,13713,13920,15459
14381: 13175,13664,14557,13164,13173,14703
15605: 15767
14963: 13964,12998,13755,15739,13750,13343
15385: 15384,15050,15490,13379,15719,15732
15148: 12834,12878,15090,14694,13372,15805
15726: 12988,13276,14175,13340
15412: 14350,13065,13035,13177,13528,14724
15490: 13043,13315,14936,15384,15385,13379
15640: 13176,14861,12935,12953,14490,13806
13347: 14294,14492,15485,13513,15473,14697
15073: 14401,15403,14838
13960: 12992,14768,13367,14445,15740
15102: 14975,15058,14366,13073,13192,14505
13768: 13588,15536,14453,15579,14303
15725: 14619,15221
14916: 15042,14456,13828,13286,14440,12849
13087: 13750,15621,13343,14179,15645,15735
14515: 13540,12824,14594,15675,13238,14146
13056: 15683,14377,13620,13659,14341,13295
13598: 14844,14105,15400,13574,14310,14238
13874: 12853
13710: 13371,14451,14423,14143,14239
15143: 15599,13013,14999,14334,14555
13309: 14955,15617,14292,12911,14677,13969
14564: 12876,15114,13034,14600,14956
14310: 28680,28675,14238,13598,15400,15567,15495
14899: 13227,14428,15775,15471,13925,13739
15575: 13647,14960,15579,15346,13406,13887
15255: 15117,13842,14629,12839,14595,13029
13588: 13768,14096,15753
14528: 12936,15086,14076,13838,14051,14930
13385: 15369,15203,13513,14527,14697,14503
14788: 13922,12959,15312,14476,12897,13468
13121: 13634,13202,15518,14737,15001,15723
14229: 13295,14868,14285,14884,14341,14640
14007: 14180,13578,13206,15440,13892,15271
14511: 15531,15205,12884,12978,14873,12902
14367: 14970,12883,14674,15156,15442
13789: 14298,13389,15265,13613,13681,12873
14491: 14276,14162,14050,15405,14466,14311
14523: 14526,13558,14289,14479,15241,15325
13118: 14672,15221,14948,14972,14961,14370
15532: 15137,14443,15629,13498,13782,15318
13428: 14952,15081,15135,14443,15629,13248
12916: 14817,15461,14973,14258,14723,12930
13640: 14437,12967,14639,13995,14204
13785: 13465,15232,13683,13308,14635
15239: 13804,13850,15527,14858,12950,14852
15088: 15384,15050,13015,15360,15664,15656
15437: 14977,12875,13156,15485,14697,15203
13170: 14917
13585: 14531,13911,15695,15278,14124,15584
14469: 15587,14868,14339,15483,15388
14593: 13503,15180,15240,14369,14209,14302
14813: 15808,15420
12873: 13681,15157,13389,13789,14043,14255
13436: 15538
13896: 13270,13631,14227,13541,15179,13848
14445: 14332,15740,13067,15280,13960,13367
14256: 15463,14144,14799,14558,15185,12944
13058: 15328
13866: 13171,13184,13508,13665,13634,13753
13224: 15444,15394,13932,14986,13678,14399
15529: 13338,15652,13992,15259,14319,15269
13897: 13527,14648
13852: 15169
15193: 15510,13590,15589,13399,14871,14820
14278: 13138,13096,13502,14587,13880,14612
13063: 13430,14602,15784,14860,15163
13867: 14562,14910,15434,14795,14533,14029
14736: 15285,14774,13017,13686,13407,14308
14040: 14058,15376
14234: 13209,14471,13765,13952,13614,14588
13719: 12879,15530,13876,15311,13297,12825
15388: 15483,14113,14077,13038,14469
15376: 13298,15560,14058,14040
14721: 13540,13832,14594,12885,13635,15787
14019: 13332,14829,13254,15260,12913,12968
15584: 14124,14567,15057,13911,13585,13801
15284: 15309,13791,13676
14140: 12976,13201,12910,15183,14634
13755: 14085,14242,13656,14963,12998,15739
13426: 13859,13358,13016,15232,13557,14270
13368: 13792,13669,13108,14502,14424,14030,14169
14647: 14203,13346,14088,13864,15429,14506
14217: 13167,14895,13663,15768,14791,13870
13526: 12928,14054,13619,14371,13103,14752
12964: 13244,15638,13600,12942
14544: 13243,13440,14661,13149,13743,15590
12848: 15215,15757,13304,12871,14395,13443
14864: 14518,15276,14742,15357
13189: 15773,12954,14631,15140,15729,15319
14401: 15073,15541
13250: 13150,13232,13441,13119,15796,12913
13359: 15021
14372: 15011,15357,13545,15276,15801,15047
15772: 13205,12905,15495,15237,14157,28675
12942: 13318,12964,15638,13266,13600
14039: 13635,13448,13628,13871,14353,15446
14577: 15508,12977,13220,13305,13771,14321
13993: 15350,14809,13201
15136: 14563,13517,14444,15563,14598,13163
14379: 13485,14207,13560,14017
14331: 
13776: 13979,15007,15489,12915,13161,13191
14286: 14976,14029,13095,15316,15523,14006
13475: 15134,13690,15339,15783,14764,15033
14688: 15524,13651,14385,15066,13840,14295
14212: 14081,14384,15546,14904,14346,15582
15682: 14625,14965,15298,15247,12974,14770
13163: 14598,15076,15566,15475,15563,15136
14002: 
13546: 14611,15698,13593,15543,14895,13951
15213: 13316,14206,14062,14141,15190,12886
15120: 13091,15323,15751,13741,13504,13904
15636: 15021
13796: 14154,13580,14632,15570,13724,15487
14988: 15168
13674: 15663,15182,13301,13043,13315,12863
15524: 14688,13651,14385,15256,13051,15650
13978: 13440,15025,14685,14591,14326,14413
15025: 13243,13440,13978,13006,14413,14219
12961: 13365,14022,14198,13791,13676
12827: 
15509: 15401,14122,15789,15022,14184
14474: 14766,15576,14273,13581
13407: 15609,14744,14308,14578,14736,13017
13454: 15728,13090,15506,15301,15122,15421
13459: 14847,14678,12975
13062: 15118
13317: 13316,14206,13252,14556,13531,14664
13760: 
13607: 13608,14119,14409,15581,13110,14500
13739: 14888,13925,12835,13732,14899,15471
15415: 15051,13611,14232,15131,12830,15201
13926: 14896,13643,12930,14817,15414,12994
15716: 15289,13889,12865,15004,14312
15041: 15000,13288,14521,15046,13027,14085
15158: 13691,14417,14682,13268,15618,13746
14513: 15186,14178,14537,13387,12933,14418
13704: 14182,15349,14611,15698,14092,14879
15268: 13400,13438,15229,13143,13364,13237
13273: 13534,14579,14110,13909,14965,15247
13179: 14602,14373,14750,15784,14548,14982
15582: 12937,14904,13378,13354,14212,15546
13166: 13918,15416,15568,12892,13636,15580
14008: 15161,14830
14610: 13639,15590,13421,14117,14165,13507
13235: 14265,13267
13356: 15305,15782,13438,13364,15002,12920
13821: 15317,13676,13948
14590: 14748,14335,14945,13744,15250,14547
15128: 14886,15304,15780,13348
13774: 14089,14671,13111,15666,13522,14835
13934: 13140,13082,14769,15505,15356,14343,14599
13132: 15610,12890,13039,15267
13505: 14154,13580,15167,13983,13920,13350
15558: 13946,13265,13193,13435,13271,15387
13148: 14097,14702,13007,14481,15093,14795
15473: 13513,13961,15482,14294,13347,13577
13629: 14432,13901,14213
14289: 14523,13558,15325,14633,15358,14691
14374: 15204,15145,13099,14757,15474
13842: 15117,15255,12839,14696,14634
15160: 13388,13008,15339,14165,13507,15134
15383: 15766
15771: 14143,15424,14239,15392
13434: 15170,14389,14716,15234,14069,13414
14962: 15453,13814,14261,14323,13199,15773
13372: 13938,14038,15805,12834,15148,13933
13972: 13009,13899,13060,13083,14926,13748
14708: 13587,13944,14692,14305,15623,13879
15374: 12882,15622,13172,14109,14741,14473
14001: 12993,12877,15409,13182,14738,13449
14295: 13966,13727,13840,14688,14385
14620: 14906,14275,13685,15254,13247,15730
13920: 13983,13713,15061,14149,13505,15167
14480: 13019,13307,13264,15074,13387,14418
14487: 13217,15285,13516,14774,15608,14363
14943: 14432,13039,14982,13464,13901
15485: 14492,13347,14358,15437,12875,14697
13923: 14873,12902,13996,14078,12814,15564
15438: 15642,14654,14380,14412,13024,12826
15369: 15066,13385,15203,13840,14503,15804
13798: 13918,15416,13110,13537,15498,13626
13128: 14890,12918,14503,14775,14527,13961
12941: 15341,12945,14921,14660
15252: 15619,13843,14799,14581,14549,14144
15712: 12963,14496,14391,14867,15459,13047
15108: 14488,14937,13745,12944,14787,13584
15335: 14966,12854,13556,14596,14015,15112
13455: 14673,13135,14792,15191
14257: 15589,13928,13836,15479,13410,15251
14415: 12828,15040,14315,14428,15775,14126
13363: 13725,14809,15168
12918: 14890,15684,13128,14775,12860,14667
14518: 14614,14864,15276,12887,14195
13495: 15655,12897,13244,13733,14824
14834: 13971,14000,14951,13353,15707
14131: 15511,13384,14266,14682,14215,14364
12978: 15215,15757,14225,12884,14511,14873
15265: 13566,13982,13456,13613,14298,13789
14560: 13461,13533,15010,15627,13159,15795
14454: 14738,14536,14222,15195,15410,13432,13883
14785: 13003,14946,13301,15545,13543,12863
14820: 15061,13891,14383,14871,13590,15193
14083: 14922
12821: 13549,13949,14882,13973,15045,14313
12878: 14129,12834,15148,15090,12832,14710
14941: 13856,13165,14831,15116,14014,15617
13205: 15772,15101,12905,15237,14141,15190
13534: 13273,14579,14110,12888,15758,13747
13300: 14024,15146,13511,13188,14763,14508
15199: 13247,13486,12876,14253,15521
13861: 15515,13672
13758: 13818,13450,13131,14375,14087,13257
14242: 13755,13656,15729,14608,14210,15739
13316: 14206,15213,13317,12886,15162,14556
14038: 13938,13372,15805,14161,15394,14067
15163: 14860,13430,13063
12828: 14415,15040,12833,14428,13057,13898
15402: 14093,15812,13005,14629
13456: 13939,13501,13613,13957,13982,15265
13204: 13376,14153,15144
15626: 14656,13544,15076,14330,13413
15466: 13284,13337,12947,13606
13176: 14861,15640,13019,13264,12935,13853,15353
13164: 13088,14557,14541,13258,13173,14381
13820: 14423,14818,15813,14919,14700,14143
15277: 14248,13329,14489,15628,15049
12999: 13160,14773,13418,14157,15237,13781
15601: 13999,15676,13677,14429,13855,13423
13540: 14515,12824,14721,15274,13832,14594
13551: 13624,13787,14392,13722,14574,13693
14581: 13161,13521,14328,13843,15252,14549
13197: 13167,13663,13952,15174,14588,14504
13594: 13726,12895,14860,13417,14378
14101: 14771,14595,15321,15681,15228
13699: 14713,13014,14262,15715,13388,13008
13086: 14921
14703: 15307,14815,14337,14557,13175,14381
14855: 
13490: 
15190: 13781,12886,13205,15237,14141,15213
14076: 13900,15086,14528,13838
13541: 13896,13631,14227,15366,13154,13260
14228: 14071,13094,12884,15468,15205,15348
12857: 14011,14757,15599
13180: 14216,12836,14202,14395,13304,13617
13357: 13212,15804,14890,14503,14669,13597
14472: 14618,14779,13444,13976,14463,13033
15414: 13322,14722,12994,13643,13926,15005
13111: 13774,14671,13578,12870,15016,15666
14555: 14498,15143,13975,14334
13389: 13433,14298,13734,13789,12873,14043
14892: 15099,14432,13187,13085
15685: 15789,13098,13090,14389,14893,15421
13967: 15171,14944,12992,14985,15348,14403
13435: 15345,13271,13282,15387,13442,15558
14506: 15796,14172,15429,14647,13346,13119
14905: 13152,14539,12953,13670,15440,13451,15430
13254: 14019,14829,12968,15052,13989,15534,13253
14267: 13679,13185,14116,14613,14062,13511
14902: 12894,13386,15178
13200: 14307,13033,15256,15141,14779,15314
13282: 13435,15345,13442,13480,14551,14074
13031: 14717,14753,14846,13045,13683,13465
14277: 14127,14525,13064,13741,13904,13134
13752: 14312,14559,13889,13328,12959,13968
14956: 15153,13422,14600,12876,14564,15521
13269: 14406
13987: 15512,14543,15793,15049,14248,14346
13891: 15061,14820,14149,14383,12963,13246
13898: 13057,13149,13743,12828,12833,14624
15743: 13694,15417,14583,14167,14419,14938
14146: 14870,13238,14515,12824,15517,15281
15634: 
14072: 
14129: 12878,15090,12832,15196,14178,12933
13076: 13312,14777,15639,12862
14465: 14825,14091,14566,13658,13740,14572
14068: 14137,14900,14806,14230,15708,14546
15200: 13753,12922,13171,15608,13638,13516
15454: 28680,14238,15422,14525,13654,13160
13973: 13104,14767,15565,12821,14882,15045
14974: 14786,15206,13751,14018,14079,13653,13529
13451: 15668,14063,15430,14905,12953
13612: 14999,15792,13099,15474,13341,14397
13663: 14217,13167,13197,13945,14504,15768
13313: 15343,14134,15460,13547,13561,14849
14938: 13730,15370,14583,15417,15743,14478
14772: 13667,15512,14543,13567,14384
12974: 14770,13698,13756,14843,15682,15298
15364: 13406,13887,14778,14915,14891,14900
14499: 13847,15700,14753,14125,13045,13048
13098: 15789,15685,15022,15436,14609,14893
14883: 13916,14369,14209,13512,15149,13539
13055: 13868,13310,12896,14536,14848,15410
15315: 14957,14807,13499,13323,15572
15027: 13314,15019,14158,15644
13107: 14281,14992,13457,14782,15069,13147
15468: 15367,12957,14944,14228,13094,15348
13473: 15070,13940,14080,15210,15286,13472
14307: 13200,13033,15256,14977,13156,13651
13744: 12822,14889,15164,14945,14590,15250
14021: 15455,14758,12908,13208,14913,12958
13472: 15286,14264,14012,14317,15070,13473
12903: 14709,14190,13214,14747,15528,15287
15266: 13824,15612,15127,14122,14184,15728
13557: 14635,14065,15232,13426,14270
12867: 14128,13267,14459
14829: 13332,14019,13254,13253
14931: 13830
13039: 15030,13464,13901,13132,14943
13802: 14283,13648,12861,14196,13069,15580
15435: 14657,13641
13437: 14200,13573,13812,13610,14548,13950,14750
13244: 12964,13468,13495,12897,14824
14566: 14958,13234,13658,15713,13740,14465
13477: 14670
12890: 14482,15089,15391,15267,13132
15351: 13879,15340,13500,14692,13757,15535
15498: 13537,14898,14254,13798,14433,13626
14057: 13327,14520,13784,13263,12879,15530
15355: 13287,15219,13884,15661,14013
13523: 15250,14547,14710,12834,13474,13933
14520: 15067,13327,14057,13263,15455,13208
12938: 12851,15477,15282,15288,13730
13754: 14658,13991,13857,14733,14199,13404
13422: 14956,15153,15521,13509
15631: 13493,15727,13562,13983,14236,13350
13487: 13270,14227,14642,14344,13044,14456
13631: 13896,13541,12951,13848,13452,15366
15086: 14290,12936,14528,13900,13991,14076
13400: 13438,15586,15268,14599,15229,13815
13482: 15314,15745,15777,13392,13397,15650
15055: 15004,14312,14559,15003,14969,14481
14747: 13506,13894,15528,14327,12903,14190,14840
13905: 14009,14336,13790,13694,13427,14404
14049: 14530,13709,15765,15258,13524,15208,13285
15545: 14637,14340,13543,14785,12863,15458
13059: 15395,13256,15555,12926,13903,12868
15787: 15505,15356,13815,12885,14721,13832
15396: 14150,15044,13863,15431,15547,15647
13522: 13586,15666,13774,15365,14080,14835
13548: 13737,14842,15069,14410,14801,15717
15625: 13091,15323,14132,14050,15307,14815
13773: 13644,15594
13065: 14350,15072,15412,14724,13518,13696
13131: 14425,15013,14375,14087,14720,13758
15494: 15082,15273,13863,15547,13209,14471
15258: 15765,13355,14049,13293,14283,13285
14222: 13449,14668,14738,14454,13883
13844: 14316,13910,15036,15811,13042,13476
14283: 13802,13293,13648,13285,15258,12861
14080: 13940,15365,13522,15070,14835,13473
14189: 15718,13803,15759,13307,15074
13383: 15018,14359,15487,14167,15439,13790
14047: 15759,14949,14046,15011,13545
13619: 15106,12989,14411,13526,14054,14752
13745: 14937,15108,13584,14064,14172,15429
15497: 15320,13747,15758,14876,14794,13319
13215: 15457,13826,13552,15807,15053
14980: 14438,14585,14606,13810,14994,15197
14945: 15406,14580,13744,12822,14590,14335
15526: 12923,13864,14455,13125,14205,14088
15796: 14172,14506,12819,13150,13250,13119
15488: 
14235: 13398,14293,13036,12894,12872,14690
13283: 
13518: 12980,14724,13065,13046,14509,13696
14458: 12846,14821,14680,12932,15138
13908: 13025,15060,13735,14933,15082,13274
12822: 13744,15164,13646,15406,14945
15004: 15055,14312,13157,12865,15716,14969
15602: 15208,15334,15327,12861,14297,14196
15646: 14646,13841,15281,14382,15154,14449
14245: 13424,15228,14595,14629,15812
15003: 15055,14559,14481,14702,15447,15419
12898: 13236,15172,13748,15067,13327,13060,12856
14346: 14904,14543,13987,14212,14384
13168: 15159,13020,13617,13225,14436,15551
14264: 15094,15286,13472,14012,13125,12923
13083: 14524,14497,14926,14954,13009,13972
15780: 15128
14694: 15184,15148,15090,15805,15781
14034: 13692,15155,15722,13986,15002,14576
12950: 15527,13233,15239,14852,15663,15800
15764: 14983,15243,13579,14028
12843: 14897,15234,14156,13770,14486
15006: 15802,14711,15540,13547,15242,12820
15336: 15691,15583,15306,14849,14102
14412: 15453,13814,15516,13024,15438,14380
14337: 14703,15307,15377,14679,14557,15405
14689: 13015,15360,13661,14836,15182,15800
15058: 14975,15102,14597,13192,15802,14711
12953: 13152,14905,14861,15640,13806,13451,14063
14719: 13946,13265,13127,14744,15278,14124
15365: 13940,13120,14080,13586,13522,15533
15619: 13843,15252,14799,15533,15095,13120
14846: 15291,13622,13869,14717,13031,13465
13515: 13190,13386
13310: 13868,13055,15084,13822,15597,12896
14984: 13306,13535,13632,14493,14534,13876
14416: 15238,13466,15520,13124,28658,13723,13941,14103
14749: 14698,13023,13786,15577
15297: 12949,15390,14833,15043,15219,14484
15307: 14703,14815,14337,14050,15405,15625
14840: 13569,13565,14645,14327,14747,13894
13733: 13963,15279,13495,15655,13002,14824
15553: 14098,15549,14121,13824,15612,14421
13625: 15717,13147,14850,13262,13001,14781
12910: 12976,14140,13201,15302,15660,14967
14755: 13203,15786,13370,14288
12915: 14517,15095,13776,15007,13161,13843
14541: 13088,13164,13381,15433,15621,13258
13275: 14325,13077,15607,14446
15223: 15251,13504,14871,13904,13134,14383
14740: 15132,14457,13447,14435,15662,15499
15727: 13582,15631,13493,14236,14759,13917
13416: 14464,14601,14598,14330,14444,13251
15198: 15346,14303,15536,14035,14580,15028
14757: 14374,13099,14011,12857,15599
15305: 28683,15782,13356,15517,13986,28685,15002
14718: 13287,15337
15800: 15663,15182,13233,12950,14689,14836
14249: 12860,14280,14208,14285,13592,13716
15095: 14517,14151,12915,15619,13843,15533
13969: 14677,15212,13309,15697,12911,14512
14533: 13867,14795,14097,14029,15105,15523
14700: 14143,14919,13820,15173
13390: 
13763: 13144,13564
15146: 14519,14024,13300,13030,14508,14358
13227: 15775,14899,14433,13626,15471,14119
12816: 15643,15270,13736,14535,13673,13145,14816,14987
13066: 14929,14338,15760,14579,15758,14876
15813: 15280,14370,13183,14919,14818,13820
14388: 13620,14291,13691,14853,14208,13716
14330: 14598,15076,15626,13413,13416,14601
13687: 15363,13559
15706: 13333,14794,13218,13213,14627,14914
13106: 14953,15493,13133
14300: 15425
13778: 14011,15525
14723: 12916,14817,14258,12917,13858,13153,13349
14756: 13792,15701,14169,15539,13089,13140,13082
14191: 13799,15653,15319,13808,14608,13532
14059: 13009,13899,14231,13566,13320,13231
15610: 13132,15267,15085,12889
13812: 14200,13437,15622,15244,14282,13950
15323: 15625,13091,15120,14815,14998,15751
13600: 14824,14959,13000,12964,12942
14099: 15235,15587,15483,15548
14380: 14654,15438,15453,14412,12954,13799
15224: 13609,15588,13296,15755,15469,15166
14221: 12909,13344,14055,13174,13481,14939
12901: 
13259: 14405
15264: 15382,14909,13829
15697: 12837,12911,15409,14512,13969,14550
13190: 13515,14516,14139
14572: 13767,13638,13740,14091,12847,14465
13492: 15257,15527,13233,14402,13537,14254
14009: 13905,14336,13790,14359,15537,13162
14698: 14749,15124,13023,15119
14111: 15493
15749: 15400,14036,13671,15010,13159,14105
13293: 14283,13648,13355,15258,14857,14376
15641: 14677,15212,14327,14831,14709,14190
14446: 14655,15607,14066,13275
12970: 14665,14271,14025
13221: 15803,14814,14526,15665
14206: 13316,14613,15213,14062,13252,13317
14165: 14117,14171,14610,15160,13388,13507
13566: 13320,13982,15265,13231,14059,14298
15195: 15410,13432,13480,14551,14454,14848,13974
15762: 13291,13782,13290,15629,12957,13248
15330: 14016,15574,14763,13662,15324,15104
13825: 14553,14684,13577,15482,13489,14681
14825: 15639,14091,14465,13658
14303: 15346,15198,13768,15536,15579
14922: 14083
14485: 13711,13251,14464,15189,15338,13226
15156: 13817,14746,14367,12987,15442
15537: 14118,15194,13162,13068,14009,14336
13320: 13566,13982,15054,14954,13009,14059
13226: 15338,15283,13711,14485,14053,15151
13601: 15708,14546,13272,14960,13811,14532
13956: 12921,15328,15048
15077: 14089,14671,14387,15512,13567,15793
13818: 13450,13758,13819,13257,14241,14623
13836: 15672,15479,14638,12859,13928,14257
15176: 15681,14997,13980,13028
14676: 14790,12866,14578,14643,15214,14812
14195: 14657,13596,14518
15617: 14955,14014,13309,14941,14831,14677
15348: 15205,14985,15468,13967,14944,14228
15059: 13462,14321,13599,14754,13261,14630
13188: 14279,14116,15324,14763,13300,13511
13417: 14699,13594,14378
15183: 14616,14696,14634,13497,12976,14140
13761: 15386,14343,15139,14769,14658,13857
14274: 12990,13572,13823,14016,13662,15677
14853: 13691,12977,13746,13771,14291,14388
15465: 14120,15065,13860,12880,14732,14761
15623: 15557,14305,14832,13680,13587,14708
14794: 14876,13333,15706,15497,13319,13213
13471: 13003,14946,13488,13850
15483: 14113,15388,15587,14469,14099,15548
12960: 14928,14347,14318,12877,15342,12837
13080: 15370
14646: 15517,15646,13986,13841,15281,28685
14015: 13073,14596,13192,15335,12940,15112
14613: 14206,14062,13252,14267,14024,13511
13402: 14036,15567,14819,13322,14722,15495
14411: 13619,15106,12988,13544,14784,14054
13718: 15420,13411,15696,13642,15326
14630: 13261,13499,13462,15059,13659,15683
13656: 13755,14085,14242,15729,14521,15140
14292: 13420,14318,13851,14955,13309,12911
13654: 15658,13160,14773,15454,14525,13064
15644: 13314,15027
14142: 
14527: 13513,13961,13385,13128,14503
15011: 14372,15357,13545,15253,14047
14774: 14736,13217,14487,15285,13686,15065
14136: 15178,15571,13279,13827
13726: 13594,12895,14860,13962,14602,14373
15684: 14890,12918,12860,13592,14669,12858
13314: 14727,13759,13862,15027,15019,15644
15233: 14414,13104,15692,13914,15031,15565
13846: 13129
12837: 15697,12911,15409,12960,14318,12877
13022: 14561,14979
13199: 14147,14622,14323,14962,15773,14631
15455: 14021,13208,15067,14520,12958,12856
14743: 14653,15042,13044,13945,13800,15768
13602: 14787,14866,13584,12985,15648,13011
14787: 13602,14866,13584,15463,12944,15108
13397: 13051,15650,13497,13482,13392,14880
13113: 13382
12998: 14963,13964,14802,13027,13755,14085
13931: 14121,14032,14854,12826,15642,14098
13351: 15705
13854: 15154,15107,13203,12949,14833,13881
12969: 14606,13890,13963,13837,14885,15197
28652: 
15433: 13381,14210,15739,13750,15621,14541
14874: 14435,15333,14064,12819,12985,13447
12928: 13526,14054,13340,13103
14398: 15398,13722,12955,13981,14023,13555,15318
14268: 14434,13553,15051,13611,14910,14976
14734: 13702
13589: 15249,14542,14857,15464,13093,14003
15789: 15685,13098,15022,15509,14184,13090
13007: 13052,15349,15093,15434,14795,13148
12984: 13753,12922,15713,15592,13508,15615
14253: 12876,15114,15583,15199,13486
15550: 
15489: 13776,13979,13053,14856,12874,13191
13219: 15484,15696,13772,14045,14501,14878
14623: 14501,15761,13818,13257,14735,14241
14517: 15095,14151,14060,12915,15230,15007
15045: 13054,14313,15062,13973,14767,12821
13618: 12995,14530,14687,13560
13470: 13800,14791,13955,14232,15131,15736
12897: 13495,14476,15655,14788,13244,13468
12831: 13374,12868,13457,14782,15238,13124
13285: 14283,13709,14049,15258,15208,12861
13837: 13963,15279,12969,14885,13609
15552: 14078,14804,12814,14704,14479,15241
13705: 15019,13240,13949,14313,14158
14538: 15144,14665,13994,13135
14352: 15014,13878,13525,13947
15806: 15467,15231,13962,13692,15043,12845,14484
14399: 14037,12874,13224,13932,13678,12815
13202: 13665,13121,13634,14739,15001,13935
13591: 14907,12864,14187,15263,12993,15342
14839: 15130,13777,15564,14568,15008,13396
14552: 13804,13488,15598,15721
13154: 15366,13139,13541,15015,14005,13260
14233: 14261,14323,15125,15544,12881
15164: 13744,12822,14889,13646,15659,15393
14318: 13420,14292,14347,12960,12837,12911
14261: 14323,14233,15544,15669,14962,13814
14565: 13312,14777,14729,12855,12844,14869
15319: 13799,14191,13189,12954,15729,14608
15770: 15747,13650,15372,14450,13801,13911
14530: 12995,13618,14687,13709,14049,13524
14371: 15063,13391,13103,13526,14752,15075
13664: 13175,14381,14844,14105,13173,13671
14168: 
14760: 15679
15361: 13467,15472,14043,12817,14255,13572
14850: 13625,13147,14781,14281,14827,13503
14494: 13521,14328,13501,15731,14636,15737
15656: 13652,14592,13833,15664,15050,15088
14832: 15557,12818,15623,14942,13680,13292
14761: 14226,13115,14070,14120,15465,12880
14639: 15267,13995,12967,15089,13640
15110: 13530,14325,13077,13623,15295,13026
14435: 14874,15333,15449,15499,14740,13447
15475: 15566,14461,15456,15563,13163
15034: 14103,13831,13538,13902,15491,14017,13723
13409: 14652,12967,15246,14174,15089
13713: 13983,13920,14236,14149,13478,15459
14762: 14928,14347,15151,13341,14053,14397
15493: 13133,15562,13106,14111
15234: 14897,12843,14069,14156,15170,13434
15481: 14741,14473,15083,13097,13788,13249
13749: 14224,14032,14223,13927,13706,14106
13027: 15046,14822,15041,14085,12998,14802
13970: 15312,12972,14084,14691,13922
13011: 15451,15648,13602,12985,14320,15333
13819: 13818,13450,14241
15342: 12993,12877,15263,14928,12960,13591
13443: 13834,14395,14090,13281,12871,12848
14115: 13953,15044,14987,14535,13621,15633
13725: 13363,13005,15168
15325: 14568,15241,15008,14523,14289,14633
15334: 15208,15602,14114,15327
15166: 14052,15224,15588,15469,15423,12914
14551: 15195,13480,13974,12866,15345,13282
14216: 13180,15543,12836,14202,14604,13895
15692: 14885,15197,13914,14994,15031,15233
15109: 13500,15561,15797,13049,13757,14407
14819: 14036,13402,13461,13159,13695,13322
14360: 13932,14986,13053,14683,14490,14780
13613: 13456,13501,15265,13789,13681,14636
15270: 14644,15643,13736,12816,14535,13673,12948
14026: 13012,13395,13391,14475,15075,14655
15286: 14264,13472,13125,13473,15103,15210
15056: 
15404: 14925,15652,13092,12818,15269,14675
14162: 14491,14276,15405,14106,13927,15377
15500: 15745,15777,15132,14457,13232,15687
12959: 13922,13328,14788,13968,13752,14476
15426: 13362
13902: 13831,15034,13538,14017,13485,15126
13682: 
13694: 15417,15743,14167,13905,13790,14404
13572: 14255,12990,14274,15361,12817,14016
14293: 13398,14235,12939,12894
14505: 12983,14112,13794,14366,14975,15102
13336: 14081,15546,15791,15470,15754,14348
14209: 14369,14883,14593,13539,14545,14302
13947: 13525,15014,14352
12869: 14460
14321: 13462,13771,15059,14577,13599,13305
14377: 15683,13056,13295,14339,15572,15507
14547: 15250,13523,14748,14590,13280,13474
14114: 15208,15334,14687,13709
15249: 14302,13589,14542,13081,15464,15180
14596: 13073,14015,14966,15335,13321,15032
14504: 15486,14642,13945,13952,13197,13663
15594: 13773,13644,15624,14510
15228: 13424,14245,14101,14595,14997
12992: 13960,14768,15740,15171,13967,14403
12940: 15202,15112,15242,14015,13192,14711
13521: 14328,14581,14494,15737,14865,14549
15422: 15751,13574,13741,15454,14238,14525
14644: 15643,15270,13736,13673,15372,15503,12948
13824: 15266,15612,15127,15553,14287,14421
13024: 14145,12826,15516,14586,14412,15438
15677: 12838,14320,14274,15451,13823,13662
13869: 15291,14846,12966,13465,15232,13358
15591: 13025,14776,14571,14202,13834,14604
15773: 13189,12954,14631,13199,15453,14962
15599: 15143,12857,14757,13013,14999
15133: 14137,14806,15616,12893,13288,15046
13239: 
14830: 15161,14008
15271: 15016,14176,15368,13892,14007,13578
15222: 15779,14179,15645,12958,12856,15795
13321: 13429,13303,14366,15032,13073,14596
14392: 13787,13551,14574,13281,15060,14776
15226: 13809,13998
13662: 15330,14016,15574,14274,12838,15677
14770: 12974,13698,15380,15682,15247,14929
15765: 13539,13355,14545,15258,13524,14049
14894: 12981,14940
13835: 13871,13439,14022,15317,15113
14668: 14550,13449,14796,14222,13412,15129,13883
14224: 14121,14032,13749,14421,14765,14106
28658: 13466,15520,14416,13941
14953: 13106,14304,13294,14887,13606
14578: 14790,14676,14812,13017,15609,13407
15032: 13303,13321,13155,15111,14966,14596
14896: 12912,13643,13926,13875,12930,15748
13167: 14217,14895,13197,13663,13951,15174
14484: 12845,14013,15297,15043,15219,15806
15185: 14558,15103,15210,12944,14256,14488
14054: 13526,12928,13340,12988,13619,14411
14837: 14951,14288
15504: 13261,15206,14754,14211,14807
13918: 13798,13166,15416,13636,14402,13537
13486: 13247,15199,15583,14275,13105,14253
14500: 13415,13072,14452,13608,13607,15581
13127: 14719,13265,14912,14124,15057,13122
14525: 14277,13064,15422,13741,15454,13654
14219: 13421,14251,13243,15025,13006,14625
15040: 12828,14415,15664,12833,14315,14592
14284: 14808,12931,14614,15276,15047
13194: 13873
15478: 14615,15667
15114: 12876,14253,14564,14102,15583,13034
12904: 14075,14537,13885,13419,13878,14949
13468: 13244,14788,15312,12925,12897,15308
15119: 13198,15556,14698,15124
14713: 13014,15097,13699,13652,15715,13833
14569: 15397,14845,13210,14797,12909,13344
14852: 14946,13301,13850,15239,12950,15663
14385: 15524,14688,13051,13966,14295,14616,14696
14442: 14891,13997,15039,12846,14821
12914: 15423,14648,14767,14052,15166,15062
14744: 15609,13407,14308,15278,14719,13946
14680: 15699,14458,14803,15381,15138
13388: 15160,13008,15715,14171,14165,13699
13296: 15279,14959,13609,15224,15755
15443: 13966,13727,12839,13212,13029,15321
14763: 15330,13188,15324,13300,15104,14508
13123: 13992,14745,14470,13049,14407,15259
13478: 14867,15459,15092,13713,14236,14759
14711: 15802,15006,13192,12940,15242,15058
14130: 15078
14707: 13988
14419: 14167,15439,12979,13130,14583,15743
14074: 15561,13480,15693,15688,13282,13442
14634: 15183,14140,15117,13842
15048: 13108,14502,13956,12921,14746
13494: 15262
14443: 15137,15532,15629,13445,14354,13428,15135
14895: 14217,13167,13951,14611,13546,13870
13797: 15303,14147,13496,14365,13141,15000
13169: 
14934: 14670
14314: 13373,13720,13849
13324: 14281,14992,13831,15126,13916,14827
14818: 14423,13820,15280,15813,13367
12846: 14458,14821,14442,13181,15138,13431
13892: 15637,13206,14007,15271,15368
14660: 13731,14429,13469,12941,12945
14139: 13061,13554,14875,13190
14060: 14517,14151,15668,15230,15211,15029
14870: 13238,14146,14183,13913,14382,15281
13072: 13415,14005,14500,13230,13906,13608
14821: 12846,14458,14177,14442
13419: 12904,13885
15023: 13795,15679,14393
15313: 
15014: 14046,13878,14352,13947
13135: 13830,15403,14538,13455
14816: 15236,13145,13715,12816,14535,14150,14987
13587: 13680,13445,14354,14708,13944,15623
14177: 12842,14821
14748: 15614,15245,14590,14335,14547,13280
15511: 13384,14131,14867,15092,13047,14364
14531: 13911,13585,15695,13860,12880,15747
13009: 13899,14059,13972,13083,14954,13320
13632: 14984,14493,14534,12840,13938,14067
13484: 13425,13509
12830: 15428,14440,15201,14653,15415,15131
15260: 13070,15248,12913,15292,13332,14019
13249: 15379,14930,13097,15481,15083,14174
14141: 13679,15101,13205,15190,15213,14062
14887: 13294,14800,15704,14810,14953,15690
13932: 14360,14986,13053,13224,14399,12874
15042: 14653,14743,13044,14916,14456,14440
14102: 13561,14849,12934,15336,13034,15114
14656: 13544,14784,13394,15626,13196,15076
12824: 14515,13540,15274,14146,28683,15517
15328: 13809,13058,13956
13961: 13513,14527,15473,13577,14775,13128
13633: 13729,13042,14069,14881,13793
15094: 14264,14012,13125,15294,12923,12850
13146: 
13225: 13020,13168,14436,15130,13777,14468
14370: 15280,15813,13183,15221,13118,14961
12847: 14091,12862,13767,14828,14572,14641
14227: 13896,13270,13541,13487,14344,13260
12997: 15290,13769,13915,14391,13047,13384
13344: 12909,14221,14055,14569,14797,15275
14383: 13891,14820,14871,15223,13134,13246
13981: 15177,13366,14023,13498,14398,12955,15318
13630: 14297,13877,15721,15809,12962,15598
13211: 
15029: 13586,15666,15211,12870,14151,14060
14884: 14285,13592,12858,15100,14229,14640
13075: 14800
13734: 13433,13389,14973,13875,13467,14043
15790: 
13766: 14128
13440: 13243,14544,14661,13978,15025,14685
14004: 14270,14431,15079,14065,14031
13571: 13318
13187: 14978,14892,13085
13415: 15015,13072,14005,14500,14452,13278
14116: 14279,14447,13188,14267,13185,13511
15767: 15605
13885: 14537,12904,13419,15186
14033: 14459,14712,15235
14710: 15250,13523,14889,12832,12834,12878
14244: 15253,15192,14742,15357
14781: 13625,14850,13001,15017,13503,15240
15155: 13692,14034,13986,13841,15390
13578: 14007,14180,12870,15016,15271,13111
13992: 13123,14745,14645,13338,15529,15259
14667: 12860,14280,14964,14553,14775,12918
14592: 15656,13833,13142,15040,15664,12833
13817: 15156,15038
15766: 13102,15383,12991
15076: 14598,14330,13163,15566,14656,15626
13210: 14475,14441,15763,14845,14569,14797
14492: 14294,14664,13347,14358,15485,14519
15288: 15282,13637,12938,13730
14568: 15241,15325,15008,12814,15564,14839
14025: 13937,12970
14464: 13416,14601,15741,13251,14485,15189
15637: 13892,12891,12907,14135,13206
14023: 13981,15177,13366,13136,15720,14398,12955
13133: 15493,15562,13106,13284,13606
14791: 13800,15768,13470,14217,13955,13870
12913: 13070,15260,13250,13441,13119,14019
14879: 14969,15093,14092,13157,15349,13704
15503: 13650,15372,15096,15654,14644,13736
13512: 14883,14207,15149,12995,13539,13524
15774: 15667,13813,13342,13228
13986: 14646,13841,28685,15305,15002,15155,14034
15049: 13369,14489,14248,15277,15793,13987
15467: 15806,15231,13610,13692,15722,15043,13573
14662: 13078,14155,13292,13680,14354,15135
14466: 14491,14276,15711,13375,15672,14311
15664: 15040,14315,15360,15088,14592,15656
14164: 13636,13069,15809,14402,12962,15257
14051: 15379,14930,14528,14673,13838
14437: 13640,15541,13393,14204
13652: 15656,13833,15050,15732,14713,15097
13944: 13445,13587,14708,13479,13879,15613
12868: 12831,13374,13903,13256,13059,15238
13203: 14755,13370,15107,13854,13881
15638: 13701,13266,15308,12964,12942
14865: 14862,15737,15152,14549,13521,12982
13067: 14445,14332,15740,14730,13510,15522
14847: 13459,14678,15445,15411
13360: 13549,13949,15585,15480,13240
12882: 15622,15374,14282,14473,14482,15391
14618: 14472,15662,15499,14779,14237,13976
13990: 14714,13331,13311
14498: 14555,15116,13975
14686: 15742,13348,15659,15393,15709
14150: 15044,14987,15396,15236,14816,14349,15647
12894: 14902,14235,14293,14575
14281: 13107,13324,14992,13147,14850,14827
13354: 13378,14058,12937,15582
14396: 14663,15541
15321: 14595,13029,13212,15443,14101,14771
13094: 14071,14228,14086,13290,15468,12957
13413: 15106,15225,13544,15626,14330,14601
14746: 15156,15048,14502,12987,15657
13535: 13306,14984,14493,15776,14524,14497
14728: 13101,13092,13583,14427,14983
15629: 15137,14443,15532,13428,15762,13782,13248
15066: 15369,15203,13840,13156,14688,13651
13042: 13729,13633,15811,13844,14881,13476
13175: 13664,14381,14844,14703,14815,14998
13998: 14301,13703,15226,14198,15329
15220: 13115,15096,14877,15654,13737,14842,14357
15650: 13397,13051,15256,15314,13482,15524
15394: 15444,13224,14067,14038,14161,14986
15096: 14226,13115,15220,13650,15503,15654
15036: 13844,14316,13910,13845,13399,15510
15413: 12926,14869,13941,13074,12844
13862: 13314,14727,13759,15300,13666
15069: 13548,14801,13457,13107,15717,13147
13047: 14867,15712,14391,12997,15511,13384
15486: 14642,14504,13765,13952,13270,15179
13826: 13215,15807,14901
14163: 14113,15299,15548,13816
13126: 15501,14920
13637: 15282,15288
13307: 14480,13264,15074,14189,15718,15353
13255: 
15391: 15030,12882,14282,12890,14482
13017: 14736,15285,12927,14812,14578,13407
13345: 13153,13349,15779,13236,15172,15627
14867: 13478,15459,15092,13047,15712,15511
13057: 13898,13743,14428,13925,13929,12828
14258: 12916,15461,14723,12917,14231,13153
13004: 
15728: 13454,14184,13090,15266,15127,15301
15248: 13070,15260,13116,14107,15292
15407: 13376,14665
15424: 15649,14239,15771,15392
14213: 12889,13901,13629
13939: 13456,13501,15731,13957,14037,14856
12921: 13956,14301,13108,15048
15337: 13287,12845,14013,12895,14718
14460: 14094,12937,12869
15717: 13625,13147,13262,13548,15069,14410
15491: 13831,15034,13124,13723,14782,14992
13507: 15091,15134,14165,13639,14610,15160
14495: 14188
15431: 13848,13452,15547,13550,15647,15396
14053: 13341,13839,13711,13226,14762,15151
13510: 15207,15522,14872,15740,13067,15171
15693: 14470,15129,15688,13883,13049,15561,14074
13570: 
14715: 14430,13675,14958,13234
15741: 14464,14601,15225,15763,15189,14845
13177: 15347,13136,13035,13528,14350,15720,15412
14512: 15697,15212,13969,14550,14796,13569
15571: 15628,13279,14575,15178,14136
12832: 15393,15196,14889,14710,14129,12878
13537: 15498,14254,14402,13798,13918,13492
12835: 15680,14993,13732,14409,15471,13739
14457: 15132,14740,13447,13150,13232,15500
14930: 14051,13249,15379,12936,13097,14528
15235: 14099,14712,14033
13635: 13448,14039,12885,15446,14721,14594
15543: 14216,12836,13895,13951,13546,13593
13406: 15364,13887,14915,15579,15575
13964: 14963,12998,14802,14758,12908,13343
13366: 13981,15177,14023,13605,14123,13136,15720
13737: 15654,13548,14842,14410,15220,15643,13736
15135: 13428,15081,14354,13078,14662,14443
15681: 15176,14426,14101,14589,13980
15147: 13008,15339,14262,14793,15783,15343
13068: 14118,15537,14336,14826,14079,13653
15585: 13491,13050,12829,13360,13549,15480
15719: 14966,15732,12854,15385,13379,15111
13709: 14530,14687,14049,13524,15208,14114,13285
14716: 15068,15122,15421,14389,13434,13414
13268: 15450,15618,15389,14266,14682,15158
13678: 15630,12815,15444,15776,13224,14399
15280: 15813,14370,14445,14332,14961,13367,14818
14797: 15275,13012,14475,13210,14569,13344
13966: 13727,15443,12839,14295,14385,14696
15539: 14169,15657,14259,14756,14361,13089
14090: 14574,15595,13281,12871,14086,13443
14455: 15526,12923,12850,14587,14088,13502
12986: 15803,14649,14214
13084: 15470,14348,14246,14220,13780
14086: 14071,13094,12871,13290,15595,14090
13019: 14480,13264,15184,14418,13853,13176
13810: 13954,14218,14994,14980,14585,15316
13032: 14329,14908
15247: 15682,14965,14770,13273,14579,14929
14210: 13808,14608,13381,15739,15433,14242
13195: 13241,13971,13657,13886,13117,14863
13138: 13096,14278,13502,14203,13116,14107
14901: 15476,15037,13826,15807
13101: 13092,14728,14983,13865,14529,14675
15295: 13339,15110,13623,13026,14706,14584
12930: 14896,13926,13875,12916,14817,14973
14297: 13877,13630,14196,15602,15327,15809
14408: 14939,15596,14737,14055,13568,15142
15035: 13563
13697: 14299,15118,14156
14382: 13913,15272,14870,15646,15281,14449
13103: 15063,14371,13526,12928
15353: 13152,13307,13264,15718,13176,14861
13012: 14797,13807,15275,13395,14026,14475
14251: 13639,13421,13909,14219,14625,14965
15350: 14809,13993,13112
13305: 14194,13599,13220,14020,14577,14321
13543: 15545,14340,13003,14785
13340: 12928,14054,15726,12988
14652: 13409,12967,15246,13775,13393
13051: 13397,15650,13497,15524,14385,14616
13445: 13587,14354,13944,15613,15137,14443
13901: 13039,14432,13629,14943,14213
15612: 13824,15266,14122,15549,15553,14197
15718: 14189,13803,14903,13307,14539,15353
13140: 13934,13082,15701,14756,15505,15356
15520: 13466,14416,28658,13723,14103
14671: 14089,13774,13111,15077,15016,14387
14936: 15490,13315,15458,13379,13289,15432
13218: 14651,13655,13333,15706,15300,14914
15620: 15778,15794,13873
15398: 14398,13722,12955,15788,14152,13624
14871: 15251,15223,15589,15193,14820,14383
14329: 13668,13032,15686,14035
15593: 
13332: 14019,14829,15260,15292,13223
13469: 14660,13731,14429,13423,14948,14607
14424: 15329,14030,14301,13108,13368
14056: 
14769: 13934,13082,13857,13761,14343
15667: 15774,15478,13813
13410: 13091,14132,15479,14257,15251,13504
14649: 15803,12986,14173
14886: 15128,13348,15709
14758: 14021,12908,13208,15573,14913,13964,14802
14340: 15545,14637,13543,15009
13580: 14154,13796,13505,15018,15487,13350
15540: 15802,15006,12820,15291,13622,13229
13679: 14267,13919,13185,14141,15101,14062
12899: 15290,15554,13418,13114,14048,13151
14691: 15358,14289,14084,12972,13970
13701: 15638,15308,15569,15476
15384: 15385,15050,15088,13015,15490,13043
13556: 13014,15097,12854,15335,14160,15112
12963: 14496,15712,13246,13891,14149,15459
13843: 15619,15252,15095,12915,13161,14581
15444: 15776,13224,15394,14067,14493,13678
13411: 13718,14420,15326,14342
14519: 14024,15146,13252,14664,14492,14358
15072: 14350,15788,13065,14152,13696,13460
13621: 13046,15633,15651,13953,14115,12943
13816: 14163,15310
13827: 15560,13186,13279,14136
15290: 12997,13769,15554,13915,12899,14048
14690: 12872,15217,14235,15628,14575
14243: 14079,13529,14826,13536,13873
13481: 14907,12864,13174,13649,12909,14221
14031: 13071,14004,14932
14996: 
13353: 13117,13971,14834
13178: 15673,15441
12875: 14977,15437,14463,13030,14358,15485
15329: 14424,14030,14301,13998,13365,14198,15462
15256: 14307,13200,15314,15524,13651,15650
14032: 14121,14224,13931,14223,13749,15642
15085: 15267,13995,15610,13446,12889
13791: 15309,15284,14927,13703,12961
13395: 13807,13012,14026,14655,15607,15080
14672: 15221,13118,13731,14619
13563: 15035
12858: 13408,14669,15100,15684,14884,13592
13965: 12850,14587,13880,15294,13037,13780
14183: 14870,13238,15344,13241,14000,13913
13747: 13959,15320,15497,13534,12888,15758
15542: 14919,13183
12912: 14896,13643,15748,13919,13185,14447
15352: 15046,14822,15573,14806,14230,14995
14645: 14840,13565,13894,13992,14745,13338
14726: 14476,15655,13002,13328,15419,14650
14012: 15094,14264,13472,14317,13245,15294
13198: 15119,15556,13689,15009
13444: 13030,15104,14508,13976,14472,14463
15611: 
28680: 15454,14157,28675,14310,14238,13160
13396: 15289,13889,15130,14839,15008,15519
14199: 14733,14361,15604,13404,15012,13754
13245: 12924,13667,14317,14012,15293
14537: 14075,13387,12904,13885,15186,14513
14714: 13990,13196,13331,15566
13079: 13223,14909,15292,15382
15445: 14906,14309,15411,15710,14847
15781: 12935,14161,13853,14694,15805,14683
13575: 
13291: 15762,13555,13782,13290,15595,13693
13887: 13406,15364,15575,14960,14900,15708
13538: 14103,15034,13902,14017,13723
15317: 13821,13676,14022,13439,13835,14991
14557: 13088,14679,13164,14703,14337,14381
14857: 13589,14542,13355,13293,14003,14376
14514: 14241,13453,13720
14006: 15810,14095,14286,13095,15316,14218
13231: 13566,14231,14059,15461,13433,14298
14991: 13439,15317,15363,14181
15192: 14244
14125: 13257,14735,13847,14499,14087,13048
15196: 12832,15393,14178,15709,14129
14471: 13209,14234,15082,15494,13735,13614
14011: 13778,12857,14757
14778: 15364,14891,13997,15616,14137,14900
15065: 15465,13860,14732,13217,14774,13686
15399: 13509,13405,15521,15710
13460: 14044,15651,13696,15072,14152,15714
14395: 14202,13834,13443,13304,12848,13180
14196: 14297,15602,12861,13802,13069,15809
13925: 14888,13739,13929,14428,14899,13057
15700: 13847,14499,15362,13794,14753,14693
13985: 14971,13793,14422,12981
13125: 15094,15286,14264,15103,14205,15526,12923
14702: 14097,13148,14322,14481,15003,15447
14614: 14518,15276,12887,14284,12931
15267: 15085,14639,12890,15089,15610,13132
14285: 14884,13592,14341,13716,14249,14229
13565: 14840,13569,14645,14796,13412,14745
14194: 13907,13599,13305,14018,14020,14786
15736: 14562,15434,13470,13052,13955,14232
15508: 14215,12977,14577,14364,13361,13220
12954: 15773,13189,15453,14380,13799,15319
13449: 14550,14668,14222,14001,15409,14738
15687: 12968,15052,13232,13441,15777,15500
14215: 15508,12977,14364,13746,14131,14682
13014: 14713,13556,15097,14262,13699,14160
14122: 15266,15612,14197,15509,15401,14184
15600: 
14296: 12965,15175
13038: 14589,14640,13980,15388,14077
13738: 13181,14365,15138,15125,14803,13496
13519: 15451,13823,15648,14862,15152,14859
14842: 15654,13737,13548,14801,14357,15220
15551: 15215,13304,14225,13617,13168,14436
14595: 13029,15321,14101,15255,15228,14245
15469: 15755,15224,13707,15166,15423
13479: 13879,15340,13944,15177,13605,15613
14231: 13899,12917,14059,13231,15461,14258
15459: 13478,14867,14149,12963,15712,13713
14928: 14762,14347,12960,15151,15263,15342
13159: 14560,13461,15010,15749,14036,14819
14841: 14766,13376
15043: 15297,15390,13692,15467,15806,14484
13499: 13261,14630,15683,15315,14807,15572
14806: 14068,14137,15133,14230,15046,15352
14433: 13227,15775,13626,14126,14898,15498
15707: 13913,15272,14834,14000,14951,15786,13370
15170: 14389,13434,14893,14299,15234,14156
28683: 15305,15782,12824,15274,15517,28685
15118: 13770,14010,13697,13062
15231: 15467,15806,13610,13962,14373,14750
14948: 14972,14607,13731,13469,13118
15618: 13268,15450,14684,15158,14417,14964
13527: 13897,14648,13054,15062,13702
13295: 14229,14868,14339,14341,13056,14377
13623: 13077,15110,14811,13339,15080,15295
14062: 14206,14613,15213,13679,14267,14141
13769: 12997,15290,15554,15658,14391,13277
14725: 14275,13105,13319,13685,15320,13700
14616: 15183,14696,14385,13051,13497
14522: 13143,13364,14109,12920,14573,15244
14959: 13600,14824,13000,13296,15755
15377: 13927,13335,14679,14162,15405,14337
13191: 13161,14328,14856,13776,15489,15731
15554: 15290,13769,12899,15658,14773,13418
13380: 14423,14768,13367,14133,14451
14175: 13311,14570,15726,13276
15052: 15687,12968,13392,15777,13254,13989
12817: 15361,15472,13572,14279,15324,14016
13581: 13404,13900,15012,14474
13050: 15585,13491,12829,15750,12929,15746,13549
13857: 13754,14658,14733,13082,14769,13761
15709: 15186,14178,14686,13348,14886,15196
14807: 15315,14957,13261,13499,15504,14211
15208: 15602,15334,14114,12861,13709,14049,13285
13868: 13310,13055,15084,14187,13182,14536
13569: 14840,13565,14512,15212,14327,14796
14503: 14890,13128,14527,15369,13385,15804,13357
15205: 15531,14985,14511,15348,14228,12884
15527: 15257,13492,14858,13233,12950,15239
13099: 14374,14757,15474,14999,13612
14013: 12845,14484,15219,15355,15337
14817: 12916,14723,13858,12994,13926,12930
14218: 13954,13810,15734,15316,15810,14006
13237: 13143,15386,15268,15229,13172,14628
15428: 12830,14440,15201,13018,12849,15492
15366: 13139,13154,13977,12951,13631,13541
13342: 13813,15544,15774,13228,15606,15669
14843: 15810,14095,13576,15298,12974,13756
15523: 15105,14585,15316,14533,14286,14029
15236: 14816,13715,14968,14150,14987,14349
15214: 13184,14812,13665,14643,13935,14676
15744: 14925,13338,15652,13506,13894
15241: 14568,15325,15552,12814,14479,14523
14095: 14843,15810,14006,13095,13576,14394
14918: 15078,13988
15037: 14901,15476
15386: 13761,14343,15139,15229,14628,13237
14232: 15415,15051,15131,13470,14562,15736
14287: 14421,15711,14765,13824,15127,15375
13677: 15601,15676,13984,14155,15785,13855
15742: 14686,15304,15659
15333: 14874,14435,13011,12985,15449,14320
14394: 13576,14413,14326,13553,13095,14095
13447: 14740,14457,14874,14435,12819,13150
13554: 14139,13061
13233: 15527,13492,12950,14254,15800,14836
13464: 13950,14982,14282,13039,15030,14943
13655: 13218,15480,13240,15300,14727
13029: 14595,15321,15443,12839,15255
13624: 13787,13551,15714,14152,15398,13722
15169: 13852,15354,14272
15210: 14558,15185,15103,13940,13473,15286
14573: 12920,14576,14522,15244,14200,13573
15705: 13351,13382
15740: 14445,13067,13510,15171,12992,13960
15615: 15592,14430,14706,13234,12984,15713
12917: 13899,14231,15172,13748,13153,14258,14723
13542: 15703,15811,14990,15506,15068,15122
13530: 14325,15110,13026,13675
14107: 13330,15292,13138,13096,15248,13116
15652: 14925,13338,15529,15404,15744,15269
15661: 13884,13129,15355,13403
14118: 15537,15194,13068,13907,14018,13653
15314: 15745,13482,13200,15256,15141,15650
15528: 14747,13506,12903,15287,13688
13604: 14705,15165,15514,14120,14732,13893,14070
13767: 15608,14828,14363,14572,13638,12847
13653: 14079,14118,13068,14018,14974
13208: 15455,14021,14758,14913,13263,14520
14804: 14078,15552,13352,15209,13872,14704
13561: 14849,12934,14102,12820,13313,13547
14574: 15595,14090,13281,13693,13551,14392
14402: 14164,13636,13918,15257,13492,13537
15763: 14441,13210,12989,15225,15741,14845
13427: 14826,13536,15794,14404,13905,14336
14269: 15535,14659,15340,14603,14123,13605
15805: 14038,13372,15148,14694,15781,14161
13403: 15661
15567: 15400,14036,13402,28675,14310,15495
15701: 13792,13669,14756,14751,13140,15356
14643: 13942,13974,13935,15214,14676,12866
15587: 14469,14339,15483,14099
13683: 13045,13031,13785,13465,13772,13308
14077: 14113,15388,13038,13980,15299
15778: 14100,14478,15620
15157: 15559,13681,12873,14255,12990,14859
13196: 14714,15566,14656,13394
13735: 13025,13908,14571,15082,14471,13614
13348: 14686,14886,15128,15709
14935: 12842,15218,13299,15753
14775: 14553,13577,13961,14667,12918,13128
13387: 14075,14537,14513,14418,14480,15074
14635: 13615,14065,13557,13785,13308
14648: 15423,12914,15062,13527,13897
15216: 
15675: 13448,15344,15448,14515,14594,13238
14732: 14120,15465,15065,13217,15165,13604
15429: 14172,14506,14937,13745,13864,14647
15046: 13027,14822,15352,15133,14806,15041,13288
12865: 15121,13157,14468,15716,15289,15004
14753: 14717,14693,13031,14499,15700,13045
14982: 14548,13464,13179,15099,14943
13182: 14738,14536,14187,12993,14001,13868
14456: 15042,13044,14916,13487,14344,13828
14759: 13361,13917,14236,13478,15092,15727
13271: 13435,15345,14790,15609,15558,13946
13334: 
14771: 14426,13597,14101,13212,15321
12920: 15002,14576,14573,13356,14522,13364
14599: 13400,15229,13934,15505,13815,14343
12825: 13297,14950,14534,13943,13719,13876
13060: 15067,13327,14926,12898,13748,13972
12892: 15568,12900,14452,13166,15416,15581
14345: 14173,13552
14316: 13844,15036,15703,13845,15811
12906: 14349,14605,12973,12951,13452,15647
14263: 13375,14638,15375,15506,15301,14990
14767: 14052,15565,13973,12914,15045,15062
14729: 14565,12855,15514,12926,14869,15555
13568: 14811,15142,13807,15275,14055,14408
14739: 13202,15001,13822,12896,13942,13935
14174: 13409,15246,13249,15379,15083
14570: 13311,14175
15294: 15293,13037,15094,14012,12850,13965
14279: 14447,13188,14116,15324,15472,12817
15093: 14969,14481,14879,13007,15349,13148
12907: 15637,12891,14808,12931,13036,12872
12833: 12828,15040,13898,14592,13142,14624
14738: 13182,14454,14536,14001,13449,14222
15547: 15431,13550,13863,15396,15494,13209
13636: 14164,13069,14402,15580,13166,13918
14849: 13561,14102,13313,14134,15336,15306
13700: 13959,15320,15071,15691,14725,13105
14366: 13429,13321,13073,14505,12983,15102
12975: 13762,13459
13287: 15355,15337,14718
13498: 13981,15177,15613,15137,15532,15318
13875: 14896,12930,15748,14973,13734,13467
15799: 13378,15560,13186,14904,14467
13152: 14539,15353,14905,12953,14861
15784: 14602,13179,15099,13430,13063
15060: 13025,14776,13908,13787,14392,14933
14353: 13871,13439,15603,13448,14039,15448
13394: 14656,14784,13311,13196,13276
14670: 14306,13477,14934
12860: 14667,14280,14249,15684,12918,13592
14695: 14246
15259: 12841,14407,13123,13992,15529,14319
12819: 14874,14064,15796,14172,13447,13150
13448: 13635,14039,15675,14353,15448,14594
12836: 14216,13180,15543,15159,13617,13593
12966: 13034,14600,13229,15291,13869,13358
13681: 15559,14636,15157,12873,13613,13789
15411: 15710,15445,13405,14847
13560: 14207,14379,12995,13618
13171: 13866,13184,12927,13753,15200,13516
15103: 15185,15210,15286,13125,14488,14205
12902: 14873,13923,15531,14511,15209,14078
13855: 15785,14061,13423,15601,13677
15356: 15787,15505,15701,12885,14751,13934,13140
14811: 13568,13339,15142,15080,13807,13623
14553: 13825,14684,13577,14775,14667,14964
15283: 15338,13226,13649,15263,15151,12864
15757: 15215,12848,12978,14071,12884,12871
13331: 13326,13990,14714
14020: 13917,13220,13582,14194,13907,13305
14334: 14999,15792,15143,15738,14555,13851
15514: 14705,13604,14729,12855,15555,13893
13863: 13953,15044,15396,15494,15273,15547
15670: 12980,13528,14724,14567,14450,13801
15382: 15264,13330,13222,13079
13907: 14194,14018,13582,14020,14118,15194
14968: 15236,13715,13001,15017,14349,12973
12956: 
13878: 15014,14046,14352,12904,14949
15292: 13330,14107,15248,15260,13332,13079
15651: 14044,13696,13460,13046,13621,12943
13658: 14958,14566,14825,14465
14633: 14084,15519,15325,15008,14289
15354: 14272,15169
14940: 14894,13783
15708: 14546,13601,13887,14960,14068,14900
14803: 15125,15381,14680,13738,15138
13599: 14194,13305,14321,15059,14786,14754
15375: 13375,14263,15301,15127,14287,15711
13355: 15765,14545,15258,14542,14857,13293
12859: 15703,13845,14990,14638,13836,13928
14145: 13024,14386,14854,15690,12826,14586
14127: 14277,13064,13134,14496,13277,13246
15480: 14651,13655,15585,12829,13360,13240
13882: 
14133: 14439,13352,14403,14768,13380,14451
13002: 15655,14726,14650,13890,13733,13963
13028: 15299,15176,14997,14073
13141: 12893,14365,13797,15000,13288
12968: 15687,15052,13441,14019,13254
13035: 14567,15057,13122,15347,13177,13528,15412
14152: 15788,15072,15398,13460,13624,15714
12926: 15413,14869,13903,13074,14729,15555,13059
12973: 14349,12906,14605,14968,15017,15024
13698: 12974,14770,13756,15380,15331,15750
12982: 15463,14144,14862,14865,14549,14866
15699: 14680,13463,14193,15381
13716: 14285,14341,14208,14249,13620,14388
13851: 13420,14292,15792,14334,15738,14955
14558: 15185,15210,14799,13940,13120,14256
13916: 14369,14883,14827,13324,15126,15149
14188: 14495
14169: 15657,15539,14502,13792,14756,13368
14526: 14523,13558,14814,14479,13221,15665,14448
15015: 13415,14005,13093,13139,13154,13278
13906: 13828,13230,13072,13608,15680,13286
14046: 15014,13878,15253,14949,14047
14493: 14984,13535,13632,15444,15776,14067
14508: 13030,13444,15104,14763,15146,13300
15028: 14580,15346,15198,13647,15614,14335
14426: 13597,14771,13408,14669,14589,15681
14507: 15785,14061,13078,15081,15207,15522
14423: 14818,13380,13820,14143,13710
15691: 15336,15583,15306,15071,13700,13105
15405: 14491,14162,14050,15377,15307,14337
15436: 14609,13098,14299,14893
14655: 15607,14446,14066,13391,13395,14026
15107: 15154,14449,13854,15272,13370,13203
13040: 13429,13216,13023,13786,13603,12983
13284: 15466,13606,13133,15562,12946,15401
14420: 15420,13411
14084: 14633,15519,14691,13922,13968,13970
13489: 15482,14556,13531,14250,14681,13825
15516: 15606,15669,14586,13814,14412,13024
14161: 15781,14038,15805,15394,14986,14683
15596: 14408,14939,14737,15001,13822,15597
15090: 14129,12878,15148,14694,15184,12933
15463: 12982,14144,14256,12944,14787,14866
13288: 15000,15041,12893,13141,15133,15046
15754: 15470,12924,13336,14081,15293
15714: 13624,13787,14933,14152,14044,13460
14925: 15652,15404,15744,13092,13583
14799: 15619,15252,13120,14144,14256,14558
15808: 14813
15583: 15691,15336,13105,14253,15114,13486
14061: 15785,13855,13423,14507,14730,14607,15522
15622: 12882,15374,15244,14282,14109,13812
15389: 13268,15450,13915,14048,15150,14266
13528: 14724,15670,13035,14567,13177,15412
12957: 15468,15367,13248,15762,13290,13094
14782: 12831,13457,13124,15491,13107,14992
14681: 15450,14250,15150,13489,13825,14684
13376: 13204,15144,14841,15407
13648: 13802,13293,14283,15568,14376,15580
13531: 15482,14556,13489,13317,14294,14664
13401: 13711,13251,13517,14444,15204,13839
15081: 13428,14952,15135,13078,14507,15207
13461: 14560,15627,13159,13695,13349,14819
13276: 15726,12988,13311,14175,14784,13394
14815: 14703,15307,13175,15625,15323,14998
13408: 14669,12858,15100,14426,13597,14589
15653: 13799,14191,14654,14223,13532,13706
15129: 14470,15693,15688,13883,14668,13412
14509: 13046,15633,12948,12980,13518,13673
15471: 13227,14899,14119,14409,12835,13739
13711: 13401,13251,14485,13839,14053,13226
14375: 13131,15013,13450,13758
14098: 15549,13109,15553,14854,14121,13931
14373: 14602,13179,14750,15231,13962,13726
13207: 14913,14995,13263,13021,15530,15311
13922: 12959,14788,13968,14084,15312,13970
15686: 13936,14035,14329
13977: 15366,13139,14605,12951,13081,15464
14124: 15057,15584,15278,14719,13127,13585
15733: 
12884: 14071,14228,15205,14511,15757,12978
13547: 15006,15242,13313,15460,13561,12820
14975: 15058,15102,14597,14505,13794,14693
13156: 14977,15437,14307,15066,15203,13651
14282: 12882,15622,13812,15030,15391,13950,13464
14393: 15023
13045: 13683,13048,14499,14753,13031
14450: 15770,15372,13801,12948,12980,15670
14275: 14725,13105,13685,13247,13486,14620
14404: 13427,15794,13694,13905,14100
14976: 14286,14029,13095,14910,14268,13553
12935: 15781,13853,13176,15640,14683,14490
15689: 14390,15678
13777: 15130,15564,14839,13996,13225,14436
14854: 14145,14386,12826,14098,13109,13931
14325: 13530,13077,15110,13275
14549: 14865,13521,14581,15252,12982,14144
14502: 13108,15048,14746,14169,15657,13368
13815: 15787,15505,13832,13400,15586,14599
15063: 13391,14371,13103,14066
14344: 13828,13230,13260,14227,13487,14456
13929: 14888,13925,13483,13057,13743,14661
15560: 13186,13827,15376,13298,15799
13728: 
12905: 15772,15101,13205,15495,15005,14722
13740: 12922,15713,14566,14465,14572,13638
15017: 15024,15240,13001,14781,14968,12973
14417: 15158,13691,14208,15618,14280,14964
14305: 15557,14319,15623,12841,14692,14708
14478: 15778,14100,15370,14938,15417
13228: 15704,14810,13645,15774,13342,15606
13018: 15428,12849,15492,14993,13732,15769
14201: 15635,14851,14356
14965: 15682,14625,15247,13909,14251,13273
15635: 14201,13405,14851
14679: 13088,14557,14104,13335,15377,14337
15301: 14263,15375,15506,15127,13454,15728
14727: 13314,13862,13655,15019,15300
15419: 15447,14650,14559,15003,13328,14726
15659: 13646,14686,15742,15164,15393
14631: 15773,13189,15140,15303,14147,13199
14653: 15042,14743,13800,12830,14440,15131
14071: 14228,13094,12884,12871,14086,15757
14992: 14281,13107,13324,14782,13831,15491
13742: 
28675: 14157,28680,14310,15567,15772,15495
14439: 13352,14133,15209,14403,15531,14985
12820: 13561,12934,15006,15540,13547,13229
13974: 14643,13942,14848,15195,14551,12866
15068: 14716,15122,15811,13542,13729,13414
14432: 15099,14892,13629,14943,13901
15788: 14350,15072,15720,14152,15398,12955
13144: 13386,15678,13763
14627: 13213,15254,15706,15694,14914
15026: 
15311: 13719,15530,13272,13297,13207,13021
15251: 13504,14871,15223,13410,15589,14257
14548: 13950,14982,13437,13179,14750
13206: 14135,13670,14805,15440,15637,13892,14007
14058: 14040,15376,13354
15810: 14843,14095,14006,14218,15734,13756
14705: 15165,13604,15514,14828,12855,14641
13304: 15215,12848,15551,14395,13180,13617
14917: 13170
14298: 13433,13389,13789,13566,15265,13231
13870: 14182,13955,14217,14895,14611,14791
14441: 14475,15763,14752,13210,15075,12989
14363: 13767,15608,14828,13217,14487,15165
13465: 13785,15232,13031,14846,13869,13683
14407: 12841,13757,15259,13049,13123,15109
14312: 15055,15004,14559,13752,15716,13889
15137: 14443,15532,15629,13445,13498,15613
13579: 14701,14159,14028,15764
14271: 12970
13659: 13620,14291,13462,14630,13056
13318: 12942,13000,13571
15016: 14176,15271,14387,13578,14671,13111
12934: 13561,14102,12820,13034,13229
15287: 14427,13688,12903,13214,15020,15528
14793: 14160,15202,14262,15147,15343,15460
14872: 15207,13510,14952,15367,15171,14944
13109: 14098,15549,14386,14854,13337,12947
14612: 15187,13880,14462,13096,14278
14546: 14230,15708,13272,13601,14068,13021
14752: 14441,15075,13526,13619,12989,14371
13550: 13848,15431,15547,13209,13765,15179
15084: 13868,13310,15597,14907,13174,14187
15074: 14480,13307,14075,13387,14189
14170: 13382
13298: 12852,15376,15560
14866: 14787,13602,14862,15463,12982,15648
13261: 13499,15504,14630,15059,14754,14807
14029: 14976,14286,13867,14910,14533,15523
13995: 15085,14639,13640,14204,15181,13446
15513: 14823,14911
14876: 13333,14794,15758,13066,15760,15497
15123: 14510,14701
15269: 15557,12818,14319,15652,15529,15404
14780: 14138,14490,13806,14360,13053,13979
14897: 12843,15234,14069,14486,14422,13793
14220: 14462,13780,13084,13660,15359
14421: 14287,14765,15553,14121,14224,13824
13089: 14733,14361,15539,14756,13082
13430: 13063,15784,15099,15163
14035: 15686,15536,13936,14329,13668,15198
13795: 15023
14589: 13038,13980,13408,15100,14426,15681
13950: 14548,13464,14282,13812,13437
15250: 14547,13523,14710,13744,14889,14590
13016: 13426,13859,15153,14270,14431,13425
14357: 14842,14801,13256,13115,15220,14877,13374
13491: 15585,13050,12829,15380,15750,14338
14272: 12889,15354,13446,15169
15154: 15107,14449,13854,15646,13841,15390,14833
14462: 14220,13880,15359,14612
13941: 15413,13903,13074,13466,14416,28658
15786: 13370,14951,15707,14288,14755
14777: 13076,13312,14565,12855,14641,12862
14085: 13755,13656,15041,14521,13027,12998
14674: 14367,14970
13982: 13566,13320,15265,15054,13957,13456
13669: 13792,15701,13368,14030,14751,14148
13945: 14642,14504,13663,14743,13044,15768
13232: 13150,13250,13441,14457,15500,15687
12925: 15312,12972,15053,15569,13468,15308
15101: 13205,12905,15005,13679,13919,14141
12952: 14561,14010
13695: 13858,13349,13461,14819,13322,12994
12987: 15442,14746,15156,15657,14259
15397: 15189,14845,14569,15338,13649,12909
15153: 14956,13422,13859,13016,13425
13130: 15477,13958,14583,14971,14419,12979
13485: 14207,14379,15126,15149,13902,14017
14810: 15704,13228,15606,14586,14887,15690
14365: 13738,13181,13141,13797,13496
13441: 13250,13232,12913,15687,12968
15668: 13451,14063,15430,15230,15211,14060
14103: 15034,13538,15520,14416,13723
13627: 14477,14591,15201,15492,13611,14434
13642: 15484,15696,13615,13718,15420
13071: 14031,13615
14016: 15330,13662,12817,13572,14274,15324
14629: 15117,13005,15255,14245,15402,15812
14294: 14664,14492,13347,15482,13531,15473
14978: 13187,12996
13888: 13369,15217,14489,14176,15368
13256: 15395,13059,14877,13374,12868,14357
14542: 15249,14302,13589,14857,13355,14545
15564: 13777,14839,13923,13996,12814,14568
14238: 15454,28680,14310,13598,15422,13574
13129: 13884,15661,13881,13846
13425: 15373,13484,13016,15153,14431
13513: 14527,13961,15473,14697,13347,13385
13081: 15249,15464,15024,15180,14605,13977
15127: 13824,15266,14287,15728,15375,15301
12879: 13719,15530,13876,13306,13784,14057
15038: 13817
15179: 13896,13270,13848,13550,13765,15486
14444: 15136,13517,14598,13416,13401,13251
15803: 13221,12986,14649,15665
13315: 15490,13043,14936,12863,15458,13674
13229: 13034,12966,15540,12934,12820,15291
13405: 15399,15411,14851,15635
14187: 14907,13591,12993,13868,15084,13182
15242: 15202,12940,15460,15006,14711,13547
14951: 14837,14834,15707,15786
14888: 13925,13739,13929,13732,13483,15769
15100: 13408,12858,14884,14589,14640
12853: 13874,13645
12852: 13298
13102: 14342,15766,12991
13879: 13479,15351,15340,14692,14708,13944
14440: 12830,15428,12849,14653,15042,14916
13005: 15117,14629,13725,15402,15168
15312: 12972,12925,13970,13922,14788,13468
14977: 15437,12875,14463,13156,14307,13033
14470: 15693,15129,13049,13412,13123,14745
14766: 15576,14474,14841,14153
15759: 14047,13545,14189,13803
12927: 13171,13184,14812,15285,13516,13017
13675: 14430,13026,14715,13530
15807: 15053,15569,13826,13215,14901
14132: 15625,13091,13410,14050,14311,15479
12841: 14692,13757,14407,15259,14305,14319
14093: 15402,15812,14400
13243: 14544,13440,15025,15590,13421,14219
12991: 13102,15766
13672: 15515,13861
14607: 14948,14972,13469,14061,13423,14730
13160: 13654,14773,12999,15454,14157,28680
15574: 15330,13662,12838,14237,15104,13976
13241: 13971,13195,14000,14863,15344,14183
15440: 13206,13670,14905,15430,14007,14180
15566: 15475,13196,14714,15076,13163
13431: 15616,12893,12846,13997,13181
13364: 14522,13143,13438,15268,13356,12920
13369: 15049,13888,14176,14387,15793
13393: 13775,14652,12967,14437
14117: 14624,14171,14165,13149,15590,14610
13467: 15361,15472,14043,13734,13875,15748
13968: 13922,12959,13889,14084,15519,13752
15012: 13581,13404,15604,14199
15371: 15447,14650,14322,14438,14606,13890
13238: 14870,14146,14183,15675,15344,14515
14529: 13984,14942,14675,13101,13865,15676
14801: 13548,14842,15069,14357,13374,13457
13386: 15178,13144,13515,14902
14561: 13022,14979,12952
14203: 14647,13346,14088,13138,13502,13116
14255: 12990,13572,15157,12873,15361,14043
15401: 14197,15509,13284,12946,14122
13720: 14314,13373,14514,13453
14838: 15403,15191,15073
13501: 13456,13939,15731,13613,14494,14636
14193: 14615,15699,15381
13853: 15781,12935,15184,13019,13176
15194: 14118,15537,13162,13582,13493,13907
14389: 15170,13434,14893,15685,14716,15421
13775: 14792,15191,14652,13393
14005: 13415,15015,13072,13154,13230,13260
14409: 13608,14119,13607,15680,12835,15471
13000: 13600,14959,13318,15755
13975: 13013,14185,14498,14555
15598: 14552,13804,15721,13630,12962,14858
13611: 15415,15051,15201,13627,14434,14268
13912: 
14823: 15513
14100: 15778,14478,15417,15794,14404
15458: 13315,14936,12863,15545,14637,15432
15621: 13750,13087,15433,14541,15735,13258
14677: 15641,15212,13969,15617,13309,14831
15152: 14862,15737,14865,15559,14859,13519
13555: 13291,13782,15318,14398,13722,13693
15776: 15444,13535,14493,14524,15630,13678
13258: 15115,15735,13173,15621,14541,13164
13346: 14647,14203,14506,13119,13070,13116
12871: 14071,14086,14090,13443,15757,12848
14326: 14434,13553,14591,13978,14394,14413
14836: 13661,14689,13233,14898,14254,15800
14091: 14825,15639,12862,12847,14465,14572
12995: 13618,14530,14207,13560,13512,13524
14138: 14780,13806,14063,15230,13979,15007
13871: 13439,13835,14353,13628,15113,14039
14795: 13867,15434,14533,13007,14097,13148
13559: 13657,14181,15363,13687,13886
14022: 13365,12961,15317,13676,15113,13835
14262: 13014,13699,13008,15147,14160,14793
14463: 14977,12875,13030,13444,14472,13033
15735: 15115,13258,15621,13087,14179,13533
12955: 14398,15398,13981,14023,15788,15720
15022: 15789,13098,15702,15509,14609
13786: 14626,15577,14749,13023,13040,13603
14075: 14537,13387,12904,14949,15074
13073: 14596,14015,13192,13321,14366,15102
13741: 15422,15751,15120,13904,14525,14277
15710: 15411,15730,15445,15399
15639: 14825,14091,12862,13076
14651: 13218,15480,15760,12829,13333
14563: 15136,13517,15525,15563,15145
13806: 14138,14490,14780,15640,12953,14063
13457: 12831,13374,14782,15069,14801,13107
14348: 13084,15470,13336,15791,14246
14641: 14777,12855,12862,12847,14828,14705
14166: 
13872: 13371,14451,13352,14804,13616,14704
13497: 13397,13051,14880,14616,15183,12976
15357: 15011,14372,15253,14244,14864,15276
14927: 15309,13791,13703
15007: 13776,13979,14138,15230,14517,12915
13668: 14329,14035,15406,14580
14764: 15033,15071,13690,13475,12888,13959
13312: 13076,14777,14565,12844
14826: 13427,13536,14336,13068,14079,14243
14155: 13078,14662,13292,13984,13677,15785
13381: 13808,14210,15433,13088,14104,14541
14425: 13131,15013,14626,14247,15632,14720
14157: 28680,28675,15772,15237,13160,12999
13880: 14587,13965,14462,13780,14278,14612
12876: 14253,14564,15114,15521,15199,14956
13838: 14673,13994,14076,14528,14051
13727: 13966,15443,14295,13840,13212,15804
13900: 13581,14153,14076,15086
15535: 13595,14269,14659,13500,15351,15340
15442: 12987,15332,15156,14367,12883
15237: 15772,13205,14157,12999,13781,15190
15416: 13798,13166,13918,12892,15581,13110
15188: 14094
14545: 13539,15765,13355,14209,14302,14542
13493: 13582,15631,15727,13562,15194,13162
13935: 14643,13942,13665,13202,14739,15214
15126: 13485,14207,15149,13831,13902,13324,13916
15122: 14716,15068,15421,13454,15506,13542
13370: 15786,15707,15272,15107,14755,13203
13997: 14442,14891,14778,13431,15616
15121: 14092,14041,13157,14468,12865,13020
15606: 15669,15516,14586,13342,13228,14810
15202: 14160,12940,15112,14793,15242,15460
15106: 13619,12989,13413,14411,15225,13544
14891: 14442,13997,15039,15364,14778,14915
15758: 13534,14579,13066,13747,15497,14876
13338: 15652,15529,15744,14645,13894,13992
14919: 15542,15813,13183,13820,14700
12870: 15211,14180,13578,15029,15666,13111
15098: 14317,15070,14835,14089,13567,13667
15499: 14618,15662,15449,14237,14435,14740
14473: 14741,15481,15083,12882,15374,14482
14030: 14424,15329,15462,13669,13368,14148
15502: 14967,14789
13165: 13856,14941,14082,14923,15441
15633: 13046,13621,14509,14535,13673,14115
14571: 15591,13025,13735,14604,15427,13614
14582: 
13392: 15052,13482,15777,13397,14880,13989
14983: 15243,13865,15764,13101,14728
13782: 13291,15762,13555,15318,15532,15629
12962: 14164,15809,13630,15598,15257,14858
15300: 14914,13218,13655,14727,13862
13962: 15806,15231,12845,14373,13726,12895
13989: 15302,14880,15534,15052,13392,13254
14176: 15016,15271,14387,15368,13369,13888
15446: 12885,14751,14148,13628,13635,14039
13474: 13943,12840,13933,14547,13523,13280
13339: 14811,15142,15518,15295,13623,14584
15536: 13936,14035,13768,14303,15198
14622: 14147,13496,13199,15125,14323
13352: 14439,14133,15209,13872,14451,14804
14885: 15692,15197,12969,13837,13609,15031
14089: 13774,14671,15077,13567,14835,15098
14957: 15315,14807,15578,14211,13267
13590: 15510,14731,15193,15061,14820,15167
14202: 13834,14395,15591,14604,14216,13180
15609: 14744,13407,14790,14578,13271,13946
15517: 14646,15281,28685,12824,14146,28683,15305
15318: 13555,13782,13981,13498,15532,14398
15075: 14475,14441,14752,13391,14371,14026
13921: 
13514: 
13614: 15427,14588,13735,14571,14471,14234
15281: 15517,15646,14646,14870,14146,14382
14459: 14033,13323,12867
15392: 15771,15424
14147: 13797,15303,13496,13199,14622,14631
13617: 15159,13168,13304,15551,13180,12836
12880: 15465,13860,14531,14226,14761,15747
13864: 15526,14937,14205,15429,14647,14088
15451: 13519,13823,15648,13011,14320,15677
13717: 
14041: 14092,15121,15159,13020,15698,13593
14190: 14709,12903,15641,14327,14747
15078: 14918,14130
14733: 14361,13089,14199,13082,13754,13857
12976: 14140,12910,13497,15302,15183
14119: 14409,13607,13110,13227,13626,15471
13149: 13898,13743,14544,14624,14117,15590
13078: 14155,14662,15785,14507,15081,15135
14712: 13323,15507,14033,15235
14693: 14717,14753,13794,14975,14597,15700
15782: 28683,15305,13356,15274,13438,15586
14731: 15510,13590,13910,13724,14154,15167
15578: 14211,15501,14957,13267
12881: 13813,15544,14615,14233
13780: 14220,13037,13084,13880,13965
13558: 14523,14526,14289,14448,15358,15457
14158: 14783,13705,15027
15581: 13607,13110,12892,14500,14452,15416
15104: 13444,14508,13976,15330,15574,14763
14045: 13048,14735,14501,13772,13219
15768: 13800,14791,13945,14217,13663,14743
13262: 15717,13625,13001,14410,13145,13715
15167: 14154,13505,13590,14731,15061,13920
14265: 13235,14920
15713: 12984,12922,13740,15615,13234,14566
12856: 15222,15779,12958,15455,15067,13236,12898
14632: 14483,15570,13724,13476,13796
13186: 15560,13827,13329,14467,15799
15203: 15066,15369,13385,15437,13156,14697
13830: 15403,13135,14931
13184: 13866,13171,12927,15214,14812,13665
15568: 12900,14376,12892,13648,15580,13166
14406: 13269
15168: 14988,13005,13725,13363
15417: 13694,15743,14938,14100,14478
13729: 13633,13414,13042,15068,15811
13274: 15082,15273,12943,14044,14933,13908
14831: 13856,14941,15617,14677,15641,14709
12861: 15208,15602,13802,14283,13285,14196
15797: 13500,15109,15561,15387,13442,13595
12854: 14966,15719,15732,15335,13556,15097
13573: 14200,13437,14576,14573,15722,15467,13610
13813: 15544,13342,12881,14615,15774,15667
15793: 15512,13987,14387,13369,15049,15077
14207: 13485,14379,13560,15126,15149,13512,12995
15010: 14560,13533,13159,15115,13173,13671,15749
13328: 12959,14559,13752,15419,14476,14726
14889: 13744,15164,12832,15250,14710
15676: 13999,15601,13677,13865,13984,14529
14288: 14837,15786,14755
13030: 13444,14508,15146,14358,12875,14463
13552: 14173,14448,14345,15457,13215
15082: 15494,13274,15273,13735,13908,14471
13091: 15625,13410,15323,15120,14132,13504
14347: 14762,14928,12960,14397,13420,14318
15263: 15283,14928,15151,12864,13591,15342
15569: 15807,15053,12925,15476,13701,15308
15070: 14317,14835,15098,13473,14080,13472
13015: 15360,14689,15182,13043,15384,15088
13142: 14592,15715,13833,12833,14624,14171
14604: 15427,13895,15591,14571,14202,14216
13586: 15029,15666,13522,14151,15533,15365
14397: 13341,15792,13612,14762,14347,13420
15802: 15006,14711,15540,15058,14597,13622
15177: 13981,13366,14023,13605,13498,15613,13479
13706: 13532,13927,13335,15653,14223,13749
15515: 15187,13861,13222,13672
14773: 13654,15658,13160,12999,13418,15554
15525: 15563,13778,14563
13253: 13805,14186,14829,13254,15534
13784: 13327,14057,12879,13306,14497,14926
15021: 13359,15636
14073: 13458,14997,13424,13028
12889: 14213,14272,15085,15610
14915: 13406,15364,15039,15218,14453,14891
15211: 14180,12870,15668,15430,14060,15029
13362: 15671,14028,15426
15470: 13084,15754,14348,13336,15293,13037
14845: 15189,15397,14569,15741,15763,13210
14786: 15206,14974,14754,14194,13599,14018
13641: 15435
14386: 14145,14854,15690,13294,12947,13109
15548: 15483,14113,14163,14099
14247: 14626,15577,14425,15013
14602: 14373,13179,15784,13726,14860,13063
13251: 13711,13401,14485,14444,14464,13416
15221: 14672,13118,15725,14370,13183
15556: 15119,13198,13689,13242,15087,15124
15347: 14603,14123,13136,13177,13035,13122
15696: 15484,13219,13642,14878,13718
13289: 13155,13379,15111,15087,15432,14936
13325: 
15671: 13362,14028,15341
15430: 13451,15668,14905,15440,15211,14180
12981: 14894,14422,13985,12851,13958
15769: 13483,14477,13732,13018,15492,14888
14687: 13618,14530,13709,14114
15809: 14164,13069,12962,14297,13630,14196
13500: 15109,15797,13757,13595,15535,15351
13584: 14787,13602,12985,15108,13745,14064
14586: 15606,15516,14810,13024,14145,15690
14069: 14897,15234,13434,13633,13414,13793
14661: 14544,13440,13929,13483,14685,13743
13020: 15159,13168,13225,14041,15121,14468
14248: 15277,13329,15049,13987,14467
14510: 15123,15594,15020,14701
13257: 14125,14735,14087,13818,13758,14623
15360: 13015,13661,14689,15664,14315,15088
13884: 15219,13129,15661,13881,12949,15355
13033: 14307,13200,14472,14779,14977,14463
15368: 14176,15271,13892,12891,13888
14418: 15184,12933,14513,13387,13019,14480
15047: 15801,13041,14372,14808,14284
13834: 14202,14395,13443,13281,15591,14776
14964: 14667,14280,15618,14553,14684,14417
13779: 
14182: 13052,15349,13955,13870,13704,14611
14037: 14856,14399,12874,12815,13957,13939
14605: 12906,12973,12951,15024,13081,13977
13685: 14275,14725,13319,13213,15254,14620
14254: 13537,14898,15498,13492,13233,14836
14479: 14814,14704,15552,15241,14523,14526
14036: 15400,15749,15567,14819,13402,13159
13116: 13070,15248,14203,13346,13138,14107
13650: 15747,15770,15372,15503,14226,15096
15310: 15299,13816
13509: 15399,13422,13484,14851
13220: 13361,13917,14020,15508,14577,13305
14167: 14419,15439,13383,13694,15743,13790
15053: 15807,15569,13215,12972,12925
13183: 15813,14370,15221,14919,15542
13876: 13719,12879,12825,14534,13306,14984
13429: 13216,13303,13321,14366,13040,12983
14909: 13079,15264,14192,13829
15462: 15113,13365,15329,14030,14148
12883: 14367,14970,15175,15442,15332,12965
12989: 13619,15106,15225,14441,15763,14752
15555: 15395,13059,13893,14729,15514,12926
13375: 14263,14638,15375,15711,14466,15672
13330: 14107,15292,15382
14311: 15672,15479,14491,14050,14466,14132
13703: 13998,13791,14927,14198
14126: 15775,14433,14898,13661,14415,14315
15607: 14655,14446,13395,13077,13275,15080
14137: 14068,15133,14900,14806,14778,15616,12893
14447: 14279,14116,12912,15748,15472,13185
13913: 15707,15272,14382,14000,14870,14183
15720: 14350,15788,13136,13177,13366,14023,12955
15679: 14760,15023
14814: 13616,14704,14479,13221,14526
15695: 14531,13585,13686,14308,15278,13860
15367: 15468,12957,13248,14952,14872,14944
14430: 13026,14715,13675,14706,15615,13234
12943: 13274,15273,13621,14044,15651,13953
13811: 13647,14960,15614,15245,13601,14532
14332: 14445,13067,14961,14730,14972,15280
13145: 14816,13715,14410,15643,12816,13262
13306: 14984,13535,12879,13876,13784,14497
15207: 13510,15522,14872,14507,14952,15081
14534: 13943,12840,12825,13876,14984,13632
15409: 12837,15697,12877,14001,14550,13449
14659: 13595,14269,15535,14912,13193,14603
13937: 14025
15067: 13327,14520,13060,15455,12856,12898
13432: 15195,15410,13480,14454,15688,13883
14467: 14904,14248,13329,13186,15799
13480: 15195,13432,14551,15688,13282,14074
13105: 14275,14725,13700,15691,15583,13486
15275: 14797,13807,13012,13344,14055,13568
14584: 15592,15723,13339,15518,15295,14706
15172: 13236,12898,13748,12917,13153,13345
14378: 13594,14860,13417
15165: 14705,13604,14828,14363,13217,14732
13689: 13198,15556,15009,14637,15087,15432
13525: 14554,13947,14352
13308: 15484,13772,13683,13785,14635
14123: 14603,15347,13136,14269,13366,13605
14636: 15559,13681,13501,13613,14494,15737
14482: 12890,14473,15083,12882,15391
13532: 13706,13335,15653,14191,13808,14104
13157: 14092,15121,12865,14969,14879,15004
13335: 13532,13927,13706,15377,14679,14104
15245: 15614,14748,13811,14950,14532,13280
15395: 13256,15555,13059,13893,14070,14877
15673: 13178,15441
15274: 13540,12824,13832,15586,28683,15782
15379: 14051,13249,14930,15246,14174
15030: 13039,15391,14282,13464
13915: 12997,15290,14048,13384,14266,15389
15197: 14885,15692,14980,14606,12969,14994
15753: 14453,14096,13588,14935,15218
14223: 14032,13749,15642,14654,15653,13706
13158: 
12929: 15331,15750,15746,15227,14414,13050
15678: 15689,13144
13110: 14119,13607,15581,13798,15416,13626
13100: 
15597: 13310,15084,13822,13174,14939,15596
14583: 15477,13130,14419,13730,14938,15743
15680: 12835,14993,13286,13906,13608,14409
13108: 15048,14502,12921,14301,14424,13368
12877: 12993,15342,14001,12960,12837,15409
14600: 13034,12966,14564,13859,13358,14956
15627: 14560,13461,15795,15779,13349,13345
14776: 15591,13025,15060,14392,13281,13834
15476: 14901,15037,15569,13701
13980: 13038,14589,15681,15176,14077
15795: 14560,13533,15627,15222,15779,14179
15184: 14694,12933,14418,15090,13019,13853
14490: 14780,13806,12935,15640,14360,14683
15518: 13339,15142,14737,15723,14584,13121
15711: 14287,14765,14276,14466,13375,15375
13327: 15067,14520,13060,13784,14057,14926,12898
15339: 15160,13008,15147,15134,13475,15783
15097: 14713,13014,13556,13652,15732,12854
13054: 15045,14313,15062,13527,13702
14960: 13647,15575,13811,13887,15708,13601
13582: 13493,15727,13917,14020,15194,13907
14240: 15079,15373,13714
13082: 13934,13140,14769,14756,14733,13089,13857
15464: 15249,13589,13081,13093,13139,13977
14539: 13152,14905,15718,14903,13670,14805
15219: 13884,12949,15297,14013,14484,15355
13783: 14940,15282
14501: 14878,15761,14623,14735,14045,13219
14208: 13691,14417,14280,14249,14388,13716
13379: 13289,15111,15490,14936,15385,15719
13365: 14022,12961,14198,15329,15462,15113
14449: 15154,15107,15272,14382,15646
15161: 14830,14008
14156: 12843,15234,13697,15170,13770
13616: 14814,14704,13872,13371
13037: 15294,15293,15470,13965,13780
14875: 15674,13596,14139,13061
14658: 13754,13991,13857,13761,15139,14290
14946: 13003,13471,14785,14852,13301,13850
15811: 15703,13542,15068,13729,13042,13844,14316
15694: 14914,14627,13666,14309
13466: 15238,15520,14416,28658,13903,13941,13074
13592: 14285,14884,12860,14249,15684,12858
13391: 15063,14371,15075,14655,14066,14026
13639: 14610,13421,13909,14251,15091,13507
14724: 12980,13528,15670,13518,13065,15412
14180: 15211,14007,13578,12870,15440,15430
13404: 13581,15012,14199,13754,13991
13909: 13639,14251,14965,15091,13273,14110
13193: 15558,13265,14912,15387,13595,14659
14932: 15079,14031
15080: 14811,15607,13807,13395,13077,13623
14400: 14093,13458
13046: 13621,14509,15633,13518,15651,13696
15144: 13204,13376,14665,14538,13994
14611: 13546,15698,14895,14182,13870,13704
14413: 13576,13006,14394,14326,13978,15025
12842: 14935,15039,13299,14177
13155: 13242,13289,15111,15087,13303,15032
14979: 14609,14561,13022
14987: 14150,14115,15044,12816,14535,15236,14816
14362: 13666,14309,13762
12993: 12877,15342,14001,14187,13591,13182
15276: 14614,14864,14518,14372,15357,14284
13807: 15275,13012,13395,14811,13568,15080
15182: 15663,13674,15800,13015,14689,13043
15018: 13383,14359,15487,13350,13580,13562
15218: 14935,15039,14453,15753,14915
13845: 15703,12859,13928,13399,14316,15036
15775: 13227,14428,14899,14433,14126,14415
13597: 14426,14771,13212,13357,13408,14669
15008: 14568,15325,14839,13396,14633,15519
14110: 13273,13534,12888,13909,15091,13690
13322: 15414,14722,12994,13695,14819,13402
14198: 13365,12961,13998,13703,15329
14908: 13646,13032,15406
14638: 13375,14263,15672,13836,12859,14990
13136: 14123,15347,13177,13366,14023,15720
13439: 13871,13835,14353,14991,15317
12996: 13085,14978
13903: 12926,13941,13074,13059,15238,13466,12868
15604: 14621,14199,15012
13264: 13019,14480,13307,13176,14861,15353
15565: 14767,14052,15031,13104,13973,15233
15630: 15054,13678,12815,14954,15776,14524
13860: 15465,15065,12880,13686,14531,15695
14969: 14481,15093,14879,13157,15055,15004
15359: 13660,14462,14220
15381: 14803,15699,14680,14193
15191: 14792,13775,13455,15403,14838
15189: 15397,14845,14464,15741,14485,15338
14989: 15326,15408,13453,14878,15761,13373
13115: 14226,15220,15096,14070,14877,14761,14357
15544: 13813,13342,12881,14261,14233,15669
12988: 15726,13276,14784,14054,13340,14411
14768: 12992,13960,13367,13380,14133,14403
14270: 14431,14004,13426,13016,14065,13557
14848: 13942,13974,13055,12896,15195,15410
15212: 14677,15641,14327,13969,14512,13569
13433: 14298,13389,13734,13231,15461,14973
13801: 15770,14450,13911,14567,15584,15670
13954: 13810,14218,15734,14994,13914,15227
14097: 13148,14322,14702,14795,14533,15105
14591: 14685,13627,14477,14326,14434,13978
14765: 14287,14421,15711,14224,14276,14106
15570: 14483,14632,13796,15439,12979,15487
15039: 12842,15218,14442,14891,14915
13139: 15366,13154,13977,15464,13093,15015
13246: 12963,14496,13134,14127,13891,14383
12863: 13315,15458,14785,13301,13674,15545
13294: 14887,14953,14386,15690,12947
14827: 13916,14369,14281,13324,14850,13503
13577: 13825,14553,14775,15482,13961,15473
14106: 14276,14162,14224,13749,13927,14765
15117: 13005,13842,14629,15255,14634
14018: 14194,13907,14118,13653,14786,14974
15079: 14431,14004,15373,14932,14240
13910: 13844,15036,15510,14731,13724,13476
15603: 13657,14181,14353,14863,15448
13644: 13773,14082,15594,14260,15624
14981: 13266,13137
15132: 14740,14457,15662,15141,15745,15500
13069: 14164,13636,15809,15580,13802,14196
13671: 15115,13173,15010,13664,14105,15749
14597: 14975,15058,15802,14717,14693,13622
14910: 13867,14562,15051,14268,14976,14029
12933: 15184,14418,14178,14513,14129,15090
15461: 12916,14973,14258,14231,13231,13433
15595: 14574,14090,13693,13291,13290,14086
14890: 15684,12918,13128,14503,13357,14669
13721: 15702,15562
14181: 13657,13559,15603,15363,14991
13001: 13625,13262,14781,13715,14968,15017
13805: 13253,14186,15660,15534,14789
14576: 15002,12920,14573,15722,14034,13573
13424: 15228,14245,14997,14073,13458
13326: 13331,14461
13090: 13454,14184,15728,15789,15685,15421
15505: 15787,15356,13815,13934,13140,14599
14779: 14472,14618,15662,13200,13033,15141
13074: 15413,12926,14869,13903,13941,13466
15447: 15371,15419,14650,15003,14322,14702
13367: 13960,14768,14445,15280,14818,13380
15181: 14204,13995,13446
14970: 14367,12883,15175,14674
15672: 14311,13836,15479,14466,13375,14638
15495: 15772,12905,15567,13402,14722,28675,14310
13696: 15651,13460,13518,15072,13065,13046
15408: 15326,14989,13373,13849
13787: 13624,13551,14392,14933,15714,15060
13242: 13155,15087,15556,15124,13216,13303
15660: 13805,15302,15534,12910,14967
15496: 
13667: 12924,14772,13245,13567,14317,15098
14709: 14260,12903,14190,13856,14831,15641
14200: 13573,13812,13437,14573,15244,13610
13333: 14876,14794,15706,15760,14651,13218
12909: 14221,13344,15397,14569,13649,13481
14873: 12902,13923,13996,14511,12978,14225
12908: 14021,14758,13964,13343,15645,12958
14230: 14546,14068,14806,15352,14995,13021
13712: 13849
14914: 15300,15694,15706,13218,14627
14266: 13384,14131,14682,13915,13268,15389
13539: 15765,14545,13524,14883,14209,13512
14259: 15657,15539,12987,14621,14361
14299: 13697,15436,15170,14893
15019: 13240,13705,13314,14727,15027
13622: 15291,14846,14597,15802,15540,14717
15229: 13400,15268,14599,15386,14343,13237
14911: 15513
15487: 13383,15018,15570,13580,13796,15439
14995: 14913,13207,13021,14230,15352,15573
12951: 12906,14605,13452,15366,13977,13631
14701: 13579,14159,15020,14510,15123
15613: 15177,13498,13479,13445,13944,15137
15285: 14736,14487,13516,14774,13017,12927
14704: 14814,13616,14479,13872,14804,15552
13859: 13426,13358,13016,14600,15153
13904: 13504,15223,13134,15120,13741,14277
15738: 14334,13851,14955,14014
14431: 14270,15079,14004,13016,15373,13425
14066: 14655,14446,15063,13391
15064: 
14070: 13115,14877,14761,13604,14120,15395,13893
14521: 15000,15041,15303,15140,14085,13656
15783: 15343,14134,15339,15147,13475,15033
15171: 13967,14944,13510,14872,15740,12992
15522: 15207,13510,14061,14507,14730,13067
15521: 12876,15199,14956,13422,15399
13828: 14344,13230,13906,14916,14456,13286
15173: 14700
14204: 15181,13640,14437,13995,15724
13524: 13539,15765,13512,12995,14530,13709,14049
14735: 13257,14125,14045,13048,14501,14623
13680: 13587,14354,14832,15623,14662,13292
13736: 14644,15643,15270,12816,15503,15654,13737
13201: 14140,12910,14967,13993
13593: 13546,15698,15543,12836,15159,14041
14856: 14037,12874,15489,13939,15731,13191
14536: 13182,14738,14454,13868,13055,15410
13762: 13666,14362,12975
13549: 13360,12821,14882,15746,15585,13050
15062: 15045,13054,14767,14648,12914,13527
12818: 15557,14832,15269,15404,14942,14675
13323: 14712,15572,15507,15315,14459
15162: 13151,14250,13114,12886,13316,14556
14120: 15465,14732,13604,13893,14070,14761
13673: 14644,15270,12816,14535,12948,14509,15633
13649: 15338,15283,15397,12909,12864,13481
14783: 14158
15577: 13786,14626,14247,14749
13162: 15537,15194,14359,13493,13562,14009
15302: 14880,13989,15534,15660,12976,12910
13606: 13284,15466,12947,14953,13133
15450: 13268,15618,15389,14681,15150,14684
14958: 13234,14566,13658,14715
15346: 14303,15198,15579,15028,13647,15575
15083: 14473,15481,13249,14174,14482
14862: 14865,15152,12982,13519,15648,14866
14128: 12867,13766
13337: 15466,12947,15549,13109,14197
12947: 13337,15466,13606,13294,14386,13109
15734: 13954,14218,15810,13756,15331,15227
14427: 15287,13688,14159,14728,13583
15457: 13215,13558,14448,13552,15358
13122: 13035,15057,14912,13127,14603,15347
14789: 15502,13805,14252
13192: 13073,14015,12940,15058,15102,14711
15378: 
13502: 13138,14278,14455,14587,14203,14088
14654: 15642,15438,14380,13799,15653,14223
12815: 15630,15054,13678,13957,14037,14399
14355: 
14241: 14514,13453,13818,13819,15761,14623
13343: 13750,13087,14963,13964,12908,15645
15704: 13228,14810,13645,14800,14887
13670: 13206,14805,15440,14539,14905
14154: 13580,13796,13505,15167,14731,13724
15452: 
15262: 13494,13829,14192
15304: 15742,15128
15546: 14212,13336,14081,15791,15582
15113: 15462,13628,13365,14022,13871,13835
13112: 15350
15186: 14178,15709,14513,14537,13885
14579: 13273,13534,15758,15247,14929,13066
15206: 14786,14974,13751,14754,15504,14211
13137: 13266,14981
14302: 15249,14542,14209,15180,14593,14545
14972: 14948,14607,14730,13118,14332,14961
12862: 15639,14091,12847,13076,14777,14641
15111: 13155,13379,13289,14966,15719,15032
13021: 13207,14995,14230,14546,13272,15311
13951: 13167,14895,13895,15174,15543,13546
14697: 13513,13347,15485,15437,13385,15203
13983: 13713,13920,14236,13505,13350,15631
15240: 15017,15024,13503,15180,14593,14781
15642: 14654,15438,12826,14032,13931,14223
15674: 14875,15756
13350: 15018,13580,13505,13983,15631,13562
13722: 14398,15398,13555,13624,13551,13693
14468: 15121,12865,13020,13225,15130,15289
12874: 14037,14856,14399,13932,13053,15489
14625: 15682,14965,15298,13006,14251,14219
14082: 13856,13165,15441,13644,14260
12844: 13312,14565,15413,14869
14481: 14969,15093,15055,15003,13148,14702
15588: 13609,15224,15031,14052,15166
13849: 13712,14314,15408
12922: 13753,12984,15200,15713,13740,13638
13214: 15624,14260,12903,15287
14475: 14441,13210,15075,14797,13012,14026
13856: 14941,13165,14082,14831,14709,14260
15423: 14648,12914,15469,15166,14027
13943: 13474,14534,12840,14950,12825,13280
14043: 13467,15361,13389,13734,12873,14255
14868: 14229,13295,14339,14640,14469
13453: 14241,14514,15761,13373,13720,14989
15479: 15672,14311,13836,13410,14132,14257
13832: 13540,14721,15274,15787,13815,15586
15217: 12872,14690,14489,12891,13888
15702: 12946,13721,14609,15022
13933: 13474,12840,13523,12834,13938,13372
14225: 15215,12978,15551,14873,13996,14436
14067: 15444,15394,13938,14038,13632,14493
15273: 15082,15494,13274,12943,13953,13863
15054: 15630,12815,13957,14954,13320,13982
13006: 13576,14413,15025,14219,14625,15298
14550: 13449,14668,14796,15697,15409,14512
15748: 12912,14896,13875,13467,15472,14447
14320: 12838,15449,15677,15451,13011,15333
15174: 15427,13895,14588,13167,13197,13951
15131: 15415,14232,14653,13800,13470,12830
15306: 15691,15336,14134,15033,15071,14849
15279: 13733,13963,13837,13296
14675: 14529,14942,15404,13101,13092,12818
14109: 14522,13143,13172,14741,15622,15374,15244
14619: 14672,15725
14608: 13808,14210,14242,15729,14191,15319
12967: 13409,14652,15089,13393,13640,14639
14317: 15070,15098,13667,13245,13472,14012
14699: 13417
13026: 14430,13675,14706,13530,15110,15295
15665: 14173,14448,13221,15803,14526
14567: 13035,15057,15584,13801,13528,15670
13216: 13429,13303,13040,13242,15124,13023
13890: 14606,12969,15371,14650,13002,13963
14486: 14422,14897,12843,13708
14280: 12860,14667,14249,14964,14208,14417
15282: 13637,15288,13783,12938
15105: 14438,14585,15523,14533,14097,14322
14750: 14373,13179,13437,15231,13610,14548
15812: 14093,15402,14629,14245,13458
13840: 15066,15369,14688,15804,13727,14295
12945: 15341,12941,15243,13999,14660,14429
14986: 14360,13932,14683,14161,13224,15394
14858: 15257,15527,12962,13804,15598,15239
13252: 14206,14613,13317,14519,14024,14664
15798: 
15751: 14998,15422,13574,13741,15323,15120
13097: 12936,15296,13788,13249,14930,15481
13008: 15160,13388,15339,15147,14262,13699
13628: 15113,13871,15446,14148,14039
15272: 15707,13913,14382,13370,15107,14449
13996: 14873,13923,14225,14436,13777,15564
14192: 14252,13223,14909,14186,15262
13692: 15155,15722,14034,15390,15043,15467,15806
15187: 15515,14612,13096,13222
14994: 13954,13810,14980,15692,15197,13914
14342: 13102,15326,13411
14822: 15046,13027,15352,15573,14802
13529: 14079,14243,14974,13751,15501
15421: 14716,15122,15685,13454,13090,14389
13756: 12974,13698,14843,15810,15734,15331
12887: 12939,14614,14518,13398
13714: 15373,14240
14950: 13297,12825,14532,13280,15245,13943
13382: 13113,15705,14170
13043: 15490,13315,15182,13674,13015,15384
13804: 14552,13488,15598,13850,15239,14858
12900: 15568,14003,14376,13278,12892,14452
15134: 15091,13507,13690,13475,15160,15339
14878: 14501,15761,15696,13219,15326,14989
14678: 13459,14847
14805: 14135,13206,13670,14903,13041,14539
13751: 15206,14974,13529,15501,14211
15138: 13738,13181,14680,12846,14458,14803
13634: 13665,13121,13202,13508,15723,13866
14341: 14285,13716,13620,13056,14229,13295
13371: 13872,13710,14451,15649,14239,13616
13715: 15236,13145,14816,14968,13262,13001
14947: 
14973: 12916,15461,13433,13734,13875,12930
13399: 15589,13928,13845,15036,15510,15193
14869: 15413,12926,13074,14565,14729,12844
12949: 15297,14833,13854,15219,13884,13881
13788: 13172,14628,13097,15296,14741,15481
14197: 15401,13337,15549,15612,14122
13999: 15601,15676,15243,13865,12945,14429
15180: 15024,15240,14593,15249,14302,13081
14562: 13867,14910,15434,15736,15051,14232
15561: 15109,15797,14074,15693,15688,13049,13442
15044: 14150,13953,14115,13863,14987,15396
13423: 13855,14061,15601,14429,13469,14607
14000: 13241,13971,14834,14183,15707,13913
13893: 15395,15555,13604,15514,14120,14070,14877
14745: 13123,13992,13412,13565,14645,14470
15739: 14210,15433,13755,14242,14963,13750
15559: 13681,14636,15157,15737,15152,14859
13770: 15118,12843,14156
14144: 15463,12982,14256,15252,14799,14549
14184: 15728,13090,15509,15266,14122,15789
12944: 15185,15463,14256,14787,14488,15108
14669: 13408,12858,14890,15684,13357,14426,13597
13603: 12983,14112,15632,13040,13786,14626
13881: 13884,13129,13854,13203,12949
14524: 13083,14497,13535,15776,15630,14954
13052: 14182,13007,15349,13955,15434,15736
14628: 13788,13172,15386,15139,15296,13237
13660: 15359,14220
14993: 15680,12835,13286,13732,13018,12849
12885: 15446,14751,13635,15787,15356,14721
13114: 13781,12886,13418,12899,13151,15162
12888: 13534,14110,13690,14764,13959,13747
13049: 14470,15693,13123,15109,15561,14407
13661: 15360,14689,14836,14898,14126,14315
14042: 
14859: 12990,15559,15157,15152,13519,13823
15449: 12838,14320,14237,14435,15333,15499
15001: 15596,14737,13822,13121,13202,14739
15320: 13959,13747,13700,15497,14725,13319
13279: 15628,15571,14136,13329,13827
15746: 12929,14414,13104,13050,13549,14882
13506: 14747,13894,15528,13688,15744
13647: 15575,14960,13811,15346,15028,15614
15020: 15624,14510,15287,14701,14159
13120: 13940,15365,15619,14799,15533,14558
14105: 13664,14844,13598,13671,15400,15749
12937: 15582,13354,14460
13771: 13462,14321,12977,14577,14853,14291
13280: 14950,15245,14748,14547,13474,13943
13036: 12931,13398,14235,12907,12872
13605: 15177,13366,14269,13479,15340,14123
14315: 14415,15040,15664,14126,15360,13661
14160: 15202,15112,14793,13014,13556,14262
14904: 14346,14467,13378,15799,14212,15582
13053: 14360,13932,14780,12874,13979,15489
14094: 14460,15188
12923: 15526,14455,15094,14264,13125,12850
13803: 14189,15718,14903,15759,13545,15801
13374: 12831,12868,13457,13256,14801,14357
14017: 15034,13538,13902,13485,14379
13799: 15653,14191,15319,12954,14654,14380
13536: 13427,14826,15794,14243,13873
13688: 14427,15287,13506,15528,13583
13676: 13821,15317,15284,14022,12961
13270: 13896,14227,15179,13487,15486,14642
15663: 15182,13674,15800,12950,14852,13301
14603: 14123,15347,14912,14269,14659,13122
13290: 13291,15762,12957,15595,13094,14086
14942: 13984,14529,14675,12818,14832,13292
15303: 13797,14147,15000,14521,14631,15140
14790: 14676,12866,14578,15345,13271,15609
15358: 14691,13558,14289,15457
15175: 14970,12883,14296
15752: 
13516: 14487,15285,15200,13171,12927,15608
12845: 14013,14484,15806,13962,15337,12895
13730: 15370,14938,12938,15477,14583,15288
14368: 
14081: 14212,13336,14384,15546,12924,15754
14924: 
13865: 14983,13101,14529,13999,15676
14673: 13838,13994,13455,14051,14792
13988: 14918,14707
14796: 14550,14668,13412,14512,13569,13565
13377: 
13731: 14660,13469,14948,14672
14588: 15427,15174,13614,14234,13952,13197
14913: 13207,14995,13263,15573,14021,14758,13208
13358: 13426,13859,13869,14600,12966,15232
14737: 14408,15596,15001,15142,15518,13121
14339: 13295,14868,14377,15507,15587,14469
13172: 13788,14628,13143,14109,13237,14741,15374
13626: 13227,14433,13798,14119,13110,15498
15643: 14644,15270,13736,12816,13737,14410,13145
14665: 12970,15407,15144,14538
14205: 14488,14937,15103,13125,15526,13864
14954: 15630,15054,13083,14524,13009,13320
13384: 15511,14266,14131,12997,13915,13047
13092: 13101,14728,13583,14925,15404,14675
12891: 15637,12907,12872,15217,15368
14065: 14635,13615,13557,14270,14004
15501: 13126,13529,13751,15578,14920
14356: 14201
13418: 14773,12999,13114,13781,15554,12899
15112: 14160,15202,12940,15335,13556,14015
15549: 14098,13109,15553,13337,14197,15612
12893: 13431,15616,13141,14137,15133,13288
13077: 14325,15110,13275,13623,15607,15080
12850: 14587,13965,15094,15294,12923,14455
13979: 13776,15007,15489,13053,14138,14780
15227: 15331,12929,13954,15734,13914,14414
14260: 14709,13856,14082,13644,13214
13946: 14719,15558,13265,13271,15609,14744
15124: 14698,13023,15119,15556,13242,13216
15531: 15205,14985,14511,14439,15209,12902
15683: 13056,14377,13499,14630,15572
14044: 15651,13460,14933,15714,13274,12943
13958: 15477,13130,12981,14971,12851,12979
15000: 15041,13288,14521,13141,13797,15303
13023: 14698,14749,15124,13216,13040,13786
15572: 13323,15507,13499,15683,14377,15315
14211: 15578,15206,13751,15504,14957,14807
13829: 15262,14909,15264
15690: 14145,14386,14810,14586,13294,14887
14010: 12952,15118
14682: 14266,14131,13268,14215,13746,15158
12983: 14505,13603,14112,13429,14366,13040
15345: 13435,13271,13282,14551,14790,12866
15657: 14169,15539,14259,14746,14502,12987
15009: 13198,13689,14637,14340
13088: 14679,14557,14104,14541,13164,13381
14092: 14041,15121,13157,15698,13704,14879
13574: 14998,15422,15751,14844,13598,14238
13504: 15251,15223,13904,13091,13410,15120
13883: 15693,15129,15688,14454,14668,14222,13432
12872: 15217,14690,13036,14235,12891,12907
15507: 14712,13323,15572,14377,14339
14335: 15614,14748,14590,14580,14945,15028
13153: 13858,13349,13345,15172,12917,14258,14723
15215: 15757,13304,12848,12978,14225,15551
14937: 14488,15108,13745,14205,13864,15429
14792: 15191,13775,14673,13455
15087: 13155,13242,13289,15432,15556,13689
15586: 13400,13438,13815,15274,13832,15782
14319: 15557,14305,15269,15529,12841,15259
13564: 14108,13763
14151: 14517,15095,14060,13586,15029,15533
13608: 14409,13607,13072,14500,13906,15680
13723: 15520,14416,13124,14103,15034,13538,15491
15298: 15682,14625,13576,13006,14843,12974
15722: 13692,14034,14576,13573,15467,13610
14313: 15045,13054,12821,13949,13705
14088: 14647,14203,15526,13864,14455,13502
14906: 15445,14620,15254,15730,14309
14087: 13847,14720,13131,13758,13257,14125
13576: 13006,14394,14413,14843,14095,15298
13750: 15621,13087,13343,14963,15739,15433
13831: 15034,13902,15491,13324,14992,15126
15362: 13847,15700,14720,14112,15632,13794
13517: 15136,14563,14444,15204,15145,13401
14104: 13088,14679,13808,13381,13532,13335
15632: 13603,14112,14626,14425,15362,14720
13984: 14529,14942,15676,13677,14155,13292
13707: 15469,14027
14961: 14332,14972,13118,15280,14370
13292: 14155,14662,14832,13984,14942,13680
15159: 13020,13617,13168,12836,13593,14041
15230: 15668,14063,14138,15007,14517,14060
14955: 14014,15617,13309,15738,14292,13851
14617: 13302
13772: 15484,13219,13308,13683,14045
14907: 12864,13174,13481,14187,13591,15084
14078: 14804,15552,12814,15209,12902,13923
15439: 14167,14419,12979,15570,13383,15487
14055: 14221,13344,15275,13568,14408,14939
14333: 13684
14880: 15302,13989,13392,13397,13497
15031: 13609,15588,14885,15692,15233,14052,15565
14966: 15719,12854,15335,15111,15032,14596
13757: 12841,14692,14407,13500,15109,15351
14153: 13204,14766,13900
15563: 15456,15525,15475,13163,15136,14563
13940: 15365,13120,14080,13473,14558,15210
14516: 13190
15616: 13431,12893,13997,14778,14137,15133
15724: 14663,14204
14640: 13038,14884,15100,14229,14868
15225: 15106,12989,13413,14601,15741,15763
15327: 15602,15334,14297,13877
14239: 15649,15424,14143,15771,13710,13371
15655: 13495,14476,13002,14726,12897,13733
13341: 15474,13839,14053,14397,13612,14762
13234: 14958,14566,14430,14715,15615,15713
15232: 13785,13465,13869,13426,13358,13557
12980: 14724,15670,13518,14450,12948,14509
14754: 14786,15206,13599,15059,13261,15504
15425: 14300
15349: 14182,13052,13007,13704,15093,14879
14657: 15435,14195
15393: 12832,15196,15659,14686,15164
15647: 15431,13452,14150,15396,14349,12906
14358: 14492,15485,14519,15146,13030,12875
15125: 14803,13738,14323,14233,13496,14622
15541: 14401,14437,14396
12851: 12938,12981,15477,13958
15410: 15195,13432,13055,14454,14536,14848
13150: 13250,13232,12819,15796,14457,13447
15387: 13435,13442,15797,15558,13193,13595
13349: 13858,13153,13695,13345,13461,15627,14723
13450: 13818,13758,13819,14375
13620: 14291,13659,14388,14341,13716,13056
13610: 15467,15231,15722,14200,13573,13437,14750
15316: 14585,15523,14286,14006,13810,14218
15013: 13131,14425,14375,14247
14171: 14624,14117,14165,15715,13142,13388
15324: 14279,13188,12817,15330,14016,14763
14863: 15344,15448,13657,15603,13241,13195
15130: 13777,14839,13225,14468,13396,15289
14096: 13588,15753
13048: 13045,14045,14499,14125,14735
14306: 14670
15243: 14983,15764,15341,12945,13999
13800: 15768,13470,14791,14653,14743,15131
13452: 13848,15431,15647,12906,12951,13631
14376: 15568,12900,14003,14857,13293,13648
15649: 15424,14239,13371
15592: 13508,15723,14584,15615,14706,12984
14290: 12936,15086,15296,14658,13991,15139
14327: 15641,15212,14190,14840,13569,14747
13041: 15801,15047,14903,14808,14135,14805
13638: 13767,15608,14572,15200,12922,13740
14452: 13415,14500,12900,13278,12892,15581
13651: 15524,14688,13156,14307,15256,15066
13615: 14635,14065,15484,13642,13071
13247: 15199,15730,13486,14275,14620
15005: 15101,12905,15414,14722,13643,13919
14882: 13549,12821,15746,13104,13973
13064: 14127,14525,14277,13654,15658,13277
14575: 15628,15571,12894,14690
12924: 13667,13245,14081,14384,15293,15754
14135: 13206,14805,13041,14808,15637
15624: 13214,15020,13644,15594
13895: 14604,15427,15174,14216,15543,13951
13792: 13669,15701,14756,13368,14169
13691: 15158,14853,14208,14417,13746,14388
12866: 14790,14676,14643,13974,14551,15345
14387: 15016,14176,13369,14671,15077,15793
13462: 13771,14321,15059,14291,13659,14630
14048: 13151,15150,15290,13915,12899,15389
13645: 15704,13228,12853
15747: 13650,15770,12880,14531,13911,14226
14664: 14294,14492,13252,13317,14519,13531
14159: 14701,13579,15020,14427
13949: 13360,12821,14313,13240,13705
13508: 15592,15723,13634,13753,12984,13866
15331: 15750,12929,15227,15734,13698,13756
15703: 13845,15811,12859,14990,13542,14316
14052: 14767,15565,15166,15588,15031,12914
14717: 14753,14693,13031,14597,13622,14846
12972: 15312,12925,13970,14691,15053
13919: 13679,13185,12912,13643,15101,15005
14967: 15502,15660,13201,12910
13686: 14736,14774,14308,15065,13860,15695
13265: 14719,15558,13946,14912,13193,13127
13748: 13236,12898,15172,13060,13899,12917,13972
15580: 13636,13069,13802,13648,15568,13166
13093: 13589,15464,13139,14003,13278,15015
12971: 15456
14173: 15665,14448,13552,14649,14345
13013: 13975,14185,15599,15143
13971: 13241,13195,14834,14000,13117,13353
13185: 13679,14267,13919,12912,14447,14116
13567: 15512,14089,15077,15098,13667,14772
13927: 13706,13335,15377,13749,14162,14106
15756: 15674
15289: 13396,15716,13889,15130,14468,12865
12985: 13602,13584,13011,14874,15333,14064
15628: 15571,13279,14575,14690,14489,15277
13746: 14215,12977,14682,15158,13691,14853
13955: 14182,13052,13870,13470,14791,15736
15715: 13833,13142,14171,14713,13699,13388
12834: 12878,15148,13523,14710,13933,13372
13217: 14487,14774,14363,15165,15065,14732
15033: 14764,15071,13475,15783,14134,15306
14422: 14486,12981,14897,13985,13793
12895: 13726,13594,13962,12845,15337
14451: 13872,13710,13371,13380,13352,14133
12977: 15508,14215,14577,13746,14853,13771
15209: 14439,13352,15531,12902,14078,14804
13991: 13754,14658,13404,14290,15086
15648: 13519,15451,13011,14862,13602,14866
14540: 
13095: 14976,14286,13553,14394,14095,14006
14113: 15483,15388,14077,14163,15299,15548
12946: 15702,15562,13284,15401
14453: 15579,15753,13768,15218,14915
14720: 13847,15362,14087,15632,13131,14425
13643: 12912,14896,13926,15414,15005,13919
13609: 15224,15588,15031,13837,13296,14885
14324: 
14349: 12906,12973,15236,14968,14150,15647
15474: 13341,13839,14374,15204,13099,13612
15477: 13958,13130,14583,12938,12851,13730
14014: 14955,15617,15738,15116,14941
14308: 14744,13407,15278,14736,13686,15695
15512: 14543,13567,15793,13987,15077,14772
15723: 15592,13508,14584,15518,13121,13634
15453: 14962,13814,14412,15773,12954,14380
15729: 14242,13656,13189,15140,15319,14608
13665: 13634,13202,13935,13866,13184,15214
13545: 15011,14372,15759,14047,13803,15801
14971: 13985,14483,13958,13130,12979
15204: 14374,15145,13517,13401,15474,13839
14903: 15718,13803,15801,13041,14539,14805
14741: 14473,15481,13788,13172,14109,15374
15658: 13654,14773,13064,13277,13769,15554
13914: 15692,13954,14994,15227,14414,15233
15341: 12941,12945,15671,15243
13963: 13733,15279,13837,13002,12969,13890
28685: 15517,14646,13986,28683,15305,15002