9902: 9903,10008,10009,9901
13046: 9484,9485,9374,9375,9483
9457: 9458,9347,9348,9456,9567,9566
9141: 9253,9142,9028,9029,9140,9252
13002: 9413,9304,9414
9630: 9413
11735: 11652,11736
12316: 12381
8648: 8647,8761,8533,8534,8649,8762
8464: 8579,8465,8349,8348
11477: 
8202: 8201,8317,8085,8318
7863: 7745,7746,7862,7979
9917: 9916,9809,9918
7645: 7528,7646,7527,7644,7763,7762
8709: 8595,8708,8823
7524: 7525,7642,7406,7407,7523,7641
7762: 7763,7880,7644,7645,7879
10717: 10718,10815,10816,10617,10618,10716
12938: 2507
20: 
11812: 11811
9990: 9884,9991,9883
13079: 7453
8338: 8339,8222,8337,8453,8454
7891: 7892,7774,7890,8007,8008
11999: 
7535: 7652,7653,7536,7417,7418,7534
11851: 
9555: 9554,9446,9663,9664,9556
30: 
12880: 
9571: 9461,9570,9462,9679,9680
9779: 9670,9778,9780,9671,9887
10903: 10902,10805,10806,10904,10998
9176: 9063,9175
11390: 11300,11391
12968: 
11634: 
8820: 12995,8706,8707
7471: 7588,7589,7353,7354,7472
41: 
10530: 10529,10630,10428,10429,10531
11519: 11518
9235: 9124,9234,9123,9345
7426: 7308,7427,7425,7544
7365: 7246,7247,7366,7482,7483
47: 
7890: 7772,7889,7891,8006,8007
9589: 9479,9480,9590,9697,9698
10697: 10698,10597,10598,10795
11871: 
9792: 9900,9793,9791,9899
8520: 8406,8519,8521
12381: 12443,12316
12013: 13009
7743: 7744,7861,7625,7626,7742,7860
9143: 9255,9030,9031,9144,9254,9142
9987: 9880,9881,9988,9986,10092
59: 60,97
60: 59,97
9980: 9873,9874,10085,10086
10915: 10916,10818,10817,10914
63: 13071,101
8862: 8975,8748,8863
8304: 8189,8305,8188,8303,8419,8420
7381: 7262,7380,7263,7498
10109: 10108,10213,10214,10003,10004
8694: 8693,8807,8808,8579,8695
8294: 8178,8295,8409
10448: 
8805: 8691,8692,8806,8804,8918,8919
9485: 9484,13046,9375,9376,9486,9595
8313: 8314,8198,8312,8197,8428,8429
8014: 8013,8130,7897,7898,8131
75: 
11471: 11472,11382
8554: 8439,8555,8553,8668,8669
7364: 
9591: 9700,9592,9590,9482,9699
8094: 7977,7978,8210,8093
10639: 10539,10640,10738
82: 
9323: 9212,9213
9983: 9877,9984,9982,10088,10089
10233: 
7491: 7490,7608,7373,7374,7492,7609
9046: 8933,9045,9047,9159
8530: 8416,8531,8644,8645
7653: 7535,7652,7536,7654,7770,7771
11321: 11322
7879: 7761,7878,7995,7762
9996: 9889,9890,9995,9997,10101,10102
10740: 10838,10640
11964: 11887,11965
95: 138
7528: 7645,7646,7527,7410,7411,7529
97: 59,60
12967: 9168
11713: 11630
10617: 10618,10516,10616,10716,10717
101: 63,13071
8924: 8810,8811,9037
9477: 9478,9367,9368,9476
8943: 9055
9565: 9673,9674,9456,9566
7525: 7524,7642,7407,7408,7643
10932: 10933,10834,10835,11026
8896: 8895,9008,9009,8782,8783,8897
9352: 9461,9462,9353
8824: 
9926: 9925,9818,9819,10033
11288: 11287,11378
13101: 
10629: 10529,10630,10729
9651: 9542,9652,9543
8420: 8534,8535,8421,8304,8305,8419
8757: 8643,8644,8870,8871,8756,8758
9862: 
9336: 9226,9225,9335,9445,9446
9871: 9872,9764
10899: 13031,10994,10801,10802,10900
122: 
9299: 9409
7969: 7968,8085,7852
9225: 9226,9336,9335,9113,9114,9224
8913: 9026,8799,8914,8912,9025
9446: 9445,9555,9336,9337,9447
11032: 
10722: 10723,10821,10623,10721,10820
8052: 
9882: 9883,9989,9774,9775,9881,9988
10730: 10729,10828,10829,10630,10731
9359: 9248,9249,9358,9360,9468,9469
8706: 8591,8820,8707
11316: 
7632: 7514,7631,7515,7633,7749,7750
137: 
138: 95
11468: 11380
7631: 7513,7514,7632,7630,7748,7749
10423: 10320,10321,10422,10424,10524,10525
9009: 8896,9008,8897,9010,9121,9122
9999: 9893,10000,9892,9998,10104,10105
10525: 10524,10625,10423,10424,10526,10626
10213: 10108,10109,10214,10212
9818: 9709,9817,9819,9925,9926
11956: 12031
10775: 
8535: 8420,8534,8421,8649,8650
12910: 
8061: 7945,8062,7944
7730: 7731,7848,7612,7613,7729
7720: 7721,7837,7838,7602,7603,7719
10167: 12855
11814: 
8315: 8316,8200,8314,8199,8430,8431
11005: 10911,11006,10910,11004,11098,11099
12939: 11026
9512: 
7628: 7510,7511,7627,7629,7745,7746
7839: 7722,7840,7721,7838,7955,7956
13119: 
12262: 
12026: 12099
11628: 
9670: 9778,9779,9561,9562,9669,9671
8591: 8706,8361,8476
10761: 
10431: 10329,10432,10328,10430,10533
7717: 7716,7834,7600,7718,7835
171: 
9668: 9669,9776,9777,9560,9559,9667
8701: 8700,8814,8815,8587,8702
9573: 9463,9464,9574,9572,9682
8481: 8595,8366,8365
11087: 11179,11180,10994,11088
10400: 10297,10298,10399
9851: 9850
10179: 10282
10924: 11018,11019,10923,10826,10827,10925
8347: 8231,8232,8346,8348,8463
11254: 11163,11253
8891: 8892,9004,8777,8778,8890,9003
9476: 9475,9585,9366,9367,9477
10889: 10983,10792
10405: 10302,10303,10406,10404,10506,10507
11094: 11186,11187,11000,11001,11093
11186: 11094,11187,11092,11093,11185,11277
10270: 10373,10166,10372
8985: 9098,9097,8984,8872,8873,8986
7421: 7302,7303,7422,7420,7538,7539
10237: 
9220: 9219,9331,9108,9109,9221
9047: 8935,9046,9160,9159
9521: 
7622: 7504,7505,7623,7621,7739,7740
11221: 11129
8232: 8231,8347,8115,8116,8233,8348
10513: 10614,10411,10613,10512
8231: 8232,8347,8114,8115,8230,8346
9197: 13144
9572: 9681,9680,9462,9573
11368: 11278,11369,11277,11457
204: 255
12512: 12453
10592: 10593,10491,10591,10692
10464: 
11181: 11088,11182,11180,11272
12187: 12042,12255
7973: 7974,8090,7856,7857,7972,8089
11099: 11100,11192,11191,11006,11005,11098
11525: 11526,11524,11438,11611
11524: 11438,11525,11609
214: 
8138: 8022,13084,8021,8137
8344: 8228,8229,8343,8345,8459,8460
7787: 7786
9764: 9655,9656,9765,9871,9872
11076: 11077,11169,10983,10982,11075
13028: 
12988: 403
222: 223
223: 222
12370: 12371
10914: 10913,11008,10816,10817,10915
12498: 
10807: 10708,10709,10806,10808,10904,10905
228: 282
10783: 13050,10782,10684,10880
12600: 12601
8699: 8813,8812,8698,8585,8700
7498: 7497,7615,7380,7381
10332: 10331,10434,10228,10229,10333
12943: 10277,10379,10482
10699: 10798,10599,10698,10797
8106: 8107,7990,8223,7989,8105
11529: 11614,11442
9567: 9675,9676,9566,9457,9458,9568
9502: 9393,9503
10218: 10114,10219,10113,10217,10321,10322
7941: 7942,8058,7824,7825,7940
8582: 8697,8583,8467,8468,8581,8696
10169: 10065
8172: 8173,8288,8056,13143
245: 
10292: 10395,10188,10189,10293
247: 
12515: 
7519: 7636,7637,7518,7401,7402,7520
8545: 8430,8431,8546,8544,8659,8660
12154: 12155
10188: 10083,10084,10189,10292
10637: 10536,13104,10636
10320: 10321,10422,10423,10216,10217,10319
255: 204,309
8410: 
9029: 8917,9030,9028,8916,9142,9141
11188: 11095,11187
11474: 11560,11475,11561
10016: 9909,10015,10017,10122
7883: 7765,7882,7766,7884,7999,8000
11215: 
7660: 7659,7661,7777
11093: 11092,10999,11000,11094,11186
9154: 
10508: 10509,10608,10609,10406,10407,10507
9139: 9138,9250,9026,12823,9251
10546: 10646,10444
269: 13015
13127: 11889,13011,11967
10101: 10102,10206,10205,9996,9995,10100
10898: 10991,10800,13031
273: 
8702: 13128,8816,8587,8701,8815
8176: 8059,8177
9774: 9665,9773,9666,9775,9881,9882
7994: 7993,8110,7877,7878,7995,8111
7407: 7288,7289,7406,7408,7524,7525
11227: 
10748: 10649
7992: 7991,8108,8109,7875,7876,7993
282: 228
10333: 10436,10230,10229,10332,10334
284: 
8886: 8887,8999,8772,8773,8998,8885
7727: 7728,7609,7610,7726
11364: 11365,11452,11453
288: 13057
7751: 7633,7634,7869
7394: 7276,7395,7275,7511,7512
9777: 9668,9669,9776,9778,9884,9885
8667: 8666,8780,8781,8553,8552,8668
7873: 7874,7756,7755,7872,7990,7989
294: 
295: 
8306: 8191,8305,8190,8421,8422
9568: 9677,9458,9459,9569,9676,9567
9891: 9892,9998,9997,9784,9783,9890
9121: 9120,9232,9233,9008,9009,9122
10487: 10587,10385,10486,10488,10589
10785: 10686,13050
302: 
9503: 9393,9502
7823: 
9702: 
8653: 8766,8538,8539,8654,8767
7834: 7716,7717,7833,7951,7835,7950
308: 309
309: 255,308
9384: 9383
10613: 10512,10612,10513,10614,10712
13063: 10692,10790,10593,10693
9914: 10021,9806,9807,10020,9913
7848: 7849,7731,7965,7964,7730
11102: 11194,11008,11103,11195
316: 
8473: 8358,8357,8472,8588
11641: 11725,11640
7888: 7770,7887,7771,7889,8004,8005
8902: 9015,8901,8903,9014
8674: 8559,8560,8673,8675,8787,8788
8209: 8092,8093,8208,8210,8325,8324
10933: 10932,11028,10835,10836
9548: 9438,9547,9439,9656,9657,9549
12058: 
13053: 
8682: 8683,8796,8567,8568,8681,8795
10663: 13035
10983: 10889,10982,11076,11077
9466: 9467,9576,9575,9357,9356,9465
12922: 11758
9039: 8926,8927,9152
10426: 10324,10427,10323,10425,10527
10418: 10315,10417,10316,10419,10519,10520
10303: 10302,10405,10406,10304
7885: 7768,7886,7767,7884,8001,8002
9909: 10016,10015,9801,9802,9908
10840: 10841,10938
8752: 8638,8753,8639
10940: 10939
8421: 8420,8535,8305,8306,8422
12785: 
8015: 
12560: 12611
8780: 8666,8667,8781,8779,8893,8894
346: 
11853: 
11287: 11288,11378,11195,11286
10512: 10613,10612,10411,10513
350: 
8341: 8457,8342,8225,8226,8456,8340
9216: 9217,9105,9215,9326,9327
8905: 8904,8791,8792,9017
7968: 7969,8085,7851,7852,8084,7967
10743: 10841,10643,10744
8655: 8654,8768,8540,8541,8656,8769
10521: 10520,10621,10419,10420
9000: 8887,8999,9112,8888,9001,9113
8069: 7952,7953,8068,8070,8185,8186
11195: 11103,11102,11194,11286,11287
361: 
11342: 
11286: 11194,11195,11287
7829: 7828,7830,7945
12831: 
8863: 8864,8750,8862,8975
11710: 11709
8475: 8360,8359,8589,8590
369: 
10904: 10905,10998,10999,10806,10807,10903
9563: 9453,9454,9564,9562,9672,9671
11000: 10906,11001,10905,10999,11093,11094
9587: 9695,9586,9696,9478
8932: 8931,9044,8818,12995,8933,9045
10198: 10093,10197,10199,10301,10302
8693: 8694,8807,8578,8692,8806
377: 
11638: 
11858: 11778
8536: 
8930: 8816,8929,9042,9043
7857: 7739,7740,7858,7856,7973,7974
12320: 
9879: 9985,9986,9771,9772,9878,9880
10816: 10717,10718,10815,10817,10913,10914
8579: 8464,8465,8580,8694
8704: 8590,8589
8791: 8905,8904,8677,8678,8790,8792
12313: 13121
10159: 10263
7522: 7523,7640,7404,7405,7639,7521
392: 
11810: 11811,11889
12935: 
9002: 8889,9001,9114,9115
9581: 9471,9472,9582,9580,9689,9690
11190: 11097,11098,11191,11281
398: 
8351: 8235,8236,8350,8467,8466,8352
9829: 9720,9828,9936
11548: 
11357: 11267,11266,11356,11445
403: 467,466,12988
8357: 8241,8356,8242,8473,8358
10724: 10823,12824,10723,10822
9650: 
11314: 
8467: 8351,8466,8352,8468,8581,8582
10578: 10478,10577,10678
9889: 9890,9996,9995,9782
9152: 9153,9039,9263,9264
10225: 10226,10120
11869: 13003,11946
414: 
11095: 11188,11096,11001,11002
9994: 9888,9887,9993,10099
417: 
9894: 9893,10000,9786,9787,9895,10001
13025: 
12891: 
10977: 10976,11070
422: 
10223: 10118,10222,10119,10326,10327
12167: 
8569: 8454,8568,8683
9828: 9720,9829,9936
9086: 13144
8916: 9028,8915,8803,8917,9029
11380: 11290,11468
10302: 10303,10405,10198,10199,10301,10404
431: 
9697: 9806,9589,9696
13130: 12164
9964: 
11267: 11268,11357,11176,11266
9775: 9666,9774,9882,9883
7741: 7742,7859,7623,7624,7740,7858
11778: 11858,11696,11777
439: 
7508: 7509,7626,7390,7391,7507,7625
10285: 10284,10387,10388,10181,10182
10692: 13063,10790,10591,10593,10592,10691
11939: 13009,12015
11018: 10924,11019,10923,11017,11112
11903: 
11400: 
8239: 8355,8354,8123,8122,8238,8240
10707: 10706,10805,10607,10608,10708,10806
11811: 11810,11812
13108: 
12580: 
7598: 7480,7597,7481,7599,7715
10162: 
7799: 
9633: 9634
9419: 12960,9420,9529
12323: 12257,13145
9018: 9019,8906,9130,9131
7928: 
8413: 8412,8528,8298,8297,8414
11113: 11114,11206,11019,11112,11205
7774: 7892,7891,7656
9334: 9333,9223,9224,9335,9443,9444
8927: 8928,8813,8814,9039,8926
465: 466
466: 467,403,465
467: 403,466
8236: 8235,8351,8119,8120,8237,8352
7960: 7959,8076,7843,7844,7961,8077
12145: 
7538: 7655,7537,7420,7421,7656,7539
10314: 10313,10416,10315,10417
473: 
474: 475
475: 474
9138: 9139,9250,9025,9026,9137,9249
11271: 11361,11362,11179,11180,11272
478: 
8647: 8648,8760,8761,8532,8533
8918: 8919,9031,8804,8805,8917,9030
8684: 8685,8798,8683,8797
13076: 3506
9809: 9700,9808,9916,9917
7976: 7975,8092,8093,7859,7860,7977
485: 
10583: 10483,10482,10682
10090: 10091,10195,9984,9985,10089,10194
488: 
9108: 8995,8996,9109,9107,9220
490: 
8532: 8418,8533,8417,8531,8647
10089: 10194,9983,9984,10088,10090
9904: 10010,10011,9905,9796,9797,9903
10635: 10636,10534,10634,10734
8026: 8025
11544: 11457,11543,11630
8768: 8654,8655,8767,8769,8881,8882
8290: 8175,8291,8406
499: 
9733: 
501: 
13084: 8138,8139,8254,8371
11210: 
504: 
10322: 10425,10424,10219,10218,10321,10323
506: 
507: 
10731: 10830,10632,10730,10829
509: 510
510: 509
9252: 9140,9362,9253,9141,9363
10908: 10907,11002,10811,10909
10527: 10425,10426,10526,10627
7360: 
9811: 9703,9918,9919
516: 584
11398: 
518: 
10912: 10911,11006,10814,10815,10913
9666: 9558,9775,9665,9774,9557
521: 
9474: 9473,9364,9365,9475,9584
11194: 11102,11193,11195,11286
10517: 
8909: 8910,9022,8795,8796,8908,9021
9770: 9661,9769,9771,9662,9877,9878
10189: 10084,10188,10085,10190,10292,10293
9681: 9572,9789,9682,9790
10532: 
530: 
9562: 9452,9561,9453,9563,9670,9671
9789: 9681,9680,9788,9896,9897
11123: 13124,11029,11124
13034: 7116,7117,7115,7234
10241: 10344
8641: 
9580: 9470,9579,9471,9581,9688,9689
7546: 7545,7428,7429,7547,7664
539: 608,607
9264: 9374,9375,9152,9153,9263
7605: 7488,7606,7487,7604,7723,7724
10208: 10103,10104,10207,10209,10311,10312
8872: 8759,8758,8873,8871,8985,8984
9972: 9865,9971,9866,9973,10077,10078
12151: 
9114: 9001,9002,9113,9115,9226,9225
8992: 8879,8993,8991,9104,9105
548: 
8091: 7974,8090,8207,7975,8092,8208
550: 
8468: 8352,8353,8469,8467,8582,8583
10112: 10113,10216,10217,10006,10007,10111
553: 
554: 
8366: 8365,8251,8481
10841: 10743,10840,10938,10939
9765: 9656,9764,9657,9766,9872,9873
8764: 8765,8877,8651,8763,8650,8878
9656: 9655,9765,9764,9547,9548,9657
7655: 7537,7654,7538,7656,7772
7431: 7432,7312,7430,7548
9272: 9160,9161,9383
10436: 10333,10334,10437,10537
7826: 7825,7942
9683: 9682,9791,9574,9575,9684
10308: 10307,10204,10411
7453: 13079
8527: 
11836: 
9489: 9490,9599,9380,9488,9598
7861: 7743,7744,7860,7862,7977,7978
9725: 9724
10297: 10298,10399,10400,10194,10296
9178: 
9357: 9466,9467,9356,9246,9247,9358
8146: 
10815: 10717,10816,10716,10814,10912,10913
578: 
10994: 10899,10900,10995,11087,11088
11709: 11625,11710
11017: 10922,11018,10923
9754: 9755
7898: 7781,7897,7780,8014
584: 516
9019: 8906,9018,8907,9020,9132,9131
586: 
10919: 10918,11014,13140,10821,10822,10920
8265: 8264
8761: 8647,8648,8760,8875,8762
9684: 9685,9576,9575,9683,9793
11896: 
592: 663
12366: 12302,12365,12427
594: 595
595: 596,594
596: 595
11178: 11085,11177,11179
10822: 10723,10821,10724,10919,10920
9366: 9365,9255,9256,9367,9475,9476
8549: 8434,8548,8550,8663,8664
7753: 7754,7871,7635,7636
7502: 7503,7620,7384,7385,7501,7619
8093: 7976,8092,8209,7977,8094,8210
10541: 10439,10642
605: 675
10853: 10754
607: 539,608,677
608: 539,607
11374: 11283
10172: 10173,10171,10276
10597: 10496,10596,10497,10598,10697
11643: 
8269: 8270
12981: 12371,12239
10751: 10651
8335: 8219,8334,8220,8450,8451
9353: 9463,9354,9243,9242,9352
7703: 7585
8334: 8219,8335,8218,8333,8449,8450
9001: 8888,8889,9002,9113,9114,9000
11070: 11069,11162,10976,10977,11163
9675: 9676,9784,9567,9566,9783,9674
7399: 7281,7400,7280,7398,7516,7517
7593: 7475,7592,7710
9201: 9311
626: 
627: 
13093: 12031
8664: 8665,8778,8549,8550,8663,8777
9030: 8917,9029,8918,9031,9142,9143
10134: 10239,10028,10135
10446: 10548
11619: 
9984: 9877,9878,9983,9985,10089,10090
8606: 
12194: 
13135: 13019,12239
638: 
12128: 12200
9652: 9653,9544,9761,9543,9651
13088: 697
642: 
10283: 10385,10282,10284
9097: 9098,8985,8984,9096,9208
11889: 11810,13127,11888
7735: 7617,7618,7736,7853
9268: 
11464: 
8189: 8304,8305,8190,8072,8073,8188
7782: 
9611: 9720
7404: 7285,7403,7286,7405,7521,7522
653: 
8102: 7986,7985,8101,8218,8219
7616: 7615,7732,7733,7734
11880: 
8312: 8196,8311,8197,8313,8427,8428
10510: 10409,10611,10408
7362: 7363,7361,7243,7479,7480
660: 734,13138
11109: 11201,11016,11202
9948: 
663: 592
13033: 11081,11082,10989,10988,13125
9109: 9108,8996,9110,8997,9220,9221
7675: 7674,7793
11965: 12041,13011,11888,11887,11964
9134: 9135,9246,9021,9022,9133,9245
12756: 
8193: 8192,8308,8076,8077,8194,8309
9995: 9889,9996,10100,10101
8074: 8075,7958,8190,8191
10105: 10106,10209,10210,9999,10000,10104
7836: 7719,7835,7837,7952,7953
675: 749,605
8324: 8325,8208,8209,8323
677: 607
678: 
679: 
680: 681,13112
681: 680,755
7383: 7265,7384,7264,7382,7500,7501
683: 
7611: 7494,7612,7493,7610,7728,7729
685: 758
9881: 9880,9987,9988,9773,9774,9882
9267: 9377,9266,9155,9378
8417: 8416,8531,8301,8302,8418,8532
11799: 
11249: 
10488: 10589,10387,10487
10100: 10099,9995,10101,10205
8223: 8107,8106,8224,8339,8222
8098: 7981,8097,7982,8099,8214,8215
695: 768,13126
11442: 11528,11529
697: 13126,13088
10603: 10502,10703,10702
9482: 9483,13016,9592,9591
9905: 9904,10011,9797,9798
8779: 8665,8778,8666,8780,8892,8893
8711: 
8953: 
8443: 8558,8557,8442,8328,8327,8444
10480: 
7604: 7487,7486,7605,7722,7723
13048: 
10391: 10289,10390,10392,10493
709: 
10633: 10533,10634,10733
8007: 8008,8124,7890,7891,8123,8006
12286: 
8006: 8123,8122,7890,7889,8005,8007
714: 
715: 
9916: 9917,10023,9809,9808,9915
10744: 10645,10743
9997: 9891,9998,9890,9996,10102,10103
12117: 
10098: 10097,10099,10203,10204
11304: 
8167: 
723: 798
8085: 7968,7969,8084,8201,8202
725: 
8935: 9047
10296: 10297,10399
728: 804
12929: 7350,7349,7466
8047: 
8121: 8004,8120,8005,8122,8237,8238
732: 
7556: 
734: 660
9434: 9435,9324,9325,9433,9544,9543
8175: 8290,8058
9802: 9693,9694,9803,9909,9801
9955: 
9637: 9638,9746,9529,9636,9745
9014: 9013,8902,9015,9126,9127
10207: 10103,10208,10102,10206,10310,10311
7374: 7256,7375,7255,7373,7491,7492
743: 
7997: 8114,7880,7881,7998
7647: 7529,7530,7648,7646,7764,7765
11403: 12836
10605: 10504,10505,10606,10704,10705
9161: 9162,9272,9160
749: 675
13096: 11715,11716
751: 
752: 12854,13112
8448: 8449,8563,8332,8333,8447,8562
7509: 7508,7626,7391,7392,7510,7627
755: 681,13117
10018: 9911,10017,9912,10123,10124
757: 758,833,832
758: 685,757,833
12241: 12173,12172
760: 835,13129
761: 762,13129
762: 761
10040: 
9376: 9377,9266,9375,9485,9486
10657: 10557,10757
11561: 11475,11560,11474
10341: 
768: 695,769,13126
769: 768,13126
10421: 10318,10319,10420,10523
9430: 9431,9540,9429
10643: 10543,10642,10743
9451: 9450,9560,9341,9342,9452,9561
7384: 7265,7383,7266,7385,7501,7502
8658: 8772,8771,8544,8543,8657,8659
8661: 8662,8775,8546,8547,8660,8774
11206: 11113,11114,11205
11177: 11085,11178,11084,11176,11268
8517: 8403,8402
11014: 10919,11013,13140,10920,11107
8938: 8937
11796: 
9998: 9891,9892,9997,9999,10103,10104
10200: 
8230: 8346,8113,8114,8231
786: 787
787: 786
8349: 8233,8234,8348,8350,8464,8465
10818: 10817,10720,10819,10915,10916
9054: 
9341: 9230,9231,9340,9342,9450,9451
792: 
10851: 
10814: 10715,10716,10813,10815,10911,10912
13131: 2388,2389,2288
9062: 13060,9175
12112: 
798: 723
10102: 10101,10206,9996,9997,10103,10207
10804: 10705,10803,10706,10805,10901,10902
801: 
10275: 
13064: 
804: 728
8561: 8446,8447,8562,8675,8676,8560
806: 
12869: 
9762: 9653,9761,9869,9870
9473: 9474,13115,9364,9363
8698: 8584,8697,8583,8811,8699
7959: 7960,8076,7843,8075,7958
812: 
7422: 7303,7421,7304,7423,7539,7540
814: 815
815: 814
8697: 8582,8583,8696,8698,8810,8811
817: 895,13133
818: 895
10988: 10894,10987,10893,13033
9690: 9689,9798,9799,9581,9582
9783: 9675,9784,9674,9782,9890,9891
9797: 9688,9796,9689,9798,9904,9905
823: 900,901
7565: 
9780: 9781,9672,9671,9779,9888,9887
9544: 9652,9653,9543,9434,9435,9545
10706: 10707,10805,10606,10607,10705,10804
11257: 
829: 
12052: 11977,12126
10092: 10093,9986,9987,10091,10196
832: 13117,757,833
833: 758,757,832
10976: 10975,10977,11069,11070
835: 760,836,13129
836: 914,13129,835,993
837: 
8196: 8311,8312,8197,8079,8080,8195
8463: 8578,8577,8347,8462
10836: 10835,10738,10837,10933
841: 918,12900
10716: 10715,10814,10616,10617,10717,10815
9224: 9334,9223,9112,9113,9225,9335
11171: 11170,11172,11262
9242: 9243,9131,9130,9353
10481: 
11193: 11194,11100,11192
12104: 
849: 
10695: 10795,10794,10595,10596,10694
851: 
8894: 8893,9006,9007,8780,8781,8895
8472: 8587,8473,8471
854: 932
10199: 10095,10198,10302
8307: 8191,8192,8308,8422,8423
9319: 9320,9208,9318
11585: 
12034: 
10349: 12957,13120,10452
8114: 7997,8113,7998,8115,8230,8231
9436: 9326,9546,9327,9435,9437,9545
10478: 10578
7492: 7493,7609,7610,7374,7375,7491
9183: 
8104: 7988,8105,7987,8103
7590: 7472,7473,7589,7707
12879: 
8914: 8800,8801,8913,9027
13059: 4740,4973
10424: 10322,10425,10321,10423,10525,10526
10593: 10493,10592,10692,13063,10693
10279: 10280
9962: 9961,9963
10007: 9900,9901,10008,10112,10113,10006
8910: 8909,9022,9023,8796,8797,8911
8428: 8427,8542,8312,8313,8429,8543
10938: 10939,10841,10840
879: 
9021: 8908,9020,8909,9022,9133,9134
8465: 8464,8579,8349,8350,8466,8580
10721: 10720,10819,10820,10621,10722
10197: 10093,10198,10196,10300,10301
10622: 
885: 
8663: 8777,8549,8548,8664
887: 888
888: 887,889
889: 890,888
890: 889,970
8625: 8510
9450: 9451,9560,9559,9341,9340,9449
893: 973
10972: 10971
895: 817,818
896: 
7714: 7715,7597
10142: 
9806: 9697,9698,9913,9914
900: 823,901
901: 900,823
9654: 9545,9546,9655
903: 904,982
904: 903,905
905: 906,904
906: 905
7783: 7665,7666,7901
908: 987,988
10385: 10283,10384,10282,10486,10487
8425: 8426,8539,8540,8309,8310,8424
9438: 9437,9547,9328,9329,9548,9439
10209: 10105,10210,10104,10208,10312,10313
7533: 7534,7651,7650,7415,7416,7532
914: 836,993
8411: 
916: 995
7523: 7522,7640,7641,7405,7406,7524
918: 841,12900,998
7658: 7541,7659,7775,7776
920: 12900,921
921: 920
8580: 8581,8466,8579,8465,8695
923: 1003
7878: 7761,7879,7995,7760,7877,7994
12180: 
11069: 11162,11161,11070,10976,10975
927: 928,1007
928: 927,1007
7463: 7581,7346,7462
10928: 10927,11022,10830,10929
9437: 9438,9547,9328,9436,9546,9327
932: 854,1011,1012
7392: 7274,7393,7273,7391,7509,7510
934: 
9677: 9678,9785,9786,9568,9569,9676
11119: 11212,11211
8319: 8318,8203,8204,8320
8066: 7950,8067,7949
8763: 8649,8762,8876,8650,8877,8764
9884: 9885,9990,9991,9776,9777
12983: 5321
13112: 752,12854,680
9708: 9599,9709,9817
10624: 10523,10623,10524,12824
13086: 
13047: 6404,6403,6521
12257: 12323,13145
8326: 8327,8211,8441,8442
949: 
11297: 
11498: 
11013: 11014,13140,11012,11107
10910: 10909,11004,10812,10813,10911,11005
8139: 8022,13084,8023,8140,8256
955: 
10615: 10616,10514,10614,10714,10715
9367: 9368,9257,9366,9256,9476,9477
9673: 9674,9565,9782,9781
959: 
960: 1041
9149: 9260,9261,9150,9148
7953: 7952,8069,7836,7837,7954,8070
10331: 10433,10434,10332,10228,10330
8137: 8136,8138,8254
8345: 8461,8229,8344,8460
7685: 
10927: 10928,11022,10829,10830,10926,11021
7755: 7756,7873,7637,7638,7754,7872
10330: 10329,10432,10227,10331,10433
970: 890,1051
11290: 11291,11199,11380
9776: 9668,9777,9667,9884
973: 893
13122: 1352
8365: 8366,8364,8481
8494: 8493
9096: 9095,8983,9097,8984,9207,9208
978: 
9320: 9319,9210
10701: 
10000: 9893,9894,9999,10001,10105,10106
982: 903
7938: 
7710: 7592,7593,7828
8904: 8905,8791,8903,8790,9016,9017
10483: 10583,10482
987: 1068,908,988
988: 908,987
8633: 8632,8747,8519
12314: 
12854: 752,13112
8560: 8445,8559,8674,8446,8561,8675
993: 1075,836,914
9351: 9461,9240,9460,9350
995: 916
7763: 7880,7881,7762,7645,7646,7764
12695: 
998: 918,12900,1080
7539: 7656,7421,7422,7538,7540
8466: 8350,8351,8467,8465,8581,8580
8234: 8233,8349,8117,8118,8235,8350
7715: 7714,7598,7716,7833
1003: 923,1004
1004: 1086,1003
12050: 
11115: 13139,11021,11022,11114
1007: 1088,927,928
7748: 7749,7866,7630,7631,7747,7865
10790: 10692,13063,10691
1010: 1011
1011: 1012,932,1010
1012: 1011,932
11170: 11171,11169,11262,11261
9455: 9346,9345,9454,9564
8789: 8903,8790,8675,8676,8788
9462: 9463,9352,9571,9572
9561: 9452,9562,9451,9560,9669,9670
9577: 9468,9578,9467,9576,9685,9686
8205: 8088,8089,8204,8206,8321,8320
8976: 
7981: 8097,8098,7980,7864,7865,7982
8887: 8886,8999,9000,8773,8774,8888
11531: 
10181: 10076,10077,10182,10284,10285
7764: 7765,7882,7646,7647,7763,7881
1026: 
7911: 
12164: 12233,13130,13058
7646: 7528,7645,7529,7647,7763,7764
13012: 
12253: 
1032: 
10476: 
10106: 10105,10210,10000,10001,10107,10211
12297: 
7429: 7311,7430,7428,7546,7547
9645: 9536
1038: 
9598: 9488,9489,9599,9706
9162: 9161,9050,9163
1041: 960
10812: 10714,10811,10813,10909,10910
7759: 7760,7877,7641,7642,7758,7876
1044: 
10720: 10721,10819,10620,10621,10818
8134: 8251
10982: 10983,10981,11075,11076
9248: 9136,9137,9249,9359,9358,9247
1049: 1131
8645: 8759,8758,8531,8530,8644
1051: 970,1133
9892: 9891,9998,9784,9785,9893,9999
9102: 8989,9101,9103,8990,9213
11504: 
1055: 
1056: 1138,1139
7379: 7260,7378,7261,7380,7496,7497
9356: 9466,9357,9245,9246,9465,9355
8649: 8762,8763,8650,8534,8535,8648
9911: 10017,10018,9912,9803,9804
9094: 8982,8981,9095,9205
1062: 1145
11577: 11662,11663
11875: 
11718: 
9234: 9122,9123,9344,9345,9233,9235
10820: 10721,10819,10722,10821,10917,10918
1068: 987,1150
12623: 
8400: 8514
10028: 10134,10135
8744: 13098
8898: 8897,9010,8784,9011
10411: 10308,10512,10513
1075: 993,1157
8720: 
9340: 9341,9230,9229,9339,9449,9450
1078: 1160
9469: 9468,9578,9359,9360,9470,9579
1080: 1081,998,1162
1081: 1080,1082
1082: 1083,1081,1165
1083: 1082,1166,1165
8581: 8696,8580,8467,8466,8582
10495: 10496,10596,10393,10394,10494,10595
1086: 1004
9490: 9489,9599,9380,9491,9381
1088: 1007
10080: 10081,10185,10184,9974,10079
9364: 9253,9254,9363,9365,9473,9474
8638: 8752,8524,8523,8637,8639
9423: 9424,9533,9532,9313
10294: 10293,10190
9781: 9672,9780,9673,9888
9117: 9228,9229,9116,9004,9005,9118
1096: 
8513: 8514
8553: 8438,8552,8554,8667,8668
8459: 8460,8573,8574,8343,8344,8458
8225: 8108,8109,8224,8226,8340,8341
8716: 8601
9533: 9423,9424,9532,9534
8378: 
1104: 
8917: 9029,9030,8803,8804,8916,8918
10239: 10134,10135
11765: 
8003: 8002,8119,7886,7887,8004,8120
10834: 10833,10835,10932
12900: 920,918,841,998
12425: 12364
8933: 9045,9046,12995,8932
9330: 9439,9440,9219,9331,9329
9480: 9371,9590,9589,9479,9370
8348: 8233,8349,8232,8347,8464
10811: 10812,10712,10908,10909
7872: 7754,7871,7873,7755,7988,7989
9486: 9595,9487,9376,9377,9485
11086: 
8187: 8188,8302,8303,8070,8071,8186
10392: 10290,10393,10391,10493,10494
7484: 7483,7601,7366,7367
7352: 7234,7353
7418: 7299,7417,7419,7535,7536
8753: 8867,8754,8639,8752
11528: 11442,11614
11185: 11092,11184,11186,11276,11277
10310: 10309,10412,10206,10207,10311,10413
12638: 12591
1130: 1131
1131: 1130,1049
8541: 8427,8542,8426,8540,8655,8656
1133: 1218,1051
8888: 8889,9001,8774,8775,8887,9000
8309: 8194,8310,8193,8308,8424,8425
10507: 10506,10607,10405,10406,10508,10608
1137: 1138
1138: 1139,1056,1137
1139: 1138,1056,1224
10316: 10317,10419,10315,10418
9636: 9745,9637
1142: 1143
1143: 1142
9803: 9695,9804,9694,9802,9911
1145: 1146,1229,1230,1062
1146: 1145,1230,1147
1147: 1232,1146
1148: 
1149: 
1150: 1068,1234
1151: 1236
1152: 1237,1236,1153
1153: 1238,1152,1237
7987: 7988,8104,7870,7871,8103
1155: 1156,1240
1156: 1240,1155,1157
1157: 1075,1156
8937: 8938,9050
1159: 1160,1243
1160: 1159,1078
9375: 9374,9264,9376,9485,13046
1162: 1080
10995: 10900,10901,10994,11088
9800: 9691,9692,9799,9907,9908
1165: 1166,1249,1083,1082
1166: 1165,1083,1167
1167: 1166,1168
1168: 1253,1167
12364: 12425,13081,12365
9796: 9688,9797,9795,9687,9903,9904
9552: 9443,9553,9661
1172: 
11191: 11099,11192,11098,11190,11283
9032: 8919,9031,9144,8920,9033,9145
1175: 1259
8683: 8682,8796,8797,8568,8569,8684
1177: 
10640: 10639,10740
10900: 10901,10995,10802,10803,10899,10994
1180: 1264,13107
8632: 8633
10124: 10123,10228,10018,10125,10229
12300: 13081,12233,12365
1184: 
10131: 10130,10235
8696: 8581,8697,8582,8810
8109: 7992,8108,8225,7993,8110,8226
12944: 8270
9985: 9879,9986,9878,9984,10091,10090
7624: 7506,7507,7625,7623,7741,7742
10509: 10508,10609,10407,10408
11262: 11261,11171,11170
8589: 8588,8475,8704,8590
8071: 7954,7955,8070,8072,8187,8188
10185: 10080,10081,10184,10186,10288,10289
9120: 9121,9232,9007,9008,9119,9231
12209: 
10350: 13120
1199: 
8203: 8087,8204,8318,8319
10838: 10740,10837
12538: 
11072: 10979
1204: 13113,1291
11184: 11092,11185,13068,11183,11276
8566: 8452,8567,8451,8565,8680
9010: 8897,8898,9009,9011,9122,9123
9864: 9865,9971,13091,9756,9970
8330: 8214,8329,8215,8331,8445,8446
10725: 10823,10625,10626,10726
1211: 12973
10425: 10322,10424,10426,10323,10526,10527
7406: 7287,7405,7288,7407,7523,7524
8523: 8409,8524,8408,8637,8638
11092: 11093,11185,11184,13068,11186
8358: 8473,8359,8243,8242,8357
9326: 9436,9327,9215,9216,9435,9325
1218: 1133,1219
1219: 1306,1218
9345: 9234,9344,9235,9454,9455
12152: 
8396: 8281,8510
8873: 8759,8872,8760,8985,8986
1224: 1139
7736: 7854,7853,7619,7618,7735,7737
10688: 10689,10589
9766: 9657,9658,9765,9873,9874
7361: 7242,7243,7362,7478,7479
1229: 1145,1230,1315
1230: 1145,1146,1229,1317
1231: 
1232: 1147
10536: 10637,10537,10434,10636
1234: 1150
1235: 
1236: 1152,1237,1151,1323
1237: 1152,1236,1238,1153,1323
1238: 1153,1237,1325
9439: 9440,9330,9438,9329,9548,9549
1240: 1156,1155,1327
7385: 7267,7386,7384,7266,7503,7502
8150: 
1243: 1159
8372: 8256,8371
10095: 10199,9989
9057: 9169
8337: 8221,8336,8222,8338,8452,8453
1248: 
1249: 1165,1336
7480: 7598,7597,7363,7362,7479,7481
13082: 1516
7901: 7783
1253: 1168,1339
1254: 
9258: 9368,9257,9146,9147,9259
11630: 11713,11544,11715
9169: 9168,9057
10594: 10493
1259: 1175,1346
7434: 7315,7552
9348: 9457,9458,9347,9237,9238,9349
9694: 9693,9802,9695,9803,9586
10379: 10277,12943,10276
1264: 1180
1265: 
7838: 7720,7721,7837,7839,7954,7955
12931: 4517,13007
1268: 
9128: 9127,9239,9240,9015,9129
10485: 10486,10586,10383,10384
10323: 10324,10426,10219,10220,10322,10425
9098: 8985,9097,9099,8986,9210
10305: 10407,10306,10202,10408
9689: 9690,9798,9580,9581,9688,9797
11261: 11262,11169,11170,11351,13043
9132: 9243,9131,9019,9020,9133,9244
9254: 9364,9253,9142,9365,9255,9143
1278: 
10110: 10111,10215,10005,10004,10214
8235: 8236,8350,8351,8118,8119,8234
9838: 9730
1282: 
7636: 7519,7637,7518,7635,7754,7753
8897: 9010,8898,8783,8896,9009
13067: 12173,12028,12172
8403: 8402,8288,8517
10523: 10624,10319,10421,10422,10524
10334: 10335,10437,10230,10231,10436,10333
7417: 7299,7418,7298,7416,7534,7535
10611: 10510,10612
1291: 1380,1204
9259: 9148,9258,9260,9369,9370
1293: 
1294: 
9431: 9430,9540,9432,9541
8816: 13128,8930,8702,8815,8929
9850: 9851
8993: 8992,8880,8881
10013: 10119,10014,10118
10228: 10123,10227,10124,10229,10331,10332
9223: 9334,9333,9224,9111,9112,9222
8802: 8688,8915,8801,8689,8803
8690: 8803,8804,8576,8689,8691
10190: 10085,10086,10189,10293,10294
1305: 
1306: 1219,1394,1395
7967: 8084,8083,7850,7851,7966,7968
1308: 1397,1396
1309: 
7541: 7540,7658,7423
1311: 
1312: 1401,1400
8070: 7954,8071,7953,8069,8186,8187
7666: 7667,7548,7665,7783
1315: 1403,1229
1316: 
1317: 1406,1230,13027
9314: 
9634: 9633
8099: 7982,7983,8100,8098,8215,8216
7510: 7511,7627,7628,7393,7392,7509
1322: 
1323: 1411,1237,1236
8408: 8407,8292,8409,8523
1325: 1413,1238
1326: 
1327: 1416,1240,1328
1328: 1327,1416
9977: 9870,9976,10082
1330: 
1331: 
9692: 9691,9800,9583,9693,9801
1333: 
9920: 10026,9921,9919
9463: 9462,9573,9354,9353,9464
1336: 1337,1424,1249
1337: 1336
7964: 7848,7965,7847,7963
1339: 1253
10186: 10082,10187,10081,10185,10289,10290
1341: 
9869: 9868,9761,9762,9870,9976
10327: 10223,10326,10429
1344: 1433,1431
13043: 11351,11169,11261
1346: 1259
7842: 7841,7958
7644: 7526,7645,7527,7761,7762
7870: 7869,7986,7987
9952: 
8769: 8656,8770,8655,8768,8882,8883
1352: 13122
1353: 
7830: 7829,7947
1355: 
10311: 10312,10414,10413,10208,10207,10310
10821: 10722,10723,10822,10820,10918,10919
1358: 
9131: 9243,9132,9242,9019,9018,9130
12481: 
8173: 8288,8172,13106,13143
10335: 10334,10437,10438,10231
9969: 9970,9968,10075
11547: 
1365: 
9897: 9896,10003,9789,9790
9145: 9033,9146,9032,9144,9256,9257
11488: 
10280: 10279,10281,10383
10140: 10035,10244
8418: 8419,8532,8533,8302,8303,8417
8996: 9108,8995,9109,8884,8883,8997
11472: 11471
9050: 8937,9162,9163
9142: 9253,9254,9141,9029,9030,9143
7757: 7758,7875,7639,7640,7874,7756
10609: 10508,10509,10608,10708,10709
13057: 288
10407: 10304,10305,10406,10508,10509
1380: 1291
10634: 10533,10534,10633,10635,10733,10734
1382: 
7592: 7474,7475,7593,7710
9550: 9658,9549,9440,9659
11436: 
11166: 11167
9107: 9218,9108,8995,9219
1388: 1478,1389,1477
1389: 1478,1388
9228: 9117,9229,9339,9116,9338
10077: 10076,10181,10182,9971,9972,10078
1392: 
9564: 9454,9563,9455,9672
1394: 1306,1395
1395: 1485,1306,1394
1396: 1485,1397,1308,1486
1397: 1308,1396,1486
1398: 
8429: 8544,8543,8314,8313,8428,8430
1400: 1489,1312,1401,1490
1401: 1312,1490,1400,1402,1491
1402: 1403,1401,1491
1403: 1402,1315
12033: 
8920: 8921,9033,8806,8807,8919,9032
1406: 1317,13027,1495
1407: 
1408: 1409,13065,1497,1498
1409: 1408,1498,1499
1410: 1500,1411
1411: 1323,1501,1500,1410
11176: 11083,11177,11084,11267,11268
1413: 1325,1503
1414: 
9915: 10021,10022,9807,9808,9916
1416: 1327,1328,1506
10278: 
1418: 1419,1508
1419: 1508,1418,1420
1420: 1421,1510,1419
1421: 1420,1511,1510,1422
1422: 1421,1511,1512
8877: 8764,8763,8876,8989,8878,8990
1424: 1336,1514
9332: 9222,9221,9331,9333,9441,9442
1426: 
7526: 7644,7643,7409,7527
1428: 1516,1429,1517
1429: 1430,1428
1430: 1429,13052
1431: 13052,1344
10202: 10306,10203,10097,10305
1433: 1344,1434
1434: 1433,1435,1524
1435: 1436,1434,1525,1524
1436: 1435,1526,1525
9685: 9684,9576,9577,9686
11434: 
9214: 9215,9324,9325
10675: 
13014: 
8760: 8647,8761,8759,8873
10416: 10313,10314,10415,10417,10518
9037: 9150,8924
1445: 1535
1446: 
9468: 9469,9577,9578,9359,9358,9467
8731: 
10893: 10795,10894,10988
11614: 11529,11528
10065: 13069,10169
9445: 9554,9446,9336,9335,9444
9720: 9828,9829,9611
11277: 11278,11368,11185,11186,11187
7972: 8088,8089,7971,7855,7856,7973
8819: 
9769: 9661,9770,9877
12192: 
7802: 
9122: 9234,9123,9009,9010,9121,9233
9328: 9437,9438,9329,9217,9218,9327
9867: 9866,9973,9868,9974
12976: 
8140: 8023,8024,8139,8256
7650: 7533,7651,7532,7649,7767,7768
10723: 10722,10821,10822,10623,10724
8083: 8084,7967,8082,7966,8199,8200
8207: 8090,8091,8206,8208,8323,8322
12921: 4862
10682: 10583
10544: 10645,10543
11791: 
7612: 7494,7611,7613,7495,7729,7730
12433: 12371
7882: 7764,7765,7883,7881,7998,7999
9706: 9705,9598
1477: 1478,1388,13006
1478: 1389,1388,1477,13006
9919: 9918,9811,9920
1480: 13137
10979: 11072,10885
12359: 12294
9578: 9468,9469,9577,9579,9686,9687
9592: 9700,9701,9591,9482,9483,9593
1485: 1396,1395
1486: 1577,1396,1397
8120: 8004,8121,8003,8119,8236,8237
7768: 7769,7886,7885,7651,7650,7767
1489: 1400,1490,1580
1490: 1401,1489,1400,1580,1581,1491
1491: 1581,1401,1490,1402
1492: 
1493: 
1494: 1584,1585,1495
1495: 1585,1494,1406,1586,1496
1496: 1586,1587,1497,1495
1497: 1587,1496,1408,1588,1498
1498: 1588,1589,1409,1408,1497,1499
1499: 1590,1409,1589,1498
1500: 1410,1501,1411,1591
1501: 1411,1500,1591
1502: 
1503: 1593,1594,1413
11542: 
7765: 7764,7882,7883,7647,7648,7766
1506: 1597,1416,1596
8871: 8757,8870,8758,8872,8983,8984
1508: 1419,1418,1598,1599
8199: 8314,8198,8082,8083,8200,8315
1510: 1421,1420,1511,1601
1511: 1421,1510,1422,1601,1602,1512
1512: 1602,1603,1511,1422
9586: 9695,9587,9585,9694
1514: 1604,1605,1424
7531: 7532,7649,7413,7414,7530,7648
1516: 1428,13082,1517
1517: 1608,1428,1516
7962: 7961,8078,7845,7846,8079
7897: 7779,7896,7780,7898,8013,8014
1520: 1610,13052,1611
1521: 
7503: 7620,7621,7502,7385,7386,7504
8318: 8319,8203,8202
1524: 13110,1434,1435,1614
1525: 1616,1435,1436,1526
1526: 1436,1525
9974: 9868,9867,9973,10079,10080
1528: 
9035: 8922,9147,8923,9034
10115: 10114,10219,10009,10010,10116,10220
7854: 7736,7853,7855,7737,7970,7971
9885: 9884,9991,9777,9778,9992
1533: 1623,1624
7674: 7675
1535: 1445
8958: 
1537: 1627
1538: 
9333: 9334,9223,9222,9332,9442,9443
9921: 9920
10599: 10498,10598,10499,10698,10699
1542: 1633
10130: 10235,10131
8673: 8559,8674,8558,8672,8786,8787
8299: 8183,8184,8298,8300,8414
7649: 7531,7532,7648,7650,7766,7767
10324: 10426,10427,10323,10220,10221,10325
13007: 4517,12931
12870: 
13009: 11939,12013,12015
10099: 10100,9994,10098
10318: 10421,10214,10215,10317
12732: 
1554: 
8364: 8363,8365
7975: 7976,8092,7858,7859,7974,8091
8088: 7972,8089,7971,8204,8205,8087
1558: 
12966: 1577,1670,1669
1560: 1653
10298: 10297,10400,10194,10195,10299
9215: 9214,9104,9216,9325,9326
10712: 10613,10612,10811
1564: 
9787: 9679,9788,9678,9786,9894,9895
1566: 1659,1658
10193: 
1568: 1659,13006,1661
8490: 8375
7651: 7533,7534,7650,7652,7768,7769
12806: 
13037: 5892,5774,5893,6011
8076: 7959,7960,8075,8077,8192,8193
9137: 9136,9248,9249,9024,9025,9138
1575: 1669,1668
9459: 9460,9569,9350,9349,9458,9568
1577: 1578,1670,12966,1486
1578: 1577,1670,1671
8747: 8633,8748
1580: 1672,1489,1490,1581,1673
1581: 1674,1673,1491,1490,1580
10220: 10116,10221,10219,10115,10324,10323
8241: 8240,8356,8357,8124,8125,8242
1584: 1585,1677,1494,1676
1585: 1584,1677,1494,1495,1586
1586: 1587,1496,1585,1495,1679
1587: 1586,1497,1496,1588,1680,1679
1588: 1589,1498,1587,1497,1680,1681
1589: 1588,1498,1590,1499,1681
1590: 1499,1589,1683
1591: 1684,1500,1501
8526: 8525,8412
1593: 1594,1503,1685
1594: 1593,1687,1503,1595
1595: 1596,1594,1687
1596: 1595,1597,1506
1597: 1598,1506,1690,1596
1598: 1597,1690,1508,1599
1599: 1508,1598
9346: 9455,9456,9347
1601: 1693,1511,1510,1602
1602: 1603,1695,1512,1511,1601
1603: 1602,1695,1696,1512,1604
1604: 1605,1697,1514,1603,1696
1605: 1604,1697,1514
7409: 7290,7410,7291,7526,7527
9270: 9159,9380,9381
1608: 1517
11941: 11864
1610: 1520,1611,1703
1611: 1520,1610,1703
11067: 
1613: 1614
1614: 1613,1524,13110
12028: 13067
1616: 1525,13110,1709
9361: 9250,9360,9362,9251,9470,9471
8659: 8660,8773,8544,8545,8772,8658
8183: 8184,8299,8298,8182
11306: 
9343: 9232,9342,9233,9344,9452,9453
1622: 1623
1623: 1622,1533,1624
1624: 1533,1623
10691: 10690,10591,10692,10790
11203: 11202,11204
1627: 1537
13030: 5193
10802: 10703,10801,10704,10803,10899,10900
8178: 8294,8062,8177
9570: 9461,9571,9460,9569,9678,9679
9989: 9882,9883,9988,10095
1633: 1542
8302: 8187,8303,8186,8301,8417,8418
8303: 8187,8188,8302,8304,8418,8419
8462: 8576,8346,8461,8463,8577
1637: 
13071: 63,101
10428: 10325,10326,10429,10427,10529,10530
12043: 12044,11968,12906
9148: 9259,9147,9149,9260
10587: 10487,10486,10586,10686
11806: 
10837: 10738,10836,10838
10244: 10140
10289: 10288,10391,10185,10186,10290
7638: 7639,7521,7520,7637,7756,7755
1648: 1649
1649: 1648
9257: 9367,9368,9258,9146,9145,9256
12957: 10349,13120
1652: 
1653: 1560
7545: 7546,7427,7428,7544
8639: 8753,8524,8525,8638,8752
1656: 
1657: 
1658: 1659,1566,1753
1659: 1568,1566,1658,1753
8127: 8011,8128,8010,8243
1661: 13006,1568,1755
1662: 
1663: 1757
8227: 8110,8226,8111,8342,8228
1665: 
11022: 10927,10928,11021,11115
7479: 7478,7596,7361,7362,7480,7597
1668: 1763,1575,1669,1762
1669: 1575,12966,1668
1670: 1577,1578,12966,1671
1671: 1672,1578,1670,1766
1672: 1671,1580,1673,1766,1767
1673: 1581,1674,1580,1672,1767
1674: 1581,1673,1769
10114: 10219,10218,10115,10008,10009,10113
1676: 1584,1677,1771
1677: 1584,1585,1676,1771,1772
7596: 7478,7595,7479,7597
1679: 1680,1586,1587
1680: 1679,1587,1588,1775,1681
1681: 1775,1776,1588,1589,1680
9965: 
1683: 1777,1778,1590
1684: 1591,1685
1685: 1684,1593
8901: 8900,8787,8788,9013,8902
1687: 1594,1595,1781,1782
13100: 3460,3461,3573,3571,3682
8350: 8235,8351,8466,8234,8349,8465
1690: 1597,1598,1784
9665: 9664,9773,9774,9557,9556,9666
13120: 12957,10349,10350,10452
1693: 1601,1787,1788
7536: 7535,7653,7418,7419,7537,7654
1695: 1602,1603,1696,1789,1790
1696: 1603,1695,1604,1697,1790
1697: 1604,1605,1696,1698
1698: 1697
7629: 7512,7511,7628,7746
11447: 11533
13055: 11872
8688: 8801,8802,8573,8574,8689,8687
1703: 1797,1610,1611
10500: 10399
7497: 7498,7615,7379,7380,7614,7496
10026: 9920
1707: 13110,1801
1708: 
1709: 1616,1804
12848: 
1711: 
7633: 7515,7632,7750,7751
1713: 
9168: 9055,12967,9169
1715: 
8228: 8229,8343,8344,8227,8112
9208: 9319,9096,9097,9318,9207
9908: 9907,10014,9800,9909,10015,9801
9973: 9866,9867,9972,9974,10078,10079
8675: 8561,8676,8560,8674,8788,8789
11462: 
8692: 8691,8805,8806,8578,8577,8693
10059: 
7615: 7497,7498,7616,7614,7732
12996: 
9696: 9695,9804,9587,9697
13019: 12169,13135
1728: 
11802: 11721
10636: 10635,10637,10536
11712: 
12291: 12225
8987: 9100,9099,8986,8875,8988
13144: 9086,9198,9197
9700: 9701,9809,9808,9592,9591,9699
11392: 11391,11480,13083
7486: 7487,7604,7368,7369
8132: 8131
1739: 
10705: 10704,10803,10804,10605,10606,10706
1741: 
8790: 8903,8789,8676,8677,8904,8791
8111: 8112,7995,7994,8110,8227
10384: 10281,10383,10282,10385,10485,10486
13075: 
1746: 
9535: 9426,9534,9536
13031: 10899,10800,10801,10898
7939: 7940,8056,13026
12302: 12366
1751: 1847
7817: 7934
1753: 1849,1658,1659,1848
9599: 9489,9490,9598,9708
1755: 1661
7858: 7740,7857,7741,7859,7974,7975
1757: 1663
9663: 9771,9772,9662,9554,9555,9664
9175: 9063,9176,9062,13060
10300: 10301,10197,10299,10402
1761: 1762,1856
1762: 1761,1668,1763
1763: 1668,1762
8442: 8443,8557,8326,8327,8441,8556
7864: 7747,7865,7981,7980
1766: 1767,1862,1861,1671,1672
1767: 1766,1862,1672,1673,1863
8371: 13084,8256,8372
1769: 1865,1674,1864
1770: 
1771: 1772,1867,1676,1677,1866
1772: 1771,1867,1868,1677
9130: 9018,9242,9131
9925: 9926,9817,9818
1775: 1776,1681,1680
1776: 1775,1681,1777,1872
1777: 1872,1778,1683,1776
1778: 1777,1683
13141: 9075
7579: 
1781: 1876,1687,1782
1782: 1878,1687,1781
8012: 8011,8128,7895,7896,8013,8129
1784: 1879,1880,1690
1785: 
10373: 10270,10372
1787: 1788,1693,1882
1788: 1787,1884,1693,1789
1789: 1790,1695,1788,1884
1790: 1789,1886,1695,1696
8005: 8004,8121,7888,7889,8006,8122
9073: 
12003: 
9642: 
1795: 1891,1796
1796: 1797,1892,1795,1891
1797: 1796,1892,1703
9369: 9479,9370,9368,9259,9478
1799: 1894,1895
7726: 7608,7609,7727
1801: 1707,1896
7665: 7547,7548,7664,7666,7783
11609: 11693,11524
1804: 1709,1899
8751: 
7855: 7738,7856,7737,7854,7972,7971
8295: 8296,8294
10116: 10220,10221,10010,10011,10115,10117
11454: 11453,11365,11455,11541
10830: 10731,10829,10927,10928
7402: 7283,7401,7284,7403,7519,7520
11725: 11641
7635: 7517,7634,7636,7518,7753
10104: 10103,10208,9998,9999,10105,10209
1815: 
1816: 
10439: 10337,10541
13011: 11965,12041,11888,13127,11967,11966
1819: 
9688: 9796,9797,9579,9580,9687,9689
1821: 
1822: 
9335: 9336,9225,9334,9224,9444,9445
11209: 11208,13139,11300
10004: 10110,10005,9898,10109
8054: 
9679: 9787,9788,9571,9570,9678,9680
9625: 
13081: 13058,12300,12364
8008: 8007,8124,8125,7892,7891,8009
8587: 8472,8588,8701,8702
9488: 9489,9598
9324: 9434,9325,9214,9433
1834: 1930,1931
8946: 
8510: 8396,8625
8213: 8214,8329,8096,8097,8212,8328
1838: 1839
1839: 1838
8270: 8269,12944
1841: 
1842: 
1843: 1844
1844: 1843,1845
1845: 1844
11567: 11480,13083,11652
1847: 1848,1751
1848: 1847,1753,1849
1849: 1753,1848,1946
9347: 9457,9348,9237,9456,9346
10304: 10407,10303,10406
1852: 
9427: 9536,9317,9318,9426
1854: 
9237: 9126,9238,9347,9348
1856: 1761,1952
1857: 
1858: 
8773: 8659,8660,8774,8772,8886,8887
11136: 11228
1861: 1766,1862,1958
1862: 1766,1767,1861,1863,1958,1959
1863: 1767,1862,1959,1864
1864: 1863,1865,1769,1961
1865: 1866,1769,1864,1962,1961
1866: 1865,1771,1867,1962,1963
1867: 1771,1772,1868,1866,1963
1868: 1772,1867,1869,1965
1869: 1868,1965
11740: 
1871: 
1872: 1777,1776,1968
8301: 8185,8186,8300,8302,8416,8417
1874: 1970,1971,1875
1875: 1971,1874,1876,1972,1973
1876: 1781,1875,1973
8217: 8218,8333,8100,8101,8216,8332
1878: 1782,1879,1974,1975
1879: 1784,1880,1878,1975,1976
1880: 1784,1879,1881,1976,1977
1881: 1882,1880,1977
1882: 1881,1787,1979
1883: 
1884: 1788,1789,1980,1981
11699: 11616
1886: 1790,1887,1982,1983
1887: 1888,1886,1983
1888: 1887,1984,1889
1889: 1985,1984,1888
8812: 8813,8699,8811,8926
1891: 1795,1796,1892,1988
1892: 1796,1797,1891,1988
1893: 
1894: 1990,1991,1799,1895
1895: 1992,1896,1799,1991,1894
1896: 1992,1895,1801
8251: 8134,8366
1898: 1994,1995,1899
1899: 1996,1804,1995,1898
9238: 9126,9237,9127,9239,9348,9349
1901: 1997,1902
1902: 1901
1903: 
10085: 10086,10190,9980,10084,10189
9788: 9679,9787,9789,9680,9895,9896
1906: 
11372: 11281,11371
1908: 
12422: 
8320: 8321,8204,8205,8319
9907: 9908,10014,9800
10196: 10091,10195,10092,10197,10299
10082: 10186,10187,9976,9977,10081
8864: 8863,8750
13091: 9864,9865,9756,9757
9566: 9675,9567,9456,9457,9674,9565
8431: 8430,8545,8546,8316,8315,8432
9836: 
1919: 
12737: 12771
11253: 11162,11254
9778: 9670,9779,9669,9777,9885
7341: 7223
8514: 8400,8513
10686: 13050,10586,10587,10785
10430: 10328,10431,10531
10204: 10307,10308,10098,10203
8801: 8688,8915,8802,8914,8687,9027
9125: 9013,9012,9126
1930: 1834,1931
1931: 1834,1930
7922: 
1933: 
10301: 10300,10404,10197,10198,10302
11885: 12038
10396: 10293,10395,10497,10498
7504: 7505,7622,7386,7387,7503,7621
1938: 
10572: 
7428: 7310,7427,7429,7545,7546
9360: 9250,9361,9249,9359,9469,9470
9986: 9879,9985,9880,9987,10091,10092
11114: 11113,11206,11021,11115
10621: 10520,10521,10620,10720,10721
1945: 
1946: 2043,1947,1849
1947: 1946,1948
1948: 1947
1949: 
8441: 8556,8440,8326,8442
1951: 1952,2049
1952: 1951,2049,2050,1856
8685: 8684,8798,8799,8686
12443: 12381
1955: 2053,2052
1956: 1957
1957: 1956,2055
1958: 1959,2055,13142,1862,1861
1959: 1958,13142,1862,1863
12914: 6506
1961: 1962,2059,1865,1864
1962: 2059,2060,1961,1865,1866,1963
1963: 2061,1866,1867,1962,2060
1964: 
1965: 1966,1868,1869
1966: 1965,2063,1967,2064
1967: 1968,2064,2065,1966
1968: 1967,2065,1872
12899: 6048,6167,6168
1970: 1971,1874,2067,2068
1971: 1970,1875,1874,1972,2068,2069
1972: 1973,1971,1875,2069,2070
1973: 1972,2071,1876,1875,1974
1974: 2072,1878,1973,2071
1975: 2072,1878,1879,1976
1976: 1977,2074,1879,1880,1975
1977: 1976,2074,1880,1881,2075
7866: 7748,7749,7867,7865,7982,7983
1979: 1980,1882,2076
1980: 1979,2078,1884,1981
1981: 1982,2079,1884,1980,2078
1982: 1981,2079,2080,1886,1983
1983: 2081,1886,1887,1982,2080
1984: 1985,2082,1889,1888
1985: 1984,2082,1889
7853: 7736,7854,7735,7970
1987: 1988,2085
1988: 2086,1891,1892,1987
7947: 8063,8064,7830
1990: 1991,1894,2087
1991: 1990,1894,1992,1895,2089
1992: 1895,2090,1896,2089,1991
7327: 
1994: 1995,1898
1995: 1994,1898,2093,1899
1996: 2093,1899,1997
1997: 1901,1996,2095
9638: 9746,9637,9529
8998: 9110,8997,8885,8886,8999,9111
2000: 2097
7445: 
8798: 8684,8685,8799,8797,8911,8912
8240: 8241,8356,8123,8124,8355,8239
2004: 
8229: 8228,8344,8112,8113,8345
10598: 10497,10498,10599,10597,10697,10698
2007: 2008
2008: 2007,2106
9011: 9010,8898,9123,9124
7780: 7779,7897,7898,7781
11088: 11181,10994,10995,11087,11180
2012: 
2013: 
11588: 11502
10395: 10292,10394,10293,10396,10496,10497
7368: 7249,7369,7250,7486
10417: 10315,10418,10314,10416,10518,10519
11370: 11371,11280,11369,11459
8220: 8221,8336,8335
2020: 
8056: 7940,7939,13143,8172
8980: 9092,8979,8867,8868,8981
8305: 8189,8304,8190,8306,8420,8421
7896: 7779,7897,7895,8012,8013
10923: 10924,11018,10825,10826,10922,11017
11292: 
9674: 9673,9565,9782,9675,9566,9783
11300: 11390,11209,11208,11391
8110: 7993,7994,8227,8226,8109,8111
11607: 
8678: 8563,8677,8564,8679,8791,8792
9119: 9230,9231,9118,9006,9007,9120
7390: 7271,7389,7272,7391,7507,7508
9784: 9675,9676,9783,9785,9891,9892
10012: 10011,10117,10118
8064: 7947,8063,8181
10698: 10697,10797,10598,10599,10699
8197: 8196,8312,8080,8198,8313
2039: 2137
10375: 
10797: 10698,10699,10798,10894,10895
10399: 10297,10400,10296,10500
2043: 1946,2142
10072: 
9159: 9160,9046,9047,9270
11656: 11571
2047: 2145
9934: 9826
2049: 1951,1952,2050,2147,13094
2050: 1952,2049,2051,13094
2051: 2149,2050,2052
2052: 2053,1955,2051,2151
2053: 1955,2052,2151
2054: 
2055: 1958,1957,2056
2056: 2155,2055,13142,2057
2057: 2156,13142,2155,2056
8912: 8911,9024,9025,8798,8799,8913
2059: 1962,2060,1961,2158,2157
2060: 1962,2059,1963,2061,2158
2061: 1963,2060,2159
9337: 9338,9227,9226,9446,9447
2063: 1966,2064,2161,2162
2064: 1967,2065,1966,2063,2162,2163
2065: 1967,1968,2064,2163,2164
2066: 
2067: 2165,1970,2068,2166
2068: 2167,2166,2069,1970,1971,2067
2069: 2068,2167,1971,1972,2168,2070
2070: 2168,2169,1972,2071,2069
2071: 1973,1974,2072,2070
2072: 1974,1975,2071
8212: 8328,8327,8211,8096,8095,8213
2074: 1976,1977,2075,2172,2173
2075: 1977,2074,2173,2174
2076: 1979,2174,2175
2077: 
2078: 1980,1981,2079,2176,2177
2079: 1981,1982,2080,2078,2177,2178
2080: 1982,2079,1983,2081,2178,2179
2081: 1983,2080,2179,2180
2082: 1985,1984,2180
7391: 7272,7273,7390,7392,7508,7509
8794: 8681,8795,8793,8907,8908
2085: 2183,1987,2086,2184
2086: 1988,2087,2085,2185
2087: 2086,1990,2185
13015: 269
2089: 1992,2090,1991,2187,2188
2090: 1992,2089,2188,2189
2091: 2189
7756: 7874,7873,7755,7639,7638,7757
2093: 1996,1995
2094: 
2095: 2193,1997,2096
2096: 2195,2097,2095
2097: 2000,2195,2196,2096
2098: 
2099: 2197,2198
8786: 8899,8785,8672,8673,8900,8787
2101: 
11278: 11368,11369,11277,11187
2103: 
9100: 9099,8987,8988,9101,9211,9212
8000: 8001,8117,8116,7883,7884,7999
2106: 2204,2205,2008
12230: 
7718: 7719,7835,7601,7602,7717
8068: 7952,8069,8067,8184,8185
7862: 7745,7863,7744,7861,7978,7979
13117: 832,755
2112: 
9003: 8890,9004,8891,9116
8492: 8493
9982: 9875,9983,10088
8861: 
8855: 8742,8856
11946: 11869
9671: 9672,9780,9562,9563,9670,9779
2120: 
11616: 11699
8002: 8003,8118,8119,7886,7885,8001
9164: 
10738: 10837,13104,10639,10836
8652: 8538,8651,8537,8765,8766
2126: 
8595: 8709,8481
8991: 9103,8878,8990,8879,8992,9104
8677: 8563,8678,8562,8676,8790,8791
7786: 7787
7344: 
8593: 8478,8708,8707
12427: 12365,12366
2134: 
11543: 11457,11544
2136: 2137
2137: 2136,2039,2237
7952: 7953,8069,8068,7951,7836
2139: 2239,13109
10022: 9915,10021,10023,10127,10128
8353: 8237,8352,8238,8469,8468,8354
2142: 2043
7738: 7855,7856,7737,7620,7621,7739
8329: 8214,8330,8213,8328,8445,8444
2145: 2047,2245
7696: 
2147: 2247,2049,13094
7827: 
2149: 2051,13094
7934: 7817
2151: 2251,2250,2053,2052
2152: 
13090: 
9936: 9828,9829
2155: 2254,2056,2156,2255,2057
2156: 2256,2255,2057,2155,2157
2157: 2158,2257,2059,2156,2256
2158: 2257,2258,2157,2059,2060,2159
2159: 2160,2259,2061,2158,2258
2160: 2159,2259,2260,2161
2161: 2261,2063,2160,2260
2162: 2261,2063,2064,2163,2262
2163: 2164,2262,2263,2064,2065,2162
2164: 2163,2263,2065,2165,2264
2165: 2264,2067,2164,2166
2166: 2068,2167,2266,2165,2067
2167: 2068,2266,2166,2069,2168,2267
2168: 2169,2070,2167,2069,2267,2268
2169: 2168,2070,2269,2268
10222: 10117,10118,10223,10221,10325,10326
2171: 2172
2172: 2173,2074,2171
2173: 2172,2074,2075,2174,2273
2174: 2273,2274,2076,2075,2173,2175
2175: 2176,2275,2076,2174,2274
2176: 2175,2275,2276,2078,2177
2177: 2178,2277,2078,2079,2176,2276
2178: 2177,2277,2278,2079,2080,2179
2179: 2180,2279,2080,2081,2178,2278
2180: 2179,2279,2081,2082
8288: 8173,8172,13106,8403
2182: 2183,2282
2183: 2085,2182,2184,2283,2282
2184: 2185,2183,2085,2283,2284
2185: 2184,2086,2087
13140: 10918,10919,11013,11014,11012
2187: 2286,2089,2188
2188: 2189,2288,2090,2089,2187
2189: 2188,2288,2090,2091,2190,2289
2190: 2289,2290,2189
12266: 
9805: 
2193: 2095,2292
7991: 7992,8108,7874,7875,8107,7990
2195: 2196,2294,2295,2096,2097
2196: 2195,2295,2097,2197
2197: 2198,2099,2196
2198: 2197,2099
2199: 
11860: 11781
2201: 
12601: 12600
7894: 7777,7895,7776,7893,8010,8011
2204: 2205,2106,2304,2303
2205: 2204,2106,2304
10433: 10331,10434,10330,10432,10534
9880: 9881,9987,9772,9773,9879,9986
2208: 
10713: 
2210: 
9044: 8931,8932,9045
9826: 9934
2213: 2214,13000
2214: 2213,13000
9817: 9709,9818,9708,9925
8671: 8557,8672,8556,8784,8785
12543: 
7475: 7474,7592,7358,7593
13111: 2970,2862,2863,2968,2969
10235: 10130,10131
8995: 9108,8996,8883,8994,8882,9107
9771: 9663,9772,9662,9770,9878,9879
9790: 9898,9681,9791,9897
9529: 9420,9530,9419,9638,9637
9963: 9962,13072,10069
11703: 
10803: 10704,10705,10804,10802,10900,10901
9807: 9698,9699,9808,9914,9915
8654: 8655,8767,8768,8539,8540,8653
8856: 8857,8742,8855
2231: 
8555: 8554,8669,8670
2233: 
2234: 2334
9371: 9480,9260,9261,9372,9370
2236: 2336,12964,2237
2237: 13109,2137,2236
8799: 8685,8798,8800,8912,8913
2239: 2139
2240: 
9227: 9337,9338,9115,9226
12919: 4987,4871
2243: 
8125: 8008,8124,8009,8126,8242,8241
2245: 2145,2345,2346
13023: 
2247: 2147,2347,2348
7388: 7269,7387,7270,7389,7505,7506
9542: 9651,9541,9432,9433,9543
2250: 2251,2151
2251: 2151,2250,2252,2352
2252: 2251,2352
2253: 2254,2353,2354
2254: 2155,2253,2255,2354,2355
2255: 2156,2256,2254,2155,2355
2256: 2156,2255,2257,2157
2257: 2158,2258,2157,2256,2358
2258: 2158,2257,2159,2259,2358,2359
2259: 2159,2160,2260,2258,2359,2360
2260: 2160,2259,2161,2261,2360,2361
2261: 2161,2162,2260,2362
2262: 2163,2263,2162,2362,2363
2263: 2163,2164,2262,2264,2363
2264: 2165,2164,2263,2365,2364
2265: 
2266: 2167,2166,2366,2367,2267
2267: 2367,2167,2266,2168,2368,2268
2268: 2368,2369,2269,2168,2169,2267
2269: 2369,2268,2169,2370,2270
2270: 2370,2371,2269
2271: 
2272: 2372,2373,2374
2273: 2174,2274,2173,2374
2274: 2174,2273,2175,2275
2275: 2175,2176,2276,2274
2276: 2176,2275,2177,2277
2277: 2177,2178,2278,2276,2377
2278: 2178,2277,2179,2279,2378
2279: 2179,2180,2278,2379
8988: 8989,9101,8875,8876,9100,8987
2281: 
2282: 2383,2283,2183,2182,2382
2283: 2383,2282,2183,2184,2384,2284
2284: 2384,2385,2184,2283
10616: 10615,10516,10617,10715,10716
2286: 2187,2386,2387
11693: 11609
2288: 2188,2189,2289,13131
2289: 2190,2290,2189,2288,2389,2390
2290: 2190,2289,2390,2391
2291: 2292,2392,2391
2292: 2291,2193,2392,12951
7750: 7868,7632,7633,7749,7867
2294: 2195,2295,2394,2395
2295: 2195,2196,2294,2395
7993: 7994,8110,7876,7877,7992,8109
7494: 7611,7612,7376,7377,7493,7495
2298: 
8814: 8700,8701,8815,8813,8927,8928
11888: 11808,11887,11889,11965,13011
2301: 
2302: 2303,2403
2303: 2302,2204,2304,2403
2304: 2204,2205,2303
9534: 9535,9424,9533
10702: 10703,10801,10603,10800
9135: 9134,9246,9247,9022,9023,9136
11162: 11069,11161,11070,11163,11253
10217: 10112,10113,10216,10218,10320,10321
11979: 
8787: 8900,8788,8901,8674,8673,8786
9465: 9464,9574,9355,9466,9575,9356
8650: 8649,8763,8535,8651,8764
11872: 13055
2315: 
10050: 
9022: 8909,8910,9023,9021,9134,9135
8585: 8471,8584,8699,8700
9339: 9228,9229,9340,9449
11967: 11968,12906,11966,13127,13011
8550: 8436,8551,8549,8665,8664
2322: 
11800: 
7512: 7629,7630,7394,7395,7513
7846: 7847,7845,7962,7963
8471: 8585,8470,8472
11019: 10924,11018,10925,11112,11113
8584: 8698,8585,8469,8470,8583
7640: 7522,7523,7641,7639,7757,7758
8340: 8455,8456,8225,8224,8339,8341
7603: 7720,7721
7654: 7655,7537,7653,7536,7771,7772
2333: 2334
2334: 2234,2436,2333
8446: 8447,8561,8330,8331,8445,8560
2336: 12964,2236,2437
2337: 
10627: 10526,10626,10527,10726
2339: 
8053: 
2341: 2443
10918: 10919,13140,10820,10821,11012,10917
13139: 11115,11209,11208
8096: 8095,8097,7980,8212,8213
2345: 2346,2245
2346: 2345,2245,2347
2347: 2348,2449,2247,2346
2348: 2347,2449,2247,2349,2450
2349: 2450,2451,2348
8245: 8362,8360,8476,8361
8881: 8994,8882,8767,8768,8993
2352: 2454,2251,2252,2453
2353: 2253,2354,2455
2354: 2355,2455,2456,2254,2253,2353
2355: 2354,2456,2254,2255,2457
2356: 
8416: 8417,8531,8530,8301,8300
2358: 2459,2460,2257,2258,2359
2359: 2360,2258,2259,2358,2460
2360: 2359,2462,2259,2260,2361
2361: 2362,2463,2260,2360,2462
2362: 2361,2261,2262
2363: 2465,2262,2263,2364
2364: 2365,2466,2264,2363,2465
2365: 2466,2467,2364,2264,2366
2366: 2367,2468,2266,2365,2467
2367: 2366,2468,2469,2267,2266,2368
2368: 2369,2470,2268,2367,2469,2267
2369: 2368,2470,2471,2269,2268,2370
2370: 2371,2472,2270,2369,2471,2269
2371: 2370,2472,2270,2372,2473
2372: 2373,2474,2272,2473,2371
2373: 2372,2474,2272,2374,2475
2374: 2273,2373,2272
9479: 9589,9369,9370,9478,9480
2376: 2477,2377,2478
2377: 2378,2479,2478,2277,2376
2378: 2377,2479,2278,2379,2480
2379: 2380,2480,2279,2378
2380: 2379,2481,2381,2482
2381: 2482,2382,2380
2382: 2381,2383,2484,2282
2383: 2484,2485,2283,2282,2382,2384
2384: 2385,2284,2486,2383,2485,2283
2385: 2384,2284,2486,2487
2386: 2387,2487,2286
2387: 2386,2286,2388
2388: 2389,2490,13131,2387
2389: 2388,2490,13131,2289,2390,2491
2390: 2491,2492,2289,2290,2389,2391
2391: 2493,2290,2291,2390,2492
2392: 2494,2493,2292,2291,12951
11212: 11119,11211
2394: 12951,2294,2395,2496
2395: 2497,2496,2294,2295,2394
8129: 8013,8130,8012,8128
2397: 2398,2499
2398: 2397,2499,2500
9217: 9216,9218,9327,9328
11552: 11553,11637
2401: 2503
7732: 7733,7614,7615,7616,7849,7731
2403: 2302,2303
7832: 
11968: 11967,12906,12043
10833: 10834,10734,10832
8556: 8441,8557,8442,8671
10577: 10578
13038: 
8563: 8448,8449,8677,8678,8562,8564
11887: 11808,11888,11964,11965
7868: 7750,7867,7869,7984,7985
9260: 9149,9261,9259,9148,9370,9371
2414: 2516
12096: 
10493: 10593,10391,10392,10494,10594
10823: 10725,10724
10081: 10080,10185,9976,10082,10186
2419: 
7370: 7251,7369,7252,7371,7487,7488
11268: 11267,11176,11177
7980: 7981,8097,7864,8096
7661: 7660,7779
11571: 11484,11656
7875: 7757,7758,7876,7874,7991,7992
12618: 12905
7585: 7703
2428: 
11502: 11588
11440: 11526,11351
10017: 9911,10018,10016,10122,10123
10757: 10657
2433: 
9166: 9053
8551: 8436,8550,8552,8665,8666
2436: 2334,2437,2538,2539
2437: 2436,2336,2539
8676: 8561,8562,8675,8677,8790,8789
13128: 8816,8702,8588
9045: 8933,9046,8932,9044
8343: 8228,8344,8342,8458,8459
9069: 
2443: 2341,2545
8182: 8298,8297,8183
2445: 2547,2548
7353: 7234,7354,7352,7471
8785: 8786,8899,8671,8672,8784
8533: 8418,8419,8532,8534,8647,8648
2449: 2347,2348,2450,2551,2552
2450: 2349,2451,2348,2449,2552,2553
2451: 2349,2450,2452,2553,2554
2452: 2453,2451,2554
2453: 2452,2352,2454,2556
2454: 2352,2453,2556,2557
2455: 2354,2456,2353,2557,2558
2456: 2354,2355,2455,2457,2558,2559
2457: 2458,2355,2456,2559,2560
2458: 2457,2459,2560,2561
2459: 2358,2460,2458,2562,2561
2460: 2358,2459,2359,2562,2563
12855: 10166,10167
2462: 2360,2361,2463,2564,2565
2463: 2361,2462,2565
11182: 11181,11091,11183
2465: 2363,2466,2364,2568
2466: 2365,2467,2364,2465,2568,2569
2467: 2365,2466,2366,2468,2569,2570
2468: 2366,2367,2469,2467,2570,2571
2469: 2367,2468,2368,2470,2571,2572
2470: 2368,2369,2471,2469,2572,2573
2471: 2369,2470,2370,2472,2573,2574
2472: 2370,2371,2471,2473,2574
2473: 2372,2474,2371,2472,2576
2474: 2372,2373,2473,2576,2577,2475
2475: 2578,2373,2474,2577
10886: 10981,10885
2477: 2376,2478,2579,2580
2478: 2377,2479,2477,2376,2580
2479: 2377,2378,2478,2480,2582
2480: 2379,2481,2378,2479,2582
2481: 2380,2480,2482,2583,2584
2482: 2381,2380,2481,2584,2585
7737: 7738,7855,7619,7620,7736,7854
2484: 2383,2485,2382,2586
2485: 2383,2484,2384,2486
2486: 2384,2385,2485
2487: 2386,2385,2589
8772: 8658,8771,8659,8773,8885,8886
9655: 9656,9764,9546,9547,9654
2490: 2388,2389,2491,2592
2491: 2390,2492,2389,2490
2492: 2390,2491,2493,2391,2595
2493: 2392,2391,2492,2595
2494: 2392,12951,2597
8922: 9035,8808,8809,8923,8921,9034
2496: 2395,2497,2394,2599
2497: 2395,2496,2599
8439: 8554,8440,8438
2499: 2397,2398,2500,2601
2500: 2398,2499
2501: 
10015: 9909,10016,9908,10014,10120
2503: 2401,2605,2606
7398: 7279,7280,7399,7516
7363: 7362,7245,7480,7481
13126: 697,768,695,769
2507: 12938
8568: 8453,8569,8567,8682,8683
12687: 12686
2510: 
9153: 9152,9041,9264
2512: 2614
10231: 10126,10127,10230,10334,10335
10076: 10077,10181,9970,9971
10282: 10281,10384,10178,10179,10385,10283
2516: 2414,2618
2517: 
2518: 2620,12940
10117: 10118,10222,10012,10116,10221
10091: 10195,10196,10090,9985,9986,10092
10372: 10270,10373
9584: 9475,9585,9474,9583
13069: 10065,9961,10171
10794: 10695,10795,10891
9284: 
2526: 
7672: 7555
7386: 7267,7385,7268,7387,7503,7504
12031: 11956,13093
9795: 9686,9687,9796,9903
7721: 7720,7838,7603,7722,7839
8383: 
12558: 
11085: 11178,11177,11084,10991
10835: 10836,10834,10932,10933
8767: 8654,8768,8880,8653,8881
12255: 12187
2538: 2539,13054,2436
2539: 2538,13054,2436,2437,2643
8576: 8462,8575,8577,8690,8691
13102: 
10344: 10241
2543: 
7908: 8024,8025
2545: 2649,2443
9710: 
2547: 2548,2445,2650
2548: 2547,2652,2445
10828: 10729,10730,10829,10827,10925,10926
11361: 11271,11362
2551: 2552,2655,2449
2552: 2551,2655,2449,2450,2553,2656
2553: 2656,2450,2451,2552,2554
2554: 2658,2451,2452,2553
2555: 
2556: 2557,2453,2454,2659
2557: 2556,2454,2455
2558: 2559,2661,2455,2456
2559: 2558,2456,2457,2560,2663
2560: 2664,2663,2458,2457,2559,2561
2561: 2562,2665,2458,2459,2560,2664
2562: 2665,2666,2561,2459,2460,2563
2563: 2564,2667,2460,2562,2666
2564: 2563,2667,2668,2462,2565
2565: 2669,2462,2463,2564,2668
7608: 7490,7491,7607,7609,7726
2567: 
2568: 2671,2465,2466,2569,2672
2569: 2672,2673,2466,2467,2568,2570
2570: 2571,2674,2467,2468,2569,2673
2571: 2570,2674,2675,2468,2469,2572
2572: 2573,2676,2469,2470,2571,2675
2573: 2572,2676,2677,2470,2471,2574
2574: 2678,2471,2472,2573,2677
7387: 7268,7269,7388,7386,7504,7505
2576: 2577,2680,2474,2473,2679
2577: 2576,2680,2474,2578,2681,2475
2578: 2681,2682,2475,2577
2579: 2580,2683,2477,2682
2580: 2579,2683,2684,2477,2478
2581: 
2582: 13123,2479,2480,2583
2583: 2584,2687,2481,2582,13123,2686
2584: 2583,2687,2481,2482,2585,2688
2585: 2689,2688,2586,2482,2584
2586: 2585,2689,2484,2690
2587: 
10462: 
2589: 2487,2693
8538: 8423,8424,8652,8539,8653
7876: 7758,7875,7759,7877,7992,7993
2592: 2695,2696,2490
2593: 
7481: 7482,7599,7363,7598,7480
2595: 2699,2492,2493,2698
10390: 10288,10391,10491
2597: 2701,2494
8185: 8186,8301,8300,8069,8068,8184
2599: 2702,2703,2497,2496
2600: 
2601: 2499
10123: 10227,10228,10124,10017,10018,10122
7620: 7503,7621,7502,7619,7738,7737
8989: 9102,8988,9101,8876,8877,8990
2605: 2709,2708,2503,2606
2606: 2503,2709,2605
7845: 7844,7846,7961,7962
10011: 9904,10010,9905,10012,10116
8759: 8645,8758,8872,8873,8760
9442: 9441,9332,9333,9443
7500: 7617,7382,7383,7501,7618
8758: 8645,8759,8872,8644,8757,8871
9755: 9756,9754
2614: 2512
11767: 11846
9365: 9366,9255,9364,9254,9474,9475
9530: 9420,9529,9421
2618: 2721,2516
9575: 9466,9576,9465,9574,9683,9684
2620: 2518,12940
9895: 10001,10002,9787,9788,9894,9896
8004: 8120,8121,8005,7887,7888,8003
13051: 2815,2920,2921
11847: 
10452: 10349,13120
2626: 
8695: 8809,8580,8694,8808
8051: 
8264: 8147,8265
12432: 
10986: 10987,10891,11080
12973: 1211
13106: 8173,8288
2634: 
9146: 9033,9034,9145,9147,9257,9258
9306: 
9676: 9675,9784,9567,9677,9785,9568
8557: 8443,8558,8442,8671,8672,8556
8847: 
2640: 2745
8867: 8753,8754,8868,8979,8980
2642: 
2643: 2539,13054
11322: 11321
2645: 2750
13016: 9482,9483,9373,9374
9261: 9149,9260,9372,9262,9371
2648: 2649,2752,2753
2649: 2650,2545,2648,2754
2650: 2649,2547,2754
9768: 9659,9875
2652: 2548,2756,2757
10906: 11000,11001,13116,10808,10809,10905
8577: 8578,8463,8462,8576,8691,8692
2655: 2551,2552,2656,2759
2656: 2553,2552,2655,2761
2657: 
2658: 2659,2554,2762
2659: 2658,2556
8800: 8914,8687,8686,8799
2661: 2558,2662
2662: 2661,2663,2767
2663: 2560,2664,2559,2662
2664: 2560,2663,2665,2561
2665: 2562,2666,2561,2664
2666: 2562,2665,2563,2667,2771
2667: 2563,2564,2668,2666,2771,2772
2668: 2564,2667,2565,2669,2772,2773
2669: 2565,2668,2670,2773,2774
2670: 2669,2774,2775
2671: 2568,2672,2775,2776
2672: 2569,2673,2671,2568,2776,2777
2673: 2569,2672,2570,2674,2777,2778
2674: 2570,2571,2675,2673,2778,2779
2675: 2571,2674,2572,2676,2779,2780
2676: 2572,2573,2677,2675,2780,2781
2677: 2573,2676,2574,2678,2781,2782
2678: 2574,2679,2677,2782,2783
2679: 2678,2576,2680,2783,2784
2680: 2576,2577,2679,2681,2784,2785
2681: 2578,2577,2680,2785,2786
2682: 2578,2579,2683,2787
2683: 2579,2580,2684,2682,2787,2788
2684: 2580,2683,2685,2788,2789
2685: 13123,2684,2789,2790
2686: 2791,13123,2583,2687,2790
2687: 2583,2584,2688,2791,2792,2686
2688: 2585,2689,2584,2687,2792,2793
2689: 2585,2688,2586,2690,2793,2794
2690: 2691,2689,2586,2794,2795
2691: 2690,2796,2795,13041
2692: 
2693: 2694,2589,2797,2798
2694: 2693,2695,2799
2695: 2592,2696,2694,2800
2696: 2592,2695,2697,2801
2697: 2698,2696,2802
2698: 2697,2699,2595
2699: 2595,2698
8355: 8239,8354,8470,8240,8356
2701: 2597,2702,2806
2702: 2599,2703,2701,2806,2807
2703: 2599,2702,2807
7462: 7463
2705: 2706,2810
2706: 2707,2705,2810,2811
2707: 2706,2708,2811,2812
2708: 2709,2605,2707,2812
2709: 2605,2708,2606
8021: 8022,8138
8782: 8668,8669,8783,8781,8895,8896
2712: 2815
9543: 9652,9544,9433,9434,9651,9542
7716: 7717,7834,7833,7599,7715
11457: 11543,11544,11368,11369
2716: 
7619: 7501,7618,7620,7502,7736,7737
7609: 7492,7610,7491,7608,7726,7727
2719: 
9761: 9652,9653,9762,9868,9869
2721: 2618,2825
10880: 10879,10782,10783,10975
10782: 10684,10783,10879,10880
11002: 10907,10908,11096,11095
8575: 8576,8689,8461,8460,8574
12099: 12026
12772: 12771
8525: 8526,8524,8639
10715: 10716,10814,10813,10615,10616,10714
9229: 9117,9228,9339,9230,9340,9118
9424: 9423,9533,9315,9534
7476: 
9585: 9475,9476,9584,9586
8107: 7990,8106,8223,7991,8108,8224
10895: 10896,10990,10797,10798,10989,10894
9433: 9432,9434,9324,9542,9543
8756: 8642,8755,8869,8643,8757,8870
10210: 10105,10106,10209,10211,10313
9017: 9129,8905,8904,9016
2740: 
8771: 8772,8658,8770,8657,8884,8885
13044: 
12161: 
9680: 9572,9789,9571,9679,9788
2745: 2640,2746
2746: 13054,2745
2747: 
7867: 7749,7866,7750,7868,7983,7984
7410: 7292,7411,7291,7409,7528,7527
2750: 2751,2855,2856,2645
2751: 2750,2856,2752
2752: 2858,2648,2751,2753
2753: 2859,2754,2648,2752,2858
2754: 2753,2650,2649
2755: 
2756: 2861,2862,2652,2757
2757: 2758,2863,2652,2756,2862
2758: 2757,2863
2759: 2655
7380: 7261,7262,7381,7379,7497,7498
2761: 2656,2762
2762: 2868,2658,2761
8457: 8341,8342,8456,8458,8571
2764: 2765,2869,2870
2765: 2764,2766,2871,2870
2766: 2767,2872,2871,2765
2767: 2766,2872,2662,2768,2873
2768: 2873,2874,2767
2769: 
10219: 10114,10218,10115,10220,10322,10323
2771: 2772,2877,2666,2667,2876
2772: 2771,2877,2878,2667,2668,2773
2773: 2774,2879,2668,2669,2772,2878
2774: 2773,2669,2670,2775
2775: 2881,2776,2671,2670,2774
2776: 2775,2881,2671,2672,2777,2882
2777: 2882,2883,2672,2673,2776,2778
2778: 2779,2884,2673,2674,2777,2883
2779: 2778,2884,2885,2674,2675,2780
2780: 2781,2886,2675,2676,2779,2885
2781: 2780,2886,2887,2676,2677,2782
2782: 2783,2888,2677,2678,2781,2887
2783: 2782,2888,2889,2679,2678,2784
2784: 2785,2890,2679,2680,2783,2889
2785: 2784,2890,2680,2681,2786,2891
2786: 2891,2892,2681,2785
2787: 2788,2893,2682,2683
2788: 2787,2893,2894,2683,2684,2789
2789: 2790,2895,2684,2685,2788,2894
2790: 2789,2895,2685,2791,2896,2686
2791: 2792,2896,2897,2686,2687,2790
2792: 2791,2687,2688,2793,2898
2793: 2794,2898,2899,2689,2688,2792
2794: 2793,2899,2689,2690,2795,2900
2795: 2900,2901,2690,2691,2794,13041
2796: 2691,2797,13041
2797: 2902,2796,2693,2798
2798: 2799,2904,2693,2903,2797
2799: 2798,2904,2694,2800,2905
2800: 2801,2905,2906,2695,2799
2801: 2800,2906,2696,2802,2907
2802: 2907,2908,2697,2801
7382: 7263,7264,7383,7500
2804: 2910
7400: 7281,7399,7401,7282,7517,7518
2806: 2701,2702,2807
2807: 2913,2702,2703,2806
2808: 
9441: 9442,9331,9332,9440
2810: 2915,2705,2706,2811
2811: 2917,2707,2706,2810,2812
2812: 2918,2707,2708,2811,2917
7489: 7488,7606,7371,7372,7490,7607
7389: 7270,7271,7390,7388,7506,7507
2815: 13051,2712
7478: 7595,7596,7479,7361,7477
9579: 9470,9580,9469,9578,9687,9688
2818: 2923
2819: 
8336: 8221,8337,8220,8451,8452
12926: 10171
13000: 2213,2214
7358: 7240,7359,7239,7475
2824: 2825
2825: 2721,2824
10498: 10497,10598,10599,10396,10397,10499
9556: 9664,9665,9557,9555
8456: 8455,8340,8341,8457,8571
11897: 
10403: 
10435: 
10505: 10504,10605,10606,10404,10506
12294: 12227,12359
10612: 10613,10512,10611,10712
7375: 7256,7257,7374,7376,7492,7493
9946: 
2837: 
7589: 7471,7588,7472,7590,7707
10494: 10595,10392,10393,10493,10495
9554: 9445,9555,9553,9663,9662
8233: 8234,8349,8348,8117,8116,8232
11029: 11028,11123,13124
11077: 11076,11169,10983
7841: 7842,7724,7840,7723,7957
9205: 9316,9315,9094
10149: 10044
2847: 
7749: 7748,7866,7867,7631,7632,7750
7401: 7283,7402,7282,7400,7519,7518
7965: 7849,7848,7964,7850,7966
11863: 11783,11864
7430: 7311,7312,7429,7431,7547,7548
2853: 2854
2854: 2853,2855
2855: 2750,2856,2854
2856: 2750,2751,2855,2963
2857: 
2858: 2752,2859,2753,2964,2965
2859: 2753,2858,2966,2965
10926: 10925,11021,10828,10829,10927
2861: 2756,2862,2968
2862: 2756,2861,2757,2863,2968,13111
2863: 2757,2758,2862,13111,2970
12635: 12634
8929: 9042,8815,8816,8930,8928,9041
2866: 2867,2972
2867: 2868,2866,2974
2868: 2762,2867
2869: 2764,2975,2976,2870
2870: 2976,2977,2869,2764,2765,2871
2871: 2766,2872,2765,2977,2870,2978
2872: 2766,2767,2871,2873,2978,2979
2873: 2768,2874,2767,2872,2979,2980
2874: 2768,2873,2980,2981,2875
2875: 2982,2874,2876,2981
2876: 2771,2877,2982,2875,2983
2877: 2771,2772,2878,2876,2983,2984
2878: 2772,2877,2773,2879,2984,2985
2879: 2773,2878,2985,2986
10801: 10703,10802,10702,10800,10899,13031
2881: 2775,2776,2882,2987,2988
2882: 2777,2883,2881,2776,2988,2989
2883: 2777,2882,2778,2884,2989,2990
2884: 2778,2779,2885,2883,2991,2990
2885: 2779,2884,2780,2886,2991,2992
2886: 2780,2781,2887,2885,2992,2993
2887: 2781,2886,2782,2888,2993,2994
2888: 2782,2783,2889,2887,2994,2995
2889: 2783,2888,2784,2890,2995,2996
2890: 2784,2785,2889,2891,2996,2997
2891: 2786,2892,2785,2890,2997,2998
2892: 2786,2891,2998,2999
2893: 2787,2788,2894,2999,3000
2894: 2788,2893,2789,2895,3000,3001
2895: 2789,2790,2894,2896,3001,3002
2896: 2791,2790,2895,3002,3003
2897: 2791
2898: 2793,2899,2792,3004,3005
2899: 2793,2794,2898,2900,3005,3006
2900: 2795,2901,2794,2899,3006,3007
2901: 2795,2900,13041,3007,3008
2902: 2903,2797,13041,3008,3009
2903: 2902,2798,2904,3009,3010
2904: 2798,2799,2903,2905,3010,3011
2905: 2800,2906,2799,2904,3011,3012
2906: 2800,2801,2905,2907,3012,3013
2907: 2802,2908,2801,2906,3013,3014
2908: 2802,2907,3014,3015
10548: 10649,10446
2910: 2804,2911,3016,3017
2911: 2910,3017,3018
10108: 10109,10213,10002,10003,10107,10212
2913: 2807
7490: 7491,7608,7607,7373,7372,7489
2915: 2810,3021
2916: 
2917: 2811,2812,2918,3024
2918: 2812,2919,2917,3024,3025
2919: 2918,2920,3025
2920: 13051,2921,2919
2921: 13051,2920,2922
2922: 2921,2923,3029
2923: 2818,2922,3029
8113: 8114,8229,8230
11201: 11109,11200
2926: 3032
12095: 12094
9703: 9811,9484,9595
2929: 
10486: 10485,10586,10384,10385,10587,10487
9250: 9138,9139,9361,9360,9249,9251
9136: 9137,9248,9023,9024,9135,9247
7951: 7834,7835,7950,8067,7952
11771: 11689
9918: 9919,9811,9917
8583: 8697,8582,8469,8468,8698,8584
9593: 9483,9484,9701,9592
9155: 9042,9043,9266,9267
11200: 11107,11199,11201,11291
10118: 10117,10222,10223,10012,10013
7652: 7535,7653,7534,7651,7769,7770
11751: 
8755: 8642,8756,8868,8869,8754
2944: 13061
2945: 
2946: 
12009: 
2948: 
8436: 8550,8551
2950: 
9198: 13144
10670: 
8784: 8670,8671,8785,8898
10533: 10534,10633,10634,10431,10432
2955: 3063,3062
10321: 10320,10423,10217,10218,10322,10424
8982: 9094,8981,8869,8870,9095,8983
7527: 7528,7645,7409,7410,7526,7644
8478: 8593,8362,8363,8361
9020: 8908,9021,9019,8907,9132,9133
8668: 8669,8782,8553,8554,8667,8781
10805: 10706,10707,10804,10806,10902,10903
2963: 3070,2856,2964
2964: 2858,2963,2965
2965: 2966,3073,2858,2859,2964
2966: 3074,3073,2965,2859,2967
2967: 2968,3075,3074,2966
2968: 2967,2969,2861,2862,13111
2969: 2968,3075,13111,3077
2970: 13111,3077,3078,2863
8427: 8541,8542,8428,8311,8312,8426
2972: 3079,3080,2866
2973: 
2974: 2975,3082,2867,3081
2975: 2974,3082,13136,2869,2976
2976: 2977,3084,3083,2870,2869,2975
2977: 2976,3084,2870,2871,2978,3085
2978: 2979,3086,3085,2872,2871,2977
2979: 2978,3086,2872,2873,2980,3087
2980: 2981,3087,3088,2873,2874,2979
2981: 2980,3088,2874,2982,3089,2875
2982: 3089,3090,2875,2876,2981,2983
2983: 2984,3091,2876,2877,2982,3090
2984: 2983,3091,3092,2877,2878,2985
2985: 2986,3093,2878,2879,2984,3092
2986: 2985,3093,3094,2879
2987: 2988,3095,2881,3094
2988: 2987,3095,2881,2882,2989,3096
2989: 3096,3097,2882,2883,2988,2990
2990: 2991,3098,2883,2884,2989,3097
2991: 3099,3098,2990,2884,2885,2992
2992: 2993,3100,2885,2886,3099,2991
2993: 2992,3100,2886,2887,2994
2994: 2995,3102,2887,2888,2993
2995: 2994,3102,3103,2888,2889,2996
2996: 2997,3104,2889,2890,2995,3103
2997: 2996,3104,2890,2891,2998,3105
2998: 3105,3106,2891,2892,2997
2999: 3000,2892,2893
3000: 2999,3108,2893,2894,3001
3001: 3002,3109,2894,2895,3000,3108
3002: 3001,3109,2895,2896,3003,3110
3003: 3004,3110,3111,2896,3002
3004: 3003,3111,2898,3005,3112
3005: 3006,3112,3113,2898,2899,3004
3006: 3005,3113,2899,2900,3007,3114
3007: 3114,2900,2901,3006
3008: 3009,2901,2902
3009: 3008,3116,3117,2903,2902,3010
3010: 3011,3118,2903,2904,3009,3117
3011: 3010,3118,2904,2905,3012,3119
3012: 3013,3119,3120,2905,2906,3011
3013: 3012,3120,2906,2907,3014,3121
3014: 3121,3015,2907,2908,3013
3015: 3014,2908
3016: 3124,2910,3017
3017: 3018,2910,2911,3124,3016
3018: 3017,2911,3019
3019: 3018
13143: 7940,8056,8173,8172
3021: 3129,2915
8485: 
10203: 10306,10202,10098,10097,10307,10204
3024: 3025,2917,2918,3131
3025: 3024,2919,2918
7414: 7295,7296,7415,7413,7531,7532
3027: 
10894: 10989,10988,10797,10893,10895
3029: 3136,2922,2923
3030: 
10010: 9904,10011,9903,10009,10115,10116
3032: 3140,2926
12634: 12635
8409: 8524,8523,8294,8408
9709: 9817,9818,9708
11202: 11203,11109
7493: 7492,7610,7375,7376,7494,7611
11179: 11087,11180,11178,11271
7427: 7426,7309,7428,7544,7545
11444: 11445,11356,11355
9553: 9444,9552,9554,9661,9662
11932: 
9435: 9434,9325,9436,9326,9544,9545
10008: 9902,10009,9901,10007,10113,10114
9316: 9315,9205,9317,9426
10006: 10112,9899,9900,10007,10111,10005
8222: 8338,8223,8221,8337
3048: 
8707: 8706,8708,8593,8820
10079: 10078,10183,9973,9974,10080,10184
9429: 9538,9430
11611: 11526,11525
3053: 
11312: 
10685: 
7623: 7505,7622,7506,7624,7740,7741
11081: 11082,13033,11173,13125,11265
7516: 7398,7399,7517,7634
8670: 8784,8555,8669,8783
9023: 8910,9022,8911,9024,9135,9136
10729: 10730,10828,10629,10630,10827
3062: 2955,3063
3063: 2955,3062,3064
3064: 3063
8321: 8320,8205,8206,8322
13020: 6728,6847
3067: 3176
10589: 10488,10487,10688
3069: 3070
3070: 2963,3069,3179
9004: 8892,9005,8891,9003,9117,9116
7999: 7998,8115,7882,7883,8000,8116
3073: 3074,2966,2965,3182
3074: 2966,3073,2967,3075,3182
3075: 2967,2969,3074,3184
8024: 8023,8140,7908,8025
3077: 2970,3078,2969,3185,3186
3078: 2970,3077,3186,3187
3079: 2972,3080,3187,3188
3080: 3081,3079,2972,3189,3188
3081: 3080,2974,3082,3189,3190
3082: 2974,2975,13136,3081,3190,3191
3083: 2976,3084,13136,3191,3192
3084: 2976,2977,3083,3085,3192,3193
3085: 2978,3086,2977,3084,3193,3194
3086: 2978,2979,3085,3087,3194,3195
3087: 2980,3088,2979,3086,3195,3196
3088: 2980,2981,3087,3089,3196,3197
3089: 2982,3090,2981,3088,3198,3197
3090: 2982,3089,2983,3091,3198,3199
3091: 2983,2984,3092,3090,3199,3200
3092: 2984,3091,2985,3093,3200,3201
3093: 2985,2986,3094,3092,3201,3202
3094: 2986,3093,2987,3095,3202,3203
3095: 2987,2988,3094,3096,3203,3204
3096: 2989,3097,2988,3095,3204,3205
3097: 2989,3096,3098,2990,3205,3206
3098: 3099,2991,2990,3097,3207,3206
3099: 2991,3098,2992,3100,3207,3208
3100: 2992,2993,3099,3208,3209
8188: 8187,8303,8071,8072,8189,8304
3102: 2994,2995,3103,3210,3211
3103: 2995,3102,2996,3104,3211
3104: 2996,2997,3103,3105,3212
3105: 2998,3106,2997,3104,3212,3213
3106: 2998,3105,3214,3213
8524: 8409,8523,8525,8638,8639
3108: 3000,3001,3109,3216,3217
3109: 3001,3002,3108,3110,3217,3218
3110: 3003,3111,3002,3109,3218,3219
3111: 3003,3004,3110,3112,3219,3220
3112: 3005,3113,3004,3111,3220,3221
3113: 3005,3006,3112,3114,3221,3222
3114: 3007,3006,3113,3222
8308: 8192,8193,8307,8309,8423,8424
3116: 3009,3117,3224,3225
3117: 3009,3116,3010,3118,3225,3226
3118: 3010,3011,3117,3119,3226,3227
3119: 3012,3120,3011,3118,3227,3228
3120: 3012,3013,3119,3121,3228,3229
3121: 3014,3013,3120,3229,3230
3122: 
3123: 
3124: 3016,3017,3232,3233
8793: 8794,8906,8907
8656: 8769,8770,8657,8541,8542,8655
7415: 7296,7414,7297,7416,7532,7533
10166: 12855,10270
3129: 3021,3130,3237,3238
3130: 3131,3129,3238,3239
3131: 3130,3024,3239,3240
13138: 660
13134: 11689
3134: 
3135: 3136,3243,3244
3136: 3029,3135,3244,3245
7971: 7972,8088,7854,7855,7970,8087
7396: 7277,7278,7397,7395,7513,7514
9212: 9323,9213,9100,9101,9211
3140: 3032,3248
9147: 9035,9034,9146,9258,9148
8997: 9110,8998,8885,8996,9109,8884
10146: 
7601: 7483,7484,7602,7600,7718
13103: 
9115: 9002,9114,9226,9227
8883: 8995,8996,8884,8769,8770,8882
11187: 11094,11186,11188,11278,11277
8072: 7956,8073,7955,8071,8188,8189
10317: 10316,10419,10420,10318
12771: 12772,12737
8807: 8693,8694,8808,8806,8920,8921
9193: 
9329: 9438,9328,9218,9219,9439,9330
12114: 12041
7844: 7845,7843,7960,7961
10806: 10708,10807,10707,10805,10903,10904
7978: 7977,8094,7861,7862,7979
10625: 10524,10525,12824,10626,10725
9793: 9900,9901,9792,9684
9883: 9882,9989,9775,9990
8238: 8237,8353,8121,8122,8239,8354
9701: 9700,9592,9593
9976: 9870,9977,9869,10081,10082
3165: 
8911: 8912,9024,8797,8798,8910,9023
10591: 10491,10592,10691,10692
8777: 8663,8778,8664,8890,8891
9363: 9364,9253,9252,9472,9473
11291: 11290,11382,11200,11199
11451: 11452,11362
7731: 7849,7848,7730,7614,7613,7732
8680: 8565,8679,8566
3174: 
7488: 7489,7606,7605,7370,7371,7487
3176: 3396,3286,3067
8458: 8572,8457,8343,8459,8573
8588: 8589,8473,8587,13128
3179: 3288,3070,3180,3289
3180: 3289,3290,3179
8181: 8296,8064,8297
3182: 3292,3291,3074,3073
9315: 9316,9205,9424
3184: 3294,3293,3075,3185
3185: 3186,3295,3077,3294,3184
3186: 3185,3295,3077,3078,3187,3296
3187: 3296,3078,3079,3186
3188: 3189,3298,3079,3080
3189: 3298,3299,3188,3080,3081,3190
3190: 3191,3300,3081,3082,3189,3299
3191: 3190,3300,3301,3082,13136,3083,3192
3192: 3193,3084,3083,3191,3301
3193: 3192,3303,3084,3085,3194
3194: 3195,3304,3086,3085,3193,3303
3195: 3194,3304,3086,3087,3196,3305
3196: 3306,3305,3087,3088,3195
3197: 3198,3307,3088,3089
3198: 3307,3308,3197,3089,3090,3199
3199: 3200,3309,3090,3091,3198,3308
3200: 3199,3309,3310,3091,3092,3201
3201: 3202,3311,3092,3093,3200,3310
3202: 3201,3311,3093,3094,3203,3312
3203: 3204,3312,3313,3094,3095,3202
3204: 3203,3313,3095,3096,3205,3314
3205: 3314,3315,3096,3097,3204,3206
3206: 3207,3316,3097,3098,3205,3315
3207: 3317,3316,3206,3099,3098,3208
3208: 3209,3318,3099,3100,3317,3207
3209: 3208,3318,3319,3100,3210
3210: 3211,3320,3102,3209,3319
3211: 3210,3320,3102,3103
3212: 3322,3321,3104,3105,3213
3213: 3214,3323,3105,3106,3212,3322
3214: 3323,3324,3213,3106,3215
3215: 3216,3325,3214,3324
3216: 3215,3325,3326,3108,3217
3217: 3218,3327,3108,3109,3216
3218: 3217,3327,3109,3110,3219,3328
3219: 3220,3328,3329,3110,3111,3218
3220: 3219,3329,3111,3112,3221,3330
3221: 3222,3330,3331,3112,3113,3220
3222: 3221,3331,3113,3114,3223
3223: 3332,3333,3222,3443
3224: 3225,3334,3116,3333
3225: 3224,3334,3335,3116,3117,3226
3226: 3227,3336,3117,3118,3225,3335
3227: 3226,3336,3118,3119,3228,3337
3228: 3229,3337,3338,3119,3120,3227
3229: 3228,3338,3120,3121,3230,3339
3230: 3339,3340,3231,3121,3229
3231: 3230,3340
3232: 3342,3341,3124,3233
3233: 3234,3343,3124,3342,3232
3234: 3233,3343,3344
8454: 8453,8569,8338,8455
3236: 3345,3237,3346
3237: 3238,3346,3347,3129,3236
3238: 3237,3347,3129,3130,3239,3348
3239: 3348,3349,3131,3130,3238
3240: 3241,3350,3131,3349
3241: 3240,3350,3242
3242: 3243,3241
3243: 3242,3135,3244
3244: 3245,3354,3135,3136,3243
3245: 3244,3354,3136
12912: 
7376: 7258,7377,7257,7375,7493,7494
3248: 3140
10704: 10705,10803,10605,10703,10802
3250: 3359
7728: 7727,7610,7611,7729
3252: 
10491: 10591,10390,10592
8931: 8932,9044,8818,9043
11899: 
10506: 10507,10607,10404,10405,10505,10606
8215: 8216,8331,8098,8099,8214,8330
10383: 10281,10384,10280,10485
10917: 11012,11011,10819,10820,10916,10918
11553: 11552
9304: 13002,9414
8452: 8566,8567,8336,8337,8453
8543: 8544,8429,8542,8428,8657,8658
9013: 9125,9014,8900,8901,9012
12993: 
8651: 8537,8652,8650,8765,8764
11521: 
9582: 9472,9581,13115,9690
8311: 8196,8312,8195,8310,8426,8427
9140: 9252,9251,9028,12823,9141
8190: 8189,8305,8073,8074,8306
3272: 3273
3273: 3272,3384
9993: 9992,9994,9887
3275: 3385,3386
9103: 8990,8991,9102,9104
9658: 9657,9766,9550,9549,9659
10122: 10226,10016,10017,10123,10227
7771: 7770,7888,7653,7654,7772,7889
11737: 11736
3281: 3282,3391,3392
3282: 3281,3392
11625: 11709,11624
3284: 
12949: 
3286: 3176,3396,3287
3287: 3288,3286,3398
3288: 3179,3287,3289,3398,3399
3289: 3180,3290,3288,3179,3400,3399
3290: 3180,3289,3291,3400
3291: 3292,3182,3290,3402
3292: 3182,3291,3293,3402,3403
3293: 3294,3184,3292,3403,3404
3294: 3184,3293,3185,3295,3404,3405
3295: 3185,3186,3294,3296,3405,3406
3296: 3187,3186,3295,3406,3407
7742: 7741,7859,7860,7624,7625,7743
3298: 3189,3299,3188,3409,3408
3299: 3189,3298,3190,3300,3409,3410
3300: 3190,3191,3301,3299,3410,3411
3301: 3191,3300,3192,3411,3412
3302: 
3303: 3193,3194,3304,3413,3414
3304: 3194,3195,3303,3305,3414,3415
3305: 3196,3306,3195,3304,3415,3416
3306: 3196,3305,3416,3417
3307: 3198,3308,3197,3418
3308: 3198,3307,3199,3309,3418,3419
3309: 3199,3200,3310,3308,3419,3420
3310: 3200,3309,3201,3311,3420,3421
3311: 3201,3202,3310,3312,3421,3422
3312: 3203,3313,3202,3311,3422,3423
3313: 3203,3204,3312,3314,3423,3424
3314: 3205,3315,3204,3313,3424,3425
3315: 3205,3314,3316,3206,3425,3426
3316: 3317,3207,3206,3315,3426,3427
3317: 3207,3316,3208,3318,3427,3428
3318: 3208,3209,3319,3317,3428,3429
3319: 3209,3318,3210,3320,3429,3430
3320: 3210,3211,3319,3430
3321: 3212,3322,3431,3432
3322: 3212,3321,3323,3213,3432,3433
3323: 3214,3324,3213,3322,3434,3433
3324: 3214,3323,3215,3325,3434,3435
3325: 3215,3216,3326,3324,3435,3436
3326: 3216,3325,3327,3436,3437
3327: 3217,3218,3326,3328,3438
3328: 3219,3329,3218,3327,3438,3439
3329: 3219,3220,3328,3330,3439,3440
3330: 3221,3331,3220,3329,3440
3331: 3221,3222,3330,3332
3332: 3223,3331,3442,3443
3333: 3223,3224,3334,3443,3444
3334: 3224,3225,3335,3333,3444,3445
3335: 3225,3334,3226,3336,3445,3446
3336: 3226,3227,3335,3337,3446,3447
3337: 3228,3338,3227,3336,3447
3338: 3228,3229,3337,3339,3449
3339: 3230,3340,3229,3338,3449
3340: 3230,3339,3231,3451
3341: 3342,3232,3451,3452
3342: 3232,3341,3233,3343,3452,3453
3343: 3233,3234,3342,3344,3453
3344: 3345,3234,3343
3345: 3344,3236,3346,3456
3346: 3237,3347,3236,3345,3456
3347: 3237,3238,3346,3348,3458
3348: 3239,3349,3238,3347,3458,3459
3349: 3239,3348,3240,3350,3459,3460
3350: 3240,3241,3349,3460,3461
7961: 7962,8077,8078,7844,7845,7960
10036: 10035
8797: 8683,8796,8684,8798,8910,8911
3354: 3244,3245,3464
10001: 9895,10002,9894,10000,10106,10107
3356: 3466,3467
3357: 
7781: 7898,7780
3359: 3250
11347: 
7483: 7484,7601,7365,7366,7482,7600
9899: 9898,9900,9792,10005,10006
8567: 8452,8566,8568,8681,8682
3364: 3475
7778: 
9072: 
10885: 10979,10886
8470: 8355,8354,8469,8471,8584
3369: 
10737: 
3371: 
10726: 10825,10627,10626,10725
9746: 9638,9637,9745,9853
8544: 8429,8543,8430,8545,8658,8659
10326: 10325,10428,10429,10222,10223,10327
8339: 8338,8223,8224,8455,8340
9118: 9119,9230,9005,9006,9117,9229
8774: 8660,8773,8661,8775,8887,8888
8440: 8325,8439,8441
9053: 9166
8926: 9039,8813,8812,8927
3382: 
9213: 9323,9212,9102,9101
3384: 3273
3385: 3386,3275
3386: 3385,3275
3387: 
11016: 11109
3389: 3500
12049: 
3391: 3392,3503,3281
3392: 3391,3503,3281,3282,3504
7532: 7531,7649,7414,7415,7533,7650
12702: 
9705: 9706
3396: 3176,3286
12886: 
3398: 3510,3288,3287,3399
3399: 3400,3511,3288,3289,3398,3510
3400: 3511,3512,3399,3289,3290
3401: 
3402: 3514,3513,3292,3291,3403
3403: 3404,3515,3292,3293,3514,3402
3404: 3403,3515,3516,3294,3293,3405
3405: 3406,3517,3294,3295,3404,3516
3406: 3405,3517,3295,3296,3407,3518
3407: 3518,3296,3406
3408: 3409,3520,3298,3519
3409: 3520,3521,3408,3298,3299,3410
3410: 3411,3522,3299,3300,3409,3521
3411: 3410,3522,3523,3300,3301,3412
3412: 3413,3524,3301,3411,3523
3413: 3412,3524,3525,3303,3414
3414: 3415,3526,3303,3304,3413,3525
3415: 3414,3526,3304,3305,3416,3527
3416: 3417,3527,3528,3306,3305,3415
3417: 3416,3528,3306,3529
3418: 3530,3307,3308,3419
3419: 3420,3531,3308,3309,3418,3530
3420: 3419,3531,3532,3309,3310,3421
3421: 3422,3533,3310,3311,3420,3532
3422: 3421,3533,3311,3312,3423,3534
3423: 3424,3534,3535,3312,3313,3422
3424: 3423,3535,3313,3314,3425,3536
3425: 3536,3537,3314,3315,3424,3426
3426: 3427,3538,3315,3316,3425,3537
3427: 3426,3538,3539,3317,3316,3428
3428: 3429,3540,3317,3318,3427,3539
3429: 3428,3540,3541,3318,3319,3430
3430: 3542,3319,3320,3429,3541
3431: 3542,3321,3432,3543
3432: 3544,3543,3322,3321,3431,3433
3433: 3434,3545,3322,3323,3432,3544
3434: 3545,3546,3433,3323,3324,3435
3435: 3436,3547,3324,3325,3434,3546
3436: 3435,3547,3548,3325,3326,3437
3437: 3438,3549,3326,3436,3548
3438: 3437,3327,3328,3439
3439: 3440,3328,3329,3438
3440: 3439,3329,3330
10689: 10688,10690
3442: 3553,3332,3554
3443: 3554,3555,3223,3332,3333,3444
3444: 3445,3556,3333,3334,3443,3555
3445: 3444,3556,3334,3335,3446,3557
3446: 3447,3558,3557,3335,3336,3445
3447: 3446,3558,3336,3337,3559
3448: 
3449: 3560,3338,3339,3561
3450: 
3451: 3562,3340,3341
3452: 3563,3564,3342,3341,3453
3453: 3565,3342,3343,3452,3564
3454: 
7514: 7513,7631,7632,7396,7397,7515
3456: 3567,3345,3346
10651: 10751
3458: 3569,3347,3348,3459
3459: 3571,3348,3349,3458,3460
3460: 3461,13100,3349,3350,3459,3571
3461: 3460,3573,13100,3350
3462: 
10813: 10715,10814,10714,10812,10910,10911
3464: 3576,3354
8455: 8456,8340,8339,8454
3466: 3578,3467,3356
3467: 3466,3578,3356,3468
3468: 3467
8115: 7998,7999,8114,8116,8231,8232
8689: 8575,8574,8688,8802,8690
10614: 10513,10613,10615,10714
10829: 10730,10828,10731,10830,10926,10927
9449: 9339,9340,9450,9559
11484: 11571
3475: 3364
8362: 8245,8363,8361,8478
9698: 9699,9807,9589,9590,9806
11783: 11863
8460: 8459,8574,8344,8345,8461,8575
3480: 
10086: 10085,10190,9980
8128: 8011,8012,8127,8129
8084: 7967,8083,7968,8085,8200,8201
10645: 10544,10646,10744
11305: 
9420: 9529,9530,9419
8646: 
7843: 7844,7959,7960
7323: 
12239: 13135,12981
10965: 
12823: 9027,9028,9139,9140
8921: 8920,9033,9034,8807,8808,8922
10182: 10077,10181,10078,10183,10285
11949: 
8869: 8755,8756,8868,8870,8982,8981
3497: 
9900: 9901,9792,10007,9793,9899,10006
3499: 
3500: 3389,3610,3611
7944: 7828,7945,8061
7648: 7530,7647,7531,7649,7765,7766
3503: 3391,3392,3504
3504: 3505,3392,3503
3505: 3504,3506,3616
3506: 3507,13076,3505,3616
3507: 3506
9868: 9869,9974,9761,9867
9484: 9485,13046,9595,9703,9593
3510: 3398,3511,3399,3620
3511: 3400,3512,3399,3510
3512: 3400,3511,3513
3513: 3514,3402,3512
3514: 3402,3513,3403,3515
3515: 3403,3404,3516,3514,3626
3516: 3404,3515,3405,3517,3626,3627
3517: 3405,3406,3516,3518,3627,3628
3518: 3407,3519,3406,3517,3628,3629
3519: 3518,3520,3408,3629,3630
3520: 3409,3521,3408,3519,3630,3631
3521: 3409,3520,3410,3522,3631,3632
3522: 3410,3411,3523,3521,3632,3633
3523: 3411,3522,3412,3524,3633,3634
3524: 3412,3413,3525,3523,3634,3635
3525: 3413,3524,3414,3526,3635,3636
3526: 3414,3415,3525,3527,3636,3637
3527: 3416,3528,3415,3526,3637,3638
3528: 3416,3417,3527,3529,3638,3639
3529: 3417,3528,3639,3640
3530: 3418,3419,3531,3641
3531: 3419,3420,3532,3530,3641,3642
3532: 3420,3531,3421,3533,3642,3643
3533: 3421,3422,3532,3534,3643,3644
3534: 3423,3535,3422,3533,3644,3645
3535: 3423,3424,3534,3536,3645,3646
3536: 3425,3537,3424,3535,3646,3647
3537: 3425,3536,3426,3538,3647,3648
3538: 3426,3427,3539,3537,3648,3649
3539: 3427,3538,3428,3540,3649,3650
3540: 3428,3429,3541,3539,3650,3651
3541: 3429,3540,3430,3542,3651,3652
3542: 3430,3431,3653,3541,3652
3543: 3432,3544,3431,3653,3654
3544: 3432,3543,3545,3433,3654,3655
3545: 3434,3546,3433,3544,3656,3655
3546: 3434,3545,3435,3547,3656,3657
3547: 3435,3436,3548,3546,3657,3658
3548: 3436,3547,3437,3549,3658,3659
3549: 3437,3550,3548,3659,3660
3550: 3549,3551,3660,3661
3551: 3550,3552,3661,3662
3552: 3553,3551,3662,3663
3553: 3442,3552,3663,3664
3554: 3443,3555,3442,3665
3555: 3443,3554,3444,3556,3665,3666
3556: 3444,3445,3555,3557,3666,3667
3557: 3446,3558,3445,3556,3667,3668
3558: 3446,3447,3557,3559,3668,3669
3559: 3560,3447,3558,3669,3670
3560: 3449,3559,3561,3670,3671
3561: 3562,3449,3560,3671
3562: 3561,3451
3563: 3452,3564,3673,3674
3564: 3563,3452,3453,3565,3674,3675
3565: 3453,3564,3566,3675
3566: 3567,3565,3677
3567: 3456,3566,3677,3678
3568: 
3569: 3458,3679
3570: 
3571: 3459,3460,13100,3681
10227: 10123,10228,10226,10122,10330
3573: 3461,13100,3574,3684
3574: 3573,3684
7372: 7254,7373,7253,7371,7489,7490
3576: 3464,3686
3577: 
3578: 3466,3467
8438: 8553,8439
8923: 8809,8922,9035
8644: 8643,8757,8530,8645,8758
7777: 7894,7895,7659,7660,7776
7758: 7757,7875,7876,7640,7641,7759
3584: 3585,3694
3585: 3584,3695
10496: 10495,10596,10597,10395,10394,10497
11687: 
12904: 6607,6606,6725
3589: 
7983: 7982,8099,8100,7866,7867,7984
11192: 11099,11100,11191,11193,11283
8903: 8790,8789,8904,8902,9016
12227: 12294
7487: 7604,7486,7369,7370,7488,7605
3595: 
12997: 6628
9219: 9220,9107,9218,9329,9330
7511: 7510,7628,7393,7394,7629
7413: 7294,7412,7295,7414,7530,7531
10230: 10125,10229,10126,10231,10333,10334
10097: 10098,10203,10202
7547: 7548,7665,7664,7430,7429,7546
7835: 7718,7836,7717,7834,7951
3604: 
8314: 8198,8313,8199,8315,8429,8430
8795: 8681,8794,8682,8796,8908,8909
7521: 7639,7638,7520,7403,7404,7522
10875: 10777
3609: 3610,3720
3610: 3609,3500,3611
3611: 3723,3500,3610
9243: 9132,9242,9131,9244,9354,9353
7606: 7488,7489,7605,7607,7724
8823: 8709
10939: 10938,10841,10940
3616: 3505,3506
9492: 9491,9383,9602
3618: 3730
7754: 7871,7872,7753,7636,7637,7755
3620: 3732,3510
7411: 7292,7410,7293,7412,7528,7529
3622: 
3623: 
11533: 11447
8346: 8230,8461,8231,8347,8462
3626: 3737,3515,3516,3627,3738
3627: 3628,3739,3738,3516,3517,3626
3628: 3627,3739,3517,3518,3629,3740
3629: 3630,3740,3741,3519,3518,3628
3630: 3629,3741,3519,3520,3631,3742
3631: 3742,3743,3520,3521,3630,3632
3632: 3633,3744,3521,3522,3631,3743
3633: 3632,3744,3745,3522,3523,3634
3634: 3635,3746,3523,3524,3633,3745
3635: 3634,3746,3747,3524,3525,3636
3636: 3637,3748,3525,3526,3635,3747
3637: 3636,3748,3526,3527,3638,3749
3638: 3639,3749,3750,3527,3528,3637
3639: 3638,3750,3528,3529,3640,3751
3640: 3751,3752,3529,3639
3641: 3642,3753,3530,3531,3752
3642: 3641,3753,3531,3532,3643,3754
3643: 3644,3755,3754,3532,3533,3642
3644: 3643,3755,3533,3534,3645,3756
3645: 3646,3756,3757,3534,3535,3644
3646: 3645,3757,3535,3536,3647,3758
3647: 3758,3759,3648,3536,3537,3646
3648: 3647,3759,3537,3538,3649,3760
3649: 3761,3538,3539,3648,3650
3650: 3651,3762,3539,3540,3761,3649
3651: 3650,3762,3540,3541,3652
3652: 3541,3542,3653,3651
3653: 3542,3543,3652,3765
3654: 3765,3766,3544,3543,3655
3655: 3656,3767,3544,3545,3654,3766
3656: 3767,3768,3655,3545,3546,3657
3657: 3658,3769,3546,3547,3656,3768
3658: 3657,3769,3770,3547,3548,3659
3659: 3660,3771,3548,3549,3658,3770
3660: 3659,3771,3772,3549,3550,3661
3661: 3662,3773,3550,3551,3660,3772
3662: 3661,3773,3551,3552,3663,3774
3663: 3664,3774,3775,3553,3552,3662
3664: 3663,3775,3553,3776
3665: 3777,3554,3555,3666
3666: 3667,3779,3555,3556,3665
3667: 3666,3779,3556,3557,3668
3668: 3669,3558,3557,3667
3669: 3668,3558,3559,3670,3781
3670: 3782,3781,3671,3559,3560,3669
3671: 3670,3782,3560,3561,3783
10800: 10801,10702,10898,13031
3673: 3674,3785,3563
3674: 3673,3785,3786,3563,3564,3675
3675: 3787,3564,3565,3674,3786
7966: 8082,7965,7850,7967,8083
3677: 3678,3788,3789,3567,3566
3678: 3677,3789,3567,3679,3790
3679: 3569,3678
13094: 2149,2049,2050,2147
3681: 3793,3571
3682: 3794,13100
9500: 9499
3684: 3795,3573,3574
3685: 
3686: 3576
10135: 10028,10239,10134
8407: 8408,8521,8291,8292,8406
8219: 8335,8334,8102,8218
8422: 8537,8307,8306,8421
9006: 8893,8894,9007,9005,9119,9118
3692: 3804,3803,3693
3693: 3694,3804,3692
3694: 3584,3693
3695: 3807,3585
9160: 9272,9159,9047,9161
10419: 10316,10317,10420,10418,10520,10521
11838: 
9325: 9434,9435,9324,9215,9214,9326
9992: 9993,9885,9991
11365: 11364,11453,11454
11382: 11291,11471
11025: 
12248: 
10710: 
12172: 12241,13067,12173
8882: 8881,8994,8768,8769,8995,8883
9024: 8911,8912,9025,9023,9136,9137
8539: 8425,8540,8424,8538,8653,8654
8044: 
9116: 9117,9228,9003,9004
3712: 
8214: 8329,8330,8213,8097,8098,8215
3714: 3827
11167: 11166,11075
8063: 7947,8064,8062
7766: 7767,7884,7648,7649,7765,7883
13021: 
11028: 10933,11029
3720: 3609
8246: 
13083: 11480,11567,11392
3723: 3611,3835
9163: 9050,9162
10277: 12943,10379,10173,10276
3726: 3839
13072: 9963
8010: 8126,7893,7894,8011,8127
13109: 2237,2139
3730: 3618,3731,3843
3731: 3730,3843,3844
3732: 3620,3733
3733: 3734,3732,3846
3734: 3733,3735,3846,3847
3735: 3736,3734,3847,3848
3736: 3735,3737,3848,3849
3737: 3626,3736,3738,3849,3850
3738: 3627,3739,3737,3626,3850,3851
3739: 3627,3628,3738,3740,3851,3852
3740: 3629,3741,3628,3739,3852,3853
3741: 3629,3630,3740,3742,3853,3854
3742: 3631,3743,3630,3741,3854,3855
3743: 3631,3742,3632,3744,3855,3856
3744: 3632,3633,3745,3743,3857,3856
3745: 3633,3744,3634,3746,3857,3858
3746: 3634,3635,3747,3745,3858,3859
3747: 3635,3746,3636,3748,3859,3860
3748: 3636,3637,3747,3749,3860,3861
3749: 3638,3750,3637,3748,3861,3862
3750: 3638,3639,3749,3751,3862,3863
3751: 3640,3639,3750,3863,3864
3752: 3640,3641,3753,3865,3864
3753: 3641,3642,3865,3752,3754
3754: 3643,3755,3642,3753,3867
3755: 3643,3644,3754,3756,3867
3756: 3645,3757,3644,3755
3757: 3645,3646,3756,3758,3870
3758: 3647,3759,3646,3757,3870,3871
3759: 3647,3758,3648,3760,3871,3872
3760: 3873,3759,3648,3872
3761: 3649,3873,3650,3762
3762: 3650,3651,3761
3763: 3764,3875,3876
3764: 3763,3878,3765,3876,3877
3765: 3654,3878,3653,3764
3766: 3654,3878,3767,3655,3879
3767: 3656,3768,3655,3766,3879,3880
3768: 3656,3767,3657,3769,3880,3881
3769: 3657,3658,3770,3768,3881,3882
3770: 3658,3769,3659,3771,3882,3883
3771: 3659,3660,3772,3770,3883,3884
3772: 3660,3771,3661,3773,3884,3885
3773: 3661,3662,3772,3774,3885,3886
3774: 3663,3775,3662,3773,3886,3887
3775: 3663,3664,3774,3776,3887,3888
3776: 3777,3664,3775,3888
3777: 3665,3776,3778
3778: 3779,3777,3889,3890
3779: 3666,3667,3778
11097: 11098,11190,11004,11096
3781: 3670,3782,3669
3782: 3670,3781,3671,3783
3783: 3782,3671
3784: 
3785: 3673,3674,3786,3897,3898
3786: 3674,3785,3675,3787,3898,3899
3787: 3675,3786,3788,3899,3900
3788: 3677,3789,3787,3900,3901
3789: 3677,3678,3788,3790,3901,3902
3790: 3791,3678,3789,3902,3903
3791: 3790,3792,3903,3904
3792: 3793,3791,3904
3793: 3681,3792,3906
3794: 3682,3795
3795: 3684,3794
10795: 10695,10794,10697,10893
8899: 8786,8785,8900,9012
7466: 7583,12929
3799: 3912
10187: 10082,10186,10083,10290
7886: 7768,7769,7885,7887,8002,8003
3802: 3803
3803: 3804,3692,3802
3804: 3692,3803,3693
10539: 10639,10437,10438
3806: 3807,3918,3919
3807: 3695,3806,3919,3920
10023: 9916,10022,10128
7775: 7776,7893,7658,7892
10708: 10709,10806,10807,10608,10609,10707
8075: 7958,8074,7959,8076,8191,8192
3812: 
7767: 7766,7884,7649,7650,7768,7885
8195: 8194,8310,8078,8079,8196,8311
3815: 
11180: 11087,11179,11088,11181,11271,11272
10432: 10329,10330,10431,10433,10533,10534
8559: 8445,8560,8444,8674,8673,8558
8352: 8237,8353,8468,8236,8351,8467
10693: 10694,10792,10593,13063
12824: 10524,10625,10624,10724
8092: 7975,7976,8093,8208,8209,8091
9388: 9497
8031: 8030,8147
10632: 10531,10731
9311: 9201,9421
3827: 3714,3828
3828: 3827
3829: 
12371: 12981,12370,12433
7948: 7949
9105: 9216,8992,9104
10427: 10324,10426,10325,10428,10529
3834: 3835
3835: 3723,3834
7940: 8056,7939,13143,7824,7941
3837: 
8519: 8520,8633
3839: 3726,3840
3840: 3841,3839
3841: 3840,3954,3955
7988: 8104,8105,7987,7871,7872,7989
3843: 3957,3956,3731,3730,3844
3844: 3958,3731,3957,3843
8009: 8126,7892,7893,8008,8125
3846: 3960,3733,3734,3847
3847: 3848,3961,3734,3735,3846,3960
3848: 3847,3961,3962,3736,3735,3849
3849: 3850,3963,3736,3737,3848,3962
3850: 3849,3963,3737,3738,3851,3964
3851: 3852,3965,3964,3739,3738,3850
3852: 3851,3965,3739,3740,3853,3966
3853: 3854,3966,3967,3740,3741,3852
3854: 3853,3967,3741,3742,3855,3968
3855: 3968,3969,3742,3743,3854,3856
3856: 3857,3970,3743,3744,3855,3969
3857: 3971,3970,3856,3744,3745,3858
3858: 3859,3972,3745,3746,3971,3857
3859: 3858,3972,3746,3747,3860,3973
3860: 3861,3973,3974,3747,3748,3859
3861: 3860,3974,3748,3749,3862,3975
3862: 3863,3975,3976,3749,3750,3861
3863: 3862,3976,3750,3751,3977
3864: 3977,3978,3751,3752,3865
3865: 3753,3752,3864,3978,3866
3866: 3980,3979,3865,3978
3867: 3868,3755,3754
3868: 3867,3981,3869,3982
3869: 3870,3982,3983,3868
3870: 3869,3757,3758,3871,3984
3871: 3984,3985,3872,3758,3759,3870
3872: 3871,3985,3759,3760,3986
3873: 3761,3760,3986
3874: 3875,3988,3987
3875: 3874,3988,3763,3876,3989
3876: 3877,3990,3989,3764,3763,3875
3877: 3876,3990,3764,3878,3992,3991
3878: 3765,3766,3764,3877,3992
3879: 3992,3766,3767,3880,3993
3880: 3993,3994,3767,3768,3879,3881
3881: 3882,3995,3768,3769,3880,3994
3882: 3881,3995,3996,3769,3770,3883
3883: 3884,3997,3770,3771,3882,3996
3884: 3883,3997,3998,3771,3772,3885
3885: 3886,3999,3772,3773,3884,3998
3886: 3885,3999,4000,3773,3774,3887
3887: 3888,3774,3775,3886,4000
3888: 3887,4001,3775,3776
3889: 4002,4003,3778,3890
3890: 3891,4004,3778,3889,4003
3891: 3890,4004,3892,4005
3892: 3893,4006,4005,3891
3893: 3892,4006,3894,4007
3894: 4008,4007,3893
10499: 10397,10498,10599
3896: 4010,3897
3897: 3898,4011,3785,3896,4010
3898: 3897,4011,4012,3785,3786,3899
3899: 3900,4013,3786,3787,3898,4012
3900: 3899,4013,4014,3787,3788,3901
3901: 3902,4015,3788,3789,3900,4014
3902: 3901,4015,3789,3790,3903,4016
3903: 3904,4016,4017,3791,3790,3902
3904: 3903,4017,3791,3792,4018
9126: 9237,9238,9125,9014,9127
3906: 3793,4020
7613: 7614,7496,7495,7612,7731,7730
8310: 8194,8195,8309,8311,8425,8426
3909: 4022
7865: 7747,7864,7748,7866,7981,7982
9383: 9384,9272,9492
3912: 3799
9027: 12823,8914,8915,8801
8293: 
10646: 10546,10645
3916: 
9804: 9695,9803,9696,9911,9912
3918: 3806,3919
3919: 3920,3807,3806,3918
3920: 3919,3807
9540: 9430,9431,9648,9757,9541
11846: 11767
3923: 
11861: 
3925: 
8254: 8137,13084
8870: 8757,8871,8756,8869,8982,8983
3928: 
8406: 8520,8290,8291,8407,8521
11281: 11372,11190
8483: 8597
9432: 9433,9431,9542,9541
11329: 
10434: 10331,10433,10332,10536
9034: 8921,9033,9146,8922,9035,9147
12430: 
8126: 8009,8010,8243,8242,8125
3938: 
10734: 10733,10832,10634,10635,10833
9370: 9479,9369,9259,9260,9480,9371
13104: 10637,10738
7378: 7379,7260,7259,7377,7496,7495
10907: 10908,11002,10809,13116
10171: 12926,13069,10172
3945: 4060
11452: 11451,11364,11453
8461: 8345,8346,8460,8462,8575
9893: 9894,9999,10000,9785,9786,9892
11758: 12922
13145: 12257,12258,12323
3951: 3952,4065,4066
3952: 3953,3951,4067,4066
3953: 3952,3954,4067
3954: 3841,3955,3953
3955: 3841,3954,3956,4070
3956: 3957,3843,3955,4070,4071
3957: 3843,3956,3844,3958,4071
3958: 3844,3957,3959
3959: 4074,3958
3960: 3846,4074,3847,3961,4075
3961: 3847,3848,3962,4076,4075,3960
3962: 3848,3961,4076,3849,3963
3963: 3849,3850,4078,3962,3964
3964: 3851,3965,4079,3850,3963,4078
3965: 3851,3852,4080,4079,3964,3966
3966: 3853,3967,4081,3852,3965,4080
3967: 3853,3854,3966,4081,3968,4082
3968: 3855,3969,3854,3967,4082,4083
3969: 3855,3968,3970,3856,4083,4084
3970: 3857,3856,3969,4084
3971: 3857,3858,3972,4085,4086
3972: 3858,3859,3971,3973,4086,4087
3973: 3860,3974,3859,3972,4087,4088
3974: 3860,3861,3973,3975,4088,4089
3975: 3862,3976,3861,3974,4089,4090
3976: 3862,3863,3975,4090,4091
3977: 3864,3978,4092,3863
3978: 3864,3977,4092,3865,3866,3979
3979: 3980,3866,3978,4093,4094
3980: 3866,3979,3981,4094,4095
3981: 3868,3980,3982,4095,4096
3982: 3869,3983,3868,3981,4096,4097
3983: 3869,3982,3984,4097,4098
3984: 3871,3985,3870,3983,4099
3985: 3871,3984,3872,4099
3986: 4100,3873,3872
3987: 3874,3988,4101,4102
3988: 3874,3875,3987,3989,4102,4103
3989: 3876,3990,3875,3988,4103,4104
3990: 3876,3877,3989,3991,4104,4105
3991: 3992,3877,3990,4105,4106
3992: 3991,3879,3878,3877
3993: 3880,3994,3879,4108
3994: 3880,3993,3881,3995,4108,4109
3995: 3881,3882,3996,3994,4109,4110
3996: 3882,3995,3883,3997,4110,4111
3997: 3883,3884,3998,3996,4111,4112
3998: 3884,3997,3885,3999,4112,4113
3999: 3885,3886,4000,3998,4113,4114
4000: 3886,3999,3887,4114
4001: 3888,4002,4115,4116
4002: 3889,4003,4001,4117,4116
4003: 3889,4002,3890,4004,4117,4118
4004: 3890,3891,4003,4005,4118,4119
4005: 3892,4006,3891,4004,4119,4120
4006: 3892,3893,4005,4007,4120,4121
4007: 3894,4008,3893,4006,4121,4122
4008: 3894,4007,4122,4123
4009: 4010,4124,4123
4010: 3896,4009,3897,4011,4125
4011: 3897,3898,4012,4010,4125,4126
4012: 3898,4011,3899,4013,4126,4127
4013: 3899,3900,4014,4012,4127,4128
4014: 3900,4013,3901,4015,4128,4129
4015: 3901,3902,4014,4016,4129,4130
4016: 3903,4017,3902,4015,4130,4131
4017: 3903,3904,4016,4018,4131,4132
4018: 4019,3904,4017,4132,4133
4019: 4018,4133,4134
4020: 3906
8097: 7981,8098,7980,8096,8214,8213
4022: 3909,4136,4137
7722: 7839,7840,7723,7604,7721
8770: 8656,8769,8657,8771,8884,8883
7366: 7247,7248,7367,7365,7483,7484
8669: 8668,8782,8783,8555,8554,8670
4027: 
4028: 4142,4143
7793: 7675
11112: 11204,11205,11018,11019,11113
10987: 10986,10988,11080,13125
11395: 
10728: 
11001: 10906,11000,13116,11094,11095
10315: 10417,10418,10314,10316
12258: 13145
8291: 8292,8290,8406,8407
12006: 
4039: 4040
4040: 4039
7957: 7956,8073,7840,7841
8292: 8291,8177,8407,8408
7529: 7530,7647,7411,7412,7528,7646
7474: 7475,7592,7473
12413: 
10069: 9963,10173
8322: 8323,8206,8207,8321
9791: 9682,9683,9790,9792
10798: 10699,10799,10797,10895,10896
4050: 
8414: 8298,8299,8413,8528
8879: 8992,8880,8878,8991
9426: 9535,9316,9317,9427,9536
4054: 
9861: 
4056: 
8810: 8924,8811,8696,8697
8907: 9019,8906,8793,8794,8908,9020
7804: 
4060: 3945,4061
4061: 4062,4060
4062: 4061
9393: 9502,9503
7501: 7619,7618,7384,7383,7500,7502
4065: 4179,3951,4066
4066: 4067,3951,3952,4065,4179
4067: 4066,4181,3952,3953
4068: 
9574: 9464,9465,9573,9575,9682,9683
4070: 4071,4184,3955,3956,4183
4071: 4070,4184,4185,3957,3956
8116: 8000,8117,7999,8115,8232,8233
13113: 1204
4074: 3959,3960,4075,4188
4075: 3961,4076,3960,4074,4188,4189
4076: 3961,3962,4075,4190,4189
10825: 10726,10826,10922,10923
4078: 3963,4079,3964,4192,4191
4079: 3965,4080,3964,4078,4192,4193
4080: 3965,4079,3966,4081,4193,4194
4081: 3966,3967,4080,4195,4082,4194
4082: 4195,3967,4081,3968,4083,4196
4083: 4196,4197,4084,3968,3969,4082
4084: 4083,4197,3969,3970
4085: 4198,3971,4086,4199
4086: 4087,4200,4199,3971,3972,4085
4087: 4086,4200,3972,3973,4088,4201
4088: 4089,4201,4202,3973,3974,4087
4089: 4088,4202,3974,3975,4090,4203
4090: 4091,4203,4204,3975,3976,4089
4091: 4090,4204,3976,4205
4092: 3977,3978,4093
4093: 4094,4207,4092,3979,4206
4094: 4093,4207,4208,3980,3979,4095
4095: 4096,4209,3980,3981,4094,4208
4096: 4095,4209,4210,3981,3982,4097
4097: 4098,4211,3982,3983,4096,4210
4098: 4097,4211,3983,4099,4212
4099: 3984,3985,4098
4100: 3986,4101,4214
4101: 4215,4214,3987,4100,4102
4102: 4103,4216,3987,3988,4215,4101
4103: 4102,4216,3988,3989,4104,4217
4104: 4105,4218,4217,3990,3989,4103
4105: 4104,4218,3990,3991,4106,4219
4106: 4220,4219,3991,4105
10922: 11017,10825,10923
4108: 4222,3993,3994,4109
4109: 4110,4223,3994,3995,4108,4222
4110: 4109,4223,4224,3995,3996,4111
4111: 4112,4225,3996,3997,4110,4224
4112: 4111,4225,4226,3997,3998,4113
4113: 4114,4227,3998,3999,4112,4226
4114: 4113,4227,3999,4000
4115: 4229,4228,4001,4116
4116: 4117,4230,4001,4002,4115,4229
4117: 4230,4231,4116,4002,4003,4118
4118: 4119,4232,4003,4004,4117,4231
4119: 4118,4232,4233,4004,4005,4120
4120: 4121,4234,4006,4005,4119,4233
4121: 4120,4234,4006,4007,4122,4235
4122: 4236,4235,4008,4007,4121
4123: 4124,4237,4008,4009,4236
4124: 4237,4238,4123,4009,4125
4125: 4126,4239,4010,4011,4124
4126: 4125,4239,4240,4011,4012,4127
4127: 4128,4241,4012,4013,4126,4240
4128: 4127,4241,4242,4013,4014,4129
4129: 4130,4243,4014,4015,4128,4242
4130: 4129,4243,4244,4015,4016,4131
4131: 4132,4016,4017,4130,4244
4132: 4131,4245,4017,4018,4133
4133: 4246,4247,4134,4018,4019,4132
4134: 4133,4247,4019,4248
11265: 11266,11356,11355,11173,11081
4136: 4137,4022
4137: 4136,4022,4138,4251
4138: 4139,4251,4137
4139: 4138
8486: 8601
4141: 4254,4142
4142: 4028,4141,4143
4143: 4028,4142
9819: 9818,9926
4145: 4259
8796: 8682,8683,8797,8795,8909,8910
4147: 
9042: 8929,9155,9043,8930,9041
4149: 
8136: 8137,8019
7871: 7754,7872,7753,7988,7987
10826: 10827,10825,10924,10923
4153: 
8542: 8427,8541,8428,8543,8656,8657
8194: 8195,8309,8310,8077,8078,8193
9822: 
8078: 7961,7962,8077,8079,8194,8195
13098: 8744,8857
12801: 
8552: 8553,8551,8666,8667
12042: 12187,12906,11966
11645: 11560
4163: 
11631: 
4165: 
4166: 
10596: 10495,10496,10597,10595,10695
10520: 10521,10621,10418,10419,10519,10620
8981: 9094,8982,8868,8869,8980
13136: 2975,3082,3083,3191
9374: 9375,9264,9263,13016,13046
9063: 9176,9175,13060
7393: 7274,7392,7275,7510,7511
7963: 8080,7846,7847,7964
11080: 11173,11172,13125,10987,10986
11103: 11195,11102
4177: 
7419: 7420,7301,7418,7536,7537
4179: 4065,4066,4293,4294
9413: 13002,9630
4181: 4067,4182
4182: 4183,4181,4297
4183: 4182,4070,4184,4297,4298
4184: 4070,4071,4185,4183,4298
4185: 4071,4184,4300
8122: 8123,8006,8121,8005,8238,8239
4187: 4301,4302
4188: 4074,4075,4189,4304
4189: 4190,4305,4304,4076,4075,4188
4190: 4305,4189,4076,4191
4191: 4192,4078,4190
4192: 4191,4078,4079,4193
4193: 4080,4079,4192,4194
4194: 4195,4080,4081,4193
4195: 4082,4194,4081,4196,4309
4196: 4083,4197,4195,4082,4310
4197: 4083,4196,4084,4311
4198: 4085,4199,4312,4313
4199: 4086,4200,4198,4085,4313,4314
4200: 4086,4087,4199,4201,4314,4315
4201: 4088,4202,4087,4200,4315,4316
4202: 4088,4089,4201,4203,4316,4317
4203: 4090,4204,4089,4202,4317,4318
4204: 4090,4091,4203,4205,4318,4319
4205: 4206,4091,4204,4319
4206: 4205,4093,4207,4320,4321
4207: 4093,4094,4208,4206,4321,4322
4208: 4094,4207,4095,4209,4322,4323
4209: 4095,4096,4210,4208,4323
4210: 4096,4209,4097,4211,4325
4211: 4097,4098,4210,4212,4325,4326
4212: 4098,4211,4326,4327
11749: 
4214: 4215,4101,4100,4328,4329
4215: 4101,4214,4102,4216,4329,4330
4216: 4102,4103,4215,4217,4330,4331
4217: 4104,4218,4103,4216,4331,4332
4218: 4104,4105,4217,4219,4332,4333
4219: 4106,4220,4105,4218,4333,4334
4220: 4106,4219,4221,4334,4335
4221: 4222,4220,4335,4336
4222: 4108,4221,4109,4223,4337
4223: 4109,4110,4224,4222,4337,4338
4224: 4110,4223,4111,4225,4338,4339
4225: 4111,4112,4226,4224,4339,4340
4226: 4112,4225,4113,4227,4340,4341
4227: 4113,4114,4342,4226,4341
4228: 4115,4229,4342,4343
4229: 4115,4228,4230,4116,4343,4344
4230: 4117,4231,4116,4229,4345,4344
4231: 4117,4230,4118,4232,4345,4346
4232: 4118,4119,4233,4231,4346,4347
4233: 4119,4232,4120,4234,4347,4348
4234: 4120,4121,4233,4235,4348,4349
4235: 4122,4121,4234,4349,4350
4236: 4122,4237,4123,4350,4351
4237: 4124,4238,4123,4236,4351,4352
4238: 4124,4237,4239,4352
4239: 4125,4126,4240,4354,4238
4240: 4126,4239,4354,4127,4241
4241: 4127,4128,4242,4240
4242: 4128,4241,4129,4243,4356
4243: 4129,4130,4244,4242,4357
4244: 4130,4243,4131,4358
4245: 4132,4246,4359,4360
4246: 4133,4247,4245,4360,13105
4247: 4133,4246,4134,4248,13105,4362
4248: 4247,4134,4362,4363
8025: 8026,7908,8024
8686: 8572,8571,8685,8800
4251: 4138,4137
4252: 
10990: 10895,10896,10989,11083
4254: 4141
11075: 11167,10981,10982,11076
7982: 7983,8099,7865,7866,7981,8098
11864: 11863,11941
13070: 
4259: 4145
9877: 9878,9983,9984,9770,9769
4261: 
8876: 8762,8763,8875,8877,8988,8989
8857: 8856,13098
9005: 8892,9004,8893,9006,9117,9118
11736: 11652,11735,11737
4266: 
7642: 7524,7525,7641,7643,7759,7760
8130: 8013,8129,8014,8131
7859: 7741,7742,7860,7858,7975,7976
4270: 
9460: 9459,9569,9350,9461,9351,9570
9156: 
11557: 
7473: 7472,7590,7474
10531: 10632,10429,10430,10530
10998: 10904,10999,10903,13068
10971: 10972
7515: 7633,7397,7514,7632
9416: 9417
11026: 10932,12939
7825: 7707,7826,7824,7941,7942
9233: 9121,9232,9343,9122,9234,9344
7847: 7729,7846,7964,7963
4284: 
4285: 
8546: 8431,8545,8432,8547,8660,8661
10084: 10083,10188,10189,10085
11696: 11777,11778
9440: 9439,9330,9441,9550,9549
8792: 8678,8679,8905,8791
11391: 11392,11390,11300,11480
4292: 4293
4293: 4179,4292,4294
4294: 4179,4293
13087: 9399
9092: 8980,9203
4297: 4413,4412,4183,4182,4298
4298: 4414,4183,4184,4413,4297
4299: 
4300: 4301,4416,4185,4415
4301: 4300,4416,4417,4187,4302
4302: 4303,4187,4301,4417
4303: 4302,4418,4304
4304: 4305,4189,4188,4303
4305: 4190,4189,4304
12847: 12864
4307: 4423,4422
10021: 9914,9915,10022,10020,10126
4309: 4425,4195,4310
4310: 4311,4426,4196,4425,4309
4311: 4426,4427,4310,4197,4312
4312: 4313,4428,4198,4311,4427
4313: 4312,4428,4198,4199,4314,4429
4314: 4315,4430,4429,4200,4199,4313
4315: 4314,4430,4200,4201,4316,4431
4316: 4317,4431,4432,4201,4202,4315
4317: 4316,4432,4202,4203,4318,4433
4318: 4433,4434,4319,4203,4204,4317
4319: 4318,4434,4204,4205,4320
4320: 4435,4436,4206,4319,4321
4321: 4322,4437,4206,4207,4320,4436
4322: 4321,4437,4438,4207,4208,4323
4323: 4439,4208,4209,4322,4438
11275: 
4325: 4326,4441,4210,4211,4440
4326: 4325,4441,4211,4212,4327,4442
4327: 4442,4443,4212,4326
4328: 4329,4444,4214,4443
4329: 4328,4444,4445,4215,4214,4330
4330: 4331,4446,4215,4216,4329,4445
4331: 4330,4446,4447,4216,4217,4332
4332: 4333,4448,4218,4217,4331,4447
4333: 4332,4448,4218,4219,4334,4449
4334: 4335,4449,4450,4220,4219,4333
4335: 4334,4450,4220,4221,4336,4451
4336: 4451,4452,4337,4221,4335
4337: 4336,4222,4223,4338,4453
4338: 4454,4453,4223,4224,4337,4339
4339: 4340,4455,4224,4225,4454,4338
4340: 4339,4455,4456,4225,4226,4341
4341: 4226,4227,4340,4456
4342: 4227,4228
4343: 4459,4458,4229,4228,4344
4344: 4345,4460,4229,4230,4343,4459
4345: 4460,4461,4344,4230,4231,4346
4346: 4347,4462,4231,4232,4345,4461
4347: 4346,4462,4463,4232,4233,4348
4348: 4349,4464,4233,4234,4347,4463
4349: 4348,4464,4234,4235,4350,4465
4350: 4351,4465,4466,4236,4235,4349
4351: 4350,4466,4236,4237,4352,4467
4352: 4467,4468,4237,4238,4351
4353: 
4354: 4239,4240
10623: 10624,10722,10723
4356: 4471,4242,4357,4472
4357: 4358,4472,4473,4243,4356
4358: 4357,4473,4244,4359,4474
4359: 4474,4360,4245,4358
4360: 4359,4245,4246,13105,4476
9133: 9244,9245,9020,9021,9132,9134
4362: 4363,4478,4247,4248,13105,4477
4363: 4362,4478,4479,4248,4364
4364: 4365,4480,4363,4479
4365: 4364,4480,4481
11612: 
7395: 7276,7394,7277,7396,7512,7513
10905: 10904,10999,10807,10808,10906,11000
7599: 7481,7482,7600,7598,7716
7945: 8061,7828,7829,7944
9008: 8895,8896,9009,9007,9120,9121
9757: 9648,9540,9541,13091
8687: 8800,8572,8573,8688,8801
11721: 11637,11802
4375: 4491
7789: 
9240: 9128,9239,9350,9351
4378: 4494
9569: 9459,9460,9570,9677,9678,9568
9355: 9464,9465,9244,9245,9354,9356
9354: 9463,9353,9243,9244,9464,9355
10337: 10439
13105: 4476,4477,4246,4247,4360,4362
7869: 7870,7751,7868,7985,7986
8884: 8996,8883,8770,8771,8997,8885
7760: 7759,7877,7642,7643,7761,7878
7403: 7284,7285,7404,7402,7521,7520
9015: 8902,9016,9014,9127,9128
8681: 8794,8795,8567,8682
4390: 
9239: 9127,9128,9240,9238,9350,9349
12107: 12108
4393: 
9971: 9864,9865,9972,9970,10076,10077
4395: 
9230: 9341,9119,9231,9340,9118,9229
10412: 10309,10310,10413,10514
8342: 8341,8457,8227,8226,8343
10595: 10494,10495,10596,10694,10695
11082: 11081,13033,10989,11083
9461: 9352,9351,9571,9570,9460
8200: 8316,8315,8084,8083,8199,8201
8666: 8667,8780,8551,8552,8665,8779
7517: 7635,7634,7400,7399,7516,7518
4405: 4520,4521
9497: 9388
4407: 
8574: 8459,8460,8573,8575,8689,8688
4409: 
11199: 11200,11107,11290,11291
8080: 7963,8079,8196,8197
4412: 4413,4297
4413: 4297,4412,4298,4414,4529
4414: 4298,4415,4413,4529,4530
4415: 4414,4300,4416,4530,4531
4416: 4300,4301,4417,4415,4531,4532
4417: 4301,4416,4302,4532
4418: 4303,4419,4533,4534
4419: 4420,4418,4535,4534
4420: 4419,4421,4535,4536
4421: 4422,4420,4536,4537
4422: 4421,4307,4423,4537,4538
4423: 4307,4422,4424,4538,4539
4424: 4423,4539,4540
4425: 4309,4426,4310,4541
4426: 4311,4427,4310,4541,4542,4425
4427: 4311,4426,4542,4312,4428,4543
4428: 4312,4313,4427,4429,4544,4543
4429: 4314,4430,4313,4428,4544,4545
4430: 4314,4315,4429,4546,4431,4545
4431: 4316,4432,4547,4315,4430,4546
4432: 4316,4317,4431,4548,4547,4433
4433: 4318,4549,4434,4317,4432,4548
4434: 4318,4549,4433,4319,4435,4550
4435: 4320,4436,4434,4551,4550
4436: 4320,4435,4321,4437,4551,4552
4437: 4321,4322,4438,4436,4552,4553
4438: 4322,4437,4323,4439,4553,4554
4439: 4323,4440,4438,4554,4555
4440: 4439,4325,4441,4555,4556
4441: 4325,4326,4440,4442,4556,4557
4442: 4327,4558,4326,4441,4557
4443: 4327,4558,4328,4444,4559
4444: 4328,4329,4445,4559,4560,4443
4445: 4329,4444,4560,4330,4446,4561
4446: 4330,4331,4447,4445,4561,4562
4447: 4331,4446,4332,4448,4562,4563
4448: 4332,4333,4447,4449,4564,4563
4449: 4334,4450,4333,4448,4564,4565
4450: 4334,4335,4449,4451,4565,4566
4451: 4336,4452,4335,4450,4566,4567
4452: 4336,4451,4453,4567,4568
4453: 4454,4338,4452,4337,4568
4454: 4338,4453,4339,4455,4569
4455: 4339,4340,4456,4454,4570
4456: 4340,4455,4341,4571
11161: 11069,11162
4458: 4343,4459,4574,4573
4459: 4343,4458,4460,4344,4574,4575
4460: 4345,4461,4344,4459,4576,4575
4461: 4345,4460,4346,4462,4576,4577
4462: 4346,4347,4463,4461,4577,4578
4463: 4347,4462,4348,4464,4578,4579
4464: 4348,4349,4463,4465,4579,4580
4465: 4350,4466,4349,4464,4580,4581
4466: 4350,4351,4465,4467,4581,4582
4467: 4352,4468,4351,4466,4582,4583
4468: 4352,4467,4469,4583,4584
4469: 4470,4468,4584,4585
4470: 4469,4585,4586
4471: 4356,4472,4587
4472: 4357,4473,4471,4356,4587,4588
4473: 4357,4358,4472,4474,4588,4589
4474: 4359,4358,4473,4589
4475: 
4476: 13105,4477,4360,4591,4592
4477: 13105,4476,4362,4478,4592,4593
4478: 4362,4363,4479,4477,4593,4594
4479: 4363,4478,4364,4480,4594
4480: 4364,4365,4481,4479,4596
4481: 4365,4480,4596,4597
10183: 10078,10079,10182,10184
4483: 4484
4484: 4483,4600,4485
4485: 4601,4600,4484
9123: 9122,9234,9010,9011,9235,9124
4487: 13095
4488: 13095,4603,4604
10679: 10678,10777
11004: 10909,10910,11005,11097,11098
4491: 4375,4608,4607
12155: 12154
9026: 8913,9025,9138,9139
4494: 13114,4378,4609
11183: 13068,11091,11182,11184
9724: 9725
9444: 9443,9553,9334,9335,9445
4498: 
10113: 10112,10217,10007,10008,10114,10218
10173: 10172,10069,10276,10277
9099: 9100,8986,8987,9098,9210,9211
10718: 10717,10816,10618,10619,10817
4503: 
11172: 11173,11080,11171
7895: 7777,7894,7896,8011,8012
11689: 13134,11771
7377: 7258,7376,7378,7259,7494,7495
9808: 9700,9809,9699,9807,9915,9916
10355: 
9664: 9665,9773,9556,9555,9663,9772
7974: 7973,8090,8091,7857,7858,7975
9016: 9015,8903,8904,9017,9129
4513: 
10981: 10886,10982,11075
8256: 8372,8139,8140,8371
8363: 8364,8362,8478
4517: 12931,13007
8983: 9095,9096,8870,8871,8982,8984
10607: 10506,10507,10606,10608,10706,10707
4520: 4521,4636,4405
4521: 4520,4636,4405
4522: 4638
13123: 2582,2685,2583,2686
8892: 9004,9005,8891,8778,8779,8893
9549: 9657,9658,9550,9548,9439,9440
7874: 7756,7873,7757,7875,7990,7991
8493: 8492,8494
8512: 
4529: 4530,4645,4413,4414,4644
4530: 4529,4645,4646,4414,4415,4531
4531: 4532,4647,4415,4416,4530,4646
4532: 4531,4647,4416,4417
4533: 4648,4649,4418,4534
4534: 4535,4650,4418,4419,4533,4649
4535: 4651,4650,4534,4420,4419,4536
4536: 4537,4652,4420,4421,4651,4535
4537: 4536,4652,4653,4422,4421,4538
4538: 4539,4654,4422,4423,4537,4653
4539: 4538,4654,4423,4424,4540,4655
4540: 4656,4655,4424,4539
4541: 4426,4542,4425,4657
4542: 4426,4427,4541,4657,4658,4543
4543: 4659,4544,4427,4542,4428,4658
4544: 4659,4543,4428,4429,4545,4660
4545: 4661,4660,4430,4429,4546,4544
4546: 4430,4431,4547,4545,4661,4662
4547: 4431,4432,4548,4546,4662,4663
4548: 4432,4547,4549,4433,4663,4664
4549: 4433,4434,4548,4665,4664,4550
4550: 4551,4666,4549,4434,4435,4665
4551: 4666,4667,4550,4435,4436,4552
4552: 4553,4668,4436,4437,4551,4667
4553: 4552,4668,4669,4437,4438,4554
4554: 4555,4670,4438,4439,4553,4669
4555: 4554,4670,4671,4440,4439,4556
4556: 4557,4672,4440,4441,4555,4671
4557: 4556,4672,4441,4442,4673
4558: 4442,4443,4559,4674,4673
4559: 4444,4560,4443,4558,4674,4675
4560: 4444,4445,4559,4676,4675,4561
4561: 4562,4677,4445,4560,4446,4676
4562: 4561,4677,4678,4446,4447,4563
4563: 4564,4447,4448,4562,4678
4564: 4563,4448,4449,4565
4565: 4566,4680,4449,4450,4564
4566: 4565,4680,4681,4450,4451,4567
4567: 4682,4683,4451,4452,4566,4681
4568: 4569,4684,4452,4453,4683
4569: 4568,4684,4454,4570,4685
4570: 4571,4686,4685,4455,4569
4571: 4570,4686,4456,4572,4687
4572: 4687,4688,4571,4573
4573: 4574,4689,4458,4572,4688
4574: 4690,4689,4573,4459,4458,4575
4575: 4576,4691,4459,4460,4574,4690
4576: 4691,4692,4575,4460,4461,4577
4577: 4578,4693,4461,4462,4576,4692
4578: 4577,4693,4694,4462,4463,4579
4579: 4580,4695,4463,4464,4578,4694
4580: 4579,4695,4464,4465,4581,4696
4581: 4582,4696,4697,4465,4466,4580
4582: 4581,4697,4466,4467,4583,4698
4583: 4698,4699,4584,4467,4468,4582
4584: 4583,4699,4468,4469,4585,4700
4585: 4701,4700,4470,4469,4584,4586
4586: 4702,4470,4701,4585
4587: 4471,4472,4588,4703
4588: 4589,4703,4704,4472,4473,4587
4589: 4588,4704,4473,4474,4705
4590: 
4591: 4706,4476,4592,4707
4592: 4707,4708,4476,4477,4591,4593
4593: 4594,4709,4477,4478,4592,4708
4594: 4593,4709,4710,4478,4479
8531: 8416,8417,8530,8532,8645
4596: 4712,4711,4480,4481,4597
4597: 4829,4713,4481,4712,4596
7607: 7490,7608,7489,7606
7432: 7431,7550
4600: 4601,4485,4484,4715
4601: 4600,4485
13052: 1431,1430,1520
4603: 13095,4488,4604,4719
4604: 4720,4719,4488,4603
4605: 
7550: 7667,7432
4607: 4722,4491,4608,4723
4608: 4491,4607
4609: 4610,4494,13114
4610: 4609,13114
10468: 
9211: 9210,9100,9099,9212
10438: 10335,10437,10539
11173: 11080,11172,13125,11081,11265
10276: 10172,10173,10277,10379
7420: 7301,7419,7302,7421,7537,7538
8853: 8740
9331: 9220,9332,9221,9330,9441
11266: 11265,11356,11267,11357
8323: 8322,8207,8208,8324
12106: 
9786: 9677,9678,9785,9787,9893,9894
10125: 10230,10229,10020,10124,10126
10857: 
9730: 9838
8506: 
10763: 13035
8067: 7950,8066,7951,8068
4629: 
9007: 8894,9006,8895,9008,9119,9120
10586: 10485,10486,10587,10686
12977: 
11715: 13096,11630
8691: 8692,8805,8576,8577,8690,8804
4635: 
4636: 4520,4521,4752
10020: 9913,9914,10021,10125,10126
4638: 4522,4639
4639: 4640,4638,4756
4640: 4639,4641,4756,4757
4641: 4640,4758,4757
9112: 8999,9000,9111,9113,9223,9224
8023: 8024,8140,8022,8139
4644: 4529,4645,4760
4645: 4529,4530,4646,4644,4761
4646: 4530,4645,4531,4647,4762
4647: 4531,4532,4646,4763
4648: 4533,4649,4764
4649: 4533,4648,4650,4534,4766
4650: 4651,4535,4534,4649,4767,4766
4651: 4535,4650,4536,4652,4767,4768
4652: 4536,4537,4653,4651,4768,4769
4653: 4537,4652,4538,4654,4769,4770
4654: 4538,4539,4653,4655,4770,4771
4655: 4540,4656,4539,4654,4771,4772
4656: 4540,4655,4772,4773
4657: 4774,4658,4541,4542
4658: 4657,4542,4775,4659,4543
4659: 4776,4775,4544,4543,4658,4660
4660: 4545,4661,4777,4776,4659,4544
4661: 4778,4545,4660,4777,4546,4662
4662: 4779,4663,4546,4547,4778,4661
4663: 4779,4780,4662,4548,4547,4664
4664: 4665,4781,4548,4549,4780,4663
4665: 4664,4781,4549,4666,4550,4782
4666: 4551,4667,4550,4782,4665,4783
4667: 4551,4666,4552,4668,4783,4784
4668: 4552,4553,4669,4667,4784,4785
4669: 4553,4668,4554,4670,4785,4786
4670: 4554,4555,4671,4669,4786,4787
4671: 4555,4670,4556,4672,4787,4788
4672: 4556,4557,4671,4788,4789
4673: 4674,4790,4558,4557
4674: 4673,4558,4559,4675
4675: 4676,4792,4559,4560,4674
4676: 4675,4792,4560,4561,4677,4793
4677: 4561,4562,4678,4676,4793,4794
4678: 4562,4677,4563,4794,4795
12225: 12291
4680: 4565,4566,4681,4797
4681: 4566,4680,4567,4682,4798
4682: 4567,4683,4681,4799
4683: 4567,4682,4568,4684,4800
4684: 4568,4569,4800,4801,4683,4685
4685: 4570,4686,4802,4569,4684,4801
4686: 4570,4571,4685,4802,4803,4687
4687: 4572,4688,4804,4571,4686,4803
4688: 4572,4687,4804,4805,4689,4573
4689: 4574,4690,4573,4688,4805,4806
4690: 4574,4689,4691,4575,4806,4807
4691: 4576,4692,4575,4690,4808,4807
4692: 4576,4691,4577,4693,4808,4809
4693: 4577,4578,4694,4692,4810,4809
4694: 4578,4693,4579,4695,4810,4811
4695: 4579,4580,4694,4696,4811,4812
4696: 4581,4697,4580,4695,4812,4813
4697: 4581,4582,4696,4698,4813,4814
4698: 4583,4699,4582,4697,4814,4815
4699: 4583,4698,4584,4700,4815,4816
4700: 4701,4585,4699,4584,4816,4817
4701: 4585,4700,4586,4702,4817,4818
4702: 4586,4819,4701,4818
4703: 4588,4704,4587,4819,4820
4704: 4588,4589,4703,4705,4820,4821
4705: 4706,4589,4704,4821,4822
4706: 4591,4705,4707,4822,4823
4707: 4592,4708,4591,4706,4823,4824
4708: 4592,4707,4593,4709,4824,4825
4709: 4593,4594,4710,4708,4825,4826
4710: 4594,4709,4711,4826,4827
4711: 4712,4596,4710,4827
4712: 4596,4711,4597,4829
4713: 4597,4830,4829
7630: 7512,7513,7631,7747,7748
4715: 4600
13027: 13065,1317,1406
4717: 
8333: 8217,8218,8332,8334,8448,8449
4719: 4604,4720,4603,4836
4720: 4604,4719
9968: 9969
4722: 4607,4723
4723: 4722,4607,4840
7708: 
9843: 
8453: 8454,8568,8337,8338,8452
10799: 10798,10896
10264: 10263
9470: 9579,9580,9361,9360,9469,9471
9028: 12823,8916,9029,9140,9141
4731: 
12905: 12618
8476: 8590,8360,8245,8591,8361
4734: 
10687: 
11362: 11271,11361,11272,11451
7985: 7984,8101,7868,7869,7986,8102
9207: 9317,9318,9095,9096,9208
10943: 
4740: 13059
9669: 9668,9777,9560,9561,9670,9778
10832: 10733,10734,10833,10929
10003: 9896,9897,10002,10108,10109
10413: 10311,10414,10310,10412,10514
4745: 
8742: 8855,8856
8986: 9099,8987,8873,9098,8985
8218: 8217,8333,8101,8102,8219,8334
8906: 9019,9018,8907,8793
12060: 
8562: 8447,8561,8676,8448,8563,8677
4752: 4636,4868
8030: 8031,8147
11636: 11637
7659: 7660,7658,7776,7777
4756: 4873,4639,4640,4757
4757: 4758,4640,4641,4756,4873
4758: 4757,4641,4759
4759: 4760,4876,4758
4760: 4759,4876,4877,4644
4761: 4762,4878,4645,4877
4762: 4761,4878,4646,4763,4879
4763: 4880,4879,4764,4647,4762
4764: 4763,4880,4648,4881
7998: 7999,8115,7881,7882,7997,8114
4766: 4767,4883,4649,4650,4882
4767: 4884,4883,4766,4651,4650,4768
4768: 4769,4885,4651,4652,4884,4767
4769: 4768,4885,4886,4652,4653,4770
4770: 4771,4887,4653,4654,4769,4886
4771: 4770,4887,4888,4654,4655,4772
4772: 4773,4889,4656,4655,4771,4888
4773: 4772,4889,4656,4774,4890
4774: 4657,4773
4775: 4776,4659,4658
4776: 4775,4659,4660,4777,4893
4777: 4778,4661,4660,4776,4893,4894
4778: 4661,4777,4779,4662,4894,4895
4779: 4780,4662,4663,4778,4895,4896
4780: 4779,4663,4664,4781,4896,4897
4781: 4665,4664,4780,4782,4898,4897
4782: 4666,4665,4781,4898,4783,4899
4783: 4899,4900,4666,4667,4782,4784
4784: 4785,4901,4667,4668,4783,4900
4785: 4784,4901,4902,4668,4669,4786
4786: 4787,4903,4669,4670,4785,4902
4787: 4786,4903,4904,4670,4671,4788
4788: 4789,4905,4671,4672,4787,4904
4789: 4788,4905,4672,4790,4906
4790: 4673,4789
13065: 13027,1408
4792: 4676,4675,4909,4908,4793
4793: 4794,4910,4676,4792,4677,4909
4794: 4793,4910,4677,4678,4795,4911
4795: 4796,4912,4911,4678,4794
4796: 4795,4912,4797,4913
4797: 4798,4913,4914,4680,4796
4798: 4797,4914,4681,4799,4915
4799: 4915,4916,4682,4798
4800: 4684,4801,4683,4917
4801: 4684,4800,4685,4802,4917,4918
4802: 4686,4685,4803,4801,4919,4918
4803: 4686,4802,4687,4804,4919,4920
4804: 4687,4688,4805,4803,4920,4921
4805: 4688,4804,4689,4921,4806,4922
4806: 4923,4922,4805,4690,4689,4807
4807: 4924,4808,4690,4691,4806,4923
4808: 4925,4924,4807,4691,4692,4809
4809: 4810,4926,4692,4693,4925,4808
4810: 4927,4926,4809,4693,4694,4811
4811: 4812,4928,4694,4695,4927,4810
4812: 4811,4928,4695,4696,4813,4929
4813: 4814,4929,4930,4696,4697,4812
4814: 4813,4930,4697,4698,4815,4931
4815: 4931,4932,4816,4698,4699,4814
4816: 4815,4932,4699,4700,4817,4933
4817: 4934,4933,4818,4701,4700,4816
4818: 4817,4934,4701,4702
4819: 4702,4703,4935,4820
4820: 4821,4937,4819,4703,4704
4821: 4820,4937,4704,4705,4822,4938
4822: 4823,4938,4939,4705,4706,4821
4823: 4822,4939,4706,4707,4824,4940
4824: 4940,4941,4825,4707,4708,4823
4825: 4824,4941,4708,4709,4826,4942
4826: 4943,4942,4709,4710,4825,4827
4827: 4944,4710,4711,4943,4826
9682: 9683,9791,9573,9574,9681
4829: 4597,4830,4713,4712
4830: 4829,4713,4947
8360: 8475,8245,8476
7583: 7466
4833: 
8915: 8801,8802,9027,8916
4835: 4952,4836
4836: 4953,4719,4952,4835
8317: 8201,8202,8316,8432
7573: 
4839: 
4840: 4956,4957,4723
8537: 8651,8422,8423,8652
7625: 7507,7624,7508,7626,7742,7743
4843: 
7373: 7254,7255,7372,7374,7490,7491
10630: 10529,10530,10629,10729,10730
11169: 11076,11077,11170,13043,11261
9372: 9261,9373,9371
8059: 7942,8058,8176
7995: 7879,7878,7994,8111
9095: 9096,8983,9094,8982,9207
10534: 10533,10634,10432,10433,10635
11856: 11777
9538: 9429
11276: 11185,11184
9782: 9673,9674,9783,9889,9890
4856: 
9471: 9472,9581,9361,9362,9470,9580
13003: 11869
8564: 8450,8565,8679,8449,8563,8678
9150: 9037,9149,9262
8778: 8665,8779,8664,8777,8892,8891
4862: 12921
4863: 
4864: 
7856: 7738,7855,7739,7857,7972,7973
11997: 11922
8748: 8747,8862
4868: 4752
11246: 
10111: 10110,10215,10005,10112,10216,10006
4871: 4988,4987,12919
8449: 8448,8563,8333,8334,8450,8564
4873: 4756,4757,4990
9956: 
7369: 7251,7370,7250,7368,7487,7486
4876: 4759,4760,4877,4992,4993
4877: 4760,4876,4993,4761,4994
4878: 4761,4762,4994,4879,4995
4879: 4763,4880,4762,4878,4995,4996
4880: 4763,4879,4764,4881,4997,4996
4881: 4882,4880,4764,4997,4998
4882: 4881,4883,4766,4998,4999
4883: 4884,4767,4766,4882,4999,5000
4884: 4767,4883,4768,4885,5000,5001
4885: 4768,4769,4886,4884,5001,5002
4886: 4769,4885,4770,4887,5002,5003
4887: 4770,4771,4888,4886,5003,5004
4888: 4771,4887,4772,4889,5004,5005
4889: 4772,4773,4888,4890,5006,5005
4890: 4773,4889,5006,5007
11283: 11374,11192,11191
4892: 4893,5009,5010
4893: 4894,4776,4777,4892,5010
4894: 4893,5011,4778,4777,4895
4895: 5012,4896,4778,4779,5011,4894
4896: 5013,5012,4895,4779,4780,4897
4897: 4898,5014,4780,4781,5013,4896
4898: 5014,4897,5015,4781,4782,4899
4899: 4783,4900,5016,4782,4898,5015
4900: 4783,4899,5016,4784,4901,5017
4901: 4784,4785,4902,5018,5017,4900
4902: 4785,4901,5018,4786,4903,5019
4903: 4786,4787,5019,4904,4902,5020
4904: 4787,4903,4788,4905,5020,5021
4905: 4788,4789,4904,4906,5021,5022
4906: 4907,4789,4905,5022,5023
4907: 4906,5024,5023,5141
4908: 4909,5025,5024,4792
4909: 5025,4908,4792,4793,4910,5026
4910: 4793,4794,5026,5027,4909,4911
4911: 4795,4912,4794,4910,5027,5028
4912: 4795,4796,4911,4913,5028,5029
4913: 4797,4914,4796,4912,5029,5030
4914: 4797,4798,4913,4915,5030,5031
4915: 4799,4916,4798,4914,5031,5032
4916: 4799,4915,5033,5032
4917: 5033,5034,4800,4801,4918
4918: 5035,4919,4801,4802,5034,4917
4919: 5036,5035,4918,4802,4803,4920
4920: 5037,4921,4803,4804,5036,4919
4921: 5038,5037,4920,4804,4805,4922
4922: 4806,4923,5039,4805,5038,4921
4923: 4806,4922,5039,4924,4807,5040
4924: 4925,4808,4807,4923,5041,5040
4925: 4924,4808,4926,4809,5041,5042
4926: 4927,4810,4809,4925,5042,5043
4927: 4810,4926,4811,4928,5043,5044
4928: 4811,4812,4927,4929,5045,5044
4929: 4813,4930,4812,4928,5045,5046
4930: 4813,4814,4929,4931,5047,5046
4931: 4815,4932,4814,4930,5047,5048
4932: 4815,4931,4816,4933,5048,5049
4933: 4817,4934,4932,4816,5049,5050
4934: 4817,4933,4818,5051,5050
4935: 5051,4819,5052
9557: 9665,9556,9666,9558
4937: 4820,4821,5054,4938,5053
4938: 4822,4939,5055,4821,5054,4937
4939: 4822,4823,4938,5055,4940
4940: 4824,4941,5057,4823,4939
4941: 4824,4940,5057,4825,4942
4942: 4943,4826,4941,4825,5059
4943: 4826,4942,4827,4944,5059,5060
4944: 4827,4943,5060
4945: 
4946: 4947,5062,5063
4947: 4830,4946
8300: 8185,8301,8184,8299,8416
4949: 4950
4950: 4949,5067
8572: 8686,8458,8571,8573,8687
4952: 4835,4836
4953: 4836
7887: 7770,7888,7769,7886,8003,8004
10126: 10127,10231,10020,10021,10230,10125
4956: 4840,4957,13097
4957: 4840,4956,5074
7597: 7598,7480,7596,7479,7714
9896: 9897,10003,9788,9789,9895,10002
7349: 7230,7231,12929
10290: 10392,10186,10187,10289
8977: 
11526: 11440,11525,11611
4964: 4965
4965: 4964
9745: 9636,9746,9637,9853
8201: 8202,8317,8084,8085,8316,8200
8590: 8704,8476,8475,8589
12893: 5666
12598: 12546
13121: 12313
11438: 11524,11437,11525
4973: 13059
7346: 7347,7463
10216: 10112,10217,10111,10215,10319,10320
9472: 9471,9581,9582,9362,9363
9350: 9459,9460,9349,9239,9240,9351
8990: 9103,8878,8991,8877,9102,8989
8815: 8701,8814,8816,8702,8928,8929
9662: 9663,9771,9553,9554,9661,9770
8375: 8490
4982: 5099,5100,13118
7779: 7896,7897,7780,7661
8402: 8403,8517
7684: 
4986: 
4987: 4988,4871,12919,5104
4988: 4987,4871
10083: 10084,10188,10187
4990: 5108,4991,4873,5107
4991: 5108,4990,4992
4992: 4876,4993,4991
4993: 4876,4877,4992,4994,5111
4994: 4878,4877,4993,5112,4995,5111
4995: 5112,4878,4994,4879,5113,4996
4996: 4997,5113,5114,4880,4879,4995
4997: 5114,4996,4880,4881,4998,5115
4998: 5115,5116,4882,4881,4997,4999
4999: 5117,5000,4882,4883,4998,5116
5000: 4999,5118,5117,4884,4883,5001
5001: 5002,5119,4884,4885,5118,5000
5002: 5001,5119,5120,4885,4886,5003
5003: 5004,5121,4886,4887,5002,5120
5004: 5003,5121,5122,4887,4888,5005
5005: 5123,5006,4888,4889,5004,5122
5006: 5123,5005,4889,4890,5007,5124
5007: 5124,5125,4890,5006
5008: 5009,5126,5125
5009: 5008,5126,5127,4892,5010
5010: 5128,4892,4893,5009,5127
5011: 4894,5012,4895,5128,5129
5012: 5013,4895,4896,5011,5129,5130
5013: 5012,4896,5014,4897,5130,5131
5014: 4898,4897,5015,5013,5131,5132
5015: 4898,5014,4899,5016,5132,5133
5016: 4899,4900,5015,5017,5133,5134
5017: 4901,5018,4900,5016,5134,5135
5018: 4901,4902,5017,5019,5135,5136
5019: 4903,4902,5018,5136,5020,5137
5020: 5137,5138,4903,5019,4904,5021
5021: 5022,5139,4904,4905,5020,5138
5022: 5021,5139,4905,4906,5023,5140
5023: 5140,5141,5258,4907,4906,5022
5024: 5025,4908,4907,5141,5142
5025: 4909,4908,5024,5026,5142,5143
5026: 4910,5027,4909,5025,5143,5144
5027: 4910,5026,4911,5145,5144,5028
5028: 5029,5146,5027,4912,4911,5145
5029: 5028,5146,4912,4913,5030,5147
5030: 5031,5147,5148,4913,4914,5029
5031: 5030,5148,4914,4915,5032,5149
5032: 5149,5150,4915,4916,5031
5033: 5034,4917,4916,5151
5034: 5033,4917,5035,4918,5151,5152
5035: 5036,4919,4918,5034,5152,5153
5036: 5035,4919,5037,4920,5153,5154
5037: 5038,4920,4921,5036,5154,5155
5038: 5037,4921,4922,5039,5155,5156
5039: 4923,4922,5038,5156,5157,5040
5040: 5041,5158,4923,5039,4924,5157
5041: 5158,5159,5040,4925,4924,5042
5042: 5160,5043,4925,4926,5041,5159
5043: 5042,5160,5161,4927,4926,5044
5044: 5162,5045,4927,4928,5161,5043
5045: 5162,5044,4928,4929,5163,5046
5046: 5164,5163,5047,4929,4930,5045
5047: 5164,5046,4930,4931,5165,5048
5048: 5166,5165,5049,4931,4932,5047
5049: 5166,5048,4932,4933,5167,5050
5050: 5167,4934,4933,5049
5051: 4935,4934,5052
5052: 5169,4935,5051,5170,5053
5053: 5170,5171,5054,4937,5052
5054: 4937,4938,5055,5171,5053,5172
5055: 4938,4939,5054,5173,5172
7548: 7547,7665,7430,7431,7666
5057: 4940,4941,5174,5175
9104: 9215,9103,8991,8992,9105
5059: 5177,5176,4943,4942,5060
5060: 4943,4944,5177,5059
9113: 9001,9114,9000,9112,9224,9225
5062: 5063,5179,5180,4946
5063: 5062,5180,4946,5181
12686: 12687
8573: 8459,8574,8458,8572,8687,8688
11356: 11265,11266,11355,11357,11444,11445
5067: 4950,5185
7893: 7775,7776,7894,8009,8010
10009: 9902,9903,10008,10010,10114,10115
7397: 7278,7396,7514,7515
7518: 7519,7636,7400,7401,7517,7635
5072: 
10393: 10392,10394,10494,10495
5074: 4957
7530: 7529,7647,7648,7412,7413,7531
11378: 11287,11288
8893: 8894,9006,8779,8780,8892,9005
5078: 
10504: 10505,10605,10402
12611: 12560,12658
10388: 10285,10387,10490
11535: 
8662: 8661,8775,8547,8548
11977: 12052
8818: 12995,8931,8932
8124: 8007,8008,8125,8123,8240,8241
7849: 7731,7848,7965,7732,7733,7850
11371: 11280,11370,11372,11459
7949: 7948,7833,7950,8066
7729: 7847,7611,7612,7728,7730
9409: 9299
10306: 10203,10202,10305,10307,10409,10408
11096: 11095,11002,11097
5094: 
13097: 4956
9799: 9690,9798,9691,9800
13132: 5805,5806,5924,5925
13133: 817
5099: 4982,5100
5100: 4982,5099,13118
5101: 13118
7733: 7732,7850,7851,7616,7849,7734
8642: 8755,8756,8528,8643
5104: 5222,4987,5221
9576: 9466,9467,9575,9577,9684,9685
7581: 7463
5107: 5108,4990,13099
5108: 5226,4991,4990,5107
9075: 13141
7600: 7482,7599,7483,7601,7717
5111: 5229,5112,4993,4994,5228
5112: 5229,5230,4995,5111,4994,5113
5113: 5231,5114,4996,5230,5112,4995
5114: 5231,4997,5113,5232,4996,5115
5115: 4998,5116,5233,4997,5114,5232
5116: 4998,5115,5233,4999,5117,5234
5117: 4999,5118,5000,5116,5235,5234
5118: 5117,5000,5001,5119,5235,5236
5119: 5001,5002,5120,5118,5237,5236
5120: 5002,5119,5003,5121,5237,5238
5121: 5003,5004,5122,5120,5239,5238
5122: 5004,5121,5123,5005,5239,5240
5123: 5006,5005,5122,5124,5240,5241
5124: 5007,5125,5123,5006,5241,5242
5125: 5007,5124,5008,5242,5243
5126: 5008,5009,5127,5243,5244
5127: 5009,5126,5010,5128,5245,5244
5128: 5010,5246,5245,5011,5127,5129
5129: 5247,5130,5011,5012,5246,5128
5130: 5248,5247,5129,5013,5012,5131
5131: 5249,5132,5013,5014,5248,5130
5132: 5250,5249,5131,5014,5015,5133
5133: 5251,5134,5015,5016,5250,5132
5134: 5251,5133,5016,5017,5252,5135
5135: 5252,5253,5136,5018,5017,5134
5136: 5253,5135,5018,5019,5137,5254
5137: 5255,5020,5254,5138,5019,5136
5138: 5255,5020,5137,5021,5256,5139
5139: 5021,5022,5256,5257,5138,5140
5140: 5023,5258,5022,5139,5257,5375
5141: 5023,5258,4907,5024,5259,5142
5142: 5260,5259,5143,5025,5024,5141
5143: 5260,5142,5025,5026,5144,5261
5144: 5262,5145,5261,5026,5027,5143
5145: 5262,5144,5027,5028,5146,5263
5146: 5028,5029,5263,5264,5145,5147
5147: 5030,5148,5029,5146,5264,5265
5148: 5030,5031,5147,5149,5266,5265
5149: 5032,5150,5031,5148,5266,5267
5150: 5032,5149,5268,5385,5267
5151: 5268,5269,5152,5033,5034
5152: 5269,5151,5034,5035,5270,5153
5153: 5271,5270,5036,5035,5152,5154
5154: 5272,5155,5036,5037,5271,5153
5155: 5272,5273,5154,5038,5037,5156
5156: 5274,5157,5038,5039,5273,5155
5157: 5274,5275,5156,5039,5040
5158: 5041,5159,5040,5276,5275
5159: 5041,5158,5276,5042,5160,5277
5160: 5042,5278,5161,5277,5043,5159
5161: 5278,5160,5043,5279,5162,5044
5162: 5279,5045,5044,5280,5161,5163
5163: 5281,5164,5046,5162,5045,5280
5164: 5281,5163,5282,5047,5046,5165
5165: 5166,5283,5048,5164,5282,5047
5166: 5165,5284,5283,5048,5049,5167
5167: 5050,5166,5284,5049
9483: 9482,13016,13046,9592,9593
5169: 5287,5052,5286,5170
5170: 5171,5288,5053,5169,5287,5052
5171: 5170,5289,5288,5053,5054,5172
5172: 5173,5290,5054,5055,5171,5289
5173: 5291,5172,5290,5055,5174
5174: 5292,5175,5057,5291,5173
5175: 5292,5174,5293,5057,5176
5176: 5177,5294,5059,5175,5293
5177: 5294,5176,5059,5060
5178: 5179
5179: 5062,5180,5178
5180: 5062,5063,5179,5181
5181: 5182,5063,5180,5299
5182: 5181,5299,5300
10073: 
5184: 
5185: 5186,5067
5186: 5185
10194: 10089,10195,10090,10297,10298
9887: 9994,9888,9779,9780,9993
9349: 9459,9350,9238,9239,9458,9348
7482: 7481,7599,7600,7365,7483
9452: 9561,9562,9342,9343,9451,9453
8999: 8886,8887,9000,9111,9112,8998
5193: 13030
10916: 10915,10818,10819,10917,11011
11494: 
7884: 7766,7767,7883,7885,8000,8001
8804: 8690,8803,8691,8805,8917,8918
10226: 10122,10225,10227,10329
8325: 8324,8440,8209,8210
10620: 10519,10619,10520,10621,10720
9653: 9652,9544,9761,9762,9545
11351: 13043,11261,11440
9327: 9436,9326,9217,9216,9437,9328
12565: 
11777: 11856,11696,11778
9255: 9366,9365,9256,9143,9144,9254
5207: 
8803: 8690,8804,8802,8916,8917
12108: 12107
10143: 
9232: 9120,9121,9342,9233,9343,9231
9532: 9423,9533
9129: 9017,9016,9128
9467: 9466,9576,9357,9358,9468,9577
12094: 12095
9678: 9677,9786,9569,9570,9679,9787
13124: 11123,11029
10879: 10880,10782
9275: 
13142: 1958,1959,2056,2057
5221: 5222,5104,5338
5222: 5104,5221
9667: 9558,9559,9668,9776
7555: 7672
7359: 7240,7241,7358,7477
5226: 5108,5227,5343
5227: 5228,5226,5345
5228: 5227,5229,5111,5345,5346
5229: 5230,5112,5111,5228,5347,5346
5230: 5229,5112,5231,5113,5347,5348
5231: 5113,5114,5232,5230,5348,5349
5232: 5231,5114,5115,5233,5349,5350
5233: 5115,5116,5232,5350,5351,5234
5234: 5352,5235,5116,5233,5117,5351
5235: 5352,5353,5234,5118,5117,5236
5236: 5354,5237,5118,5119,5353,5235
5237: 5354,5355,5236,5119,5120,5238
5238: 5356,5239,5120,5121,5355,5237
5239: 5356,5238,5357,5121,5122,5240
5240: 5358,5241,5122,5123,5239,5357
5241: 5240,5358,5123,5124,5359,5242
5242: 5359,5360,5243,5124,5125,5241
5243: 5360,5242,5125,5126,5361
5244: 5362,5126,5127,5245
5245: 5246,5128,5127,5244
5246: 5128,5245,5247,5129
5247: 5248,5129,5130,5246
5248: 5247,5130,5249,5131
5249: 5250,5131,5132,5248
5250: 5249,5132,5251,5133,5368
5251: 5133,5134,5250,5252,5368,5369
5252: 5253,5135,5251,5134,5369,5370
5253: 5252,5135,5136,5254,5370,5371
5254: 5255,5137,5253,5136,5371,5372
5255: 5137,5254,5138,5256,5372,5373
5256: 5139,5257,5255,5138,5373,5374
5257: 5256,5139,5140,5493,5374,5375
5258: 5023,5140,5141,5259,5375,5376
5259: 5260,5142,5141,5258,5376,5377
5260: 5259,5142,5143,5261,5377,5378
5261: 5262,5144,5260,5143,5378,5379
5262: 5145,5144,5261,5263,5379,5380
5263: 5146,5264,5262,5145,5380,5381
5264: 5146,5263,5147,5381,5382,5265
5265: 5266,5383,5264,5147,5148,5382
5266: 5383,5265,5148,5149,5384,5267
5267: 5384,5385,5149,5150,5266
5268: 5269,5151,5150,5385,5386
5269: 5268,5151,5152,5270,5386,5387
5270: 5271,5153,5269,5152,5387,5388
5271: 5270,5153,5272,5154,5388,5389
5272: 5273,5154,5155,5271,5389,5390
5273: 5272,5155,5274,5156,5390
5274: 5275,5156,5157,5273
5275: 5274,5157,5158,5393
5276: 5158,5159,5277,5393,5394
5277: 5278,5160,5159,5276,5394,5395
5278: 5160,5161,5277,5279,5395,5396
5279: 5162,5280,5278,5161,5396,5397
5280: 5279,5162,5281,5163,5397,5398
5281: 5164,5163,5282,5280,5398,5399
5282: 5281,5164,5165,5283,5399,5400
5283: 5166,5165,5284,5282,5400,5401
5284: 5166,5283,5167,5401,5402
5285: 5402,5403,5286
5286: 5169,5287,5403,5285,5404
5287: 5169,5286,5170,5288,5404,5405
5288: 5170,5171,5289,5287,5405,5406
5289: 5171,5288,5172,5290,5406,5407
5290: 5291,5173,5172,5289,5407,5408
5291: 5173,5290,5292,5174,5408,5409
5292: 5174,5175,5293,5291,5409,5410
5293: 5292,5175,5294,5176,5410,5411
5294: 5177,5176,5293,5411
12822: 
10107: 10211,10212,10001,10002,10106,10108
8806: 8692,8805,8693,8807,8919,8920
10328: 10430,10329,10431
5299: 5416,5417,5182,5181,5300
5300: 5301,5182,5417,5299
5301: 5300,5419
9541: 9542,9431,9540,9432,9757
7837: 7720,7838,7719,7836,7953,7954
10626: 10526,10627,10525,10625,10725,10726
10482: 12943,10483,10583
9378: 9377,9267,9487
10642: 10643,10541
8013: 8129,8130,8014,7896,7897,8012
9338: 9337,9227,9228
8087: 7970,8203,8088,7971,8204
9854: 9961
9801: 9909,9692,9693,9802,9908
5313: 
10119: 10120,10013,10223
10338: 
8975: 8862,8863
9226: 9336,9225,9114,9115,9337,9227
12788: 
7954: 7955,8070,8071,7837,7838,7953
11369: 11278,11368,11370,11457
5321: 12983
9263: 9373,9152,9374,9264
11717: 11716
11716: 11717,13096
9256: 9366,9255,9144,9145,9367,9257
5326: 
8423: 8424,8538,8307,8308,8537
5328: 5446
5329: 
12958: 
8065: 
9672: 9781,9780,9671,9563,9564
10307: 10308,10204,10306,10203,10409
10120: 10119,10014,10015,10225
5335: 5336
5336: 5455,5335
5337: 
5338: 5457,5221
8101: 7984,7985,8100,8102,8217,8218
8700: 8701,8814,8585,8813,8699
5341: 13099
5342: 13099,5343,5461
5343: 5461,5462,5226,5342
7405: 7286,7287,7406,7404,7522,7523
5345: 5463,5228,5227,5346
5346: 5347,5465,5228,5229,5345
5347: 5465,5466,5346,5229,5230,5348
5348: 5349,5467,5230,5231,5347,5466
5349: 5348,5467,5468,5231,5232,5350
5350: 5351,5469,5232,5233,5349,5468
5351: 5350,5469,5470,5233,5352,5234
5352: 5353,5471,5235,5234,5351,5470
5353: 5352,5471,5235,5354,5472,5236
5354: 5355,5472,5237,5236,5473,5353
5355: 5354,5237,5473,5356,5238
5356: 5239,5238,5357,5355,5475
5357: 5356,5239,5240,5358,5475,5476
5358: 5240,5241,5357,5359,5476,5477
5359: 5360,5478,5242,5358,5241,5477
5360: 5359,5478,5242,5243,5479,5361
5361: 5480,5360,5243,5479
5362: 5244,5480,5363,5598,5481
5363: 5362,5364,5481,5482
5364: 5365,5363,5482,5483
5365: 5364,5366,5483,5484
5366: 5367,5365,5484,5485
5367: 5366,5485,5486
5368: 5369,5487,5250,5251
5369: 5368,5487,5251,5252,5370,5488
5370: 5371,5488,5489,5252,5253,5369
5371: 5370,5489,5253,5254,5372,5490
5372: 5490,5491,5373,5255,5254,5371
5373: 5372,5491,5255,5256,5374,5492
5374: 5493,5492,5256,5257,5373
5375: 5376,5494,5257,5140,5258,5493
5376: 5375,5494,5495,5258,5259,5377
5377: 5378,5260,5259,5376,5495
5378: 5377,5260,5261,5379,5497
5379: 5380,5497,5498,5262,5261,5378
5380: 5379,5498,5262,5263,5381,5499
5381: 5499,5500,5382,5263,5264,5380
5382: 5381,5500,5264,5383,5501,5265
5383: 5266,5501,5502,5265,5382,5384
5384: 5267,5266,5383,5502
5385: 5267,5150,5268,5386,5504
5386: 5387,5504,5505,5268,5269,5385
5387: 5386,5505,5269,5270,5388,5506
5388: 5506,5507,5271,5270,5387,5389
5389: 5390,5508,5271,5272,5388,5507
5390: 5389,5508,5272,5273
5391: 5392,5510,5509
5392: 5391,5393,5510,5511
5393: 5512,5275,5276,5392
5394: 5512,5276,5277,5395,5513
5395: 5514,5513,5396,5278,5277,5394
5396: 5395,5514,5278,5279,5397,5515
5397: 5515,5516,5279,5280,5396,5398
5398: 5399,5517,5280,5281,5397,5516
5399: 5398,5517,5518,5281,5282,5400
5400: 5401,5519,5282,5283,5399,5518
5401: 5400,5519,5520,5284,5283,5402
5402: 5285,5284,5401,5520
5403: 5285,5521,5286,5404,5522
5404: 5522,5523,5287,5286,5403,5405
5405: 5406,5524,5287,5288,5404,5523
5406: 5405,5524,5525,5289,5288,5407
5407: 5408,5526,5289,5290,5406,5525
5408: 5407,5526,5527,5291,5290,5409
5409: 5410,5528,5291,5292,5408,5527
5410: 5409,5528,5529,5292,5293,5411
5411: 5293,5294,5410,5529
5412: 5530
5413: 5414
5414: 5533,5413
7534: 7533,7651,7416,7417,7535,7652
5416: 5417,5299,5534,5535
5417: 5416,5299,5300,5535,5536
13116: 10906,11001,10809,10907
5419: 5301,5420,5538
5420: 5538,5419
5421: 
8216: 8215,8331,8332,8099,8100,8217
7724: 7841,7606,7605,7723
10999: 10904,10905,10998,11000,11093
7889: 7890,7772,7888,7771,8005,8006
11952: 
8058: 7941,7942,8059,8175
7520: 7521,7638,7402,7403,7519,7637
5429: 
9041: 8928,9153,8929,9042
10684: 10782,10783
5432: 
8095: 7979,8096,8212,8211
5434: 5552
9878: 9877,9984,9770,9771,9879,9985
9872: 9871,9765,9764,9873
10414: 10311,10312,10413,10415,10516
9785: 9677,9786,9676,9784,9892,9893
10313: 10314,10416,10209,10210,10312
10406: 10303,10405,10304,10407,10507,10508
11445: 11444,11356,11357
10178: 10281,10282
12864: 12847
10901: 10900,10995,10803,10804,10902
8281: 8396
5446: 5328
8565: 8450,8451,8564,8680,8679,8566
5448: 
9210: 9211,9098,9099,9320
9421: 9311,9530
9536: 9427,9535,9426,9645
8062: 8061,8063,8178
12678: 
9246: 9134,9135,9247,9245,9357,9356
5455: 5336
7892: 7774,7891,7775,8008,8009
5457: 5338
5458: 
5459: 
10325: 10326,10428,10221,10222,10324,10427
5461: 5343,5462,5342
5462: 5343,5461,5463,5580
5463: 5345,5462,5581
5464: 
5465: 5347,5466,5346,5583
5466: 5347,5465,5348,5467,5583,5584
5467: 5348,5349,5468,5466,5584,5585
5468: 5349,5467,5350,5469,5585,5586
5469: 5350,5351,5470,5468,5586
5470: 5351,5469,5352,5471,5588
5471: 5352,5353,5470,5472,5588,5589
5472: 5354,5473,5353,5471,5589,5590
5473: 5354,5355,5472,5590,5591
7950: 8066,8067,7834,7833,7951,7949
5475: 5592,5356,5357,5593,5476
5476: 5593,5594,5477,5357,5358,5475
5477: 5594,5476,5358,5359,5478,5595
5478: 5359,5360,5479,5477,5595,5596
5479: 5360,5478,5361,5480,5596,5597
5480: 5361,5362,5479,5597,5598
5481: 5599,5717,5482,5362,5363,5598
5482: 5599,5481,5363,5364,5483,5600
5483: 5601,5600,5484,5365,5364,5482
5484: 5483,5601,5365,5366,5602,5485
5485: 5602,5603,5486,5366,5367,5484
5486: 5603,5485,5367,5487,5604
5487: 5368,5369,5488,5486,5605
5488: 5370,5489,5369,5487,5605,5606
5489: 5370,5371,5488,5490,5606,5607
5490: 5372,5491,5371,5489,5607,5608
5491: 5372,5490,5373,5492,5608,5609
5492: 5374,5491,5373,5609
5493: 5374,5257,5375,5494
5494: 5375,5376,5495,5493
5495: 5376,5494,5377
12546: 12598
5497: 5379,5498,5378,5614
5498: 5379,5380,5497,5499,5615
5499: 5381,5500,5380,5498,5616
5500: 5381,5499,5382,5501,5617
5501: 5383,5502,5500,5382,5618
5502: 5383,5501,5384,5619,5620
12044: 12043
5504: 5386,5505,5385
5505: 5386,5387,5504,5506
5506: 5388,5507,5387,5505
5507: 5388,5506,5389,5508
5508: 5389,5390,5507,5625
5509: 5627,5510,5391,5626
5510: 5627,5628,5509,5391,5392,5511
5511: 5629,5392,5512,5628,5510
5512: 5393,5394,5630,5511
5513: 5395,5514,5394,5630,5631
5514: 5395,5513,5396,5515,5631,5632
5515: 5397,5516,5514,5396,5633,5632
5516: 5397,5515,5398,5517,5633,5634
5517: 5398,5399,5518,5516,5634,5635
5518: 5399,5517,5400,5519,5635,5636
5519: 5400,5401,5520,5518,5636,5637
5520: 5401,5519,5402,5637,5638
5521: 5403,5522,5638,5639
5522: 5404,5523,5403,5521,5639,5640
5523: 5404,5522,5405,5524,5640,5641
5524: 5405,5406,5525,5523,5641,5642
5525: 5406,5524,5407,5526,5642,5643
5526: 5407,5408,5527,5525,5643,5644
5527: 5408,5526,5409,5528,5644,5645
5528: 5409,5410,5529,5527,5645,5646
5529: 5410,5528,5411,5646,5530
5530: 5529,5412,5648
5531: 
10035: 10036,10140
5533: 5414,5650,5651,5534
5534: 5651,5533,5416,5535
5535: 5653,5416,5417,5534,5536
5536: 5654,5417,5535,5653
8316: 8200,8315,8201,8317,8431,8432
5538: 5420,5419
10608: 10508,10609,10507,10607,10707,10708
10398: 
8548: 8434,8549,8662,8663
10911: 10912,11006,11005,10814,10813,10910
8131: 8132,8130,8014
7747: 7864,7865,7630,7748
10920: 10822,10919,11014
8868: 8755,8869,8867,8754,8980,8981
5547: 
8237: 8352,8353,8238,8120,8121,8236
5549: 
10896: 10895,10990,10799,10798
11035: 
5552: 5434,5670
10469: 
10913: 10914,11008,10815,10816,10912
10543: 10643,10544
5556: 
8354: 8355,8239,8470,8353,8238,8469
11355: 11265,11356,11444
10809: 10808,10906,13116,10907
10518: 10618,10416,10417,10519,10619
8210: 8094,8093,8209,8325
9380: 9489,9490,9270,9381
10909: 10910,11004,10812,10811,10908
9443: 9444,9552,9334,9333,9442
8831: 
7537: 7655,7654,7538,7420,7419,7536
10429: 10326,10428,10327,10530,10531
11101: 
7880: 7763,7881,7762,7997
10970: 
8112: 8111,8228,8229
8206: 8090,8207,8089,8205,8321,8322
9266: 9376,9377,9267,9155
8880: 8766,8767,8879,8993
5575: 
5576: 
5577: 5578,5696,5695
5578: 5577,5696
10408: 10510,10409,10305,10306,10509
5580: 5462,5581,5698
5581: 5463,5580
12351: 
5583: 5702,13080,5465,5466,5584
5584: 5585,5703,5466,5467,5583,13080
5585: 5584,5703,5704,5467,5468,5586
5586: 5705,5468,5469,5585,5704
5587: 
5588: 5589,5707,5470,5471,5706
5589: 5588,5707,5471,5472,5590,5708
5590: 5591,5708,5709,5472,5473,5589
5591: 5590,5709,5473,5592,5710
5592: 5710,5475,5711,5591,5593
5593: 5594,5712,5476,5592,5475,5711
5594: 5593,5712,5713,5476,5477,5595
5595: 5596,5714,5478,5594,5713,5477
5596: 5595,5714,5715,5478,5479,5597
5597: 5598,5716,5479,5480,5596,5715
5598: 5597,5716,5362,5480,5717,5481
5599: 5717,5481,5482,5600,5836,5718
5600: 5483,5601,5599,5482,5718,5719
5601: 5483,5600,5484,5602,5719,5720
5602: 5603,5485,5601,5484,5720,5721
5603: 5602,5485,5486,5604,5721,5722
5604: 5605,5603,5486,5722,5723
5605: 5604,5487,5488,5606
5606: 5607,5488,5489,5605
5607: 5606,5725,5489,5490,5608
5608: 5726,5609,5490,5491,5607
5609: 5608,5727,5491,5492
7656: 7539,7655,7538,7774
5611: 5612,5730,5729
5612: 5611,5730,5613,5731
5613: 5731,5732,5612,5614
5614: 5615,5733,5497,5613
5615: 5734,5733,5614,5498,5616
5616: 5617,5735,5499,5615,5734
5617: 5735,5736,5616,5500,5618
5618: 5619,5737,5501,5617,5736
5619: 5618,5737,5502,5620
5620: 5621,5739,5502,5619
5621: 5620,5740,5739
9464: 9465,9574,9355,9463,9573,9354
5623: 5624,5742,5743
5624: 5623,5625,5743,5744
5625: 5626,5508,5624
5626: 5625,5627,5509,5745
5627: 5628,5510,5509,5626,5746
5628: 5627,5510,5629,5511,5747
5629: 5630,5511,5628,5748
5630: 5629,5512,5513
5631: 5750,5514,5513,5632
5632: 5633,5751,5514,5515,5631,5750
5633: 5751,5752,5632,5515,5516,5634
5634: 5635,5753,5516,5517,5633,5752
5635: 5634,5753,5754,5517,5518,5636
5636: 5637,5755,5518,5519,5635,5754
5637: 5636,5755,5519,5520,5638,5756
5638: 5756,5757,5520,5521,5637
5639: 5757,5521,5522,5640,5758
5640: 5758,5759,5522,5523,5639,5641
5641: 5642,5523,5524,5640,5759
5642: 5641,5524,5525,5643
5643: 5644,5762,5525,5526,5642
5644: 5643,5762,5763,5526,5527,5645
5645: 5646,5527,5528,5644,5763
5646: 5645,5528,5529
9084: 
5648: 5649,5767,5530,5766
5649: 5767,5768,5648,5650
5650: 5651,5533,5649,5768
5651: 5650,5770,5534,5533
8123: 8006,8122,8007,8124,8239,8240
5653: 5535,5771,5654,5536
5654: 5536,5653
8444: 8445,8559,8328,8329,8443,8558
9218: 9107,9217,9219,9328,9329
5657: 
10606: 10505,10605,10506,10607,10705,10706
5659: 5777,5660
5660: 5659
12173: 12241,13067,12172
5662: 
5663: 5782
11280: 11371,11370
8908: 9020,9021,8794,8795,8907,8909
5666: 12893
7423: 7304,7422,7540,7541
13058: 13081,12233,12164
10929: 10832,10928
5670: 5552
12365: 12366,12300,12364,12427
9414: 9304,13002
10312: 10311,10414,10208,10209,10313,10415
11204: 11112,11205,11203
8243: 8126,8242,8127,8359,8358
8119: 8002,8003,8118,8120,8235,8236
9203: 9313,9092
13092: 9715
8296: 8181,8295,8297,8412
8242: 8126,8243,8125,8241,8357,8358
12906: 11967,11968,11966,12043,12042
8885: 8998,8997,8772,8771,8884,8886
9970: 9969,9864,9971,10076
10259: 
9595: 9486,9484,9485,9703
7719: 7718,7836,7602,7720,7837
11624: 11625
8534: 8420,8535,8419,8533,8648,8649
11006: 10911,10912,11005,11099,11100
7707: 7825,7589,7590,7824
9959: 9853
5692: 5811
5693: 
5694: 5695,5813,5812
5695: 5577,5696,5694,5813,5814
5696: 5577,5578,5695,5814,5815
9860: 
5698: 5816,5817,5580
7769: 7768,7886,7651,7652,7770,7887
5700: 5818,5819
13137: 1480
5702: 5583,13080
5703: 5584,5585,5704,13080,5821,5822
5704: 5585,5703,5586,5705,5822
5705: 5586,5706,5704,5824
5706: 5705,5588,5707,5824,5825
5707: 5588,5589,5706,5708,5825,5826
5708: 5590,5709,5589,5707,5826,5827
5709: 5590,5591,5708,5710,5827,5828
5710: 5592,5711,5591,5709,5828,5829
5711: 5592,5710,5593,5712,5829,5830
5712: 5593,5594,5713,5711,5830,5831
5713: 5594,5712,5595,5714,5831,5832
5714: 5595,5596,5715,5713,5832,5833
5715: 5596,5714,5597,5716,5833,5834
5716: 5597,5598,5715,5717,5834,5835
5717: 5599,5481,5598,5716,5835,5836
5718: 5836,5599,5600,5837,5719
5719: 5837,5838,5720,5601,5600,5718
5720: 5838,5719,5601,5602,5839,5721
5721: 5839,5840,5722,5602,5603,5720
5722: 5840,5721,5603,5604,5841,5723
5723: 5841,5842,5604,5722
7828: 7829,7710,7944,7945
5725: 5607,5726,5844
5726: 5608,5727,5725,5845,5844
5727: 5726,5609,5728,5845,5846
5728: 5729,5727,5846,5847
5729: 5728,5611,5730,5847,5848
5730: 5611,5612,5729,5731,5848,5849
5731: 5613,5732,5612,5730,5849,5850
5732: 5613,5731,5733,5850,5851
5733: 5615,5734,5614,5732,5851,5852
5734: 5615,5733,5735,5616,5852,5853
5735: 5617,5736,5616,5734,5854,5853
5736: 5617,5735,5618,5737,5854,5855
5737: 5618,5619,5736,5855,5856
12995: 8820,8818,8932,8933
5739: 5620,5621,5740,5857,5858
5740: 5621,5739,5858,5859
5741: 5859,5860,5742
5742: 5861,5743,5623,5860,5741
5743: 5861,5862,5742,5624,5623,5744
5744: 5863,5745,5624,5862,5743
5745: 5744,5863,5626,5864,5746
5746: 5864,5865,5747,5627,5745
5747: 5865,5746,5628,5866,5748
5748: 5866,5867,5629,5747
8089: 7972,8088,8205,7973,8090,8206
5750: 5631,5751,5632,5868,5869
5751: 5633,5752,5632,5750,5870,5869
5752: 5633,5751,5634,5753,5870,5871
5753: 5634,5635,5754,5752,5871,5872
5754: 5635,5753,5636,5755,5872,5873
5755: 5636,5637,5754,5756,5873,5874
5756: 5638,5757,5637,5755,5874,5875
5757: 5638,5639,5756,5875,5876
5758: 5640,5759,5639,5876,5877
5759: 5640,5758,5641,5877,5878
7440: 
7507: 7506,7624,7625,7389,7390,7508
5762: 5643,5644,5763,5880
5763: 5644,5762,5645,5764
5764: 5882,5883,5765,5763
5765: 5883,5764,5884
5766: 5767,5648,5885
5767: 5649,5768,5648,5766,5885
5768: 5649,5767,5650,5887
5769: 
5770: 5651,5771
5771: 5653,5770,5890
7852: 7734,7851,7968,7969
8073: 7956,8072,7957,8189,8190
5774: 13037
7540: 7541,7422,7423,7539
9453: 9454,9563,9343,9344,9452,9562
5777: 5659,5895
8813: 8699,8812,8700,8814,8926,8927
12953: 5804,5805,5924,6041
9695: 9803,9804,9587,9586,9696,9694
8808: 8694,8807,8695,8809,8921,8922
5782: 5663
10044: 10149
10422: 10320,10423,10319,10523,10524
11250: 
7477: 7359,7478,7595
9888: 9994,9887,9781,9780
11663: 11577,11662
7881: 7763,7880,7764,7882,7997,7998
5790: 
9913: 10020,9806,9912,9914
11536: 
9373: 9263,9262,9372,13016
9491: 9492,9381,9490
10902: 10903,10804,10805,10901
8765: 8764,8651,8652,8766,8878
8162: 8163
10649: 10548,10748
10437: 10334,10335,10438,10436,10539
9124: 9235,9011,9123
10827: 10826,10729,10828,10924,10925
5802: 5921
9487: 9486,9377,9378
5804: 12953
5805: 5806,5924,13132,12953
5806: 5805,13132
8660: 8659,8773,8774,8545,8546,8661
5808: 
9686: 9795,9687,9577,9578,9685
11008: 10913,10914,11102
5811: 5692,5812
5812: 5813,5931,5694,5811
5813: 5931,5812,5694,5695,5814
5814: 5815,5696,5695,5813
5815: 5814,5696,5816
5816: 5817,5935,5698,5815
5817: 5816,5935,5698,5818
5818: 5819,5700,5817,5937
5819: 5818,5700,5820,5938,5937
5820: 5938,5819,5821,5940,5939
5821: 5822,5940,13080,5703,5820
5822: 5821,5940,5703,5704
8469: 8353,8468,8354,8470,8583,8584
5824: 5942,5943,5705,5706,5825
5825: 5826,5944,5706,5707,5824,5943
5826: 5825,5944,5707,5708,5827,5945
5827: 5828,5945,5946,5708,5709,5826
5828: 5827,5946,5709,5710,5829,5947
5829: 5947,5948,5710,5711,5828,5830
5830: 5831,5949,5711,5712,5829,5948
5831: 5830,5949,5950,5712,5713,5832
5832: 5833,5951,5713,5714,5831,5950
5833: 5832,5951,5952,5714,5715,5834
5834: 5835,5953,5715,5716,5833,5952
5835: 5834,5953,5716,5717,5836,5954
5836: 5954,5718,5599,5717,5835
5837: 5838,5719,5718,5955,5956
5838: 5837,5719,5720,5839,5957,5956
5839: 5840,5721,5838,5720,5957,5958
5840: 5839,5721,5722,5841,5959,5958
5841: 5842,5723,5840,5722,5959,5960
5842: 5841,5723,5961,5960
5843: 5961,5844,5962
5844: 5845,5963,5725,5726,5843
5845: 5963,5964,5844,5726,5727,5846
5846: 5847,5965,5727,5728,5845,5964
5847: 5846,5965,5966,5728,5729,5848
5848: 5849,5967,5729,5730,5847,5966
5849: 5848,5967,5730,5731,5850,5968
5850: 5851,5969,5968,5731,5732,5849
5851: 5850,5969,5732,5733,5852,5970
5852: 5971,5970,5734,5733,5851,5853
5853: 5854,5972,5734,5735,5852,5971
5854: 5972,5973,5853,5735,5736,5855
5855: 5856,5974,5736,5737,5854,5973
5856: 5855,5974,5975,5737,5857
5857: 5858,5976,5739,5856,5975
5858: 5857,5976,5977,5740,5739,5859
5859: 5741,5978,5740,5858,5977
5860: 5741,5978,5861,5742,5979
5861: 5862,5742,5743,5860,5980,5979
5862: 5861,5743,5744,5863,5980,5981
5863: 5744,5745,5862,5864,5981,5982
5864: 5865,5746,5863,5745,5982,5983
5865: 5864,5747,5746,5866,5983,5984
5866: 5867,5748,5865,5747,5984,5985
5867: 5866,5748,5986,6104,5985
5868: 5987,5986,5750,5869
5869: 5870,5988,5750,5751,5868,5987
5870: 5988,5989,5869,5751,5752,5871
5871: 5872,5752,5753,5870,5989
5872: 5871,5991,5753,5754,5873
5873: 5874,5992,5754,5755,5872
5874: 5873,5755,5756,5875
5875: 5876,5756,5757,5874
5876: 5875,5757,5758
5877: 5996,5758,5759,5878
5878: 5879,5997,5759,5877,5996
5879: 5878,5997,5998,5880
5880: 5999,5762,5879,5998
7553: 7436,7552
5882: 5883,6001,5764,6000
5883: 5882,6001,5764,6002,5765,5884
5884: 6003,5883,6002,5765
5885: 5766,5767
8657: 8656,8770,8542,8543,8658,8771
5887: 5768
10211: 10107,10212,10106,10210
8540: 8425,8426,8539,8541,8654,8655
5890: 5771
9033: 8920,8921,9034,9146,9145,9032
5892: 6010,13037
5893: 6012,6011,5894,13037
5894: 5893,6012,5895
5895: 6014,5777,5894
8432: 8547,8316,8317,8431,8546
5897: 6015,5898
5898: 6017,5897
10409: 10510,10408,10306,10307
12493: 
8601: 8486,8716
8900: 8787,8901,8786,8899,9012,9013
9245: 9133,9244,9134,9246,9355,9356
5904: 
7958: 8075,8074,7842,7959
8149: 
8359: 8358,8243,8475
12591: 12638
11083: 11176,10990,11082,11084
11219: 11310
9560: 9450,9451,9559,9561,9668,9669
7776: 7775,7893,7658,7659,7777,7894
5913: 
11541: 11455,11454
11091: 13068,11183,11182
7614: 7496,7613,7497,7615,7731,7732
5917: 
10221: 10116,10220,10117,10222,10324,10325
9988: 9881,9987,9882,9989,10093
9276: 
5921: 5802
7979: 8095,7862,7863,7978
10991: 10898,11085,11084
5924: 5805,13132,12953,6043,6042
5925: 13132,6043
7990: 8107,8106,7989,7874,7873,7991
7350: 12929
5928: 
8419: 8418,8533,8303,8304,8420,8534
7989: 7990,8106,7872,7873,7988,8105
5931: 5813,5812,6050
5932: 
7877: 7759,7760,7876,7878,7993,7994
9447: 9337,9446
5935: 5816,5817,6053
7408: 7290,7289,7407,7525
5937: 5818,5819,5938,6056
5938: 5820,5819,5937,6057,6056,5939
5939: 6057,5820,5938,5940,6058
5940: 5821,5822,5820,5939,6059
7970: 8087,7854,7853,7971
5942: 5824,5943,6060,6061
5943: 5942,5824,5825,5944,6061,6062
5944: 5825,5826,5943,5945,6062
5945: 5827,5946,5826,5944,6064
5946: 5827,5828,5945,5947,6064,6065
5947: 5829,5948,5828,5946,6065,6066
5948: 5829,5947,5830,6066
5949: 5830,5831,5950,6067,6068
5950: 5831,5949,5832,5951,6068,6069
5951: 5832,5833,5952,5950,6069,6070
5952: 5833,5951,5834,5953,6070,6071
5953: 5834,5835,5952,5954,6071,6072
5954: 5836,5835,5953,6072,6073
5955: 6073,6192,5837,6074,5956
5956: 6074,6075,5957,5837,5838,5955
5957: 6075,5956,5838,5839,6076,5958
5958: 6076,6077,5959,5839,5840,5957
5959: 6077,5958,5840,5841,6078,5960
5960: 6078,6079,5841,5842,5961,5959
5961: 5843,5842,5960,5962
5962: 6080,6081,5843,5961
5963: 5845,5964,5844,6082
5964: 5845,5963,5846,5965,6082,6083
5965: 5846,5847,5966,5964,6083,6084
5966: 5847,5965,5848,5967,6084,6085
5967: 5848,5849,5966,5968,6085,6086
5968: 5850,5969,5849,5967,6086,6087
5969: 5850,5851,5968,5970,6087,6088
5970: 5852,5971,5851,5969,6088,6089
5971: 5852,5970,5972,5853,6089,6090
5972: 5854,5973,5853,5971,6090,6091
5973: 5854,5972,5855,5974,6091,6092
5974: 5855,5856,5975,5973,6092,6093
5975: 5856,5974,5857,5976,6093,6094
5976: 5857,5858,5977,5975,6094,6095
5977: 5858,5976,5859,5978,6095,6096
5978: 5859,5860,5977,6096,6097
5979: 6098,5980,5860,5861,6097
5980: 6098,5979,5861,5862,5981,6099
5981: 6100,5982,6099,5862,5863,5980
5982: 5981,6100,5863,5864,6101,5983
5983: 6101,6102,5984,5864,5865,5982
5984: 6102,5983,5865,5866,6103,5985
5985: 6103,6104,5866,5867,5984
5986: 5868,5987,5867,6104,6105
5987: 5868,5986,5988,5869,6105,6106
5988: 5870,5989,5869,5987,6107,6106
5989: 5870,5988,5871,6107,6108
12126: 12052
5991: 5872,5992,6109
5992: 5873,5993,5991,6110
5993: 5992,5994,6111
5994: 5993,6112
10694: 10792,10693,10595,10695
5996: 5877,5878,5997,6114,6115
5997: 5878,5879,5998,5996,6115,6116
5998: 5879,5997,5880,5999,6116,6117
5999: 5880,6000,5998,6117
6000: 5999,5882,6001,6118,6119
6001: 5882,5883,6002,6000,6119,6120
6002: 5883,6001,5884,6003,6120
6003: 5884,6002,6121
6004: 6123,6005,6122
6005: 6123,6004,6124
7367: 7248,7366,7249,7484
10002: 9895,10001,9896,10003,10107,10108
10526: 10627,10626,10425,10424,10525,10527
6009: 
6010: 5892,6011
6011: 5893,6012,6010,13037,6130
6012: 5893,6011,5894,6130
6013: 
6014: 5895,6015,6132
6015: 5897,6014
8829: 
6017: 5898,6136
8788: 8787,8901,8674,8675,8789
8558: 8443,8557,8672,8559,8444,8673
8890: 9003,8777,8891
8208: 8092,8209,8091,8207,8323,8324
8636: 8750,8521
10703: 10801,10802,10702,10603,10704
8204: 8088,8205,8087,8203,8319,8320
10754: 10853
11560: 11474,11561,11645
8117: 8000,8001,8116,8118,8233,8234
10206: 10101,10102,10205,10207,10309,10310
13054: 2538,2539,2643,2746
12741: 
8740: 8853
12960: 9419,9417
7977: 7978,8094,7860,7861,7976,8093
6034: 
13095: 4487,4488,4603
8022: 8138,8139,8021,8023
7955: 7954,8071,7838,7839,7956,8072
11652: 11736,11735,11567
8643: 8644,8757,8528,8642,8756
6040: 6041,6158
6041: 6040,12953,6042
6042: 6043,5924,6041
6043: 6042,5924,5925
9559: 9450,9560,9449,9667,9558,9668
8105: 7988,8104,8106,7989
7734: 7852,7616,7733,7851
8143: 
6048: 12899
7850: 7733,7851,7849,7965,7966,7967
6050: 5931
8925: 
6052: 6053,6171
6053: 6171,5935,6052
6054: 
6055: 6173
6056: 6057,6175,5938,5937,6174
6057: 6175,6056,5939,5938,6058,6176
6058: 6178,6059,6177,6057,5939
6059: 6178,6058,5940,6060
6060: 6061,5942,6178,6059
6061: 6060,5942,5943
6062: 6180,6181,5943,5944
6063: 
6064: 6065,6182,6183,5945,5946
6065: 6064,6183,5946,5947,6066,6184
6066: 6184,5947,5948,6065
6067: 6068,6186,5949,6185
6068: 6067,6186,6187,5949,5950,6069
6069: 6070,6188,5950,5951,6068,6187
6070: 6069,6188,5951,5952,6071,6189
6071: 6072,6189,6190,5952,5953,6070
6072: 6071,6190,5953,5954,6073,6191
6073: 6191,6192,5955,5954,6072
6074: 6075,6193,5956,6192,5955
6075: 6074,6193,6194,5957,5956,6076
6076: 6077,6195,5958,6075,6194,5957
6077: 6076,6195,6196,5959,5958,6078
6078: 6079,6197,5960,6077,6196,5959
6079: 6078,6197,5960,6080,6198
6080: 6081,5962,6079,6199,6198
6081: 6080,5962,6200,6199,6318
6082: 6200,6201,5963,5964,6083
6083: 6084,6202,5964,5965,6082,6201
6084: 6083,6202,6203,5965,5966,6085
6085: 6086,6204,5966,5967,6084,6203
6086: 6085,6204,5967,5968,6087,6205
6087: 6088,6206,6205,5969,5968,6086
6088: 6087,6206,5969,5970,6089,6207
6089: 6208,6207,6090,5971,5970,6088
6090: 6089,6208,5971,5972,6091,6209
6091: 6209,6210,5972,5973,6090,6092
6092: 6093,6211,5973,5974,6091,6210
6093: 6092,6211,6212,5974,5975,6094
6094: 6095,6213,5975,5976,6093,6212
6095: 6094,6213,6214,5976,5977,6096
6096: 6097,6215,5977,5978,6095,6214
6097: 6096,6215,5978,5979
6098: 5980,5979,6099,6216,6217
6099: 5981,6100,6218,6098,5980,6217
6100: 5981,6218,6219,5982,6099,6101
6101: 6102,6220,5983,6100,6219,5982
6102: 6101,6220,6221,5983,5984,6103
6103: 6222,5985,6102,6221,5984
6104: 5985,5867,5986,6105,6223
6105: 6224,6223,5987,5986,6104,6106
6106: 6107,6225,5987,5988,6105,6224
6107: 6225,6226,6106,5988,5989,6108
6108: 6109,6227,5989,6107,6226
6109: 6108,6227,6228,5991,6110
6110: 6111,6229,5992,6109,6228
6111: 6110,6229,6230,5993,6112
6112: 6113,6231,5994,6111,6230
6113: 6112,6231,6232,6350
6114: 6232,6233,5996,6115
6115: 6116,6234,5996,5997,6114,6233
6116: 6115,6234,6235,5997,5998,6117
6117: 6118,5998,5999,6116,6235
6118: 6117,6236,6237,6000,6119
6119: 6120,6238,6000,6001,6118,6237
6120: 6119,6238,6001,6002
6121: 6240,6239,6122,6003
6122: 6121,6240,6123,6241,6004
6123: 6241,6005,6004,6122,6124
6124: 6125,6123,6005,6243
6125: 6124,6244,6126,6243
6126: 6125,6244
8297: 8298,8182,8181,8296,8412,8413
6128: 
6129: 
6130: 6249,6012,6011
13089: 
6132: 6014
9458: 9457,9348,9459,9349,9567,9568
11781: 11860
7371: 7252,7253,7370,7372,7488,7489
6136: 6017
7740: 7739,7857,7858,7622,7623,7741
8331: 8215,8216,8332,8330,8446,8447
10078: 10079,10183,9972,9973,10077,10182
8118: 8002,8119,8001,8117,8234,8235
6141: 
8578: 8463,8577,8692,8693
8082: 7966,8083,8198,8199
11208: 11209,13139,11300
6145: 6146,6264
6146: 6264,6145
7739: 7740,7857,7621,7622,7738,7856
13041: 2902,2691,2796,2795,2901
10415: 10416,10312,10414,10516
8714: 
10516: 10616,10414,10415,10617
11205: 11112,11204,11113,11206
8451: 8450,8565,8335,8336,8566
11966: 11967,12906,12041,13011,12042
10319: 10421,10215,10216,10320,10422,10523
6156: 
9903: 9902,10009,9795,9796,9904,10010
6158: 6040
11021: 10926,10927,11022,11114,11115
8928: 8927,9041,8814,8815,8929
10075: 9969
11129: 11036,11221
9602: 9492
7761: 7879,7878,7644,7643,7760
6165: 6284
11012: 10917,11011,10918,11013,13140
6167: 12899,6284,6285
6168: 6287,12899
12674: 
6170: 
6171: 6053,6052,6172
6172: 6291,6171
6173: 6055,6291,6292,6174
6174: 6292,6173,6175,6056
6175: 6057,6056,6174,6294,6176
6176: 6294,6057,6175,6177
6177: 6178,6058,6176,6296
6178: 6059,6058,6177,6060
12829: 
6180: 6062,6181,6298,6299
6181: 6062,6180,6182,6299,6300
6182: 6064,6183,6181,6300,6301
6183: 6064,6065,6182,6184,6301,6302
6184: 6066,6185,6065,6183,6302,6303
6185: 6184,6067,6186,6303,6304
6186: 6067,6068,6187,6185,6304,6305
6187: 6068,6186,6069,6188,6305,6306
6188: 6069,6070,6187,6189,6306,6307
6189: 6071,6190,6070,6188,6307,6308
6190: 6071,6072,6189,6191,6308,6309
6191: 6073,6192,6072,6190,6309,6310
6192: 6073,6191,5955,6074,6310
6193: 6074,6075,6194,6312
6194: 6075,6193,6076,6195,6312,6313
6195: 6076,6077,6196,6194,6313,6314
6196: 6077,6195,6078,6197,6314,6315
6197: 6078,6079,6196,6315,6316,6198
6198: 6317,6199,6079,6197,6080,6316
6199: 6317,6436,6198,6080,6081,6318
6200: 6082,6201,6081,6319,6318
6201: 6082,6200,6083,6202,6319,6320
6202: 6083,6084,6203,6201,6320,6321
6203: 6084,6202,6085,6204,6321,6322
6204: 6085,6086,6203,6205,6322,6323
6205: 6087,6206,6086,6204,6323,6324
6206: 6087,6088,6205,6207,6324,6325
6207: 6089,6208,6088,6206,6325,6326
6208: 6089,6207,6090,6209,6326,6327
6209: 6091,6210,6208,6090,6327,6328
6210: 6091,6209,6092,6211,6328,6329
6211: 6092,6093,6212,6210,6329,6330
6212: 6093,6211,6094,6213,6330,6331
6213: 6094,6095,6214,6212,6331
6214: 6095,6213,6096,6215,6332
6215: 6096,6097,6214,6333
6216: 6335,6217,6098,6334
6217: 6335,6216,6098,6218,6099,6336
6218: 6100,6219,6099,6217,6336,6337
6219: 6100,6218,6101,6220,6337,6338
6220: 6101,6102,6221,6219,6338,6339
6221: 6102,6220,6103,6222,6339,6340
6222: 6103,6221,6340,6341
6223: 6105,6224,6104,6341,6342
6224: 6105,6223,6225,6106,6342,6343
6225: 6107,6226,6106,6224,6344,6343
6226: 6107,6225,6108,6227,6344,6345
6227: 6108,6109,6228,6226,6345,6346
6228: 6109,6227,6110,6229,6346,6347
6229: 6110,6111,6230,6228,6347,6348
6230: 6111,6229,6112,6231,6348,6349
6231: 6112,6113,6230,6349,6468,6350
6232: 6114,6233,6113,6351,6350
6233: 6114,6232,6115,6234,6351,6352
6234: 6115,6116,6235,6233,6352
6235: 6116,6234,6117,6236
6236: 6118,6237,6235,6354,6355
6237: 6118,6236,6119,6238,6355,6356
6238: 6119,6120,6237,6356
6239: 6121,6240,6357,6358
6240: 6121,6239,6122,6241,6358,6359
6241: 6123,6240,6122,6359,6360
8179: 
6243: 6361,6362,6124,6125,6244
6244: 6125,6126,6362,6243,6245
6245: 6364,6244
6246: 6247,6364
6247: 6246,6366
8959: 
6249: 6130,6367
10529: 10530,10630,10427,10428,10629
10260: 
6252: 6253,6371
6253: 6252,6371,6372
9558: 9666,9667,9559,9557
7833: 7716,7834,7715,7949,7950
11637: 11721,11552,11636
11662: 11577,11663
9055: 9168,8943
10709: 10708,10807,10609,10808
9318: 9317,9207,9319,9208,9427
6261: 
9381: 9491,9270,9490,9380
7851: 7733,7850,7734,7852,7967,7968
6264: 6146,6145
11455: 11541,11454
7412: 7293,7294,7413,7411,7529,7530
11124: 11123
8327: 8212,8328,8211,8326,8443,8442
12056: 
8889: 8888,9001,9002,8775
13026: 7939
9961: 13069,9854,9962
9221: 9222,9332,9109,9110,9220,9331
8665: 8778,8779,8664,8550,8551,8666
10502: 10603
8994: 8881,8882,8995
13061: 2944
13006: 1661,1478,1477,1568
6279: 6280
6280: 6279
8737: 
9342: 9232,9343,9341,9231,9451,9452
11084: 11085,11177,10991,11083,11176
6284: 6165,6167,6285,6403
6285: 6404,6403,6167,6284
8163: 8162
6287: 6168,6406,6405
9499: 9500
6289: 
9012: 8899,8900,9125,9013
6291: 6172,6173,6292,6410
6292: 6411,6410,6174,6173,6291
9344: 9234,9345,9233,9343,9453,9454
6294: 6412,6413,6176,6175
7425: 7307,7426
6296: 6415,6414,6177
12940: 2518,2620
6298: 6417,6180,6299
6299: 6300,6418,6180,6181,6298
6300: 6299,6181,6182,6301,6419
6301: 6420,6419,6302,6182,6183,6300
6302: 6301,6420,6183,6184,6303,6421
6303: 6421,6422,6184,6185,6302,6304
6304: 6305,6423,6185,6186,6303,6422
6305: 6304,6424,6186,6187,6306
6306: 6307,6425,6187,6188,6305
6307: 6306,6426,6188,6189,6308
6308: 6309,6189,6190,6307
6309: 6308,6190,6191,6310
6310: 6191,6192,6309
10618: 10518,10617,10619,10717,10718
6312: 6431,6430,6193,6194,6313
6313: 6314,6432,6194,6195,6431,6312
6314: 6313,6432,6433,6195,6196,6315
6315: 6316,6434,6196,6197,6314,6433
6316: 6315,6434,6197,6317,6435,6198
6317: 6436,6435,6199,6198,6316
6318: 6319,6437,6081,6200,6436,6199
6319: 6437,6438,6318,6200,6201,6320
6320: 6321,6439,6201,6202,6319,6438
6321: 6320,6439,6440,6202,6203,6322
6322: 6323,6441,6203,6204,6321,6440
6323: 6322,6441,6204,6205,6324,6442
6324: 6325,6442,6443,6206,6205,6323
6325: 6324,6443,6206,6207,6326,6444
6326: 6445,6444,6327,6208,6207,6325
6327: 6326,6445,6208,6209,6328,6446
6328: 6446,6447,6209,6210,6327,6329
6329: 6330,6448,6210,6211,6328,6447
6330: 6329,6448,6449,6211,6212,6331
6331: 6212,6213,6330,6449
6332: 6450,6214,6333,6451
6333: 6452,6451,6334,6215,6332
6334: 6333,6452,6335,6453,6216
6335: 6453,6454,6216,6217,6334,6336
6336: 6337,6455,6218,6335,6454,6217
6337: 6336,6455,6456,6218,6219,6338
6338: 6339,6457,6219,6220,6337,6456
6339: 6338,6457,6458,6220,6221,6340
6340: 6221,6222,6339,6458
6341: 6222,6223,6342,6460
6342: 6461,6460,6224,6223,6341,6343
6343: 6344,6462,6224,6225,6342,6461
6344: 6462,6463,6343,6225,6226,6345
6345: 6346,6464,6226,6227,6344,6463
6346: 6345,6464,6465,6227,6228,6347
6347: 6348,6466,6228,6229,6346,6465
6348: 6347,6466,6467,6229,6230,6349
6349: 6468,6230,6231,6348,6467,6586
6350: 6351,6469,6113,6231,6232,6468
6351: 6469,6470,6350,6232,6233,6352
6352: 6471,6233,6234,6351,6470
10402: 10300,10504
6354: 6355,6473,6236
6355: 6354,6473,6236,6237,6356,6474
6356: 6357,6475,6474,6237,6238,6355
6357: 6356,6475,6239,6358,6476
6358: 6359,6476,6477,6240,6239,6357
6359: 6358,6477,6240,6241,6360
6360: 6479,6241,6359,6361
6361: 6362,6480,6243,6360,6479
6362: 6361,6480,6481,6243,6244
7627: 7510,7628,7509,7626,7744,7745
6364: 6245,6246,6483
6365: 
6366: 6484,6247,6367,6485
6367: 6486,6485,6249,6366
8783: 8669,8782,8670,8896,8897
8528: 8413,8414,8642,8643
7470: 
6371: 6490,6252,6253,6372
6372: 6253,6490,6371
12453: 12512
6374: 6492
10537: 10536,10436
9222: 9332,9221,9110,9111,9333,9223
7354: 7353,7236,7471,7472
11459: 11371,11370
8708: 8593,8709,8707
12200: 12128
8762: 8649,8763,8876,8648,8761,8875
9661: 9770,9769,9552,9553,9662
10088: 9982,9983,10089
10690: 10691,10689
7840: 7722,7839,7723,7841,7956,7957
9812: 
12468: 
7643: 7526,7525,7642,7760,7761
11480: 13083,11567,11392,11391
7641: 7523,7640,7524,7642,7758,7759
8766: 8880,8653,8652,8765
7824: 7707,7825,7940,7941
6393: 
7506: 7507,7624,7388,7389,7505,7623
10205: 10101,10206,10100,10309
6396: 6514
13035: 10663,10763
10127: 10126,10231,10022,10128
6399: 6517,6518
10524: 10525,10625,12824,10422,10423,10624,10523
6401: 
11453: 11454,11364,11365,11452
6403: 6285,6404,6284,13047
6404: 6285,6403,13047,6405
6405: 6404,6287
6406: 6407,6287
6407: 6406,6408,6526
6408: 6407,6526,6527
7602: 7601,7718,7719,7720
6410: 6292,6411,6291,6529
6411: 6292,6410,6412,6529,6530
6412: 6294,6413,6411,6530,6531
6413: 6294,6412,6414,6531,6532
6414: 6415,6296,6413,6532,6533
6415: 6296,6414,6416,6533,6534
6416: 6417,6415,6534,6535
6417: 6416,6298,6418,6535,6536
6418: 6299,6417,6536,6537
6419: 6301,6420,6300,6538
6420: 6301,6419,6302,6421,6538,6539
6421: 6303,6422,6420,6302,6540,6539
6422: 6303,6421,6304,6423,6540
6423: 6304,6424,6422,6541
6424: 6305,6423,6425,6542
6425: 6306,6426,6424,6543
6426: 6307,6425,6544
13050: 10783,10686,10785
6428: 6429,6546,6547
6429: 6428,6430,6547,6548
6430: 6431,6312,6429,6548,6549
6431: 6312,6430,6313,6432,6549,6550
6432: 6313,6314,6433,6431,6550,6551
6433: 6314,6432,6315,6434,6551,6552
6434: 6315,6316,6433,6435,6552,6553
6435: 6317,6316,6434,6553,6554
6436: 6317,6199,6437,6318,6555
6437: 6319,6438,6318,6436,6556,6555
6438: 6319,6437,6320,6439,6556,6557
6439: 6320,6321,6440,6438,6557,6558
6440: 6321,6439,6322,6441,6558
6441: 6322,6323,6440,6442,6560
6442: 6324,6443,6323,6441,6560,6561
6443: 6324,6325,6442,6444,6561,6562
6444: 6326,6445,6325,6443,6562,6563
6445: 6326,6444,6327,6446,6563,6564
6446: 6328,6447,6445,6327,6564,6565
6447: 6328,6446,6329,6448,6565,6566
6448: 6329,6330,6449,6447,6566,6567
6449: 6330,6448,6331,6567
6450: 6332,6451,6568,6569
6451: 6333,6452,6332,6450,6569,6570
6452: 6333,6451,6334,6453,6570,6571
6453: 6335,6454,6452,6334,6571,6572
6454: 6335,6453,6336,6455,6572,6573
6455: 6336,6337,6456,6454,6574,6573
6456: 6337,6455,6338,6457,6574,6575
6457: 6338,6339,6458,6456,6575,6576
6458: 6339,6457,6340,6576,6577
9691: 9692,9800,9583,13115,9799
6460: 6342,6461,6341,6579
6461: 6342,6460,6462,6343,6579,6580
6462: 6344,6463,6343,6461,6580,6581
6463: 6344,6462,6345,6464,6581,6582
6464: 6345,6346,6465,6463,6582,6583
6465: 6346,6464,6347,6466,6583,6584
6466: 6347,6348,6467,6465,6584,6585
6467: 6348,6466,6349,6585,6586
6468: 6349,6231,6469,6350,6586,6587
6469: 6351,6470,6350,6468,6587,6588
6470: 6351,6469,6352,6471,6588,6589
6471: 6352,6470,6590,6589
8186: 8185,8301,8069,8070,8187,8302
6473: 6354,6355,6474,6591,6592
6474: 6356,6475,6355,6473,6592,6593
6475: 6356,6357,6474,6476,6593,6594
6476: 6358,6477,6357,6475,6594,6595
6477: 6358,6359,6476,6595,6596
7436: 7317,7553
6479: 6360,6361,6480
6480: 6361,6362,6481,6479,6599
6481: 6362,6480,6482,6599,6600
6482: 6481,6600
6483: 6484,6364
6484: 6366,6483,6485
6485: 6367,6486,6366,6484,6604
6486: 6367,6485,6604,6605
10293: 10294,10396,10189,10190,10395,10292
6488: 
9853: 9959,9745,9746
6490: 6371,6372
10975: 10976,10880,11069
6492: 6374
9874: 9873,9980,9766,9875
6494: 
7986: 8103,8102,7870,7869,7985
6496: 
8637: 8750,8523,8638
6498: 6499,6616
6499: 6498
10519: 10619,10620,10417,10418,10518,10520
7347: 7346
9583: 9691,9692,13115,9584
10514: 10412,10413,10615
9590: 9480,9589,9698,9699,9591
13115: 9473,9582,9691,9583
6506: 12914
8198: 8314,8313,8199,8082,8197
10777: 10678,10679,10875
6509: 6510,6628
6510: 6509,6628
7472: 7473,7590,7354,7471,7589
9546: 9436,9437,9547,9654,9545,9655
9251: 9140,9362,9139,9250,9361
6514: 6396
9244: 9133,9245,9243,9132,9354,9355
11228: 11136
6517: 6635,6399,6518
6518: 6637,6399,6517
11515: 
6520: 6521,6639
6521: 6520,6639,13047,6640
13114: 4494,4609,4610
8547: 8432,8546,8661,8662
8445: 8559,8560,8444,8329,8330,8446
6525: 
6526: 6644,6407,6408,6527
6527: 6646,6408,6526
7664: 7547,7665,7546
6529: 6530,6411,6410
6530: 6529,6411,6412,6531,6649
6531: 6649,6532,6412,6413,6530
6532: 6531,6413,6414,6533
6533: 6652,6415,6414,6532,6534
6534: 6535,6653,6415,6416,6652,6533
6535: 6534,6653,6654,6416,6417,6536
6536: 6537,6655,6417,6418,6535,6654
6537: 6536,6655,6656,6418
6538: 6657,6420,6419,6539
6539: 6540,6658,6420,6421,6538
6540: 6658,6539,6421,6422
6541: 6542,6660,6423,6659
6542: 6541,6660,6424,6543,6661
6543: 6544,6662,6661,6425,6542
6544: 6543,6662,6426,6545,6663
6545: 6664,6663,6546,6544
6546: 6545,6664,6428,6547,6665
6547: 6665,6666,6428,6429,6546,6548
6548: 6549,6667,6429,6430,6547,6666
6549: 6548,6667,6668,6431,6430,6550
6550: 6551,6669,6431,6432,6549,6668
6551: 6550,6669,6670,6432,6433,6552
6552: 6553,6671,6433,6434,6551,6670
6553: 6552,6671,6672,6434,6435,6554
6554: 6673,6435,6553,6672
6555: 6556,6674,6436,6437
6556: 6674,6675,6555,6437,6438,6557
6557: 6558,6676,6438,6439,6556,6675
6558: 6557,6676,6439,6440,6559
6559: 6678,6558,6677
6560: 6441,6442,6561
6561: 6562,6442,6443,6560
6562: 6561,6443,6444,6563
6563: 6564,6445,6444,6562
6564: 6563,6445,6446,6565
6565: 6446,6447,6564,6566
6566: 6567,6447,6448,6565
6567: 6566,6448,6449
6568: 6569,6687,6686,6450
6569: 6568,6687,6450,6451,6570,6688
6570: 6571,6688,6689,6452,6451,6569
6571: 6570,6689,6452,6453,6572,6690
6572: 6690,6691,6453,6454,6571,6573
6573: 6574,6692,6454,6455,6572,6691
6574: 6693,6692,6573,6455,6456,6575
6575: 6576,6694,6456,6457,6693,6574
6576: 6575,6694,6695,6457,6458,6577
6577: 6458,6576,6695
6578: 6579,6698,6696,6697
6579: 6698,6578,6580,6461,6460
6580: 6579,6698,6461,6462,6581,6699
6581: 6699,6700,6462,6463,6580,6582
6582: 6583,6701,6463,6464,6581,6700
6583: 6582,6701,6702,6464,6465,6584
6584: 6585,6703,6465,6466,6583,6702
6585: 6584,6703,6466,6467
6586: 6587,6705,6467,6349,6468
6587: 6586,6705,6468,6469,6588,6706
6588: 6706,6707,6469,6470,6587,6589
6589: 6590,6708,6470,6471,6588,6707
6590: 6709,6708,6589,6471
6591: 6592,6710,6473,6709
6592: 6591,6710,6473,6474,6593,6711
6593: 6594,6712,6711,6475,6474,6592
6594: 6593,6712,6475,6476,6595,6713
6595: 6596,6713,6476,6477,6594
6596: 6595,6477,6715
8079: 8080,7962,8078,8195,8196
8424: 8423,8538,8308,8309,8425,8539
6599: 6718,6717,6480,6481,6600
6600: 6719,6481,6482,6718,6599
9249: 9137,9248,9359,9138,9250,9360
6602: 
13129: 836,760,761,835
6604: 6723,6605,6486,6485
6605: 6604,6723,6486,6606
6606: 6725,6605,12904
6607: 12904,6727,6725,6844,6845
10989: 10894,10895,10990,11082,13033
9687: 9686,9795,9578,9579,9688,9796
8430: 8431,8545,8314,8315,8544,8429
12354: 
11475: 11561,11474
9110: 8998,8997,9109,9111,9222,9221
8387: 
8571: 8686,8572,8456,8457
6616: 6498,6734
10005: 10110,10111,10004,9898,9899,10006
9875: 9982,9768,9874
8809: 8695,8923,8808,8922
9693: 9694,9802,9692,9801
9912: 9911,10018,9804,9913
8919: 8918,9031,9032,8805,8806,8920
9756: 9755,9648,9864,13091
7772: 7890,7889,7655,7654,7771
7745: 7746,7862,7863,7627,7628,7744
11011: 11012,10917,10916
9454: 9453,9563,9564,9344,9345,9455
6628: 6509,6510,12997
8949: 13060
11098: 11097,11190,11004,11005,11099,11191
8224: 8108,8225,8107,8223,8339,8340
9101: 9102,8988,8989,9100,9212,9213
12015: 13009,11939
6634: 
6635: 6517
7626: 7508,7509,7625,7627,7743,7744
6637: 6518,6756
11592: 
6639: 6520,6521,6640
6640: 6759,6521,6639
9547: 9437,9438,9548,9546,9655,9656
6642: 6643,6760
6643: 6642,6644
6644: 6526,6643
9025: 8912,9024,8913,9026,9137,9138
6646: 6527,6764
9358: 9248,9359,9247,9467,9357,9468
6648: 
6649: 6531,6530,6767,6768
12672: 
6651: 
6652: 6533,6534,6653,6770,6771
6653: 6534,6535,6654,6652,6771,6772
6654: 6535,6653,6536,6655,6772,6773
6655: 6536,6537,6656,6654,6773,6774
6656: 6537,6655,6657,6774,6775
6657: 6538,6656,6775
6658: 6540,6659,6539
6659: 6658,6541,6660,6778
6660: 6541,6542,6659,6661,6778,6779
6661: 6543,6662,6542,6660,6779,6780
6662: 6543,6544,6661,6663,6780,6781
6663: 6545,6664,6544,6662,6781,6782
6664: 6545,6663,6546,6665,6782,6783
6665: 6547,6666,6664,6546,6783
6666: 6547,6665,6548,6667,6785
6667: 6548,6549,6668,6666,6785,6786
6668: 6549,6667,6550,6669,6786,6787
6669: 6550,6551,6670,6668,6787,6788
6670: 6551,6669,6552,6671,6788,6789
6671: 6552,6553,6672,6670,6789,6790
6672: 6553,6671,6554,6673,6790,6791
6673: 6554,6672,6791,6910,6792
6674: 6556,6675,6555,6792
6675: 6556,6674,6557,6676
6676: 6557,6558,6677,6675
6677: 6676,6559,6678,6795,6796
6678: 6559,6679,6677,6796,6797
6679: 6678,6680,6797,6798
6680: 6681,6679,6798,6799
6681: 6680,6799,6800
8019: 8136
6683: 6684,6802,6801
6684: 6685,6683,6802,6803
6685: 6684,6686,6803,6804
6686: 6568,6687,6685,6804,6805
6687: 6568,6569,6686,6688,6805,6806
6688: 6570,6689,6569,6687,6806,6807
6689: 6570,6571,6688,6690,6807,6808
6690: 6572,6691,6571,6689,6809,6808
6691: 6572,6690,6692,6573,6809,6810
6692: 6693,6574,6573,6691,6810,6811
6693: 6574,6692,6575,6694,6811,6812
6694: 6575,6576,6695,6693,6812
6695: 6576,6694,6577,6813,6814
6696: 6578,6814,6815,6697
6697: 6816,6696,6698,6578,6815
6698: 6579,6578,6580,6699,6697
6699: 6581,6700,6698,6580
6700: 6581,6699,6582,6701,6819
6701: 6582,6583,6702,6700,6819,6820
6702: 6583,6701,6584,6703,6820
6703: 6584,6585,6702
9715: 13092
6705: 6586,6587,6706
6706: 6588,6707,6587,6705,6825
6707: 6588,6706,6708,6589,6825,6826
6708: 6709,6590,6589,6707,6826,6827
6709: 6590,6708,6591,6827,6828
6710: 6591,6592,6711,6828,6829
6711: 6593,6712,6592,6710,6829
6712: 6593,6594,6711,6713,6831
6713: 6595,6594,6712,6831,6832
7618: 7501,7619,7617,7500,7735,7736
6715: 6716,6596,6833,6834
6716: 6715,6717,6834,6835
6717: 6718,6599,6716,6835,6836
6718: 6599,6717,6600,6719,6836,6837
6719: 6600,6718,6837,6838
13099: 5341,5342,5107
6721: 6839,6840
8447: 8446,8561,8562,8331,8332,8448
6723: 6604,6605,6842
7984: 7985,8101,7867,7868,7983,8100
6725: 6606,6607,12904,6843,6844
11640: 11641
6727: 6607,6728,6845
6728: 13020,6727,6847
9247: 9135,9246,9136,9248,9358,9357
9865: 9864,9971,9972,13091,9866
8878: 8990,8991,8765,8877,8764,8879
8192: 8193,8308,8075,8076,8307,8191
9262: 9373,9150,9261
6734: 6616
7513: 7514,7631,7395,7396,7512,7630
6736: 
9127: 9128,9239,9014,9015,9126,9238
9368: 9367,9257,9258,9477,9369
11222: 
9898: 9899,9790,10005,10004
8191: 8307,8306,8075,8074,8192
7637: 7519,7636,7638,7520,7754,7755
10288: 10289,10390,10185,10184
10229: 10230,10125,10228,10124,10332,10333
8221: 8336,8337,8220,8222
8781: 8667,8780,8668,8782,8894,8895
10033: 9926
7617: 7500,7618,7735
6749: 
10490: 10388
6751: 
11100: 11099,11192,11006,11193
9111: 8999,9112,9110,8998,9222,9223
9478: 9477,9479,9369,9587
7595: 7478,7596,7477
6756: 6874,6637
8979: 8980,8867
11635: 
6759: 6878,6640,6760
6760: 6879,6642,6759,6878
10184: 10080,10185,10079,10183,10288
13118: 5101,4982,5100
7639: 7521,7638,7522,7640,7756,7757
6764: 6646,6882
6765: 
8184: 8183,8299,8068,8185,8300
6767: 6885,6649,6768
6768: 6769,6887,6649,6767
6769: 6768,6887,6770,6888
6770: 6889,6888,6652,6769,6771
6771: 6772,6890,6652,6653,6889,6770
6772: 6771,6890,6891,6653,6654,6773
6773: 6774,6892,6654,6655,6772,6891
6774: 6773,6892,6893,6655,6656,6775
6775: 6894,6656,6657,6774,6893
9313: 9203,9423
11922: 11997
6778: 6779,6897,6659,6660,6896
6779: 6778,6897,6660,6661,6780,6898
6780: 6781,6899,6898,6662,6661,6779
6781: 6780,6899,6662,6663,6782,6900
6782: 6783,6900,6901,6664,6663,6781
6783: 6782,6901,6664,6665,6902
10128: 10022,10023,10127
6785: 6786,6904,6666,6667,6903
6786: 6785,6904,6905,6667,6668,6787
6787: 6788,6906,6668,6669,6786,6905
6788: 6787,6906,6907,6669,6670,6789
6789: 6790,6908,6670,6671,6788,6907
6790: 6789,6908,6909,6671,6672,6791
6791: 6910,7028,6672,6673,6790,6909
6792: 6793,6673,6674,6910
6793: 6911,6912,6792,6794
6794: 6795,6913,6793,6912
6795: 6794,6913,6914,6677,6796
6796: 6797,6915,6677,6678,6795,6914
6797: 6796,6915,6916,6678,6679,6798
6798: 6799,6917,6679,6680,6797,6916
6799: 6798,6917,6918,6680,6681,6800
6800: 6919,6681,6799,6918
6801: 6802,6920,6683,6919
6802: 6920,6801,6683,6684,6803,6921
6803: 6804,6922,6921,6685,6684,6802
6804: 6803,6922,6685,6686,6805,6923
6805: 6806,6924,6923,6687,6686,6804
6806: 6805,6924,6687,6688,6807,6925
6807: 6926,6925,6688,6689,6806,6808
6808: 6809,6927,6689,6690,6807,6926
6809: 6927,6928,6808,6690,6691,6810
6810: 6811,6929,6691,6692,6809,6928
6811: 6810,6929,6930,6693,6692,6812
6812: 6813,6931,6693,6694,6811,6930
6813: 6812,6931,6695,6814,6932
6814: 6815,6932,6695,6696,6813
6815: 6814,6696,6816,6697,6933,6934
6816: 6697,6815,6817,6935,6934
6817: 6818,6816,6935,6936
6818: 6819,6817,6938,6936,6937
6819: 6818,6700,6701,6938,6820
6820: 6938,6701,6702,6819
9231: 9341,9119,9230,9120,9232,9342
6822: 6941,6823,6940
6823: 6942,6941,6822
9377: 9376,9266,9267,9378,9486,9487
6825: 6943,6944,6706,6707,6826
6826: 6827,6945,6707,6708,6825,6944
6827: 6826,6945,6946,6709,6708,6828
6828: 6709,6710,6827,6946
6829: 6710,6711,6948
9773: 9664,9665,9774,9772,9880,9881
6831: 6949,6712,6713,6832
6832: 6833,6951,6713,6831
6833: 6832,6951,6715,6834,6952
6834: 6952,6953,6835,6716,6715,6833
6835: 6834,6953,6716,6717,6836,6954
6836: 6955,6954,6718,6717,6835,6837
6837: 6838,6956,6718,6719,6955,6836
6838: 6837,6956,6719
6839: 6840,6721
6840: 6839,6959,6721
8020: 
6842: 6723,6843
6843: 6725,6842,6844
6844: 6845,6725,6607,6843
6845: 6844,6607,6727
12964: 2336,2236
6847: 6728,13020
8361: 8591,8245,8362,8476,8478
7956: 8072,8073,7957,7839,7840,7955
6850: 6969
11310: 11219
11437: 11438
11107: 11200,11199,11013,11014
11163: 11162,11070,11254
8226: 8110,8227,8109,8225,8341,8342
11808: 11888,11887
6857: 
9043: 9042,9155,8930,8931
9399: 13087
11659: 
9317: 9318,9207,9316,9426,9427
9901: 9900,10007,9793,9902,10008
9456: 9346,9457,9347,9565,9566
8100: 7983,8099,7984,8101,8216,8217
8356: 8240,8241,8357,8355
9699: 9698,9807,9590,9700,9808,9591
8450: 8451,8564,8565,8335,8334,8449
9031: 8918,8919,9032,9144,9030,9143
10819: 10720,10721,10820,10818,10916,10917
12041: 11965,13011,12114,11966
9253: 9364,9254,9142,9141,9363,9252
8679: 8564,8565,8680,8678,8792
10103: 10104,10208,10207,9998,9997,10102
6874: 6756
8984: 8985,9097,8871,8872,9096,8983
9362: 9252,9251,9361,9471,9472
6877: 
6878: 6759,6760,6879
6879: 6760,6880,6878
6880: 6879
7746: 7745,7863,7628,7629
6882: 6764
10329: 10330,10431,10432,10226,10328
6884: 6885,7003
6885: 6767,6884,7004
7621: 7503,7620,7504,7622,7738,7739
6887: 6768,6769,6888,7005
6888: 6889,6770,6769,6887,7007
6889: 6770,6888,6771,6890,7007,7008
6890: 6771,6772,6891,6889,7008,7009
6891: 6772,6890,6773,6892,7009,7010
6892: 6773,6774,6893,6891,7010,7011
6893: 6774,6892,6775,6894,7011
6894: 6775,6893
6895: 6896,7014,7013
6896: 6895,6778,6897,7014,7015
6897: 6778,6779,6896,6898,7015,7016
6898: 6780,6899,6779,6897,7016,7017
6899: 6780,6781,6898,6900,7017,7018
6900: 6782,6901,6781,6899,7018,7019
6901: 6782,6783,6900,6902,7019,7020
6902: 6903,6783,6901,7020,7021
6903: 6902,6785,6904,7021,7022
6904: 6785,6786,6905,6903,7022,7023
6905: 6786,6904,6787,6906,7023,7024
6906: 6787,6788,6907,6905,7024,7025
6907: 6788,6906,6789,6908,7025,7026
6908: 6789,6790,6909,6907,7026,7027
6909: 6790,6908,6791,7028,7027
6910: 6791,7028,6673,6911,6792
6911: 6793,6912,6910,7029,7030
6912: 6793,6911,6794,6913,7030,7031
6913: 6794,6795,6914,6912,7031,7032
6914: 6795,6913,6796,6915,7032,7033
6915: 6796,6797,6916,6914,7033,7034
6916: 6797,6915,6798,6917,7034,7035
6917: 6798,6799,6918,6916,7035,7036
6918: 6799,6917,6800,7036,7037
6919: 6800,6801
6920: 6802,6801,6921,7039,7038
6921: 6803,6922,6802,6920,7039,7040
6922: 6803,6804,6921,6923,7040,7041
6923: 6805,6924,6804,6922,7041,7042
6924: 6805,6806,6923,6925,7042,7043
6925: 6807,6926,6806,6924,7043,7044
6926: 6807,6925,6927,6808,7044,7045
6927: 6809,6928,6808,6926,7046,7045
6928: 6809,6927,6810,6929,7046,7047
6929: 6810,6811,6930,6928,7047,7048
6930: 6811,6929,6812,6931,7048,7049
6931: 6812,6813,6930,7049,7050
6932: 6814,6813,7051,6933
6933: 7051,7052,6815,6932,6934
6934: 7053,6935,6815,6816,7052,6933
6935: 7053,6934,6816,6817,6936,7054
6936: 7055,6937,7054,6818,6817,6935
6937: 7055,6936,6818,6938,7056
6938: 6820,6818,6819,6937
6939: 7057,7058,6940
6940: 7058,7059,6941,6822,6939
6941: 6822,6823,6942,7059,6940
6942: 6823,7061,6941
6943: 6825,6944,7062,7061
6944: 6825,6943,7062,6826,6945,7063
6945: 6826,6827,6946,7063,7064,6944
6946: 6827,6945,7064,6828
12751: 
6948: 6949,6829,7066,7067
6949: 6948,6831,7067,7068
6950: 
6951: 6832,6833,6952,7069,7070
6952: 6834,6953,6833,6951,7070
6953: 6834,6952,6835,6954,7072
6954: 6955,6836,6953,6835,7072,7073
6955: 6836,6954,6837,6956,7073
6956: 6837,6838,6955,7075
7942: 7941,8058,8059,7825,7826
8328: 8212,8327,8329,8213,8443,8444
6959: 6840,7077
8597: 8483
13110: 1524,1616,1614,1707
10284: 10285,10387,10181,10283
10817: 10818,10718,10816,10914,10915
10212: 10107,10211,10108,10213
10497: 10498,10598,10395,10396,10496,10597
7495: 7496,7613,7377,7378,7494,7612
6967: 
7505: 7504,7622,7623,7387,7388,7506
6969: 6850,7087
9866: 9867,9973,9865,9972
8412: 8413,8296,8297,8526
9657: 9658,9766,9549,9548,9656,9765
10309: 10310,10412,10206,10205
8875: 8761,8762,8876,8987,8988
8298: 8182,8297,8183,8299,8413,8414
10792: 10694,10693,10889
10619: 10519,10620,10518,10618,10718
7552: 7434,7553
9772: 9663,9771,9664,9773,9879,9880
9082: 
6981: 
10733: 10734,10832,10633,10634
11518: 11519
8811: 8924,8810,8697,8698,8812
6985: 
10808: 10809,10709,10807,10905,10906
6987: 
10014: 9907,9908,10015,10120,10013
11785: 
10263: 10264,10159
6991: 
10093: 10092,10197,10198,9988
9870: 9976,9977,9762,9869
6994: 7113,7112
12951: 2394,2292,2494,2392
7588: 7471,7589
7610: 7492,7493,7609,7611,7727,7728
13125: 11173,11080,10987,11081,13033
10404: 10301,10302,10405,10505,10506
7000: 7118,7001
7001: 7000
8332: 8216,8331,8217,8333,8447,8448
7003: 7004,7121,6884
7004: 7003,6885,7005,7123
7005: 7123,7124,6887,7004
7006: 
7007: 7125,7126,6889,6888,7008
7008: 7009,7127,6889,6890,7007,7126
7009: 7008,7127,7128,6890,6891,7010
7010: 7011,7129,6891,6892,7009,7128
7011: 7010,7129,7130,6892,6893
12658: 12611
7013: 7014,7132,6895,7131
7014: 7132,7133,7013,6896,6895,7015
7015: 7016,7134,6896,6897,7014,7133
7016: 7015,7134,6897,6898,7017,7135
7017: 7018,7136,7135,6899,6898,7016
7018: 7017,7136,6899,6900,7019,7137
7019: 7020,7137,7138,6900,6901,7018
7020: 7019,7138,6901,6902,7021,7139
7021: 7139,7140,7022,6903,6902,7020
7022: 7021,7140,6903,6904,7023,7141
7023: 7142,7141,6904,6905,7022,7024
7024: 7025,7143,6905,6906,7142,7023
7025: 7024,7143,7144,6906,6907,7026
7026: 7027,7145,6907,6908,7025,7144
7027: 7026,7145,6908,6909
7028: 6791,6910,6909,7029
7029: 7147,7028,6911,7030,7148
7030: 7148,7149,6911,6912,7029,7031
7031: 7032,7150,6912,6913,7030,7149
7032: 7031,7150,7151,6913,6914,7033
7033: 7034,7152,6914,6915,7032,7151
7034: 7033,7152,7153,6915,6916,7035
7035: 7036,7154,6916,6917,7034,7153
7036: 7035,7154,7155,6917,6918,7037
7037: 6918,7036,7155
7038: 7039,7157,6920
7039: 7157,7038,6920,6921,7040,7158
7040: 7041,7159,7158,6922,6921,7039
7041: 7040,7159,6922,6923,7042,7160
7042: 7043,7161,7160,6924,6923,7041
7043: 7042,7161,6924,6925,7044,7162
7044: 7163,7162,6926,6925,7043,7045
7045: 7046,7164,6926,6927,7044,7163
7046: 7164,7165,7045,6927,6928,7047
7047: 7048,7166,6928,6929,7046,7165
7048: 7047,7166,7167,6929,6930,7049
7049: 7050,7168,6930,6931,7048,7167
7050: 7049,7168,7169,6931,7051
7051: 7170,6933,6932,7050,7169
7052: 7170,6933,7053,7171,6934
7053: 6935,7171,7172,6934,7052,7054
7054: 7055,7173,6936,7053,6935,7172
7055: 7173,7174,6936,6937,7054,7056
7056: 7057,7175,7055,7174,6937
7057: 7056,7175,7176,6939,7058
7058: 7059,7177,6940,7057,7176,6939
7059: 7058,7177,7178,6940,6941
8103: 7986,8104,7987
7061: 6942,6943,7062
7062: 6943,6944,7061,7063,7181
7063: 6945,7064,6944,7062,7181
7064: 6945,6946,7063,7065
7065: 7066,7184,7064,7183
7066: 7065,7184,7185,6948,7067
7067: 7068,6948,6949,7066
7068: 7067,6949,7069,7187
7069: 7070,7187,7188,6951,7068
7070: 7069,7188,6951,6952,7189
7071: 
7072: 6953,6954,7073,7191
7073: 7192,7191,6955,6954,7072
8672: 8558,8557,8671,8673,8786,8785
7075: 7193,6956
10299: 10195,10196,10298,10300
7077: 7195,6959,7078,7196
7078: 7079,7196,7077
7079: 7078,7080
7080: 7079
7081: 
7082: 7201
11131: 
11036: 11129
10557: 10657
8090: 7973,7974,8091,8206,8207,8089
7087: 6969
8775: 8661,8662,8774,8888,8889
10678: 10777,10578,10679
10281: 10383,10384,10282,10178,10280
12542: 
7092: 
7093: 
9417: 9416,12960
11786: 
8211: 8212,8327,8095,8326
7097: 
10891: 10794,10986
9659: 9768,9658,9550
7744: 7743,7861,7626,7627,7745,7862
9991: 9884,9885,9990,9992
8108: 7991,7992,8109,8225,8224,8107
10387: 10284,10285,10388,10488
8434: 8549,8548
9648: 9757,9540,9756
7106: 
12169: 13019
7416: 7297,7298,7415,7417,7533,7534
7109: 7110
7110: 7109
12971: 
7112: 6994,7113,7230,7231
7113: 6994,7112,7231
9475: 9476,9584,9585,9366,9365,9474
7115: 13034,7116,7234
7116: 13034,7115
7117: 13034,7118,7236
7118: 7000,7117,7236
10354: 
8750: 8636,8637,8863,8864
7121: 7003,7239,7240
8895: 8896,9008,8781,8782,8894,9007
7123: 7005,7124,7004,7241,7242
7124: 7005,7123,7125,7242,7243
7125: 7007,7126,7124,7243
7126: 7007,7125,7008,7127,7245
7127: 7008,7009,7128,7126,7245,7246
7128: 7009,7127,7010,7129,7246,7247
7129: 7010,7011,7130,7128,7247,7248
7130: 7011,7129,7248
7131: 7132,7013,7250
7132: 7014,7133,7013,7131,7251,7250
7133: 7014,7132,7015,7134,7251,7252
7134: 7015,7016,7133,7135,7252,7253
7135: 7017,7136,7016,7134,7253,7254
7136: 7017,7018,7135,7137,7254,7255
7137: 7019,7138,7018,7136,7255,7256
7138: 7019,7020,7137,7139,7256,7257
7139: 7021,7140,7020,7138,7257,7258
7140: 7021,7139,7022,7141,7258,7259
7141: 7142,7023,7140,7022,7260,7259
7142: 7023,7141,7024,7143,7260,7261
7143: 7024,7025,7144,7142,7261,7262
7144: 7025,7143,7026,7145,7262
7145: 7026,7027,7144,7263
7544: 7426,7427,7545
7147: 7029,7148,7265,7266
7148: 7030,7149,7029,7147,7266,7267
7149: 7030,7148,7031,7150,7267,7268
7150: 7031,7032,7151,7149,7268,7269
7151: 7032,7150,7033,7152,7269,7270
7152: 7033,7034,7153,7151,7270,7271
7153: 7034,7152,7035,7154,7271,7272
7154: 7035,7036,7155,7153,7272,7273
7155: 7036,7154,7037,7273,7274
12836: 11403
7157: 7039,7038,7158,7276
7158: 7040,7159,7039,7157,7277
7159: 7040,7041,7158,7160,7278
7160: 7042,7161,7041,7159,7279
7161: 7042,7043,7160,7162,7279,7280
7162: 7044,7163,7043,7161,7280,7281
7163: 7044,7162,7164,7045,7281,7282
7164: 7046,7165,7045,7163,7283,7282
7165: 7046,7164,7047,7166,7283,7284
7166: 7047,7048,7167,7165,7284,7285
7167: 7048,7166,7049,7168,7285,7286
7168: 7049,7050,7169,7167,7286,7287
7169: 7050,7168,7051,7170,7287,7288
7170: 7051,7052,7169,7288,7289
7171: 7053,7172,7052,7289,7290
7172: 7053,7171,7173,7054,7290,7291
7173: 7055,7174,7054,7172,7292,7291
7174: 7055,7173,7056,7175,7292,7293
7175: 7056,7057,7176,7174,7293,7294
7176: 7057,7175,7058,7177,7294,7295
7177: 7058,7059,7178,7176,7295,7296
7178: 7059,7177,7179,7296,7297
7179: 7178,7297,7298
12233: 12164,13058,12300
7181: 7062,7063
7182: 
7183: 7065,7184,7301,7302
7184: 7065,7066,7185,7183,7302,7303
7185: 7066,7184,7303,7304
7186: 
7187: 7069,7188,7068,7305,7306
7188: 7069,7070,7187,7189,7306,7307
7189: 7070,7188,7307,7308
8521: 8407,8520,8406,8636
7191: 7192,7073,7072,7309,7310
7192: 7073,7191,7193,7310
7193: 7075,7192,7311
7194: 7195,7312
7195: 7077,7194,7196
7196: 7078,7195,7077,7315
8001: 8000,8117,7884,7885,8002,8118
7198: 
12945: 
8011: 8012,8127,8128,7894,7895,8010
7201: 7082
7202: 
8077: 7961,8078,7960,8076,8193,8194
13107: 1180
13060: 8949,9062,9063,9175
10444: 10546
10714: 10812,10614,10615,10715,10813
12706: 
8177: 8292,8176,8178
7210: 
10925: 10926,10827,10828,10924,11019
8147: 8030,8031,8264
12038: 11885
10394: 10395,10393,10495,10496
8754: 8867,8753,8755,8868
11272: 11180,11181,11271,11362
10215: 10110,10111,10216,10318,10319
7218: 
10214: 10109,10213,10110,10318
7634: 7517,7635,7516,7751
9798: 9689,9690,9799,9797,9905
7770: 7887,7888,7771,7652,7653,7769
7223: 7341
9144: 9031,9032,9145,9255,9256,9143
9890: 9889,9996,9782,9783,9891,9997
10195: 10091,10196,10090,10194,10298,10299
7723: 7722,7840,7604,7605,7724,7841
10420: 10317,10419,10421,10521
7229: 
7230: 7349,7112,7231
7231: 7112,7113,7230,7349
7496: 7614,7613,7495,7379,7378,7497
8426: 8425,8540,8310,8311,8427,8541
7234: 7353,7115,13034,7352
11211: 11119,11212
7236: 7117,7118,7354
10397: 10498,10499
7238: 7239
7239: 7238,7121,7240,7358
7240: 7241,7358,7359,7121,7239
7241: 7240,7359,7123,7242
7242: 7361,7243,7123,7124,7241
7243: 7242,7361,7124,7125,7362
13068: 11091,11183,10998,11092,11184
7245: 7246,7126,7127,7363
7246: 7245,7365,7127,7128,7247
7247: 7248,7366,7128,7129,7246,7365
7248: 7247,7366,7367,7129,7130
7249: 7368,7367
7250: 7251,7369,7131,7132,7368
7251: 7369,7370,7250,7132,7133,7252
7252: 7253,7371,7133,7134,7251,7370
7253: 7252,7371,7134,7135,7254,7372
7254: 7255,7373,7372,7136,7135,7253
7255: 7254,7373,7136,7137,7256,7374
7256: 7257,7374,7375,7137,7138,7255
7257: 7256,7375,7138,7139,7258,7376
7258: 7376,7377,7139,7140,7257,7259
7259: 7260,7378,7140,7141,7258,7377
7260: 7379,7378,7259,7142,7141,7261
7261: 7262,7380,7142,7143,7379,7260
7262: 7261,7380,7381,7143,7144
7263: 7264,7382,7145,7381
7264: 7263,7382,7265,7383
7265: 7384,7383,7266,7147,7264
7266: 7265,7384,7147,7148,7267,7385
7267: 7385,7386,7148,7149,7266,7268
7268: 7269,7387,7149,7150,7267,7386
7269: 7268,7387,7388,7150,7151,7270
7270: 7271,7389,7151,7152,7269,7388
7271: 7270,7389,7390,7152,7153,7272
7272: 7273,7391,7153,7154,7271,7390
7273: 7272,7391,7154,7155,7274,7392
7274: 7393,7392,7155,7273
7275: 7276,7394,7393
7276: 7394,7395,7275,7157,7277
7277: 7278,7396,7158,7276,7395
7278: 7277,7396,7397,7159
7279: 7280,7398,7161,7160
7280: 7279,7398,7161,7162,7281,7399
7281: 7400,7399,7163,7162,7280,7282
7282: 7283,7401,7163,7164,7281,7400
7283: 7401,7402,7282,7164,7165,7284
7284: 7285,7403,7165,7166,7283,7402
7285: 7284,7403,7404,7166,7167,7286
7286: 7287,7405,7167,7168,7285,7404
7287: 7286,7405,7406,7168,7169,7288
7288: 7289,7407,7169,7170,7287,7406
7289: 7288,7407,7170,7171,7408
7290: 7409,7408,7171,7172,7291
7291: 7292,7410,7172,7173,7290,7409
7292: 7410,7411,7291,7173,7174,7293
7293: 7294,7412,7174,7175,7292,7411
7294: 7293,7412,7413,7175,7176,7295
7295: 7296,7414,7176,7177,7294,7413
7296: 7295,7414,7415,7177,7178,7297
7297: 7298,7416,7178,7179,7296,7415
7298: 7297,7416,7179,7299,7417
7299: 7417,7418,7298
7860: 7742,7859,7743,7861,7976,7977
7301: 7420,7419,7183,7302
7302: 7303,7421,7183,7184,7420,7301
7303: 7302,7421,7422,7184,7185,7304
7304: 7305,7423,7185,7303,7422
7305: 7304,7187,7306
7306: 7307,7187,7188,7305
7307: 7306,7425,7188,7189,7308
7308: 7426,7309,7189,7307
7309: 7308,7427,7191,7310
7310: 7428,7192,7191,7309
7311: 7312,7430,7429,7193
7312: 7311,7430,7194,7431
7667: 7550,7666
8978: 
7315: 7434,7196
9545: 9654,9435,9436,9546,9653,9544
7317: 7436
9873: 9874,9980,9765,9766,9872
13080: 5583,5702,5584,5703,5821