0: 12978
11705: 11622,11621,11704,11786
2: 
11407: 11408,11316
12948: 579,647
5: 
11735: 11652,11736,11651,11816,11817
12316: 12249,12315,12381,12317,12380
11760: 11759
9: 
11477: 
10676: 10775,10577,10675
12: 
12856: 
12092: 12164
12545: 12546
11450: 11536,11361,11362,11451
12125: 12197,12052,12126
10717: 10718,10815,10816,10617,10618,10716
12938: 2404,2505,2507
20: 44
11812: 11891,11892,11811
22: 
23: 
12170: 12169,12099,12239
12965: 2527
11999: 12000,12072,11998
12894: 4391,4507
11851: 11771,11928
29: 30
30: 29
12880: 4268,4269,4383,12987
10945: 
33: 
10903: 10902,10997,10805,10806,10904,10998
11429: 11515,11340,11341,11430
11390: 11300,11391,11479
12968: 3037,12974,2931
12130: 12056
11951: 12026,11874,11950,11952
12035: 
41: 
10530: 10529,10630,10631,10428,10429,10531
11519: 11518,11604
44: 20,75
10749: 10848,10649,10650,10748
46: 47
47: 46
12089: 12161,12015,12016,12088
49: 
10697: 10698,10597,10598,10696,10795
11871: 11872,11791,11870,11949
52: 
11289: 11288,11379,11380,11198,11197,11290
12381: 12317,12382,12316,12442,12380,12443
12013: 11938,12087
56: 57
57: 56,95
58: 
59: 60,96,97
60: 59,97
12516: 
10915: 11009,11010,10817,10818,10914,10916
63: 64,101
64: 63,101
12621: 12620,12669
12418: 12477
11150: 
68: 
11644: 11643,11645,11728
10448: 10345,10549
71: 108
10582: 10481,10482,10581,10583,10681,10682
12265: 12266,12197
74: 75
75: 74,44
11471: 11472,11557,11382,11470
10631: 10530,10630,10531,10632,10730,10731
10947: 11042,12829,10948
12502: 
80: 
10639: 10539,10640,10738
82: 83,119,120
83: 82,120
84: 
10233: 10128,10129,10232,10234,10336,10337
86: 
12588: 12587,12635,12636
10588: 10487,10587,10488,10589,10687,10688
11042: 10947,11041,10948,11136
11321: 11320,11411,11322
91: 12847
92: 
10740: 10741,10838,10640,10641
11964: 11963,12039,11886,11887,11965
95: 137,57,96,138
96: 138,59,95,97
97: 59,60,96
12967: 9390,9167,9168
11713: 11629,11712,11630,11714,11795
10617: 10517,10618,10516,10616,10716,10717
101: 63,64
12477: 12418
103: 
10791: 10692,10693,10790,10792,10888,10889
105: 
106: 
10932: 10933,11027,10834,10835,11026
108: 71
11981: 12056,11903,11904
110: 153
111: 
11288: 11289,11379,11196,11197,11287,11378
10236: 10237,10235,10131,10339,10340
10629: 10528,10628,10529,10630,10728,10729
115: 
12333: 12334,12397,12266
11189: 11097,11190,11096,12819,11281
118: 
119: 120,161,82
120: 119,82,83
121: 
122: 123
123: 122
124: 170,171,12947
12315: 12249,12316,12314,12379,12380
12917: 12669
127: 173
11032: 11033,11125,11126
11685: 11766,11767
11159: 11066,11160,11250,11251
131: 
10730: 10729,10828,10829,10630,10631,10731
12569: 
11295: 11386,11203,11204,11294
11316: 11315,11224,11225,11407
10479: 10480,10478,10579
137: 95,138
138: 96,137,95
11468: 11467,11554,11379,11380,11469
12857: 12530,12582,12629
10423: 10320,10321,10422,10424,10524,10525
11156: 11157,11155,11248
12414: 
10525: 10524,10625,10423,10424,10526,10626
10213: 10108,10109,10214,10212
146: 
11956: 11957,11879,12031,11955
10775: 10676
149: 195
12910: 2407,2508,2611
12652: 12604,12605,12651,12695
152: 
153: 110,200
10167: 10271,12855,10168
11814: 11894
156: 
11005: 10911,11006,10910,11004,11098,11099
12939: 11026,11027
159: 
12928: 12446,12445,12384
161: 119
11752: 11668,12962,11751,11833
12262: 12193,12194,12263,12329
12026: 11951,12100,12099,11950,12025
11628: 11627,11711,11542,11543,11629,11712
12001: 12002,12000
167: 214
10761: 10760,12941
10431: 10329,10432,10328,10430,10532,10533
170: 171,124,220
171: 170,12947,124,222
172: 
173: 223,127
174: 
12863: 10757,10855
11087: 11179,11180,11086,10994,11088
177: 
178: 
10179: 10180,10075,10178,10282,10283
10924: 11018,11019,10923,10826,10827,10925
181: 12864
11254: 11163,11253,11344
12887: 11062,11155,11246
12693: 12692,12694,12732
10889: 10888,10983,10791,10792,10890,10984
10405: 10303,10404,10406,10506,10507
11094: 11186,11187,11000,11093
11186: 11094,11187,11093,11185,11277,11278
10270: 10271,10373,10166,10269,10372
190: 
10937: 
10237: 10236,10238,10340,10341
193: 194,244,243
194: 244,245,193,195
195: 149,194,245
11269: 11359,11360,11178,11177,11268
11221: 11220,11129,11222,11312
12067: 11992
199: 
200: 153
10362: 10259,10260,10464
202: 
11368: 11278,11369,11277,11367,11456,11457
204: 255
12512: 12453,12454,12567
10592: 10593,10491,10591,10691,10692
10464: 10362
11181: 11088,11089,11182,11180,11272
12187: 12116,12115,12255
210: 
11099: 11100,11192,11191,11006,11005,11098
11525: 11526,11438,11524,11610,11611
11524: 12913,11438,11525,11609,11610
214: 167
12011: 12085
10921: 10920,10823,11016
11481: 11480,11567,11392
218: 
219: 
220: 170
12098: 
222: 223,171,277
223: 173,222,277
12370: 12306,12371,12431,12432
225: 
12498: 12499
10807: 10708,10709,10806,10808,10904,10905
228: 282
10783: 10685,10684,10782,10880,10881
12600: 12647,12601
11299: 11300,11207,11208,11298
10700: 10699,10798,10799,10600
10332: 10333,10435,10228,10229,10331
12943: 10277,10278,10379,10381,10481,10482
10699: 10700,10798,10599,10600,10698,10797
236: 290
11529: 11614,11442
238: 
239: 293,294
10218: 10114,10219,10113,10217,10321,10322
241: 
11994: 11919,11918
243: 244,193
244: 194,245,193,243
245: 194,244,195
10292: 10395,10188,10189,10293
247: 302
12515: 12514
10985: 10890,10984,10891,10986
12455: 12514,12454
12154: 12083,12155
10188: 10083,10084,10189,10292
10637: 10636,10536,10737
254: 
255: 204,309,310
256: 
257: 
11188: 12819,11095,11187
11474: 11560,11475,11561
11047: 
12956: 8607,8722
11215: 11123,11216,11214,12932
11197: 11198,11105,11196,11104,11288,11289
11093: 11092,11185,10999,11000,11094,11186
12508: 12449,12509,12450,12563
10508: 10509,10608,10609,10406,10407,10507
11963: 11964,12039,11885,11886,12886,12038
10546: 10647,10646,10444,10445,10547
269: 324
270: 
271: 
10898: 10899,10800,10801,10992
273: 
11301: 11302,11391,11392,11209,11210,11300
12534: 
11904: 11903,11905,11981
277: 12869,223,222,12923
278: 
11227: 11135
10748: 10747,10648,10649,10749
281: 339,282
282: 228,281,339
10333: 10332,10435,10436,10230,10229,10334
284: 341
12101: 12028,12100,12172,12102,12173
11833: 11912,11751,11752
11364: 11363,11274,11365,11452,11453
288: 346
10741: 10740,10641,10642,10742,10840
290: 236
291: 
292: 350,293
293: 294,351,239,292,350
294: 293,351,239,295
295: 296,294
296: 295,353,354
297: 
10192: 10087,10088,10191,10193,10295,10296
10345: 10448,10241
10487: 10588,10587,10385,10486,10488
10785: 10687,10686,10882,10883
302: 303,247
303: 302,361,304
304: 12871,303,361
305: 
12963: 3718,3496
11675: 11674
308: 309
309: 310,255,308
310: 309,255
10613: 10512,10612,10513,10614,10712,10713
312: 
313: 314,431,371
314: 313,371
11102: 11101,11194,11008,11009,11103,11195
316: 374
10750: 10848,10650,10651,10751
12349: 12284,12411
12631: 12674
11326: 11417,11416,11235
10696: 10695,10794,10795,10596,10597,10697
322: 380
10933: 10932,11027,11028,10835,10836,10934
324: 269
12058: 
326: 387
12342: 12275
10663: 10763
10983: 10888,10889,10982,10984,11076,11077
12901: 2732,2734
12922: 11758,11677,11759
332: 393
10426: 10324,10427,10323,10425,10528,10527
10418: 10315,10417,10316,10419,10519,10520
10303: 10302,10405,10200,10304,10406
336: 12852,12869,12897
337: 
10840: 10742,10841,10741,10938
339: 281,282,399
10940: 11035,10941,10842,10843,10939
341: 284
10364: 10261,10466
343: 403
12560: 12611
11959: 
346: 288
11853: 11931
11287: 11377,11378,11196,11286,11288
10512: 10511,10612,10613,10410,10411,10513
350: 292,293,351,411
351: 293,294,350,411,352
352: 411,475,476,351
353: 296,354,414
354: 296,353,414
10743: 10742,10841,10643,10644,10744,10842
10174: 10069,10173,10175,10277,10278
10521: 10520,10621,10622,10419,10420,10522
11701: 11618,11702,11783,11617,11700
11562: 11475,11561,11647,11648
11195: 11103,11196,11102,11194,11286
361: 303,304,12871,422
11342: 11251,11252,11341,11430
11286: 11194,11195,11287
364: 425
12831: 2012,12826,2013
11613: 11696,11527,11528,11612
11710: 11627,11711,11626,11709,11791
12358: 12359,12294
369: 431
10904: 10905,10998,10999,10806,10807,10903
371: 313,314,431
12100: 12026,12099,12101,12172
12357: 
374: 316
10198: 10093,10197,10094,10199,10301,10302
376: 377,437
377: 376,437
11638: 11637,11552,11553,11639
11858: 11778,11779
380: 322
12980: 11436,11523,12913
11627: 11628,11710,11711,11541,11542,11626
12320: 12384,12321,12253
12876: 12180,12249
10816: 10717,10718,10815,10817,10913,10914
12582: 12530,12531,12857
387: 450,326
11883: 11803,11882,11960
12313: 12314,12977,12247
10159: 10054,10263
12665: 
392: 456,393
393: 394,332,392,456
394: 393,458
395: 458,12869
396: 
11190: 11097,11098,11189,11191,11281
398: 12897,399
399: 463,339,398
400: 
11548: 11461,11547,11462,11634
11357: 11267,11358,11266,11356,11445
403: 467,466,343
10855: 10756,10757,12863
10724: 10823,12824,10723,10822
11569: 11654
11314: 11222,11315,11405
408: 
10578: 10478,10579,10477,10577,10678
410: 
411: 352,475,350,351,474
10225: 10121,10226,10120,10224
11869: 11868,11946,11947
414: 353,354,478
11095: 11188,11001,11002
12627: 
417: 481
418: 
419: 482
12891: 3257,3366,12970,3367
10977: 10978,10883,10976,10882,11070,11071
422: 485,361,12871
10223: 10118,10222,10119,10326,10327
12167: 12095,12096,12235
425: 488,364,426
426: 490,425
11617: 11616,11700,11531,11532,11618,11701
428: 491
11380: 11289,11379,11290,11468,11469
10302: 10303,10198,10199,10301,10404
431: 313,371,369,12937
432: 
433: 496,12843
434: 
11267: 11268,11357,11358,11176,11266
11421: 
437: 376,377,501
11778: 11857,11858,11777,11779
439: 503
10949: 
12575: 
442: 506,443
443: 507,506,442
11018: 10924,11019,10923,11017,11112,11111
11903: 11904,11981
12975: 6973
11916: 
10707: 10706,10805,10607,10608,10708,10806
449: 
450: 387,516
12580: 12529
452: 453,518
453: 452
10138: 10032,10033
455: 
456: 392,393
12323: 12257
458: 395,394,525
12390: 12452,12325,12326,12451
460: 12897,527
11113: 11114,11206,11019,11112,11205
11125: 11124,11217,11032,11126,11218
463: 399,530
10343: 10344,10446,10239,10342,10445
465: 466
466: 467,403,465,533
467: 403,466,468,533,534
468: 469,467,534,535
469: 468,535
12145: 12213,12214
12451: 12509,12450,12390
10314: 10313,10416,10315,10417
473: 474,539,540
474: 473,411,475,540
475: 411,352,476,474
476: 352,475,543
11271: 11361,11362,11179,11272
478: 479,414,544
479: 478
10944: 10943,10847,11039
481: 417,482,547,548
482: 419,481,548
11843: 
484: 485,550,551
485: 422,484,551
10583: 10483,10584,10482,10582,10682,10683
12032: 
488: 425,554
11943: 
490: 426,491
491: 428,490,626
492: 
493: 
10635: 10535,10636,10534,10634,10734,10735
495: 12937,496,561,562
496: 433,12843,495,562
12039: 11963,11964,12886,12112,12113
11009: 10915,11010,10914,11008,11102,11103
499: 
500: 
501: 437
10445: 10342,10444,10343,10446,10546,10547
503: 504,439
504: 503,570,571
10322: 10425,10424,10219,10218,10321,10323
506: 442,443,507
507: 443,506,574
10731: 10732,10830,10631,10632,10730,10829
509: 510,575,576
510: 511,509,576
511: 510,578
10908: 10907,11002,11003,10810,10811,10909
10527: 10528,10628,10425,10426,10526,10627
514: 515,583
515: 514,583,584,516
516: 450,515,584
11398: 11397,11308,11399,11487
518: 586,452
10912: 10911,11006,10814,10815,10913,11007
520: 
521: 
12529: 12580,12474
11194: 11101,11102,11193,11195,11286
10517: 10518,10617,10618,10415,10416,10516
525: 594,458
526: 
527: 596,595,460
10959: 
10532: 10531,10632,10430,10431,10533,10633
530: 598,463,599
531: 
532: 
533: 602,467,466,534
534: 535,467,468,533,602
535: 534,468,469
12392: 12327,12391,12453,12454
12066: 
538: 606,607,539
539: 540,608,473,538,607
540: 539,608,474,473
541: 
10208: 10103,10104,10207,10209,10311,10312
543: 544,476
544: 543,478,613
12151: 12152
11632: 11716,11546,11547,11715,11631
547: 616,481,548
548: 617,481,482,547,616
549: 
550: 551,484
551: 550,620,484,485
11497: 
553: 554
554: 622,488,553
12809: 12808
10841: 10742,10743,10840,10842,10938,10939
557: 
11255: 
559: 560,628,627
560: 559,628,561
561: 562,495,560
562: 561,495,496
10436: 10333,10435,10334,10437,10537,10538
564: 633,12843
565: 
10308: 10307,10410,10411,10204
12242: 12241,12173,12174,12243,12868
10768: 10669,10670
11836: 11835,11755
570: 571,504
571: 570,504
12445: 12446,12928
10778: 10679,10680,10777,10779,10875
574: 642,507,575
575: 576,509,574
576: 575,509,510
10815: 10717,10816,10716,10814,10912,10913
578: 647,511,579
579: 12948,578
580: 
11017: 10922,11018,10923,11110,11111
582: 
583: 514,515,584,653,654
584: 515,583,516,654
11251: 11252,11342,11159,11160,11250,11341
586: 518
10919: 10918,11013,11014,10821,10822,10920
588: 
11207: 11114,11206,11115,11208,11298,11299
10962: 10868
11896: 11817,11897,11816,11895,11973,11974
592: 662,663
12366: 12365,12301,12302,12367,12427
594: 525,595,665
595: 527,596,594,665,666
596: 527,595,666
11178: 11085,11177,11179,11086,11269
598: 530,599,668,669
599: 530,598,669,670
11594: 
10261: 10364,10260
602: 533,534,672
12195: 12123,12979
10541: 10641,10439,10440,10642
605: 606,675
606: 538,607,605,677
607: 538,606,539,608,677,678
608: 539,540,607,678,679
11621: 11620,11704,11535,11536,11622,11705
10172: 10067,10068,10173,10171,10275,10276
10597: 10496,10596,10497,10598,10696,10697
11643: 11644,11726,11557,11642
613: 614,544,683
614: 613,685
10751: 10651,10652,10750
616: 547,548,617,12846
617: 548,618,616
618: 617,688
12084: 12155,12085
620: 551,12822
11070: 11069,11162,10976,10977,11163,11071
622: 554,623
623: 622,624
624: 625,623,695
625: 624,626,695
626: 12959,491,625
627: 559,628,12959
628: 559,560,627,699
12970: 3368,12891,3367
12136: 12135
10134: 10239,10238,10028,10135
10446: 10343,10445,10547,10548
633: 564,703,704
634: 
12447: 12384,12446
636: 707
637: 
638: 709
12128: 12200,12054,12055
640: 
12820: 2517,2516,2414,2619
642: 574
10283: 10385,10180,10179,10282,10284
11744: 11661,11660,11826
11889: 11810,11809,11888,11966,11967
12916: 7327,7446,7445,7563,7564
647: 578,12948
11464: 11551
11647: 11648,11561,11562
11065: 11066,10971,10972,11157
651: 
652: 725,653
653: 654,583,652
654: 653,728,583,584
10340: 10442,10237,10236,10339,10341
11880: 11881,11800,11879,11957,11958
657: 
10510: 10610,10611,10408,10409,10509,10511
11149: 11148,11241
660: 734
11109: 11201,11016,11202
662: 735,592,736,663
663: 736,592,662
11908: 11829,11907
665: 594,595,666
666: 740,596,595,665
11965: 11966,12041,11887,11888,11964
668: 742,669,598
669: 668,742,598,599,670,743
670: 744,743,599,669
671: 
672: 746,602
12596: 
674: 675
675: 749,605,674
676: 
677: 751,606,607,678
678: 679,752,607,608,677,751
679: 678,752,608,680
680: 681,754,679
681: 680,754,682,755
682: 683,755,681
683: 682,613,757
11030: 11029,11123,11124
685: 758,614
686: 
11732: 11648
688: 761,762,618
11799: 11800,11879,11717,11718,11798
11249: 11250,11340,11157,11248
10488: 10589,10387,10588,10487
12735: 
12252: 12253,12318
11947: 11869,11870,11946
695: 769,768,625,624
11442: 11528,11353,11529
697: 12959,771
11020: 
699: 628
700: 
11433: 11344,11434
702: 776,703
703: 704,633,702,776
704: 703,633
10480: 10479,10379,10481,10581
12088: 12087,12015,12089
707: 636
10391: 10289,10390,10392,10493
709: 638
10633: 10533,10634,10532,10632,10732,10733
11578: 11577,11663
12286: 12351
12987: 12898,12880,4269,4384
714: 715,788,787
715: 714,788
11855: 
10744: 10842,10843,10644,10645,10743
718: 
719: 792
720: 
11304: 11303,11212,11395
722: 723,798
723: 724,722,798
724: 723
725: 652,801
10347: 10244,10243,10348
12135: 12136
728: 654,803,804
12929: 7350,7349,7466,7467
11027: 10932,10933,11028,11026,12939
11224: 11131,11132,11225,11315,11316
732: 
733: 
734: 735,660,809,810
735: 662,734,736,810,811
736: 663,662,735,811,812
737: 
738: 
739: 
740: 666,816,815
741: 
742: 668,669,743
743: 744,670,742,669
744: 670,743,819
12247: 12313,12977
746: 672
10605: 10504,10505,10606,10604,10704,10705
748: 
749: 675,824
750: 
751: 677,678,752
752: 678,679,12854,751
11829: 11908,11747,11748
754: 680,681,755,829
755: 682,681,754
756: 
757: 833,758,683,832
758: 833,685,757
12241: 12173,12242,12240,12172
760: 12846,761,835,836
761: 688,762,760,836,837
762: 761,688,837,838
12184: 
764: 839
10657: 10557,10756,10757
11561: 11475,11562,11560,11474,11647
10341: 10342,10444,10237,10238,10340
768: 769,695
769: 695,768,845
10421: 10318,10319,10420,10523
771: 697
10643: 10543,10642,10644,10742,10743
11358: 11267,11268,11357,11359,11447
774: 849
12846: 760,616
776: 702,703,851
11206: 11113,11114,11207,11205,11297,11298
11177: 11085,11178,11084,11176,11268,11269
10681: 10682,10779,10582,10581,10680
11014: 10919,11013,10920,11107
11805: 11804,11884,11885,11723,11724,11806
11796: 11875,11715,11714,11795
783: 
10200: 10303,10095,10199,10304
11417: 11326,11416
786: 787,861,862
787: 786,714,788,862
788: 714,715,787,864
10818: 10719,10817,10720,10819,10915,10916
790: 
10956: 
792: 719
10851: 10753,10948
10555: 10453
795: 
796: 
12112: 12113,12886,12039,12111
798: 722,723
10850: 
10804: 10705,10803,10706,10805,10901,10902
801: 879,725
10275: 10276,10171,10172,12926
803: 881,728,804
804: 805,728,881,803
805: 804,806
806: 805
12869: 277,336,395
11175: 
809: 886,734,810
810: 887,888,811,734,735,809
811: 810,888,735,736,812,889
812: 890,889,736,811
12387: 
814: 815
815: 816,740,814
816: 740,815,817
817: 895,816
818: 819,896,895
819: 818,744,820
820: 819
12295: 
822: 
823: 900,824,901
824: 749,823
825: 
826: 903,904
10706: 10707,10805,10606,10607,10705,10804
11257: 11256,11347,11165,11166
829: 12854,754
12962: 11669,11752,11753
831: 
832: 833,757,12878
833: 757,758,832,12878,911
10976: 10881,10975,10882,10977,11069,11070
835: 912,913,760,836
836: 837,914,760,761,835,913
837: 836,914,915,761,762,838
838: 839,916,762,837,915
839: 838,916,764,917
12132: 
841: 918,12900
11427: 11426,11338
843: 920,921
11171: 11170,11172,11262
845: 923,769
10481: 10482,10582,10581,12943,10379,10480
11193: 11101,11194,11100,11192
12450: 12509,12451,12508,12449
849: 774
10695: 10696,10794,10595,10596,10694
851: 929,776
10269: 10268,10371,10372,10166,10165,10270
10268: 10269,10371,10165,10267
854: 931,932
10199: 10094,10095,10198,10302,10200
856: 857,933,934
857: 856,934
11585: 11498
12034: 11958,12033,12107,12108
10349: 10348,10452,12957
861: 862,939,786
862: 861,939,787,786
10478: 10578,10579,10477,10479
864: 788
12123: 12195,12194,12049
12021: 11946,12094,12095
12531: 12530,12582,12475
12879: 2023,12851
869: 946,870
870: 869
10424: 10322,10425,10321,10423,10525,10526
10593: 10493,10592,10594,10692,10693
10279: 10280,10381,10175,10278
874: 
11270: 
10567: 10764,12933,10667,10765
877: 957
10938: 10939,11033,10840,10841
879: 801,959
12397: 12333
881: 803,804,960,961
12918: 1605,1514,1425,1515,1606
10197: 10092,10093,10198,10196,10300,10301
10622: 10521,10621,10522,10623,10721,10722
885: 965
886: 809,887,965,966
887: 810,888,886,966
888: 810,887,811,889
889: 890,812,888,811
890: 812,889,891,970
891: 890,970
12808: 12791,12809
893: 973
10972: 10971,11065,11066
895: 817,975,818
896: 818,975
897: 
10142: 10143,10247,10036,10037
899: 
900: 823,901,979
901: 823,900
10752: 
903: 826,904,982,983
904: 826,903,905,983,984
905: 906,904,984
906: 905
907: 
908: 987,988
10385: 10283,10384,10282,10486,10487
910: 911,12878
911: 910,833,912
912: 835,911
913: 835,836,914,992,993
914: 836,837,915,913,993
915: 837,914,838,916,995
916: 838,839,915,917,995,996
917: 918,839,916,996,997
918: 841,917,12900,997,998
10996: 10901,10995,10902,10997,11089,11090
920: 12900,843,921,999,1000
921: 843,920,1000,1001
10571: 12982,10471,10470,10670
923: 845,924,1002,1003
924: 923,1003,1004
12180: 12876,12108,12248
11069: 11161,11162,11070,10975,10976,11068
927: 928,1007
928: 927,1007,1008
929: 851,930
930: 929,931,1010
931: 854,932,930,1010,1011
932: 854,931,933,1011,1012
933: 856,934,932,1012
934: 856,857,933
935: 
12984: 8176,8291,8175
12982: 10471,10571,10572
938: 939
939: 861,862,938,1019
12734: 
12983: 5322,5321
12978: 0
943: 
10624: 10523,10623,10524,12824
945: 946
946: 869,945,1026
11328: 
12384: 12320,12446,12928,12447
949: 
11297: 11298,11205,11206
11498: 11585,11410,11409
11046: 
10910: 10909,11004,10812,10813,10911,11005
954: 955
955: 954
10615: 10514,10614,10515,10616,10714,10715
957: 877
958: 
959: 960,1041,879,1040
960: 959,1041,881,961
961: 881,960
11260: 11261,11351,11169
10331: 10433,10434,10227,10330,10332
11728: 11645,11644,11809,11810
965: 885,886,966
966: 1048,886,887,965
10927: 10928,11022,10829,10830,10926,11021
10742: 10743,10840,10841,10643,10642,10741
10330: 10329,10432,10226,10331,10433
970: 890,891,1051
11290: 11291,11198,11199,11289,11380
972: 
973: 893,1055
10669: 10768,10668,10670
975: 895,896
976: 
11618: 11619,11701,11702,11533,11532,11617
978: 979
979: 1061,900,978
10701: 10800,10602,10702
981: 
982: 903,983,1064
983: 1064,984,903,904,982
984: 983,904,905,1066
10549: 10650,10448,10649
10483: 10584,10583,10381,10482
987: 1068,908,988
988: 908,987
989: 
12314: 12313,12977,12248,12315,12379
12854: 752,829
992: 1073,913,993
993: 1075,913,914,992
11241: 11149
995: 996,1077,915,916,1076
996: 995,1077,916,917,997,1078
997: 998,1078,1079,918,917,996
998: 997,1079,918,12900,999,1080
999: 1080,1081,1000,12900,920,998
1000: 999,1081,920,921,1001,1082
1001: 1083,1082,1002,921,1000
1002: 1083,1001,923,1003
1003: 924,923,1002,1004
1004: 1086,924,1003
10892: 10891,10986,10987,10794,10795,10893
11115: 11208,11021,11022,11114,11207
1007: 1088,927,928,1008
1008: 1090,928,1007
10790: 10692,10791,10691,10789,10887,10888
1010: 1091,930,931,1011
1011: 1012,931,932,1010
1012: 1011,932,933
11170: 11171,11169,11261,11262
10360: 10462
1015: 1096,1016
1016: 1015
1017: 
1018: 
1019: 1100,939,1101
11340: 11249,11250,11341,11429
1021: 1102,1103
12029: 11953,12028,12030,12102,12103
11531: 11444,11445,11532,11616,11617
10181: 10076,10077,10182,10180,10284,10285
12932: 11306,11214,11215,11305
1026: 1108,946
10848: 10749,10750,10847
12164: 12092,12165,12233,12232
10271: 10270,10373,10167
12828: 
12253: 12252,12320
1032: 1115
10476: 10577,10375,10477
12510: 
12297: 12230,12361
11143: 11235
11822: 
1038: 1120
1039: 
1040: 959,1041,1123
1041: 959,960,1123,1124,1040
10812: 10713,10714,10811,10813,10909,10910
12923: 277
1044: 
10720: 10721,10819,10620,10621,10719,10818
11039: 11040,10944,11132
10982: 10888,10983,10887,10981,11075,11076
1048: 1049,966,1130,1131
1049: 1048,1050,1131
1050: 1051,1049,1133
1051: 1050,970,1133,1134
1052: 
1053: 
11504: 11416
1055: 1056,973,1137,1138
1056: 1055,1138,1139
12334: 12333
1058: 
11606: 11689,11521,11607
1060: 
1061: 979,1062,1143
1062: 1061,1145
11577: 11578,11576,11662,11663
1064: 983,982,1146,1147
11718: 11635,11717,11719,11799,11800
1066: 984,1148,1149
10820: 10721,10819,10722,10821,10917,10918
1068: 1150,987
12623: 
1070: 1152,1153
1071: 
1072: 1073,1154,1155
1073: 992,1072,1156,1155
10411: 10308,10410,10512,10513
1075: 993,1076,1157,1158
1076: 1075,995,1077,1158,1159
1077: 995,996,1076,1078,1159,1160
1078: 997,1079,996,1077,1160,1161
1079: 997,998,1078,1080,1161,1162
1080: 999,1081,998,1079,1162
1081: 999,1080,1000,1082
1082: 1083,1001,1081,1000,1165
1083: 1001,1082,1002,1165,1166
11661: 11662,11744,11575,11660
10495: 10496,10596,10393,10394,10494,10595
1086: 1004
11835: 11836,11753
1088: 1007
1089: 
1090: 1008,1172
1091: 1010
1092: 
10294: 10293,10190,10191,10295
1094: 
1095: 1096,1177
1096: 1015,1095
10339: 10338,10441,10235,10236,10340,10442
11041: 11042,12829,11135
1099: 1100,1181
1100: 1019,1099
1101: 1102,1019,1184
1102: 1021,1101,1103,1184
1103: 1104,1102,1021,1186
1104: 1103,1105
1105: 12935,1104,1187
10239: 10134,10238,10135,10342,10343
11765: 11766,11683,11764
1108: 1026,1191
10834: 10735,10833,10932
12900: 920,918,841,998,999
12425: 12364,12363
10861: 10763
1113: 
10459: 
1115: 1199,1032,1116
1116: 1117,1115
1117: 1116
11707: 11624,11708,11788,11789
11086: 11087,11179,10992,11085,11178
1120: 1204,1038
10392: 10290,10393,10391,10493,10494
10441: 10338,10339,10440,10442,10543
1123: 1041,1124,1040,1207
1124: 1041,1123,1125
1125: 1124
11528: 11442,11527,11614,11613
11185: 11092,11093,11184,11186,11276,11277
10310: 10309,10412,10206,10207,10311,10413
12638: 12954,12591,12637
1130: 1048,1131
1131: 1130,1049,1048
11397: 11306,11398,11485,11486
1133: 1218,1217,1050,1051,1134
1134: 1219,1051,1218,1133
12485: 
1136: 
1137: 1055,1138
1138: 1139,1056,1055,1137
1139: 1138,1056,1224
10316: 10317,10419,10315,10418
1141: 
1142: 1143
1143: 1228,1061,1142
11168: 
1145: 1146,1229,1230,1062
1146: 1145,1230,1064,1147,1231
1147: 1231,1232,1148,1064,1146
1148: 1147,1232,1066,1149
1149: 1234,1066,1150,1148
1150: 1068,1149,1234
1151: 1235,1236
1152: 1237,1236,1070,1153
1153: 1154,1238,1070,1152,1237
1154: 1239,1238,1153,1072,1155
1155: 1156,1240,1072,1073,1154,1239
1156: 1240,1241,1155,1073,1157
1157: 1158,1242,1075,1156,1241
1158: 1157,1242,1243,1076,1075,1159
1159: 1160,1244,1076,1077,1158,1243
1160: 1159,1244,1077,1078,1161
1161: 1162,1246,1078,1079,1160
1162: 1161,1246,1079,1080
10995: 10900,10901,10996,10994,11088,11089
1164: 
1165: 1250,1249,1083,1082,1166
1166: 1167,1251,1083,1250,1165
1167: 1166,1251,1338,1168
1168: 1253,1167,1338
12364: 12299,12300,12363,12365,12425
1170: 
1171: 
1172: 1257,1090
11191: 11099,11192,11098,11190,11283
1174: 
1175: 1176,1260,1259
1176: 1175,1260,1177,1261
1177: 1261,1095,1176
10640: 10641,10639,10740
10900: 10901,10995,10802,10803,10899,10994
1180: 1264,1181,1265
1181: 1265,1099,1180
11731: 
12300: 12233,12299,12364,12365,12301
1184: 1269,1102,1101,1268
1185: 
1186: 1103
1187: 1272,1105
12944: 8270
1189: 
12023: 
1191: 1108
11262: 11352,11353,11171,11170,11261
1193: 
11857: 11778,11856,11777
10185: 10080,10081,10184,10288,10289
1196: 
12209: 
10350: 10351,10453,10247,10452,12957
1199: 1115
1200: 
10838: 10740,10837
12538: 12537,12954,12590
11072: 11073,11164,10978,10979,11071
1204: 1120,1291
11184: 11091,11183,11092,11185,11275,11276
12411: 12349
1207: 1123
1208: 
12492: 12433,12493,12434
10725: 10823,10625,10626,10726,10824
1211: 12973
10425: 10322,10424,10426,10323,10526,10527
11910: 11987
1214: 1301
11092: 11093,11185,10998,10999,11091,11184
12379: 12314,12315,12441
1217: 1218,1133,1303
1218: 1133,1217,1134,1219,1305
1219: 1134,1306,1218,1220,1305
1220: 1219,1306,1307
12152: 12081,12151
11353: 11262,11352,11442
12871: 304,361,422
1224: 1139,1310,1311
11748: 11747,11829
10688: 10588,10589,10687
1227: 
1228: 1143,1229,1314,1315
1229: 1145,1230,1316,1228,1315
1230: 1145,1146,1229,1317,1316,1231
1231: 1147,1232,1318,1146,1230,1317
1232: 1147,1231,1318,1148
10536: 10535,10636,10434,10637,10537
1234: 1320,1149,1150,1235
1235: 1151,1234,1321,1322
1236: 1152,1237,1151,1322,1323
1237: 1152,1236,1238,1153,1323,1324
1238: 1154,1239,1153,1237,1324,1325
1239: 1154,1238,1240,1155,1325,1326
1240: 1156,1241,1155,1239,1327,1326
1241: 1156,1240,1157,1242,1327,1328
1242: 1157,1158,1243,1241,1328
1243: 1158,1242,1159,1244,1330
1244: 1159,1160,1243,1330,1331
11623: 
1246: 1161,1162,1333
10993: 
1248: 1249
1249: 1250,1165,1248,1336
1250: 1165,1249,1166,1251,1336,1337
1251: 1166,1167,1338,1250,1426,1337
10366: 
1253: 1168,1338,1339
1254: 1255,1341
1255: 1254
11630: 11629,11713,11544,11545,11631,11714
1257: 1172
11974: 11975,12049,12050,11897,11896,11973
1259: 1175,1260,1346
1260: 1175,1176,1347,1346,1259,1261
1261: 1177,1176,1260,1347
11633: 
10379: 10277,12943,10276,10480,10481
1264: 1351,1180,1265
1265: 1352,1181,1351,1264,1180
12213: 12145,12214,12212,12280
12931: 4517,4631
1268: 1354,1184,1269,1355
1269: 1184,1355,1268
10485: 10585,10586,10486,10383,10384
1271: 
1272: 1187,1358,1359
10305: 10407,10201,10306,10408,10202
1274: 
11261: 11260,11351,11169,11170,11262,11352
11723: 11639,11640,11724,11804,11805
12701: 12658,12702,12700
1278: 1365
1279: 
11174: 11081,11082,11173,11265,11266
1281: 
1282: 
12719: 
12694: 12651,12695,12693,12732
11653: 11652,11736,11567,11654,11737
1286: 
10523: 10522,10624,10421,10422
10334: 10335,10437,10230,10231,10333,10436
11546: 11459,11545,11547,11631,11632
10611: 10510,10511,10612,10710,10711
1291: 1292,1380,1204
1292: 1291,1380,1293
1293: 1294,1382,1292
1294: 1293,1382
12700: 12701
11303: 11304,11211,11212,11302
1297: 
12955: 7928,8044,8045,8161,8162
1299: 1388,12973
10228: 10123,10227,10124,10229,10332
1301: 1389,1214,1302,1390
1302: 1301
1303: 1392,1217
10190: 10085,10086,10189,10191,10293,10294
1305: 1394,1218,1219,1306
1306: 1219,1220,1305,1394,1395
1307: 1395,1396,1220,1308
1308: 1309,1397,1307,1396
1309: 1397,1398,1308,1310
1310: 1311,1399,1224,1309,1398
1311: 1310,1399,1400,1224,1312
1312: 1401,1313,1311,1400
1313: 1312,1401,1314,1402
1314: 1403,1402,1315,1228,1313
1315: 1403,1314,1228,1229,1316
1316: 1229,1230,1317,1315,1405
1317: 1230,1316,1231,1318,1405,1406
1318: 1231,1232,1317
1319: 
1320: 1234,1321
1321: 1320,1235,1409
1322: 1410,1235,1236,1323,1411
1323: 1324,1411,1412,1237,1236,1322
1324: 1323,1412,1237,1238,1325,1413
1325: 1414,1413,1239,1238,1324,1326
1326: 1327,1239,1240,1325,1414
1327: 1416,1326,1240,1241,1328
1328: 1241,1242,1327,1416
1329: 
1330: 1331,1419,1243,1244,1418
1331: 1330,1419,1244,1420
1332: 
1333: 1421,1246,1422
1334: 
1335: 
1336: 1425,1424,1250,1249,1337
1337: 1515,1426,1250,1251,1425,1336
1338: 1167,1251,1168,1253,1426,1339
1339: 1338,1253,1426
10186: 10082,10187,10081,10289,10290
1341: 1429,1254
11198: 11105,11197,11106,11199,11289,11290
10327: 10328,10430,10224,10223,10326,10429
1344: 1345,1433
1345: 1344,1433,1434,1346
1346: 1260,1347,1259,1345
1347: 1260,1346,1261,1436
11886: 11806,11807,11885,11887,11963,11964
1349: 
1350: 
1351: 1264,1352,1265
1352: 1265,1351,1353
1353: 1352,1442
1354: 1268,1355,1442
1355: 1269,1354,1268,1444
10311: 10312,10414,10413,10208,10207,10310
10821: 10722,10723,10822,10820,10918,10919
1358: 1446,1272,1359
1359: 1272,1358
12481: 12422,12537
11456: 11455,11542,11367,11368,11457,11543
10335: 10334,10437,10438,10231,10232
1363: 
11547: 11548,11546,11632
1365: 1278,1454
1366: 
1367: 
11488: 11487,11574,11400,11489,11575
10280: 10279,10281,10383
10140: 10035,10244
11957: 11956,11879,11880,11958,12033
11868: 11788,11789,11869
11745: 
1374: 1464
12881: 12737,12971
1376: 
10609: 10508,10509,10608,10610,10708,10709
11648: 11647,11562,11732
10407: 10304,10305,10406,10508,10509
1380: 1291,1292,1469
10634: 10533,10534,10633,10635,10733,10734
1382: 1293,1294
11386: 11295
12382: 12381,12317
1385: 1475
11166: 11167,11165,11257
1387: 12973,1388,1477
1388: 1299,1389,1387,1477,1478
1389: 1301,1388,1390,1478
1390: 1301,1389,1480
1391: 
1392: 1303
1393: 1483
1394: 1305,1483,1306,1395
1395: 1307,1485,1396,1306,1394
1396: 1307,1485,1395,1397,1308,1486
1397: 1309,1398,1308,1486,1487,1396
1398: 1309,1397,1487,1310,1399,1488
1399: 1310,1311,1400,1398,1488,1489
1400: 1311,1399,1312,1401,1490,1489
1401: 1312,1313,1490,1491,1400,1402
1402: 1403,1314,1401,1313,1491,1492
1403: 1314,1402,1315,1492,1493
12033: 11958,12034,11957,12106,12107
1405: 1317,1316,1406,1495,1494
1406: 1407,1317,1405,1495,1496
1407: 1406,1408,1497,1496
1408: 1409,1407,1497,1498
1409: 1408,1321,1498,1499
1410: 1322,1500,1411
1411: 1323,1412,1501,1322,1410,1500
1412: 1323,1324,1411,1501,1502,1413
1413: 1325,1414,1503,1324,1412,1502
1414: 1325,1413,1503,1326
1415: 
1416: 1327,1328,1505,1506
10278: 10277,12943,10174,10175,10279,10381
1418: 1507,1330,1419,1508
1419: 1330,1331,1508,1509,1418,1420
1420: 1421,1510,1331,1419,1509
1421: 1333,1420,1511,1510,1422
1422: 1423,1512,1333,1421,1511
1423: 1422,1512,1424
1424: 1514,1425,1336,1423
1425: 1514,1424,1336,1515,1337,12918
1426: 1515,1337,1251,1338,1339
11132: 11131,11224,11039,11225
1428: 1429,1517,1518
1429: 1341,1430,1428,1518,1519
1430: 1429,1431,1519,1520
1431: 1430,1520,1521
10202: 10306,10203,10097,10305,10201
1433: 1344,1345,1434,1522,1523
1434: 1345,1433,1435,1523,1524
1435: 1436,1434,1525,1524
1436: 1435,1347,1526,1525
1437: 
11434: 11521,11433,11435
11110: 11203,11202,11017,11016,11111
12048: 
1441: 
1442: 1354,1353
10416: 10313,10314,10415,10417,10517,10518
1444: 1534,1533,1355,1445
1445: 1535,1446,1534,1444
1446: 1535,1358,1445
11683: 11682,11764,11765
11996: 11997,11921
10893: 10894,10988,10795,10892,10987
1450: 12945,1539
1451: 
11448: 11535,11359,11360,11447
1453: 
1454: 1365,1634
11807: 11806,11886,11725,11726,11808,11887
11252: 11251,11342,11160,11161
11527: 11528,11526,11440,11612,11613
12192: 12121,12193
1459: 
1460: 
11987: 11910
1462: 
12976: 8947
1464: 1374,1554,1555
1465: 
10723: 10722,10821,10822,10623,10724
1467: 1558,1468
1468: 1558,1467,1469
1469: 1560,1380,1468
10682: 10681,10582,10583,10683
10544: 10644,10645,10442,10543
11791: 11792,11871,11710
1473: 1564
12433: 12492,12432,12371,12434
1475: 1385,1566
1476: 
1477: 1387,1388,1568,1478
1478: 1568,1388,1389,1477
1479: 
1480: 1570,1390
10979: 10884,10885,10978,11072,11073
12359: 12294,12358
1483: 1393,1394,1574,1573
1484: 
1485: 1395,1396,1486,1575,1576
1486: 1397,1487,1485,1396,1576,1577
1487: 1397,1398,1486,1577,1578,1488
1488: 1579,1489,1398,1487,1399,1578
1489: 1579,1580,1488,1399,1400,1490
1490: 1401,1491,1400,1580,1489,1581
1491: 1401,1490,1402,1581,1492
1492: 1583,1493,1491,1403,1402
1493: 1583,1492,1403,1584,1494
1494: 1584,1585,1495,1405,1493
1495: 1585,1494,1405,1406,1586,1496
1496: 1586,1587,1497,1407,1406,1495
1497: 1587,1496,1407,1408,1588,1498
1498: 1588,1589,1409,1408,1497,1499
1499: 1590,1409,1589,1498
1500: 1410,1411,1501,1591
1501: 1411,1412,1502,1500,1591,1592
1502: 1412,1501,1413,1503,1592,1593
1503: 1414,1413,1502,1593,1594
11542: 11455,11456,11541,11543,11627,11628
1505: 1595,1596,1416,1506
1506: 1597,1416,1507,1596,1505
1507: 1418,1508,1597,1598,1506
1508: 1419,1509,1507,1418,1598,1599
1509: 1419,1508,1420,1510,1599,1600
1510: 1420,1421,1511,1509,1600,1601
1511: 1421,1510,1422,1512,1601,1602
1512: 1422,1423,1511,1602,1603
10144: 
1514: 1425,1424,1604,1605,12918
1515: 1426,1337,1425,12918
1516: 1606,1517,1607
1517: 1608,1518,1607,1428,1516
1518: 1608,1517,1428,1429,1519
1519: 1610,1430,1429,1518,1520
1520: 1611,1521,1430,1431,1519,1610
1521: 1611,1520,1431,1522
1522: 1613,1523,1433,1521
1523: 1613,1614,1522,1433,1434,1524
1524: 1434,1435,1614,1523
1525: 1616,1435,1436,1526,1617
1526: 1436,1525,1617,1527
1527: 1617,1526,1528,1618
1528: 1527,1618
11884: 11804,11805,11885,12038
1530: 
1531: 1622,1621
1532: 
1533: 1534,1444,1623,1624
1534: 1533,1444,1535,1445,1624
1535: 1445,1446,1534
10673: 
1537: 1627,1628
1538: 12945,1628
1539: 1630,1450,12945
10365: 
10599: 10498,10598,10499,10600,10698,10699
1542: 1633
1543: 
12361: 12297,12422
12878: 832,833,910
11165: 11164,11166,11256,11257
11486: 11485,11397,11487,12927
1548: 
12870: 
10755: 
10151: 
10318: 10421,10214,10215,10317
12732: 12693,12694
1554: 1555,1464
1555: 1554,1647,1464
12235: 12301,12302,12167
11469: 11470,11380,11468
1558: 1467,1468
12966: 1764,1669,1577,1670
1560: 1469,1652,1653
11377: 11287,11378,11465
11359: 11269,11360,11268,11358,11447,11448
10712: 10711,10810,10811,10612,10613,10713
1564: 1656,1473,1657
1565: 
1566: 1659,1658,1475
10193: 10089,10194,10088,10192,10296,10297
1568: 1478,1661,1477
11379: 11288,11289,11380,11378,11467,11468
1570: 1480,1662,1663
12806: 
12272: 12273,12204,12338
1573: 1574,1483
1574: 1573,1667,1483,1575
1575: 1576,1669,1485,1574,1667,1668
1576: 1575,1669,1485,1486,1577
1577: 1578,1670,1486,1487,1576,1669,12966
1578: 1577,1670,1487,1579,1488,1671
1579: 1580,1672,1488,1489,1671,1578
1580: 1579,1672,1489,1490,1581,1673
1581: 1674,1673,1490,1491,1580
10220: 10116,10221,10219,10115
1583: 1675,1676,1492,1493,1584
1584: 1585,1677,1494,1583,1676,1493
1585: 1584,1677,1678,1495,1494,1586
1586: 1587,1496,1679,1585,1678,1495
1587: 1586,1497,1496,1679,1588,1680
1588: 1589,1498,1587,1497,1680,1681
1589: 1588,1498,1590,1499,1681
1590: 1683,1499,1589
1591: 1592,1684,1500,1501
1592: 1591,1684,1685,1501,1502,1593
1593: 1594,1686,1502,1503,1592,1685
1594: 1593,1686,1503,1595,1687
1595: 1596,1688,1505,1687,1594
1596: 1595,1688,1505,1597,1689,1506
1597: 1598,1689,1690,1506,1507,1596
1598: 1597,1690,1507,1508,1599
1599: 1692,1508,1509,1598,1600
1600: 1601,1693,1509,1510,1599,1692
1601: 1600,1693,1694,1511,1510,1602
1602: 1603,1695,1511,1512,1601,1694
1603: 1602,1695,1696,1512,1604
1604: 1605,1697,1514,1603,1696
1605: 1604,12918,1697,1514,1606,1698
1606: 1699,1516,1605,12918,1607
1607: 1608,1517,1606,1699,1516
1608: 1517,1518,1607
11941: 11864
1610: 1519,1702,1703,1611,1520
1611: 1520,1521,1610,1703
1612: 
1613: 1614,1522,1523
1614: 1613,1523,1524,1707
12028: 11952,11953,12029,12101,12102
1616: 1525,1617,1708,1709
1617: 1527,1526,1525,1616
1618: 1619,1528,1527
1619: 1618,1711,1712
11306: 11397,12932,11305
1621: 1622,1531,1713,1714
1622: 1623,1531,1621,1714,1715
1623: 1622,1533,1624
1624: 1534,1533,1623
10691: 10690,10789,10591,10592,10692,10790
11203: 11110,11202,11204,11111,11294,11295
1627: 1628,1720,1537
1628: 1627,1720,1537,1538
10802: 10703,10801,10704,10803,10899,10900
1630: 1539
1631: 
1632: 
1633: 1542
1634: 1635,1454
1635: 1634,1728
11079: 11080,11172,10986
1637: 
11554: 11467,11468,11553,11639,11640
10428: 10325,10326,10429,10427,10529,10530
12043: 11969,12044,11968,12906,12117,12118
1641: 
10587: 10588,10487,10586,10486,10686,10687
11806: 11807,11886,11724,11725,11805,11885
10837: 10738,10836,10838,10934
10244: 10243,10140,10347,10348
10289: 10288,10391,10185,10186,10290
1647: 1555,1742,1648
1648: 1647,1649,1742
1649: 1648,1744
11918: 11919,11994,11841
12957: 10348,10349,10350
1652: 1560,1653,1746,1747
1653: 1560,1652,1747
10579: 10478,10578,10479,10678,10679
1655: 1656,1749
1656: 1564,1657,1751,1655
1657: 1658,1656,1564,1751
1658: 1657,1659,1566,1753
1659: 1566,1658,1753
11461: 11548,11373,11372,11462
1661: 1568,1662,1755,1756
1662: 1661,1570,1756,1757,1663
1663: 1757,1662,1570,1664
1664: 1663,1665
1665: 1759,1760,1664
11022: 10927,10928,11021,11115
1667: 1574,1575,1668
1668: 1763,1667,1575,1669,1762
1669: 1575,1576,1577,1668,12966
1670: 1577,1578,1671,1764,1765,12966
1671: 1579,1672,1578,1670,1765,1766
1672: 1579,1580,1671,1673,1767
1673: 1581,1674,1580,1672,1767,1768
1674: 1581,1673,1675,1768,1769
1675: 1583,1676,1674,1770,1769
1676: 1583,1675,1584,1677,1770,1771
1677: 1584,1585,1678,1676,1771,1772
1678: 1585,1677,1586,1679,1772,1773
1679: 1586,1587,1678,1773,1680
1680: 1587,1679,1588,1775,1681
1681: 1775,1776,1588,1589,1680
1682: 
1683: 1590,1777,1778
1684: 1591,1592,1685,1779
1685: 1592,1684,1593,1686,1779,1780
1686: 1593,1594,1685,1687,1780,1781
1687: 1595,1688,1594,1686,1781,1782
1688: 1595,1596,1687,1689,1782,1783
1689: 1597,1690,1596,1688,1783,1784
1690: 1597,1598,1689,1784,1785
1691: 
1692: 1599,1600,1693,1786,1787
1693: 1600,1601,1694,1692,1787,1788
1694: 1601,1693,1602,1695,1788,1789
1695: 1602,1603,1696,1694,1789,1790
1696: 1603,1695,1604,1697,1790,1791
1697: 1604,1605,1696,1791,1792,1698
1698: 1793,1605,1697,1699,1792
1699: 1606,1607,1793,1698
11447: 11533,11358,11359,11448
10473: 10572,10371,10372
1702: 1610,1703,1796,1797
1703: 1610,1702,1611,1797
10500: 10398,10399,10501
12942: 3382,3493,3604,3605
1706: 
1707: 1802,1708,1614,1801
1708: 1802,1707,1616,1709
1709: 1804,1616,1708
12848: 9181
1711: 1805,1619,1712
1712: 1807,1713,1619,1711
1713: 1807,1712,1621,1714
1714: 1715,1621,1622,1713
1715: 1714,1622
11360: 11269,11359,11361,11448
1717: 1811
10376: 
11821: 
1720: 1627,1628
11462: 11373,11374,11461,11548
11294: 11203,11202,11293,11295
1723: 
1724: 1819
1725: 
1726: 
10234: 10130,10235,10129,10233,10337,10338
1728: 1635,1823
11802: 11881,11721,11803,11882
10503: 10603,10604,10502,10402,10504
11712: 11629,11713,11628,11711
12291: 12292,12225,12355
12868: 12309,12242
11898: 11819,11899,11976,11897,11975
12082: 
11392: 11301,11302,11391,11480,11481
11695: 11611,11612,11694,11696,11777
10470: 10469,10471,10571
1739: 
10705: 10704,10803,10804,10605,10606,10706
1741: 1742,1837
1742: 1741,1837,1647,1648,1838
12449: 12508,12450
1744: 1649
11551: 11464,11465,11552,11636,11637
1746: 1747,1842,1652,1841
1747: 1746,1842,1843,1652,1653
12961: 9634,9525,9416,9526,9633
1749: 1844,1845,1655
12062: 
1751: 1656,1657,1847
1752: 
1753: 1848,1658,1659,1849
10177: 
1755: 1756,1661,1850
1756: 1755,1852,1661,1662,1757
1757: 1663,1662,1756,1852
1758: 
1759: 1760,1665,1855,1854
1760: 1759,1665,1761,1855,1856
1761: 1762,1760,1857,1856
1762: 1761,1763,1668,1857,1858
1763: 1859,1668,1762,1858
1764: 1765,1860,12966,1670,1859
1765: 1764,1860,1670,1671,1766,1861
1766: 1767,1862,1861,1671,1765
1767: 1766,1862,1672,1673,1768
1768: 1674,1673,1767,1769,1863
1769: 1770,1865,1674,1675,1768,1864
1770: 1865,1866,1769,1675,1676,1771
1771: 1772,1867,1676,1677,1770,1866
1772: 1771,1867,1868,1677,1678,1773
1773: 1869,1678,1679,1772,1868
1774: 
1775: 1776,1681,1871,1680,1870
1776: 1775,1681,1871,1777,1872
1777: 1872,1778,1683,1776
1778: 1777,1683,1873
1779: 1684,1685,1780
1780: 1781,1876,1685,1686,1779
1781: 1780,1876,1877,1686,1687,1782
1782: 1783,1878,1688,1687,1781,1877
1783: 1782,1878,1688,1689,1784,1879
1784: 1785,1879,1880,1689,1690,1783
1785: 1784,1880,1690,1786,1881
1786: 1881,1882,1692,1785,1787
1787: 1788,1883,1692,1693,1786,1882
1788: 1787,1883,1884,1693,1694,1789
1789: 1790,1885,1694,1695,1788,1884
1790: 1789,1885,1886,1695,1696,1791
1791: 1792,1887,1696,1697,1790,1886
1792: 1791,1887,1888,1697,1793,1698
1793: 1698,1889,1699,1792,1888
1794: 
1795: 1891,1796
1796: 1797,1892,1702,1795,1891
1797: 1796,1892,1893,1702,1703
11248: 11338,11156,11157,11249
1799: 1894,1800,1895
1800: 1801,1895,1896,1799
1801: 1800,1896,1802,1897,1707
1802: 1897,1898,1707,1708,1801
11609: 11610,11693,11524,11608
1804: 1709,1899
1805: 1711,1901
10764: 10567,10765
1807: 1712,1713,1903,1902
1808: 
11454: 11453,11365,11541
10830: 10731,10732,10829,10927,10928
1811: 1906,1717
11725: 11642,11724,11726,11806,11807
11604: 11687,11519,11518
1814: 
1815: 1910,1911
1816: 
10439: 10336,10337,10440,10541
11523: 12980
1819: 1724,1915
1820: 
1821: 1822
1822: 1821,1823,1917
1823: 1728,1822
11209: 11208,11117,11210,11300,11301
12111: 12886,12110,12112
1826: 
12051: 12052,11976,11975,12050
1828: 
1829: 
11766: 11765,11685,11767,11846
12000: 11999,12001
1832: 
12550: 12602,12601
1834: 1930,1931,1835
1835: 1931,1932,1834
11660: 11659,11574,11661,11744
1837: 1741,1742,1838,1933
1838: 1742,1837,1839
1839: 1838
12072: 11998,11999
1841: 1746,1842,1938
1842: 1746,1747,1843,1841,1938,1939
1843: 1747,1842,1844,1939,1940
1844: 1749,1843,1845,1940,1941
1845: 1844,1749,1941
11567: 11480,11481,11566,11652,11653
1847: 1848,1751
1848: 1847,1753,1849,1945
1849: 1850,1848,1753,1945,1946
1850: 1849,1755,1946,1947
10304: 10406,10407,10201,10303,10200
1852: 1756,1757,1948
12641: 
1854: 1951,1855,1759,1950
1855: 1951,1952,1854,1759,1760,1856
1856: 1953,1857,1760,1761,1952,1855
1857: 1953,1856,1761,1762,1858
1858: 1955,1762,1859,1763,1857
1859: 1763,1764,1860,1858,1956
1860: 1764,1765,1859,1861,1956,1957
1861: 1766,1862,1765,1860,1957,1958
1862: 1766,1767,1861,1958,1959,1863
1863: 1960,1864,1862,1768,1959
1864: 1960,1863,1865,1769,1961
1865: 1770,1866,1769,1864,1962,1961
1866: 1770,1865,1771,1867,1962,1963
1867: 1771,1772,1868,1866,1963,1964
1868: 1772,1867,1773,1869,1964,1965
1869: 1773,1870,1868,1965,1966
1870: 1869,1775,1871,1966,1967
1871: 1775,1776,1870,1872,1967,1968
1872: 1777,1776,1871,1968
1873: 1778,1970,1874
1874: 1970,1971,1875,1873
1875: 1971,1874,1876,1972
1876: 1780,1781,1877,1875,1973
1877: 1781,1876,1782,1878,1973,1974
1878: 1782,1783,1877,1879,1974,1975
1879: 1784,1880,1783,1878,1975,1976
1880: 1784,1785,1879,1881,1976,1977
1881: 1786,1882,1785,1880,1977,1978
1882: 1786,1881,1787,1883,1978,1979
1883: 1787,1788,1884,1882,1979,1980
1884: 1788,1883,1789,1885,1980,1981
1885: 1789,1790,1886,1884,1981,1982
1886: 1790,1885,1791,1887,1982,1983
1887: 1791,1792,1888,1886,1983
1888: 1792,1887,1793,1889,1984
1889: 1793,1888,1985,1984
11111: 11112,11204,11017,11018,11110,11203
1891: 1795,1796,1892,1988
1892: 1796,1797,1893,1891,1988,1989
1893: 1797,1892,1894,1989,1990
1894: 1799,1893,1895,1990,1991
1895: 1800,1896,1894,1799,1991,1992
1896: 1800,1801,1895,1897,1992,1993
1897: 1802,1898,1801,1896,1993,1994
1898: 1802,1897,1899,1994,1995
1899: 1804,1898,1995,1996
11467: 11468,11554,11378,11379,11553
1901: 1997,1805,1902
1902: 1999,1903,1807,1901
1903: 1999,2000,1902,1807
1904: 
10877: 
1906: 1811
11372: 11281,11373,11371,11461
1908: 2004
12422: 12481,12361
1910: 2007,1911,1815
1911: 2007,1910,1815,2008
10196: 10091,10195,10092,10197,10299
1913: 
11335: 
1915: 1819,2012
1916: 
1917: 2013,1822,12826
11052: 
1919: 
12737: 12881,12771
11253: 11344,11162,11254
1922: 
11243: 
11574: 11488,12927,11575,11659,11660
12915: 7573,7571,7689
10430: 10327,10328,10429,10431,10531,10532
10204: 10307,10308,10203
12327: 12392,12391
1929: 
1930: 2027,1834,1931
1931: 1932,1835,1930,1834
1932: 1931,1835,1933
1933: 1837,1932
10301: 10300,10403,10404,10197,10198,10302
11885: 11805,11884,11806,11886,12038,11963
10396: 10293,10397,10395,10497,10498
10348: 10349,12957,10244,10347
1938: 1939,2036,1841,1842
1939: 1938,2036,1842,1843,1940
1940: 1941,2038,1843,1844,1939
1941: 1940,2038,1844,1845,2039
1942: 
11114: 11113,11206,11207,11021,11115
10621: 10520,10521,10622,10620,10720,10721
1945: 1848,1849,1946,2043
1946: 2043,1850,1849,1945,1947
1947: 1948,1850,1946
1948: 1947,1852
1949: 1950,2047
1950: 1949,1951,1854,2047,2048
1951: 1952,1855,1854,1950,2049,2048
1952: 1951,1855,1953,1856,2049,2050
1953: 1857,1856,1952,2050,2051
1954: 
1955: 2053,2052,1858,1956
1956: 1957,2054,1859,1860,1955
1957: 1956,2054,1860,1861,2055
1958: 1959,2055,2056,1862,1861
1959: 1958,2056,1862,1960,2057,1863
1960: 1864,2057,2058,1863,1959,1961
1961: 1962,2059,1865,1960,1864,2058
1962: 2059,2060,1961,1865,1866,1963
1963: 1964,2061,1866,1867,1962,2060
1964: 1963,2061,2062,1867,1868,1965
1965: 1966,1868,1869,1964,2062
1966: 1965,2063,1869,1870,1967,2064
1967: 1968,2064,2065,1870,1871,1966
1968: 1967,2065,1871,1872,2066
12899: 6048,6049,6167,6168
1970: 1971,1874,1873,2067,2068
1971: 1970,1875,1874,1972,2069,2068
1972: 1973,1971,1875,2069,2070
1973: 1972,2071,1876,1877,1974
1974: 2072,1877,1878,1973,2071
1975: 2072,1878,1879,1976,2073
1976: 1977,2073,2074,1879,1880,1975
1977: 1976,2074,1880,1881,1978,2075
1978: 2075,2076,1881,1882,1977,1979
1979: 1980,2077,1882,1883,1978,2076
1980: 1979,2077,2078,1883,1884,1981
1981: 1982,2079,1884,1885,1980,2078
1982: 1981,2079,2080,1885,1886,1983
1983: 2081,1886,1887,1982,2080
1984: 1985,2082,1888,1889,2081
1985: 1984,2082,1889,1986,2083
1986: 1987,1985,2083,2084
1987: 1986,1988,2084,2085
1988: 1989,2086,1891,1892,1987
1989: 1988,2086,2087,1892,1893,1990
1990: 1991,2088,1893,1894,1989,2087
1991: 1990,2088,1894,1895,1992,2089
1992: 1993,2090,1895,1896,1991,2089
1993: 1992,2090,1896,1897,1994,2091
1994: 2091,1995,1897,1898,1993
1995: 1994,1898,1899,2093
1996: 2094,2093,1899,1997
1997: 2095,1901,2094,1996
1998: 
1999: 2000,2096,2097,1903,1902
2000: 1999,2097,1903,2098
2001: 
12803: 12934
11992: 12067
2004: 1908,2101
12797: 
10598: 10497,10498,10599,10597,10697,10698
2007: 2105,1910,1911,2008
2008: 2009,2106,2105,2007,1911
2009: 2008,2106
12859: 
2011: 
2012: 12831,2109,1915
2013: 1917,12826,12831
11588: 11502,11674
10395: 10292,10394,10293,10396,10496,10497
10747: 10748,10647,10648
10417: 10315,10418,10314,10416,10518,10519
2018: 
2019: 2116,2117,2020
2020: 2019,2117,2021
2021: 2020
2022: 
2023: 2024,12879,12851,2121
2024: 2023,2123
10923: 10924,11018,10825,10826,10922,11017
11292: 11200,11201,11291,11382
2027: 1930,2125,2126
11300: 11299,11390,11209,11301,11391
12353: 12354
11607: 11521,11606
11762: 11841,11681
2032: 2033,2131
2033: 2032,2131
2034: 
12764: 
2036: 1938,1939
10698: 10697,10797,10598,10599,10699
2038: 1940,1941,2039,2136,2137
2039: 1941,2038,2137,2138
10375: 10273,10476,10477
10797: 10698,10699,10798,10894,10895
10399: 10297,10400,10296,10398,10500,10501
2043: 1946,1945,2141,2142
2044: 
11583: 11668,11669
11656: 11740,11571,11657
2047: 2145,2146,1949,1950,2048
2048: 2147,2049,1950,1951,2146,2047
2049: 2147,2048,1951,1952,2050
2050: 2149,2051,1952,1953,2049
2051: 2149,2050,2150,1953,2052
2052: 2053,1955,2150,2051,2151
2053: 1955,2052,2054,2151,2152
2054: 1956,1957,2053,2152
2055: 1958,2056,1957
2056: 1958,1959,2055,2057,2155
2057: 1960,2058,1959,2056,2155,2156
2058: 1960,2057,2059,1961,2156,2157
2059: 1962,2060,1961,2058,2158,2157
2060: 1962,2059,1963,2061,2158,2159
2061: 1963,1964,2062,2060,2159,2160
2062: 1964,2061,1965,2160,2161
2063: 1966,2064,2161,2162
2064: 1967,2065,1966,2063,2162,2163
2065: 1967,1968,2064,2066,2163,2164
2066: 1968,2065,2164,2067
2067: 2165,2066,1970,2166,2068
2068: 2167,2166,2069,1970,1971,2067
2069: 2167,2068,1971,1972,2168,2070
2070: 2168,2169,1972,2071,2069
2071: 1973,1974,2070
2072: 1974,1975,2073
2073: 1976,2074,1975,2072,2172
2074: 1976,1977,2073,2075,2172,2173
2075: 1978,2076,1977,2074,2173,2174
2076: 1978,2075,1979,2077,2174,2175
2077: 1979,1980,2078,2076,2175,2176
2078: 1980,2077,1981,2079,2176,2177
2079: 1981,1982,2080,2078,2177,2178
2080: 1982,2079,1983,2081,2178,2179
2081: 1983,2080,1984,2179,2180
2082: 1985,1984,2180,2181,2083
2083: 2181,1985,2082,1986,2084,2182
2084: 2183,2182,2085,1987,1986,2083
2085: 2183,2084,1987,2086,2184
2086: 1988,1989,2087,2085,2185
2087: 1989,2086,1990,2185
2088: 1990,1991
2089: 2188,1991,1992,2090,2187
2090: 1992,1993,2091,2188,2189,2089
2091: 1994,1993,2090,2189,2190
11106: 11107,11199,11012,11013,11198,11105
2093: 2094,1996,1995
2094: 1996,2093,1997,2095,2192,2193
2095: 1997,2094,2096,2193
2096: 1999,2097,2095,2195
2097: 1999,2000,2096,2098,2195,2196
2098: 2099,2000,2097,2196,2197
2099: 2098,2100,2197,2198
2100: 2101,2099,2198,2199
2101: 2100,2004,2199
11278: 11368,11369,11186,11187,11277,11279
2103: 2201,2202
12214: 12145,12213,12280
2105: 2007,2008,2106,2203,2204
2106: 2008,2009,2105,2204,2205
12230: 12161,12162,12297
2108: 2109
2109: 2012,2108,2208
11367: 11276,11277,11368,11455,11456
11073: 11072,10979
2112: 2210,2211
2113: 
2114: 2213
2115: 
2116: 2019,2117,2214
2117: 2019,2116,2020
11946: 12021,11869,11947
2119: 
2120: 12851
2121: 2023,12851
10641: 10640,10541,10642,10740,10741
2123: 2024
10738: 10837,10639,10737,10836
2125: 2126,2225,2027
2126: 2125,2225,2027,2127
2127: 2128,2126
2128: 2127,2129
2129: 12985,2128
12933: 10467,10466,10567
2131: 2231,2230,2033,2032
12329: 12263,12262
12427: 12365,12366
2134: 2233,2234
11543: 11457,11544,11456,11542,11628,11629
2136: 2137,2038
2137: 2136,2038,2039,2138,2237
2138: 2139,2237,2039,2137
2139: 2138,2140
2140: 2239,2141,2139
2141: 2140,2240,2043,2142
2142: 2241,2043,2141
12212: 12213
2144: 2243,2145,2244
2145: 2146,2245,2244,2047,2144
2146: 2145,2245,2047,2147,2246,2048
2147: 2049,2246,2247,2048,2146
12318: 12317,12252
2149: 2248,2249,2050,2150,2051
2150: 2149,2249,2051,2052,2151,2250
2151: 2251,2250,2053,2052,2150,2152
2152: 2252,2053,2054,2251,2151
12716: 12678
2154: 
2155: 2254,2056,2057,2156,2255
2156: 2256,2255,2057,2058,2155,2157
2157: 2158,2257,2058,2059,2156,2256
2158: 2257,2258,2157,2059,2060,2159
2159: 2160,2259,2060,2061,2158,2258
2160: 2159,2259,2260,2061,2062,2161
2161: 2261,2062,2063,2160,2260
2162: 2261,2063,2064,2163,2262
2163: 2164,2262,2263,2064,2065,2162
2164: 2163,2263,2065,2066,2165
2165: 2264,2265,2067,2164,2166
2166: 2167,2266,2068,2165,2265,2067
2167: 2267,2266,2166,2069,2068,2168
2168: 2169,2268,2070,2267,2167,2069
2169: 2168,2268,2269,2070
12892: 
2171: 2172,2271
2172: 2173,2073,2074,2171
2173: 2172,2074,2075,2174,2273
2174: 2273,2274,2075,2076,2173,2175
2175: 2176,2275,2076,2077,2174,2274
2176: 2175,2275,2276,2077,2078,2177
2177: 2178,2277,2078,2079,2176,2276
2178: 2177,2277,2278,2079,2080,2179
2179: 2180,2279,2080,2081,2178,2278
2180: 2179,2279,2081,2082
2181: 2281,2083,2082,2182
2182: 2183,2282,2084,2181,2281,2083
2183: 2282,2084,2182,2085,2184,2283
2184: 2185,2183,2085,2283,2284
2185: 2184,2086,2087
12784: 12758,12785
2187: 2286,2188,2287,2089
2188: 2189,2287,2288,2089,2090,2187
2189: 2188,2288,2090,2091,2190,2289
2190: 2289,2290,2091,2189
12266: 12265,12197,12333
2192: 2292,2291,2094,2193
2193: 2293,2094,2095,2292,2192
2194: 
2195: 2196,2294,2295,2096,2097
2196: 2195,2295,2097,2098,2197,2296
2197: 2198,2296,2297,2099,2098,2196
2198: 2197,2297,2099,2100,2199,2298
2199: 2298,2299,2101,2100,2198
11860: 11780,11781,11861,11938
2201: 2103,2301,2202
2202: 2203,2302,2103,2201,2301
2203: 2202,2302,2105,2204,2303
2204: 2205,2303,2304,2105,2106,2203
2205: 2204,2304,2106,2305
10433: 10331,10434,10330,10432,10534,10535
11761: 
2208: 2308,12952,2109
10713: 10714,10812,10613,10614,10712,10811
2210: 2112,2211
2211: 2112,2210
2212: 
2213: 2214,2114
2214: 2213,2116
2215: 
11530: 
12543: 12542
11726: 11643,11642,11725,11807,11808
11759: 11677,12922,11760
10235: 10130,10234,10131,10236,10338,10339
10560: 10458
12583: 
2223: 
11408: 11407,11409
2225: 2125,2126
11703: 11620,11704,11619,11702,11785
10803: 10704,10705,10804,10802,10900,10901
2228: 
2229: 12985,2230,2329,2330
2230: 2131,2231,2229,2330
2231: 2131,2230
2232: 2333,2332,2233
2233: 2333,2232,2134,2334,2234
2234: 2334,2335,2235,2134,2233
2235: 2335,2234,2336,2236
2236: 2336,12964,2237,2235,2337
2237: 2138,2137,2236,2337
12614: 
2239: 2140,2240,2340
2240: 2239,2141,2241,2340,2341
2241: 2142,2240,2342,2341
12919: 4871,4987,4753,4754,4986
2243: 2144,2244,2344
2244: 2145,2245,2243,2144,2344,2345
2245: 2145,2146,2244,2246,2345,2346
2246: 2147,2247,2146,2245,2346,2347
2247: 2147,2246,2248,2347,2348
2248: 2149,2249,2247,2348,2349
2249: 2149,2248,2150,2250,2349,2350
2250: 2251,2151,2249,2150,2350,2351
2251: 2151,2250,2152,2252,2351,2352
2252: 2152,2251,2352
2253: 2254,2353,2354
2254: 2155,2253,2255,2354,2355
2255: 2156,2256,2155,2254,2355,2356
2256: 2156,2255,2257,2157,2356,2357
2257: 2158,2258,2157,2256,2358,2357
2258: 2158,2257,2159,2259,2358,2359
2259: 2159,2160,2260,2258,2359,2360
2260: 2160,2259,2161,2261,2360,2361
2261: 2161,2162,2260,2361,2362
2262: 2163,2263,2162,2362,2363
2263: 2163,2164,2262,2264,2363,2364
2264: 2165,2265,2263,2365,2364
2265: 2165,2264,2266,2166,2365,2366
2266: 2267,2167,2166,2265,2366,2367
2267: 2167,2266,2168,2268,2367,2368
2268: 2168,2169,2269,2267,2368,2369
2269: 2169,2268,2369,2370,2270
2270: 2370,2371,2269,2271
2271: 2372,2272,2171,2371,2270
2272: 2372,2373,2271
2273: 2174,2274,2173,2374
2274: 2174,2273,2175,2275
2275: 2175,2176,2276,2274
2276: 2176,2275,2177,2277
2277: 2177,2178,2278,2276
2278: 2178,2277,2179,2279
2279: 2179,2180,2278
11892: 11812,11891,11969
2281: 2181,2282,2182,2381,2382
2282: 2183,2182,2281,2382,2383,2283
2283: 2383,2183,2282,2184,2384,2284
2284: 2384,2385,2184,2283
10616: 10515,10516,10615,10617,10715,10716
2286: 2187,2287,2386,2387
2287: 2188,2288,2286,2187,2387,2388
2288: 2188,2189,2287,2289,2388,2389
2289: 2190,2290,2189,2288,2389,2390
2290: 2190,2289,2390,2391
2291: 2292,2192,2391,2392
2292: 2192,2291,2193,2293,2392,12951
2293: 2193,2292,2294,2394,12951
2294: 2195,2295,2293,2394,2395
2295: 2195,2196,2294,2296,2395,2396
2296: 2197,2297,2196,2295,2396,2397
2297: 2197,2198,2296,2298,2397,2398
2298: 2199,2299,2198,2297,2398,2399
2299: 2199,2298,2399
11888: 11808,11809,11887,11889,11965,11966
2301: 2201,2202,2302,2401,2402
2302: 2202,2203,2301,2303,2402,2403
2303: 2204,2304,2203,2302,2403,2404
2304: 2204,2205,2303,2305,2404
2305: 2306,2205,2304
2306: 2305,12952,2407
12174: 12102,12173,12242,12103,12243
2308: 2208
10217: 10112,10113,10216,10218,10320,10321
11979: 12055,12054
11912: 11833
11146: 
11694: 11611,11695,11610,11693
11872: 11792,11871,11949,11950
2315: 
2316: 
2317: 
12113: 12112,12039,12114,12185
10727: 10728,10826,10627,10628,10726,10825
11967: 11968,12906,12042,11889,11966
12602: 12550,12601
2322: 2423
11800: 11799,11879,11718,11719,11880
2324: 
11651: 11566,11652,11735
11302: 11301,11392,11210,11211,11303
11019: 10924,11018,10925,11112,11113
2328: 2429,2329
2329: 2330,2229,2328
2330: 2329,2229,2230
10735: 10833,10834,10635,10636,10734
2332: 2333,2434,2232,2433
2333: 2434,2435,2332,2233,2232,2334
2334: 2335,2436,2234,2333,2435,2233
2335: 2334,2436,2437,2234,2235,2336
2336: 2438,2236,12964,2335,2437,2235
2337: 2237,2236,12964
10627: 10526,10626,10628,10527,10726,10727
2339: 2340,2441,2440
2340: 2442,2339,2239,2240,2341
2341: 2342,2443,2240,2241,2340,2442
2342: 2444,2443,2341,2241
2343: 
2344: 2445,2446,2243,2244,2345
2345: 2346,2447,2245,2244,2344,2446
2346: 2345,2447,2245,2246,2347,2448
2347: 2348,2448,2449,2246,2247,2346
2348: 2347,2449,2247,2248,2349,2450
2349: 2450,2451,2248,2249,2348,2350
2350: 2351,2452,2249,2250,2349,2451
2351: 2350,2452,2453,2251,2250,2352
2352: 2454,2251,2252,2351,2453
2353: 2253,2354,2455
2354: 2355,2455,2456,2253,2254,2353
2355: 2354,2456,2254,2255,2356,2457
2356: 2458,2457,2256,2255,2355,2357
2357: 2358,2459,2256,2257,2356,2458
2358: 2459,2460,2357,2257,2258,2359
2359: 2360,2461,2258,2259,2358,2460
2360: 2359,2461,2462,2259,2260,2361
2361: 2362,2463,2260,2261,2360,2462
2362: 2361,2463,2261,2262
2363: 2465,2262,2263,2364
2364: 2365,2466,2263,2264,2363,2465
2365: 2466,2467,2364,2264,2265,2366
2366: 2367,2468,2265,2266,2365,2467
2367: 2366,2468,2469,2267,2266,2368
2368: 2369,2470,2267,2268,2367,2469
2369: 2368,2470,2471,2268,2269,2370
2370: 2371,2472,2270,2269,2369,2471
2371: 2370,2472,2270,2372,2473,2271
2372: 2373,2473,2474,2272,2271,2371
2373: 2372,2474,2272,2374,2475
2374: 2273,2373
11955: 12031,12030,11877,11956
2376: 2477,2377,2478
2377: 2378,2479,2478,2376
2378: 2377,2479,2379,2480
2379: 2380,2480,2481,2378
2380: 2379,2481,2381,2482
2381: 2483,2482,2382,2281,2380
2382: 2381,2483,2281,2282,2383,2484
2383: 2484,2485,2283,2282,2382,2384
2384: 2385,2486,2284,2383,2485,2283
2385: 2384,2486,2284,2386,2487
2386: 2387,2488,2487,2286,2385
2387: 2386,2488,2286,2287,2388,2489
2388: 2389,2489,2490,2287,2288,2387
2389: 2388,2490,2288,2289,2390,2491
2390: 2491,2492,2391,2289,2290,2389
2391: 2390,2492,2290,2291,2493
2392: 2494,2493,2292,2291,12951
11212: 11119,11211,11303,11304
2394: 2495,12951,2293,2294,2395,2496
2395: 2396,2496,2497,2294,2295,2394
2396: 2395,2497,2295,2296,2397,2498
2397: 2398,2498,2499,2296,2297,2396
2398: 2397,2499,2297,2298,2399,2500
2399: 2500,2501,2298,2299,2398
11552: 11465,11553,11551,11638,11637
2401: 2503,2301,2402
2402: 2403,2301,2302,2503,2401
2403: 2402,2505,2302,2303,2404
2404: 12938,2303,2304,2403,2505
11968: 11967,12906,11891,11969,12043
10833: 10735,10834,10734,10832
2407: 2508,2306,12952,12910
12608: 
12083: 12154,12009,12155
10156: 
11887: 11808,11888,11807,11886,11964,11965
10286: 10287,10389,10182,10183,10285,10388
12920: 11608
2414: 2516,12820
12096: 12095,12167
10493: 10593,10391,10392,10494,10594
10823: 10725,10724,10824,10921
2418: 
2419: 
10357: 
10336: 10337,10439,10232,10233,10438
11062: 12887,11155,10968,10969
2423: 2322,2525,2526
11571: 11484,11485,11656,11657
2425: 
12618: 12905
2427: 
2428: 2429,2531
2429: 2328,2428,2531
11440: 11526,11351,11352,11527
2431: 
10757: 10756,10855,12863,10657
2433: 2434,2332
2434: 2333,2435,2332,2433
2435: 2333,2434,2334,2436,2538
2436: 2334,2335,2437,2435,2538,2539
2437: 2335,2436,2336,2438,2539,2540
2438: 2336,12964,2437,2540,2439
2439: 2438,12964
2440: 2441,2339,2543
2441: 2442,2339,2440,2543,2544
2442: 2340,2441,2443,2341,2545
2443: 2444,2342,2341,2442,2545
2444: 2342,2443,2445,2547
2445: 2344,2446,2444,2547,2548
2446: 2344,2445,2345,2447,2548
2447: 2345,2346,2446,2448,2550
2448: 2347,2449,2346,2447,2550,2551
2449: 2347,2348,2448,2450,2551,2552
2450: 2349,2451,2348,2449,2552,2553
2451: 2349,2450,2350,2452,2553,2554
2452: 2350,2351,2453,2451,2555,2554
2453: 2351,2452,2352,2454,2555,2556
2454: 2352,2453,2556,2557
2455: 2354,2456,2353,2557,2558
2456: 2354,2355,2455,2457,2558,2559
2457: 2356,2458,2355,2456,2559,2560
2458: 2356,2457,2459,2357,2560,2561
2459: 2358,2460,2357,2458,2562,2561
2460: 2358,2459,2359,2461,2562,2563
2461: 2359,2360,2462,2460,2563,2564
2462: 2360,2461,2361,2463,2564,2565
2463: 2361,2362,2462,2565,2566
11182: 11089,11181,11090,11183,11274
2465: 2363,2466,2364,2567,2568
2466: 2365,2467,2364,2465,2568,2569
2467: 2365,2466,2366,2468,2569,2570
2468: 2366,2367,2469,2467,2570,2571
2469: 2367,2468,2368,2470,2571,2572
2470: 2368,2369,2471,2469,2572,2573
2471: 2369,2470,2370,2472,2573,2574
2472: 2370,2371,2471,2473,2574,2575
2473: 2372,2474,2371,2472,2575,2576
2474: 2372,2373,2473,2475,2576,2577
2475: 2373,2474,2577,2578
10886: 10887,10981,10789,10788,10885
2477: 2376,2478,2579,2580
2478: 2377,2479,2477,2376,2580,2581
2479: 2377,2378,2478,2480,2581,2582
2480: 2379,2481,2378,2479,2582,2583
2481: 2379,2380,2480,2482,2583,2584
2482: 2381,2483,2380,2481,2584,2585
2483: 2381,2482,2382,2484,2585,2586
2484: 2383,2485,2483,2382,2586,2587
2485: 2383,2484,2384,2486,2587,2588
2486: 2384,2385,2485,2588,2589
2487: 2386,2488,2385,2589,2590
2488: 2386,2387,2487,2489,2590,2591
2489: 2388,2490,2387,2488,2591,2592
2490: 2388,2389,2489,2491,2592,2593
2491: 2390,2492,2389,2490,2593,2594
2492: 2390,2491,2391,2493,2594,2595
2493: 2392,2492,2391,2595
2494: 2392,2495,12951,2597
2495: 2394,12951,2494,2496,2597,2598
2496: 2395,2497,2495,2394,2598,2599
2497: 2395,2396,2496,2498,2599,2600
2498: 2397,2499,2396,2497,2600,2601
2499: 2397,2398,2498,2500,2601
2500: 2399,2398,2499
2501: 2399
10460: 
2503: 2401,2402,2605,2606
10201: 10304,10305,10202
2505: 2403,2404,12938,2607
11809: 11808,11888,11728,11810,11889
2507: 2508,12938
2508: 2407,2507,12910
12687: 12644,12688,12686,12725,12946
2510: 2612
11817: 11897,11896,11735,11736,11816
2512: 2614,2615
12597: 
2514: 
10282: 10281,10384,10178,10179,10385,10283
2516: 2414,12820,2618
2517: 12820,2518,2620
2518: 2517,2620,12940
12153: 
2520: 
11639: 11640,11723,11553,11554,11638
11862: 
2523: 2626
10794: 10695,10696,10795,10891,10892
2525: 2423,2526
2526: 2527,2630,2423,2525
2527: 2526,2630,2528,12965
2528: 2527
12031: 11955,12030,11956,12104,12105
12441: 12379
2531: 2634,2428,2429
11804: 11805,11884,11723
10942: 
12830: 6987,7106,7223
10835: 10737,10836,10932,10933
11118: 11117,11210,11119,11211
10890: 10984,10985,10792,10889,10891
2538: 2539,2642,2435,2436,2641
2539: 2538,2642,2643,2436,2437,2540
2540: 2437,2438,2539,2643
10367: 10264,10468,10469
10344: 10343,10241
2543: 2646,2440,2441,2544,2647
2544: 2647,2648,2545,2441,2543
2545: 2544,2442,2443,2649
2546: 
2547: 2548,2651,2444,2445,2650
2548: 2547,2651,2652,2445,2446
10828: 10729,10730,10829,10827,10925,10926
2550: 2653,2447,2448,2551,2654
2551: 2552,2654,2655,2448,2449,2550
2552: 2551,2655,2449,2450,2553,2656
2553: 2656,2657,2450,2451,2552,2554
2554: 2555,2658,2451,2452,2553,2657
2555: 2659,2658,2554,2452,2453,2556
2556: 2557,2453,2454,2659,2555
2557: 2556,2454,2455,2558
2558: 2559,2661,2455,2456,2557
2559: 2558,2662,2456,2457,2560,2663
2560: 2664,2663,2458,2457,2559,2561
2561: 2562,2665,2458,2459,2560,2664
2562: 2665,2666,2561,2459,2460,2563
2563: 2564,2667,2460,2461,2562,2666
2564: 2563,2667,2668,2461,2462,2565
2565: 2566,2669,2462,2463,2564,2668
2566: 2565,2669,2463,2670
2567: 2671,2670,2568,2465
2568: 2567,2671,2465,2466,2569,2672
2569: 2672,2673,2466,2467,2568,2570
2570: 2571,2674,2467,2468,2569,2673
2571: 2570,2674,2675,2468,2469,2572
2572: 2573,2676,2469,2470,2571,2675
2573: 2572,2676,2677,2470,2471,2574
2574: 2575,2678,2471,2472,2573,2677
2575: 2574,2678,2679,2472,2473,2576
2576: 2577,2680,2473,2474,2575,2679
2577: 2576,2680,2474,2475,2578,2681
2578: 2681,2475,2577
2579: 2580,2683,2477,2682
2580: 2579,2683,2477,2478,2581,2684
2581: 2582,2685,2684,2479,2478,2580
2582: 2581,2685,2479,2480,2583,2686
2583: 2584,2686,2687,2480,2481,2582
2584: 2583,2687,2481,2482,2585,2688
2585: 2689,2688,2586,2483,2482,2584
2586: 2585,2689,2483,2484,2587,2690
2587: 2690,2691,2484,2485,2586,2588
2588: 2692,2485,2486,2587,2691
2589: 2692,2486,2487,2590,2693
2590: 2591,2694,2693,2488,2487,2589
2591: 2590,2694,2488,2489,2592,2695
2592: 2593,2695,2696,2489,2490,2591
2593: 2592,2696,2490,2491,2594,2697
2594: 2697,2698,2491,2492,2593,2595
2595: 2699,2492,2493,2594,2698
10390: 10288,10391,10491
2597: 2598,2701,2494,2495
2598: 2597,2701,2495,2496,2599,2702
2599: 2600,2702,2703,2496,2497,2598
2600: 2599,2703,2497,2498,2601,2704
2601: 2704,2498,2499,2600
2602: 
11545: 11546,11459,11544,11630,11631
2604: 2605,2708,2707
2605: 2604,2708,2709,2503,2606
2606: 2607,2710,2503,2605,2709
2607: 2606,2710,2711,2505
2608: 
2609: 
12883: 12799
2611: 2714,12910,2715
2612: 2716,2510
2613: 
2614: 2718,2512,2615
2615: 2616,2719,2512,2614,2718
2616: 2615,2719
2617: 2618,2721
2618: 2617,2721,2516,2619
2619: 12820,2618,2620
2620: 12940,2517,2518,2619
12134: 
2622: 2725,12940
2623: 
11847: 11767,11768,11846
10452: 10349,10350,10453
2626: 2523,2730
12162: 12161,12230
12590: 12591,12538,12954
2629: 
2630: 2526,2527,2734
10986: 10891,10892,10987,10985,11079
12973: 1387,1211,1299
2633: 2737
2634: 2531,2635,2739
2635: 2634,2739,2740
2636: 
2637: 
2638: 2742
2639: 
2640: 2641,2745
2641: 2640,2538,2642,2745,2746
2642: 2538,2539,2643,2641,2746,2747
2643: 2539,2642,2540,2747,2748
11322: 11231,11321
2645: 2646,2749,2750
2646: 2543,2645,2647,2750,2751
2647: 2544,2648,2646,2543,2751,2752
2648: 2544,2647,2649,2752,2753
2649: 2650,2648,2545,2753,2754
2650: 2649,2547,2651,2754,2755
2651: 2547,2548,2652,2650,2755,2756
2652: 2548,2651,2653,2756,2757
2653: 2550,2652,2654,2757,2758
2654: 2551,2655,2653,2550,2758,2759
2655: 2551,2552,2654,2656,2759,2760
2656: 2553,2657,2552,2655,2760,2761
2657: 2553,2656,2658,2554,2761,2762
2658: 2659,2555,2554,2657,2762,2763
2659: 2555,2658,2556,2763
12758: 12725,12759,12784,12785
2661: 2558,2662
2662: 2559,2661,2663,2767
2663: 2560,2664,2559,2662,2768
2664: 2560,2663,2665,2561,2769
2665: 2562,2666,2561,2664
2666: 2562,2665,2563,2667
2667: 2563,2564,2668,2666,2771,2772
2668: 2564,2667,2565,2669,2772,2773
2669: 2565,2566,2668,2670,2773,2774
2670: 2567,2566,2669,2774,2775
2671: 2567,2568,2672,2775,2776
2672: 2569,2673,2671,2568,2776,2777
2673: 2569,2672,2570,2674,2777,2778
2674: 2570,2571,2675,2673,2778,2779
2675: 2571,2674,2572,2676,2779,2780
2676: 2572,2573,2677,2675,2780,2781
2677: 2573,2676,2574,2678,2781,2782
2678: 2574,2575,2679,2677,2782,2783
2679: 2575,2678,2576,2680,2783,2784
2680: 2576,2577,2679,2681,2784,2785
2681: 2578,2577,2680,2785,2786
2682: 2579,2683,2787
2683: 2579,2580,2682,2684,2787,2788
2684: 2581,2685,2580,2683,2788,2789
2685: 2581,2582,2684,2686,2789,2790
2686: 2583,2687,2582,2685,2790,2791
2687: 2583,2584,2686,2688,2791,2792
2688: 2585,2689,2584,2687,2792,2793
2689: 2585,2688,2586,2690,2793,2794
2690: 2587,2691,2689,2586,2794,2795
2691: 2587,2690,2588,2692,2795,2796
2692: 2588,2589,2691,2693,2796,2797
2693: 2590,2694,2589,2692,2797,2798
2694: 2590,2591,2693,2695,2798,2799
2695: 2592,2696,2591,2694,2799,2800
2696: 2592,2593,2695,2697,2801
2697: 2594,2698,2593,2696,2802
2698: 2594,2697,2699,2595
2699: 2595,2698
12185: 12114,12113
2701: 2597,2598,2702,2806
2702: 2599,2703,2598,2701,2806,2807
2703: 2599,2600,2702,2704,2807,2808
2704: 2601,2705,2600,2703,2808,2809
2705: 2704,2706,2809,2810
2706: 2707,2705,2810,2811
2707: 2706,2604,2708,2811,2812
2708: 2604,2605,2709,2707,2812
2709: 2605,2708,2606,2710,2814
2710: 2606,2607,2711,2709,2814,2815
2711: 2607,2710,2712,2815,2816
2712: 2711,2816
2713: 2818
2714: 2611,2715,2818,2819
2715: 2716,2611,2714,2819,2820
2716: 2612,2715,2820
12547: 
2718: 2614,2615,2719,2822
2719: 2615,2616,2718,2824
2720: 
2721: 2617,2618,2825
10880: 10879,10782,10783,10881,10975
10782: 10683,10684,10783,10879,10880
11002: 10907,10908,11003,11096,11095
2725: 12940,2622
12099: 12026,12100,12025,12170
2727: 
11881: 11802,11880,11882,11958
10715: 10716,10814,10813,10615,10616,10714
2730: 2626
10604: 10503,10603,10504,10605,10703,10704
2732: 2837,12901
11296: 
2734: 2630,12901
10895: 10896,10990,10797,10798,10894,10989
2736: 2841,2737
2737: 2736,2633
10210: 10105,10106,10209,10211,10313
2739: 2740,2845,2844,2634,2635
2740: 2739,2845,2635,2741
2741: 2742,2847,2740
2742: 2741,2847,2638,2848
12161: 12089,12162,12230
11121: 
2745: 2641,2640,2746
2746: 2747,2852,2641,2642,2745
2747: 2746,2852,2853,2642,2643,2748
2748: 2749,2854,2643,2747,2853
2749: 2748,2854,2645,2750,2855
2750: 2751,2855,2856,2646,2645,2749
2751: 2750,2856,2646,2647,2752,2857
2752: 2857,2858,2753,2647,2648,2751
2753: 2752,2858,2648,2649,2859,2754
2754: 2650,2649,2753,2755
2755: 2756,2861,2650,2651,2754
2756: 2755,2861,2862,2651,2652,2757
2757: 2758,2863,2652,2653,2756,2862
2758: 2757,2863,2653,2654,2759
2759: 2760,2865,2654,2655,2758
2760: 2759,2865,2655,2656,2761
2761: 2866,2656,2657,2760,2762
2762: 2763,2868,2657,2658,2761
2763: 2762,2868,2659,2658,2764
2764: 2765,2870,2763,2869
2765: 2764,2870,2766,2871
2766: 2767,2871,2872,2765
2767: 2766,2872,2662,2768,2873
2768: 2769,2873,2874,2663,2767
2769: 2768,2874,2664
11430: 11341,11342,11429
2771: 2772,2877,2667
2772: 2771,2878,2667,2668,2773
2773: 2774,2879,2668,2669,2772
2774: 2773,2669,2670,2775
2775: 2776,2671,2670,2774
2776: 2775,2881,2671,2672,2777,2882
2777: 2882,2883,2672,2673,2776,2778
2778: 2779,2884,2673,2674,2777,2883
2779: 2778,2884,2885,2674,2675,2780
2780: 2781,2886,2675,2676,2779,2885
2781: 2780,2886,2887,2676,2677,2782
2782: 2783,2888,2677,2678,2781,2887
2783: 2782,2888,2889,2678,2679,2784
2784: 2785,2890,2679,2680,2783,2889
2785: 2784,2890,2680,2681,2786,2891
2786: 2891,2892,2681,2785
2787: 2788,2893,2682,2683
2788: 2787,2893,2683,2684,2789,2894
2789: 2790,2895,2894,2685,2684,2788
2790: 2789,2895,2685,2686,2791,2896
2791: 2792,2896,2897,2686,2687,2790
2792: 2791,2897,2687,2688,2793,2898
2793: 2794,2898,2899,2689,2688,2792
2794: 2793,2899,2689,2690,2795,2900
2795: 2900,2901,2690,2691,2794,2796
2796: 2797,2902,2691,2692,2795,2901
2797: 2796,2902,2903,2692,2693,2798
2798: 2799,2904,2694,2693,2797,2903
2799: 2798,2904,2694,2695,2800,2905
2800: 2801,2905,2906,2695,2799
2801: 2800,2906,2696,2802,2907
2802: 2907,2908,2697,2801
12791: 12808
2804: 2910,2805
2805: 2806,2911,2910,2804
2806: 2805,2701,2702,2807
2807: 2808,2913,2702,2703,2806
2808: 2807,2913,2703,2704,2809,2914
2809: 2810,2914,2915,2704,2705,2808
2810: 2809,2915,2705,2706,2811,2916
2811: 2916,2917,2707,2706,2810,2812
2812: 2918,2707,2708,2811,2917
2813: 
2814: 2815,2920,2709,2710,2919
2815: 2814,2920,2921,2710,2711,2816
2816: 2922,2711,2712,2815,2921
2817: 
2818: 2923,2924,2819,2713,2714
2819: 2818,2924,2714,2715,2820
2820: 2716,2715,2819
12926: 10274,10273,10171,10275
2822: 2928,2718
12064: 
2824: 12974,2719,2825
2825: 2931,2721,12974,2824
10498: 10497,10598,10599,10396,10397,10499
2827: 2932,2933,2828
2828: 2827,2933
11897: 11817,11896,11898,11974,11975
10403: 10300,10301,10404,10402,10504,10505
10435: 10332,10333,10436,10434,10537
10505: 10504,10605,10606,10403,10404,10506
12294: 12227,12359,12358
10612: 10511,10512,10613,10611,10711,10712
11071: 11163,10978,10977,11070,11072
2836: 
2837: 2732,2944
12897: 398,460,336
10494: 10594,10595,10392,10393,10493,10495
2840: 
2841: 2736,2948
11029: 10934,11028,11030,11123
11077: 11076,10983,10984
2844: 2739,2845,2950,2951
2845: 2739,2740,2844,2951
10149: 10044
2847: 2741,2742,2848,2953
2848: 2849,2742,2847,2955
2849: 2848,2955
10602: 10603,10502,10701,10702
11863: 11783,11864
2852: 2746,2747,2853,2958,2959
2853: 2747,2852,2748,2854,2959,2960
2854: 2748,2749,2853,2855,2960,2961
2855: 2750,2856,2749,2854,2961
2856: 2750,2751,2855,2857,2963
2857: 2752,2858,2751,2856,2963,2964
2858: 2752,2857,2753,2859,2964,2965
2859: 2858,2753,2965,2966
10581: 10481,10582,10480,10680,10681
2861: 2755,2756,2862,2968
2862: 2756,2861,2757,2863,2968,2969
2863: 2757,2758,2862,2969
12635: 12634,12678,12587,12588,12636
2865: 2759,2760,2866,2972
2866: 2761,2867,2865,2973,2972
2867: 2866,2868,2973,2974
2868: 2762,2763,2869,2867
2869: 2868,2764,2870,2975,2976
2870: 2764,2765,2869,2871,2976,2977
2871: 2766,2872,2765,2870,2977,2978
2872: 2766,2767,2871,2873,2978,2979
2873: 2768,2874,2767,2872,2979,2980
2874: 2768,2769,2873,2875,2980
2875: 2876,2874,2981,2982
2876: 2875,2877,2982,2983
2877: 2771,2878,2876,2983,2984
2878: 2772,2877,2879,2984,2985
2879: 2773,2878,2985,2986
12850: 9502,9611
2881: 2776,2882,2988
2882: 2777,2883,2881,2776,2988,2989
2883: 2777,2882,2778,2884,2989,2990
2884: 2778,2779,2885,2883,2991,2990
2885: 2779,2884,2780,2886,2991,2992
2886: 2780,2781,2887,2885,2992,2993
2887: 2781,2886,2782,2888,2993,2994
2888: 2782,2783,2889,2887,2994,2995
2889: 2783,2888,2784,2890,2995,2996
2890: 2784,2785,2889,2891,2996,2997
2891: 2786,2892,2785,2890,2997,2998
2892: 2786,2891,2998,2999
2893: 2787,2788,2894,2999,3000
2894: 2789,2895,2788,2893,3000,3001
2895: 2789,2790,2894,2896,3001,3002
2896: 2791,2897,2790,2895,3002,3003
2897: 2791,2792,2896,2898,3003,3004
2898: 2793,2899,2792,2897,3004,3005
2899: 2793,2794,2898,2900,3005,3006
2900: 2795,2901,2794,2899,3006,3007
2901: 2795,2900,2796,2902,3007,3008
2902: 2796,2797,2903,2901,3008,3009
2903: 2797,2902,2798,2904,3009,3010
2904: 2798,2799,2903,2905,3010,3011
2905: 2800,2906,2799,2904,3011,3012
2906: 2800,2801,2905,2907,3012,3013
2907: 2802,2908,2801,2906,3013,3014
2908: 2802,2907,3014,3015
10548: 10547,10648,10649,10446
2910: 2804,2805,2911,3016,3017
2911: 2805,2910,3017,3018
2912: 
2913: 2807,2808,2914,3020
2914: 2809,2915,2808,2913,3020,3021
2915: 2809,2810,2914,2916,3021,3022
2916: 2811,2917,2810,2915,3022,3023
2917: 2811,2916,2812,2918,3023,3024
2918: 2812,2919,2917,3024,3025
2919: 2918,2814,2920,3025,3026
2920: 2814,2815,2921,2919,3026,3027
2921: 2815,2920,2816,2922,3027,3028
2922: 2816,2921,2923,3028,3029
2923: 2818,2924,2922,3029,3030
2924: 2818,2923,2819,3030
11201: 11109,11200,11292,11293
2926: 3032,3033
12095: 12094,12167,12021,12096
2928: 2822,2929
2929: 12974,2928
10486: 10485,10586,10384,10385,10487,10587
2931: 2825,2932,12968
2932: 2827,2933,2931,3039
2933: 2827,2932,2828,3039
11771: 11770,11851,11689
2935: 
2936: 
11975: 11974,12050,11897,11898,11976,12051
10847: 10848,10944
11346: 
2940: 
2941: 3048
11751: 11752,11833
12465: 
2944: 2945,3051,2837
2945: 2944,2946,3053
2946: 3053,2945
12009: 12083
2948: 2949,3056,2841
2949: 2948,3056
2950: 2844,2951,3058
2951: 3059,3058,2845,2844,2950
10670: 10571,10669,10768
2953: 3060,2847
10533: 10534,10633,10634,10431,10432,10532
2955: 3063,3062,2848,2849
10321: 10320,10423,10217,10218,10322,10424
2957: 3064,3065,2958
2958: 2959,2852,2957,3065
2959: 2958,2852,2853,2960,3067
2960: 2961,3068,3067,2853,2854,2959
2961: 2960,3068,2854,2855,3069
10805: 10706,10707,10804,10806,10902,10903
2963: 3070,2856,2857,2964
2964: 2965,3072,2857,2858,2963
2965: 2964,3072,2858,2859,2966,3073
2966: 3074,3073,2859,2965,2967
2967: 2968,3075,3074,2966
2968: 2967,3076,2861,2862,2969
2969: 2970,2862,2863,2968,3076
2970: 2969,3077,3078
2971: 3079,3078,2972
2972: 2973,3080,2865,2866,2971
2973: 3080,3081,2972,2866,2867,2974
2974: 2975,3082,2867,2973,3081
2975: 2974,3082,3083,2869,2976
2976: 2977,3084,2869,2870,2975,3083
2977: 2976,3084,3085,2870,2871
2978: 2979,3086,2871,2872,3085
2979: 2978,3086,2872,2873,2980,3087
2980: 2981,3087,2873,2874,2979
2981: 2980,3088,2875,2982,3089
2982: 3089,3090,2876,2875,2981,2983
2983: 2984,3091,2876,2877,2982,3090
2984: 2983,3091,3092,2877,2878,2985
2985: 2986,3093,2878,2879,2984,3092
2986: 2985,3093,2879,3094
2987: 2988,3094,3095
2988: 2987,3095,2881,2882,2989,3096
2989: 3096,3097,2882,2883,2988,2990
2990: 2991,3098,2883,2884,2989,3097
2991: 3099,3098,2990,2884,2885,2992
2992: 2993,3100,2885,2886,3099,2991
2993: 2992,3100,3101,2886,2887,2994
2994: 2995,3102,2887,2888,2993,3101
2995: 2994,3102,3103,2888,2889,2996
2996: 2997,3104,2889,2890,2995,3103
2997: 2996,3104,2890,2891,2998,3105
2998: 3105,3106,2891,2892,2997
2999: 2892,2893
3000: 2893,2894,3001,3108
3001: 3002,3109,3108,2895,2894,3000
3002: 3001,3109,2895,2896,3003,3110
3003: 3004,3110,3111,2896,2897,3002
3004: 3003,3111,2897,2898,3005,3112
3005: 3006,3112,3113,2898,2899,3004
3006: 3005,3113,2899,2900,3007,3114
3007: 3114,2900,2901,3006,3008
3008: 3009,3116,2901,2902,3007
3009: 3008,3116,3117,2902,2903,3010
3010: 3011,3118,2903,2904,3009,3117
3011: 3010,3118,2904,2905,3012,3119
3012: 3013,3119,3120,2905,2906,3011
3013: 3012,3120,2906,2907,3014,3121
3014: 3121,3122,3015,2907,2908,3013
3015: 3014,3122,2908,3123
3016: 3124,3123,2910,3017
3017: 3018,3125,2910,2911,3124,3016
3018: 3017,3125,2911,3019,3126
3019: 3020,3126,3127,3018
3020: 3019,3127,2913,2914,3021,3128
3021: 3022,3128,3129,2914,2915,3020
3022: 3021,3129,2915,2916,3023,3130
3023: 3130,3131,2916,2917,3022,3024
3024: 3025,3132,2917,2918,3023,3131
3025: 3024,3132,3133,2918,2919,3026
3026: 3027,3134,2919,2920,3025,3133
3027: 3026,3134,3135,2920,2921,3028
3028: 3029,3136,2921,2922,3027,3135
3029: 3028,3136,2922,2923,3030,3137
3030: 3137,2923,2924,3029
12554: 
3032: 3140,3139,2926,3033
3033: 3141,2926,3140,3032
12925: 8970,9082,9084
3035: 
11202: 11110,11203,11109,11293,11294
3037: 12968,3144
11179: 11087,11180,11086,11178,11271
3039: 2932,2933
12736: 12971
3041: 
11932: 11931
11704: 11620,11621,11703,11705,11785,11786
3044: 
11416: 11326,11417,11504
12714: 
11960: 11882,11883
3048: 2941
11642: 11641,11725,11557,11643,11726
3050: 
3051: 2944
11976: 11898,11899,11975,11977,12051
3053: 2946,2945
11312: 12836,11221,11220
10685: 10783,10686,10585,10586,10684
3056: 2948,2949,3165
11081: 11082,11174,11173,10988,11080
3058: 2951,3059,2950
3059: 2951,3058,3060,3168
3060: 2953,3059,3168,3169
10729: 10730,10828,10629,10630,10728,10827
3062: 2955,3063
3063: 2955,3062,3064,3172
3064: 2957,3065,3063,3172
3065: 2957,3064,2958,3174
12193: 12121,12192,12194,12262
3067: 2960,3068,2959,3175,3176
3068: 2960,2961,3067,3069,3176,3177
3069: 3070,2961,3068,3177,3178
3070: 2963,3069,3178,3179
10258: 
3072: 2964,2965,3073,3180,3181
3073: 3074,2966,2965,3072,3182,3181
3074: 2966,3073,2967,3075,3182,3183
3075: 2967,3076,3074,3183,3184
3076: 2968,3075,2969,3077
3077: 2970,3078,3076,3185,3186
3078: 2970,3077,2971,3186,3187
3079: 2971,3080,3187,3188
3080: 2973,3081,2972,3079,3189,3188
3081: 2973,3080,2974,3082,3189,3190
3082: 2974,2975,3083,3081,3190,3191
3083: 2975,3082,2976,3084,3191,3192
3084: 2976,2977,3085,3083,3192,3193
3085: 2977,3084,2978,3193,3194
3086: 2978,2979,3087,3194,3195
3087: 2980,3088,2979,3086,3196
3088: 2981,3087,3089,3196,3197
3089: 2982,3090,2981,3088,3198,3197
3090: 2982,3089,2983,3091,3198,3199
3091: 2983,2984,3092,3090,3199,3200
3092: 2984,3091,2985,3093,3200,3201
3093: 2985,2986,3092,3094,3201,3202
3094: 2987,3095,2986,3093,3202,3203
3095: 2987,2988,3094,3096,3203,3204
3096: 2989,3097,2988,3095,3204,3205
3097: 2989,3096,3098,2990,3205,3206
3098: 3099,2991,2990,3097,3207,3206
3099: 2991,3098,2992,3100,3207,3208
3100: 2992,2993,3101,3099,3208,3209
3101: 2993,3100,2994,3102,3209,3210
3102: 2994,2995,3103,3101,3210,3211
3103: 2995,3102,2996,3104,3211
3104: 2996,2997,3103,3105,3212
3105: 2998,3106,2997,3104,3213
3106: 2998,3105,3214
12454: 12512,12453,12392,12455
3108: 3001,3109,3000,3217
3109: 3001,3002,3108,3110,3217,3218
3110: 3003,3111,3002,3109,3218,3219
3111: 3003,3004,3110,3112,3219,3220
3112: 3005,3113,3004,3111,3220,3221
3113: 3005,3006,3112,3114,3221,3222
3114: 3007,3006,3113,3222
12636: 12637,12680,12588,12635
3116: 3008,3009,3117,3224,3225
3117: 3009,3116,3010,3118,3225,3226
3118: 3010,3011,3117,3119,3226,3227
3119: 3012,3120,3011,3118,3227,3228
3120: 3012,3013,3119,3121,3228,3229
3121: 3014,3122,3013,3120,3229,3230
3122: 3014,3121,3015,3123,3230,3231
3123: 3016,3122,3015,3231
3124: 3016,3017,3125,3232,3233
3125: 3017,3018,3124,3126,3233,3234
3126: 3019,3127,3018,3125,3234,3235
3127: 3019,3020,3126,3128,3235,3236
3128: 3021,3129,3020,3127,3236,3237
3129: 3021,3022,3128,3130,3237,3238
3130: 3023,3131,3022,3129,3238,3239
3131: 3023,3130,3024,3132,3239,3240
3132: 3024,3025,3133,3131,3240,3241
3133: 3025,3132,3026,3134,3241,3242
3134: 3026,3027,3135,3133,3242,3243
3135: 3027,3134,3028,3136,3243,3244
3136: 3028,3029,3135,3137,3244,3245
3137: 3030,3029,3136,3245
3138: 
3139: 3140,3032,3247,3248
3140: 3032,3139,3033,3141,3248
3141: 3033,3140,3142,3250
3142: 3141,3250
10146: 10251,10040,10041
3144: 3037,3252
10501: 10399,10400,10500
11363: 11272,11364,11362,11451,11452
12274: 12205,12273,12275
11187: 11094,11186,11188,11278,11279
11919: 11994,11918,11841
10317: 10316,10419,10420,10318
12771: 12772,12737,12798
11384: 
3153: 3154,3261
3154: 3153
12114: 12115,12185,12041,12113
12576: 
10806: 10708,10807,10707,10805,10903,10904
12865: 8853
10625: 10524,10525,12824,10626,10725
3160: 
3161: 
11711: 11627,11628,11710,11712,11792
12310: 
3164: 
3165: 3056
12176: 12104,12244,12105,12177
10591: 10491,10590,10592,10690,10691
3168: 3059,3060,3169
3169: 3279,3060,3168
11291: 11290,11382,11199,11200,11292
11451: 11452,11538,11362,11363,11450
3172: 3281,3063,3064,3282
3173: 
3174: 3175,3284,3065
3175: 3174,3067
3176: 3177,3286,3068,3067
3177: 3176,3286,3068,3069,3178,3287
3178: 3179,3287,3288,3070,3069,3177
3179: 3178,3288,3070,3180,3289
3180: 3289,3290,3072,3179,3181
3181: 3182,3291,3072,3073,3180,3290
3182: 3292,3291,3181,3074,3073,3183
3183: 3184,3293,3074,3075,3292,3182
3184: 3183,3293,3294,3075,3185
3185: 3186,3295,3077,3184,3294
3186: 3185,3295,3296,3077,3078,3187
3187: 3297,3078,3079,3186,3296
3188: 3189,3298,3079,3080,3297
3189: 3298,3299,3188,3080,3081,3190
3190: 3191,3300,3081,3082,3189,3299
3191: 3190,3300,3301,3082,3083,3192
3192: 3193,3302,3083,3084,3191,3301
3193: 3192,3302,3303,3084,3085,3194
3194: 3195,3304,3085,3086,3193,3303
3195: 3194,3304,3086,3196,3305
3196: 3306,3305,3087,3088,3195
3197: 3198,3307,3088,3089,3306
3198: 3307,3308,3197,3089,3090,3199
3199: 3200,3309,3090,3091,3198,3308
3200: 3199,3309,3310,3091,3092,3201
3201: 3202,3311,3092,3093,3200,3310
3202: 3201,3311,3093,3094,3203,3312
3203: 3204,3312,3313,3094,3095,3202
3204: 3203,3313,3095,3096,3205,3314
3205: 3314,3096,3097,3204,3206
3206: 3207,3316,3097,3098,3205
3207: 3317,3316,3206,3099,3098,3208
3208: 3209,3318,3099,3100,3317,3207
3209: 3208,3318,3319,3100,3101,3210
3210: 3211,3320,3101,3102,3209,3319
3211: 3210,3320,3102,3103
3212: 3322,3321,3104,3213
3213: 3214,3323,3105,3212,3322
3214: 3323,3324,3213,3106,3215
3215: 3216,3325,3214,3324
3216: 3215,3325,3217,3326
3217: 3218,3327,3109,3108,3216
3218: 3217,3327,3109,3110,3219,3328
3219: 3220,3328,3329,3110,3111,3218
3220: 3219,3329,3111,3112,3221,3330
3221: 3222,3330,3331,3112,3113,3220
3222: 3221,3331,3113,3114,3223
3223: 3332,3333,3222
3224: 3225,3334,3116,3333
3225: 3224,3334,3335,3116,3117,3226
3226: 3227,3336,3117,3118,3225,3335
3227: 3226,3336,3118,3119,3228,3337
3228: 3229,3337,3338,3119,3120,3227
3229: 3228,3338,3120,3121,3230,3339
3230: 3339,3340,3231,3121,3122,3229
3231: 3230,3340,3122,3123
3232: 3342,3341,3124,3233
3233: 3234,3343,3124,3125,3342,3232
3234: 3233,3343,3125,3126,3235,3344
3235: 3236,3345,3344,3126,3127,3234
3236: 3235,3345,3127,3128,3237,3346
3237: 3238,3346,3347,3128,3129,3236
3238: 3237,3347,3129,3130,3239,3348
3239: 3348,3130,3131,3238,3240
3240: 3241,3350,3131,3132,3239,3349
3241: 3240,3350,3351,3132,3133,3242
3242: 3243,3133,3134,3241,3351
3243: 3242,3134,3135,3244,3353
3244: 3245,3353,3354,3135,3136,3243
3245: 3244,3354,3136,3137
12912: 8843,8731
3247: 3248,3357,3139
3248: 3247,3140,3139
10704: 10705,10803,10604,10605,10703,10802
3250: 3360,3359,3141,3142
10992: 10991,10898,11085,11086
3252: 3144
12452: 12390,12391,12453
3254: 
3255: 3364,3365
11010: 10915,11009,10916,11011,11103,11104
3257: 12891
10383: 10281,10384,10280,10485
10917: 10916,11011,11012,10819,10820,10918
11553: 11552,11467,11554,11638,11639
3261: 3153,3371
11803: 11882,11883,11721,11802
11155: 11062,12887,11156
11682: 11598,11683,11681,11764
11859: 
12436: 
11521: 11434,11435,11606,11607
11727: 
3269: 3270,3380
3270: 3269,3380
12986: 7344,7345
3272: 3273,3382
3273: 3272,3384
12776: 
3275: 3385,3386
12669: 12917,12621
3277: 
3278: 
3279: 3169,3389
11737: 11654,11653,11736,11819
3281: 3172,3282,3391,3392
3282: 3281,3172,3392,3393
3283: 
3284: 3174
12949: 6506
3286: 3176,3177,3396,3287,3397
3287: 3178,3288,3177,3286,3397,3398
3288: 3178,3179,3287,3289,3398,3399
3289: 3180,3290,3179,3288,3399,3400
3290: 3180,3289,3291,3181,3400,3401
3291: 3292,3182,3181,3290,3402,3401
3292: 3182,3291,3183,3293,3402,3403
3293: 3183,3184,3294,3292,3403,3404
3294: 3184,3293,3185,3295,3404,3405
3295: 3185,3186,3296,3294,3405,3406
3296: 3186,3295,3187,3297,3406,3407
3297: 3187,3296,3188,3407
3298: 3189,3299,3188,3409,3408
3299: 3189,3298,3190,3300,3409,3410
3300: 3190,3191,3301,3299,3410,3411
3301: 3191,3300,3192,3302,3411,3412
3302: 3192,3193,3303,3301,3412,3413
3303: 3193,3302,3194,3304,3413,3414
3304: 3194,3195,3303,3305,3414,3415
3305: 3196,3306,3195,3304,3415,3416
3306: 3196,3305,3197,3416,3417
3307: 3198,3308,3197,3417,3418
3308: 3198,3307,3199,3309,3418,3419
3309: 3199,3200,3310,3308,3419,3420
3310: 3200,3309,3201,3311,3420,3421
3311: 3201,3202,3310,3312,3421,3422
3312: 3203,3313,3202,3311,3422,3423
3313: 3203,3204,3312,3314,3423,3424
3314: 3205,3315,3204,3313,3424,3425
3315: 3314,3316,3425,3426
3316: 3317,3207,3206,3315,3426,3427
3317: 3207,3316,3208,3318,3427,3428
3318: 3208,3209,3319,3317,3428,3429
3319: 3209,3318,3210,3320,3429,3430
3320: 3210,3211,3319,3430
3321: 3212,3322,3431,3432
3322: 3212,3321,3323,3213,3432,3433
3323: 3214,3324,3213,3322,3434,3433
3324: 3214,3323,3215,3325,3434,3435
3325: 3215,3216,3324,3326,3435,3436
3326: 3327,3216,3325,3436,3437
3327: 3217,3218,3326,3328,3438
3328: 3219,3329,3218,3327,3438,3439
3329: 3219,3220,3328,3330,3439,3440
3330: 3221,3331,3220,3329,3440
3331: 3221,3222,3330,3332
3332: 3223,3331,3442,3443
3333: 3223,3224,3334,3443,3444
3334: 3224,3225,3335,3333,3444,3445
3335: 3225,3334,3226,3336,3445,3446
3336: 3226,3227,3335,3337,3446,3447
3337: 3228,3338,3227,3336,3447,3448
3338: 3228,3229,3337,3339,3448,3449
3339: 3230,3340,3229,3338,3449,3450
3340: 3230,3339,3231,3450,3451
3341: 3342,3232,3451,3452
3342: 3232,3341,3233,3343,3452,3453
3343: 3233,3234,3342,3344,3453,3454
3344: 3235,3345,3234,3343,3454,3455
3345: 3235,3236,3344,3346,3455,3456
3346: 3237,3347,3236,3345,3456,3457
3347: 3237,3238,3346,3348,3457,3458
3348: 3239,3238,3347,3458,3459
3349: 3240,3350,3459,3460
3350: 3240,3241,3351,3349,3460,3461
3351: 3241,3350,3242,3461,3462
3352: 
3353: 3244,3354,3243,3463,3464
3354: 3244,3245,3353,3464
3355: 
3356: 3357,3466,3467
3357: 3247,3356,3467,3468
12852: 336
3359: 3360,3250,3469,3470
3360: 3250,3359,3470
11668: 11669,11752,11583
3362: 
3363: 3364,3473
3364: 3255,3365,3363,3475
3365: 3255,3364,3366,3475,3476
3366: 12891,3365,3476,3367
3367: 12891,3366,12970
3368: 12970,3369,3479
3369: 3368,3479,3480
10737: 10835,10836,10637,10738
3371: 3261,3481,3482
10726: 10825,10824,10627,10626,10725,10727
3373: 
10941: 10940,11035,10843,11036
10326: 10325,10428,10429,10222,10223,10327
3376: 3487
10683: 10684,10782,10584,10583,10682
3378: 
10458: 10355,10560
3380: 3270,3269
10653: 10652,10753
3382: 12942,3493,3272
10652: 10651,10653,10751
3384: 3496,3273
3385: 3386,3497,3275,3496
3386: 3385,3497,3275,3387
3387: 3388,3499,3386
3388: 3387,3499,3389,3500
3389: 3501,3500,3279,3388
3390: 
3391: 3392,3502,3503,3281
3392: 3391,3503,3281,3282,3393,3504
3393: 3504,3505,3282,3392
3394: 
3395: 
3396: 3286
3397: 3286,3287,3398,3509
3398: 3399,3509,3510,3287,3288,3397
3399: 3398,3510,3288,3289,3400,3511
3400: 3511,3512,3289,3290,3399,3401
3401: 3402,3513,3290,3291,3400,3512
3402: 3514,3513,3401,3292,3291,3403
3403: 3404,3515,3292,3293,3514,3402
3404: 3403,3515,3516,3293,3294,3405
3405: 3406,3517,3294,3295,3404,3516
3406: 3405,3517,3295,3296,3407,3518
3407: 3519,3518,3296,3297,3406
3408: 3409,3520,3298,3519
3409: 3520,3521,3408,3298,3299,3410
3410: 3411,3522,3299,3300,3409,3521
3411: 3410,3522,3523,3300,3301,3412
3412: 3413,3524,3301,3302,3411,3523
3413: 3412,3524,3525,3302,3303,3414
3414: 3415,3526,3303,3304,3413,3525
3415: 3414,3526,3304,3305,3416,3527
3416: 3417,3527,3528,3306,3305,3415
3417: 3416,3528,3306,3307,3529
3418: 3530,3307,3308,3419
3419: 3420,3531,3308,3309,3418,3530
3420: 3419,3531,3532,3309,3310,3421
3421: 3422,3533,3310,3311,3420,3532
3422: 3421,3533,3311,3312,3423,3534
3423: 3424,3534,3535,3312,3313,3422
3424: 3423,3535,3313,3314,3425,3536
3425: 3536,3537,3314,3315,3424,3426
3426: 3427,3538,3315,3316,3425,3537
3427: 3426,3538,3539,3317,3316,3428
3428: 3429,3540,3317,3318,3427,3539
3429: 3428,3540,3541,3318,3319,3430
3430: 3542,3319,3320,3429,3541
3431: 3542,3321,3432,3543
3432: 3544,3543,3322,3321,3431,3433
3433: 3434,3545,3322,3323,3432,3544
3434: 3545,3546,3433,3323,3324,3435
3435: 3436,3547,3324,3325,3434,3546
3436: 3435,3547,3548,3325,3326,3437
3437: 3438,3549,3326,3436,3548
3438: 3437,3327,3328,3439
3439: 3440,3328,3329,3438
3440: 3439,3329,3330
10689: 10589,10590,10690,10788
3442: 3553,3332,3554
3443: 3554,3555,3332,3333,3444
3444: 3445,3556,3333,3334,3443,3555
3445: 3444,3556,3334,3335,3446,3557
3446: 3447,3558,3557,3335,3336,3445
3447: 3446,3558,3336,3337,3448,3559
3448: 3449,3559,3560,3337,3338,3447
3449: 3448,3560,3338,3339,3450,3561
3450: 3561,3562,3451,3339,3340,3449
3451: 3450,3562,3340,3341
3452: 3564,3563,3342,3341,3453
3453: 3454,3565,3342,3343,3564,3452
3454: 3453,3565,3343,3344,3455,3566
3455: 3456,3566,3567,3345,3344,3454
3456: 3455,3567,3345,3346,3457,3568
3457: 3458,3568,3569,3346,3347,3456
3458: 3457,3569,3347,3348,3459,3570
3459: 3570,3571,3348,3349,3458
3460: 3461,3349,3350,3571
3461: 3460,3350,3351,3462,3573
3462: 3463,3574,3573,3351,3461
3463: 3462,3574,3353,3464,3575
3464: 3465,3575,3353,3354,3463
3465: 3464,3576,3466,3577
3466: 3577,3578,3467,3356,3465
3467: 3466,3578,3356,3357,3468,3579
3468: 3580,3579,3357,3467
3469: 3470,3359,3580
3470: 3469,3582,3360,3359
10614: 10513,10514,10615,10613,10713,10714
10829: 10730,10828,10731,10830,10926,10927
3473: 3585,3584,3363
11484: 11571,11485
3475: 3586,3364,3365,3476
3476: 3365,3366,3475
3477: 
11783: 11701,11702,11863
3479: 3368,3369,3480
3480: 3481,3369,3479
3481: 3480,3371,3482
3482: 3371,3481
12563: 12562,12508
10645: 10544,10644,10646,10744
11305: 11395,11306,12932
10389: 10286,10287,10388,10490
3487: 3376,3597
12913: 11438,11524,11437,12980
3489: 
12239: 12240,12170,12981,12306
11500: 
12823: 9027,9028,9139,9140
3493: 3382,12942,3603,3604
10182: 10077,10181,10078,10183,10285,10286
11949: 11950,12025,11872,11871
3496: 3384,3385,3497,12963
3497: 3385,3386,3496
3498: 
3499: 3387,3388,3500,3609,3610
3500: 3389,3501,3388,3499,3610,3611
3501: 3389,3500,3502,3611,3612
3502: 3391,3503,3501,3612,3613
3503: 3391,3392,3502,3504,3613,3614
3504: 3393,3505,3392,3503,3614,3615
3505: 3393,3504,3506,3615,3616
3506: 3507,3505,3616,3617
3507: 3506,3617
12840: 
3509: 3398,3510,3397,3620
3510: 3398,3399,3509,3511,3620,3621
3511: 3400,3512,3399,3510,3621,3622
3512: 3400,3511,3513,3401,3622,3623
3513: 3514,3402,3401,3512,3623,3624
3514: 3402,3513,3403,3515,3624,3625
3515: 3403,3404,3516,3514,3625,3626
3516: 3404,3515,3405,3517,3626,3627
3517: 3405,3406,3516,3518,3627,3628
3518: 3407,3519,3406,3517,3628,3629
3519: 3407,3518,3520,3408,3629,3630
3520: 3409,3521,3408,3519,3630,3631
3521: 3409,3520,3410,3522,3631,3632
3522: 3410,3411,3523,3521,3632,3633
3523: 3411,3522,3412,3524,3633,3634
3524: 3412,3413,3525,3523,3634,3635
3525: 3413,3524,3414,3526,3635,3636
3526: 3414,3415,3525,3527,3636,3637
3527: 3416,3528,3415,3526,3637,3638
3528: 3416,3417,3527,3529,3638,3639
3529: 3417,3528,3639,3640
3530: 3418,3419,3531,3641
3531: 3419,3420,3532,3530,3641,3642
3532: 3420,3531,3421,3533,3642,3643
3533: 3421,3422,3532,3534,3643,3644
3534: 3423,3535,3422,3533,3644,3645
3535: 3423,3424,3534,3536,3645,3646
3536: 3425,3537,3424,3535,3646,3647
3537: 3425,3536,3426,3538,3647,3648
3538: 3426,3427,3539,3537,3648,3649
3539: 3427,3538,3428,3540,3649,3650
3540: 3428,3429,3541,3539,3650,3651
3541: 3429,3540,3430,3542,3651,3652
3542: 3430,3431,3653,3541,3652
3543: 3432,3544,3431,3653,3654
3544: 3432,3543,3545,3433,3654,3655
3545: 3434,3546,3433,3544,3656,3655
3546: 3434,3545,3435,3547,3656,3657
3547: 3435,3436,3548,3546,3657,3658
3548: 3436,3547,3437,3549,3658,3659
3549: 3437,3550,3548,3659,3660
3550: 3549,3551,3660,3661
3551: 3550,3552,3661,3662
3552: 3553,3551,3662,3663
3553: 3442,3552,3663,3664
3554: 3443,3555,3442,3665
3555: 3443,3554,3444,3556,3665,3666
3556: 3444,3445,3555,3557,3666,3667
3557: 3446,3558,3445,3556,3667,3668
3558: 3446,3447,3557,3559,3668,3669
3559: 3448,3560,3447,3558,3669,3670
3560: 3448,3449,3559,3561,3670,3671
3561: 3450,3562,3449,3560,3671
3562: 3450,3561,3451
3563: 3564,3452,3673,3674
3564: 3452,3563,3453,3565,3674,3675
3565: 3453,3454,3564,3566,3675,3676
3566: 3455,3567,3454,3565,3676,3677
3567: 3455,3456,3566,3568,3677,3678
3568: 3457,3569,3456,3567,3678,3679
3569: 3457,3458,3568,3570,3679,3680
3570: 3459,3571,3458,3569,3680,3681
3571: 3459,3570,3460,3681
10227: 10123,10228,10122,10226,10331
3573: 3462,3574,3461,3683,3684
3574: 3462,3463,3573,3575,3684,3685
3575: 3464,3576,3463,3574,3685
3576: 3465,3575,3577,3686
3577: 3466,3578,3465,3576
3578: 3466,3577,3467,3579,3689
3579: 3468,3578,3467,3689,3690
3580: 3468,3469,3690,3691
3581: 
3582: 3470,3692,3693
3583: 
3584: 3473,3585,3694,3695
3585: 3473,3584,3695
3586: 3475
11687: 11604,11768
12904: 6607,6608,6488,6606,6725
3589: 
3590: 
11192: 11099,11100,11191,11193,11283,11284
12002: 12001
12227: 12294
3594: 
3595: 
3596: 
3597: 3709,3708,3487
10719: 10817,10818,10619,10620,10718,10720
10882: 10881,10976,10785,10883,10977
10230: 10125,10229,10126,10231,10333,10334
3601: 
3602: 
3603: 3714,3493,3604,3715
3604: 3605,3715,3716,12942,3493,3603
3605: 3604,3716,12942,3717
12299: 12233,12300,12232,12364,12363
10931: 
10875: 10970,10777,10778,10874
3609: 3610,3721,3720,3499
3610: 3609,3721,3499,3500,3611,3722
3611: 3612,3723,3722,3501,3500,3610
3612: 3611,3723,3501,3502,3613,3724
3613: 3614,3724,3502,3503,3612
3614: 3613,3503,3504,3615,3726
3615: 3726,3727,3504,3505,3614,3616
3616: 3617,3728,3505,3506,3615,3727
3617: 3616,3728,3506,3507,3618
3618: 3730,3617,3729
3619: 3730,3620,3731
3620: 3621,3732,3509,3510,3619
3621: 3620,3732,3510,3511,3622,3733
3622: 3733,3734,3511,3512,3621,3623
3623: 3624,3735,3512,3513,3622,3734
3624: 3623,3735,3736,3514,3513,3625
3625: 3626,3737,3514,3515,3624,3736
3626: 3625,3737,3738,3515,3516,3627
3627: 3628,3739,3516,3517,3626,3738
3628: 3627,3739,3517,3518,3629,3740
3629: 3630,3740,3741,3519,3518,3628
3630: 3629,3741,3519,3520,3631,3742
3631: 3742,3743,3520,3521,3630,3632
3632: 3633,3744,3521,3522,3631,3743
3633: 3632,3744,3745,3522,3523,3634
3634: 3635,3746,3523,3524,3633,3745
3635: 3634,3746,3747,3524,3525,3636
3636: 3637,3748,3525,3526,3635,3747
3637: 3636,3748,3526,3527,3638,3749
3638: 3639,3749,3750,3527,3528,3637
3639: 3638,3750,3528,3529,3640,3751
3640: 3751,3752,3529,3639
3641: 3642,3753,3530,3531,3752
3642: 3641,3753,3531,3532,3643,3754
3643: 3644,3755,3754,3532,3533,3642
3644: 3643,3755,3533,3534,3645,3756
3645: 3646,3756,3757,3534,3535,3644
3646: 3645,3757,3535,3536,3647,3758
3647: 3758,3759,3648,3536,3537,3646
3648: 3647,3759,3537,3538,3760
3649: 3761,3538,3539,3650
3650: 3651,3762,3539,3540,3761,3649
3651: 3650,3762,3540,3541,3652
3652: 3541,3542,3653,3651
3653: 3542,3543,3652,3765
3654: 3765,3766,3544,3543,3655
3655: 3656,3767,3544,3545,3654,3766
3656: 3767,3768,3655,3545,3546,3657
3657: 3658,3769,3546,3547,3656,3768
3658: 3657,3769,3770,3547,3548,3659
3659: 3660,3771,3548,3549,3658,3770
3660: 3659,3771,3772,3549,3550,3661
3661: 3662,3773,3550,3551,3660,3772
3662: 3661,3773,3551,3552,3663,3774
3663: 3664,3774,3775,3553,3552,3662
3664: 3663,3775,3553,3776
3665: 3777,3554,3555,3666
3666: 3667,3778,3779,3555,3556,3665
3667: 3666,3779,3556,3557,3668
3668: 3669,3558,3557,3667
3669: 3668,3558,3559,3670,3781
3670: 3671,3781,3782,3559,3560,3669
3671: 3670,3782,3560,3561,3783
10800: 10701,10801,10702,10898
3673: 3674,3785,3563,3784
3674: 3673,3785,3786,3564,3563,3675
3675: 3676,3787,3564,3565,3674,3786
3676: 3675,3787,3565,3566,3677,3788
3677: 3678,3788,3789,3566,3567,3676
3678: 3677,3789,3567,3568,3679,3790
3679: 3680,3791,3568,3569,3678
3680: 3679,3569,3570,3681
3681: 3793,3570,3571,3680
3682: 3683,3794
3683: 3682,3794,3573,3684,3795
3684: 3685,3795,3574,3573,3683
3685: 3684,3574,3575,3686
3686: 3798,3797,3576,3685
10135: 10029,10239,10134
10887: 10886,10981,10789,10790,10888,10982
3689: 3578,3579,3690,3801
3690: 3802,3801,3580,3579,3689,3691
3691: 3692,3803,3580,3802,3690
3692: 3691,3803,3804,3582,3693
3693: 3694,3805,3582,3692,3804
3694: 3693,3805,3806,3584,3695
3695: 3807,3585,3584,3694,3806
12275: 12274,12342
10419: 10316,10317,10420,10418,10520,10521
11838: 
12273: 12272,12204,12205,12274
3700: 
11365: 11274,11275,11364,11453,11454
11382: 11291,11292,11470,11471
10440: 10338,10441,10337,10439,10541
12248: 12180,12314,12977,12249
11315: 11316,11405,11224,11314
12172: 12240,12100,12101,12241,12173
10191: 10087,10192,10086,10190,10294,10295
3708: 3597,3709
3709: 3597,3708,3710,3822
3710: 3711,3709,3823,3822
3711: 3710,3712,3823,3824
3712: 3711,3824
11338: 11248,11426,11427
3714: 3603,3715,3826,3827
3715: 3604,3716,3603,3714,3827,3828
3716: 3604,3605,3715,3717,3828
3717: 3718,3605,3716
3718: 3717,12963,3831
11028: 10933,11027,10934,11029
3720: 3609,3721
3721: 3609,3610,3720,3722,3834
3722: 3611,3723,3610,3721,3834,3835
3723: 3611,3612,3722,3724,3835,3836
3724: 3613,3612,3723,3836,3837
10277: 10278,12943,10379,10173,10174,10276
3726: 3615,3727,3614,3838,3839
3727: 3615,3726,3616,3728,3839,3840
3728: 3616,3617,3729,3727,3840
3729: 3728,3618,3841,3842
3730: 3618,3619,3731,3842,3843
3731: 3732,3619,3730,3843,3844
3732: 3620,3621,3731,3733,3845
3733: 3622,3734,3621,3732,3845,3846
3734: 3622,3733,3623,3735,3846,3847
3735: 3623,3624,3736,3734,3847,3848
3736: 3624,3735,3625,3737,3848,3849
3737: 3625,3626,3738,3736,3849,3850
3738: 3626,3737,3627,3739,3850,3851
3739: 3627,3628,3738,3740,3851,3852
3740: 3629,3741,3628,3739,3852,3853
3741: 3629,3630,3740,3742,3853,3854
3742: 3631,3743,3630,3741,3854,3855
3743: 3631,3742,3632,3744,3855,3856
3744: 3632,3633,3745,3743,3856,3857
3745: 3633,3744,3634,3746,3857,3858
3746: 3634,3635,3747,3745,3858,3859
3747: 3635,3746,3636,3748,3859,3860
3748: 3636,3637,3747,3749,3860,3861
3749: 3638,3750,3637,3748,3861,3862
3750: 3638,3639,3749,3751,3862,3863
3751: 3640,3639,3750,3863,3864
3752: 3640,3641,3753,3864,3865
3753: 3641,3642,3752,3754,3865
3754: 3643,3755,3642,3753,3867
3755: 3643,3644,3754,3756,3867
3756: 3645,3757,3644,3755
3757: 3645,3646,3756,3758,3870
3758: 3647,3759,3646,3757,3870,3871
3759: 3647,3758,3648,3760,3871,3872
3760: 3873,3759,3648,3872
3761: 3649,3873,3650,3762,3874
3762: 3650,3651,3763,3761
3763: 3762,3764,3875,3876
3764: 3763,3765,3876,3877
3765: 3654,3878,3653,3764
3766: 3654,3878,3767,3655,3879
3767: 3656,3768,3655,3766,3880,3879
3768: 3656,3767,3657,3769,3880,3881
3769: 3657,3658,3770,3768,3881,3882
3770: 3658,3769,3659,3771,3882,3883
3771: 3659,3660,3772,3770,3883,3884
3772: 3660,3771,3661,3773,3884,3885
3773: 3661,3662,3772,3774,3885,3886
3774: 3663,3775,3662,3773,3886,3887
3775: 3663,3664,3774,3776,3887,3888
3776: 3777,3664,3775,3888
3777: 3665,3776,3778,3889
3778: 3666,3779,3777,3890
3779: 3666,3667,3778
11097: 11098,11190,11189,11003,11004,11096
3781: 3670,3782,3669
3782: 3670,3671,3781,3783
3783: 3671,3782
3784: 3673,3785,3896,3897
3785: 3673,3674,3786,3784,3897,3898
3786: 3674,3785,3675,3787,3898,3899
3787: 3675,3676,3786,3788,3899,3900
3788: 3677,3789,3676,3787,3900,3901
3789: 3677,3678,3788,3790,3901,3902
3790: 3791,3678,3789,3902,3903
3791: 3679,3790,3792,3903,3904
3792: 3793,3791,3904,3905
3793: 3681,3792,3906
3794: 3682,3683,3795,3907
3795: 3684,3683,3794,3907,3908
10795: 10696,10794,10697,10892,10893
3797: 3686,3798,3909,3910
3798: 3686,3797,3799,3910,3911
3799: 3798,3911,3912
10187: 10082,10186,10083
3801: 3802,3690,3689,3914
3802: 3690,3801,3691,3803,3914
3803: 3691,3692,3804,3802,3916
3804: 3692,3803,3693,3805,3916,3917
3805: 3693,3694,3806,3804,3917,3918
3806: 3694,3805,3695,3807,3918,3919
3807: 3695,3806,3919,3920
3808: 
3809: 
10708: 10709,10806,10807,10608,10609,10707
3811: 3812,3923
3812: 3811,3925
10371: 10268,10269,10372,10473
12087: 12088,12013
3815: 3927,3928
11180: 11087,11179,11088,11181,11272
10432: 10329,10330,10431,10433,10533,10534
10842: 10744,10843,10743,10841,10939,10940
12552: 12496,12604
12651: 12694,12695,12604,12652
3821: 
3822: 3823,3709,3710,3935
3823: 3937,3822,3711,3710,3824
3824: 3938,3711,3712,3823,3937
10632: 10531,10532,10631,10633,10731,10732
3826: 3827,3940,3714
3827: 3826,3940,3714,3715,3828
3828: 3829,3715,3716,3827
3829: 3828
12371: 12306,12370,12432,12433
3831: 3718
12380: 12442,12315,12316,12381
10427: 10324,10426,10325,10428,10528,10529
3834: 3947,3721,3722,3835
3835: 3836,3723,3722,3834
3836: 3835,3723,3724,3837,3950
3837: 3838,3950,3724,3836
3838: 3837,3726,3839
3839: 3726,3727,3838,3840
3840: 3841,3727,3728,3839
3841: 3840,3954,3955,3729
3842: 3843,3956,3729,3730,3955
3843: 3842,3956,3730,3731,3844,3957
3844: 3845,3957,3958,3731,3843
3845: 3844,3732,3733,3846
3846: 3960,3733,3734,3845,3847
3847: 3848,3961,3734,3735,3846,3960
3848: 3847,3961,3962,3735,3736,3849
3849: 3850,3963,3736,3737,3848,3962
3850: 3849,3963,3964,3737,3738,3851
3851: 3852,3965,3738,3739,3850,3964
3852: 3851,3965,3739,3740,3853,3966
3853: 3854,3966,3967,3740,3741,3852
3854: 3853,3967,3741,3742,3855,3968
3855: 3968,3969,3856,3742,3743,3854
3856: 3855,3969,3743,3744,3857,3970
3857: 3971,3970,3744,3745,3856,3858
3858: 3859,3972,3745,3746,3971,3857
3859: 3858,3972,3746,3747,3860,3973
3860: 3861,3973,3974,3747,3748,3859
3861: 3860,3974,3748,3749,3862,3975
3862: 3863,3975,3976,3749,3750,3861
3863: 3862,3976,3750,3751,3977
3864: 3977,3978,3751,3752,3865
3865: 3866,3752,3753,3864,3978
3866: 3865,3979,3980
3867: 3868,3755,3754
3868: 3867,3981,3869,3982
3869: 3870,3982,3983,3868
3870: 3869,3757,3758,3871,3984
3871: 3984,3985,3872,3758,3759,3870
3872: 3871,3985,3759,3760,3986
3873: 3761,3760,3986,3874
3874: 3875,3988,3761,3873,3987
3875: 3874,3988,3989,3763,3876
3876: 3877,3990,3763,3764,3875,3989
3877: 3876,3990,3764,3878,3991
3878: 3765,3766,3877,3992
3879: 3880,3993,3766,3767,3992
3880: 3993,3994,3879,3767,3768,3881
3881: 3882,3995,3768,3769,3880,3994
3882: 3881,3995,3996,3769,3770,3883
3883: 3884,3997,3770,3771,3882,3996
3884: 3883,3997,3998,3771,3772,3885
3885: 3886,3999,3772,3773,3884,3998
3886: 3885,3999,3773,3774,3887,4000
3887: 3888,4000,3774,3775,3886
3888: 3887,4001,3775,3776
3889: 4002,4003,3777,3890
3890: 3891,4004,3778,3889,4003
3891: 3890,4004,4005,3892
3892: 3893,4006,3891,4005
3893: 3892,4006,3894,4007
3894: 4008,4007,3893
10499: 10600,10397,10498,10599
3896: 4010,3784,3897
3897: 3898,4011,3784,3785,3896,4010
3898: 3897,4011,4012,3785,3786,3899
3899: 3900,4013,3786,3787,3898,4012
3900: 3899,4013,4014,3787,3788,3901
3901: 3902,4015,3788,3789,3900,4014
3902: 3901,4015,3789,3790,3903,4016
3903: 3904,4016,4017,3790,3791,3902
3904: 3903,4017,3791,3792,3905,4018
3905: 4018,4019,3906,3792,3904
3906: 3905,3793,4020
3907: 4020,3794,3795,3908,4021
3908: 3909,4021,3795,3907
3909: 3908,4022,3797,3910,4023
3910: 3911,4023,4024,3798,3797,3909
3911: 3910,4024,3798,3799,3912,4025
3912: 4025,4026,3799,3911
11826: 11905,11744
3914: 4028,4027,3802,3801
10646: 10647,10546,10645
3916: 3803,3804,3917
3917: 3918,4031,3804,3805,3916
3918: 3917,4031,3805,3806,3919
3919: 3920,3806,3807,3918
3920: 3919,3807
3921: 
11846: 11767,11847,11766
3923: 4037,3811
3924: 
3925: 3812,4039
3926: 
3927: 4040,3815,3928
3928: 3815,3927
12177: 12105,12106,12176
3930: 4043
12237: 12169
11770: 11771,11689
11329: 
10434: 10331,10433,10435,10535,10536
3935: 3822,4050
12430: 12431,12429
3937: 3823,3824,3938,4051
3938: 3824,3937
10734: 10733,10832,10634,10635,10735,10833
3940: 3826,3827,4054
11105: 11198,11197,11011,11012,11104,11106
10610: 10510,10509,10609,10709
10907: 10908,11002,10809,10810,11001
10171: 10067,10172,10274,12926,10275
3945: 3946,4060
3946: 3945,4060,4061
3947: 3834,4062
3948: 
11758: 12922
3950: 3837,3951,3836,4064
3951: 3950,3952,4065,4066
3952: 3953,3951,4067,4066
3953: 3952,3954,4067,4068
3954: 3841,3955,3953,4068,4069
3955: 3841,3954,3842,3956,4069,4070
3956: 3842,3843,3955,3957,4070,4071
3957: 3844,3958,3843,3956,4071,4072
3958: 3844,3957,3959,4072,4073
3959: 3958,4073,4074
3960: 3846,3847,3961,4074,4075
3961: 3847,3848,3962,3960,4076,4075
3962: 3848,3961,3849,3963,4076
3963: 3849,3850,3964,4078,3962
3964: 3850,3963,4078,3851,3965,4079
3965: 3851,3852,4080,4079,3964,3966
3966: 3853,3967,4081,3852,3965,4080
3967: 3853,3854,3966,4081,3968,4082
3968: 3855,3969,3854,3967,4082,4083
3969: 3855,3968,3856,3970,4083,4084
3970: 3857,3969,3856,4084,4085
3971: 3857,3858,3972,4085,4086
3972: 3858,3859,3971,3973,4086,4087
3973: 3860,3974,3859,3972,4087,4088
3974: 3860,3861,3973,3975,4088,4089
3975: 3862,3976,3861,3974,4089,4090
3976: 3862,3863,3975,4090,4091
3977: 3864,3978,4092,3863
3978: 3864,3977,4092,3865,3979
3979: 3866,3980,3978,4093,4094
3980: 3866,3979,3981,4094,4095
3981: 3868,3980,3982,4095,4096
3982: 3869,3983,3868,3981,4096,4097
3983: 3869,3982,3984,4097,4098
3984: 3871,3985,3870,3983,4099
3985: 3871,3984,3872,4100,4099
3986: 3987,4100,3873,3872
3987: 3986,3874,3988,4101,4102
3988: 3874,3875,3989,3987,4102,4103
3989: 3875,3988,3876,3990,4103,4104
3990: 3876,3877,3989,3991,4104,4105
3991: 3992,3877,3990,4105,4106
3992: 3991,3878,3879
3993: 3880,3994,3879,4108
3994: 3880,3993,3881,3995,4108,4109
3995: 3881,3882,3996,3994,4109,4110
3996: 3882,3995,3883,3997,4110,4111
3997: 3883,3884,3998,3996,4111,4112
3998: 3884,3997,3885,3999,4112,4113
3999: 3885,3886,3998,4000,4113,4114
4000: 3887,3886,3999,4114
4001: 3888,4002,4115,4116
4002: 3889,4003,4001,4117,4116
4003: 3889,4002,3890,4004,4117,4118
4004: 3890,3891,4005,4003,4118,4119
4005: 3891,4004,3892,4006,4119,4120
4006: 3892,3893,4005,4007,4120,4121
4007: 3894,4008,3893,4006,4121,4122
4008: 3894,4007,4122,4123
4009: 4010,4124,4123
4010: 3896,4009,3897,4011,4125
4011: 3897,3898,4012,4010,4125,4126
4012: 3898,4011,3899,4013,4126,4127
4013: 3899,3900,4014,4012,4127,4128
4014: 3900,4013,3901,4015,4128,4129
4015: 3901,3902,4014,4016,4129,4130
4016: 3903,4017,3902,4015,4130,4131
4017: 3903,3904,4016,4018,4131,4132
4018: 3905,4019,3904,4017,4132,4133
4019: 3905,4018,4133,4134
4020: 3907,3906
4021: 3908,4022,3907
4022: 3909,4021,4023,4136,4137
4023: 3910,4024,3909,4022,4137,4138
4024: 3910,3911,4023,4025,4138,4139
4025: 3912,4026,3911,4024,4139,4140
4026: 3912,4025,4027,4140,4141
4027: 4028,3914,4026,4141,4142
4028: 3914,4027,4142,4143
11724: 11723,11641,11725,11805,11806
11112: 11204,11205,11111,11018,11019,11113
4031: 3917,3918,4145
11395: 11305,11304
10728: 10826,10827,10727,10628,10629,10729
11001: 10906,11000,10907,11095
10466: 10364,10467,12933
12258: 12189,12257
4037: 3923
12006: 11931
4039: 4040,3925,4153
4040: 3927,4039,4155
12147: 
11598: 11682,11681
4043: 3930
12969: 6864,6863,6746
12413: 12472,12471,12351
11055: 
4047: 4160
11720: 
10798: 10699,10700,10799,10797,10895,10896
4050: 4051,3935,4163
4051: 4050,4165,3937
11217: 11124,11125,11216,11218,11308
11135: 11227,11228,11136,11041
4054: 3940
4055: 
4056: 4057,4169
4057: 4056,4171
4058: 
4059: 
4060: 4173,4174,3946,3945,4061
4061: 4062,3946,4060,4174
4062: 4061,3947
4063: 4064,4177
4064: 4063,4177,3950,4065
4065: 4179,4178,3951,4064,4066
4066: 4067,4180,3951,3952,4065,4179
4067: 4180,4181,4066,3952,3953,4068
4068: 4069,4182,3953,3954,4067,4181
4069: 4068,4182,4183,3954,3955,4070
4070: 4071,4184,3955,3956,4069,4183
4071: 4070,4184,4185,3956,3957,4072
4072: 4073,4186,3957,3958,4071,4185
4073: 4072,4186,3958,3959,4187
4074: 4188,3959,3960,4075
4075: 4076,4189,3960,3961,4074,4188
4076: 4190,4189,4075,3961,3962
10825: 10726,10824,10826,10727,10922,10923
4078: 3963,3964,4079,4192,4191
4079: 3965,4080,3964,4078,4192,4193
4080: 3965,4079,3966,4081,4193,4194
4081: 3966,3967,4080,4082,4194,4195
4082: 4195,3967,4081,3968,4083,4196
4083: 4196,4197,4084,3968,3969,4082
4084: 4083,4197,3969,3970
4085: 4199,4198,3971,3970,4086
4086: 4087,4200,3971,3972,4199,4085
4087: 4086,4200,3972,3973,4088,4201
4088: 4089,4201,4202,3973,3974,4087
4089: 4088,4202,3974,3975,4090,4203
4090: 4091,4203,4204,3975,3976,4089
4091: 4090,4204,3976,4205
4092: 3977,3978,4093
4093: 4094,4207,4092,3979,4206
4094: 4093,4207,4208,3979,3980,4095
4095: 4096,4209,3980,3981,4094,4208
4096: 4095,4209,4210,3981,3982,4097
4097: 4098,4211,3982,3983,4096,4210
4098: 4097,4211,3983,4099,4212
4099: 3984,3985,4098
4100: 3986,3985,4101
4101: 4215,4214,3987,4100,4102
4102: 4103,4216,3987,3988,4215,4101
4103: 4102,4216,4217,3988,3989,4104
4104: 4105,4218,3989,3990,4103,4217
4105: 4104,4218,3990,3991,4106,4219
4106: 4220,4219,3991,4105
10922: 11017,10825,10824,10923
4108: 4222,3993,3994,4109
4109: 4110,4223,3994,3995,4108,4222
4110: 4109,4223,4224,3995,3996,4111
4111: 4112,4225,3996,3997,4110,4224
4112: 4111,4225,4226,3997,3998,4113
4113: 4114,4227,3998,3999,4112,4226
4114: 4113,4227,3999,4000,4228
4115: 4229,4228,4001,4116
4116: 4117,4230,4001,4002,4115,4229
4117: 4230,4231,4116,4002,4003,4118
4118: 4119,4232,4003,4004,4117,4231
4119: 4118,4232,4233,4004,4005,4120
4120: 4121,4234,4005,4006,4119,4233
4121: 4120,4234,4006,4007,4122,4235
4122: 4236,4235,4008,4007,4121
4123: 4124,4237,4008,4009,4236
4124: 4237,4238,4123,4009,4125
4125: 4126,4239,4010,4011,4124
4126: 4125,4239,4240,4011,4012,4127
4127: 4128,4241,4012,4013,4126,4240
4128: 4127,4241,4242,4013,4014,4129
4129: 4130,4243,4014,4015,4128,4242
4130: 4129,4243,4015,4016,4131,4244
4131: 4132,4244,4016,4017,4130
4132: 4131,4245,4017,4018,4133,4246
4133: 4246,4247,4134,4018,4019,4132
4134: 4133,4247,4019,4248
11265: 11266,11356,11355,11174,11173
4136: 4137,4250,4022
4137: 4136,4250,4022,4023,4138,4251
4138: 4139,4251,4252,4023,4024,4137
4139: 4138,4252,4024,4025,4140
4140: 4141,4254,4025,4026,4139
4141: 4140,4254,4026,4027,4142
4142: 4256,4028,4027,4141,4143
4143: 4028,4256,4142
4144: 
4145: 4259,4031
4146: 
4147: 4148,4261
4148: 4147,4261,4149,4262
4149: 4262,4263,4148,4150
4150: 4149,4263
10180: 10075,10179,10076,10181,10283,10284
10826: 10728,10827,10727,10825,10924,10923
4153: 4266,4039,4267
4154: 
4155: 4268,4040,4269
12057: 
11117: 11118,11210,11209
11225: 11132,11224,11316
4159: 
4160: 4047
12042: 11967,12906,11966,12041,12115,12116
11645: 11728,11560,11644
4163: 4050
11631: 11715,11714,11546,11545,11630,11632
4165: 4051,4166
4166: 4165,4281
10596: 10495,10496,10597,10595,10695,10696
10520: 10521,10621,10418,10419,10519,10620
4169: 4056,4284
11066: 11065,11159,10972
4171: 4172,4057,4285,4286
4172: 4171,4173,4286
4173: 4060,4174,4172
4174: 4060,4173,4061,4289
11080: 11079,10987,11081,11173
11103: 11195,11196,11104,11009,11010,11102
4177: 4063,4064,4178
4178: 4065,4179,4177,4292,4293
4179: 4065,4178,4180,4066,4293,4294
4180: 4067,4181,4066,4179,4295,4294
4181: 4067,4180,4068,4182,4295,4296
4182: 4068,4069,4183,4181,4296,4297
4183: 4069,4182,4070,4184,4297,4298
4184: 4070,4071,4185,4183,4298,4299
4185: 4071,4184,4072,4186,4299,4300
4186: 4072,4073,4185,4187,4300,4301
4187: 4073,4186,4301,4302
4188: 4074,4189,4075
4189: 4190,4076,4075,4188,4304
4190: 4076,4189,4305,4191
4191: 4192,4078,4190
4192: 4191,4078,4079,4193
4193: 4080,4079,4192,4194
4194: 4195,4080,4081,4193
4195: 4309,4082,4194,4081,4196
4196: 4083,4197,4082,4195,4310
4197: 4083,4196,4084,4311
4198: 4199,4085,4312,4313
4199: 4085,4198,4086,4200,4313,4314
4200: 4086,4087,4199,4201,4314,4315
4201: 4088,4202,4087,4200,4315,4316
4202: 4088,4089,4201,4203,4316,4317
4203: 4090,4204,4089,4202,4317,4318
4204: 4090,4091,4203,4319,4205,4318
4205: 4206,4091,4204,4319
4206: 4205,4093,4207,4320,4321
4207: 4093,4094,4208,4206,4321,4322
4208: 4094,4207,4095,4209,4322,4323
4209: 4095,4096,4210,4208,4323
4210: 4096,4209,4097,4211,4325
4211: 4097,4098,4210,4212,4325,4326
4212: 4098,4211,4326,4327
11749: 
4214: 4215,4101,4328,4329
4215: 4101,4214,4102,4216,4329,4330
4216: 4102,4103,4217,4215,4330,4331
4217: 4103,4216,4104,4218,4331,4332
4218: 4104,4105,4217,4219,4332,4333
4219: 4106,4220,4105,4218,4333,4334
4220: 4106,4219,4334,4335
4221: 4222,4335,4336
4222: 4108,4221,4109,4223,4336,4337
4223: 4109,4110,4224,4222,4337,4338
4224: 4110,4223,4111,4225,4338,4339
4225: 4111,4112,4226,4224,4339,4340
4226: 4112,4225,4113,4227,4340,4341
4227: 4113,4114,4342,4226,4341
4228: 4115,4229,4114,4342,4343
4229: 4115,4228,4230,4116,4343,4344
4230: 4117,4231,4116,4229,4345,4344
4231: 4117,4230,4118,4232,4345,4346
4232: 4118,4119,4233,4231,4346,4347
4233: 4119,4232,4120,4234,4347,4348
4234: 4120,4121,4233,4235,4348,4349
4235: 4122,4121,4234,4349,4350
4236: 4122,4237,4123,4350,4351
4237: 4124,4238,4123,4236,4351,4352
4238: 4124,4237,4239,4352,4353
4239: 4125,4126,4240,4354,4238
4240: 4126,4239,4354,4127,4241
4241: 4127,4128,4242,4240
4242: 4128,4241,4129,4243,4356
4243: 4129,4130,4242,4244,4357
4244: 4131,4130,4243,4358
4245: 4132,4246,4359,4360
4246: 4133,4247,4132,4245,4360,4361
4247: 4133,4246,4134,4248,4361,4362
4248: 4249,4247,4134,4362,4363
4249: 4248,4363,4364
4250: 4136,4137,4251,4365
4251: 4138,4252,4137,4250,4366
4252: 4138,4139,4251
10990: 10895,10896,10989,11083
4254: 4140,4141,4369
11075: 11167,10981,10982,11076
4256: 4142,4143,4370,4371
11864: 11785,11863,11941
10765: 10667,10567,10764
4259: 4145
4260: 
4261: 4147,4148,4262,4375,4376
4262: 4149,4263,4148,4261,4376,4377
4263: 4149,4262,4150,4377,4378
12311: 12244
11736: 11652,11653,11735,11737,11817
4266: 4153,4267,4381
4267: 4268,4266,4153,4381
4268: 4155,12880,4267,4269
4269: 4270,4384,4155,12880,4268,12987
4270: 4269,4384,4271
4271: 4272,4270
4272: 4271
11557: 11471,11642,11643
11882: 11803,11883,11881,11802,11960
10531: 10532,10632,10429,10430,10530,10631
10998: 10904,10999,10903,10997,11091,11092
10971: 10970,10972,11065
11610: 11609,11693,11524,11525,11611,11694
12189: 12118,12258,12117,12257
11026: 11025,10932,11027,12939
4281: 4166,4282
4282: 4398,4281
12363: 12299,12364,12425
4284: 4285,4400,4169
4285: 4284,4400,4171,4286
4286: 4402,4171,4172,4285
4287: 
11696: 11613,11612,11695,11777
4289: 4290,4174
4290: 4289,4405
11391: 11301,11392,11300,11390,11479,11480
4292: 4407,4178,4293,4408
4293: 4409,4408,4179,4178,4292,4294
4294: 4295,4410,4179,4180,4293,4409
4295: 4410,4411,4294,4180,4181,4296
4296: 4297,4412,4181,4182,4295,4411
4297: 4296,4412,4413,4182,4183,4298
4298: 4299,4414,4183,4184,4297,4413
4299: 4298,4414,4415,4184,4185,4300
4300: 4301,4416,4185,4186,4299,4415
4301: 4300,4416,4186,4187,4302,4417
4302: 4417,4303,4187,4301
4303: 4302,4418,4304
4304: 4189,4305,4303
4305: 4190,4304
12847: 91,12864
4307: 4423,4422
11399: 11308,11398,11400,11487
4309: 4195,4425,4310
4310: 4311,4426,4309,4196,4425
4311: 4426,4427,4310,4197,4312
4312: 4313,4428,4198,4311,4427
4313: 4312,4428,4429,4199,4198,4314
4314: 4315,4430,4199,4200,4313,4429
4315: 4314,4430,4200,4201,4316,4431
4316: 4317,4431,4432,4201,4202,4315
4317: 4316,4432,4202,4203,4318,4433
4318: 4433,4434,4203,4204,4319,4317
4319: 4204,4205,4318,4434,4320
4320: 4435,4436,4319,4206,4321
4321: 4322,4437,4206,4207,4320,4436
4322: 4321,4437,4438,4207,4208,4323
4323: 4439,4208,4209,4322,4438
11275: 11274,11365,11183,11184,11276
4325: 4326,4441,4210,4211,4440
4326: 4325,4441,4211,4212,4327,4442
4327: 4442,4443,4212,4326
4328: 4329,4444,4214,4443
4329: 4328,4444,4445,4215,4214,4330
4330: 4331,4446,4215,4216,4329,4445
4331: 4330,4446,4447,4216,4217,4332
4332: 4333,4448,4217,4218,4331,4447
4333: 4332,4448,4218,4219,4334,4449
4334: 4335,4449,4450,4220,4219,4333
4335: 4334,4450,4220,4221,4451
4336: 4451,4452,4221,4222,4337
4337: 4338,4453,4222,4223,4336,4452
4338: 4337,4453,4454,4223,4224,4339
4339: 4340,4455,4224,4225,4338,4454
4340: 4339,4455,4456,4225,4226,4341
4341: 4226,4227,4340,4456
4342: 4227,4228,4343,4458
4343: 4459,4458,4342,4229,4228,4344
4344: 4345,4460,4229,4230,4343,4459
4345: 4460,4461,4344,4230,4231,4346
4346: 4347,4462,4231,4232,4345,4461
4347: 4346,4462,4463,4232,4233,4348
4348: 4349,4464,4233,4234,4347,4463
4349: 4348,4464,4234,4235,4465
4350: 4351,4466,4236,4235
4351: 4350,4466,4236,4237,4352,4467
4352: 4467,4468,4237,4238,4351,4353
4353: 4469,4238,4354,4352,4468
4354: 4239,4240,4353
10623: 10522,10624,10622,10722,10723
4356: 4471,4242,4357,4472
4357: 4358,4472,4473,4243,4356
4358: 4357,4473,4244,4359,4474
4359: 4475,4474,4360,4245,4358
4360: 4359,4475,4245,4246,4361,4476
4361: 4476,4477,4246,4247,4360,4362
4362: 4363,4478,4247,4248,4361,4477
4363: 4362,4478,4479,4249,4248,4364
4364: 4365,4480,4249,4363,4479
4365: 4364,4480,4481,4250,4366
4366: 4251,4365,4481
12633: 12634
4368: 
4369: 4484,4254,4370,4485
4370: 4485,4486,4256,4369,4371
4371: 4487,4256,4370,4486
4372: 
11435: 11436,11347,11521,11434
11721: 11637,11802,11803
4375: 4376,4491,4261
4376: 4375,4491,4261,4262,4377,4608
4377: 4608,4493,4262,4263,4376,4378
4378: 4494,4263,4377,4493
4379: 
10650: 10549,10651,10749,10750
4381: 4266,4267,4497
4382: 
4383: 4498,4497,12880
4384: 4269,4270,12987,4385,12898
4385: 4384
12309: 12868
12525: 
12336: 12400
10644: 10544,10645,10543,10643,10743,10744
4390: 4391
4391: 4390,12894,4507
12107: 12108,12033,12034,12106
4393: 4394,4509
4394: 4395,4393,4509
4395: 4394
4396: 
10412: 10309,10310,10413,10514
4398: 4282,4513
10595: 10494,10594,10495,10596,10694,10695
4400: 4284,4285
10249: 
4402: 4286,4403,4517
4403: 4402
10515: 10516,10616,10414,10413,10514,10615
4405: 4290,4520,4521
10351: 10350,10453,10247
4407: 4292,4408,4522,4523
4408: 4293,4409,4407,4292,4523,4524
4409: 4293,4408,4410,4294,4524
4410: 4295,4411,4294,4409,4526
4411: 4295,4410,4296,4412,4526,4527
4412: 4296,4297,4413,4411,4527,4528
4413: 4297,4412,4298,4414,4528,4529
4414: 4298,4299,4415,4413,4529,4530
4415: 4299,4414,4300,4416,4530,4531
4416: 4300,4301,4415,4417,4531,4532
4417: 4302,4301,4416,4532
4418: 4303,4419,4533,4534
4419: 4420,4418,4535,4534
4420: 4419,4421,4535,4536
4421: 4422,4420,4536,4537
4422: 4421,4307,4423,4537,4538
4423: 4307,4422,4424,4538,4539
4424: 4423,4539,4540
4425: 4309,4426,4310,4541
4426: 4311,4427,4310,4541,4542,4425
4427: 4311,4426,4542,4312,4428,4543
4428: 4312,4313,4429,4427,4543,4544
4429: 4313,4428,4314,4430,4544,4545
4430: 4314,4315,4429,4431,4545,4546
4431: 4316,4432,4315,4430,4546,4547
4432: 4316,4317,4431,4433,4547,4548
4433: 4318,4549,4434,4317,4432,4548
4434: 4318,4549,4433,4319,4435
4435: 4320,4436,4434,4551,4550
4436: 4320,4435,4321,4437,4551,4552
4437: 4321,4322,4438,4436,4552,4553
4438: 4322,4437,4323,4439,4553,4554
4439: 4323,4440,4438,4554,4555
4440: 4439,4325,4441,4555,4556
4441: 4325,4326,4440,4442,4556,4557
4442: 4327,4558,4326,4441,4557
4443: 4327,4558,4328,4444,4559
4444: 4328,4329,4445,4559,4443,4560
4445: 4329,4444,4330,4446,4560,4561
4446: 4330,4331,4447,4445,4561,4562
4447: 4331,4446,4332,4448,4562,4563
4448: 4332,4333,4447,4449,4564,4563
4449: 4334,4450,4333,4448,4564,4565
4450: 4334,4335,4449,4451,4565,4566
4451: 4336,4335,4450,4566,4567
4452: 4336,4337,4453,4567,4568
4453: 4337,4338,4454,4452,4568,4569
4454: 4338,4453,4339,4455,4569,4570
4455: 4339,4340,4456,4454,4570,4571
4456: 4340,4455,4341,4571,4572
11161: 11069,11162,11068,11160,11252
4458: 4343,4459,4342,4574
4459: 4343,4458,4460,4344,4574,4575
4460: 4345,4461,4344,4459,4576,4575
4461: 4345,4460,4346,4462,4576,4577
4462: 4346,4347,4463,4461,4577,4578
4463: 4347,4462,4348,4464,4578,4579
4464: 4348,4349,4463,4465,4579,4580
4465: 4466,4349,4464,4580,4581
4466: 4350,4351,4465,4467,4581,4582
4467: 4352,4468,4351,4466,4582,4583
4468: 4352,4467,4353,4469,4583,4584
4469: 4470,4353,4468,4584,4585
4470: 4469,4585,4586
4471: 4356,4472,4586,4587
4472: 4357,4473,4471,4356,4587,4588
4473: 4357,4358,4472,4474,4588,4589
4474: 4359,4475,4358,4473,4589,4590
4475: 4359,4474,4360,4476,4590,4591
4476: 4361,4477,4475,4360,4591,4592
4477: 4361,4476,4362,4478,4592,4593
4478: 4362,4363,4479,4477,4593,4594
4479: 4363,4478,4364,4480,4594,4595
4480: 4364,4365,4481,4479,4595,4596
4481: 4365,4480,4366,4596,4597
10183: 10078,10079,10184,10182,10286,10287
4483: 4484,4599,4598
4484: 4483,4599,4369,4485,4600
4485: 4601,4370,4486,4600,4484,4369
4486: 4601,4370,4485,4371,4487
4487: 4371,4486
4488: 4603,4604
10679: 10680,10778,10579,10678,10777
11004: 10909,10910,11003,11005,11097,11098
4491: 4375,4376,4608,4606,4607
12155: 12084,12083,12154
4493: 4377,4608,4494,4378,12950,4609
4494: 4378,4495,4493,4609,4610
4495: 4494,4610
4496: 
4497: 4498,4383,4612,4381
4498: 4383,4497,4612
4499: 
4500: 12898,4617
11795: 11874,11713,11714,11796,11875
10718: 10717,10816,10618,10619,10719,10817
4503: 
11172: 11079,11171
12861: 
11689: 11606,11770,11771
4507: 4391,12894
11381: 
4509: 4625,4393,4394
4510: 
11373: 11372,11283,11374,11461,11462
4512: 4628,4513
4513: 4398,4628,4512
10981: 10886,10887,10982,11075
4515: 
10266: 10267,10162
4517: 12931,4633,4402
11747: 11663,11748,11829
10607: 10506,10507,10606,10608,10706,10707
4520: 4521,4636,4405,4635
4521: 4520,4636,4405,4637
4522: 4523,4638,4637,4407
4523: 4522,4638,4407,4408,4524,4639
4524: 4640,4639,4409,4408,4523
4525: 
4526: 4641,4642,4410,4411,4527
4527: 4528,4643,4411,4412,4526,4642
4528: 4527,4643,4644,4412,4413,4529
4529: 4530,4645,4413,4414,4528,4644
4530: 4529,4645,4646,4414,4415,4531
4531: 4532,4647,4415,4416,4530,4646
4532: 4531,4647,4416,4417
4533: 4648,4649,4418,4534
4534: 4535,4650,4418,4419,4533,4649
4535: 4651,4650,4534,4420,4419,4536
4536: 4537,4652,4420,4421,4651,4535
4537: 4536,4652,4653,4422,4421,4538
4538: 4539,4654,4422,4423,4537,4653
4539: 4538,4654,4423,4424,4540,4655
4540: 4656,4655,4424,4539
4541: 4426,4542,4425,4657
4542: 4426,4427,4541,4657,4658,4543
4543: 4544,4659,4427,4542,4428,4658
4544: 4543,4659,4428,4429,4545,4660
4545: 4546,4661,4660,4429,4430,4544
4546: 4545,4661,4430,4431,4547,4662
4547: 4548,4662,4663,4431,4432,4546
4548: 4547,4663,4432,4549,4433,4664
4549: 4433,4434,4548,4665,4664,4550
4550: 4551,4666,4549,4435,4665
4551: 4666,4667,4550,4435,4436,4552
4552: 4553,4668,4436,4437,4551,4667
4553: 4552,4668,4669,4437,4438,4554
4554: 4555,4670,4438,4439,4553,4669
4555: 4554,4670,4671,4440,4439,4556
4556: 4557,4672,4440,4441,4555,4671
4557: 4556,4672,4441,4442,4673
4558: 4442,4443,4559,4674,4673
4559: 4444,4443,4558,4674,4560,4675
4560: 4676,4675,4444,4445,4559,4561
4561: 4562,4677,4445,4446,4676,4560
4562: 4561,4677,4678,4446,4447,4563
4563: 4564,4447,4448,4562,4678
4564: 4563,4448,4449,4565
4565: 4566,4680,4449,4450,4564
4566: 4565,4681,4450,4451,4567
4567: 4682,4451,4452,4566
4568: 4569,4684,4452,4453,4683
4569: 4568,4684,4453,4454,4570,4685
4570: 4571,4686,4685,4454,4455,4569
4571: 4570,4686,4455,4456,4572,4687
4572: 4687,4688,4456,4571,4573
4573: 4574,4689,4572,4688
4574: 4690,4573,4459,4458,4575
4575: 4576,4691,4459,4460,4574,4690
4576: 4691,4692,4575,4460,4461,4577
4577: 4578,4693,4461,4462,4576,4692
4578: 4577,4693,4694,4462,4463,4579
4579: 4580,4695,4463,4464,4578,4694
4580: 4579,4695,4464,4465,4581,4696
4581: 4582,4696,4697,4465,4466,4580
4582: 4581,4697,4466,4467,4583,4698
4583: 4698,4699,4584,4467,4468,4582
4584: 4583,4699,4468,4469,4585,4700
4585: 4701,4700,4470,4469,4584
4586: 4587,4702,4470,4471,4701
4587: 4586,4702,4471,4472,4588,4703
4588: 4589,4703,4704,4472,4473,4587
4589: 4588,4704,4473,4474,4590,4705
4590: 4591,4705,4706,4475,4474,4589
4591: 4590,4706,4475,4476,4592,4707
4592: 4707,4708,4476,4477,4591,4593
4593: 4594,4709,4477,4478,4592,4708
4594: 4593,4709,4710,4478,4479,4595
4595: 4596,4711,4479,4480,4594,4710
4596: 4595,4711,4712,4480,4481,4597
4597: 4713,4481,4596,4712
4598: 4483,4599,4713,4714
4599: 4483,4484,4598,4600,4714,4715
4600: 4601,4485,4484,4599,4715,4716
4601: 4485,4486,4600
10165: 10060,10166,10268,10269
4603: 4488,4604,4719
4604: 4605,4720,4719,4488,4603
4605: 4604,4720,4606
4606: 4607,4722,4491,4605
4607: 4606,4722,4491,4608,12950,4723
4608: 4377,4493,4376,4491,4607,12950
4609: 4610,4493,4494,12950,4724
4610: 4609,4726,4494,4495
10468: 10467,10367,10469
4612: 4498,4497
10438: 10335,10437,10336,10539
10732: 10731,10830,10632,10633,10733
10276: 10275,10172,10173,10277,10379
10648: 10547,10548,10649,10647,10747,10748
4617: 4732,4500
12232: 12233,12299,12164
11266: 11265,11356,11174,11267,11357
12537: 12538,12481
12106: 12105,12177,12033,12107
4622: 
12188: 
10857: 10758
4625: 4509
10843: 10744,10842,10940,10941
4627: 
4628: 4512,4513
4629: 4745,4746
11755: 11836
4631: 12931,4747,4748
12977: 12314,12313,12248,12247
4633: 4517,4634
4634: 4635,4751,4633
4635: 4751,4634,4520,4636,4752
4636: 4520,4521,4753,4635,4752
4637: 4522,4638,4754,4521,4753
4638: 4522,4523,4637,4754,4639,4755
4639: 4524,4640,4523,4638,4755,4756
4640: 4524,4639,4641,4756,4757
4641: 4526,4642,4640,4757,4758
4642: 4526,4641,4527,4643,4758,4759
4643: 4527,4528,4644,4642,4759,4760
4644: 4528,4643,4529,4645,4760
4645: 4529,4530,4646,4644,4761
4646: 4530,4645,4531,4647,4762
4647: 4531,4532,4646,4763
4648: 4533,4649,4764,4765
4649: 4533,4648,4650,4534,4765,4766
4650: 4651,4535,4534,4649,4767,4766
4651: 4535,4650,4536,4652,4767,4768
4652: 4536,4537,4653,4651,4768,4769
4653: 4537,4652,4538,4654,4769,4770
4654: 4538,4539,4653,4655,4770,4771
4655: 4540,4656,4539,4654,4771,4772
4656: 4540,4655,4772,4773
4657: 4774,4658,4541,4542
4658: 4657,4542,4543,4659,4775
4659: 4543,4544,4776,4775,4658,4660
4660: 4545,4661,4544,4659,4776,4777
4661: 4545,4546,4660,4662,4777,4778
4662: 4547,4663,4546,4661,4778,4779
4663: 4547,4548,4662,4664,4779,4780
4664: 4665,4549,4548,4663,4780,4781
4665: 4664,4549,4666,4550,4781,4782
4666: 4551,4667,4550,4665,4783,4782
4667: 4551,4666,4552,4668,4783,4784
4668: 4552,4553,4669,4667,4784,4785
4669: 4553,4668,4554,4670,4785,4786
4670: 4554,4555,4671,4669,4786,4787
4671: 4555,4670,4556,4672,4787,4788
4672: 4556,4557,4671,4788,4789
4673: 4674,4790,4558,4557
4674: 4673,4558,4559,4675
4675: 4676,4560,4559,4674
4676: 4560,4675,4561,4677,4792
4677: 4561,4562,4678,4676,4793
4678: 4562,4677,4563,4794,4795
12225: 12292,12291
4680: 4565,4681,4797
4681: 4566,4680,4682,4798
4682: 4567,4683,4681,4799
4683: 4682,4568,4684,4800
4684: 4568,4569,4800,4801,4683,4685
4685: 4570,4686,4569,4684,4801,4802
4686: 4570,4571,4685,4687,4802,4803
4687: 4572,4688,4571,4686,4803,4804
4688: 4572,4687,4689,4573,4804,4805
4689: 4690,4573,4688,4805,4806
4690: 4574,4689,4691,4807,4575
4691: 4576,4692,4807,4575,4690,4808
4692: 4576,4691,4577,4693,4808,4809
4693: 4577,4578,4694,4692,4810,4809
4694: 4578,4693,4579,4695,4810,4811
4695: 4579,4580,4694,4696,4811,4812
4696: 4581,4697,4580,4695,4812,4813
4697: 4581,4582,4696,4698,4813,4814
4698: 4583,4699,4582,4697,4814,4815
4699: 4583,4698,4584,4700,4815,4816
4700: 4585,4817,4699,4584,4816
4701: 4585,4817,4586,4702,4818
4702: 4586,4587,4701,4703,4818,4819
4703: 4588,4704,4587,4702,4819,4820
4704: 4588,4589,4703,4705,4820,4821
4705: 4590,4706,4589,4704,4821,4822
4706: 4590,4591,4705,4707,4822,4823
4707: 4592,4708,4591,4706,4823,4824
4708: 4592,4707,4593,4709,4824,4825
4709: 4593,4594,4710,4708,4825,4826
4710: 4594,4709,4595,4711,4826,4827
4711: 4595,4596,4712,4710,4827
4712: 4596,4711,4597,4829
4713: 4597,4830,4829,4598,4714
4714: 4831,4715,4598,4599,4830,4713
4715: 4831,4714,4599,4600,4832
4716: 4600
4717: 4833,4834
12405: 
4719: 4604,4720,4603,4836
4720: 4604,4605,4719,4837
4721: 
4722: 4606,4607,4723,4838,4839
4723: 12950,4724,4607,4722,4839,4840
4724: 12950,4723,4609,4840,4841
4725: 
4726: 4610,4842,4843
10799: 10700,10798,10896
10264: 10263,10367
4729: 
4730: 4731
4731: 4730,4732,4848
4732: 4617,4731,4848,4849
12326: 12391,12325,12390
4734: 4850
10687: 10785,10588,10587,10686,10688
4736: 
12292: 12225,12291
4738: 
10943: 10944
4740: 4856,4857
12888: 
10832: 10733,10734,10833,10929
4743: 
10413: 10311,10414,10310,10412,10514,10515
4745: 4746,4862,4861,4629
4746: 4745,4862,4629,4747,4863
4747: 4748,4863,4864,4631,4746
4748: 4747,4864,4631,4749,4865
4749: 4865,4748
12060: 11984
4751: 4635,4634,4868,4752
4752: 4635,4751,4636,4868
4753: 4636,4637,4754,12919
4754: 4638,4637,4753,4755,4871,12919
4755: 4871,4638,4754,4639,4756,4872
4756: 4872,4873,4757,4640,4639,4755
4757: 4756,4873,4640,4641,4758,4874
4758: 4874,4875,4641,4642,4757,4759
4759: 4760,4876,4642,4643,4758,4875
4760: 4759,4876,4877,4643,4644
4761: 4762,4878,4645,4877
4762: 4761,4878,4646,4763,4879
4763: 4764,4879,4880,4647,4762
4764: 4763,4880,4648,4765,4881
4765: 4881,4882,4648,4649,4764,4766
4766: 4767,4883,4649,4650,4765,4882
4767: 4884,4883,4766,4651,4650,4768
4768: 4769,4885,4651,4652,4884,4767
4769: 4768,4885,4886,4652,4653,4770
4770: 4771,4887,4653,4654,4769,4886
4771: 4770,4887,4654,4655,4772,4888
4772: 4773,4888,4889,4656,4655,4771
4773: 4772,4889,4656,4774,4890
4774: 4657,4773
4775: 4659,4776,4658
4776: 4659,4775,4660,4777,4893
4777: 4778,4894,4893,4776,4661,4660
4778: 4777,4894,4661,4662,4779,4895
4779: 4780,4895,4896,4662,4663,4778
4780: 4779,4896,4663,4664,4781,4897
4781: 4897,4898,4665,4664,4780,4782
4782: 4783,4899,4665,4666,4781,4898
4783: 4899,4900,4782,4666,4667,4784
4784: 4785,4901,4667,4668,4783,4900
4785: 4784,4901,4902,4668,4669,4786
4786: 4787,4903,4669,4670,4785,4902
4787: 4786,4903,4670,4671,4788,4904
4788: 4789,4904,4905,4671,4672,4787
4789: 4788,4905,4672,4790
4790: 4673,4789
10746: 
4792: 4909,4908,4676,4793
4793: 4794,4910,4677,4909,4792
4794: 4793,4910,4678,4795,4911
4795: 4796,4912,4911,4678,4794
4796: 4795,4912,4797,4913
4797: 4798,4913,4914,4680,4796
4798: 4797,4914,4681,4799,4915
4799: 4915,4916,4682,4798
4800: 4684,4801,4683,4917
4801: 4684,4800,4685,4917,4918,4802
4802: 4803,4919,4801,4686,4685,4918
4803: 4802,4919,4686,4687,4804,4920
4804: 4805,4920,4921,4687,4688,4803
4805: 4804,4921,4688,4689,4806,4922
4806: 4923,4922,4689,4807,4805
4807: 4691,4690,4806,4924,4808
4808: 4925,4924,4691,4692,4807,4809
4809: 4810,4926,4692,4693,4925,4808
4810: 4927,4926,4809,4693,4694,4811
4811: 4812,4928,4694,4695,4927,4810
4812: 4811,4928,4695,4696,4813,4929
4813: 4814,4929,4930,4696,4697,4812
4814: 4813,4930,4697,4698,4815,4931
4815: 4931,4932,4816,4698,4699,4814
4816: 4815,4932,4699,4700,4933
4817: 4701,4700,4934,4933,4818
4818: 4935,4701,4817,4702,4934
4819: 4935,4702,4703,4820,4936
4820: 4821,4936,4937,4703,4704,4819
4821: 4820,4937,4704,4705,4822,4938
4822: 4823,4938,4939,4705,4706,4821
4823: 4822,4939,4706,4707,4824,4940
4824: 4940,4941,4707,4708,4823,4825
4825: 4826,4942,4708,4709,4824,4941
4826: 4825,4942,4943,4709,4710,4827
4827: 4944,4710,4711,4826,4943
4828: 
4829: 4830,4713,4712,4945
4830: 4829,4713,4831,4714,4947
4831: 4714,4715,4830,4832,4948,4947
4832: 4831,4715,4948,4833
4833: 4950,4949,4834,4832,4717
4834: 4950,4833,4717,4835,4951
4835: 4952,4951,4834,4836
4836: 4953,4719,4952,4835
4837: 4953,4720,4838
4838: 4839,4722,4837
4839: 4838,4722,4723,4840,4956
4840: 4956,4957,4723,4724,4839,4841
4841: 4958,4724,4842,4840,4957
4842: 4726,4843,4841,4958
4843: 4726,4842
10585: 10485,10586,10584,10684,10685
10630: 10529,10530,10631,10629,10729,10730
4846: 
12081: 12152
4848: 4964,4731,4732,4965,4849
4849: 4966,4965,4732,4848,4850
4850: 4967,4734,4966,4849
10534: 10533,10634,10432,10433,10535,10635
11856: 11777,11857
12204: 12272,12273,12205
11276: 11277,11367,11184,11185,11275
12301: 12365,12235,12302,12366,12300
4856: 4740,4973,4857
4857: 4740,4973,4856,4974
11317: 
4859: 12874,4860,4976
4860: 4859,4861,4976,4977
4861: 4745,4862,4860,4977,4978
4862: 4745,4746,4861,4863,4978,12921
4863: 4747,4864,4746,4862,12921,4979
4864: 4747,4748,4863,4865,4979
4865: 4749,4748,4864,4982
11997: 11921,11996,11922,11998
11874: 11795,11875,11951,11952
4868: 4751,4752,4984
10948: 10851,10947,11042
4870: 
4871: 4988,4755,12919,4987,4754,4872
4872: 4756,4873,4988,4755,4871
4873: 4756,4990,4872,4757,4874
4874: 4758,4875,4991,4990,4873,4757
4875: 4758,4874,4991,4759,4876,4992
4876: 4759,4760,4877,4992,4993,4875
4877: 4760,4876,4993,4761,4994
4878: 4761,4762,4995,4994,4879
4879: 4763,4880,4762,4878,4995,4996
4880: 4763,4764,4879,4881,4997,4996
4881: 4765,4882,4764,4880,4997,4998
4882: 4765,4881,4883,4766,4998,4999
4883: 4884,4767,4766,4882,5000,4999
4884: 4767,4883,4768,4885,5000,5001
4885: 4768,4769,4886,4884,5001,5002
4886: 4769,4885,4770,4887,5002,5003
4887: 4770,4771,4886,4888,5003,5004
4888: 4772,4889,4771,4887,5004,5005
4889: 4772,4773,4888,4890,5006,5005
4890: 4773,4889,5006,5007
11283: 11284,11374,11192,11191,11373
4892: 4893,5009
4893: 4777,4894,4776,4892,5010
4894: 4777,4778,4893,5011,4895
4895: 4779,4896,5012,4778,4894,5011
4896: 4779,4780,4895,5012,5013,4897
4897: 4781,5014,4898,4780,4896,5013
4898: 4781,5014,4897,4899,4782,5015
4899: 4783,4900,5016,4782,5015,4898
4900: 4783,4899,5016,4784,4901,5017
4901: 4784,4785,4902,5018,5017,4900
4902: 4785,4901,5018,4786,4903,5019
4903: 4786,4787,5019,4902,4904,5020
4904: 4788,4905,4787,4903,5020,5021
4905: 4788,4789,4904,4906,5021,5022
4906: 4907,4905,5022,5023
4907: 4906,5024,5023
4908: 4909,4792,5024,5025
4909: 4792,4908,4793,4910,5025,5026
4910: 4793,4794,4909,4911,5026,5027
4911: 4795,4912,4794,4910,5027,5028
4912: 4795,4796,4911,4913,5028,5029
4913: 4797,4914,4796,4912,5029,5030
4914: 4797,4798,4913,4915,5030,5031
4915: 4799,4916,4798,4914,5031,5032
4916: 4799,4915,5033,5032
4917: 5033,5034,4918,4800,4801
4918: 5034,4917,4801,4802,4919,5035
4919: 4802,4803,5035,5036,4918,4920
4920: 4804,4921,5037,4803,4919,5036
4921: 4804,4805,4920,5037,5038,4922
4922: 4806,4923,5039,4805,4921,5038
4923: 4806,4922,5039,4924,5040
4924: 4925,4808,4807,4923,5041,5040
4925: 4924,4808,4926,4809,5041,5042
4926: 4927,4810,4809,5043,4925,5042
4927: 4810,4926,5043,4811,4928,5044
4928: 4811,4812,5045,5044,4927,4929
4929: 4813,4930,5046,4812,4928,5045
4930: 4813,4814,4929,5046,4931,5047
4931: 4815,4932,4814,4930,5047,5048
4932: 4815,4931,4816,5049,4933,5048
4933: 5050,4934,4817,4932,4816,5049
4934: 5050,4933,4817,4818,5051
4935: 4818,5052,5051,4819,4936
4936: 4820,4937,5053,5052,4935,4819
4937: 4820,4821,4936,5054,5053,4938
4938: 4822,4939,5055,4821,4937,5054
4939: 4822,4823,4938,5056,5055,4940
4940: 4824,4941,5057,4823,4939,5056
4941: 4824,4940,5057,4825,4942,5058
4942: 4825,4826,4943,5059,5058,4941
4943: 4826,4942,5059,4827,4944,5060
4944: 4827,5060,4943
4945: 4829
4946: 4947,5062,5063
4947: 4948,4830,4831,4946
4948: 4947,4831,4832,4949
4949: 4950,4833,4948,5065
4950: 4833,4949,4834,4951,5067
4951: 4952,4835,4950,4834,5067,5068
4952: 4835,4951,4836,5068
4953: 4836,4837
12078: 
4955: 
4956: 4840,4957,4839,5072
4957: 4840,4956,4841,5074,4958
4958: 4841,5074,5075,4842,4957
11840: 
11608: 12920,11609
10290: 10392,10186,10289
4962: 5078
4963: 
4964: 4848,4965
4965: 4966,4849,4848,4964
4966: 4965,4849,4850,4967
4967: 4850,4966
4968: 
12431: 12430,12370,12432
12598: 12546
11797: 11798,11877,11716,11876
11438: 12913,11524,11437,11525
4973: 4856,4857,4974,5090
4974: 4973,4857,12874
11907: 11908,11984
4976: 5094,4977,4859,4860
4977: 4976,5094,5095,4860,4861,4978
4978: 12921,4862,4861,4977,5095
4979: 5097,4863,4864,12921
4980: 
10968: 10874,10969,11062
4982: 5099,5100,4865,4983
4983: 5101,4984,4982,5100
4984: 4983,5101,5102,4868
11629: 11712,11713,11630,11543,11544,11628
4986: 5103,12919,4987,5104
4987: 4988,4871,12919,4986,5104
4988: 4871,4987,4872,5106
4989: 
4990: 4873,4874,4991,5107,5108
4991: 4874,4875,4990,4992,5108,5109
4992: 4876,4993,4875,4991,5109,5110
4993: 4876,4877,4992,4994,5110,5111
4994: 4878,4877,4993,5111,5112
4995: 4878,4879,5112,5113,4996
4996: 4997,5113,5114,4995,4879,4880
4997: 5114,4996,4880,4881,4998,5115
4998: 5115,5116,4881,4882,4997,4999
4999: 5117,5000,4882,4883,4998,5116
5000: 5118,5117,4999,4884,4883,5001
5001: 5002,5119,4884,4885,5118,5000
5002: 5001,5119,5120,4885,4886,5003
5003: 5004,5121,4886,4887,5002,5120
5004: 5003,5121,4887,4888,5122,5005
5005: 5123,5006,5122,4888,4889,5004
5006: 5123,5005,4889,4890,5007,5124
5007: 5124,5125,4890,5006
5008: 5009,5126,5125
5009: 5008,5126,5127,4892,5010
5010: 5128,4893,5009,5127
5011: 4894,4895,5012,5128,5129
5012: 4895,4896,5013,5011,5129,5130
5013: 4896,5012,5014,4897,5130,5131
5014: 4897,4898,5013,5015,5131,5132
5015: 4899,5016,5014,4898,5132,5133
5016: 4899,4900,5015,5017,5133,5134
5017: 4901,5018,4900,5016,5134,5135
5018: 4901,4902,5017,5019,5135,5136
5019: 4903,4902,5018,5136,5020,5137
5020: 5137,5138,4903,5019,4904,5021
5021: 5022,5139,4904,4905,5020,5138
5022: 5021,5139,4905,4906,5023,5140
5023: 5140,5141,4907,4906,5022
5024: 4908,4907,5141,5025,5142
5025: 5142,5143,4909,4908,5024,5026
5026: 5027,5144,4909,4910,5025,5143
5027: 5026,5144,5145,4910,4911,5028
5028: 5029,5146,4912,4911,5027,5145
5029: 5028,5146,4912,4913,5030,5147
5030: 5031,5147,5148,4913,4914,5029
5031: 5030,5148,4914,4915,5032,5149
5032: 5149,5150,4915,4916,5031
5033: 5034,4917,4916,5151
5034: 5033,4917,4918,5035,5151,5152
5035: 4919,5036,5034,4918,5152,5153
5036: 4919,5035,4920,5037,5153,5154
5037: 4920,4921,5038,5036,5154,5155
5038: 4921,5037,4922,5039,5155,5156
5039: 4923,4922,5038,5156,5157
5040: 5041,5158,4923,4924,5157
5041: 5158,5159,5040,4925,4924,5042
5042: 5160,4925,4926,5043,5041,5159
5043: 4927,4926,5044,5042,5160,5161
5044: 4928,5045,4927,5043,5161,5162
5045: 4928,5044,4929,5046,5162,5163
5046: 4929,4930,5045,5164,5163,5047
5047: 5164,4930,5046,4931,5165,5048
5048: 5166,5165,4931,4932,5049,5047
5049: 4932,5050,4933,5166,5048,5167
5050: 4934,4933,5049,5167
5051: 5052,4935,4934
5052: 4935,5051,4936,5053,5169,5170
5053: 4936,4937,5054,5052,5170,5171
5054: 4937,5053,4938,5055,5171,5172
5055: 4938,4939,5056,5054,5173,5172
5056: 4939,5055,4940,5057,5173,5174
5057: 4940,4941,5056,5058,5174,5175
5058: 4942,5059,4941,5057,5175,5176
5059: 4942,4943,5058,5060,5177,5176
5060: 4944,4943,5059,5177
12773: 
5062: 5063,5179,5180,4946
5063: 5062,5180,4946,5181
12686: 12687,12725
5065: 4949,5182
11356: 11265,11266,11355,11357,11444,11445
5067: 5068,5185,4950,4951,5184
5068: 5067,5185,5186,4952,4951
11549: 
11007: 10913,11008,10912,11006,11100,11101
5071: 5189,5072
5072: 5071,5189,4956,5190
10393: 10392,10394,10494,10495
5074: 4958,5075,4957
5075: 5074,4958,5076,5193
5076: 5075,5193
11895: 11894,11816,11896,11973
5078: 5196,4962
12889: 6145,6263,6262
12611: 12610,12560,12658
10388: 10285,10387,10286,10389,10490
11535: 11448,11536,11620,11621
11235: 11143,11326
11977: 12052,11976
11591: 
5086: 5087
5087: 5086
11371: 11280,11370,11372,11459
11196: 11103,11195,11104,11197,11287,11288
5090: 5208,4973,5207
11575: 11489,11576,11488,11574,11661
10306: 10408,10409,10202,10203,10305,10307
11096: 11002,11003,11097,11189
5094: 4976,5212,4977,5095
5095: 5212,5094,4977,4978,5213
12165: 12164,12094,12233
5097: 4979,12921
10810: 10711,10712,10811,10809,10907,10908
5099: 4982,5100,5217,5216
5100: 4982,5099,5217,4983,5101
5101: 4983,5219,5102,4984,5100
5102: 5219,5101,4984,5220,5103
5103: 5220,4986,5221,5102,5104
5104: 5222,4987,4986,5103,5221
5105: 
5106: 5224,5107,4988
5107: 5224,5106,4990,5108
5108: 5226,5109,4990,4991,5107
5109: 5226,5108,4991,4992,5227,5110
5110: 5228,5227,5111,4992,4993,5109
5111: 5228,5110,4993,4994,5229
5112: 5229,5230,4995,4994,5113
5113: 5231,5114,4996,4995,5230,5112
5114: 5231,4997,5113,5232,4996,5115
5115: 4998,5116,5233,4997,5114,5232
5116: 4998,5115,5233,5117,4999,5234
5117: 5235,5118,5000,4999,5234,5116
5118: 5235,5117,5000,5001,5119,5236
5119: 5001,5002,5120,5118,5237,5236
5120: 5002,5119,5003,5121,5237,5238
5121: 5003,5004,5120,5122,5239,5238
5122: 5123,5005,5004,5121,5239,5240
5123: 5006,5122,5005,5124,5241,5240
5124: 5007,5125,5123,5006,5241,5242
5125: 5007,5124,5008,5242,5243
5126: 5008,5009,5127,5243,5244
5127: 5009,5126,5010,5128,5245,5244
5128: 5010,5246,5245,5011,5127,5129
5129: 5247,5130,5011,5012,5246,5128
5130: 5248,5247,5129,5012,5013,5131
5131: 5249,5132,5013,5014,5248,5130
5132: 5250,5249,5131,5014,5015,5133
5133: 5251,5134,5016,5015,5250,5132
5134: 5251,5133,5016,5017,5252,5135
5135: 5252,5253,5136,5018,5017,5134
5136: 5253,5135,5018,5019,5137,5254
5137: 5255,5020,5254,5138,5019,5136
5138: 5255,5020,5137,5021,5256,5139
5139: 5021,5022,5256,5138,5140,5257
5140: 5023,5258,5022,5139,5257
5141: 5023,5258,5024,5142,5259
5142: 5260,5025,5143,5259,5024,5141
5143: 5260,5025,5142,5026,5144,5261
5144: 5026,5027,5261,5145,5262,5143
5145: 5027,5144,5262,5028,5146,5263
5146: 5028,5029,5145,5147,5263,5264
5147: 5030,5148,5029,5146,5264,5265
5148: 5030,5031,5147,5149,5265,5266
5149: 5032,5150,5031,5148,5266,5267
5150: 5032,5149,5268,5267
5151: 5268,5269,5152,5033,5034
5152: 5269,5151,5034,5035,5270,5153
5153: 5271,5270,5035,5036,5152,5154
5154: 5272,5155,5036,5037,5271,5153
5155: 5272,5273,5154,5037,5038,5156
5156: 5274,5157,5038,5039,5273,5155
5157: 5274,5275,5156,5039,5040
5158: 5041,5159,5040,5276,5275
5159: 5041,5158,5276,5042,5160,5277
5160: 5042,5278,5161,5277,5043,5159
5161: 5278,5160,5043,5044,5279,5162
5162: 5279,5045,5044,5161,5163,5280
5163: 5281,5164,5045,5046,5162,5280
5164: 5281,5163,5282,5047,5046,5165
5165: 5166,5283,5048,5164,5282,5047
5166: 5165,5284,5283,5048,5049,5167
5167: 5049,5050,5166,5284
12761: 
5169: 5052,5170,5287,5286
5170: 5171,5288,5052,5053,5169,5287
5171: 5170,5289,5288,5054,5053,5172
5172: 5173,5290,5054,5055,5171,5289
5173: 5291,5172,5290,5056,5055,5174
5174: 5292,5175,5056,5057,5291,5173
5175: 5292,5174,5293,5057,5058,5176
5176: 5177,5294,5059,5058,5175,5293
5177: 5294,5176,5059,5060
5178: 5179
5179: 5062,5180,5178,5297
5180: 5062,5063,5179,5181,5297
5181: 5182,5063,5180,5299
5182: 5181,5065,5299,5300
5183: 
5184: 5067,5185,5301
5185: 5067,5068,5186,5184,5303
5186: 5068,5185,5303
10194: 10089,10193,10195,10090,10297,10298
12907: 
5189: 5071,5072,5306,5190
5190: 5189,5072,5308
12725: 12758,12686,12687,12946
12263: 12329,12194,12979,12262
5193: 5310,5075,5076,5311
10916: 10917,11011,10818,10819,10915,11010
11494: 11405
5196: 5078,5313
12110: 12036,12111
5198: 
12442: 12380,12381,12443
10620: 10519,10619,10520,10621,10719,10720
11931: 11932,11853,12006
11351: 11260,11261,11352,11440
11405: 11315,11314,11494
12565: 12509
11777: 11856,11695,11696,11778,11857
5206: 
5207: 5208,5090,5325
5208: 5090,5207,5325,5326
12108: 12107,12034,12180
10143: 10142,10247,10037
12471: 12472,12413
5212: 5094,5095,5213
5213: 5212,5095
5214: 
12094: 12095,12021,12165
5216: 5099,5217
5217: 5099,5100,5216,5335
10879: 10880,10782
5219: 5101,5102,5220,5336,5337
5220: 5103,5221,5219,5102,5337,5338
5221: 5220,5103,5104,5222,5338,5339
5222: 5104,5221,5339,5340
5223: 
5224: 5106,5107,5341
5225: 
5226: 5108,5109,5227,5343,5344
5227: 5228,5110,5226,5109,5344,5345
5228: 5227,5110,5111,5229,5345,5346
5229: 5230,5112,5228,5111,5347,5346
5230: 5229,5112,5231,5113,5347,5348
5231: 5113,5114,5232,5230,5348,5349
5232: 5231,5114,5115,5233,5349,5350
5233: 5115,5116,5232,5234,5350,5351
5234: 5235,5117,5116,5233,5351,5352
5235: 5118,5117,5234,5352,5353,5236
5236: 5354,5237,5235,5118,5119,5353
5237: 5354,5355,5236,5119,5120,5238
5238: 5356,5239,5120,5121,5355,5237
5239: 5356,5238,5121,5122,5357,5240
5240: 5357,5358,5241,5123,5122,5239
5241: 5358,5240,5123,5124,5359,5242
5242: 5359,5360,5243,5124,5125,5241
5243: 5360,5242,5125,5126,5361
5244: 5362,5126,5127,5245
5245: 5246,5128,5127,5244,5363
5246: 5128,5245,5247,5129
5247: 5248,5129,5130,5246
5248: 5247,5130,5249,5131
5249: 5250,5131,5132,5248
5250: 5249,5132,5251,5133,5368
5251: 5133,5134,5250,5252,5368,5369
5252: 5253,5135,5251,5134,5369,5370
5253: 5252,5135,5136,5254,5370,5371
5254: 5255,5137,5253,5136,5371,5372
5255: 5137,5254,5138,5256,5372,5373
5256: 5139,5255,5138,5373,5374,5257
5257: 5374,5256,5139,5140,5375
5258: 5140,5141,5259,5375,5376
5259: 5260,5142,5141,5258,5376,5377
5260: 5142,5143,5259,5261,5377,5378
5261: 5144,5262,5260,5143,5378,5379
5262: 5144,5261,5145,5379,5380,5263
5263: 5381,5264,5145,5262,5146,5380
5264: 5381,5263,5146,5147,5382,5265
5265: 5382,5383,5266,5147,5148,5264
5266: 5383,5265,5148,5149,5384,5267
5267: 5384,5385,5149,5150,5266
5268: 5269,5151,5150,5385,5386
5269: 5268,5151,5152,5270,5386,5387
5270: 5271,5153,5269,5152,5387,5388
5271: 5270,5153,5272,5154,5388,5389
5272: 5273,5154,5155,5271,5389,5390
5273: 5272,5155,5274,5156,5390
5274: 5275,5156,5157,5273
5275: 5274,5157,5158,5393
5276: 5158,5159,5277,5393,5394
5277: 5278,5160,5159,5276,5394,5395
5278: 5160,5161,5277,5279,5395,5396
5279: 5162,5278,5161,5397,5280,5396
5280: 5397,5279,5162,5281,5163,5398
5281: 5164,5163,5282,5280,5398,5399
5282: 5281,5164,5165,5283,5399,5400
5283: 5166,5165,5284,5282,5400,5401
5284: 5166,5283,5167,5401,5402
5285: 5402,5403,5286
5286: 5404,5287,5169,5403,5285
5287: 5404,5286,5169,5170,5288,5405
5288: 5170,5171,5289,5287,5405,5406
5289: 5171,5288,5172,5290,5406,5407
5290: 5291,5173,5172,5289,5407,5408
5291: 5173,5290,5292,5174,5408,5409
5292: 5174,5175,5293,5291,5409,5410
5293: 5292,5175,5294,5176,5410,5411
5294: 5177,5176,5293,5411
12822: 620
5296: 
5297: 5414,5415,5179,5180
10328: 10327,10430,10224,10329,10431
5299: 5416,5417,5182,5181,5300
5300: 5418,5301,5182,5417,5299
5301: 5418,5419,5300,5184
5302: 5303
5303: 5420,5421,5302,5185,5186
10626: 10526,10627,10525,10625,10725,10726
10482: 10481,10582,12943,10381,10483,10583
5306: 5189,5423
10642: 10643,10541,10641,10741,10742
5308: 5309,5190
5309: 5308
5310: 5193,5311,5428
5311: 5310,5193,5428,5429
12752: 
5313: 5196,5430
11108: 
10338: 10339,10440,10441,10235,10234,10337
5316: 
5317: 5434
12788: 12934,12762
5319: 5437
11369: 11278,11368,11370,11279,11457
5321: 5322,12983
5322: 12983,5321
11717: 11716,11718,11798,11799
11716: 11632,11717,11797,11798
5325: 5326,5207,5208
5326: 5325,5208,5327
5327: 5328,5446,5326
5328: 5327,5446,5329
5329: 5448,5328
12958: 11740
5331: 
5332: 
10307: 10308,10410,10204,10306,10409,10203
11214: 11215,12932
5335: 5217,5336,5454
5336: 5337,5454,5455,5219,5335
5337: 5336,5455,5219,5220,5338,5456
5338: 5339,5456,5457,5220,5221,5337
5339: 5338,5457,5221,5222,5340,5458
5340: 5458,5459,5222,5339,5341
5341: 5224,5340,5459
5342: 5343,5461
5343: 5344,5462,5461,5226,5342
5344: 5343,5462,5226,5227,5345,5463
5345: 5464,5463,5228,5227,5344,5346
5346: 5347,5465,5228,5229,5345,5464
5347: 5465,5466,5346,5229,5230,5348
5348: 5349,5467,5230,5231,5347,5466
5349: 5348,5467,5468,5231,5232,5350
5350: 5351,5469,5232,5233,5349,5468
5351: 5350,5469,5470,5233,5234,5352
5352: 5353,5471,5235,5234,5351,5470
5353: 5352,5471,5235,5354,5472,5236
5354: 5355,5472,5237,5236,5353,5473
5355: 5354,5237,5356,5238,5473
5356: 5239,5238,5355,5357,5475
5357: 5358,5240,5356,5239,5475,5476
5358: 5357,5241,5240,5359,5476,5477
5359: 5360,5478,5242,5358,5241,5477
5360: 5359,5478,5242,5243,5479,5361
5361: 5480,5360,5243,5479
5362: 5244,5480,5363,5481
5363: 5245,5362,5364,5481,5482
5364: 5365,5363,5482,5483
5365: 5364,5366,5483,5484
5366: 5367,5365,5484,5485
5367: 5366,5486,5485
5368: 5369,5487,5250,5251
5369: 5368,5487,5251,5252,5370,5488
5370: 5371,5488,5489,5252,5253,5369
5371: 5370,5489,5253,5254,5372,5490
5372: 5490,5491,5373,5255,5254,5371
5373: 5372,5491,5255,5256,5374,5492
5374: 5493,5492,5257,5256,5373
5375: 5376,5494,5258,5493,5257
5376: 5375,5494,5258,5259,5377,5495
5377: 5378,5495,5260,5259,5376
5378: 5377,5260,5261,5379,5497
5379: 5380,5497,5498,5261,5262,5378
5380: 5379,5498,5262,5381,5499,5263
5381: 5499,5500,5263,5264,5380,5382
5382: 5383,5501,5265,5381,5500,5264
5383: 5382,5501,5502,5265,5266,5384
5384: 5267,5383,5502,5266
5385: 5267,5268,5386,5504
5386: 5387,5504,5505,5268,5269,5385
5387: 5386,5505,5269,5270,5388,5506
5388: 5506,5507,5271,5270,5387,5389
5389: 5390,5508,5271,5272,5388,5507
5390: 5389,5508,5272,5273
5391: 5392,5509,5510
5392: 5391,5393,5510,5511
5393: 5512,5275,5276,5392
5394: 5512,5276,5277,5395,5513
5395: 5514,5513,5278,5277,5394,5396
5396: 5397,5278,5279,5395,5514,5515
5397: 5280,5516,5396,5279,5398,5515
5398: 5399,5517,5281,5397,5280,5516
5399: 5398,5517,5518,5281,5282,5400
5400: 5401,5519,5282,5283,5399,5518
5401: 5400,5519,5520,5284,5283,5402
5402: 5285,5284,5401,5520
5403: 5285,5404,5286,5522,5521
5404: 5287,5523,5286,5522,5403,5405
5405: 5406,5524,5288,5404,5287,5523
5406: 5405,5524,5525,5289,5288,5407
5407: 5408,5526,5289,5290,5406,5525
5408: 5407,5526,5527,5291,5290,5409
5409: 5410,5528,5291,5292,5408,5527
5410: 5409,5528,5529,5292,5293,5411
5411: 5412,5293,5294,5410,5529
5412: 5411,5531,5530
5413: 5531,5532,5414
5414: 5415,5533,5297,5413,5532
5415: 5414,5533,5297,5416,5534
5416: 5417,5535,5299,5415,5534
5417: 5416,5535,5299,5418,5300,5536
5418: 5419,5301,5537,5300,5536,5417
5419: 5418,5301,5537,5420,5538
5420: 5421,5538,5303,5419
5421: 5420,5303,5422
5422: 5541,5421
5423: 5306,5541
10999: 10904,10905,10998,11000,11092,11093
10934: 11029,10836,10837,10933,11028
5426: 
5427: 
5428: 5310,5311,5429,5547
5429: 5547,5311,5428,5430,5548
5430: 12893,5313,5429,5548
10684: 10683,10782,10584,10585,10685,10783
5432: 5433,5549
5433: 5432,5552,5434
5434: 5317,5433,5552
12019: 
5436: 
5437: 5319,5555,5556
5438: 
10313: 10314,10416,10209,10210,10312
10406: 10304,10407,10303,10405,10507,10508
11445: 11444,11531,11356,11357,11532
10178: 10073,10179,10281,10282
12864: 12847,181
10901: 10900,10995,10996,10803,10804,10902
12205: 12274,12273,12204
5446: 5327,5328,5564
10356: 
5448: 5329,5449,5565,5566
5449: 5450,5448,5566
5450: 5449
5451: 5452
5452: 5451,5569
12678: 12634,12635,12716
5454: 5336,5455,5335,5572
5455: 5336,5337,5454,5456,5572,5573
5456: 5338,5457,5337,5455,5573
5457: 5338,5339,5456,5458,5574
5458: 5340,5459,5339,5457,5575
5459: 5340,5458,5341,5576
10325: 10326,10428,10221,10222,10324,10427
5461: 5343,5462,5342,5578
5462: 5343,5344,5461,5463,5580
5463: 5345,5464,5344,5462,5581
5464: 5345,5463,5465,5346
5465: 5347,5466,5346,5464,5583
5466: 5347,5465,5348,5467,5583,5584
5467: 5348,5349,5468,5466,5584,5585
5468: 5349,5467,5350,5469,5585,5586
5469: 5350,5351,5470,5468,5586,5587
5470: 5351,5469,5352,5471,5587,5588
5471: 5352,5353,5470,5472,5588,5589
5472: 5354,5353,5471,5589,5590,5473
5473: 5590,5591,5354,5355,5472
12825: 8823,8824,8936,8937
5475: 5592,5356,5357,5593,5476
5476: 5593,5594,5477,5357,5358,5475
5477: 5594,5476,5358,5359,5478,5595
5478: 5359,5360,5479,5477,5595,5596
5479: 5360,5478,5361,5480,5596,5597
5480: 5361,5362,5479,5597,5598
5481: 5599,5482,5362,5363,5598
5482: 5599,5481,5363,5364,5483,5600
5483: 5601,5600,5484,5365,5364,5482
5484: 5483,5601,5365,5366,5602,5485
5485: 5602,5603,5486,5366,5367,5484
5486: 5603,5485,5367,5487,5604
5487: 5368,5369,5488,5486,5605
5488: 5370,5489,5369,5487,5605,5606
5489: 5370,5371,5488,5490,5606,5607
5490: 5372,5491,5371,5489,5607,5608
5491: 5372,5490,5373,5492,5608,5609
5492: 5374,5491,5373,5609
5493: 5374,5375,5494
5494: 5375,5376,5493,5495
5495: 5377,5376,5494,5612
5496: 
5497: 5379,5498,5378,5614
5498: 5379,5380,5497,5499,5615,5616
5499: 5381,5500,5380,5498,5617,5616
5500: 5381,5499,5382,5501,5617,5618
5501: 5382,5383,5502,5500,5618,5619
5502: 5383,5501,5384,5619,5620
12044: 11969,12043,12118,12119
5504: 5386,5505,5385
5505: 5386,5387,5504,5506
5506: 5388,5507,5387,5505
5507: 5388,5506,5389,5508
5508: 5389,5390,5507,5625
5509: 5626,5391,5627,5510
5510: 5627,5628,5391,5392,5509,5511
5511: 5629,5392,5512,5628,5510
5512: 5393,5394,5630,5511
5513: 5395,5514,5394,5630,5631
5514: 5395,5513,5396,5631,5632,5515
5515: 5633,5632,5514,5397,5516,5396
5516: 5397,5398,5517,5633,5515,5634
5517: 5398,5399,5518,5516,5634,5635
5518: 5399,5517,5400,5519,5635,5636
5519: 5400,5401,5520,5518,5636,5637
5520: 5401,5519,5402,5637,5638
5521: 5638,5639,5403,5522
5522: 5404,5523,5403,5639,5521,5640
5523: 5404,5522,5405,5524,5640,5641
5524: 5405,5406,5525,5523,5641,5642
5525: 5406,5524,5407,5526,5642,5643
5526: 5407,5408,5527,5525,5643,5644
5527: 5408,5526,5409,5528,5644,5645
5528: 5409,5410,5529,5527,5645,5646
5529: 5410,5528,5411,5646,5530
5530: 5647,5766,5529,5412,5648
5531: 5413,5532,5412,5649,5648
5532: 5413,5531,5414,5533,5649,5650
5533: 5414,5415,5532,5650,5651,5534
5534: 5651,5415,5533,5416,5535,5652
5535: 5416,5417,5536,5534,5652,5653
5536: 5418,5537,5417,5535,5653,5654
5537: 5418,5419,5536,5538,5654,5655
5538: 5420,5419,5537,5655,5656
5539: 
12030: 12031,11955,12029,12103,12104
5541: 5422,5423
10911: 10912,11006,11005,10814,10813,10910
5543: 
5544: 5662,5545
5545: 5544,5662,5663
12937: 495,431
5547: 5429,5428,5664,5548
5548: 5666,5429,5547,5430,12893
5549: 12893,5432,5667
11654: 11737,11569,11653
11035: 10940,10941,11036
5552: 5433,5434,5670
10469: 10470,10367,10468
5554: 
5555: 5437,5556,5672
5556: 5437,5555
11344: 11253,11254,11433
11355: 11265,11356,11444
10809: 10710,10711,10810,10906,10907
10518: 10517,10618,10416,10417,10519,10619
12826: 12831,2013,1917
5562: 
10909: 10910,11004,10811,10812,10908,11003
5564: 5682,5446,5565
5565: 5566,5448,5564
5566: 5565,5448,5449
10429: 10326,10428,10327,10430,10530,10531
11101: 11102,11193,11194,11007,11008,11100
5569: 5688,5452
10970: 10875,10971,10969
5571: 5572
5572: 5573,5454,5455,5571
5573: 5572,5455,5456
5574: 5693,5692,5457,5575
5575: 5576,5694,5458,5574,5693
5576: 5694,5695,5575,5459,5577
5577: 5578,5696,5576,5695
5578: 5577,5696,5461,5697
10408: 10306,10409,10305,10509,10510
5580: 5462,5581,5699,5698
5581: 5699,5463,5580
12351: 12286,12413
5583: 5702,5465,5466,5584
5584: 5585,5703,5466,5467,5583,5702
5585: 5584,5703,5704,5467,5468,5586
5586: 5587,5705,5468,5469,5585,5704
5587: 5586,5705,5706,5469,5470,5588
5588: 5589,5707,5470,5471,5587,5706
5589: 5588,5707,5471,5472,5590,5708
5590: 5591,5708,5709,5473,5472,5589
5591: 5590,5709,5473,5710
5592: 5710,5475,5593,5711
5593: 5594,5712,5476,5592,5475,5711
5594: 5593,5712,5713,5476,5477,5595
5595: 5596,5714,5478,5594,5713,5477
5596: 5595,5714,5715,5478,5479,5597
5597: 5598,5716,5479,5480,5596,5715
5598: 5597,5716,5480,5717,5481
5599: 5717,5481,5482,5600,5718
5600: 5483,5601,5599,5482,5718,5719
5601: 5483,5600,5720,5484,5602,5719
5602: 5603,5721,5485,5601,5720,5484
5603: 5602,5721,5722,5486,5485,5604
5604: 5605,5723,5603,5722,5486
5605: 5604,5487,5488,5606
5606: 5607,5488,5489,5605
5607: 5606,5725,5489,5490,5608
5608: 5726,5609,5490,5491,5607
5609: 5608,5727,5491,5492
12555: 12499
5611: 5612,5729,5730
5612: 5611,5495,5613,5731
5613: 5612,5614,5732
5614: 5615,5733,5497,5613
5615: 5734,5733,5614,5498,5616
5616: 5617,5735,5498,5499,5615,5734
5617: 5735,5736,5616,5499,5500,5618
5618: 5619,5737,5500,5501,5617,5736
5619: 5618,5737,5501,5502,5620
5620: 5621,5739,5502,5619
5621: 5620,5740,5739
10247: 10142,10143,10350,10351
5623: 5624,5742
5624: 5623,5625,5743
5625: 5626,5508,5624
5626: 5625,5509,5627,5745
5627: 5628,5510,5626,5509,5746
5628: 5627,5510,5629,5511,5747
5629: 5630,5511,5628,5748
5630: 5629,5512,5513
5631: 5750,5514,5513,5632
5632: 5633,5751,5515,5514,5631,5750
5633: 5751,5752,5632,5515,5516,5634
5634: 5635,5753,5516,5517,5633,5752
5635: 5634,5753,5754,5517,5518,5636
5636: 5637,5755,5518,5519,5635,5754
5637: 5636,5755,5519,5520,5638,5756
5638: 5756,5757,5521,5520,5637
5639: 5757,5521,5522,5640,5758
5640: 5758,5759,5523,5522,5639,5641
5641: 5642,5760,5523,5524,5640,5759
5642: 5641,5760,5761,5524,5525,5643
5643: 5644,5762,5525,5526,5642,5761
5644: 5643,5762,5763,5526,5527,5645
5645: 5646,5527,5528,5644,5763
5646: 5645,5528,5529,5647
5647: 5766,5530,5646,5765
5648: 5649,5767,5531,5766,5530
5649: 5767,5768,5648,5531,5532,5650
5650: 5651,5769,5532,5533,5649,5768
5651: 5650,5769,5770,5534,5533,5652
5652: 5653,5771,5535,5651,5770,5534
5653: 5652,5771,5535,5536,5654,5772
5654: 5655,5773,5772,5537,5536,5653
5655: 5654,5773,5537,5538,5656,5774
5656: 5657,5774,5775,5538,5655
5657: 5656,5775,5658
5658: 5659,5777,5657
5659: 5658,5777,5660,5778
5660: 5778,5659
12896: 12680,12751
5662: 5544,5781,5545,5663
5663: 5782,5662,5781,5545
5664: 5782,5547
11279: 11280,11370,11187,12819,11278,11369
5666: 5784,5548,12893,5667
5667: 5549,12893,5666
11894: 11895,11814
10929: 10832,10928
5670: 5789,5552
12365: 12301,12366,12300,12364,12427
5672: 5790,5555
10312: 10311,10414,10208,10209,10313,10415
11204: 11112,11205,11111,11203,11295
12927: 11487,11574,11486,11659
11658: 11657,11659
5677: 5678
5678: 5677,5797
12055: 11979,12054,12056,12128
5680: 
12906: 11967,11968,12042,12043,12116,12117
5682: 5564,5800
12182: 
10259: 10260,10362
5685: 
12116: 12117,12187,12906,12042,12115
11624: 11707,11708,11538,11539,11625
5688: 5569,5806,5807
11006: 10911,10912,11005,11007,11099,11100
12934: 12788,12803
11901: 
5692: 5574,5693,5811
5693: 5574,5692,5694,5575,5811,5812
5694: 5576,5695,5575,5693,5813,5812
5695: 5576,5694,5577,5696,5813,5814
5696: 5577,5578,5695,5697,5814,5815
5697: 5578,5696,5815,5816,5698
5698: 5816,5817,5697,5580,5699
5699: 5581,5580,5817,5698,5700
5700: 5818,5699,5819
5701: 5820,5819,5702
5702: 5583,5584,5703,5701,5821
5703: 5584,5585,5704,5702,5821,5822
5704: 5585,5703,5586,5705,5822,5823
5705: 5586,5587,5706,5704,5823,5824
5706: 5587,5705,5588,5707,5824,5825
5707: 5588,5589,5706,5708,5825,5826
5708: 5590,5709,5589,5707,5826,5827
5709: 5590,5591,5708,5710,5827,5828
5710: 5592,5591,5709,5828,5829
5711: 5829,5592,5593,5712,5830
5712: 5593,5594,5713,5711,5830,5831
5713: 5594,5712,5595,5714,5831,5832
5714: 5595,5596,5715,5713,5832,5833
5715: 5596,5714,5597,5716,5833,5834
5716: 5597,5598,5715,5717,5834,5835
5717: 5599,5598,5716,5835,5836
5718: 5836,5599,5600,5837,5719
5719: 5837,5838,5601,5600,5720,5718
5720: 5601,5602,5721,5838,5719,5839
5721: 5602,5603,5722,5720,5839,5840
5722: 5603,5721,5604,5723,5840,5841
5723: 5604,5722,5841,5842
12745: 12746,12706,12744
5725: 5607,5726,5844
5726: 5608,5727,5725,5845,5844
5727: 5726,5609,5728,5845,5846
5728: 5729,5727,5846,5847
5729: 5728,5611,5847,5848,5730
5730: 5848,5849,5729,5611,5731
5731: 5850,5732,5612,5849,5730
5732: 5850,5851,5731,5613
5733: 5615,5734,5614,5852
5734: 5615,5733,5735,5616,5852,5853
5735: 5617,5736,5616,5734,5854,5853
5736: 5617,5735,5618,5737,5854,5855
5737: 5618,5619,5736,5855,5856
5738: 
5739: 5620,5621,5740,5857,5858
5740: 5621,5739,5858,5859,5741
5741: 5859,5860,5740,5742
5742: 5861,5743,5623,5860,5741
5743: 5861,5862,5742,5624,5744
5744: 5863,5745,5862,5743
5745: 5744,5863,5626,5864,5746
5746: 5864,5865,5747,5627,5745
5747: 5865,5746,5628,5866,5748
5748: 5866,5629,5747
11298: 11297,11206,11207,11299
5750: 5631,5751,5632,5868,5869
5751: 5633,5752,5632,5750,5870,5869
5752: 5633,5751,5634,5753,5870,5871
5753: 5634,5635,5754,5752,5871,5872
5754: 5635,5753,5636,5755,5872,5873
5755: 5636,5637,5754,5756,5873,5874
5756: 5638,5757,5637,5755,5874,5875
5757: 5638,5639,5756,5875,5876
5758: 5640,5759,5639,5876,5877
5759: 5640,5758,5641,5760,5877,5878
5760: 5641,5642,5761,5759,5878,5879
5761: 5642,5760,5643,5762,5879,5880
5762: 5643,5644,5763,5761,5880,5881
5763: 5644,5762,5645,5881,5764
5764: 5882,5883,5765,5763
5765: 5883,5764,5647,5884
5766: 5647,5530,5767,5648,5885
5767: 5649,5768,5648,5766,5885
5768: 5649,5767,5650,5769,5887
5769: 5650,5651,5770,5768,5887,5888
5770: 5651,5769,5652,5771,5888,5889
5771: 5652,5653,5770,5772,5889,5890
5772: 5654,5773,5653,5771,5890
5773: 5654,5655,5772,5774,5892
5774: 5656,5775,5655,5773,5892,5893
5775: 5656,5657,5774,5893,5894
11324: 11232
5777: 5658,5659,5778,5895,5896
5778: 5660,5659,5777,5896,5897
12953: 5804,5922,5805,5924,6041,6042
5780: 
5781: 5662,5663,5899
5782: 5663,5664,5901
10659: 
5784: 5666,5903
11250: 11249,11340,11341,11159,11251
11410: 11409,11320,11411,11498
5787: 5905,5906
11663: 11747,11578,11577,11662
5789: 5670,5790
5790: 5672,5789
12304: 
11536: 11450,11535,11621,11622
11485: 11486,11397,11484,11571
11938: 11939,11860,11861,12013
10902: 10903,10997,10804,10805,10901,10996
12474: 12530,12475,12529
5797: 5678
10649: 10548,10648,10549,10748,10749
10437: 10334,10335,10438,10436,10538,10539
5800: 5682
10827: 10728,10826,10729,10828,10924,10925
5802: 5803,5920,5921
5803: 5802,5921,5804,5922
5804: 5922,12953,5803,5805
5805: 5806,5924,5804,12953
5806: 5805,5924,5925,5688,5807
5807: 5808,5688,5806,5925
5808: 5807,5927
5809: 
11008: 10913,10914,11007,11009,11101,11102
5811: 5930,5693,5692,5812
5812: 5813,5931,5693,5694,5811,5930
5813: 5931,5932,5812,5694,5695,5814
5814: 5815,5695,5696,5813,5932
5815: 5814,5934,5696,5697,5816
5816: 5817,5935,5698,5697,5815,5934
5817: 5816,5935,5698,5699,5818,5936
5818: 5937,5700,5936,5817,5819
5819: 5820,5938,5701,5818,5937,5700
5820: 5938,5819,5701,5821,5939
5821: 5822,5940,5702,5703,5820
5822: 5821,5940,5941,5703,5704,5823
5823: 5824,5942,5704,5705,5822,5941
5824: 5823,5942,5705,5706,5825,5943
5825: 5826,5943,5706,5707,5824
5826: 5825,5944,5707,5708,5827,5945
5827: 5828,5945,5946,5708,5709,5826
5828: 5827,5946,5709,5710,5829,5947
5829: 5947,5948,5711,5710,5828
5830: 5831,5949,5712,5948,5711
5831: 5830,5949,5950,5712,5713,5832
5832: 5833,5951,5713,5714,5831,5950
5833: 5832,5951,5714,5715,5834,5952
5834: 5835,5952,5953,5715,5716,5833
5835: 5834,5953,5716,5717,5836,5954
5836: 5954,5718,5717,5835
5837: 5838,5956,5719,5955,5718
5838: 5837,5956,5957,5719,5720,5839
5839: 5840,5958,5720,5721,5838,5957
5840: 5839,5958,5959,5721,5722,5841
5841: 5842,5722,5723,5840,5959,5960
5842: 5841,5723,5961,5960
5843: 5961,5844,5962
5844: 5845,5963,5725,5726,5843
5845: 5963,5964,5844,5726,5727,5846
5846: 5847,5965,5727,5728,5845,5964
5847: 5846,5965,5966,5728,5729,5848
5848: 5849,5967,5730,5729,5847,5966
5849: 5848,5967,5730,5850,5968,5731
5850: 5851,5969,5732,5968,5731,5849
5851: 5850,5969,5732,5852,5970
5852: 5971,5970,5734,5733,5851,5853
5853: 5854,5972,5734,5735,5852,5971
5854: 5972,5973,5853,5735,5736,5855
5855: 5856,5974,5736,5737,5854,5973
5856: 5855,5974,5975,5737,5857
5857: 5858,5976,5739,5856,5975
5858: 5857,5976,5977,5740,5739,5859
5859: 5741,5978,5740,5858,5977
5860: 5741,5978,5861,5742,5979
5861: 5862,5742,5743,5860,5979,5980
5862: 5861,5743,5744,5863,5981,5980
5863: 5744,5981,5982,5745,5862,5864
5864: 5865,5983,5746,5863,5982,5745
5865: 5864,5983,5984,5746,5747,5866
5866: 5867,5985,5748,5865,5984,5747
5867: 5866,5985,5986
5868: 5987,5986,5750,5869
5869: 5870,5988,5750,5751,5868,5987
5870: 5988,5989,5869,5751,5752,5871
5871: 5872,5752,5753,5870,5989
5872: 5871,5991,5753,5754,5873
5873: 5874,5992,5754,5755,5872
5874: 5873,5993,5755,5756,5875
5875: 5876,5756,5757,5874
5876: 5875,5757,5758
5877: 5996,5758,5759,5878
5878: 5879,5997,5759,5760,5877,5996
5879: 5878,5997,5998,5760,5761,5880
5880: 5881,5999,5761,5762,5879,5998
5881: 5880,5999,5762,5763,5882
5882: 5883,6001,5764,5881,6000
5883: 5882,6001,5764,6002,5765,5884
5884: 6003,5883,6002,5765
5885: 5766,5767
11487: 11488,12927,11398,11399,11486
5887: 5888,6006,5768,5769,6005
5888: 5887,6006,5769,5770,5889
5889: 5890,6008,5770,5771,5888
5890: 5889,6008,5771,5772
12708: 12746
5892: 6010,5773,5774,5893,6011
5893: 6012,6011,5894,5774,5775,5892
5894: 5893,6012,5775,5895,6013
5895: 6013,6014,5777,5894,5896
5896: 5897,6015,5777,5778,5895,6014
5897: 5896,6015,6016,5778,5898
5898: 5899,6017,5897,6016
5899: 5898,6017,5781
12493: 12434,12492
5901: 5782
12941: 10760,10761
5903: 5904,6022,5784,6021
5904: 5903,6022,5905
5905: 5906,5787,5904
5906: 5905,5787
12851: 2120,12879,2023,2121
12591: 12590,12638
11083: 11084,11176,10990,11082
11219: 11126,11218,11310
5911: 
12118: 12189,12044,12043,12117
5913: 
11541: 11455,11542,11454,11626,11627
11091: 11090,11183,11184,10997,10998,11092
11768: 11767,11847,11687
5917: 6036
11478: 
12440: 
5920: 5802,5921
5921: 5802,5803,5920,5922
5922: 5804,12953,5803,5921,6041
10991: 10992,11084,11085
5924: 5805,5806,5925,12953,6042,6043
5925: 5806,5924,5807,6043
5926: 
5927: 5808,6045,6046
5928: 6047,5929
5929: 6048,12853,5928,6047
5930: 5811,5931,5812,6048,6049
5931: 5813,5932,5812,5930,6050,6049
5932: 5813,5931,5814,6050,6051
5933: 
5934: 5815,5816,5935,6052,6053
5935: 5816,5817,5934,5936,6053,6054
5936: 5818,5937,5817,5935,6054,6055
5937: 5818,5936,5938,5819,6055,6056
5938: 5820,5819,5937,6056,6057,5939
5939: 6057,5820,5938,5940,6058
5940: 5821,5822,5941,5939,6059
5941: 5822,5940,5823,5942,6059,6060
5942: 5823,5824,5941,6060,6061
5943: 5825,5944,5824,6061,6062
5944: 5826,5943,5945,6062,6063
5945: 5827,5946,5826,5944,6063,6064
5946: 5827,5828,5945,5947,6064,6065
5947: 5829,5948,5828,5946,6065,6066
5948: 5829,5947,5830,6066
5949: 5830,5831,5950,6067,6068
5950: 5831,5949,5832,5951,6068,6069
5951: 5832,5833,5950,5952,6069,6070
5952: 5834,5953,5833,5951,6070,6071
5953: 5834,5835,5952,5954,6071,6072
5954: 5836,5835,5953,6072,6073
5955: 5837,5956,6073,6074
5956: 5837,5838,5957,5955,6074,6075
5957: 5838,5956,5839,5958,6075,6076
5958: 5839,5840,5959,5957,6076,6077
5959: 5840,5958,5841,6077,6078,5960
5960: 6078,6079,5959,5841,5842,5961
5961: 5843,5842,5960,5962
5962: 6080,6081,5843,5961
5963: 5845,5964,5844,6082
5964: 5845,5963,5846,5965,6082,6083
5965: 5846,5847,5966,5964,6083,6084
5966: 5847,5965,5848,5967,6084,6085
5967: 5848,5849,5966,5968,6085,6086
5968: 5850,5969,5849,5967,6086,6087
5969: 5850,5851,5968,5970,6087,6088
5970: 5852,5971,5851,5969,6088,6089
5971: 5852,5970,5972,5853,6089,6090
5972: 5854,5973,5853,5971,6090,6091
5973: 5854,5972,5855,5974,6091,6092
5974: 5855,5856,5975,5973,6092,6093
5975: 5856,5974,5857,5976,6093,6094
5976: 5857,5858,5977,5975,6094,6095
5977: 5858,5976,5859,5978,6095,6096
5978: 5859,5860,5977,6096,6097
5979: 6098,5980,5860,5861,6097
5980: 6098,5979,5861,5862,5981,6099
5981: 5863,5982,5862,5980,6099,6100
5982: 5863,5981,5864,5983,6100,6101
5983: 5864,5865,5984,5982,6101,6102
5984: 5865,5983,5866,5985,6102,6103
5985: 5866,5867,5984,6103
5986: 5868,5987,5867,6104,6105
5987: 5868,5986,5988,5869,6105,6106
5988: 5870,5989,5869,5987,6107,6106
5989: 5870,5988,5871,6107,6108
12126: 12052,12125,12197
5991: 5872,5992,6109
5992: 5873,5993,5991,6110
5993: 5874,5992,5994,6111
5994: 5993,6112
10694: 10792,10594,10595,10693,10695
5996: 5877,5878,5997,6114,6115
5997: 5878,5879,5998,5996,6115,6116
5998: 5879,5997,5880,5999,6116,6117
5999: 5880,5881,6000,5998,6117
6000: 5999,5882,6001,6118,6119
6001: 5882,5883,6002,6000,6119,6120
6002: 5883,6001,5884,6003,6120
6003: 5884,6002,6121
6004: 6123,6005,6122
6005: 6123,6004,5887,6006,6124
6006: 5887,5888,6005,6124,6125
6007: 
6008: 5889,5890,6126,6127,6009
6009: 6127,6008,6128
6010: 5892,6011,6128,6129
6011: 5893,6012,5892,6010,6129,6130
6012: 5893,6011,5894,6013,6130,6131
6013: 5895,6014,6012,5894,6131,6132
6014: 5895,6013,5896,6015,6132
6015: 5896,5897,6016,6014
6016: 5897,6015,5898,6017,6135
6017: 5898,5899,6016,6135,6136,6018
6018: 6137,6017,6136
11958: 12033,12034,11881,11880,11957
10471: 12982,10571,10470
6021: 5903,6022,6140
6022: 5903,5904,6021,6140
10703: 10801,10802,10702,10603,10604,10704
11891: 11812,11892,11811,11968,11969
10754: 10853,10753
11560: 11474,11561,11645
11256: 11257,11347,11165,11164
10206: 10101,10102,10205,10207,10309,10310
10883: 10978,10977,10785,10882,10884
12741: 12702
11232: 11231,11324
12960: 9418,9419,9528,9308,9309,9417
6033: 
6034: 
11921: 11997,11996,11922
6036: 5917
12680: 12636,12637,12896
11652: 11653,11735,11736,11566,11567,11651
12689: 12688,12727
6040: 6041,6158
6041: 6040,6160,5922,12953,6042
6042: 6043,12953,5924,6041,6160
6043: 6042,5924,5925
6044: 
6045: 6164,5927,6046
6046: 6047,6165,5927,6045,6164
6047: 6046,6165,5928,12853,5929
6048: 12853,5929,12899,5930,6049
6049: 6050,5930,5931,6048,12899
6050: 6049,5931,5932,6051
6051: 6052,6170,5932,6050
6052: 6051,6170,5934,6053,6171
6053: 6054,6172,6171,5934,5935,6052
6054: 6053,6172,5935,5936,6055,6173
6055: 6056,6173,6174,5937,5936,6054
6056: 6055,6174,5937,5938,6057,6175
6057: 6175,6176,5939,5938,6056,6058
6058: 6059,6177,6057,6176,5939
6059: 6178,6058,5940,5941,6060
6060: 6061,5941,5942,6178,6059
6061: 6060,5942,5943
6062: 6063,6180,6181,5944,5943
6063: 6062,6181,5944,5945,6064,6182
6064: 6065,6182,6183,5945,5946,6063
6065: 6064,6183,5946,5947,6066,6184
6066: 6184,5947,5948,6065
6067: 6068,6186,5949,6185
6068: 6067,6186,5949,5950,6069,6187
6069: 6070,6188,6187,5950,5951,6068
6070: 6069,6188,5951,5952,6071,6189
6071: 6072,6189,6190,5952,5953,6070
6072: 6071,6190,5953,5954,6073,6191
6073: 6191,6192,5954,5955,6072
6074: 6075,6193,5955,5956,6192
6075: 6074,6193,6194,5956,5957,6076
6076: 6077,6195,5957,5958,6075,6194
6077: 6076,6195,6196,5958,5959,6078
6078: 6079,6197,5960,5959,6077,6196
6079: 6078,6197,5960,6080,6198
6080: 6081,6198,6199,5962,6079
6081: 6080,6199,5962,6200
6082: 6200,6201,5963,5964,6083
6083: 6084,6202,5964,5965,6082,6201
6084: 6083,6202,6203,5965,5966,6085
6085: 6086,6204,5966,5967,6084,6203
6086: 6085,6204,5967,5968,6087,6205
6087: 6088,6206,6205,5969,5968,6086
6088: 6087,6206,5969,5970,6089,6207
6089: 6208,6207,6090,5971,5970,6088
6090: 6089,6208,5971,5972,6091,6209
6091: 6209,6210,5972,5973,6090,6092
6092: 6093,6211,5973,5974,6091,6210
6093: 6092,6211,6212,5974,5975,6094
6094: 6095,6213,5975,5976,6093,6212
6095: 6094,6213,6214,5976,5977,6096
6096: 6097,6215,5977,5978,6095,6214
6097: 6096,6215,5978,5979
6098: 6216,6217,5979,5980,6099
6099: 6100,6218,5981,6098,6217,5980
6100: 6099,6218,6219,5981,5982,6101
6101: 6102,6220,5982,5983,6100,6219
6102: 6101,6220,6221,5983,5984,6103
6103: 6222,5984,5985,6102,6221
6104: 5986,6105,6223
6105: 6224,6223,5987,5986,6104,6106
6106: 6107,6225,5987,5988,6105,6224
6107: 6225,6226,6106,5988,5989,6108
6108: 6109,6227,5989,6107,6226
6109: 6108,6227,6228,5991,6110
6110: 6111,6229,5992,6109,6228
6111: 6110,6229,6230,5993,6112
6112: 6113,6231,5994,6111,6230
6113: 6112,6231,6232
6114: 6232,6233,5996,6115
6115: 6116,6234,5996,5997,6114,6233
6116: 6115,6234,6235,5997,5998,6117
6117: 6118,5998,5999,6116,6235
6118: 6117,6236,6237,6000,6119
6119: 6120,6238,6000,6001,6118,6237
6120: 6119,6238,6001,6002
6121: 6122,6239,6240,6003
6122: 6121,6240,6123,6241,6004
6123: 6241,6242,6004,6005,6122,6124
6124: 6125,6243,6006,6123,6242,6005
6125: 6124,6243,6244,6006,6126
6126: 6127,6008,6125,6244,6245
6127: 6126,6009,6008,6246,6245
6128: 6129,6246,6247,6010,6009
6129: 6128,6247,6010,6011,6130,6248
6130: 6131,6248,6249,6012,6011,6129
6131: 6130,6249,6012,6013,6132,6250
6132: 6250,6013,6014,6131
11953: 11952,12028,12029,11876,11875
11284: 11283,11374,11192,11375
6135: 6136,6016,6017,6253
6136: 6135,6017,6018
6137: 6138,6018
6138: 6137
6139: 
6140: 6141,6021,6022
6141: 6140,6260,6142
6142: 6261,6141,6260
10789: 10690,10691,10788,10790,10886,10887
11339: 
6145: 12889,6263,6146,6264
6146: 6147,6264,6145
6147: 6146
10978: 10883,10977,10884,10979,11071,11072
10415: 10416,10312,10414,10516,10517
6150: 
10516: 10515,10616,10414,10415,10517,10617
11205: 11112,11204,11113,11206,11297
6153: 
11966: 11965,12041,11888,11889,11967,12042
10319: 10421,10215,10216,10320,10422
6156: 
6157: 
6158: 6040,6276
11021: 10926,10927,11022,11114,11115
6160: 6041,6042,6279
6161: 
11129: 11222,11036,11221
6163: 
6164: 6045,6046,6165,6282
6165: 6046,6047,6164,12853
11012: 10917,11011,10918,11013,11105,11106
6167: 6285,12853,12899
6168: 6287,12899,6286
12674: 12631
6170: 6051,6052,6171,6288,6289
6171: 6053,6172,6052,6170,6289,6290
6172: 6053,6054,6171,6173,6290,6291
6173: 6055,6174,6054,6172,6291,6292
6174: 6055,6056,6173,6175,6292,6293
6175: 6057,6176,6056,6174,6293,6294
6176: 6057,6175,6177,6058,6294,6295
6177: 6178,6058,6176,6295,6296
6178: 6059,6177,6060
12829: 10947,11041,11040
6180: 6062,6181,6298,6299
6181: 6062,6063,6180,6182,6299,6300
6182: 6064,6183,6063,6181,6300,6301
6183: 6064,6065,6182,6184,6301,6302
6184: 6066,6065,6183,6303,6302
6185: 6067,6186,6303,6304
6186: 6067,6068,6185,6187,6304,6305
6187: 6069,6188,6068,6186,6305,6306
6188: 6069,6070,6187,6189,6306,6307
6189: 6071,6190,6070,6188,6307,6308
6190: 6071,6072,6189,6191,6308,6309
6191: 6073,6192,6072,6190,6309,6310
6192: 6073,6191,6074,6310
6193: 6074,6075,6194,6312
6194: 6075,6193,6076,6195,6312,6313
6195: 6076,6077,6196,6194,6313,6314
6196: 6077,6195,6078,6197,6314,6315
6197: 6078,6079,6196,6198,6315,6316
6198: 6080,6199,6079,6197,6316,6317
6199: 6080,6081,6198,6317,6318
6200: 6082,6201,6081,6319,6318
6201: 6082,6200,6083,6202,6319,6320
6202: 6083,6084,6203,6201,6320,6321
6203: 6084,6202,6085,6204,6321,6322
6204: 6085,6086,6203,6205,6322,6323
6205: 6087,6206,6086,6204,6323,6324
6206: 6087,6088,6205,6207,6324,6325
6207: 6089,6208,6088,6206,6325,6326
6208: 6089,6207,6090,6209,6326,6327
6209: 6091,6210,6208,6090,6327,6328
6210: 6091,6209,6092,6211,6328,6329
6211: 6092,6093,6212,6210,6329,6330
6212: 6093,6211,6094,6213,6330,6331
6213: 6094,6095,6214,6212,6331
6214: 6095,6213,6096,6215,6332,6333
6215: 6096,6097,6214,6216,6333
6216: 6098,6217,6215,6334,6335
6217: 6098,6216,6099,6218,6335,6336
6218: 6099,6100,6219,6217,6336,6337
6219: 6100,6218,6101,6220,6337,6338
6220: 6101,6102,6221,6219,6338,6339
6221: 6102,6220,6103,6222,6339,6340
6222: 6103,6221,6340,6341
6223: 6105,6224,6104,6341,6342
6224: 6105,6223,6225,6106,6342,6343
6225: 6107,6226,6106,6224,6344,6343
6226: 6107,6225,6108,6227,6344,6345
6227: 6108,6109,6228,6226,6345,6346
6228: 6109,6227,6110,6229,6346,6347
6229: 6110,6111,6230,6228,6347,6348
6230: 6111,6229,6112,6231,6348,6349
6231: 6112,6113,6230,6349,6350
6232: 6114,6233,6113,6350,6351
6233: 6114,6232,6115,6234,6351,6352
6234: 6115,6116,6235,6233,6352
6235: 6116,6234,6117,6236
6236: 6118,6237,6235,6354,6355
6237: 6118,6236,6119,6238,6355,6356
6238: 6119,6120,6237,6356,6357
6239: 6121,6240,6357,6358
6240: 6121,6122,6239,6241,6358,6359
6241: 6123,6242,6122,6240,6359,6360
6242: 6123,6241,6124,6243,6360,6361
6243: 6124,6125,6244,6242,6361,6362
6244: 6125,6243,6126,6362,6363,6245
6245: 6363,6364,6244,6126,6127
6246: 6128,6247,6127,6364,6365
6247: 6128,6129,6246,6248,6365,6366
6248: 6130,6249,6129,6247,6366,6367
6249: 6130,6131,6248,6250,6367
6250: 6132,6131,6249
10260: 10259,10362,10261
6252: 6253,6371
6253: 6252,6135,6254,6371,6372
6254: 6253
12647: 12600
11637: 11638,11721,11551,11552,11636
11662: 11661,11576,11577,11663
12085: 12011,12084
10709: 10708,10807,10609,10610,10808
6260: 6141,6142,6261,6379
6261: 6142,6260,6379,6262
6262: 6261,12889,6263,6381
6263: 12889,6145,6264,6262,6381
6264: 6146,6145,6263,6383
11455: 11456,11541,11542,11367
11274: 11275,11365,11182,11183,11364
6267: 6385
6268: 
12056: 11981,12055,12130
11033: 10938,10939,11032
6271: 
6272: 
6273: 6391,6392
12121: 12193,12192
11126: 11219,11218,11032,11125
6276: 6394,6158
10997: 10902,10903,10996,10998,11090,11091
11555: 
6279: 6160,6280
6280: 6279
11483: 
6282: 6400,6164,6401
11084: 11083,11176,10991,11085,11177
6284: 6285,6403
6285: 6286,6403,6167,6284,6404
6286: 6285,6287,6168,6404,6405
6287: 6168,6406,6286,6405
6288: 6289,6407,6170,6406
6289: 6288,6407,6170,6171,6290,6408
6290: 6291,6409,6408,6172,6171,6289
6291: 6290,6409,6172,6173,6292,6410
6292: 6293,6410,6411,6173,6174,6291
6293: 6292,6411,6174,6175,6294,6412
6294: 6412,6413,6295,6175,6176,6293
6295: 6294,6413,6176,6177,6296,6414
6296: 6415,6414,6177,6295
12940: 2620,2725,2518,2622
6298: 6417,6180,6299
6299: 6300,6418,6180,6181,6298
6300: 6299,6181,6182,6301,6419
6301: 6420,6419,6182,6183,6300,6302
6302: 6303,6421,6183,6184,6301,6420
6303: 6421,6422,6302,6184,6185
6304: 6305,6423,6185,6186,6422
6305: 6304,6424,6186,6187,6306
6306: 6307,6425,6188,6187,6305
6307: 6306,6426,6188,6189,6308
6308: 6309,6189,6190,6307
6309: 6308,6190,6191,6310
6310: 6191,6192,6309
12620: 12621
6312: 6431,6430,6193,6194,6313
6313: 6314,6432,6194,6195,6431,6312
6314: 6313,6432,6433,6195,6196,6315
6315: 6316,6434,6196,6197,6314,6433
6316: 6315,6434,6197,6198,6317,6435
6317: 6436,6435,6198,6199,6316
6318: 6319,6437,6199,6200,6436
6319: 6437,6438,6318,6200,6201,6320
6320: 6321,6439,6201,6202,6319,6438
6321: 6320,6439,6440,6202,6203,6322
6322: 6323,6441,6203,6204,6321,6440
6323: 6322,6441,6204,6205,6324,6442
6324: 6325,6442,6443,6206,6205,6323
6325: 6324,6443,6206,6207,6326,6444
6326: 6445,6444,6327,6208,6207,6325
6327: 6326,6445,6208,6209,6328,6446
6328: 6446,6447,6209,6210,6327,6329
6329: 6330,6448,6210,6211,6328,6447
6330: 6329,6448,6449,6211,6212,6331
6331: 6212,6213,6330,6449
6332: 6450,6214,6333,6451
6333: 6451,6334,6214,6215,6332
6334: 6333,6452,6216,6335,6453
6335: 6453,6454,6216,6217,6334,6336
6336: 6337,6455,6217,6218,6335,6454
6337: 6336,6455,6456,6218,6219,6338
6338: 6339,6457,6219,6220,6337,6456
6339: 6338,6457,6458,6220,6221,6340
6340: 6221,6222,6339,6458
6341: 6222,6223,6342,6460
6342: 6461,6460,6224,6223,6341,6343
6343: 6344,6462,6224,6225,6342,6461
6344: 6462,6463,6343,6225,6226,6345
6345: 6346,6464,6226,6227,6344,6463
6346: 6345,6464,6465,6227,6228,6347
6347: 6348,6466,6228,6229,6346,6465
6348: 6347,6466,6467,6229,6230,6349
6349: 6468,6230,6231,6348,6467
6350: 6468,6231,6232,6351,6469
6351: 6469,6470,6232,6233,6350,6352
6352: 6471,6233,6234,6351,6470
10402: 10300,10403,10503,10504
6354: 6355,6473,6236,6472
6355: 6354,6473,6236,6237,6356,6474
6356: 6357,6475,6474,6237,6238,6355
6357: 6356,6475,6238,6239,6358,6476
6358: 6359,6476,6477,6239,6240,6357
6359: 6358,6477,6240,6241,6360,6478
6360: 6478,6479,6241,6242,6359,6361
6361: 6362,6480,6242,6243,6360,6479
6362: 6361,6480,6481,6243,6244,6363
6363: 6482,6245,6244,6362,6481
6364: 6245,6246,6365,6483
6365: 6366,6483,6484,6246,6247,6364
6366: 6365,6484,6247,6248,6367,6485
6367: 6486,6485,6248,6249,6366
11657: 11658,11571,11740,11656
11792: 11872,11791,11711
11293: 11201,11202,11294
6371: 6490,6252,6253,6372
6372: 6253,6371,6490
12453: 12512,12454,12391,12392,12452
6374: 6492
10537: 10435,10436,10536,10538
10868: 10962
11702: 11618,11619,11701,11783,11703
11459: 11546,11545,11371,11370
6379: 6498,6260,6261
12200: 12128
6381: 6263,6262,6499
6382: 
6383: 6264
10690: 10691,10789,10788,10591,10590,10689
6385: 6267
6386: 
12468: 12409
6388: 6506,12914
11480: 11481,11566,11567,11391,11392,11479
12499: 12498,12555
6391: 6273,6392,6509,6510
6392: 6393,6273,6391,6510,6511
6393: 6392,6394,6511
6394: 6276,6393,6512,6513
10205: 10101,10206,10100,10309
6396: 6514,6515
11003: 10908,11002,10909,11004,11096,11097
12643: 
6399: 6400,6517,6518
6400: 6282,6399,6401,6518
6401: 6400,6282,6520
6402: 
6403: 6285,6284,6521,6522,6404
6404: 6522,6523,6285,6286,6403,6405
6405: 6286,6287,6523,6404
6406: 6287,6288,6407,6525
6407: 6288,6289,6406,6408,6525,6526
6408: 6290,6409,6289,6407,6526,6527
6409: 6290,6291,6408,6410,6527,6528
6410: 6292,6411,6291,6409,6528,6529
6411: 6292,6293,6410,6412,6529,6530
6412: 6294,6413,6293,6411,6530,6531
6413: 6294,6412,6295,6414,6531,6532
6414: 6415,6296,6413,6295,6532,6533
6415: 6296,6414,6416,6533,6534
6416: 6417,6415,6534,6535
6417: 6416,6298,6418,6535,6536
6418: 6299,6417,6536,6537
6419: 6301,6420,6300,6538
6420: 6301,6419,6421,6302,6538,6539
6421: 6303,6422,6302,6420,6540,6539
6422: 6303,6421,6304,6423,6540
6423: 6304,6424,6422,6541,6542
6424: 6305,6423,6425,6542
6425: 6306,6426,6424,6543
6426: 6307,6425,6544
12610: 12611,12609,12558,12658
6428: 6429,6547,6546
6429: 6428,6430,6547,6548
6430: 6431,6312,6429,6548,6549
6431: 6312,6430,6313,6432,6549,6550
6432: 6313,6314,6433,6431,6550,6551
6433: 6314,6432,6315,6434,6551,6552
6434: 6315,6316,6433,6435,6552,6553
6435: 6317,6316,6434,6553,6554
6436: 6317,6437,6318,6555
6437: 6319,6438,6318,6436,6556,6555
6438: 6319,6437,6320,6439,6556,6557
6439: 6320,6321,6440,6438,6557,6558
6440: 6321,6439,6322,6441,6558
6441: 6322,6323,6440,6442,6560
6442: 6324,6443,6323,6441,6560,6561
6443: 6324,6325,6442,6444,6561,6562
6444: 6326,6445,6325,6443,6562,6563
6445: 6326,6444,6327,6446,6563,6564
6446: 6328,6447,6445,6327,6564,6565
6447: 6328,6446,6329,6448,6565,6566
6448: 6329,6330,6449,6447,6566,6567
6449: 6330,6448,6331,6567
6450: 6332,6451,6568,6569
6451: 6333,6452,6332,6450,6569,6570
6452: 6451,6334,6453,6570,6571
6453: 6335,6454,6452,6334,6571,6572
6454: 6335,6453,6336,6455,6572,6573
6455: 6336,6337,6456,6454,6574,6573
6456: 6337,6455,6338,6457,6574,6575
6457: 6338,6339,6458,6456,6575,6576
6458: 6339,6457,6340,6576
12804: 
6460: 6342,6461,6341,6579
6461: 6342,6460,6462,6343,6579,6580
6462: 6344,6463,6343,6461,6580,6581
6463: 6344,6462,6345,6464,6581,6582
6464: 6345,6346,6465,6463,6582,6583
6465: 6346,6464,6347,6466,6583,6584
6466: 6347,6348,6467,6465,6584,6585
6467: 6348,6466,6349,6585,6586
6468: 6349,6350,6469,6586,6587
6469: 6351,6470,6350,6468,6587,6588
6470: 6351,6469,6471,6352,6588,6589
6471: 6352,6470,6590,6589
6472: 6354,6473,6590,6591
6473: 6354,6355,6472,6474,6591,6592
6474: 6356,6475,6355,6473,6592,6593
6475: 6356,6357,6474,6476,6593,6594
6476: 6358,6477,6357,6475,6594,6595
6477: 6358,6359,6476,6478,6595,6596
6478: 6360,6479,6359,6477,6596,6597
6479: 6360,6478,6361,6480,6597,6598
6480: 6361,6362,6481,6479,6598,6599
6481: 6362,6480,6363,6482,6599,6600
6482: 6363,6481,6600,6601
6483: 6365,6484,6364,6602
6484: 6365,6366,6483,6485,6602,6603
6485: 6367,6486,6366,6484,6603,6604
6486: 6367,6485,6604,6605
10293: 10294,10396,10189,10190,10395,10292
6488: 6606,12904
6489: 
6490: 6371,6372,6608
10975: 10881,10976,10880,11068,11069
6492: 6374,6610
6493: 
6494: 6495,6613
6495: 6494,6496,6613,6614
6496: 6495,6614,6615
10969: 10874,10968,10970,11062
6498: 6379,6499,6616
6499: 6498,6381
10519: 10619,10620,10417,10418,10518,10520
10461: 
11285: 
10514: 10614,10615,10412,10413,10515
6504: 
6505: 
6506: 6388,12949,12914
6507: 12914
10777: 10678,10679,10778,10874,10875
6509: 6628,6391,6627
6510: 6628,6391,6392,6511,6629
6511: 6629,6392,6393,6510
6512: 6394
6513: 6514,6631,6394
6514: 6513,6396,6515
6515: 6634,6396,6514
11228: 11135,11136,11320
6517: 6636,6635,6399,6518
6518: 6637,6399,6400,6636,6517
11515: 11429
6520: 6521,6638,6639,6401
6521: 6520,6639,6403,6522,6640
6522: 6523,6640,6404,6403,6521
6523: 6522,6404,6642,6405
6524: 
6525: 6526,6644,6406,6407,6643
6526: 6525,6644,6407,6408,6527,6645
6527: 6528,6646,6645,6409,6408,6526
6528: 6527,6646,6409,6410,6529,6647
6529: 6530,6647,6648,6410,6411,6528
6530: 6529,6648,6411,6412,6531,6649
6531: 6649,6650,6532,6412,6413,6530
6532: 6531,6650,6413,6414,6533,6651
6533: 6652,6651,6415,6414,6532,6534
6534: 6535,6653,6415,6416,6652,6533
6535: 6534,6653,6654,6416,6417,6536
6536: 6537,6655,6417,6418,6535,6654
6537: 6536,6655,6656,6418
6538: 6657,6420,6419,6539
6539: 6540,6658,6420,6421,6538
6540: 6658,6539,6421,6422,6541
6541: 6542,6660,6423,6540,6659
6542: 6541,6660,6661,6423,6424,6543
6543: 6544,6662,6425,6542,6661
6544: 6543,6662,6426,6545,6663
6545: 6664,6663,6544,6546
6546: 6547,6665,6428,6545,6664
6547: 6665,6666,6546,6428,6429,6548
6548: 6549,6667,6429,6430,6547,6666
6549: 6548,6667,6668,6431,6430,6550
6550: 6551,6669,6431,6432,6549,6668
6551: 6550,6669,6670,6432,6433,6552
6552: 6553,6671,6433,6434,6551,6670
6553: 6552,6671,6434,6435,6554,6672
6554: 6673,6672,6435,6553
6555: 6556,6674,6436,6437
6556: 6674,6675,6555,6437,6438,6557
6557: 6558,6676,6438,6439,6556,6675
6558: 6557,6676,6439,6440,6559
6559: 6678,6558,6677
6560: 6679,6441,6442,6561
6561: 6562,6442,6443,6560
6562: 6561,6443,6444,6563
6563: 6564,6445,6444,6562
6564: 6563,6445,6446,6565
6565: 6683,6446,6447,6564,6566
6566: 6567,6684,6447,6448,6565
6567: 6566,6685,6448,6449
6568: 6569,6687,6686,6450
6569: 6568,6687,6450,6451,6570,6688
6570: 6571,6688,6689,6452,6451,6569
6571: 6570,6689,6452,6453,6572,6690
6572: 6690,6691,6453,6454,6571,6573
6573: 6574,6692,6454,6455,6572,6691
6574: 6693,6692,6573,6455,6456,6575
6575: 6576,6694,6456,6457,6693,6574
6576: 6575,6694,6457,6458,6577
6577: 6696,6576,6695
6578: 6696,6579,6697
6579: 6698,6580,6461,6460,6578
6580: 6579,6698,6461,6462,6581,6699
6581: 6699,6700,6462,6463,6580,6582
6582: 6583,6701,6463,6464,6581,6700
6583: 6582,6701,6702,6464,6465,6584
6584: 6585,6703,6465,6466,6583,6702
6585: 6584,6703,6466,6467
6586: 6587,6705,6467,6468
6587: 6586,6705,6468,6469,6588,6706
6588: 6706,6707,6469,6470,6587,6589
6589: 6590,6708,6470,6471,6588,6707
6590: 6709,6708,6589,6472,6471
6591: 6592,6710,6472,6473,6709
6592: 6591,6710,6473,6474,6593,6711
6593: 6594,6712,6711,6475,6474,6592
6594: 6593,6712,6475,6476,6595,6713
6595: 6596,6713,6714,6476,6477,6594
6596: 6595,6714,6477,6478,6597,6715
6597: 6715,6716,6478,6479,6596,6598
6598: 6599,6717,6479,6480,6597,6716
6599: 6598,6717,6718,6480,6481,6600
6600: 6601,6719,6481,6482,6599,6718
6601: 6600,6719,6482,6720
6602: 6603,6720,6721,6483,6484
6603: 6602,6721,6484,6485,6604,6722
6604: 6723,6722,6605,6486,6485,6603
6605: 6604,6723,6486,6606,6724
6606: 6724,6725,6488,6605,12904
6607: 6608,6727,12904,6725,6844,6845
6608: 6607,6727,12904,6490
6609: 
6610: 6728,6492
12354: 12353
10758: 10857
6613: 6731,6732,6495,6494,6614
6614: 6615,6495,6496,6613,6732
6615: 6614,6734,6496,6616
6616: 6735,6498,6615,6734
11318: 
10951: 
6619: 6620
6620: 6619
12568: 
6622: 
12936: 
6624: 12972,6742
6625: 12972
11011: 10916,10917,11012,11010,11104,11105
6627: 6509,6628,6746
6628: 6509,6510,6627,6629,6746
6629: 6511,6510,6628
10874: 10968,10969,10777,10875
6631: 6513,6749
10756: 10757,10855,10657
12015: 11939,12016,12088,12089
6634: 6515
6635: 6636,6517
6636: 6517,6635,6518,6637,6755
6637: 6518,6636,6638,6755,6756
6638: 6520,6639,6637,6756,6757
6639: 6520,6521,6638,6640,6757
6640: 6522,6521,6639,6759
11674: 11588,11675
6642: 6643,6523,6761,6760
6643: 6642,6525,6644,6761,6762
6644: 6525,6526,6643,6645,6762,6763
6645: 6527,6646,6526,6644,6763,6764
6646: 6527,6528,6645,6647,6764,6765
6647: 6529,6648,6528,6646,6765,6766
6648: 6529,6530,6647,6649,6766,6767
6649: 6531,6650,6530,6648,6767,6768
6650: 6531,6649,6532,6651,6768,6769
6651: 6652,6533,6650,6532,6769,6770
6652: 6533,6651,6534,6653,6770,6771
6653: 6534,6535,6654,6652,6771,6772
6654: 6535,6653,6536,6655,6772,6773
6655: 6536,6537,6656,6654,6773,6774
6656: 6537,6655,6657,6774,6775
6657: 6538,6656,6775
6658: 6540,6659,6539
6659: 6658,6541,6660,6778
6660: 6541,6542,6661,6659,6778,6779
6661: 6542,6660,6543,6662,6779,6780
6662: 6543,6544,6661,6663,6780,6781
6663: 6545,6544,6662,6781,6782
6664: 6545,6665,6546,6782,6783
6665: 6547,6666,6546,6664,6783
6666: 6547,6665,6548,6667,6785
6667: 6548,6549,6668,6666,6785,6786
6668: 6549,6667,6550,6669,6786,6787
6669: 6550,6551,6670,6668,6787,6788
6670: 6551,6669,6552,6671,6788,6789
6671: 6552,6553,6670,6672,6789,6790
6672: 6554,6673,6553,6671,6790,6791
6673: 6554,6672,6791,6792
6674: 6556,6675,6555,6792
6675: 6556,6674,6557,6676
6676: 6557,6558,6677,6675
6677: 6676,6559,6678,6795,6796
6678: 6559,6679,6677,6796,6797
6679: 6560,6678,6680,6797,6798
6680: 6681,6679,6798,6799
6681: 6680,6799,6800
11426: 11427,11338
6683: 6565,6684,6802,6801
6684: 6566,6685,6683,6802,6803
6685: 6567,6684,6686,6803,6804
6686: 6568,6687,6685,6804,6805
6687: 6568,6569,6686,6688,6805,6806
6688: 6570,6689,6569,6687,6806,6807
6689: 6570,6571,6688,6690,6807,6808
6690: 6572,6691,6571,6689,6808,6809
6691: 6572,6690,6692,6573,6809,6810
6692: 6693,6574,6573,6691,6810,6811
6693: 6574,6692,6575,6694,6811,6812
6694: 6575,6576,6695,6693,6812
6695: 6694,6577,6813,6814
6696: 6577,6578,6697,6814,6815
6697: 6698,6578,6696,6815,6816
6698: 6579,6697,6580,6699
6699: 6581,6700,6698,6580
6700: 6581,6699,6582,6701,6819
6701: 6582,6583,6702,6700,6819,6820
6702: 6583,6701,6584,6703,6820
6703: 6584,6585,6702
12630: 
6705: 6586,6587,6706
6706: 6588,6707,6587,6705,6825
6707: 6588,6706,6708,6589,6825,6826
6708: 6709,6590,6589,6707,6826,6827
6709: 6590,6708,6591,6827,6828
6710: 6591,6592,6711,6828,6829
6711: 6593,6712,6592,6710,6829
6712: 6593,6594,6711,6713,6831
6713: 6595,6714,6594,6712,6831,6832
6714: 6595,6596,6713,6715,6832,6833
6715: 6597,6716,6596,6714,6833,6834
6716: 6597,6715,6598,6717,6834,6835
6717: 6598,6599,6718,6716,6835,6836
6718: 6599,6717,6600,6719,6836,6837
6719: 6600,6601,6718,6837,6838
6720: 6602,6721,6601,6839
6721: 6602,6603,6720,6722,6839,6840
6722: 6604,6723,6603,6721,6840,6841
6723: 6604,6722,6605,6724,6841,6842
6724: 6606,6725,6723,6605,6842,6843
6725: 6606,6724,6607,12904,6843,6844
11640: 11639,11723,11554,11641
6727: 6607,6608,6728,6845
6728: 6610,6727,6847
12877: 8734,8847,8849
6730: 6731,6849
6731: 6613,6732,6730,6849,6850
6732: 6613,6731,6614,6850
12882: 8959,8847,8958
6734: 6615,6616,6735
6735: 6616,6736,6734
6736: 6735
12903: 9730,9731,9623
6738: 
11222: 11129,11221,11314
6740: 
12409: 12468
6742: 6624,6861
10288: 10289,10390,10184,10185,10287
10229: 10230,10125,10228,10124,10332,10333
11681: 11598,11682,11762
6746: 6865,6627,6628,12969
6747: 
10884: 10979,10978,10883
6749: 6867,6631
10490: 10590,10388,10389
6751: 
11100: 11099,11192,11006,11007,11101,11193
11470: 11469,11382,11471
10667: 10668,10765,10567
6755: 6756,6874,6636,6637
6756: 6755,6874,6637,6638,6757,6875
6757: 6875,6638,6639,6756
11635: 11634,11718,11719
6759: 6878,6877,6640,6760
6760: 6761,6879,6642,6759,6878
6761: 6879,6880,6760,6642,6643,6762
6762: 6763,6881,6643,6644,6761,6880
6763: 6762,6881,6882,6644,6645,6764
6764: 6765,6646,6645,6763,6882
6765: 6764,6646,6647,6766
6766: 6767,6884,6885,6647,6648,6765
6767: 6766,6885,6648,6649,6768,6886
6768: 6886,6887,6649,6650,6767,6769
6769: 6770,6888,6650,6651,6768,6887
6770: 6769,6888,6889,6652,6651,6771
6771: 6772,6890,6652,6653,6770,6889
6772: 6771,6890,6891,6653,6654,6773
6773: 6774,6892,6654,6655,6772,6891
6774: 6773,6892,6893,6655,6656,6775
6775: 6894,6656,6657,6774,6893
12759: 12946,12758,12785
11922: 11998,11997,11921
6778: 6779,6897,6659,6660,6896
6779: 6778,6897,6898,6660,6661,6780
6780: 6781,6899,6661,6662,6779,6898
6781: 6780,6899,6662,6663,6782,6900
6782: 6783,6900,6901,6664,6663,6781
6783: 6782,6901,6664,6665,6902
12530: 12531,12582,12857,12474,12475
6785: 6786,6904,6666,6667,6903
6786: 6785,6904,6905,6667,6668,6787
6787: 6788,6906,6668,6669,6786,6905
6788: 6787,6906,6907,6669,6670,6789
6789: 6790,6908,6670,6671,6788,6907
6790: 6789,6908,6909,6671,6672,6791
6791: 6910,6673,6672,6790,6909
6792: 6793,6673,6674,6910
6793: 6911,6912,6792,6794
6794: 6795,6913,6793,6912
6795: 6794,6913,6914,6677,6796
6796: 6797,6915,6677,6678,6795,6914
6797: 6796,6915,6916,6678,6679,6798
6798: 6799,6917,6679,6680,6797,6916
6799: 6798,6917,6918,6680,6681,6800
6800: 6919,6681,6799,6918
6801: 6802,6920,6683,6919
6802: 6920,6801,6683,6684,6803,6921
6803: 6804,6922,6921,6685,6684,6802
6804: 6803,6922,6685,6686,6805,6923
6805: 6806,6924,6923,6687,6686,6804
6806: 6805,6924,6687,6688,6807,6925
6807: 6808,6925,6926,6688,6689,6806
6808: 6807,6926,6689,6690,6809,6927
6809: 6927,6928,6690,6691,6808,6810
6810: 6811,6929,6691,6692,6809,6928
6811: 6810,6929,6930,6693,6692,6812
6812: 6813,6693,6694,6811
6813: 6812,6931,6695,6814,6932
6814: 6815,6932,6695,6696,6813
6815: 6814,6933,6696,6697,6816,6934
6816: 6817,6934,6935,6697,6815
6817: 6816,6935,6818,6936
6818: 6936,6937,6819,6817
6819: 6818,6700,6701,6820,6938
6820: 6938,6701,6702,6819
12799: 12798,12772,12883
6822: 6941,6940,6823
6823: 6942,6941,6822
12197: 12125,12126,12265,12266
6825: 6943,6944,6706,6707,6826
6826: 6827,6945,6707,6708,6825,6944
6827: 6826,6945,6946,6709,6708,6828
6828: 6709,6710,6827,6946
6829: 6710,6711,6948
6830: 
6831: 6949,6712,6713,6832,6950
6832: 6833,6950,6951,6713,6714,6831
6833: 6832,6951,6714,6715,6834,6952
6834: 6952,6953,6835,6715,6716,6833
6835: 6834,6953,6716,6717,6836,6954
6836: 6955,6954,6717,6718,6835,6837
6837: 6838,6956,6718,6719,6955,6836
6838: 6837,6956,6957,6719
6839: 6840,6958,6720,6721
6840: 6839,6959,6721,6722,6841
6841: 6842,6960,6723,6722,6840
6842: 6841,6723,6724,6843
6843: 6724,6725,6842,6844
6844: 6845,6725,6607,6843
6845: 6844,6607,6727
12964: 2336,2438,2236,2337,2439
6847: 6965,6728
12950: 4723,4724,4608,4493,4607,4609
6849: 6967,6730,6731,6850
6850: 6969,6731,6732,6849
11310: 11400,11219,11218
11437: 12913,11438
11107: 11106,11199,11200,11013,11014
11163: 11071,11162,11070,11254
11164: 11072,11165,11256
11808: 11809,11887,11888,11726,11807
6857: 6858,6975
6858: 6857
11218: 11126,11219,11125,11217,11310
11659: 11660,11574,12927,11658
6861: 6742,6980
6862: 
6863: 12969,6864,6981
6864: 12969,6863,6865
6865: 6746,6864
11753: 12962,11835
6867: 6749
12509: 12450,12451,12508,12565
10819: 10720,10721,10820,10818,10916,10917
12041: 11965,11966,12042,12114,12115
12514: 12515,12455
6872: 6990,6991
6873: 
6874: 6755,6756,6875
6875: 6757,6756,6874,6994
11566: 11480,11567,11479,11651,11652
6877: 6759,6878,6996,6997
6878: 6759,6877,6879,6760,6997,6998
6879: 6761,6880,6760,6878,6998
6880: 6761,6879,6762,6881
6881: 6762,6763,6882,6880
6882: 6763,6881,6764
10329: 10330,10431,10432,10328
6884: 6766,6885,7003
6885: 6766,6767,6884,6886,7004
6886: 6768,6887,6767,6885,7005
6887: 6768,6886,6769,6888,7005,7006
6888: 6769,6770,6889,6887,7006,7007
6889: 6770,6888,6771,6890,7007,7008
6890: 6771,6772,6891,6889,7008,7009
6891: 6772,6890,6773,6892,7009,7010
6892: 6773,6774,6893,6891,7010,7011
6893: 6774,6892,6775,6894,7011
6894: 6775,6893
6895: 6896,7014,7013
6896: 6895,6778,6897,7014,7015
6897: 6778,6779,6898,6896,7015,7016
6898: 6779,6897,6780,6899,7016,7017
6899: 6780,6781,6898,6900,7017,7018
6900: 6782,6901,6781,6899,7018,7019
6901: 6782,6783,6900,6902,7019,7020
6902: 6903,6783,6901,7020,7021
6903: 6902,6785,6904,7021,7022
6904: 6785,6786,6905,6903,7022,7023
6905: 6786,6904,6787,6906,7023,7024
6906: 6787,6788,6907,6905,7024,7025
6907: 6788,6906,6789,6908,7025,7026
6908: 6789,6790,6909,6907,7026,7027
6909: 6790,6908,6791,7027,7028
6910: 6791,6911,6792,7028
6911: 6793,6912,6910,7030,7029
6912: 6793,6911,6794,6913,7030,7031
6913: 6794,6795,6914,6912,7031,7032
6914: 6795,6913,6796,6915,7032,7033
6915: 6796,6797,6916,6914,7033,7034
6916: 6797,6915,6798,6917,7034,7035
6917: 6798,6799,6918,6916,7035,7036
6918: 6799,6917,6800,7036,7037
6919: 6800,6801
6920: 6802,6801,6921,7039,7038
6921: 6803,6922,6802,6920,7039,7040
6922: 6803,6804,6921,6923,7040,7041
6923: 6805,6924,6804,6922,7041,7042
6924: 6805,6806,6923,6925,7042,7043
6925: 6807,6926,6806,6924,7043,7044
6926: 6807,6808,6925,6927,7044,7045
6927: 6809,6928,6808,6926,7045,7046
6928: 6809,6927,6810,6929,7046,7047
6929: 6810,6811,6930,6928,7047,7048
6930: 6811,6929,6931,7048,7049
6931: 6813,6930,7049,7050
6932: 6814,6933,6813,7050,7051
6933: 6815,6932,6934,7051,7052
6934: 6816,6935,6815,6933,7052,7053
6935: 6816,6817,6934,6936,7053,7054
6936: 6818,6937,6817,6935,7054,7055
6937: 6818,6936,6938,7055,7056
6938: 6820,6937,6819
6939: 6940,7057,7058
6940: 6941,6822,6939,7058,7059
6941: 6822,6940,6823,6942,7059
6942: 6823,6941,7061
6943: 6825,6944,7062,7061
6944: 6825,6943,6826,6945,7062,7063
6945: 6826,6827,6946,6944,7063,7064
6946: 6827,6945,6828,7064
12751: 12896
6948: 6949,6829,7066,7067
6949: 6831,6948,6950,7067,7068
6950: 6832,6951,6831,6949,7068,7069
6951: 6832,6833,6950,6952,7069,7070
6952: 6834,6953,6833,6951,7070,7071
6953: 6834,6952,6835,6954,7071,7072
6954: 6955,6836,6953,6835,7072,7073
6955: 6836,6954,6837,6956,7073,7074
6956: 6837,6838,6957,6955,7074,7075
6957: 6838,6956,6958,7075
6958: 6839,6959,6957
6959: 6840,6958,6960,7077
6960: 6841,6959,7078
12727: 12688,12689
6962: 
10817: 10719,10818,10718,10816,10914,10915
10212: 10107,10211,10108,10213
6965: 6847
11489: 11576,11575,11400,11488
6967: 6849,7086
12243: 12244,12174,12242
6969: 6850,7087,7088
12341: 
12284: 12349
11401: 
6973: 12975,7091,7092
12036: 12110
6975: 6857,7093
10792: 10694,10693,10791,10889,10890
10619: 10519,10620,10518,10618,10718,10719
6978: 7096
10137: 
6980: 6981,6861
6981: 6980,6863
10733: 10734,10832,10633,10634,10732
11518: 11519,11604
6984: 7102,6985
6985: 6984
10808: 10710,10709,10807,10905,10906
6987: 7106,12830,6988
6988: 7107,6987,7106
11785: 11786,11864,11703,11704
6990: 6991,7109,6872,7108
6991: 6990,7109,7110,6872
6992: 
6993: 
6994: 7113,6875,7112
12951: 2495,2394,2292,2293,2494,2392
6996: 6997,7114,7115,6877
6997: 6996,7115,6878,6877,6998,7116
6998: 7116,6878,6879,6997
10404: 10301,10403,10302,10405,10505,10506
7000: 7119,7118,7001
7001: 7002,7120,7119,7000
7002: 7001,7120,7003,7121
7003: 7004,7121,7122,6884,7002
7004: 7003,7122,6885,7005,7123
7005: 7123,7124,6886,6887,7004
7006: 7007,7125,6887,6888,7124
7007: 7006,7125,7126,6888,6889,7008
7008: 7009,7127,6889,6890,7007,7126
7009: 7008,7127,7128,6890,6891,7010
7010: 7011,7129,6891,6892,7009,7128
7011: 7010,7129,7130,6892,6893
12658: 12701,12702,12611,12610
7013: 7014,7132,6895,7131
7014: 7132,7133,7013,6896,6895,7015
7015: 7016,7134,6896,6897,7014,7133
7016: 7015,7134,6897,6898,7017,7135
7017: 7018,7136,7135,6898,6899,7016
7018: 7017,7136,6899,6900,7019,7137
7019: 7020,7137,7138,6900,6901,7018
7020: 7019,7138,6901,6902,7021,7139
7021: 7139,7140,7022,6903,6902,7020
7022: 7021,7140,6903,6904,7023,7141
7023: 7142,7141,6904,6905,7022,7024
7024: 7025,7143,6905,6906,7142,7023
7025: 7024,7143,7144,6906,6907,7026
7026: 7027,7145,6907,6908,7025,7144
7027: 7026,7145,6908,6909
7028: 6909,6910,7029
7029: 7030,7148,6911,7028,7147
7030: 7148,7149,7029,6911,6912,7031
7031: 7032,7150,6912,6913,7030,7149
7032: 7031,7150,7151,6913,6914,7033
7033: 7034,7152,6914,6915,7032,7151
7034: 7033,7152,7153,6915,6916,7035
7035: 7036,7154,6916,6917,7034,7153
7036: 7035,7154,6917,6918,7037,7155
7037: 7155,6918,7036
7038: 7039,7157,6920
7039: 7157,7038,6920,6921,7040,7158
7040: 7041,7159,7158,6922,6921,7039
7041: 7040,7159,6922,6923,7042,7160
7042: 7043,7161,7160,6924,6923,7041
7043: 7042,7161,6924,6925,7044,7162
7044: 7045,7162,7163,6925,6926,7043
7045: 7044,7163,6926,6927,7046,7164
7046: 7164,7165,6927,6928,7045,7047
7047: 7048,7166,6928,6929,7046,7165
7048: 7047,7166,7167,6929,6930,7049
7049: 7050,7168,6930,6931,7048,7167
7050: 7049,7168,7169,6931,6932,7051
7051: 7170,6933,6932,7050,7169
7052: 7170,6933,6934,7053,7171
7053: 7054,7171,7172,6934,6935,7052
7054: 7053,7172,6935,6936,7055,7173
7055: 7173,7174,6936,6937,7054,7056
7056: 7057,7175,6937,7055,7174
7057: 7056,7175,7176,6939,7058
7058: 7059,7177,6939,6940,7057,7176
7059: 7058,7177,7178,6941,6940
12609: 12558,12610
7061: 7062,6942,6943
7062: 7181,7061,6943,6944,7063
7063: 7064,7182,6944,6945,7062,7181
7064: 7063,7182,6945,6946,7065
7065: 7184,7064,7183
7066: 7184,6948,7067,7185
7067: 7068,7186,7185,6949,6948,7066
7068: 7067,7186,6949,6950,7069,7187
7069: 7070,7187,7188,6950,6951,7068
7070: 7069,7188,6951,6952,7071,7189
7071: 7189,7190,7072,6952,6953,7070
7072: 7071,7190,6953,6954,7073,7191
7073: 7192,7191,6955,6954,7072,7074
7074: 7075,7193,6955,6956,7192,7073
7075: 7074,7193,6956,6957
10299: 10195,10196,10300
7077: 7195,6959,7078,7196
7078: 7079,7196,7197,6960,7077
7079: 7078,7197,7080,7198
7080: 7198,7079,7081
7081: 7082,7200,7080
7082: 7201,7200,7081
11131: 11132,11224
11036: 11035,10941,11129
10557: 10657
7086: 7204,6967,7087
7087: 7088,6969,7086
7088: 7087,6969
10678: 10777,10578,10579,10679
10281: 10383,10384,10282,10178,10280
7091: 7209,6973
7092: 7093,6973
7093: 7092,6975
11998: 11922,12072,11997,11999
11786: 11785,11704,11705
7096: 6978
7097: 
10891: 10892,10986,10794,10890,10985
7099: 
7100: 
12743: 
7102: 6984
10387: 10284,10285,10388,10488
11764: 11683,11682,11765
11458: 
7106: 6987,12830,6988,7107
7107: 6988,7108,7106
7108: 7107,6990,7109,7227
7109: 6990,6991,7110,7108,7227
7110: 6991,7109,7111,7229
7111: 7112,7110,7230
7112: 7111,6994,7113,7230,7231
7113: 6994,7112,7231,7232
7114: 6996,7115,7232,7233,7351
7115: 6996,6997,7114,7116,7233,7234
7116: 6998,7117,6997,7115,7234
7117: 7116,7118,7236
7118: 7119,7000,7117,7236
7119: 7000,7118,7001,7120,7238
7120: 7001,7002,7119,7121,7238,7239
7121: 7003,7122,7002,7120,7239,7240
7122: 7003,7004,7121,7123,7240,7241
7123: 7005,7124,7004,7122,7241,7242
7124: 7005,7123,7006,7242,7243
7125: 7006,7007,7126,7243,7244
7126: 7007,7125,7008,7127,7244,7245
7127: 7008,7009,7128,7126,7245,7246
7128: 7009,7127,7010,7129,7246,7247
7129: 7010,7011,7130,7128,7247,7248
7130: 7011,7129,7248
7131: 7132,7013,7250
7132: 7014,7133,7013,7131,7251,7250
7133: 7014,7132,7015,7134,7251,7252
7134: 7015,7016,7133,7135,7252,7253
7135: 7017,7136,7016,7134,7253,7254
7136: 7017,7018,7135,7137,7254,7255
7137: 7019,7138,7018,7136,7255,7256
7138: 7019,7020,7137,7139,7256,7257
7139: 7021,7140,7020,7138,7257,7258
7140: 7021,7139,7022,7141,7258,7259
7141: 7142,7023,7140,7022,7259,7260
7142: 7023,7141,7024,7143,7260,7261
7143: 7024,7025,7144,7142,7261,7262
7144: 7025,7143,7026,7145,7262
7145: 7026,7027,7144,7263
12688: 12644,12687,12689,12946,12727
7147: 7148,7029,7265,7266
7148: 7030,7149,7029,7147,7267,7266
7149: 7030,7148,7031,7150,7267,7268
7150: 7031,7032,7151,7149,7268,7269
7151: 7032,7150,7033,7152,7269,7270
7152: 7033,7034,7153,7151,7270,7271
7153: 7034,7152,7035,7154,7271,7272
7154: 7035,7036,7153,7155,7272,7273
7155: 7037,7036,7154,7273,7274
12836: 11312,11403
7157: 7039,7038,7158,7276
7158: 7040,7159,7039,7157,7277
7159: 7040,7041,7158,7160,7278
7160: 7042,7161,7041,7159,7279
7161: 7042,7043,7160,7162,7279,7280
7162: 7044,7163,7043,7161,7280,7281
7163: 7044,7045,7162,7164,7281,7282
7164: 7046,7165,7045,7163,7282,7283
7165: 7046,7164,7047,7166,7283,7284
7166: 7047,7048,7167,7165,7284,7285
7167: 7048,7166,7049,7168,7285,7286
7168: 7049,7050,7169,7167,7286,7287
7169: 7050,7168,7051,7170,7287,7288
7170: 7051,7052,7169,7288,7289
7171: 7053,7172,7052,7289,7290
7172: 7053,7054,7171,7173,7290,7291
7173: 7055,7174,7054,7172,7291,7292
7174: 7055,7173,7056,7175,7292,7293
7175: 7056,7057,7176,7174,7293,7294
7176: 7057,7175,7058,7177,7294,7295
7177: 7058,7059,7178,7176,7295,7296
7178: 7059,7177,7179,7296,7297
7179: 7178,7297,7298
12233: 12299,12300,12232,12164,12165
7181: 7062,7063,7182
7182: 7063,7064,7183,7181
7183: 7182,7065,7301,7302
7184: 7065,7066,7185,7302,7303
7185: 7067,7186,7066,7184,7303,7304
7186: 7067,7068,7185,7187,7305
7187: 7069,7188,7068,7186,7305,7306
7188: 7069,7070,7187,7189,7306,7307
7189: 7071,7190,7070,7188,7307,7308
7190: 7071,7189,7072,7191,7308,7309
7191: 7192,7073,7190,7072,7309,7310
7192: 7073,7191,7074,7193,7310
7193: 7074,7075,7192,7311
7194: 7195,7312,7313
7195: 7077,7194,7196,7313,7314
7196: 7078,7197,7195,7077,7314,7315
7197: 7078,7079,7196,7198,7315
7198: 7080,7079,7197,7317
12945: 1450,1539,1538
7200: 7201,7082,7081,7319
7201: 7082,7200,7319,7320
7202: 7203,7320
7203: 7204,7202,7322
7204: 7086,7203,7322,7323
11320: 11321,11411,11228,11410
10444: 10341,10342,10445,10546
10714: 10713,10812,10614,10615,10715,10813
12706: 12744,12745
7209: 7091,7210
7210: 7209,7329
10925: 10926,10827,10828,10924,11019
11876: 11875,11797,11877,11953
12038: 12886,11884,11885,11963
10394: 10395,10393,10495,10496
12625: 12672
11272: 11363,11180,11181,11271,11362
10215: 10110,10111,10216,10318,10319
7218: 7337
10214: 10109,10213,10110,10318
10538: 10539,10436,10437,10537
7221: 
11538: 11451,11452,11539,11624
7223: 7342,7341,12830
10450: 
7225: 
10195: 10091,10196,10090,10194,10298,10299
7227: 7346,7108,7109,7345
10420: 10317,10419,10421,10521,10522
7229: 7230,7110,7347
7230: 7229,7349,7111,7112,7231
7231: 7232,7112,7113,7230,7349
7232: 7231,7350,7113,7114,7351
7233: 7352,7351,7114,7115,7234
7234: 7353,7115,7116,7233,7352
7235: 
7236: 7355,7117,7118,7354
10397: 10396,10398,10498,10499
7238: 7239,7357,7119,7120,7356
7239: 7238,7357,7120,7121,7240,7358
7240: 7241,7358,7359,7121,7122,7239
7241: 7240,7359,7122,7123,7242,7360
7242: 7360,7361,7243,7123,7124,7241
7243: 7242,7361,7124,7125,7362
7244: 7363,7362,7125,7126,7245
7245: 7246,7364,7126,7127,7363,7244
7246: 7245,7364,7365,7127,7128,7247
7247: 7248,7366,7128,7129,7246,7365
7248: 7247,7366,7367,7129,7130
7249: 7368,7367,7250
7250: 7251,7369,7131,7132,7249,7368
7251: 7369,7370,7250,7132,7133,7252
7252: 7253,7371,7133,7134,7251,7370
7253: 7252,7371,7134,7135,7254,7372
7254: 7255,7373,7372,7136,7135,7253
7255: 7254,7373,7136,7137,7256,7374
7256: 7257,7374,7375,7137,7138,7255
7257: 7256,7375,7138,7139,7258,7376
7258: 7376,7377,7259,7139,7140,7257
7259: 7258,7377,7140,7141,7260,7378
7260: 7379,7378,7142,7141,7259,7261
7261: 7262,7380,7142,7143,7379,7260
7262: 7261,7380,7381,7143,7144
7263: 7264,7382,7145,7381
7264: 7263,7382,7265,7383
7265: 7384,7383,7147,7264,7266
7266: 7267,7385,7147,7148,7265,7384
7267: 7385,7386,7266,7148,7149,7268
7268: 7269,7387,7149,7150,7267,7386
7269: 7268,7387,7388,7150,7151,7270
7270: 7271,7389,7151,7152,7269,7388
7271: 7270,7389,7390,7152,7153,7272
7272: 7273,7391,7153,7154,7271,7390
7273: 7272,7391,7154,7155,7274,7392
7274: 7393,7392,7155,7273
7275: 7276,7394,7393
7276: 7395,7275,7157,7277
7277: 7278,7396,7158,7276,7395
7278: 7277,7396,7397,7159
7279: 7280,7398,7161,7160
7280: 7279,7398,7161,7162,7281,7399
7281: 7282,7399,7400,7162,7163,7280
7282: 7281,7400,7163,7164,7283,7401
7283: 7401,7402,7164,7165,7282,7284
7284: 7285,7403,7165,7166,7283,7402
7285: 7284,7403,7404,7166,7167,7286
7286: 7287,7405,7167,7168,7285,7404
7287: 7286,7405,7406,7168,7169,7288
7288: 7289,7407,7169,7170,7287,7406
7289: 7288,7407,7170,7171,7408
7290: 7291,7408,7409,7171,7172
7291: 7290,7409,7172,7173,7292,7410
7292: 7410,7411,7173,7174,7291,7293
7293: 7294,7412,7174,7175,7292,7411
7294: 7293,7412,7413,7175,7176,7295
7295: 7296,7414,7176,7177,7294,7413
7296: 7295,7414,7415,7177,7178,7297
7297: 7298,7416,7178,7179,7296,7415
7298: 7297,7416,7179,7299,7417
7299: 7417,7418,7298
12429: 12367,12430
7301: 7420,7419,7183,7302
7302: 7303,7421,7183,7184,7301
7303: 7302,7421,7422,7184,7185,7304
7304: 7305,7423,7185,7303,7422
7305: 7304,7186,7187,7306
7306: 7307,7187,7188,7305
7307: 7306,7425,7188,7189,7308
7308: 7426,7309,7189,7190,7307
7309: 7308,7427,7190,7191,7310
7310: 7428,7192,7191,7309
7311: 7312,7430,7429,7193
7312: 7311,7430,7194,7313,7431
7313: 7314,7431,7432,7195,7194,7312
7314: 7313,7432,7195,7196,7315,7433
7315: 7433,7434,7196,7197,7314
7316: 
7317: 7435,7436,7198
7318: 
7319: 7201,7200
7320: 7201,7202
10952: 
7322: 7323,7440,7204,7203
7323: 7322,7204
7324: 
12898: 12987,4384,4500
7326: 
7327: 12916,7446,7445
11533: 11447,11532,11618,11619
7329: 7447,7210,7446
11905: 11826,11904
10491: 10591,10390,10592
7332: 7450
12003: 11928
10158: 
7335: 7453
12873: 7344
7337: 7218,7455
12886: 12038,11963,12039,12111,12112
12322: 
11460: 
7341: 7342,7223
7342: 7223,7341,7459
7343: 
7344: 12986,12873,7462
7345: 12986,7227,7346,7462,7463
7346: 7227,7347,7345,7463,7464
7347: 7346,7229,7464,7465
10189: 10084,10188,10085,10190,10292,10293
7349: 7230,7231,12929,7466
7350: 7232,12929,7351,7467,7468
7351: 7233,7352,7114,7232,7350,7468
7352: 7233,7351,7353,7234,7469,7470
7353: 7354,7234,7352,7471,7470
7354: 7353,7236,7355,7471,7472
7355: 7236,7356,7354,7472,7473
7356: 7355,7238,7357,7473,7474
7357: 7238,7239,7356,7358,7474,7475
7358: 7240,7359,7239,7357,7475,7476
7359: 7240,7241,7358,7360,7476,7477
7360: 7242,7361,7241,7359,7477,7478
7361: 7242,7360,7243,7362,7478,7479
7362: 7363,7244,7361,7243,7479,7480
7363: 7244,7362,7245,7364,7480,7481
7364: 7245,7246,7365,7363,7481,7482
7365: 7246,7364,7247,7366,7482,7483
7366: 7247,7248,7367,7365,7483,7484
7367: 7248,7366,7249,7484
7368: 7249,7369,7250,7486
7369: 7251,7370,7250,7368,7487,7486
7370: 7251,7369,7252,7371,7487,7488
7371: 7252,7253,7370,7372,7488,7489
7372: 7254,7373,7253,7371,7489,7490
7373: 7254,7255,7372,7374,7490,7491
7374: 7256,7375,7255,7373,7491,7492
7375: 7256,7257,7374,7376,7492,7493
7376: 7258,7377,7257,7375,7493,7494
7377: 7258,7376,7259,7378,7494,7495
7378: 7379,7260,7377,7259,7495,7496
7379: 7260,7378,7261,7380,7496,7497
7380: 7261,7262,7381,7379,7497,7498
7381: 7262,7380,7263,7498
7382: 7263,7264,7383,7500
7383: 7265,7384,7264,7382,7500,7501
7384: 7265,7383,7385,7266,7501,7502
7385: 7267,7386,7266,7384,7503,7502
7386: 7267,7385,7268,7387,7503,7504
7387: 7268,7269,7388,7386,7504,7505
7388: 7269,7387,7270,7389,7505,7506
7389: 7270,7271,7390,7388,7506,7507
7390: 7271,7389,7272,7391,7507,7508
7391: 7272,7273,7390,7392,7508,7509
7392: 7274,7393,7273,7391,7509,7510
7393: 7274,7392,7275,7510,7511
7394: 7395,7275,7511,7512
7395: 7276,7394,7277,7396,7513
7396: 7277,7278,7397,7395,7513,7514
7397: 7278,7396,7514,7515
7398: 7279,7280,7399,7516
7399: 7281,7400,7280,7398,7516,7517
7400: 7281,7282,7399,7401,7517,7518
7401: 7283,7402,7282,7400,7518,7519
7402: 7283,7401,7284,7403,7519,7520
7403: 7284,7285,7404,7402,7521,7520
7404: 7285,7403,7286,7405,7521,7522
7405: 7286,7287,7406,7404,7522,7523
7406: 7287,7405,7288,7407,7523,7524
7407: 7288,7289,7406,7408,7524,7525
7408: 7290,7289,7407,7525
7409: 7290,7291,7410,7526,7527
7410: 7292,7411,7291,7409,7528,7527
7411: 7292,7410,7293,7412,7528,7529
7412: 7293,7294,7413,7411,7529,7530
7413: 7294,7412,7295,7414,7530,7531
7414: 7295,7296,7415,7413,7531,7532
7415: 7296,7414,7297,7416,7532,7533
7416: 7297,7298,7415,7417,7533,7534
7417: 7299,7418,7298,7416,7534,7535
7418: 7299,7417,7535,7536
7419: 7420,7301,7536,7537
7420: 7301,7419,7421,7537,7538
7421: 7302,7303,7422,7420,7539
7422: 7303,7421,7304,7423,7539,7540
7423: 7304,7422,7540,7541
10497: 10498,10598,10395,10396,10496,10597
7425: 7307,7426,7543
7426: 7308,7427,7425,7544,7543
7427: 7426,7309,7428,7544,7545
7428: 7310,7427,7429,7545,7546
7429: 7311,7430,7428,7546,7547
7430: 7311,7312,7429,7431,7547,7548
7431: 7313,7432,7312,7430,7548,7549
7432: 7313,7314,7431,7433,7549,7550
7433: 7315,7434,7314,7432,7550,7551
7434: 7315,7433,7435,7551,7552
7435: 7317,7436,7434,7552,7553
7436: 7317,7435,7553
10994: 10899,10900,10995,11087,11088
12578: 
11124: 11125,11217,11030,11123,11216
7440: 7322,7558
10462: 10564,10360
11231: 11232,11322
7443: 7444
7444: 7445,7443,7561
7445: 7444,7327,12916
7446: 7327,12916,7329,7447,7564
7447: 7329,7446,7564,7565
11693: 11609,11610,11694
11370: 11371,11280,11279,11369,11459
7450: 7332
12762: 12788
12016: 12015,12089
7453: 7571,7335
10216: 10112,10217,10111,10215,10319,10320
7455: 7573,7337,7456
7456: 7574,7573,7455
10274: 12926,10273,10169,10171,10065
11626: 11709,11541,11627,11710
7459: 7342,7460
7460: 7459
10526: 10627,10626,10425,10424,10525,10527
7462: 7344,7345,7463
7463: 7464,7581,7345,7346,7462
7464: 7463,7581,7347,7346,7465
7465: 7466,7347,7464
7466: 7465,7583,7349,12929
7467: 7585,7584,7350,12929,7468
7468: 7469,7350,7351,7467
7469: 7587,7468,7352,7470
7470: 7471,7588,7352,7353,7469,7587
7471: 7588,7589,7470,7353,7354,7472
7472: 7473,7590,7354,7355,7471,7589
7473: 7472,7590,7591,7356,7355,7474
7474: 7475,7592,7356,7357,7473,7591
7475: 7474,7592,7357,7358,7476,7593
7476: 7477,7593,7594,7358,7359,7475
7477: 7476,7594,7359,7360,7478,7595
7478: 7595,7596,7360,7361,7477,7479
7479: 7480,7597,7361,7362,7478,7596
7480: 7479,7597,7598,7363,7362,7481
7481: 7482,7599,7363,7364,7480,7598
7482: 7481,7599,7600,7364,7365,7483
7483: 7484,7601,7365,7366,7482,7600
7484: 7483,7601,7366,7367
12744: 12706,12745
7486: 7487,7604,7368,7369
7487: 7604,7605,7486,7369,7370,7488
7488: 7489,7606,7370,7371,7487,7605
7489: 7488,7606,7371,7372,7490,7607
7490: 7491,7608,7607,7373,7372,7489
7491: 7490,7608,7373,7374,7492,7609
7492: 7493,7609,7610,7374,7375,7491
7493: 7492,7610,7375,7376,7494,7611
7494: 7611,7612,7495,7376,7377,7493
7495: 7494,7612,7377,7378,7496,7613
7496: 7614,7613,7379,7378,7495,7497
7497: 7498,7615,7379,7380,7614,7496
7498: 7497,7615,7380,7381
12893: 5430,5549,5666,5548,5667
7500: 7617,7382,7383,7501,7618
7501: 7619,7618,7384,7383,7500,7502
7502: 7503,7620,7384,7385,7501,7619
7503: 7620,7621,7502,7385,7386,7504
7504: 7505,7622,7386,7387,7503,7621
7505: 7504,7622,7623,7387,7388,7506
7506: 7507,7624,7388,7389,7505,7623
7507: 7506,7624,7625,7389,7390,7508
7508: 7509,7626,7390,7391,7507,7625
7509: 7508,7626,7391,7392,7510,7627
7510: 7511,7627,7628,7393,7392,7509
7511: 7510,7628,7393,7394,7629
7512: 7629,7630,7394,7513
7513: 7514,7395,7396,7512,7630
7514: 7513,7631,7396,7397,7515
7515: 7397,7514,7632
7516: 7398,7399,7517,7634
7517: 7518,7634,7635,7399,7400,7516
7518: 7517,7635,7400,7401,7519,7636
7519: 7636,7637,7401,7402,7518,7520
7520: 7521,7638,7402,7403,7519,7637
7521: 7639,7638,7520,7403,7404,7522
7522: 7523,7640,7404,7405,7639,7521
7523: 7522,7640,7641,7405,7406,7524
7524: 7525,7642,7406,7407,7523,7641
7525: 7524,7642,7407,7408,7643
7526: 7644,7643,7409,7527
7527: 7528,7645,7409,7410,7526,7644
7528: 7645,7646,7527,7410,7411,7529
7529: 7530,7647,7411,7412,7528,7646
7530: 7529,7647,7648,7412,7413,7531
7531: 7532,7649,7413,7414,7530,7648
7532: 7531,7649,7650,7414,7415,7533
7533: 7534,7651,7415,7416,7532,7650
7534: 7533,7651,7416,7417,7535,7652
7535: 7652,7653,7417,7418,7534
7536: 7537,7654,7418,7419,7653
7537: 7536,7654,7655,7420,7419,7538
7538: 7539,7656,7420,7537,7655
7539: 7538,7656,7421,7422,7540
7540: 7541,7422,7423,7539
7541: 7540,7658,7423
12637: 12636,12680,12954,12638
7543: 7544,7425,7426
7544: 7662,7543,7426,7427,7545
7545: 7546,7663,7427,7428,7544
7546: 7545,7428,7429,7547,7664
7547: 7548,7665,7664,7430,7429,7546
7548: 7547,7665,7430,7431,7549,7666
7549: 7550,7666,7667,7431,7432,7548
7550: 7549,7667,7432,7433,7551,7668
7551: 7552,7668,7433,7434,7550
7552: 7551,7434,7435,7553,7670
7553: 7670,7671,7435,7436,7552
10372: 10269,10371,10270,10373,10473
7555: 7672
7556: 7674
7557: 
7558: 7559,7440
7559: 7558
11352: 11262,11353,11261,11351,11440
7561: 7444
12105: 12106,12177,12031,12104,12176
7563: 7564,7681,12916
7564: 7563,7681,12916,7446,7447,7565
7565: 7683,7447,7564,7681
12979: 12195,12194,12263
12472: 12471,12413
11779: 11780,11778,11858
10801: 10703,10802,10702,10800,10899,10898
10298: 10297,10400,10194,10195
7571: 7453,12915,7689
12373: 
7573: 7455,12915,7456,7574
7574: 7456,7575,7573
7575: 7574
10987: 10892,10986,10893,10988,11080
7577: 
10169: 10065,10274,10273
7579: 7696
7580: 
7581: 7463,7464
11798: 11797,11877,11716,11717,11799
7583: 7466,7584,7700
7584: 7467,7585,7583,7702
7585: 7467,7584,7702,7703
7586: 
7587: 7469,7588,7470,7704,7705
7588: 7471,7589,7470,7587,7706,7705
7589: 7471,7588,7472,7590,7706,7707
7590: 7472,7473,7591,7589,7707,7708
7591: 7473,7590,7474,7592,7708
7592: 7474,7475,7591,7593,7710
7593: 7476,7594,7475,7592,7710,7711
7594: 7476,7477,7593,7595,7711,7712
7595: 7478,7596,7477,7594,7712
7596: 7478,7595,7479,7597,7714
7597: 7479,7480,7598,7596,7714,7715
7598: 7480,7597,7481,7599,7715,7716
7599: 7481,7482,7600,7598,7716,7717
7600: 7482,7599,7483,7601,7717,7718
7601: 7483,7484,7602,7600,7718
7602: 7601,7603,7718,7719,7720
7603: 7602,7720,7721
7604: 7487,7605,7486,7722
7605: 7487,7604,7488,7606,7723
7606: 7488,7489,7605,7607,7724
7607: 7490,7608,7489,7606
7608: 7490,7491,7607,7609,7726
7609: 7492,7610,7491,7608,7726,7727
7610: 7492,7493,7609,7611,7727,7728
7611: 7494,7612,7493,7610,7728,7729
7612: 7494,7611,7495,7613,7729,7730
7613: 7614,7496,7612,7495,7730,7731
7614: 7496,7613,7497,7615,7731,7732
7615: 7497,7498,7616,7614,7732
7616: 7615,7733,7734
7617: 7500,7618,7735
7618: 7501,7619,7617,7500,7735,7736
7619: 7501,7618,7620,7502,7736,7737
7620: 7503,7621,7502,7619,7738,7737
7621: 7503,7620,7504,7622,7738,7739
7622: 7504,7505,7623,7621,7739,7740
7623: 7505,7622,7506,7624,7740,7741
7624: 7506,7507,7625,7623,7741,7742
7625: 7507,7624,7508,7626,7742,7743
7626: 7508,7509,7625,7627,7743,7744
7627: 7510,7628,7509,7626,7744,7745
7628: 7510,7511,7627,7629,7745,7746
7629: 7512,7511,7628,7746
7630: 7512,7513,7631,7747,7748
7631: 7514,7632,7630,7748,7749
7632: 7631,7515,7633,7749,7750
7633: 7632,7750,7751
7634: 7517,7635,7516,7751
7635: 7517,7518,7634,7636,7753
7636: 7519,7637,7518,7635,7753,7754
7637: 7519,7636,7638,7520,7754,7755
7638: 7639,7521,7520,7637,7756,7755
7639: 7521,7638,7522,7640,7756,7757
7640: 7522,7523,7641,7639,7757,7758
7641: 7523,7640,7524,7642,7758,7759
7642: 7524,7525,7641,7643,7759,7760
7643: 7526,7525,7642,7760,7761
7644: 7526,7645,7527,7761,7762
7645: 7528,7646,7527,7644,7763,7762
7646: 7528,7645,7529,7647,7763,7764
7647: 7529,7530,7648,7646,7764,7765
7648: 7530,7647,7531,7649,7765,7766
7649: 7531,7532,7650,7648,7766,7767
7650: 7532,7649,7533,7651,7767,7768
7651: 7533,7534,7650,7652,7768,7769
7652: 7535,7653,7534,7651,7769,7770
7653: 7535,7652,7536,7654,7770,7771
7654: 7536,7537,7655,7653,7771,7772
7655: 7537,7654,7538,7656,7772,7773
7656: 7538,7539,7655,7773,7774
10477: 10478,10578,10375,10476,10577
7658: 7541,7659,7775,7776
7659: 7660,7658,7776,7777
7660: 7659,7661,7777,7778
7661: 7662,7660,7778,7779
7662: 7544,7661,7663,7779,7780
7663: 7545,7662,7780,7781
7664: 7547,7665,7546,7782
7665: 7547,7548,7664,7666,7782,7783
7666: 7549,7667,7548,7665,7783,7784
7667: 7549,7550,7666,7668,7784,7785
7668: 7551,7550,7667,7785,7786
7669: 
7670: 7553,7671,7552,7787,7788
7671: 7553,7670,7672,7788,7789
7672: 7555,7671,7789,7790
7673: 
7674: 7556,7675,7792
7675: 7674,7792,7793
12306: 12981,12371,12239,12370
7677: 7795
7678: 
12104: 12103,12176,12031,12030,12105
11611: 11612,11694,11695,11526,11525,11610
7681: 7563,7564,7565,7799
11984: 12060,11907
7683: 7565,7684,7800,7801
7684: 7685,7683,7801,7802
7685: 7684,7686,7802
7686: 7685,7804
12321: 12320,12255
7688: 
7689: 7807,7571,12915
7690: 
12496: 12552
11119: 11211,11212,11025,11118
10287: 10286,10389,10183,10184,10288
10606: 10505,10605,10506,10607,10705,10706
7695: 
7696: 7579
7697: 
12981: 12306,12240,12239
12556: 
7700: 7817,7583
10888: 10889,10982,10983,10790,10791,10887
7702: 7820,7819,7585,7584,7703
7703: 7704,7821,7585,7702,7820
7704: 7821,7703,7587,7705
7705: 7706,7823,7587,7588,7704
7706: 7823,7824,7705,7588,7589,7707
7707: 7708,7825,7589,7590,7706,7824
7708: 7707,7825,7826,7590,7591
7709: 
7710: 7827,7592,7593,7711,7828
7711: 7712,7828,7829,7593,7594,7710
7712: 7711,7829,7594,7595,7830
10692: 10693,10790,10791,10593,10592,10691
7714: 7715,7832,7596,7597
7715: 7714,7832,7833,7597,7598,7716
7716: 7717,7834,7598,7599,7715,7833
7717: 7716,7834,7599,7600,7718,7835
7718: 7719,7835,7600,7601,7602,7717
7719: 7718,7836,7602,7720,7837
7720: 7721,7837,7838,7602,7603,7719
7721: 7720,7838,7603,7722,7839
7722: 7839,7840,7723,7604,7721
7723: 7722,7840,7605,7724,7841
7724: 7841,7606,7723
11634: 11635,11548
7726: 7608,7609,7727
7727: 7728,7609,7610,7726
7728: 7727,7610,7611,7729,7846
7729: 7847,7730,7611,7612,7728
7730: 7729,7847,7612,7613,7731,7848
7731: 7849,7848,7614,7613,7730,7732
7732: 7733,7614,7615,7849,7731
7733: 7732,7850,7851,7616,7734
7734: 7852,7616,7733,7851
7735: 7617,7618,7736,7853
7736: 7854,7853,7619,7618,7735,7737
7737: 7738,7855,7619,7620,7736,7854
7738: 7855,7856,7737,7620,7621,7739
7739: 7740,7857,7621,7622,7738,7856
7740: 7739,7857,7858,7622,7623,7741
7741: 7742,7859,7623,7624,7740,7858
7742: 7741,7859,7860,7624,7625,7743
7743: 7744,7861,7625,7626,7742,7860
7744: 7743,7861,7626,7627,7745,7862
7745: 7746,7862,7863,7627,7628,7744
7746: 7745,7863,7628,7629
7747: 7864,7865,7630,7748
7748: 7749,7866,7630,7631,7747,7865
7749: 7748,7866,7867,7631,7632,7750
7750: 7868,7632,7633,7749,7867
7751: 7869,7633,7634
10721: 10720,10819,10820,10621,10622,10722
7753: 7635,7636,7754,7871
7754: 7871,7872,7636,7637,7753,7755
7755: 7756,7873,7637,7638,7754,7872
7756: 7874,7873,7755,7639,7638,7757
7757: 7758,7875,7639,7640,7874,7756
7758: 7757,7875,7876,7640,7641,7759
7759: 7760,7877,7641,7642,7758,7876
7760: 7759,7877,7642,7643,7761,7878
7761: 7879,7878,7644,7643,7760
7762: 7763,7880,7644,7645,7879
7763: 7880,7881,7762,7645,7646,7764
7764: 7765,7882,7646,7647,7763,7881
7765: 7764,7882,7883,7647,7648,7766
7766: 7767,7884,7648,7649,7765,7883
7767: 7766,7884,7649,7650,7768,7885
7768: 7769,7886,7885,7650,7651,7767
7769: 7768,7886,7651,7652,7770,7887
7770: 7887,7888,7771,7652,7653,7769
7771: 7770,7888,7653,7654,7772,7889
7772: 7890,7889,7654,7655,7771,7773
7773: 7774,7891,7655,7656,7890,7772
7774: 7773,7891,7892,7656
7775: 7776,7893,7658,7892
7776: 7775,7893,7658,7659,7777,7894
7777: 7778,7894,7895,7659,7660,7776
7778: 7777,7895,7660,7661,7779,7896
7779: 7896,7897,7661,7662,7778,7780
7780: 7781,7898,7662,7663,7779,7897
7781: 7780,7898,7899,7663
7782: 7783,7900,7665,7664
7783: 7782,7900,7665,7666,7784,7901
7784: 7785,7901,7902,7666,7667,7783
7785: 7784,7902,7667,7668,7786,7903
7786: 7787,7903,7904,7668,7785
7787: 7786,7904,7670,7788
7788: 7670,7671,7787,7789
7789: 7790,7907,7671,7672,7788
7790: 7789,7907,7908,7672
12974: 2824,2929,2825,12968
7792: 7909,7674,7675,7793,7910
7793: 7911,7910,7675,7792
10760: 12941,10761
7795: 7912,7677
7796: 
11268: 11267,11358,11176,11177,11269,11359
11016: 10921,11109,11110
7799: 7681,7800
7800: 7801,7683,7799
7801: 7800,7683,7684,7802,7919
7802: 7919,7685,7684,7801
12355: 12291
7804: 7921,7686
10504: 10505,10605,10402,10403,10503,10604
10166: 10165,12855,10269,10270
7807: 7689,7808,7924
7808: 7807,7924
12052: 11977,12051,12125,12126
7810: 
10702: 10703,10801,10602,10603,10701,10800
11136: 11135,11228,11042
10398: 10295,10296,10397,10399,10500
10636: 10535,10635,10536,10637,10735
7815: 7816,7931
7816: 7815,7933
7817: 7700,7933,7934
11167: 11166,11075
7819: 7702,7820,7935
7820: 7702,7819,7821,7703,7937
7821: 7704,7703,7820,7937,7938
10984: 10890,10985,10889,10983,11077
7823: 7706,7824,7705,7940,7939
7824: 7706,7823,7707,7825,7940,7941
7825: 7707,7708,7826,7824,7941,7942
7826: 7708,7825,7827,7942
7827: 7710,7826,7828,7944
7828: 7711,7829,7710,7827,7944,7945
7829: 7711,7712,7828,7830,7945,7946
7830: 7712,7829,7946,7947
7831: 7832,7948
7832: 7714,7715,7833,7831,7949
7833: 7715,7832,7716,7834,7949,7950
7834: 7716,7717,7833,7835,7950,7951
7835: 7718,7836,7717,7834,7951
7836: 7719,7835,7837,7952,7953
7837: 7720,7838,7719,7836,7953,7954
7838: 7720,7721,7837,7839,7954,7955
7839: 7722,7840,7721,7838,7955,7956
7840: 7722,7839,7723,7841,7956,7957
7841: 7842,7724,7840,7723,7957
7842: 7841,7958,7959
7843: 7844,7959,7960
7844: 7845,7843,7960,7961
7845: 7844,7846,7961,7962
7846: 7847,7728,7845,7962,7963
7847: 7729,7846,7730,7964,7848,7963
7848: 7849,7731,7965,7847,7730,7964
7849: 7731,7848,7965,7732,7850
7850: 7733,7851,7849,7966,7967
7851: 7733,7850,7734,7852,7967,7968
7852: 7734,7851,7968,7969
7853: 7736,7854,7735,7970
7854: 7736,7853,7855,7737,7970,7971
7855: 7738,7856,7737,7854,7972,7971
7856: 7738,7855,7739,7857,7972,7973
7857: 7739,7740,7858,7856,7973,7974
7858: 7740,7857,7741,7859,7974,7975
7859: 7741,7742,7860,7858,7975,7976
7860: 7742,7859,7743,7861,7976,7977
7861: 7743,7744,7860,7862,7977,7978
7862: 7745,7863,7744,7861,7978,7979
7863: 7745,7746,7862,7979
7864: 7747,7865,7981,7980
7865: 7747,7864,7748,7866,7981,7982
7866: 7748,7749,7867,7865,7982,7983
7867: 7749,7866,7750,7868,7983,7984
7868: 7750,7869,7867,7984,7985
7869: 7751,7868,7870,7985,7986
7870: 7869,7986,7987
7871: 7754,7872,7753,7987,7988
7872: 7754,7871,7873,7755,7988,7989
7873: 7874,7756,7755,7872,7990,7989
7874: 7756,7873,7757,7875,7990,7991
7875: 7757,7758,7876,7874,7991,7992
7876: 7758,7875,7759,7877,7992,7993
7877: 7759,7760,7876,7878,7993,7994
7878: 7761,7879,7760,7877,7994,7995
7879: 7761,7878,7762,7995
7880: 7763,7881,7762,7997
7881: 7763,7880,7764,7882,7997,7998
7882: 7764,7765,7883,7881,7998,7999
7883: 7765,7882,7766,7884,7999,8000
7884: 7766,7767,7883,7885,8000,8001
7885: 7768,7886,7767,7884,8001,8002
7886: 7768,7769,7885,7887,8002,8003
7887: 7770,7888,7769,7886,8003,8004
7888: 7770,7887,7771,7889,8004,8005
7889: 7890,7772,7888,7771,8005,8006
7890: 7772,7889,7773,7891,8006,8007
7891: 7773,7774,7892,7890,8007,8008
7892: 7774,7891,7775,8008,8009
7893: 7775,7776,7894,8009,8010
7894: 7777,7895,7776,7893,8010,8011
7895: 7777,7778,7894,7896,8011,8012
7896: 7779,7897,7778,7895,8012,8013
7897: 7779,7896,7780,7898,8013,8014
7898: 7780,7781,7899,7897,8014,8015
7899: 7781,7898,8015
7900: 7782,7783,7901,8017
7901: 7784,7902,7783,7900,8018
7902: 7784,7785,7901,7903,8019
7903: 7786,7904,7785,7902,8019,8020
7904: 7786,7787,7903,8020,8021
11452: 11451,11538,11539,11364,11363,11453
11013: 10918,10919,11014,11012,11106,11107
7907: 7789,7790,7908,8023,8024
7908: 7790,7907,7909,8024,8025
7909: 7792,7908,8025,8026
7910: 7793,7911,7792,8026
7911: 7793,7910,7912,8028
7912: 7795,7911,8028
11419: 
7914: 
11263: 
7916: 
11082: 11081,11174,10989,11083
12317: 12318,12381,12382,12316
7919: 7802,7801,8035
11183: 11090,11091,11184,11182,11274,11275
7921: 7804
7922: 
12280: 12344,12213,12214
7924: 7807,7808
11000: 11001,10905,10999,11093,11094
11308: 11399,11216,11217,11398
7927: 
7928: 8044,12955,8045
10453: 10350,10351,10452,10555
7930: 8045,7931,8047
7931: 8047,8048,7815,7930
11816: 11895,11735,11817,11896
7933: 7816,7817,7934
7934: 7935,8051,7817,7933
7935: 7934,8051,7819,8052
11475: 11561,11562,11474
7937: 8053,7820,7821,7938,8054
7938: 8055,8054,7821,7937,7939
7939: 7940,8056,7823,7938,8055
7940: 8056,8057,7939,7823,7824,7941
7941: 7942,8058,7824,7825,7940,8057
7942: 7941,8058,8059,7825,7826
10296: 10295,10398,10192,10193,10297,10399
7944: 8060,7827,7828,7945,8061
7945: 7946,8061,7828,7829,7944
7946: 7945,8062,7829,7830,7947,8063
7947: 8063,8064,7830,7946
7948: 7949,8065,7831,8064
7949: 7948,8066,7832,7833,7950
7950: 7951,8067,7833,7834,7949,8066
7951: 7950,8067,7834,7835,7952
7952: 7953,8069,7836,7951,8068
7953: 7952,8069,7836,7837,7954,8070
7954: 7955,8070,8071,7837,7838,7953
7955: 7954,8071,7838,7839,7956,8072
7956: 8072,8073,7839,7840,7955,7957
7957: 7958,7840,7841,7956,8073
7958: 7957,8074,8075,7842,7959
7959: 7960,8076,7842,7843,7958,8075
7960: 7959,8076,7843,7844,7961,8077
7961: 7962,8077,8078,7844,7845,7960
7962: 7961,8078,7845,7846,7963,8079
7963: 8080,7846,7847,7964,7962
7964: 7847,7848,7965,7963
7965: 7849,7848,7964,7966
7966: 7967,8083,7965,7850,8082
7967: 7966,8083,8084,7850,7851,7968
7968: 7969,8085,7851,7852,7967,8084
7969: 7968,8085,7852
7970: 8087,7854,7853,7971
7971: 7972,8088,7854,7855,7970,8087
7972: 8088,8089,7971,7855,7856,7973
7973: 7974,8090,7856,7857,7972,8089
7974: 7973,8090,8091,7857,7858,7975
7975: 7976,8092,7858,7859,7974,8091
7976: 7975,8092,8093,7859,7860,7977
7977: 7978,8094,7860,7861,7976,8093
7978: 7977,8094,7861,7862,7979
7979: 8095,7862,7863,7978
7980: 7981,8097,7864,8096
7981: 8097,8098,7980,7864,7865,7982
7982: 7983,8099,7865,7866,7981,8098
7983: 7982,8099,8100,7866,7867,7984
7984: 7985,8101,7867,7868,7983,8100
7985: 7984,8101,7868,7869,7986,8102
7986: 8102,8103,7869,7870,7985
7987: 8103,7870,7871,7988,8104
7988: 8104,8105,7871,7872,7987,7989
7989: 7990,8106,7872,7873,7988,8105
7990: 8106,7989,7874,7873,7991
7991: 7992,8108,7874,7875,8107,7990
7992: 7991,8108,8109,7875,7876,7993
7993: 7994,8110,7876,7877,7992,8109
7994: 7993,8110,7877,7878,7995,8111
7995: 8111,7879,7878,7994
11620: 11621,11703,11704,11535,11619
7997: 8114,7880,7881,7998
7998: 7999,8115,7881,7882,7997,8114
7999: 7998,8115,8116,7882,7883,8000
8000: 8001,8117,7883,7884,7999,8116
8001: 8000,8117,7884,7885,8002,8118
8002: 8003,8118,8119,7886,7885,8001
8003: 8002,8119,7886,7887,8004,8120
8004: 8120,8121,8005,7887,7888,8003
8005: 8004,8121,7888,7889,8006,8122
8006: 8123,8122,7890,7889,8005,8007
8007: 8008,8124,7890,7891,8123,8006
8008: 8007,8124,8125,7891,7892,8009
8009: 8126,7892,7893,8008,8125
8010: 8126,7893,7894,8011,8127
8011: 8012,8127,8128,7894,7895,8010
8012: 8011,8128,7895,7896,8013,8129
8013: 8129,8130,7896,7897,8012,8014
8014: 8015,8131,7897,7898,8013,8130
8015: 8014,8131,8132,7898,7899
10753: 10851,10653,10754
8017: 8134,8133,7900,8018
8018: 7901,8134,8017
8019: 7902,7903,8020,8136
8020: 8021,8136,7903,7904,8019
8021: 8020,7904,8022,8138
8022: 8138,8139,8021,8023
8023: 8024,8140,7907,8022,8139
8024: 8023,8140,7907,7908,8025
8025: 8026,8142,7908,7909,8024
8026: 8025,8142,7909,7910,8143
8027: 
8028: 8144,7911,7912
8029: 
8030: 8031,8147,8146
8031: 8030,8147
10824: 10726,10825,10823,10725,10922
11361: 11271,11362,11360,11450
8034: 8035,8150
8035: 8034,8152,7919
11899: 11819,11898,11976
12249: 12315,12316,12248,12876
11592: 11593
10467: 10468,12933,10466
11025: 11026,11119
12432: 12433,12370,12371,12431
11715: 11631,11714,11632,11796
10219: 10114,10218,10115,10220,10322,10323
8044: 7928,12955
8045: 7930,7928,12955
10647: 10546,10646,10547,10648,10747
8047: 7931,8048,7930
8048: 7931,8047
11636: 11551,11637
11023: 
8051: 7934,7935,8052,8167
8052: 8053,7935,8051,8169
8053: 7937,8052,8054,8169
8054: 7938,8055,8053,7937,8171
8055: 7938,8054,8056,7939,8171,8172
8056: 7940,8057,7939,8055,8173,8172
8057: 7940,8056,7941,8058,8173
8058: 7941,7942,8059,8057,8175
8059: 7942,8058,8060
8060: 7944,8059,8061,8176
8061: 7945,8062,8060,7944
8062: 7946,8061,8063,8178,8179
8063: 7947,8064,7946,8062,8179,8180
8064: 7947,8063,7948,8180,8181
8065: 7948,8066,8181,8182
8066: 7949,8065,7950,8067
8067: 7950,7951,8068,8066
8068: 8067,7952,8069,8184,8185
8069: 7952,7953,8068,8070,8185,8186
8070: 7954,8071,7953,8069,8186,8187
8071: 7954,7955,8070,8072,8187,8188
8072: 7956,8073,7955,8071,8188,8189
8073: 7956,8072,7957,8074,8189,8190
8074: 7958,8075,8073,8190,8191
8075: 7958,8074,7959,8076,8191,8192
8076: 7959,7960,8075,8077,8192,8193
8077: 7961,8078,7960,8076,8193,8194
8078: 7961,7962,8077,8079,8194,8195
8079: 8080,7962,8078,8195,8196
8080: 7963,8079,8196,8197
12672: 12625
8082: 7966,8083,8198,8199
8083: 7966,7967,8084,8082,8199,8200
8084: 7967,8083,7968,8085,8200,8201
8085: 7968,7969,8084,8201,8202
12050: 11974,11975,12049,12051
8087: 7970,8203,8088,7971,8204
8088: 7972,8089,7971,8204,8205,8087
8089: 7972,8088,8205,7973,8090,8206
8090: 7973,7974,8091,8206,8089,8207
8091: 7974,8090,7975,8092,8207,8208
8092: 7975,7976,8093,8091,8208,8209
8093: 7976,8092,7977,8094,8209,8210
8094: 7977,7978,8093,8210
8095: 7979,8096,8212,8211
8096: 8095,8097,7980,8212,8213
8097: 7981,8098,7980,8096,8214,8213
8098: 7981,8097,7982,8099,8214,8215
8099: 7982,7983,8100,8098,8215,8216
8100: 7983,8099,7984,8101,8216,8217
8101: 7984,7985,8100,8102,8217,8218
8102: 7986,7985,8101,8218,8219
8103: 7986,7987,8104
8104: 7988,8105,7987,8103
8105: 7988,8104,8106,7989
8106: 8107,7990,8223,7989,8105
8107: 8106,8223,7991,8108,8224
8108: 7991,7992,8109,8107,8224,8225
8109: 7992,8108,7993,8110,8225,8226
8110: 7993,7994,8227,8109,8111,8226
8111: 7995,8112,7994,8110,8227
8112: 8111,8228,8229
8113: 8114,8229,8230
8114: 7997,8113,7998,8115,8230,8231
8115: 7998,7999,8116,8114,8231,8232
8116: 7999,8115,8000,8117,8232,8233
8117: 8000,8001,8116,8118,8233,8234
8118: 8002,8119,8001,8117,8234,8235
8119: 8002,8003,8118,8120,8235,8236
8120: 8004,8121,8003,8119,8236,8237
8121: 8004,8120,8005,8122,8237,8238
8122: 8123,8006,8121,8005,8238,8239
8123: 8006,8122,8007,8124,8239,8240
8124: 8007,8008,8125,8123,8240,8241
8125: 8008,8124,8009,8126,8241,8242
8126: 8009,8010,8125,8242,8243
8127: 8011,8128,8010,8243,8244
8128: 8011,8012,8127,8129,8244,8245
8129: 8013,8130,8012,8128,8245,8246
8130: 8013,8129,8014,8131,8246,8247
8131: 8014,8015,8132,8130,8247,8248
8132: 8015,8131,8133,8248,8249
8133: 8134,8017,8132,8249,8250
8134: 8017,8133,8018,8250,8251
11216: 11123,11215,11124,11217,11308
8136: 8020,8137,8019
8137: 8136,8138,8253,8254
8138: 8022,8021,8137,8254,8255
8139: 8022,8023,8140,8255,8256
8140: 8023,8024,8139,8256,8257
10870: 
8142: 8025,8026,8143,8258
8143: 8144,8026,8142
8144: 8028,8143
10175: 10071,10174,10278,10279
8146: 8030,8147,8262
8147: 8030,8031,8146,8264
8148: 
8149: 8150,8265,8266
8150: 8149,8034,8266
11347: 11256,11257,11435,11436
8152: 8035,8269
8153: 
10263: 10264,10159
12748: 
12344: 12280
8157: 
10680: 10679,10778,10581,10681,10779
10496: 10495,10596,10597,10395,10394,10497
10184: 10079,10183,10080,10185,10287,10288
8161: 12955,8162
8162: 8163,12955,8161
8163: 8162
10885: 10979,10788,10886
11411: 11320,11321,11410
8166: 8167
8167: 8283,8166,8051
10224: 10327,10328,10119,10120,10225
8169: 8284,8053,8052
12257: 12189,12258,12323
8171: 8055,8054,8172
8172: 8173,8288,8055,8056,8171
8173: 8288,8172,8056,8057
12985: 2129,2229
8175: 8290,8058,12984
8176: 8177,12984,8060
8177: 8176,8292,8178,8293
8178: 8179,8293,8294,8062,8177
8179: 8178,8294,8062,8063,8180,8295
8180: 8295,8296,8181,8063,8064,8179
8181: 8180,8296,8064,8065
8182: 8298,8297,8065,8183
8183: 8184,8299,8298,8182
8184: 8183,8299,8068,8185,8300
8185: 8186,8301,8300,8068,8069,8184
8186: 8185,8301,8069,8070,8187,8302
8187: 8188,8302,8303,8070,8071,8186
8188: 8187,8303,8071,8072,8189,8304
8189: 8304,8305,8190,8072,8073,8188
8190: 8189,8305,8073,8074,8306
8191: 8307,8306,8074,8075,8192
8192: 8193,8308,8075,8076,8307,8191
8193: 8192,8308,8076,8077,8194,8309
8194: 8195,8309,8310,8077,8078,8193
8195: 8194,8310,8078,8079,8196,8311
8196: 8311,8312,8197,8079,8080,8195
8197: 8196,8312,8080,8198,8313
8198: 8314,8313,8082,8197,8199
8199: 8200,8315,8082,8083,8314,8198
8200: 8199,8315,8316,8083,8084,8201
8201: 8202,8317,8084,8085,8200,8316
8202: 8201,8317,8085,8318
8203: 8087,8204,8318,8319
8204: 8088,8205,8087,8203,8319,8320
8205: 8088,8089,8204,8206,8321,8320
8206: 8090,8089,8205,8321,8207,8322
8207: 8323,8322,8090,8091,8206,8208
8208: 8209,8324,8091,8092,8323,8207
8209: 8208,8324,8325,8092,8093,8210
8210: 8093,8094,8209,8325
8211: 8212,8327,8095,8326
8212: 8328,8327,8211,8096,8095,8213
8213: 8214,8329,8096,8097,8212,8328
8214: 8329,8330,8213,8097,8098,8215
8215: 8216,8331,8098,8099,8214,8330
8216: 8215,8331,8332,8099,8100,8217
8217: 8218,8333,8100,8101,8216,8332
8218: 8217,8333,8101,8102,8219,8334
8219: 8220,8334,8335,8102,8218
8220: 8219,8335,8221,8336
8221: 8336,8337,8220,8222
8222: 8338,8223,8221,8337
8223: 8107,8106,8339,8222
8224: 8225,8340,8107,8108,8339
8225: 8224,8340,8108,8109,8226,8341
8226: 8342,8341,8109,8110,8227,8225
8227: 8110,8111,8226,8342,8228
8228: 8229,8343,8344,8227,8112
8229: 8228,8344,8112,8113,8345
8230: 8345,8346,8113,8114,8231
8231: 8232,8347,8114,8115,8230,8346
8232: 8231,8347,8115,8116,8233,8348
8233: 8234,8349,8348,8116,8117,8232
8234: 8233,8349,8117,8118,8235,8350
8235: 8236,8350,8351,8118,8119,8234
8236: 8235,8351,8119,8120,8237,8352
8237: 8352,8353,8238,8120,8121,8236
8238: 8237,8353,8121,8122,8239,8354
8239: 8355,8354,8123,8122,8238,8240
8240: 8241,8356,8123,8124,8355,8239
8241: 8240,8356,8357,8124,8125,8242
8242: 8243,8358,8125,8126,8241,8357
8243: 8242,8358,8126,8127,8359
8244: 8245,8359,8360,8127,8128
8245: 8244,8360,8128,8129,8246,8361
8246: 8361,8362,8129,8130,8245,8247
8247: 8248,8363,8130,8131,8246,8362
8248: 8247,8363,8364,8131,8132,8249
8249: 8250,8365,8132,8133,8248,8364
8250: 8249,8365,8366,8134,8133,8251
8251: 8367,8134,8250,8366
8252: 
8253: 8254,8369,8137
8254: 8253,8369,8137,8138,8255
8255: 8371,8138,8139,8254
8256: 8257,8372,8139,8140,8371
8257: 8256,8372,8140,8258,8373
8258: 8373,8374,8142,8257
10355: 10354,10251,10458
10906: 11001,10808,10809,10905
8261: 
8262: 8378,8146
11699: 11616,11700
8264: 8147,8265
8265: 8266,8149,8264
8266: 8265,8149,8150
8267: 
8268: 
8269: 8270,8385,8152,8384
8270: 8269,8385,12944
8271: 8387
10918: 10919,11013,10820,10821,10917,11012
11719: 11635,11718,11800
10894: 10893,10988,10989,10797,10895
11123: 11215,11216,11029,11030,11124
8276: 
12930: 
11939: 11938,12015,11861
11879: 11799,11800,11880,11956,11957
8280: 8281,8395,8396
8281: 8280,8396,8397
12692: 12693
8283: 8167,8284
8284: 8169,8400,8283
8285: 
10586: 10485,10585,10486,10587,10685,10686
10524: 10525,10625,12824,10422,10423,10624
8288: 8173,8172,8404,8403
10651: 10652,10650,10750,10751
8290: 8175,8291,8405,8406
8291: 8292,12984,8290,8406,8407
8292: 8177,8291,8293,8407,8408
8293: 8178,8294,8177,8292,8408,8409
8294: 8178,8179,8293,8295,8409,8410
8295: 8180,8296,8179,8294,8410,8411
8296: 8180,8295,8181,8411
8297: 8298,8182,8412,8413
8298: 8182,8297,8183,8299,8413,8414
8299: 8183,8184,8298,8300,8414,8415
8300: 8185,8301,8184,8299,8415,8416
8301: 8185,8186,8300,8302,8416,8417
8302: 8187,8303,8186,8301,8417,8418
8303: 8187,8188,8302,8304,8418,8419
8304: 8189,8305,8188,8303,8419,8420
8305: 8189,8304,8190,8306,8420,8421
8306: 8191,8305,8190,8421,8422
8307: 8191,8192,8308,8422,8423
8308: 8192,8193,8307,8309,8423,8424
8309: 8194,8310,8193,8308,8424,8425
8310: 8194,8195,8309,8311,8425,8426
8311: 8196,8312,8195,8310,8426,8427
8312: 8196,8311,8197,8313,8427,8428
8313: 8314,8198,8312,8197,8428,8429
8314: 8198,8313,8199,8315,8429,8430
8315: 8199,8200,8316,8314,8430,8431
8316: 8200,8315,8201,8317,8431,8432
8317: 8201,8202,8316,8432
8318: 8319,8203,8202
8319: 8318,8203,8204,8320
8320: 8321,8204,8205,8319
8321: 8320,8205,8206,8322
8322: 8323,8207,8206,8321
8323: 8207,8322,8208,8324
8324: 8208,8209,8325,8323
8325: 8209,8324,8210,8440
8326: 8327,8211,8441,8442
8327: 8212,8328,8211,8326,8443,8442
8328: 8212,8327,8329,8213,8443,8444
8329: 8214,8330,8213,8328,8445,8444
8330: 8214,8329,8215,8331,8445,8446
8331: 8215,8216,8332,8330,8446,8447
8332: 8216,8331,8217,8333,8447,8448
8333: 8217,8218,8332,8334,8448,8449
8334: 8219,8335,8218,8333,8449,8450
8335: 8219,8220,8334,8336,8450,8451
8336: 8221,8337,8220,8335,8451,8452
8337: 8221,8336,8222,8338,8452,8453
8338: 8339,8222,8337,8453,8454
8339: 8338,8223,8224,8455
8340: 8224,8225,8455,8456,8341
8341: 8226,8457,8342,8225,8340,8456
8342: 8226,8457,8341,8227,8343
8343: 8228,8344,8342,8458,8459
8344: 8228,8229,8343,8345,8459,8460
8345: 8230,8229,8344,8460,8461
8346: 8230,8231,8347,8461,8462
8347: 8231,8232,8346,8348,8463
8348: 8233,8349,8232,8347,8464
8349: 8233,8234,8348,8350,8464,8465
8350: 8235,8351,8234,8349,8465,8466
8351: 8235,8236,8350,8352,8467,8466
8352: 8237,8353,8236,8351,8467,8468
8353: 8237,8352,8238,8354,8468,8469
8354: 8355,8239,8353,8238,8469,8470
8355: 8239,8354,8240,8356,8470
8356: 8240,8241,8357,8355
8357: 8241,8356,8242,8358,8473
8358: 8242,8243,8473,8474,8357,8359
8359: 8244,8475,8243,8358,8474
8360: 8244,8245,8475,8361,8476
8361: 8246,8362,8245,8360,8477,8476
8362: 8246,8361,8247,8363,8477,8478
8363: 8247,8248,8364,8362,8478,8479
8364: 8248,8363,8249,8365,8479
8365: 8249,8250,8366,8364,8481
8366: 8250,8365,8251,8482,8367,8481
8367: 8251,8482,8366
11708: 11624,11707,11625,11709,11789
8369: 8253,8254,8485
12702: 12658,12701,12741
8371: 8255,8256
8372: 8256,8257,8373,8488
8373: 8258,8374,8489,8257,8372,8488
8374: 8258,8373,8490,8489,8375
8375: 8374,8490
12338: 12272
11374: 11283,11284,11373,11375,11462
8378: 8262,8493,8494
10506: 10507,10607,10404,10405,10505,10606
11928: 12003,11851
10594: 10494,10595,10593,10493,10693,10694
10618: 10517,10518,10617,10619,10717,10718
8383: 8384
8384: 8383,8269,8385
8385: 8269,8270,8384
12935: 1105
8387: 8388,8271
8388: 8387,8389
8389: 8388
11200: 11107,11199,11201,11291,11292
10309: 10310,10412,10206,10205
10243: 10244,10347
11952: 11953,12028,11874,11875,11951
8394: 8395,8509
8395: 8509,8510,8280,8394,8396
8396: 8397,8511,8280,8281,8395,8510
8397: 8396,8511,8512,8281
10788: 10690,10789,10689,10885,10886
8399: 
8400: 8284,8401,8515,8514
8401: 8400,8402,8515,8516
8402: 8403,8401,8517,8516
8403: 8402,8288,8517
8404: 8288,8405
8405: 8406,8520,8404,8290,8519
8406: 8405,8520,8290,8291,8407,8521
8407: 8408,8521,8292,8291,8406
8408: 8407,8292,8293,8409,8523
8409: 8410,8523,8524,8293,8294,8408
8410: 8409,8524,8294,8295,8411,8525
8411: 8525,8526,8295,8296,8410,8412
8412: 8413,8527,8297,8411,8526
8413: 8412,8527,8528,8298,8297,8414
8414: 8415,8529,8298,8299,8413,8528
8415: 8414,8529,8299,8300,8416,8530
8416: 8417,8531,8530,8301,8300,8415
8417: 8416,8531,8301,8302,8418,8532
8418: 8419,8532,8533,8302,8303,8417
8419: 8418,8533,8303,8304,8420,8534
8420: 8534,8535,8304,8305,8419,8421
8421: 8422,8536,8305,8306,8420,8535
8422: 8421,8536,8537,8307,8306
8423: 8424,8538,8307,8308,8537
8424: 8423,8538,8308,8309,8425,8539
8425: 8426,8539,8540,8309,8310,8424
8426: 8425,8540,8310,8311,8427,8541
8427: 8541,8542,8428,8311,8312,8426
8428: 8427,8542,8312,8313,8429,8543
8429: 8544,8543,8314,8313,8428,8430
8430: 8431,8545,8314,8315,8544,8429
8431: 8430,8545,8546,8315,8316,8432
8432: 8547,8316,8317,8431,8546
10207: 10103,10208,10102,10206,10310,10311
8434: 8549,8548
12255: 12187,12321
8436: 8550,8551
11085: 11178,11177,10991,10992,11084,11086
8438: 8553,8439
8439: 8440,8554,8438
8440: 8439,8325,8441
8441: 8556,8326,8440,8442
8442: 8443,8557,8326,8327,8441,8556
8443: 8558,8557,8442,8328,8327,8444
8444: 8445,8559,8328,8329,8443,8558
8445: 8559,8560,8444,8329,8330,8446
8446: 8447,8561,8330,8331,8445,8560
8447: 8446,8561,8562,8331,8332,8448
8448: 8449,8563,8332,8333,8447,8562
8449: 8448,8563,8333,8334,8450,8564
8450: 8451,8564,8565,8334,8335,8449
8451: 8450,8565,8335,8336,8566
8452: 8566,8567,8336,8337,8453
8453: 8454,8568,8337,8338,8452
8454: 8453,8569,8338,8455
8455: 8340,8339,8454
8456: 8340,8457,8341,8571
8457: 8342,8341,8456,8458,8571
8458: 8572,8457,8343,8459,8573
8459: 8460,8573,8574,8343,8344,8458
8460: 8459,8574,8344,8345,8461,8575
8461: 8575,8345,8346,8460,8462
8462: 8463,8577,8346,8461,8576
8463: 8462,8577,8578,8347
8464: 8465,8579,8349,8348
8465: 8464,8579,8349,8350,8580,8466
8466: 8467,8580,8581,8350,8351,8465
8467: 8581,8466,8351,8352,8468,8582
8468: 8582,8583,8469,8352,8353,8467
8469: 8468,8583,8353,8354,8470,8584
8470: 8584,8355,8354,8469,8471
8471: 8472,8586,8470,8585
8472: 8471,8586,8587
8473: 8358,8474,8357,8588
8474: 8358,8473,8359,8475,8588,8589
8475: 8359,8360,8474,8590,8589
8476: 8477,8591,8360,8361,8590
8477: 8591,8592,8476,8361,8362,8478
8478: 8479,8593,8362,8363,8477,8592
8479: 8478,8593,8363,8364
10589: 10488,10588,10688,10689
8481: 8595,8365,8366,8482,8596
8482: 8367,8366,8481,8483,8596
8483: 8597,8482
8484: 
8485: 8369,8486,8600
8486: 8600,8601,8485
12605: 12604,12652
8488: 8603,8372,8373,8489
8489: 8373,8374,8490,8488,8604
8490: 8374,8489,8375
10209: 10105,10210,10104,10208,10312,10313
8492: 8606,8493,8607
8493: 8378,8492,8494,8607
8494: 8378,8493
12386: 
8496: 
11641: 11642,11640,11724
8498: 
10896: 10895,10990,10798,10799
11700: 11616,11617,11699,11701
10284: 10285,10387,10180,10181,10283
8502: 
10297: 10298,10399,10400,10194,10193,10296
10384: 10281,10383,10282,10385,10485,10486
8505: 8506
8506: 8505,8507,8621
8507: 8506,8621
8508: 
8509: 8395,8510,8394,8624
8510: 8395,8509,8396,8511,8624,8625
8511: 8396,8397,8512,8510,8625
8512: 8397,8511,8627
8513: 8627,8514
8514: 8515,8400,8513
8515: 8514,8400,8401,8516
8516: 8517,8401,8402,8515
8517: 8516,8402,8403
12785: 12758,12759,12784
8519: 8405,8520,8633
8520: 8405,8406,8519,8521
8521: 8407,8406,8520,8636
8522: 
8523: 8409,8524,8408,8637,8638
8524: 8409,8410,8523,8525,8638,8639
8525: 8411,8526,8410,8524,8639,8640
8526: 8411,8525,8412,8527,8640,8641
8527: 8412,8413,8528,8526,8641,8642
8528: 8413,8527,8414,8529,8642,8643
8529: 8414,8415,8528,8530,8643,8644
8530: 8416,8531,8415,8529,8644,8645
8531: 8416,8417,8530,8532,8645,8646
8532: 8418,8533,8417,8531,8646,8647
8533: 8418,8419,8532,8534,8647,8648
8534: 8420,8535,8419,8533,8648,8649
8535: 8420,8534,8421,8536,8649,8650
8536: 8421,8422,8537,8651,8535,8650
8537: 8422,8536,8651,8423,8652
8538: 8423,8424,8652,8539,8653
8539: 8425,8540,8424,8538,8653,8654
8540: 8425,8426,8539,8541,8654,8655
8541: 8427,8542,8426,8540,8655,8656
8542: 8427,8541,8428,8543,8656,8657
8543: 8544,8429,8542,8428,8657,8658
8544: 8429,8543,8430,8545,8658,8659
8545: 8430,8431,8546,8544,8659,8660
8546: 8431,8545,8432,8547,8660,8661
8547: 8432,8546,8661,8662
8548: 8434,8549,8662,8663
8549: 8434,8548,8550,8663,8664
8550: 8436,8551,8549,8665,8664
8551: 8436,8550,8552,8665,8666
8552: 8553,8551,8666,8667
8553: 8438,8552,8554,8667,8668
8554: 8439,8555,8553,8668,8669
8555: 8554,8669,8670
8556: 8441,8557,8442,8671
8557: 8443,8558,8442,8556,8672,8671
8558: 8443,8557,8559,8444,8672,8673
8559: 8445,8560,8444,8558,8674,8673
8560: 8445,8559,8446,8561,8674,8675
8561: 8446,8447,8562,8560,8675,8676
8562: 8447,8561,8448,8563,8676,8677
8563: 8448,8449,8562,8564,8677,8678
8564: 8450,8565,8449,8563,8678,8679
8565: 8450,8451,8564,8680,8566,8679
8566: 8452,8567,8451,8565,8680
8567: 8452,8566,8568,8681,8682
8568: 8453,8569,8567,8682,8683
8569: 8454,8568,8683
10988: 10893,10894,10989,10987,11081
8571: 8686,8572,8456,8457
8572: 8686,8458,8571,8573,8687
8573: 8459,8574,8458,8572,8687,8688
8574: 8459,8460,8573,8575,8689,8688
8575: 8461,8576,8689,8460,8574
8576: 8575,8462,8577,8690,8691
8577: 8462,8463,8578,8576,8691,8692
8578: 8463,8577,8692,8693
8579: 8464,8465,8580,8694
8580: 8695,8581,8466,8465,8579
8581: 8695,8467,8580,8696,8466,8582
8582: 8468,8583,8697,8467,8581,8696
8583: 8468,8582,8697,8469,8698,8584
8584: 8698,8470,8585,8583,8469
8585: 8584,8471,8586,8699,8700
8586: 8471,8472,8587,8585,8700,8701
8587: 8472,8586,8701,8702
8588: 8703,8473,8474,8589
8589: 8704,8590,8474,8475,8703,8588
8590: 8704,8589,8475,8476
8591: 8477,8592,8476,8706
8592: 8477,8591,8478,8593,8707,8706
8593: 8478,8479,8708,8707,8592
8594: 
8595: 8709,8481,8596
8596: 8597,8482,8481,8595
8597: 8483,8596,8711
10211: 10107,10212,10106,10210
12914: 12972,6388,6506,6507
8600: 8486,8601,8485,8714,8715
8601: 8486,8600,8715,8716
10295: 10296,10398,10191,10192,10294
8603: 8488,8717,8604
8604: 8489,8603
12772: 12771,12798,12799
8606: 8492,8607
8607: 12956,8493,8606,8492
11403: 12836
11616: 11617,11700,11531,11699
12115: 12114,12041,12042,12116,12187
11457: 11543,11544,11368,11369,11456
10241: 10344,10345
8613: 
11375: 11284,11374
8615: 
11148: 11149
8617: 
10989: 10894,10988,10895,10990,11082
10813: 10715,10814,10714,10812,10910,10911
12443: 12381,12442
8621: 8734,8506,8507
8622: 
11590: 
8624: 8737,8738,8509,8510,8625
8625: 8739,8510,8511,8624,8738
11157: 11156,11065,11248,11249
8627: 8513,8512,8740
11767: 11768,11846,11847,11685,11766
8629: 8743,8742
11162: 11069,11161,11070,11163,11253
8631: 8744,8632
8632: 8633,8746,8631
8633: 8746,8747,8632,8519
11210: 11117,11118,11209,11211,11301,11302
10300: 10301,10403,10197,10299,10402
8636: 8637,8750,8521,8749
8637: 8636,8750,8523,8638,8751
8638: 8639,8751,8752,8523,8524,8637
8639: 8638,8752,8524,8525,8640,8753
8640: 8753,8754,8525,8526,8639,8641
8641: 8642,8755,8526,8527,8640,8754
8642: 8641,8755,8756,8527,8528,8643
8643: 8644,8757,8528,8529,8642,8756
8644: 8643,8757,8529,8530,8645,8758
8645: 8646,8759,8758,8531,8530,8644
8646: 8645,8759,8531,8532,8647,8760
8647: 8648,8760,8761,8532,8533,8646
8648: 8647,8761,8533,8534,8649,8762
8649: 8762,8763,8534,8535,8648,8650
8650: 8764,8535,8536,8651,8649,8763
8651: 8536,8537,8652,8650,8764,8765
8652: 8538,8537,8651,8765,8766
8653: 8766,8538,8539,8654,8767
8654: 8655,8767,8768,8539,8540,8653
8655: 8654,8768,8540,8541,8656,8769
8656: 8769,8770,8657,8541,8542,8655
8657: 8656,8770,8542,8543,8658,8771
8658: 8772,8771,8544,8543,8657,8659
8659: 8660,8773,8544,8545,8772,8658
8660: 8659,8773,8774,8545,8546,8661
8661: 8662,8775,8546,8547,8660,8774
8662: 8661,8775,8547,8548
8663: 8777,8549,8548,8664
8664: 8665,8778,8549,8550,8663,8777
8665: 8778,8779,8664,8550,8551,8666
8666: 8667,8780,8551,8552,8665,8779
8667: 8666,8780,8781,8553,8552,8668
8668: 8669,8782,8553,8554,8667,8781
8669: 8668,8782,8783,8554,8555,8670
8670: 8784,8555,8669,8783
8671: 8672,8785,8556,8557,8784
8672: 8785,8786,8671,8558,8557,8673
8673: 8674,8787,8558,8559,8672,8786
8674: 8787,8788,8673,8559,8560,8675
8675: 8676,8789,8560,8561,8674,8788
8676: 8675,8789,8790,8561,8562,8677
8677: 8678,8791,8562,8563,8676,8790
8678: 8677,8791,8563,8564,8679,8792
8679: 8792,8793,8564,8565,8680,8678
8680: 8565,8566,8679,8793
8681: 8794,8795,8567,8682
8682: 8683,8796,8567,8568,8681,8795
8683: 8682,8796,8797,8568,8569,8684
8684: 8685,8798,8683,8797
8685: 8684,8798,8799,8686
8686: 8572,8571,8685,8800
8687: 8800,8572,8573,8688,8801
8688: 8801,8802,8573,8574,8689,8687
8689: 8575,8574,8688,8802,8690
8690: 8803,8804,8576,8689,8691
8691: 8692,8805,8576,8577,8690,8804
8692: 8691,8805,8806,8577,8578,8693
8693: 8694,8807,8578,8692,8806
8694: 8693,8807,8808,8579,8695
8695: 8580,8581,8694,8808,8809
8696: 8581,8582,8697,8809,8810
8697: 8582,8583,8696,8698,8810,8811
8698: 8584,8583,8697,8811,8699
8699: 8813,8812,8698,8585,8700
8700: 8701,8814,8585,8586,8813,8699
8701: 8700,8814,8815,8586,8587,8702
8702: 8816,8587,8701,8815
8703: 8588,8704,8589
8704: 8590,8589,8703
12757: 
8706: 8820,8591,8592,8707
8707: 8593,8708,8592,8706,8821
8708: 8593,8707,8709,8822
8709: 8595,8708,8823
12853: 6048,5929,6047,6165,6167
8711: 8824,8597
8712: 
8713: 8714,8826,8827
8714: 8713,8827,8600,8715,8828
8715: 8828,8829,8716,8600,8601,8714
8716: 8715,8829,8601,8717,8830
8717: 8603,8716,8831,8830
10535: 10635,10636,10536,10433,10434,10534
11875: 11876,11796,11874,11795,11952,11953
8720: 8833
10442: 10340,10339,10441,10543,10544
8722: 8835,12956
11619: 11618,11702,11533,11620,11703
8724: 
8725: 
8726: 
11160: 11067,11159,11161,11251,11252
11789: 11788,11868,11707,11708
12601: 12550,12602,12600
11495: 
8731: 8732,12912
8732: 8731
8733: 
8734: 8621,12877,8847
11341: 11250,11340,11251,11342,11429,11430
8736: 
8737: 8624,8738,8851
8738: 8624,8737,8625,8739,8851
8739: 8625,8853,8738
8740: 8853,8627
11246: 12887
8742: 8629,8743,8855,8856
8743: 8629,8742,8856,8857
8744: 8631,8857
10203: 10306,10202,10098,10307,10204
8746: 8633,8747,8632
8747: 8633,8746,8748,8861
8748: 8749,8747,8861,8862
8749: 8748,8636,8750,8862,8863
8750: 8636,8637,8749,8863,8864
8751: 8638,8752,8865,8637,8864
8752: 8638,8639,8751,8865,8753,8866
8753: 8640,8754,8639,8752,8866,8867
8754: 8640,8753,8641,8755,8867,8868
8755: 8641,8642,8756,8754,8868,8869
8756: 8642,8755,8643,8757,8869,8870
8757: 8643,8644,8756,8758,8870,8871
8758: 8645,8759,8644,8757,8871,8872
8759: 8645,8646,8758,8760,8873,8872
8760: 8647,8761,8646,8759,8873,8874
8761: 8647,8648,8760,8762,8874,8875
8762: 8649,8763,8648,8761,8875,8876
8763: 8649,8762,8650,8877,8764,8876
8764: 8650,8877,8765,8651,8763,8878
8765: 8764,8651,8652,8766,8878,8879
8766: 8880,8653,8652,8765
8767: 8654,8768,8880,8653,8881
8768: 8654,8655,8767,8882,8769,8881
8769: 8656,8770,8883,8655,8768,8882
8770: 8656,8769,8657,8883,8884,8771
8771: 8772,8658,8770,8657,8884,8885
8772: 8658,8771,8659,8773,8885,8886
8773: 8659,8660,8774,8772,8886,8887
8774: 8660,8773,8661,8775,8887,8888
8775: 8661,8662,8774,8888,8889
12798: 12799,12771,12772
8777: 8663,8778,8664,8890,8891
8778: 8665,8779,8664,8777,8892,8891
8779: 8665,8778,8666,8780,8892,8893
8780: 8666,8667,8781,8779,8893,8894
8781: 8667,8780,8668,8782,8894,8895
8782: 8668,8669,8783,8781,8895,8896
8783: 8669,8782,8670,8896,8897
8784: 8670,8898,8785,8671
8785: 8672,8899,8786,8671,8784
8786: 8672,8899,8785,8787,8900,8673
8787: 8674,8788,8901,8900,8673,8786
8788: 8674,8787,8901,8675,8789
8789: 8675,8676,8790,8903,8788
8790: 8676,8789,8903,8677,8791,8904
8791: 8677,8678,8904,8905,8790,8792
8792: 8679,8906,8678,8791,8905
8793: 8679,8906,8680,8794,8907
8794: 8681,8795,8793,8907,8908
8795: 8681,8794,8682,8796,8908,8909
8796: 8682,8683,8797,8795,8909,8910
8797: 8683,8796,8684,8798,8910,8911
8798: 8684,8685,8799,8797,8911,8912
8799: 8685,8798,8800,8912,8913
8800: 8914,8687,8686,8799
8801: 8688,8915,8802,8914,8687,9027
8802: 8688,8915,8801,8689,8803
8803: 8690,8804,8802,8917,8916
8804: 8690,8803,8691,8805,8917,8918
8805: 8691,8692,8806,8804,8918,8919
8806: 8692,8805,8693,8807,8919,8920
8807: 8693,8694,8808,8806,8920,8921
8808: 8694,8807,8695,8809,8921,8922
8809: 8923,8695,8696,8808,8922
8810: 8924,8811,8696,8697,8923
8811: 8924,8810,8697,8698,8812
8812: 8813,8699,8811,8925,8926
8813: 8699,8812,8700,8814,8926,8927
8814: 8700,8701,8815,8813,8927,8928
8815: 8701,8814,8702,8816,8928,8929
8816: 8702,8815,8929,8930
12657: 
8818: 8819,8931,8932
8819: 8820,8818,8932,8933
8820: 8706,8819,8821,8933
8821: 8935,8822,8707,8820
8822: 8935,8821,8708,8936
8823: 12825,8709,8824
8824: 8711,12825,8823,8938
10539: 10538,10639,10437,10438
8826: 8713,8827,8940
8827: 8713,8714,8826,8828,8940
8828: 8715,8829,8714,8827
8829: 8715,8828,8716,8830,8943
8830: 8831,8717,8829,8716,8943
8831: 8830,8717
11502: 11588
8833: 8720,8947,8946
10528: 10628,10629,10527,10426,10427,10529
8835: 8722,8949
10881: 10975,10976,10882,10783,10880
10373: 10270,10271,10372
11362: 11271,11361,11272,11363,11450,11451
11173: 11081,11174,11080,11265
12540: 
8841: 8842
8842: 8841
8843: 12912,8956
12843: 433,496,564
12119: 12044
8846: 
8847: 12882,8734,12877
11544: 11457,11543,11545,11629,11630
8849: 12877
10422: 10320,10423,10319,10523,10524
8851: 8737,8738
11098: 11097,11190,11004,11005,11099,11191
8853: 8739,8740,12865
11614: 11529,11528
8855: 8742,8856
8856: 8857,8969,8742,8743,8855
8857: 8856,8969,8743,8744,8970
11068: 11067,10975,11069,11161
10822: 10723,10821,10724,10919,10920
12173: 12241,12102,12174,12242,12101,12172
8861: 8862,8974,8747,8748
8862: 8861,8974,8975,8749,8748,8863
8863: 8864,8976,8749,8750,8862,8975
8864: 8863,8976,8750,8751,8865,8977
8865: 8751,8752,8864,8866,8977,8978
8866: 8978,8752,8865,8753,8867,8979
8867: 8979,8980,8753,8754,8866,8868
8868: 8869,8981,8754,8755,8867,8980
8869: 8868,8981,8982,8755,8756,8870
8870: 8983,8871,8756,8757,8869,8982
8871: 8870,8983,8757,8758,8984,8872
8872: 8873,8984,8985,8759,8758,8871
8873: 8985,8872,8759,8760,8874,8986
8874: 8875,8986,8987,8760,8761,8873
8875: 8874,8987,8761,8762,8876,8988
8876: 8988,8989,8762,8763,8877,8875
8877: 8764,8763,8876,8878,8990
8878: 8990,8991,8877,8764,8765,8879
8879: 8992,8993,8765,8880,8878,8991
8880: 8766,8767,8879,8993
8881: 8994,8767,8768,8882,8993
8882: 8768,8769,8883,8881,8994,8995
8883: 8769,8770,8884,8882,8995,8996
8884: 8770,8883,8771,8996,8885,8997
8885: 8997,8998,8884,8772,8771,8886
8886: 8887,8999,8772,8773,8885,8998
8887: 8886,8999,9000,8773,8774,8888
8888: 8889,9001,8774,8775,8887,9000
8889: 8888,9001,9002,8775
8890: 9003,8777,9002,8891
8891: 8892,9004,8777,8778,8890,9003
8892: 9004,9005,8891,8778,8779,8893
8893: 8894,9006,8779,8780,8892,9005
8894: 8893,9006,9007,8780,8781,8895
8895: 8896,9008,8781,8782,8894,9007
8896: 8895,9008,9009,8782,8783,8897
8897: 9010,8783,8898,8896,9009
8898: 8784,8897,9010,9011
8899: 8785,8786,8900,9012
8900: 8787,8901,8899,8786,9012,9013
8901: 8787,8788,8900,9013,8902
8902: 9015,8901,8903,9014
8903: 8789,8790,8904,8902,9016
8904: 8791,8905,8790,8903,9016,9017
8905: 8791,8904,8792,9017,9018
8906: 8792,8793,9019,8907,9018
8907: 9019,8906,8793,8794,8908,9020
8908: 9020,9021,8794,8795,8907,8909
8909: 8910,9022,8795,8796,8908,9021
8910: 8909,9022,9023,8796,8797,8911
8911: 8912,9024,8797,8798,8910,9023
8912: 8911,9024,9025,8798,8799,8913
8913: 9026,8799,8914,8912,9025
8914: 8800,8801,8913,9027
8915: 8801,8802,9027,8916
8916: 8917,9029,8915,8803,9028
8917: 9029,9030,8916,8803,8804,8918
8918: 8919,9031,8804,8805,8917,9030
8919: 8918,9031,9032,8805,8806,8920
8920: 8921,9033,8806,8807,8919,9032
8921: 8920,9033,9034,8807,8808,8922
8922: 9035,8808,8923,8809,8921,9034
8923: 8809,8810,8922,9035
8924: 8810,8811,8925
8925: 9037,8924,8812,8926,9038
8926: 9039,9038,8813,8812,8925,8927
8927: 8928,9040,8813,8814,9039,8926
8928: 8927,9040,9041,8814,8815,8929
8929: 8930,9042,8815,8816,8928,9041
8930: 8929,9042,9043,8816
8931: 8932,9044,8818,9043
8932: 8931,9044,8818,8819,8933,9045
8933: 9045,9046,8819,8820,8932
8934: 
8935: 8822,8821,8936,9047
8936: 8935,8822,12825
8937: 9049,12825,8938,9050
8938: 8824,8937
8939: 
8940: 9053,9052,8826,8827
12473: 
11740: 11656,11657,12958
8943: 9056,8829,8830,9055
11176: 11083,11084,11177,11267,11268
11819: 11898,11899,11737
8946: 8833,8947
8947: 8833,8946,12976
8948: 
8949: 9062,8835,8950
8950: 9063,8949,9062
10716: 10715,10814,10616,10617,10717,10815
10273: 10274,12926,10169,10375
8953: 9066
11780: 11779,11860,11781
11277: 11276,11367,11185,11186,11278,11368
8956: 9069,8843
8957: 
8958: 9071,12882,8959
8959: 12882,9071,8958,9183,9072
11810: 11811,11889,11728,11809
10564: 10462
11211: 11119,11212,11118,11210,11302,11303
12478: 
10693: 10692,10791,10593,10594,10694,10792
8965: 
12102: 12173,12174,12028,12029,12101,12103
10853: 10754
10502: 10503,10603,10602
8969: 8856,8857,8970,9081
8970: 12925,8857,8969,9082
8971: 
8972: 9085,9084
10414: 10311,10312,10413,10415,10515,10516
8974: 8861,8862,8975,9086,9087
8975: 8862,8974,8863,8976,9087,9088
8976: 8863,8864,8975,8977,9088,9089
8977: 8978,9090,8865,8864,8976,9089
8978: 9091,8866,8977,9090,8865,8979
8979: 8867,8980,9092,9091,8866,8978
8980: 8867,8979,9092,8868,8981,9093
8981: 8868,8869,8982,9093,9094,8980
8982: 8869,8981,9094,8870,8983,9095
8983: 8870,9096,9095,8871,8982,8984
8984: 8985,9097,8872,9096,8983,8871
8985: 9098,8873,8984,9097,8872,8986
8986: 8874,8987,9099,9098,8873,8985
8987: 8874,8875,8986,9099,9100,8988
8988: 8876,8989,9101,8875,8987,9100
8989: 8876,8988,9101,9102,8990
8990: 9103,8878,8991,8877,8989,9102
8991: 9103,8878,8990,8879,8992,9104
8992: 8879,8993,8991,9104,9105
8993: 8879,8992,8880,8881
8994: 8881,8882,8995
8995: 9108,8996,8882,8883,8994
8996: 9108,8995,9109,8883,8884,8997
8997: 9110,8885,8998,8884,8996,9109
8998: 9110,8885,8997,8886,8999,9111
8999: 8886,8887,9000,9111,9112,8998
9000: 8887,8999,9112,8888,9001,9113
9001: 8888,8889,9002,9113,9114,9000
9002: 8889,9001,9114,8890,9115
9003: 8890,9004,8891,9116
9004: 8892,9005,8891,9003,9117,9116
9005: 8892,9004,8893,9006,9117,9118
9006: 8893,8894,9007,9005,9119,9118
9007: 8894,9006,8895,9008,9119,9120
9008: 8895,8896,9009,9007,9120,9121
9009: 8896,9008,8897,9010,9121,9122
9010: 8897,8898,9009,9011,9122,9123
9011: 9124,8898,9010,9123
9012: 8899,8900,9125,9013
9013: 9125,9014,8901,8900,9012
9014: 9013,8902,9015,9126,9127
9015: 8902,9016,9014,9127,9128
9016: 9015,8903,8904,9129,9017
9017: 9130,9129,8904,8905,9016
9018: 9019,8905,8906,9130,9131
9019: 8907,9018,8906,9020,9132,9131
9020: 8908,9021,9019,8907,9132,9133
9021: 8908,9020,8909,9022,9133,9134
9022: 8909,8910,9023,9021,9134,9135
9023: 8910,9022,8911,9024,9135,9136
9024: 8911,8912,9025,9023,9136,9137
9025: 8912,9024,8913,9026,9137,9138
9026: 8913,9025,9138,9139
9027: 12823,8914,8915,8801
9028: 12823,9029,8916,9140,9141
9029: 8917,9030,8916,9028,9142,9141
9030: 8917,9029,8918,9031,9142,9143
9031: 8918,8919,9032,9144,9030,9143
9032: 8919,9031,9144,8920,9033,9145
9033: 8920,8921,9034,9146,9145,9032
9034: 8921,9033,9146,8922,9035,9147
9035: 8922,9147,8923,9034
10668: 10667,10669
9037: 8925,9038,9149,9150
9038: 9039,8926,9037,8925,9150,9151
9039: 8926,9038,8927,9040,9151,9152
9040: 8927,8928,9041,9039,9152,9153
9041: 8928,9040,8929,9042,9154,9153
9042: 8929,8930,9155,9043,9154,9041
9043: 8930,9042,9155,8931,9156
9044: 8931,8932,9156,9045,9157
9045: 8933,9046,8932,9044,9157,9158
9046: 8933,9045,9159,9047,9158
9047: 9159,8935,9046
10354: 10355,10251
9049: 8937,9050,9161,9162
9050: 9049,8937,9162,9163
10779: 10681,10680,10778
9052: 8940,9053,9164
9053: 8940,9052,9166,9054
9054: 9055,9167,9053,9166
9055: 9054,9167,8943,9056,9168
9056: 8943,9057,9168,9055,9169
9057: 9056,9169
12972: 12914,6624,6625
11378: 11287,11377,11288,11379,11467
11509: 
10547: 10548,10648,10445,10446,10647,10546
9062: 8949,8950,9063,9175
9063: 8950,9062,9175,9176
12400: 12336
12562: 12563
9066: 8953,9178
10628: 10528,10629,10527,10627,10728,10727
12434: 12493,12492,12433
9069: 8956,9181
10238: 10239,10134,10237,10341,10342
9071: 8958,8959,9183
9072: 9184,9073,8959,9183
9073: 9072,9184,9074,9185
9074: 9186,9185,9075,9073
9075: 9074,9186
12194: 12123,12979,12193,12262,12263
9077: 
9078: 9189
11593: 11677,11592
12475: 12530,12531,12474
9081: 9193,8969,9082
9082: 8970,12925,9081,9193
10811: 10712,10810,10713,10812,10908,10909
9084: 9085,9196,12925,8972,9195
9085: 9197,9084,8972,9086
9086: 9087,9198,8974,9085,9197
9087: 9086,9198,9199,8974,8975,9088
9088: 9089,9200,8975,8976,9087,9199
9089: 9088,9200,8976,8977,9090,9201
9090: 9091,8977,8978,9089,9201,9202
9091: 8978,9090,8979,9092,9202,9203
9092: 8979,8980,9091,9093,9203,9204
9093: 8981,9094,8980,9092,9204,9205
9094: 8981,8982,9093,9095,9205
9095: 9096,8983,8982,9094,9207
9096: 8983,9095,8984,9097,9208,9207
9097: 9098,8984,8985,9096,9208,9209
9098: 8985,9097,8986,9099,9209,9210
9099: 8986,8987,9100,9098,9210,9211
9100: 8987,9099,8988,9101,9211,9212
9101: 8988,8989,9102,9100,9212,9213
9102: 8989,9101,9103,8990,9213
9103: 8990,8991,9102,9214,9104
9104: 9105,9103,8991,8992,9215
9105: 9104,9216,8992
12542: 12543
9107: 9218,9108,9219
9108: 8995,8996,9109,9107,9220
9109: 9108,8996,9110,8997,9220,9221
9110: 8997,8998,9109,9111,9222,9221
9111: 8999,9112,9110,8998,9222,9223
9112: 8999,9000,9111,9113,9223,9224
9113: 9001,9114,9000,9112,9224,9225
9114: 9001,9002,9113,9115,9226,9225
9115: 9002,9114,9226,9227
9116: 9117,9228,9003,9004
9117: 9228,9229,9116,9004,9005,9118
9118: 9119,9230,9005,9006,9117,9229
9119: 9230,9231,9118,9006,9007,9120
9120: 9121,9232,9007,9008,9119,9231
9121: 9120,9232,9233,9008,9009,9122
9122: 9234,9123,9009,9010,9121,9233
9123: 9122,9234,9010,9124,9011,9235
9124: 9011,9123,9235
9125: 9013,9012,9126
9126: 9237,9238,9125,9014,9127
9127: 9128,9239,9014,9015,9126,9238
9128: 9127,9239,9240,9015,9129
9129: 9017,9016,9128
9130: 9017,9018,9242,9131
9131: 9243,9132,9242,9130,9019,9018
9132: 9243,9131,9019,9020,9133,9244
9133: 9244,9245,9020,9021,9132,9134
9134: 9135,9246,9021,9022,9133,9245
9135: 9134,9246,9247,9022,9023,9136
9136: 9137,9248,9023,9024,9135,9247
9137: 9136,9248,9249,9024,9025,9138
9138: 9139,9250,9025,9026,9137,9249
9139: 9138,9250,9026,12823,9251
9140: 9252,9251,9028,12823,9141
9141: 9253,9142,9028,9029,9140,9252
9142: 9253,9254,9141,9029,9030,9143
9143: 9255,9030,9031,9144,9254,9142
9144: 9031,9032,9145,9255,9256,9143
9145: 9033,9146,9032,9144,9256,9257
9146: 9033,9034,9145,9147,9257,9258
9147: 9035,9034,9146,9148,9258
9148: 9259,9147,9260
9149: 9260,9261,9037,9150
9150: 9262,9151,9037,9038,9149,9261
9151: 9263,9262,9150,9039,9038,9152
9152: 9264,9153,9039,9040,9263,9151
9153: 9264,9265,9152,9040,9041,9154
9154: 9042,9155,9041,9265,9153,9266
9155: 9042,9043,9154,9156,9266,9267
9156: 9044,9155,9043,9267,9268
9157: 9268,9044,9045,9158,9269
9158: 9269,9270,9045,9046,9159,9157
9159: 9047,9046,9158,9270,9160
9160: 9272,9271,9159,9161
9161: 9162,9049,9272,9160
9162: 9161,9049,9050,9163
9163: 9275,9050,9164,9162
9164: 9052,9163
11576: 11489,11575,11577,11662
9166: 9053,9054,9167
9167: 9055,9054,9166,9168,12967
9168: 9056,9055,9167,12967,9169
9169: 9281,9057,9056,9168
12905: 12567,12618
10928: 10927,11022,10830,10929
9172: 
9173: 9285,9284
10529: 10530,10630,10427,10428,10528,10629
9175: 9176,9062,9063,9286
9176: 9175,9063
10342: 10341,10444,10445,10239,10238,10343
9178: 9290,9066
11877: 11797,11798,11876,11955
9180: 
9181: 9069,12848
10926: 10925,11021,10828,10829,10927
9183: 9071,8959,9072
9184: 9072,9073,9185
9185: 9074,9186,9184,9073
9186: 9074,9185,9075
12325: 12326,12390
10168: 10063,10167
9189: 9078,9300,9299
11436: 11435,12980,11347
10814: 10715,10716,10813,10815,10911,10912
12117: 12116,12906,12043,12118,12189
9193: 9081,9304,9303,9082
10324: 10426,10427,10323,10221,10325
9195: 9196,9084,9306
9196: 9084,9195
9197: 9085,9086,9198,9308
9198: 9086,9087,9199,9308,9309,9197
9199: 9087,9198,9309,9088,9200,9310
9200: 9088,9089,9310,9311,9199,9201
9201: 9312,9202,9090,9089,9200,9311
9202: 9313,9312,9201,9091,9090,9203
9203: 9314,9204,9091,9092,9313,9202
9204: 9314,9203,9092,9093,9315,9205
9205: 9316,9315,9093,9094,9204
9206: 
9207: 9208,9318,9317,9096,9095
9208: 9318,9207,9096,9097,9209,9319
9209: 9319,9320,9098,9097,9208,9210
9210: 9321,9211,9098,9099,9209,9320
9211: 9322,9321,9210,9099,9100,9212
9212: 9323,9213,9100,9101,9322,9211
9213: 9323,9212,9101,9102
9214: 9215,9103,9324,9325
9215: 9214,9104,9216,9325,9326
9216: 9105,9217,9215,9326,9327
9217: 9216,9327,9328
9218: 9107,9219,9329,9328
9219: 9220,9107,9218,9329,9330
9220: 9219,9331,9108,9109,9221
9221: 9222,9332,9109,9110,9220,9331
9222: 9332,9221,9110,9111,9333,9223
9223: 9334,9333,9224,9111,9112,9222
9224: 9334,9223,9112,9113,9225,9335
9225: 9226,9336,9335,9113,9114,9224
9226: 9336,9225,9114,9115,9337,9227
9227: 9337,9338,9115,9226
9228: 9117,9229,9339,9116,9338
9229: 9117,9228,9339,9230,9340,9118
9230: 9341,9119,9231,9340,9118,9229
9231: 9341,9119,9230,9120,9232,9342
9232: 9120,9121,9342,9233,9343,9231
9233: 9121,9232,9343,9122,9234,9344
9234: 9122,9123,9344,9345,9233,9235
9235: 9124,9234,9123,9345
12756: 12723
9237: 9126,9238,9347,9348
9238: 9126,9237,9127,9239,9348,9349
9239: 9127,9128,9240,9238,9350,9349
9240: 9128,9239,9350,9351
12740: 
9242: 9243,9131,9353,9130
9243: 9132,9242,9131,9354,9353,9244
9244: 9133,9245,9355,9243,9132,9354
9245: 9133,9244,9355,9134,9246,9356
9246: 9134,9135,9247,9356,9357,9245
9247: 9135,9246,9357,9136,9248,9358
9248: 9136,9137,9249,9247,9359,9358
9249: 9137,9248,9138,9250,9360,9359
9250: 9138,9139,9361,9360,9249,9251
9251: 9140,9362,9139,9250,9361
9252: 9140,9362,9253,9141,9363
9253: 9364,9254,9142,9141,9252,9363
9254: 9364,9253,9142,9365,9255,9143
9255: 9366,9365,9256,9143,9144,9254
9256: 9366,9255,9144,9145,9367,9257
9257: 9367,9368,9146,9145,9256,9258
9258: 9259,9146,9147,9368,9257
9259: 9370,9148,9258,9369
9260: 9149,9261,9371,9370,9148
9261: 9149,9260,9371,9262,9150,9372
9262: 9373,9263,9150,9151,9372,9261
9263: 9373,9262,9151,9374,9264,9152
9264: 9374,9375,9265,9152,9153,9263
9265: 9375,9264,9153,9154,9376,9266
9266: 9376,9377,9267,9155,9154,9265
9267: 9377,9266,9155,9156,9378,9268
9268: 9378,9157,9156,9267
9269: 9158,9270,9380,9157
9270: 9158,9269,9380,9159,9271,9381
9271: 9272,9160,9270,9381
9272: 9160,9271,9161,9383
9273: 
12103: 12104,12029,12030,12102,12174
9275: 9163,9276,9385
9276: 9275,9387
12947: 171,124
12261: 
10226: 10121,10122,10225,10227,10330
12244: 12243,12176,12311
9281: 9169,9391
12169: 12170,12237
9283: 9284,9393
9284: 9283,9173,9285
9285: 9173,9286,9284
9286: 9285,9175
11122: 
9288: 
11969: 12044,12043,11891,11892,11968
9290: 9178,9401
11281: 11372,11190,11189
11280: 11371,11370,11279,12819
10173: 10068,10172,10069,10174,10276,10277
10572: 10473,12982
10251: 10146,10354,10355
12952: 2208,2306,2407
11512: 
9298: 9408,9299
9299: 9409,9300,9189,9408,9298
9300: 9409,9410,9299,9189,9301
9301: 9411,9410,9300
9302: 
9303: 9304,9193,9412,9413
9304: 9303,9193,9413,9414
10710: 10808,10809,10611,10711
9306: 9195,9416
9307: 
9308: 9198,9309,9197,9417,12960
9309: 9198,9199,9308,9310,9419,12960
9310: 9200,9311,9199,9309,9419,9420
9311: 9200,9310,9312,9201,9421
9312: 9313,9201,9202,9311,9421,9422
9313: 9312,9202,9314,9203,9422,9423
9314: 9203,9204,9313,9315,9423,9424
9315: 9316,9205,9314,9204,9424,9425
9316: 9315,9205,9317,9425,9426
9317: 9318,9207,9316,9426,9427
9318: 9208,9207,9317,9319,9427
9319: 9209,9320,9208,9318,9428
9320: 9209,9319,9321,9210,9429
9321: 9322,9210,9211,9320
9322: 9321,9211,9323,9212,9431
9323: 9212,9213,9322,9432
9324: 9434,9325,9214,9433
9325: 9434,9435,9324,9215,9214,9326
9326: 9436,9327,9215,9216,9435,9325
9327: 9436,9326,9216,9217,9437
9328: 9437,9438,9329,9217,9218
9329: 9438,9328,9218,9219,9439,9330
9330: 9439,9440,9219,9331,9329
9331: 9220,9332,9221,9330,9441
9332: 9222,9221,9331,9333,9441,9442
9333: 9334,9223,9222,9332,9442,9443
9334: 9333,9223,9224,9335,9443,9444
9335: 9336,9225,9334,9224,9444,9445
9336: 9226,9225,9335,9445,9446
9337: 9338,9227,9226,9446,9447
9338: 9337,9227,9228
9339: 9228,9229,9340,9449
9340: 9341,9230,9229,9339,9449,9450
9341: 9230,9231,9340,9342,9450,9451
9342: 9232,9343,9341,9231,9451,9452
9343: 9232,9342,9233,9344,9452,9453
9344: 9234,9345,9233,9343,9453,9454
9345: 9234,9344,9235,9454,9455
9346: 9455,9456,9347
9347: 9457,9348,9237,9456,9346
9348: 9457,9458,9347,9237,9238,9349
9349: 9459,9350,9238,9239,9458,9348
9350: 9459,9460,9349,9239,9240,9351
9351: 9461,9240,9460,9350
9352: 9461,9353,9462
9353: 9243,9242,9354,9352,9463
9354: 9243,9353,9244,9355,9463,9464
9355: 9244,9245,9354,9356,9464,9465
9356: 9246,9357,9245,9355,9465,9466
9357: 9246,9247,9356,9466,9467,9358
9358: 9468,9359,9247,9357,9248,9467
9359: 9468,9469,9358,9248,9249,9360
9360: 9250,9361,9249,9469,9359,9470
9361: 9250,9360,9362,9251,9470,9471
9362: 9252,9251,9361,9471,9472
9363: 9473,9252,9364,9253,9472
9364: 9253,9254,9365,9473,9474,9363
9365: 9366,9255,9364,9254,9474,9475
9366: 9365,9255,9256,9367,9475,9476
9367: 9368,9257,9366,9256,9476,9477
9368: 9367,9257,9258,9477,9478,9369
9369: 9479,9368,9259,9478
9370: 9259,9260,9371,9479,9480
9371: 9260,9261,9370,9372,9480,9481
9372: 9373,9262,9261,9371,9481,9482
9373: 9263,9262,9372,9374,9482,9483
9374: 9375,9264,9373,9263,9483,9484
9375: 9374,9264,9265,9376,9484,9485
9376: 9377,9266,9375,9265,9485,9486
9377: 9376,9266,9267,9378,9486,9487
9378: 9268,9377,9267,9487
12946: 12759,12687,12688,12725
9380: 9269,9270,9490,9381
9381: 9491,9270,9380,9271,9490
12054: 11979,12055,12128
9383: 9493,9384,9272,9492
9384: 9493,9494,9383,9385
9385: 9275,9494,9384
12763: 
9387: 9497,9388,9276
9388: 9387,9497,9498
12921: 4978,4862,4863,4979,5097
9390: 12967,9391,9499,9500
9391: 9281,9390,9500
9392: 
9393: 9283,9502,9503
9394: 
11104: 11103,11196,11010,11011,11105,11197
9396: 
10409: 10306,10408,10307,10410,10510,10511
12634: 12635,12678,12587,12633
9399: 
10920: 10921,10822,10919,11014
9401: 9290
12855: 10063,10166,10167
10232: 10128,10233,10127,10335,10336
9404: 
12723: 12756
10162: 10266
9407: 
9408: 9298,9409,9299
9409: 9410,9300,9299,9408
9410: 9409,9300,9411,9520,9301
9411: 9520,9521,9301,9410
9412: 9413,9303,9521
9413: 9412,9304,9303,9414
9414: 9524,9525,9304,9413
10686: 10685,10586,10587,10785,10687
9416: 9417,9526,9306,9525,12961
9417: 9416,9526,9308,9418,12960
9418: 12960,9528,9417,9526,9527,9636
9419: 12960,9528,9309,9310,9420,9529
9420: 9529,9530,9310,9419,9421
9421: 9422,9531,9311,9312,9420,9530
9422: 9421,9531,9532,9313,9312,9423
9423: 9424,9533,9313,9314,9422,9532
9424: 9423,9533,9314,9315,9425,9534
9425: 9426,9534,9535,9316,9315,9424
9426: 9425,9535,9316,9317,9536
9427: 9536,9537,9318,9317,9428
9428: 9429,9538,9319,9427,9537
9429: 9428,9538,9320,9430,9539
9430: 9431,9429,9539,9540
9431: 9430,9322,9432,9540,9541
9432: 9433,9323,9431,9541,9542
9433: 9432,9434,9324,9542,9543
9434: 9435,9324,9325,9433,9543,9544
9435: 9434,9325,9436,9326,9544,9545
9436: 9326,9546,9327,9435,9545
9437: 9438,9547,9328,9546,9327
9438: 9437,9547,9548,9329,9328,9439
9439: 9440,9330,9438,9548,9329,9549
9440: 9439,9330,9441,9550,9549
9441: 9442,9331,9332,9440
9442: 9441,9332,9333,9443
9443: 9444,9552,9334,9333,9442
9444: 9443,9553,9334,9335,9445
9445: 9554,9446,9336,9335,9444
9446: 9445,9555,9336,9337,9447
9447: 9337,9446,9556
12695: 12651,12694,12652
9449: 9339,9340,9450,9559
9450: 9451,9560,9559,9341,9340,9449
9451: 9450,9560,9341,9342,9452,9561
9452: 9561,9562,9342,9343,9451,9453
9453: 9454,9563,9343,9344,9452,9562
9454: 9453,9563,9564,9344,9345,9455
9455: 9346,9345,9454,9564
9456: 9346,9457,9347,9565,9566
9457: 9458,9347,9348,9456,9567,9566
9458: 9457,9348,9459,9568,9349,9567
9459: 9460,9568,9350,9349,9569,9458
9460: 9459,9350,9569,9461,9351,9570
9461: 9352,9351,9571,9570,9460
9462: 9463,9352,9571,9572
9463: 9462,9573,9354,9353,9464
9464: 9465,9574,9354,9355,9463,9573
9465: 9464,9574,9575,9355,9356,9466
9466: 9467,9576,9356,9357,9465,9575
9467: 9466,9576,9357,9468,9577,9358
9468: 9469,9577,9578,9359,9358,9467
9469: 9468,9578,9359,9360,9470,9579
9470: 9579,9580,9361,9360,9469,9471
9471: 9472,9581,9361,9362,9470,9580
9472: 9471,9581,9582,9362,9363
9473: 9474,9583,9363,9364,9582
9474: 9473,9583,9364,9365,9475,9584
9475: 9476,9584,9585,9366,9365,9474
9476: 9475,9585,9366,9367,9477
9477: 9478,9367,9368,9476
9478: 9477,9368,9369,9587,9588
9479: 9589,9369,9370,9480
9480: 9481,9590,9370,9371,9589,9479
9481: 9480,9590,9371,9372,9482,9591
9482: 9483,9591,9592,9373,9372,9481
9483: 9482,9592,9373,9374,9484,9593
9484: 9485,9593,9594,9374,9375,9483
9485: 9484,9594,9375,9376,9486,9595
9486: 9595,9376,9377,9485,9487
9487: 9377,9378,9486
9488: 9489,9597,9598
9489: 9490,9488,9599,9598
9490: 9489,9380,9491,9381,9599,9600
9491: 9492,9381,9490,9601,9600
9492: 9491,9493,9602,9383,9601
9493: 9602,9494,9383,9384,9492
9494: 9493,9384,9385
11709: 11625,11626,11708,11710
12971: 12736,12881
9497: 9387,9606,9388,9498
9498: 9499,9497,9388
9499: 9498,9390,9500
9500: 9390,9391,9499
12461: 
9502: 12850,9393,9503
9503: 9504,9393,9502
9504: 9503,9505
9505: 9506,9504
9506: 9505
9507: 
11400: 11310,11399,11488,11489
9509: 
12567: 12512,12905
10711: 10712,10810,10611,10612,10710,10809
9512: 
11612: 11611,11695,11526,11527,11613,11696
11781: 11861,11780,11860
11479: 11390,11391,11480,11566
9516: 9625
12746: 12745,12708
10722: 10723,10821,10622,10623,10721,10820
11199: 11106,11107,11200,11198,11290,11291
9520: 9411,9410
9521: 9411,9412,9630
10543: 10643,10441,10442,10544,10644
11669: 11668,12962,11583
9524: 9414,9525,9633
9525: 9414,9524,9416,12961
9526: 9416,9417,9418,12961,9527
9527: 9526,9418
9528: 9418,9419,12960,9529,9636,9637
9529: 9420,9530,9419,9528,9638,9637
9530: 9420,9529,9421,9531
9531: 9421,9422,9532,9530,9640
9532: 9422,9531,9423,9533,9640,9641
9533: 9423,9424,9532,9534,9641,9642
9534: 9425,9535,9424,9533,9642,9643
9535: 9425,9426,9534,9536,9643
9536: 9427,9537,9426,9535,9645
9537: 9427,9536,9428,9538,9645,9646
9538: 9428,9429,9537,9646,9647,9539
9539: 9647,9429,9538,9430,9648,9540
9540: 9648,9649,9541,9430,9431,9539
9541: 9649,9540,9431,9432,9650,9542
9542: 9650,9651,9432,9433,9541,9543
9543: 9652,9544,9433,9434,9651,9542
9544: 9652,9653,9543,9434,9435,9545
9545: 9654,9435,9436,9653,9544
9546: 9436,9437,9547,9654,9655
9547: 9437,9438,9548,9546,9655,9656
9548: 9438,9547,9439,9656,9657,9549
9549: 9657,9658,9550,9548,9439,9440
9550: 9658,9549,9440,9659
12629: 12857
9552: 9443,9553,9661
9553: 9444,9552,9554,9661,9662
9554: 9445,9555,9553,9663,9662
9555: 9554,9446,9663,9664,9556
9556: 9664,9665,9557,9555,9447
9557: 9665,9556,9666,9558
9558: 9666,9667,9559,9557
9559: 9450,9560,9449,9667,9558,9668
9560: 9450,9451,9559,9561,9668,9669
9561: 9452,9562,9451,9560,9669,9670
9562: 9452,9561,9453,9563,9670,9671
9563: 9453,9454,9564,9562,9672,9671
9564: 9454,9563,9455,9672
9565: 9673,9674,9456,9566
9566: 9675,9567,9456,9457,9674,9565
9567: 9675,9676,9566,9457,9458,9568
9568: 9459,9569,9458,9676,9567,9677
9569: 9459,9460,9568,9570,9677,9678
9570: 9461,9571,9460,9569,9678,9679
9571: 9461,9570,9462,9679,9680
9572: 9681,9462,9573,9680
9573: 9463,9464,9574,9572,9682
9574: 9464,9465,9575,9573,9682,9683
9575: 9465,9574,9466,9576,9683,9684
9576: 9466,9467,9575,9577,9684,9685
9577: 9468,9578,9467,9576,9685,9686
9578: 9468,9469,9577,9579,9686,9687
9579: 9470,9580,9469,9578,9688,9687
9580: 9470,9579,9471,9581,9688,9689
9581: 9471,9472,9582,9580,9689,9690
9582: 9472,9581,9473,9690,9691
9583: 9473,9474,9584,9691,9692
9584: 9475,9585,9474,9583,9693
9585: 9475,9476,9584,9694,9586
9586: 9695,9587,9585,9694
9587: 9695,9586,9696,9478,9588
9588: 9697,9478,9587,9696
9589: 9479,9480,9590,9698
9590: 9480,9481,9589,9591,9698,9699
9591: 9482,9592,9481,9590,9699,9700
9592: 9482,9483,9591,9593,9700,9701
9593: 9484,9594,9483,9592,9701,9702
9594: 9484,9485,9593,9595,9702,9703
9595: 9486,9485,9594,9703,9704
12954: 12538,12590,12637,12638
9597: 9705,9706,9488,9598
9598: 9599,9488,9489,9706,9597
9599: 9708,9598,9489,9490,9600
9600: 9709,9601,9490,9491,9708,9599
9601: 9709,9710,9600,9491,9492,9602
9602: 9493,9492,9710,9601
11539: 11452,11538,11453,11624,11625
9604: 
9605: 9606,9713
9606: 9497,9605,9715
10381: 10279,10278,12943,10482,10483
9608: 
12264: 
12367: 12302,12366,12429
9611: 9720,12850
10939: 10938,11033,10841,10842,10940
10507: 10506,10607,10405,10406,10508,10608
12587: 12588,12634,12635
10513: 10614,10411,10512,10613
9616: 
9617: 9725
9618: 
11169: 11170,11260,11261
10905: 10904,10999,10807,10808,10906,11000
11714: 11715,11631,11713,11630,11795,11796
10323: 10324,10426,10219,10322,10425
9623: 12903,9731
12959: 626,627,697
9625: 9733,9734,9516
10511: 10512,10612,10409,10410,10510,10611
10522: 10523,10623,10420,10521,10622
11090: 11091,11183,10996,10997,11089,11182
11067: 11068,11160
9630: 9739,9521
9631: 
11841: 11762,11919,11918
9633: 9742,9524,9634,12961
9634: 12961,9743,9633,9742
11526: 11440,11525,11527,11611,11612
9636: 9745,9418,9528,9637
9637: 9638,9746,9528,9529,9636,9745
9638: 9746,9747,9637,9529
11870: 11871,11947
9640: 9531,9532,9641
9641: 9642,9532,9533,9640
9642: 9641,9533,9534,9643,9751
9643: 9751,9534,9535,9642
9644: 
9645: 9646,9536,9537
9646: 9645,9754,9537,9538,9647
9647: 9756,9755,9539,9538,9646,9648
9648: 9649,9757,9540,9756,9647,9539
9649: 9648,9757,9758,9540,9541,9650
9650: 9651,9759,9542,9649,9758,9541
9651: 9650,9759,9542,9652,9760,9543
9652: 9653,9760,9761,9543,9544,9651
9653: 9652,9761,9544,9762,9545
9654: 9545,9546,9655
9655: 9656,9764,9546,9547,9654
9656: 9655,9765,9764,9547,9548,9657
9657: 9658,9766,9549,9548,9656,9765
9658: 9657,9766,9550,9767,9549,9659
9659: 9768,9658,9550,9767
12819: 11188,11189,11280,11279
9661: 9770,9552,9553,9662
9662: 9663,9771,9553,9554,9661,9770
9663: 9771,9772,9662,9554,9555,9664
9664: 9665,9773,9556,9555,9663,9772
9665: 9664,9773,9774,9557,9556,9666
9666: 9775,9558,9665,9774,9557
9667: 9558,9559,9668,9776
9668: 9669,9776,9777,9560,9559,9667
9669: 9668,9777,9560,9561,9670,9778
9670: 9778,9779,9561,9562,9669,9671
9671: 9672,9780,9562,9563,9670,9779
9672: 9781,9780,9671,9563,9564
9673: 9674,9565,9781,9782
9674: 9673,9565,9675,9566,9783,9782
9675: 9676,9784,9567,9566,9783,9674
9676: 9675,9784,9567,9568,9677,9785
9677: 9678,9785,9786,9568,9569,9676
9678: 9677,9786,9569,9570,9679,9787
9679: 9787,9788,9680,9571,9570,9678
9680: 9679,9788,9571,9572,9789
9681: 9572,9789,9682,9790
9682: 9683,9791,9573,9574,9681
9683: 9682,9791,9574,9575,9684
9684: 9685,9575,9576,9683
9685: 9684,9576,9577
9686: 9795,9577,9578,9687
9687: 9688,9796,9578,9579,9686,9795
9688: 9796,9797,9687,9579,9580,9689
9689: 9690,9798,9580,9581,9688,9797
9690: 9689,9798,9799,9581,9582,9691
9691: 9692,9800,9582,9583,9690,9799
9692: 9691,9800,9583,9693,9801
9693: 9694,9801,9802,9584,9692
9694: 9693,9802,9585,9695,9803,9586
9695: 9803,9804,9587,9586,9696,9694
9696: 9695,9804,9587,9588,9697,9805
9697: 9588,9805,9806,9696
9698: 9699,9807,9589,9590
9699: 9698,9807,9590,9591,9700,9808
9700: 9701,9809,9808,9591,9592,9699
9701: 9700,9809,9592,9593,9702
9702: 9703,9811,9593,9594,9701
9703: 9702,9811,9594,9595,9704,9812
9704: 9812,9595,9703
9705: 9706,9597
9706: 9705,9597,9815,9598
9707: 
9708: 9816,9599,9709,9817,9600
9709: 9710,9817,9818,9601,9600,9708
9710: 9709,9818,9601,9602,9819
12391: 12326,12392,12327,12452,12453
11667: 
9713: 9822,9821,9605
10965: 
9715: 9606
11220: 11221,11312
9717: 9718,9826
9718: 9827,9717,9826
11208: 11115,11209,11207,11299
9720: 9828,9829,9611
10836: 10835,10737,10738,10837,10933,10934
10600: 10499,10599,10699,10700
9723: 9832,9831
9724: 9832,9725
9725: 9834,9617,9724
12049: 11974,12050,11973,12123
10410: 10307,10308,10411,10409,10511,10512
9728: 9836
12446: 12928,12445,12384,12447
9730: 12903,9731,9838
9731: 12903,9730,9623,9838
10150: 
9733: 9625,9734,9841
9734: 9625,9733,9841
11788: 11789,11868,11707
10608: 10508,10609,10507,10607,10707,10708
10337: 10336,10439,10233,10234,10338,10440
10675: 10676
9739: 9630,9847
9740: 
9741: 
9742: 9633,9634,9850
9743: 9634,9850,9851
9744: 
9745: 9636,9746,9637,9852,9853
9746: 9638,9747,9637,9745,9853
9747: 9638,9746,9854
9748: 
10603: 10503,10604,10502,10602,10703,10702
12801: 
9751: 9643,9642
10899: 10994,10898,10801,10802,10900
9753: 9861,9754
9754: 9646,9755,9753,9862
9755: 9756,9647,9754
9756: 9647,9755,9648,9757,9864
9757: 9648,9649,9758,9756,9864,9865
9758: 9649,9757,9650,9759,9865,9866
9759: 9650,9651,9758,9760,9866,9867
9760: 9652,9761,9651,9759,9867,9868
9761: 9652,9653,9760,9762,9868,9869
9762: 9653,9761,9869,9870
10320: 10321,10422,10423,10216,10217,10319
9764: 9655,9656,9765,9871,9872
9765: 9656,9764,9657,9766,9872,9873
9766: 9657,9658,9767,9765,9873,9874
9767: 9658,9766,9659,9768,9874,9875
9768: 9659,9767,9875,9876
9769: 9877,9770,9876
9770: 9661,9771,9662,9877,9769,9878
9771: 9663,9772,9662,9770,9878,9879
9772: 9663,9771,9664,9773,9879,9880
9773: 9664,9665,9774,9772,9880,9881
9774: 9665,9773,9666,9775,9881,9882
9775: 9666,9774,9882,9883
9776: 9668,9777,9667,9884
9777: 9668,9669,9776,9778,9884,9885
9778: 9670,9779,9669,9777,9885,9886
9779: 9670,9778,9780,9671,9886,9887
9780: 9781,9672,9671,9779,9888,9887
9781: 9672,9780,9673,9888
9782: 9889,9890,9673,9674,9783
9783: 9675,9784,9674,9890,9782,9891
9784: 9675,9676,9783,9785,9891,9892
9785: 9677,9786,9676,9784,9892,9893
9786: 9677,9678,9785,9787,9893,9894
9787: 9679,9788,9678,9786,9894,9895
9788: 9679,9787,9680,9789,9895,9896
9789: 9681,9788,9680,9896,9897
9790: 9897,9681,9791,9898
9791: 9682,9683,9790,9792
9792: 9899,9791,9900,9793
9793: 9900,9901,9792
11076: 11077,10982,10983,11075
9795: 9686,9796,9687,9903
9796: 9688,9797,9687,9795,9904
9797: 9688,9796,9689,9798,9905
9798: 9689,9690,9799,9797,9905
9799: 9690,9798,9691,9800
9800: 9691,9692,9799,9801,9907,9908
9801: 9693,9802,9692,9800,9908,9909
9802: 9693,9694,9801,9803,9909,9910
9803: 9695,9804,9694,9802,9910,9911
9804: 9695,9803,9696,9805,9911,9912
9805: 9697,9806,9804,9696,9912,9913
9806: 9697,9805,9913,9914
9807: 9698,9699,9808,9915
9808: 9700,9809,9699,9807,9915,9916
9809: 9700,9701,9808,9916,9917
11625: 11709,11539,11624,11708
9811: 9702,9703,9812,9918,9919
9812: 9704,9703,9811,9919,9920
10222: 10117,10118,10223,10221,10325,10326
9814: 
9815: 9816,9706,9923
9816: 9708,9815,9817,9923,9924
9817: 9709,9818,9708,9816,9924,9925
9818: 9709,9710,9817,9819,9925,9926
9819: 9820,9710,9818,9926
9820: 9819,9821,9928
9821: 9822,9713,9820,9928
9822: 9713,9821,9930
9823: 
11444: 11445,11531,11356,11355
10584: 10483,10583,10585,10683,10684
9826: 9934,9717,9718,9827,9933
9827: 9718,9828,9934,9935,9826
9828: 9720,9829,9827,9935,9936
9829: 9720,9828,9936
10267: 10266,10268
9831: 9723
9832: 9723,9724
10914: 10913,11008,10816,10817,10915,11009
9834: 9725,9835
9835: 9836,9834,9943
9836: 9728,9835,9943
12347: 
9838: 9944,9730,9731
12924: 
10913: 10914,11007,11008,10815,10816,10912
9841: 9733,9734
12435: 
9843: 9844
9844: 9843
11453: 11454,11364,11365,11452,11539
12796: 
9847: 9954,9739
11472: 11471
11989: 
9850: 9851,9956,9742,9743
9851: 9850,9743,9852
9852: 9853,9959,9745,9851
9853: 9852,9959,9745,9746
9854: 9960,9747,9855,9961
9855: 9856,9854,9961,9962
9856: 9855,9857,9963,9962
9857: 9858,9856,9963,9964
9858: 9857,9859,9964,9965
9859: 9860,9858,9965
9860: 9859,9861,9967
9861: 9753,9862,9968,9860,9967
9862: 9861,9968,9754,9969
9863: 
9864: 9865,9971,9756,9757
9865: 9864,9971,9972,9757,9758,9866
9866: 9867,9973,9758,9759,9865,9972
9867: 9866,9973,9759,9760,9868,9974
9868: 9869,9974,9975,9760,9761,9867
9869: 9868,9975,9761,9762,9870,9976
9870: 9976,9977,9762,9869
9871: 9872,9978,9764,9977
9872: 9871,9978,9979,9765,9764,9873
9873: 9874,9980,9765,9766,9872,9979
9874: 9873,9980,9981,9766,9767,9875
9875: 9876,9982,9767,9768,9874,9981
9876: 9875,9982,9768,9877,9769,9983
9877: 9769,9983,9984,9878,9770,9876
9878: 9877,9984,9770,9771,9879,9985
9879: 9985,9986,9771,9772,9878,9880
9880: 9881,9987,9772,9773,9879,9986
9881: 9880,9987,9988,9773,9774,9882
9882: 9883,9989,9774,9775,9881,9988
9883: 9882,9989,9775,9990
9884: 9885,9990,9991,9776,9777
9885: 9884,9991,9777,9778,9886,9992
9886: 9992,9993,9778,9779,9885,9887
9887: 9994,9888,9779,9780,9886,9993
9888: 9994,9887,9781,9780
9889: 9890,9996,9782,9995
9890: 9889,9996,9782,9783,9891,9997
9891: 9892,9998,9997,9784,9783,9890
9892: 9891,9998,9784,9785,9893,9999
9893: 9894,9999,10000,9785,9786,9892
9894: 9893,10000,9786,9787,9895,10001
9895: 10001,10002,9896,9787,9788,9894
9896: 9895,10002,9788,9789,9897,10003
9897: 9790,10003,9789,9896
9898: 9899,10005,9790,10004
9899: 9898,10005,9792,9900,10006
9900: 9901,10006,10007,9793,9899,9792
9901: 9900,10007,9793,9902,10008
9902: 9903,10008,10009,9901
9903: 9902,10009,9795,9904,10010
9904: 10010,10011,9905,9796,9903
9905: 9904,10011,9797,9798
11973: 11895,11896,11974,12049
9907: 9908,10014,9800
9908: 9907,10014,9800,9801,9909,10015
9909: 9910,10015,10016,9801,9802,9908
9910: 9909,10016,9802,9803,9911,10017
9911: 10017,10018,9912,9803,9804,9910
9912: 9911,10018,9804,9805,9913,10019
9913: 10020,10019,9805,9806,9912,9914
9914: 10021,9806,10020,9913
9915: 10022,9807,9808,9916
9916: 9917,10023,9809,9808,9915
9917: 9916,10024,9809,9918
9918: 9919,9811,9917
9919: 9918,9811,9812,9920
9920: 10026,9812,9919,9921
9921: 9920
9922: 
9923: 9924,10030,10029,9816,9815
9924: 9923,10030,9816,9817,9925,10031
9925: 9926,10031,10032,9817,9818,9924
9926: 9925,10032,9818,9819,10033
9927: 
9928: 10035,9820,9821
9929: 
9930: 10037,9822,10036
11861: 11781,11860,11938,11939
11040: 11039,12829
9933: 9934,10040,9826
9934: 9935,10040,10041,9826,9827,9933
9935: 9934,10041,9827,9828,9936,10042
9936: 10042,9828,9829,9935
11532: 11533,11445,11531,11617,11618
9938: 
11510: 
12604: 12552,12605,12651,12652
11811: 11810,11812,11891
9942: 
9943: 9836,9835
9944: 9838,10050
11089: 11088,11181,11182,10995,10996,11090
9946: 10051
12872: 
9948: 10053,10054
11677: 11593,11759,12922
12558: 12609,12610
12377: 
9952: 
11088: 11089,11181,10994,10995,11087,11180
9954: 9847,9955,10059
9955: 9954,9956
9956: 9850,9955
10221: 10220,10117,10222,10324,10325
9958: 
9959: 9852,9853
9960: 9854,10065,9961
9961: 9854,9960,9855,10067,9962
9962: 10067,10068,9963,9855,9856,9961
9963: 10068,9962,9856,9857,10069,9964
9964: 10069,9857,9858,9963,9965
9965: 10071,9858,9859,9964
9966: 
9967: 10073,9860,9861,9968,10072
9968: 9861,9862,9969,10073,9967
9969: 9970,9862,9968,10075
9970: 9969,9971,10075,10076
9971: 9864,9865,9972,9970,10076,10077
9972: 9865,9971,9866,9973,10077,10078
9973: 9866,9867,9972,9974,10078,10079
9974: 9868,9975,9867,9973,10079,10080
9975: 9868,9869,9974,9976,10080,10081
9976: 9870,9977,9869,9975,10081,10082
9977: 9870,9976,9871,10082
9978: 9871,9872,9979,10083,10084
9979: 9872,9978,9873,9980,10084,10085
9980: 9873,9874,9981,9979,10085,10086
9981: 9874,9980,9875,9982,10086,10087
9982: 9875,9876,9981,9983,10087,10088
9983: 9877,9984,9876,9982,10088,10089
9984: 9877,9983,9878,9985,10089,10090
9985: 9879,9986,9984,9878,10091,10090
9986: 9879,9985,9880,9987,10091,10092
9987: 9880,9881,9988,9986,10092,10093
9988: 9881,9987,9882,9989,10093,10094
9989: 9882,9883,9988,10094,10095
9990: 9884,9991,9883
9991: 9884,9885,9990,9992
9992: 9886,9993,9885,9991
9993: 9886,9992,9994,9887
9994: 9888,9887,9993,10099
9995: 9889,9996,10100,10101
9996: 9889,9890,9995,9997,10101,10102
9997: 9891,9998,9890,9996,10102,10103
9998: 9891,9892,9997,9999,10103,10104
9999: 9893,10000,9892,9998,10104,10105
10000: 9893,9894,9999,10001,10105,10106
10001: 9895,10002,9894,10000,10106,10107
10002: 9895,10001,9896,10003,10107,10108
10003: 9897,10002,9896,10108,10109
10004: 9898,10005,10109,10110
10005: 9898,9899,10004,10006,10110,10111
10006: 9900,10007,9899,10005,10111,10112
10007: 9900,9901,10006,10008,10112,10113
10008: 9902,10009,9901,10007,10113,10114
10009: 9902,9903,10008,10010,10114,10115
10010: 9904,10011,9903,10009,10115,10116
10011: 9904,10010,9905,10116,10012
10012: 10117,10118,10011
10013: 10118,10014,10119
10014: 9907,9908,10015,10013,10120
10015: 9909,10016,9908,10014,10120,10121
10016: 9909,9910,10015,10017,10121,10122
10017: 9911,10018,9910,10016,10122,10123
10018: 9911,10017,9912,10019,10123,10124
10019: 10020,9913,10018,9912,10124,10125
10020: 9913,10019,9914,10021,10125,10126
10021: 9914,10022,10020,10126
10022: 9915,10021,10023,10127
10023: 9916,10024,10022,10128
10024: 9917,10023,10129
12240: 12239,12172,12241,12981
10026: 9920
10763: 10663,10861
10028: 10029,10134
10029: 9923,10030,10028,10135
10030: 9923,9924,10029,10031
10031: 9925,10032,9924,10030
10032: 9925,9926,10031,10033,10138
10033: 9926,10032,10138
10034: 
10035: 9928,10036,10140
10036: 10035,9930,10037,10142
10037: 9930,10036,10142,10143
12025: 11949,11950,12026,12099
10400: 10297,10298,10399,10501
10040: 9934,10041,9933,10146
10041: 9934,9935,10040,10042,10146
10042: 9936,9935,10041
10043: 
10044: 10149
12874: 4859,4974
10285: 10284,10387,10388,10181,10182,10286
12302: 12235,12301,12366,12367
10231: 10126,10127,10230,10334,10335
11950: 11949,12025,11872,11951,12026
10050: 9944,10051
10051: 9946,10050
12644: 12687,12688
10053: 10054,9948
10054: 10053,9948,10159
10055: 
10056: 
10057: 
10315: 10417,10418,10314,10316
10059: 9954,10060
10060: 10165,10059
11622: 11705,11536,11621
10577: 10476,10578,10477,10676
10063: 12855,10168
10551: 
10065: 9960,10169,10274
12546: 12598,12545
10067: 10068,10172,9962,10171,9961
10068: 10067,10172,10173,9963,9962,10069
10069: 9964,10174,10068,10173,9963
11409: 11410,11408,11498
10071: 10072,10175,9965
10072: 10071,10073,9967
10073: 10178,9967,9968,10072
10509: 10508,10609,10407,10408,10510,10610
10075: 10180,10179,9970,9969,10076
10076: 10077,10181,9970,9971,10180,10075
10077: 10076,10181,10182,9971,9972,10078
10078: 10079,10183,9972,9973,10077,10182
10079: 10078,10183,10184,9973,9974,10080
10080: 10081,10185,9974,9975,10079,10184
10081: 10080,10185,9975,9976,10082,10186
10082: 10186,10187,9976,9977,10081
10083: 10084,10188,9978,10187
10084: 10083,10188,10189,9978,9979,10085
10085: 10086,10190,9979,9980,10084,10189
10086: 10085,10190,9980,9981,10087,10191
10087: 10088,10191,10192,9981,9982,10086
10088: 10087,10192,9982,9983,10089,10193
10089: 10194,10193,9983,9984,10088,10090
10090: 10091,10195,9984,9985,10089,10194
10091: 10195,10196,10090,9985,9986,10092
10092: 10093,10197,9986,9987,10091,10196
10093: 10092,10197,10198,9987,9988,10094
10094: 10095,10199,9988,9989,10093,10198
10095: 10094,10199,9989,10200
12824: 10524,10625,10624,10724
10097: 10098,10202
10098: 10097,10099,10203
10099: 10100,9994,10098
10100: 10099,9995,10101,10205
10101: 10102,10206,10205,9996,9995,10100
10102: 10101,10206,9996,9997,10103,10207
10103: 10104,10208,10207,9998,9997,10102
10104: 10103,10208,9998,9999,10105,10209
10105: 10106,10209,10210,9999,10000,10104
10106: 10105,10210,10000,10001,10107,10211
10107: 10211,10212,10001,10002,10106,10108
10108: 10109,10213,10002,10003,10107,10212
10109: 10108,10213,10214,10003,10004
10110: 10111,10215,10004,10005,10214
10111: 10110,10215,10005,10006,10112,10216
10112: 10113,10216,10217,10006,10007,10111
10113: 10112,10217,10007,10008,10114,10218
10114: 10219,10218,10115,10008,10009,10113
10115: 10114,10219,10009,10010,10116,10220
10116: 10220,10010,10011,10115,10117
10117: 10118,10222,10012,10116,10221
10118: 10117,10222,10223,10012,10013
10119: 10120,10223,10013,10224
10120: 10119,10014,10015,10121,10225,10224
10121: 10122,10225,10226,10015,10016,10120
10122: 10121,10226,10016,10017,10123,10227
10123: 10227,10228,10124,10017,10018,10122
10124: 10123,10228,10018,10019,10125,10229
10125: 10230,10229,10020,10019,10124,10126
10126: 10231,10020,10021,10230,10125
10127: 10231,10022,10128,10232
10128: 10129,10232,10233,10023,10127
10129: 10128,10233,10024,10130,10234
10130: 10235,10234,10131,10129
10131: 10130,10235,10236
11465: 11552,11377,11551
10590: 10490,10591,10689,10690