14621: 14273,13754,14169,14361,13089,14199
28593: 
13143: 13364,14522,14109,15268,13172,13237
14985: 13967,15205,14403,15531,14511,14439
12849: 14440,14916,13286,14993,13018,15428
14615: 13645,13874
14328: 13521,13191,15731,13161,14581,14549
15299: 14099,14163
15380: 14929,14770,14338,13698,15750
15145: 15204,15474,13099,14563,14999
13511: 13300,13188,14024,14613,14116,14267
13765: 13952,14234,15486,13209,15179,13550
14273: 13956,15175,14621,14169,14361
15510: 13910,14731,15036,13399,15193,13590
14172: 12819,15796,14064,13584,12913,15260
15340: 14269,15535,15351,13479,13605,13879
13959: 13747,12888,14764,15071,15320,13700
14722: 15495,13402,12905,15414,15005,13322
15448: 15344,13117,15675,13971,14353,13559
13438: 13400,15268,15586,15782,13364,13356
14250: 14556,13151,15162,15150,13489,14681
13724: 13476,13844,13910,14154,14632,13796
13533: 14179,15795,15735,15115,15010,14560
12829: 13491,14338,13050,14651,15760,15585
12939: 15277,15276,14235,13329
12855: 14777,14641,14705,14565,14729,15514
14343: 13761,15386,14769,13857,14599,15229
13151: 12899,13114,15162,14250,14048,15150
13942: 14739,12896,14848,13935,13974,14643
15785: 14061,14507,13855,14155,15081,13078
13420: 13851,14318,13612,14397,14347
13886: 15363
14390: 14351,13596,12852
14436: 13996,13777,14225,13225,15551,13168
13061: 14372
14824: 13296,12964,15755,13495,15279,13733
15666: 15271,15016,12870,13888,12907,13522
13488: 13850,13471,13804,14552
14556: 13317,13316,13531,14250,15162,13489
14112: 12983,13603,14505,15632,15362,13794
13025: 14571,15591,13735,14776,15060,13908
13894: 13565,14745,14840,14645,15744
13263: 15530,15311,14057,13207,14520,13208
12840: 13523,13474,13632,14534,13938
14405: 14040
14881: 13793,13633,13729,13476,13042,14483
15804: 13840,15369,14503,13029,13357
13753: 12922,12984,13508,13866,13171,15200
14598: 13163,15076,15136,13416,14330,14444
15338: 13226,14485,15283,15189,15397,13649
14998: 13574,13175,14844,14815,15323,15751
14252: 15350,15687,14909,15502,13112
14488: 14256,12944,14937,14205,13745
15372: 14450,14644,15503,15770,13650,13801
15484: 13308,14420,13219,14989,14501,15420
15779: 15795,15222,15627,12856,13236,13345
14108: 13211
13302: 13948,14834,13117,15707,14870
15116: 15441,13644,13975,14555,13773
14833: 15646,14646,15154,15390,13841,13854
15737: 13521,14865,14494,14636,15559,15152
15482: 13825,13489,13577,13531,15473,14294
12958: 12856,14021,15455,12908,15645,15222
15178: 14808,13386
15254: 13685,15694,13319,14620,15399,14309
13948: 14834,13302,13687,13117,13971
14438: 14322,15105,14585,15371,14606,14980
14923: 15673
15373: 15808,13509
14809: 15402,14245,14988
14802: 13027,15573,14822,13964,12998,14758
13070: 13079,13330,15248,13116
15519: 13968,14084,13889,15008,15241,13396
15363: 14991,13886,14183,13241
15792: 13612,15738
14683: 14986,15781,14161,14490,14360
14079: 13427,13194,14826,15501
15791: 14094
14024: 13300,13511,14613,13252,14519,15146
15721: 14552,15598,13877,13630
12911: 14292,12837,15409,13969,13309,15697
15760: 14651,13218,14338,12829,13333,13066
15698: 13546,13593,14041,14611,13704,14092
14920: 14265,15315,13529
14650: 13890,15371,15419,15447,14726,13002
15002: 13356,12920,14576,15305,13986,13841
15244: 15374,13812,14522,14109,14200,14573
14178: 15742,14686
15730: 14275,14253,15635,14851,15710
15150: 15389,15450,14048,13151,14250,14681
14893: 13697,14299
15332: 14296,15175,14361,15604
15296: 13788,14628,15139,14930,12936,13097
13814: 14412,15669,14962,14261,15516
14323: 14962,13199,14261,14622,13496,14365
14369: 13916,14827,13503,14883,14209,14593
14361: 13089,15604,14273,15175,14621,15332
15293: 14317,13660,14220,13570
13301: 14852,15663,14946,14785,13674,12863
14921: 13731,13469,14972,15221
15092: 13361,13478,14867,15511,14364,15508
15201: 13627,15492,15428,12830,15415,13611
13808: 13532,14191,14608,14210,13381,14104
14929: 14770,15380,14579,14338,15247,13066
14999: 13612,14563,14798,15145,15474
15024: 15180,13081,15240,15017,12973,14605
12932: 13760,15667,12881
13297: 15530,14532,13272,13280,12879,13719
15745: 14880,15141,15500,13989,13392
14391: 12997,13047,14496,13769,13277,15712
15688: 13883,15129,13432,13480,15693,14074
13010: 13988,13930
14186: 13494,13254,13253,15052,14789
15403: 13994,14076,12965,15086,13900
14808: 15689,14195,15178
13553: 14268,14434,14976,14394,14326,13095
14742: 
14585: 14438,15105,15523,14980,13810,15316
15343: 14134,13313,15460,15783,15147,14793
13793: 13633,14881,14897,14483,13985,12851
13952: 13765,14234,15486,14504,14588,13197
13414: 15068,15421,14389,14069,13633,13729
13938: 13632,12840,13523,13933,14038,14067
13222: 15264,13223,13880,13502,15382
14594: 13540,14721,12885,13448,15675,14515
13281: 13834,14090,13443,14574,14776,14392
15589: 13399,13928,15193,14257,14871,15251
12994: 13695,13858,13322,14817,13926,15414
14666: 13354
12990: 14255,15157,14859,13572,14274,13823
15427: 14571,13614,14604,14588,15174,13895
13181: 13797,13431,14458,15138,14331,15125,12846
13503: 15240,14781,14850,14827,14369,14593
15370: 13637,15288,14478
13646: 12878,15184,13348,15186,13885
14828: 15165,14705,13767,14363,12862,12847,14641
14489: 12872,15512
13278: 15015,13415,14003,13093,12900,14452
13446: 14639,13995,15724,14272,15267
13267: 15578,13427,13194,14211,14807
12936: 14930,14528,13991,13581,15139,15296
14448: 15424,14142
14606: 13890,15371,14438,14980,15197,12969
15139: 13761,15386,13991,12936,15296,14628
15061: 13590,15167,13891,14820,14149,13920
15761: 14623,14241,13411,15408,14514,13453
14898: 14836,13661,15498,14254,13626,14433
14812: 13184,15214,14676,12927,13017,14578
14428: 14415,14899,15775,12828,13057,13925
13873: 14243,15778,13536,13080
14003: 14376,14857,13589,13093,12900,13278
13119: 13584,13745,14506,14647,15260
14949: 14352
15420: 14342,13718,14989,14420,15484,15326
13833: 13652,14713,15656,14592,13142,15715
14835: 14151,13940,15286,14012,13473,15098
13248: 12957,14952,15367,13428,15762,15629
14477: 13627,15492,15769,14685,13483,14591
14532: 13811,14960,13272,13280,14950,13297
12965: 15086,14290,13404,14076,15604,15403
15418: 13575
15253: 
15645: 12958,12908,13343,13087,14179,15222
13684: 
15654: 14842,15096,15220,13737,13736,15503
14587: 13667,13965,15070,15294
12896: 13822,13942,14739,14848,13055,13310
15557: 15623,14832,12818,15269,14675,14942
15506: 14263,14990,15301,13454,15122,13542
15151: 13226,15283,14053,14762,14928,15263
13924: 14204,14663,14401
14364: 14215,15511,14131,15508,15092,12977
15432: 14936,13289,15087,15458,14637,13689
13976: 15574,14237,14618,15104,13444,14472
13286: 13828,13906,15680,12849,14916,14993
13583: 14427,15020,14925,13092,15404,15243
13702: 
13044: 14743,14642,13945,14456,13487,15042
14912: 13127,13122,15057,13265,14603,14659
14351: 14390
14642: 13044,13945,15486,14504,13270,13487
14684: 13825,14681,15450,14553,15618
14179: 13533,15795,15222,15645,15735,13087
15238: 13466,28658,13903,14416,12868,12831,13124
15434: 13867,13052,14562,15736,14795,13007
15071: 15306,15033,15691,14764,13959,13700
13124: 13723,15491,15520,14416,15238,12831,14782
14543: 14317,14772,14346,12924
13839: 13711,13401,15204,13341,12971,14053
15608: 13767,15200,13638,14363,13516,14487
13299: 15753,14177,15346,15218
14214: 14406,14526
14322: 14438,15105,14097,14702,15447,15371
15261: 12852
12814: 14078,14804,14479,13923,15564,14568
14027: 15019,13169,13897,15027
14338: 14929,15380,12829,13066,15760
14601: 13416,14330,14464,13413,15225,15741
15573: 14802,14822,14995,14913,14758
13398: 14902
14559: 15003,15419,14312,15055,13752,13328
15579: 15575,14303,14453,13668
12838: 14320,15677,13662,15574,14237,15449
14751: 13792,15446,12885,15356,15787,14721
13957: 15054,13456,12815,14037,13501,13939
14861: 13451,15430,14905,12953,13176
13708: 14010,13770,15313
14926: 13972,13009,13060,14497,13784,13327
13230: 13260,14344,14005,13072,13828,13906
13930: 14918,13010,13988
15530: 15311,13263,14057,13297,13272,12879
15590: 14544,13243,13421,14117,13149,14610
13496: 14622,12881,15667,14803,14323,14261
13794: 15362,15700,14112,14505,14975,14693
14496: 14127,13246,13277,12963,15712,14391
14134: 15343,13313,15783,15306,15033,14849
13928: 13845,13399,15589,12859,14257,13836
15669: 13813,15544,14261,14586,15516,13814
15801: 15759,12870,14189,13888
15662: 15132,13200,14618,14740,15499,14779
13781: 15237,15190,12999,13418,13114,12886
12826: 14386,14854,14145,13931,13024,15642,15438
14939: 14408,14055,15596,14221,15597,13174
12919: 
14535: 14816,12816,13673,14115,15633,14987
13240: 13314,13655,15746,15480,15706,15300
15390: 13986,13841,15155,14833,13692,13854
13266: 13707
15472: 14279,14447,15748,13467,15361,12817
13361: 14759,13478,15092,15508,13220,13917
14798: 15143,14999,15599
13841: 15390,13986,15305,14833,14646,15002
15538: 15513,13004,15705
14990: 14263,14638,15506,15703,13542,12859
14063: 13451,15668,15230,15533,14060
14580: 15406,14590,15028,15686,14908,14329
14226: 13115,14761,14070,12880,13650,15747,15096
13690: 15134,13475,14764,15091,14110,12888
14624: 13898,14117,13149,12833,13142,14171
13732: 13739,12835,14993,14888,15769,13018
13994: 15403,15407,14766,13900
13936: 14908,13768
15755: 13296,14824,15279,15224,14959
13899: 15461,13748,14258,13972,14231,13231
13096: 14278,15264,13084
15731: 14856,13939,13191,13521,14494,14328
15246: 15379,14665,13249,13393,13409,14051
14429: 15671,14619,13731
13085: 12889,15267,15610,14982
12979: 15439,13130,12981,15570,14971
14301: 15284,13100,15309
13463: 15616,13997,14915,14137,15133
13442: 15561,15797,14074,13282,13435,15387
14844: 13574,13175,14998,14105,13664,13598
13421: 15590,13243,14219,14251,13639,14610
13212: 13029,13357,14771,12839,14101,15321
14354: 15135,14662,13428,13680,13445,14443
14696: 13725,12976,13966,13727,14616,14634
13213: 15706,14794,15300,15694,14727,14914
14944: 14872,15522,13510,15348,13967,12992
13147: 15717,15069,13625,13107,14281,14850
14706: 15295,14584,15592,13026,15615,14430
15562: 15509,15022,13284,15401,13022
15309: 13809,14301,15048,14424
14877: 15220,14357,15395,13115,14070,13256
12931: 14135,14176,13545,12907
15051: 13611,14268,15415,14232,14562,14910
13848: 13896,15179,13631,13452,13550,15431
15050: 15384,15088,15664,15385,15732,15656
15115: 13671,13173,15735,13258,13533,15010
13544: 14656,15626,15076,14784,14330
13743: 13057,13929,14661,13898,13149,14544
15406: 14580,14590,15686,13744,14035
12886: 13114,15162,15190,13781,15213,13316
14350: 15720,14023,15412,15788,13065,15072
15750: 13491,13698,15331,12929,15380
15278: 15695,14308,13585,14719,14744,13127,14124
13277: 15658,13769,14127,13064,14496,14391
15534: 15502,13112,13051,13805
13319: 15320,13700,13685,15254,14725,14620
13174: 15084,15597,13481,14907,14939,14221
13412: 15129,14668,14470,14796,13565,14745
14483: 13476,13793,14881,13985,14632,14971
13911: 15770,14567,15747,13801,15695,13585,14531,15584
13562: 14359,13350,15018,15631,13162,13493
14143: 14818,14423,14704,13371,13616
13458: 15812,13424,14073,14997,15310
14309: 15399,13862,14627,15254,14914
13520: 
14237: 13976,15574,14618,15449,12838,15499
15091: 13639,13507,13909,14110,15134,13690
14952: 15367,13248,15081,15135,13428,15207
13173: 13671,14381,15115,13664,13164,13258
13378: 14460
14359: 13790,13383,14009,13562,15018,13162
15322: 
13889: 13968,15519,13752,13396,15716,14312
13823: 15677,15451,12990,14859,13519,14274
12839: 13212,13029,15443,15183,15176,15321
15057: 13127,13122,14912,14124,15584,13177
14554: 
14403: 13960,14133,12992,13967,14985,14439
15400: 15567,14310,14036,13598,15749,14105
14236: 13983,15631,15727,13920,14759,13713
12864: 13649,13591,13481,15263,14907,15283
14304: 14111,14953,15022
13809: 12987,15309,14424,12921,13703
14685: 14661,13483,13440,14591,13978,14477
14730: 15522,14061,14507,14445,13067,13510
13822: 14739,12896,15596,13310,15597,15001
15308: 13468,13244,13495,15037,15476,12964
15089: 15391,13132,14652,12890,14482,13995
13858: 12994,13695,13349,13153,14723,14817
14497: 14926,13009,13306,13784,13535,13083
14410: 13262,15717,13548,13737,13145,15643
15777: 13482,13392,15314,13200,15141,15524
15142: 13568,14811,14408,13339,15518,14737
15732: 15385,15719,12854,15050,13652,15656
13003: 14946,13471,13543,14785
15441: 14709,13644,15116,14831,13975,14941
14246: 12956
14933: 13787,15060,13908,15714,13274,14044
15257: 15527,14402,13492,12962,14858,14164
14784: 13413,15106,14411,13276,13544,14330
15344: 15448,13117,15675,13238,14870
14860: 14373,13430,13063,14892,12996
15576: 14367,12883,14996,15175
15141: 15132,13200,15500,13392,15777,15745
13104: 15045,13050,12929,13973,14414,13491
13657: 15603,14022,14000,14039
13595: 15351,13500,15387,13193,15535,14659
14121: 14032,14224,14421,13931,14098,15553
14851: 13405,15521,15710,15730,15635
14148: 13703,13108,15539,13140,15113,14030
13311: 13394,14570,13990,14461,14656
13329: 12872,12939,13036
12823: 14288,14951,13353,14449,13370
13759: 15445,12975,14362
13764: 13298,13515
15326: 15383,14420,15420,13718,14065
13790: 13383,14359,14009,14167,14583,13694
14050: 14491,14311,15405,15625,15307,14132
15614: 14547,14335,13406,13647,14960,14950
14185: 14498,13975,12857,13013,14334
14637: 13689,15009,14340,15545,15458,15432
13209: 15494,14471,15547,13550,13765,14234
15460: 15343,13547,13313,14793,15242,15202
14434: 13611,14268,13553,13627,14591,14326
13483: 14685,14661,14888,14477,15769,13929
15492: 13627,15201,14477,15769,13018,15428
14800: 14810,14887,14111
12948: 15270,14450,14644,14509,12980,13673
13223: 13222,15264,15382,15262
13260: 13541,14227,14344,13230,14005,13154
15140: 14631,15303,14521,13189,15729,13656
13236: 12898,15067,12856,15779,13345,15172
14291: 14388,13691,14853,13771,13462,13620
15291: 14846,13465,15540,13622,13229,12966
13666: 13762,14727,13459,12975
14028: 12945,13214
13161: 12915,13776,15619,13191,14328,14581
13373: 14314,13712,13720,14878,13102,13849
14663: 13775,15541,14401,13924
13476: 13042,13844,13724,14483,14881,14632
13847: 14720,15362,15700,14499,14125,14087
14692: 14319,12841,13757,14305,14708,13879
13272: 13811,14532,14546,15530,15311,13297
13134: 14127,14277,13246,13904,15223,14383
13953: 14115,13621,12943,15044,13863,15273
14276: 14491,14466,14106,14162,14765,15711
13303: 13429,15032,13242,13216,13321,13155
15794: 15778,14100
14414: 15233,13973,15227,12929,13914,13104
15099: 14373,13629,15784,13187
13034: 12966,12934,15114,13229,12876
13917: 13220,14020,15727,13361,14759,13582
14064: 14172,12819,14787,13602,13584,12985
14626: 15577,13786,13603,14425,14247,15632
14476: 13328,14788,15457,13968,13752,12959
14900: 14230,15708,15352,15364,15575,14068
14609: 15685,14389,15170,15436,12952,14979
13693: 15595,13291,14574,13555,13722,13551
15456: 15475,15563,13326
14384: 13245,14671,14772,13567
15533: 15095,15230,14063,13120,13940,14060
13850: 14946,13488,13471,13804,14852,15239
14997: 13458,15228,14073
13596: 13386,14390
13877: 15327,14297,13630,15721
13117: 15448,15344,13971,13948,13302,14870
15149: 13485,15126,13916,13324,14207,13512,14883
14336: 13694,13068,14009,13653,15537
14461: 13682,13990,13196,13311,15626
14149: 15061,13891,13920,12963,15459,13713
14381: 13173,13664,13164,14557,14703,13175
15605: 15767,14495
14963: 13343,13964,12998,15739,13755,13750
15385: 15732,15719,15490,15384,15050,13379
15148: 15090,14694,12832,15184,12834
15726: 13394,14175,13340,12988
15412: 15720,14350,13528,15347,14724,13065
15490: 13043,13315,15384,14936,13379,15385
15640: 12935,12953,14490,13806,14138,14780
13347: 15473,14294,13513,14492,14697,15485
15073: 14025,13775
13960: 14403,14133,12992,13380,15171,14768
15102: 13192,15058,14975,13073,14366,14505
13768: 14329,13032,13936,14908
15725: 13423,14948,14619,14332,13118
14916: 14440,15042,12849,14456,13828,13286
13087: 15735,15621,13750,13343,15645,14179
14515: 13238,15675,13540,12824,14594
13056: 13620,14341,13295,13659,15683,14377
13598: 15400,15567,14310,13574,14844,14105,14238
13874: 15774,14615,15704
13710: 13269,13371,13616,12986,15392
15143: 14011,14798
13309: 15617,14677,14955,14292,12911,13969
14564: 14635,14004,13465,13785,13557,14600
14310: 15400,15567,28675,13598,15495,14238,28680,14157
14899: 14428,15775,13227,15471,13739,13925
15575: 15579,15364,13601,14900,15708
15255: 14245,14629,15176,14426,15321
13588: 14915,15039,14778,14442
14528: 14930,12936,13838,13581,14290,13404
13385: 15066,15369,13513,15203,14697,14527
14788: 13328,14476,14726,15457,15312,12897
13121: 14737,13202,15001,15723,15518,13634
14229: 15100,14285,13038,13716,14341,13295
14007: 14905,15353,14180,14480,15430
14511: 15531,14873,15205,14985,12884,12978
14367: 15576,14259,12883,13956,15175
13789: 13681,13613,14298,15265,13389,12873
14491: 14276,14466,14311,15405,14050,14162
14523: 13558,14479,15552,14239,15325,14814
13118: 13469,15725,14332,14672,14961
15532: 13782,15629,15318,15137,14443,13498
13428: 15081,15135,14354,14443,15629,14952,13248
12916: 12930,14973,14817,15461,14723,14258
13640: 12889,15191,13852
13785: 14846,13465,13683,13615,14564,14635
15239: 14852,12950,13804,15527,14858,13850
15088: 13015,15384,15050,15360,14315,15664
15437: 15203,14697,15485,12875,14977,13156
13170: 
13585: 15695,15278,14531,14124,15584,14567,13911
14469: 14377,15587,13295,13038,14868,15548
14593: 15180,14302,14369,15240,13503,14545,14209
14813: 12991,15766,13071
12873: 14255,15157,13681,13789,14043,13389
13436: 
13896: 13848,15179,13631,13541,14227,13270
14445: 14607,14332,14672,14061,14730,13067
14256: 14488,12944,15619,15103,14799,14144,14205
13058: 14198,14927,14746
13866: 13665,13634,13184,13171,13753,13508
13224: 14399,13678,15394,15444,14986,13932
15529: 12818,13338,15269,14645,15259,13992
13897: 14158,13169,14027
13852: 13640
15193: 13399,15589,14871,15510,13590,14820
14278: 15294,13096,15264
13063: 13962,14602,13179,13430,14860
13867: 14562,15434,14795,14910,14029,14533
14736: 15285,13017,13407,13686,14774,14308
14040: 14405
14234: 13952,13765,13209,14471,13614,14588
13719: 13306,12879,13876,13280,12825,13297
15388: 14868,15100,13038,14113
15376: 12852,13515
14721: 13540,13832,14594,14751,12885,15787
14019: 13494,13253,13989,15687,15350
15584: 15057,14124,13585,14567,13911,13177,13035
15284: 14301,13998,14927
14140: 13482,13392,13497,14385,12976,13966,13201
13755: 15739,14242,13656,14085,14963,12998
13426: 14956,13247,15583,15521,13859
13368: 14733,13082,14756,13108,13140,13934
14647: 14506,15429,13119,13346,15260,14203
14217: 15768,14791,13663,13167,14895,13870
13526: 14371,13103,14054,12928,13619,14752
12964: 13296,14824,15308,13495,15476,13600
14544: 15590,13243,13743,14661,13440,13149
12848: 15757,15215,12871,13443,14395,13304
14864: 13190,15435
13189: 15319,15729,12954,14631,15140,15773
14401: 14663,15541,14639,13924,14204
13250: 13150,13232,15052,15796,12913,12968
13359: 15023
14372: 13061
15772: 13205,15237,28675,15495,12905,14157
12942: 13571,13137
14039: 13871,14181,13657,14022,14000,14991
14577: 13771,14321,12977,15508,13305,13220
13993: 13363,13842,15378,12910
15136: 13517,13326,15525,13163,14598,14444
14379: 13485,14017,13560,14207
14331: 15138,14821,14680,13738,14458,13181
13776: 12915,13161,15007,13979,13191,15489
14286: 14029,14976,15523,13095,14006,15316
13475: 15134,13690,14764,15339,15783,15033
14688: 13727,14295,15443,13651,15066,13840
14212: 14094
15682: 14625,15298,12974,14965,15247,14770
13163: 14598,15076,15566,15136,13326
14002: 15341,15764,13086,13423,15671
13546: 15543,13593,15698,14895,13951,14611
15213: 14141,14062,14206,15190,12886,13316
15120: 13091,13504,15323,15751,13741,13904
15636: 15021,13351,13882
13796: 15570,14632,13724,14154,13580,15487
14988: 14809
13674: 13043,13315,12863,15663,13301,15182
15524: 15256,14307,15314,13482,15777,14385
13978: 14685,13440,14591,14413,14326,15025
15025: 13243,13440,13978,14413,13006,14219
12961: 
12827: 
15509: 15562,15022,15493,13022,13721
14474: 15407,15425
13407: 14578,15609,14744,14736,13017,14308
13454: 14716,15728,15506,15301,15122
13459: 14727,12975,14914,13862,13666
13062: 
13317: 13316,13531,14556,14206,13252,14664
13760: 13738,14458,12932,12881
13607: 14500,13608,15581,14409,14119,13110
13739: 13732,12835,14888,15471,14899,13925
15415: 15131,14232,12830,15201,15051,13611
13926: 12930,14817,12994,15414,13643,14896
15716: 15004,14312,15289,12865,13396,13889
15041: 15000,14521,14085,13288,13027,15046
15158: 13746,14682,13268,14964,15618,14417
14513: 13307,13387,15718
13704: 14611,15349,14182,15698,14092,14879
15268: 13400,13438,15229,13237,13143,13364
13273: 13909,14965,15247,14110,14579,13534
13179: 14750,14548,13063,13464,13629,13430
15582: 
13166: 12892,15416,15568,13636,15580,13918
14008: 
14610: 13639,13507,14117,15590,13421,14165
13235: 15235
13356: 12920,15002,13438,15782,15305,13364
13821: 15329,13676,15603,15317
14590: 14580,15406,15028,13744,14335,15245
15128: 
13774: 14387,14671,13586,14080,13567
13934: 15701,14769,13857,13140,14733,13368
13132: 15391,12882,15089,14174,14282,14482
13505: 13580,13350,14731,14154,15167,13983
15558: 13271,13946,13265,13193,13435,15387
13148: 14097,14481,14702,15093,14795,13007
15473: 14294,13347,13513,15482,13577,13961
13629: 15085,13464,13179,13430,15099
14289: 14142,14691,13221,14633
14374: 15475
13842: 13993,13725,15660,15378
15160: 14165,13388,13507,13008,15339,15134
15383: 15326,13718,12991,15766
15771: 13269,15790,13820
13434: 12843,15234,15118,13770,14486
14962: 13199,14323,14261,15773,15453,13814
13372: 13933,12834,15805,14038,14161
13972: 14926,13009,13060,14231,13748,13899
14708: 13479,15613,13879,14692,14305,13944
15374: 15244,13812,15622,14109,14741,14473
14001: 13182,14738,12877,12993,15409,13449
14295: 14688,13727,15256,13651,14385,13966
14620: 14275,14725,13319,15254,15399
13920: 15061,15167,14149,13983,14236,13713
14480: 14539,15440,15353,15718,14007
14487: 13516,15285,15608,14363,13217,14774
14943: 14982,14432,15085,14978
15485: 15437,14697,14492,12875,14358,13347
13923: 13996,13777,15564,12902,14078,12814
15438: 15642,14654,14380,13024,12826
15369: 15066,13840,15804,13385,14527,14503
13798: 13537,15498,13918,15416,13110,13626
13128: 14775,14527,13961,12918,14503,14890
12941: 13731
15252: 14581,14549,14144,12944,15463,12982
15712: 12963,14867,15459,14496,13047,14391
15108: 13584,13745,12944,15463,14787
15335: 14015,14596,14966,12854,15097,13556
13455: 13393,12967,14051,15144,14437,15541
14257: 13836,15479,13410,13928,15589,15251
14415: 14126,14428,15775,12828,14315,15040
13363: 13993,13805,12910
12918: 14775,13128,14667,12860,15684,14890
14518: 15756
13495: 15308,13244,15655,13733,12964,14824
14834: 13948,13302,15707,15272
14131: 14215,15511,14364,13384,14266,14682
12978: 12884,15757,15215,14873,14511,14225
15265: 14298,13566,13982,13456,13789,13613
14560: 15010,13159,13461,13533,15795,15627
14454: 15410,13432,14738,14536,14222,13883
14785: 13543,15545,14946,13003,13301,12863
14820: 15061,13590,13891,15193,14871,14383
14083: 
12821: 14052,15045,14882,14313,13549
12878: 15184,13646,13348,15393,12832
14941: 13975,14014,15617,15441,14831
13205: 15237,15190,15772,12905,15101,14141
13534: 13747,12888,13273,14110,14579,15758
13300: 13188,13511,14024,14508,14763,15146
15199: 14253,13105,15336,15114,14102,13486
13861: 13084
13758: 13818,13450,14375,13131,13257,14087
14242: 15739,13656,13755,14608,15729,14210
13316: 13317,14556,15213,14206,12886,15162
14038: 14067,15394,14161,13933,13372,13938
15163: 13417
12828: 14415,14428,13057,15040,12833,13898
15402: 14809,14245,14093,13005
13456: 15054,13957,13501,13982,15265,13613
13204: 15593
15626: 13544,14656,14461,13196,15076
15466: 13284,13337,13606,13294,15549,13109
13176: 12935,12953,13853,13264,14861
13164: 14381,13173,14541,13258,14557,13088
13820: 13269,15771
15277: 12872,12939,14293
12999: 13160,14157,15237,13781,14773,13418
15601: 15243,13865,15426,13579,14983,15764
13540: 14721,13832,12824,14594,14515,15274
13551: 13722,13624,13693,14574,13787,14392
14581: 15252,14549,14144,13161,15619,14328
13197: 14588,15174,13167,13952,14504,13663
13594: 13403,15355,12949
14101: 14426,13028,15321,13597,13212,14771
13699: 13388,15715,14713,13014,13008,14262
13086: 13362,15341,14002
14703: 15307,14815,14337,14557,14381,13175
14855: 13477
13490: 13113
15190: 13205,15237,13781,15213,14141,12886
14076: 14296,15403,12965
13541: 13260,14227,15366,13896,13631,13154
14228: 15468,13094,14071,15348,15205,12884
12857: 13013,14498,14185
13180: 14216,12836,14202,14395,13617,13304
13357: 13212,13029,14771,14503,15804,14669,14890
14472: 13033,14779,13976,14618,14463,13444
15414: 14722,15005,12994,13322,13926,13643
13111: 13586,13892,13578
14555: 14498,13975,15116,13773
13389: 13734,14043,14298,13433,13789,12873
14892: 13287,12895,13962,14860,12996
15685: 14609,14389,13090,15436,14716,15421
13967: 15348,15205,14985,14944,14403,12992
13435: 13271,15558,13193,15345,13282,13442,15387
14506: 15429,14647,13864,14937,13119,13745
14905: 14007,13264,13152,14861
13254: 14186,13494,14192,13332
14267: 13679,14062,13185,13511,14613,14116
14902: 13554,13398
13200: 15132,15141,15662,14779,15314,15777
13282: 14551,13480,15345,13442,14074,13435
13031: 13045,13683,14717,14753,13622,14846
14277: 14127,13134,13064,13741,14525,13904
13752: 13968,13889,14312,14559,13328,14476
14956: 13426,13247,13358,13859
13269: 15771,13371,13710,13820,15392
13987: 14904,14348,15217,15546
13891: 15061,14820,14149,14383,13246,12963
13898: 13149,14624,12828,13057,13743,12833
15743: 15477,14940,13130,14938
14146: 13238,15281,12824,15646,15517,14382
15634: 
14072: 13846,13129,14484
14129: 12933,13885,15184,14694,15196
13076: 15639,14777,12862,13312
14465: 14825,13658,14091,13740,14572,14566
14068: 14806,14137,15364,14900,15352
15200: 15608,13638,12922,13753,13171,13516
15454: 14238,28680,13160,14157,13654,14525,15422
13973: 15233,15565,14414,14052,15045,13104
14974: 15578,13427,13653,13751,14826
13451: 15430,14063,14861,12953,14138,15230
13612: 14999,15792,13851,13420,15738
13663: 15768,14217,14504,13197,13167,13945
13313: 14134,15343,13547,15460,14849,13561
14938: 15288,15620,15743,15417,14404
14772: 12924,14384,14543
12974: 13756,14843,13698,15682,15298,14770
15364: 15039,15575,14303,14068,14137,14900
14499: 14125,13847,15700,14753,13045,14045
13098: 15789,15436,13022,14561,13721,14979
14883: 13539,14209,15149,13916,14369,13512
13055: 12896,14848,13310,13868,14536,15410
15315: 14265,14920,13194,14807
15027: 15019,14027
13107: 14992,13457,14782,14281,13147,15069
15468: 13094,14228,12957,15367,14872,15348
13473: 15185,14012,14264,13120,13940,14835
14307: 15256,15524,13156,14977,13033,15314
13744: 15659,15406,14590,15245,14748,15250
14021: 12958,15455,12908,14913,13207,14758,13208
13472: 15094,15098,14089,13667
12903: 13178,14260,15287,14190,15594
15266: 15127,13824,15612,14197,14184,15728
13557: 13869,12966,13465,14564,15232,14600
12867: 14459,13766
14829: 15292,14789
14931: 
13039: 13901,14982,14282,15610,14482
13802: 13069,15580,14196,14283,13648,12861
15435: 14864
13437: 14750,14548,13950,13610,14200,15030
13244: 13468,15308,13495,15312,15655,12897
14566: 14958,15713,13234,13658,14465,13740
13477: 14540,14855
12890: 14639,14652,12967,15089,13995
15351: 13500,13595,13757,15340,15535,13879
15498: 13537,13798,14254,13626,14898,14433
14057: 15530,13263,12879,13784,13327,14520
15355: 13884,15219,14699,12949,13594
13523: 12840,14748,15250,14710,13933,13938
14520: 13327,12898,15067,13208,13263,14057
12938: 13783,14940,15288
13754: 14733,13082,14169,14621,14658,14199
13422: 15153,14932,13016,14431
15631: 13983,14236,15727,13350,13562,13493
13487: 14227,14344,13270,14642,13044,14456
13631: 13896,13848,13452,12951,15366,13541
15086: 12965,14290,15403,14673,13376
13400: 15268,13438,15229,13815,14599,15586
13482: 13392,13497,14140,15777,14385,15524
15055: 15004,14312,14969,14481,15003,14559
14747: 14190,13856,14327,14840,13506,15744
13905: 14100,14419,13068,13126,13536
14049: 13709,13285,14530,13524,15765,15258
15545: 13543,14340,14785,12863,15458,14637
13059: 13256,12868,12926,15395,15555,13903
15787: 15356,15505,13815,14751,14721,13832
15396: 15044,15547,15647,13863,14150,15431
13522: 13578,13206,12870,15666
13548: 14410,15717,15069,14842,13737,14801
15625: 15307,14815,15323,14050,13091,14132
13773: 13165,15287,14555,15116
13065: 13696,15072,14350,15412,13518,14724
13131: 14425,15013,14720,13758,14375,14087
15494: 13209,14471,15082,15273,15547,13863
15258: 13355,14283,13293,12861,15765,14049,13285
14222: 13449,14550,14738,14454,13883,14668
13844: 13476,13042,13724,14316,13910,15036
14283: 13355,15258,13293,13648,12861,13285,13802
14080: 15286,15365,13586,13774,13567,14089
14189: 13947,14805,15801
13383: 13790,14359,15487,15018,15439,14167
14047: 14244,13525,14614
13619: 15106,14411,14054,13526,12989,14752
13745: 15108,13119,14488,14937,14506
15497: 13685,15694,13333,14876,13218,14794
13215: 13922,15241,13558,13221,14084
14980: 13810,14994,14438,14585,14606,15197
14945: 14329,15536,13647,13668
15526: 14088,14455,12923,13125
15796: 14172,12819,12913,13150,13250
15488: 
14235: 13554,12939,12891
13283: 14339,14033,13766,15483
13518: 14724,14509,12980,13046,13696,13065
14458: 13760,13738,14331,15125,13181
13908: 15060,14933,13274,15082,13735,13025
12822: 13390
15004: 15716,14312,15055,12865,13157,14969
15602: 15327,14297,15208,15334,12861,14196
15646: 14833,14646,15517,14382,14146,15154
14245: 15255,14426,14093,14809,15402
15003: 15419,14559,15447,15055,14481,14702
12898: 13327,14520,15067,13236,13060,15172
14346: 15546,14317,14543,13037
13168: 13617,15551,14436,13225,13020,15159
14264: 15185,14012,13473,12923,15210
13083: 14059,13320,14954,13535,13009,14497
15780: 
14694: 15090,15148,15184,14129,13019,15196
14034: 15722,14576,13986,15155,13573,15467
12950: 13233,14852,15663,15800,15239,15527
15764: 15341,14002,15601,15426,13423
12843: 13434,15234,14069,14897,15170,14486
15006: 15540,15802,15242,14711,13547,12820
15336: 15199,13105,15306,15691,14849,14102
14412: 15453,14380,13814,13024,15516
14337: 14679,14557,15377,15405,14703,15307
14689: 14836,15360,13661,15800,15182,13015
15058: 15102,13192,14975,12940,14711,14597
12953: 12935,15640,13176,13451,14861,14138
14719: 14308,15278,14744,13946,13265,13127,14124
15365: 15286,14080,15029,13586,14151
15619: 12915,13161,14799,14581,14144,14256
14846: 15291,13465,13785,13622,13683,13031
13515: 13764,15376,13354
13310: 15084,15597,13868,13822,12896,13055
14984: 13632,14534,14493,12825,13876,14524
14416: 13466,28658,15238,13723,13124,15520
14749: 15577,13786,13023,14698
15297: 13692,14013,13854,15107,13370,13881
15307: 15625,14703,14815,14337,15405,14050
14840: 13565,13894,13569,14327,14747,15744
13733: 15279,13837,15655,13963,13495,14824
15553: 15549,14098,14121,14421,13824,15612
13625: 13147,13262,15717,14781,14850,13001
12910: 13805,13363,13993
14755: 13881,13203,13370,14288,13846
12915: 13776,13161,15619,15007,13843,14799
14541: 13381,15433,15621,13258,13088,13164
13275: 15607,13077,14325,14446
15223: 14871,14383,15251,13504,13904,13134
14740: 14435,13447,15499,14457,15132,15662
15727: 14236,15631,14759,13493,13582,13917
13416: 14601,14330,14464,14598,13251,14444
15198: 14453,15536,15218,13032
14757: 14011
15305: 15782,28684,28683,14646,13356,15002,13841
14718: 13403
15800: 13233,15663,12950,15182,14689,14836
14249: 12860,14280,13716,13592,14208,14285
15095: 14517,15230,15533,13120,13843,14558
13969: 12911,13309,14677,15697,15212,14512
14533: 15105,15523,13867,14795,14097,14029
14700: 14370
13390: 14889,15393,12822,15659,14035
13763: 15560,13827
15146: 14358,13030,13300,14024,14508,14519
13227: 14119,15471,13626,14899,15775,14433
12816: 14816,13145,15643,13673,14535,15270
13066: 13333,15758,14929,14579,14338,15760
15813: 13183,14768,15740,13367,13380,15542
14388: 13691,14291,14208,13716,13620,14341
14330: 14601,13416,13544,14598,15076,13413,14784
13687: 13241,13948,13195
15706: 13213,14794,15300,13218,13655,13240
13106: 14810,13228,13075,14953,13606
14300: 14042
13778: 13682
14723: 14258,12917,13153,13858,14817,12916
14756: 14502,15657,13108,13082,13368
14191: 15653,13532,13799,13808,15319,14608
14059: 13982,13083,13320,14231,13009,13566
15610: 14482,13039,14982,13085,15267
13812: 15244,15374,15622,13950,14200
15323: 15625,14815,14998,13091,15120,15751
13600: 15476,15569,12964
14099: 15299,15548,14640
14380: 14412,15453,13024,12954,15438,14654,13799
15224: 12914,15588,15279,15755,14959,15166
14221: 14939,14055,12909,13344,13481,13174
12901: 15064,14056
13259: 
15264: 13222,13223,14278,13096
15697: 13449,14550,12911,15409,13969,14512
13190: 14864,15689
14572: 14091,14465,13740,13767,13638,12847
13492: 15527,14402,15257,13537,14254,13233
14009: 13790,14359,13162,13694,14336,15537
14698: 15124,13023,15119,14749
14111: 14953,14304,14800,14887
15749: 15010,13159,13671,14105,15400,14036
13293: 13355,15258,14283,13648,14542,14376,14857
15641: 15212,14327,14677,14709,14831,13856
14446: 14066,14655,15607,13275
12970: 15144,14153,13937,14792
13221: 13558,14814,13215,14289
14206: 15213,14062,14613,13317,13316,13252
14165: 14171,13388,15160,14117,13507,14610
13566: 14298,13231,15265,13982,14059,14231
15195: 15410,13432,14848,13974,14551,13480
15762: 13782,15629,12957,13248,13290,13291
15330: 15104,14763,15324,14016,13662,15574
13825: 13489,14681,14684,15482,13577,14553
14825: 13658,14091,14465,15639
14303: 15579,13887,14453,15039,15364
14922: 
14485: 13226,15338,14464,13711,13251,15189
15156: 15038
15537: 14118,13653,14009,13162,15194,14336
13320: 13982,13083,14059,14954,15630,15054
13226: 15151,14485,15338,15283,14053,13711
13601: 13406,15575,15708,13811,14960
13956: 14273,15226,15657,14367,14169
15077: 15368,15628
13818: 13758,13450,13257,14623,13819,14735
13836: 14257,15672,15479,14638,13928,12859
15176: 15183,14595,12839,15321,15255,14629
14676: 12866,14643,14790,14812,15214,14578
14195: 14875,14808,15689
15617: 13309,14677,14955,14014,14941,14831
15348: 13967,15205,14872,14944,15468,14228
15059: 13462,14630,13659,14754,14321,13599
13188: 13300,13511,14116,14279,15324,14763
13417: 13726,15163
15183: 14616,15176,14595,15443,12839
13761: 15386,14343,15139,13857,13991,14658
14274: 14016,13572,13662,12990,15677,13823
14853: 13691,14291,14215,13746,13771,12977
15465: 13860,15065,14732,13604,14761,12880,14120
15623: 15557,13587,14832,15269,14319,14305
14794: 15706,13213,13333,13218,15497,15694
13471: 14946,13850,13488,13003
15483: 14163,13283,14339
12960: 15342,12877,14347,14928,14318,12837
13080: 15778,13873
14646: 15646,14833,15517,28684,28683,15305,13841
14015: 13073,14596,15335,13556,15112,13192
14613: 13511,14024,14062,14267,14206,13252
13402: 15495,14722,13322,14819,15567,14036
14411: 15106,14784,13619,13276,14054,12988
13718: 14342,13102,15420,15326,15383
14630: 15059,13659,14754,13261,13499,15683
13656: 14242,13755,15140,14521,14085,15729
14292: 12911,12837,13851,14318,14955,13309
13654: 13160,15454,14525,13064,14773,15658
15644: 13762,14783,15496
14142: 14289,14691,14173,14448,15803
14527: 13128,13961,14503,13513,15369,13385
15011: 
14774: 15065,13686,13217,15285,14736,14487
14136: 14690,12894,12891,15560,14248
13726: 13417,12996,13287,13403
15684: 14669,14890,14884,12918,12860,13592
13314: 13240,15480,15300,14783,13762
15233: 15031,13973,15565,14414,15692,13914
13846: 14072,15661,14755,13129
12837: 14292,12911,15409,14318,12877,12960
13022: 14122,15401,15562,15509,13721,15789,13098
13199: 14962,14323,14365,14631,14147,15773
15455: 12856,14021,12958,13207,15067,13208
14743: 13044,13945,15768,14653,15042,13800
13602: 14866,14787,15648,13011,12985,14064
14787: 14866,15463,13602,15108,13584,14064
13397: 14880,15687,13051,15650,15502
13113: 13490
12998: 13964,14963,14085,13027,14802,13755
13931: 12826,14854,15642,14098,14032,14121
13351: 15021,15636
13854: 15297,13692,14833,15107,15154,15390
12969: 14885,15197,13890,14606,13963
28652: 
15433: 14210,14541,13381,15739,15621,13750
14874: 15333,12985,12819,14435,13447,13150
12928: 13340,14054,13526,13103
14398: 13981,12955,15318,13722,15398,13555
14268: 15051,13611,14434,13553,14910,14976
14734: 13949,13169,13549,14158,13527
13589: 14003,14857,13093,15249,14542,15464
15789: 13090,15436,13098,14184,14122,13022
13007: 13052,15434,14795,15349,13148,15093
12984: 12922,13753,13508,15592,15713,15615
14253: 15199,13105,15730,15635,13486
15550: 
15489: 14856,13191,12874,13053,13979,13776
13219: 13308,15484,13048,13772,14045,14501
14623: 15761,14241,13819,13818,14735,13411
14517: 15095,15230,15007,13806,14138,13843
15045: 14052,12821,13050,13104,14882,13973
13618: 14530,12995,13560,14687
13470: 15131,14232,13800,14791,13955,15736
12897: 13002,15655,14788,14726,15312,13244
12831: 13374,12868,15238,15491,13124,13457,14782
13285: 15208,13709,14049,15258,14283,12861
13837: 15279,13609,13733,13963,14885
15552: 13616,14239,14704,14804,14479,14523
13705: 15019,14783,15480,13949,13169
14538: 14766,14153,13900,14792
14352: 14949,14614,13041
15806: 15722,15231,15043,15337,13962,12895
14399: 13224,13678,13932,12874,12815,14037
13202: 13121,15001,14739,13665,13634,13935
13591: 12864,15263,14907,15342,12993,14187
14839: 15130,15289,15564,14568,15008,13396
14552: 15721,13804,15598,13488
13154: 14005,15015,13139,15366,13541,13260
14233: 13813,14803,15381,15478
15164: 15686
14318: 13851,13420,14347,12960,14292,12837
14261: 14962,14323,13496,15669,14803,13814
14565: 14869,12844,14729,14777,13312,12855
15319: 13189,15729,12954,14608,14191,13799
15770: 14567,13911,13650,15747,13801,15372
14530: 12995,13618,13524,14687,13709,14049
14371: 13526,13103,15063,14752,15075,13391
13664: 13671,14381,13173,13175,14844,14105
14168: 
14760: 
15361: 14043,13467,14255,15472,12817,13572
14850: 13503,14781,14281,13147,13625,14827
14494: 15737,13521,13501,13939,15731,14636
15656: 13652,13833,15050,14592,15664,15732
14832: 15557,13587,15623,13680,14942,13292
14761: 13115,14070,14226,12880,14120,15465,13893
14639: 12890,13446,12967,15541,14401
15110: 13026,13530,13077,14325,13623,15295
14435: 14740,13447,15499,15333,14874,15449
15475: 15456,14374,13326,15525
15034: 13723,15491,14103,13538,13831,13902
13409: 14652,13393,15246,13249,15083,15391
13713: 14759,13478,14149,13920,15459,14236
14762: 14397,14347,14928,13341,15151,14053
15493: 15509,15022,13133
15234: 12843,13434,15170,15118,14156
15481: 14741,14473,15083,13097,13788,13249
13749: 14032,14224,14106,14223,13706,13927
13027: 14802,14822,15046,15041,14085,12998
13970: 12972,14901,13922,14633,12959,15457
13011: 15333,12985,15648,13602,14320,15451
13819: 14623,14241,13818,13450
15342: 12877,12960,12993,14928,13591,15263
13443: 13834,14090,13281,14395,12848,12871
14115: 15633,13621,13953,14987,14535,15044
13725: 14696,12976,13201,15660,14634,13842
15325: 14568,15008,15241,14479,13558,14523
15334: 15208,14114,15602,15327
15166: 14648,14959,12914,15224,15423
14551: 13480,15345,13282,15195,12866,13974
14216: 13180,12836,14202,14604,13895,15543
15692: 14885,15197,14994,13914,15233,15031
15109: 13500,13049,15797,14407,12841,13757
14819: 13695,13322,13159,13461,14036,13402
14360: 13932,13053,14683,14986,14490,14780
13613: 13681,13789,14636,13456,13501,15265
15270: 13736,12948,14644,12816,15643,13673
14026: 13012,14475,13395,15075,13391,14655
15286: 14080,15365,14835,14089,15098
15056: 
15404: 13092,14728,14675,14925,13583,15652
14162: 15377,13927,14106,14276,14491,15405
15500: 13441,13989,14457,15132,15141,15745
12959: 13922,13968,14084,14476,15457,13970
15426: 15601,13865,15764,13999,14660
13902: 13485,14017,15126,15034,13538,13831
13682: 14461,13778,13331,13990
13694: 13068,14336,13790,14009,14583,14419
13572: 12817,14016,14274,15361,14255,12990
14293: 12887,15277
14505: 14112,12983,14366,15102,14975,13794
13336: 13570
14209: 13539,14545,14883,14369,14593,14302
13947: 14189,14537,15074
12869: 
14321: 13771,14577,13305,13599,13462,15059
14377: 15587,15572,14469,13056,13295,15683
14547: 14335,15245,15614,13474,14950,13943
14114: 15208,14687,13709,15334
15249: 15180,14542,14302,15464,13081,13589
14596: 13073,14015,15335,14966,15032,13321
14504: 13952,15486,13197,14642,13945,13663
15594: 14190,13856,14709,13644,15287,12903
15228: 14128,14073,14997
12992: 13960,14403,14944,15171,13510,13967
12940: 15242,15202,14711,15112,13192,15058
13521: 15737,14865,14494,14328,15731,14549
15422: 15751,13741,14525,13574,14238,15454
14644: 13736,12948,15270,14450,15503,15372
13824: 15266,15127,15612,15553,14421,14287
13024: 14412,14380,15516,12826,14145,15438
15677: 12838,14320,15451,13823,14274,13662
13869: 12966,13557,12876,15232,13247
15591: 14571,13025,14604,14776,13834,14202
15773: 14631,14962,13199,15453,13189,12954
15599: 14798,13013
15133: 14806,14137,13288,15616,13463,15046
13239: 14918,14924
14830: 14393
15271: 15016,15666,12907,14135,13369
15222: 14179,15795,15779,12856,12958,15645
13321: 13429,15032,13303,13073,14596,14366
14392: 14776,13787,15060,13551,14574,13281
15226: 14746,14198,14502,15657,13956
13662: 14016,14274,12838,15677,15330,15574
14770: 14929,15380,15682,12974,13698,15247
15765: 13539,14545,13524,14049,13355,15258
14894: 13730,13783
13835: 15317,13628,13669,13871,15446,13635
14668: 13883,15129,13412,14550,14222,14796
14224: 14032,14121,13749,14421,14106,14765
28658: 13941,13466,14416,15238,15520
14953: 14111,14304,13106,13284,13606
14578: 15609,13407,14812,14676,14790,13017
15032: 13303,13321,15111,13155,14596,14966
14896: 12912,13643,12930,13926,13875,15748
13167: 13197,15174,14895,13951,14217,13663
14484: 13129,14072,15219
15185: 14264,13473,13120,15103,14558,15210
14054: 13340,12988,12928,14411,13619,13526
14837: 15661,14288,14951
15504: 14211,14786,15206,14754,13261
13918: 13537,13798,13636,13166,12892,15416,14402
13486: 15635,15583,12876,15114,15199,14253
14500: 14452,13072,13608,13607,15581,13415
13127: 15057,14912,14124,13946,13265,15278,14719
14525: 13741,15422,15454,13654,14277,13064
14219: 14625,13006,14251,13243,13421,15025
15040: 14592,14315,15664,12833,14415,12828
14284: 
13194: 13427,14079,13267,14265,15315
15478: 15667,15381,15699,14233
15114: 12934,14102,15199,13034,13486,12876
12904: 
13468: 15308,13244,15037,15312,15358,14901
15119: 15124,14698,13198,15556
14713: 13652,13833,15097,13699,15715,13014
14569: 12909,13344,13210,14845,15397,14797
14852: 15663,12950,15239,13301,14946,13850
14385: 13482,14140,15256,15524,14295,13966
14442: 13997,14891,13588
12914: 15588,15224,15565,15166,14052,15423,14313
14744: 15609,13407,13946,14308,15278,14719
14680: 14821,14331
13388: 14165,14171,15160,13699,15715,13008
13296: 12964,14824,15755,14981,13000
15443: 14688,13727,13840,13029,12839,15183,14616
14763: 15104,14508,15330,15324,13300,13188
13123: 13992,14407,14470,14745,13049
13478: 13361,14759,13713,15092,14867,15459
14711: 15242,12940,15058,14597,15802,15006
14130: 14947,15078
14707: 13988,14947
14419: 15417,14583,13694,14100,13905
14074: 15561,15693,13442,15688,13480,13282
14634: 15168,13725,14696,14616,14595
15048: 15462,15329,15309,13365,14424
13494: 14186,14019,13254,13253,14192,15350
14443: 15137,13445,14354,13428,15532,15629
14895: 13546,13951,13167,14217,14611,13870
13797: 13141,13431,13181,15125,14365
13169: 13949,14734,14158,13897,13705,14027
14934: 
14314: 13712,13373,13720
13324: 13916,14827,13831,14992,14281,15149,15126
14818: 14143,13183,14919,15790,13371
12846: 15616,15138,13997,13431,13181
13892: 15029,13111,13578,15637,15211
14660: 13677,13999,15426,13423,14948
14139: 13146
14060: 14151,13940,14063,15668,15211,15533
14870: 15707,13913,15344,13117,13302,13238,15281
13072: 14500,13608,14005,13415,13230,13906
14821: 14680,14891,14331
13419: 
15023: 13359
15313: 13770,14422,13708,13783
15014: 
13135: 14841,14025
14816: 12816,13145,13715,14535,14987,15236
13587: 15623,14832,13680,14305,13944,13445
14177: 15346,15753,13299
14748: 13523,15250,13474,13744,15245
15511: 14364,14131,14867,13047,13384,15092
14531: 15695,13585,13860,13686,12880,13911,15747
13009: 14926,13972,14497,13083,14059,14231
13632: 14984,14534,14493,13938,12840,14067
13484: 14906,14847,13425
12830: 14653,14440,15131,15415,15201,15428
15260: 13346,12913,13119,14647,14172
13249: 15379,15246,13097,15481,15083,13409
14141: 15213,13679,14062,15101,13205,15190
14887: 14800,14111
13932: 12874,13053,14360,14986,14399,13224
15042: 14653,14440,14916,14743,13044,14456
14102: 12934,15114,13561,14849,15199,15336
14656: 13544,15626,13394,13311,13276
12824: 13540,13238,14146,14515,15274,28683,15517
15328: 14259,14746
13961: 14775,14527,13128,13577,15473,13513
13633: 13793,13729,14881,13414,14069,14897
15094: 12923,12850,13472,15098,14012
13146: 14139
13225: 14436,13777,13168,13020,15130,14468
14370: 13158,15173,14700
12847: 12862,14641,14091,14572,13767,14828
14227: 13541,13260,14344,13270,13487,13896
12997: 13047,13384,14391,15290,13915,13769
13344: 14569,12909,14797,15275,14055,14221
14383: 15223,14871,13246,13134,13891,14820
13981: 13366,14398,13498,12955,15177,15318
13630: 13877,14297,15809,15721,15598,12962
13211: 13354,14108
15029: 13586,13892,15211,14151,15365
14884: 15684,14669,13592,14771,14589,12858
13075: 13228,12947,15606,13106,14810
13734: 14043,13467,13875,13389,13433,14973
15790: 14919,14818,15771,13371
13766: 14459,13283,12867
13440: 14685,14661,13978,14544,13243,15025
14004: 14564,14635,14270,14600,13642,13016
13571: 14345,12942,13701,12925
13187: 15099,15784
13415: 14005,15015,13278,14452,13072,14500
14116: 13188,13511,13185,14279,14447,14267
15767: 15605
13885: 14129,12933,15709,15186,15184,13646
14033: 14640,14339,15587,15572,13283
14710: 13933,12834,14889,13523,15250
14244: 14047
14781: 15240,13503,15017,14850,13001,13625
15155: 15390,13986,14034,15722,15043
13578: 13522,13206,13111,13892
13992: 15259,14407,13123,14745,14645,15529
14667: 14964,14553,14775,12918,12860,14280
14592: 15664,15040,12833,13142,13833,15656
13817: 15038
15766: 14813,15383,15079
15076: 13163,14598,15566,13544,15626,14330
13210: 15763,14441,14845,14797,14475,14569
14492: 14664,14519,14358,14294,13347,15485
15288: 13637,14938,12938,15370
14568: 15325,15008,15564,12814,14479,14839
14025: 15073,14841,14271,13135
14464: 14601,13416,13251,15189,15741,14485
15637: 15668,15211,14539,14180,13892
14023: 15720,13136,14350,13366,12955,15788
13133: 15493
14791: 15768,14217,13955,13870,13470,13800
12913: 13346,15248,15260,14172,15796,13250,12968
14879: 14092,13157,14969,15349,13704,15093
15503: 13736,14644,15372,13650,15096,15654
13512: 12995,13524,14207,15149,13539,14883
15774: 15606,13874,13342,15544
13986: 15390,13841,15155,15002,14576,14034
15049: 15217,15793,15628
15467: 13573,13610,14034,15722,15231,14602
14662: 15135,13078,14354,13680,13984,13292
14466: 14276,14491,14311,15711,13375,15672
15664: 14592,14315,15040,15088,15050,15656
14164: 14402,15257,12962,13069,13636,15809
14051: 13393,13455,13937,15246,14665,15144
14437: 14271,15144,13455,15541
13652: 13833,14713,15097,15656,15732,12854
13944: 15137,13445,14305,13587,14708,15613
12868: 13256,13374,13059,12831,13903,15238
13203: 14755,13881,13129,14013,13884
15638: 
14865: 15737,13521,14549,14862,15152,12982
13067: 15171,15280,13510,14445,14672,14730
14847: 14356,13509,13484,14906,13425
13360: 15746,15480,14882,13949
12882: 15391,13132,14473,15083,15622,14174
14618: 13976,14237,15499,14472,14779,15662
13990: 14570,13331,13682,14461,13311
14498: 14185,13975,12857,14555
14686: 14178
14150: 15044,15647,15396,14987,15236,14349
12894: 12891,14136,13186,13036
14281: 14992,13107,13147,15069,13324,14827,14850
13354: 14666,13211,13515
14396: 15724,14204
15321: 14426,14101,13212,12839,15176,15255
13094: 15468,14228,14071,12957,13290,14086
13413: 15106,14784,14601,14330,15225
14746: 15226,13058,14198,15328,14259
13535: 14954,14524,13306,13876,14497,13083
14728: 13092,15404,14675,13101,14529,14942
15629: 15762,13782,15532,14443,13428,13248
15066: 13840,15369,13385,15203,13651,14688
13042: 13476,13844,15811,14316,13729,14881
13175: 14844,14998,14381,13664,14703,14815
13998: 15284,14927
15220: 14842,15096,15654,14357,14877,13115
15650: 13051,13497,14880,13397,13201
15394: 14038,14067,14161,15444,14986,13224
15096: 15654,15220,13115,14226,13650,15503
15036: 13910,15510,14316,13845,13399,13844
15413: 14869,12844,13941,13074
13862: 14309,14627,13459,14914,15445
15069: 13147,15717,13548,14801,13457,13107,14281
13047: 12997,13384,14391,14867,15712,15511
15486: 13952,13765,14504,15179,13270,14642
13826: 15053,13701,13552,12972,15358,12925
14163: 15483,15299,15507
13126: 14826,13536,15501,13068,13905
13637: 15288,15620,15370,14478
13307: 14418,15353,14513,15718
13255: 
15391: 13132,12882,15089,15083,14652,13409
13017: 12927,15285,14736,14812,14578,13407
13345: 15172,12917,13153,13236,15779,15627,13349
14867: 15712,15459,13047,13478,15092,15511
13057: 13743,13929,13925,14428,12828,13898
14258: 15461,14723,13748,13899,12917,12916
13004: 15538
15728: 13454,15266,15127,13090,14184,15301
15248: 13346,12913,13330,13070,12968
15407: 14474,15425,14970,13994
15424: 14814,15649,14448
14213: 15169,15354
13939: 14856,15731,13957,14037,13501,14494
12921: 14502,14198,13809,12987,13703,13108
15337: 14699,12845,15806,15043,12949
14460: 13378
15717: 13147,14410,13262,13548,15069,13625,14801
15491: 13723,15034,13124,13831,12831,14992,14782
13507: 13639,14610,15091,14165,15160,15134
14495: 15605
15431: 15547,15647,15396,13848,13452,13550
14053: 15151,13226,13711,13839,13341,14762
13510: 15171,13067,14944,14730,15522,12992
15693: 15561,13049,14074,15688,15129,14470
13570: 13336,15293
14715: 14958,13234,14430,13675
15741: 14845,15189,14601,14464,15763,15225
13177: 13528,15347,13035,13122,15057,15584
14512: 13569,15212,13969,15697,14550,14796
15571: 15188,14081,13279
12832: 14889,15393,12878,12834,15148
13537: 13798,15498,14254,13918,14402,13492
12835: 13739,13732,14993,15680,14409,15471
14457: 13232,14740,13447,15132,13441,15500
14930: 12936,14528,13838,13097,15296,15379
15235: 14807,14957,13323,14459,13235
13635: 12885,13448,13835,13871,14181,15446
15543: 13546,13593,13951,14216,12836,13895
13406: 13647,13668,13601,15614,14960
13964: 13343,14963,12998,14758,14802,12908
13366: 13981,12955,13605,15177,14023,13136
13737: 14842,15654,13736,14410,13548,15643
15135: 15081,14662,13078,14354,13428,14952
15681: 13980,13424,14077,14073
15147: 13008,15339,15783,14262,14793,15343
13068: 13694,14336,13905,13126,14826
15585: 15746,12829,13050,14882,14651
15719: 15385,15732,12854,13379,15111,14966
13709: 15208,14687,14114,14049,13285,14530
14716: 13454,13090,15685,15421,15122
13268: 14682,15158,15389,15450,14266,15618
13678: 14399,13224,15444,15776,15630,12815
15280: 15171,13067,14768,14672,15740,14961
14797: 13012,14475,15275,13210,14569,13344
13966: 14696,12976,14140,14385,13727,14295
15539: 14148,13140,13792,14030,15701,15356
14090: 13281,13443,15595,14574,14086,12871
14455: 15526,13864,13502,14107
12986: 15392,15649,13710,13616,14239
13084: 13096,13861
14086: 15595,13290,13094,14071,14090,12871
13019: 15196,13264,15090,14694,13853
13810: 13954,14980,14218,14994,15316,14585
13032: 15198,13768
15247: 13273,14965,15682,14929,14770,14579
14210: 13381,15433,15739,14242,14608,13808
13195: 14617,13687
13138: 13330,14107,15382,14203,15262
14901: 12972,15358,13970,15457,15312,13468
13101: 13865,13092,14728,14529,15676,13999
15295: 13339,14584,14706,13623,13026,15110
12930: 14973,14817,13926,12916,13875,14896
14297: 13877,15602,15327,13630,14196,15809
14408: 14939,14055,15596,13568,15142,14737
15035: 
13697: 14893,14299
14382: 15646,14146,15281,13913,15154
13103: 14371,13526,15063,12928
15353: 14418,13307,15718,14007,14480
13012: 14797,14475,15275,13395,14026,13807
14251: 14625,14219,13421,13639,13909,14965
15350: 14252,13494,14019,14192,14909
13305: 13220,14020,14577,14321,14194,13599
13543: 14340,14785,15545,13003
13340: 14054,12988,12928,15726
14652: 13393,12967,13409,15391,15089,12890
13051: 15660,15650,13397,15502,15534
13445: 13944,15137,14443,13587,13680,14354
13901: 13039,14432,14282,15030,14548,13464
15612: 15266,13824,13337,15549,15553,14197
15718: 13670,13307,15353,14513,14480
13140: 14148,13108,15539,13368,15701,13934
15520: 13723,14103,13124,28658,14416
14671: 14387,13774,14384
14936: 15432,13289,13379,15490,13315,15458
13218: 14651,15760,13655,13333,15497,15706,14794
15620: 13637,14938,15417,14100
15398: 13722,13624,14398,12955,15788,14152
14871: 15223,14383,15251,15589,15193,14820
14329: 14945,13768,14908,14580,15028
15593: 13204,14766
13332: 15292,13254
13469: 13118,14619,14921,13731
14424: 15113,13365,15048,13809,15309,13703
14056: 15064,12901
14769: 15701,13934,13857,15505,14599,14343
15667: 15478,12932,12881,13496,14803
13410: 13091,13504,14132,14257,15479,15251
14649: 
14886: 
14758: 13964,14802,15573,14913,14021,12908
14340: 13543,15545,14637,15009
13580: 15487,13505,13350,15018,14154,13796
15540: 15802,15006,13622,13229,12820,15291
13679: 14141,14062,14267,13185,13919,15101
12899: 13151,13418,13114,15554,15290,14048
14691: 14142,14289,14173,14633,13552
13701: 15053,13826,12925,13571
15384: 13015,15088,15050,13043,15490,15385
13556: 14160,13014,15112,15097,14015,15335
12963: 15712,15459,13246,14496,13891,14149
13843: 14799,14558,15007,15095,14517,12915
15444: 14067,15394,14493,15776,13224,13678
13411: 14989,14501,14735,14623,15761,13453
14519: 14492,13252,14664,14024,14358,15146
15072: 15788,14152,13460,13696,13065,14350
13621: 14115,15633,13953,13046,15651,12943
13816: 
13827: 14690,13386,13763
15290: 12997,13915,13769,15554,12899,14048
14690: 14136,13827,12891
14243: 13873
13481: 13649,12864,14907,12909,14221,13174
14031: 14932
14996: 14042,15576,15012
13353: 15707,13913,15272,14449,12823
13178: 12903,15287,14701
12875: 14358,13030,14463,14977,15437,15485
15329: 13821,13676,15462,15048,13365,13628
15256: 13651,14307,15524,13156,14385,14295
14032: 14121,14224,13749,13931,15642,14223
15085: 13464,13629,14432,14943,14978
13791: 
13395: 13012,14026,14655,15607,13807,15080
14672: 14332,14445,13118,13067,15280,14961
13563: 
12858: 14113,13408,14884,14589,13597
13965: 13567,13245,14587,15070
14183: 15363,14863
13747: 13534,12888,13959,15758,14876,15320
15542: 13367,13158,15813,14919
12912: 13643,13185,13919,14896,14447,15748
15352: 14900,14230,14068,14806,14822,14995
14645: 14745,13894,15744,13992,13338,15529
14726: 13328,14788,15419,14650,13002,12897
14012: 14264,13473,14835,15094,12923,15098
13198: 13689,15009,15556,15119
13444: 13030,14463,15104,14508,13976,14472
15611: 
28680: 14238,13160,15454,14157,28675,14310
13396: 15008,15289,14839,15716,15519,13889
14199: 13991,14658,13581,14621,13754,13089
13245: 12924,14384,13965,15070
14537: 13947
14714: 
13079: 13070,15262,13116
15445: 13759,13862,15411
15781: 14683,15090,15805,13853
13575: 15679,15418
13291: 15595,13290,13693,13555,15762,13782
13887: 14778,14453,15218,15039,14303
13538: 15034,14103,14017,13902
15317: 13835,13628,13821,14022,13871
14557: 14679,14337,13088,14381,13164,14703
14857: 14003,14376,13589,14542,13355,13293
14514: 15408,13720,15761,14241
14006: 14095,13095,15810,14286,14218,15316
13231: 14298,13433,13566,14231,15461,13899
14991: 13559,15363,14000,14181,14039
15192: 14046,13041,14903
14125: 14499,13257,13048,14087,13847,14045
15196: 13019,13264,13152,14129,12933,14694
14471: 13209,15494,15082,13614,13735,14234
14011: 14757,15143
14778: 13887,15753,13588
15065: 13860,13686,13217,14774,14732,15465
15399: 14309,14627,15254,14275,14620,15710
13460: 14152,13696,15072,15714,15651,14044
14395: 13834,13443,12848,13180,14202,13304
14196: 13069,13802,15809,12861,15602,14297
13925: 13057,13929,13739,14888,14428,14899
15700: 13847,15362,13794,14693,14753,14499
13985: 12981,12851,13958,13793,14483,14971
13125: 15210,14937,14205,15526,13864
14702: 14097,13148,14481,15003,15447,14322
14614: 14047,14352
15267: 14272,12889,13085,13446,15610,13995
14285: 14229,15100,14589,14249,13716,13592
13565: 14745,13894,14840,14796,13569,13412
14194: 14786,14018,13599,13305,14020,13907
15736: 13052,14562,15434,13955,14232,13470
15508: 14364,13361,15092,13220,14577,12977
12954: 15319,13189,15773,15453,14380,13799
13449: 15697,14550,14222,15409,14001,14738
15687: 14880,13397,13989,14019,14252
14215: 14364,14131,13746,14682,12977,14853
13014: 14160,13556,14713,15097,13699,14262
14122: 15401,14197,13022,15789,14184
15600: 
14296: 15332,14076,15012
13038: 14229,15100,13295,14469,15388,14868
13738: 13760,14458,14331
13519: 14859,14862,15152,15648,15451,13823
14842: 15654,15220,14357,13737,14801,13548
15551: 13617,13304,13168,15215,14436,14225
14595: 15183,14616,15176,14634,15168,14629
15469: 13054,15423,14767,13527
13479: 14708,15613,13605,13879,15177,15340
14231: 14059,13972,13009,13899,13231,13566
15459: 12963,14867,15712,14149,13478,13713
14928: 14762,14347,15151,15263,15342,12960
13159: 15010,14560,15749,13461,14819,14036
14841: 14792,13135,14025
15043: 15722,15806,15155,13692,12845,15337
13499: 13261,14712,15683,14630,15572
14806: 14068,14137,15133,15352,14822,15046
14433: 14126,15775,15498,13227,13626,13661,14898
15707: 13353,13913,14870,14834,13302,15272
15170: 14609,14389,12843,15234,14069
28683: 15782,15274,28684,15305,12824,14646,15517
15118: 14156,13434,15234,14010
15231: 15722,15806,15467,13962,14602
14948: 13423,15725,13677,14660,13855,14607,14332
15618: 14964,14553,15450,14684,15158,13268
13527: 14158,14767,15469,13054,14734
13295: 13056,14341,14229,13038,14377,14469
13623: 14811,15080,13077,15110,13339,15295
14062: 15213,13679,14141,14267,14206,14613
13769: 15658,15554,13277,12997,14391,15290
14725: 14275,14620,15691,13319,13700,13105
14616: 15183,14595,13727,15443,14696,14634
14522: 13143,13364,14109,12920,15244,14573
14959: 14648,15166,15755,15224
15377: 13927,13335,14162,14679,14337,15405
13191: 14856,15731,15489,13776,13161,14328
15554: 14773,15658,13769,12899,13418,15290
13380: 13960,14133,14768,13183,14451,15813
14175: 13394,15726,14570
15052: 13232,13250,14789,13441,14186,13253
12817: 15324,14016,13572,15361,14279,15472
13581: 13991,14199,13089,13404,12936,14528
13050: 15045,13104,14882,13491,12829,15585
13857: 14769,13934,14733,14658,13761,14343
15709: 12933,13885,15742
14807: 15235,13267,14211,14957,15315
15208: 14114,13709,15334,13285,12861,15602
13868: 15084,13310,14187,13182,14536,13055
13569: 15212,14327,14512,14796,13565,14840
14503: 14527,13128,15369,15804,14890,13357
15205: 15348,13967,14985,14228,12884,14511
15527: 15257,13492,14858,13233,12950,15239
13099: 15204,15145,12971
14013: 15297,13692,12845,13881,13203
14817: 12930,13926,12916,14723,12994,13858
14218: 13954,13810,15316,14006,15810,15734
13237: 14628,13172,15386,15268,15229,13143
15428: 15201,15492,13018,14440,12830,12849
15366: 13977,12951,13631,13154,13139,13541
13342: 13645,13813,15544,15774
14843: 12974,13756,13576,14095,15810,15298
15523: 15105,14585,14533,14286,14029,15316
15236: 14968,14349,14816,13715,14987,14150
15214: 13665,13184,14812,13935,14676,14643
15744: 13506,13688,14747,13894,14840,14645,13338
15241: 15325,15008,13558,15519,14084,13215
14095: 13095,14006,15810,13576,14394,14843
14918: 13239,13930
15037: 13468,15308,15358,15476,12925
15386: 13761,14343,15139,15229,14628,13237
14232: 15131,15415,13470,14562,15736,15051
14287: 14765,15711,15375,14421,15127,13824
13677: 14155,15676,13999,14660,14948,13855
15742: 14178,15186,15709
15333: 13011,12985,14874,14320,15449,14435
14394: 13576,14413,14326,13553,14095,13095
13447: 14740,14435,14874,13150,13232,14457
13554: 14235,14902
13233: 12950,15800,15527,13492,14254,14836
13464: 15085,13629,14548,13179,13901,14432
13655: 14651,13218,15746,15706,13240
13029: 13212,13357,12839,13840,15804,15443
13624: 13722,15398,13551,14152,15714,13787
15169: 14213
15210: 13125,14205,15103,15185,14264
14573: 13573,14200,14522,12920,14576,15244
15705: 15538
15740: 14972,13367,14961,15280,14768,15813
15615: 15713,13234,14430,14706,15592,12984
12917: 13345,15172,13153,14723,13748,14258
13542: 15811,15703,14990,15506,15068,15122
13530: 13675,13026,15110,14325
14107: 13502,14455,15429,14203,13138
15652: 12818,13338,13688,14925,15404,14675
15661: 14837,13846
14118: 13653,13751,15537,15194,13907,14018
15314: 13033,14779,13200,14307,15524,15777
15528: 15020,14925,14190,14260,13506,13688
13604: 15165,14705,14732,15465,15514,13893,14120
13767: 15608,13638,14363,14572,12847,14828
13653: 14118,13751,15537,14336,14826,14974
13208: 14520,15067,13207,13263,14021,15455
14804: 14078,12814,14479,13872,14704,15552
13561: 12934,14102,12820,13547,13313,14849
14574: 15595,13693,13551,14392,14090,13281
14402: 15257,13492,14164,13636,13537,13918
15763: 12989,14441,15225,13210,14845,15741
13427: 14974,15578,14079,13267,13194,14826
14269: 15340,15535,14603,13605,14123,13136
15805: 15090,13372,14161,15781
13403: 13594,13287,13726,14718
15567: 15400,28675,14310,14036,13598,15495,13402
15701: 14769,13934,15539,13140,15356,15505
14643: 12866,13974,14676,13942,13935,15214
15587: 14377,15572,14469,15548,14640,14033
13683: 13045,13031,13772,14846,13785,13615
14077: 14868,15681,14128,14073
15778: 15794,13536,13080,13873
15157: 14255,12990,12873,15559,13681,14859
13196: 15563,14461,15626,15566
13735: 14571,13614,13025,13908,14471,15082
13348: 15304,15393,12878,13646
14935: 14096,14891
14775: 13128,13961,12918,13577,14553,14667
13387: 15074,13803,14513
14635: 14564,14004,14270,13785,13615,15696
14648: 14959,13000,15166,13318
15216: 
15675: 15448,15344,14353,13448,14594,13238,14515
14732: 15065,13217,15465,13604,15165,14120
15429: 14506,14647,13864,14107,14203
15046: 13027,14822,13288,14806,15133,15041
12865: 14468,15289,15121,13157,15004,15716
14753: 14693,14717,15700,14499,13045,13031
14982: 13039,14432,15610,13085,14943
13182: 14001,14738,14536,12993,13868,14187
14456: 13044,14344,13487,13828,15042,14916
14759: 13361,13478,13713,14236,15727,13917
13271: 15558,13946,13435,14790,15345,15609
13334: 
14771: 13212,13357,14669,14884,14101,13597
12920: 13356,15002,14576,13364,14522,14573
14599: 15505,13815,14769,14343,13400,15229
12825: 13280,13943,14984,14534,13719,13876
13060: 14926,13972,13327,12898,15172,13748
12892: 13166,15416,15568,12900,14452,15581,13918
14345: 13571,15569
14316: 15811,15703,13845,13042,13844,15036
12906: 14349,12973,15647,14605,12951,13452
14263: 14638,13375,14990,15506,15301,15375
14767: 15423,14313,15469,13549,13527
14729: 12926,14869,14565,12855,15514,15555
13568: 13807,14811,15142,15275,14408,14055
14739: 13822,13942,12896,13202,15001,13935
14174: 14282,15030,15622,13950,13132,12882
14570: 13331,13990,14175,13311
15294: 14462,14278,13667,14587,13780
14279: 14447,15472,15324,12817,13188,14116
15093: 13148,14481,15349,14879,14969,13007
12907: 13545,13888,14135,12931,15271,15666
12833: 14592,15040,13142,12828,13898,14624
14738: 14001,13182,14536,13449,14222,14454
15547: 15396,13863,15431,13209,15494,13550
13636: 13069,15580,13166,14402,14164,13918
14849: 15306,14134,13313,14102,13561,15336
13700: 13319,15320,13959,15071,15691,14725
14366: 12983,14505,13429,13321,13073,15102
12975: 13459,13666,13759
13287: 14892,12895,13403,13726,12996
13498: 13981,15613,15177,15137,15532,15318
13875: 13734,13467,12930,14973,14896,15748
15799: 14467
13152: 15196,13264,12933,14418,14905
15784: 14978,15099,13187
15060: 14776,13787,14392,13908,14933,13025
14353: 15448,15675,14181,13559,13448
13394: 14175,15726,13311,13276,14656,12988
14670: 13795,13882,14582
12860: 14249,14280,13592,14667,12918,15684
14695: 
15259: 13992,14407,15269,15529,14319,12841
12819: 14172,15796,14064,12985,14874,13150
13448: 12885,13635,15675,14353,14594
12836: 13180,14216,13617,15543,13593,15159
12966: 13869,13034,13557,13229,15291,13465
13681: 13789,14636,13613,15157,12873,15559
15411: 14906,15445
13560: 12995,13618,14207,13485,14379
13171: 13866,13184,13753,15200,13516,12927
15103: 14799,14558,15185,14256,15210,14205
12902: 15531,14873,15209,13996,13923,14078
13855: 15785,14061,14155,13677,14948,14607
15356: 15787,15505,15539,14751,13792,15701
14811: 13807,13568,13623,15142,15080,13339
14553: 14964,14667,15618,13825,14684,13577,14775
15283: 15151,13226,15338,13649,12864,15263
15757: 12884,12848,15215,12871,12978,14071
13331: 14570,13990,13682
14020: 13305,13220,13917,13907,13582,14194
14334: 14014,15738,13013,14185
15514: 15555,13893,12855,13604,14705,14729
13863: 15044,15547,15396,13953,15494,15273
15670: 13528,13035,13801,14450,14724,12980
15382: 13502,13222,13223,13138,15262
13907: 14020,15194,13582,14118,14018,14194
14968: 15236,14349,12973,13715,15017,13001
12956: 14246,14058
13878: 
15292: 13116,14829,13332
15651: 12943,14044,13046,13460,13696,13621
13658: 14825,14465,14958,14566
14633: 13922,14289,14691,12972,13970,13552
15354: 14978,14213
14940: 15477,15743,12938,15282
15708: 14900,14230,14546,15575,13601,13811
14803: 13813,14233,15667,13496,14261
13599: 14786,14194,13305,14321,15059,14754
15375: 14287,15711,15127,14263,13375,15301
13355: 15258,14283,13293,14545,15765,14542,14857
12859: 13845,13928,14638,14990,13836,15703
14145: 14386,12826,14586,15690,15516,13024
14127: 14277,13246,13134,13064,14496,13277
15480: 13360,13949,13314,13240,13705
13882: 15636,13795,14670
14133: 13960,14403,13380,14451,13352,14439
13002: 15655,12897,13963,14726,14650,13890
13028: 14426,14101,13597,13408,13424,15812
13141: 13797,13431,12893,15303,14147,15000
12968: 14789,15248,12913,13250
13035: 13177,13528,15670,15584,14567,13801
14152: 15788,13460,15072,15714,15398,13624
12926: 14869,14729,15555,13903,13074,13059
12973: 14968,14349,12906,15017,15024,14605
13698: 12974,13756,15331,14770,15380,15750
12982: 14866,15463,14865,15252,14549,14862
15699: 15381,15478
13716: 14249,14388,14208,14341,14229,14285
13851: 13420,14318,13612,14955,15738,14292
14558: 15103,13843,14799,15095,13120,15185
13916: 13324,14827,14369,15149,15126,14883
14188: 
14169: 13754,13082,15657,13956,14273,14621
14526: 15665,14214
15015: 14005,13154,13139,13415,13278,13093
13906: 13828,13286,15680,13230,13072,13608
14046: 15192,14075
14493: 14984,13632,14067,15444,14524,15776
14508: 15104,14763,13300,13030,15146,13444
15028: 14580,14590,14329,13647,14335
14426: 14101,13028,15321,15255,14245,15812,14093
14507: 15785,14061,15081,14730,15522,15207
14423: 14143,14704,14451,13352,13872
15691: 15071,15306,13700,13105,15336,14725
15405: 14491,14050,15377,14162,14337,15307
15436: 13090,15789,13098,14979,14609,15685
14655: 13391,14066,14446,13395,14026,15607
15107: 14449,13370,15154,15297,13854
13040: 12983,13603,13023,13429,13216,13786
13284: 15466,13337,13606,14953,15562,15401
14420: 13308,15696,15484,15420,15326
14084: 13968,15519,15241,13922,13215,12959
13489: 13825,14681,15482,13531,14556,14250
15516: 14586,15669,14412,13814,13024,14145
14161: 14038,15394,13372,15805,14683,14986
15596: 14939,14408,15597,14737,15001,13822
15090: 15148,14694,15805,13019,15781,13853
15463: 14866,14787,12982,15252,12944,15108
13288: 12893,15616,15133,15000,15041,15046
15754: 15546,14348,13037
15714: 14152,13460,13624,14044,13787,14933
14925: 15020,13583,15528,13688,15652,15404
14799: 15103,13843,14558,12915,15619,14256
15808: 15373,15153,14431
15583: 15635,13486,12876,13426,13247
14061: 15785,14507,13855,14607,14445,14730
15622: 15374,13812,13950,14473,12882,14174
15389: 15450,14048,15150,14266,13915,13268
13528: 13177,15347,13035,15670,15412,14724
12957: 15367,13248,15762,13290,15468,13094
14782: 14992,13457,13107,12831,15491,13124
14681: 13825,13489,14684,14250,15450,15150
13376: 14673,13937,15086,14153,13900
13648: 14283,13293,14376,13802,15580,15568
13531: 13317,14556,14664,13489,15482,14294
13401: 13711,13251,14444,13839,13517,12971
15081: 15135,13078,13428,15785,14507,14952,15207
13461: 13159,14560,15627,13695,13349,14819
13276: 13394,14656,12988,14784,14411
14815: 15625,14703,15307,15323,13175,14998
13408: 12858,13028,13597,13980,13424
15653: 13532,14191,13799,13706,14654,14223
15129: 15688,13883,14668,14470,13412,15693
14509: 13518,12980,13046,12948,13673,15633
15471: 14409,13227,14119,13739,12835,14899
13711: 13251,13401,13839,13226,14485,14053
14375: 13758,13450,13131,15013
14098: 15549,15553,13109,14854,13931,14121
14373: 13430,15099,14860,12996
13207: 14913,13021,15311,13263,14021,15455,13208
13922: 13215,14633,12959,14084,13970
15686: 15164,14908,14580,15406
13977: 14605,12951,15366,15464,13081,13139
14124: 13127,15057,15584,13585,15278,14719
15733: 
12884: 15757,12978,14228,14071,15205,14511
13547: 13313,15460,15242,15006,12820,13561
14975: 15102,15058,14505,13794,14693,14597
13156: 15256,13651,14307,14977,15203,15437
14282: 14174,15030,13132,14482,13039,13901
14393: 14830
13045: 13683,13031,13772,14045,14753,14499
14450: 12948,14644,15372,13801,15670,12980
14275: 14725,14620,15730,15399,15710
14404: 15417,14583,14167,13130,14938
14976: 14910,14286,14029,14268,13553,13095
12935: 12953,15640,13176,13853,14490
15689: 14808,13190,14195,14875
13777: 13996,14436,13923,15564,13225,15130
14854: 14386,12826,13931,14098,13109
14325: 13077,13275,15110,13530
14549: 14581,15252,13521,14865,14328,14862,12982
14502: 12921,14756,15657,14198,15226
13815: 15787,15505,14599,13832,13400,15586
15063: 14371,13103,13391,14066
14344: 13260,14227,13230,13487,14456,13828
13929: 13057,13743,13925,14888,14661,13483
15560: 13763,14136,14248
13728: 
12905: 15495,14722,15005,15101,13205,15772
13740: 14465,14572,15713,14566,12922,13638
15017: 15240,14781,13001,13715,14968,12973,15024
14417: 13691,14208,13746,15158,14964,14280
14305: 14692,14319,13587,15623,14708,13944
14478: 15370,13637
13228: 12947,13294,13075,13106,13606
13018: 15492,15769,15428,12849,13732,14993
14201: 15153
14965: 13909,13273,15247,14625,15682,14251
15635: 15583,13486,14253,15730,14851,15521
14679: 14337,14557,13088,14104,15377,13335
15301: 14263,15506,15127,15375,13454,15728
14727: 13459,14914,13213,15300,13666
15419: 15003,14559,15447,13328,14726,14650
15659: 13744,14035,14889,13390,15250
14631: 15140,15303,14147,15773,13199,13189
14653: 14440,15042,12830,14743,15131,13800
14071: 13094,14228,14086,12884,15757,12871
14992: 14782,13107,14281,15491,13831,13324
13742: 
28675: 15567,14310,15495,28680,14157,15772
14439: 15209,13352,14985,14403,14133,15531
12820: 12934,13229,13561,13547,15540,15006
13974: 12866,14643,13942,14848,15195,14551
15068: 15421,13414,15122,15811,13542,13729
14432: 13901,14982,15085,13464,14943
15788: 14152,15072,14023,14350,12955,15398
13144: 
14627: 15399,14309,13862,15710,14678
15026: 
15311: 15530,13263,14546,13272,13207,13021
15251: 15223,14871,14257,13410,13504,15589
14548: 14750,13437,13179,15030,13901,13464
13206: 13578,13522,12870,15440
14058: 12956
15810: 14095,14006,14218,13756,14843,15734
14705: 13604,15165,14828,14641,12855,15514
13304: 13617,15551,14395,12848,15215,13180
14917: 
14298: 13433,13231,13566,15265,13789,13389
13870: 14611,14182,13955,14895,14217,14791
14441: 15763,12989,14752,15075,13210,14475
14363: 13767,15608,14487,15165,14828,13217
13465: 14846,15291,13785,12966,13557,14564
14407: 15259,13992,13123,13049,15109,12841
14312: 15004,15716,15055,13752,13889,14559
15137: 13944,13445,14443,15613,13498,15532
13579: 15123,14983,14427,15601,15243
14271: 15144,14437,14025
13659: 13462,15059,14630,13056,13620,15683
13318: 14648,13707
15016: 15271,15666,14387
12934: 15114,13229,14102,12820,13561,13034
15287: 13773,13165,13644,15594,13178,12903
14793: 15147,14262,14160,15202,15343,15460
14872: 14944,15522,15207,15367,15468,15348
13109: 15549,14098,13294,14854,15466
14612: 
14546: 14230,15708,13811,13272,13021,15311
14752: 12989,14441,15075,13619,14371,13526
13550: 13848,15179,15547,15431,13209,13765
15084: 13310,15597,13174,13868,14187,14907
15074: 13387,13803,13947
14170: 
13298: 13764
14866: 15463,14787,15648,13602,12982,14862
13261: 13499,14712,14630,14754,15504,14211,14957
14029: 14910,14286,14976,13867,14533,15523
13995: 14482,15089,12890,13446,15267
15513: 15538,13382
14876: 13333,15758,13747,15320,13685,15497
15123: 13579,14701,15624,14427
15269: 12818,15529,15259,14319,15557,15623
14780: 13979,13806,15640,14490,13053,14360
14897: 12843,14069,13793,13633,14486,12851
14220: 13660,15293
14421: 14121,14224,15553,13824,14765,14287
13089: 14361,15604,14621,14199,13581,13404
13430: 14373,14860,13179,13063,13629
14035: 15659,15406,13390
13795: 13882,14670
14589: 15100,14285,13592,14884,12858,14113
13950: 13812,15622,14200,14174,15030,13437
15250: 14748,13523,15659,13744,14889,14710
13016: 13422,14431,14004,14600,13642
14357: 14842,15220,14877,14801,13256,13374
13491: 15750,12829,12929,13050,13104
14272: 12889,15267,13446,15724,15191
15154: 15107,15646,14833,14382,13854
14462: 15294,12850,13667,14088,13880
13941: 13466,28658,13074,15413
15786: 15272,14951
14777: 13076,12862,14641,13312,12855,14565
14085: 14521,15041,13027,13656,13755,12998
14674: 14970,15425
13982: 14059,13320,15054,13456,13566,15265
13669: 13835,13628,13792,15446,14030
13945: 14743,14642,13044,14504,15768,13663
13232: 13150,15052,13250,14457,13447,13441
12925: 15358,13826,13701,15037,13571
15101: 13919,12905,15005,13205,13679,14141
12952: 14299,14979,14609,14156
13695: 12994,13858,13322,13349,14819,13461
12987: 13809,14927,14198,12921
15397: 14845,15189,15338,14569,12909,13649
15153: 13422,14932,15808,14201
13130: 15439,14167,12979,15743,14404
13485: 14379,14017,13902,15149,15126,13560,14207
14810: 13106,14800,13075
14365: 14622,15125,13797,13199,14323,14147
13441: 15500,13989,13232,15052,14457,13253
15668: 15637,15211,14180,15430,14063,14060
14103: 13723,15034,15520,13538
13627: 15201,14477,15492,13611,14434,14591
13642: 15079,14004,14270,13016
13071: 14813
14016: 15324,12817,13572,14274,13662,15330
14629: 15255,15176,14595,15168
14294: 15473,13347,13531,14492,14664,15482
14978: 15784,15085,14943,15354
13888: 12907,12870,15801,15666
13256: 13374,12868,13059,15395,14357,14877
14542: 15249,14302,14545,13355,13293,14857,13589
15564: 13923,13777,12814,15130,14839,14568
14238: 28680,15454,13574,14310,13598,15422
13129: 13203,13846,14072,13884,14484
13425: 13714,14847,13484,14240
13513: 15473,13347,14697,14527,13961,13385
13081: 15180,15249,15024,15464,14605,13977
15127: 15266,13824,14287,15375,15728,15301
12879: 13306,13719,13784,15530,14057,13297
15038: 13817,15156
15179: 13896,13848,13550,13765,15486,13270
14444: 13251,13401,14598,15136,13517,13416
15803: 14142,14173
13315: 13674,13043,15490,12863,15458,14936
13229: 12934,12820,15540,15291,12966,13034
13405: 14851,15710,14678,14356,14906
14187: 15084,13868,13591,14907,12993,13182
15242: 15202,12940,14711,13547,15460,15006
14951: 14288,12823,15786,14837
14888: 13739,13732,15769,13929,13925,13483
15100: 14229,14285,13038,14589,14113,15388
12853: 15381,14193,13645
12852: 14390,15261,15376
13102: 14342,13718,14878,13373,13849
13879: 14708,13479,15351,14692,13757,15340
14440: 14653,15042,12830,12849,14916,15428
13005: 14400,15402,15310
15312: 14788,15457,14901,12897,13468,13244
14977: 12875,14463,13033,15437,14307,13156
14470: 15129,13412,14745,13049,15693,13123
14766: 14538,13900,13994,15593
15759: 12870,15801,13803,13670
12927: 13516,15285,13017,13184,14812,13171
13675: 13026,13530,14715,14430
15807: 14173,13137
14132: 13091,13410,14311,14050,15625,15479
12841: 14692,14319,13757,15259,14407,15109
14093: 15812,14426,14245,15402
13243: 14544,15590,13421,15025,13440,14219
12991: 14813,15383
13672: 
14607: 14332,14445,14948,14061,13855
13160: 28680,15454,14157,13654,12999,14773
15574: 13976,14237,13662,12838,15104,15330
13241: 13687,13559,15363,13971
15440: 14539,14480,13670,13206
15566: 13163,15076,15563,13196
13431: 13797,13141,13181,12893,15616,12846
13364: 13143,14522,15268,13438,13356,12920
13369: 15368,14135,15271
13393: 14652,12967,13409,14051,13455,15246
14117: 13149,14624,15590,14165,14171,14610
13467: 13734,14043,13875,15361,15472,15748
13968: 15519,13752,14084,13889,12959,14476
15012: 14996,14296
15371: 14650,13890,14606,15447,14438,14322
13238: 14146,14515,15281,15344,15675,12824,14870
14529: 13984,14942,13292,14728,13101,15676
14801: 14842,14357,13374,13457,15717,13548,15069
13386: 13596,15178,13827
14561: 13721,12946,13098
14203: 13346,15429,14647,14107,13330,13138
14255: 15157,12990,12873,14043,15361,13572
15401: 14122,14197,13022,13284,13337,15562
13720: 15408,14514,14314,13373
14838: 
13501: 13957,13456,13939,14636,13613,14494
14193: 12853
13853: 12935,13176,15090,13019,13264,15781
15194: 13162,13493,13582,13907,14118,15537
14389: 14609,15685,15170,15421,13414,14069
13775: 14663,15073
14005: 15015,13154,13415,13260,13230,13072
14409: 14119,15471,13608,13607,15680,12835
13000: 14648,13296,14981
13975: 14498,14185,14941,14555,15441,15116
15598: 15721,13804,14552,13630,12962,14858
13611: 15051,14268,14434,15415,13627,15201
13912: 
14823: 
14100: 15794,13905,15620,15417,14419
15458: 13315,12863,15545,14637,14936,15432
15621: 15735,13087,13750,13258,14541,15433
14677: 15617,13309,13969,14831,15212,15641
15152: 14859,14862,13519,15737,14865,15559
13555: 13291,13693,14398,13782,15318,13722
15776: 14954,14524,15630,14493,15444,13678
13258: 15735,15621,14541,13173,15115,13164
13346: 15248,12913,15260,14203,14647,13330
12871: 15757,12848,14086,14071,14090,13443
14326: 14413,14394,14434,13553,14591,13978
14836: 14689,13661,14898,14254,13233,15800
14091: 14825,14465,14572,15639,12862,12847
12995: 14530,13560,13618,13524,14207,13512
14138: 13806,12953,15640,13451,14517,15230
13871: 14181,14039,14022,15317,13835,13635
14795: 13867,15434,13007,14097,13148,14533
13559: 14991,14181,13241,15448,13971,14353
14022: 13657,15603,15317,13871,14039
14262: 13008,15147,14793,13699,14160,13014
14463: 12875,13030,14977,13444,14472,13033
15735: 13087,15621,13258,14179,13533,15115
12955: 13981,13366,14398,14023,15788,15398
15022: 15562,15509,15493,14304
13786: 14749,14626,15577,13023,13040,13603
14075: 14046
13073: 14015,14596,13321,14366,15102,13192
13741: 15751,14525,15422,13904,15120,14277
15710: 14851,13405,14275,15730,15399,14627,14678
15639: 13076,12862,14825,14091
14651: 13218,15760,13655,12829,15746,15585
14563: 15145,14999
13806: 15007,13979,14138,14780,15640,14517
13457: 14782,13107,13374,12831,14801,15069
14348: 13987,15754
14641: 14777,12862,12847,12855,14705,14828
14166: 
13872: 15209,13352,14423,14704,14078,14804
13497: 13482,13392,14140,14880,13201,15650
15357: 14805,15047,12887,13545
14927: 12987,13998,15284,13058
15007: 13979,13806,14517,12915,13776,13843
13668: 13406,15536,14945,15579
14764: 13475,13690,12888,13959,15071,15033
13312: 13076,14777,14565,12844
14826: 13126,15501,13068,13653,14974,13427,14079
14155: 13677,15676,13984,13078,15785,13855
13381: 14210,14541,15433,14104,13808,13088
14425: 13131,14247,15013,14626,14720,15632
14157: 28680,13160,15454,12999,28675,14310,15495,15237,15772
13880: 14088,14462,13502,13222
12876: 15583,13486,15114,13869,13034,13247
13838: 14930,14528,14290,14673,15379,14665
13727: 14688,14295,15443,14696,13966,14616
13900: 14766,14153,14538,13994,15403,13376
15535: 15340,14269,14603,14659,15351,13595
15442: 
15237: 13205,15190,15772,13781,14157,12999
15416: 13166,12892,15581,13798,13918,13110
15188: 15571
14545: 13539,14209,15765,14593,14542,14302,13355
13493: 13162,15194,13582,15631,15727,13562
13935: 13665,15214,13202,13942,14739,14643
15126: 13485,13902,15149,13831,13916,13324
15122: 15068,15421,14716,13454,15506,13542
13370: 15107,14449,14288,12823,15297,14755,13881
13997: 14442,14915,15616,13463,12846
15121: 13020,14041,14468,12865,14092,13157
15606: 15774,15690,12947,13075
15202: 15242,12940,14160,15112,14793,15460
15106: 13413,14784,14411,13619,12989,15225
14891: 14935,14821,14442
15758: 13333,13066,14876,14579,13747,13534
13338: 12818,15652,15529,14645,15744,13688
14919: 13183,15542,15790,14818
12870: 15759,15801,13888,13522,13206,15666
15098: 15094,13472,14835,15286,14089,14012
15499: 14740,14435,14237,14618,15449,15662
14473: 15481,14741,15083,15374,15622,12882
14030: 13792,15113,13669,14148,15539
15502: 15534,13112,13397,14252,13051
13165: 13773,15287
15633: 14115,13621,14509,13046,13673,14535
14571: 15427,15591,13614,13735,13025,14604
14582: 14670
13392: 13482,13497,14140,15777,15141,14880,15745
14983: 13579,15624,12945,13214,15601
13782: 15762,15532,15629,15318,13291,13555
12962: 15257,14858,14164,13630,15809,15598
15300: 15706,13213,13314,13240,14727,13762
13962: 13063,15806,15231,14892,12895
13989: 13441,15500,14019,13253,14880,15687,15745
14176: 12931
15446: 14751,13792,13835,13669,12885,13635
13474: 12840,14748,14547,15245,13943,14534
13339: 15518,15295,14584,13623,14811,15142
15536: 15198,14453,14945,13668
14622: 12881,13496,15125,14365,14323
13352: 15209,14439,13872,14133,14451,14423
14885: 15197,12969,15692,13609,13837,15031
14089: 13567,15286,14080,13472,15098
14957: 14211,13261,14712,15235,14807,13323
13590: 15061,15167,14820,15193,15510,14731
14202: 13180,14216,13834,14395,15591,14604
15609: 14578,14744,13407,14790,13271,13946
15517: 15646,14646,12824,14146,15274,28684,28683
15318: 13782,15532,13981,14398,13498,13555
15075: 14752,14441,14371,13391,14475,14026
13921: 
13514: 
13614: 14571,15427,13735,14471,15082,14234,14588
15281: 13238,14146,13913,14870,14382
14459: 13323,15235,12867,13766
15392: 12986,15649,13269,13710,14406
14147: 14631,15303,14365,13141,13199
13617: 13304,15551,13168,13180,12836,15159
12880: 14761,14226,14120,13860,15465,14531,15747
13864: 14506,15429,13125,14937,14455
15451: 14320,15677,13823,13519,15648,13011
13717: 13382,15452
14041: 15121,13020,15159,13593,15698,14092
14190: 14747,13856,15594,12903,14260,13506,15528
15078: 14130,14947
14733: 13754,13082,13368,13934,13857,14658
12976: 13725,14696,13966,13201,14140
14119: 14409,13227,15471,13110,13626,13607
13149: 13898,14117,14624,13743,14544,15590
13078: 15081,15135,14662,13984,14155,15785
14712: 13261,13499,14957,15572,13323
14693: 14717,14597,14753,14975,15700,13794
15782: 15586,15274,28683,15305,13438,13356
14731: 13910,15510,14154,13590,15167,13505
15578: 14974,13427,13267,13751,15206
12881: 14622,13496,12932,13760,15667
13780: 15359,15294
13558: 13221,14523,15325,15241,13215
14158: 13527,13897,14734,13169
15581: 14452,14500,13607,12892,15416,13110
15104: 14508,14763,15330,13976,15574,13444
14045: 13045,13772,14499,14125,13048,13219
15768: 14217,14791,13663,14743,13945,13800
13262: 14410,15717,13625,13145,13715,13001
15167: 15061,13590,13920,14731,13505,13983
14265: 15315,14920,13194
15713: 13234,14566,15615,12922,12984,13740
12856: 12958,15455,15067,13236,15222,15779
14632: 15570,14971,13796,13476,13724,14483
13186: 13036,12894,14467
15203: 15437,14697,13651,13156,15066,13385
13830: 
13184: 13866,13665,14812,13171,15214,12927
15568: 13166,12892,13648,14376,12900,15580
14406: 14214,15392
15168: 14634,15378,14595,14629,15117
15417: 14404,14419,14938,15620,14100
13729: 13633,14881,15068,13414,15811,13042
13274: 12943,14044,13908,14933,15082,15273
14831: 15441,14709,14941,15617,14677,15641
12861: 15258,14283,15208,13285,15602,13802,14196
15797: 15561,13049,13442,15109,13500,15387
12854: 15732,15719,13652,15097,15335,14966
13573: 13610,14200,14573,15467,14576,14034
13813: 15669,14803,14233,15544,13342
15793: 15049
14207: 12995,13560,13512,13485,14379,15149
15010: 13159,14560,15749,13533,13671,15115
13328: 14476,14788,14726,13752,15419,14559
14889: 15393,13390,12832,15659,15250,14710,12834
15676: 14155,13677,13999,13101,14529,13984
14288: 12823,14951,13370,14837,14755
13030: 12875,14358,14463,15146,13444,14508
13552: 15053,13826,14633,14691,14173,12972
15082: 15494,14471,15273,13274,13908,13614,13735
13091: 13410,13504,14132,15120,15625,15323
14347: 14762,14397,14928,13420,14318,12960
15263: 13591,12864,15151,15283,14928,15342
15569: 15476,14345,13600
15070: 13965,13245,14587
13015: 15384,15088,15182,14689,15360,13043
13142: 14592,12833,14624,13833,14171,15715
14604: 14571,15427,15591,14216,14202,13895
13586: 15029,13111,13774,14080,15365
14397: 14762,14347,13341,15474,13420
15802: 15540,15006,13622,14711,14717,14597
15177: 13479,15613,13605,13981,13366,13498
13706: 15653,13532,14223,13749,13927,13335
15515: 
14773: 15658,15554,13160,13654,12999,13418
15525: 15136,13517,13326,15475
13253: 14186,13494,14019,15052,13441,13989
13784: 13306,12879,14057,13327,14926,14497
15021: 13351,15636
14073: 15228,14128,14077,15681,13458,14997
12889: 14272,13085,15267,13640
14915: 15039,13588,13997,13463,14137
15211: 15668,15637,15029,13892,14151,14060
13362: 12945,15341,13086
15470: 
14845: 15189,15741,15397,15763,13210,14569
14786: 14018,14194,13599,15206,14754,15504
13641: 
14386: 12826,14854,14145,15690,12947,13294
15548: 14868,15587,14469,14640,14099
14247: 14425,15013,14626,15577
14602: 13063,13610,15467,15231,14750
13251: 13711,13401,14444,13416,14464,14485
15221: 13158,14921,14972
15556: 13198,13689,15087,15124,15119,13242
15347: 13177,13528,13122,14123,15720,15412
15696: 13615,13308,14420,14635,14270
13289: 14936,15432,13379,15111,15087,13155
13325: 15161
15671: 14429,14619,14002
15430: 13451,14861,14007,14180,15668
12981: 13985,13958,14971,15477,12979
15769: 14477,15492,13018,13732,14888,13483
14687: 14114,13709,14530,13618
15809: 13069,14196,14297,13630,12962,14164
13500: 15109,15351,15387,13595,15797,13193,13757
13584: 15108,13119,14787,14172,14064
14586: 15690,15516,15669,15544,14145
14069: 12843,14897,14389,15170,13414,13633
14661: 14685,13483,13440,13743,13929,14544
13020: 15121,14041,15159,13168,13225,14468
14248: 14136,15560,13279
14510: 
13257: 14125,13048,14087,13758,13818,14735
15360: 14689,13661,14126,13015,15088,14315
13884: 15355,15219,13203,13129,14699
13033: 14472,14779,15314,14463,14977,14307
15368: 13369,15077
14418: 13307,15353,12933,13152
15047: 14903,15357
13834: 13281,13443,14395,14776,15591,14202
14964: 14553,14667,15618,15158,14417,14280
13779: 
14182: 14611,15349,13704,13955,13870,13052
14037: 13957,12815,14399,12874,14856,13939
14605: 13977,12951,12973,12906,15024,13081
13685: 15497,15694,15254,14876,13319,15320
14254: 13537,15498,13492,13233,14836,14898
14479: 14804,12814,15552,15325,14568,14523
14036: 15400,15567,13159,15749,14819,13402
13116: 15292,13079,13070
13650: 15770,15747,14226,15096,15503,15372
15310: 13458,13005
13509: 14356,13859,14847,15373,14240
13220: 13305,14020,13917,13361,15508,14577
14167: 15439,13130,13790,13383,14583,14404
15053: 13826,13701,13552,14173,13137
13183: 14451,15813,14919,13380,14818
13876: 13306,13719,12825,14984,14524,13535
13429: 13303,13216,13321,12983,13040,14366
14909: 15302,13829,14192,14252,15350
15462: 13100,13439,15048,15329,13676
12883: 14042,15576,14367
12989: 15763,14752,14441,15225,15106,13619
15555: 15514,15395,13893,12926,14729,13059
13375: 14263,14638,15711,15375,14466,15672
13330: 13138,13070,13346,15248,14203
14311: 14491,14466,14050,15672,15479,14132
13703: 14148,13108,13809,15113,14424,12921
14126: 14415,15775,14433,15360,13661,14315
15607: 13077,13275,14655,14446,13395,15080
14137: 14068,14806,15133,14915,15039,15364,13463
14447: 14279,15472,15748,12912,13185,14116
13913: 15707,13353,14870,15281,14382,14449
15720: 14123,14023,13136,14350,15412,15347
15679: 13575
14814: 15424,14239,15649,13221,14523
15695: 14308,13585,15278,14531,13860,13686,13911
15367: 12957,14952,13248,14872,15207,15468
14430: 14715,13234,15615,13675,13026,14706
12943: 15651,13274,14044,13621,13953,15273
13811: 14960,14532,13272,13601,15708,14546
14332: 14607,14445,14672,14948,15725,13118
13145: 14816,12816,15643,13715,14410,13262
13306: 12879,13719,13784,13876,13535,14497
15207: 14872,15522,15081,14507,14952,15367
14534: 14984,13632,12840,13474,12825,13943
15409: 12911,12837,12877,14001,13449,15697
14659: 15535,14603,13265,13193,13595,14912
13937: 14673,13376,14665,15144,12970,14051
15067: 12898,14520,13208,13236,12856,15455
13432: 14454,15195,15410,15688,13883,13480
14467: 13186,14904,15799
13480: 14551,13282,15195,13432,15688,14074
13105: 15199,14253,15336,15691,14725
15275: 13012,14797,13344,13807,13568,14055
14584: 15723,13339,15518,15295,14706,15592
15172: 13345,12917,12898,13236,13060,13748
14378: 
15165: 13604,14705,14828,14363,13217,14732
13689: 13198,14637,15009,15556,15432,15087
13525: 14047
13308: 13615,15696,14420,13219,15484,13772
14123: 15720,13136,13122,14269,14603,15347
14636: 13681,13613,13501,15737,14494,15559
14482: 15610,13995,13132,15089,14282,13039
13532: 15653,14191,13706,13808,14104,13335
13157: 14092,14879,14969,15121,12865,15004
13335: 15377,13927,13532,13706,14104,14679
15245: 14547,14335,14590,13744,14748,13474
15395: 15555,13893,14070,13256,13059,14877
15673: 14701,15624,14923,14159
15274: 15586,15782,28683,13540,13832,12824,15517
15379: 15246,14665,13249,14930,13838,13097
15030: 14174,14282,13950,14548,13437,13901
13915: 12997,13384,15290,15389,14048,14266
15197: 14885,12969,15692,14606,14980,14994
15753: 14778,13299,14177,14096
14223: 15642,14654,15653,13706,14032,13749
13158: 15221,14370,13367,15542
12929: 15227,15331,14414,13491,15750,13104
15678: 
13110: 14119,13626,15416,13607,15581,13798
13100: 15462,13439,14301
15597: 15084,13310,13174,14939,15596,13822
14583: 14404,14419,14167,13790,13694
15680: 13906,13286,13608,14409,12835,14993
13108: 14148,13703,13140,12921,14756,13368
12877: 15342,12960,12993,12837,15409,14001
14600: 15232,13358,13557,14564,14004,13016
15627: 15795,15779,13345,14560,13461,13349
14776: 14392,15060,13834,13281,15591,13025
15476: 15569,15308,15037,12964,13600
13980: 13424,15681,14113,13408
15795: 14179,13533,15222,15779,15627,14560
15184: 12878,13646,14129,13885,15148,14694
14490: 12935,15640,14683,14360,14780
15518: 15723,13339,14584,15142,13121,14737
15711: 14765,14287,15375,14276,14466,13375
13327: 12898,14520,14057,13784,14926,13060
15339: 13008,15783,15147,15160,15134,13475
15097: 13652,14713,12854,15335,13014,13556
13054: 15469,13707,13527,15062
14960: 13811,14532,13406,13601,15614,14950
13582: 13493,15194,15727,14020,13917,13907
14240: 13509,13425
13082: 14733,13754,13368,14169,14756,15657
15464: 15249,13081,13977,13589,13093,13139
14539: 15440,14180,14480,15637
15219: 15355,13884,14484
13783: 12938,15282,15313,14894
14501: 14989,14735,13411,13048,13219,15484
14208: 14388,13691,14417,14249,14280,13716
13379: 14936,13289,15111,15490,15385,15719
13365: 15113,14424,15048,15329,13628
14449: 15107,13370,13353,13913,12823
15161: 13325
14156: 15118,14299,12952,15234
13616: 15552,14239,14143,14704,13710,12986
13037: 14346,15754
14875: 14195,15689
14658: 13991,14199,14733,13754,13857,13761
14946: 13850,13471,13003,14852,13301,14785
15811: 14316,15703,13542,15068,13729,13042
15694: 13685,15497,15254,13213,14794,14914
13466: 13941,28658,13903,13074,14416,15238
13592: 12860,14249,15684,14884,14285,14589
13391: 14066,14655,14371,15063,15075,14026
13639: 13507,14610,15091,13421,14251,13909
14724: 13518,12980,13528,15670,15412,13065
14180: 14539,14007,15430,15668,15637
13404: 12965,14290,13089,15604,13581,14528
13909: 13273,14965,14110,14251,13639,15091
13193: 15558,13265,13435,13500,15387,13595,14659
14932: 13422,15153,15079,14031
15080: 13807,13623,14811,13395,15607,13077
14400: 13005
13046: 13518,14509,13696,15633,13621,15651
15144: 14271,14437,12970,13937,14051,13455
14611: 13704,14182,13870,13546,15698,14895
14413: 13576,14394,14326,13978,15025,13006
12842: 
13155: 13289,15111,15087,15032,13303,13242
14979: 12952,15436,13098,14609
14987: 14115,14816,14535,15236,15044,14150
14362: 13759
12993: 15342,12877,13591,14187,14001,13182
15276: 14575,12939
13807: 13568,14811,15080,13012,15275,13395
15182: 15663,15800,14689,13674,13043,13015
15018: 13580,15487,13350,13383,14359,13562
15218: 15198,14453,13887,13299
13845: 13399,13928,12859,14316,15703,15036
15775: 14415,14126,14428,14899,14433,13227
13597: 14101,13028,14771,12858,13408
15008: 15325,14568,15241,13396,14839,15519
14110: 13909,13273,15091,13690,13534,12888
13322: 12994,13695,14819,13402,14722,15414
14198: 13058,12987,15226,14746,12921,14502
14908: 15686,13936,14329,13768,14580
14638: 14263,13375,14990,13836,15672,12859
13136: 14123,15720,14023,14269,13605,13366
13439: 15462,13100,13676
12996: 13726,13287,14892,14373,14860
13903: 13466,13074,15238,12926,12868,13059
15604: 14361,13089,15332,12965,13404
13264: 13019,15196,13152,14905,13176,13853
15565: 15233,15031,13973,12914,15588,14052
15630: 14954,15776,13678,13320,15054,12815
13860: 15065,13686,15465,15695,14531,12880
14969: 14879,13157,15004,15055,14481,15093
15359: 13780
15381: 15699,12853,15478,13645,14233
15191: 15724,14272,13640
15189: 14845,15741,15397,14464,14485,15338
14989: 14501,13411,15484,13453,14342,15420
13115: 14761,14070,14226,15096,15220,14877
15544: 15669,13813,13342,15774,14586
12988: 13340,14054,13394,15726,13276,14411
14768: 15171,15280,15740,13960,13380,15813
14270: 14635,14004,15696,13642,14065
14848: 13942,12896,13055,15195,15410,13974
15212: 13569,14327,15641,14512,13969,14677
13433: 14298,13231,15461,14973,13734,13389
13801: 15770,14567,13911,13035,15670,14450,15372
13954: 13810,14218,14994,15227,15734,13914
14097: 13148,14702,14795,14322,15105,14533
14591: 14685,13978,13627,14477,14434,14326
14765: 14287,15711,14224,14421,14106,14276
15570: 14632,14971,13796,15487,15439,12979
15039: 14915,15364,13588,13887,14303,14137
13139: 15015,13154,15464,13977,15366,13093
13246: 14127,13134,14496,14383,13891,12963
12863: 13674,13315,15458,13301,14785,15545
13294: 13228,12947,14386,15466,13109
14827: 13916,13324,14369,14281,13503,14850
13577: 13825,15482,15473,14553,14775,13961
14106: 14224,13749,13927,14162,14765,14276
15117: 15168,15378
14018: 14786,14194,15206,13907,14118,13751
15079: 13642,14932,15766
13910: 15510,14731,15036,14154,13844,13724
15603: 13657,14022,13821
13644: 15441,14709,15116,15287,15594
14981: 13296,13000
15132: 13200,15141,15662,14740,14457,15500
13069: 13802,13636,15580,14196,15809,14164
13671: 13173,15115,13664,15010,15749,14105
14597: 14693,14717,15058,14975,14711,15802
14910: 14029,14976,13867,14562,15051,14268
12933: 14129,13885,15709,14418,15196,13152
15461: 14258,13899,13433,13231,14973,12916
15595: 13290,13291,13693,14574,14086,14090
14890: 15684,14669,13128,12918,14503,13357
13721: 14561,12946,15509,13022,13098
14181: 13871,14039,13559,14991,13635,14353
13001: 15240,14781,15017,13262,13625,13715,14968
13805: 12910,15534,13363
14576: 12920,15002,13986,13573,14573,14034
13424: 13980,15681,13408,13028,13458,15812
13326: 15136,15525,15475,15456,13163
13090: 15789,15436,14184,14716,15728,15685
15505: 15356,15787,13815,14599,15701,14769
14779: 14472,13033,15314,14618,13200,15662
13074: 13941,13466,13903,12926,14869,15413
15447: 15003,15419,14702,14322,14650,15371
13367: 15740,14972,13158,15813,15542
15181: 
14970: 14674,15407
15672: 13836,15479,14466,14311,14638,13375
15495: 13402,12905,14722,15567,28675,14310,14157,15772
13696: 13460,13065,15072,13518,13046,15651
15408: 13720,14514,14878,15761,13453
13787: 14392,15060,14933,15714,13624,13551
13242: 13303,13216,15556,15087,13155,15124
15660: 13051,13725,13201,13842
15496: 15019,14783,15644
13667: 14587,12850,13472,14462,15294
14709: 15441,13644,14831,15641,13856,15594
14200: 13573,13610,14573,15244,13812,13950,13437
13333: 15758,13066,14876,13218,15760,15497,14794
12909: 14569,13344,15397,13649,13481,14221
14873: 15531,14511,12902,12978,13996,14225
12908: 14021,12958,15645,13343,13964,14758
14230: 14900,15708,14546,15352,14995,13021
13712: 14314,13373,13849
14914: 14727,13459,15694,13213,14309,13862
14266: 15389,13384,13915,14131,14682,13268
13539: 14545,14883,14209,15765,13524,13512
14259: 15328,14746,14367
14299: 12952,14893,13697,14156
15019: 13705,14027,14783,15027,15496
13622: 15540,15802,14717,13031,14846,15291
15229: 13400,15268,14599,15386,14343,13237
14911: 
15487: 13580,15018,15570,13796,15439,13383
14995: 14913,13021,14230,15352,15573,14822
12951: 14605,13977,15366,12906,13631,13452
14701: 15673,13178,15123
15613: 14708,13479,15177,13944,15137,13498
15285: 13516,12927,14736,13017,14487,14774
14704: 14423,14143,13872,14804,15552,13616
13859: 14356,13509,15521,14956,13426
13904: 13741,13504,15120,15223,14277,13134
15738: 14955,14334,14014,13612,15792,13851
14431: 13422,13016,13358,15808
14066: 13391,14655,14446,15063
15064: 14056,12901
14070: 13115,14761,14226,14120,15395,13893,14877
14521: 15000,15041,14085,15140,15303,13656
15783: 15339,15147,13475,14134,15343,15033
15171: 13067,15280,14768,13510,13960,12992
15522: 14872,14944,14730,15207,14507,13510
15521: 14851,15635,13426,14356,13859
13828: 13906,13286,14344,13230,14456,14916
15173: 14370
14204: 13924,14401,14396,15724
13524: 14530,12995,13512,13539,15765,14049
14735: 14501,13411,13818,13257,13048,14623
13680: 13587,14832,13292,13445,14662,14354
13736: 15270,14644,15503,15654,13737,15643
13201: 13725,12976,13497,14140,15660,15650
13593: 13546,15543,15698,12836,14041,15159
14856: 13939,13191,15731,15489,12874,14037
14536: 13182,14738,13868,13055,14454,15410
13762: 15644,13666,15300,13314
13549: 13949,14734,12821,14767,14313
15062: 13054
12818: 15652,13338,15269,15529,14675,15557
13323: 14459,14957,14712,15235
15162: 13151,13114,12886,13316,14556,14250
14120: 14761,14070,12880,13604,14732,15465,13893
13673: 12816,14535,12948,15270,14509,15633
13649: 13481,12864,15397,15338,15283,12909
14783: 15019,13705,13314,15644,15496
15577: 14749,14626,13786,14247
13162: 13493,15194,14359,14009,13562,15537
15302: 14909
13606: 13284,15466,13106,13228,14953
15450: 15389,15150,14681,14684,13268,15618
14958: 14715,13234,14566,13658
15346: 14177,13299
15083: 15481,14473,13249,13409,15391,12882
14862: 13519,15152,14865,14549,14866,15648,12982
14128: 15228,14073,14077
13337: 13284,15466,15549,15401,14197,15612
12947: 13228,13294,13075,15606,15690,14386
15734: 15227,15331,15810,13954,14218,13756
14427: 15020,13583,15123,13579,15243
15457: 14476,14788,15312,12959,14901,13970
13122: 15057,14912,14603,13177,15347,14123
14789: 12968,15052,14829,14186
13192: 15102,15058,13073,14015,15112,12940
15378: 15168,13993,13842,15117
13502: 14107,15382,13880,14455,13222
14654: 15642,15438,14223,14380,15653,13799
12815: 15054,13957,14037,15630,14399,13678
14355: 
14241: 14623,15761,13819,14514
13343: 13964,14963,12908,15645,13087,13750
15704: 13874
13670: 15718,13803,15759,15440
14154: 13910,14731,13724,13796,13580,13505
15452: 13717
15262: 15382,13223,13079,13138
15304: 13348,15393
15546: 15754,15217,13987,14346
15113: 13365,14424,13628,14148,13703,14030
13112: 15502,15534,14252
15186: 15742,13646,13885
14579: 14929,13273,15247,13534,15758,13066
15206: 14786,14018,13751,15578,15504,14211
13137: 15807,15053,12942
14302: 15180,14593,15249,14542,14545,14209
14972: 15740,13367,14961,14921,15221
12862: 13076,15639,14777,12847,14641,14091,14828
15111: 13289,13379,13155,15719,15032,14966
13021: 14995,14913,13207,14230,14546,15311
13951: 13546,15543,14895,15174,13167,13895
14697: 15203,15437,15485,13347,13513,13385
13983: 14236,15631,15167,13920,13505,13350
15240: 13503,14781,15017,13001,15180,14593,15024
15642: 15438,14654,14223,12826,13931,14032
15674: 
13350: 13580,13505,15018,13983,15631,13562
13722: 15398,13624,13551,14398,13693,13555
14468: 15130,15289,12865,13225,15121,13020
12874: 13932,13053,14399,14037,14856,15489
14625: 15682,13006,15298,14219,14251,14965
14082: 
12844: 14869,14565,15413,13312
14481: 13148,14702,15093,14969,15055,15003
15588: 12914,15224,15279,13609,15031,15565
13849: 13102,13712,13373
12922: 13753,12984,15713,13740,15200,13638
13214: 12945,14028,15624,14159,14983
14475: 13012,14797,14026,14441,15075,13210
13856: 14747,14190,15594,14709,14327,15641
15423: 14767,14313,12914,15166,15469
13943: 13280,12825,14950,14547,13474,14534
14043: 13734,13467,13389,15361,14255,12873
14868: 15388,15548,14077,13038,14469
13453: 14342,15761,14989,13411,15408,14878
15479: 14257,13836,15672,14311,13410,14132
13832: 13540,14721,15787,13815,15586,15274
15217: 15049,13987,15546
15702: 12946
13933: 14710,12834,13372,13523,13938,14038
14225: 13996,14436,15215,12978,14873,15551
14067: 14038,15394,15444,13632,14493,13938
15273: 15494,15082,13953,13274,12943,13863
15054: 13957,13456,12815,15630,13982,13320
13006: 14625,15298,14219,13576,14413,15025
14550: 13449,15697,14222,14796,14512,14668
15748: 14447,15472,13467,13875,12912,14896
14320: 12838,15677,15451,13011,15333,15449
15174: 14588,13197,13167,13895,15427,13951
15131: 15415,14232,13470,13800,14653,12830
15306: 15071,15033,15691,14849,14134,15336
15279: 13609,13837,13733,14824,15755,15588,15224
14675: 15404,14728,12818,15652,15557,14942
14109: 13143,14522,13172,14741,15244,15374
14619: 15671,14429,15725,13469
14608: 14242,15319,15729,14191,13808,14210
12967: 14652,13393,13455,15541,14639,12890
14317: 14543,13660,15293,14346
14699: 15337,12845,15355,13884,12949
13026: 13675,15110,13530,15295,14706,14430
15665: 14526
14567: 15770,13911,13801,13585,15584,13035
13216: 13429,13303,13242,15124,13023,13040
13890: 14650,15371,14606,13002,13963,12969
14486: 13770,14422,12843,13434,14897,12851
14280: 12860,14249,14964,14667,14208,14417
15282: 13783,14422,13958,15477,14940
15105: 14438,14322,14585,14533,15523,14097
14750: 14548,13437,13179,13610,14602
15812: 13458,14093,14426,13028,13424
13840: 15066,15369,15804,14688,15443,13029
12945: 13214,14028,13362,14983,15341
14986: 14683,15394,14161,13224,13932,14360
14858: 15527,15257,12962,13804,15598,15239
13252: 14664,14519,14206,14024,14613,13317
15798: 
15751: 13741,15422,15323,13574,14998,15120
13097: 14930,13788,15296,15379,13249,15481
13008: 15339,15147,14262,13388,15160,13699
13628: 15317,13835,13669,15329,15113,13365
15272: 15786,14834,15707,13353
13996: 14436,13923,13777,14225,14873,12902
14192: 13829,13494,13254,15350,14909
13692: 15297,14013,13854,12845,15390,15043
15187: 
14994: 13954,14980,13810,15197,15692,13914
14342: 13453,13102,15420,13718,14989,14878
14822: 13027,14802,15573,15046,14806,15352,14995
13529: 14920
15421: 15068,13414,15122,14716,15685,14389
13756: 12974,14843,13698,15810,15734,15331
12887: 14293,15357
13714: 13425
14950: 13280,13943,14547,15614,14960,14532
13382: 13717,15513
13043: 13674,15490,13315,15182,13015,15384
13804: 14552,15598,14858,13850,13488,15239
12900: 14003,14376,13278,12892,15568,14452
15134: 13475,13690,15160,13507,15091,15339
14878: 15408,13453,14342,13102,13373
14678: 14627,13405,15710,14906
14805: 15357,14189
13751: 14118,13653,14018,15206,14974,15578
15138: 14331,13181,12846
13634: 13866,13665,15723,13121,13202,13508
14341: 13056,13620,13295,14388,13716,14229
13371: 13269,13710,15790,14818,14143
13715: 14816,13145,13262,15017,13001,15236,14968
14947: 14130,15078,14707
14973: 12930,12916,15461,13433,13734,13875
13399: 13845,13928,15589,15193,15510,15036
14869: 12926,14565,12844,14729,15413,13074
12949: 12895,15337,14699,15355,13594
13788: 15296,14628,13172,13097,15481,14741
14197: 14122,15401,13337,15266,15612
13999: 13677,15676,14660,13865,15426,13101
15180: 14593,15249,14302,15024,13081,15240
14562: 13867,15434,15736,14232,15051,14910
15561: 13049,15693,13442,15797,14074
15044: 15396,13863,14150,14115,13953,14987
13423: 14948,15725,15764,14002,14660
14000: 13657,14039,14991
13893: 15514,15395,15555,13604,14761,14070,14120
14745: 13565,13894,14645,14470,13412,13992,13123
15739: 14242,13755,14963,14210,15433,13750
15559: 15157,13681,14636,15737,14859,15152
13770: 15313,14486,13434,13708
14144: 14581,15252,15619,14256,12944
14184: 13090,15789,14122,15266,15728
12944: 14256,14488,15252,14144,15463,15108
14669: 15684,14890,14884,13357,14771
13603: 14112,12983,13040,14626,13786,15632
13881: 14755,13203,13370,15297,14013
14524: 14954,13535,15776,14984,14493,13876
13052: 15434,15736,13007,15349,14182,13955
14628: 13788,15296,13172,13237,15386,15139
13660: 14317,15293,12924,14220
14993: 13732,12835,13286,15680,12849,13018
12885: 13448,13635,14751,15446,14721,14594
13114: 13151,12899,13418,12886,15162,13781
12888: 13747,13534,13959,14110,13690,14764
13049: 15561,15693,15797,14470,14407,13123,15109
13661: 14689,14836,15360,14898,14126,14433
14042: 14300,14996,12883
14859: 13519,15152,15157,12990,15559,13823
15449: 14237,12838,14320,15333,14435,15499
15001: 13121,14737,13202,15596,13822,14739
15320: 13319,13700,13747,13959,14876,13685
13279: 14248,15571
15746: 13360,15585,14882,14651,13655,13240
13506: 15744,13688,14747,14190,15528
13647: 13406,14945,15028,14335,15614
15020: 14427,14925,13583,15528,14260
13120: 13940,15095,15533,14558,15185,13473
14105: 14844,13671,13664,15749,15400,13598
12937: 
13771: 14577,14321,12977,14291,14853,13462
13280: 12825,14950,13943,14532,13297,13719
13036: 15512,13186,13329,12894
13605: 13479,15177,15340,14269,13136,13366
14315: 15664,15040,15360,14415,14126,15088
14160: 13014,13556,15112,14262,14793,15202
14904: 13987,14467
13053: 13932,12874,14360,13979,14780,15489
14094: 14212,15791
12923: 15094,12850,14012,14264,15526
13803: 15074,13387,13670,15759
13374: 13256,12868,12831,14357,14801,13457
14017: 13485,14379,13902,13538
13799: 15653,14191,14380,15319,12954,14654
13536: 13126,15501,15778,13905,13873
13688: 13506,15744,14925,15528,15652,13338
13676: 15329,13821,15462,13439
13270: 14227,13487,13896,15179,15486,14642
15663: 14852,12950,15800,13301,15182,13674
14603: 14269,15535,14659,13122,14912,14123
13290: 15595,13291,14086,15762,12957,13094
14942: 14529,13292,14728,14675,15557,14832
15303: 14631,15140,14147,13141,15000,14521
14790: 12866,14676,15345,14578,15609,13271
15358: 12972,14901,13826,13468,15037,12925
15175: 14273,15576,14367,15332,14361
15752: 
13516: 12927,15285,14487,13171,15608,15200
12845: 13692,14013,15043,15337,14699
13730: 14894
14368: 
14081: 15571
14924: 13239
13865: 15601,15243,15426,13101,13092,13999
14673: 13937,13376,15086,14290,13838,14665
13988: 14707,13010,13930
14796: 14550,13569,14512,14668,13412,13565
13377: 
13731: 12941,14921,14429,13469
14588: 13197,15174,15427,13614,13952,14234
14913: 14995,13207,13021,15573,14758,14021
13358: 15232,14600,14956,13247,14431
14737: 13121,15001,15142,14408,15596,15518
14339: 14640,14033,13283,15483
13172: 13788,14628,13237,13143,14109,14741
13626: 13227,14119,13110,13798,15498,14898,14433
15643: 12816,13145,13737,13736,15270,14410
14665: 15379,15246,13838,14673,13937,14051
14205: 15210,13125,14937,15103,14256,14488
14954: 14524,13535,15776,15630,13083,13320
13384: 12997,13047,13915,14266,15511,14131
13092: 15404,14728,13583,15243,13865,13101
12891: 12894,14235,14136,14690
14065: 14270,15326
15501: 13126,14826,13536,14079
14356: 13859,13509,14847,13405,15521
13418: 12899,13114,12999,13781,14773,15554
15112: 14160,13556,14015,13192,15202,12940
15549: 14098,15553,13109,15466,13337,15612
12893: 13288,15616,13141,13431,15000
13077: 15607,13275,14325,13623,15080,15110
12850: 15094,12923,13667,14088,14462
13979: 15007,13806,14780,13053,15489,13776
15227: 15734,15331,12929,13914,13954,14414
14260: 12903,14190,15020,15528
13946: 13271,15558,13265,15609,14744,14719,13127
15124: 13023,14698,15119,15556,13242,13216
15531: 14873,14511,12902,14985,15209,14439
15683: 13499,14630,13659,13056,14377,15572
14044: 15651,13274,12943,13460,15714,14933
13958: 12981,13985,12851,14422,15282,15477
15000: 14521,15041,13141,13288,12893,15303
13023: 15124,14698,13216,14749,13786,13040
15572: 14377,15587,13499,14712,15683,14033
14211: 15504,14957,15206,13267,13261,14807
13829: 14192,14909
15690: 14586,15606,12947,14386,14145
14010: 13708,15118
14682: 13746,15158,13268,14266,14215,14131
12983: 14112,13040,13603,14366,14505,13429
15345: 14551,13282,12866,14790,13271,13435
15657: 14502,14756,15226,13956,13082,14169
15009: 13198,14637,13689,14340
13088: 14679,14557,14541,13381,14104,13164
14092: 14879,13157,15698,15121,14041,13704
13574: 14844,14998,13598,15751,15422,14238
13504: 13091,13410,15120,13904,15223,15251
13883: 15688,15129,14668,14222,14454,13432
12872: 15277,13329,14489
15507: 14163
14335: 14547,15245,15614,14590,15028,13647
13153: 13345,12917,14723,13858,13349
15215: 15757,12848,12978,13304,15551,14225
14937: 13125,14205,14488,13745,14506,13864
14792: 14841,14153,14538,12970
15087: 15432,13289,13155,13689,15556,13242
15586: 15782,15274,13815,13832,13400,13438
14319: 14692,12841,14305,15259,15269,15623
13564: 
14151: 13940,14060,14835,15211,15029,15365
13608: 13072,14500,13607,13906,15680,14409
13723: 15491,15034,14103,13124,15520,14416
15298: 14625,15682,13006,13576,12974,14843
15722: 14034,15806,15231,15043,15155,15467
14313: 15423,14767,12914,14052,12821,13549
14088: 15526,13880,12850,14462
14906: 13484,15411,13405,14678,14847
14087: 13257,14125,13131,13847,14720,13758
13576: 14413,14394,14095,13006,15298,14843
13750: 13087,15621,15739,13343,14963,15433
13831: 15491,15034,14992,13902,15126,13324
15362: 13847,14720,15632,15700,13794,14112
13517: 15136,15525,13401,14444,12971
14104: 13381,13532,13808,13335,14679,13088
15632: 14720,15362,14626,14112,13603,14425
13984: 14529,13292,14155,15676,14662,13078
13707: 13054,13318,13266
14961: 15740,14972,14672,13118,15280
13292: 14529,13984,14942,14832,13680,14662
15159: 13020,14041,12836,13617,13168,13593
15230: 15095,14517,15533,13451,14063,14138
14955: 14014,15738,13851,14292,15617,13309
14617: 13195
13772: 13045,13683,14045,13615,13308,13219
14907: 13591,13481,12864,15084,13174,14187
14078: 14804,12814,12902,15209,13872,13923
15439: 14167,13130,12979,15570,15487,13383
14055: 14939,14408,14221,15275,13344,13568
14333: 
14880: 13397,15687,15745,13989,13392,13497,15650
15031: 15233,15565,14885,15692,13609,15588
14966: 14596,15335,15111,15719,12854,15032
13757: 14692,12841,15109,15351,13500,13879
14153: 14538,13900,13376,14792,12970
15563: 13196,15456,15566
13940: 13120,14151,14060,14835,15533,13473
14516: 
15616: 13288,12893,13463,12846,13997,13431,15133
15724: 14396,13446,14204,14272,15191
14640: 14339,14033,15587,15548,14099
15225: 15763,12989,13413,15106,14601,15741
15327: 13877,15602,14297,15334
14239: 15552,13616,12986,14523,14814
15655: 13002,12897,13963,13244,13495,13733
13341: 15204,15474,13839,14053,14762,14397
13234: 14958,14715,15713,14566,15615,14430
15232: 13358,14600,13869,13557,13247
12980: 13518,14724,14509,15670,12948,14450
14754: 15059,14630,14786,13599,15504,13261
15425: 15407,14474,14674
15349: 13704,14182,14879,13052,13007,15093
14657: 14575
15393: 14889,13390,12832,15304,13348,12878
15647: 15396,14150,15431,14349,12906,13452
14358: 12875,13030,15146,14492,14519,15485
15125: 14622,14365,14458,13797,13181
15541: 14663,14401,14437,12967,13455,14639
12851: 13985,13958,14897,13793,14422,14486
15410: 14454,15195,13432,14536,14848,13055
13150: 13232,13250,14874,12819,15796,13447
15387: 13500,13595,13442,15797,15558,13193,13435
13349: 13695,13858,15627,13345,13153,13461
13450: 13758,13818,14375,13819
13620: 13056,14341,14388,14291,13462,13659
13610: 13573,14200,15467,14750,13437,14602
15316: 13810,14218,14286,14585,15523,14006
15013: 14425,13131,14247,14375
14171: 14165,13388,15715,13142,14117,14624
15324: 12817,14016,14279,13188,14763,15330
14863: 14183
15130: 14468,15289,14839,13777,15564,13225
14096: 14935,15753
13048: 13257,14125,14045,14501,14735,13219
14306: 
15243: 15601,13865,14427,13583,13579,13092
13800: 15131,13470,14743,15768,14791,14653
13452: 13848,13631,12906,15647,15431,12951
14376: 14003,14857,12900,13293,13648,15568
15649: 12986,15392,15424,14814
15592: 15723,14584,14706,15615,12984,13508
14290: 12965,15086,13404,14528,13838,14673
14327: 13569,15212,15641,14747,13856,14840
13041: 14352,15192
13638: 13767,15608,15200,12922,13740,14572
14452: 14500,15581,12900,13415,13278,12892
13651: 15256,13156,15203,15066,14688,14295
13615: 13308,15696,13683,13772,13785,14635
13247: 14956,13426,13869,15583,12876,15232,13358
15005: 12905,14722,15414,13643,13919,15101
14882: 15045,12821,13050,13360,15746,15585
13064: 14127,14277,14525,13654,15658,13277
14575: 14903,15276,14657
12924: 13245,14772,14543,13660
14135: 12931,12907,15271,13369
15624: 15673,14159,15123,14983,13214
13895: 15174,15427,14604,14216,15543,13951
13792: 14751,15446,14030,13669,15539,15356
13691: 14388,14291,14208,14853,14417,13746
12866: 13974,14676,14643,14790,14551,15345
14387: 13774,14671,15016
13462: 15059,13659,13771,14321,14291,13620
14048: 15389,15150,13151,12899,15290,13915
13645: 13342,15381,12853,14615
15747: 15770,13911,13650,14531,14226,12880
14664: 14492,13252,14519,13317,13531,14294
14159: 15673,15624,13214
13949: 14734,13169,13549,13360,15480,13705
13508: 13753,12984,15723,15592,13866,13634
15331: 15227,15734,12929,13756,13698,15750
15703: 15811,14316,13542,14990,13845,12859
14052: 15045,12821,13973,15565,12914,14313
14717: 14693,14597,14753,15802,13622,13031
12972: 15358,14901,13970,14633,13826,13552
13919: 12912,13643,13185,15101,15005,13679
14967: 
13686: 13860,15065,14774,14736,15695,14308,14531
13265: 15558,13946,13193,14719,13127,14912,14659
13748: 14258,13899,13972,13060,15172,12917
15580: 13069,13802,13636,13648,13166,15568
13093: 14003,13589,15464,15015,13139,13278
12971: 15204,13517,13099,13401,13839
14173: 14142,14691,15803,15807,15053,13552
13013: 12857,15599,14334,14185
13971: 15448,13117,13559,13241,13948
13185: 12912,13919,14447,13679,14267,14116
13567: 13965,14089,13774,14080,14384
13927: 15377,13335,14162,13706,13749,14106
15756: 14518
15289: 15130,14468,14839,12865,13396,15716
12985: 13011,15333,14874,13602,12819,14064
15628: 15049,15077
13746: 14682,15158,14215,13691,14853,14417
13955: 14182,13870,14791,13470,13052,15736
15715: 14171,13388,13699,13142,13833,14713
12834: 14710,13933,13372,14889,12832,15148
13217: 15065,14774,14732,14363,14487,15165
15033: 15071,15306,15783,13475,14764,14134
14422: 15313,14486,12851,13958,15282
12895: 13287,14892,12949,15806,13962
14451: 13183,14133,13380,13352,14423
12977: 13771,14577,14215,14364,15508,14853
15209: 13352,14439,13872,15531,12902,14078
13991: 14658,14199,13581,13761,15139,12936
15648: 14866,13602,14862,13519,15451,13011
14540: 13477
13095: 14095,14006,13553,14286,14976,14394
14113: 12858,15100,14589,15388,13980
12946: 14561,13721,15702
14453: 15198,15536,15218,13887,15579,14303
14720: 13847,15632,15362,14425,13131,14087
13643: 12912,13919,14896,13926,15414,15005
13609: 15279,13837,14885,15031,15588
14324: 
14349: 15236,14968,12973,12906,15647,14150
15474: 15204,15145,13341,14999,14397
15477: 15743,14940,12981,13958,15282
14014: 14955,14334,15738,14941,15617
14308: 15695,15278,14719,14736,14744,13407,13686
15512: 13036,14489
15723: 15518,14584,15592,13121,13508,13634
15453: 14412,14380,14962,15773,12954
15729: 15319,13189,15140,14242,13656,14608
13665: 13866,13634,13184,13935,15214,13202
13545: 12907,15357,12931
14971: 15570,14632,14483,12981,13985,12979
15204: 15145,13341,15474,12971,13099,13839
14903: 15047,14575,15192
14741: 15481,14473,13788,13172,14109,15374
15658: 14773,13769,15554,13277,13654,13064
13914: 15227,13954,14994,15692,15233,14414
15341: 15764,14002,12945,13362,13086
13963: 13002,15655,13890,12969,13837,13733
28684: 28683,15305,14646,15517