14621: 15332,15175,15593,12987,15576
28593: 
13143: 13237,15268,13438,13364,13172,14109
14985: 13380,14239,14133
12849: 14993,13906,15201,15428
14615: 14193,14680,15774,14233
14328: 14494,15731,13191,14581,13161,13521
15299: 14595,15812,13424
15380: 13066,15734,12929
15145: 13401,15525
13511: 14613,14267,14116,13188,13300,14024
13765: 13896,13848,13270,15179
14273: 13376,14361,14474,13404,12965
15510: 13590,14731,15193,13399,13910,15036
14172: 14088,15429,14647,13346,14506,15796,13119
15340: 15351,13605,15797,13757,14123
13959: 15071,15320,13105
14722: 15005,12905,13402,13322,15414,15772,15495
15448: 13448,14353,15603,15675,13657,13238
13438: 15782,13364,13400,15586,13143,15268
14250: 15162,13151,14556,15150,13489,14681
13724: 13796,14632,13910,13476,14731,14154
13533: 15115,13258,15010,15735,14560,15795
12829: 13666
12939: 15637,14902,13596,15435,13554,14614
12855: 12862,14641,14777,14565,13604
14343: 14599,15229,13934,14769,15139
13151: 14250,15162,13114,15150,14048,12899
13942: 13868,15214,15195,14643,14790
15785: 14948,14730,13984,13423,13078
13420: 14485,13226,14999,13591
13886: 14991,15317,13100,13948,15363
14390: 12894,12891,13515,13386
14436: 15055,15289,13225,14312,15698
13061: 14139
14824: 14726,14438
15666: 13774,13522,13111,15211,15029,13586
13488: 14552,13804,14852,13471
14556: 14250,15162,13316,13531,13317,13489
14112: 13794,15362
13025: 13787,14392,15072,13696,15591
13894: 13565,14645,14190,13688
13263: 13207,14913,15530,14057,13208,14520
12840: 13523,13933,13938,13474,14534,13632
14405: 13728,13186,13146
14881: 13633,13042,13476,13844,14483,13985
15804: 15369,13727,13357,13597,14771,13212
13753: 14566,12984,13508,15713
14598: 14444,15151,14464
15338: 14738,14928,15342,14762
14998: 14815,13175,14844,13598,15323,13574
14252: 13096,13222,14829,13829,15264,13254
14488: 15103,15185,12944,15108,14205,14937
15372: 14509,15096,15503,15654,14644
15484: 15232,15540,13785,14031
15779: 13236,13345,15222,14179,15795,15627
14108: 13921,13827
13302: 13821,14617,14837
15116: 14677,12903
14833: 15107,13203,14382,15154,15646,15390
15737: 15559,14636,15152,14494,13521,14865
15482: 13577,13825,15473,13531,14294,13489
12958: 15455,12908,14021,15645,15222,12856
15178: 14690,14293,15217,13763,13190
15254: 14275,13105,15730
13948: 13821,13676,13100,13886,13971
14438: 14606,14824,14585
14923: 14798,15143,13851
15373: 14004,14356
14809: 15168,15378,15402,14093
14802: 14822,15573,13027,12998,13964,14758
13070: 14203,13346,13880,13138,14278,13119
15519: 15358,13968,14289
15363: 13117,14991,13886,13559,14863
15792: 14011,14374
14683: 14360,14490,14161,15781,12935,14986
14079: 13653,14243,13873,13536,14974
15791: 14058
14024: 15146,13300,14613,13252,13511,14519
15721: 14297,13877,15257,13630,13804
12911: 14347,14709,14334,13591
15760: 14794,13066,13273
15698: 14092,14312,15551,15159,13225,14436
14920: 15501,13126,14754,13529,14974
14650: 15655
15002: 14576,13986,28683,15305,15782,13356
15244: 14473,15391,15374,15622,12882,15030
14178: 15250,14710,12832,14889,14590,15196
15730: 15254
15150: 14250,13151,14048,15389,15450,14681
14893: 13434,13098,12952,12843,14156
15332: 15175,14621,12987,14746,15657,14259
15296: 14628,15481,13761,14658,15139,15386
13814: 14380,15453,15669,14323,14962,14412
14323: 15125,14622,14962,15669,13813,13814
14369: 14593,13503,14827,14883,14545
14361: 13376,14273,13404,14271,14076,15012
15293: 15294,12923,14460,12850,13037,13965
13301: 15527,14785,14254,12950,13674,15663
14921: 13731,14660
15092: 14867,15511,13478,14759,13361,14364
15201: 14916,15042,12849,13018
13808: 14191,13532,14608,13381,14210,14104
14929: 13747
14999: 14334,13341,13420,13226
15024: 14605,12906,15464,12973,13081,15249
12932: 14442,14331,13463
13297: 12825,13943,13272,14950,15311,13719
15745: 13482,15777,15132,15500,15314,15141
14391: 14496,13277,13769,12997,13047,15712
15688: 15129,12837,13449,14550
13010: 
14186: 14019,13079,13332,15534,13330,13223
15403: 14538,13994,13830,13838
14808: 14284,15047,14903,15801,14189,13041,14195
13553: 14286,14413,14326,14095,15298
14742: 14372,14244,13545,15759,15276
14585: 15316,13810,13733,14438,14606
15343: 15242,15339,14849,15783
13793: 13633,14897,14069,14486,13985
13952: 13044,14227,14504,14642,14653
13414: 13434,15234,14716,15421,15122,15068
13938: 12840,13933,14038,13372,13632,14067
13222: 13096,14252,15382,15187,13829
14594: 13448,14515,14353,13540,14721,13635
13281: 13908,15060,14571,13180,13895
15589: 13399,13928,15251,14871,14257,15193
12994: 13926,15414,13858,14817,13695,13322
14666: 
12990: 13823,14274,14859,15157,14255,13572
15427: 14202,13167,13908,14571,13614
13181: 14821,14458,14891,12893,14778,13141
13503: 13147,14593,14369,14850,14827,13916
15370: 14938
13646: 13348,14949,14047
14828: 13767,12847,14705,12862,14641
14489: 13369,14176,15368,13888,15277
13278: 14452,13260,15015,15416
13446: 12890,12882,12967,13132,13901
13267: 14459,14128,15315
12936: 14290,13097,15086,14658,15481,14174
14448: 15665,14901,14526
14606: 14438,13810,14585
15139: 13761,14769,15229,14343,15296,15386
15061: 13590,14820,13891,14149,15167,13920
15761: 13257
14898: 13492,13233,13537,14254,15800
14812: 15609,14676,13017,13974,14578
14428: 14119,14899,14409,14433
13873: 15417,13194,14079,13536
14003: 14452,14376,12900
13119: 15260,14278,14172,13070,13346,14506
14949: 14352,12904,13646,13803,14047
15420: 15696,14125
13833: 12833,13008,12828,13898,13057,15040
14835: 13473,14080,14089,15098,13567,15070
13248: 15367,15623,15137,15318,12957
14477: 13978,14591,13627,15769,13611,13483
14532: 13272,14546,14950,13601,14960,15245
12965: 13089,13404,14474,15175,15593,14273
15418: 
15253: 15014,15357,14372,15047,14657
15645: 13087,14179,13343,12908,12958,15222
13684: 
15654: 15220,13736,14410,15372,15503,14644
14587: 15094,12923,12850,14203,13138
12896: 13310,14055,13935,13868,15214
15557: 14319,14662,14832,13680,14354
15506: 13454,15301,15122,14990,14263,13542
15151: 13163,14011,14444,14598
13924: 12970,13455,13838
14364: 13361,15508,15092,15511,14131,14215
15432: 13242,15556,15087,15009,15458
13976: 13444,14472,15104,15574,14237,14618
13286: 13230,13906,14456,13828,15042
13583: 15528,14510,13579
13702: 
13044: 15174,13952,14653,13945
14912: 13265,14603,15535,14659,15347
14351: 14516,14875
14642: 14344,14456,14227,13952,14653,13487
14684: 15450,14681,15618,14553,13825,14964
14179: 13087,15645,15779,15222,15735,15795
15238: 12831,12868,13903,13466,14416
15434: 13007,15105,13704,14182,15736
15071: 15306,13959,15691,15583
13124: 14782,13324,15491,12831
14543: 15582,14346,14212,13378,15793,14904
13839: 14757,13711,13226
15608: 13638,15200,14363,14487
13299: 14442,14096,13936,15039
14214: 
14322: 14029,15316,13810,14533
15261: 13354,15689,14248,15571
12814: 12902,14225,14704,15552
14027: 15062
14338: 12929,15585
14601: 14845,15275,14569
15573: 14822,15352,14802,14995,14913,14758
13398: 12887,15674,13641,14657
14559: 15003
15579: 14035,15536,14096,15039,13768
12838: 13662,15574,14237,15677,15449,14320
14751: 12885,15356,13669,13368,13108,15701
13957: 13982,13456,13939,14037,12815,15054
14861: 15353,15640,14539,13152,13176,12953
13708: 13958,15477,13130,12981,14940,15282
14926: 13972,13060,13327,13784,14497,13083
13230: 13286,13906,13828,13072,13608
13930: 14008
15530: 13207,13263,15311,14057,12879,13719
15590: 13690,15091,14117,15160
13496: 13738,13431,13797,13288,14365,15000
13794: 14505,14112,14975,14045
14496: 14127,13277,14391,13246,12963,15712
14134: 14764,14110,13034
13928: 13399,15589,14257,13836,12859,13845
15669: 13813,13228,14323,14412,15516,13814
15801: 14903,15276,14480,14808,14189,13307
15662: 14618,14779,15499,14740,15132,15141
13781: 15190,12886,12999,13418,15237,13114
12826: 14854,14145,13931,13024,15642,15438
14939: 14797,13344,15084
12919: 
14535: 15633,13673,13046,13953,13274,15044
13240: 13104,13050,14313
15390: 15646,13841,15107,14833,13692,15297
13266: 14959,15807
15472: 15361,15748,13467,14447,14279,12817
13361: 14364,13220,15508,15092,14759,13917
14798: 14923
13841: 15646,15281,15390,14646,15155,13692
15538: 13255
14990: 14638,14263,15506,13542,15703,12859
14063: 14138,13806,12953,13451,15668,15230
14580: 14335,15164,14686,14590,13744,15196
14226: 12880,14761,14531,13115,15747
13690: 15590,15091,14171,15147
14624: 13149,13008,14262
13732: 12835,14993,13607,13739,14409
13994: 14538,14792,13830,15403,14528,14051
13936: 14935,15686,13299
15755: 15588
13899: 12917,13748,13972,14059,13009,14231
13096: 13222,14252,14612,14107,14829
15731: 13501,14494,14328,13191,14856,13939
15246: 13640,15379,13097,14174,13249
14429: 15135,13984,13865,13423,13428
13085: 14639,15267,15724,15181
12979: 13130,14971,14483,15570,14632,14419
14301: 13703,13998,15226,13956,14927
13463: 12846,14331,12932,14177
13442: 15345,15558,13435,12866,13282
14844: 14105,13671,13664,13598,14998,13175
13421: 14165,13743,14685,14544,13149
13212: 14771,15804,13727,15443,15321
14354: 15557,14708,14662,13479
14696: 14385,14295,15443,14688,13727,13840
13213: 14876,14275
14944: 15629,14872,14952,15171
13147: 14593,13503,14281,14850,15717,13625
14706: 14584,15110,13675,13026
15562: 14953,13721,12946,13133
15309: 13676,13100,13687,14022
14877: 13115,13650,14070,15395,15220
12931: 13041,14195,14135,13554,15637,12907
15051: 14562,14910,14232,15131,13867
13848: 13896,13765,13452,15647,14349
15050: 15040,14315,14689,15385,15088,15664
15115: 13173,13533,13258,15010,13671,13664
13544: 14053,13517
13743: 13421,13149,13142
15406: 15686,13032
12886: 15190,15213,13781,13316,15162,13114
14350: 13136,15720,13366,13177
15750: 15746,13914,13360
15278: 15695,14744,13585,13946,13271,13265
13277: 14127,14496,14391,13769,13064,15658
15534: 13989,15302,12968,14186,14019,13330
13319: 15320,13534,14764
13174: 13481,14221,14187,13055
13412: 13338,14796,14668,13123,15529,15652
14483: 14971,12979,13985,14881,13476,14632
13911: 14744,13585,13686,12880,14719,14531
13562: 14359,15018,13350,13493,15631,13162
14143: 14814,13872,14078
13458: 14988,15255
14309: 14627
13520: 
14237: 15574,12838,15449,13976,14618,15499
15091: 13690,15590,15160,15134
14952: 15171,14507,14872,14944
13173: 15115,13258,13164,14541,14381,13664
13378: 14248,15793,14575,15571,14543,14904
14359: 13562,15018,13383,13790,14009,13162
15322: 
13889: 13968,12959,15004,14702
13823: 14274,12990,13519,14859,15677,15451
12839: 15402,14400,13842,13029,13966,14093
15057: 13127,13035,14719,15584,13801,14124
14554: 14352,12904,13878,14075,14537
14403: 12884,13380,15171,14228
15400: 14310,14238,14105,13598,14036,15567
14236: 13713,13983,13478,15727,15631,14759
12864: 15283,12909,15741,14221
14304: 13294,14111
13809: 15226,13956,13058
14685: 13421,14661,13929,13149
14730: 15785,14948,13183,14961
13822: 15084,15597,13310
15308: 
15089: 13249,15083,13393,15391,14482,13132
13858: 14723,14817,13461,13349,13695,12994
14497: 14926,13784,13306,13535,14524,13083
14410: 15654,13736,13145,14801,14644
15777: 13482,15745,13392,15687,15052,15500
15142: 13935,13665,15001,15596,13202
15732: 15335,15088,12854,15097,13556
13003: 13543,13471,14946
15441: 13644
14246: 12937,13037,15754,14094,12869
14933: 15591,13180,15082,13696,14471
15257: 13630,14402,15721,15598,14858
14784: 15726,14411,14371,14475
15344: 14870,13238,14382,13913,15675,14183
14860: 13430,13726,15099
15576: 12987,15604,15442,14153,14621
15141: 15314,13200,14779,15662,15132,15745
13104: 13240
13657: 13241,15675,14863,15603,13559,15448
13595: 15561,15693,13282,15387,13193
14121: 14098,15553,14421,13931,14224,14032
14851: 
14148: 13368,14030,15329,15462,13628,14039
13311: 14656,15076
13329: 14467,14904,15582,13667,14348,15188
12823: 13370,14072,15707,14288,13846
13759: 15411,14201
13764: 15560,14467,14058
15326: 13849
13790: 13905,13383,14167,14359,14009
14050: 14491,15405,15307,14132,14311,15625
15614: 14945,15198,15164,13887,13811
14185: 15143
14637: 13543,15545,12863,14340,13315
13209: 15273,15547,13735,13863,15494,15486
15460: 15147,13388,14160,13313,15242
14434: 14413,14326,13978,13627,15025
13483: 14888,13929,14544,15769,14477,14591
15492: 14268,13611,12830,13018,15769
14800: 13874,14887,12853,15704
12948: 14450,15270,14509,14816,15633
13223: 13330,14186,13332,14829,13254
13260: 13093,14500,15015,13278
15140: 15773,14521,15319,14608,15729
13236: 15779,13345,15222,12856,15172,12898
14291: 13771,13462,14853,13620,14388,14630
15291: 15114,13229,14431,13071
13666: 12829
14028: 
13161: 14581,13843,13776,12915,14328,13191
13373: 13102,14989
14663: 13937,14652
13476: 13910,13844,14881,14483,14632,13724
13847: 14499,14425,14720,13450
14692: 13757,15387,14407,15797,13193
13272: 14546,13021,14532,14950,13297,15311
13134: 15223,13904,14277,13246,14383,14127
13953: 12943,13274,14115,13046,14535
14276: 15711,14765,14466,14106,14491,14162
13303: 15032,14015,14596
15794: 
14414: 14994,13963,14767
15099: 14860
13034: 14102,15336,13561,14134
13917: 15727,14759,13582,13361,13220,14020
14064: 14874,12819,13864,12985,13745,13584
14626: 14720,13818,14247,15577,15632,15013
14476: 14289,14788,12959,13752
14900: 14068,15708,15616,13406,15133,14137
14609: 15118,13022,14561
13693: 13787,14392,13624,13782,14090
15456: 13401,12971
14384: 13667,15470,15754,14348,15294,14460
15533: 13120,15619,13586,14151,15095,15365
13850: 13471,14946,14852,15527,14785
14997: 13980,15176,14589,15681,14101,15228
13596: 12939,15435,13144,12894
13877: 14297,15327,15721,14552,13804
13117: 15363,13971,14834,14951,14863,13195
15149: 13512,13539,15126,14827,13485,14883
14336: 14009,15537,13905,14478,15620,14826
14461: 
14149: 13891,12963,15061,13920,13713,15459
14381: 13164,14557,13173,14703,13175,13664
15605: 14166,15161
14963: 12908,13964,13656,12998,13755,13343
15385: 14689,15360,15050,12854,15490,15088
15148: 15805,13372,14694,12834,12878,15090
15726: 13990,14784,14411
15412: 13177,15670,14724,13122
15490: 12854,15111,15360,15385,13379
15640: 14861,12935,13176,14490,13806,12953
13347: 14492,15485,14294,15473,14697,13513
15073: 14204,13937,14931,13775,13409
13960: 13352,15803,15348,12884,12902
15102: 13556,15656,12940
13768: 12842,15039,15579,15536,15364,14778
15725: 14672,14919
14916: 15201,15042,15768,13487,15415
13087: 15621,15645,14179,13343,13750,15735
14515: 14146,13448,14594,13540,15517,12824
13056: 13620,13716,14341,13659,13295
13598: 14105,14844,14998,14238,15400,13574
13874: 14800,14887,13075,12853
13710: 13616,13371
15143: 14185,13013,14923
13309: 13569,13969,14347,14840
14564: 13547,13622
14310: 15422,14238,15400,15567,28680,28675,15454
14899: 13607,14119,14428,13415,13110,14409
15575: 14303,15753,15536,15198,13887,14960
15255: 14093,15812,15378,13458
13588: 14908
14528: 14290,13097,14792,13994,14051,15379
13385: 15203,15066,14527,14503,15369,13840
14788: 14476,13468
13121: 12984,15592,15518,15723
14229: 14341,14285,14884,14640,14469,13295
14007: 12870,15211,13578,13670,13892,14180
14511: 13923,15215,12871,15531,14225,13996
14367: 12987,15604,15425,14502,12921,14746
13789: 12873,13389,13681,13613,15265,14298
14491: 14050,15405,14162,14276,14466,14311
14523: 14633,13215
13118: 12941,15243,15764
15532: 15137,13445,15081,15367,15207
13428: 15081,14155,14429,13984,14443
12916: 14723,14258,14817,14973,15461,12930
13640: 15246,15191,15379,13249,13393,13995
13785: 13071,15484,14031
15239: 15598,14852,13233,15527,14254
15088: 15335,15664,15732,15385,15050,12854
15437: 14977,13156,15485,12875,14697,15203
13170: 
13585: 14744,13911,15278,13265,14719
14469: 14640,14377,13295,14229,14868,14339
14593: 13147,13503,14369,15240,15180
14813: 14270
12873: 13789,13389,13681,15157,14043,14255
13436: 13004,13795
13896: 13765,13452,13977,13848,15179,13631
14445: 13067,14961
14256: 15463,15185,12944,14558,14799,14144
13058: 15328,14042,13809,13956
13866: 13508,15596,13202,13184,13171
13224: 15444,15394,14986,13932,14399,13678
15529: 14305,13123,13412,15652
13897: 15480
13852: 
15193: 13590,15510,14820,13399,15589,14871
14278: 13116,15260,13119,13070,13880,15292
13063: 14943,14750,13179,14548
13867: 14286,15105,14562,15051
14736: 14487,14774,15165,13516,15285
14040: 15560,13728,13564
14234: 15494,13614,15486,14588,13167,15174,13197
13719: 12879,13876,12825,13297,15530,15311
15388: 13283,14113,14163
15376: 13298
14721: 13540,13832,15787,15446,13635,14594
14019: 13441,14186,13079,15052,15534,12968
15584: 14719,14531,15057,14567,13801,15747
15284: 14022,12961,15226,13687,13791,14927
14140: 13993,12910,13989,15302,15183,13363
13755: 15739,14210,13656,14242,14963,13343,13750
13426: 14600,14431,14956
13368: 14148,14030,13108,14039,14751,13669
14647: 14172,14088,15429,15526,13864
14217: 13663,13870,13945,13470
13526: 13619
12964: 15279,13296
14544: 13483,13929,14591,14165,13421,13440
12848: 14468,13168,12978,13923,12871
14864: 15056
13189: 15453,12954,13199,15773,15319,13799
14401: 15354,15267,12889
13250: 12913,14506,15796,13232,15687,13441
13359: 13795
14372: 14742,14244,15253,14903,15276
15772: 15495,28680,28675,13205,12905,14722,15237,14157
12942: 12914
14039: 13628,13871,14148,13368,13669,15446
14577: 13305,14321,13220,15508,12977,13771
13993: 13253,14140,14967,15302,13363,13725
15136: 15225,15566,14330
14379: 14017,14207,13560
14331: 12846,13463,14891,12932,12842
13776: 12915,15007,15489,13979,13191,13161
14286: 13867,14976,14562,14413,13553
13475: 15134,14110,14849
14688: 13051,15524,15066,13651,13840,14696,14295
14212: 14543,15582,14346,13987,13667,14317
15682: 13576,12974,13698,14770
13163: 14330,15225,14011,14444,15151
14002: 13086
13546: 15543,13951,14041,15159,14879,14611
15213: 15190,12886,13316,14141,14206,14062
15120: 15323,13091,15751,13574,13904,13504,13741
15636: 15634
13796: 15570,14632,13724,13580,14154,15487
14988: 13458
13674: 15545,12863,14936,13301,14785
15524: 13051,14688,15650,15256,15066,13651
13978: 14477,14591,13627,14434,13440,15025
15025: 13006,14006,13978,14434
12961: 14022,15284,15226
12827: 15023
15509: 14122,14184,15789,12947,13133,15702
14474: 14153,13900,15593,14273,12965
13407: 15065,15285,13686,14308
13454: 15506,15301,15122,15728,13090,15421
13459: 14620,14201,13405
13062: 12952,14010,14156,14422
13317: 13531,14664,13316,14206,13252,14556
13760: 13738,13431,15699,14458,15381
13607: 14899,13415,13732,14409
13739: 14409,14661,12835,13732,13929
15415: 12830,14440,14916
13926: 13643,12994,15414,12930,14817,14896
15716: 15564,13777,13020,13396
15041: 13027,15046,15000,15303,14521,14085
15158: 14417,13691,13268,15618,13746,14682
14513: 13878,14075,13387,14129,15186
13704: 13800,14182,15736,15434
15268: 13143,13237,15386,15229,13400,13438
13273: 15760
13179: 15231,14282,14548,13063,14750
15582: 14543,14212,14904,13329,13667
13166: 12892,15568,15498,13636
14008: 13930,14917
14610: 14251,14965,13639,14117
13235: 13536,13126
13356: 15782,13364,14522,14576,15002,12920
13821: 13948,13302,13676
14590: 14889,14886,13744,14580,15196,14178
15128: 15709
13774: 13522,15666,13111,15077,14671,14089
13934: 15505,12885,15356,14769,14599,14343
13132: 14482,12967,15089,15391,12882,13446
13505: 13580,14154,15167,13920,13983,13350
15558: 15345,13271,13442,13435
13148: 14097,13890,14029
15473: 15482,13577,14294,13347,13513,13961
13629: 14432,14978,15610,14213
14289: 14476,15519,13968,12959
14374: 15792
13842: 14634,13363,13966,12839,15402,13725
15160: 14625,15033,14965,15590,15091
15383: 14356
15771: 
13434: 14893,13414,15234,14716,15170,12843
14962: 14323,14622,14147,13814,15453,13199
13372: 14038,15805,15148,12834,13933,13938
13972: 14926,13060,13083,13899,13748,13009
14708: 14319,12841,13479,14354
15374: 14473,15244,13172,15622,14573,14109
14001: 15212,14550,13449,13569
14295: 14385,14696,13051,14688,14616
14620: 13459,14201,15019
13920: 13505,15167,15061,14149,13713,13983
14480: 15074,14418,15801,15276,13307
14487: 14736,15165,15608,13516,15200,14363
14943: 13063,14750,14978
15485: 14492,14358,12875,13347,15437,14697
13923: 12871,14511,14071,14439,12848
15438: 15642,14654,13024,14380,12954,12826
15369: 15804,13727,13840,13385,14503,13357
13798: 15471,13626,14119,14126,14433,13661
13128: 14527,13513,13961,14890,12918,14503
12941: 13118,14510
15252: 14581,13843,14799,15619,14549,14144
15712: 14867,13047,12963,14496,14391,15459
15108: 14787,13745,13584,12944,14488,14937
15335: 15088,15664,15732
13455: 14665,13924
14257: 13928,15589,15251,13836,13410,15479
14415: 14836,13918,15800,15775,13661
13363: 15183,13842,13993,14140,13725
12918: 14890,12858,13128,13961,15684,14775
14518: 15014,15357
13495: 15655
14834: 14951,14288,13117,13195,14000
14131: 13384,14266,15511,14364,14215,14682
12978: 14071,12836,13617,12848
15265: 13982,13456,13566,14298,13789,13613
14560: 15795,13461,15627,13159,13533,15010
14454: 14536,14470,14848,13480,14551
14785: 13301,15527,14946,13850,13674,15545
14820: 13590,15061,15193,14871,13891,14383
14083: 
12821: 13705
12878: 14129,12834,15090,15186,12832,15148
14941: 15738
13205: 12905,15101,15772,15237,15190,14141
13534: 13747,14764,13319
13300: 15146,14508,14024,13188,14763,13511
15199: 14906,13486
13861: 15292,14612,15382,14220,15515
13758: 14375,13131
14242: 15729,13656,14608,15739,14210,13755
13316: 15213,12886,14206,15162,14556,13317
14038: 15805,13372,14161,13938,14067,15394
15163: 13594,13962,13610
12828: 14126,13898,15040,14315,13833
15402: 12839,13842,13725,14093,14809
13456: 13982,15265,13957,13939,13501,13613
13204: 14766,13900
15626: 13394
15466: 13106,14953
13176: 12935,13853,13264,14861,15353,15640
13164: 13088,14557,14541,14381,15433,13173
13820: 13616,14700
15277: 14136,15689,13369,14489,15368,15049
12999: 14773,13160,13418,15237,14157,13781
15601: 14675,12945
13540: 13832,14721,14515,14594,15274,12824
13551: 13782,15595,14090,15757
14581: 15252,13843,13161,13521,14328,14549
13197: 13663,14895,14234,13167,15174
13594: 15806,15163,15467,14484
14101: 15681,14771,14245,15321,15176,14997
13699: 13142,14117,14171
13086: 15671,14510,14002
14703: 15307,14815,13175,14557,14381,14337
14855: 
13490: 
15190: 15213,13781,12886,14141,13205,15237
14076: 14271,14361,13991,14930,15012,14538,14792
13541: 15366,12951,13631,14344,13828,13072
14228: 13967,14086,15171,14403,15205
12857: 
13180: 15591,14933,13895,13281
13357: 14890,14503,14669,15804,15369,13597
14472: 13444,13976,14618,14779,13033,14463
15414: 13926,13643,12994,13322,15005,14722
13111: 13774,15666,12870,15211,15016,14671
14555: 14334,14397,14498,14955
13389: 12873,13789,13433,13734,14298,14043
14892: 14213,15354
15685: 13090,15421,15022,14389,14716
13967: 14086,14228,15595
13435: 15558,15535,13442,13193,13500
14506: 13250,12913,15796,14172,15260,13119
14905: 13670,12907,14135,14539,13152,15440
13254: 14909,15264,14829,14252,13223
14267: 13185,13679,14116,14613,14062,13511
14902: 12939,12894,13036,12872,14614
13200: 15314,15256,15141,14779,14307,13033
13282: 15561,13595,12866,13432,13442
13031: 14717,15232,15114,13622
14277: 13064,13741,14525,13904,13134,14127
13752: 13468,12897,14476
14956: 13358,15153,14600,13426
13269: 13221,15424,15665
13987: 15098,13567,14346,14212,12924,14317
13891: 13246,12963,14383,14149,15061,14820
13898: 13057,12828,14433,13833
15743: 15439,14167,14419,15477,14583,13694
14146: 13448,14515,14870,13238,15517,15281
15634: 15636
14072: 12823,13370,15707
14129: 12878,15090,15186,14513,13387,12933
13076: 13312,14565,14777,15639
14465: 12922,13658,14958,14572
14068: 14230,15708,14900,15133,14806,15352
15200: 13516,13171,15713,15608,12927,14487
15454: 14525,13654,14310,15422,28680,13160
13973: 13527,14052,13705
14974: 13536,13653,14079,14754,14920
13451: 14063,12953,13152,15668,15440
13612: 14757
13663: 13197,14217,14895,13945
13313: 15202,14793,15460,15242,15006
14938: 15288,14583,13694,13730,15370
14772: 12924,13472,14012,14317,15470,13245
12974: 14394,15331,15682,13576,13698
15364: 12893,14778,15616,13768,14915
14499: 13847,14425,14045
13098: 15170,13697,14561,14893,12952
14883: 14545,15765,14369,15149,13539
13055: 14907,13883,13174,14187,13310
15315: 15578,15501,13126,14128,13267
15027: 12975,15496
13107: 13374,13457,14992,15069
15468: 14071,13304,14086,15205
13473: 14080,13940,14835,15286,15210,15070
14307: 13033,14977,13156,13200,15256,13651
13744: 14590,14886,14686,15393,15304,14580
14021: 12908,13964,14758,15455,13208,12958
13472: 12924,14772,14012,15070,15286,14264
12903: 14831,15624,15116,13178,14014
15266: 13824,15127,15728,14122,14184,15612
13557: 13869,14240
12867: 14957,15507,14459
14829: 14107,13332,13096,14252,13223,13254
14931: 13135,13775,14025,15541,15073,13937
13039: 12889,15610,13901,12890,13464
13802: 13285,12861,13069,14196
15435: 12887,13554,12939,13596
13437: 13950,13962,13610,12920,13573,14200
13244: 
14566: 13634,13753,12984,13740,13234
13477: 14306
12890: 12882,13446,15030,13039,13901,13464
15351: 13981,13605,15340,13757,15177,14269
15498: 13918,13636,13166,13626
14057: 12879,13263,15530,14520,13327,13784
15355: 13129,12895,14373,13403
13523: 12840,13933,13280,15250,14710,13474
14520: 15067,15455,13208,13263,14057,13327
12938: 14422
13754: 14199,15086,14733,13857,13761,14658
13422: 13615,15079,14420
15631: 15727,13493,13983,14236,13562,13350
13487: 14653,15768,14456,14642,14916,15042
13631: 12951,13541,13896,15179,14344
15086: 14199,14930,13754,14658,14290,12936
13400: 14599,15229,15586,13815,15268,13438
13482: 15745,15777,13392,15314,15650,13397
15055: 14436,15289,12865
14747: 15287,14327,13506,15676
13905: 13694,13790,13730,14167,14336,14009,14478
14049: 13285,13524,12861,15765
15545: 13674,12863,14946,14785,14637
13059: 13903,15514,14729,15555,13256
15787: 13832,14721,15446,15505,12885,13669
15396: 15431,15044,14987,14150
13522: 13774,15666,13586,14080,14089,15365
13548: 13262,13145,15643,13737,12816
15625: 15323,13091,14050,15307,14815,14132
13773: 15287,14327
13065: 15072,13621,14724,15788,15714
13131: 15013,14375,13758
15494: 13614,14234,15486,13209,14604,13735
15258: 14209,14302,12861,14283,13293
14222: 14745,13992,15129,14550,14668,13123
13844: 13910,13476,15036,14316,13042,14881
14283: 13293,15580,12861,15258,13069
14080: 13473,13940,14835,14089,15365,13522
14189: 14805,15718,13307,15801,14808,13041
13383: 15439,15487,14167,14359,15018,13790
14047: 13803,13646,14949,13545
13619: 14475,15075,13526
13745: 15108,13584,14937,15526,14064,13864
15497: 14725
13215: 13137,14523,12972
14980: 15692,15585,14885,13756
14945: 15198,13647,15614,13668,15164,14329
15526: 14455,14937,13745,13864,14088,14647
15796: 13250,14506,14172,15429,13150,13232
15488: 
14235: 14293,13386,14875,13921
13283: 15388
13518: 14450,15270,13528,15670,15651
14458: 14821,13181,15699,13431,13760,13141
13908: 13281,15060,14571,14604,15427
12822: 14908,15659,15709
15004: 13157,13396,13889,14702
15602: 14196,15334,15208,14297,13630
15646: 13841,15281,15390,14870,14382,14833
14245: 13029,15321,14101,13005
15003: 14559,15371,14702,15419,13002
12898: 13748,15172,15067,13060,13236,12856
14346: 14543,14212,15512,15793,13279,13987
13168: 14468,12848,12871,15551,14216,14873
14264: 15286,15103,13472,14012,14205,13125
13083: 14524,14954,14926,13972,14497,13009
15780: 15304,13885,13419
14694: 15805,15148,15090,15184,15781,13853
14034: 15155,15722,15467,14576,13986,13573,13610
12950: 14254,15384,15800,13301,15663
15764: 14619,13469,15243,13118,13731
12843: 14897,14156,14069,13434,14893,15234
15006: 15242,15202,13313,12966
15336: 13034,14102,15306,13700
14412: 13024,14586,15516,15669,13814,14380
14337: 15405,15377,14679,14557,14703,15307
14689: 15360,15385,14836,15775,14315,15050
15058: 13073,15802,14717
12953: 14063,13806,13451,14861,15640,13152
14719: 15584,14531,13911,13585,15057,13127
15365: 14080,13940,13586,13522,13120,15533
15619: 13120,14799,15533,15095,15252,13843
14846: 14753,14597,14975
13515: 13144,14390
13310: 12896,13822,14055,13055
14984: 13535,14493,13632,14534,13306,13876
14416: 13941,13723,13466,12831,15238
14749: 14247
15297: 12895,15219,15043,15390,15107,13692
15307: 14703,14815,14050,15405,14337,15625
14840: 12877,13569,13309,14190
13733: 15419,13890,13002,15316,14585
15553: 14098,14121,14421,15549,15612,13824
13625: 14781,15240,15717,15017,13147
12910: 12976,13497,13989,15183,14140
14755: 15786,15661,14449
12915: 13776,14517,15007,15095,13843,13161
14541: 13164,13088,15433,15621,13173,13258
13275: 14446,13530,14325
15223: 13904,13134,13504,15251,14871,14383
14740: 15662,15499,15132,14435,13447,14457
15727: 13493,15631,14759,13582,13917,14236
13416: 14053,14441,13517
15198: 14945,13647,15614,15753,15575,13887
14757: 13839,13612,13341,13226
15305: 15517,12824,14646,28683,15002,13986
14718: 12895,15043,15806,14373,14484
15800: 12950,15384,14898,13537,14836,14415
14249: 13716,14208,14280,12860,14341,14285
15095: 14151,12915,14517,13843,15619,15533
13969: 13569,13309,14347,14292
14533: 15523,14322,14795
14700: 13820
13390: 15742,15659,15304
13763: 15678,14293,13921,15178
15146: 13030,14508,13300,14024,14358,14519
13227: 15581,15416,15471,13626
12816: 13001,14987,13548,15643,13737,15017
13066: 15380,15760,14794
15813: 14607,14818,15280
14388: 13620,13716,13691,14208,14291,14853
14330: 13163,15136,15225
13687: 13100,15309,14022,15284,13791,15317
15706: 14627,15300
13106: 15466,14953,15493
14300: 14996,14296,14674
13778: 15204,13099
14723: 13858,12916,13153,14258,14817,13349
14756: 13089,15175,14259,13792,13082
14191: 13808,15653,13532,15319,14608,13799
14059: 13009,14231,13566,13320,13899,13231
15610: 13039,12889,13629
13812: 15622,14200,14573,13950,14982,14282
15323: 15120,13091,15625,14998,14815,15751,13574
13600: 13970,15312,12914
14099: 13028,15483,14712
14380: 13814,15453,12954,13024,14412,15438
15224: 13963
14221: 14187,12864,13174,12993
12901: 
13259: 
15264: 14909,13672,13254,14252
15697: 13591,14318,15263,14292
13190: 15678,15178,14136,15799
14572: 12847,14091,13658,14465,13767
13492: 14898,14858,13233,14164,13636
14009: 14336,15537,13162,14359,13905,13790
14698: 15124
14111: 14304
15749: 14819,14036,15010,13159,14105,13671
13293: 14283,13648,15258,13355
15641: 13214,14831,12877
14446: 13275,13530,14066
12970: 13991,13924,13581
13221: 13269,15424
14206: 14613,13252,14062,15213,13316,13317
14165: 13421,13639,14544,13440
13566: 14059,13320,13982,15265,14298,13231
15195: 15410,14643,13942,14739,13432
15762: 15318,12957,13555,13291,14398,13290
15330: 13662,15574,15324,14763,14016,15104
13825: 15482,13577,14553,13489,14684,14681
14825: 12847,14091,15639
14303: 13406,14915,13601,15575,15536,14960
14922: 15679
14485: 13420,12960,14318
15156: 15048,12921,14746,14424,15657,14169
15537: 14336,14009,13162,14118,15194,14826
13320: 14059,13009,13566,14954,15054,13982
13226: 13420,14757,13839,13341,14999
13601: 13406,14303,14960,15708,14546,14532
13956: 13809,14042,13058,15048,13998,14301
15077: 14387,14671,15512,13774,14089,13567
13818: 14720,14626,15013
13836: 14638,15672,15479,12859,13928,14257
15176: 13980,14997,14595,14101,13424
14676: 14812,15609,13946,14578,15695
14195: 12931,13041,13554,14284,14808
15617: 14512
15348: 13352,13960,13380,14239
15059: 15504,14321,13599,13462,13261,13751
13188: 15324,14763,14279,14116,13511,13300
13417: 13881
15183: 14634,13363,14616,13497,12910,14140
13761: 14658,14769,15139,13857,13754,15296
14274: 13823,12990,15677,13572,14016,13662
14853: 13771,14291,12977,13746,13691,14388
15465: 14732,14120,14774,13217,13860,14761
15623: 13498,15137,13445,15318,13248
14794: 15760,13218,13066
13471: 14946,13850,13488,13003
15483: 13028,14099,14339,13323,15507
12960: 15189,14485,13649
13080: 13637
14646: 15305,15517,13841,15281,13986,15155
14015: 15719,13303,14596
14613: 14206,13252,14062,13511,14267,14024
13402: 14819,14036,13322,15495,15567,14722
14411: 15726,14784
13718: 13219,14501,15408
14630: 13261,13499,13462,14291,13620,13659
13656: 15729,14085,14242,12998,14963,13755
14292: 15263,13449,15697,13969
13654: 13064,14525,15658,15454,14773,13160
15644: 13762
14142: 13558
14527: 14697,13128,13513,13385,15203,14503
15011: 15192
14774: 14736,13217,15065,15465,13860
14136: 15689,15277,14690,13190
13726: 13430,14860,15337
15684: 14667,12860,14775,12858,12918,13592
13314: 
15233: 13549,15585,13914
13846: 15272,12823,14449
12837: 13449,14762,14738,15409,14536,15688
13022: 14389,14979,14299,14609,13697
13199: 15453,13189,14962,14147,14631,15773
15455: 15067,13208,12958,14520,14021,12856
14743: 15736,13955
13602: 15648,13011,12985,14866,14787,13584
14787: 15108,13584,15463,12944,13602,14866
13397: 12976,13497,13482,13392,13051,15650
13113: 14170
12998: 13656,14085,13027,14802,14963,13964
13931: 14854,12826,15642,14098,14121,14032
13351: 
13854: 15786,15661,12949,12845,13881
12969: 13328,15197,15565
28652: 
15433: 15739,13381,15621,13750,13164,13088,14541
14874: 14064,13447,12819,12985,15333,14435
12928: 13276,13340
14398: 13722,13624,13555,15762
14268: 15492,13611,12830,15131,14910
14734: 15469,14648
13589: 14542,12900,15464,13139
15789: 15509,14122,14184,15702,15022,13090
13007: 15105,15434,14182,15093
12984: 15592,15615,13121,14566,13753
14253: 14906,13425
15550: 
15489: 12874,13053,14856,13979,13776,13191
13219: 13718
14623: 13257,13819
14517: 12915,15007,15230,14151,14060,15095
15045: 15588,15166
13618: 14530,14687,12995,13560
13470: 14440,13955,14217,13870
12897: 13752,14726,14691
12831: 15238,14416,13723,13124
13285: 14049,13524,13802,14530,13709
13837: 15279
15552: 14704,14078,12814,15325,15008
13705: 13973,14052,12821
14538: 14792,13994,15403,13991,14076
14352: 13419,14949,14554,12904,13885,14537
15806: 13594,15722,15467,15043,14718,14484
14399: 14037,13678,12815,13224,13932,12874
13202: 13184,15596,15142,13665,13866
13591: 15697,13420,12911
14839: 14084,15008
14552: 13804,13488,13877
13154: 13139,13977,15366,12951,13093
14233: 14261,13342,15774,14615,14193,14803
15164: 14335,14580,14329,14945,15614,13811
14318: 15697,15342,14485
14261: 15667,14233,14803,15544,15125
14565: 13076,14869,14777,12855,14729
15319: 15773,15140,14608,13189,13799,14191
15770: 14567,13801,14124,13528,15096,14450
14530: 13618,14687,13709,12995,13285,13524
14371: 14784,14475,14752
13664: 14844,13671,14381,13173,15115,13175
14168: 
14760: 14393
15361: 14043,14255,13572,15472,13467,12817
14850: 14992,14782,13916,13147,13503
14494: 13501,14328,15731,13521,15737,14636
15656: 15102,13556,14713
14832: 15269,14529,13677,15557,13680
14761: 13860,14226,14120,15465,14070
14639: 13085,15267,12967,15169,12889,13901
15110: 14325,14584,14706
14435: 15449,15333,14874,13447,15499,14740
15475: 
15034: 14103,13538,13324,15491,13902,13831
13409: 15085,13995,13775,15073,14204
13713: 13983,14236,13478,15459,14149,13920
14762: 15263,12837,15342,14738,15338
15493: 14953,13721,13284,13106,13337
15234: 13434,13414,15068,13729,12843,14069
15481: 14628,14174,14741,15296,14658,12936
13749: 14106,14224,14032,14223,13927,13706
13027: 15041,15046,14822,14802,14085,12998
13970: 13600,12925
13011: 15648,12985,13602,15451,15333,14320
13819: 13450,14241,14623
15342: 14318,14928,15338,15263,14762
13443: 13895,12836,14574,13304,14395
14115: 15651,13046,13621,13953,12943,13460
13725: 13201,13363,13842,13993,15402
15325: 13996,15241,15552
15334: 14114,15208,15602,15327
15166: 15045,15062
14551: 13480,14454,15410,13432,15561,15693
14216: 15551,15159,14468,13168,14041,13593
15692: 14980,15734,12929
15109: 14074,15387,13992,15693
14819: 15749,13402,14036,13695,13322,13159
14360: 14683,14780,14490,13932,14986,13053
13613: 13789,13681,13456,15265,13501,14636
15270: 13518,12948,15651,13046,15633
14026: 15063,14811,13210,13395,12989
15286: 15103,14264,15210,13473,13472,15070
15056: 14864
15404: 12945,14925
14162: 14491,15405,14106,13927,15377,14276
15500: 14457,13232,15132,15745,15777,15687
12959: 13889,13968,14289,14476
15426: 13362
13902: 14017,15034,13538,13831,13485
13682: 
13694: 13905,13730,15743,14167,14938,14583
13572: 15361,14255,14274,12990,14016,12817
14293: 13386,14235,15178,13763
14505: 13794,14693,14975,14597
13336: 12956,14695
14209: 15258,14302,15765,14857
13947: 13348
12869: 14094,14246,12937,13660
14321: 13305,13599,14577,13771,13462,15059
14377: 14640,14469,13038,15587,15310
14547: 13280,14748,15196,14335,13811,15250
14114: 15334,15208,14687,13709
15249: 13081,14781,15240,12973,15024
14596: 13321,14015,13303,13192
14504: 13270,14227,14588,15174,13952
15594: 13856,14983,15341
15228: 13038,15587,14589,13980,14997,14077,14073
12992: 14332,13510,15522,14507,14133
12940: 15102,14793,15112
13521: 14581,14494,14328,15737,14549,14865
15422: 14310,15751,14238,13741,14525,15454
14644: 12980,15654,14410,15372,13145
13824: 15127,15266,14287,15553,14421,15612
13024: 14586,14412,14380,12826,14145,15438
15677: 13823,14274,15451,13662,12838,14320
13869: 14240,13557
15591: 13180,14933,13025,14392,14776
15773: 15140,14521,15319,14631,13199,13189
15599: 15738
15133: 13797,13288,14137,14068,14900,14806
13239: 
14830: 14823
15271: 15628,12872,13888,13578
15222: 15779,13236,12856,12958,15645,14179
13321: 14596,12983
14392: 13787,13025,13693,14090,15591,14776
15226: 13809,15284,12961,14301,14927
13662: 15574,15330,12838,14274,15677,14016
14770: 14579,15682
15765: 14883,13539,14049,14209
14894: 15313,14486,14897,14156,14422
13835: 14991,15317,13791,13365,14198,15113,13439
14668: 13123,15212,14550,14796,14222,13412
14224: 14106,13749,14032,14121,14421,14765
13963: 13296,15031,14414,15224
14953: 13721,15493,15562,13106,15466
14578: 14308,12927,14812,14676
15032: 13303,13603,14366
14896: 15748,13875,13926,13643,12930,12912
13167: 15427,14202,13614,14234,13197,14895
14484: 14373,14699,14718,15806,13594
15185: 12944,14256,14558,15103,15210,14488
14054: 
14837: 14617,13302
15504: 14754,14786,13529,15059,13599,13751
13918: 15498,13537,13626,14415,13661
13486: 13358,15153,15199
14500: 13072,15015,15366,13260,13093
13127: 15057,13035,13265,14603,14719
14525: 13064,13741,14277,13654,15454,15422
14219: 15247,13243,14251,14625,13909
15040: 14315,15050,12828,12833,13833
14284: 15047,14657,14808,12887,14195
13194: 14243,15620,15417,14100,13873
15478: 12853
15114: 13622,15291,13229,13031,13071
12904: 14352,14949,14554,13803,14075
13468: 13752,14788
15119: 13198,15556
14713: 13652,15656,14160
14569: 13210,14601,15275,15063
14852: 15598,15239,13804,13488,13850,15527
14385: 14696,14295,15443,14634,14616,13966
14442: 13299,12932,12842,15039
12914: 15312,13600,12942
14744: 15695,13911,13585,15278,13686
14680: 13997,14615,15611
13388: 13014,14171,13652,14160,15460,15147
13296: 13963,15031,12964
15443: 14385,14696,13212,13029,15321,13966
14763: 15324,13188,15330,14508,13300,15104
13123: 14668,14222,13412,13049,15529
13478: 13713,14236,15459,15092,14867,14759
14711: 15802,15202,13073
14130: 
14707: 
14419: 15743,15439,13130,12979,15570,15477
14074: 15109,15387,14407,15259,13049
14634: 15183,14616,13842,14385,13966
15048: 15156,12921,14042,13956,13998,14424
13494: 14789,15502
14443: 13445,14155,12818,13428
14895: 13663,13197,13167,13951,14611
13797: 15133,13288,14137,13141,13431,13496
13169: 
14934: 
14314: 14514
13324: 14782,13124,15491,15034,13831,13916
14818: 15813,14607,14768,14423
12846: 14331,13463,14891,14177,15611,14821
13892: 14614,13670,13206,14007,13578
14660: 14921
14139: 13061,15756,15674
14060: 15029,14151,15668,15430,14517,15230
14870: 15344,13238,14382,14146,15646,15281
13072: 14500,15366,13541,13828,13230
14821: 14458,13181,12846,14891,15611,15699
13419: 14352,13348,15780,13885
15023: 12827,13912
15313: 12851,14894,14486,12981,14940
15014: 15253,14518,15357,14244
13135: 14931,13775,14025,14051,13830,15191
14816: 12980,15236,12948,15633,13673
13587: 13479,13498,15613,13291
14177: 12846,13463,15611
14748: 14547,13280,15245,13811,14950,13943
15511: 15092,14867,13047,14131,13384,14364
14531: 14719,15584,13911,12880,14226,15747
13009: 14059,13320,13972,14954,13083,13899
13632: 14493,14984,14067,14534,12840,13938
13484: 
12830: 15415,15131,15492,14268
15260: 13116,14278,13119,12913,14506,15248
13249: 15083,15089,13393,14174,14741,15246,13640
14141: 15190,15213,13205,15101,13679,14062
14887: 13874,14800,13228,15606,15516
13932: 14360,13224,14986,14399,12874,13053
15042: 14916,15201,14456,13487,13286
14102: 13034,15336
14656: 13394,15076,13311
12824: 15305,15517,13540,14515,28683,15274
15328: 14042,14502,13058,15038
13961: 13128,13513,13577,15473,14775,12918
13633: 13042,14881,13793,13729,14069,13985
15094: 13502,14587,13245,14012,13125,12923,14203
13146: 13827,14405,13186
13225: 14873,15121,15551,15698,14436
14370: 13183,14972,14672
12847: 14091,14572,14825,13767,14828
14227: 15179,14504,13952,14344,14642
12997: 14391,13769,15290,13047,13384,13915
13344: 15597,13807,14939,13210,13395
14383: 13246,13891,14871,15223,13134,14820
13981: 15351,13605,14269,14023,13366,15613
13630: 15257,14402,15602,15809,14297,15721
13211: 15560
15029: 13586,14151,14060,15430,15211,15666
14884: 14229,14285,13592,13408,15100,14640
13075: 15667,13874,15544
13734: 14973,13433,13389,13875,13467,14043
15790: 
13766: 14163,13816
13440: 14544,13978,14591,14165
14004: 15373,13714
13571: 13707
13187: 14982,14282,13464,14432,14750
13415: 14005,15680,13110,13607,14899
14116: 13185,14267,14447,13188,14279,13511
15767: 
13885: 15393,15780,13419,14352,14537
14033: 14459
14710: 15250,14178,12832,12834,13523,13933
14244: 14742,14372,13545,15014
14781: 13625,15017,12973,14968,15249
15155: 13692,15722,14034,14646,13841,13986
13578: 14007,12870,13888,13892,15271
13992: 14222,14745,15109,13049
14667: 15684,12860,14775,14553,14280,14964
14592: 13652,12833,15715,15664
13817: 15442,14296
15766: 
15076: 15566,14656,13311
13210: 14569,14026,13395,13344
14492: 14358,15485,14519,13347,14664,14294
15288: 14938,14583,13958
14568: 15130,15241,15564,15358
14025: 13135,14931,13830
14464: 14598,15189
15637: 12939,12931,13554,12907,13206,14614
14023: 15720,13366,13981,15613,15398
13133: 15702,13721,15562,12947,15509
14791: 14182,14312,14969,15349
12913: 13250,14506,15260,13441,13079,15248
14879: 14611,13546,15159,14092,14969
15503: 15096,15372,13650,14567,15654
13512: 15149,13539,13485,14207,12995,13524
15774: 13997,14615,14233,13342
13986: 14576,15002,15305,14646,15155,14034
15049: 14248,15793,13279,13369,15689,15277
15467: 15722,14034,13610,15806,13594
14662: 15557,13680,12818,14354,13445
14466: 14276,15711,14491,13375,15672,14311
15664: 15335,15088,15050,14592
14164: 12962,15568,13492,14858,13636
14051: 13135,13994,13830,14528,15191,15379
14437: 14272,14204,15085,14396
13652: 14592,14713,13014,13388,14160
13944: 13879,12841,15259,14305,15269,14319
12868: 15238,13903,13256,14842,13374
13203: 15107,14833,15154,15786,12949,13287
15638: 15476
14865: 14549,12982,14862,13521,15737,15152
13067: 14445,15740,14768,13367
14847: 
13360: 15750
12882: 12890,13446,15391,15244,13132,15030
14618: 14779,15662,15499,14237,14472,13976
13990: 13340,15726,12988,13276
14498: 14397,14555
14686: 15742,15304,14580,14329,13744
14150: 15647,14349,15396,13715
12894: 14390,13036,14902,13596
14281: 14992,13737,15717,15069,13147
13354: 15799,15261,13564
14396: 14838,14437,14272
15321: 14245,15443,14771,14101,13212
13094: 12957,15629,13290,15595
13413: 14714,15566
14746: 15156,12921,14367,12987,15332,15657
13535: 14493,14984,13306,14497,14524,15776
14728: 13092,13688,13101,15744
15629: 15367,14872,14944,13094
15066: 13385,15203,13651,13156,15524,14688,13840
13042: 13633,14881,15811,13729,14316,13844
13175: 14998,14703,14815,14381,14844,13664
13998: 13703,15329,14424,14301,13956,15048
15220: 15654,13736,15395,14877,14357
15650: 13051,15524,15314,15256,13482,13397
15394: 15444,13224,14986,14038,14161,14067
15096: 14509,15372,15503,14567,15770
15036: 13910,13844,14316,13845,13399,15510
15413: 13941,13074
13862: 
15069: 13737,13457,13107,13262,14281,14992
13047: 14867,15511,15712,14391,12997,13384
15486: 15494,14234,14588,13209,13863
13826: 14649
14163: 13766,15388
13126: 15501,14920,13536,13235,15578,15315
13637: 14940,15282,13783,13080
13307: 14189,15718,14480,14418,15801,13019
13255: 15538
15391: 14473,15244,15083,15089,13132,12882
13017: 14790,13974,13665,14812
13345: 15779,13236,15172,15627,13349,13153
14867: 15092,13047,15511,15712,13478,15459
13057: 13898,13925,13833,13008
14258: 12916,13153,14723,12917,14231,15461
13004: 13436
15728: 15127,15266,14184,13090,13454,15301
15248: 14107,13332,12913,13116,15260,13079
15407: 
15424: 13221,13269
14213: 12996,14892,13629,15354
13939: 13456,13957,14037,14856,13501,15731
12921: 15048,15156,14746,14042,14502,14367
15337: 14602,14378,13430,13726
14460: 15294,15293,14384,15754,13037
15717: 13737,15017,14281,13147,13625
15491: 13324,13124,13723,14103,15034
13507: 13006,14251,13243
14495: 
15431: 15396,15044,15273,15547
14053: 13544,13416
13510: 14332,12992,13078,14948,15522
15693: 15561,13595,13480,14551,15109,15387
13570: 
14715: 14430,13740,14958
15741: 14797,12864,13481
13177: 14724,15412,13122,14350
14512: 15617,14955
15571: 14575,13564,15261,14248,13378
12832: 14710,14178,14889,12834,12878,15186
13537: 13918,14898,15800
12835: 14993,13732,15428,13739,14888
14457: 15500,13150,13232,13447,14740,15132
14930: 14199,15086,15012,14076,14792,14290
15235: 
13635: 14721,15446,13871,14181,14594,14353
15543: 13546,13951,14041,13593,14202
13406: 14303,14915,13601,15616,15708,14900
13964: 12908,14963,14021,14758,14802,12998
13366: 15720,14023,13981,13605,13136,14350
13737: 15717,15069,13262,13548,14281,12816
15135: 14429,14942,14155,13292
15681: 13597,14771,14101,14426,14589,14997
15147: 15460,13388,13690,15339
13068: 13653,14118,14018,14243,14826
15585: 14980,15233,14338,12929,13914
15719: 14966,14015,15097
13709: 14530,14687,13285,14114,15208
14716: 13434,13414,14389,15685,15421,15170
13268: 14266,15389,15450,15618,14682,15158
13678: 14399,12815,15444,13224,15630,15776
15280: 15813
14797: 15741,14939
13966: 13029,14385,15443,14634,13842,12839
15539: 15657,14169,14259,13108,13792,15701
14090: 14574,15757,13782,13551,14392,13693
14455: 14205,14937,15526,13125,13502,14088
12986: 13371
13084: 13780,14695,14462,14220,15515
14086: 13967,13304,14228,15757,15468,15205
13019: 13264,15184,12933,14418,15718,13307
13810: 15316,14585,14322,14606
13032: 15406,15346
15247: 14219,13243,13576
14210: 15739,13381,13755,14608,14242,13808
13195: 13241,14863,13117,14834,14288,14000
13138: 14462,14587,12850,14203,13070,13880
14901: 15665,14448
13101: 15676,13092,14728,14260
15295: 15518,14737,15001
12930: 13926,12916,14817,14973,14896,13875
14297: 15327,13877,15721,15602,13630
14408: 14055,13339,14737,15001,13935
15035: 
13697: 13098,15170,14561,14389,13022
14382: 15344,14870,14183,15154,15646,14833
13103: 14066,13391
15353: 14861,14539,13264,14805,15718,13176
13012: 14752,15075,15063
14251: 14610,14965,13507,14219
15350: 15262,15660,15117
13305: 14321,13599,14577,13220,14020,14194
13543: 13003,14637,14340
13340: 12988,12928,13276,13990
14652: 14663,14838
13051: 15524,14688,15650,13397,13497,14295,14616
13445: 14443,15137,15532,14662,12818,15623
13901: 13039,12889,12967,12890,13446,14639
15612: 14122,15401,15549,15553,13824,15266
15718: 14805,14189,13307,13264,13019,15353
13140: 13792,15701,13857,13082,15356,14769
15520: 13941,13723,14103
14671: 14387,15077,15016,14176,13774,13111
14936: 13674,12863,15182,13043
13218: 14794
15620: 14243,13194,14826,14336,13427
15398: 13555,15720,14023,12955,13722
14871: 15589,15251,15223,14820,15193,14383
14329: 15164,13668,15742,14686,14945
15593: 15175,14621,14153,14474,12965
13332: 14107,14829,15248,14186,13079,13223
13469: 14619,15764,13865,14061
14424: 13998,15329,15048,15156,14169,14030
14056: 14355
14769: 13761,15139,13140,13857,13934,15356,14343
15667: 14261,13342,13075,15544
13410: 14132,15479,13091,15251,14257,13504
14649: 13826,13137
14886: 14889,14590,13744,15393,13878,14537
14758: 13964,14021,15573,14802,14913,13208
14340: 13689,13543,14637
13580: 13505,14154,13796,15487,15018,13350
15540: 14735,14753,15232,15484
13679: 13185,14267,15101,13919,14141,14062
12899: 15554,14048,15290,13418,13114,13151
14691: 12897
13701: 13000
15384: 12950,15800,14836,15663,13015,15360
13556: 15102,15656,15732,14966
12963: 13246,13891,14149,14496,15459,15712
13843: 15252,14581,13161,12915,15095,15619
15444: 15394,13224,14493,14067,15776,13678
13411: 13465,13772
14519: 14492,14358,13252,15146,14024,14664
15072: 13621,13065,15714,13025
13621: 15072,13065,14115,13460
13816: 14113,14077,15310,13766
13827: 13146,14108,15678
15290: 15554,14048,12899,13769,12997,13915
14690: 15178,15217,15368,14136
14243: 15620,13194,14826,13068,14079
13481: 13174,15084,15741
14031: 15484,13785,14240
14996: 14300,12883
13353: 15707,14617
13178: 14014,12903,15624,15287
12875: 14358,15485,13030,15437,14977,14463
15329: 13703,13998,14424,15462,14148,14030
15256: 15314,13200,14307,13651,15524,15650
14032: 14224,13749,13931,15642,14223,14121
15085: 13409,14204,15169,14437
13791: 14198,14927,15284,13687,15317,13835
13395: 13568,14026,13210,13344,13807
14672: 15725,14370
13563: 15216
12858: 14890,12918,14669,15684,13592,13408
13965: 14462,15293,12850,13037,13780
14183: 15154,14449,15272,15344,14382,13913
13747: 13534,14929
15542: 
12912: 13185,14447,13643,14896,15748,13919
15352: 14822,15573,14995,14230,14068,14806
14645: 13894,14796,13688
14726: 14824,13002,12897
14012: 14772,13472,14264,13125,15094,13245
13198: 15458,15119,13689
13444: 14472,15104,13976,13030,14508,14463
15611: 15699,14177,14680,12846,14821
28680: 15772,15567,28675,14310,15454,13160,14157
13396: 15004,13157,15716,15564
14199: 14930,15086,15012,13754,14733
13245: 15094,14772,14012,15470,15294,12923
14537: 13878,15393,13885,14352,14554,14886
14714: 13413
13079: 13441,14186,14019,12913,13332,15248
15445: 13247,15694,15399
15781: 12935,13853,15805,14694,14161,14683
13575: 
13291: 13555,13587,13498,15318,15762
13887: 14960,15245,13811,15198,15614,15575
13538: 14103,15034,13902,14017
15317: 14991,13886,13835,13100,13687,13791
14557: 13164,13088,14381,14679,14337,14703
14857: 15180,13081,14209,14302,14542
14514: 13453,14314
14006: 13006,15025,13095,15298
13231: 13433,15461,14298,14059,14231,13566
14991: 13886,15317,13835,15363,13439,13559
15192: 15011
14125: 14878,14087,15700,15420
15196: 14547,14335,14580,14590,15250,14178
14471: 14604,13735,15082,14933,15060
14011: 15792,15563,13163,15151
14778: 12893,15364,14891,12842,13768,13181
15065: 13407,15285,13686,14774,12880,13860
15399: 15445
13460: 15082,13696,14115,13621,12943
14395: 13617,13834,13443,13895,12836
14196: 15602,13069,13802,15208
13925: 14661,13057
15700: 14045,14087,14125
13985: 14971,14483,13633,14881,13793,14486
13125: 14205,14455,14264,14012,15094,13502
14702: 15371,15004,13889,15003
14614: 12872,13892,12939,15637,14902,13206
15267: 14639,13085,12889,14401
14285: 14341,14229,14884,13592,12860,14249
13565: 13894,14796,15212
14194: 13907,14018,14020,13305,13599,14786
15736: 14232,14743,13704,15434
15508: 13361,14364,13220,12977,14215,14577
12954: 14380,15453,13189,14654,15438,13799
13449: 14292,12837,15688,14001
15687: 15777,15052,15500,13232,13250,13441
14215: 12977,13746,14682,14131,14364,15508
13014: 14171,13388,15715,13652
14122: 15509,14184,15789,15612,15401,12947,15266
15600: 14540
14296: 14300,14674,13817
13038: 15228,15587,15100,14589,14640,14377
13738: 13431,13760,13496,15381,14365,15138
13519: 13823,14859,15152,14862,15648,15451
14842: 14357,13256,13736,12868,13374
15551: 14216,15159,13168,14873,13225,15698
14595: 15176,13424,15548,15299
15469: 14734
13479: 13587,12841,14708,14354,13498
14231: 14059,13899,12917,14258,15461,13231
15459: 13713,13478,12963,14149,14867,15712
14928: 13649,15397,15342,15338
13159: 14560,13461,15010,14819,15749,13695
14841: 13581,13900,13376
15043: 12895,15297,14718,13692,15722,15806
13499: 13261,14807,14630,15683,13659,15572
14806: 15046,15133,13288,14068,14822,15352
14433: 14126,13798,14119,14428,13898
15707: 13353,14288,12823,14072
15170: 13098,13697,14389,13434,14716
28683: 15586,15274,15305,12824,15782,15002
15118: 14609
15231: 13179,14282,13950,13962,14548
14948: 15785,14730,14961,14332,13510
15618: 14684,15450,13268,14417,14964,15158
13527: 13973
13295: 14469,13056,14341,14229,14868
13623: 15518,15080,12989
14062: 14206,14613,14267,13679,15213,14141
13769: 13277,14391,12997,15658,15554,15290
14725: 15497,13105
14616: 15183,14634,13051,13497,14385,14295
14522: 13356,13364,12920,14200,14573,14109
14959: 13266
15377: 13927,13335,14679,15405,14162,14337
13191: 14328,15731,15489,14856,13776,13161
15554: 15290,12899,15658,14773,13418,13769
13380: 15171,14985,14403,15348
14175: 14570
15052: 15777,13392,15687,13441,14019,12968
12817: 15324,14279,14016,15361,13572,15472
13581: 14841,13376,12970,14271
13050: 15746,13240
13857: 13140,13082,14733,13754,13761,14769
15709: 15128,12822,15659
14807: 13261,13499,13751,14211,15206
15208: 15334,14114,13709,15602,14196
13868: 13942,15214,12896,13883,14643
13569: 13969,13309,14840,14001
14503: 14890,13357,14527,13128,13385,15369
15205: 14439,14086,14228,15468,14071
15527: 13301,14785,15239,14852,13850
13099: 13778,15474
14013: 13403
14817: 13858,12916,14723,13926,12994,12930
14218: 15523,14095,14394,15331,15227
13237: 13143,15268,15386,13788,14628,13172
15428: 13018,15769,12835,12849,14888
15366: 12951,13541,13154,13093,14500,13072
13342: 15667,14233,15774
14843: 15331,15734,13698
15523: 14533,14218,15810,15227
15236: 12980,14816,15643,13673,14987
15214: 13868,13942,12896,13935,13665,14790
15744: 14925,14728,13688
15241: 15325,13777,15564,14568
14095: 14218,14795,13553
14918: 
15037: 14981,15807
15386: 13237,15268,15139,15229,14628,15296
14232: 15736,15131,15105,15051
14287: 13824,15127,14421,15711,14765,15375
13677: 12945,14832,13292,13680
15742: 14686,13390,15346,13668,14329
15333: 15449,14320,14435,13011,12985,14874
14394: 15298,12974,14218,15331
13447: 14874,12819,14435,14740,14457,13150
13554: 12931,14195,15435,12887,12939,15637
13233: 13492,14898,14858,15239,14254
13464: 14432,12890,13187,13039
13655: 13491,14651
13029: 14245,13966,15443,12839,14400
13624: 14398,13722,14152,13782,13787,13693
15169: 14482,12967,15085,15724,14639
15210: 15286,15103,13473,13940,15185,14558
14573: 15622,14200,13812,14109,14522,15374
15705: 13382
15740: 14133,14332,13067,13367
15615: 12984,15592,13234
12917: 13899,13748,15172,14231,13153,14258
13542: 15811,15068,15506,15122,14990,15703
13530: 14446,13275,14325
14107: 13332,14829,15248,13116,13096
15652: 15269,14529,13412,13338,15529
15661: 14755,13854
14118: 13907,15194,14018,15537,14826,13068
15314: 13200,15256,15141,13482,15745,15650
15528: 15020,13583,13579
13604: 15514,14641,12855
13767: 14363,14828,12847,14572
13653: 13068,14079,14018,14754,14786,14974
13208: 15455,14520,14913,13263,14021,14758
14804: 13367,14451,14423,15209
13561: 14849,15783,13034
14574: 14090,15757,13304,13443,14776
14402: 15257,13630,15809,12962
15763: 13251,12909
13427: 15778,14478,15620,14100
14269: 15177,15351,13981,15613
15805: 14038,13372,14694,14161,15148,15781
13403: 14013,13129,15355
15567: 15495,28680,28675,13402,14036,14310,15400
15701: 13792,13140,15539,13108,14751,15356
14643: 15410,15195,13883,13868,13942
15587: 15228,13038,14640,14377,15310,14077
13683: 14501,13045
14077: 14113,13816,15228,15587,15310,14073
15778: 13427,14478
15157: 12873,13681,15559,14255,12990,14859
13196: 15106
13735: 14471,14604,14044,13209,15494
13348: 13646,13947,13419
14935: 14453,13936,15686,15028
14775: 14667,15684,13577,14553,13961,12918
13387: 15074,14418,14513,14075,14129,12933
14635: 15808
14648: 14734
15216: 13563
15675: 13241,13657,15448,15344,13238,13913
14732: 14120,15465,13217,14641
15429: 14172,14647,12819,13864,13150,15796
15046: 15041,13027,15000,14806,13288,14822
12865: 15371,15055,15447
14753: 14846,14735,15540
14982: 13187,15030,15622,13812,14282
13182: 14907,14187,12993,15409
14456: 14344,14642,13828,13487,13286,15042
14759: 15727,13917,14236,13478,15092,13361
13271: 15558,15535,13946,15278
13334: 
14771: 13597,15681,14101,13212,15804,15321
12920: 14576,13573,13356,14522,14200,13437
14599: 15229,14343,13400,15505,13934,13815
12825: 13943,13474,14534,13297,13719,13876
13060: 14926,13972,13327,15067,13748,12898
12892: 13166,13648,14452,15568
14345: 
14316: 15703,13845,15811,13042,13844,15036
12906: 14605,15024,12973,14349,13452
14263: 13375,14990,14638,15375,15506,15301
14767: 13549,14414
14729: 14869,14565,13059
13568: 13395,13807,14737
14739: 12866,15195,14790,13974,15345
14174: 15481,14741,13097,12936,15246,13249
14570: 14175
15294: 15293,12923,14460,14384,15470,13245
14279: 15324,13188,12817,15472,14116,14447
15093: 14481,15349,14182,13007,14097
12907: 14905,13206,12931,14135,15637
12833: 13833,15040,14592
14738: 12993,15338,12837,14762,15409
15547: 15273,13209,15431,13550
13636: 15498,14164,13166,13492
14849: 13561,15783,15339,13475,15343
13700: 15336
14366: 13429,13216,13040,15032
12975: 15027
13287: 12949,12845,15107,13203,15219
13498: 15623,13479,13587,13291,15318
13875: 14896,15748,13467,14973,13734,12930
15799: 13354,15678,13190,13186
13152: 14861,14539,14905,12953,13451,15440
15784: 12996
15060: 13908,13281,14471,14604
14353: 13448,14594,15448,15603,14181,13635
13394: 14656,15626
14670: 14582
12860: 14667,15684,14280,14249,14285,13592
14695: 13336,13780,13084,15515
15259: 14305,14074,14407,13879,13944
12819: 14874,14064,13447,13864,15429,13150
13448: 14146,14515,14594,14353,15448,13238
12836: 13443,12978,13617,14395
12966: 13547,15202,15006
13681: 12873,13789,15157,13613,15559,14636
15411: 13759
13560: 14207,12995,14379,13618
13171: 15200,13866,15713,13184,12927
15103: 15286,14264,15210,14488,15185,14205
12902: 12814,14225,12884,13960,15531
13855: 14061,13731
15356: 13934,14751,12885,15701,13140,14769
14811: 14655,14026,13077,12989
14553: 13577,13825,14684,14964,14667,14775
15283: 12909,12864,15397
15757: 14090,14574,13551,13304,14086
13331: 
14020: 13907,14194,13582,13917,13220,13305
14334: 14999,14555,12911,14955
15514: 13604,13893,15555,13059
13863: 13550,13209,15486,14588,13270
15670: 14724,15412,13528,13518,15651
15382: 14612,13861,15515,13222
13907: 14118,15194,14018,14020,14194,13582
14968: 12973,13715,13001,14781,14349
12956: 13336,13780,12937,13037
13878: 14513,14075,14537,14554,14889,14886,15186
15292: 14612,13861,13880,14220,13116,14278
15651: 14115,13046,15670,13518,15270
13658: 12922,14465,13638,14572
14633: 14523
15354: 14401,14213,14892
14940: 13637,15282,12851,15313,13708
15708: 14230,14068,14900,13406,13601,14546
14803: 12881,15381,14193,14261,14233,15125
13599: 13305,14321,14194,14786,15504,15059
15375: 15711,15127,14287,15301,13375,14263
13355: 14542,12900,14302,13293,13648,14376
12859: 15703,13845,14990,14638,13836,13928
14145: 14854,12826,13024,14586,14386,13645
14127: 14496,13277,13134,13064,14277,13246
15480: 13897
13882: 
14133: 14239,15740,14332,12992,14985
13002: 14726,15003,13733,15419
13028: 14099,14339,15310,15483
13141: 13797,14137,14458,13181,12893,13431
12968: 13989,15534,13392,15052,14019,12976
13035: 15057,13127,13122,14124
14152: 13722,13624,12955,15714,13787
12926: 13074,12844,14869,13466
12973: 14968,14781,15249,15024,12906
13698: 15734,12974,14843,15682
12982: 14549,14862,14865,14144,15463,14866
15699: 15611,14193,14821,14458,13760
13716: 13620,14388,13056,14249,14208,14341
13851: 15474,14923,13975
14558: 15185,14256,13120,14799,13940,15210
13916: 15126,14827,13831,14782,13324,14850,13503
14188: 
14169: 15539,15657,15156,14424,14030,13108
14526: 14084,14448
15015: 14500,13260,15581,13278,14005
13906: 13230,13286,13608,15680,12849,14993
14046: 13525
14493: 13535,14984,13632,14067,15444,15776
14508: 13030,15146,13300,14763,13444,15104
15028: 14453,14935,13647
14426: 13408,15100,14589,14669,13597,15681
14507: 15522,15207,14872,12992,14952
14423: 14818,14768,14804
15691: 15306,15071,13358,15583
15405: 14491,14050,14162,14337,15377,15307
15436: 12952,14010,14561
14655: 15607,13391,14811
15107: 14833,13203,15390,13287,15219,15297
13040: 13216,15556,14366,15124
13284: 13721,15493,13337,15401,14197,12947
14420: 13422
14084: 14526,14839,14479
13489: 13531,14250,14556,14681,15482,13825
15516: 14586,14412,14887,15669,13228,15606
14161: 14038,15805,15781,15394,14986,14683
15596: 15001,15142,13866,13508,13202
15090: 14129,12878,15184,12933,14694,15148
15463: 12944,14256,12982,14144,14866,14787
13288: 15133,13797,13496,15046,15000,14806
15754: 14348,14384,14460,14246
15714: 12955,15788,14152,15072,13065,13787
14925: 15744,13338,14529,15404
14799: 13120,15619,15252,14144,14256,14558
15808: 14635
15583: 15071,15691
14061: 13423,13855,13865,13469
15622: 14573,13812,15244,15374,14982,15030
15389: 14266,13915,13268,14048,15150,15450
13528: 14124,15770,15670,13518,14450
12957: 15318,15762,13248,13290,13094
14782: 13324,13124,14992,14850,13916
14681: 14684,15450,14250,15150,13489,13825
13376: 14273,14361,13581,14841,14271
13648: 13293,15580,13355,14376,12892
13531: 14664,14294,13317,13489,14556,15482
13401: 15145,15563,15456
15081: 13078,13428,15532,15522,15207
13461: 14560,15627,13349,13159,13858,13695
13276: 12928,13340,13990
14815: 14998,14703,15307,13175,15323,15625
13408: 15100,14426,12858,14669,14884,13592
15653: 14191,13532,14654,14223,13799,13706
15129: 15688,14470,14550,14222,14745
14509: 15096,15372,14450,12948
15471: 13798,13626,13227,15581,13110,14119
13711: 13839,15189
14375: 13758,13131,13453
14098: 15553,14121,14854,13931,15549,13109
14373: 14484,14718,15355
13207: 14913,13263,15530,15311,13021,14995
13922: 
15686: 15406,14935,13936
13977: 13896,13452,14605,13154,12951
14124: 13528,15057,13035,13801,15770
15733: 
12884: 14403,13960,12902
13547: 14564,12966,12820
14975: 14045,14505,13794,14846,14597
13156: 14307,15437,14977,15203,15066,13651
14282: 13179,15231,13812,13950,14982,13187
14393: 14760
13045: 13772,13683,14501
14450: 13518,12948,15770,13528,14509
14275: 15254,13213
14404: 15417,14100,14265
14976: 14286,14029,14795
12935: 15781,13853,13176,15640,14683,14490
15689: 14136,15277,15261,14248,15049
13777: 13996,15241,15215,13020,15716
14854: 12826,14145,13931,14386,13109,14098
14325: 13275,13530,14584,15110
14549: 12982,14865,14144,15252,14581,13521
14502: 15328,14042,15038,15425,14367,12921
13815: 15586,15274,15505,13832,14599,13400
15063: 14026,13012,14569
14344: 14456,14642,13828,14227,13541,13631
13929: 13483,14888,14544,13739,14685
15560: 14040,12852,13764,13211
13728: 14405,13186,13564,14040
12905: 15005,13205,15101,14722,15772,15495,15237
13740: 14430,14715,13234,13634,14566,12922
15017: 15717,13001,12816,13625,14781
14417: 13691,14208,14280,14964,15158,15618
14305: 15259,15529,15269,13944
14478: 15778,13427,13905,13730,14336
13228: 15669,13813,15544,14887,15516
13018: 15428,15769,15201,15492
14201: 14620,13459,13759
14965: 14610,14251,14117,14625,15160
15635: 13685,14914
14679: 13335,15377,14104,13088,14557,14337
15301: 13454,15506,15127,15728,15375,14263
14727: 
15419: 13733,13890,15371,15003,13002
15659: 12822,15709,13390
14631: 14365,15303,14147,13199,15773,14521
14653: 15768,13487,13952,13044,14642,13945
14071: 12978,15468,14439,15205,13923
14992: 14281,14850,13107,14782,15069
13742: 
28675: 15772,15495,15567,28680,14310,13160,14157
14439: 15531,15205,14071,13923
12820: 12934,15783,13547
13974: 14790,13017,14739,14812,15609
15068: 13542,15811,13729,15122,13414,15234
14432: 13464,14978,13629,13187,14750
15788: 12955,15714,15720,13065
13144: 13515,15674,13596
14627: 15706,14309,13247
15026: 
15311: 13207,15530,13272,13021,13297,13719
15251: 15589,14871,14257,13410,15223,13504
14548: 13179,15231,13063,13430
13206: 13670,12907,15637,14614,13892
14058: 15791,13764,15188
15810: 15523,13954
14705: 14641,14828,15165,13217
13304: 14086,14574,15757,13443,15468
14917: 14008
14298: 13433,13231,13566,15265,13789,13389
13870: 14611,14217,13470,13800
14441: 14845,15275,13416,13517
14363: 13767,15608,13638,14487,15165
13465: 13411
14407: 14074,15387,15259,14692,13879
14312: 14092,15698,14969,14436,15289,14791
15137: 13445,15532,15623,15367,13248
13579: 15528,13583,13999,14260
14271: 14076,13581,13376,14361,13991
13659: 15683,14868,13620,13056,13499,14630
13318: 
15016: 12870,13888,14176,13111,14671
12934: 12820,13229
15287: 13773,14747,15624,13178,14427
14793: 14160,13313,12940
14872: 15207,14507,15629,15367,14944,14952
13109: 14197,15549,15690,14386,14854,14098
14612: 15292,13861,15382,13116,13096
14546: 13272,13021,14532,13601,14230,15708
14752: 13012,14371,14475
13550: 13863,15547,15647,13270
15084: 13481,13822,14939,15597
15074: 13387,14480,14418,15759,14075
14170: 13113
13298: 15376
14866: 15648,13602,12982,14862,15463,14787
13261: 13499,14807,14630,13751,13462,15059
14029: 14322,14795,13148,14976
13995: 13409,13640,13393,14482
15513: 
14876: 13213
15123: 
15269: 15652,14832,14529,14305,13944,14319
14780: 14360,14490,14138,13806,13053,13979
14897: 12843,14156,14069,13793,14894
14220: 14462,13880,13084,15292,13861
14421: 15553,14121,14224,13824,14287,14765
13089: 14756,14733,13404,12965,13082
13430: 14860,13726,14548,15337
14035: 15753,15579,15536,14453,14096,13647
13795: 13359,13436
14589: 15100,14426,15681,15228,13038,14997
13950: 13437,13962,14200,13812,15231,14282
15250: 14710,14178,14547,13280,15196,13523
13016: 
14357: 13256,14842,15555,15395,15220,13736
13491: 13655
14272: 14437,15724,14396,15181
15154: 14183,14449,14382,14833,13203
14462: 13138,13965,14220,12850,13880,13084
13941: 14416,15413,13723,15520
15786: 14755,13854,14449,13203,12949
14777: 15639,12862,12855,13076,14565
14085: 15729,13656,12998,15041,13027,14521
14674: 14970,15425,14300,14296
13982: 13456,15265,13957,15054,13566,13320
13669: 14751,12885,13368,14039,15787,15446
13945: 13044,13663,14217,14653
13232: 15500,14457,13150,13250,15796,15687
12925: 13970
15101: 15005,13205,12905,13919,13679,14141
12952: 13062,15436,13098,14893,14156
13695: 14819,13322,13461,13159,13858,12994
12987: 14367,15604,15576,14746,15332,14621
15397: 15283,12909,13649,14928
15153: 13358,14956,14600,13486,12876
13130: 14971,12981,12979,15477,13708,14419
13485: 15126,13902,14207,13512,15149
14810: 15690,13645,15704,15606
14365: 14631,15303,15138,13738,13496,14147,15000
13441: 14019,13079,13250,12913,15687,15052
15668: 15430,14063,13451,15230,14060
14103: 15034,13538,13723,15520,15491
13627: 13978,14477,14910,14434
13642: 
13071: 13785,15114,15291
14016: 15324,12817,13572,14274,13662,15330
14629: 
14294: 13531,14664,14492,13347,15482,15473
14978: 14432,13629,14943,12996
13888: 12870,15016,13578,15271,14489,14176
13256: 14357,14842,15555,13903,13059,12868
14542: 13355,12900,13589,14857,14302
15564: 15716,15241,14568,15130,13396
14238: 14310,15751,15422,15400,13574,13598
13129: 13884,15355,13403
13425: 14253,13859
13513: 14697,14527,13128,13961,13347,15473
13081: 15180,15249,14857,15024,15464
15127: 13824,15266,14287,15728,15375,15301
12879: 14057,13306,13719,13876,15530,13784
15038: 15328,14502,14970,15425
15179: 13270,14227,13896,13765,13631
14444: 14598,15225,13163,15151
15803: 13352,13960,15209,14814,14704
13315: 15087,15009,14637,12863
13229: 15114,15291,12934,14431
13405: 15521,13459
14187: 14221,13174,12993,14907,13182,13055
15242: 15006,15343,15460,13313
14951: 14834,14617,13117,13971
14888: 13483,13929,12835,15428,15769
15100: 13408,14426,14589,14884,14640,13038
12853: 15478,13874,14800
12852: 14575,15560
13102: 13720,13373
13879: 13944,12841,15177,14407,15259
14440: 13470,13955,15768,15415
13005: 15812,13424,14245,14400
15312: 13600,12914
14977: 14307,13033,15437,14463,13156,12875
14470: 15129,14536,14454,13480,14745
14766: 13204
15759: 13803,14742,15074,15276
12927: 14578,14308,13516,15200,13171
13675: 13026,14706,14430
15807: 13266,15037
14132: 13410,15479,14311,14050,13091,15625
12841: 13879,13944,15177,14708,13479
14093: 15255,12839,15402,14400,15378,14809
13243: 14219,15247,13507,13006,13095
12991: 
13672: 14909,15264,14789
14607: 15813,14818,14768
13160: 14773,12999,14157,28680,28675,13654,15454
15574: 13662,15330,12838,14237,15104,13976
13241: 15675,14863,13195,13657,14000,13913
15440: 14180,13152,13670,14905,13451
15566: 15076,15136,13413
13431: 13738,13760,13496,14458,13797,13141
13364: 15782,13356,13438,14522,13143,14109
13369: 14489,14176,15277,14387,15049
13393: 13249,15089,13640,13995,14482
14117: 13142,13699,14610,14965,15590
13467: 15748,13875,13734,14043,15361,15472
13968: 13889,12959,15519,14289
15012: 14199,14930,14361,14733,13404,14076
15371: 14702,12865,15447,15003,15419
13238: 15344,14870,15675,14146,13448,15448
14529: 15652,14832,15269,13338,14925
14801: 13262,13145,13736,14410,13457
13386: 14293,14235,14390
14561: 13098,13697,14609,15436
14203: 13070,13346,15094,13502,14587,14088,13138
14255: 14043,15361,13572,12873,15157,12990
15401: 14197,15549,12947,13284,14122,15612
13720: 13102
14838: 14396,14204,14652
13501: 14494,15731,13456,13939,13613,14636
14193: 14615,15699,14233,14803,15381
13853: 15781,12935,13176,13264,15184,14694
15194: 14118,13907,13493,13582,15537,13162
14389: 15022,13022,15685,15170,13697,14716
13775: 13135,14931,15191,15073,13409
14005: 13415,15680,13608,15015,15581
14409: 13739,14661,13732,13607,14899,14428
13000: 13701
13975: 13851
15598: 15239,14852,15257,13804
13611: 15492,14268,15769,14477
13912: 15023
14823: 14830
14100: 15417,14404,13427,13194
15458: 13198,13689,15009,15432,15556
15621: 13087,13750,15433,14541,13258,15735
14677: 15116,15738
15152: 15559,15737,14862,14865,13519,14859
13555: 13291,15398,15762,14398,13722
15776: 14524,15630,13535,14493,15444,13678
13258: 13173,13533,15115,15735,15621,14541
13346: 14203,13070,14172,14088,13119
12871: 13923,15215,14511,12848,13168,14873
14326: 14434,14413,13553,15298
14836: 14415,15384,15800,14689,15360
14091: 12847,14572,14825
12995: 14207,13560,13512,13618,14530,13524
14138: 14063,13806,14780,13979,15007,15230
13871: 13628,15113,14039,14181,15446,13635
14795: 14029,14976,14533,14095
13559: 15603,13439,14991,15363,14863,13657
14022: 15284,12961,15309,13687
14262: 15715,14624,13008
14463: 13033,14977,13030,13444,14472,12875
15735: 13533,13258,15621,13087,14179,15795
12955: 15788,15714,15720,15398,13722,14152
15022: 14389,14979,15702,15789,15685
13786: 15124,13429,13023,15577
14075: 14513,13878,14554,12904,13387,15074
13073: 14693,15058,14711
13741: 14525,14277,15120,15751,15422,13904
15710: 13509
15639: 14777,14825,13076
14651: 13655
14563: 15525
13806: 14138,14063,12953,15640,14780,14490
13457: 13374,13107,13262,14801,15069
14348: 15754,13329,13667,14384
14641: 14705,12862,12855,14828,14732,13604
14166: 15605
13872: 15209,14814,14143
13497: 13397,12976,12910,13051,15183,14616
15357: 15253,15014,14518,13641,14657
14927: 13791,14198,15226,15284,13703,14301
15007: 13776,12915,14517,15230,14138,13979
13668: 15742,14945,14329
14764: 14134,14110,13534,13319
13312: 13076,14869,12844
14826: 14243,15620,14336,15537,14118,13068
14155: 13292,12818,15135,14443,13428
13381: 15739,14210,15433,13808,14104,13088
14425: 15362,15632,14499,13847
14157: 12999,13160,15237,15772,28680,28675
13880: 13070,14462,13138,14220,14278,15292
12876: 15153
13838: 13991,13924,15403
13727: 15804,15369,13840,14696,13212
13900: 14474,13204,14841
15535: 13271,13435,13500,14912,14659
15442: 13817,15576,14153
15237: 12999,14157,15772,13205,12905,15190,13781
15416: 14452,13227,13278
15188: 14467,13329,14058
14545: 14883,14369,15180
13493: 15727,15631,13582,13562,13162,15194
13935: 15142,13665,14055,14408,12896,15214
15126: 14827,13831,13916,13485,15149
15122: 13454,15506,15421,13414,13542,15068
13370: 12823,14072
13997: 15774,14680
15121: 13020,13225,13157
15606: 15704,14887,14586,15516,14810,13645
15202: 13313,15006,14711,12966
15106: 13196,14845
14891: 12846,14331,12842,14821,13181,14778
15758: 15320
13338: 13412,14925,15652,14529
14919: 15725,13158
12870: 14007,15211,15016,13888,13578,13111
15098: 13567,13987,14835,12924,15070
15499: 14618,15662,14740,14237,15449,14435
14473: 15391,15244,15374,13172,13788,15083
14030: 14148,13368,13108,15329,14424,14169
15502: 13494
13165: 
15633: 14535,13673,15270,12948,14816
14571: 13908,13281,13834,15427,14202
14582: 14670
13392: 13482,15777,15052,13397,12976,12968
14983: 15594,13856,14159
13782: 13290,13551,13624,13693,14090
12962: 15568,14164,15809,15580,14402
15300: 15706
13962: 13950,13437,13610,15163,15231
13989: 15534,15302,12968,12976,12910,14140
14176: 13369,14489,15016,13888,14387,14671
15446: 14721,15787,13635,13871,14039,13669
13474: 12825,13943,14534,13280,12840,13523
13339: 14055,14408,14737,15597,13807
15536: 15753,14035,15579,13768,14303,14915,15575
14622: 15125,14323,14962,14147,12881,15138
13352: 15803,13960,15348,14239,14451
14885: 13756,14994,14980
14089: 14080,14835,13774,13522,15077,13567
14957: 14211,15507,15572,14459,12867
13590: 14731,15510,15061,14820,15193,15167
14202: 15427,13167,14571,15543,13951
15609: 14812,13946,14676,13974,15345
15517: 15305,12824,14646,14146,14515,15281
15318: 12957,15762,15623,13498,13291,13248
15075: 13619,14475,13012
13921: 14875,14108,14235,13763
13514: 
13614: 15494,14234,14604,15427,13167
15281: 15646,13841,14146,14870,15517,14646
14459: 14033,13267,14957,12867
15392: 14972
14147: 14622,14962,14365,14631,15138,13199
13617: 13834,14395,12836,12978,14468
12880: 13860,14226,15065,13911,14531
13864: 14064,12819,13745,15526,15429,14647
15451: 15648,13011,13823,13519,15677,14320
13717: 
14041: 15543,13546,13593,14216,15159
14190: 13506,14840,12877,13894
15078: 
14733: 13089,13404,13857,13082,14199,15012,13754
12976: 13397,13497,12910,13392,13989,12968
14119: 14899,14428,13110,15471,13798,14433
13149: 14624,13421,13743,14685
13078: 15081,13984,15785,15522,13510
14712: 14099
14693: 13073,12983,14505,14597
15782: 13356,13438,13364,15586,28683,15002
14731: 13590,15510,13910,13724,14154,15167
15578: 15315,13126
12881: 14803,15381,15125,14622,15138
13780: 12956,13084,14695,13037,13965
13558: 14142,15457
14158: 
15581: 13227,15015,14005,13110,15471
15104: 13444,13976,14763,15574,15330,14508
14045: 14975,13794,14499,14087,15700
15768: 14653,13487,14440,14916
13262: 13145,13548,14801,13457,13737,15069
15167: 13505,14154,13920,13590,14731,15061
14265: 15417,14404
15713: 13753,15200,13171
12856: 13236,15222,15067,15455,12958,12898
14632: 13796,15570,13724,13476,12979,14483
13186: 13728,14405,13146,15799
15203: 13385,15066,15437,13156,14697,14527
13830: 13994,15403,13135,14025,14051
13184: 13202,13866,13171
15568: 12962,14164,15580,13166,12892
14406: 14173
15168: 15378,14809
15417: 14404,14100,13873,13194,14265
13729: 15811,15068,15234,14069,13633,13042
13274: 13953,14535,15044,15273,14044
14831: 12903,15624,15641
12861: 14049,13802,15258,14283
15797: 13193,13500,14692,13757,15340
12854: 15111,15490,15097,15385,15088,15732
13573: 14576,12920,14034,13437,13610
13813: 15669,13228,15544,15125,14323
15793: 13378,15049,13279,14543,14346
14207: 12995,13560,14379,13485,13512
15010: 13533,15115,14560,13159,13671,15749
13328: 12969
14889: 14590,14886,13878,14178,12832,15186
15676: 13101,14327,14747,13092
14288: 15707,14834,13195,14000,12823
13030: 15146,14508,13444,14358,12875,14463
13552: 15053
15082: 13696,13460,12943,14933,14471
13091: 15323,15120,15625,13410,14132,13504
14347: 12911,14709,13969,13309
15263: 14292,14762,15697,15342
15569: 
15070: 12924,13472,13473,14835,15098,15286
13015: 15663,15182,15384,15360,13379
13142: 14117,13743,13699
14604: 14471,13735,13908,15060,15494,13614
13586: 15029,14151,13522,15666,15533,15365
14397: 13341,14498,14555
15802: 14711,15058
15177: 13879,12841,13757,15351,14269
13706: 13927,13335,14223,15653,13532,13749
15515: 13084,14695,13861,15382
14773: 12999,13160,13418,13654,15658,15554
15525: 15145,14563
13253: 13993,14967,15302,14880,13805
13784: 14926,13327,14497,14057,12879,13306
15021: 
14073: 15548,15228,13980,14113,14077
12889: 13039,15610,13901,14639,15267,14401
14915: 13406,14303,15536,15364,15616
15211: 14007,12870,14180,15430,15029,15666,13111
13362: 15426
15470: 14384,14317,14772,13245,15294
14845: 14601,15275,14441,15106
14786: 14754,15504,14018,14194,13599,13653
13641: 15756,15357,13398
14386: 15690,13645,14854,14145,13109
15548: 14073,13980,14595
14247: 14749,15577,15013,14626
14602: 15337,14699,14378
13251: 13517,15763
15221: 15173
15556: 15432,13040,15458,15119,15124
15347: 14123,14659,14912,14603,13136
15696: 15420,13849
13289: 13043,13379,15111,13155
13325: 
15671: 13086,14510,14701
15430: 14180,15668,15211,15029,14060
12981: 13130,14971,15313,14486,13708
15769: 15428,13018,15492,13611,13483,14888,14477
14687: 13618,14530,13709,14114
15809: 13069,15580,13630,14402,12962
13500: 15797,13193,15535,13435,14659
13584: 14787,15108,13745,12985,13602,14064
14586: 13024,14412,15516,15606,13645,14145
14069: 12843,14897,15234,13729,13633,13793
14661: 13739,14409,13925,14685
13020: 14873,15121,15215,13777,15716
14248: 13378,15049,15689,15261,15571
14510: 15671,13086,13583,12941
13257: 14623,15761,14241
15360: 14689,15385,15384,14836,13015,15490
13884: 13129,12845
13033: 14307,14977,14463,14472,14779,13200
15368: 14489,15628,14690,15277
14418: 13387,15074,14480,12933,13019,13307
15047: 14284,14657,14808,15253,14903
13834: 13617,14395,14571,13593
14964: 14417,14280,14684,15618,14553,14667
13779: 
14182: 14791,13704,15093,15349,13007,15434
14037: 14399,12815,12874,14856,13957,13939
14605: 15024,12906,15464,13452,13977
13685: 15635,15521
14254: 12950,15239,14898,13233,13301
14479: 14078,15008,14084
14036: 14819,15749,13402,14105,15400,15567
13116: 15260,14278,15292,14612,14107,15248
13650: 13115,14877,14567,15747,15503
15310: 13028,14377,15587,14077,13816
13509: 15694,15710
13220: 13361,15508,13917,14020,13305,14577
14167: 13383,15743,15439,13905,13694,13790
15053: 13552
13183: 14961,14370,14972,14730
13876: 12879,13306,13719,12825,14534,14984
13429: 14366,13786,13603,13023
14909: 15264,13672,13254,14192
15462: 13365,14198,13703,15329,14148,13628
12883: 14996
12989: 14811,14026,13077,15080,13623
15555: 13893,15395,15514,13059,14357,13256
13375: 14638,14263,15672,15711,14466,15375
13330: 14880,13223,14186,15534,15302
14311: 14132,15479,14466,14491,14050,15672
13703: 13998,15329,14301,14198,15462,14927
14126: 12828,14433,15775,13661,13798
15607: 14655,13391,14066,13077
14137: 15133,13797,13141,12893,15616,14900
14447: 13185,14116,12912,15748,15472,14279
13913: 15344,13241,15675,14000,15272,14183
15720: 14023,13366,14350,15398,12955,15788
15679: 14922
14814: 15209,13872,15803,14704,14078,14143
15695: 14744,15278,13946,14676,13686
15367: 15629,13248,15137,15532,15207,14872
14430: 13740,14715,13234,13675
12943: 13953,14115,15082,13460
13811: 13887,15245,15614,14335,15164,14547,14748
14332: 13510,12992,14948,14133,15740
13145: 13262,13548,14801,14410,12980,15643,14644
13306: 12879,13876,13535,14984,13784,14497
15207: 15522,14507,14872,15532,15081,15367
14534: 12825,13474,12840,13876,14984,13632
15409: 14536,14738,12993,12837,13182
14659: 14123,15347,15535,13500,14912
13937: 15073,14931,14663,15541
15067: 15455,14520,13060,13327,12856,12898
13432: 15410,15195,14551,15561,13282
14467: 14904,13329,13764,15188
13480: 14551,14454,14470,14745,15693
13105: 14725,13959,15254
15275: 14601,14845,14441,14569
14584: 14706,14325,15110,13026
15172: 12917,13748,12898,13236,13345,13153
14378: 14602,15337
15165: 14736,14487,13217,14363,14705
13689: 14340,15009,13198,15458
13525: 14046,13545
13308: 14600,14431
14123: 14659,15347,13605,15340
14636: 15559,15737,13501,14494,13681,13613
14482: 12967,15169,13132,15089,13393,13995
13532: 13808,15653,14191,13706,13335,14104
13157: 15004,13396,15121
13335: 13927,13706,15377,14104,14679,13532
15245: 13887,14960,13811,14748,14532,14950
15395: 13893,14070,15555,14877,14357,15220
15673: 
15274: 15586,28683,13815,13540,13832,12824
15379: 15246,15191,13640,13097,14528,14051
15030: 14982,15244,15622,12890,12882
13915: 13384,14266,15389,12997,14048,15290
15197: 12969,13954,15565
15753: 14035,15536,15198,13647,15575
14223: 15642,14654,15653,13749,14032,13706
13158: 14919
12929: 14338,15692,15585,15380
15678: 13763,13190,13827,15799
13110: 13415,15581,15471,14119,14899
13100: 13676,15309,13687,13948,13886,15317
15597: 13344,13807,13822,15084,13339
14583: 14938,15288,13958,15477,15743,13694
15680: 13415,14005,13608,13906,14993
13108: 13368,14030,15539,14169,15701,14751
12877: 14840,15641,13214,14190
14600: 13426,14431,14956,15153,13308
15627: 14560,15795,13461,13349,15779,13345
14776: 13895,14392,14574,15591
15476: 15638
13980: 15176,14997,15228,15548,14073
15795: 14560,15627,14179,15779,13533,15735
15184: 13264,12933,13019,15090,14694,13853
14490: 14683,14780,14360,12935,15640,13806
15518: 13623,15295,13121
15711: 14276,14765,14466,15375,14287,13375
13327: 14926,13060,13784,14057,15067,14520
15339: 15147,15343,14849
15097: 12854,15111,15732,15719,14966
13054: 
14960: 13887,15245,14303,13601,15575,14532
13582: 15727,13493,13917,13907,15194,14020
14240: 13869,14031,13557
13082: 13792,13140,13857,14756,13089,14733
15464: 14605,15024,13081,13589
14539: 14861,15353,13152,14805,14135,14905
15219: 12895,15297,15107,13287
13783: 13637
14501: 13683,13718,13045
14208: 14417,13691,14280,14388,13716,14249
13379: 13289,15182,13015,15111,15490
13365: 14198,15462,13835,13628,15113,13439
14449: 14183,15154,13846,15272,14755,15786
15161: 15605
14156: 12843,14897,14893,12952,13062,14422,14894
13616: 13820,13710
13037: 14246,12937,15293,14460,13965,13780,12956
14875: 13921,14351,14516,14235
14658: 13761,15086,13754,12936,15481,15296
14946: 13471,13850,14785,13003,15545
15811: 13542,15068,13729,15703,14316,13042
15694: 13509,15445
13466: 13903,12926,14416,15238
13592: 14285,14884,15684,12860,12858,13408
13391: 14655,15607,13103
13639: 14165,14610
14724: 13177,15670,15412,13065
14180: 15430,15440,13670,14007,15211
13404: 13089,14733,12965,14273,14361,15012
13909: 14219,14625
13193: 15797,13500,13595,13435,14692
14932: 
15080: 13077,12989,13623
14400: 12839,13029,13005,14093
13046: 14115,15651,15270,14535,13953
15144: 14665
14611: 14879,13870,13546,13951,14895
14413: 14434,14326,14562,14286,13553
12842: 15039,13768,14442,14331,14891,14778
13155: 13289,13242
14979: 15022,13022,15702,14299
14987: 13001,12816,15236,15396,13715
14362: 15019
12993: 14738,14221,14187,13182,15409
15276: 14903,15801,15759,14742,14372,14480
13807: 13344,15597,13395,13568,13339,14737
15182: 15663,13015,14936,13379
15018: 14359,13562,13350,13580,13383,15487
15218: 
13845: 15703,14316,12859,13399,13928,15036
15775: 14126,14415,14689,14315
13597: 15681,14771,14669,13357,15804,14426
15008: 15552,14479,14839
14110: 12888,13475,14134,14764
13322: 14819,13402,13695,12994,15414,14722
14198: 13791,13365,15462,14927,13703,13835
14908: 12822,13588,15346
14638: 13375,14990,14263,15672,13836,12859
13136: 13122,14350,15347,13366
13439: 15603,13559,14181,13365,14991,13835,15113
12996: 14213,14978,15784
13903: 13059,13466,13256,12868,15238
15604: 14367,12987,15576,15425
13264: 15184,13019,15718,13853,13176,15353
15565: 12969,15197,13954
15630: 14524,14954,15776,13678,12815,15054
13860: 12880,14761,14774,15065,15465
14969: 14092,14312,14879,13800,14791
15359: 13660,14081
15381: 14803,12881,14193,13738,13760,15138
15191: 13640,15379,13135,13775,14051
15189: 12960,13711,14464
14989: 13373
13115: 13650,14877,14226,14070,15747
15544: 13813,13228,13075,14261,15667
12988: 13340,13990
14768: 13067,14607,14818,14423
14270: 14813
14848: 15410,14907,14454
15212: 14550,14001,13565,14796,14668
13433: 14973,15461,13734,14298,13231,13389
13801: 14567,15770,15584,15057,14124
13954: 15810,15197,15565
14097: 13052,13148,14481,15093
14591: 13978,14477,13483,14544,13440
14765: 14276,15711,14421,14106,14224,14287
15570: 13796,14632,12979,15439,15487,14419
15039: 12842,13768,13299,14442,14096,15579
13139: 13154,13589,13093
13246: 13891,12963,14383,13134,14127,14496
12863: 13674,15545,14936,14637,13315
13294: 14304,15704,13606
14827: 15126,13916,13503,14369,15149
13577: 15482,14553,13825,15473,13961,14775
14106: 14224,13749,13927,14276,14765,14162
15117: 15350
14018: 14118,13907,14194,13068,13653,14786
15079: 13422
13910: 13476,13844,15036,14731,15510,13724
15603: 13439,13559,14181,13657,14353,15448
13644: 15441
14981: 15037
15132: 15662,14740,15500,14457,15141,15745
13069: 14196,15809,13802,14283,15580
13671: 14105,14844,13664,15115,15010,15749
14597: 14846,14505,14693,14975
14910: 14562,15051,14268,13627
12933: 15184,13019,13387,14418,14129,15090
15461: 14973,13433,13231,14231,12916,14258
15595: 13290,13551,13094,13967
14890: 12858,12918,14503,14669,13357,13128
13721: 14953,15493,13284,15562,12947,13133
14181: 15603,13439,15113,13871,13635,14353
13001: 14987,12816,15017,14968,13715
13805: 13112,15262,14192,14880,13253,14967
14576: 15002,13986,12920,13573,13356,14034
13424: 15812,13005,15176,14595,15299
13326: 
13090: 15685,15421,14184,15789,15728,13454
15505: 13934,12885,13832,15787,14599,13815
14779: 14618,15662,14472,13033,13200,15141
13074: 12926,12844,15413
15447: 14481,15371,12865,13052
13367: 14804,14451,13067,15740
15181: 14272,13085
14970: 14674,15425,15038
15672: 13375,14638,13836,14466,15479,14311
15495: 15772,15567,28675,13402,12905,14722
13696: 15082,13460,13025,14933
15408: 13718
13787: 13025,14392,13693,15714,13624,14152
13242: 15432,15087,13043,13155
15660: 13201,15350
15496: 15027
13667: 14384,14317,15582,14212,13329,14348
14709: 14347,12911,13214,14955
14200: 14573,13812,14522,12920,13950,13437
13333: 14783
12909: 15283,12864,15397,15763
14873: 13020,13225,13168,12871,15551
12908: 14963,13964,14021,12958,15645,13343
14230: 14068,15708,14546,13021,15352,14995
13712: 
14914: 13762,15635
14266: 14131,13384,13915,15389,13268,14682
13539: 13512,15149,14883,15765,13524
14259: 15539,15657,15332,15175,14756,13792
14299: 13022,14979
15019: 14620,14362
13622: 15114,14564,13031
15229: 14599,14343,13400,15139,15268,15386
14911: 
15487: 13383,15439,13796,15570,13580,15018
14995: 15573,15352,14230,13021,13207,14913
12951: 15366,13541,13631,13977,13154
14701: 14082,15671
15613: 13981,14269,13587,14023
15285: 13407,15065,13516,14308,14736
14704: 14078,15552,15803,14814,12814
13859: 13425
13904: 15223,13134,13504,15120,13741,14277
15738: 15599,14677,14941
14431: 14600,13426,15291,13229,13308
14066: 13103,15607,14446
15064: 
14070: 13893,15395,14120,14761,13115,14877
14521: 15773,15140,14631,15303,15041,15729,14085
15783: 14849,13561,15343,12820
15171: 14952,13380,14944,14228,14403
15522: 15207,14507,15081,13078,13510,12992
15521: 13685,13405
13828: 14344,14456,13541,13072,13230,13286
15173: 15221
14204: 15073,15085,13409,14838,14437
13524: 14049,13285,12995,13512,13539,14530
14735: 15540,14753
13680: 13292,12818,14832,13677,15557,14662
13736: 15654,15220,14410,14357,14842,14801
13201: 13725,15660,14967
13593: 15543,14041,13834,14216
14856: 15489,12874,14037,13939,15731,13191
14536: 15409,14454,12837,14470
13762: 15644,14914,13949
13549: 15233,14767,15746,13914
15062: 15588,14027,15166
12818: 14155,13680,14662,14443,13445
13323: 15507,15572,15683,14868,14339,15483
15162: 14250,13114,13151,14556,12886,13316
14120: 14732,15465,14761,13893,14070
13673: 14535,15633,14816,15236,15044
13649: 14928,12960,15397
14783: 13333
15577: 13023,15632,13786,14247,14626
13162: 14009,15537,14359,13562,13493,15194
15302: 13989,15534,13330,13993,13253,14140
13606: 13337,13294
15450: 14684,14681,15618,15150,15389,13268
14958: 12922,14465,14715
15346: 14908,13032,15742
15083: 13249,15089,14741,13788,14473,15391
14862: 12982,14865,15152,13519,15648,14866
14128: 14211,15206,15501,15315,13267
13337: 13606,15690,15493,13284,14197
12947: 15401,14197,13721,13284,13133,15509,14122
15734: 13698,14843,15692,15380
14427: 13506,15624,15287
15457: 13558
13122: 13136,13035,13177,15412
14789: 13672,13494
13192: 12983,14596
15378: 15168,14809,15255,14093
13502: 15094,14455,13125,14088,14203
14654: 15642,15438,14223,13799,12954,15653
12815: 14399,14037,13678,15054,15630,13957
14355: 14056
14241: 14878,13819,13257
13343: 13087,15645,13750,12908,14963,13755
15704: 15606,14800,13294,14810
13670: 14905,13206,13892,14180,15440,14007
14154: 13580,13505,15167,14731,13796,13724
15452: 
15262: 13805,13112,14967,15350
15304: 15393,15780,14686,13390,13744
15546: 
15113: 13628,13871,13365,13835,13439,14181
13112: 13805,15262,14192
15186: 14129,12878,14889,14513,13878,12832
14579: 14770
15206: 14211,14128,13529,14807,15501
13137: 13215,14649
14302: 15258,14209,14857,14542,13355
14972: 13183,14370,15392
12862: 14641,12855,14828,14777
15111: 12854,15490,15097,13289,13379
13021: 13272,14546,14230,14995,13207,15311
13951: 15543,13546,14202,14895,14611
14697: 14527,13513,15485,13347,15437,15203
13983: 13713,14236,13505,13920,13350,15631
15240: 13625,14593,15180,15249
15642: 14654,15438,14223,12826,13931,14032
15674: 13398,15756,14139,13144
13350: 13562,15018,13580,13505,13983,15631
13722: 14398,13624,14152,13555,15398,12955
14468: 12848,13168,13617,14216
12874: 15489,13053,14856,13932,14399,14037
14625: 15033,15160,14965,14219,13909
14082: 14701,15020
12844: 12926,13074,13312,14869
14481: 15447,15093,15349,13052,14097
15588: 15062,13609,15755,15045
13849: 15696,15326
12922: 13658,14465,14958,13740,13634
13214: 15641,14955,14709,12877
14475: 13619,15075,14784,14371,14752
13856: 15594,14983
15423: 
13943: 12825,13474,13297,13280,14748,14950
14043: 15361,14255,13734,12873,13389,13467
14868: 15683,13659,14469,13295,13323,14339
13453: 14514,14375
15479: 13410,14132,14311,15672,13836,14257
13832: 13540,14721,15787,15505,15274,13815
15217: 15628,12891,14690,15178
15702: 13133,15509,15789,15022,14979
13933: 12840,13523,13938,14710,12834,13372
14225: 12814,12902,15531,14511,13996
14067: 14493,13632,13938,14038,15444,15394
15273: 14044,13209,15547,13274,15431
15054: 12815,15630,14954,13320,13982,13957
13006: 14006,15025,13507,13243
14550: 15212,14001,15688,15129,14222,14668
15748: 14896,13875,13467,15472,14447,12912
14320: 15449,15333,15677,13011,15451,12838
15174: 13044,14234,14588,14504,13197
15131: 14232,12830,14268,15051
15306: 15071,15336,13358,15691
15279: 12964,13837
14675: 14260,15601
14109: 14573,13143,13364,14522,15374,13172
14619: 13469,15764,13999,15243
14608: 15140,15319,15729,14242,13808,14191,14210
12967: 14482,15169,13132,13446,14639,13901
14317: 13667,15470,13987,14212,12924,14772
14699: 14484,14602
13026: 13675,14584,14706
15665: 14901,14448,13269
14567: 13801,15770,15747,15584,13650,15096,15503
13216: 13040,14366
13890: 13733,15419,13052,13148,15316
14486: 15313,14894,13793,14971,12981,13985
14280: 14417,14208,14964,14667,12860,14249
15282: 14940,13637,13958,13708
15105: 13007,15434,14232,13867
14750: 13063,14943,13187,13179,14432
15812: 13424,13005,15255,15299
13840: 15369,13727,13385,15066,14688,14696
12945: 15404,13677,15601,14942,13292
14986: 15394,13224,14161,14683,14360,13932
14858: 13492,13233,15257,14164
13252: 14206,14613,14024,14664,13317,14519
15798: 
15751: 15422,14238,13574,15323,15120,13741
13097: 14290,14528,12936,14174,15246,15379
13008: 13833,13057,14624,14262
13628: 15113,13871,14039,13365,15462,14148
15272: 13846,14000,13913,14183,14449
13996: 15325,13777,14225,15215,14511
14192: 13805,13112,14880,14909
13692: 15155,15722,13841,15390,15297,15043
15187: 13829,13222
14994: 14885,14414
14342: 
14822: 15573,15352,14802,13027,15046,14806
13529: 14754,15504,13751,14920,15206
15421: 13090,15685,13454,15122,13414,14716
13756: 14885,14980
12887: 13398,15435,14284,14657,13554
13714: 14004
14950: 13272,14532,15245,14748,13943,13297
13382: 15705
13043: 13289,14936,15087,13242
13804: 14552,13488,13877,15721,15598,14852
12900: 14542,13355,13589,14376,14003
15134: 13475,15091,12888
14878: 14087,14125,14241
14678: 
14805: 14189,15718,13041,14135,15353,14539
13751: 13261,14807,15504,13529,15059
15138: 14365,12881,15381,13738,14622,14147
13634: 14566,13740,12922,13638
14341: 14229,14285,13716,13056,14249,13295
13371: 13710,12986
13715: 14968,13001,14987,14150,14349
14947: 
14973: 13433,15461,13734,12916,12930,13875
13399: 13928,15589,13845,15036,15510,15193
14869: 13312,14565,14729,12926,12844
12949: 12845,13287,15786,13854,13203
13788: 13237,14628,14741,15083,14473,13172
14197: 15401,15549,12947,13109,13337,15690,13284
13999: 13579,14619
15180: 13081,14857,14593,15240,14545
14562: 15051,14910,13867,14286,14413
15561: 15693,13595,13282,14551,13432
15044: 15431,15396,14535,13673,13274
13423: 14061,14429,13984,15785
14000: 15272,14834,14288,13241,13195,13913
13893: 14070,15555,15395,14120,15514
14745: 14222,13992,15129,14470,13480
15739: 13381,14210,15433,13755,14242,13750
15559: 15737,14636,15152,13681,15157,14859
13770: 
14144: 14549,12982,15252,14799,15463,14256
14184: 15509,14122,15789,15266,15728,13090
12944: 15463,15185,14256,14488,14787,15108
14669: 14890,12858,13357,13408,14426,13597
13603: 15032,13429,15362
13881: 13417,13854,12845
14524: 15630,14954,13083,15776,13535,14497
13052: 14097,15447,14481,13890
14628: 15481,14741,15296,13237,15386,13788
13660: 15359,12937,12869
14993: 12835,12849,13732,13906,15680
12885: 15505,13934,14751,15356,13669,15787
13114: 15162,13151,13418,13781,12886,12899
12888: 14110,15033,15134
13049: 13992,13123,14074
13661: 14126,13918,13798,13626,14415
14042: 15328,14502,13058,13956,15048,12921
14859: 13823,12990,13519,15157,15559,15152
15449: 15333,14320,14435,12838,14237,15499
15001: 15723,15596,15295,14408,15142
15320: 13319,15758,13959
13279: 15793,15049,14387,15512,14346
15746: 13914,15750,13549,13050
13506: 14427,14190,14747,13092
13647: 14945,15198,15028,15753,14035
15020: 15528,14327,14082
13120: 14799,15619,15533,13940,15365,14558
14105: 14844,13671,13598,15749,14036,15400
12937: 14246,13037,12869,12956,13660
13771: 13462,14291,14853,12977,14321,14577
13280: 14547,14748,15250,13943,13474,13523
13036: 12894,12891,14902,12872,15628
13605: 15351,13981,15340,14123,13366
14315: 15040,15050,12828,15775,14689
14160: 14793,13652,14713,13388,15460
14904: 14467,13329,13378,14575,14543,15582
13053: 15489,12874,13979,14780,14360,13932
14094: 14246,12869
12923: 15294,15293,12850,15094,14587,13245
13803: 14047,15759,14949,12904
13374: 13457,13107,14842,12868
14017: 13902,14379,13538
13799: 14654,12954,13189,15319,15653,14191
13536: 14974,14079,13873,13126,13235
13688: 14728,13894,14645,15744
13676: 13100,15309,13821,13948
13270: 15179,14504,13863,13550,14588,13765
15663: 15182,13015,13301,12950,15384
14603: 14912,13265,15347,13127
13290: 13782,15595,12957,15762,13094
14942: 13865,12945,15135
15303: 14365,14631,15041,15000,14521
14790: 13017,13974,13665,13942,15214,14739
15358: 15519,14568,15130
15175: 15332,14621,15593,14259,14756,12965
15752: 
13516: 15200,12927,14736,14487,15285
12845: 12949,13287,13854,13881,13884
13730: 13905,13694,14938,14478
14368: 
14081: 15359
14924: 
13865: 14942,13469,14429,14061
14673: 
13988: 
14796: 13565,14645,15212,14668,13412
13377: 
13731: 14921,15764,13855
14588: 14234,15486,13863,13270,14504,15174
14913: 13207,13263,15573,14995,14758,13208
13358: 14956,15153,15306,13486,15691
14737: 13339,14408,13568,13807,15295
14339: 13028,15483,14868,14469,13323
13172: 14473,15374,13143,13237,13788,14109
13626: 15471,13798,13227,13918,15498,13661
15643: 12980,15236,13145,13548,12816
14665: 13455,15144
14205: 14455,14937,13125,15103,14264,14488
14954: 14524,15630,13083,15054,13009,13320
13384: 14131,14266,13915,12997,13047,15511
13092: 14728,13506,15676,13101
12891: 14390,13036,15217
14065: 
15501: 13126,14920,15206,14128,15315
14356: 15383,15373
13418: 14773,12999,13781,15554,12899,13114
15112: 12983,12940
15549: 15401,14197,13109,14098,15553,15612
12893: 15364,14778,15616,13181,14137,13141
13077: 15080,15607,14811,12989
12850: 15293,12923,14587,14462,13138,13965
13979: 15489,13053,14780,14138,13776,15007
15227: 15331,15523,14218
14260: 14675,13101,13579
13946: 15609,14676,13271,15695,15278
15124: 13786,13040,15556,14698
15531: 14439,12902,14225,14511
15683: 13659,14868,13499,13323,15572
14044: 15273,13274,13735
13958: 13708,15282,15288,14583
15000: 15041,15046,13496,13288,14365,15303
13023: 15577,15632,13429,13786
15572: 13323,15507,13499,15683,14211,14957
14211: 15206,14128,14957,14807,15572
13829: 15187,13222,14252
15690: 14810,14386,13337,14197,13109
14010: 13062,15436
14682: 13746,14215,14131,14266,13268,15158
12983: 15112,13192,13321,14693
15345: 15558,13442,14739,12866,15609
15657: 15539,14169,14259,15156,14746,15332
15009: 13315,15087,13689,15458,15432
13088: 13164,14557,14541,13381,15433,14104,14679
14092: 14312,15698,14969,15159,14879
13574: 15751,14238,14998,13598,15323,15120
13504: 15223,13904,13410,15120,13091,15251
13883: 14907,13055,13868,14643
12872: 14614,14902,13036,15628,15271
15507: 13323,15572,14957,15483,12867
14335: 15164,14580,13811,14547,15196
13153: 14723,14258,13345,12917,15172,13349
15215: 12871,14511,13996,13777,13020
14937: 14205,14455,15526,14488,15108,13745
14792: 14538,13994,14076,14930,14290,14528
15087: 13315,15009,13043,15432,13242
15586: 28683,15274,13815,13400,15782,13438
14319: 15557,14708,15269,13944
13564: 15571,13354,13728,14040
14151: 15029,13586,14060,15095,14517,15533
13608: 13230,13906,14005,15680
13723: 14416,13941,15520,12831,14103,15491
15298: 14394,14326,13553,14006
15722: 15155,13692,15467,14034,15043,15806
14313: 13240
14088: 14172,14647,14455,15526,13502,14203,13346
14906: 15199,14253
14087: 14878,14125,14045,15700
13576: 15682,13095,12974,15247
13750: 15621,13087,13343,15739,15433,13755
13831: 15126,13916,15034,13324,13902
15362: 14425,13603,14112
13517: 13251,13544,13416,14441
14104: 13335,14679,13808,13532,13381,13088
15632: 13023,15577,14425,14720,14626
13984: 14429,13423,13078,13428,15785
13707: 13571
14961: 13183,14948,14730,14445
13292: 14155,13680,12945,13677,15135
15159: 15551,14216,13546,14041,14879,14092,15698
15230: 14517,15007,14138,14063,15668,14060
14955: 13214,14334,14555,14512,14709
14617: 14837,13302,13353,14951
13772: 13045,13048,13411
14907: 13883,13182,13055,14187,14848
14078: 14704,15552,14814,14143,14479
15439: 13383,15743,15487,14167,14419,15570
14055: 13339,14408,12896,13310,13935
14333: 
14880: 13330,13253,13805,14192
15031: 13296,13963
14966: 15719,15097,13556
13757: 14692,15797,15177,15351,15340
14153: 14474,15442,15576,15593
15563: 13401,14011
13940: 13473,14080,15365,13120,14558,15210
14516: 14351,14875
15616: 12893,15364,13406,14915,14137,14900
15724: 14272,15169,13085
14640: 14469,14377,14229,14884,15100,13038,15587
15225: 15136,14330,13163,14444
15327: 14297,13877,15334
14239: 14133,14985,14451,13352,15348
15655: 14650,13495
13341: 14397,14757,13226,14999
13234: 14430,13740,15615,14566
15232: 13031,14717,15540,15484
12980: 14816,15643,15236,14644,13145
14754: 14786,15504,13529,13653,14974,14920
15425: 14674,14970,14502,15038,14367,15604
15349: 14481,15093,15289,14182,14791
14657: 14284,15047,15253,15357,13398,12887
15393: 15304,13885,14886,13744,14537
15647: 14150,14349,13550,13848
14358: 14492,15485,14519,12875,13030,15146
15125: 14323,14622,14261,14803,12881,13813
15541: 14931,13937
12851: 15313,14422,14940
15410: 15195,14643,14848,14551,13432
13150: 14457,13232,13447,12819,15429,15796
15387: 14074,15109,14407,15693,13595,14692
13349: 13461,15627,13345,13858,13153,14723
13450: 13819,14720,13847
13620: 14388,13716,13056,14291,14630,13659
13610: 13437,13962,13573,15467,14034,15163
15316: 13810,14585,13733,13890,14322
15013: 13131,14247,14626,13818
14171: 13014,13388,13699,13690
15324: 13188,14763,14279,14016,12817,15330
14863: 13241,13195,13657,15363,13117,13559
15130: 14568,15564,15358
14096: 14453,13299,15039,14035,15579
13048: 13772
14306: 13477
15243: 13118,14619,15764
13800: 13704,13870,14969
13452: 13896,13977,13848,14605,12906
14376: 14452,14003,13355,12900,13648
15649: 
15592: 12984,15615,13121
14290: 13097,14528,12936,14930,15086,14792
14327: 13773,14747,15676,15020
13041: 12931,14195,14135,14808,14805,14189
13638: 15608,13634,13658,14363
14452: 14376,14003,15416,12892,13278
13651: 15066,14307,13156,15256,15524,14688
13615: 13422
13247: 15445,14627
15005: 12905,15101,13919,14722,13643,15414
14882: 
13064: 14525,14277,13654,15658,14127,13277
14575: 15571,12852,13378,14904
12924: 14772,13472,15070,15098,13987,14317
14135: 12931,13041,14805,14539,14905,12907
15624: 12903,14831,13178,14427,15287
13895: 13443,14776,13180,13281,14395
13792: 15701,13140,13082,15539,14259,14756
13691: 14417,14208,15158,13746,14853,14388
12866: 14739,13282,15345,13442
14387: 15077,14671,15512,13369,14176,13279
13462: 13771,14291,14321,15059,13261,14630
14048: 15290,12899,13151,15150,13915,15389
13645: 14810,14386,15606,14586,14145
15747: 14567,14226,15584,14531,13115,13650
14664: 13531,14294,13317,13252,14492,14519
14159: 14983
13949: 13762
13508: 13866,15596,13753
15331: 15227,14843,14218,14394,12974
15703: 14316,12859,13845,14990,13542,15811
14052: 13973,13705
14717: 13031,15232,15058
12972: 13215
13919: 15005,15101,13643,13185,13679,12912
14967: 13993,13253,13805,15262,13201
13686: 13407,15065,15695,14744,13911
13265: 14912,14603,13585,15278,13127
13748: 13899,12917,15172,12898,13972,13060
15580: 14283,13648,13069,15809,12962,15568
13093: 13260,13139,13154,15366,14500
12971: 15456,15204
14173: 14406
13013: 15143
13971: 13117,13948,14951
13185: 14267,13679,14116,14447,12912,13919
13567: 15098,13987,15077,15512,14835,14089
13927: 13706,13335,15377,14106,13749,14162
15756: 13641,14139,15674
15289: 15055,14436,14312,15349
12985: 13011,13602,13584,15333,14874,14064
15628: 15271,15217,13036,12872,15368
13746: 12977,14215,14682,13691,15158,14853
13955: 13470,14440,14743
15715: 14262,14592,13014
12834: 12878,14710,12832,13933,13372,15148
13217: 14774,15165,14705,14732,15465
15033: 14625,15160,12888
14422: 12938,13062,14156,12851,14894
12895: 15219,15297,15043,14718,15355
14451: 13367,14804,14239,13352,15209
12977: 13746,14215,15508,14577,13771,14853
15209: 14814,13872,14804,14451,15803
13991: 12970,14271,14076,13838,14538
15648: 13011,13602,14866,15451,14862,13519
14540: 15600
13095: 14006,13243,13576
14113: 14077,13816,14073,15388
12946: 15562
14453: 14935,14096,15028,14035
14720: 14626,13818,15632,13847,13450
13643: 13926,15414,14896,15005,13919,12912
13609: 15588
14324: 
14349: 15647,14150,14968,13715,12906,13848
15474: 13851,13099
15477: 13708,13130,15743,14419,14583
14014: 13178,12903
14308: 14578,12927,13407,15285
15512: 14387,15077,13279,13567,14346
15723: 15001,13121
15453: 13814,14380,12954,13199,13189,14962
15729: 13656,14085,14242,15140,14521,14608
13665: 15142,13935,15214,13202,14790,13017
13545: 14742,14244,13525,14047
14971: 13130,12981,12979,14483,13985,14486
15204: 12971,13778
14903: 15801,15276,14372,15047,14808
14741: 14628,15481,14174,13788,13249,15083
15658: 13064,13654,14773,13277,13769,15554
13914: 15746,15750,15585,15233,13549
15341: 15594