14621: 13108,12921,14733,13934,14658,13082
28593: 
13143: 14628,14522,13237,13172,15296
14985: 14511,15205,15531,13967,14403,15171
12849: 14993,13286,14916,14440,15428,13018
14615: 15544
14328: 14856,13161,14399,14256,14780,15619
15299: 15321,14093,14988,13458
15380: 13698,14770,15750,14929,14338,13491
15145: 14334,14498,14677,15441,13975,13013
13511: 14613,14267,14024,14116,13300,13188
13765: 14234,13952,13209,13550,15179,15486
14273: 14741,13788,14361,13089,13838,15086
15510: 13910,13399,15036,15193,13590,14731
14172: 14789,13332,13119,13441,13829
15340: 13879,13479,14269,15535,15351,13605
13959: 15071,13700,14764,13690,12888,15320,13747
14722: 15005,12905,13322,15414,15495,13402
15448: 13635,15363,15675,13871
13438: 14833,14382,13841,15390,15782,13832
14250: 15150,14681,13489,15162,14556,13151
13724: 13910,14154,13844,13476,13796,15487
13533: 14179,15735,15795,14560,15010,15115
12829: 13050,13240,13491,14338,15760,14651
12939: 14075,14949
12855: 14565,14729,14641,14777,14705,15514
14343: 13815,14769,13761,12936,15229,15386
13151: 15162,12899,13114,14048,15150,14250
13942: 14643,13974,13935,12896,13055,14739
15785: 13984,15676,13078,14155,14507,15081
13420: 15151,15204,15456,14318,14762
13886: 13871,14863
14390: 12869,15571,15689,13386
14436: 14225,15551,13996,13225,13168,13777
13061: 15277,13567,12894,13987
14824: 15224,14767,14783
15666: 13853,13670,13152,14480
13488: 13471,13850,13804,14552
14556: 13316,15162,13531,13317,14250,13489
14112: 13603,15362,15632,14505,13794,12983
13025: 14776,15591,14571,13735,13908,15060
13894: 13412,14840,15129,14745,14470,14645
13263: 13208,14995,15311,14546,13207,15352
12840: 13943,14035,13936,12825,14950,13474
14405: 13921,13728,14195
14881: 13476,13042,14632,13729,14483,13793
15804: 13840,15369,14503,13212,13357,13029
13753: 13508,12984,13866,15200,12922,13171
14598: 13416,15475,14330,14444,14053
15338: 13226,14485,15189,15397,13649,15283
14998: 14815,13175,15323,13574,14844,15751
14252: 13989,13392,15534,14385,12976
14488: 
15372: 13650,15503,14644,14450,15770,13801
15484: 13615,13071,15420,15326
15779: 13345,15627,13236,12856,15795,15222
14108: 13515
13302: 14183,14449,13971,15707
15116: 15641,14327,13975,14190,13013,13688
14833: 13438,14382,13841,15107,14013,13692
15737: 15559,14636,14494,12982,14865,15152
15482: 15473,13347,13825,14294,13531,13489
12958: 12908,14021,15645,15455,12856,15222
15178: 13763
15254: 15399,14725,13319,13700,15320,13685
13948: 13657,13540,14870,13913,15281,13117
14438: 14585,14980,14322,15105,15371,14606
14923: 14260,13865,15673
15373: 14813,14004
14809: 15176
14802: 13027,14822,14758,15573,13964,12998
13070: 13346,15292,15262
15519: 14476,15241,13889,14804,14479,13752
15363: 15675,15448,15603
15792: 15738,14014,15212,14677
14683: 12915,12834,14360
14079: 14211,14265
15791: 12956,15515
14024: 14613,13511,13300,15146,13252,14519
15721: 15598,13630,14552,13877
12911: 15697,13969,14292,15617,13449,15409
15760: 13066,14338,12829,13218,13333,14651
15698: 14611,13546,13704,13593,14092,14041
14920: 14265,14957,15507,14459
14650: 15419,15371,13002,14606,12969,13890
15002: 13986,15305,13854,15337,14576,15806
15244: 13356,12920,13573,15374,15305,14573
14178: 15128
15730: 15411,14627,14620,15710
15150: 15450,14681,14250,13151,15389,14048
14893: 13022,13337,14887,14953,15702
15332: 14474,15175
15296: 13097,13172,15139,13237,15386,13143
13814: 14803,15704,15381,14233,15516,15774
14323: 13199,15478,14365,14412,13024,15453,15773
14369: 13916,14827,13503,14883,14209,14593
14361: 14273,13788,14169,13089,12883,14528
15293: 13279,13570
13301: 13674,12863,14946,15663,14852,14785
14921: 13469,14700,13380,15221,14429,14619
15092: 15508,14364,15511,14867,13478,13361
15201: 15492,15428,12830,15415,13611,13627
13808: 14104,13532,13381,14210,14608,14191
14929: 13066,14338,15247,14770,15380,14579
14999: 13612,13341
15024: 15249,15180,13081,15017,14605,12973
12932: 14935,14177
13297: 13280,13272,12879,13601,15530,14057
15745: 13497,12968,15500,13447,14457,14435
14391: 15712,13047,12997,13277,13769,14496
15688: 14074,15693,13432,13883,13480,15195
13010: 15161,13490
14186: 14144,15463,15252
15403: 14042,13376,15407
14808: 13190,14139,13763
13553: 14326,14268,14434,13095,14976,14394
14742: 15011
14585: 13810,14980,14438,15105,15523,15316
15343: 14134,15783,15033,15460,15147,14793
13793: 13985,14483,13414,14069,13729,14881
13952: 14234,13765,14588,14504,15486,13197
13414: 15421,14609,14069,15068,13729,13793
13938: 13191,13932,14710,12874,15444,13224
13222: 13780,12924,14246
14594: 15317,28677,12824,13792,13238,15517
13281: 14574,14090,13443,14392,14776,13834
15589: 15193,14871,14257,15251,13399,13928
12994: 15414,14817,13926,13858,13695,13322
14666: 
12990: 14859,13823,15157,14255,13572,14274
15427: 13895,14588,15174,13614,14571,14604
13181: 14680,13288,13797,13496,14147,15303
13503: 14850,14781,15240,14827,14369,14593
15370: 
13646: 15742,14135,15368
14828: 15165,14705,14363,12847,13767,14641
14489: 14212,15276,15077,15192,12872
13278: 14452,12892,12900,13093,15015,13415
13446: 15099,14482,15724,15354
13267: 15235,13194,15315,13427
12936: 13857,15139,13082,13761,14733,14343,15386
14448: 15325,13215,13701,13468,12925
14606: 15197,12969,15371,14650,14980,14438
15139: 12936,13857,13838,15386,13097,15296
15061: 13920,13590,15167,14820,14149,13891
15761: 15696,13045,14270,13615,14878,13411
14898: 13661,14254,14836,15498,13626,14433
14812: 12927,13017,15214,13184,14676,14578
14428: 15775,14899,13925,12828,14415,13057
13873: 14974,13653,14826,15778,15578,13751
14003: 13589,14376,13093,14857,15464,12900
13119: 13441,12985,13330,13829,15260,14172
14949: 14075,14284,12939,13803
15420: 13615,15484,13308,13411,15766
13833: 13142,15715,14592,13652,15656,14713
14835: 14264,13125
13248: 13428,14952,15629,15762,12957,15367
14477: 13627,14685,14591,13483,15769,15492
14532: 13668,13406,13936,13280,13272,14950
12965: 14970,14051,14153
15418: 14924,15605,14008,14355,13325,15538
15253: 15077,14293,14657
15645: 12908,12958,13343,14179,13087,15222
13684: 13325,13436
15654: 15220,15096,14842,15503,13736,13548,13737,15643
14587: 15286,15365,13307,15210
12896: 13310,13822,13055,14739,15597,13942
15557: 15529,15623,12818,14675,15652,14832
15506: 14263,14990,15122,15301,13454,13542
15151: 13420,14928,14053,13226,14444,14762
13924: 14943,14396
14364: 15508,15092,15511,14215,14131,12977
15432: 14936,13289,15458,13689,14637,15087
13976: 13444,15104,15574,15499,14237,14618
13286: 14993,15680,12849,13906,13828,14916
13583: 15404,13092,13292,13984,14529
13702: 13266
13044: 14743,15042,13487,13945,14642,14456
14912: 14659,15057,13127,13595,14603,13122
14351: 
14642: 13945,14504,15486,13270,13487,13044
14684: 15450,14681,13825,14553,15618,13577
14179: 13533,13087,15735,15795,15222,15645
15238: 13903,13466,12868,12831,14416,13124
15434: 13867,14795,15736,13052,13007,14562
15071: 13700,14764,13959,15033,15306,15691
13124: 14416,13723,15491,15238,12831,14782,13457
14543: 14136
13839: 12837,14292,13401,14318,13517,14955
15608: 15200,13638,13767,13516,14363,14487
13299: 15198,14821
14214: 13820,13221,15542,15771,14370,13371
14322: 14097,14702,15105,15447,15371,14438
15261: 
12814: 14078,13872,14704,15564,14839,14568
14027: 13484,15480,15644,15411,14362
14338: 14929,13066,15760,15380,12829,13491
14601: 12988,15106,14464,14784,14411
15573: 14758,13207,15352,14068,14802,14822
13398: 14189
14559: 15055,13752,14312,15003,13328,14726
15579: 14778,14945,15218,14960
12838: 13662,15677,14320,15449,15574,14237
14751: 15462,13368,15701,13934,15505,12885
13957: 13501,13939,12815,15776,15054,13456
14861: 15353,15393
13708: 13062,13434,15794,12981,15477
14926: 12898,13060,13972,13327,13784,14497
13230: 13906,14344,13828,13260,14005,13072
13930: 14582,15035,15550,15078,15705
15530: 13208,14520,15311,13601,13297,14057
15590: 13421,14610,13149,13243,14544,14117
13496: 12846,14962,14680,13181,14147,14261
13794: 15362,14112,14505,14693,14975,15700
14496: 13277,13246,14127,12963,15712,14391
14134: 15343,15783,15033,15460,14849,13313,15306
13928: 13845,13399,13836,12859,14257,15589
15669: 15699,15138,12881
15801: 13525,15077,12891
15662: 15499,14740,15500,14779,15141,15132
13781: 15237,12999,15190,13418,13114,12886
12826: 15642,13931,14854,14386,15438,12947
14939: 14221,14055,14408,13174,15597,15596
12919: 14333,14056,14083
14535: 15633,14115,12816,13673,14816,14987
13240: 13050,15585,12829,13655,14651,14914
15390: 13438,13841,15782,13356,13986,15305
13266: 15638,13702
15472: 14279,12817,15361,13467,14447,15748
13361: 13917,14759,13478,15508,15092,13220
14798: 12857,15599,15123,15528
13841: 13438,14833,15390,14013,13986,13854,14699
15538: 13436,14760,15418,14355,14540,13325
14990: 14263,15506,14638,12859,13542,15703
14063: 13019,15230,14138,15640
14580: 13406,13936,13768,14329,13647,13943
14226: 15220,15096,15747,13115,14761,13911,13650,15503
13690: 15091,15134,13475,14110,12888,14764,13959
14624: 14171,14117,12833,13898,13149,13142
13732: 14993,12835,13018,13739,14888,15769
13994: 13204,14153,14674,14931
13936: 13406,14532,14580,13943,12840,14950
15755: 15037,14649,15358,15308
13899: 15461,13231,14258,13748,13566,14231
13096: 14278,14647,15526
15731: 13678,13224,13932,14986,14037,14399
15246: 15481,14665,14076,15391,12890,14673
14429: 12941,14619,14961,15221,14921
13085: 13393,15083,14652,12882,13249,15089
12979: 15570,15439,13434,15477,14404,13383,14359
14301: 15328,14424
13463: 13760,15611,12893,15133
13442: 15797,13049,15387,13435,14074,15561
14844: 13574,13598,14105,13664,13175,14998
13421: 14610,14219,13639,15590,14251,13243
13212: 13357,14771,14426,15804,15443,13029
14354: 13680,14662,13445,14443,15135,13428
14696: 15650,13993,15117
13213: 15480,12975,13759,15027
14944: 14872,15348,13967,14730,15280,15522
13147: 15069,15717,13625,13107,14281,14850
14706: 14584,15295,13026,14430,15592,15615
15562: 13958,15685,12952,14561,14010
15309: 
14877: 15220,14357,15395,13115,14070,13256
12931: 15217,14902,13369,13578,14176,15793
15051: 15415,13611,14232,14562,14910,14268
13848: 13452,15431,13550,15179,13631,13896
15050: 15385,15732,15656,15088,15384,15664
15115: 15010,13671,13258,13533,15735,13173
13544: 15076,13163,13326,13331,13416
13743: 13898,13149,13057,13929,14661,14544
15406: 12842,13744
12886: 13316,15162,13781,15213,15190,13114
14350: 15788,15072,13065,15412,14023,15720
15750: 12929,13104,15331,13698,15380,13491
15278: 14308,14719,13686,15695,14124,13585
13277: 15658,13769,13064,14496,14127,14391
15534: 14252,13989,13392,13842,13725,15650
13319: 14725,15254,13700,15691,15336,13105
13174: 15084,14907,15597,13481,14221,14939
13412: 13565,14840,13569,13894,15129,14796
14483: 13985,13793,14881,14632,14971
13911: 15770,14531,15747,12880,14226,13650
13562: 15018,13580,13350,13493,13162,15194
14143: 14451,14818,15552,13183,14423,13352
13458: 15299
14309: 14362,15706,14847,15019
13520: 13575,15636,15452,15767,13795
14237: 15499,14740,12838,15449,13976,15574
15091: 13690,15134,14110,13639,13909,13507
14952: 15135,13428,13248,15207,15081,15367
13173: 13164,14381,13664,13258,15115,13671
13378: 15689,14348,14904,14058,13554
14359: 13162,13694,12979,15439,15018,13383
15322: 14324,15216,14670
13889: 15716,13396,14479,13752,14312,15519
13823: 14859,12990,13519,15451,14274,15677
12839: 15321,14093,13597,13816,14400
15057: 14912,13127,14124,13177,13122,15584
14554: 15780,13947
14403: 13960,14133,15171,14985,15531,14439
15400: 13598,14310,14105,15749,14036,15567
14236: 14759,15727,13713,13920,13983,15631
12864: 13649,15283,13481,15263,13591,14907
14304: 13106,14111,13284,13606,15549,15466
13809: 14198,13676,15284,12921,12987
14685: 14477,14591,13483,13440,14661,13978
14730: 14944,15280,15522,14061,13067,14768
13822: 13310,12896,14739,15597,15596,15001
15308: 13495,15358,15655,13733,15279,15755
15089: 15030,13085,14982,14548,13249
13858: 12994,14817,13349,14723,13153,13695
14497: 13306,13784,13535,14926,13972,13009
14410: 15717,13737,13625,15643,13145,13262
15777: 15256,12976,13201,13200,14295,15524
15142: 15518,13339,13568,14811,14408,14737
15732: 15050,15385,15719,15656,13652,12854
13003: 14785,13543,13471,14946
15441: 13975,13309,15212,15563,15145,14677
14246: 13672,15628,14220,13222,12924
14933: 14044,15714,13274,15060,13787,13908
15257: 13492,14164,14402,14858,12962,15527
14784: 14601,14464,14411,15626,13413,13163
15344: 13687,14863,14039
14860: 14750,14718,15155,12895,15219,13287
15576: 15226,13817
15141: 14779,13200,15662,15502,13201
13104: 13973,15045,12929,15750,13050,13491
13657: 13540,13948,13835,14353,13687,13913
13595: 15535,14603,13193,13500,14659,14912
14121: 15553,14421,14098,14032,13931,14224
14851: 14678,12876,13425,15521
14148: 14259,15226,13817
13311: 14656,14714
13329: 15435,14690,14518
12823: 13195,14951,14837
13759: 13213,15480,13762,14362,15706
13764: 13921
15326: 14501,14989,13071,15484,12991
13790: 14974,13907,14118,14018,15206,13599
14050: 15625,15307,15405,14311,14491,14132
15614: 13647,15164,13943,14035,13523
14185: 14660,13865,15673,15243
14637: 13689,14340,15009,15545,15458,15432
13209: 14234,13765,14471,15494,13550,15547
15460: 14134,15343,15202,15242,14793,13313
14434: 13553,14326,14268,13611,13627,14591
13483: 14477,14685,15769,13929,14888,14661
15492: 15201,15428,13018,14477,13627,15769
14800: 14887,13098,14953,15493,15509
12948: 14644,14450,12980,15270,13673,14509
13223: 
13260: 13541,14227,13154,14005,13230,14344
15140: 15303,14521,14631,13189,15729,13656
13236: 12856,15067,12898,13345,15779,15172
14291: 14853,13691,14388,13771,13462,13620
15291: 13465,13034,12966,15540,13869,13486
13666: 15694,14275,13862,15399,14253,15583
14028: 14159,15673,13086
13161: 14856,14328,13053,15489,12913
13373: 12991,14314,13718
14663: 14674,13937,15610,14272,12967
13476: 13042,14881,14632,13724,13844,13796
13847: 14720,14087,13257,15362,14753,15700
14692: 13757,14319,15269,13879,14708,14305
13272: 13280,13297,13811,13668,14532,13601
13134: 15223,14383,13246,14127,14277,13904
13953: 13863,15044,13621,14115,12943,15273
14276: 15711,14466,14765,14106,14162,14491
13303: 15032,13155,13242,13429,13216,13321
15794: 14894,13708,12981,15313
14414: 15227,13914,15233,13973,12929,14052
15099: 13039,13446,14282,13901,14482,15030
13034: 15291,13465,12966,13229,12934,15199
13917: 14759,15727,13361,14194,14020,13220
14064: 15796,13150,14866,14862,15648,13602
14626: 15577,14425,14247,13786,13603,15632
14476: 15241,15008,15519,15457,13752,13328
14900: 14303,15364,14230,15708,14915,14137
14609: 13414,15421,14069,14156,14897
13693: 13291,13555,13722,13551,14574,15595
15456: 13401,14563,15204,12971,13420
14384: 14094,14671,14467
15533: 14937,15668
13850: 13471,13488,13804,14946,15239,14852
14997: 12858,13816,15812,14771,14426,13005
13596: 13763,12852
13877: 15327,14297,15721,13630
13117: 14146,15107,14870,13948,15281,15646
15149: 15126,13485,13916,14207,14883,13512
14336: 14478,15620,15743,14167,13536
14461: 14411,15626,14656,13276
14149: 12963,13891,15459,13920,15061,13713
14381: 13164,14557,13173,13664,13175,14703
15605: 15418,14924,14582,14355,13795
14963: 13755,15739,13964,12998,13343,13750
15385: 15050,15732,15719,15384,15490,13379
15148: 15659,13632,12874,13390,14710
15726: 13340,13394,14175,15566
15412: 15347,13528,15720,14724,14350,13065
15490: 13379,14936,13043,13315,15384,15385
15640: 14060,14063,14203,14138
13347: 15473,15482,13513,14294,15485,14697
15073: 13464,12889
13960: 14403,14133,15171,12992,13362,14445
15102: 13073,13192,15058,14366,14505,14975
13768: 14329,13744,13406,14580,14960
15725: 14002
14916: 13828,14456,14440,15042,12849,13286
13087: 14179,15735,13343,13750,15645,15621
14515: 13540,13238,13241,14353,12824,14721
13056: 13620,13295,14341,13462,13659,15683
13598: 13574,14238,14310,15400,14844,14105
13874: 15606,14233,13813
13710: 14526,13616,14919,13215,14691
15143: 13341,14014,15212
13309: 15441,14709,13975,15563,13969,14512
14564: 14004,15079,14813
14310: 13598,14238,15400,15567,28675,28680
14899: 14428,15775,13227,15471,13739,13925
15575: 15198,14453,15346,14442,15364,13032
15255: 15176,14101,14884,14629
13588: 13997,14442,15536,13760
14528: 13830,12883,13788,14361,14199,14665
13385: 15369,14527,13513,14697,15203
14788: 15419,14726,13328,15457,13002,12897
13121: 14737,15001,15518,15723,13202,13634
14229: 13716,14285,13980,13038,14341
14007: 15365,13206,15007,15211
14511: 14985,15205,15531,12884,12978,14873
14367: 15156,13754,13376
13789: 13389,14298,15265,13681,13613,12873
14491: 14050,15405,14311,14162,14276,14466
14523: 13820,13221,12986,13922,14804,15649,15241
13118: 13510,14983,13214,14332,12941
15532: 15137,15629,14443,15318,13498,13782
13428: 15135,13248,14952,14354,15629,14443
12916: 15461,14258,14723,14817,12930,14973
13640: 15354,14213,15191,15267
13785: 14635,13557,13016
15239: 12950,15527,14852,14858,13850,13804
15088: 13015,15360,15384,14315,15664,15050
15437: 15485,14697,15203,12875,13156,14977
13170: 14393,14188,13359,13779,14760,14166
13585: 14531,14567,15278,15695,14124,15584
14469: 15388,15681,14868,14099
14593: 15180,14302,14369,15240,13503,14209
14813: 15373,14564
12873: 14043,14255,13389,13789,13681,15157
13436: 15538,13779,13325,13684
13896: 13541,13270,14227,13848,15179,13631
14445: 14961,14972,14332,13362,13960,13183
14256: 14037,14399,14328,13521,13776,15619
13058: 13108,14502,15657,14756,14658
13866: 13665,13634,13184,13508,13753,13171
13224: 13678,15776,15731,15444,13938,13932,15394
15529: 15623,15269,15259,15557,12818,13338
13897: 15638,15752,14959,13549
13852: 13039,13901,15169,13726
15193: 14871,14820,15589,13399,15510,13590
14278: 13096,12924,15470,13254
13063: 13726,13287,13417,14978
13867: 14533,15434,14795,14029,14562,14910
14736: 14308,13686,15285,13017,13407,14774
14040: 14081
14234: 13952,13765,13209,14471,14588,13614
13719: 12825,14984,14950,13280,12879,13876
15388: 14469,15681,13028,14868,14077
15376: 
14721: 12824,13448,13791,13241,14991,14515
14019: 13494,13253,13397,15052,13482,14880
15584: 13035,13177,14124,15057,14567,13585
15284: 13809,12921,13140,13368,15539
14140: 14595,13727,15256,13392,13993
13755: 15739,14963,12998,14085,14242,13656
13426: 14932,15232,13859,14678,12876
13368: 15462,14751,15539,15284,12921,13934
14647: 12850,13096,15094
14217: 13663,13870,13167,15768,14895,14791
13526: 12928,13103,14371,14054,13619,14752
12964: 15037,14649,13527,15476,13054
14544: 13440,14661,13243,13149,13743,15590
12848: 14395,12871,13443,15757,15215,13304
14864: 
13189: 12954,15319,15773,14631,15140,15729
14401: 14025,14272,13455,14538,14204,14841
13250: 15248
13359: 14306,13334,14540,14760,13170
14372: 
15772: 15495,28675,12905,15237,14157,13205
12942: 15053,15424
14039: 15344
14577: 12977,14321,13771,13220,13305,15508
13993: 14696,14140,13727,15378
15136: 12971,14374,13196
14379: 14017,13485,13560,14207
14331: 14935,14891
13776: 13521,14549,12819,14256,15619,14144
14286: 14006,13095,14976,15523,15316,14029
13475: 13690,15134,15339,15783,14764
14688: 15066,13966,13651,14295,14595,15302
14212: 14489,14904,12872,15277
15682: 14965,14625,15247,15298,12974,14770
13163: 15076,13544,13251,14464,14784
14002: 14983,15725
13546: 15698,14611,13951,13593,15543,14895
15213: 15190,14141,14206,14062,12886,13316
15120: 15751,13741,13904,13504,15323,13091
15636: 13520,14823,13477,14083,15452
13796: 15570,15439,13476,14632,13724,15487
14988: 14967,15812,15321,15299
13674: 15182,13043,13301,12863,13315,15663
15524: 14307,14295,15314,13033,13200,15777
13978: 13440,15025,14685,14591,14326,14413
15025: 13440,13243,13978,13006,14413,14219
12961: 14927,14022,13703
12827: 14056,13882,14324,15021
15509: 15493,14800
14474: 15332,15226,13581,15175
13407: 14744,14578,15609,13017,14308,14736
13454: 15506,15122,15301,15728,13090,14184
13459: 14847
13062: 14971,13708,14940,15282,14894
13317: 13531,14664,13252,14206,13316,14556
13760: 15611,13463,14442,13588,13032
13607: 14409,14119,13608,14500,15581,13110
13739: 14888,13925,15471,13732,12835,14899
15415: 13611,15051,14232,15131,15201,12830
13926: 15414,12994,14817,14896,12930,13643
15716: 15289,13889,13396,15004,12865,14312
15041: 14521,13797,15000,13027,14085,15046
15158: 14682,13268,13746,14964,15618,14417
14513: 13387,14244,12904,14539
13704: 15698,14611,14879,14092,15349,14182
15268: 15229,13237,14599,13364,14522,12920
13273: 14579,13534,13909,14965,15247,14110
13179: 14982,13437,14282,13610,14602,13901
15582: 15512,13298,15188
13166: 15568,12892,15416,15580,13636,13918
14008: 15418,14924,13325
14610: 13421,13639,15590,13507,14165,14117
13235: 15310,15507,13766,14339,14163
13356: 15244,12920,13364,15782,15390,15305
13821: 15356,15701,13669,15462
14590: 13647,14547,14329
15128: 14178
13774: 12894,15070,14387,15049,13245
13934: 14733,15505,12921,14751,13368,14621
13132: 12967,13455,14652,15144,13249
13505: 15167,14731,14154,13580,13983,13350
15558: 13946,13271,13265,13193,15387,14659
13148: 15093,14481,13007,14795,14097,14702
15473: 15482,13513,13347,13825,13961,13577
13629: 13403,14750,14718
14289: 14173
14374: 13196,14011,15474,15475,15136
13842: 14192,13725,13253,13989,15534
15160: 15339,13008,14165,13388,13507,15134
15383: 12991,13718
15771: 13269,15542,15790,14370,15813,14214
13434: 14971,13708,14632,12979,15570,15477
14962: 13496,15125,12846,12853,14261
13372: 15164,14038,13523,13632,14908
13972: 14926,13060,13748,14497,13009,14231
14708: 13879,13479,15613,14692,13944,14305
15374: 14628,14522,15244,12920,13812,14573
14001: 14222,13449,15409,14347,15342,14738
14295: 13651,14307,15524,15777,15256,14688,14595
14620: 15583,15710,15730,15521
13920: 15167,15061,14149,13983,14236,13713
14480: 13152,15742,15666
14487: 13217,14774,15608,15285,13516,14363
14943: 13924,14204,13995
15485: 15437,14697,14492,12875,13347,14294
13923: 12902,13996,15209,15564,13777,14078
15438: 14412,14386,14380,15642,12826,14654
15369: 13840,13385,14503,15804,14527
13798: 13537,15498,13918,15581,13110,15416
13128: 14775,13961,14503,14527,12918,14890
12941: 14429,13118,14983,14961,14332
15252: 15463,12819,14144,14186,14581
15712: 13047,14867,14391,14496,12963,15459
15108: 14789,13332,13447,12968,14829,13112
15335: 12854,14966,14596,15097,13556,14015
13455: 13132,14272,12967,14401,14538
14257: 13410,15479,15251,13836,13928,15589
14415: 12828,15040,14315,14126,14428,15775
13363: 13051,15117
12918: 15684,14890,12860,14667,14775,13128
14518: 14293,14690,13329,14235,15560
13495: 15358,13970,15308,13963,12959,15312,15655
14834: 13353,15646,15107,15154,13692,15297
14131: 14215,14682,13384,14266,14364,15511
12978: 12884,15757,14511,15215,14225,14873
15265: 13982,13456,13566,13789,14298,13613
14560: 15627,13533,15795,15010,13159,13461
14454: 13182,15410,14738,14222,14668,13432
14785: 15545,13543,13003,14946,13301,12863
14820: 15193,14871,14383,13590,15061,13891
14083: 14056,13882,13477,15636,15452,12919
12821: 13360,14882,15045,15166,15423,15585
12878: 
14941: 15123,14831,13773,15287,15594
13205: 15190,14141,15772,15101,12905,15237
13534: 13273,14579,15758,12888,14110,13747
13300: 14508,14763,13188,15146,13511,14024
15199: 12934,15114,13859,13034,12966,15232
13861: 13254,15526
13758: 13131,14375,14087,14623,13450,13818
14242: 15729,14608,13656,13755,15739,14210
13316: 12886,15162,14556,15213,14206,13317
14038: 15164,13372,15304,14748
15163: 15784
12828: 15040,12833,14415,14428,13898,13057
15402: 14616,14634,13727,15302,14101
13456: 15054,13982,15265,13957,13501,13613
13204: 13994
15626: 14411,14461,13778,13413,14784
15466: 15549,13109,13606,14586,14304
13176: 15292
13164: 14381,14557,13173,13258,14541,13088
13820: 14523,13221,14214,12986,15542
15277: 13061,14212,14904,14058
12999: 13781,15237,14157,13160,13418,14773
15601: 12945,15243,13101,13579,13165,13677
13540: 14515,13657,13238,14870,13948,14353
13551: 14392,13787,13722,13624,13693,14574
14581: 12982,14865,12819,15252,14866
13197: 13663,13167,13952,14588,15174,14504
13594: 12996,13846,15355,14892
14101: 15443,14884,14634,15402,15255
13699: 13014,14262,14713,15715,13388,13008
13086: 14701,14159,14028
14703: 14815,13175,14337,14381,14557,15307
14855: 15513,13382,14670,15634,15216
13490: 15078,13113,13010,13988
15190: 15213,13205,14141,13781,15237,12886
14076: 14665,15246,14199,15604,14271,14673
13541: 13896,13260,14227,13631,15366,13154
14228: 14071,12884,13094,15468,15348,15205
12857: 14082,15599,14798
13180: 14395,14202,13304,13617,14216,12836
13357: 13212,14771,14503,15804,14890,14669
14472: 15314,13033,14618,13444,13030,14463
15414: 12994,13926,13322,13643,15005,14722
13111: 15029,15294,14220,13245,13780
14555: 15404,13856,14427,13865,12903
13389: 13789,14298,13433,13681,13734,12873,14043
14892: 12949,15355,13881,13594
15685: 15562,14010
13967: 14944,15348,15280,14985,15205,15171
13435: 13480,13282,14074,13271,13442,15387
14506: 
14905: 15440,14129
13254: 15470,14278,13861
14267: 14613,14062,13511,13185,14116,13679
14902: 12931,15217,12872,15357,15192,13578
13200: 14779,15141,15314,15524,15777,13201
13282: 12866,13480,14551,13435,15345,13271
13031: 14717,14499,15802,14846,13622,13683,13772
14277: 13134,14127,13741,13904,14525,13064
13752: 14312,14559,13328,13889,14476,15519
14956: 15766,13308
13269: 15542,14239,15790,15771,14818,15552
13987: 14136,13061,13036
13891: 12963,14149,14820,14383,13246,15061
13898: 13149,13057,13743,12828,12833,14624
15743: 12981,14404,14167,12851,13536,14336
14146: 15517,14646,15107,13117,14870,14382
15634: 14947,15679,14855,13514,15216
14072: 15272,14288,13203,12949
14129: 14905,14537,15709,14889
13076: 12862,15639,14777,13312
14465: 14825,13658,14566,14091,14572,13740
14068: 15039,14806,14822,15573,15352
15200: 15608,12922,13638,13753,13171,13516
15454: 13654,14525,15422,28678,28680,14238,14157,13160
13973: 15045,12929,13104,14414,15166,14052
14974: 13873,13653,13790,15206,14786,13751
13451: 13885,14694
13612: 13851,14999,14563,13517
13663: 13167,14217,15768,13197,13945,14504
13313: 13561,14849,15242,14134,15460,13547
14938: 13783
14772: 14462,14346
12974: 13698,14770,15298,14843,13756,15682
15364: 14900,14303,13032,15575,15346,15708
14499: 14717,14753,13031,14125,13045,13683
13098: 14800,14887,13958
14883: 13539,14209,13512,15149,13916,14369
13055: 13310,12896,14536,14848,13974,13942
15315: 13068,14807,15235,13267
15027: 15746,15469,13314,13213,12975,15496
13107: 14992,14782,13457,15069,13147,14281
15468: 12957,13094,15367,14872,15348,14228
13473: 14080,15029,15382,13780
14307: 13651,13156,14977,14295,15524,13033
13744: 13768,14329,15406,14778
14021: 12908,12958,14758,13207,14995,15455
13472: 15098,14176,13667
12903: 14660,13865,15404,14555,14529
15266: 14197,15401,15728,15612,15127,13824
13557: 13486,14600,13869,13247,14635,13785
12867: 13427,13194,14211,13499
14829: 13112,15108,14789,13232
14931: 14639,13994,13937,13775
13039: 15099,13852,13901,13726,15354
13802: 13069,13648,15580,12861,14196,14283
15435: 15056,13641,13329
13437: 12882,14982,13179,13950,15622,14200,13610
13244: 13600,13571,14649
14566: 14465,13658,13234,14958,15713,13740
13477: 14823,13351,15733,13882,14083,15636
12890: 15541,14673,15246,15391,13393,14652
15351: 15535,15109,13500,13757,13879,15340
15498: 13537,13798,13110,14898,14254,13626
14057: 13306,13784,13297,12879,15530,14520
15355: 13129,12949,12845,13594,13846,14892
13523: 15659,15614,15164,13372,14035
14520: 13208,14913,15530,13784,14057,13327
12938: 13637,15234,13633
13754: 15038,14367
13422: 13405,14932,13016,15079
15631: 13983,13350,13493,15727,14236,13582
13487: 13270,14227,14642,14344,14456,13044
13631: 13452,13848,12906,12951,15366,13541,13896
15086: 13097,14473,13838,14741,14273
13400: 15274,15317,14769,14599,15586
13482: 15502,14880,14385,14019,13253,13989
15055: 14312,14559,15003,15004,14481,14969
14747: 15287,14925,13773,14190,15744,13688
13905: 14826,15501,13126,15417,15620
14049: 13709,14530,13524,15258,13285,15765
15545: 14785,13543,12863,14340,14637,15458
13059: 13256,12868,12926,15555,15395,13903
15787: 13815,12885,14769,15446,13792,15317
15396: 13863,15044,14150,15431,15647,15547
13522: 15271,15357,13892,15016,13578
13548: 15069,15717,13737,14801,14842,15654,14357
15625: 14050,15307,14815,15323,13091,14132
13773: 14831,14190,14941,15287,14747
13065: 15072,14350,13696,15412,14724,13518
13131: 13758,15013,14375,14425,14720,14087
15494: 14471,15273,15082,13863,15547,13209
15258: 13293,14283,13355,13285,15765,14049
14222: 14001,13449,14550,14738,14454,14668
13844: 13910,13724,14316,15036,13476,13042
14283: 13293,15258,13285,13648,13802,12861
14080: 14418,13473,13307,15098,15029
14189: 13398
13383: 14404,14167,12979,13694,14359
14047: 
13619: 12989,14752,12988,15106,13526,14054
13745: 15463,13150,12985,13330
15497: 13218,13333,14794,14876,13685,14275
13215: 15325,14448,13701,13710,14814
14980: 14585,13810,14438,14606,15197,14994
14945: 14778,15579,15686,15198,15346
15526: 13079,13096,13861
15796: 14064,13150,13441,12985,14874,13602
15488: 15064
14235: 15560,14293,14518,15276,14348
13283: 15504,14712,13261,13499,14957
13518: 14724,12980,13065,13696,14509,13046
14458: 12881,14622,15381
13908: 13025,13735,14933,13274,15060,15082
12822: 
15004: 15716,12865,13157,14969,15055,14312
15602: 15334,15327,14297,15208,12861,14196
15646: 13353,14834,15281,15107,13117
14245: 
15003: 15055,14559,14481,14702,14726,15447
12898: 14926,13060,13327,13236,15067,15172
14346: 14317,14772,14462,13672,15628
13168: 13225,13020,15159,14436,15551,13617
14264: 15210,14835
13083: 14524,13535,14954,13009,14059,13320
15780: 14554,13041
14694: 12933,12832,13451,13264
14034: 13287,15169,13962,15722,15155
12950: 15800,13233,15527,15239,15663,14852
15764: 14768,13067,14948,13510,14672
12843: 14422,13697,12946,13770,14486,14979
15006: 14711,13547,12820,14597,15802,13622
15336: 14102,15691,13319,12934,15114,13105
14412: 13024,14386,15438,14323,15453,14380
14337: 14679,15377,14557,15307,15405,14703
14689: 13661,14836,15800,15182,13015,15360
15058: 13192,15102,12940,14597,14975,14711
12953: 
14719: 14308,15278,14124,14744,13265,13127
15365: 13206,14007,13670,14587,15286
15619: 14144,12913,14256,14328,13776
14846: 13622,15540,13869,13031,13772
13515: 14108
13310: 13822,12896,13055,15084,15597,14536,13868
14984: 12825,13719,13933,14524,13876,14534
14416: 13723,13124,15520,15491,13941,28658,13466,15238
14749: 14698,13023,13786,15577
15297: 13884,13692,14834,15154,13370,14617
15307: 15625,14050,15405,14337,14815,14703
14840: 13565,13412,13894,15641,14327,14645
13733: 15655,13837,15308,13609,15279
15553: 14121,14421,14098,13109,15612,13824
13625: 15717,14410,13147,14850,13001,13262,14781
12910: 15168
14755: 15043,14699,13129,12845
12915: 14683,14161,15250,12834
14541: 13258,15621,15433,13381,13088,13164
13275: 14446,15607,13077,14325
15223: 14383,13134,15251,13904,13504,14871
14740: 15662,15499,14435,14237,15449,15500
15727: 13917,14759,14236,15631,13582,14020
13416: 14598,15475,14330,13331,15076,13544
15198: 15575,14821,15346,13299,14945
14757: 15738,15525,14334
15305: 13986,15002,15390,13356,15244,13573
14718: 14860,14750,12996,13629
15800: 12950,13233,15663,14836,14689,15182
14249: 14208,14280,13592,12860,13716,14285
15095: 15185,13125,14205,13346
13969: 15697,14512,12911,15617,15563,13309
14533: 13867,14795,14029,14097,15105,15523
14700: 14921,13469,15173,14619,15740
13390: 12874,14067,15659,15148,13933,13474
13763: 13596,12852,15178,14808
15146: 13300,14508,14024,14358,14519,13030
13227: 15775,14899,13626,14433,14119,15471
12816: 15643,15270,13145,13673,14535,14816
13066: 14929,14338,15760,14579,15758,13333
15813: 14370,15173,15790,15771,13158
14388: 13691,14291,14208,13620,14341,13716
14330: 13416,14598,15076,13711,14485,14444
13687: 14863,15344,13835,13657,13913
15706: 14362,14309,13759,15019
13106: 14304,14111,13075,14145,13606
14300: 15156,14042
13778: 14656,15626,13682
14723: 12917,13153,12916,14258,14817,13858
14756: 14930,13089,14658,15657,13058,13404
14191: 15653,13799,15319,14608,13808,13532
14059: 13566,13009,14231,13083,13982,13320
15610: 14290,14271,15541,14663,12967
13812: 13950,14109,14200,14628,15374,14573
15323: 14815,14998,15625,13091,15751,15120
13600: 13244,14981,13054,14648
14099: 15228,14469,15681
14380: 15453,12954,13799,14412,15438,14654
15224: 12914,14824,15423,13949,14783
14221: 14055,14939,12909,13344,13481,13174
12901: 15064,14922,15513,13382
13259: 
15264: 13965,15515,13672,15470
15697: 13969,14512,12911,13449,14550,13569
13190: 15571,14808,13921,15678
14572: 14465,14091,13638,13767,13740,12847
13492: 15257,14402,13537,13233,15527,14254
14009: 15537,14118,15417,15194,13126
14698: 13023,14749,15119,15124
14111: 14304,13106,15493,14953,13337
15749: 15010,13671,13159,14036,15400,14105
13293: 14283,15258,13355,14376,14857,13648
15641: 15116,14327,14709,13975,13565,14840
14446: 13275,15607,14066,14655
12970: 
13221: 14523,13820,14214,13922,14526,13371,13558
14206: 14613,14062,15213,13316,13317,13252
14165: 14171,14117,13388,14610,13507,15160
13566: 14059,14231,13982,15265,13899,13231,14298
15195: 13480,14551,15410,14848,13432,15688
15762: 13291,13290,13782,15629,13248,12957
15330: 13662,14016,15324,14763,15104,15574
13825: 15473,15482,14681,13489,14684,13577
14825: 14465,13658,14091,15639
14303: 14900,15364,13032,14096,14915
14922: 12901,15513
14485: 13226,14444,15338,14330,15189,13711
15156: 15038,14367,14746,14300
15537: 14009,13582,13907,14118,13493,15194
13320: 15054,13982,13083,15630,14954,14059
13226: 14485,14444,15338,15151,14928,15283
13601: 13021,15311,13811,13272,13297,15530
13956: 14502,13991,13628,12987,14198
15077: 14293,15253,15801,14489
13818: 13048,14342,13758,14087,13257,14623
13836: 14638,15672,12859,14257,15479,13928
15176: 15255,13005,14809,14967
14676: 14643,13935,14790,15214,14812,14578
14195: 13728,14405
15617: 14955,14292,13969,12911
15348: 14872,14944,13967,15468,14228,15205
15059: 13659,14630,14321,13305,14754,13599
13188: 13300,14763,14116,15324,14279,13511
13417: 14432,14978,13063
15183: 14967
13761: 14733,15505,13815,14343,12936
14274: 13662,15677,14016,13572,12990,13823
14853: 13691,14291,14215,13746,12977,13771
15465: 15747,14761,12880,14120,13860,15065,14732
15623: 15529,15269,15557,14305,13587,14832
14794: 13218,15497,13169,15694,14275,14727
13471: 13850,13488,14946,13003
15483: 
12960: 14762,15263,12877,14318,12837,14347
13080: 
14646: 15517,14146,15274,28677,13832,14382
14015: 13073,13192,15335,14596,13556,15112
14613: 14267,14206,14062,13511,14024,13252
13402: 15495,15567,14819,14036,13322,14722
14411: 14461,15626,14175,14601,14784
13718: 13720,13373,15383,13712
14630: 13659,15059,14754,14033,15572,15683
13656: 15729,14242,14521,15140,14085,13755
14292: 12837,13839,14955,15617,15409,12911
13654: 14525,15454,13160,15658,13064,14773
15644: 15480,12975,15300,15445,13484,14027
14142: 15392
14527: 13385,15369,14503,13513,13961,13128
15011: 14168,14742
14774: 13217,13860,14487,15065,15285,13686,14736
14136: 14543,13987,13036
13726: 13063,13187,13039,13852
15684: 13592,12918,14890,14669,12860,14589
13314: 13705,13549,15027,15469,15638,15496
15233: 15031,15692,15565,14414,13914,14052
13846: 13594,12996,15355,12845,13430,15219
12837: 14292,13839,14347,14318,12960,15409
13022: 13337,14893,14122,14299,15702,15789
13199: 15478,14323,15667,14261,14365
15455: 12856,15067,14913,14995,14021,12958
14743: 14653,15042,13044,13945,15768,13800
13602: 14457,14874,15648,14064,15796,13011
14787: 13864,14490
13397: 13112,15052,13497,14880,14019
13113: 13563,13490,13988
12998: 13755,14963,13964,13027,14085,14802
13931: 15642,12826,14854,14121,14098,14032
13351: 14823,13477,15733,15023,14911
13854: 13986,15002,13841,15043,15337,14699
12969: 14606,15197,14885,14650,13837,13890
28652: 
15433: 14541,15621,15739,13750,13381,14210
14874: 13447,14457,13602,15796,13441,13332
12928: 13526,13103,14054,13340
14398: 15398,13722,13981,12955,15318,13555
14268: 13553,14434,13611,15051,14910,14976
14734: 15746,15469,13360,14313,13705
13589: 14857,14003,15464,14542,15249,13081
15789: 15436,14184,13022,15401,14122,14299
13007: 13052,15349,15093,13148,15434,14795
12984: 13508,15592,13753,15713,15615,12922
14253: 14356,13105,14431,15399,14725,13666,15583
15550: 14582,13930,14707,14924
15489: 14799,13161,15429
13219: 13247,14270,14635,14420,13411
14623: 13819,14735,13450,13758,13818,14342
14517: 
15045: 13973,13104,15166,13050,15585,12821
13618: 12995,13560,14687,14530
13470: 14791,15131,13800,15736,13955,14232
12897: 13002,14084,13963,15457,14788,15312
12831: 12868,13374,15238,13124,14782,13457
13285: 14283,15258,13709,15208,14049,12861
13837: 15655,13890,13733,12969,14885,13609
15552: 14143,14818,13352,13872,13269,14239
13705: 13314,13549,14313,15752,14734,15469
14538: 14204,13455,15144,14401
14352: 15014
15806: 14576,15722,15155,15002,15337,12895
14399: 14037,14256,14780,14986,15731,14328
13202: 13665,13634,13121,15001,14739,13935
13591: 15263,12877,12864,14907,14187
14839: 15130,15564,12814,15289,13396,14568
14552: 15721,15598,13488,13804
13154: 13139,15366,15015,13541,13260,14005
14233: 13814,15704,13874,15774
15164: 13372,14038,15304,15614,14547,13523
14318: 13401,13420,12960,14762,12837,13839
14261: 14147,14365,13496,14962,13199
14565: 12855,14869,13312,14729,12844,14777
15319: 13189,12954,13799,15729,14608,14191
15770: 14531,14567,13911,13801,13035,13650,15372
14530: 13709,14687,14049,13618,12995,13524
14371: 13526,13103,14752,15063,13391,15075
13664: 14381,13173,13671,13175,14844,14105
14168: 15011
14760: 15538,13779,14540,13359,13170
15361: 14043,14255,13572,13467,15472,12817
14850: 14781,13503,13147,13625,14827,14281
14494: 14636,15737,13501,13939,14549,12982
15656: 15050,15732,15664,14592,13833,13652
14832: 13680,14942,15623,15557,14675,13587
14761: 15747,13115,15465,12880,14120,14070,14732,13893,14226
14639: 14931
15110: 13530,13026,14325,13077,13623,15295
14435: 14740,15333,15449,14457,15745,15500
15475: 13416,14598,13331,14011,14374,13196
15034: 13723,14103,15491,13902,13831,13538
13409: 14174,15379,15391,15622,15083
13713: 14759,13478,14236,13920,14149,15459
14762: 12960,15263,13420,15151,14928,14318
15493: 13228,15509,14111,14800,14953
15234: 14979,15170,13697,12938
15481: 14665,15246,14741,15379,15391
13749: 14106,13927,14224,14223,13706,14032
13027: 14085,14802,14822,15046,15041,12998
13970: 13495,15358,12959,13137,15665,13571
13011: 14320,15333,15648,15451,14457,13602
13819: 14735,14623,13450,14514
15342: 14738,12993,14187,12877,14347,14001
13443: 13281,14090,12871,14395,13834,12848
14115: 13621,15633,14535,15044,13953,14987
13725: 13842,15534,13051
15325: 13215,14448,14526,13468,13558
15334: 15327,15602,15208,14114
15166: 15423,14052,13949,13973,15045,12821
14551: 12866,13480,13282,15195,14848,13974
14216: 12836,15543,14604,14202,13180,13895
15692: 15031,15233,15197,14885,13914,14994
15109: 15797,13049,13500,13757,12841,15351
14819: 13159,13461,14036,13695,13322,13402
14360: 14683,13979,12935
13613: 13681,14636,15265,13456,13501,13789
15270: 12816,15643,13673,14644,12948,13736
14026: 15075,14475,13012,13391,14655,13395
15286: 14587,13670,13586,15365
15056: 13144,15435
15404: 13583,14555,14427,13092,14728,12903,14529
14162: 14106,13927,15377,14276,15405,14491
15500: 13497,15745,15662,14740,14435,15132
12959: 13968,15312,13137,13963,13495,13970
15426: 13101,13579,14660,15676,14529
13902: 14017,13831,13538,15126,13485,15034
13682: 13413,13778
13694: 13162,15417,14359,13383,15620
13572: 15361,14255,12990,12817,14274,14016
14293: 15077,15253,14518,14235,15276
14505: 14112,13794,12983,14366,15102,14975
13336: 
14209: 13539,14545,14883,14369,14593,14302
13947: 14554
12869: 14390,15678,13386,13186
14321: 14577,13771,13305,13462,13659,15059
14377: 15548,13529,13295,14339,15683
14547: 14590,15304,15164
14114: 13709,15208,14687,15334
15249: 14542,15180,15024,14302,13081,13589
14596: 14966,15335,15032,13321,14015,13073
14504: 13945,15486,14642,13952,13663,13197
15594: 13856,14427,14941,15287,15020
15228: 14099,15310
12992: 14768,13362,15280,13960,15171
12940: 15112,15202,15242,13192,15058,14711
13521: 14549,13776,14037,14256,13939,12815
15422: 14525,15454,13574,14238,15751,13741
14644: 13650,15503,15372,14450,12948,13736,15270
13824: 14287,15127,15612,15553,14421,15266
13024: 14412,14386,14803,15478,14323
15677: 13662,14274,12838,13823,15451,14320
13869: 14846,15540,15291,13772,13247,13486,13557
15591: 14776,13025,14571,14604,14202,13834
15773: 15453,13189,12954,14323,14631,14365
15599: 15123,13644,12857,14831,14798
15133: 15616,15000,12893,15611,13463,13288
13239: 15026,13779,14368,14166
14830: 14333,15452,15767,13334,28659,15600
15271: 13522,15357,12887,13892
15222: 14179,15795,15645,12958,12856,15779
13321: 13429,14366,15032,13303,14596,13073
14392: 15060,13787,13551,13281,14574,14776
15226: 13998,14148,13581,15576,14474
13662: 15330,14274,15677,12838,14016,15574
14770: 12974,13698,15380,15682,15247,14929
15765: 15258,13355,13524,13539,14545,14049
14894: 15282,13062,15118,15794
13835: 14000,14353,13559,13687,14863,13657
14668: 13432,13883,14796,14222,14550,14454
14224: 14106,13749,14121,14421,14032,14765
28658: 13941,13466,14416,13723,15520
14953: 14800,14887,15493,14111,13337,14893
14578: 13407,15609,14676,14790,14812,13017
15032: 13303,15111,13155,14966,14596,13321
14896: 12930,13875,13926,13643,12912,15748
13167: 13663,14217,14895,13197,13951,15174
14484: 13403
15185: 15095
14054: 12928,13526,13340,13394,12988,13619
14837: 15272,14951,12823,14288
15504: 14712,13283,14033,13766
13918: 13537,13798,13636,13166,15416,14402
13486: 13557,14600,13869,15291,12966
14500: 13415,13072,14452,15581,13607,13608
13127: 14659,14912,15057,13265,14719,14124
14525: 13654,15422,15454,13741,14277,13064
14219: 13421,14251,13243,15025,13006,14625
15040: 12828,12833,14415,14315,15664,14592
14284: 14075,14949,13803,14248,14657
13194: 15778,13267,15578,12867
15478: 13199,14323,15516,14803,13024
15114: 12934,15199,13859,15336,14356,13105
12904: 12907,14575,13545,14513,13387
13468: 13558,14633,15325,14448,13968,14901,12925
15119: 13198,15556,15124,14698
14713: 13014,13699,15097,15715,13833,13652
14569: 15397,12909,13344,14845,14797,13210
14852: 12950,15239,15663,13850,14946,13301
14385: 15502,13482,12976,13201,14252,13989
14442: 13997,13588,15575,14453,13760,13032
12914: 15224,15565,15588,13000,13949
14744: 13407,15609,13946,13265,14308,14719
14680: 13288,13181,13738,12893,13496,12846
13388: 14171,14165,15715,13699,13008,15160
13296: 14345,14648,15569
15443: 14101,13029,14884,14634,13212,14426
14763: 13300,14508,13188,15324,15330,15104
13123: 14745,14470,15561,13049,12841,14407
13478: 14759,13361,13713,15459,14867,15092
14711: 15006,13547,15058,12940,15242,14597
14130: 14947,14911,14170
14707: 13742,15550
14419: 13783,13130,13068,14807
14074: 15688,15693,15561,13480,13435,13442
14634: 13966,15302,14101,15443,13029,15402
15048: 13365,14022,15539
13494: 14019,13253,14909,14192
14443: 15137,15629,15532,13445,14354,13428
14895: 13870,13167,14217,13951,14611,13546
13797: 13288,13181,15000,15303,14521,15041
13169: 13655,14651,15300,13218,14794,14727
14934: 15798,14368
14314: 15408,13849,13373,13712,14031
13324: 13916,14827,14281,14992,13831,15126
14818: 14143,14451,15552,13380,13269,15790
12846: 13496,15125,14962,13141,13738,14680
13892: 14135,13522,15271,15368
14660: 13865,14185,12903,15243,14529,15426,13579
14139: 15571,14808,15560,15689
14060: 15640,14455,14205
14870: 13540,13238,13948,15517,14146,13117
13072: 14005,13415,14500,13906,13230,13608
14821: 15198,14453,15753,13299
13419: 15074
15023: 14947,15679,14911,15021,13351,15733
15313: 12981,15794,12851
15014: 15756,14352
13135: 
14816: 13715,15236,12816,13145,14535,14987
13587: 13944,14305,13445,15623,13680,14832
14177: 13997,12932
14748: 14038
15511: 15092,14364,13047,14867,13384,14131
14531: 15770,14567,13585,13911,15695,12880
13009: 14059,14231,14497,13083,13535,13972
13632: 15148,13372,15245,14908
13484: 14727,14906,14027,15300,15644
12830: 15201,15428,14653,14440,15131,15415
15260: 13829,13138,13119,13330
13249: 15144,14548,13085,14652,13132,15089
14141: 15213,15190,13205,13679,15101,14062
14887: 14800,13098,14953,14893,13958,15702
13932: 13938,13191,14986,13224,15731
15042: 14743,14653,14440,13044,14456,14916
14102: 15306,15691,15336,14849,13229,12934
14656: 13311,13778,14570,14461
12824: 14721,13448,13792,14515,13238,14594
15328: 14301,13998,13628
13961: 14775,13128,13577,15473,13513,14527
13633: 15282,15288,13697,12938
15094: 14089,14647,13079
13146: 
13225: 13168,13020,14468,14436,15130,13777
14370: 15813,15771,13158,14214,13371,13616
12847: 14828,14091,14572,13767,14641,12862
14227: 13541,13896,13270,13260,13487,14344
12997: 13047,14391,13384,13769,15290,13915
13344: 12909,14569,14797,15275,14221,14055
14383: 15223,13246,13134,14871,14820,13891
13981: 15177,13366,13498,12955,15318,14398
13630: 15721,15598,14297,13877,15809,12962
13211: 
15029: 13111,15294,14080,13473,13780
14884: 14101,15443,14426,15255,13005
13075: 15022,14145,13106
13734: 13875,14973,13433,13389,14043,13467
15790: 13269,15771,14818,13380,15813
13766: 15572,14339,15504,14033,14163,13235
13440: 14661,13243,15025,14544,13978,14685
14004: 14564,15373
13571: 13826,15358,13970,13244
13187: 13726,14213
13415: 14005,13072,14500,15015,14452,13278
14116: 14447,13185,14279,14267,13511,13188
15767: 14540,13520,15452,14830,13334,28659
13885: 15430,13264,14686,13451
14033: 15504,14786,14754,14630,13766,15572
14710: 13938,13191,15148,15245,12874
14244: 14513,13387,15440,12870
14781: 14850,13001,13262,15240,13503,13625
15155: 15806,15722,12895,14034,13287,14860
13578: 14176,13522,15357,12931,14902
13992: 14745,14645,13506,13338,14407,15259
14667: 14964,14553,14775,14280,12918,12860
14592: 13142,13833,15040,12833,15664,15656
13817: 14259,14148,15576
15766: 14956,15420,13308,13642
15076: 13163,13544,13251,13416,14330,13711
13210: 14797,14475,14441,14845,15763,14569
14492: 14358,14519,12875,14664,14294,15485
15288: 14422,13697,13985,14940,15282,13633
14568: 14479,15649,14839,12814,14704,13396
14025: 14401,14272
14464: 14601,15106,14784,13163,13251,15225
15637: 15793,14387,15098,15294
14023: 13136,15720,13366,12955,15788,14350
13133: 15606,15022,14145
14791: 13470,13800,13955,13870,14217,15768
12913: 15619,14144,13161,15429
14879: 13157,14092,13704,15349,15093,14969
15503: 13650,15372,14644,13736,15096,15654,14226
13512: 13539,14883,15149,12995,14207,13524
15774: 13294,13813,14233,14803,13814
13986: 15002,15305,13854,13841,15390
15049: 14220,13245,13774,15070,14462,15628
15467: 14573,15231,15085,13573,14200,13610
14662: 13680,14942,13292,14354,13078,15135
14466: 14276,15711,13375,14311,14491,15672
15664: 15040,14315,15088,15050,15656,14592
14164: 15257,14402,12962,13069,15809,13636
14051: 14792,14996,15407,12965,14153
14437: 
13652: 13833,15732,15656,12854,15097,14713
13944: 14305,13587,13445,14708,15613,15137
12868: 13059,13256,13374,12831,13903,15238
13203: 14288,14617,14072,13129,12949
15638: 13897,13266,13314,13549,15496
14865: 12982,15152,14581,15737,14866,14862
13067: 13855,14948,14061,14730,14768,15764
14847: 14201,14627,14309,13459
13360: 12821,14882,15585,14914,14734
12882: 14982,13437,15622,15083,13085
14618: 15314,14472,13976,13444,15499,14779
13990: 14570,13276
14498: 14334,15145,13644,14831,13013
14686: 13885
14150: 15396,15044,14987,15236,14349,15647
12894: 13774,15070,13369,13567,13061,14387
14281: 13324,14827,13107,14992,13147,14850
13354: 14516
14396: 14482,14548,13924,15724
15321: 15299,14093,12839,13816,15812,14988
13094: 12957,15468,13290,14086,14071,14228
13413: 13682,13326,15626,14784
14746: 15156,15038
13535: 13083,14524,13876,13306,14497,13009
14728: 14675,15652,13092,15020,14427,15404
15629: 15532,14443,13428,13248,13782,15762
15066: 14688,13966,15203,13651,13156,13840
13042: 13476,14881,15811,13729,14316,13844
13175: 14815,14998,14703,14381,13664,14844
13998: 15226,15328,13628
15220: 14877,15096,14842,15654,14357,14226,13115
15650: 14696,13392,15534
15394: 15630,14493,15444,13224,15776
15096: 15220,14842,15654,14226,13115,13650,15503,13736
15036: 13845,13399,14316,13910,15510,13844
15413: 13941,13074,14869,12844
13862: 15694,13666,14906,15583,15710
15069: 13548,15717,13147,14801,13107,14782,13457
13047: 15712,14867,14391,12997,13384,15511
15486: 14504,14642,15179,13952,13765,13270
13826: 15665,13571,15424
14163: 14957,13766,13235,15507
13126: 14826,13905,15417,14009,14118,13653
13637: 12938,15118
13307: 14080,14587,15210,14012
13255: 
15391: 13409,15379,15481,15246,12890,13393,15083
13017: 12927,15285,14812,13407,14578,14736
13345: 15627,13349,15779,13236,13153,15172
14867: 15712,13047,15459,13478,15092,15511
13057: 13898,13743,14428,13929,13925,12828
14258: 15461,12916,13899,13748,12917,14723
13004: 13717,13514
15728: 15401,15266,15127,14184,15301,13454
15248: 13250
15407: 15403,14296,14792,14051
15424: 15807,12972,15665,13826,12942
14213: 15354,13640,13187,15267
13939: 13957,13501,12815,13521,14549,14494
12921: 13809,15284,13368,14621,13108,13934
15337: 15043,15002,13854,15806,13430,12895
14460: 12956
15717: 13548,15069,14410,13147,13737,13625
15491: 14416,13723,15034,13124,14992,14782,13831
13507: 14610,13639,14165,15160,15091,15134
14495: 15026
15431: 13452,15647,13848,13550,15547,15396
14053: 15151,14598,13196,15204,14444
13510: 13118,14672,15764,13362,14332
15693: 14074,15688,15561,13883,15129,14470
13570: 14671,15293
14715: 14430,13234,14958,13675
15741: 15189,13711,14845,15763,13251,15225
13177: 13035,15347,13122,15584,13528,15057
14512: 15697,13969,14709,13309,13565,13569
15571: 13190,14139,15689,14390,15678
12832: 12933,14694,14180,15230
13537: 15498,13918,13798,13492,14402,14254
12835: 13732,14993,15680,14409,15471,13739
14457: 13447,14874,13602,15333,13011,14435,15745
14930: 14756,13089,14658,13838,13857,13082
15235: 15778,13267,14243,15315,14100
13635: 15675,15448,14000,13559
28659: 13334,14830,15767
13406: 13668,14532,14580,14960,13936,13768
13964: 14963,12998,13343,14802,14758,12908
13366: 13981,15177,13605,12955,14023,13136
13737: 13548,15717,14410,14842,15654,13736,15643,13145
15135: 13428,14952,14662,14354,13078,15081
15681: 15388,14469,14099
15147: 15339,13008,14262,14793,15343,15783
13068: 15315,14807,14100,14478,14419
15585: 13050,13240,15045,13360,12821
15719: 15385,15732,13379,15111,12854,14966
13709: 15208,14114,14687,14049,14530,13285
14716: 14299,14561,12952,15436,14156,14897,14486
13268: 14682,15158,15389,14266,15450,15618
13678: 13224,15776,15731,14037,12815
15280: 14944,13967,14730,12992,14768,15171
14797: 14475,13012,13210,14569,13344,15275
13966: 14688,15066,14634,13840,15302,13029
15539: 15462,13368,15048,15284
14090: 13281,14574,12871,14086,13443,15595
14455: 14060,14205,13125
12986: 14523,13820,14704,15542,14239,15649
13084: 
14086: 14090,12871,15595,13290,13094,14071
13019: 14063,13584,13940,15230
13810: 14585,14980,15316,14218,13954,14994
13032: 14303,15364,14442,15575,13760
15247: 14965,15682,14770,13273,14579,14929
14210: 13808,13381,14242,14608,15739,15433
13195: 12823,14183,15786
13138: 13864,13330,15260
14901: 13968,15312,15008,13468,14633,14084
13101: 15426,13579,15676,15601,14155,13855,13165
15295: 13339,13623,14584,14706,15110,13026
12930: 14896,13875,14973,12916,14817,13926
14297: 15327,15602,13877,15809,14196,13630
14408: 14055,14939,13568,15142,15596,14737
15035: 14582,13930,15705,14823,13575
13697: 15288,12843,14979,15234,13633
14382: 13438,14833,14146,14646,15107,13832
13103: 12928,13526,14371,15063
15353: 14861,14889,14537
13012: 14797,14475,14026,13807,13395,15275
14251: 13421,14219,13639,13909,14965,14625
15350: 
13305: 14577,14321,13220,14194,13599,15059
13543: 15545,14785,13003,14340
13340: 15726,13394,12928,14054
14652: 13393,13085,12890,13132,13249
13051: 13363,15117,13725
13445: 13944,13587,13680,14354,15137,14443
13901: 14602,14282,13179,15099,13039,13852
15612: 15549,13109,15553,14197,15266,13824
15718: 13525,12887,13878,14248
13140: 13703,13439,13676,15284
15520: 14416,13723,14103,28658
14671: 13570,12937,14384
14936: 15490,13379,13289,15458,15432,13315
13218: 13333,15497,14794,15760,13169,14651
15620: 14336,14167,13694,15417,15501,13905
15398: 13722,13624,14398,12955,15788,14152
14871: 15193,14820,15589,15251,15223,14383
14329: 13768,13744,13647,14590,14580
15593: 
13332: 15108,14789,14172,13441,13447,14874
13469: 14921,14700,15173,13380
14424: 12987,13100,14301,13628
14056: 12827,13882,14083,12919
14769: 13815,15787,14343,15317,13400,15229,14599
15667: 14622,13199,15516
13410: 14257,15479,15251,13091,14132,13504
14649: 15755,15037,12964,13244
14886: 15186
14758: 13207,15573,14802,13964,12908,14021
14340: 14637,15009,15545,13543
13580: 13562,15487,15018,14154,13505,13350
15540: 14846,13622,13869,12820,15291,13465
13679: 14141,15101,13919,13185,14267,14062
12899: 15554,13418,13114,15290,13151,14048
14691: 14814,13710,14173,14919
13701: 13215,14448,14814,12972
15384: 13015,15088,13043,15490,15050,15385
13556: 13014,14160,15097,15335,14015,15112
12963: 14149,13891,15459,13246,14496,15712
13843: 14558
15444: 12874,14067,13938,14493,15394,13224
13411: 14420,13308,15761,13219,14270,13615,15420
14519: 14492,14358,14024,15146,14664,13252
15072: 15788,14152,14350,13065,13696,13460
13621: 15633,13046,14115,12943,15651,13953
13816: 14997,12858,15812,13597,15321,12839
13827: 
15290: 15554,12899,13769,12997,14048,13915
14690: 13329,14518
14243: 15778,15235,14826,15501,14100
13481: 13649,12864,12909,14221,13174,14907
14031: 13712,14314
14996: 14792,14051,14838,15604,14290,14153
13353: 15646,14834,15281,15154,15707
13178: 14082
12875: 14492,14358,14463,15485,15437,14977
15329: 14030
15256: 15777,12976,14295,14595,14140
14032: 14121,15642,13931,14223,13749,14224
15085: 15467,15231,13610,14602,13962
13791: 13241,14991,15675,15113,14721
13395: 13807,15080,14655,14026,13012,15607
14672: 13510,14948,14510,15341,15764,13214
13563: 13113,13377
12858: 14997,13816,14669,14771,14589,13597
13965: 15515,15264,13660
14183: 13302,13971,15786,15707,13195
13747: 15320,14876,13534,15758,12888,13959
15542: 13269,14239,15771,13820,14214,12986
12912: 14447,13185,15748,14896,13643,13919
15352: 13207,15573,14068,15039,14546,13263
14645: 13992,14745,14840,13894,14327,13506
14726: 15419,15447,14788,14559,15003,13328
14012: 13307,15210,12923
13198: 15119,15556,13689,15009
13444: 13976,15104,14508,13030,14472,14618
15611: 13760,13463,15616,14096,15133
28680: 15454,28678,14238,14310,28675,14157,13160
13396: 15716,15289,13889,14839,14479,14568
14199: 14766,13830,14528,14665,14076
13245: 14220,15049,13774,13111,15294
14537: 15709,14129,15353,14889
14714: 13311
13079: 15526,13502,15094
15445: 15746,14914,13655,15300,12975,15644
15781: 
13575: 13520,14582,15035,13795
13291: 13290,13782,15762,13693,13555,15595
13887: 13738,15536,14891
13538: 13902,14017,15034,14103
15317: 15274,28677,13400,14594,13792,15787,14769
14557: 13164,14381,14679,14337,13088,14703
14857: 13589,14376,14003,14542,13293,13355
14514: 13102,13453,13819,14735
14006: 14286,13095,15316,15810,14095,14218
13231: 15461,13433,13899,13566,14298
14991: 13791,13669,15356,14721,13448
15192: 12891,14489,14902,12872
14125: 13048,13257,14753,14499,15696,13045
15196: 
14471: 15494,15082,13735,14234,13209,13614
14011: 13331,15474,15475,14374
14778: 14945,15579,15686,13744
15065: 13217,13860,14774,14732,13686,15465
15399: 14725,15254,13685,13666,14275,14253
13460: 14044,15651,15714,14152,15072,13696
14395: 14202,13834,13180,12848,13443,13304
14196: 13069,13802,15809,12861,14297,15602
13925: 13929,13739,14888,14428,14899,13057
15700: 14717,14753,15362,13794,14693,13847
13985: 14483,13793,14940,14069,15288,14422
13125: 15095,14455,14835,14205
14702: 14322,14097,14481,13148,15003,15447
14614: 14046,13803
15267: 13640,14213,15784
14285: 13716,14229,14113,13980,14249,13592,15100
13565: 13412,14840,13569,14512,14709,15641
14194: 14018,14020,13917,13220,13305,13599
15736: 13470,13955,13052,14232,14562,15434
15508: 15092,14364,13361,12977,14577,13220
12954: 15453,13189,14380,13799,15319,15773
13449: 14222,14001,14550,15409,15697,12911
15687: 
14215: 14682,14131,13746,14364,12977,14853
13014: 13699,14160,15097,13556,14262,14713
14122: 14197,15401,13284,13022,13337,15789
15600: 14306,13334,14333,14830
14296: 15425,14042,15407
13038: 13295,14341,14229,13980,15548,14640
13738: 13887,12893,14891,13141,12846,14680
13519: 14862,15648,15451,15152,14859,13823
14842: 15220,15096,15654,14357,13548,13737,14801
15551: 15215,14436,14225,13304,13617,13168
14595: 14140,13727,15302,14295,15256,14688
15469: 15746,15027,14734,13705,13314
13479: 13879,15340,14708,15613,15177,13605
14231: 13566,13009,14059,13748,13972,13899
15459: 12963,14149,15712,14867,13478,13713
14928: 15151,13226,15283,14762,15263
13159: 14819,13461,14036,14560,15010,15749
14841: 13900,14401,14204
15043: 15337,14699,14755,13854,12845,13430
13499: 14211,13261,13283,12867
14806: 15616,14096,14068,14822,15046
14433: 15775,13227,13626,13661,14898,14126
15707: 15786,15154,13302,14183,13353
15170: 14979,15234,14389
28677: 15274,15317,14594,15517,14646
15118: 13637,14894
15231: 15467,15085,13573,14576,15722,13962
14948: 13067,13855,13165,14510,15764,14672
15618: 14964,14553,15450,14684,13268,15158
13527: 15476,14767,12964,13054,13707
13295: 13038,13056,14341,15683,15548,14377
13623: 13339,15295,13077,14811,15080,15110
14062: 14613,14267,14206,15213,14141,13679
13769: 13277,15658,15554,15290,14391,12997
14725: 15399,15254,13319,13105,14253
14616: 15402,13727,15378
14522: 13143,14628,15374,13237,15268,12920
14959: 15062,13707,14767,15752,13897
15377: 14679,14337,13335,13927,14162,15405
13191: 13938,13932,14710,15245,12834
15554: 12899,13418,14773,15290,15658,13769
13380: 14921,13469,15221,14451,14818,15790
14175: 15726,13394,13276,15566,14411,12988
15052: 13112,13397,13805,14019
12817: 15324,14279,15472,15361,13572,14016
13581: 13991,15657,15226,14474
13050: 15585,12829,13240,13491,15045,13104
13857: 12936,15139,13082,14930,14658,13838
15709: 14537,14129
14807: 13068,15315,14419
15208: 13709,14114,13285,15334,15602,12861
13868: 13182,14536,15084,12993,14187,13310
13569: 13565,13412,14550,15697,14512,14796
14503: 15369,15804,14527,13128,14890,13357
15205: 14985,14511,15348,13967,12884,14228
15527: 12950,13233,15239,15257,13492,14858
13099: 12971,14563
14013: 13884,13692,14833,13841,14699
14817: 12994,13926,13858,14723,12916,12930
14218: 15810,14006,15316,13810,13954,15734
13237: 15229,15386,15268,15296,13143,14522
15428: 15492,15201,12830,13018,14440,12849
15366: 13139,13977,13154,12951,13631,13541
13342: 12947,14586,13645,14193,14854
14843: 15810,14095,13756,13576,15298,12974
15523: 14286,15316,14533,14029,15105,14585
15236: 14968,14816,13715,14349,14987,14150
15214: 13665,13184,14643,13935,14676,14812
15744: 13506,13338,13688,14747,14925,12818
15241: 14476,15008,15519,14804,14523,13922,14633
14095: 14843,15810,14006,13095,13576,14394
14918: 14917,14924
15037: 15755,14649,12964,15279,13000,15476
15386: 15229,13237,14343,12936,15139,15296
14232: 15415,15051,14562,13470,15131,15736
14287: 15375,15127,13824,14421,15711,14765
13677: 15624,14510,12945,15601,13165
15742: 12870,13646,14480
15333: 14320,15449,13011,14457,14435
14394: 13576,14413,13553,14326,13095,14095
13447: 14457,14874,15108,13332,15745,12968
13554: 14058,13036,13378,13386,15546
13233: 12950,15800,15527,13492,14254,14836
13464: 15073,15181
13655: 13169,14651,15300,13240,14914,15445
13029: 15443,13840,15804,13966,14634,13212
13624: 15398,13722,14152,15714,13787,13551
15169: 14034,13287,13962,13852
15210: 14264,14587,13307,14012
14573: 15467,15374,15244,13573,13812,14200
15705: 13988,14170,13930,15035
15740: 14619,14700
15615: 12984,15592,15713,14706,14430,13234
12917: 14723,13153,15172,13060,13748,14258
13542: 15811,15068,15703,15506,14990,15122
13530: 13675,15110,13026,14325
14107: 15805,14558
15652: 14675,14728,14925,15020,15557,12818
15661: 13881
14118: 14009,15537,13907,13126,13653,13790
15314: 13033,14472,14618,14779,13200,15524
15528: 14260,15123,14798
13604: 15514,13893,15165,14705,14732,14120
13767: 15608,13638,14572,14828,14363,12847
13653: 13873,14974,14118,14826,13126
13208: 14913,14995,13263,15530,14520,15311
14804: 14479,15649,14523,15241,15519
13561: 14849,13313,13229,13547,12820,13465
14574: 13281,14090,15595,13693,14392,13551
14402: 15257,13492,14164,13636,13537,13918
15763: 15741,14845,12989,15225,14441,13210
13427: 12867,13267
14269: 15535,14603,15340,14123,13136,13605
15805: 14107
13403: 13629,12996,14484
15567: 15495,13402,28675,14036,14310,15400
15701: 13821,15356,15446,15462,14751,12885
14643: 13974,13942,13935,14676,14790,15214,12866
15587: 15548,13529
13683: 13045,14499,13031,13772,14270
14077: 14128,13028,13424,15388
15778: 15235,13194,14243,14826,13873,15578
28678: 15454,28680,13160
13196: 14374,15204,15475,15136,14053
13735: 13025,14571,13908,14471,15082,13614
13348: 15440
14935: 15536,12932,14331
14775: 13961,13128,13577,14553,14667,12918
13387: 14513,14244,15759,12904
14635: 13219,13247,13557,14420,13785
14648: 13054,14345,13296,13600
15216: 15322,14855,14670,15634,15679
15675: 13635,15363,15448,15113,13791
14732: 13217,15065,15165,13604,15465,14761,14120
15429: 14490,15489,12913
15046: 13027,14822,15616,14806,15000,15041
12865: 15716,15289,15004,14468,13157,15121
14753: 14717,14499,15700,13847,13257,14125
14982: 12882,13437,14282,13179,15089
13182: 15410,14536,14454,13868,14738,12993
14456: 14344,13828,14916,13487,15042,13044
14759: 13917,15727,13478,13361,14236,13713
13271: 15345,13946,15558,13282,13435,15387
13334: 14306,28659,15600,13359,14830,14540,15767
14771: 13212,13357,14426,14669,14997,12858
12920: 13356,15244,15268,13364,14522,15374
14599: 15586,13364,14769,13400,15229,15268
12825: 14984,13719,14950,13933,13474,12840
13060: 14926,12898,13748,13972,12917,15172
12892: 13166,15568,14452,15416,13278,12900
14345: 13054,14648,13296,15569
14316: 15811,15703,13845,15036,13042,13844
12906: 14605,12973,12951,14349,13452,15647,13631
14263: 15506,14990,15301,15375,13375,14638
14767: 13527,14824,14959,13707
14729: 12855,14565,14869,12844,12926,15514,15555
13568: 13807,14811,15275,14055,14408,15142
14739: 13822,12896,15001,13202,13942,13935
14174: 13409,15379,14473,13172,14109,15622
14570: 13990,14656,13276
15294: 13111,15029,15637,14387,13245
14279: 15324,15472,12817,14447,14116,13188
15093: 14481,14969,13148,14879,13007,15349
12907: 12904,12887,13878,13888
12833: 12828,15040,13898,13142,14592,14624
14738: 15342,12993,14222,14001,13182,14454
15547: 15431,13550,15396,13863,15494,13209
13636: 13069,15580,13166,14164,14402,13918
14849: 13561,13313,13229,14134,15306,14102
13700: 15071,13959,15320,15691,15254,13319
14366: 13429,12983,13321,13073,15102,14505
12975: 13213,15480,15644,15746,15027,15445
13287: 14034,15169,15155,14860,14750,13063
13498: 13981,15177,15613,15137,15532,15318
13875: 14896,13734,12930,14973,13467,15748
15799: 13186,13279,15512
13152: 14480,15430,13853,15666
15784: 15163,15267
15060: 14392,13787,14933,14776,13025,13908
14353: 13835,14000,13241,14515,13657,13540
13394: 15726,13340,14175,12988,14054
14670: 13382,13912,14855,15216,15322
12860: 15684,13592,12918,14667,14249,14280
14695: 
15259: 15529,15269,13992,13338,14319,14407
12819: 14549,13776,14144,12982,14581,15252
13448: 12824,14721,13792,14991,15356,15446
12836: 13593,14216,15543,13180,13617,15159
12966: 15291,13034,15199,13486,14600,15232
13681: 15559,14636,13613,13389,13789,12873,15157
15411: 14627,15730,14906,14027,15710
13560: 13618,12995,14207,14379
13171: 12927,13516,13753,13866,13184,15200
15103: 
12902: 13923,13996,14873,15531,15209,14439
13855: 13067,14948,13165,13101,14155,14061
15356: 13821,15701,15446,13669,14991,13448
14811: 13807,13568,15080,13339,13623,15142
14553: 14964,15618,14667,14684,14775,13577
15283: 13649,12864,13226,15338,14928,15263
15757: 14071,12884,12978,12871,12848,15215
13331: 14011,13326,13544,13416,15475
14020: 14194,14018,13917,15727,13582,13907
14334: 14498,15145,14677,15738,14757
15514: 15555,13604,13893,14705,12855,14729
13863: 15396,15044,13953,15273,15494,15547
15670: 14724,12980,13801,13035,13528,14450
15382: 13473
13907: 13582,15537,14118,14018,14020,13790
14968: 13715,15236,14349,13001,15017,12973
12956: 15791,14460
13878: 15718,14575,15047,12907
15292: 13070,13176
15651: 14044,12943,13460,13696,13621,13046
13658: 14825,14465,14566,14958
14633: 13468,13558,13922,15241,15008,14901
15354: 13640,14213,13039,13446
14940: 13985,15288,15282,14971,13062
15708: 15218,14230,15346,14900,15364
14803: 13814,15478,15516,15774,13024
13599: 15206,14754,14194,14018,13305,13790,15059
15375: 14287,15127,15711,13375,14263,15301
13355: 13293,15258,15765,14545,14542,14857
12859: 14638,13836,14990,15703,13845,13928
14145: 13606,14193,13133,15022,13075,13106
14127: 13246,13134,14277,13277,13064,14496
15480: 13213,12975,15644,13759,14027,14362
13882: 14056,12827,14083,15021,13477,15733
14133: 14403,13960,13183,14423,14439
13002: 12897,13963,15419,14788,14650,13890
13028: 13408,14868,13424,14073,15388,14077
13141: 14891,13431,13738,15125,12846
12968: 13497,15745,13447,15108,13112
13035: 13177,15584,13528,15770,14567,13801,15670
14152: 15788,15072,15398,13624,13460,15714
12926: 14869,14729,15555,13903,13074,13059
12973: 14605,12906,14968,14349,15024,15017
13698: 12974,14770,15380,13756,15750,15331
12982: 14865,14581,14549,12819,15737,14494
15699: 15669,12881
13716: 14285,14229,14388,14208,14249,14341
13851: 13612,13341,13517,14955
14558: 13843,14107
13916: 13324,14827,14369,15126,15149,14883
14188: 14393,13170,14306
14169: 15175,13404,13089,12883,14361
14526: 13371,13710,13221,15325
15015: 13139,13154,13093,13278,14005,13415
13906: 13230,13828,13072,13608,15680,13286
14046: 14614
14493: 15630,14954,14534,15394,14067,15444
14508: 13300,14763,15146,13444,15104,13030
15028: 14335
14426: 13212,14771,15443,14884,14997,13005
14507: 14155,15522,14061,15207,15081,15785
14423: 15209,14439,13352,14133,13183,14143
15691: 15306,14102,15336,15071,13700,13319
15405: 14050,15307,14491,14162,14337,15377
15436: 13090,14184,15789,14156,14716,14299
14655: 14066,13391,14026,14446,15607,13395
15107: 14146,13117,15646,14834,14833,14382,13692
13040: 13429,12983,13216,13023,13786,13603
13284: 14304,15549,13337,14197,14122
14420: 13308,13411,13219,14635,13358
14084: 12897,15008,15457,14901,15312
13489: 14681,14250,14556,13531,15482,13825
15516: 15478,15667,14803,13814,15381
14161: 15250,12915
15596: 14737,15001,14408,14939,15597,13822
15090: 14180,15430,13264
15463: 15252,13745,14186
13288: 14680,13181,13797,12893,15000,15133
15754: 
15714: 14044,13460,14933,14152,13624,13787
14925: 15287,14747,15020,15744,12818,15652
14799: 15489
15808: 15635,15153,13425
15583: 14620,15710,13666,13862,14431,14253
14061: 14155,14507,15522,13067,13855,14730
15622: 13950,14109,13409,14174,15083,12882,13437
15389: 14266,14048,13915,15150,15450,13268
13528: 13035,13177,15347,15412,14724,15670
12957: 13094,15367,15468,13248,13290,15762
14782: 13107,14992,13457,12831,13124,15491,15069
14681: 15150,15450,14250,13489,14684,13825
13376: 14367,15403
13648: 15580,13802,13293,14283,14376,15568
13531: 13317,14664,14556,13489,15482,14294
13401: 15456,14563,14318,13517,13839
15081: 14507,15207,15785,13078,15135,14952
13461: 14819,13159,13695,15627,13349,14560
13276: 15566,13990,14570,14461,14175
14815: 13175,15323,14998,14703,15625,15307
13408: 14640,13028,14868,14113,13980,14073
15653: 14223,14654,13706,14191,13799,13532
15129: 13412,13894,13883,14796,15693,14470
14509: 15633,13046,12948,12980,13518,13673
15471: 14409,14119,12835,14899,13227,13739
13711: 15189,15741,15076,13251,14330,14485
14375: 13758,15013,13131,13450
14098: 15553,14121,14586,13931,14854,13109
14373: 
13207: 14758,15573,15352,14995,13263,14021
13922: 14523,13221,15241,13558,14633
15686: 12842,14778,14945
13977: 13139,15366,13081,14605,12951,15464
14124: 14719,15278,15057,13127,13585,15584
15733: 13477,13351,15023,15021,13882
12884: 14071,15757,12978,14228,14511,15205
13547: 15006,14711,12820,15242,13561,13313
14975: 14597,14693,15102,15058,14505,13794
13156: 13651,14307,14977,15437,15203,15066
14282: 14982,13179,13901,15030,15099
14393: 14188,13170,15798,14166
13045: 15696,13683,15761,14499,14125,14270
14450: 15372,14644,12948,13801,15670,12980
14275: 15694,13666,13685,15497,14794,15399
14404: 13383,14167,12979,12981,15477,15743
14976: 14286,13095,14910,14029,13553,14268
12935: 12834,14986,14360,14780
15689: 13378,14348,15571,14139,14390
13777: 15130,15564,14436,13923,13996,13225
14854: 13931,12826,12947,13342,14586,14098
14325: 13530,15110,13275,13077
14549: 13521,13776,12819,13939,14494,12982
14502: 13991,13956,15657,14198,13058,13108
13815: 15787,12885,14769,14343,13761,15505
15063: 14066,13391,13103,14371
14344: 13230,13828,14456,13260,14227,13487
13929: 14888,13925,13483,13057,13743,14661
15560: 14235,14518,14139,14348
13728: 15674,14405,14195
12905: 15101,15005,14722,15495,15772,13205
13740: 12922,13638,15713,14465,14566,14572
15017: 15180,15024,13001,15240,14968,12973
14417: 14208,14280,13746,15158,14964,13691
14305: 13944,13587,14692,15623,15269,14708
14478: 14336,13536,13068,14100
13228: 15493
13018: 15492,15428,13732,14993,12849,15769
14201: 14847
14965: 15682,14625,15247,13909,14251,13273
15635: 15808,15153,13405
14679: 14337,15377,13335,13088,14104,14557
15301: 14263,15506,13454,15728,15375,15127
14727: 13484,14906,14794,13169,15300,15694
15419: 14726,15447,15371,14788,14650,13002
15659: 13523,15148,14035,13474,13390
14631: 14147,14365,15303,15140,13189,15773
14653: 14743,14440,15042,15131,13800,12830
14071: 12884,15757,14228,13094,12871,14086
14992: 13107,14782,15491,13831,13324,14281
13742: 14707,15161,15078
28675: 15495,15567,15772,14310,28680,14157
14439: 15209,14423,15531,14403,14133,12902
12820: 15006,13547,13561,13622,15540,13465
13974: 14643,13942,13055,14848,12866,14551
15068: 15811,13729,13542,15122,13414,15421
14432: 13417,14978,14378
15788: 14152,15072,14350,14023,12955,15398
13144: 15056
14627: 15411,15730,14847
15026: 14495,13239,14368
15311: 13021,13601,14546,13208,13263,15530
15251: 14257,13410,13504,14871,15589,15223
14548: 15144,13249,15030,15089,14396
13206: 15365,14007,15007
14058: 13036,13554,14904,13378,15277
15810: 14843,14095,14218,13756,14006,15734
14705: 14828,15165,14641,12855,15514,13604
13304: 15215,15551,13617,14395,13180,12848
14917: 14918
14298: 13389,13789,13566,15265,13433,13231
13870: 14217,14895,14611,14791,13955,14182
14441: 12989,14752,15763,15075,14475,13210
14363: 14828,15165,15608,13767,13217,14487
13465: 15291,13034,12820,13561,13229,15540
14407: 12841,14319,13992,14745,13123,15259
14312: 15055,13752,14559,15716,13889,15004
15137: 15532,14443,15613,13944,13445,13498
13579: 15426,13101,14660,15243,15601
14271: 14290,15610,15604,14076,14673
13659: 15059,14630,14321,13462,13056,15683
13318: 15569,15062,13707
15016: 14176,13522,14805
12934: 15199,15114,13229,14102,15336,13034
15287: 14747,14925,15020,13773,14941,15594
14793: 15202,14160,14262,15147,15343,15460
14872: 14944,15348,15522,15207,15367,15468
13109: 15549,15466,15612,14586,15553,14098
14612: 
14546: 13021,15311,15039,14137,15352,13263
14752: 13619,12989,14441,13526,14371,15075
13550: 15431,13848,15179,15547,13765,13209
15084: 13174,14907,15597,14187,13310,13868
15074: 13419
14170: 15705,13988,14130,14911
13298: 15512,15582,13279,15359,15188
14866: 14865,14581,14862,14064,13150
13261: 15578,13751,14712,13283,13499
14029: 14533,13867,14910,14286,14976,15523
13995: 14943,15181
15513: 14855,14922,12901,13382
14876: 15320,13747,13685,15758,13333,15497
15123: 15599,14941,14798,13856,15528
15269: 15529,15623,15259,14319,14692,14305
14780: 14399,12935,14986,14856,14328
14897: 13770,14486,14716,14156,14609,14069
14220: 15049,13245,13111,14246,15628
14421: 15553,14121,14224,14287,13824,14765
13089: 14756,14930,13838,14169,13404,14273,14361
13430: 12895,15219,15043,15337,12845,13846
14035: 13943,12840,15614,15659,13523,13474
13795: 14355,14582,13575,13520,15605
14589: 15100,13597,15684,13592,14669,12858
13950: 14109,13812,15622,14200,13437
15250: 15245,14908,14161,12915
13016: 14932,15232,14600,13785,13422
14357: 15220,14877,14842,13256,13374,13548,14801
13491: 13050,12829,15380,13104,15750,14338
14272: 12967,13455,14663,14401,14025
15154: 15786,13370,15707,13353,14834,15297
14462: 14772,15070,15049,14346
13941: 28658,13466,13074,15413,14416
15786: 15154,13370,14951,15707,14183,13195
14777: 14641,13076,12862,12855,14565,13312
14085: 13027,14521,15041,13656,13755,12998
14674: 14663,13937,14290,13994
13982: 15054,15265,13320,13456,13566,14059
13669: 14181,14991,13821,15356
13945: 14504,14642,13663,15768,14743,13044
13232: 13805,14829
12925: 15807,13468,14448,13968,13137
15101: 15005,12905,13919,13205,14141,13679
12952: 15562,14716,14561,14010,14486
13695: 14819,13461,13322,13349,12994,13858
12987: 14424,14198,13809,13676,13956
15397: 12909,14569,15189,14845,15338,13649
15153: 15635,15808
13130: 13536,14419
13485: 13902,14017,15126,14379,15149,14207
14810: 
14365: 14147,14261,14631,13199,14323,15773
13441: 13119,12985,15796,14874,13332,14172
15668: 13120,15533
14103: 13723,15034,15520,13538
13627: 14477,14591,15492,15201,13611,14434
13642: 15766
13071: 13615,14878,15484,14501,15326
14016: 15330,13662,14274,13572,15324,12817
14629: 15255
14294: 15482,13347,13531,14664,14492,15485
14978: 13417,14432,14750,13063
13888: 14135,12907,14539,12887
13256: 13059,12868,13374,15395,14877,14357
14542: 15249,14302,14545,13355,13589,14857
15564: 15130,13777,14839,13923,12814,14078
14238: 13574,13598,14310,15422,15454,28680
13129: 12949,15355,12845,13203,14755
13425: 14240,14851,15808
13513: 15473,13347,14697,13961,13385,14527
13081: 15249,15024,14605,13589,15464,13977
15127: 15375,14287,13824,15266,15728,15301
12879: 13280,13297,13719,13306,14057,13876
15038: 15156,13754,14746
15179: 13848,13550,13765,13896,13270,15486
14444: 13226,14485,14598,14330,15151,14053
15803: 
13315: 13674,13043,12863,15490,14936,15458
13229: 13561,14849,14102,13465,13034,12934
13405: 13422,14932,14678,15635
14187: 15342,12993,13591,15084,14907,13868
15242: 12940,15202,15460,14711,13547,13313
14951: 15786,13370,12823,14288,14837
14888: 13929,13739,13925,13732,13483,15769
15100: 14589,13597,13592,14285,14113
12853: 14622,15125,14962
12852: 13763,13596
13102: 14514,13453,13849,15408
13879: 15340,13479,14708,13757,14692,15351
14440: 14653,15042,14916,12849,15428,12830
13005: 15176,14426,14884,14997,15812
15312: 13968,12959,14901,12897,14084,13963,13495
14977: 13156,14307,12875,14463,13033,15437
14470: 14745,13123,13894,15129,15693,15561
14766: 14199,13830,14838
15759: 13545,13387
12927: 13171,15285,13516,14812,13017,13184
13675: 13530,13026,14715,14430
15807: 15424,12925,13137,12972,15665
14132: 13410,15479,13091,15625,14050,14311
12841: 13757,14319,14407,13123,15109,13049
14093: 15321,15299,12839,13424,14128
13243: 13440,15025,14544,13421,14219,15590
12991: 13373,15383,15326
13672: 14246,15628,14317,14346,15264
14607: 13731,15341,15671
13160: 14157,12999,13654,15454,28678,28680,14773
15574: 13976,15104,15330,13662,12838,14237
13241: 13791,14000,14353,14721,14515
15440: 14905,13348,14244
15566: 13276,15726,14175
13431: 13141,15138
13364: 14599,15586,15782,15268,13356,12920
13369: 12931,15217,13567,15793,14387,12894
13393: 15083,13085,14652,15391,12890
14117: 14171,14165,14624,13149,14610,15590
13467: 15361,14043,13734,13875,15748,15472
13968: 12959,14901,15312,13137,13468,12925
15012: 13830,12883
15371: 15419,15447,14650,14322,14438,14606
13238: 14515,13540,14870,12824,14594,15517
14529: 13984,15676,13583,15404,14660,12903,15426
14801: 13548,15069,13374,14842,14357,13457
13386: 15546,13186,12869,14390,13554
14561: 14716,14299,15702,15562,12952
14203: 15230,15007,15640
14255: 12873,15361,14043,13572,12990,15157
15401: 14197,15266,15728,14122,14184,15789
13720: 13718
14838: 14766,15604,14792,14996
13501: 13957,13939,13456,14636,14494,13613
14193: 14145,13606,15606,13645,13342,14586
13853: 13670,15666,13152,15211
15194: 13162,15417,13562,13493,14009,15537
14389: 15170
13775: 14931
14005: 13415,13072,13154,15015,13260,13230
14409: 14119,13607,13608,15471,15680,12835
13000: 15279,15588,15037,12914,15476
13975: 15441,14709,13309,15145,15641,15116,13013
15598: 15721,13630,14552,14858,12962,13804
13611: 15415,15051,15201,13627,14268,14434
13912: 13382,14670,15064
14823: 13477,13351,15035,15636
14100: 13068,14478,15501,15235,14243
15458: 14936,15432,15545,12863,13315,14637
15621: 13258,14541,15433,13750,13087,15735
14677: 14334,15145,15738,15792,15441
15152: 14865,15559,15737,14859,13519,14862
13555: 13291,13782,13693,15318,13722,14398
15776: 13678,13224,15630,15394,15054,13957,12815
13258: 14541,15621,15735,13164,13173,15115
13346: 14088,13070,15095
12871: 14090,14086,13443,14071,15757,12848
14326: 13553,14434,14591,13978,14413,14394
14836: 13661,14898,14254,14689,15800,13233
14091: 14825,14465,14572,12862,15639,12847
12995: 13618,13560,14207,13524,13512,14530
14138: 14063,15640
13871: 15448,13886,13559
14795: 14533,13867,15434,13007,13148,14097
13559: 13835,14000,13635,13871
14022: 14030,12961,15048
14262: 13014,13699,14160,13008,15147,14793
14463: 14358,12875,13030,13033,14472,14977
15735: 14179,13533,13087,13258,15621,15115
12955: 13981,13366,14023,15788,15398,14398
15022: 13075,13133,14145
13786: 13023,14749,13040,15577,14626,13603
14075: 14284,14949,12939,13641
13073: 14015,13192,15102,14596,13321,14366
13741: 15751,15120,13904,14525,15422,14277
15710: 14620,15583,13862,14906,15411,15730
15639: 13076,12862,14825,14091
14651: 13655,13169,15760,12829,13240,13218
14563: 13401,15456,13517,13099,13612
13806: 
13457: 13107,14782,13374,12831,13124,15069,14801
14348: 15689,13378,14235,15560
14641: 12862,14777,14828,14705,12847,12855
14166: 15798,14368,13779,14393,13170,13239
13872: 12814,14078,14704,13352,15552,14239
13497: 15745,12968,15500,13397,14880,15132
15357: 13522,15271,12891,13578,14902
14927: 12961,13703
15007: 13206,14007,14203
13668: 13406,14532,14960,15218,13811,13272
14764: 15071,13959,13690,13475,15783,15033
13312: 14565,12844,13076,14777
14826: 15501,13905,13126,13873,13653,15778,14243
14155: 14507,14061,15785,15676,13101,13855
13381: 13808,14104,14210,14541,15433,13088
14425: 14626,14247,15632,15013,13131,14720
14157: 15237,12999,13160,28675,15772,15454,28680
13880: 
12876: 14678,14851,13859,14356,14431,13426
13838: 14930,13089,13857,15139,14273,13097,15086
13727: 14595,14140,15302,13993,14616,15402
13900: 14841
15535: 14269,13595,14603,15351,13500,15340
15442: 
15237: 13781,14157,12999,15772,15190,13205
15416: 13166,14452,12892,13918,13798,15581
15188: 14467,13298,15582,15359
14545: 13539,14209,14542,14302,13355,15765
13493: 13350,15631,13562,15194,13582,15537
13935: 14643,13942,14676,14739,13665,13202,15214
15126: 13902,13831,13485,15149,13324,13916
15122: 15506,13454,13090,15421,15068,13542
13370: 15786,15154,14951,15297,14288,14617
13997: 14177,14442,13588,15753,14453
15121: 13157,14092,14041,13020,14468,12865
15606: 13874,13133,13813,13645,14193
15202: 12940,15112,15242,14793,14160,15460
15106: 12988,14601,14464,13619,12989,15225
14891: 13141,14331,13738,13887
15758: 14579,13534,13066,13747,14876,13333
13338: 13506,15744,13992,15529,15259,12818
14919: 14173,14406,13616,13710,14691
12870: 15742,14244
15098: 13472,15637,14418,14080
15499: 15662,14740,14237,13976,14618,14779
14473: 13097,15086,13172,14741,14174,15379
14030: 14022,15329,13365,14181
15502: 13482,14880,14385,15132,15141,13201
13165: 13855,14948,13101,15601,14510,13677
15633: 13621,14509,13046,14115,14535,13673
14571: 15591,13025,13735,14604,15427,13614
14582: 13930,15035,15550,13575,15605,13795
13392: 14252,15534,12976,14140,15650
14983: 15671,13214,13118,12941,14002
13782: 13291,15762,13555,15629,15532,15318
12962: 15257,14164,14858,15809,15598,13630
15300: 13655,13169,15445,13484,14727,15644
13962: 14034,15169,15231,15085,15722,14602
13989: 14252,15534,13482,14385,13253,13842
14176: 15016,13578,12931,13472,15793
15446: 15356,15701,13448,13792,15787,12885
13474: 12825,13933,12840,14035,15659,13390
13339: 15518,13623,14584,15295,15142,14811
15536: 14935,13588,13887
14622: 15667,12853,14458,12881
13352: 15209,14423,14143,15552,14078,13872
14885: 15197,12969,13837,15031,15692,13609
14089: 15094
14957: 14265,14163,14920,13283
13590: 15167,15061,14731,15193,14820,15510
14202: 14395,13834,13180,15591,14604,14216
15609: 13407,14744,14578,14790,15345,13946
15517: 14146,14646,13238,14870,28677,14594
15318: 15532,13981,13498,14398,13782,13555
15075: 14475,14026,14371,14752,14441,13391
13921: 14516,14405,13764,13190
13514: 13004,14947,15634
13614: 15427,14588,14471,14571,13735,14234
15281: 13913,14449,13948,13117,13353,15646
14459: 13323,14920,15507
15392: 14142,14406
14147: 14261,14631,14365,13496,13181,15303
13617: 15551,13304,13180,12836,13168,15159
12880: 15747,15465,14761,13860,15695,14531,13911
13864: 14787,14490,13138
15451: 13519,15648,13823,15677,14320,13011
13717: 13004
14041: 15121,14092,13593,13020,15159,15698
14190: 13773,13013,15116,13688,14747
15078: 13490,13742,13930
14733: 13761,13934,15505,14621,12936,13082
12976: 15777,15256,13201,14385,14252,13392
14119: 14409,13607,15471,13110,13227,13626
13149: 13898,13743,14544,14624,14117,15590
13078: 13984,15785,14662,13292,15135,15081
14712: 15504,13283,14786,13261,13751
14693: 14597,14975,13794,14717,15802,15700
15782: 15586,13364,13832,13438,15390,13356
14731: 13590,15167,13505,13910,15510,14154
15578: 13261,13751,13873,15778,13194
12881: 14458,15699,15669,14622
13780: 13222,13473,13111,15029
13558: 13468,14633,13221,13922,15325
14158: 
15581: 13798,13110,14452,15416,14500,13607
15104: 13976,13444,15574,15330,14508,14763
14045: 13048,14342,15696,14241,14501,14878
15768: 13663,14217,13945,14743,14791,13800
13262: 13001,14781,14410,13625,13145,13715
15167: 13920,13590,15061,13505,14731,13983
14265: 14957,14920,14079
15713: 12984,15615,13234,14566,12922,13740
12856: 13236,15455,15067,12958,15222,15779
14632: 13476,14881,14483,14971,13434,13796,15570
13186: 13386,12869,15799
15203: 15437,14697,13651,13156,13385,15066
13830: 12883,14528,15012,14199,14766
13184: 13665,13866,15214,13171,12927,14812
15568: 13166,12892,12900,14376,13648,15580
14406: 14173,14919,13158,15392,13616
15168: 12910
15417: 13162,13694,15194,14009,15620,13905,13126
13729: 15811,15068,13414,13793,13042,14881
13274: 14044,12943,14933,15273,15082,13908
14831: 13773,14498,13644,15599,14941
12861: 13802,14196,15208,14283,13285,15602
15797: 15109,13442,13049,13193,13500,15387
12854: 14966,15335,15732,15719,13652,15097
13573: 15244,15305,14573,15467,15231,14576
13813: 13294,13645,15774,13874,15606
15793: 15637,14176,12931,13369
14207: 12995,13560,13485,14379,15149,13512
15010: 15115,13671,15749,13533,14560,13159
13328: 13752,14559,14476,15457,14726,14788
14889: 15353,14537,14129
15676: 13984,15785,14529,15426,13101,14155
14288: 14617,13203,13370,14951,15272,14837,14072
13030: 14358,14463,14508,15146,13444,14472
13552: 
15082: 14471,15273,15494,13274,13735,13908
13091: 13410,14132,15625,15323,15120,13504
14347: 12837,12960,12877,15342,14001,15409
15263: 12960,14762,12877,13591,14928,12864,15283
15569: 13318,14345,13296
15070: 12894,13774,15049,14462
13015: 15088,15360,15384,14689,15182,13043
13142: 15715,14592,13833,12833,14171,14624
14604: 15591,14571,14202,13895,15427,14216
13586: 13667,15286,14418
14397: 
15802: 14717,13031,14597,14693,15006,13622
15177: 13981,13605,13366,13498,13479,15613
13706: 15653,14223,13532,13927,13749,13335
15515: 13965,15264,14317,15791
14773: 15554,13418,13654,12999,13160,15658
15525: 14757
13253: 13494,14019,13482,13989,14192,13842
13784: 13306,14057,14497,14520,14926,13327
15021: 14324,15023,15679,15733,12827,13882
14073: 13424,14400,14113,13028,13408
12889: 15724,15073,15191
14915: 15039,14137,14900,14303,14096
15211: 14180,13853,14007
13362: 12992,13510,13960,14445,14332
15470: 13254,12924,14278,15264
14845: 15189,15741,15763,13210,15397,14569
14786: 15206,14754,14974,13751,14712,14033
13641: 15435,14075
14386: 14412,13024,15438,13294,12947,12826
15548: 15587,14377,13529,13038,13295,14640
14247: 15577,14626,14425,15013
14602: 13610,13901,15085,13179,13962
13251: 15076,13163,14464,15225,13711,15741
15221: 14961,14972,14429,14451,14921,13380
15556: 13198,15119,15124,13689,13242,15087
15347: 13177,13122,13528,15412,14123,15720
15696: 13045,15761,13048,14045,14125,14878
13289: 13379,14936,15432,15111,13155,15087
13325: 13684,15418,14008,15538,13436
15671: 14983,13214,14607
15430: 13264,13885,13152,15090
12981: 15313,15477,15743,13708,15794,14404
15769: 14477,13483,13732,15492,13018,14888
14687: 13709,14114,14530,13618
15809: 13069,14196,14297,13630,14164,12962
13500: 15797,15109,13193,13595,15535,15351
13584: 13019,13940
14586: 13342,14193,14854,13109,15466,14098
14069: 13414,14609,14897,13770,14422,13985,13793
14661: 13440,14544,13929,14685,13483,13743
13020: 13225,13168,14468,15159,15121,14041
14248: 15718,14284
14510: 15624,13677,15341,14948,13165,14672
13257: 13847,14087,14753,13818,13048,14125
15360: 13015,15088,13661,14689,14315,14126
13884: 14013,13692,15297,14617
13033: 15314,14472,14463,14307,14977,15524
15368: 14151,14805,13646,13892
14418: 14080,13586,15098
15047: 13803,13878
13834: 14395,14202,13281,13443,14776,15591
14964: 14553,15618,14667,15158,14280,14417
13779: 13436,14760,13170,13239,14166
14182: 13052,15349,13870,14611,13704,13955
14037: 14399,14256,13678,15731,12815,13521
14605: 12906,12973,12951,15024,13081,13977
13685: 15320,14876,15497,15399,15254,14275
14254: 14898,14836,13492,13537,15498,13233
14479: 14804,15649,14568,13889,13396,15519
14036: 14819,13159,15749,15400,15567,13402
13116: 
13650: 15503,15372,14644,15747,15770,13911,15096,14226
15310: 13235,15507,15228
13509: 
13220: 14577,13305,13917,13361,15508,14194
14167: 14404,13383,15743,14336,15620
15053: 12942,14981
13183: 14133,14445,14972,14423,14143,14451
13876: 14524,13535,12879,14984,13719,13306
13429: 12983,13040,13216,13321,14366,13303
14909: 13494
15462: 14751,13368,15539,13821,15701
12883: 13830,14528,14169,15012,14361
12989: 13619,14752,15225,14441,15106,15763
15555: 15514,13893,15395,14729,12926,13059
13375: 15711,14466,15375,14263,14638,15672
13330: 13119,12985,13745,13138,15260
14311: 14050,14491,14466,15672,15479,14132
13703: 13140,13439,14927,12961
14126: 14415,14315,13661,15775,14433,15360
15607: 14446,13275,13077,14655,13395,15080
14137: 15039,14915,14900,14230,13021,14546
14447: 12912,13185,14116,15748,14279,15472
13913: 15281,14449,13687,13657,13948
15720: 14023,14123,13136,15347,15412,14350
15679: 15023,15634,15021,15216
14814: 14691,13215,13701
15695: 15278,13686,13860,12880,14531,13585
15367: 12957,15468,13248,14952,15207,14872
14430: 14715,13234,13675,13026,14706,15615
12943: 14044,15651,13274,13621,13953,15273
13811: 15218,14230,13668,13021,13601,13272
14332: 14961,14445,13362,13510,13118,12941
13145: 12816,15643,14410,13737,13262,14816,13715
13306: 13784,14057,14497,12879,13535,13876
15207: 14507,15522,15081,14952,15367,14872
14534: 14493,14954,14984,13933,14067,14524
15409: 14001,13449,12837,14292,14347,12911
14659: 14912,13127,15558,13265,13193,13595
13937: 14663,14674,14931
15067: 13236,15455,12856,14913,12898,13327
13432: 14668,13883,15410,14454,15195,15688
14467: 15188,15359,14384,15187
13480: 14551,13282,13435,15195,14074,15688
13105: 14356,14253,15336,14725,13319,15114
15275: 13807,13568,14797,13012,13344,14055
14584: 15518,15723,13339,14706,15295,15592
15172: 12917,13153,13236,12898,13060,13345
14378: 14432
15165: 14828,14705,14363,13217,14732,13604
13689: 14637,15009,15432,13198,15556,15087
13525: 15718,12887,15801,12891
13308: 14420,13411,15420,14956,15766
14123: 13136,15720,14269,14603,15347,13122
14636: 13681,15559,15737,14494,13613,13501
14482: 15030,14396,15099,13446,15724
13532: 13808,14104,15653,13706,14191,13335
13157: 14879,15121,14092,15004,12865,14969
13335: 14679,15377,13706,14104,13532,13927
15245: 15250,14908,13632,13191,14710
15395: 15555,13893,13115,14070,13059,13256,14877
15673: 14028,14923,14185
15274: 15317,28677,13400,14646,15586,13832
15379: 13409,14174,15391,14741,14473,15481
15030: 14482,15089,14282,14548,15099
13915: 15389,14266,14048,15290,12997,13384
15197: 14606,12969,14885,14980,14994,15692
15753: 13997,14453,14821
14223: 15653,14654,13706,15642,14032,13749
13158: 15173,14370,15813,13616,14406
12929: 13973,13104,15750,15331,15227,14414
15678: 15571,13190,14516,12869
13110: 15498,13798,15581,14119,13607,13626
13100: 13439,14424
15597: 15084,13174,14939,15596,13310,13822,12896
14583: 
15680: 14993,12835,13286,13906,14409,13608
13108: 13058,14621,14198,12921,14502
12877: 12960,15263,13591,14347,15342
14600: 13486,13557,12966,15232,13016
15627: 13345,13349,15779,14560,15795,13461
14776: 15591,13025,15060,14392,13281,13834
15476: 13527,13000,15037,12964
13980: 14285,14229,14113,13038,14640,13408
15795: 14179,13533,15222,15627,15779,14560
15184: 
14490: 15429,14787,13864
15518: 15723,13339,14584,15142,14737,13121
15711: 14276,14466,13375,14765,15375,14287
13327: 14926,12898,14913,14520,13784,15067
15339: 13008,15160,15147,15134,13475,15783
15097: 13014,13556,14713,13652,12854,15335
13054: 14345,14648,12964,13600,13527
14960: 13668,13406,15579,13768,15218
13582: 15537,13907,15631,13493,15727,14020
14240: 13425,15521,13714
13082: 12936,13857,14621,14733,14930,14658
15464: 13589,13093,14003,13081,13139,13977
14539: 14513,14135,13888
15219: 13430,12895,12996,13846,14860
13783: 14419,14938
14501: 14241,14989,15326,14045,13071,14878
14208: 14249,14280,14417,13691,14388,13716
13379: 15490,14936,13289,15385,15719,15111
13365: 15048,14030,14181
14449: 13913,15281,13302
15161: 13010,13742
14156: 13090,15436,14716,14897,15421,14609
13616: 13371,13710,14370,13158,14919,14406
13037: 
14875: 
14658: 14756,14930,13058,14621,13857,13082
14946: 13471,13850,14852,14785,13003,13301
15811: 15068,13729,13542,14316,15703,13042
15694: 13666,14275,13862,14794,14727,14906
13466: 13941,28658,13903,13074,15238,14416
13592: 15684,12860,14249,14285,14589,15100
13391: 15063,14066,14655,14371,15075,14026
13639: 13421,14610,13909,13507,14251,15091
14724: 15670,12980,13518,13528,15412,13065
14180: 15090,15211,12832,15230
13404: 14169,15175,15657,14756,13089
13909: 13639,14251,14965,15091,14110,13273
13193: 15797,13500,15387,15558,14659,13595
14932: 13426,15232,13016,13405,13422
15080: 13807,13395,14811,15607,13077,13623
14400: 14073,13597,12839
13046: 13621,14509,15633,13518,13696,15651
15144: 14548,13249,13132,14538
14611: 15698,13546,13704,13870,14895,14182
14413: 13576,13006,14394,14326,15025,13978
12842: 15686,15406
13155: 15032,13303,15111,13242,15087,13289
14979: 15234,15170,12946,12843,13697
14987: 15044,14150,14115,14535,14816,15236
14362: 15706,14309,14027,15480,13759
12993: 15342,14738,14187,13182,13868
15276: 14489,14904,14293,14235
13807: 13568,13395,14811,15080,15275,13012
15182: 13674,13043,15800,15663,14689,13015
15018: 13562,15487,13580,15439,13162,14359
15218: 14230,15708,13811,15579,13668,14960
13845: 13399,13928,15036,12859,14316,15703
15775: 14428,14899,13227,14433,14415,14126
13597: 14589,15100,12858,13816,14400,12839
15008: 14476,15241,15457,14633,14084,14901
14110: 15091,13690,13909,13273,13534,12888
13322: 14819,13695,15414,12994,13402,14722
14198: 13809,12987,14502,13956,13108
14908: 15250,15245,13372,13632
14638: 13836,15672,12859,13375,14263,14990
13136: 14023,14123,15720,14269,13605,13366
13439: 13703,13140,13100,13676
12996: 13594,13846,15219,14718,13403
13903: 13466,13074,15238,12926,13059,12868
15604: 14838,14076,14996,14290,14271
13264: 15430,13885,14694,15090
15565: 15031,15233,15588,14052,13949,12914
15630: 14493,14954,15394,15776,15054,13320
13860: 14774,15065,13686,15695,15465,12880
14969: 15093,14481,13157,14879,15004,15055
15359: 13298,15188,14467
15381: 13814,15704,14458,15516
15191: 12889,13640
15189: 13711,15741,14845,14485,15338,15397
14989: 14241,14501,15326,13453,13849
13115: 15747,14761,14070,15395,15220,14877,15096,14226
15544: 14615,15690
12988: 14601,15106,13394,14175,14054,13619
14768: 12992,15764,13067,14730,15280
14270: 13219,13772,13045,13683,15761,13411
14848: 15410,14536,13055,13974,14551,15195
15212: 15563,15143,15792,15441
13433: 15461,13231,13389,14298,13734,14973
13801: 15770,14567,13035,15372,14450,15670
13954: 15227,13914,14994,15734,13810,14218
14097: 14322,14702,15105,13148,14533,14795
14591: 14477,13627,14685,14326,14434,13978
14765: 14276,15711,14421,14106,14224,14287
15570: 13796,12979,15439,14632,13434
15039: 14068,14915,14137,14546,15352
13139: 15366,13977,13154,15015,13093,15464
13246: 14383,13134,14127,14496,12963,13891
12863: 13674,13301,13315,15545,14785,15458
13294: 13813,13645,15774,14386,12947
14827: 13324,13916,14281,14369,14850,13503
13577: 14775,13961,14684,15473,13825,14553
14106: 13927,13749,14162,14224,14276,14765
15117: 13363,13051,14696
14018: 14194,14020,13907,13790,13599
15079: 13422,14564
13910: 13724,15510,14154,13844,15036,14731
15603: 15363,15113
13644: 14498,14831,15599
14981: 15053,13600
15132: 15502,14880,15662,13497,15500
13069: 15580,13802,15809,13636,14196,14164
13671: 15010,15115,15749,13173,13664,14105
14597: 14693,14975,15058,15006,14711,15802
14910: 15051,14562,13867,14029,14268,14976
12933: 13940,12832,14694
15461: 13433,12916,13899,13231,14258,14973
15595: 14574,14090,14086,13291,13290,13693
14890: 15684,12918,14669,13128,14503,13357
13721: 
14181: 15113,13669,14030,13365
13001: 13262,14781,15240,13625,14968,13715,15017
13805: 13232,15052
14576: 15806,15722,13573,15002,15231
13424: 14073,13028,14093,14077,14128
13326: 13413,13331,13544
13090: 15436,14184,14156,15122,13454,15421
15505: 13761,14733,13934,14751,13815,12885
14779: 15141,13200,15662,15499,15314,14618
13074: 13941,13903,13466,15413,14869,12926
15447: 15419,14726,15371,15003,14322,14702
13367: 
15181: 13995,13464
14970: 12965
15672: 14638,13836,14466,13375,14311,15479
15495: 15567,13402,28675,15772,12905,14722
13696: 15072,13065,13518,13046,15651,13460
15408: 14314,13102,13849
13787: 15060,14392,13551,13624,14933,15714
13242: 13303,13155,15087,15556,15124,13216
15660: 
15496: 13762,15027,13314,15638
13667: 13586,14805,13472
14709: 13975,13309,14512,13565,15641
14200: 13950,13812,14573,15467,13437,13610
13333: 13218,15497,15758,13066,15760,14876
12909: 15397,14569,13344,13649,13481,14221
14873: 12902,13996,12978,14511,15531,14225
12908: 14021,15645,12958,14758,13964,13343
14230: 15218,15708,13811,14900,14137,13021
13712: 14031,14314,13718
14914: 15746,15445,13240,13360,13655
14266: 15389,13915,13384,14682,13268,14131
13539: 14545,14883,14209,13512,13524,15765
14259: 14148,13817
14299: 14716,15702,14561,13022,15436,15789
15019: 15706,14309
13622: 14846,15540,15006,12820,15802,13031
15229: 13237,15386,15268,14769,14343,14599
14911: 15023,14947,14130,14170,13351
15487: 15018,13580,13724,14154,13796,15439
14995: 13208,14913,13263,13207,14021,15455
12951: 14605,12906,13452,13631,15366,13977
14701: 13086
15613: 13479,14708,13944,15177,13498,15137
15285: 12927,13516,13017,14487,14774,14736
14704: 12814,13872,14239,15649,14568,12986
13859: 15199,15114,14356,13426,15232,12876
13904: 13741,15120,13504,15223,13134,14277
15738: 15792,14757,14334,14677
14431: 14356,14253,15583,12876,15521
14066: 15063,13391,14655,14446
15064: 15488,12901,13912
14070: 15747,13115,14761,14120,13893,15395,14877
14521: 15303,15140,15041,13797,14085,13656
15783: 14134,15343,15033,15339,15147,13475,14764
15171: 14403,13960,13967,15280,12992,14985
15522: 14507,14061,15207,14872,14944,14730
15521: 14240,14431,14620,14851
13828: 13906,13230,14344,14456,14916,13286
15173: 13469,14700,15813,13158
14204: 14538,14943,14401,14841
13524: 12995,13539,13512,14049,14530,15765
14735: 13819,14623,14342,14514,13453,14241
13680: 14662,14942,14354,14832,13587,13445
13736: 15503,14644,15096,15654,13737,15643,15270
13201: 15777,12976,15141,13200,15502,14385
13593: 12836,15543,15159,15698,13546,14041
14856: 13161,14328,13053,14780
14536: 13182,15410,14848,13868,13310,13055
13762: 15496,13759
13549: 13705,13314,15752,13897,15638
15062: 14959,13707,13318
12818: 15529,15557,15744,13338,14925,15652
13323: 14459
15162: 12886,13316,14556,13151,13114,14250
14120: 15465,14761,14070,14732,13604,13893
13673: 12816,15270,12948,14509,15633,14535
13649: 12864,15283,13481,15338,15397,12909
14783: 14313,15752,15224,14824,14882
15577: 14626,14247,14749,13786
13162: 13694,15417,15194,14359,13562,15018
15302: 14595,13727,14688,13966,14634,15402
13606: 14145,14193,14304,13106,15466
15450: 15150,14681,14684,15389,13268,15618
14958: 14715,13234,13658,14566
15346: 15575,15198,14945,15364,15708
15083: 13393,13085,13409,15391,15622,12882
14862: 13519,15648,14865,15152,14866,14064
14128: 14077,13424,14093
13337: 13022,14893,14111,13284,14953,14122
12947: 13342,13294,13645,14386,12826,14854
15734: 13954,15227,15810,14218,13756,15331
14427: 13856,15594,15020,14728,15404,14555
15457: 14476,15008,13328,14788,12897,14084
13122: 13177,15347,14912,15057,14603,14123
14789: 15108,13332,14172,14829
13192: 14015,13073,15102,15058,12940,15112
15378: 13993,14616
13502: 13079
14654: 15653,14223,15438,14380,13799,15642
12815: 13957,13939,13678,15776,14037,13521
14355: 14540,13795,15418,15605,15538
14241: 14501,14989,14735,14342,14045,13453
13343: 14963,13964,13750,12908,15645,13087
15704: 13814,15381,14233
13670: 13853,15666,15365,15286
14154: 13910,13724,13505,14731,15487,13580
15452: 14830,14083,13520,15636,15767
15262: 13070
15304: 14547,15164,14038
15546: 13386,13036,13554
15113: 14181,15603,15675,13791
13112: 14829,13397,15052,15108,12968
15186: 14886
14579: 13273,13534,15758,15247,14929,13066
15206: 14786,14754,13599,14974,13790
13137: 13968,12959,15807,12925,13970,15665
14302: 14542,15249,15180,14593,14545,14209
14972: 14961,14445,15221,13183,14451
12862: 14641,13076,15639,14777,14091,12847
15111: 15032,13155,13379,13289,15719,14966
13021: 15311,13601,14546,14230,13811,14137
13951: 13895,15174,15543,13167,14895,13546
14697: 15485,15437,15203,13513,13347,13385
13983: 13350,15631,13920,15167,13505,14236
15240: 13001,14781,13503,15180,14593,15017
15642: 13931,12826,15438,14223,14654,14032
15674: 13728,13564
13350: 13983,15631,13493,13505,13562,13580
13722: 15398,13624,14398,13693,13555,13551
14468: 13225,13020,15130,15121,15289,12865
12874: 14067,13390,15444,15148,13938,14710
14625: 14965,15682,13006,15298,14219,14251
14082: 12857,13178
12844: 14565,14869,13312,14729,15413
14481: 15093,14969,13148,15055,15003,14702
15588: 13609,15279,13000,15031,15565,12914
13849: 13102,13453,14989,14314,15408
12922: 15200,13638,13740,12984,13753,15713
13214: 15671,14983,15341,13118,14672
14475: 14797,15075,14026,13012,13210,14441
13856: 15594,14427,15123,14555
15423: 15166,13949,15224,12821,14882
13943: 12840,14035,13647,15614,14580,13936
14043: 12873,15361,14255,13467,13389,13734
14868: 14640,13028,13408,15388,14469
13453: 13102,14514,13849,14735,14241,14989
15479: 14257,13410,14132,14311,13836,15672
13832: 15586,15782,15274,14646,13438,14382
15217: 12931,14902,12872,13369,13567
15702: 14299,14561,14887,13022,14893,13958
13933: 12825,14984,13474,14067,13390,14534
14225: 15215,14436,15551,12978,13996,14873
14067: 12874,13390,15444,13933,14493,14534
15273: 15494,15082,12943,13274,13863,13953
15054: 13982,13320,13456,15630,15776,13957
13006: 13576,14413,15298,15025,14219,14625
14550: 14222,13449,15697,14668,14796,13569
15748: 12912,14447,14896,13875,13467,15472
14320: 15333,15449,13011,15451,15677,12838
15174: 13895,13951,15427,14588,13167,13197
15131: 13470,13800,14653,12830,15415,14232
15306: 14102,15691,14134,15033,15071,14849
15279: 13609,15588,13000,13733,15308,15037
14675: 15652,13092,14728,15557,14942,14832
14109: 13950,13812,15622,13172,14628,14174
14619: 14429,15740,14921,14700
14608: 15729,14242,15319,14191,13808,14210
12967: 13132,14272,13455,15610,15541,14663
14317: 14346,13672,15515
14699: 15043,14755,13841,14013,13854
13026: 13675,13530,15110,14706,15295,14430
15665: 13826,13137,15807,15424,13970
14567: 15770,14531,13585,13801,13035,15584
13216: 13429,13040,15124,13303,13242,13023
13890: 15655,13837,14650,13002,13963,12969
14486: 14897,13770,12952,14716,12946,12843
14280: 14208,14249,14417,14964,14667,12860
15282: 13633,14894,15288,14940,13062
15105: 14322,14097,14533,15523,14585,14438
14750: 14860,14718,13287,13629,14978
15812: 14997,13816,13005,15321,14988
13840: 15369,15804,15066,13966,13029
12945: 13423,15601,15243,13999,13677
14986: 12935,13932,15731,14399,14780
14858: 15257,12962,15598,13804,15527,15239
13252: 13317,14664,14613,14206,14024,14519
15798: 14368,14934,14166,14393
15751: 13741,15120,15323,14998,13574,15422
13097: 15086,14473,13172,15296,13838,15139
13008: 15339,15160,15147,13388,13699,14262
13628: 13991,13956,15328,14424,13998
15272: 14837,14072,14288
13996: 13923,12902,14873,14436,14225,13777
14192: 13842,13494,13253
13692: 13884,14013,15297,15107,14834,14833
15187: 14467
14994: 13954,13914,13810,14980,15197,15692
14342: 13818,13048,14045,14735,14623,14241
14822: 13027,14802,15046,14806,14068,15573
13529: 15548,15587,14377,14339
15421: 13414,14609,13090,14156,15122,15068
13756: 14843,15810,15734,12974,13698,15331
12887: 15718,13525,12907,13888,15271
13714: 14240
14950: 12825,13719,14532,13936,12840,13280
13382: 13912,14670,12901,14855,15513
13043: 15182,13674,13315,13015,15384,15490
13804: 13850,13488,15598,14552,14858,15239
12900: 15568,12892,13278,14376,13093,14003
15134: 15091,13690,13475,13507,15339,15160
14878: 13615,13071,14045,15696,15761,14501
14678: 12876,14851,13426,13405
14805: 14151,15368,15016,13667
13751: 13261,15578,13873,14974,14786,14712
15138: 15669,13431
13634: 13665,13202,13866,15723,13121,13508
14341: 13038,13620,13056,13295,14388,13716,14229
13371: 14526,13616,14370,13221,14214
13715: 14968,14816,15236,13145,13001,13262
14947: 15023,15634,14911,13514,14130
14973: 13734,12930,13875,15461,13433,12916
13399: 13845,13928,15036,15193,15589,15510
14869: 14565,14729,12844,12926,13074,15413
12949: 13129,15355,13203,14072,14892
13788: 14741,14273,14361,14528,14665
14197: 15401,15266,14122,13284,15549,15612
13999: 13423,12945,15624,13731
15180: 15249,15024,14593,14302,15017,15240
14562: 15051,14232,14910,15736,13867,15434
15561: 14074,15693,14470,13123,13442,13049
15044: 15396,13863,13953,14987,14150,14115
13423: 12945,14159,13999
14000: 13835,14353,13559,13635,13241
13893: 15514,15555,13604,15395,14761,14120,14070
14745: 13992,14470,13123,14645,13894,14407
15739: 13755,14963,13750,14242,14210,15433
15559: 13681,14636,15737,15152,14859,15157
13770: 14897,14486,14069,14422,12843
14144: 15619,14186,12913,13776,12819,15252
14184: 13090,15436,15789,15401,15728,13454
12944: 
14669: 15684,14890,13357,14771,14589,12858
13603: 14112,15632,13786,12983,13040,14626
13881: 15661,14892
14524: 13083,13535,13876,14984,14954,14534
13052: 13007,15349,14182,15736,13955,15434
14628: 13143,14522,15374,13172,14109,13812
13660: 13965
14993: 13732,15680,12835,12849,13286,13018
12885: 13815,15787,14751,15701,15446,15505
13114: 12899,13418,13781,12886,15162,13151
12888: 13534,13690,14110,13959,13747
13049: 15797,15109,13442,15561,13123,12841
13661: 14898,14836,14689,14433,15360,14126
14042: 15403,14300,14296
14859: 12990,13823,15157,15559,15152,13519
15449: 14320,15333,12838,14740,14435,14237
15001: 15596,14737,13121,13822,14739,13202
15320: 13747,14876,13685,13700,13959,15254
13279: 15293,15799,15512,13298
15746: 15027,14914,14734,15445,15469,12975
13506: 15744,13338,13688,14327,13992,14645
13647: 14590,15614,14329,14580,13943
15020: 15287,14925,15594,14427,15652,14728
13120: 15668,14088
14105: 13598,15400,14844,13664,13671,15749
12937: 14671
13771: 12977,14577,14321,13462,14853,14291
13280: 13272,13297,12879,14532,13719,14950
13036: 14058,13554,15546,13987,14136
13605: 15177,13366,14269,15340,13479,13136
14315: 15040,14415,14126,15664,15088,15360
14160: 13014,13556,14262,15112,15202,14793
14904: 14212,15276,13378,15277,14058
13053: 14856,13161
14094: 14384
12923: 14012
13803: 15047,14614,14284,14949
13374: 13256,12868,12831,14357,13457,14801
14017: 13902,13538,13485,14379
13799: 12954,14380,15319,15653,14654,14191
13536: 12851,13130,15743,14336,14478
13688: 13506,15744,15116,14327,14190,14747
13676: 13809,13140,13439,12987
13270: 13896,14227,13487,15179,15486,14642
15663: 12950,15800,14852,15182,13674,13301
14603: 14269,13595,15535,14912,13122,14123
13290: 13291,15762,12957,13094,14086,15595
14942: 13680,14662,13292,14832,14675,13092
15303: 14521,15140,13181,13797,14147,14631
14790: 14643,14676,12866,14578,15609,15345
15358: 13495,13970,15308,13571,15755
15175: 14169,13404,14474,15332
15752: 14313,14783,14959,13705,13549,13897
13516: 13171,12927,15285,15608,15200,14487
12845: 13129,15355,15043,14755,13430,13846
13730: 
14368: 15798,14934,14166,15026,13239
14081: 14040
14924: 15418,15605,14008,15550,14918
13865: 14660,14185,12903,14923,14555
14673: 15541,12890,15246,14076,14271
13988: 15705,14170,13113,13490
14796: 14668,13883,14550,13412,13569,15129
13377: 13563
13731: 14607,13999
14588: 15427,15174,13614,14234,13952,13197
14913: 13208,14995,14520,15455,15067,13327
13358: 14420
14737: 15596,13121,15001,14408,15518,15142
14339: 13766,15572,14377,13529,13235
13172: 13097,14473,15296,13143,14628,14174,14109
13626: 13227,14433,15498,13110,14119,14898
15643: 12816,15270,13145,15654,13736,14410,13737
14665: 15481,15246,14076,14528,13788,14199
14205: 14937,14060,14455,15095,13125
14954: 15630,14493,14534,13083,14524,13320
13384: 13047,12997,14266,13915,15511,14131
13092: 14675,14728,13583,15404,14942,13292
12891: 15192,13525,15801,15357
14065: 
15501: 14826,13905,15620,14100,14243
14356: 13105,14431,14253,15114,13859,12876
13418: 15554,12899,14773,13114,13781,12999
15112: 12940,15202,14160,13556,14015,13192
15549: 13109,15466,15612,14304,13284,14197
12893: 13738,13463,14680,13288,15133
13077: 13275,15607,15080,15110,14325,13623
12850: 14647
13979: 14360
15227: 13954,14414,13914,15734,12929,15331
14260: 14923,15528
13946: 15345,13271,15558,13265,14744,15609
15124: 15119,15556,13242,14698,13023,13216
15531: 14985,14511,14403,12902,14873,14439
15683: 15572,13659,14630,13056,13295,14377
14044: 12943,15651,13460,14933,15714,13274
13958: 15562,14887,13098,15702
15000: 15616,15133,13288,13797,15041,15046
13023: 14698,14749,13786,15124,13040,13216
15572: 13766,14339,15683,14630,14033
14211: 13499,14079,12867
13829: 15260,13119,14172
15690: 15544
14010: 15562,15685,12952
14682: 14215,13268,14131,13746,15158,14266
12983: 13429,13040,14366,13603,14112,14505
15345: 13946,13271,14790,12866,13282,15609
15657: 14502,13581,13991,13058,13404,14756
15009: 13689,14340,14637,13198
13088: 14679,14104,13381,14541,13164,14557
14092: 13157,14879,15121,14041,15698,13704
13574: 13598,14238,14844,14998,15751,15422
13504: 15120,13904,13410,15251,13091,15223
13883: 14668,13432,14796,15129,15688,15693
12872: 15217,14902,15192,14212,14489
15507: 15310,13235,14163,14920,14459
14335: 15028
13153: 12917,14723,15172,13345,13349,13858
15215: 14225,15551,13304,15757,12978,12848
14937: 14205,15533
14792: 14051,14996,15407,14838
15087: 13155,13242,13689,13289,15432,15556
15586: 14599,13364,15782,13832,15274,13400
14319: 13757,12841,14692,14407,15269,15259
13564: 15674
14151: 14805,15368
13608: 14409,13607,13072,14500,13906,15680
13723: 14416,15034,13124,14103,15520,15491,28658
15298: 13576,13006,14843,15682,14625,12974
15722: 14576,15806,15155,15231,14034,13962
14313: 14783,15752,14882,14734,13705
14088: 13346,13120
14906: 13484,14727,15694,13862,15710,15411
14087: 13847,14720,13257,13758,13131,13818
13576: 13006,14413,15298,14394,14843,14095
13750: 15739,14963,13343,15621,15433,13087
13831: 13902,15126,15034,15491,14992,13324
15362: 14112,15632,13794,13847,14720,15700
13517: 13401,14563,13851,13612,13839,14955
14104: 13808,13532,13381,14679,13335,13088
15632: 13603,15362,14112,14626,14425,14720
13984: 15785,15676,13078,14529,13583,13292
13707: 14959,15062,13527,14767,13318
14961: 14445,14972,15221,14332,12941,14429
13292: 14662,14942,13092,13583,13984,13078
15159: 13168,13020,13617,13593,12836,14041
15230: 14203,12832,14180,13019,14063
14955: 15617,13517,13851,14292,13839
14617: 14288,13203,13370,13884,15297
13772: 13247,14270,13031,14846,13869,13683
14907: 15084,13174,12864,13481,13591,14187
14078: 12814,13872,13923,15209,13352,15564
15439: 13796,12979,15570,15487,15018,14359
14055: 14221,14408,14939,13344,13568,15275
14333: 12919,14830,15600
14880: 15502,13482,15132,13497,13397,14019
15031: 15692,15233,15565,14885,13609,15588
14966: 12854,15335,14596,15719,15032,15111
13757: 12841,14319,14692,15109,15351,13879
14153: 13994,14051,14996,12965
15563: 15212,13969,15441,13309
13940: 12933,13019,13584
14516: 13921,13354,15678
15616: 14806,15000,14096,15133,15611,15046
15724: 12889,14482,14396,13446
14640: 13408,14868,13038,13980,15548
15225: 12989,15106,14464,13251,15741,15763
15327: 15334,14297,15602,13877
14239: 13269,15542,15552,13872,14704,12986
15655: 13837,13890,13733,13963,13495,15308
13341: 13851,14999,15143
13234: 14715,14430,14958,15713,15615,14566
15232: 14932,13426,13016,12966,15199,13859,14600
12980: 14724,15670,13518,14450,12948,14509
14754: 15206,14786,13599,15059,14630,14033
15425: 14296
15349: 13052,13007,14182,13704,14879,15093
14657: 14284,15253
15393: 14861
15647: 13452,15431,14349,15396,14150,12906
14358: 14492,14519,12875,13030,14463,15146
15125: 12846,14962,13141,12853
15541: 12890,14673,15610,12967
12851: 13536,15313,15743
15410: 13182,14536,14848,14454,13432,15195
13150: 14064,15796,14866,13745,12985
15387: 15797,13442,13193,13435,13271,15558
13349: 13345,15627,13153,13461,13695,13858
13450: 13819,14623,13758,14375
13620: 13056,14341,13462,14291,14388
13610: 14602,14200,15467,15085,13437,13179
15316: 14286,14006,15523,14585,13810,14218
15013: 13131,14375,14425,14247
14171: 14165,14624,14117,13388,13142,15715
15324: 14279,12817,15330,14016,14763,13188
14863: 13687,15344,13886,13835
15130: 15564,13777,14839,13225,14468,15289
14096: 15616,14806,15611,14303,14915
13048: 13818,14342,14045,14125,13257,15696
14306: 13334,15600,13359,14188
15243: 14159,14660,14185,13579,12945,15601
13800: 14791,13470,15131,15768,14743,14653
13452: 15431,15647,13848,13631,14349,12906,12951
14376: 14857,14003,13293,13648,15568,12900
15649: 14804,14479,14568,14704,14523,12986
15592: 13508,12984,15615,15723,14584,14706
14290: 14271,15610,15604,14996,14674
14327: 15641,15116,14840,14645,13506,13688
13041: 15780
13638: 15608,15200,12922,13767,13740,14572
14452: 12892,15416,13278,13415,14500,15581
13651: 13156,14307,14295,15203,14688,15066
13615: 13071,15420,14878,15484,15761,13411
13247: 13219,13772,14635,13869,13557
15005: 15101,13643,12905,13919,14722,15414
14882: 13360,12821,15423,14313,14783
13064: 13277,15658,13654,14525,14127,14277
14575: 13545,12904,13878
12924: 13222,14246,14278,15470
14135: 13892,13888,14539,13646
15624: 14510,13677,15341,13999
13895: 13951,15427,15174,14604,14216,15543
13792: 12824,13448,15446,15787,15317,14594
13691: 14853,14291,14388,13746,14208,14417
12866: 14551,13282,14643,13974,14790,15345
14387: 15637,13369,12894,13774,15294
13462: 14321,13771,14291,13659,13620,13056
14048: 15389,13915,12899,15290,13151,15150
13645: 13294,13813,15606,14193,12947,13342
15747: 13115,15465,14761,12880,14070,13911,14226,13650
14664: 13531,13317,13252,14492,14519,14294
14159: 14028,15243,13086,13423
13949: 15166,15423,14052,15565,15224,12914
13508: 12984,15592,13753,15723,13866,13634
15331: 12929,15750,13756,15227,15734,13698
15703: 15811,13542,14316,14990,12859,13845
14052: 15166,13949,14414,15233,15565,13973
14717: 14753,14499,15802,15700,13031,14693
12972: 13701,15807,15424
13919: 15101,13643,15005,12912,13185,13679
14967: 14988,15183,15176
13686: 14308,15278,15695,14736,13860,14774,15065
13265: 13946,15558,14744,14719,14659,13127
13748: 13060,13972,14231,12917,13899,14258
15580: 13069,13648,13802,13636,13166,15568
13093: 14003,15464,13139,15015,13278,12900
12971: 13099,15136,15204,15456
14173: 14919,14406,14289,14691
13013: 14190,13975,14498,15145,15116
13971: 13302,14183
13185: 12912,14447,14116,13919,13679,14267
13567: 13061,15217,13369,12894
13927: 14106,13749,14162,13706,15377,13335
15756: 15014
15289: 15716,13396,12865,14468,15130,14839
12985: 13119,13441,13330,13745,15796,13150
15628: 14246,13672,14220,15049,14346
13746: 14215,14682,15158,14853,13691,14417
13955: 14791,13470,15736,13870,13052,14182
15715: 13142,13833,14171,13388,13699,14713
12834: 12935,12915,14683,13191
13217: 14487,14774,15065,14732,15165,14363
15033: 14134,15343,15783,15071,14764,15306
14422: 15288,12843,13770,14069,13985
12895: 13430,15219,15337,15806,15155,14860
14451: 14143,14818,13183,14972,15221,13380
12977: 14577,13771,15508,14364,14215,14853
15209: 14423,14439,13352,13923,12902,14078
13991: 14502,13581,13956,15657,13628
15648: 13519,14862,15451,14064,13011,13602
14540: 14355,15767,13334,13359,15538,14760
13095: 14286,14006,14976,13553,14394,14095
14113: 14285,13980,15100,13408,14073
12946: 14486,14979,12843
14453: 15575,14821,15753,13997,14442
14720: 13847,14087,14425,15362,15632,13131
13643: 15005,13919,15414,13926,14896,12912
13609: 15279,15588,14885,13837,13733,15031
14324: 15021,15322,12827
14349: 14968,15236,14150,12906,12973,13452,15647
15474: 14011,14374
15477: 12981,13708,13434,12979,14404
14014: 15143,15792
14308: 14719,15278,13686,14736,13407,14744
15512: 13298,15582,15799,13279
15723: 15518,14584,13121,13508,15592,13634
15453: 12954,14380,15773,14323,14412
15729: 14242,14608,13656,15140,13189,15319
13665: 13202,13866,13634,15214,13184,13935
13545: 14575,15759,12904
14971: 13062,13434,14483,14940,14632
15204: 13196,12971,13420,14053,15456
14903: 
14741: 14273,13788,15086,14473,15481,15379
15658: 13277,13769,13064,13654,15554,14773
13914: 13954,15227,14414,14994,15692,15233
15341: 15624,14510,14607,14672,13214
13963: 13002,12897,12959,15312,15655,13890,13495
15543: 13593,14216,12836,13895,13951,13546
15157: 14859,12990,13681,15559,12873,14255