9266: 9718,9877,9348,9280,9602,9523
9886: 8737,9836,8479,9694,9702,9832
6467: 6371
3: 23,51,87,53
9378: 9640,9277,9292,9237,9545,9456
5: 
4797: 4697
6185: 6283,6282
8579: 8369,8770,8513,8710,8709
7029: 7119
10: 9851,31,60
8276: 8199,7965,8046,8201,8274,8490
8460: 8387,8597,8005,8084,8389,8730
10012: 9880,10031,9714,10009
7073: 6982,6983,7164
9562: 9503,5343,9429,5338,5341,5333,9249
16: 9850,141
6262: 6358,6359,6164,6165
18: 
19: 
8158: 7999,8236,8526,8234,8727
10011: 3639,9932,10036,3540,9891
22: 23,51,50
23: 3,51,22
5930: 5929,6028,5829,5632,5633,5931
9962: 372,754,9663,9946,10026,9879
5277: 5278,5177,5176
27: 56
7702: 7948,7949,7865,7787
6147: 6148,6051,6244,6437,6246,6248
30: 31,60
31: 30,10,9851,60
7801: 7719,7548,7877,7962
33: 62,95,133
34: 135,178
7009: 7010,6916,7008,7103,7102,7099
9294: 9454,9523,9703,10025,9503,9480
37: 9322,502,9403,181,100,980
4306: 4305,4307
39: 40
40: 39
6085: 6084,6086
42: 68,9732
7085: 6534,6248,9377,6628,6246,9362
5740: 5640,5641
9265: 6336,6139,9305,6140,5948,9306
46: 9547,81,9275
8878: 9079,8701,8636,8820,8984,9120
6884: 6978,6695,6598,7160,7070
7345: 7075,7431,7344,7080
50: 51,22
51: 3,23,22,50,87
7148: 7238,7237,7057
53: 87,123,3,126
9645: 9717,9709,9335,9813,1995
8540: 8338,8406
56: 27
57: 91
8960: 8861,8743
9001: 9091,9092,9170,9049
60: 30,31,10
9945: 77,9826
62: 33,133,134,135
9914: 9847,10016,9685,9341,9896,9906
64: 275,224
7796: 7631,7713,7954,7876,7548,7877
66: 386,387,334,446
8150: 7911,8227,8225,7909
68: 9732,42,9850
9855: 6712
6593: 6688
5893: 5894,5793
5611: 5512,5710
73: 339,336,283,9791,390
8144: 8065,8066,8219,8145,8221,8143
8175: 9842,9683,8097
4677: 
77: 9826,9945,115
7178: 
79: 309,206,118
6658: 
81: 46
5286: 5387,5186,5185,5285,5287
9765: 1576,9677
4637: 4838,4839,4638
8120: 8119,8616,8121,8042,9625,8343
6244: 6337,6437,6242,6436,6051,6147
87: 123,53,3,51
7207: 7117,7118,7208,7296
6403: 6307,6499
8523: 8453,8591,8589,8452,8590,8658
91: 57
9922: 9897,9921,9955,9876,9814
93: 133,175
9617: 8661,8593,8591,9448,9938,9334,8592
95: 33
9880: 10031,10012,7434,9977,7608,10009
6741: 6835,6647
9787: 9854,9691,9892,9438,9800
99: 275,382
100: 1373,980,37,181,1133,1057
9738: 9846,9835,9754,8695
7979: 8363,8061,7899,7818,8138,8058
4459: 4561,4559,4259,4458
5490: 5390,5590
6100: 6198,6003
7162: 6699,6979,6978,6886,7161
8587: 8776,8835,8716,8654,8656,8655
7175: 7352,7526,7353,7439
9788: 9940,10002,9321
7373: 7460,7630,7953,7375
6703: 6418,6799,6425,6894,6607
7902: 7903,8291,8292,7821,7901,8061
5400: 5300,5299,5499
6576: 6480,6575,6671,6672
115: 77,116
116: 115
4720: 4719,4823,4725,4621
118: 307,309,79
4565: 4566,4667
8792: 8729,9359,9544,8790,8597
121: 262,9598,168
9609: 9572,1841,9579
123: 87,53,126,167
5422: 5322,5421
9878: 9925,9500,9972,9255
126: 123,53,167
127: 262,168,208
5195: 
9964: 6628,9872,9776,9873,6432
6437: 6244,6337,6147,6246,9872
131: 220,323,219
6021: 5922,5920,6118,6022
133: 93,33,62,134,175
134: 176,175,133,62,135,178
135: 34,178,62,134
5211: 5110,5312
4343: 4146,4045,4141,4240,4347
9467: 9477,9290,8357,9478,8565
9974: 446,9837,9869,9487
8946: 8999,8947,9091,9092
141: 16
4882: 4883
6370: 6371
5720: 5819,5620,5621,5818
6461: 6556,6462
146: 147,189,234
147: 146,189
7219: 7130,7220
149: 
150: 
6462: 6461
9407: 8970,8919,9444,9019,9661,9140
8882: 8938,8990,8989,8705,8767,9037,8824
4660: 4661,4658,5062
155: 251,156,157,10037,9803,9496
156: 251,155,157,541,417,811
157: 155,156,9803,9446,418,541
9644: 9896,6038,9911,9341
159: 
9097: 9692,9750,9098,9005,9336,9052
6712: 6711,9855,6617
9957: 10038,3434,9713,9990,10041,3335
163: 208,9275,262
7850: 7769,7601,7767,7936
6003: 5904,6004,6100
4529: 4630,9633,4526,9392,4525,4527
167: 123,126
168: 121,127
6248: 7085,6534,6148,6147,6246,6439
4455: 4458,4453,4553,4559,4555,4457
9485: 9796,9759,9697
9324: 9428,9566,9473,9527,9464,9431
6007: 6105
8521: 8589,8654,8452,8378,8451,8450
175: 176,134,93,133
176: 134,175,178,323
9413: 9484,9733,9312,9376,9426
178: 135,34,176,134,323
9523: 9454,9602,9294,9266,9348,9703
7217: 7128,7127
181: 9502,37,9403,100,1057
5084: 5185
8018: 7855,7937
6068: 6165,5970,6067
185: 228,232
9581: 9881,9653,8801,9492,8619
187: 283,285
9259: 839,9553,9366,910,9430
189: 237,146,147,234,191
9027: 8874,9112
191: 237,189,234
8799: 9688,8481,8679,8480
9299: 7858,9274,9253,7252,9639,9636
7007: 7532,9550,7098,7095,6916,7008
9433: 9502,9313,9330,9506,834,564
8380: 8307,8382,8306,8451,8452,8453
7220: 7130,7219,7309
4579: 4478,4479,4580
6067: 6164,5970,6068,6165
9232: 9987,9211
9650: 9805,9773,9647,9920,9943,9839
8450: 8449,8716,8378,8521,8654
9669: 9747,9361,9874,9737,1583
7262: 6724,6820,6629,6631,9543,9308
6065: 6163,6162,5968,5966
206: 362,309,79,365
5451: 5752,5249,5250,5452,6238
208: 316,163,262,127
8462: 8165,8599,8391,9963
9870: 9693,9947,9994,9838
5846: 9680,5648,5942,5746
5618: 
6071: 6072
10000: 9797,9462,9689,9422,9994,9838
7080: 7344,7520,7345
8005: 7759,7761,8084,8460,8387
217: 10026,430,9326,9273,319
9941: 9901,9658,10035,9992,9792,9873
219: 131,220,269,434
220: 131,324,323,379,219,434
9569: 4132,4336,9328,9262,9734
5167: 5266,5267
7901: 7737,7821,7819,7818,8061,7902
224: 498,64,275
6172: 6270
9656: 412,9728,473,9769
9681: 9739,9828,9984,9844
228: 232,185
6375: 6376
6617: 6712,6711
9716: 9864,9381,8681,9995,9653
232: 228,185
233: 9272,450,289,700,394
234: 338,146,189,191
9677: 1493,1578,9765,1663
5329: 5327,5129,5234,5331,5230
237: 189,191
238: 338,288
7130: 7039,7219,7220
240: 344,291
9965: 10023,9671
9667: 9561,10019,9848,9603,9301,9884
243: 
9593: 9252,9622,9588,9379,9915
245: 
246: 
247: 301
9570: 9330,9370,9900,9506,630
5312: 5313,5413,5211
7145: 7234,7055
251: 155,156,9496,9642,811,672
5150: 4845,5047,4949,5051,5148,5151
7393: 7394
9830: 9719,9270,9276,9956,9674
7692: 7344,7520,7521
5937: 6037,6128,6130
5251: 5252,5145,9350,5353,5253,5352
7560: 7811,7646,7386,7475
7939: 
7899: 7735,7818,8056,8058,7979
7170: 7169,7259,7348
262: 121,9275,9598,208,163,127
10006: 9776,9792,9975,9817
5037: 5141,5142,5036,4934,5032,5031
8368: 8644,8440,8219,8221,8707,8769
5224: 5123,5124,5125,5225
7974: 7811,7646,8054,8356,8357,8208
8304: 8376,8228,8152,8230,8378
269: 376,219,434,433
7721: 7638,7804,7885,7719
5856: 5662,5663,5951,5953,5957,5761
5710: 5611,5709
7631: 7462,7796,7713,7375,7464,7548
274: 324,379
275: 99,64,498,224,438
5460: 5755,5657
277: 566,565
278: 387,333
8292: 7903,8291,7902,8142,8766,8365
7836: 7669,8080,7670,7587,7837
4405: 4305
9177: 9065,9145
283: 187,288,336,73
7777: 7268,7176,7528
285: 338,187
9909: 9404,9755,5250,9968,9549,5249
4379: 4278,4479
288: 283,238,336
289: 449,9883,233,9969,394
290: 
291: 344,240
4663: 4661,4561,4664
6956: 
294: 403
9979: 9911,9668,9726,9666,9401
5965: 6062,6063,5868,5966
8417: 8485,8620,8685,8346,8806,8555
7884: 8121,8044,8042,7719,7885
299: 408,411
5715: 5813,5714
301: 247
8976: 8813,8869,9063
10029: 9795,9740
7772: 7602,7775
9755: 9404,9909,10018,9985,9632,9549
4702: 4802
307: 118,309
9772: 9620,9332,3536,9424
309: 362,206,79,118,307
6339: 6338,6144,6242,6436,9490
9585: 9913,9333,2460,9319
312: 9383,370,368,9907,487,374
6934: 7026
9500: 9399,9819,9972,9878,9382,9255
9733: 9413,9484,9312,9928,10024,9951
316: 208,426
9888: 9931,9682,9949
318: 750,371,366
319: 686,619,9273,491,430,217
7344: 7692,7520,7080,7345,7521,7431
10025: 9703,9711,9294,9480,9678
7929: 7248,7340,7765,8170
323: 131,324,220,176,178
324: 220,323,379,274
8609: 8734
326: 
8779: 8841,8835,8655,8837,8838
9714: 10031,10012,9768,9753
329: 1132,1211,9611,9322,502,9445
5505: 5604,5504
9873: 9776,9792,9658,9941,9872,9964
7079: 7258,7169
333: 278,387,334
334: 387,333,66,446
9327: 1582,9579,9572,9630,9542,1497
336: 339,73,288,283
4645: 4644,4643,4853,4747,4954,4642
338: 285,234,238
339: 336,73
4826: 4929,4823,4725,4825,4927
341: 9430,1060,704,840,1137
4504: 4605
343: 455,397
344: 291,240
4258: 4259,4260,4157,4156
346: 519,648,650,647
9926: 9919,9930,10043,9767,9854,9889
9826: 77,9945
4298: 4399,4197
9912: 9744,9621,9418
7733: 8056,7649,7650,8209,8134
10024: 9928,9729,9472,9951,9733
7618: 7190,7276,7275,7452,7617,7540
9316: 9557,10002,9940,9470,848
7831: 7832,7913,7993
9697: 9913,9796,9485,9304,9679
8137: 8138,8211,8430,8213,8431
358: 808,9760,9707,670
359: 1187,1108,9427,740,1110
360: 675,418,9338,480,9446,609
4486: 4485,4385
362: 309,206,420
7876: 8033,7956,7954,7796,7880,7877
5983: 
365: 206,420,544
366: 371,424,9626,614,9369,318
6849: 6848
368: 9907,10040,312,424,9626,487
4365: 4364
370: 426,9793,9907,312
371: 424,366,318
372: 754,9962,9663,897,684
9701: 5837,9849,9648
374: 487,312,9383,9326
9748: 944,9819,9972
376: 269,9933,433,431,492
9499: 7275,9354,9550,7098,9402
9584: 9563,9444,8811,9497,9660,9368
379: 324,220,274,434,437
9476: 9325,9398,9244,2584,9261
5204: 5104,5304
382: 499,99,561
383: 762,501,9439,9676,902,694
384: 631,565,838,9900,630
385: 444,505
386: 66,447,444
387: 278,333,334,66
9608: 9364,2392,9619,9325,9463
8654: 8589,8521,8450,8716,8587,8656
390: 9791,9345,73,449
6205: 6303,6204
6163: 6065,6162,6164,6260
9379: 8210,8498,9593,9588
394: 9440,9969,233,289,700,9339
395: 641,514
5124: 5125,5023,5027,5123,5224
397: 515,343,455
5761: 5957,5958,5663,5856,5960,5765
6575: 6576,6671
6696: 6507,6695,6886
9444: 9584,9563,9019,9407,9661,9660
402: 521,461,519
403: 294,9474,461,523
7103: 7456,7014,7102,7011,7009,7010
405: 406
406: 405
407: 410,411
408: 299,471
5044: 9573,9352,9408,5144,4944
410: 407
411: 407,299
412: 9656,413
413: 412
8562: 8627,9596,8869,8813
9397: 9357,9409,9320,9342,1238
416: 668,737,602,537,477
417: 541,814,156,811,886,813
418: 675,360,9446,157,541,743
9900: 9807,9385,384,9370,9570
420: 480,362,365,544
9235: 8928,9976,8982,9236,9450
8560: 8625,8867,8425,9563,8811
8868: 9024,9069,8812
424: 371,366,9626,368,487
4683: 4582,4783
426: 370,316,9793
5504: 5604,5603,5505
5590: 5490
6744: 6837
430: 10026,217,319,686,754
431: 491,687,492,9933,376,9809
8481: 9587,8679,8480,8799
433: 434,437,557,376,269,492
434: 437,433,219,220,379,269
8389: 9735,8730,8084,8163,8460,8599
9309: 9469,9801,9601,6894,9724
437: 434,498,557,433,379
438: 559,499,498,557,275
5868: 5966,5769,5965
6162: 6163,6065,6260
9693: 9870,9947,9834
442: 698,504,566,568
6257: 6256,6350,6450
444: 385,505,386
6854: 6853
446: 9974,447,334,66
447: 446,386,9869
448: 9869,9806,571,509
449: 289,9883,9345,390
450: 9515,9272,233,634,700,511
9448: 8658,9055,9356,8591,9617,9334,8592
6567: 
453: 641
454: 515,456
455: 343,397
456: 454,515
4845: 4944,5047,5150,4743,4947,4949
5374: 5274,5375
7609: 7434,9627,7161,7430,9977
9938: 9917,9334,8661,9617,9988
461: 402,523,403
6388: 6291,6483,6389,6387
8730: 8389,9735,8460,9544,9952
5115: 
7293: 7292
466: 9674,529,9586,594,593,9281
467: 666,599,531,535,9821
5650: 5847,6043,5550,5649,5750
9432: 9341,6038,6421,9278,6327,9685
8987: 8880,8879,9081,9160,9122,9080
471: 531,408,536
472: 537,473,602,9769
473: 9656,9769,472
9995: 9916,9864,9716,9881,9653
475: 602,9823,535,666,668
9171: 9173
477: 9736,416,737,807,9760
8703: 8216,8435,8639,8365,8704,8881
9414: 9879,9918,9528
480: 420,544,360,609
4667: 4565,4566
9466: 8006,9525,9457,9559,7761
8328: 8470,8253
484: 9461,544,609,546
485: 614,9369,9323,678,546,612
6284: 6283
487: 374,368,312,424
4494: 4495,4393,4493
489: 9247,9372,616,1118
4498: 4497,4397
491: 431,687,9273,9809,319,619
492: 431,687,376,557,433,559
6590: 
9037: 9081,8824,9160,8882,8989,9193
8662: 8663,9616,8594,8596,8527,9623
7241: 7150,7417,7419,7060,7152,7331
8422: 8201,8126,7888,8278,8490,8624
498: 437,557,224,438,275
499: 438,559,755,382
9524: 9734,9282,9459,9959
501: 383,762,9439,9527,763,978
502: 9322,37,1211,329,1291,980
9359: 8729,8792,9505,9544,9386,9712
504: 509,634,698,571,442,568
505: 444,385,698,571
9785: 7249,7336,9531,9400
6585: 6586
9427: 9371,9642,740,672,359
509: 504,634,448,9806,571,9515
6784: 7066,6973,6688,6783
511: 512,700,634,450,768,568
512: 700,9339,511,768,839,9553
513: 915,9248,9441,774,640
514: 9757,395
515: 397,454,456
5027: 4927,5032,5031,5023,5124
6260: 6356,6357,6163,6162
518: 645,647,649
519: 346,648,402
9652: 6618,9680
521: 402,523,586,584
9436: 9390,9534,8333,8186,8261,9346
523: 521,461,403,586,9948
8644: 8368,8440,8769,8645,8991,8708
9179: 9145,9205
9286: 9532,9479,9997,9510,9862,9845
527: 9365,9488,9495,1148,652
9621: 9744,9756,9912,3339,9418,9424
529: 466,9674,9276,731,661,594
8452: 8589,8521,8451,8380,8453,8523
531: 471,536,467
7209: 7119,7210,7208
9029: 9234,9074,9072
5234: 5136,5338,5341,5129,5329
535: 536,475,467,666
536: 535,531,471
537: 472,602,416
5047: 4944,4845,5150,5247,5144,5148
9393: 9580,9460,9263,9461,9323
4840: 9868,4941
541: 814,743,417,418,156,157
7804: 7638,7721,7885,7723,7965,8046
5573: 5572,5574,5672
544: 9461,484,365,480,420,609
7825: 7743,7988,7742,8066,8146
546: 678,609,484,485,9323
5826: 6121,5825,5929,5928
8919: 8970,9407,8687,8866,8808,9019
9464: 9288,9473,9324,9431
5597: 5598,5497,5697
8645: 8369,8770,8644,8440,8708,8830
9293: 9692,9750,9786,9594
10014: 9225,9226
7179: 7176,7268
9425: 9597,9396,3835,3938,9374,9332
7624: 9472,7870,7451,7539,7707
557: 498,437,433,492,438,559
9209: 
559: 438,499,755,557,687,492
4590: 
561: 758,382,760
9756: 9744,9621,9932,3836,3643,3444
563: 693,760,9706,694
564: 907,834,697,835,9506,9433
565: 384,838,277,566,9807
566: 277,768,568,442,565,838
9396: 9597,9582,9425,9620,9332,9375
568: 768,566,504,634,442,511
7195: 7283,7542,6832
9211: 9185,9232
571: 698,505,448,509,504
4929: 4730,4826,4927,5032,4934
6618: 9652,6138
8989: 8882,8990,9037,9193,9161,9038
7198: 7545,7371,6927,7019,7199,7460
10034: 9402,9465,9944,9643,9695,9936
577: 
8490: 8687,8624,8276,8201,8422,8274,8686
9459: 9524,9282,9483,9633,9670,9959
580: 783,781
6357: 6356,6260,6358
9659: 10033,9675,9810,9398,9463
5398: 5298,5497
584: 521,586
7247: 7249,7248
586: 9948,521,523,584
9898: 9906,10016,6516
588: 783,645
4630: 4836,4529,9633,4527,4634
5332: 5331,5230,5333,5436,5630,5434
9657: 9883,9853
9618: 9613,9277,9420,9686
593: 9281,9257,466,594,730,801
594: 802,661,466,529,593,730
9904: 9284,9419,9649,9628,9875,9271
596: 9270,9276,599,664,733,731
7050: 
9308: 9543,9435,9638,9607,6629,7262
599: 467,666,9821,664,596,9270
5916: 5917,5816
9281: 593,9257,9586,466,9770,9843
602: 475,9823,9769,472,537,416
4943: 
6148: 6052,6051,6147,6249,6248,6439
5755: 9394,9533,5460,5259,5359,5657
9377: 7085,6534,9607,9529,9362,9638
5513: 5413,5512
4256: 4354,4156,4450,4255
609: 546,480,544,484,675,360
9114: 9214,9072,9187,9182
9740: 9875,9344,9395,9795,10029
612: 890,679,678,614,485,746
9251: 9576,9637,9255,9283,9415
614: 9369,485,366,679,612
9718: 9877,9266,9348,9751,9721,9929
616: 892,820,750,489,9372
617: 9295,9758,1045,823,683,1044
618: 754
619: 319,757,686,491,687,755
8688: 8625,8867,8278,8624,8866
9422: 9591,10032,9994,9442,10000,9462
5887: 5886
8968: 8683,8861
4260: 4259,4258
6586: 6585,6682
9867: 10035,9471,9343,9992
8466: 
9127: 9130,8830,9600,8770,8709,8995
7003: 6917,6915,7095,7002,6912,7092
630: 835,9506,910,384,631,9570
631: 384,838,839,630,910
7641: 7557
9358: 9380,9577,9493,709,1069
634: 509,504,9515,450,568,511
6548: 6640,6549
6813: 6904,6624,6720,7083
6256: 6257,6062,6063,6349
4815: 4715,4917
9297: 9629,9556,9317,9600,9045,8995
640: 9536,9298,9441,707,513
641: 395,453
9636: 7608,9639,7434,9627,9299,9253
8790: 8596,8457,8597,8663,8729,8792
9429: 9503,5343,9562,9480,9360,9249
645: 518,783,588
5307: 5308,5408,5207
647: 650,649,346,518
648: 346,519,650
649: 650,647,518
650: 647,649,346,648
4269: 4369,4168
652: 1309,527,9495,927,1228,1148
4319: 4522,4417,4422,4318,4218,4316
4331: 4330,4323,4328,4427,9269
8378: 8230,8451,8304,8450,8521
7936: 9447,9434,7850,7769,7771
7625: 9705,7791,7455,9472,9729
4442: 4644,4650,4643,4440,4338,4438
5052: 5153,5355,5151,5051,5154
5872: 5873,5970,5871
661: 802,952,594,876,731,529
6537: 7086,6629,6441,6155,6347
9526: 9330,9370,9315,9300,9287,9313
664: 668,737,666,599,596,733
8748: 8806,8555,8970,8807,9102
666: 467,599,535,475,668,664
9370: 9330,9526,9570,9900,9385,9300
668: 416,737,664,475,666
5259: 5361,5159,5359,5258,5755
670: 955,1027,358,808,952
8565: 8356,8357,7973,8497,9467
672: 884,740,811,251,9427,9642
7913: 7832,7831,7914,7993,8074,8075
8029: 7787,7703,7949
675: 360,418,609,743,744
9989: 9763,9993,9347,7942,9314
9502: 181,9313,9433,9403,834,1134
678: 546,485,746,744,612
679: 890,820,612,614,750
4388: 4288,4287,4387
9133: 9049
8526: 8594,8386,8158,8236,8727
683: 894,823,9247,617,9295,1043
684: 1201,1045,372,9663,9758
8006: 8084,8163,9466,9457,7763
686: 319,757,619,430,827
687: 491,431,492,559,755,619
9491: 2273,2555,9333,2554,2463,9624
5185: 5186,5084,5285,5286
4318: 4218,4117,4216,4115,4316,4319
4897: 4997,4998
9770: 9843,10004,9281,9257,9612
693: 563,1048
694: 902,563,383
9771: 9990,9815,3037,9516
7059: 6966,7057,6967,7060,7150
697: 564,835,1060,1137
698: 571,505,504,442
7742: 7741,7825,8065,8066
700: 512,9339,511,450,233,394
8527: 8596,8160,8594,8081,8386,8662
9695: 9936,9710,10034,9944,9690
9925: 9878,9972
704: 915,9248,9430,341,840
8242: 8391,8318,8667
6290: 6387,6193,6291
707: 9746,640,9298
9952: 9386,9778,10022,9735,8730,9544
709: 1068,1145,9493,9358,1305,1069
710: 781
5086: 5087,4986,5186
9513: 9723,9258,9646,9599,9498
8365: 8766,8704,8291,8292,8703,8216
7312: 7311,7400
7325: 7237,7413
716: 997,9365,9470,9557,1225
6028: 5929,5930,5931,6127,6126
718: 1076,9635,9530,927,1075,1000
8874: 9027,8978,8983,8821
9889: 9854,9691,9926,9919
9340: 9054,9094,9052,9750,9285,9519,9594
722: 789,9745
723: 792
724: 9382,9637,1019,868,794,942
725: 796
4918: 5018,4817,4917
6348: 6349,6347,6631,6351,6350
728: 943,1096,10004,1097,9405,9612
729: 872,1097,9405,1178,1510
730: 874,950,801,802,594,593
731: 876,733,596,9276,529,661
7949: 7702,7787,8029
733: 807,876,731,737,664,596
10022: 9952,9778,9735,9963,9831
5220: 
9272: 9515,450,233,9565,9416
737: 416,668,664,477,807,733
5343: 9503,9562,9429
7455: 7540,7539,7279,7791,7625
740: 884,672,9427,359,1034,1110
5958: 5957,5761,5960,6056,6055,5959
6724: 6820,7262,9543,6821,6910,9512
743: 541,814,675,418,745,744
744: 746,745,675,678,743
745: 746,744,814,743,888
746: 745,744,678,890,612
9054: 9094,9052,9340,8999,8949,9285
9622: 9252,9593,9290,9453,9852,9915
7279: 7190,7792,7191,7540,7455,7791
750: 318,679,820,616
4234: 
5540: 5543,5639,5640
8309: 8234,8155,8727,9260,8307,8383
754: 372,9962,10026,430,897,618
755: 559,499,687,757,619
9356: 9055,9448,9334,9592,8898,9353
757: 686,619,755,758,827
758: 561,757,827,973,760
6072: 5975,6071
760: 973,563,561,758
9217: 9216,9238,9218,9640,9420,9307
762: 383,501,902,977,1052,978
763: 1369,978,501,9527,1131,9428
9743: 9980,9812
7528: 7354,7777,7778
8179: 8253,8255
5023: 4922,5027,4927,5123,5124
768: 566,568,512,511,838
7348: 7170,7259,7349
6665: 6759
5266: 5167,5267,5364,5462,5366
9390: 9436,9534,9486,9928,9484,9346
9304: 2841,2840,2745,9913,9697,9679
774: 9536,915,513,989,9268
7464: 7550,7377,7462,7631,7548
4823: 4719,4720,4821,4725,4826
5708: 5709,5807,5609
7818: 7819,7899,7901,7979,8061
9417: 9469,9801,9494,9684
8984: 8983,8821,9033,8820,8878,9120
781: 710,580
5113: 5214,5013
783: 588,580,645
9781: 9803,9537,9798,10037
785: 9818,9940,923,848
7141: 7142,7231
787: 9245,9552,858,1078,1152
8395: 8393,8244
789: 860,9745,722
5495: 5594,5395
9936: 9695,9710,10019,9643,9508,10034
792: 793,723
793: 792
794: 1095,1338,9415,9637,724,942
5953: 6047,5956,6048,5951,5856,5957
796: 725
8480: 9981,8481,8799,8907
9060: 8962,8857,8911,8966
10021: 9731,9267,9961
4643: 4644,4442,4645,4438,4539,4642
801: 874,730,593,9257,9551
802: 661,952,594,1027,730,950
7442: 7176
5574: 5475,5573
6941: 6848,7033,7032
9913: 2745,9697,9585,9319,9304
807: 876,733,737,477,808
808: 358,807,876,952,670
6389: 6388,6293
9363: 9635,9291,9980,9245,9552
811: 884,672,251,156,417,813
4626: 4523,4525,4527,4621,4725,4729
813: 886,885,417,884,811,959
814: 541,743,417,745,886,888
9553: 839,9259,9366,512,9339,9337
4263: 4364
8376: 8228,8304,8303,8649,8449
9052: 9054,9340,9098,9097,9750
6832: 6831,7014,7195
820: 890,679,750,892,616,965
6316: 6320,6219,6218,6315,6412,6414
6315: 6508,6410,6216,6218,6316,6412
823: 894,1280,683,617,1044
6651: 6556
7819: 7735,7818,7737,7901
5327: 5328,5329,5125,5129,5225
827: 972,757,686,758,973
8372: 7909,8069,8298,8225,8444,8513
5476: 5475
9972: 9500,9819,9748,9925,9878
6093: 5995
7118: 7117,7207,7208,7027,7119
9820: 10018,9871
834: 982,907,564,9502,9433,1134
835: 9506,630,910,1060,697,564
6904: 6813,6624,6994
7300: 7299,7475
838: 384,631,565,768,566,839
839: 9259,9553,512,631,838
840: 1216,1136,1137,341,704,912
7601: 7767,7602,7775,7850
5013: 5113
8058: 8135,8138,8056,7899,7979
9305: 6139,9265,9306,10035,9471,9901
845: 9268,1067,989,1066,1300
6508: 6315,6410,6412,9384,6797,6984
7516: 7602
848: 996,9818,785,9316
5873: 5872,5774
7858: 9299,9274,7252,6972,7156
9810: 10010,9244,9822,9659,9398
7646: 7811,7560,7974,7475,7562,8054
7377: 7290,7289,7462,7464
5256: 5154,5054,5359
7248: 7929,7340,7247
6218: 6216,6118,6022,6219,6316,6315
9947: 9870,9693,9375,9834,10032,9994
858: 929,1006,860,787
4341: 4440,4444,4338,4241,9489,9331
860: 789,9882,858,1006
861: 864,933
862: 864,1087
863: 933,1160
864: 862,861,1087,933
865: 939,1013,1170
9528: 9295,9414,9918,9247,9372
8964: 9011,9059
868: 1019,9399,943,9382,724
10041: 9990,9815,10038,9957
9442: 4239,4139,9591,9422,9462,9256
8431: 8213,8499,8502,8361,8137,8430
872: 9551,9405,729,1261,948
8594: 8386,8526,8527,9623,8662
874: 1025,1183,730,950,801
7083: 6720,6528,6813
876: 807,733,731,808,661,952
7386: 7299,7298,7475,7560
9019: 9563,9444,8866,8867,9407,8919
6862: 6954,6768,6769
7518: 6979,9696
881: 955,1031,1108
7555: 7723,7638
9591: 10032,9422,9582,3936,4139,9442
884: 740,811,672,813,1034,959
885: 886,813,1038,1272,959,1193
886: 885,813,814,417,1038,888
4385: 4284,4285,4485,4486
888: 889,1038,814,745,886
889: 1115,966,1038,888,965
890: 679,820,612,746,965
9707: 9421,9655,9829,358,9760
892: 1042,616,965,820,966
6716: 6993,6809,6622
894: 1280,823,683,1043,1197,1198
6582: 6583
5775: 5676,5774,5776
897: 972,372,754,1047
9999: 9866,10027
5839: 5736,6032,5933,9784,9861
9831: 9963,9651,9778,10022
4440: 4341,4444,4338,4445,4650,4442
902: 1127,1125,694,383,762,977
5970: 5872,5871,6067,6068
8228: 8376,8304,8227,8152,7992,8303
7704: 7865,7787,7703,7783,9953
9067: 9109
907: 834,564
9471: 10035,9867,9343,9306,9614,9305
9472: 7624,7625,9729,10024
910: 835,630,631,9259,1060
9835: 9852,9915,9754,8632,8695,9738
912: 989,1297,915,1216,840
6320: 6219,6122,6316,6223,6414,6416
9808: 9604,9632,10017,9302,9574,9985
915: 513,704,774,989,912
6266: 6265
4644: 4650,4643,4442,4645,4654,4853
5278: 5277,5177,5379
4573: 4574,4675
4719: 4720,4821,4823,4819
9567: 9546,9749,9239,9560,9162,9615
4616: 4516
923: 9940,785
7470: 7557
9351: 9555,9411,9541,9535
926: 9470
927: 9495,718,9530,1309,652,1000
6188: 6091,6286
929: 858,1006,1079,1078,1396
9796: 9485,9759,9790,9697,9704,9679
9789: 9762,10030,10039,9727,9939
9530: 718,9635,9291,9495,927,9264
933: 863,864,861
5931: 5936,6127,5633,5930,6028
9950: 9837,9699,9329,9775
936: 
9611: 1131,9428,9566,1132,329,9445
938: 1014,9741
939: 9741,1014,865,1013
5375: 5374,5274,5475
941: 1253,1248
942: 1255,1256,724,1019,794,1338
943: 728,1096,9399,1097,868
944: 9748
5997: 5898
4842: 
7383: 7296
948: 1180,1261,1025,872
9981: 8480,9702,9832,8907
950: 874,730,802,1027,1029
7160: 6974,9639,6884,7070
952: 802,661,876,808,670,1027
6821: 6724
7150: 7241,7417,7059,7060,7238
955: 670,1027,881,1031,1029
8499: 8431,8361,8430,8429,8634,8636
6323: 6223,6126,6226,6420,6416,6512
4934: 5141,5037,4929,4730,4936,5032
959: 1272,1035,884,885,813,1034
5481: 5480,5581
6835: 6741
7075: 6983,7345,7431,7164
4346: 4349,4347,4240,4241,4444,4345
5110: 5211,5009,4909,5010
965: 892,890,820,889,966
966: 1115,889,892,1042,965
7649: 7564,7478,7650,7565,8209,7733
9902: 1404,9715,1568,9903
6993: 6809,6716,6902,6622
7139: 
5090: 5190,4990,5089
972: 897,1048,827,973,1047
973: 760,758,1048,972,827
9249: 5335,9562,9429,9360,9583
9800: 9634,9892,9691,9787
8655: 8656,8721,8718,8587,8779
977: 1052,1286,1127,902,762
978: 1369,763,762,501,1052
7741: 7742,7740,7905,8065
980: 100,1622,1373,502,37,1291
9876: 3635,9766,9927,9955,9922
982: 1295,834,1134,1376,1375
5683: 5781,5584
9720: 9813,9708,1651
8705: 8766,8704,8507,8767,8824,8882
7296: 7383,7207,7208
5258: 5054,5157,5159,5259,5359
5031: 5027,5032,5037,5036,5136
989: 912,1066,915,774,845
10009: 7608,9517,9880,10012
6056: 6249,6441,6055,5958,5959,6155
5956: 5953,6048,5957,6052,6055
9451: 2190,9954,2098,2010,2189
6911: 6912,6823,6637,6910,7002
4266: 4367,4165,4166
996: 9470,848,1069
997: 716,9365,1225,1071,1227,1148
4783: 4683
5355: 5153,5052,5455,5852
1000: 1392,1075,927,718,1230,1309
8424: 8811,9497,8630,8495
6759: 6665,6853
9536: 774,640,9298,9577,9268
9320: 9342,9279,9254,9409,9397
5000: 
1006: 929,858,1079,860,9895
1007: 1080,9780,9905,1009,1395,1082
10016: 9847,9914,9906,9898,6706,6516
1009: 9905,1160,1159,1007,1082
8891: 8776,8835,8714,9132,9752,8838
5093: 5194,5092
7570: 7569,7655
1013: 939,865,1170,1169
1014: 938,939,9741
8191: 8189,8336,8265,8192,8412
6583: 6582
7023: 6932,7022,6931
9872: 9964,9658,6337,6437,9873
1019: 868,724,942,1256
7462: 7631,7375,7289,7377,7464
6426: 6519,6520,6517
9811: 9858,9794,9827,9749,9863,9673
8769: 8767,8707,8644,8368,8938,8991
9602: 9454,9523,9280,9266,5141,5142
1025: 874,1180,948,1263
8199: 8276,7965,8044,8197,8274,8273
1027: 955,670,802,952,950,1029
7022: 6931,6930,7023
1029: 1105,1031,955,1027,950
7885: 7721,7804,7719,7884,8044,7965
1031: 1105,1029,955,881,1108,1185
8261: 9346,8262,9436,8333,8033,8110
5419: 
1034: 1110,1111,884,740,1035,959
1035: 1436,1272,959,1034,1111,1270
5294: 5394,5194,5295,5395
10018: 9871,9985,9820,9549,9755
1038: 1115,889,888,886,885,1193
7707: 7783,7450,7451,7624,7870,7703
7539: 7540,7455,7452,7451,7624
10038: 3434,3239,9957,10041
1042: 892,966,1196,1276
1043: 1197,1118,9247,894,683
1044: 1363,1281,1362,617,1045,823
1045: 1201,684,617,9758,1281,1044
5585: 5584,5485
1047: 1124,897,1048,972
1048: 972,693,973,1124,1047,1125
9334: 9917,9938,9617,9448,9356,9353
9862: 9845,9970,9671,9997,9742,9286
6455: 6359,6550
1052: 977,1286,762,978,1367
6303: 6205
9731: 10021,9816,9961,9859,9924
9721: 9751,9959,9718,9929
5776: 5678,5775
1057: 1212,1133,1134,181,100
7877: 7880,7548,7962,7796,7876,7801
8146: 8222,7825,7988,8066,8145
1060: 9430,341,835,910,697,1137
4978: 4979
7309: 7396,7220
6441: 6249,6056,6155,6537,7086,6439
6216: 6118,6218,6117,6215,6315,6410
5177: 5176,5277,5278
1066: 989,1297,845,1300,1547
1067: 9268,845,1068,9493,1300,1302
1068: 1145,9493,709,1067,1302,1303
1069: 1305,9358,996,709
7888: 7890,8278,8126,8422
1071: 1386,1306,1225,997,1227,1387
6847: 6939
5144: 9408,9302,5044,4944,5047,5247
9890: 9897,9921,10028
1075: 1392,1476,1000,1076,718,1312
1076: 718,9635,9245,1075,1312,1152
9066: 9065,9109
1078: 1477,1152,787,929,1561
1079: 929,1006,1080,1396,1395
1080: 1007,9780,9895,1079,1395
5621: 5622,5620,5720
1082: 1314,1007,1009,1319
9963: 9651,9831,8462,10022,9942
6270: 6173,6172
7932: 8171,7770,8013,8093
9571: 9556,10005,9982,9824,10039,10003
1087: 864,862
8170: 7765,7425,7929,7682
1089: 
5274: 5374,5375
9607: 7086,6629,6534,9377,9308,9638
1092: 1170,1169
5421: 5422,5520
9583: 5337,9452,9360,5335,9249
1095: 794,1338,9415,1419,1336,1421
1096: 728,943,10004,9399
1097: 9405,729,728,943
9322: 502,37,9403,9287,9445,329
7562: 7563,8054,7475,7389,7646
7903: 7902,8292,7821,7739,8064,8142
8869: 9063,8562,8976,8813
9512: 6910,9543,6724,9540,9406
4569: 4468
9452: 9678,9360,9583
1105: 1031,1029,1185,1263,1347
4665: 4664,4766
4939: 4736
1108: 1187,359,1185,881,1031
8369: 8296,8579,8645,8770,8440
1110: 1034,1111,740,1351,1187,359
1111: 1034,1110,1351,1035,1270
7599: 7767,7515,7682,7931
4685: 4584
6414: 9475,6412,6320,6316,6416,6510
1115: 889,966,1038,1193
4703: 
5664: 5568,5466,5668,5564,5663,5765
1118: 1277,1043,1197,489,1196
9514: 9321,9388,9812,9488,9264
8208: 7813,9355,7974,8054,8357,9478
6249: 6056,6441,6055,6052,6148,6439
9760: 358,9736,477,9829,9707
7200: 7110,7199,7289
1124: 1047,1202,1048,1127,1125,1203
1125: 1127,902,1048,1124
9791: 9775,9345,390,9699,73
1127: 902,1125,1124,1203,977
6647: 6648,6552,6741
5092: 5192,4991,5093
5698: 
1131: 9428,9611,1369,763,1132
1132: 1290,1211,329,1131,9611
1133: 1212,1057,100,1373,1709,1539
1134: 1212,1057,9502,982,834,1375
4853: 4855,4654,4644,4645,4954,4955
1136: 1216,840,1137,1295,1215
1137: 1136,840,341,1060,697
9345: 9775,9791,390,9416,449
8373: 8301,8303,8227,8225,8444,8647
5487: 5587,5387
9402: 10034,9465,9354,9643,9499
5951: 9455,9578,5662,5856,6047,5953
4345: 4448,4445,4349,4346,4444
6939: 6847
1145: 1068,709,1305,1303,1304,1306
7394: 7393
6626: 9725,6906
1148: 1227,1228,997,527,652
9759: 9796,9485,9790
9777: 4638
7532: 7007,9550,9458,7360,7092,7095
1152: 1477,1312,1078,1076,9245,787
9956: 9856,9586,9830,9674
9447: 7936,9434,7775,9998,9373
9991: 9706,9676,9468
9690: 9695,9944,9763
9958: 9380,9746,9757,9818
4491: 4592,4391,4390
1159: 1009,1240,1314
1160: 9905,1009,863,1240
4650: 4644,4442,4440,4445,4548,4654
4871: 4872,4870
9678: 9452,9360,10025,9711,9480
9589: 9326,9273,9809,9923,9383
8830: 9130,9127,8645,8770,8708,8886
8838: 8837,9857,8891,8835,9752,8779
9456: 9984,9686,9545,9277,9378,9828
8990: 8938,8882,8989,9039,9038
1169: 1170,1092,1013
1170: 1092,1169,865,1013
8727: 8234,8309,8158,8526,9623,9260
9326: 9589,9273,9383,374,217
7092: 7001,7360,7002,7003,7095,7532
9805: 9650,9773,9647,9967,7355,7696
1175: 
5695: 5793
8453: 8523,8455,8380,8382,8452
1178: 729,1510,1507
9457: 9559,9531,8006,9466
1180: 1428,1261,948,1025,1514,1263
5302: 5403,5202,5201
9357: 1399,1318,9397,9761,9342,1238
1183: 874
4773: 
1185: 1187,1108,1105,1031,1347
6058: 5964,5959,6155,6349,6347
1187: 1351,1108,359,1185,1110,1516
6084: 6085
7276: 7190,7618,7099,7098,7008,7275
9140: 9438,9661,8970,9407,9102
9975: 10006,9817,9725
6105: 6007
1193: 885,1115,1038,1272
5852: 5455,5454,5355,9539
6896: 6708,6516
1196: 1358,1276,1042,1118
1197: 1043,1118,1198,894,1278
1198: 1197,894,1280,1526,1278,1527
7290: 7377,7289
7328: 7847,7505,7238,7417,7327,7503
1201: 1045,684,1202,1281
1202: 1124,1201,1282,1203
1203: 1282,1124,1202,1127
9980: 9743,9812,9363,9291
9089: 8714,9132,9982,8834,8943,9317
6291: 6388,6193,6290,6387
6900: 
9263: 9393,9460,9461
9475: 6412,6414,9384,6510,9511
4789: 4891,4892,4890
1211: 1132,1290,329,502,1706,1291
1212: 1133,1057,1134,1375,1709,1541
4655: 4855,4654,4548,4553,4555,4757
7237: 7148,7238,7325,7327
1215: 1628,1296,1295,1136,1376
1216: 1136,840,912,1297,1296
9875: 9271,9344,9740,9904,9649,9795
8451: 8230,8306,8378,8380,8521,8452
10031: 9880,10012,9714,9779,9977,9753
5125: 5124,5129,5224,5225,5327
9966: 3634,3239,9978
9839: 10042,9920,9650,9773
9828: 9739,9450,9681,9545,9456,9984
8821: 8983,8984,8978,9070,8820,8874
1225: 1305,997,716,1071,1306
7086: 9607,6537,6439,6629,6441,6534
1227: 1388,1387,1228,1148,997,1071
1228: 1227,1388,1148,1307,1309,652
9303: 9509,9449,9885,9453,9852,9754
1230: 1307,1309,1392,1000,1473,1557
9462: 9797,10000,9422,9442,9256,9489
7542: 7627,7195,7283,7456,7792,7368
7052: 
9511: 9601,9575,9475,9384
6972: 6970,7062,7156,6973,7858
8186: 8032,8333,8031,7953,9436,9534
8687: 8490,8624,8866,8686,8808,8919
1238: 2170,1563,1399,9357,9397,1732
9313: 9502,9433,9330,9526,9403,9287
1240: 1160,1159
4521: 4518,4621,4522,4417,4523
8857: 9060,8962,9016,9010
6114: 6212
5447: 5648,5548,5647
9556: 9629,9571,9317,10005,9297,9982
1246: 1494,1578
4236: 3934
1248: 1253,941,9665
10023: 9965,9970,9671
1250: 
1251: 
9055: 8658,9448,9356,8721,8718,8898
1253: 1248,941,9576,1417
6534: 7085,6248,9377,9607,7086,6439
1255: 942,1506,1762,1256,1338,1340
1256: 1255,942,1019,1507,1340
8917: 8807,9892,8916,9018,9634
4997: 4897,4998
7440: 7353,7265,7352
7478: 7564,7649,7565
1261: 1428,1180,948,872,1427,1510
9420: 9640,9277,9217,9613,9307,9618
1263: 1514,1347,1025,1105,1180
8126: 8201,8422,7888
8278: 7888,7890,8352,8422,8688
4839: 4638,4838,4637,4941
8178: 8101
7954: 8032,8333,7796,7713,8033,7876
8336: 8191,8189,8265,8262,9376
1270: 1111,1436,1035,1520
6645: 6549,6550
1272: 1436,1035,959,885,1193
9643: 9354,9310,9508,9936,9402,10034
9548: 9242,9615,9863,9387,9507,9672
9846: 9738,9885,9754
1276: 1196,1358,1042,1357
1277: 1118
1278: 1525,1526,1197,1198
8721: 8656,8655,8718,8590,8658,9055
1280: 894,823,1198,1527,1444
1281: 1363,1044,1201,1045,1282
1282: 1364,1203,1202,1363,1281
4364: 4263,4365
9874: 9665,9899,9774,9737,9669,9747
4694: 
1286: 977,1052,1366,1367
8449: 8450,8715,8376,8649
7996: 7668,7914,7999,8075,8076
9395: 9712,9505,9344,9740
1290: 1132,1211,1535,1620,1706
1291: 1706,1793,1211,502,1622,980
9601: 9511,9575,9860,9724,9309
4891: 4789,4991,4892,4890
9343: 9867,9471,9614
1295: 982,1136,1376,1215
1296: 1461,1215,1216,1297,1545
1297: 912,1066,1216,1296,1545
9360: 9452,9678,9429,9480,9249,9583
7216: 
1300: 1548,1547,1066,845,1067,1302
9505: 8729,9359,8791,9344,9395,9712
1302: 1303,1384,1067,1068,1548,1300
1303: 1302,1384,1068,1145,1304
1304: 1468,1306,1145,1303
1305: 1069,1225,1145,709,1306
1306: 1304,1071,1145,1305,1225
1307: 1230,1309,1388,1228,1472,1473
8143: 8064,8439,7905,8144,8065,8219
1309: 1307,1230,652,927,1228,1000
6283: 6282,6185,6284
4603: 4502
1312: 1477,1644,1152,1076,1075,1476
6198: 6100
1314: 1082,1159
9408: 9302,5144,9574,9482,5044,9352
1316: 9254,9409,1901,1902
8383: 8307,8382,8309,9260,9419
1318: 1399,9357,9761,9700,2082,1819
1319: 1395,1082
8943: 8834,8712,9045,9317,9089
5036: 5037,5142,5031,5136,5338,5138
8659: 9988
7670: 7587,7411,7669,7836
5594: 5495
7190: 7279,7618,7099,7276,7191,7540
1326: 1408,9730
1327: 1493
6628: 6246,9964,7085,6432,9362
5361: 5159,5259,5060,5163,5363
6246: 6628,6437,6147,7085,6248
4559: 4561,4459,4458,4455,4661
1332: 
6706: 6514,9847,10016,6516
1334: 
6201: 
1336: 1504,1421,1419,1095,1587,1420
9045: 8888,8995,8712,8943,9317,9297
1338: 1095,794,1255,942,1762,1421
5461: 5364,5363,5561,5462,5657
1340: 1592,1507,1255,1506,1256
5833: 5533,5633,5536,5936,5933
6448: 6450,6637,6823,6639
9519: 9285,9340,9594
9008: 9007
9588: 9252,9593,8873,9355,8498,9379
5304: 5204
1347: 1514,1263,1105,1185,1515
9468: 9473,9991,9439,9676
6022: 6218,5922,6021,6121,6219
4687: 4585
1351: 1187,1110,1111,1516
5901: 5999,5801,5902
9193: 9239,9219,9037,9160,8989,9161
9295: 617,9528,9758,9918,9247,683
9276: 596,9270,9830,731,9674,529
6286: 6188
1357: 1524,1439,1358,1276
1358: 1196,1276,1524,1357
5601: 
7922: 8161,7839,8002,7757,7759,7675
5392: 5393,5492
1362: 1363,1044,1444,1529
1363: 1281,1362,1044,1364,1282,1446
1364: 1282,1363,1446
9338: 360,9537,9446
1366: 1449,1367,1286,1532
1367: 1449,1366,1052,1286
9012: 9059
1369: 763,978,1131,1535,1451
7008: 7009,6916,7007,7098,7099,7276
5281: 5180
6695: 6978,6884,6886,6696,6598
1373: 100,1622,980,1133,1623,1539
5390: 5389,5490
1375: 1542,1376,982,1212,1134,1541
1376: 1542,1375,982,1295,1628,1215
7763: 8006,8163,8241
9596: 8627,9971,9497,9368,8562
9881: 9653,9581,9995,9492
6748: 6653,6749
5121: 
9437: 9353,9592,9336,9893
5562: 5561,5462,5754,5366,5564,5466
1384: 1302,1303,1548,1718,1549
7965: 8199,8276,8046,7804,7885,8044
1386: 1071
1387: 1227,1388,1071,1722,1553
1388: 1227,1387,1228,1307,1472,1553
5813: 5715,5714,5812,5912
4483: 4584
5649: 5550,5548,5650,5847
1392: 1075,1476,1000,1230,1729,1557
9561: 9667,10019,7859,9301,7697,9508
9274: 7858,9299,9253,7156,7155,9631
1395: 1483,1319,1079,1080,1007
1396: 1561,1568,929,1079,1483
5010: 4910,4909,5110
10028: 9825,9897,9890
1399: 9357,1318,1238,1732,2082
9302: 9408,5144,9574,5247,9604,9808
9521: 9282,4330,4232,4336,9483,9269
5912: 6010,5812,5813,6011
5663: 5564,5662,5856,5664,5761
1404: 9902,1562,1568,1566
6126: 6223,6323,6028,6127,6226
1406: 1573,1572,1571
4493: 4392,4393,4494
1408: 9730,1326
4991: 4891,4890,4990,5092
5104: 5105,5204
1411: 
1412: 1666
9277: 9640,9378,9420,9618,9456,9686
1414: 1417,9737,1418,1499,1583,1500
6376: 6375
6327: 6421,6227,6420,6326,9432
1417: 1414,9737,1253,1418
1418: 9283,1414,1417,1500
1419: 9283,1095,9415,1420,1336
1420: 1500,1587,1502,1419,1336
1421: 1336,1504,1095,1338,1762,1849
5055: 4957,4955,4954,4849,5157,4852
9809: 9589,9273,9923,9933,491,431
9415: 1095,794,9251,9637,9283,1419
4438: 9498,4539,9522,4338,4643,4442
9646: 10027,9887,9599,9513,9723
1427: 1682,1594,1510,1428,1261,1512
1428: 1180,1261,1427,1512,1513
5434: 5632,5533,5332
9779: 7430,7691,9977,10031,9753
9329: 9487,9565,9416,9837,9950,9775
7905: 7740,7739,7741,8143,8064,8065
7865: 7704,7787,9953,7702
9033: 8983,8984,9120,9216,9237
9460: 9393,9580,9263,10040,9782
1436: 1272,1035,1270,1520
5244: 5345
1438: 1439
1439: 1438,1357
7146: 7055
8008: 8165,8241
7988: 7743,7825,7744,8146
4467: 4468,4367
1444: 1527,1612,1280,1362,1529
6212: 6114
1446: 1529,1363,1364
7673: 7327,7757,7413,7756
7037: 7128,7127
1449: 1618,1617,1366,1367,1532
4596: 
1451: 1369
9869: 448,9806,9974,447,9487
9497: 8424,8811,9584,9368,8627,9596
9769: 602,9823,9656,9728,473,472
6412: 9475,6414,9384,6316,6315,6508
4716: 4817,4715
9708: 9813,9720,9903,9722
8679: 8550,9423,8481,8799
5920: 5722,6021,5819,6018
6629: 9607,6537,7086,6631,9308,7262
1461: 1628,1296,1630,1545,1800
9469: 9417,9801,9309,6799,9494
5736: 5839,5337,5438,6032
9236: 9292,9545,8982,9157,9235,9450
8013: 7932,7770,7934,8093,8397
9658: 6335,9901,9941,6337,9873,9872
9666: 9726,9849,9648,9979
1468: 1304,1806,1721,1722
4314: 4415,4216
6439: 7086,6148,6249,6441,6534,6248
9860: 9696,9724,6888,9601,9575,7163
1472: 1810,1553,1388,1307,1473,1556
1473: 1816,1556,1307,1230,1472,1557
9325: 9476,9398,9463,9261,9364,9608
9489: 4241,9256,9797,9462,9331,4341
1476: 1392,1075,1644,1312,1729,9250
1477: 1644,1312,1562,1078,1152,1561
9071: 9077,8928,8980
6733: 6735,6920,6731,6640,6915
7870: 7624,7707,7703,9951
7434: 9627,7609,9977,7608,9636,9880
7265: 7354,7440
1483: 1395,1396,1568
6614: 6804,6805,6520
7669: 8080,7836,7918,7670,7667
6051: 6052,6148,6147,6242,6048,6244
1487: 1738,1739
1488: 1566,9443,9279
7956: 8033,7876,8110,7880,7958,7879
7839: 7922,8002,7757,7756,7921
7828: 7744,7909,8069
7450: 7783,7707,7780,7451,7942,9687
1493: 9677,1578,1327
1494: 1246,1578,1663,1664
7055: 6964,7145,7146
9858: 9811,9794,9827,9996
1497: 9542,1844,1582,9327,1755,1931
8907: 8480,9981
1499: 1583,1414,1500
1500: 1502,1420,1414,1418,1499,1759,1583
9392: 9483,9269,4526,4427,4529,9633
1502: 1500,1587,1420,1759,1847,1760
5722: 5724,5920,5622
1504: 1336,2118,1421,1587,1849
8406: 8614,8540,8479,8478
1506: 1255,1762,1592,1340,1676
1507: 1767,1340,1178,1256
9802: 9558,9507
4468: 4467,4569,4367
1510: 1427,1594,729,1261,1178
5548: 5447,5648,5649
1512: 1772,1513,1428,1427,1682
1513: 1772,1512,1428,1514,1599
1514: 1599,1263,1347,1180,1515,1513
1515: 1516,1600,1514,1599,1347
1516: 1602,1600,1515,1351,1187
8213: 8431,8502,8138,8137,8363,8435
8015: 7935,7934
6720: 6528,6813,6624,7083
1520: 1605,1436,1270
5159: 5361,5259,4957,5060,5258,5157
7794: 7711,8031,7545,7630
6481: 6385,6480
1524: 1608,1357,1358,1525
1525: 1526,1610,1278,1524
1526: 1525,1610,1278,1198,1527,1611
1527: 1612,1444,1611,1198,1280,1526
9376: 9346,8262,9413,9484,8336
1529: 1446,1362,1444
10010: 9244,9810,2203,9822,10001
9483: 9269,9392,9282,9459,9521,9633
1532: 1616,1449,1617,1366
5403: 5302
7783: 7707,7450,9687,9953,7704,7703
1535: 1619,1369,1290
7931: 7682,7599,7767
8457: 8596,8160,8790,8161,8387,8597
5370: 5269,5467
1539: 1709,1373,1133,1623
8879: 8987,9079,8701,8702,9080
1541: 1797,1212,1542,1375
1542: 1376,1375,1628,1541
7505: 7847,7328,7679,9525,7503,7675
9258: 9513,9723,9498,9538,9573,9412
1545: 1630,1631,1297,1461,1296
7711: 7794,9289,7627,7952
1547: 1548,1717,1300,1066,1631
1548: 1717,1300,1547,1302,1384,1718
1549: 1893,1806,1384,1805,1718
6478: 
9968: 9549,9909,5552,5249
7431: 7521,7164,7075,7345,7344
1553: 1472,1810,1388,1387,1722
9735: 8389,8730,8599,9952,10022
4525: 4523,4626,4527,4526,4423,4529
1556: 1473,1472,1810,1899,1727
1557: 1729,1230,1392,1816,1473
9732: 68,42,9850
7973: 8497,8356,8565
6705: 9494,6418,6799,6514
1561: 1396,1568,1477,1562,1078
1562: 1477,1644,1561,1566,1404
1563: 2170,1238,9409,1991,1902
9421: 9655,9496,9707,9371,9642
7627: 7283,7542,7792,7952,7711
1566: 1488,1562,1404
4445: 4448,4548,4345,4440,4444,4650
1568: 1396,1561,1483,1404,9902
9229: 9185
8995: 8709,8888,9045,9127,9600,9297
1571: 1572,1406
1572: 1571,1573,1406,1740,1657
1573: 1406,1572,1657
10032: 9591,9422,9994,9375,9582,9947
5882: 
1576: 9765
9851: 10,31
1578: 1493,9677,1494,1246,1663
1579: 1664,1836
5508: 5408,5509
6809: 6993,6716
1582: 1930,9327,9579,1497,1755
1583: 1499,1759,1758,1414,9737,9669,1500
5977: 5978,5878
5551: 5849,5348,5349,5848
9253: 9299,9274,7608,9636,9517,9631
1587: 1502,1420,1336,1504,1760
9745: 789,9882,722,10008
6378: 6474,6282
8282: 8496,8631,8497,7890
5455: 5852,5454,6140,5355,5453,5253
1592: 1340,1506,1853,1943
7638: 7721,7804,7555,7723
1594: 1427,1682,1510,1767,1769
5317: 5417
5087: 5086,4986
9480: 9503,9429,9294,10025,9678,9360
9564: 9613,9307,9610,9504,9560,9546
1599: 1514,1600,1515,1772,1513
1600: 1516,1602,1515,1599,1687
9166: 9167
1602: 1516,1600,1687,1688
8614: 8406,8677,9694,8478
5337: 9583,5438,5335,5736,5536
1605: 1520
9458: 7532,9550,7184,7360,9354,9310
9342: 9320,9443,9246,9357,9397,9761
1608: 1524,1693
5512: 5611,5513
1610: 1525,1526,1611
1611: 1527,1612,1526,1610
1612: 1527,1444,1611,1698
4294: 4293
9157: 9112,8982,9292,9236
6371: 6370,6467,6275
1616: 1532,1617,1702,1701
1617: 1449,1618,1616,1532,1702,1703
1618: 1449,1617,1619,1703,1704
1619: 1535,1618,1704,1620
1620: 1619,1290,1706
9486: 9928,9729,9705,9289,9390,9534
1622: 1373,980,1793,1291,1623
1623: 1622,1373,1539
5964: 6058,5961,6062
4838: 4837,4637,4839
5269: 5370,5267
7032: 7123,7033,6941,7122
1628: 1461,1215,1542,1376,1800
8636: 8701,8878,8499,8361,8634,8820
1630: 1545,1631,1461,1800,1716
1631: 1630,1545,1717,1547,1716
8677: 8614,8478,8676
8861: 8683,8960,9017,8968
5922: 5724,6021,6121,6022
6843: 6749
9243: 9126,9125,9194,9242,9387
4453: 4458,4455,4553,4354,4450,4448
4941: 4839,4840
9929: 9721,9718,9348
9348: 9718,9266,9929,9523,9703
5848: 6041,5349,5551
5550: 5649,5650,5750
5202: 5201,5302
1644: 1477,1312,1562,1476,9250
9723: 9513,9258,9646,9412
8075: 8074,8154,8076,7913,7996,7914
9749: 9546,9567,9615,9863,9811,9827
9848: 9667,10019,9884,9710
4422: 4522,4319,4218,4320,4423,4322
8392: 8168,8603,8393
1651: 1996,2361,2270,9720,1821
7630: 7460,7373,7953,7545,7794
5328: 5327,5424,5225,5426
9494: 6705,6799,9469,9417,9684
7761: 7759,8005,7679,9466
7792: 7368,7191,7279,7627,7542,7791,7952
1657: 1572,1573,1741,1740
8597: 8460,8387,8457,8790,8792
9863: 9548,9615,9749,9811,9673,9672
5781: 5683
7953: 7373,7630,8031,8032,8186
4462: 4463
1663: 9677,1578,1494,1664
1664: 1836,1579,1494,1663
9318: 9664,9128,9960,9558,9501
1666: 1840,1412
9612: 9551,9405,9770,10004,9257,728
9824: 9727,9571,10005,9664,10039
9998: 7775,9447,9373
4478: 4479,4579
9680: 5846,5847,9652
7000: 7184,7181,9406,7001,7360
9520: 9516,9713,3134,3330,3333,3530
6671: 6672,6575,6576
9700: 9717,9709,1318,9761,1819,1820
1676: 1851,2028,1849,1506,1762
9518: 9559,9400,7419,7680,7847,9525
9750: 9692,9097,9293,9052,9340,9594
7163: 6699,6979,6888,9696,9860
8880: 8987
5961: 5960,5964
1682: 1427,1594,1512,1769
9510: 2578,2664,9997,2672,9532,9286
8898: 9005,9592,8718,9055,9356,9004
7428: 7515,7425
8020: 7780,7617,7942,9465,9993
1687: 1602,1600,1688
1688: 1602,1687
4369: 4269,4470
5380: 5379,5280,5480
6888: 6890,6984,9575,6699,7163,9860
9792: 9776,9873,10006,9941,9992
1693: 1608,1779
8978: 9070,8874,8821
6215: 6117,6216,6410
6783: 6688,6784,6973
4592: 4491
1698: 1784,1612
4585: 4584,4687
9931: 9888,2015,2014,9949,2198
1701: 1702,1616
1702: 1701,1616,1617,1703
1703: 1704,1618,1617,1702
1704: 1703,1618,1619,1790
9353: 9437,9356,9917,9334,9592
1706: 1793,1291,1290,1211,1620
6516: 6896,6708,10016,9898,6706
9517: 7608,10009,9253,9631
1709: 1539,1212,1133,1797
9993: 9989,9763,9465,9944,8020
4634: 4937,4936,4527,4630,4729,4730
6432: 10042,6628,9964,6627
8624: 8687,8490,8866,8422,8688
9018: 8683,8805,8917,9634
8743: 9016,9010,8960,9017
1716: 1890,1630,1631,1717,1803
1717: 1548,1547,1631,1716,1803,1718
1718: 1803,1805,1548,1717,1384,1549
9399: 9500,9819,943,1096,9382,868
9730: 1408,1326
1721: 1722,1468,1806,1894,1983
1722: 1721,1468,1387,1553
9465: 9402,10034,9944,9993,8020
8593: 8661,9617,8591,8455
9994: 10032,9422,9870,9947,9838,10000
5902: 6001,5901
1727: 1901,1812,1816,1556,1899
5606: 5705
1729: 9481,1557,1392,1476,9250
6307: 6403,6209,6308
1731: 9254,9481
1732: 2262,2170,1238,1399
9906: 9898,9896,10020,10016,9914
9573: 5044,9352,9412,9258,9538,4742
8165: 8462,8241,8008,8391
5108: 5007
6338: 6339,6436,6336,6139,6335
1738: 1739,1912,1914,1487
1739: 1738,1914,1487,1740
1740: 1741,1572,1739,1657
1741: 1740,1657
8119: 8120,8616,7880,7962,7879,8483,8042
9085: 9894,9128,8886,9130,9126,8885
4211: 
1745: 1921,1919
9248: 513,704,9366,9590,9430
1747: 2022,2021,2205
9961: 9267,9389,9554,9859,9731,10021
8908: 8271,8343,9391,8680,9625,9641,8485
7475: 7386,7300,7560,7646,7562
6967: 6969,7060,6781,6966,7059
9818: 785,9865,9757,9958,848
9813: 9720,9708,9335,9722,9645
9814: 9328,9825,9935,9955,9897,9922
1755: 2483,1582,1497,2107,1931
1756: 9542,1844,9361,1758,1846
4523: 4525,4626,4522,4423,4521,4621
1758: 1759,1583,1756,1935
1759: 1758,1583,1500,1502,1847
1760: 2207,1847,1587,1502,2300
4819: 4719,4821
1762: 1255,1506,1338,1421,1676,1849
5805: 
9821: 467,599,9719,9270
9245: 787,9552,1076,9363,9635,1152
4316: 4415,4216,4318,4417,4319
1767: 1507,1594,1769,1855
9495: 9488,927,9264,527,9530,652
1769: 1946,1855,1682,1594,1767
9331: 9522,9799,9797,9489,4341,4338
5186: 5185,5086,5286,5287
1772: 1512,1513,1599
9011: 8964,8911,8966
6351: 6348,6350
7066: 6784,6973,6974,7252
9529: 9920,9943,9362,9377,9638
1777: 1778,1864
1778: 1777
1779: 1693,1867
5015: 4915
8145: 8144,8066,8221,8222,8146,8296
1782: 
7467: 7380
1784: 1698
9940: 9788,923,785,9316,10002
8663: 8662,9616,8596,8790,8729
5364: 5363,5461,5064,5266,5462
9790: 9796,9759,9704,2940
6517: 6709,6426
1790: 1704,1878
9576: 9251,1253,9283
6920: 6733,7011,6917,6915,7010
1793: 1706,1291,1622,1881
7057: 6966,7059,7148
9119: 9077,8980,9234
6627: 6531,9817,6432
1797: 1541,1973,1709
6820: 6724,6350,7262,6631,6541
9628: 9623,9260,9616,9419,9904,9271
1800: 1461,1628,1630
9332: 9620,9772,3536,9374,9396,9425
8616: 8119,8120,8483,8741,9625,9568
1803: 1805,1718,1717,1716,1890
9592: 9005,8898,9336,9356,9353,9437
1805: 1803,1718,1549,1893,1892
1806: 1549,1894,1468,1721
9692: 9097,9750,9293,9336,9893,9786
6464: 
8363: 7979,8138,8213,8216,8435
1810: 1472,1553,1556,1897,1899
5528: 5726,5727,5331,5630
1812: 1901,1727,1987,1899,1989
7234: 7145
6139: 6336,9265,9305,6338,6335,9901
8715: 8449,8716,8834,8649,8776
1816: 1473,9481,1557,1727
4910: 5010,4809
5699: 5599
1819: 2264,1820,1318,9700,2082,2172
1820: 2264,1819,2173,9717,9700,1905
1821: 1999,1996,1651
1822: 1912,2001,1909
9642: 9427,9371,9421,9496,251,672
5975: 5876,6072
9953: 9833,9687,9783,7783,7865,7704
8904: 8905
9543: 9435,9308,6724,7262,9540,9512
4423: 4526,4322,4522,4422,4523,4525
5804: 5705,5904
9443: 9342,1488,9246,9296
1831: 2006,2096,1917
9647: 9805,9650,9943,9435,9540,9967
1833: 1921
9296: 9246,9335,9722,9715,9443
1835: 2199,2015,1841
1836: 1664,1579
8767: 8507,8707,8769,8705,8938,8882
1838: 1840
6768: 6767,6769,6862
1840: 1666,1838
1841: 9609,2199,1835
9768: 9753,9714
9255: 9382,9637,9878,9500,9251
1844: 9542,1756,1497,1846,1931,2022
5009: 5110,4909
1846: 1935,2021,1756,1844,2022
1847: 2207,2024,1760,1759,1502,1935
6510: 6416,6512,9475,6414,6607
1849: 1676,2028,1762,2118,1504,1421
9554: 2271,9389,9961,2363,9859,1915
1851: 1676,2028,2123,1853,2030
7778: 7694,7354,7528
1853: 2123,2033,1943,1592,1851
9552: 9245,787,9363
1855: 1769,1767,1943
5253: 5353,5453,5252,5251,5153,5455
7694: 7778
4390: 4391,4491
6480: 6576,6385,6481
9226: 9225,10014
1861: 1950
5637: 6032,5340,5837
9854: 9691,9787,9889,9438,9767,9926
1864: 1953,1777
9719: 9830,9821,9270
9726: 9861,9666,9849,9784,9668,9979
1867: 1868,1779
1868: 1867,1957
5070: 4969,5069
9563: 9584,9444,9019,8560,8867,8811
8042: 7884,8121,7962,8119,8120
9574: 9408,9302,9482,10017,9808
1873: 
8592: 8591,9617,9448
9850: 16,68,9732
1876: 
9631: 7249,7155,9274,9253,9517
1878: 1790
9847: 6514,10016,9914,9685,9908,6706
9778: 9386,9952,10022,9831
1881: 1969,1793
9908: 6418,6425,9278,6514,9847,9685
8555: 8808,8748,8806,8346,8419,8417
7565: 7650,7478,7649
9239: 9219,9193,9560,9161,9162,9567
6915: 6917,7003,6912,6731,6733,6920
10013: 9482,9352,9412
7081: 9764,7342
9578: 5951,9455,9410,9367,9311,6047
1890: 1716,1803,1978
9264: 9488,9495,9514,9812,9291,9530
1892: 2161,1805,1893,2160
1893: 1549,1894,1805,1892
1894: 1893,1806,1721,1983
9747: 9669,9630,9361,9874,9774,9986
9614: 9306,6238,5752,9471,9343
1897: 2074,1987,1899,1810,1984
9261: 2679,9476,9325,9364,2678
1899: 1897,1987,1810,1556,1812,1727
5308: 5307,5408,5207
1901: 1812,1727,1316,1902,1989
1902: 1991,1989,1901,1316,1563
10036: 9932,10011,9891,9744
9394: 5755,9533,9410,5754,5657,9455
1905: 1995,9717,2173,1820,2453,2454
6004: 6003
5876: 5975
9503: 5343,9562,9429,9480,9454,9294,5138
1909: 1999,1822
5252: 5145,5148,5251,5153,5151,5253
6272: 
1912: 1738,1914,2001,1822
5480: 5280,5380,5481
1914: 1738,1739,1912,2001,2182
1915: 2366,9859,9554,2363,2364
7918: 7669,8080,7667,7668,7999
1917: 2006,1831,2279
9352: 9573,5044,9412,10013,9482,9408
1919: 1745,2010
6326: 6130,9401,6038,6227,6128,6327
1921: 1745,1833
9954: 2190,9451,2100
7526: 7352,7175,7439
6398: 
9928: 9486,9729,10024,9390,9484,9733
9911: 9979,9401,6038,9644
9969: 9440,9698,394,289,9883,9853
4809: 4709,4910
5792: 5793,5891
1930: 1582,9579,2293,2199,2387
1931: 2107,1844,1497,1755,2022
9849: 9726,9861,9666,9701,9648
5492: 5392,5393
4320: 4323,4218,4118,4422,4322
1935: 1846,2021,1758,1847,2024
4917: 4815,5018,4918
5823: 
6207: 
5200: 5201,5300
4954: 4747,4849,4645,4853,4955,5055
4606: 4605
4450: 4354,4256,4349,4448,4453
1943: 2033,1853,1592,1855
7340: 7929,7248,7765
9112: 8982,9157,9027
1946: 1769,2036
5475: 5476,5574,5375
9038: 9161,9194,8990,8989,9039,9125
4729: 4730,4626,4527,4725,4634
1950: 1861
1951: 
4817: 4716,4918
1953: 1864,1954,2043
1954: 1953,2043,2044
9722: 9296,9335,9715,9903,9813,9708
9312: 9413,9733,9951,9426
1957: 1868,2047
6089: 
6483: 6388,6387,6482
1960: 2050
4990: 4890,4991,5090
7314: 7402,7401
6607: 6894,6510,6419,6703
7962: 7880,7877,7801,8119,8042
9534: 9436,9390,9289,8031,9486,8186
4307: 4306
5379: 5380,5278,5478
5705: 5804,5606
1969: 1881
8620: 8485,8417,8685,8681,9641
5154: 5256,4950,5051,5054,5052
8683: 8619,8861,9018,8968
1973: 1797
9679: 9704,2938,9697,9796,2841,9304
5395: 5295,5294,5394,5495
8916: 8621,8805,8685,8806,8917,8807
1977: 1978
1978: 1977,1890
4766: 4665,4867
7691: 9779
7579: 
6709: 6517
1983: 2072,2073,1984,1894,1721
1984: 2073,1983,2074,1897
4937: 9280,4634,4936,4836,9877
9675: 2201,10033,9659
1987: 2074,1897,1899,1812,2165
9492: 9881,9581
1989: 2079,1902,1901,1812
8046: 8276,7965,7804,7723,8201
1991: 2079,1902,2170,1563
6227: 6226,6128,6420,6326,6327
9260: 9623,9628,8309,8727,8383,9419
9885: 9449,9303,9754,9846
1995: 1905,9645,2361,2454
1996: 2270,1651,1821,1999,2271,2272
9388: 9557,10002,9321,9514,9365,9488
4584: 4685,4585,4483
1999: 2090,1909,1821,1996,2272
9605: 2862,9411,9541,9595,9479,2674
2001: 1912,1914,1822,2002,2182
2002: 2182,2001,2090,9606
8667: 8603,8391,8242,8318,8463
9426: 8538,9413,9312
8084: 8006,8163,8005,8460,8389
2006: 2096,1831,1917,2279
2007: 2188,2096
7947: 8106,8023,7946,7945
4501: 4502
2010: 2098,1919,9451
9487: 9329,9565,9974,9837,9869,9806
5886: 5887
8056: 7733,8134,7899,8135,8058
2014: 2196,9949,9931,2574,2384
2015: 2293,2199,1835,9931,2198
5561: 5462,5754,5562,5657,5461
4242: 4040,4141
5613: 5713
9328: 9814,9825,9262,9935,9569
4301: 4201
2021: 1935,1846,2024,1747,2022,2205
2022: 1747,1844,1846,2021,1931
6416: 6510,6512,6320,6223,6323,6414
2024: 2207,1847,1935,2021,2111,2205
5819: 5720,5818,5920
5018: 4918,4917
5894: 5893,5895
2028: 1676,1851,1849,2118,2030,2119
9498: 4438,4539,9538,9522,9599,9513,9258
2030: 2212,2119,1851,2028,2123
9354: 9310,9643,9550,9458,9402,9499
8227: 8150,8225,7992,8373,8303,8228
2033: 2123,1853,1943
7520: 7344,7692,7080
8701: 9079,8636,8878,8702,8361,8879
2036: 2037,1946
2037: 2036
8866: 8687,8624,8688,8867,8919,9019
9766: 9876,9927,9978
8426: 8425,8205,8630,8694,9509,9449
4338: 4341,4440,9522,9331,4438,4442
9905: 1160,1009,9937,1007,9780
2043: 2133,1953,1954,2044
2044: 2135,1954,2043
9595: 9532,9479,2770,2666,9605,2674
6420: 6227,6226,6323,6512,6421,6327
2047: 1957
7010: 7009,6916,6917,6920,7011,7103
2049: 
2050: 1960
9582: 9597,3936,9396,9375,9591,10032
6275: 6371
10019: 9561,9667,9848,9508,9936,9710
7208: 7118,7207,7119,7209,7296
2055: 2145,2056
2056: 2057,2147,2055
2057: 2056,2147,2148
6639: 6640,6448,6823,6731
9007: 8846,9008
8338: 8479,8474,8540,8737
2061: 2151
9804: 9441,9590,9337,9440,9698
7993: 8152,7992,7831,7913,7911,8074
8846: 9007,8787
2065: 2156
5891: 5792
6223: 6126,6323,6320,6122,6416
7780: 7452,7451,7617,8020,7942,7450
6293: 6196,6389
8982: 9112,9157,9236,9235
8949: 8999,8947,8837,9046,8950,9054
2072: 2073,1983
2073: 2072,1983,1984,2074
2074: 1897,1987,2073,1984,2165
9194: 9161,9038,9162,9125,9243,9242
7821: 7737,7655,7901,7739,7903,7902
8496: 8282,8631,8694,7890,8352,8205
4986: 5086,5087
2079: 1991,1989
9613: 9564,9307,9610,9618,9420
8928: 9235,9077,9976,9071
2082: 2172,1399,1318,1819
9762: 10030,9752,9789,10039,10003,9857
8106: 7947,8028
9205: 10007,9179
8306: 8230,8451,8154,8153,8155,8380,8307
7125: 7124
7305: 
5653: 5752,5849,5552
2090: 1999,2002,2272,9606
6805: 6614,6804,6711
9903: 9715,9902,9722,9708
4771: 4872
7697: 9310,9508,7859,7184,7181,9561
6588: 6683
2096: 2006,1831,2007,2188
9455: 5951,9578,9394,9410,5754,5662
2098: 2188,2010,9451,2280,2189
7667: 7582,7669,7918
2100: 2190,9954
7099: 7190,7276,7009,7008,7102,7191
6699: 7162,7163,6888,6890,6886
9256: 4240,4241,9489,4239,9442,9462
9122: 9080,9218,9504,8987,9160,9219
7318: 7319,7405
8938: 8882,8990,8767,8769,8991
2107: 1931,2483,1755,2672,2578
8134: 8209,8498,7733,8056,8210,8135
9758: 617,9295,9918,9663,1045,684
2110: 2202,2485,2580,9619,2390,2392
2111: 9662,2205,2204,2207,2024
9368: 10043,9660,9584,9497,9971,9596
9761: 9357,1318,9342,9246,9700,9709
8110: 8033,7956,8261,8262,8189,7958
4867: 4766,4968
9933: 9923,376,9809,431
8429: 8632,8358,8430,8695,8499,8634
2118: 1504,2028,1849,2208,2119
2119: 2030,2212,2118,2028,2208,2303
6041: 5750,5349,5848,6043
9538: 9498,4539,9258,9573,4742,4641
8387: 8460,8597,8161,7759,8004,8005,8457
2123: 2033,1853,1851,2030
6552: 6648,6647
4880: 
6349: 6348,6347,6058,6062,6256
9937: 9840,9780,9905
2128: 2220
8681: 9381,9716,8620,8685,9653,8621
7813: 8208,8873,9355,7563,8054,7564
2131: 
8382: 8380,8307,8383,8453,8455
2133: 2043,2224,2225
7342: 7081
2135: 2044,2136
2136: 2135,2228
8330: 8471
5672: 5573,5572
9728: 9656,9973,9823,9769
5299: 5300,5400
9411: 9605,9541,9845,9479,9351
8981: 8980
9668: 6037,9784,9726,6130,9401,9979
2144: 2145,2236
2145: 2144,2055,2236
6767: 6768,6672
2147: 2056,2057,2148,2238
2148: 2057,2147,2240
7911: 8150,7992,7993
4747: 4954,4849,4947,4642,4645,4743
2151: 2061
6117: 6018,6216,6118,6215
2153: 2244
8201: 8126,8422,8276,8046,8490
6219: 6320,6122,6316,6121,6218,6022
2156: 2065,2248
8219: 8144,8221,8143,8439,8707,8368
9373: 9998,9447,9434
4757: 4555,4658,4655,4855,4856,4858
2160: 2161,1892,2251
2161: 1892,2160,2253
7847: 7328,7505,9525,7417,7419,9518
5933: 6037,9784,5833,5839,5936
9555: 9351,9535,3054,2761
2165: 2074,1987
9541: 2862,9411,9605,9535,9351,2762
4944: 4845,5047,5044,4743,5144
7488: 7400,7401,7487
8621: 8916,8805,8801,8681,8685
2170: 1238,1563,1991,2262,1732
7867: 8028,8023,7948
2172: 2082,2264,1819,2638
2173: 2264,1820,1905,2453,2265
5247: 5047,9302,5144,9604,5145,5148
6421: 6419,9278,6327,6420,9432
6549: 6645,6550,6548
9384: 9475,6412,6508,6984,9511,9575
4387: 4388,4287
8093: 8244,7932,8013,8397
5410: 5509
5640: 5740,5540,5639
2182: 2002,1914,2001
8230: 8306,8378,8451,8153,8304
9706: 9991,563,9676
2185: 2369
4890: 4990,4891,4789,4991
9951: 7870,10024,9733,9312
2188: 2098,2007,2096,2280
2189: 2280,2098,2190,9451
2190: 9451,9954,2100,2189
9727: 9824,9789,10039,9939
2192: 2284,2193
2193: 2194,2285,2192,2284
2194: 2193,2285,2286
5769: 5868
2196: 2014,9949,2383,2476,2571,2384
2197: 
2198: 2481,2574,9931,2293,2015
2199: 2293,2015,1835,1841,1930
9838: 9866,9870,9994,10000,9689
2201: 2770,9675,10033,2580,2866
2202: 2110
2203: 10010,2395,2490,2585,2586
2204: 2207,2300,2394,2111
2205: 2111,2021,2024,1747
9493: 1068,709,9358,9577,9268,1067
2207: 2204,1847,2024,1760,2300,2111
2208: 2303,2300,2394,2118,2119
6797: 6890,6984,6508,6410,6507
7696: 7355,7859,9301,9805,9773
9959: 9670,9751,9721,9524,9459
2212: 2030,2119,2303,2400,2305
9598: 121,9275,262,9547
5929: 5930,5928,6028,5826
7503: 7327,7757,7328,7505,7675
6018: 6117,5920,6118
7767: 7599,7601,7931,7850
2218: 2311
4444: 4341,4440,4241,4346,4445,4345
2220: 2128
6688: 6593,6783,6784
9463: 9325,9398,10033,9619,9659,9608
5485: 5584,5585
2224: 2225,2133
2225: 2224,2133
4580: 4480,4579
9185: 9211,9229
2228: 2321,2136
5207: 5106,5307,5308
9364: 2871,9608,9325,9261,2391,2678
2231: 
5214: 5113,5215
4947: 4747,4849,4743,4845,4949
2234: 2326
8211: 8210,8135,8137,8358,8430
2236: 2144,2145
9986: 9572,9774,9747,9630
2238: 2147
9403: 9322,37,9287,9502,181,9313
2240: 2333,2148
9852: 9835,9915,9754,9453,9622,9303
7156: 7062,6972,7858,9274,7155
4697: 4797
2244: 2336,2153
5478: 5379,5578
6165: 6068,6164,6067,6262
6164: 6067,6163,6165,6262
2248: 2156,2249,2341
2249: 2341,2248
9915: 9852,9835,9593,9622,8632
2251: 2343,2160
8135: 8058,8134,8056,8211,8210
2253: 2161
7176: 7442,7179,7268,7777
7937: 8018
8234: 8309,8155,8727,8158,8076
6436: 6338,6339,6242,6335,6244,6337
9997: 2767,2672,9742,9510,9862,9286
9361: 9669,9747,9630,9542,1756
9774: 9874,9899,9986,9747
9278: 6421,9432,6425,9908,9685
2262: 2540,1732,2170
7389: 7302,7562,7563
2264: 1819,2173,1820,2172
2265: 2173,2451,2639
7336: 7680,9785,7155,9400
8386: 8594,8081,8526,7837,8236,8527
9877: 9718,9266,4836,9751,9280,4937
9661: 9438,9140,9407,9444,9767,9660
2270: 1996,2361,1651,2271,2362,2363
2271: 9389,2272,9554,1996,2270,2363
2272: 2271,9389,2090,1999,1996,9606
2273: 9491,2555,9333,2366,9924,2460
2274: 2371
9446: 9803,9537,360,418,9338,157
4518: 4521,4417,4516
7124: 7125
8630: 8426,8425,9449,8424
2279: 2559,1917,2006
2280: 2374,2189,2188,2098
9984: 9456,9686,9828,9681,9844
9481: 1729,1816,9250,9254,1731,9279
7855: 8018
2284: 2192,2193,2285
2285: 2193,2194,2286,2284
2286: 2194,2285
7521: 7431,7344,7692
2288: 2382,2380
5675: 5676,5774
4892: 4891,4789,4893
5129: 5125,5136,5234,5327,5329
8333: 8032,7954,8186,9436,8261,8033
2293: 2199,2015,1930,2481,2198,2387
5201: 5202,5200,5302
7259: 7169,7170,7258,7348
7587: 7413,7411,7670,7836,7756
9861: 9726,9849,5839,6032,9784
6512: 6416,6510,6323,6420,6419
7352: 7175,7526,7353,7440
2300: 2208,2394,2204,2207,1760
6226: 6227,6128,6420,6127,6126,6323
9895: 1080,9780,9882,9840,1006
2303: 2208,2394,2212,2119,2395,2305
9793: 370,426,9907,9782
2305: 2400,2492,2490,2303,2212
8685: 8620,8417,8681,8806,8916,8621
7419: 7241,7417,7331,7680,7847,9518
2308: 2400
6048: 6047,5953,5956,6144,6242,6051
9182: 9114,9187
2311: 2218
5727: 5726,5825,5528,5829,5630,5928
8787: 8846
4516: 4616,4415,4518
9894: 9128,9960,9085,9130,9600,9629
5599: 5499,5598,5699
8734: 8674,8609
9892: 8917,9102,9800,9634,9787
7682: 7931,8170,7599
7452: 7780,7451,7617,7618,7540,7539
2321: 2228
4392: 4292,4391,4493
6867: 
5622: 5621,5624,5722
2325: 2326
2326: 2234,2325
7002: 6910,6912,6911,7092,7003
7659: 
9784: 6037,5933,9668,5839,9726,9861
7283: 7627,7195,7542,7371
7026: 6934,7027,7117
4955: 4957,4856,5055,4855,4853,4954
2333: 2240,2427
4825: 4826,4927
2335: 2336
2336: 2244,2335
6098: 6196,6001
9653: 9881,9581,8681,9716,9995,8801
9840: 9937,10008,9882,9780,9895
4836: 4630,9670,9751,4937,9877
2341: 2249,2434,2248
4497: 4498,4397
2343: 2251,2436
4788: 
4904: 4802
6350: 6820,6348,6631,6257,6351,6541
8391: 8242,8165,8462,8667,9942
9319: 9624,2744,9333,2745,9913,9585
9365: 997,527,716,9557,9388,9488
9504: 9122,9218,9219,9560,9564,9307
4870: 4871
4793: 
9450: 9739,9828,9236,9545,9235,9976
9290: 9477,9467,9453,9478,9252,9622
8026: 7946,7945,8101
8542: 8544,8675,8674
5383: 5283
9439: 383,501,9676,9468,9473,9527
5249: 5752,5451,9968,5250,9909,5552
9616: 8663,8662,9623,9628,9271
2361: 2270,1651,1995,2454,2362
2362: 2552,2363,2361,2270,2547,2454
2363: 2362,2552,2270,2271,9554,1915
2364: 2552,2366,1915,2459,2555
8031: 7794,9289,7953,9534,8186
2366: 9859,1915,9924,2364,2273,2555
5936: 5931,5633,5833,6037,5933
9237: 9292,9033,9216,9640,9378
2369: 2185,2372,2747
6984: 6888,6797,6890,6508,9384,9575
2371: 2274
2372: 2942,2747,2369,2558
4330: 4331,4329,4232,9269,9521
2374: 2280,2561,2468
6359: 6358,6262,6455
8631: 8282,8496,8694,8497
9344: 9875,9271,9740,8791,9505,9395
9615: 9548,9242,9863,9162,9567,9749
7472: 7558
2380: 2288
7771: 7935,7934,7769,7936,9434,7770
2382: 2288,2383
2383: 2382,2196,2476
2384: 2573,2571,2014,2196,2569
6890: 6888,6797,6984,6507,6699
7014: 7456,7103,6829,7011,6831,6832
2387: 2576,2293,1930,2481
5438: 5337,5340,5736
2389: 2667,2578,2664
2390: 2771,2866,2865,2580,2110,2485
2391: 2776,2678,9364,2968,2872
2392: 2871,9608,9619,2110,2967
9725: 6531,9817,9975,6626,6906
2394: 2208,2303,2300,2204,2395
2395: 10001,2303,2394,2490,2203
6932: 7023,6931
8209: 8498,8134,7564,7649,8873,7733
9988: 8659,9917,9938
4642: 4747,4539,4643,4645,4743,4641
2400: 2492,2305,2212,2308
9620: 9772,9332,9375,9834,9396
5746: 5942,5647,5943,5648,5846
2403: 
9932: 3639,3836,10011,10036,3643,9744,9756
10004: 9770,728,1096,9612
7402: 7314,7401
2407: 
8244: 8093,8395,8393
2409: 2503,2410
2410: 2411,2409
2411: 2410,2412
2412: 2411
8513: 8444,8710,8298,8372,8579
9686: 9456,9984,9277,9618
2415: 2416,2510,2509
2416: 2415,2510,2511
6682: 6586,6683
6419: 6421,6512,6607,6425
5829: 5630,5727,5632,5930,5928
7135: 
7354: 7528,7265,7778
2422: 
8797: 
2424: 
7545: 7198,7371,7794,7460,7630
8835: 8891,8776,8587,8838,8779
2427: 2333,2428,2522
2428: 2522,2523,2427
9269: 9483,9392,4331,4330,4427,9521
9453: 9477,9290,9622,9509,9303,9852
9619: 10033,2580,9463,2110,2392,9608
9806: 9869,448,9487,9565,509,9515
5948: 9306,6238,5452,5453,6140,9265
2434: 2341
9648: 9701,9666,9849
2436: 2343,2530
9600: 9130,9127,8995,9894,9629,9297
9866: 9838,9999,9689,10027,9887
2439: 2533,2534
7456: 7014,7103,7102,7368,7542
2441: 2442,2536
2442: 2536,2441
5687: 
8138: 8058,8137,8363,7979,8213
10035: 9867,9471,9305,9901,9941,9992
8222: 8146,8145,8298,8296
8301: 8373,8303,8647,8712,8649
8028: 8023,7867,7948,8106
6173: 6270,5978
10043: 9767,9660,9368,9971,9926,9930
2451: 2453,2547,2642,2265,2643
8291: 7902,8292,8061,8216,8365
2453: 2451,2547,2454,1905,2173
2454: 2453,2547,1995,1905,2361,2362
7027: 7026,7117,7118
5714: 5713,5812,5715,5813
9709: 9717,9700,9645,9246,9335,9761
9063: 8869,8976
2459: 2554,2643,2551,2552,2364,2555
2460: 9924,9816,2273,9333,9585
9323: 9369,485,9393,9580,546
5870: 5871,5968
2463: 2649,2553,2554,9491,2650,9624
9694: 8614,8479,9886,9832
5774: 5676,5775,5675,5873
9478: 8357,8208,9355,9467,9290,9252
9225: 9226,10014
2468: 2658,2374,2657,2561
9736: 477,9829,9760
8032: 7954,8333,8186,7953,7713
9782: 9907,10040,9793,9460
9856: 9956,9586,9843,9934
2473: 2953,3144,3145
5578: 5478,5678
7540: 7455,7539,7279,7190,7618,7452
2476: 2383,2196,2571
5389: 5390
5313: 5312,5413
4271: 
4514: 4513
2481: 2574,2669,2198,2293,2576,2387
9635: 1076,9363,718,9291,9530,9245
2483: 2576,1755,2107,2767,2672
8076: 8154,8075,7996,8234,8155
2485: 2110,2771,2390,2870,2772
5230: 5331,5332,5341,5329,5333
9546: 9567,9749,9560,9564,9610,9827
8253: 8328,8470,8255,8179
7743: 7825,7988,7576,7744
2490: 2492,2305,2395,2203,2586
6196: 6098,6293
2492: 2400,2305,2490,2586
4858: 5062,5060,4658,4757,4856
8346: 8271,8419,8273,8485,8417,8555
5393: 5394,5392,5492
4463: 4462
4553: 4455,4453,4448,4548,4655,4555
9917: 9938,9334,9988,9353
4555: 4658,4757,4455,4553,4655
7375: 7373,7462,7631,7713
7252: 6974,9639,7066,7858,9299
6886: 6978,6695,6696,6699,7162
2503: 2409
5697: 5796,5598,5597
4391: 4390,4392,4491
7948: 7702,8028,7867
8921: 9111,9024,8972
9049: 9133,9170,9001
2509: 2415,2510,2604
2510: 2415,2416,2509,2511,2604
2511: 2512,2416,2510
2512: 2511,2513,2607
2513: 2512,2607
5138: 5338,5142,5036,9454,9503
2515: 2610
5069: 4969,4968,5070
9587: 8412,8481,9836,8339,9702
8744: 8619
7249: 9785,7155,9631,7247
5322: 5422,5323
8152: 7992,7993,8074,8153,8228,8304
2522: 2428,2523,2427,2616
2523: 2428,2522,2524
2524: 2523
8470: 8328,8253,8255
2526: 
8356: 8357,8565,7811,7974,7973
7070: 9627,6978,6884,7161,7160
8741: 8550,9423,8116,8483,8616,9568
2530: 2436,2531
2531: 2530
9271: 9875,9344,9628,9616,9904
2533: 2439,2534
2534: 2533,2439
8776: 8891,8835,8587,8716,8715,8714
2536: 2442,2441
9775: 9791,9345,9950,9699,9329,9416
2538: 
7576: 7743
2540: 2262,2634
9473: 9468,9527,9439,9464,9324
8023: 8028,7867,7947
9899: 9874,9665,9774
5713: 5714,5812,5613
6853: 6854,6759
9773: 9805,9650,9839,7696
2547: 2451,2453,2454,2362,2552,2643
9080: 9122,9218,9079,8987,8879,9238
9069: 9024,8868,8812
7164: 7431,7073,6983,7075
2551: 2554,2643,2459,2642,2738,2553
2552: 2362,2363,2364,2547,2643,2459
2553: 2646,2463,2649,2738,2554,2551
2554: 2551,2459,9491,2555,2463,2553
2555: 9491,2273,2364,2366,2554,2459
9234: 9029,9119
9674: 466,529,9830,9276,9956,9586
2558: 2842,2372,2942
2559: 2279
6974: 7160,7252,7066
2561: 2655,2657,2374,2468
5141: 5037,5142,4934,9280,4936,9602
8358: 8632,8430,8429,8211
6062: 5965,6063,5964,6349,6256
4730: 4929,4729,4634,4936,4934
9214: 9114,9072,9187,9074
7750: 7582,7581,7832,7668,7914
9545: 9292,9236,9378,9450,9828,9456
2569: 2574,2669,2573,2384
2570: 2669,2576,2767,9742
2571: 2573,2384,2196,2476
8485: 8620,8417,8908,8271,8346,9641
2573: 2571,2384,2569
2574: 2481,2669,2198,2014,2569
6804: 6614,6805,6519,6520
2576: 2483,2387,2481,2669,2570,2767
9273: 9589,9326,9809,491,217,319
2578: 2664,9510,2107,2672,2389
5584: 5485,5585,5683
2580: 10033,9619,2201,2866,2390,2110
7719: 7801,7721,7885,7884
5345: 5244
9247: 489,9372,9528,9295,1043,683
2584: 2778,2680,2585,9476,2679
2585: 2584,2680,2586,9244,2203
2586: 2680,2585,2492,2490,2203
5818: 5720,5819,5917
9004: 9098,8841,8718,9005,8898
5568: 5466,5664,5668,5467
7675: 7759,7503,7757,7505,7679,7922
5417: 5317
4807: 4707
4876: 
7400: 7312,7401,7487,7488
2595: 2689
5157: 5054,5258,4852,4957,5055,5159
9162: 9161,9194,9239,9567,9242,9615
5624: 5424,5622,5725,5426,5724
7740: 7739,7905,7741
2600: 2694,2695
9857: 9046,8838,9762,10030,9752
8632: 8358,8429,8695,9835,9915
8121: 7884,8044,8042,8120,8197,8343
2604: 2698,2699,2510,2509
9218: 9122,9080,9504,9217,9238,9307
9375: 9620,9834,9582,9396,9947,10032
2607: 2512,2513,2702
4274: 4173
2609: 2703,2610,2704
2610: 2515,2609
9374: 3835,3839,3536,3837,9332,9425
7909: 8069,8372,7828,8150,8225
2613: 2708
9671: 9862,9970,9742,10023,9965
7311: 7312,7398
2616: 2710,2522
4481: 4582,4480
5106: 5207,5105
4349: 4255,4347,4346,4450,4345
6242: 6144,6339,6436,6048,6244,6051
9859: 2366,1915,9924,9554,9961,9731
9649: 9284,9904,9875,9795
8714: 9089,9132,8891,8776
9942: 8391,9963,9651
4893: 4892
5366: 5467,5266,5267,5462,5562
7327: 7673,7503,7238,7237,7328
4399: 4298
8430: 8358,8429,8211,8137,8499,8431
8474: 8338,8264,8737
6631: 6348,6629,6350,6820,7262
4964: 4865,5064,5163,5062
9369: 614,485,9323,9580,366,9626
2634: 2728,2540,2729
9532: 9595,9479,9286,2664,9510,2666
9046: 8837,9857,10030,8949,8947
5793: 5792,5695,5893
2638: 2733,2172
2639: 2733,2734,2265
6520: 6519,6426,6614,6804
7723: 7555,7638,7804,8046
2642: 2738,2734,2451,2643,2551
2643: 2551,2459,2451,2547,2552,2642
7703: 7704,7787,7783,7707,7870,8029
5917: 5916,5818
2646: 2649,2553,2738,2928,2830,3025
9010: 8743,9016,8962,8857
2648: 3027,3025,2649,2650,2742
2649: 2646,2463,2553,2650,3025,2648
2650: 9624,2744,2463,2649,2648,2742
6927: 6926,7198,7019
7770: 7932,8171,8013,7769,7934,7771
5520: 5620,5421
4458: 4455,4453,4354,4459,4559
2655: 2657,2561,2752
8991: 8708,9039,8769,8644,8938
2657: 2655,2561,2658,2468,2752,9841
2658: 2468,2657,9841
6994: 6902,6904
8455: 8453,8382,9284,8593
9250: 1476,1644,1729,9481,9279
2662: 2758,2951,2953
8820: 8634,9070,8636,8878,8984,8821
2664: 2578,9510,2667,2389,9532,2666
5267: 5167,5266,5366,5269
2666: 2770,2664,2667,9595,9532
2667: 2389,2664,2666
9488: 9495,9264,9388,9514,527,9365
2669: 2481,2574,2576,2569,2570
9167: 9166
6556: 6461,6651
2672: 9997,2767,2483,2107,2578,9510
5340: 5438,5637
2674: 2866,2865,9595,2770,2862,9605
8811: 8424,9497,8560,9584,9563
7569: 7570,7737
9291: 9363,9635,9530,9980,9812,9264
2678: 2776,2391,2777,9261,9364
2679: 2777,9261,2778,2584
2680: 2778,2584,2585,2586,2681
2681: 2685,2778,2680
8599: 8462,8241,8163,8389,9735
9431: 9315,9300,9288,9464,9324,9566
9610: 9564,9613,9546,9827
2685: 2681
4968: 4969,4867,5069
6598: 6405,6695,6884
9315: 9300,9431,9566,9526,9287,9445
2689: 2595
9314: 9687,9783,9989,9347,10015
2691: 2787
7739: 7740,7905,7655,7821,7903,8064
2693: 2694
2694: 2600,2693,2695,2790
2695: 2600,2694,2790
9654: 2752,9841
2697: 2698
2698: 2604,2699,2697
2699: 2604,2698
6122: 6320,6219,6121,6223
7713: 7631,7796,7375,8032,7954
2702: 2703,2607
2703: 2609,2702,2704,2799
2704: 2609,2703,2799,2800
2705: 
9558: 9387,9501,9507,9318,9802
7091: 
2708: 2613
4470: 4369
2710: 2616,2806
5424: 5328,5624,5426
2712: 2808,2713
2713: 2808,2712
9059: 9012,8964
2715: 
9948: 586,9474,523
6799: 6418,6703,9469,6705,9494
2718: 2719
2719: 2718,2815
4641: 4743,4539,9538,4642
2721: 
4907: 5007
2723: 2818
5116: 
8154: 8074,8075,8153,8076,8155,8306
5581: 5680,5481
6507: 6696,6797,6890
2728: 2634,2729,2824
2729: 2730,2728,2634,2824,2825
2730: 2729,2825,2826
9109: 9067,9066
2732: 
2733: 2638,2639
2734: 2642,2738,2639,2830
9910: 5942
6982: 7073,6983
5533: 5632,5434,5633,5833,5436,5536
2738: 2642,2734,2551,2830,2646,2553
9244: 10010,9810,2585,9476,9398
9967: 9540,9406,9805,9647,7355,7181
9292: 9236,9032,9237,9545,9157,9378
2742: 2743,2836,2650,2744,3027,2648
2743: 2836,2742,3127,2744,2745,2840
2744: 2650,9624,9319,2745,2743,2742
2745: 9913,2744,9319,2743,2840,9304
7608: 9636,9517,10009,7434,9253,9880
2747: 2844,2372,2942,2369
6966: 7057,7059,6967
8339: 8264,9836,8538,8265,8412,9587
9005: 9592,8898,9336,9004,9098,9097
9187: 9114,9214,9182
2752: 9654,9841,2655,2657,2848
5789: 5889
9603: 9301,9884,9667
2755: 2852
9632: 9604,9350,9808,9985,9404,9755
5225: 5224,5125,5327,5328
2758: 2951,2662
9751: 9670,9959,9721,4836,9718,9877
7737: 7655,7821,7901,7569,7819
2761: 3054,9555,3251,3351,3153
2762: 2858,2862,9541,9535,2962
7879: 8116,7958,8483,7956,7880,8119
9385: 9900,9807,9288,9300,9370
9705: 7791,7952,7625,9289,9486,9729
8784: 8844
2767: 9997,2672,9742,2576,2483,2570
9594: 9340,9750,9293,9519
8647: 8444,8710,8373,8301,8888,8712
2770: 2201,2666,9595,2866,2674
2771: 2390,2865,2485,2963,2962,2772
2772: 2870,2771,2485,2963,2964
9490: 9539,9367,5454,6144,6339
8658: 9055,9448,8590,8523,8591,8721
5765: 5960,5664,5668,5761
2776: 2391,2678,2873,2872
2777: 2679,2973,2678
2778: 2584,2680,2681,2679
9832: 9702,9886,9694,9981
6550: 6549,6645,6455
5280: 5480,5380
8502: 8213,8431,8361,8435,8639,8702
6144: 6339,6242,9490,9367,6047,6048
9173: 9171
9289: 7711,8031,9705,7952,9486,9534
9307: 9564,9613,9217,9218,9504,9420
2787: 2884,2691
9416: 9329,9565,9775,9345,9272
7122: 7123,7032
2790: 2694,2695,2887
7020: 7110,7019
6078: 6077
2793: 
5467: 5366,5370,5568,5466
9102: 8807,9892,8748,9140
5462: 5561,5562,5364,5461,5266,5366
2797: 
5904: 6003,5804
2799: 2895,2703,2704,2896,2800
2800: 2896,2704,2799
5825: 5725,5726,5727,5826,5928
2802: 
7360: 7092,7000,7184,7532,9458
5871: 5870,5872,5970
8674: 8542,8675,8734
2806: 2902,2710
9801: 9469,9417,9309,9764,9724
2808: 2713,2712,2904
9624: 2650,2744,9319,9491,9333,2463
9094: 9054,9340,9285
9663: 372,9962,9879,9918,9758,684
4561: 4459,4559,4663,4661
9550: 7532,7007,9458,7098,9354,9499
8873: 7813,9355,7564,8209,8498,9588
2815: 2719,2912
5041: 
9333: 9491,2273,2460,9624,9319,9585
2818: 2723
8393: 8395,8392,8244
5662: 5756,5564,5663,5856,5754,5951,9455
8054: 7562,7563,7646,7974,8208,7813
2822: 
5801: 5901
2824: 2920,2728,2729,2921,2825
2825: 2921,2730,2729,2824,2826
2826: 2827,2730,2825
2827: 2826
10026: 430,217,9946,754,9962
9837: 9950,9974,9487,9329
2830: 2928,2738,2734,2926,2646
9586: 9956,9856,466,9674,9843,9281
5171: 5272
4888: 4887
7999: 8158,8236,8080,7918,7668,7996
9386: 9952,9778,9359,9544,9712
2836: 2743,2742,3127,3027,3126
8236: 8158,7999,8080,7837,8386,8526
6425: 6418,6703,9908,6419,9278
9525: 7847,7505,7679,9559,9518,9466
2840: 2841,2937,9304,2745,2743,3127
2841: 2840,2937,9304,2938,9679,3131
2842: 2558
7155: 7249,9631,7156,9274,7336
2844: 2942,2747,2846
9780: 1080,1007,9895,9840,9937,9905
2846: 2848,2844
5552: 5849,9968,5752,5249,5653
2848: 2846,2752
9739: 9450,9828,9681,9976
8589: 8521,8654,8452,8590,8523
6335: 9901,9658,6139,6338,6436,6337
2852: 2755,2853
2853: 2852
10002: 9557,9316,9388,9788,9940,9321
9454: 9602,9523,9294,5142,5138,9503
9597: 9582,3936,9396,9425,3938,4036
9737: 1414,1417,9874,9665,9669,1583
2858: 2957,3057,2762,9535,3054
9350: 9604,9632,5145,5251,9404,5352
5587: 5487
4707: 4807,4605
2862: 9605,9541,2865,2674,2762,2962
5196: 5095
9267: 9606,9961,9389,10021
2865: 2771,2866,2390,2674,2862,2962
2866: 2390,2865,2674,2770,2201,2580
9132: 8714,9089,9982,8891,9752,10003
5572: 5573,5571,5672
9161: 9194,9038,9162,8989,9239,9193
2870: 2772,2485
2871: 9364,2392,2968
2872: 3166,2873,3264,2776,2391,2968
2873: 3166,2872,2776,3168,3069
4415: 4314,4316,4516
9729: 9486,9928,10024,9705,7625,9472
8950: 9098,8841,8837,8949
9535: 9541,9351,9555,3054,2858,2762
9254: 9409,1316,1731,9481,9320,9279
2879: 
8495: 8424,8627
2881: 
5756: 5564,5662,5754
6130: 6326,9401,6037,5937,9668,6128
2884: 2787
7439: 7175,7526
4280: 4179
2887: 2790,2983
2888: 
5363: 5263,5364,5461,5163,5361
2890: 2891,2986,2987
2891: 2890,2987
7398: 7311
2893: 
6660: 6564
2895: 2799,2896
2896: 2800,2895,2799
5105: 5104,5106
2898: 
9753: 9768,9779,10031,9714
8412: 9587,8191,8192,8339
2901: 2902,2997
2902: 2806,2901
9372: 489,9247,616,9528
2904: 2808
9973: 9728,9823
2906: 
9381: 9864,8681,9349,9716,9641,9391
9252: 9593,9622,9588,9478,9355,9290
2909: 2910
2910: 2909
7430: 9779,9977,7161,6979,7609
2912: 2815,3009
6731: 6912,6823,6639,6915,6733
9924: 2366,9859,9731,9816,2273,2460
9764: 9696,9724,9801,7081
6010: 6009,5912,6011
10007: 9205
9665: 9874,9899,1248,9737
9275: 262,9598,46,9547,163
2920: 2824,2921,3016
2921: 2825,2824,2920
5641: 5740
7231: 7319,7141,7142
9349: 9864,9381,9423,9391,9568,9688
2925: 2926,3022
2926: 2925,2830,3022
7039: 7130
2928: 2830,2646,3122,3025
5676: 5774,5775,5675
9542: 1756,1844,1497,9630,9361,9327
8265: 8191,8336,8538,8339
9683: 9842,8175
9864: 9381,9349,9716,9916,9688,9995
9092: 9091,9001,8999,8946,9285
6127: 5931,6028,6126,6226,6128
7655: 7737,7821,7570,7739
2937: 2841,2840,3127,3224,3129,3131
2938: 9704,9679,3036,2841,3131,3230
9424: 3536,9621,3339,9418,9772
2940: 3037,3038,3134,9790,3036
5571: 5572
2942: 2844,2372,2747,2558
6653: 6748
2944: 3041,3137,3235,3234
2945: 3140,3042,3139
8841: 9004,9098,8950,8779,8718,8837
5796: 5697,5895
9734: 9524,9282,4336,9569
8702: 8701,8502,8361,8639,8879
9565: 9487,9329,9416,9806,9515,9272
2951: 2758,2662,2953,3144,3242
8498: 8209,8134,8873,9588,8210,9379
2953: 2473,3144,2951,2662
9724: 9696,9764,9860,9601,9801,9309
8806: 8748,8555,8417,8685,8916,8807
9262: 9328,4029,4030,9935,4132,9569
2957: 2958,2858,3057,2961,3156
2958: 2957
7564: 7478,7649,7563,8873,7813,8209
4621: 4521,4523,4626,4720,4725
2961: 2963,2964,2957,3156,3255
2962: 2963,2862,2771,2865,2762
2963: 2964,2961,2962,2771,2772
2964: 2963,2961,2772,3257
9819: 9500,9399,9972,9748
9405: 872,1097,9551,729,9612,728
2967: 2968,3164,2392
2968: 3164,2967,2871,2391,2872,3264
8708: 8991,8886,8644,8645,8830
7787: 7865,7704,7703,8029,7702,7949
9590: 9441,9804,9337,9366,9248
4743: 4641,4747,4947,4642,4944,4845
2973: 2974,2777,3071
2974: 2973,3071,3072
6063: 6062,5965,5966,6256
7679: 7505,9525,7759,7675,7761
9216: 9120,9217,9238,9033,9237,9640
9691: 9854,9787,9889,9800
9978: 3634,9927,9966,9766
10005: 9629,9556,9571,9960,9664,9824
2981: 
2982: 3079,2983
2983: 3080,2982,2887
9711: 10025,9678
2985: 2986
2986: 2890,2985,3084,2987
2987: 2986,2891,2890,3084
6052: 6148,6051,5956,6249,6055
5647: 5943,5447,5648,5746
5878: 5977
7437: 7349
4485: 4486,4385
9288: 9464,9385,9300,9431
7184: 7000,7181,7360,9310,7697,9458
8686: 8274,8419,8687,8490,8808
9655: 9421,9496,9707,9829,9798,10037
2997: 2901,3095
9484: 9413,9733,9928,9390,9346,9376
5136: 5338,5234,5031,5036,5129
9387: 9558,9501,9507,9243,9548,9242
8709: 8888,8995,8579,8770,8710,9127
9757: 514,9746,9818,9865,9958
5298: 5398
3004: 3101
9985: 10018,9871,10017,9632,9808,9755
9270: 596,9276,9821,599,9719,9830
3007: 3104
5598: 5499,5597,5599,5697
3009: 3106,2912
6118: 6216,6218,6021,6018,6117
9016: 8743,9010,9017,8857
5394: 5294,5393,5395
7102: 7456,7103,7009,7099,7368,7191
6282: 6283,6185,6378
3015: 3016
3016: 2920,3015
8737: 8264,9836,9886,8338,8479,8474
5959: 6058,6155,5958,5960,6056
9640: 9277,9378,9420,9216,9217,9237
5752: 5249,5653,5451,5552,9614
8680: 9625,8908,8343
3022: 3119,2925,2926
8885: 9126,9125,9039,8886,9085
8844: 8784
3025: 3123,2648,2928,2646,2649,3122
9537: 9803,9781,9446,9338
3027: 3123,2648,2836,2742
7238: 7148,7237,7150,7327,7328
7019: 7110,7199,6927,7020,7198
4367: 4266,4467,4468
7371: 7198,7545,6926,7283
4675: 4574,4573
9625: 9391,8680,9568,8120,8616,8908,8343
5668: 5568,5664,5765
9496: 9421,9655,251,155,10037,9642
3036: 9704,2938,2940,3134,3330
3037: 2940,3038,3134,9516,9771
3038: 2940,3037
8801: 8621,8805,9653,9581,8619
8343: 8197,8908,8271,8120,8121,8680,9625
3041: 3137,2944,3138,3236
3042: 2945,3043
3043: 3042
8970: 9407,8919,8808,8748,9140
3045: 3246
9797: 10000,9462,9689,9489,9799,9331
9065: 9066,9177
3048: 3248,3246
5263: 5363
6554: 
6356: 6357,6260,6450
3052: 3448,3251,3151
8497: 7973,8565,8282,8631
3054: 2761,9555,9535,2858,3057,3153
8471: 8330,8255
7191: 7792,7368,7102,7279,7190,7099
3057: 2957,2858,3054,3153,3156,3154
7119: 7209,7029,7118,7208
9406: 9540,9967,9512,7000
6829: 6735,7011,6831,7014
5089: 5090,5190
9547: 46,9275,9598
9317: 9556,9297,9045,8943,9089,9982
4664: 4665,4663
5604: 5504,5603,5505
6708: 6896,6516
9145: 9177,9179
6973: 6784,7066,6783,6970,6972
3069: 3168,3364,3166,2873
5849: 5551,5552,5653
3071: 3168,3169,2973,2974,3072
3072: 3170,3073,2974,3169,3071
3073: 3170,3072
4510: 4611,4509
5498: 
9391: 9625,9568,8908,9381,9349,9641
8590: 8589,8523,8656,8721,8658
3078: 3079,3176
3079: 3080,3176,2982,3078
3080: 3079,2983,3081
3081: 3080,3179
5060: 5062,4858,5163,5361,5159
7298: 7299,7386,7210
3084: 2986,2987
3085: 
8649: 8834,8301,8376,8449,8715
9795: 10029,9649,9875,9740
7060: 6967,6969,7152,7059,7241,7150
3089: 3090
3090: 3091,3089
3091: 3090
8161: 7922,8002,7759,8004,8457,8160,8387
3093: 
9409: 9254,1316,9320,1563,9397
3095: 2997
5497: 5398,5597
9283: 1418,1419,9251,9576,9415
3098: 
5272: 5372,5171
9833: 9953,9783
3101: 3004
9939: 9727,9789
4241: 4240,9256,9489,4346,4341,4444
3104: 3007,3202
5957: 5761,5958,5856,5953,5956,6055
3106: 3009,3204
5095: 5196
3108: 3205
9242: 9548,9615,9194,9162,9243,9387
8033: 7956,7876,8110,7954,8333,8261
6410: 6315,6508,6216,6215,6797
5285: 5185,5286
8983: 8984,8821,9033,8874
9341: 9432,6038,9644,9896,9914,9685
8307: 8380,8382,8383,8309,8155,8306
3116: 3214
4285: 4284,4385
4936: 9280,4937,4634,4730,5141,4934
3119: 3022,3216
5754: 5561,5562,9394,9455,5756,5564,5662
3121: 3219,3122,3316
3122: 3219,3121,2928,3123,3025
3123: 3027,3025,3219,3122
5175: 5176
9882: 860,9745,9840,10008,9895
3126: 3222,3321,3224,2836,3127
3127: 2743,2836,2840,2937,3126,3224
8972: 8921
3129: 3226,3227,3131,2937,3224
3130: 3327
3131: 3129,2841,2937,2938,3230
7759: 8004,7675,8005,7761,7679,8161,7922,8387
8168: 8463,8392,8603
3134: 2940,3037,3036,3330,9516,9520
5032: 5027,4927,5031,4929,5037,4934
3136: 3334
3137: 3041,2944,3235,3236
3138: 3238,3139,3236,3041
3139: 3238,3138,3140,2945
3140: 2945,3238,3139
4417: 4522,4319,4316,4518,4521
9125: 9126,8885,9243,9039,9194,9038
8619: 8683,9581,8805,8801,8744
3144: 2953,2473,3145,2951,3242,3342
3145: 2473,3144,3342,3340
4475: 
8656: 8655,8721,8654,8590,8587
4513: 4514
9676: 383,9439,9706,9991,9468
9717: 9700,9709,9645,1905,1820
3151: 3448,3052,3347
9032: 9292
3153: 3351,3450,3054,2761,3057,3154
3154: 3451,3156,3057,3450,3153,3550
9883: 289,449,9657,9969,9853
3156: 3154,2957,3057,2961,3255
5750: 6041,5349,5550,5650,6043
8352: 7890,8278,8496,8625,8205
9419: 9284,9904,9260,9628,8383
7123: 7033,7032,7122
5898: 5997
6902: 6994,6622,6993
8303: 8373,8301,8227,8376,8228
3164: 3263,2968,3262,2967,3264
5620: 5520,5621,5720
3166: 3364,3363,2873,2872,3264,3069
7411: 7413,7587,7670
3168: 3169,3071,2873,3069
3169: 3168,3071,3170,3072
3170: 3072,3073,3169,3269
8189: 8191,8336,8262,8110,7958
7617: 7452,7780,8020,7275,7618
9549: 9968,10018,9755,9909
4278: 4177,4379
6831: 6829,7014,6832
3176: 3079,3078,3275
7582: 7667,7750,7581
5333: 5436,9562,5230,5332
3179: 3278,3081
5190: 5090,5089
3181: 
8888: 8709,9045,8995,8647,8710,8712
9516: 9520,9713,3037,3134,9990,9771
3184: 3282
3185: 3284
6519: 6426,6520,6804
6099: 
5536: 5436,5335,5337,5533,5833
9955: 9935,3733,3635,9876,9814,9922
9410: 9394,9533,9311,9455,9578
6773: 
9907: 368,10040,9782,9793,370,312
8419: 8274,8686,8273,8346,8808,8555
9246: 9296,9335,9342,9443,9761,9709
8813: 8976,8562,8869
7765: 7425,8170,7929,7340
4548: 4448,4445,4553,4650,4655,4654
4508: 4509
4883: 4882
3200: 
4577: 
3202: 3301,3104
9515: 9272,450,9806,9565,509,634
3204: 3106,3205
3205: 3304,3108,3204
9703: 10025,9348,9523,9294
3207: 3305
9776: 9792,9873,10006,9964,9817
3209: 3210,3307
3210: 3209,3211
3211: 3210
4811: 4710
8603: 8667,8168,8463,8392
3214: 3116,3312
9842: 8175,9683,8097
3216: 3119,3314
9664: 9318,9960,10005,9824
5603: 5604,5504
3219: 3121,3122,3123,3317
5408: 5307,5308,5508
6954: 6862
3222: 3126,3321,3417
6499: 6403
3224: 3126,3321,3127,2937,3129,3226
6391: 
3226: 3129,3227,3321,3224,3421,3423
3227: 3129,3226,3327,3425,3423
9017: 8861,8743,9016
7169: 7170,7259,7079,7258
3230: 3327,3330,2938,3131
9920: 9943,9529,10042,9839,9650
6047: 5953,6048,9367,5951,9578,6144
4856: 4957,4955,4855,4757,4858
3234: 3334,2944,3235
3235: 3137,2944,3334,3234
3236: 3238,3138,3041,3137
9301: 7859,7696,9603,9561,9667
3238: 3138,3139,3236,3140
3239: 10038,3434,3533,3634,9966
7161: 6978,7162,7070,7609,7430
9279: 9320,9481,1488,9250,9254
3242: 2951,3144,3342
4710: 4811,4709
9482: 10013,9352,9408,9574
8439: 8143,8064,8142,8219,8507,8707
3246: 3248,3540,3048,3045
8274: 8419,8686,8273,8199,8276,8490
3248: 3345,3246,3048
5054: 5258,5157,4852,4950,5256,5154
7349: 7437,7348
3251: 3448,3052,2761,3449,3351
5209: 
9741: 939,938,1014
4259: 4260,4258,4459
3255: 3257,3555,2961,3156,3452
5978: 5977,6173
3257: 3555,3255,2964,3458
10033: 2580,9619,9659,9675,2201,9463
4347: 4349,4255,4346,4146,4343,4240
5331: 5230,5332,5329,5528,5630
6979: 7162,7163,7430,7518
3262: 3263,3164,3460
3263: 3164,3262,3363,3264,3460
3264: 3363,3166,2872,3263,2968,3164
6648: 6552,6647
8210: 8211,9379,8498,8134,8135
9698: 9440,9969,9853,9804
9841: 2752,9654,2657,2658
3269: 3367,3170,3270
3270: 3269
3271: 
9382: 9637,724,9255,9500,9399,868
4852: 5054,5157,4849,5055,4950
9130: 8830,9127,9600,8886,9894,9085
3275: 3374,3176,3373
7494: 7581,7319,7405
9684: 9417,9494
3278: 3179,3279
3279: 3280,3278
3280: 3279
9355: 8208,8873,7813,9478,9252,9588
3282: 3184,3380
6624: 6904,6813,6720
3284: 3383,3285,3185
3285: 3383,3284,3286
3286: 3385,3285
9362: 9529,6628,7085,9377
5335: 5436,9249,5337,9583,5536
3289: 
6969: 6967,7060,7152,6781,6970
9081: 9037,8824,9160,8881,8987
3292: 
7302: 7389
3294: 3295
3295: 3294
4658: 4555,4757,4660,4858
3297: 
9474: 403,9948
7811: 7560,7646,7974,8356
4611: 4510
3301: 3202,3399,3400
5816: 5916
9884: 9603,9667,9848
3304: 3205,3305,3403
3305: 3304,3403,3207,3404
8065: 8144,8066,7905,7741,7742,8143
3307: 3209
6769: 6768,6862
8886: 8708,9130,8830,8885,9085
9533: 9394,5755,9410,5359
5295: 5395,5194,5294
3312: 3214
9039: 8991,8990,9038,8885,9125
3314: 3216,3412
9079: 8701,8878,8879,9120,9238,9080
3316: 3317,3121
3317: 3316,3219
9400: 9559,9518,9531,7680,7336,9785
5215: 5214
4605: 4606,4504,4707
3321: 3126,3222,3224,3226,3421
9633: 4630,4529,9483,9392,9459,9670
7401: 7402,7314,7400,7488
8101: 8026,8178
8770: 8369,8579,8645,8830,9127,8709
5341: 5338,5234,9562,5230
3327: 3230,3333,3130,3227,3430
9440: 9969,9698,394,9339,9804,9337
7098: 7007,9550,7008,9499,7275,7276
3330: 3230,3333,3036,3134,9520
9893: 9786,9336,9437,9692
9346: 8261,8262,9376,9436,9390,9484
3333: 3327,3330,9520,3431,3430,3530
3334: 3234,3136,3235
3335: 3530,3531,3729,9713,3434,9957
7355: 7859,7696,9805,9967,7181
9627: 7070,7434,7609,9639,9636
9539: 9490,9367,9311,5852
3339: 3444,9621,3536,3837,9424
3340: 3145,3342
8097: 9842,8175
3342: 3144,3145,3242,3340
9579: 1582,1930,9327,9572,9609
5436: 5333,5335,5332,5533,5536
3345: 3248,3540,3639,3445
8695: 8632,8429,9835,9738,8634,9070
3347: 3643,3445,3448,3151,3641
6823: 6912,6731,6911,6448,6637,6639
4218: 4318,4117,4118,4320,4319,4422
6910: 9512,7002,6724,6911
3351: 3450,3153,3646,3251,2761,3449
5145: 5252,5148,5251,5247,9604,9350
6209: 6307
6336: 6139,9265,5454,6140,6338
4232: 4132,4336,4332,4330,4329,9521
9799: 9522,9331,9599,9797,9689,9887
7769: 7850,7936,8171,7770,7771
9688: 9916,8799,9423,9864,9349
9891: 10011,10036
9128: 9894,9960,9085,9126,9501,9318
9983: 8966
9689: 9797,10000,9838,9866,9887,9799
3363: 3364,3166,3264,3263
3364: 3363,3166,3069
6138: 6618
6482: 6387,6483
3367: 3269
9715: 9902,9903,9296,9722
9971: 9596,10043,9368,9930
4539: 9498,4438,9538,4643,4641,4642
8425: 8426,8205,8630,8560,8625
3372: 3470,3471,3373
3373: 3275,3374,3372,3471
3374: 3275,3373
6906: 6531,9725,6626
9120: 9216,9238,9079,8878,8984,9033
6077: 6078
4574: 4573,4675
9371: 9427,9642,9421
3380: 3282
4509: 4508,4510
3382: 3480,3383
3383: 3284,3285,3382,3482
5250: 9404,9909,5452,5352,5249,5451
3385: 3286,3483,3583
3386: 3485
9702: 9832,9836,9886,9587,9981
7095: 6917,7003,7092,7532,7007,6916
7405: 7318,7494
9477: 9467,9290,9453,8694,9509
9639: 7160,7252,9627,9299,9636
6871: 6964
8807: 8917,9102,8748,8806,8916
6308: 6405,6307
6347: 6348,6349,6058,6155,6537
8675: 8544,8676,8542,8674
3397: 
8080: 7669,7836,7918,7837,7999,8236
3399: 3497,3301,3400
3400: 3301,3399
7563: 7562,8054,7389,7564,7813
9816: 9731,9924,2460
3403: 3305,3304,3404
3404: 3305,3403
6711: 6712,6805,6617
8361: 8499,8431,8502,8701,8636,8702
4725: 4720,4823,4621,4626,4729,4826
8397: 8013,8093
7001: 7092,7000
5062: 5060,4858,4660,4964,5163
7791: 9705,7952,7625,7279,7792,7455
3412: 3314,3511
9575: 9601,9511,9384,6888,6984,9860
4915: 5015
5064: 4964,4865,5364
7757: 7673,7503,7922,7839,7675
3417: 3222
9306: 5948,6238,9614,9265,9305,9471
8221: 8144,8219,8145,8368,8440,8296
10001: 2395,9662,10010,9822
3421: 3517,3519,3321,3226,3423
5348: 5551,5349
3423: 3425,3521,3226,3227,3421,3519
9428: 1131,9611,9324,9566,9527,763
3425: 3423,3521,3527,3227,3627
9238: 9120,9216,9217,9079,9080,9218
4288: 4388,4287
4865: 4964,5064
7258: 7079,7169,7259
3430: 3327,3333
3431: 3627,3628,3333,3530,3531
9982: 9089,9132,9556,9571,9317,10003
5192: 5092
3434: 10038,3239,9957,3335,3729,3533
5564: 5756,5662,5663,5754,5562,5466,5664
9522: 9799,9331,9599,4338,9498,4438
6037: 5933,9784,5937,9668,5936,6128,6130
9744: 9621,9756,9912,9932,10036
9559: 9457,9518,9531,9400,9525,9466
9868: 4840
4239: 9442,9256
4638: 4839,4637,9777
9949: 2014,2196,9682,9931,9888
3444: 3339,3641,3742,9756,3837
3445: 3643,3347,3345,3639
9817: 6531,6627,9725,9776,10006,9975
7396: 7309
3448: 3052,3251,3151,3347,3449,3545
3449: 3545,3743,3448,3251,3351,3646
3450: 3351,3153,3550,3646,3154,3842
3451: 3452,3154,3550,3847,3551
3452: 3451,3555,3255,3551,3552
8171: 7932,7770,7769
9960: 9894,9128,9629,10005,9318,9664
8479: 8338,8737,9886,8406,9694
7487: 7400,7488
9752: 9762,10003,9132,8891,8838,9857
3458: 3257,3557,3558
5633: 5632,5533,5833,5930,5931,5936
3460: 3559,3263,3262
4902: 
6032: 5637,5839,5736,9861
7756: 7921,7413,7587,7673,7839
3464: 3564
4922: 5023,4821,5123
9844: 9681,9984
4397: 4497,4498
5895: 5796,5894
8296: 8369,8145,8221,8222,8440
3470: 3372,3471,3569
3471: 3571,3372,3470,3373
9461: 544,484,9393,9263
7744: 7828,7743,7988
9829: 9798,9736,9760,9655,9707
9347: 9989,9763,10015,9314
3476: 3477
3477: 3476,3577
6265: 6266,6264
9412: 9573,9352,9723,9258,10013
3480: 3382
6683: 6588,6682
3482: 3383,3483
3483: 3583,3385,3482
4336: 4132,4232,9569,9734,9282,9521
3485: 3386
3486: 3487,3586
3487: 3486,3586
6970: 7062,6972,6973,6969,7152
3489: 3589
5194: 5093,5294,5295
3491: 
9712: 9395,9359,9505,9386
8625: 8560,8688,8867,8352,8425,8205
5466: 5568,5664,5562,5467,5564
9268: 845,1067,774,9536,9577,9493
5907: 
3497: 3399
8661: 8593,9617,9938
6983: 7075,6982,7073,7164
5928: 5929,5825,5727,5829,5826
6926: 6927,7371
3502: 3503
3503: 3502,3504
3504: 3503
8116: 7958,7879,8483,8192,8741,8550
3506: 3606,3605
9219: 9239,9193,9560,9160,9122,9504
5960: 5765,5961,5761,5958,5959
8142: 8064,8439,7903,8292,8507
9449: 9509,9303,9885,8426,8630
3511: 3412,3611
6978: 6695,6884,6886,7161,7162,7070
3513: 3514
3514: 3513
8704: 8766,8365,8705,8703,8881,8824
9339: 512,700,9440,394,9553,9337
3517: 3421,3519,3717
7353: 7352,7175,7440
3519: 3517,3421,3423,3521
8225: 8150,8227,7909,8372,8444,8373
3521: 3425,3423,3527,3519,3522,3526
3522: 3526,3722,3521,3818,3820
9280: 4937,4936,9877,9266,5141,9602
5995: 6093
6672: 6671,6576,6767
3526: 3522,3722,3624,3521,3527
3527: 3425,3521,3627,3526,3625
9404: 9755,5250,9909,9632,9350,5352
8712: 8943,8647,8301,8888,9045
3530: 3335,3531,3333,9520,9713,3431
3531: 3530,3335,3729,3431,3628,3728
9284: 9419,9904,9649,8455
3533: 3734,3634,3729,3434,3239,3731
9401: 6130,6326,6038,9668,9911,9979
5709: 5708,5807,5609,5710
3536: 3837,9424,3339,9374,9772,9332
8435: 8703,8216,8639,8363,8213,8502
6837: 6744,6930
9077: 8928,9976,9071,8980,9119
3540: 3345,3246,3639,10011
9660: 10043,9767,9368,9584,9444,9661
7451: 7452,7780,7539,7707,7450,7624
9996: 9858,9794
9742: 9997,2767,2570,9862,9671
3545: 3449,3743,3448,3641,3742
4240: 4241,9256,4343,4347,4346
7558: 7557,7472
4872: 4871,4771
8271: 8197,8908,8343,8346,8273,8485
3550: 3450,3451,3154,3942,3842,3847
3551: 3847,3947,3849,3451,3452,3552
3552: 3651,3452,3555,3849,3551
6528: 6720,7083
9916: 9688,9864,9995
3555: 3257,3255,3452,3557,3552
5943: 5647,5746
3557: 3555,3458,3558
3558: 3458,3557,3656
3559: 3460
9710: 9695,9936,10019,9848
3561: 
9834: 9620,9375,9693,9947
9825: 9814,9328,9897,10028
3564: 3663,3464,3664
7062: 6970,6972,7156,7152,7331
9434: 7936,9447,9373,7935,7771
9072: 9114,9214,9074,9029
7946: 8026,7945,7947
3569: 3470,3668
5648: 5447,5548,5647,5746,5846
3571: 3471,3572,3670
3572: 3571
8550: 8741,8679,9423,8192,8116
9930: 9926,9919,10043,9971
8475: 8478
8262: 8261,9346,9376,8110,8189,8336
3577: 3578,3477
3578: 3678,3577
7958: 8116,7879,7956,8110,8189
9551: 872,9405,9612,9257,801
9754: 9852,9835,9303,9885,9738,9846
8634: 9070,8820,8429,8695,8499,8636
3583: 3483,3385
9927: 3734,3634,9978,3635,9876,9766
9794: 9858,9811,9673,9996
3586: 3686,3487,3486
9091: 9001,9092,8946,9170
8069: 7909,8298,8372,7828
3589: 3489
8639: 8703,8435,8502,8702,8881
3591: 
5583: 
3593: 
5287: 5186,5286,5387
4909: 5010,5110,5009
7380: 7467
7914: 7668,7996,7750,7832,7913,8075
9282: 9524,9734,9459,9521,4336,9483
9383: 312,9589,9326,374
3600: 
6474: 6378
4448: 4445,4548,4345,4450,4453,4553
4480: 4580,4481
9682: 9888,9949
3605: 3506,3606
3606: 3607,3506,3605
3607: 3606,3707
4332: 4132,4232,3922,4029,3928,4329
3609: 
5724: 5722,5922,5624,5725
3611: 3511
3612: 3712,3711
6640: 6548,6639,6735,6733
9896: 9644,10020,9341,9914,9906
3615: 3715,3717
9696: 9764,9860,9724,7163,7518
4950: 4949,5051,5054,4852,5154
8074: 8154,8075,8153,7913,8152,7993
6180: 6278
9441: 9590,9804,513,640
9845: 9862,9970,9479,9286,9411
8061: 7979,7818,7901,8291,7902
5323: 5322
3624: 3526,3722,3625,3925,3822
3625: 3727,3527,3627,3628,3624
9670: 9751,9959,9459,4836,9633
3627: 3431,3628,3425,3527,3625
3628: 3431,3627,3531,3625,3727,3728
6155: 6058,5959,6056,6441,6537,6347
5338: 5136,5234,5341,5138,5036,9562
5889: 5789
9111: 8921
6086: 6085
3634: 3734,3533,9927,9966,3239,9978
3635: 9876,3932,3734,9927,3733,9955
9970: 9862,9845,9671,10023
9074: 9029,9214,9072
9815: 9990,10041,9771
3639: 9932,10011,3345,3540,3643,3445
6337: 6244,6437,6436,6335,9658,9872
3641: 3742,3444,3643,3347,3545
8081: 8386,7921,7837,8002,8160,8527
3643: 3347,3445,3639,9932,3836,9756,3641
7435: 
4979: 4978
3646: 3351,3450,3449,3743,3741,3842
9685: 9847,9914,9278,9432,9341,9908
8791: 9505,9344
8729: 8792,9359,9505,8790,8663
4305: 4306,4405
3651: 3656,3552,3849,3755,3850
9798: 9829,9781,9655,10037
8794: 
7152: 6969,7060,6970,7062,7241,7331
6622: 6902,6993,6716
3656: 3651,3558,3755
4328: 4323,4120,4123,4331,4329
9836: 8264,8737,8339,9886,9587,9702
9746: 9757,707,9298,9380,9958
8197: 8271,8343,8121,8044,8199,8273
3661: 
7668: 7996,7914,7750,7918,7999
3663: 3564,3664,3763
3664: 3665,3564,3663,3763,3764
3665: 3664,3666,3765,3764
3666: 3665,3765
5657: 5561,5460,5461,9394,5755
3668: 3569
9865: 9818,9757
3670: 3571
7368: 7792,7191,7456,7102,7542
5609: 5509,5708,5709
8676: 8544,8675,8677
3674: 3675,3774
3675: 3774,3674
8153: 8074,8154,8152,8230,8306
7515: 7428,7425,7599
3678: 3777,3578,3778
8538: 9426,8265,8264,8339
3680: 3779,3780
6916: 7009,7010,7008,6917,7095,7007
10008: 9840,9882,9745
3683: 3684,3782,3783
3684: 3683,3783
7680: 7331,7336,7419,9518,9400
3686: 3586,3786
8318: 8242,8667,8463
5688: 
4323: 4320,4120,4328,4331,4322,4427
9879: 9414,9918,9946,9962,9663
6531: 6627,9817,9725,6906
8812: 9069,8868
3693: 
9398: 9476,9325,9463,9244,9810,9659
7837: 7921,8080,7836,8236,8081,8386
8980: 8981,9071,9077,9119
8241: 8165,8599,8163,8008,7763
9976: 9235,9077,8928,9739,9450
9479: 9595,9532,9286,9845,9411,9605
3700: 3701,3799
3701: 3700
9560: 9239,9219,9504,9564,9546,9567
7292: 7293
9310: 9354,7697,9643,9508,7184,9458
7992: 8152,7993,7911,8227,8228
6043: 5650,5750,6041
3707: 3806,3607
6637: 6541,6448,6823,6911
9531: 9457,9559,9400,9785
5999: 5901
3711: 3712,3612,3810
3712: 3713,3612,3711,3812
3713: 3712,3812,3813
3714: 
3715: 3615,3817,3717
4495: 4494
3717: 3817,3818,3517,3715,3615
8694: 8496,8631,9477,8426,8205,9509
8544: 8676,8675,8542
7890: 7888,8278,8352,8282,8496
6930: 7022,6931,6837
3722: 3522,3526,3624,3820,3822,3821
5632: 5533,5434,5633,5829,5930
4821: 4719,4823,4819,4922
6669: 6763
8463: 8168,8318,8603,8667
3727: 3625,3826,3628,3829,3728
3728: 3829,3731,3628,3531,3729,3727
3729: 3335,3531,3434,3731,3728,3533
9918: 9414,9879,9663,9528,9295,9758
3731: 3932,3829,3728,3729,3734,3533
7832: 7831,7913,7581,7750,7914
3733: 3929,4030,9935,9955,3932,3635
3734: 3533,3634,9927,3932,3731,3635
9540: 9967,9406,9543,9435,9647,9512
9285: 9519,8999,9054,9094,9340,9092
8483: 8116,7879,8119,8616,8741
9577: 9358,9380,9536,9298,9268,9493
6418: 6799,6703,6425,9908,6514,6705
8707: 8507,8767,8769,8439,8219,8368
3741: 3835,3839,3743,3646,3842,3838
3742: 3641,3444,3545,3743,3837,3839
3743: 3449,3545,3742,3646,3741,3839
4742: 9538,9573
7299: 7298,7386,7300
9699: 9950,9775,9791
7417: 7241,7150,7419,7847,7328
4566: 4565,4667
7460: 7373,7630,7198,7545,7199
5353: 5452,5453,5253,5352,5251
7128: 7217,7037,7127
5847: 5650,5649,9680
9921: 9897,9890,9922
7142: 7141,7231
3755: 3952,3956,3850,3656,3651,3856
6749: 6748,6843
10042: 6432,9920,9839
9380: 9358,9577,9958,9746,9298
3759: 3859,3858,3860
8273: 8274,8419,8199,8197,8271,8346
8905: 8904
8255: 8470,8253,8179,8471
3763: 3663,3664,3764
3764: 3765,3664,3665,3763
3765: 3764,3665,3666
9300: 9315,9431,9288,9385,9526,9370
10015: 9347,9783,9314
9544: 8792,9359,8730,9386,9952
9311: 9539,9367,9410,9578
5968: 5870,6065
3771: 3772
3772: 3771,3873
3773: 
3774: 3675,3674,3874
4292: 4392,4192,4393
3776: 3777
3777: 3678,3776,3778
3778: 3678,3777,3779
3779: 3778,3680,3780
3780: 3680,3779
9438: 9661,9140,9767,9854,9787
3782: 3683,3783
3783: 3683,3684,3782
9572: 9986,9609,9630,9327,9579
5426: 5725,5726,5424,5328,5624
3786: 3686,3787
3787: 3788,3786
3788: 3789,3787,3889
3789: 3788,3889
10037: 155,9798,9803,9781,9655,9496
6121: 5826,5922,6022,6219,6122
3792: 
6912: 6823,6731,6911,7002,6915,7003
8834: 8943,8649,8715,9089
3795: 
9557: 9316,10002,9388,9470,716,9365
5359: 5259,5258,5256,5755,9533
10039: 9762,9789,10003,9571,9727,9824
3799: 3700
5841: 
9827: 9858,9811,9610,9546,9749
9783: 9687,9314,10015,9833,9953
3803: 3903,3904
9843: 9770,9934,9856,9586,9281
3805: 
3806: 3707
5837: 5639,9701,5543,5637
3808: 3809,3908
3809: 3808
3810: 3711
7319: 7318,7231,7494
3812: 3712,3713,3813
3813: 3713,3812
8002: 8161,7922,7839,7921,8081,8160
8357: 8356,9478,8565,7974,8208,9467
4284: 4285,4385
3817: 3717,3818,3715,3819
3818: 3817,3717,3820,3522
3819: 3817,3820
3820: 3818,3522,3722,3819,3821
3821: 3822,3922,4123,3820,3722
3822: 3821,3922,3722,3624,3925,3928
9623: 9260,9628,8594,8727,8662,9616
9336: 9005,9592,9437,9692,9097,9893
6541: 6637,6350,6820
3826: 3727,3925,3829,3927,3929
6917: 6915,7003,7095,6920,7010,6916
9990: 10041,9815,9771,9516,9713,9957
3829: 3932,3731,3728,3826,3727,3929
9662: 2111,10001,9822
8064: 8143,8439,8142,7739,7905,7903
9501: 9387,9558,9126,9128,9318
4354: 4156,4256,4450,4458,4453
3834: 4134
3835: 3741,3938,3839,9374,3838,9425
3836: 9932,3643,9756
3837: 3536,3339,3742,3444,3839,9374
3838: 3942,3842,3940,3835,3741,3938
3839: 3835,3741,9374,3742,3743,3837
9672: 9673,9548,9863,9507
5153: 5355,5052,5151,5252,5253
3842: 3942,3838,3450,3550,3646,3741
9713: 9516,9520,9990,3530,3335,9957
4287: 4288,4388,4387
5726: 5725,5426,5825,5528,5727
9599: 9522,9799,9646,9887,9513,9498
3847: 3947,3551,3550,3451,3942,4044
6278: 6180
3849: 3947,3551,3651,3552,3949,3850
3850: 3755,3952,3849,3651,3950,3949
5680: 5581
5453: 5353,5253,5455,6140,5948
6735: 6829,6733,6640
8155: 8234,8309,8154,8076,8306,8307
7289: 7200,7290,7377,7462
3856: 3857,3957,3755,3956
3857: 3856,3957,3959,3858
3858: 3859,3959,3759,3857
3859: 3959,3858,3759,3860
3860: 3859,3759
6405: 6308,6598
8298: 8069,8372,8222,8513
8824: 9037,9081,8704,8705,8881,8882
9641: 9381,9391,8908,8485,8620
7127: 7128,7217,7037
4255: 4349,4347,4146,4155,4256
3867: 3967
9507: 9387,9558,9548,9672,9802
7548: 7877,7631,7796,7464,7550,7801
9160: 9037,9081,8987,9122,9219,9193
7550: 7464,7548
4526: 4423,4322,4427,9392,4525,4529
3873: 3874,3772
3874: 3873,3774
7117: 7118,7207,7026,7027
4329: 4330,3922,4123,4328,4232,4332
7210: 7209,7298
4393: 4293,4292,4493,4494
9367: 9539,9490,9311,9578,6144,6047
4887: 4888
9298: 9536,640,707,9746,9380,9577
6564: 6660
8160: 8596,8457,8527,8161,8002,8081
9566: 9428,9611,9324,9315,9431,9445
9807: 9900,9385,565
8966: 9983,8911,9060,9011
9887: 9646,10027,9866,9689,9799,9599
8591: 8523,8593,9617,8658,9448,8592
3889: 3990,3788,3789,3989
9070: 8634,8820,8695,8978,8821
3891: 3991
9629: 9556,10005,9297,9600,9894,9960
6514: 9847,6418,9908,6705,6706
9944: 10034,9465,9695,9690,9763,9993
5413: 5312,5313,5513
4998: 4997,4897
3897: 3997,3898,3998
3898: 3897,3998
5725: 5726,5426,5825,5624,5724
5452: 5353,5352,5250,5451,5948,6238
3901: 4002
4799: 
3903: 3904,4004,3803
3904: 3903,4004,3803
6964: 6871,7055
10017: 9574,9871,9985,9808
3907: 3908
3908: 3808,3907
6848: 6941,6849
6460: 
7268: 7777,7176,7179
6662: 
6055: 6249,6056,5956,5957,5958,6052
7011: 6829,6920,7010,7014,7103
3915: 
5151: 5153,5052,5150,5051,5252,5148
5148: 5252,5145,5047,5150,5247,5151
9987: 9232
9638: 9435,9308,9377,9607,9943,9529
6763: 6669
5300: 5400,5200,5299
3922: 3822,3821,4123,3928,4329,4332
8710: 8444,8513,8647,8579,8709,8888
5807: 5708,5709
3925: 3826,3624,3822,3928,3927
4736: 4837,4939
3927: 4029,3928,3826,3925,3929,4030
3928: 4029,3927,3925,3822,3922,4332
3929: 4030,3733,3826,3932,3829,3927
8805: 8916,8621,8801,8619,9018
9871: 10018,9985,9820,10017
3932: 3829,3731,3734,3929,3733,3635
9389: 2271,2272,9554,9267,9606,9961
3934: 3935,4236
3935: 3934
3936: 9597,9582,4040,4036,9591,4139
7880: 7877,7962,7956,7876,7879,8119
3938: 3835,3838,3940,9597,9425,4036
6781: 6967,6969
3940: 3942,3838,4044,3938,4041,4036
9687: 9783,9314,7783,7450,9953
3942: 3842,3838,4044,3940,3550,3847
5163: 4964,5062,5060,5361,5363
7859: 7355,7696,9301,7181,9561,7697
7425: 7765,8170,7428,7515
3946: 3949,4049,4044,3947,4041
3947: 3847,3849,3551,4044,3946,3949
7775: 7772,7602,9998,7601,9447
3949: 3946,3950,4049,3947,3849,3850
3950: 3949,4049,3952,3850,3951,4053
3951: 4146,4045,3950,4049,4053,4155
3952: 3755,3956,3850,3950,4053,3953
3953: 4053,4054,3952,3956,4057,4157
4969: 4968,5069,5070
5812: 5713,5714,5813,5912
3956: 3755,3952,3856,3957,3953
3957: 3857,3856,3956,4058,4057
9853: 9883,9657,9969,9698
3959: 3859,3858,3857,4058,4060
8837: 9046,8838,8841,8950,8779,8949
9098: 9004,8841,8950,9005,9052,9097
3962: 4063
9923: 9933,9589,9809
3964: 
9580: 9393,9460,10040,9369,9323,9626
6001: 5902,6098
3967: 4068,3867
8596: 8457,8160,8527,8790,8663,8662
6091: 6188
4700: 4699
3971: 4072
7934: 7935,8015,7771,7770,8013
5180: 5281
7331: 7680,7152,7062,7241,7419
4715: 4716,4815
4957: 4856,4955,5055,5157,5159
8440: 8644,8368,8221,8296,8369,8645
9527: 9473,501,9439,763,9428,9324
9637: 9382,724,9255,9251,794,9415
3980: 3981,4081
3981: 3980,4081
3982: 4083,3983
3983: 4083,3982
8627: 9596,9497,8495,8562
9445: 9322,9287,9611,9566,9315,329
3986: 4087
9257: 593,9281,9770,801,9551,9612
3988: 3989
3989: 3988,3889,3990
3990: 3889,3991,3989
3991: 3990,3891
5387: 5286,5287,5487
3993: 
3994: 4094
9673: 9672,9863,9811,9794
6128: 6227,6226,6127,6037,5937,6130,6326
3997: 3897,3998
3998: 3997,3897,3898
9606: 9267,2090,2002,9389,2272
4000: 4100
5123: 5224,5023,4922,5124
4002: 3901
6264: 6265
4004: 3903,3904,4104
9024: 9069,8868,8921
4006: 4007
4007: 4108,4006
5352: 5452,5353,9350,5251,9404,5250
7921: 7756,7837,7839,8002,8081
4010: 
4927: 5027,5032,4929,4826,5023,4825
8808: 8555,8419,8686,8687,8970,8919
5509: 5609,5410,5508
5372: 5272
6894: 6607,6703,9309
5910: 6009
4661: 4663,4660,4561,4559
9423: 8741,8679,8550,9568,9688,9349
5973: 
9992: 10035,9867,9941,9792
9943: 9920,9529,9435,9638,9650,9647
5630: 5829,5331,5332,5528,5727
5051: 4949,4950,5150,5052,5151,5154
10030: 9762,9789,9046,9857
8718: 8655,8721,9055,9004,8841,8898
8205: 8426,8425,8352,8496,8694,8625
6280: 
7181: 7000,7184,9967,7355,7859,7697
4029: 3928,3927,4030,4132,4332,9262
4030: 3929,9935,3733,4029,3927,9262
4949: 4950,5051,4849,4947,4845,5150
9812: 9743,9980,9514,9264,9291
6358: 6262,6359,6357
8947: 8999,8949,8946,9046
4654: 4655,4855,4853,4548,4644,4650
4036: 4040,4041,3938,3940,9597,3936
9934: 9843,9856
9786: 9893,9692,9293
4427: 4526,4322,4323,4331,9269,9392
4040: 4041,4242,4036,3936,4141,4139
4041: 4040,4036,4044,3940,3946
9126: 8885,9125,9243,9128,9085,9501
7557: 7641,7558,7470
4044: 3942,3940,3847,3947,4041,3946
4045: 3951,4146,4343,4049,4141
8766: 8365,8704,8705,8292,8507
4849: 4747,4954,4947,5055,4949,4852
9330: 9526,9370,9570,9506,9313,9433
4049: 3946,3950,3949,3951,4045
8192: 8191,8116,8412,8550
8444: 8513,8647,8710,8372,8225,8373
5966: 5868,5965,6063,6065
4053: 4054,3953,4155,3950,3952,3951
4054: 4053,3953,4155,4157,4156
8216: 8703,8435,8363,8291,8365
9823: 475,602,9769,9728,9973
4057: 4058,4157,3957,3953
4058: 4057,3957,3959,4060
8999: 8949,8947,8946,9054,9092,9285
4060: 3959,4058
8716: 8450,8715,8654,8776,8587
8044: 7884,8121,7885,8199,7965,8197
4063: 4164,3962
4709: 4809,4710
4900: 
7033: 7123,7032,6941
9170: 9049,9091,9001
4068: 4168,3967,4069,4169
4069: 4169,4068
8911: 9060,8962,9011,8966
7110: 7019,7199,7200,7020
4072: 4073,4173,3971
4073: 4072,4173,4074
4074: 4073
6450: 6448,6257,6356
10020: 9896,9906
5499: 5598,5400,5599
4078: 4179
9803: 9781,9537,9446,155,157,10037
6931: 7022,6930,7023,6932
4081: 3980,3981
8962: 9060,8857,9010,8911
4083: 3982,3983
7942: 7780,8020,9989,7450
4085: 
9604: 9632,9350,9808,9302,5247,5145
4087: 3986
6038: 6326,9401,9911,9432,9341,9644
9763: 9989,9993,9347,9944,9690
4293: 4192,4393,4294
5454: 5455,5852,6140,9490,6336
10003: 9762,9752,10039,9571,9132,9982
4093: 4094
4094: 3994,4093
8163: 8084,8006,7763,8389,8241,8599
9946: 10026,9879,9962
9509: 9449,9303,8694,9477,9453,8426
4582: 4481,4683
8738: 
4100: 4000,4201
9430: 341,1060,9259,9366,9248,704
4457: 4455
9901: 6335,9658,9941,6139,9305,10035
4104: 4004
9822: 10010,9810,9662,10001
9508: 9310,7697,9643,9561,10019,9936
7275: 9499,7098,7618,7276,7617
4108: 4007
9626: 424,366,9580,368,10040,9369
7735: 7819,7899
7650: 7565,7649,7733
7602: 7772,7775,7516,7601
9977: 7430,9779,7434,7609,9880,10031
9366: 9259,9553,9590,9337,9430,9248
4115: 4216,4318,4117
9470: 996,9557,9316,926,716
4117: 4318,4218,4118,4115
4118: 4218,4117,4320
4527: 4525,4626,4630,4529,4729,4634
4120: 4323,4328
10040: 368,9907,9782,9580,9460,9626
9634: 9800,8917,9892,9018
4123: 3821,3922,4328,4329
9335: 9246,9296,9722,9813,9709,9645
9287: 9322,9403,9445,9315,9526,9313
4699: 4700
4522: 4417,4319,4422,4423,4521,4523
9506: 835,630,9330,9570,9433,564
6385: 6481,6480
9568: 9391,9625,8616,8741,9423,9349
4131: 
4132: 4232,4336,4332,9569,4029,9262
9651: 9963,9831,9942
4134: 3834
6193: 6290,6291
4479: 4478,4579,4379
7413: 7587,7411,7325,7673,7756
9919: 9926,9930,9889
4139: 4141,9442,3936,4040,9591
9935: 4030,3733,9955,9814,9328,9262
4141: 4139,4040,4242,4045,4343
5678: 5776,5578
4322: 4526,4423,4427,4320,4323,4422
5349: 5750,6041,5848,5348,5551
4837: 4736,4838
4146: 3951,4045,4343,4155,4255,4347
5639: 5837,5540,5543,5640
9704: 2938,9679,3036,9796,9790
7952: 9705,7791,7792,7627,7711,9289
7199: 7110,7019,7200,7198,7460
8004: 7759,8161,8387
8867: 8560,8625,8688,8866,9563,9019
5283: 5383
5942: 5746,9910,5846
4155: 4053,4054,3951,4146,4255
4156: 4354,4256,4054,4157,4258
4157: 4057,4054,3953,4156,4258
9897: 9890,9921,9922,9814,9825,10028
8264: 8737,9836,8339,8538,8474
9435: 9543,9308,9638,9943,9647,9540
9767: 10043,9660,9438,9661,9854,9926
7945: 8026,7946,7947
5176: 5177,5175,5277
4164: 4063,4165
4165: 4164,4166,4266
4166: 4165,4266
6140: 5455,5454,5453,5948,6336,9265
4168: 4068,4169,4269
4169: 4069,4168,4068
9337: 9590,9804,9339,9440,9553,9366
4855: 4655,4654,4853,4757,4856,4955
6387: 6290,6291,6483,6388,6482
4173: 4072,4073,4274
5543: 5540,5837,5639
6009: 6010,5910
4176: 4177
4177: 4176,4278
6238: 5948,9306,9614,5452,5451
4179: 4078,4280
8478: 8475,8406,8614,8677
8066: 8144,8065,8145,7742,7825,8146
4502: 4501,4603
6204: 6205
7581: 7494,7582,7750,7832
8881: 8703,8639,8704,9081,8824
4802: 4702,4904
9418: 9621,9912,9424
5142: 5141,5037,5036,9454,9602,5138
9630: 9747,9361,9572,9986,9327,9542
4190: 
8507: 8767,8707,8439,8142,8766,8705
4192: 4293,4292
9321: 9514,9788,10002,9388
5007: 4907,5108
6011: 5912,6010
4196: 4197
4197: 4196,4298
7935: 8015,7934,7771,9434
10027: 9646,9887,9999,9866
4216: 4115,4318,4314,4316
4201: 4100,4301