14621: 14838,14930,12885,13082
28593: 
13143: 14665,14502,13812,13409,14628,14473
14985: 
12849: 13739,13732,13286,14916,14440,14993
14615: 
14328: 12968,13829,15252,14490,14172
15299: 14118,13529
15380: 15692,13218,15419,13973
15145: 14185,13984,14728,14923
13511: 14024,13300,13188,14116,14613,14267
13765: 14234,15486,13952,15179,13550,13209
14273: 13089,13404,15505,15296,14109,14733
15510: 14287,14990,14421,15375,15193,15506
14172: 13745,14328,14490
15340: 14269,13605,15351,15535,13879,13479
13959: 13229
14722: 12905,15005,15414,13322,15495,13402
15448: 13687,15154,15539,14870
13438: 13832,14646,14833,12895,15355,14699
14250: 15150,13151,15162,14556,13489,14681
13724: 
13533: 15735,14179,14560,15795,15115,15010
12829: 13360,13484
12939: 15376,13641,15056
12855: 13604,15514,14705,14565,14777,14729
14343: 13669,15386,13356,15462,13821,15329,13934
13151: 15162,12899,13114,14048,15150,14250
13942: 13974,14643,14739,14848,13055,13935
15785: 14872,15367,15081,14529,14925
13420: 15076,14187,13344,14221,15189,15084
13886: 14039,15281,13540,14146,15786
14390: 15546,15674,13378,15277,14058,13186
14436: 13225,14873,14225,14511,13168,15551
13061: 13502,14387,12850,14220,12924
14824: 15480
15666: 13670,13586,14151,14539,15368,15098
13488: 13850,13804,13471,14552
14556: 13531,13316,13317,15162,14250,13489
14112: 12983,13603,14626,14505
13025: 13735,14571,13614,13908,15060,14776,15591
13894: 14470,13123,13412,14347,15697,14745
13263: 14520,12879,14806,14137,13297,15530
12840: 13601,13021,15304,15536,13936,15708
14405: 13259,14293,13146,14351,15011
14881: 13414
15804: 13513,12918,14809,15684,13128
13753: 12922,13171,13740,12984,13866,15713
14598: 14042,15106,14153,13326
15338: 13544,15456,13311,15136,15617
14998: 14815,13175,13574,14844,15323,15751
14252: 13497,14880,14019,13253,15141,13482
14488: 15759,14088,15533,15430,13264,12953,14558
15372: 13801,13650,15770,14644,15503,14450
15484: 14270
15779: 15627,15795,15222,12856,13236,13345
14108: 15512,14346,15571,12869,15515
13302: 15661,14863,15517
15116: 13565,13341,13773,12818
14833: 14646,13438,28677,12895,14382
15737: 14862,14636,12985,13501,13397,14865
15482: 13825,13489,13961,13531,14294,13347
12958: 12856,15455,12908,15645,14021,15222
15178: 13211
15254: 13247,15691
13948: 14721,13635,15363,13238,13832,14646
14438: 13752
14923: 12857,15123,13984,15145,14082
15373: 14847,14240,12914
14809: 15066,15473,13513,15804,14101,13128
14802: 14995,15573,13027,14085,12998,13964
13070: 14089,15230,15095,14060
15519: 15585,14523,14568
15363: 14181,14030,14353,13238,13635,13948
15792: 15557,15652,12818,15212,14563,13092
14683: 15148,13876,15406,15659,13768,14710
14079: 14265
15791: 15261,15264,13965,14040,15582,15678,14467
14024: 15146,13511,13300,14613,13252,14519
15721: 15598,13630,14552,13877
12911: 14550,15693,14222,13883,14668
15760: 15447,12964
15698: 14041,14182,13593,13955,15736,15051
14920: 13751
14650: 15358,14726,15173,15457
15002: 13063,15163
15244: 15467,13573,15782,15305,14599,12920
14178: 12832,14047,15271,14135,12887,15440
15730: 15469,13314
15150: 14684,14048,15450,14250,13151,14681
14893: 14971
15332: 15038,14674,14169,15246,14296
15296: 13788,14109,12883,15328,14273,15505
13814: 
14323: 12853,15516,13496
14369: 13916,14883,14827,13503,14593,14209
14361: 15576,14741,13089,14424,15144,15226
15293: 13570,14040,13190,14695,15582,15359
13301: 12863,13674,15663,14852,14946,14785
14921: 12992,13510
15092: 15712,15459,13891,14149,13920,13478
15201: 15415,15492,13018,12830,15131,15428
13808: 14191,13532,14104,14210,14608,13381
14929: 14794,14356
14999: 13569
15024: 14605,13081,15180,12973,15017,15249
12932: 13811,14177,15669,15774
13297: 14137,15311,13272,12879,13263
15745: 15248,13253,13494,15687,14909,14385
14391: 13384,13047,12997,14496,13277,14127
15688: 13432,13883,14551,13282,13480,14074
13010: 13490,14130,15705,13988,14083
14186: 15500,15248,13725
15403: 14271,13817,14674,15481,13376,15038
14808: 15546,15674,14212,13190,14875,13570
13553: 14685,14591,14434,14562,14326,13978
14742: 13419,14075,15047,15756,12904
14585: 15552
15343: 13690,14717
13793: 
13952: 14234,15486,13765,13197,14588,14504
13414: 14881
13938: 12819,13521,13632,15619,15245
13222: 13096,12924,15470,14136
14594: 15586,12987,13364,13241,12824,15274
13281: 14574,15762,14392,14776,13834,15595
15589: 14193,15375,15193,14466,13836,12859,14871
12994: 15414,13695,13322,13926,13858,14817
14666: 14058,13186,15188,14235,15571,12869
12990: 15157,14255,14859,13572,14274,15451
15427: 13197,14588,15174,14571,13614,13895,14604
13181: 13189,14962,15303,14458,15699
13503: 15240,14781,14593,14850,14369,14827
15370: 
13646: 13152,14203,14575,12870,13892
14828: 14363,15165,13767,12847,14641,14705
14489: 13570,14040,15674,13186,14467,14235
13278: 13415,14452,12900,15015,13093,12892
13446: 15099,13039,14663,14282,14982,14482
13267: 15235
12936: 13950,15374,13812,12882,14602,14628
14448: 14010
14606: 15734,13810,14218
15139: 15268,15086,13437,14200,14573,15374
15061: 15508,13920,13713,13983,13620
15761: 
14898: 14836,13661,15498,14254,13626,14433
14812: 12927,13017,13184,15214,14578,14676
14428: 13925,13057,12828,15775,14415,15040
13873: 14336
14003: 14376,14857,12900,13589,13093,15464
13119: 12913,14144,15796
14949: 15801,14284,13041,14244,13146
15420: 15006
13833: 13652,15097,13014,15335,13321
14835: 13125,14107,15007,13116,12923
13248: 12957,13290,13428,14952,15762,15629
14477: 15415,15492,13627,13929,13483,14685,14434
14532: 15148,13876,13943,15346,13719
12965: 15442,15156
15418: 
15253: 15192,13525,14284,14293,12852
15645: 13343,12908,12958,13087,14179,15222
13684: 14911,15767,13359,13779,14540,14393,14934
15654: 15096,14842,13548,13737,15503,13736
14587: 13780,15286,14007,15292,15668
12896: 13822,15001,14739,15597,13310,13055
15557: 15652,15792,15744,13092,14832,14675
15506: 13542,15301,14421,14990,15510
15151: 15626,14570
13924: 12970,15089,13995,14204
14364: 13771,12977,15511,14867,13361,14853
15432: 15087,15009,15458,14936,15124,14637
13976: 15574,15104,12838,14237,13444,15314
13286: 13906,13828,14916,15680,14993,12849
13583: 13975,15738,14185,14925
13702: 
13044: 14642,13487,13945,15042,14456,14743
14912: 13122,15057,14603,13595,14659,13127
14351: 13144,15011,14405,13146
14642: 13044,13270,14504,13487,13945,15486
14684: 15450,15150,14681,13577,14964,14553
14179: 13087,13533,15735,15645,15795,15222
15238: 13466,13124,14416,28658,13903,12868,12831
15434: 13052,14268,14029,14562,14910
15071: 14849,13847,13690
13124: 14416,15238,12831,13723,15491,14782
14543: 15678,15261,15512,14384
13839: 15143
15608: 14363,13217,13638,15200,13516,14487
13299: 15611,15046,13288,13463,14521
14214: 13558
14322: 15105,14481
15261: 15791,15264,15678,14543
12814: 15055,15209,15003,15734
14027: 15746,13000
14338: 14914,14876
14601: 14538,13775,13900,14714
15573: 14995,15352,14758,14802,13027,14822
13398: 15184
14559: 15588,14633,15233
15579: 15218,13997,14303,13474,12915
12838: 14740,14237,14435,15677,15574,13976
14751: 15356,13871,13100,15586,13439,14198
13957: 13678,15776,12815,13456,14636,13501
14861: 15103,14903
13708: 
14926: 13327,12898,13060,13784,14497,13972
13230: 13906,13828,13260,14344,13072,14005
13930: 14008,15035
15530: 13208,14913,13207,14806,14520,13263
15590: 14394,13576,14413,13243,13699,13006
13496: 14680,15364,14323,14891
13794: 14793,15112
14496: 13246,13134,14127,15712,14391,13047
14134: 14165,15339,13622
13928: 15301,14990
15669: 12932,14680,15774
15801: 14949,14284,14075,12904
15662: 15524,13051,14779,14618,15650
13781: 15190,15237,12999,13418,13114,12886
12826: 15612,15789,13454,14098,15266
14939: 15397,14797,15275,14907,13481
12919: 14333,12827,14056,15023
14535: 13673,15633,14115,14987,12816,14816
13240: 14914,13247,14356,13491
15390: 15155,14576,15305,13854,15337,13573
13266: 
15472: 12817,13467,15748,14447,14279,15324
13361: 13713,13478,14321,15459,14867,14364,14853
14798: 15599
13841: 15782,15305,13854,14013,15274,13364
15538: 14582,13325,14918,14540
14990: 14287,15510,14263,15506,15301,13928
14063: 15196,13843,15430
14580: 14856,13864,14547,15250,12819
14226: 13115,15220,15747,13650,15770,13911,15096
13690: 15343,13818,15071
14624: 13743,12833,13142,15715,13014,14171
13732: 12849,13739,14888,15428,14440,13018
13994: 14378,13901,13640,15267
13936: 13406,15039,15708,12840,15304
15755: 
13899: 14231,13748,13566,15461,14258,13231
13096: 12850,13036,13222,13037,14136
15731: 12815,14037,15444,13932,14748,13678
15246: 14424,14296,15328,15332
14429: 
13085: 15806,14396,13455,14528,14602
12979: 15620
14301: 15576,13991,14148,12928,13581,14054
13463: 13288,15133,12881,13299,15046
13442: 15561,13049,15797,15693,13435,15387,14074
14844: 13574,13598,14105,13664,14998,13175
13421: 15460,14965,13507
13212: 14388,13597,15100
14354: 13428,15135,13680,14662,14443,13445
14696: 13497,14880,14595,15660,13989,15117
13213: 15037
14944: 14133,14768,13777,13960
13147: 14850,15717,13625,15069,14281,13107
14706: 15723,14584,13026,14430,15592,15615
15562: 15392
15309: 12928,13581,14259,13103
14877: 13115,14070,15220,15395,13256,14357
12931: 14348,14904,14902,15016,13554,28589
15051: 13052,14268,15736,15698,14182,13611
13848: 13452,15431,13631,15179,13550,13896
15050: 15732,15664,15088,14315,14415,15385
15115: 13173,13671,15010,13258,13533,15735
13544: 15338,12971
13743: 14624,12833,14661,13440,14544,14171
15406: 13933,15028,15659,14683,15148,12825
12886: 15162,13114,15190,13781,15213,13316
14350: 14023,15720,15788,15412,14724,13065
15750: 14804,15419,14579
15278: 13585,14124,13686,14308,14719,15695
13277: 13064,14127,13769,15658,14391,12997
15534: 13993,15350,14192,15378
13319: 13685,13273,13333,12934,13700
13174: 13868,15084,13310,14907,13481,15597
13412: 14347,13969,14796,14470,15129,13894
14483: 15702
13911: 13650,15770,14567,14531,14226,13115,15747
13562: 
14143: 
13458: 14101,13128,14426,12839,15321
14309: 15445
13520: 15216,14707,13334,13377,13477,14911,13359
14237: 14740,12838,13976,13482,15314,14618
15091: 15202,14711,14165
14952: 13428,15135,13078,12957,13248,15081
13173: 13671,13664,15115,13258,13164,14381
13378: 13554,13567,15546,14390,14139,15277
14359: 
15322: 15705,14324,14170,15733,15488,14922
13889: 14439,14672
13823: 14320,15677,15451,15499,14274,14435
12839: 14140,13385,14101,13458
15057: 13177,13122,14912,13127,15584,14124
14554: 14864
14403: 14439,13923,13183
15400: 15567,14310,15749,14036,13598,14105
14236: 
12864: 15076,13591,14928,15263,14762
14304: 
13809: 13237,13956,15462,14658
14685: 14591,13553,14434,14477,13627,13483
14730: 15673,15564
13822: 12896,15001,14737,15596,15597,13121
15308: 13380,15671
15089: 13924,13901,13995,14982,15191
13858: 12994,13695,13349,13153,14817,13461
14497: 13535,14057,13784,14926,13972,13009
14410: 13262,15717,13625,13737,13145,15643
15777: 13200,12976,13840,14245,13727
15142: 13568,14811,14408,14737,13339,15518
15732: 15664,15050,15656,15385,15111,15032
13003: 14946,14785,13543,13471
15441: 15143
14246: 14671
14933: 15060,13787,15714,14044,13274,13908
15257: 14402,14164,13492,14858,12962,15527
14784: 15283,13711,15425,15741,14367,15474
15344: 13791,13540,13687,15154,14515,13884
14860: 14750,13986,13464,12996,15169,13852
15576: 14301,13991,14148,14741,14361,13089
15141: 15449,13253,13482,13494,15132,14252
13104: 13698,13914,15197,13954
13657: 14183,15675,14834,13353,15297,14373
13595: 13193,14659,13500,15535,14912,14603
14121: 15704,12947,13375
14851: 15569,13862,14906
14148: 14301,15576,14741,14054,14752,15075
13311: 15338
13329: 
12823: 14834,13692,13370,15043,14288
13759: 13552
13764: 15359,13298,14081
15326: 15079,14275
13790: 13350
14050: 15405,14491,15625,15307,14132,14311
15614: 15444,13224,14984,14493,13678,15394
14185: 14925,13984,15207,15145,13583
14637: 15124,15545,15458,12863,13674,15432
13209: 14471,15494,15547,14234,13765,13550
15460: 15682,15247,13421
14434: 14685,13553,14477,13611,13627,14268,14562
13483: 13929,14661,14477,14685,14591
15492: 15201,15415,14477,13018,15769,13929
14800: 14299
12948: 12980,14509,14450,14644,15270,13673
13223: 14612,13880,15470,15070
13260: 14227,13541,14344,13154,14005,13230
15140: 13738,14935,15041,13797,15303,14147
13236: 12856,15067,12898,15779,15172,13345
14291: 
15291: 14600
13666: 14253,15199,13459
14028: 15531,14511,14155,14873
13161: 14256,14144,14799,14494,15489
13373: 
14663: 13446,13039,14282,13393,12967,13937
13476: 14786
13847: 15071,15242
14692: 13757,15259,13879,14319,15269,14708
13272: 13280,13297,15311,12879,13306,14057
13134: 13246,15223,13904,14496,14277,14127
13953: 12943,13621,14115,15044,13863,15273
14276: 13749,14765,15672,14106,14491,14162
13303: 15032,12854,13242,13155,15111,14366
15794: 
14414: 13973,15031,15227
15099: 13446,13039,13455,14750,13464,14482
13034: 15079
13917: 14341,13056
14064: 15132,14457,13011,14320,15499
14626: 13131,13040,13603,14112,14425,14045
14476: 15790,14370
14900: 15138,14331,14335,14096
14609: 
13693: 13722,13555,13624,13291,13782,13551
15456: 13449,15338,14001,15617
14384: 15512,14543
15533: 15430,15805,13843,14488,12953
13850: 13488,13804,13471,15239,14852,14946
14997: 13347,15437,15485,14295,15256,14697
13596: 14516,13728,13921
13877: 14297,15327,13630,15721
13117: 14183,15675,14432,15113,15707
15149: 13485,14207,15126,13916,14883,13512
14336: 13873
14461: 15283,13711,14153,14931,13326,14330
14149: 13399,15703,13590,15092,13891,13920
14381: 13164,14557,13173,13664,14703,13175
15605: 15021,15064,15679,15733,13514
14963: 15739,13755,13750,12998,13343,13964
15385: 15384,13379,15088,15732,15050,15111
15148: 14683,13876,14532,12825,15406,15346
15726: 15566,15604,13754,13413
15412: 13528,15670,15347,15720,14350,14724
15490: 13315,14936,13043,15384,13379,13289
15640: 15365,12822,13473,13176,15286,14007
13347: 15437,14997,15485,14294,15482,13961
15073: 14718
13960: 12902,14944,14468,12865
15102: 14366,12854,15097,14015
13768: 13632,14710,14683,13876,13224,14984
15725: 
14916: 15042,14456,14440,13828,13286,12849
13087: 15735,14179,13750,13343,15645,15621
14515: 13692,13370,13884,15344,13540
13056: 13917
13598: 13574,14844,14105,15400,14310,14238
13874: 14638,14098,14810,15553
13710: 14526,15803
15143: 13839,12960,15204,15441
13309: 14397,13517,13099,14840
14564: 15399
14310: 15400,15567,28680,28675,28679,13598,14238,28678
14899: 14126,15775,12835,14993,13739,13925
15575: 15218,14230,14453
15255: 15369
13588: 13032,15753,13760
14528: 12882,14602,13393,13085,13455,13039
13385: 13840,13651,14101,14140,12839
14788: 15649
13121: 15723,15518,13634,14737,13822,15001
14229: 13038
14007: 14587,15286,13019,12822,15640
14511: 15205,14225,14155,14436,14873,14028
14367: 12988,13163,15283,14784,13778
13789: 13613,14298,15265,13389,12873,13681
14491: 14050,15405,14162,15672,14276,14311
14523: 15519,12986,14994,13872
13118: 
15532: 13587,15137,15318,13555,13782,13445
13428: 14354,15135,14952,14443,15629,13248
12916: 15461,14258,14723,14973,13875,12930
13640: 14755,14034,13994,15267
13785: 
15239: 12950,15527,14852,14858,13850,13804
15088: 13015,15360,14315,15384,15385,15050
15437: 13347,14997,13961,15066,15473,14697
13170: 14582,13325,14166,14368
13585: 15584,14567,14124,15278,14531,15695
14469: 13653,15548
14593: 13503,15240,15180,14369,14209,14302
14813: 13949,15300,13169
12873: 15157,14255,13681,13789,13389,14043
13436: 15035
13896: 14227,13541,13848,13631,15179,13270
14445: 15740
14256: 13161,14144,13372,12935
13058: 13788,14109,13628,12961,14930,12885
13866: 12984,13508,13665,13171,13753,13184
13224: 15614,14984,13768,13632,15245
15529: 13944,14305,13688,13338,15744,15623
13897: 13707
13852: 15354,15169,14860,13464,15191,14482
15193: 15589,15375,12859,14287,15510
14278: 15668,14012,13780,13853,15094,15526
13063: 15163,15593,15002
13867: 14097,15093,12902,14795,15523,14533
14736: 14744,14308,13407,13017,15285,14774,13686
14040: 13570,15293,14489,15582,14467,15791
14234: 13765,13952,14471,13209,13614,14588
13719: 13280,14950,13943,14532,14067
15388: 13796
15376: 12939,13641,14168,15689
14721: 13635,13948,13364,13241,13832,14013
14019: 13497,14252,15650,13482,14618
15584: 13585,14567,14124,13177,15057,13035
15284: 13140,15603,13108,13998
14140: 12839,13727,13385
13755: 15739,14963,15729,13656,12998,14242
13426: 14932
13368: 12921,13082,13934,13628,13365
14647: 13502,14387,13176,13780,15286,15094
14217: 13167,15768,14895,13800,14791,13870
13526: 13210,15175,14569,13340,14792,15397
12964: 13328,15760,14734
14544: 13440,14262,13743,14171,13388
12848: 13304,15215,15757,12871,13443,14395
14864: 15393,14554,14189
13189: 13181,14962,15729,14631,15699,14261,15319
14401: 14656,14272,14300,13775,14437,15391
13250: 13842,14490,14874,13112,13441
13359: 13684,14911,15767,13477,13520,14830
14372: 13803,14168,13259,13564,14690
15772: 12905,28680,28675,15495,14157,13205,15237
12942: 15752,15746
14039: 13886,15281,14863
14577: 13305,14113
13993: 15350,15534,12910,15443,13392
15136: 13099,15697,15617,15338
14379: 13485,14017,14207,13560
14331: 15138,14900,14335
13776: 
14286: 14910,13095,14976,13576,15316
13475: 13507
14688: 15117,14789,13989
14212: 15077,15276,14875,15546,14808,14139
15682: 15460,13149,14625
13163: 14175,15763,15283,13778,14485,14367
14002: 
13546: 13951,14895,14611,13180,15543,12836
15213: 15190,14141,14062,14206,12886,13316
15120: 13091,15323,13504,15751,13741,13904
15636: 12901
13796: 15501,15388
14988: 
13674: 15458,13301,12863,15182,15663,14637
15524: 15502,15662,13033,14779,14307
13978: 13440,13243,14591,13553,14326
15025: 14219,14095
12961: 13792,13628,13365,15407,13788,13058
12827: 14333,12919,14083,15452,15161
15509: 12952
14474: 14174,14076,12883,15328,14169
13407: 14744,14308,14736,13017,15609,14578,15285
13454: 14386,14654,15612,12826,15266
13459: 15766,13666
13062: 14173,13730
13317: 13531,13316,14556,14206,13252,14664
13760: 15046,14915,12881,15753,13588,13406
13607: 14119,13110,13608,14409,15581,14500
13739: 12849,13732,14888,14993,14899,13925
15415: 15201,15492,14477,15131,13627,14232
13926: 12994,15414,14817,13643,14896,12930
15716: 14498
15041: 14935,15140,14085,14147,13027
15158: 14967,14249,14682,14280,14208
14513: 13348,13545,13947,14480,14189,13885
13704: 13052,14029,14182,14092,13157,15349
15268: 15139,13097,15086,15467,13437,15229
13273: 13685,13319,13066
13179: 15722,13187,13430,28677,13203,12895,15355
15582: 15359,14040,15293,15791,13965
13166: 15568,12892,15416,15580,13636,13918
14008: 13930,14924,15035,15078
14610: 14117,14160,13556,13073
13235: 15059
13356: 14343,13669,15386,15229,13097,14022
13821: 14769,12920,13237,15462,15329,14343,15386
14590: 14778,15198,14035,13523,13933
15128: 15709,12933,13387
13774: 13472,15793,15799,15049,13386,12894
13934: 15329,14756,14343,13669,12921,13368
13132: 12967,13249,13937,15379,14652,12889
13505: 15421,15537
15558: 13193,14659,13946,13271,15387,13265
13148: 14312,14006,14839,14423
15473: 15066,14809,13961,15437,14775,13513
13629: 15107,15272,13187,12949,13610,13986
14289: 13371
14374: 15594,14053
13842: 13250,15500,15260
15160: 15247,13639,14117,15147
15383: 14499
15771: 13970,15813,14084
13434: 15194
14962: 13181,13189,15729,15303,13656,14147
13372: 14787,14581,14799,14256
13972: 14231,13748,13009,14497,14926,13060
14708: 15613,13479,14692,13879,15269,14305
15374: 14573,13950,12936,13812,14200,15139
14001: 14347,13969,12837,15456,13449,15617
14295: 15302,15256,14997,14697,14629
14620: 14627
13920: 15508,15061,14149,13399,15092,13713,13478
14480: 14189,13885,15393,14513,15074
14487: 15285,15065,14774,13516,15608,13217
14943: 15784,15646,13129,13726,13403
15485: 13347,14997,14492,14294,12875,15256
13923: 14969,14403
15438: 15704,15612
15369: 15255
13798: 13537,13918,15498,15416,15581,13110
13128: 14101,13458,15804,14809,14426
12941: 
15252: 15429,14328
15712: 15092,15459,13891,13246,14496,13047
15108: 13725,15052
15335: 14596,13014,13833,13321,13073,14713
13455: 13085,14396,12949,14750,14528,15099,13039
14257: 15251,14132,14311,13836,15479,13410
14415: 15775,14315,14428,15664,15050,15040
13363: 15660,13989,13051,15350,12910
12918: 13513,15804,12860,14553,14890,15684
14518: 13827,14244,13419,14075
13495: 12925
14834: 15786,13353,12823,13692,13657,15297
14131: 14682,14417,13268,14266,12977,15511
12978: 15205,14225,15757,12884,15348,15215
15265: 13982,14298,15054,13789,13613,13456
14560: 15627,15795,13533,15010,13461,13159
14454: 15410,14738,12877,14222,14762,14668
14785: 14946,13003,13543,13301,12863,14340
14820: 12859,14871,13410,14383,12963,13590
14083: 12827,15705,15023,13490,15452,13010
12821: 13862
12878: 15805
14941: 
13205: 15190,15237,14141,12905,15101,15772
13534: 15320,13909,13954,13747
13300: 14024,15146,13511,13188,14508,13030
15199: 12991,14253,13666
13861: 15070,15187,15754
13758: 13429,15700,13216,13242,14366
14242: 15319,14608,15729,15739,13755,14210
13316: 13317,14556,15213,14206,15162,12886
14038: 14986,13191,12842,13647
15163: 13063,15593,15002,15267,12970
12828: 13057,14428,13898,13142,15040,12833
15402: 14589,13005,14890,14280,12860,14249
13456: 15559,13613,15776,13957,15054,15265,14636
13204: 14204,15181,14538
15626: 15474,15151
15466: 
13176: 13307,13473,15640,15286,14387,14647
13164: 14381,14557,13088,14541,13258,13173
13820: 14510,12903
15277: 15793,15799,13378,13567,14390,14058
12999: 13160,14157,13781,15237,14773,13418
15601: 14701,15531,14133
13540: 15344,14146,13886,14515,13692,15786
13551: 13787,13693,13624,13291,14574,14392
14581: 14787,14360,13372,13138
13197: 15427,14588,15174,13952,14504,13663
13594: 13881,14841,14755
14101: 13458,13128,15066,14809,13651,13385,12839
13699: 13006,13639,15590,13008
13086: 
14703: 14815,13175,15307,14337,14381,14557
14855: 15550,13113,13514,15733,13988,14324
13490: 15452,13010,14130,14083,15216,13334
15190: 13205,13781,15237,14141,15213,12886
14076: 14474,14174,14766,14665,15622,14169
13541: 14227,13260,13896,13631,13154,15366
14228: 14507,12884,13094,14872,15367,14071
12857: 15123,14923
13180: 13546,15543,14395,13304,13617,12836
13357: 13597,15176,14771,14589,14388
14472: 14463,13030,13444,13033,14779,15314
15414: 12994,13322,13926,13643,14722,15005
13111: 15637,15098,14080,13472,15049,15029
14555: 14831,15171
13389: 13231,13433,14043,14298,13789,12873
14892: 15355,15337,15722,15155,15085
15685: 12843,14940,15022
13967: 15130
13435: 13480,13271,15387,14074,13442
14506: 13206,13116,15185,15007,13120
14905: 14575,14889,15196,13892,14088
13254: 13672
14267: 14062,14613,13679,13185,14116,13511
14902: 13578,15217,14176,14904,12931,15016
13200: 12976,15777,13966,13392
13282: 12866,14551,15688,15345,14790,13480
13031: 13313
14277: 13064,14127,14525,13741,13134,13904
13752: 14438,15003,14479
14956: 
13269: 14818
13987: 14772,15515,14317,13036,13037,13279
13891: 15712,15092,13246,12963,14149,13590
13898: 15769,13929,14661,13057,12828,12833
15743: 15417
14146: 13791,13540,13886,15281
15634: 
14072: 14449,14617,13971
14129: 15742,15074,15709,14686,14889
13076: 14777,13312,12862,14641
14465: 13658,14825,14566,14091,14572,13740
14068: 14960,14806,15039,13887,14546,15352
15200: 12922,13638,13171,13516,12927,15608
15454: 14525,15422,14238,28679,13160,28678,13654
13973: 14414,15031,15380,13218
14974: 15727
13451: 14203,15211,12870,14539,13522,13670
13612: 13975,15738,14757
13663: 13167,15768,13197,15174,14504,13945
13313: 13031,13045,13486
14938: 
14772: 12869,15515,13987,15188,13386,14317
12974: 14251,15331,14770
15364: 15774,14622,13496,13797,14891
14499: 13642,15383,14635
13098: 15807
14883: 14369,13916,15149,14209,13539,13512
13055: 14536,14848,13310,12896,14739,13942
15315: 
15027: 
13107: 14281,14782,14992,13457,13147,15069
15468: 14014,14507,15348,15522
13473: 15029,13307,13176,14080,15365,15640
14307: 14977,13156,12875,13033,15524,15502
13744: 13390,15164
14021: 12908,14995,14758,13208,15455,12958
13472: 15793,13774,15049,15294,13111,15637
12903: 13820,13469
15266: 15553,13109,12826,14386,13454
13557: 15808,15411
12867: 13323,15477
14829: 
14931: 14153,15566,14461,14330
13039: 13446,15099,14663,13455,14528,13393
13802: 15580,13069,14196,13648,14283,12861
15435: 12852,14690,14657,13803,14352,12872
13437: 15467,13573,14576,14200,15139,15268
13244: 
14566: 13658,14465,14958,13234,15713,13740
13477: 14924,13377,13520,14830,15078,13359
12890: 13990
15351: 15109,13500,15535,13757,13879,15340
15498: 13537,13798,14254,13110,13626,14898
14057: 14497,13306,13535,13272,12879,13784
15355: 14699,15337,14892,13438,12895,15722,13179
13523: 14035,14453,15218,12915,14778,14590
14520: 12879,13784,13263,15530,14913,13327
12938: 14807,13697
13754: 15604,15726,15156
13422: 13720,13869
15631: 15549,14020
13487: 14642,13044,13270,14227,14344,14456
13631: 13452,13848,12951,15366,13541,13896
15086: 15139,15268,13097,14573,13857,14522
13400: 13448,12824,15787,15782,15274,14599
13482: 15449,15141,14740,14237,14252,14019
15055: 14423,12814,14839,15734
14747: 14327,13773,12818,13013,13688,15652
13905: 
14049: 15765,13524,14530,13709,15258,13285
15545: 15124,14637,13786,12863,14340,15119
13059: 15555,15395,13256,12926,13903,12868
15787: 13400,13448,12824,13871,13815,13703
15396: 14150,15647,15044,13863,15547,15431
13522: 13888,14539,15440,12870,12887,13451
13548: 15654,14801,14842,13737,15717,15069
15625: 14815,15307,14050,14132,13091,15323
13773: 14327,14747,12818,14955,13341,15116
13065: 13696,15072,14350,15788,13518,14724
13131: 13040,14626,15577,13023,14045
15494: 14471,15082,13209,15273,13863,15547
15258: 13293,14283,13285,15765,13355,14049
14222: 15342,12877,12837,14454,14668,14550,12911
13844: 15439
14283: 15258,13648,13293,13285,12861,13802
14080: 13111,15098,13586,15365,15029,13473
14189: 14480,15186,14537,14864,14513,13947
13383: 
14047: 14178,12832,15742,14686,14135
13619: 12989,13340,15012,14845,14673,14441
13745: 15500,14172,13332,13330
15497: 14734,15008
13215: 14961,12972
14980: 14579,14702,15585
14945: 14230
15526: 13853,14278,14012,13245
15796: 14144,13119
15488: 13382,14670,13255,15322,14922
14235: 15678,14467,15571,14489,13186,14666
13283: 
13518: 12980,13046,14509,14724,13696,13065
14458: 15303,14891,12853,15699,13181
13908: 13735,13025,13274,15060,14933,15082
12822: 15365,15640,14205,13019,14455,14007
15004: 15289,13396,14795,12865,14097
15602: 14297,15327,15208,15334,12861,14196
15646: 15784,14943,13403,14213,14034,14378
14245: 13840,14629,15302,12976,15777
15003: 15209,12814,13752
12898: 13327,14926,13060,15067,13236,15172
14346: 14108,15515,13279,13515
13168: 15159,13617,15551,13225,14436,13020
14264: 13584,14558,15090,13806,15185,13120
13083: 13535,14524,13320,14954,13009,14059
15780: 14886,13419,15756
14694: 15210
14034: 14378,15784,15646,14841,14755,13640
12950: 15527,15239,13233,14852,15800,15663
15764: 13677,13214
12843: 15685
15006: 15420
15336: 12876
14412: 14365,14233,15606,15478
14337: 14679,15377,14557,15405,14703,15307
14689: 14836,13661,15800,15182,13315,13043
15058: 14693
12953: 13264,13940,15805,15533,14488
14719: 14744,14308,13265,13127,14124,15278
15365: 12822,15640,13586,14205,14080,13473
15619: 13932,15245,13938,13521,13979
14846: 15696,12820
13515: 13084,14346,13279,14460,13336
13310: 13868,13174,15597,12896,14536,13055
14984: 15614,13224,13876,13768,12874,14493
14416: 13466,13124,28658,15520,15238,13723
14749: 15577,13023,15013,14698
15297: 14837,14834,13657,15675,14373
15307: 14815,15625,14703,14337,14050,15405
14840: 14745,14645,13099,13309
13733: 12925
15553: 15266,13109,14098,14224,13874
13625: 14850,13262,15717,13147,14410,14781
12910: 13993,15350,14616,13051,13363
14755: 13640,14841,13594,14034
12915: 13474,15686,15579,15218,13523,14778
14541: 15621,15433,13381,13258,13164,13088
13275: 14325,13077,14446,15607
15223: 13246,13134,12963,13904,13504,14383
14740: 12838,14237,14435,15449,13482
15727: 13907,14974
13416: 13649,13226,13449
15198: 14778,14590,15686,14329,15346,12825
14757: 14677,15641,15525,13612,15738
15305: 13841,15782,13854,15244,13573,15390
14718: 15073,13251
15800: 12950,13233,14836,14689,15182,15663
14249: 15158,14771,14280,15402,14589
15095: 13070,15262
13969: 13412,14347,14001,12837,14550,14796
14533: 15523,13095,14097,13867
14700: 15341
13390: 13744,14035,13933,15028
13763: 14195,13728,13354,14695
15146: 14024,13300,14463,13030,14358,14519
13227: 14433,13015,15360,15471,14119,13626
12816: 13145,15643,14816,15270,13673,14535
13066: 13747,13685,13273
15813: 15771
14388: 13212,14771,13357,13597
14330: 15425,14464,14931,14461,13711
13687: 15448,15154,15344,13791
15706: 13655,13169
13106: 
14300: 13135,15724,14639,14401,14272
13778: 14485,14221,13163,12988,14367
14723: 12916,14258,12917,13153,14817,12930
14756: 15329,14658,13934,12921
14191: 13532,13808,15773,14608,12954,15381
14059: 14231,13009,13083,13320,13566,13982
15610: 15038,14296,14199,15012,15541
13812: 14573,12936,15374,14502,13143,14628
15323: 13091,15120,14998,14815,15625,15751
13600: 15153
14099: 
14380: 13931,15653,14233,14803,15453
15224: 14981,13137
14221: 13778,14485,15189,15076,13420
12901: 15636,15513
13259: 14405,14293,13564,14690,14372
15264: 15261,15791,13965,14094,12956
15697: 13099,15136,15617,14347,13894
13190: 14875,14808,13570,15293
14572: 12922,13638,13740,14465,14091,13767
13492: 14402,15257,13537,14254,15527,13233
14009: 15170
14698: 15119,13198,14749,13023
14111: 15493
15749: 13671,15010,14036,13159,14105,15400
13293: 15258,13648,14283,13355,14376,14857
15641: 14190,14677,14942,14757
14446: 15607,14066,13275
12970: 15267,13924,15163
13221: 13158
14206: 14062,14613,13252,15213,13316,13317
14165: 14134,13547,15091
13566: 13982,14298,14231,13899,14059,13231
15195: 15410,14848,13182,13974,14551,13432
15762: 14574,13281,15629,13248,13290,15595
15330: 15574,15104,13662,14016,14763,15324
13825: 15482,13489,14681,13577,13961,14775
14825: 13658,14465,14091,15639
14303: 13032,15579,13474
14922: 13882,15023,15488,13382,15705,15322
14485: 13778,14221,15189,13163,15763
15156: 12965,13754
15537: 13505
13320: 14954,15630,13083,15054,14059,13982
13226: 13649,13416,14928,15475,15342,13449
13601: 12840,13021,15686,15536,14329,13668
13956: 13237,13809,13815,15317
15077: 14212,15276,14352,12872,14348,14139
13818: 15242,13690,14717,13257
13836: 14257,14466,15479,15589,14871,13410
15176: 13357,13005,14634,15203,14503
14676: 14578,14790,15214,14643,12866,14812
14195: 13763,14875,15560,15014,15689,15276
15617: 15697,15136,15456,15338,14347,14001
15348: 12884,15468,12978,15205,15522
15059: 13235
13188: 14279,14763,14116,14508,13511,13300
13417: 13962
15183: 15572
13761: 13857,14522,14766,13792,15407,14174
14274: 13662,13572,12990,13823,15677,15451
14853: 14215,13361,14321,13771,14364,13691
15465: 14761,12880,13860,15065,14120,14732
15623: 13587,15137,13944,15529,15744,14832
14794: 12934,13700,14929,14356
13471: 13850,13488,14946,13003
15483: 
12960: 15143,15204,13517
13080: 
14646: 13832,13438,14833,13238,13913,13948,14382
14015: 13321,13219,15097,15102
14613: 14062,14206,13252,14267,14024,13511
13402: 15567,28675,15495,14036,14819,13322,14722
14411: 13413
13718: 13615,15408
14630: 
13656: 14085,12998,14147,14962,15729,13755
14292: 13682,13341,14397,13569,13196
13654: 14773,15658,14525,15454,13160,13064
15644: 15445,13318
14142: 15671
14527: 15321
15011: 14351,14405
14774: 15285,15065,14487,13686,14308,14736,13860
14136: 15187,13096,13222,13037,14460,15470
13726: 15707,13971,13129,14943
15684: 14634,12918,15804,13005,14890
13314: 15469,15730
15233: 14559,15692,15447
13846: 14484,14978,12996,14951,13195,15272
12837: 15342,14222,13449,14550,13969,14001
13022: 
13199: 15401,12947
15455: 12856,15067,12958,13208,14913,14021
14743: 15042,14653,13044,13945,15768,13800
13602: 15648,14874,13112,13397,15463,14865
14787: 14581,13372,13521,13979,14799
13397: 15463,13150,15737,12985,14865,13602
13113: 15550,14855,13988,13795,13575,14130
12998: 14085,13656,14802,14963,13755,13964
13931: 15653,14380,14365,12947
13351: 
13854: 13841,15305,14013,14699,15337,15390
12969: 12929
28652: 
15433: 15621,14541,13381,15739,13750,14210
14874: 13602,15648,13112,13011,13250,13441
12928: 15309,13581,13103,14301,14371,14054
14398: 15318,13981,12955,13722,15398,13555
14268: 15051,13052,15434,13611,14434,14562
14734: 14651,15497,12964
13589: 15249,14542,13081,14003,14857,15464
15789: 15612,12826
13007: 15349,15093,14029,14910,15523
12984: 13866,13508,15592,15615,15713,13753
14253: 14275,15199,13666
15550: 13113,14855,13514,13563,13795
15489: 12944,12982,13161,14144,13939
13219: 13321,14015,14713,14342,14241
14623: 
14517: 13264,13940,14937
15045: 14914,15232
13618: 14530,12995,13560,14687
13470: 13870,13955,15736,14791,15131,14232
12897: 15423,15325,14882
12831: 12868,13374,13457,13124,15238,14782
13285: 15258,14283,12861,14049,15208,13709
13837: 15569
15552: 14585
13705: 14201
14538: 14601,13775,13900,13204,14272
14352: 13803,15560,15435,12872,15077,15276
15806: 13085,14396,15231,15085,13950,14602
14399: 14549,13939,14037,12985,13150
13202: 13935,13665,13634,15001,14739,13508
13591: 15076,14187,12864,14738,12993,14762
14839: 13148,14312,15055,13810
14552: 15598,15721,13488,13804
13154: 13139,15015,15366,13541,13260,14005
14233: 14412,15667,14803,13431,14380
15164: 13053,13744
14318: 
14261: 15667,13431,14631,13189,15773,15319
14565: 14777,13312,12855,14869,14729,12844
15319: 15773,14242,14608,13189,15729,14261
15770: 13801,15372,13650,13035,13911,14567,14226
14530: 13618,12995,14687,13524,14049,13709
14371: 13391,15063,12928,13103,14054,15075
13664: 13173,13671,14381,13175,14844,14105
14168: 13803,15560,14372,13564,15376,15689
14760: 14368,14166
15361: 12817,13734,14043,14255,13572,14016
14850: 13625,13147,14281,14827,13503,14781
14494: 13979,14799,14748,13161,14549,13939
15656: 15732,15664,14592,15032,15719,13652
14832: 13680,14675,15557,15744,13587,15623
14761: 15465,12880,14120,13893,14070,15747
14639: 14656,13249,15724,14300
15110: 13623,14325,13530,15295
14435: 14740,12838,13823,15677,15499,15449
15475: 14928,15263,13331,13226
15034: 13723,14103,13538,15491,13831,14992,13902
13409: 15379,13172,14628,13143,14473,15083
13713: 13478,13361,14321,15061,13920,13620
14762: 12877,13591,12864,14928,14738,14454
15493: 14111,13284
15234: 14807,13958
15481: 14674,15622,14473,15083,13376,15403
13749: 14765,14276,14106,14032,14386,14654
13027: 15573,14802,15041,14822,14085
13970: 15771
13011: 15648,14874,14320,14064,13441
13819: 14314,14247,14375
15342: 12877,12837,14222,14928,13226,13449
13443: 14216,14395,14202,12871,14090,12848
14115: 15633,14535,13621,14987,13953,15044
13725: 15687,14186,15108,15248
15325: 13371,12897,14882
15334: 14114,15208,15327,15602
15166: 13963,13328
14551: 13974,12866,13282,15195,15688,13432
14216: 15543,13895,14604,13443,14395,14202
15692: 15380,15233
15109: 15351,13500,13049,15797,12841,13757
14819: 14036,13461,13159,13695,13322,13402
14360: 14581,13864,13138,13521
13613: 15559,13789,13456,15265,13681
15270: 14644,13736,12948,15643,12816,13673
14026: 13012,13395,13391,14475,15075,14655,12909
15286: 13780,14587,14007,15640,13176,14647
15056: 12939,13641
15404: 15563
14162: 15405,14491,14106,13927,15377,14276
15500: 13745,13842,14186
12959: 14767,13701,13527,13922
15426: 13865
13902: 13485,14017,15126,15034,13538,13831
13682: 14955,13341,14292,14397,14645
13694: 
13572: 13662,14016,14274,14255,12990,15361
14293: 13259,14405,14284,15253,12852,14690
14505: 12983,14112
13336: 14460,13515,13084,15187
14209: 13539,14545,14369,14883,14593,14302
13947: 13348,14513,15186,14886,14189
12869: 14772,15515,14666,15188,15571,14108
14321: 13713,13361,13691,13620,14853
14377: 15683,14400
14547: 15250,14856,14580,13647
14114: 15208,15334,13709,14687
15249: 13589,14542,14302,15180,15024,13081
14596: 13014,15335,14171,13388,13556,13073
14504: 14642,13945,15486,13952,13197,13663
15594: 14512,13565,15020,14374,13401
15228: 
12992: 14704,14921
12940: 13453
13521: 12819,13938,14787,14360,15619
15422: 15751,14525,13741,15454,14238,13574
14644: 15503,13736,15270,15372,12948,14450
13824: 
13024: 
15677: 13823,13662,14274,15574,12838,14435
13869: 13422
15591: 14202,14776,13834,13025,14571,14604
15773: 15319,14608,13431,14261,15381,14191
15599: 14798
15133: 14442,14821,13811,13463
13239: 14166,15026
14830: 13717,15078,13477,15767,13359
15271: 15718,14248,12907,14178,12832,15440
15222: 15795,15779,15645,12856,12958,14179
13321: 14015,13219,15097,13833,15335,14713
14392: 14574,13281,15060,13787,13551,14776
15226: 15144,14199,14741,14361,14673,15225
13662: 13572,14016,14274,15677,15574,15330
14770: 13954,14251,12974,14110
15765: 13539,14545,13355,13524,14049,15258
14894: 
13835: 13238,13913,15154,15539,14353,13884
14668: 13432,13883,15410,14454,14222,12911
14224: 14466,15711,15553,13109,14193
28658: 13466,14416,15520,15238,13941
14953: 
14578: 15609,14790,14676,14812,13017,13407
15032: 12854,13303,15719,15732,15656,15111
14896: 13643,13875,15748,12930,13926,12912
13167: 13663,15768,14217,15174,13951,14895
14484: 13403,14978,13846,12996,15169,14213
15185: 13806,14264,13120,13206,14506
14054: 15075,12928,14301,14148,13391,14371
14837: 15219,15297,14288,14951,14373,13195
15504: 
13918: 13537,13798,13636,13166,15416,14402
13486: 12888,13045,13313
14500: 13415,15581,14452,13072,13607,13608
13127: 14659,14719,13265,14124,15057,14912
14525: 13741,15422,15454,13064,14277,13654
14219: 15298,15316,15105,15025,14095
15040: 14592,14415,14428,12828,15664
14284: 14949,15801,14293,13146,15253
13194: 13783
15478: 15606,13813,15125,14412,15667
15114: 14240
12904: 15192,13878,14742,15801,15047
13468: 13552
15119: 14340,13198,14698,15545,13786,13023
14713: 13073,15335,13321,13219,14241
14569: 13210,13526,15397,14797,12909
14852: 12950,15239,13850,14946,13301,15663
14385: 14909,14595,13253,15745,14880
14442: 15133,12846,15000,13811,14177
12914: 14678,15694,15373
14744: 14308,14719,13407,13265,14736,15609,13946
14680: 13496,15669
13388: 13008,14160,13556,14262,14544,14596,14171
13296: 
15443: 13029,13993,12976,13392
14763: 13188,14279,15324,14508,15330,15104
13123: 14470,13894,14407,14745,15259,14319
13478: 13713,13361,15092,15459,13920
14711: 15147,14753,15091
14130: 13490,13010,13113,13988,13575
14707: 13520,13334,28681,28659,14911
14419: 
14074: 13435,13480,15688,13883,15693,13442,15561
14634: 15684,14426,13005,15176,15203
15048: 14870
13494: 13253,15141,15132,14457,15333,15745
14443: 13291,13782,13445,14354,13428,15629
14895: 13546,13951,14611,13167,14217,13870
13797: 15303,14891,15364,14622,13738,15140
13169: 14813,15706
14934: 14393,15026,13684,15767,15798
14314: 13819,15577,15013,14247,14045
13324: 14281,14992,13831,15126,13916,14827
14818: 13269
12846: 14177,14442
13892: 15759,14088,14575,14905,13152,13646
14660: 
14139: 15546,14348,15077,14212,13554,13378
14060: 13070,12923
14870: 15048,14000,15448
13072: 13415,14500,14005,13906,13230,13608
14821: 15133,15000,12893,12881,14096
13419: 14742,14075,14518,15780,15756
15023: 14056,13882,14922,15705,12919,14083
15313: 
15014: 13921,15689,13728,14195
13135: 14548,14300,13995,14204
14816: 13145,12816,14535,14987,13715,15236
13587: 15137,15532,15623,13680,14832,13445
14177: 12932,13811,12846,14442
14748: 13932,13979,14494,15731,14549
15511: 14364,12977,14867,13384,14266,14131
14531: 13585,14567,12880,15695,15747,13911
13009: 14231,13972,14059,14497,13535,13083
13632: 13768,14710,13938,13224,15245
13484: 13949,12829
12830: 13800,14791,15131,14653,15428,15201
15260: 15333,13441,13842,14457
13249: 13937,13132,15724,12889,14639
14141: 15190,13205,15213,15101,13679,14062
14887: 
13932: 14748,15619,15245,15444,15731
15042: 14916,14456,14440,14743,14653,13044
14102: 13333,13218,12929,14876
14656: 14639,14401,14970,15391
12824: 13400,15787,13871,15586,14594,15274
15328: 14474,12883,15296,15505,14424,15246
13961: 13825,15482,13347,15437,14775,15473
13633: 13985
15094: 13853,13780,13502,14647,14278
13146: 14405,13041,14351,14949,14284
13225: 14436,14873,13168,13020,15121,13996
14370: 14476
12847: 15639,12862,14641,14091,13767,14828
14227: 13541,13260,14344,13896,13270,13487
12997: 14391,13384,13277,13769,13915,14266
13344: 14055,14907,15189,15084,13420
14383: 14820,13410,15251,13504,15223,12963
13981: 15318,13498,14398,15177,13366,12955
13630: 15598,15721,14297,13877,15809,12962
13211: 14516,13354,15178
15029: 13307,13473,13111,14080,15049,14462
14884: 
13075: 
13734: 12817,13467,15361,13433,14043,14973
15790: 14476
13766: 
13440: 13978,14262,14544,14591,13743
14004: 13712,14932
13571: 15423,15480
13187: 15722,13179,13430,15107,13629,13610
13415: 14500,13278,14452,13072,14005,15015
14116: 13188,14279,13185,14447,14267,13511
15767: 13684,13359,14830,15798,14934
13885: 14480,13545,14513,15742,15074,12832
14033: 15507,13261
14710: 13768,13632,15659,15250,14683
14244: 13041,14518,13827,14075,14949
14781: 13503,15240,13001,14850,13262,13625
15155: 14576,15231,15085,15390,15337,14892
13578: 14902,15217,14176,13369,15357,12891
13992: 13013,13506,14407,14645,14955,14327
14667: 12860,14964,14417,14280,15618
14592: 13142,15040,15715,15664,15656,13652
13817: 13276,14271,15403,15038,15541
15766: 13459
15076: 14187,13591,13420,12864,14221,15263
13210: 15175,14569,13526,15225,14475,14752,12909
14492: 14294,14664,14358,14519,12875,15485
15288: 14814
14568: 14479,12986,15519
14025: 13376,14652,14290,14271,13394,13838
14464: 14330,13413,13990
15637: 13111,15098,14418,15368,13472,15294
14023: 15720,14350,15788,13366,12955,13136
13133: 15704,15401
14791: 13800,12830,15131,14217,13470,13870
12913: 13119,12834
14879: 15349,15093,13157,13777,12902
15503: 14644,13736,15372,13650,15654,15096
13512: 13539,13524,14207,15149,14883,12995
15774: 15364,14622,12932,13811,15669,13141
13986: 14750,14860,15272,13629,12996,12949
15049: 13472,13774,13111,15029,12894,14462
15467: 15244,13573,13437,12920,15229,15268
14662: 13680,14675,13292,14354,15135,13856
14466: 14224,15479,15711,13836,14193,15589
15664: 15732,15050,15656,14415,15040,14592
14164: 14402,15257,12962,13069,13636,15809
14051: 13838,14746,14970,15604,15391
14437: 15604,15391,14401,13775
13652: 13833,15656,14592,15715,15719
13944: 14305,15529,15613,13498,15137,15623
12868: 13374,12831,13903,13059,13256,15238
13203: 28677,15043,12895,15219,14288,13179,13430
15638: 
14865: 15152,14862,15737,13397,13602,15648
13067: 14728
14847: 15373,14240,15300,15694
13360: 15008,12829
12882: 14528,14602,13393,12936,13172,14628
14618: 14779,15314,14237,15650,14019,15662
13990: 12890,13413,14464
14498: 13644,15716
14686: 14575,14889,15742,14129,14047,14135
14150: 15647,15044,15396,14987,15236,14349
12894: 13386,14317,15628,14462,13774,15049
14281: 13107,14992,13324,14850,13147,14827
13354: 13298,13211,13728,13763
14396: 13085,15806,12949,13455,13610,15085
15321: 14527,14093,14426,13458
13094: 12957,13290,15367,14071,14086,14228
13413: 14411,15726,14464,13990
14746: 13830,13838,14051,15566
13535: 14497,13306,14057,13083,14524,13009
14728: 13975,15145,13067
15629: 14574,15762,13291,14443,13428,13248
15066: 14809,15473,14697,15437,13651,14101
13042: 15811
13175: 14998,14815,14703,14381,13664,14844
13998: 13100,13108,15284
15220: 14226,13115,14877,15096,14842,14357
15650: 13497,14019,14618,15662,13051,15660
15394: 13678,15776,15054,14493,15614,15630
15096: 15654,14842,14226,15220,13650,15503
15036: 
15413: 14869,13074,13941,12844
13862: 12821,14851
15069: 15717,13147,13457,14801,13548,13107
13047: 14391,14867,13384,14496,15712,15459
15486: 13765,13952,15179,14642,13270,14504
13826: 13380
14163: 
13126: 
13637: 14158
13307: 15029,13473,13176,14462,14387,14220
13255: 15488,14670,13004,14170,15513
15391: 15604,14437,14970,14401,14656,14051
13017: 14812,13516,12927,14578,15285,13407,14736
13345: 13349,15172,13153,13236,15627,15779
14867: 13384,13047,15459,13361,14364,15511
13057: 13925,14428,12828,14888,15769,13898
14258: 15461,12916,14723,13748,13899,12917
13004: 13912,14670,13255
15728: 
15248: 15745,15333,14186,15687,13725
15407: 13792,12961,13761,13788,14174,12883
15424: 13367
14213: 15354,15169,13403,14484,15646,14378
13939: 14549,14399,14494,12982,15489
12921: 13082,13368,14756,13934
15337: 15355,14699,14892,13854,15155,15390
14460: 13037,13279,13515,14136,13336
15717: 13625,13147,14410,15069,13548,13737
15491: 15034,13723,13831,13124,14782,14992
13507: 14965,13475,13421
14495: 13563
15431: 13452,13848,15647,15396,15547,13550
14053: 14374,14512
13510: 14921,14948
15693: 14550,12911,14796,13883,14074,13442,15561
13570: 14040,15293,14489,13190,14808,15674
14715: 14958,14430,13234,13675
15741: 12988,13331,14784,15409,15474
13177: 13122,15057,15584,13035,13528,15347
14512: 15594,14190,13401,14053
15571: 15678,14235,14666,12869,15512,14108
12832: 14178,14047,13885,13545,12907,15742,15271
13537: 13918,13798,15498,14254,14402,13492
12835: 15680,14993,14409,15471,14126,14899
14457: 15132,14064,15260,15333,13441,13494
14930: 14838,14621,12885,14109,13058,14733
15235: 13267
13635: 14721,13948,13241,14991,14181,15363
28659: 28681,14306,14707,14911,13779,14188
13406: 13936,15708,13032,14915,13760
13964: 13343,12908,12998,14995,14802,14963
13366: 14023,12955,13605,13136,15177,13981
13737: 15654,13548,13736,15717,14410,15643
15135: 14354,13428,14952,14662,13078,13856
15681: 
15147: 14711,15160,15247,14514
13068: 
15585: 15519,14980,14804
15719: 15032,12854,15656,13652,15097
13709: 14114,15208,14530,14687,14049,13285
14716: 
13268: 13915,15389,14266,14131,14417,15618
13678: 15776,15394,13957,15614,15444,12815,15731
15280: 
14797: 15397,14939,15275,12909,14569,13807,13012
13966: 15378,15812,13200
15539: 15448,14000,13676,14353,13835
14090: 14086,12871,14202,13834,15595,13443
14455: 13806,13019,15211,14180,14205,12822
12986: 14568,14523,13872
13084: 13515,13336
14086: 14071,12871,14090,13290,13094,15595
13019: 13806,14455,12822,14007
13810: 14839,14606
13032: 13588,14303,13474,13406,15708
15247: 15160,15460,15147
14210: 13808,14242,14608,15739,15433,13381
13195: 15107,15272,15219,14837,14951,13846
13138: 14581,14360
14901: 15457,14885,13158
13101: 
15295: 13530,13026,13623,15110,13339,14584
12930: 13875,14896,14817,12916,14723,13926
14297: 15327,15602,13877,14196,15809,13630
14408: 15142,13568,14737,13807,15275,15596
15035: 13436,14008,13930
13697: 12938
14382: 28677,15043,13913,13370,13884,14646,14833
13103: 15309,12928,14371
15353: 15781
13012: 13807,14026,13395,14797,15275,12909
14251: 12974,14843,14110,14770
15350: 13993,15534,12910,13363,14192
13305: 13691,14113,14577,13620
13543: 14785,13003,14340,13198
13340: 13619,12989,14792,14673,15175,13526
14652: 15083,13376,14025,15379,13132,14290,12889
13051: 14616,15662,15650,13363,15660,12910
13445: 14443,13782,13587,15532,13680,14354
13901: 13994,14378,15354,15191,15089
15612: 15789,12826,15438,13454
15718: 15271,14248,15357,12891,14614
13140: 15603,13559,15284,14991,14181
15520: 14416,28658,13723,14103
14671: 14246,13660
14936: 13315,15490,15458,15087,15432,13289
13218: 15380,13973,14102
15620: 12979,14486,15570
15398: 13722,14152,15788,12955,14398,15072
14871: 12859,14820,13410,13836,15589
14329: 13943,15346,13668,15686,15198,13601
15593: 13063,15163,15181
13332: 15429,13745,13330
13469: 14972,12903
14424: 15246,14296,15328,15505,14361,15144
14056: 13882,15023,12919
14769: 13821,14599,12920,13448,13237
15667: 13431,14261,15478,14631,13813,14233
13410: 14871,14820,14383,14257,15251,13836
14649: 14691
14886: 15780,15184,15186,13947
14758: 14995,15573,15352,13208,13207,14021
14340: 15119,13198,14785,13543,12863,15545
13580: 
15540: 13683
13679: 13185,13919,15101,14141,14062,14267
12899: 13151,13114,15554,13418,15290,14048
14691: 14649
13701: 12959
15384: 13379,15385,13015,15088,15490,13043
13556: 13388,14160,14596,13073,14610
12963: 13246,15223,14820,14383,13590,13891
13843: 15805,14063,15533
15444: 15614,13932,15245,13678,15731
13411: 
14519: 14492,14664,14358,13252,14024,15146
15072: 13696,13065,13460,15788,15398,14152
13621: 15633,14115,13046,12943,15651,13953
13816: 13716
13827: 14518,14244
15290: 13915,15389,15554,13769,12899,14048
14690: 12852,15435,13259,14293,13803,14372
14243: 
13481: 15596,15597,14939,15275,14907,13174
14031: 14087,15362
14996: 
13353: 14834,15786,14863,13657
13178: 
12875: 14977,13156,14307,14492,14358,15485,15256
15329: 14658,14756,13934,15462,13821,14343
15256: 14295,13156,12875,14997,15485
14032: 15642,14106,14223,13342,13749
15085: 15155,15231,14892,15722,15806,14396,13610
13791: 15344,14146,13687
13395: 13807,13012,14026,15080,15607,14655,13568
14672: 13889
13563: 14495,15679,15550,13514
12858: 
13965: 15791,15264,15582,14094
14183: 13657,13117,15675,15661,14863,15113
13747: 13066,13698,13534,13909
15542: 14332
12912: 13185,13919,14447,13643,14896,15748
15352: 15573,14758,13887,14822,14068,13207
14645: 14407,14840,13682,14955,13992
14726: 15173,14650
14012: 15230,14278,15526,15262
13198: 14340,15119,14698,13543
13444: 14472,13030,14508,13976,15104,15314
15611: 13299,15046,14915,14521,13887,15616,14546
28680: 15567,14310,28675,28679,15495,15772,14157,28678,15237
13396: 15289,15004,14097,14006
14199: 15144,15226,14296,15610,15012,14673
13245: 15526,15262
14537: 15186,14189
14714: 14011,14601,13900
13079: 15382,13880,14612
15445: 15644,14309
15781: 15393,15353
13575: 13795,13113,14130,13377,14917
13291: 14443,13782,13693,13551,14574,15629
13887: 14822,15616,14546,15611,14068,15352
13538: 15034,14103,14017,13902
15317: 13815,13703,14198,13956
14557: 13164,14381,13088,14679,14337,14703
14857: 14003,14376,13355,13589,14542,13293
14514: 13192,15147
14006: 13148,14312,13396,14481
13231: 13433,13389,13899,13566,14298,15461
14991: 13140,15603,14181,12987,13635,13241
15192: 13525,15253,13369,12904,13878
14125: 
15196: 14063,13387,14905,14889,15430,14088
14471: 15494,15082,13209,13735,13614,14234
14011: 14714
14778: 15198,14590,13523,12915,15686
15065: 14774,14487,13217,14732,15465,13860
15399: 14564,14431,13949
13460: 13696,15072,14152,14044,15651,15714
14395: 15543,14216,13443,12848,13304,13180
14196: 13802,13069,15809,12861,14297,15602
13925: 13057,14428,13739,14888,15775,14899
15700: 13429,13758,14966,14735
13985: 13633
13125: 14835,14107
14702: 14218,13914,15197,14980,14579
14614: 15047,14046,12907,13878,15718,15357
15267: 12970,13994,13640,15163
14285: 14018
13565: 15116,15020,12818,15212,15594
14194: 14400,13599
15736: 13470,13955,15698,13611,14232,15051
15508: 15061,13920,13399,14759,13983
12954: 15453,13799,15381,14191,13532,13706
13449: 15456,13416,13226,15342,12837,14001
15687: 13725,15745,15248,14909,13447
14215: 14853,14208,14669,13746,13771
13014: 14596,15335,14171,15715,14624,13833
14122: 14197
15600: 28681,14306,15161,14333
14296: 14424,15246,15332,15610,15144,14199
13038: 14229
13738: 14935,15140,14521,14622,13288,13797
13519: 15152,14859,15648,14320,15451
14842: 15654,15096,14801,13548,14357,15220
15551: 13168,13617,13304,15215,14225,14436
14595: 14909,14385,14880,14696,15117
15469: 14783,15730,14727,13314
13479: 15613,15177,14708,13879,15340,13605
14231: 13748,13972,13009,13899,14059,13566
15459: 15712,15092,14867,13047,13478,13361
14928: 15475,12864,13226,15342,12877,14762
13159: 14036,13461,14819,14560,15010,15749
14841: 13881,13594,15784,14034,14755
15043: 28677,13203,14382,13370,12823,14288
13499: 
14806: 14068,14960,14137,15530,13207,13263
14433: 13015,13227,13626,14898,13661
15707: 13726,13117,12845,13129
15170: 14009
28589: 13554,13567,12931,14418,15016,15294
15118: 14478
15231: 15155,14576,14200,15085,15806,13950
14948: 13510
15618: 14417,13268,15389,15450,14964,14667
13527: 14882,13922,12959
13295: 
13623: 14325,13077,15110,14811,13339,15295
14062: 14613,14206,14267,13679,14141,15213
13769: 15554,15658,13277,12997,15290,13915
14725: 
14616: 15502,13051,13029,12910
14522: 13857,13761,14766,15086,14573,14502
14959: 
15377: 14679,13335,14337,13927,15405,14162
13191: 14038,14986,14161,13647
15554: 13769,14773,15658,13418,12899,15290
13380: 13826,15308
14175: 13163,14441,15763,13326,14042
15052: 15108
12817: 15472,13467,15361,13734,14016,15324
13581: 15309,12928,14259,15657,14301,13991
13050: 15810
13857: 14522,13761,13097,15086,13792,14022
15709: 15128,15074,14129,13387
14807: 15234,12938,13958
15208: 14114,15334,13709,13285,12861,15602
13868: 15084,13174,13310,14187,14536,12993
13569: 13196,14999,14397,14292
14503: 15203,13597,15176
15205: 12978,14225,14511,15348,14155,15522
15527: 12950,15239,13233,15257,13492,14858
13099: 15697,15136,13517,13309,14840
14013: 13841,13854,14721,13364,13832,14699
14817: 13153,14723,12994,13926,13858,12930
14218: 13914,14702,14606
13237: 13956,15462,13809,13815,13448,13821,14769
15428: 13732,14440,14653,12830,15201,13018
15366: 13154,13139,13977,12951,13631,13541
13342: 14223,13375,14032,14654
14843: 14625,15810,14251
15523: 14910,13095,14533,15093,13007,13867
15236: 13715,14968,14349,14816,14987,14150
15214: 13935,13665,14643,14812,13184,14676
15744: 15557,15652,15529,13688,15623,14832
15241: 15457
14095: 14219,15105,15025
14918: 13779,14188,14540,15538
15037: 13213,13054
15386: 14343,13356,15229,13821,12920
14232: 13611,13627,15131,13470,15736,15415
14287: 14990,15510,14263,15193,12859,15703
13677: 14704,15764
15742: 15074,14129,13885,12832,14047,14686
15333: 15260,14457,13494,15248
14394: 13576,15590,14976,14326,13243
13447: 15687,14909
13554: 13378,28589,13567,14348,12931,14139
13233: 12950,15527,15800,13492,14254,14836
13464: 14750,14860,13852,15099,14482
13655: 15706
13029: 15443,14616,15502,15168
13624: 13722,13693,14152,13787,15714,13551
15169: 15354,13852,14213,14484,12996,14860
15210: 14694
14573: 15374,13812,15139,15086,14522,14502
15705: 13988,15322,14324,15023,14922,13010,14083
15740: 14445
15615: 12984,15592,15713,14706,14430,13234
12917: 15172,13153,13060,13748,14258,14723
13542: 15506,15122,14638
13530: 15295,13026,13675,15110
14107: 14835,13125
15652: 15557,15792,15744,14747,13688
15661: 13302,14863,15517,14183,15113
14118: 15299
15314: 14779,14618,13976,14237,14472,13444
15528: 
13604: 14120,14732,15514,14705,12855,15165
13767: 14363,14828,14091,13638,14572,12847
13653: 14469,14786
13208: 15530,14913,13207,14758,14021,15455
14804: 15371,15750,15585,14994
13561: 15033,13622,14849
14574: 15762,13281,14392,15629,13291,13551
14402: 15257,14164,13492,13636,13537,13918
15763: 14175,13163,14441,12989,14485
13427: 
14269: 15340,13605,13136,14123,15535,14603
15805: 13843,15533,12878,12953
13403: 14484,14978,13129,14943,15646,14213
15567: 15400,28680,14310,28675,15495,13402,14036
15701: 15446,13559
14643: 13974,13942,12866,15214,13935,14676
15587: 
13683: 15540
14077: 
15778: 14100
28678: 13160,14157,28680,14310,28675,28679,15454,14238
13196: 13569,13851,13341,14292
13735: 13025,14571,13614,13908,14471,15082
13348: 13545,14513,13947,14046,15756
14935: 13738,15041,15140,14521,15616
14775: 13513,13825,13577,13961,14553,15473
13387: 15196,15128,15709,14889
14635: 13849,14499
14648: 
15216: 13520,13334,13490,13377
15675: 14183,13657,13117,15297,14373,12845
14732: 13604,14120,15165,13217,15065,15465
15429: 15252,12834,13332
15046: 13299,15611,14915,13760,12881,13463
12865: 14468,13960,14795,15004
14753: 15202,13192,14711
14982: 13995,15191,14482,13446,14282,15089,14548
13182: 14536,14848,15410,14738,12993,15195
14456: 15042,14916,14344,13044,13487,13828
14759: 15508,13462,13983
13271: 13435,13480,15387,15345,13946,15558
13334: 15216,14707,13520,13490,15452,28681,15161
14771: 14967,14249,14589,14388,13357
12920: 13821,14599,14769,15244,15467,15386,15229
14599: 14769,12920,13400,13448,15782,15244
12825: 15148,15198,13933,15406,15346
13060: 14926,12898,13748,13972,12917,15172
12892: 15568,13166,15416,12900,13278,14452
14345: 14919
14316: 13729
12906: 14605,12951,14349,12973,15647,13452
14263: 14287,14990,13399
14767: 12959,15655
14729: 12926,14869,14565,15514,12855,15555
13568: 15142,14811,14408,13807,13395,15080
14739: 12896,15001,13055,13935,13202,13942
14174: 14474,14076,12883,15407,13761,14766
14570: 12971,15409,15151,13649
15294: 13472,15793,14418,28589,13567,15637
14279: 13188,14763,14116,15324,15472,14447
15093: 14879,15349,13007,12902,15523,13867
12907: 13545,14614,14046,12832,15271
12833: 14624,13743,12828,13898,14661,13142
14738: 15410,14454,12993,13591,13182,14762
15547: 15396,13863,15494,13209,15431,13550
13636: 15580,13069,13166,14402,14164,13918
14849: 15071,13045,13561
13700: 14876,13319,13333,14794,12934
14366: 15102,12854,13303,13758
12975: 15312,13000
13287: 
13498: 15318,13981,15613,15177,13944,15137
13875: 14896,15748,12930,12916,14973,13467
15799: 15793,13774,15277,14058,15188,13386
13152: 14203,14180,13646,15759,13892,15090
15784: 14943,15646,14841,13962,14034
15060: 14933,13787,14392,13025,13908,14776
14353: 15363,14030,15539,13835,13238
13394: 13276,14271,14025,13830,13838
14670: 15488,13382,13255,13004
12860: 14964,14667,14553,12918,15402,14890
14695: 13298,13763,15293,15359
15259: 14692,14319,13123,14407,13506,15269
12819: 13938,13521,13864,14580
13448: 13400,15787,13815,13237,14599,14769
12836: 15159,13617,13546,14611,13180,13593
12966: 15691
13681: 12873,15157,15559,13789,13613,14866
15411: 13557,13016
13560: 13618,12995,14207,14379
13171: 12922,15200,13753,13866,12927,13184
15103: 14861
12902: 13960,14795,14879,15093,13867
13855: 
15356: 14751,13100,14198
14811: 15142,13568,13339,15080,13623,13077
14553: 12860,14964,14684,13577,14775,13513,12918
15283: 14461,13711,14784,13163,13326,14367
15757: 14071,12871,12884,12848,15215,12978
13331: 12988,15741,15409,15475,15263
14020: 15631
14334: 
15514: 13604,14120,12855,14729,15555,13893
13863: 15044,15396,15547,13953,15494,15273
15670: 13528,15412,13801,12980,14724,14450
15382: 13853,13079,13880,12924
13907: 15727,13910
14968: 13715,15236,14349,12973,15017,13001
12956: 13660,15264
13878: 15192,13369,12904,14614,15047,15357
15292: 13206,13116,14587,14089,15668
15651: 12943,14044,13046,13696,13460,13621
13658: 14465,14825,14566,14958
14633: 15588,14559
15354: 15169,13852,14213,14378,13901,15191
14940: 15685
15708: 13406,13936,13032,15536,12840
14803: 13431,14233,14380,15453,15381
13599: 13582,14194
15375: 14193,15589,15193,14421,15510
13355: 14545,15765,14542,15258,13293,14857
12859: 14871,14820,15589,15193,14287,15703,13590
14145: 
14127: 13064,13277,14277,13134,14496,14391
15480: 13609,13571,14824
13882: 14056,15023,14922,13382
14133: 14944,15601,14468
13002: 14313
13028: 14128
13141: 13288,13811,15774,14622
12968: 14328,13829,15463,13805,13112,14490
13035: 13801,15770,15584,14567,13177,13528
14152: 13722,15398,13624,15072,13460,15714
12926: 13903,14869,13074,14729,15555,13059
12973: 14968,14349,15017,12906,14605,15024
13698: 13104,15227,13747
12982: 12944,15489,13939,13805,13829
15699: 14631,13813,12853,14458,13181,13189
13716: 13816,13746,14967
13851: 13196,14709,15020
14558: 13584,14264,15759,15090,14488,13264
13916: 14369,14883,14827,13324,15126,15149
14188: 14918,13779,28659,14306
14169: 14674,15622,14474,14076,15332
14526: 13710
15015: 13154,13139,13093,13415,13278,14005
13906: 13828,13230,13286,13072,13608,15680
14046: 14614,15047,15756,13348,12907
14493: 12874,14534,15614,14984,15630,15394
14508: 13188,14763,15104,13300,13030,13444
15028: 13933,15406,13390,12842
14426: 14634,13458,13128,15203,15321
14507: 14228,12884,14872,15207,15468
14423: 15055,13148
15691: 12966,15254
15405: 14050,14491,14162,15377,14337,15307
15436: 
14655: 15607,14066,13391,14026,13395,15080
15107: 13195,15272,13629,15219,13187,13430
13040: 13131,14626,15124,13786,13603
13284: 15493
14420: 13772
14084: 15771
13489: 13825,15482,14681,13531,14556,14250
15516: 12853,14323,15125
14161: 13191,13647
15596: 13481,15597,15275,14408,14737,13822
15090: 15759,13152,14180,14264,14558
15463: 13397,13150,13805,12968,13602,13112
13288: 13463,13141,14622,13299,13738,14521
15754: 15070,13861
15714: 14933,13787,13460,13624,14152,14044
14925: 14185,15207,13583,14872,15785
14799: 13979,14494,14787,13372,13161
15808: 13557
15583: 
14061: 14159
15622: 14674,15481,14169,14473,14665,14076
15389: 15290,13915,13268,14048,15450,15618
13528: 15670,15412,15347,13177,13801,13035
12957: 13248,13290,13094,14952,15367,15081
14782: 13107,14992,13124,13457,12831,15491
14681: 13825,13489,13577,14684,15150,14250
13376: 15083,14652,14025,15481,14271,15403
13648: 13293,14283,14376,15580,13802,15568
13531: 13317,14556,14294,14664,15482,13489
13401: 14563,14512,15594,14190
15081: 15367,15785,14952,14529,13078,12957
13461: 13159,14819,15627,14560,13349,13695,13858
13276: 14271,13394,13817,13830,15106
14815: 14998,15625,14703,13175,15307,15323
13408: 
15653: 13931,14380,15453,13799,14223,13375
15129: 12841,14470,14796,13412,15561,13049
14509: 12980,13046,13518,12948,13673,15633
15471: 13227,15360,14119,14409,12835,14126
13711: 15283,14461,14784,15425,14330
14375: 13819
14098: 14810,12826,15553,13874
14373: 14951,12845,13657,15675,14837,15297
13207: 13208,15530,14806,15352,14758
13922: 13527,13968,12959
15686: 12915,15536,14778,15198,13601,14329
13977: 14605,12951,13081,13139,15366,15464
14124: 13585,15584,15278,14719,13127,15057
15733: 14170,15021,15605,14855,15322,14324
12884: 14507,14228,15348,14071,15757,12978
13547: 14165,15339
14975: 
13156: 14307,12875,15256,15168
14282: 13446,14663,14982,13937,15724,14548
14393: 14934,13684,14540,14582
13045: 14849,13486,13313
14450: 12980,12948,13801,15372,15670,14644
14275: 14253,15079,15326
14404: 
14976: 14562,14326,14910,14286,14394
12935: 14256
15689: 15014,13921,15376,15560,14168,14195
13777: 15121,13157,13996,14944,14879
14854: 
14325: 13623,13077,15110,13275
14549: 14399,13939,14748,14494,14037
14502: 14665,13143,14573,13812,14522,14766
13815: 13703,15317,13448,15787,13237,13956
15063: 13391,14371,14066
14344: 14227,13260,13487,13828,13230,14456
13929: 15769,13483,13898,14661,15492,14477
15560: 13803,14168,14352,15689,15276,14195
13728: 13596,15014,13763,13354
12905: 15101,14722,15772,15005,15495,13205
13740: 12922,14572,13753,15713,14465,14566
15017: 14968,12973,15240,15180,13001,15024
14417: 14131,14682,14280,15618,13268,14667
14305: 13944,15529,13338,15269,15613,14708
14478: 15118
13228: 
13018: 15201,15492,13732,14888,15428,15769
14201: 13705,14783
14965: 14110,13507,13421
15635: 13509
14679: 15377,13335,14337,14104,14557,13088
15301: 15506,14990,13928
14727: 15469
15419: 15750,15031,15380
15659: 12842,15250,15406,14683,14710
14631: 13813,15699,13189,15667,14261
14653: 15042,14440,14743,13800,12830,15428
14071: 15757,14086,12871,13094,14228,12884
14992: 14281,14782,13107,13324,15034,15491,13831
13742: 14823
28675: 15567,28680,14310,28679,15495,13402,15772,14157,28678
14439: 14403,14078,13889
12820: 14846
13974: 13942,14643,12866,14551,14848,15195
15068: 13493
14432: 14617,15113,13117,13971
15788: 14023,14350,12955,15072,13065,15398
13144: 14351,13041
14627: 13425,14620
15026: 14934,15798,13239
15311: 14137,13297,13021,13668,13280,13272
15251: 14257,14132,13091,13504,13410,14383
14548: 13135,14282,13995,14982,15724
13206: 15292,13116,14506,15185
14058: 13186,14666,15188,14390,15799,15277
15810: 13050,14843,14625
14705: 13604,12855,14641,15165,14828,14777
13304: 12848,15215,14395,13180,13617,15551
14917: 14924,13377,14947,13575
14298: 13566,13982,15265,13789,13231,13389
13870: 13470,13955,14217,14895,14611,14791
14441: 14175,15763,14845,14042,13619,12989
14363: 15608,15165,13217,13767,14828,13638
13465: 
14407: 14745,14645,13123,15259,13992,13506
14312: 13148,14006,14839,14481,13756
15137: 13587,15532,15623,13944,15318,13498
13579: 
14271: 13276,13394,15403,13817,13376,14025
13659: 13983
13318: 15644,15521,15279
15016: 14418,13667,14902,14176,12931,28589
12934: 14794,15306,13319,13700
15287: 
14793: 13794
14872: 15367,15785,14925,15207,14507,14228
13109: 15553,15266,14386,14765,14224,15711
14612: 13672,13223,13079,13880
14546: 13887,15611,14915,15039,14068
14752: 14475,14148,14741,13210,15225
13550: 13765,15179,15547,13209,13848,15431
15084: 13868,13174,13344,14907,14187,13420
15074: 15742,14129,14480,13885,15709
14170: 15733,15513,15021,13255,15322
13298: 13354,14695,15359,13764
14866: 15152,14859,15559,14862,15157,13681
13261: 15507,14033
14029: 13052,15434,13704,15349,13007,14910
13995: 14982,13924,15089,13135,14548,14204
15513: 14170,12901,13255
14876: 13700,14102,14338
15123: 12857,14923,14014,14082,14831
15269: 13506,15259,14692,14708,14305,13338
14780: 
14897: 14486
14220: 12850,13307,15628,14462,13061,14387
14421: 14638,15375,15506,15510
13089: 14273,13404,15505,15576,13991,14361
13430: 13187,13179,13203,15219,14288,15107
14035: 14453,13523,13390,14590
13795: 13575,15550,13113,14947
14589: 15402,13005,14771,14249,13357
13950: 12936,15374,15231,14200,15806,14602
15250: 14547,15659,14580,14710
13016: 15411
14357: 14801,14842,13256,15220,14877,13374
13491: 15232,13240,14914,13247
14272: 14401,14300,14204,14538,13775
15154: 13687,15448,15344,13835,13884
14462: 12894,15628,15049,15029,13307,14220
13941: 15413,13074,13466,28658
15786: 14834,13353,13540,13886,13692
14777: 13076,14565,13312,14641,14705,12855
14085: 13656,12998,14147,15041,14802,13027
14674: 15481,15622,14169,15332,15038,15403
13982: 13566,14298,15265,13320,15054,14059
13669: 14343,13356,13934,13365,14022
13945: 14642,13044,14504,13663,15768,14743
13232: 
12925: 13495,13733
15101: 12905,15005,13679,13919,13205,14141
12952: 15509
13695: 12994,13322,13858,13349,13461,14819
12987: 15586,14594,13439,15603,14991,13241
15397: 14797,14939,14569,13526,14792,14055
15153: 13600
13130: 
13485: 14017,14207,14379,15126,13902,15149
14810: 14098,13874
14365: 14412,13931
13441: 15260,14874,13011,13250,14457
15668: 15230,14278,15292,13780,14587,14089
14103: 15034,13723,13538,15520
13627: 13611,14232,15415,14477,14685,14434
13642: 14499
13071: 14600
14016: 13662,13572,12817,15361,15324,15330
14629: 13840,13651,14245,14295,15302,14697
14294: 14492,14664,13531,15482,13347,15485
14978: 13403,14484,13846,14951,12845,13129
13888: 14151,14805,14539,13522,15440,14248
13256: 13059,15395,14877,12868,13374,14357
14542: 15249,13589,14302,14545,13355,14857
15564: 15673,13183,14730
14238: 15422,15454,13574,13598,14310,28679,28678
13129: 12845,15707,13726,13403,14978,14943
13425: 14627
13513: 14775,12918,15804,14553,14809,15473
13081: 13977,14605,15024,15249,13589,15464
15127: 
12879: 14520,13784,13263,13297,13272,14057
15038: 15332,15610,14674,15403,13817
15179: 15486,13765,13550,13848,13896,13270
14444: 
15803: 13710
13315: 14936,15490,13043,14689,15458,15182
13229: 13959
13405: 
14187: 15076,13591,13420,13868,15084,12993
15242: 13818,13257,13847
14951: 14373,12845,14837,13195,14978,13846
14888: 13739,13732,13018,13925,13057,15769
15100: 13212
12853: 15516,14323,14458,15699
12852: 15435,14690,14657,14293,13525,15253
13102: 
13879: 13757,14692,15351,15340,13479,14708
14440: 15042,14916,14653,12849,13732,15428
13005: 15402,14589,14890,15684,14634,15176
15312: 15565,12975
14977: 14307,12875,14463,13033,14358
14470: 12841,15129,13123,13894,13412,14319
14766: 14522,13761,14665,14502,14174,14076
15759: 13892,14088,15090,14488,13152,14558
12927: 14812,13516,13017,13184,13171,15200
13675: 13530,13026,14430,14715
15807: 13098
14132: 14257,15251,14311,14050,15625,13091
12841: 14470,15129,13049,15109,13757,14319
14093: 15321,15203
13243: 13978,14262,14326,14394,15590
12991: 15199
13672: 14612,13254
14607: 
13160: 12999,14157,28678,15454,14773,13654
15574: 15330,13976,15104,13662,15677,12838
13241: 14721,13635,13364,14991,14594,12987
15440: 13888,13522,14178,15271,14248,12887
15566: 15726,14746,15604,14931
13431: 15667,14803,14261,14233,15773,15381
13364: 14721,13241,14594,13841,14013,15274
13369: 15192,13525,13878,15357,13578,15217
13393: 12882,14528,13039,14663,13172,12967
14117: 14610,14160,13639,15160
13467: 15472,12817,13734,14973,13875,15748
13968: 15565,13922
15012: 15541,14845,14673,15610,14199,13619
15371: 14804,15588
13238: 13835,13913,15363,14353,13948,14646
14529: 15525,13078,15738,15785,15081
14801: 14842,13548,14357,13374,13457,15069
13386: 14317,12894,15799,13774,15188,14772
14561: 
14203: 13152,15211,14180,13646,13451,12870
14255: 12873,15157,12990,14043,15361,13572
15401: 12947,13199,13133
13720: 13422
14838: 14621,14930,14733,14927
13501: 15737,14636,12985,13957,12815,14037
14193: 15589,15375,14224,14466
13853: 15094,15526,15382,14278
15194: 13434
14389: 
13775: 14538,14601,14401,14272,14437
14005: 13415,13072,13154,15015,13260,13230
14409: 14119,13607,13608,15680,12835,15471
13000: 12975,14027
13975: 13583,13612,15563,14728
15598: 13630,15721,14552,14858,12962,13804
13611: 13627,14232,15736,15051,14268,14434
13912: 13004
14823: 13742
14100: 15778
15458: 13674,15182,13315,14936,14637,15432
15621: 15433,14541,13258,13750,13087,15735
14677: 14942,14757,13292,15641,15525,13856
15152: 13519,14859,14866,14865,14862,15648
13555: 13722,13693,15318,14398,15532,13782
15776: 13678,15394,13957,15054,15630,13456
13258: 15621,14541,15735,13164,13173,15115
13346: 15007,13120,13584,14937
12871: 14071,15757,14086,14090,13443,12848
14326: 14976,14562,13553,13978,13243,14394
14836: 14898,13661,14689,14254,13233,15800
14091: 14465,14825,14572,15639,12847,13767
12995: 13618,14530,13560,14207,13512,13524
14138: 13940
13871: 14751,15586,13703,14198,12824,15787
14795: 12902,12865,14097,13867,15004
13559: 13140,15701,14181,14030
14022: 13792,13365,13669,13356,13097,13857
14262: 13440,14544,13243,13388,13008
14463: 14472,13030,13033,15146,14358,14977
15735: 13087,13533,14179,15621,13258,15115
12955: 14023,15788,13366,13981,14398,15398
15022: 15685
13786: 15124,15545,15119,13023,13040
14075: 13419,14742,14518,14244,15801
13073: 14713,14596,15335,13556,14610
13741: 15751,14525,15422,15120,13904,14277
15710: 
15639: 12862,12847,14825,14091
14651: 14734
14563: 15212,13401,13092,15792,14190,14942
13806: 13019,15185,14455,14180,14264
13457: 13374,12831,14801,14782,13107,15069
14348: 12872,14904,12931,15077,13554,14139
14641: 12862,12847,14828,13076,14777,14705
14166: 13239,13170,14760
13872: 14994,12986,14523
13497: 14252,14880,14696,15650,14019,15660
15357: 15718,12891,14614,13369,13878,13578
14927: 14733,15657,14838,14259
15007: 13346,13120,13116,14506,14835
13668: 14329,13943,13601,13021,15311,13280
14764: 15783,15758,15306
13312: 13076,14565,14777,12844
14826: 
14155: 15522,15205,14511,14028
13381: 15433,14541,13808,14104,14210,13088
14425: 14247,14045,14087,14626
14157: 12999,13160,28678,28680,28675,28679,15772,15237
13880: 15470,15382,13079,14612,13223
12876: 13859,15336
13838: 14051,14746,14025,14290,14970,13394
13727: 14140,13840,15777
13900: 14538,14601,13251,14714
15535: 15351,13500,13595,14603,15340,14269
15442: 12965
15237: 15190,13205,13781,28680,15772,12999,14157
15416: 12892,13166,15581,14452,13918,13798
15188: 14058,14666,15799,13386,12869,14772
14545: 14209,13539,15765,13355,14542,14302
13493: 15068
13935: 15214,13202,13665,14739,13942,14643
15126: 13485,13902,15149,13831,13324,13916
15122: 14638,13542
13370: 14515,13692,13884,12823,15043,14382
13997: 15579,15218,14230
15121: 13157,13777,13996,13225,13020,14092
15606: 15478,13294,14412
15202: 14753,15091
15106: 14598,13276,13830
14891: 13797,15303,14458,13496,15364
15758: 15134,14764
13338: 14305,15529,13688,13013,13506,15269
14919: 14345,13137
12870: 14135,12887,13522,14203,13646,13451
15098: 13111,15637,14080,15368,15666,13586
15499: 13823,14320,15132,14064,14435,15449
14473: 15481,15622,14665,13143,13409,15083
14030: 14181,15363,14353,13676,13559
15502: 14616,15524,14307,15168,13029
13165: 
15633: 13673,14535,13621,14115,13046,14509
14571: 13735,13025,13614,15591,15427,14588,14604
14582: 13325,15538,13170,14540,14393
13392: 15378,15443,13993,13200,12976
14983: 13158,14885,15423
13782: 13291,14443,13445,15532,13693,13555
12962: 15257,14164,14858,15809,15598,13630
15300: 14813,15694,14847
13962: 13881,13417,15784
13989: 13363,15660,14696,14688
14176: 14902,13578,12891,14805,13667,15016
15446: 14000,13676,15701
13474: 12915,15536,15579,13032,14303
13339: 15142,14811,13623,15295,15518,14584
15536: 13474,15686,15708,13601,12840
14622: 15364,15774,13288,13141,13797,13738
13352: 
14885: 14901,13963,14983
14089: 13070,12923,15292,15230,15668
14957: 
13590: 14149,15703,12859,14820,12963,13891
14202: 13834,15591,14090,14216,14604,13443
15609: 14578,15345,14790,13946,14744,13407
15517: 13302,15661
15318: 13498,13981,14398,15137,15532,13555
15075: 14054,14475,14148,13391,14371,14026
13921: 15014,15689,13596
13514: 15550,14855,15679,15605,13563
13614: 13735,13025,14571,14471,14234,15427,14588
15281: 13886,14039,14146
14459: 
15392: 15562
14147: 14085,13656,15303,15041,15140,14962
13617: 13168,15159,15551,12836,13304,13180
12880: 14761,15465,13860,15695,14531,15747
13864: 14856,14580,12819,14360
15451: 13823,14320,12990,13519,14859,14274
13717: 14830,15078,14355
14041: 15698,14182,13020,13593,14092,15159
14190: 14512,13401,14563,14942,15641
15078: 13717,14830,14008,14924,13477
14733: 15657,14927,14838,14930,14109,14273,13404
12976: 13200,15777,15443,14245,13392
14119: 13110,13607,13626,14409,13227,15471
13149: 13006,13639,15682
13078: 15525,14529,13856,15135,14952,15081
14712: 
14693: 15058,14966
15782: 13841,15305,15274,13400,14599,15244
14731: 15811
15578: 
12881: 15753,14821,13463,15046,13760
13780: 14587,15286,14647,14278,15668,15094
13558: 14214,15655
14158: 13637
15581: 14500,14452,15416,13798,13110,13607
15104: 15574,15330,13976,14763,14508,13444
14045: 14425,14247,15577,13131,14626,14314
15768: 13663,13167,14217,13945,14743,13800
13262: 13625,14410,13145,14781,13001,13715
15167: 
14265: 14079
15713: 12984,15615,13234,14566,13740,13753
12856: 15067,13236,15455,12958,15779,15222
14632: 
13186: 14058,14666,14390,15674,14489,14235
15203: 14503,14634,14426,15176,14093
13830: 14746,13276,13394,15106,14153
13184: 14812,12927,13866,15214,13665,13171
15568: 12892,13166,13648,14376,12900,15580
14406: 13999
15168: 15302,13156,15502,13029
15417: 15743
13729: 14316
13274: 12943,14044,14933,15082,15273,13908
14831: 15171,14014,15123,14555
12861: 14283,13285,15208,15602,13802,14196
15797: 13442,13049,15387,13193,15109,13500
12854: 15032,13303,15719,15102,14366
13573: 15244,15467,13437,15305,14576,15390
13813: 14631,15699,15125,15478,15667
15793: 13472,15799,13774,15277,15294,13567
14207: 13485,14379,15149,12995,13560,13512
15010: 13671,15115,15749,13533,14560,13159
13328: 12964,15166
14889: 14686,14575,14905,14129,15196,13387
15676: 
14288: 15219,14837,12823,13203,15043,13430
13030: 14463,14472,13444,14508,15146,13300
13552: 13468,13759
15082: 14471,15494,15273,13274,13735,13908
13091: 15120,15323,13504,15625,15251,14132
14347: 13412,13969,14001,15697,15617,13894
15263: 15475,12988,13331,15076,12864
15569: 14851,13837
15070: 15187,15470,13861,13223,15754
13015: 14433,13227,15360,15088,13661,13043,15384
13142: 14592,15715,12828,14624,12833
14604: 13895,14216,14571,14202,15591,15427
13586: 15666,13670,14205,15098,14080,15365
14397: 15204,13309,13682,14292,13569
15802: 13048,14720,14342
15177: 15613,13479,13605,13366,13498,13981
13706: 15642,13927,13799,12954,13532,13335
15515: 12869,14772,13987,14108,14346,13279
14773: 15554,15658,13418,13654,12999,13160
15525: 14529,13078,13856,14677,14757,15738
13253: 15141,13494,15745,14252,14880,14385
13784: 14520,12879,14497,14057,13327,14926
15021: 15605,15064,14170,15733
14073: 
12889: 14290,13249,13132,14652
14915: 15611,15046,13760,13406,15039,14546
15211: 14203,14180,13451,13670,14205,14455
13362: 15673
15470: 13880,13222,15070,14136,13223
14845: 15012,15541,14042,13619,14441
14786: 13476,13653
13641: 15376,12939,15056
14386: 13454,14654,13749,14765,15266,13109
15548: 14469
14247: 14425,14045,14087,14314,13819
14602: 12882,14528,13085,15806,13950,12936
13251: 14718,13900
15221: 
15556: 15087,13289,13242,13155,13689,13216
15347: 13528,15412,13177,13122,14123,15720
15696: 14846
13289: 15087,15556,14936,15490,13379,13155
13325: 14582,15538,13170,14368
15671: 14142,15308
15430: 15533,15196,14063,14088,14488
12981: 
15769: 13929,13898,14888,15492,13018,13057
14687: 13618,14530,14114,13709
15809: 13069,14196,14297,13630,14164,12962
13500: 15109,15351,15535,15797,13595,13193
13584: 14264,14558,13264,13346,13120
14586: 13090
14069: 
14661: 13929,13483,13898,13743,12833
13020: 14041,14092,13168,15159,13225,15121
14248: 15718,15271,12891,13888,14805,15440
14510: 13820
13257: 15242,13818
15360: 13015,13227,15088,15471,14126,14315
13884: 14515,13370,15154,15344,13835,13913,14382
13033: 14463,14472,14779,14977,14307,15524
15368: 14418,13667,14151,15666,15637,15098
14418: 13667,15016,15368,28589,15637,15294
15047: 14614,14046,15756,14742,12904,13878
13834: 14202,14776,15591,15595,13281,14090
14964: 12860,14667,14553,14684,15450,15618
13779: 14918,14188,14540,28659,13684,14911
14182: 15698,14041,14092,15051,13052,13704
14037: 12815,15731,14549,14399,12985,13501
14605: 13977,12906,12951,15024,13081,12973
13685: 13319,13273,13066
14254: 13537,15498,13492,13233,14898,14836
14479: 13752,14568
14036: 13159,14819,15749,15400,15567,13402
13116: 13206,15292,14506,15007,14835,12923
13650: 15372,15770,13911,14226,15096,15503
15310: 
13509: 15635
13220: 
14167: 
15053: 15665
13183: 14403,15564
13876: 14683,15148,14532,13768,12874,14984
13429: 13758,15700,13216,12983,13689
14909: 14595,14385,15745,15687,13447
15462: 13237,13809,13821,15329,14658,14343
12883: 14474,14174,15328,15407,13788,15296
12989: 13619,13340,14792,14441,15763
15555: 13059,15395,13893,15514,12926,14729
13375: 14223,13342,15653,14121
13330: 13332,13745
14311: 14257,14132,15672,14050,14491,15479
13703: 13815,15317,14198,13871,15787
14126: 15775,14315,14899,12835,15360,15471
15607: 14446,14066,14655,13395,15080,13077,13275
14137: 13297,15311,13021,15304,14960,14806,13263
14447: 12912,13185,15748,15472,14279,14116
13913: 13835,13238,13884,14646,14382
15720: 14023,14350,13136,14123,15412,15347
15679: 15605,13563,13514
14814: 13730,15288
15695: 12880,13860,13686,13585,15278,14531
15367: 14872,15785,15081,12957,13094,14228
14430: 14715,13234,13026,13675,14706,15615
12943: 14044,15651,13274,13953,13621,15273
13811: 12932,14177,15133,14442,15774,13141
14332: 15542
13145: 15643,12816,14816,13262,14410,13715
13306: 13535,14057,14524,13280,14950,13272
15207: 14185,14925,13984,14872,14507
14534: 12874,14067,14493,14524,14954,15630
15409: 15741,13331,13649,14570
14659: 15558,13595,13193,13127,13265,14912
13937: 12967,13249,13132,15724,14663,14282
15067: 12856,13236,15455,14913,13327,12898
13432: 15688,13883,14668,15410,15195,14551
14467: 15678,14235,14040,14489,15791
13480: 13435,13271,14074,13282,15688,13883,15345
13105: 
15275: 14797,14939,13807,13012,14408,15596,13481
14584: 15723,15518,14706,13339,15295,13026
15172: 12917,13153,13345,13236,12898,13060
14378: 14034,13994,13901,15646,15354,14213
15165: 14363,13217,14828,13604,14732,14705
13689: 12983,15556,15009,13429,13216
13525: 15192,15253,13369,12852,14657,15217
13308: 
14123: 14269,13136,13122,14603,15347,15720
14636: 14862,15737,13501,13957,15559,13456
14482: 14982,15191,13464,13852,13446,15099
13532: 14191,13808,14104,12954,13706,13335
13157: 15121,13777,14092,13704,14879,15349
13335: 14679,15377,13532,14104,13706,13927
15245: 13932,15619,13632,13938,15444,13224
15395: 15555,13059,13256,13893,14070,14877
15673: 15564,14730,13362
15274: 13841,15782,14594,13364,13400,12824
15379: 13172,13409,12967,13132,15083,14652
15030: 
13915: 15290,13268,15389,14266,13769,12997
15197: 13914,14702,14579,13104
15753: 12881,14096,13588,13760
14223: 13375,13342,15653,13799,15642,14032
13158: 14983,14901,13221
12929: 14102,12969
15678: 14467,14235,15571,15261,15791,15512,14543
13110: 14119,13607,13626,15581,13798,15498
13100: 13998,14751,15356,13439
15597: 15596,13481,13174,13310,12896,13822
14583: 
15680: 12835,14993,13906,13286,13608,14409
13108: 13998,15284
12877: 15342,14222,14762,14928,14454
14600: 15291,13071
15627: 14560,15795,15779,13349,13345,13461
14776: 13834,15591,15060,13281,14392,13025
15476: 
13980: 
15795: 15627,14560,15779,15222,13533,14179
15184: 13398,14886
14490: 13250,14328,12968,13112,14172
15518: 15723,13121,14584,15142,14737,13339
15711: 14224,14466,15479,14765,15672,13109
13327: 14926,12898,14913,14520,13784,15067
15339: 14134,13547,13622
15097: 13833,15719,15102,13321,14015
13054: 15037
14960: 14068,14806,15039,15304,14137
13582: 15206,13599
14240: 14847,15373,15114
13082: 12921,13368,14621,12885
15464: 13139,13093,13589,13977,13081,14003
14539: 14151,13888,13522,13451,15666,13670
15219: 14837,14288,13203,13430,15107,13195
13783: 13194
14501: 
14208: 14215,13771,12977,14682,15158,14967
13379: 15384,15385,15490,13289,13155,15111
13365: 13792,13628,12961,14022,13669,13368
14449: 14072,14617
15161: 28681,15600,15452,14333,12827,13334
14156: 
13616: 
13037: 13279,14460,13987,13036,13096,14136
14875: 14195,13190,14212,15276,14808
14658: 15329,14756,15462,13809
14946: 14785,13003,13850,13471,14852,13301
15811: 14731,13042
15694: 15300,14847,12914
13466: 14416,28658,15238,13903,13074,13941
13592: 
13391: 14371,15063,14054,15075,14066,14655,14026
13639: 13699,13149,14117,15160
14724: 12980,13518,15670,15412,14350,13065
14180: 13152,14203,15211,15090,13806,14455
13404: 13089,14273,14733,15657,13991
13909: 15320,13534,13747,15134
13193: 15558,13595,14659,15387,15797,13500
14932: 13426,14004
15080: 13395,15607,14655,13077,13568,14811
14400: 14194,14377
13046: 14509,13518,13696,15633,13621,15651
15144: 15226,14199,14424,14296,14361
14611: 13546,14895,12836,13870,13955,13593
14413: 13576,15590,15298,13006
12842: 15659,14038,15028
13155: 13242,15111,13379,15556,13289,13303
14979: 
14987: 14535,14115,14816,15236,14150,15044
14362: 15521,13859
12993: 14738,13868,14187,13591,14536,13182
15276: 15077,14212,15560,14352,14195,14875
13807: 13012,13395,14797,15275,13568,14408
15182: 15458,13674,15663,15800,14689,13315
15018: 
15218: 15579,15575,13997,13523,12915
13845: 
15775: 14126,14315,14415,14899,13925,14428
13597: 13357,14388,13212,14503
15008: 15497,14052,13360
14110: 14965,14251,14770
13322: 12994,15414,13695,14819,13402,14722
14198: 13703,15317,14751,15356,13871
14908: 
14638: 14421,13874,15122,13542
13136: 14269,13605,14123,14023,15720,13366
13439: 15586,12987,13100,15603,14751
12996: 14484,13846,15272,13986,14860,15169
13903: 12926,13074,13059,13466,15238,12868
15604: 14437,15391,14051,13754,15726,15566
13264: 14517,12953,14488,13584,14558
15565: 15312,13968,15746
15630: 13320,14954,14534,14493,15776,15394,15054
13860: 15465,12880,15695,15065,14774,13686
14969: 13923,15289
15359: 15582,13764,13298,14695,15293
15381: 15453,12954,14803,13431,15773,14191
15191: 14982,14482,15354,13852,13901,15089
15189: 14485,14221,14055,13344,13420
14989: 
13115: 14226,14070,15220,14877,15747,13911
15544: 
12988: 15741,14367,13331,13778,15263
14768: 15531,14873,13996,14944
14270: 15484,13358
14848: 14536,13055,13182,15195,13974,13942
15212: 14563,12818,13565,15792
13433: 13231,13389,14043,14973,15461,13734
13801: 15372,13035,15770,13528,15670,14450
13954: 14770,13104,13534
14097: 13867,14795,14533,13396,15004
14591: 14685,13553,13483,13978,13440
14765: 13749,15672,14276,14386,13109,15711
15570: 15620
15039: 13936,14915,15304,14546,14068,14960
13139: 13154,15015,15366,13093,15464,13977
13246: 13134,15223,12963,14496,15712,13891
12863: 13301,13674,14785,14340,14637,15545
13294: 15606,15125
14827: 14369,13916,14281,13324,14850,13503
13577: 13825,14681,14684,14553,14775
14106: 15642,14032,13927,13749,14276,14162
15117: 14688,14696,14595
14018: 14285
15079: 15326,13034,14275
13910: 13907
15603: 13140,15284,14991,12987,13439
13644: 14498
14981: 15752,15224
15132: 14457,14064,15499,15449,15141,13494
13069: 15580,13802,13636,14196,15809,14164
13671: 13173,13664,15115,15010,15749,14105
14597: 15033,15134,12888,15783
14910: 15523,14286,14029,15434,13007,14976
12933: 15128
15461: 12916,14258,13899,13231,13433,14973
15595: 13834,15762,13281,13290,14086,14090
14890: 15402,13005,12860,12918,15684
13721: 
14181: 15363,14030,13140,13559,14991,13635
13001: 15240,14781,13262,13715,14968,15017
13805: 15463,13150,12982,12968,13829
14576: 15155,15231,14200,15390,13573,13437
13424: 14640
13326: 14175,14598,14042,15283,14461
13090: 14586
15505: 13089,14273,15296,15328,14424
14779: 15314,14618,14472,13033,15524,15662
13074: 12926,13903,14869,15413,13941,13466
15447: 13890,15233,15760
13367: 15424
15181: 15593,13204
14970: 14290,14656,13838,14051,15391
15672: 14765,14276,14491,15479,15711,14311
15495: 15567,28680,28675,13402,12905,14722,15772
13696: 15072,13065,13460,13046,13518,15651
15408: 13718
13787: 15060,14933,15714,13551,13624,14392
13242: 13155,15556,13303,13758,13216
15660: 13363,13989,13497,14696,15650,13051
15496: 
13667: 14418,15016,15368,14176,14151,14805
14709: 13851
14200: 14576,15231,13437,15139,13950,15374
13333: 14102,13319,13700
12909: 14797,14475,13210,14569,13012,14026
14873: 13225,14436,14511,14028,14768,13996
12908: 13343,15645,13964,14021,14995,12958
14230: 14945,15575,13997
13712: 14004
14914: 14338,15045,13240,13491
14266: 13915,13268,13384,12997,15511,14131
13539: 14209,14545,15765,13512,13524,14883
14259: 15309,13581,15657,14927
14299: 13423,14800
15019: 13762
13622: 15033,14134,13561,15339
15229: 15386,13356,12920,15467,15268,13097
14911: 13684,13359,14707,13520,28659,13779
15487: 
14995: 15573,14758,14802,12908,13964,14021
12951: 13977,12906,14605,13452,13631,15366
14701: 15601,15171,15531
15613: 13479,15177,14708,13944,14305,13498
15285: 14774,14487,13516,13017,13407,14736
14704: 13677,13214,14239,12992
13859: 12876,14362
13904: 13134,15223,15120,13504,13741,14277
15738: 13583,13612,14757,15525,14529
14431: 15232,15399
14066: 14446,15607,14655,13391,15063
15064: 15021,15605
14070: 13115,14877,15747,14761,15395,13893
14521: 13738,14935,13288,13299,15611,15616
15783: 14764,14597,12888
15171: 14831,14555,14701
15522: 14155,15348,15468,14014,15205
15521: 14362,15279,13318
13828: 13906,13230,13286,14344,14916,14456
15173: 14726,14650,15457
14204: 13204,13995,13924,13135,14272
13524: 13539,15765,13512,14049,14530,12995
14735: 15700
13680: 14832,14675,14662,13587,13445,14354
13736: 14644,15503,15270,15654,13737,15643
13201: 14192
13593: 15698,14041,14611,15159,12836,13955
14856: 13864,14580,13647,14547
14536: 14848,13055,13182,13868,13310,12993
13762: 15019
13549: 
15062: 
12818: 13773,14747,13565,15116,15792,15212
13323: 12867
15162: 13151,13114,12886,13316,14556,14250
14120: 13604,14732,15514,14761,15465,13893
13673: 15633,14535,15270,14509,12948,12816
13649: 13416,13226,15409,14570
14783: 15469,14201
15577: 14749,13023,15013,13131,14314,14045
13162: 
15302: 14295,15168,14245,14629
13606: 
15450: 14684,14048,15150,15389,15618,14964
14958: 14715,13234,13658,14566
15346: 14329,13943,15198,15148,14532,12825
15083: 13376,14652,15379,13409,15481,14473
14862: 15737,14636,15559,15152,14866,14865
14128: 13028
13337: 
12947: 15401,13199,13931,14121
15734: 14606,12814,15055
14427: 
15457: 14901,15241,15173,14650
13122: 13177,15057,14912,14603,14123,15347
14789: 14688
13192: 14514,15112,14753
15378: 15812,13966,13392,15534
13502: 13061,14387,14647,15094,12924
14654: 14386,13454,13342,13749
12815: 15731,14037,13678,13957,13501
14355: 13717
14241: 15632,13219,14713,14342
13343: 12908,15645,13964,14963,13750,13087
15704: 15438,13133,14121
13670: 15666,13586,14205,14539,15211,13451
14154: 
15452: 13490,12827,14083,13334,15161
15262: 14012,15095,13245
15304: 12840,13021,15039,13936,14960,14137
15546: 14390,14808,14139,15674,14212,13378
15113: 14617,14432,15661,14183,13117
13112: 13602,14874,15463,12968,13250,14490
15186: 14537,14886,14189,13947
14579: 14980,15197,14702,15750
15206: 13582
13137: 15224,14919
14302: 15249,14542,14593,15180,14209,14545
14972: 13469
12862: 15639,12847,14641,13076
15111: 13155,13379,15385,15732,15032,13303
13021: 13601,12840,15304,13668,14137,15311
13951: 13546,14895,15174,15543,13895,13167
14697: 15066,15437,14997,14295,13651,14629
13983: 13659,14759,15508,15061,13462
15240: 13503,14781,14593,15180,13001,15017
15642: 14106,13706,14032,13927,13799,14223
15674: 15546,14390,14808,13570,14489,13186
13350: 13790
13722: 15398,13693,13555,13624,14152,14398
14468: 15130,14133,13960,12865
12874: 14534,14067,14493,13876,14984
14625: 14843,15810,15682
14082: 14014,13984,15123,14923
12844: 14869,15413,14565,13312
14481: 15105,14322,14312,14006,13756
15588: 14633,14559,14994,15371
13849: 14635
12922: 13638,13171,15200,14572,13740,13753
13214: 15764,14704
14475: 14752,15075,13210,14026,12909
13856: 15525,13078,14662,13292,14677,15135
15423: 13571,12897,14983
13943: 14329,15346,13668,14532,13719
14043: 13433,13389,12873,14255,15361,13734
14868: 
13453: 12940
15479: 14466,15711,15672,14257,14311,13836
13832: 14646,13438,14721,13948,14013,14699
15217: 14902,13578,13525,13369,14657,14904
15702: 14483
13933: 15028,15406,13390,14590,12825
14225: 12978,15205,14511,15215,15551,14436
14067: 12874,14534,14950,13719,14524
15273: 15494,15082,12943,13274,13953,13863
15054: 15776,15394,13320,15630,13982,15265,13456
13006: 13699,15590,14413,13149
14550: 12911,15693,14796,12837,14222,13969
15748: 13875,14896,15472,13467,12912,14447
14320: 13823,15451,15499,13519,15648,13011,14064
15174: 15427,13197,13895,13663,13167,13951
15131: 14791,12830,13470,15201,15415,14232
15306: 12934,14764
15279: 15521,13318
14675: 13680,14832,14662,13292,15557,13092
14109: 13788,15296,13058,14930,14733,14273
14619: 
14608: 15773,15319,14242,14191,13808,14210
12967: 13937,13132,13393,14663,15379,13172
14317: 13386,12894,15628,14772,13987,13036
14699: 15355,15337,13832,13438,13854,14013
13026: 13530,15295,13675,14706,14584,14430
15665: 15053
14567: 13585,15584,14531,13035,15770,13911
13216: 13429,13758,15556,13242,13689
13890: 15447,15358
14486: 15620,14897
14280: 14682,14417,14667,15158,14249,15402
15282: 
15105: 14481,14322,14219,14095
14750: 13986,14860,13464,12949,13455,15099
15812: 15378,13966
13840: 13651,14245,14629,13385,15777,13727
12945: 
14986: 14038,13191
14858: 15257,12962,15598,13804,15527,15239
13252: 14613,14206,14024,13317,14664,14519
15798: 15767,15026,14934
15751: 13741,15422,14998,13574,15120,15323
13097: 15268,15086,13356,15229,14022,13857
13008: 13388,14160,14262,13699
13628: 13365,12961,13368,12885,13058
15272: 15107,13195,13629,13846,12996,13986
13996: 15121,13777,13225,14873,14768
14192: 13201,15350,15534
13692: 14515,13370,13540,14834,15786,12823
15187: 15070,14136,13861,13336
14994: 13872,14523,14804,15588
14342: 13219,14241,15802
14822: 13887,15616,15573,15352,13027
13529: 15299
15421: 13505
13756: 14481,14312
12887: 12870,14135,14178,13522,15440
13714: 
14950: 13280,13719,14067,13306,14524
13382: 15488,14670,13882,14922
13043: 13315,15490,13661,14689,13015,15384
13804: 13850,13488,15598,14552,14858,15239
12900: 14003,14376,13093,15568,12892,13278
15134: 15758,13909,14597
14878: 13615
14678: 12914
14805: 14151,13888,14248,12891,14176,13667
13751: 14920
15138: 12893,14900,14331
13634: 15723,13121,15001,13508,15592,13202
14341: 13917
13371: 15325,14289,14882
13715: 15236,14968,13262,13145,14816,13001
14947: 13795,14917
14973: 13433,15461,12916,13875,13467,13734
13399: 14149,15703,14263,15508,13920
14869: 12926,15413,13074,14729,12844,14565
12949: 14396,13455,13610,13629,14750,13986
13788: 15296,14109,13058,12961,15407,12883
14197: 14122
13999: 14406
15180: 15240,14593,15017,15249,14302,15024
14562: 14976,14326,14268,15434,13553,14434
15561: 13442,13049,15693,14796,14074,15129
15044: 14150,15396,13863,14115,14987,13953
13423: 14299
14000: 15446,13676,14870,15539
13893: 15555,15395,14120,15514,14761,14070
14745: 14407,14840,13123,13894
15739: 14963,13755,13750,14242,14210,15433
15559: 13613,13456,14862,14636,13681,14866
13770: 
14144: 14256,13161,15796,15489,13119
14184: 
12944: 12982,15489,13829
14669: 14215,13746,13691,14113
13603: 12983,14112,15009,13040,14626
13881: 14841,13962,13594
14524: 13306,13535,13083,14950,14534,14067,14954
13052: 15051,14268,14029,15434,13704,14182
14628: 13172,13409,12936,13812,12882,13143
13660: 12956,14671
14993: 15680,12835,13286,12849,13739,14899
12885: 14621,14930,13082,13628,13058
13114: 13151,15162,12899,12886,13781,13418
12888: 13486,15033,14597,15783
13049: 13442,15561,15797,12841,15129,15109
13661: 14898,14836,14689,14433,13015,13043
14042: 14598,14845,14175,14441,13326
14859: 13519,15152,14866,15157,12990,15451
15449: 15141,13482,15499,15132,14740,14435
15001: 12896,13822,14739,13121,13634,13202
15320: 13534,13909
13279: 13037,14460,15515,13987,14346,13515
15746: 14027,15565,12942
13506: 13013,13992,15269,14407,15259,13338
13647: 14856,14038,13191,14161,14547
15020: 13565,13851,15594
13120: 15007,13346,13584,14264,15185,14506
14105: 13598,14844,13671,13664,15749,15400
12937: 
13771: 14364,12977,14853,14208,14215
13280: 14950,13719,13272,13668,15311,13306
13036: 12850,13096,14317,15628,13987,13037
13605: 15340,14269,13136,13479,15177,13366
14315: 14126,15775,14415,15360,15088,15050
14160: 13388,13008,13556,14610,14117
14904: 12872,14348,12931,14657,14902,15217
13053: 15164
14094: 14081,15264,13965
12923: 14089,13116,14835,14060
13803: 15560,14372,14168,14352,15435,14690
13374: 12868,13457,12831,13256,14801,14357
14017: 13485,14379,13902,13538
13799: 15453,12954,15653,14223,15642,13706
13536: 
13688: 15529,13338,13013,14747,15652,15744
13676: 14000,15446,15539,14030
13270: 14642,13487,15486,15179,14227,13896
15663: 13301,13674,15182,12950,14852,15800
14603: 13122,14912,13595,15535,14269,14123
13290: 12957,13248,13094,15762,15595,14086
14942: 14677,14563,13092,14190,13292,15641
15303: 13797,14891,14458,15140,13181,14962,14147
14790: 15609,14578,15345,14676,12866,13282
15358: 14650,13890,15649,13963
15175: 13210,13526,15225,14673,13340
15752: 12942,14981
13516: 12927,13017,15200,15608,15285,14487
12845: 14951,14373,13129,15675,15707,14978
13730: 13062,14814
14368: 14760,13325,13170
14081: 13764,14094
14924: 13377,13477,14917,14008,15078
13865: 15426
14673: 15012,15226,14199,15175,13619,13340
13988: 15705,14324,13113,14855,13010,14130
14796: 14550,15693,13412,13969,15561,15129
13377: 14924,13477,14917,13575,15216,13520
13731: 
14588: 15427,13197,14571,13614,14234,13952
14913: 13208,15530,14520,15067,15455,13327
13358: 13772,14270
14737: 15142,14408,15596,13121,15518,13822
14339: 
13172: 15379,13409,14628,12882,13393,12967
13626: 14119,13110,15498,14898,14433,13227
15643: 13145,12816,13737,13736,15270,14410
14665: 14502,13143,14766,14076,15622,14473
14205: 13670,13586,15211,14455,15365,12822
14954: 13320,15630,14534,13083,14524
13384: 14391,14867,13047,12997,14266,15511
13092: 14563,15557,15792,14675,13292,14942
12891: 15718,14248,15357,13578,14176,14805
14065: 
15501: 13796
14356: 13247,14794,13240,14929
13418: 15554,14773,12999,13781,12899,13114
15112: 13192,15632,13794
15549: 15631
12893: 15138,15000,14821,14096
13077: 13623,14325,13275,15607,15080,14811
12850: 13036,13096,14220,15628,13061
13979: 14799,14494,14787,14748,15619
15227: 13698,14414,15031
14260: 
13946: 15609,15345,13271,14744,13265,15558
15124: 14637,15545,13786,15432,15009,13040
15531: 14028,14768,14701,15601
15683: 14377
14044: 12943,15651,13274,13460,14933,15714
13958: 14807,15234
15000: 12893,14442,14821
13023: 14749,15577,15119,14698,13786,13131
15572: 15183
14211: 
13829: 14328,12968,12944,12982,13805
15690: 
14010: 14448
14682: 14131,14417,14280,12977,14208,15158
12983: 13603,13689,14112,13429,14505
15345: 15609,14790,13946,13282,13480,13271
15657: 14733,14927,13404,13581,14259,13991
15009: 15087,15432,15124,13603,13689
13088: 13164,14557,14104,14541,13381,14679
14092: 14041,14182,13020,15121,13157,13704
13574: 13598,14844,14998,15751,15422,14238
13504: 13091,15120,15251,14383,15223,13904
13883: 15688,13432,14668,12911,15693,13480,14074
12872: 14348,14904,15435,14657,14352,15077
15507: 13261,14033
14335: 14900,14331
13153: 13349,12917,15172,14817,13345,14723,13858
15215: 12848,13304,15757,12978,14225,15551
14937: 14517,13346
14792: 12989,13340,13526,15397,14055
15087: 15432,15556,15009,13289,14936
15586: 14594,12987,13439,14751,13871,12824
14319: 13757,15259,14692,12841,14470,13123
13564: 13259,14372,14168
14151: 13888,14805,14539,13667,15368,15666
13608: 13607,14409,14500,13072,13906,15680
13723: 15034,14103,15491,13124,14416,15520
15298: 14219,15316,13576,14413
15722: 13187,13179,15355,14892,15085,13610
14313: 13002
14088: 15759,13892,14488,15196,14905,15430
14906: 14851
14087: 14425,14247,14031
13576: 14394,15590,14413,14286,15298
13750: 15739,14963,13343,15621,15433,13087
13831: 15034,15491,14992,13324,15126,13902
15362: 14031
13517: 15204,13309,12960,13099
14104: 13532,13808,13381,14679,13335,13088
15632: 14241,15112
13984: 14185,15207,15145,14082,14923
13707: 13897
14961: 13215,14173
13292: 14675,14662,13092,14677,14942,13856
15159: 13168,13617,12836,14041,13020,13593
15230: 15668,14012,13070,14089
14955: 13682,13341,14645,13992,14327,13773
14617: 14432,15113,14449,14072
13772: 13358,14420
14907: 13344,14939,13481,15084,13174
14078: 14439
15439: 13844
14055: 13344,14792,15397,15189
14333: 12827,12919,15600,15161
14880: 13497,14252,14696,13253,14595,14385
15031: 13973,14414,15227,15419
14966: 15700,14693
13757: 14692,13879,14319,12841,15109,15351
14153: 14931,13830,14598,14461
15563: 15404,13975
13940: 14517,12953,14138
14516: 13596,13211
15616: 13887,14822,15611,14935,14521
15724: 13249,13937,14282,14548,14300,14639
14640: 13424
15225: 13210,15175,14741,15226,14752
15327: 14297,15602,13877,15334
14239: 14704
15655: 14767,13558
13341: 13682,14955,14292,13196,13773,15116
13234: 14958,14430,14715,15615,15713,14566
15232: 13491,14431,15045
12980: 14509,13518,12948,14724,14450,15670
14754: 
15425: 14330,13711,14784,15474
15349: 14879,15093,13007,13157,14029,13704
14657: 12852,15435,13525,15217,12872,14904
15393: 15781,14864,14480
15647: 14150,15396,14349,12906,13452,15431
14358: 14492,14519,15146,14463,14977,12875
15125: 13813,15516,15478,13294
15541: 15012,14845,15610,13817
12851: 
15410: 14738,14454,15195,13182,13432,14668
13150: 13397,15463,13805,14399,12985
15387: 13435,13271,13442,15797,15558,13193
13349: 13153,13345,15627,13461,13695,13858
13450: 
13620: 13305,15061,13713,14321
13610: 14396,12949,15722,13187,13629,15085
15316: 14219,15298,14286,13095
15013: 14749,15577,14314
14171: 14596,13014,14624,13743,14544,13388
15324: 14279,14763,15472,12817,14016,15330
14863: 13302,15661,14039,13353,14183
15130: 13967,14468
14096: 15753,12893,14900,14821
13048: 15802
14306: 28681,28659,15600,14188
15243: 
13800: 14791,12830,15768,14217,14743,14653
13452: 13848,15431,13631,15647,12906,12951
14376: 14003,14857,12900,13648,13293,15568
15649: 14788,15358
15592: 12984,13508,15615,15723,13634,14706
14290: 12889,14970,14652,14025,13838
14327: 13773,14747,14955,13013,13992
13041: 14244,13144,14949,13146
13638: 12922,15200,14572,15608,14363,13767
14452: 13415,15581,14500,13278,12892,15416
13651: 13840,14629,13385,15066,14697,14101
13615: 13718,14878
13247: 15254,14356,13240,13491
15005: 12905,15101,14722,15414,13643,13919
14882: 13527,13371,15325,12897
13064: 13277,14277,14127,14525,15658,13654
14575: 14686,14905,14889,14135,13892,13646
12924: 13502,13061,13222,15382
14135: 12870,12887,14178,14047,14686,14575
15624: 
13895: 15543,14216,14604,15427,15174,13951
13792: 13365,12961,14022,15407,13857,13761
13691: 13305,14113,14321,14853,14669
12866: 13974,14643,14551,13282,14790,14676
14387: 13502,13061,14647,13307,13176,14220
13462: 14759,13983
14048: 15450,15150,13151,12899,15290,15389
13645: 
15747: 14226,13115,14070,14761,12880,14531,13911
14664: 14492,14294,14519,13252,13531,13317
14159: 14061
13949: 13484,14813,15399
13508: 12984,13866,15592,13634,13202,13665
15331: 13914,12974
15703: 14149,13399,13590,12859,14287
14052: 13609,15008
14717: 15343,13818
12972: 13215
13919: 13679,12912,13185,13643,15101,15005
14967: 15158,14771,14208,13746,13716
13686: 14774,14308,14736,13860,15695,15278
13265: 14744,14719,13946,15558,14659,13127
13748: 14231,13972,13899,13060,12917,14258
15580: 13802,13069,13636,13648,15568,13166
13093: 13139,15015,15464,14003,12900,13278
12971: 14570,13544
14173: 14961,13062
13013: 13992,13506,14327,14747,13688,13338
13971: 13726,14432,14072
13185: 13679,12912,13919,14447,14116,14267
13567: 13554,13378,28589,15793,15277,15294
13927: 15642,14106,13706,15377,13335,14162
15756: 15047,14046,15780,13419,14742,13348
15289: 13396,15004,14969
12985: 15737,13501,14037,14399,13397,13150
15628: 14317,12894,14462,12850,13036,14220
13746: 14215,14669,14967,13716
13955: 13470,13870,15736,14611,15698,13593
15715: 13142,14592,14624,13652,13014
12834: 12913,15429
13217: 15608,14363,15165,15065,14487,14732
15033: 14597,13622,13561,12888
14422: 
12895: 28677,13203,13438,14833,15355,13179
14451: 
12977: 13771,14364,15511,14131,14682,14208
15209: 15003,12814
13991: 14301,15576,15657,13089,13404,13581
15648: 13602,14874,13011,13519,15152,14865,14320
14540: 14918,13779,13684,14393,14582,15538
13095: 15523,14286,14533,15316
14113: 13305,13691,14577,14669
12946: 
14453: 14035,13523,15575
14720: 15802
13643: 14896,15414,13926,15005,12912,13919
13609: 15480,14052
14324: 15705,13988,15322,15733,14855
14349: 15236,14968,12973,14150,15647,12906
15474: 15626,14784,15425,15741
15477: 12867
14014: 15468,14082,15123,14831,15522
14308: 14744,14719,13407,14736,14774,13686,15278
15512: 14108,14384,15678,15571,14543
15723: 13121,15518,13634,14706,14584,15592
15453: 13799,12954,15381,14803,15653,14380
15729: 13189,14962,13656,15319,14242,13755
13665: 15214,13935,13202,13866,13508,13184
13545: 13348,14513,12907,13885,12832
14971: 14893
15204: 14397,13517,12960,15143
14903: 14861
14741: 15576,14148,14361,15226,14752,15225
15658: 15554,13769,14773,13654,13064,13277
13914: 15331,14218,15197,14702,13104
15341: 14700
13963: 15166,15358,14885
15543: 13895,14216,14395,13546,13951,13180
15157: 12873,14255,12990,13681,14859,14866
28681: 28659,14306,15600,15161,14707,13334
28677: 13203,15043,12895,14382,14833,13179
28679: 28680,14310,28675,15454,14238,14157,28678