9902: 10008,9901
13046: 9484,9485,9375,9483,9593
9457: 9458,9347,9348,9456,9567,9566
9141: 9253,9142,9028,9029,9140,9252
13002: 9304,9414
9630: 
7018: 7017,7136,6899,6900,7019,7137
12316: 
8648: 8647,8761,8533,8534,8649,8762
8464: 8579,8465,8349,8348
7141: 7142,7023,7022,7140,7260,7259
8202: 8201,8317,8085,8318
7863: 7745,7746,7862,7979
9917: 9916
7645: 7528,7646,7527,7644,7763,7762
8709: 
7524: 7525,7642,7406,7407,7523,7641
7762: 7763,7880,7644,7645,7879
10717: 10718,10815,10816,10618,10617
12938: 2403,2507
7634: 7517,7635,7516,7751
11812: 11811
9990: 9884,9991,9883
13079: 
8338: 8339,8222,8337,8453,8454
7891: 7892,7774,7890,8007,8008
6470: 6351,6469,6352,6471,6588,6589
7535: 7652,7653,7536,7417,7418,7534
7035: 7036,7154,6916,6917,7034,7153
9555: 9554,9446,9556,9663,9664
30: 
13026: 
9571: 9461,9570,9462,9679,9680
9779: 9670,9778,9780,9671,9887
10903: 
9176: 9063,9175
6332: 6450,6333,6451
8198: 8314,8313,8199,8082,8197
7544: 7426,7427,7545
8820: 12995,8706
7471: 7589,7354
7299: 7417,7418,7298
10530: 
9025: 8912,9024,8913,9026,9137,9138
9235: 9124,9234,9123,9345
7426: 7308,7427,7544
7365: 7246,7366,7482,7483
47: 
7890: 7772,7889,7891,8006,8007
9589: 9697,9480,9698
10697: 
10215: 10110,10111,10216,10318,10319
9792: 9793,9791,9899
8520: 
12381: 
12013: 13009
7743: 7744,7861,7625,7626,7742,7860
9143: 9255,9030,9031,9144,9254,9142
9987: 9880,9881,9988,9986,10092
6318: 6319,6437,6081,6200,6436,6199
6531: 6649,6532,6412,6413,6530
9980: 9873,10085
13061: 
10537: 10637
8862: 8975,8863
8304: 8189,8305,8188,8303,8419,8420
7381: 7262,7380,7263,7498
10109: 10108,10213,10003,10004
8694: 8693,8807,8808,8579,8695
8294: 8295,8409
10448: 
8805: 8692,8804,8691,8918,8919
9485: 9484,13046,9375,13192,9486,9595
8313: 8314,8198,8312,8197,8428,8429
11455: 11454
10387: 10285,10388
11471: 
8554: 8439,8555,8553,8668,8669
7621: 7503,7620,7504,7622,7738,7739
9591: 9700,9592,9699
8094: 7977,7978,8210,8093
6235: 6234,6117,6236
13161: 12359
9323: 9212,9213
9983: 9984,9982,10088,10089
7174: 7055,7173,7056,7175,7292,7293
7491: 7490,7608,7373,7374,7492,7609
9046: 
8530: 8416,8644,8645
7653: 7535,7652,7536,7654,7770
11321: 13205
7879: 7761,7878,7995,7762
9996: 9889,9890,9995,9997,10101,10102
10740: 
11964: 
95: 
7528: 7645,7646,7527,7410,7411,7529
97: 
6825: 6943,6944,6706,6707,6826
11713: 11630
10617: 10618,10616,10717
6546: 6545,6664,6428,6547,6665
8924: 8810,8811,9037
9477: 9478,9367,9368,9476
8943: 
9565: 9673,9456,9566
7525: 7524,7642,7407,7408,7643
8708: 
8896: 8895,9008,9009,8782,8783,8897
9352: 9461,9462,9353
10284: 
9926: 
11288: 11378
7019: 7020,7137,7138,6900,6901,7018
6184: 6066,6065,6183,6302,6303
6217: 6335,6216,6098,6099,6336,6218
8420: 8534,8421,8304,8305,8419
8757: 8871,8644,8870,8756,8758
13148: 4991,4758,4759
9336: 9335,9225,9445,9446
9871: 9872,13165,9764,9870
7412: 7293,7294,7413,7411,7529,7530
9648: 9757,13156,9540,9756
9299: 
7969: 7968,8085,7852
9225: 9335,9336,9113,9114,9224
8913: 9026,8799,8914,9025,8912
9446: 9445,9555,9336,9337
11032: 
10722: 10723,10821,10623,10721,10820
8052: 
9882: 9883,9989,9774,9775,9881,9988
10730: 10828,10829,10630,10731
9359: 9248,9249,9360,9468,9469
8706: 8820
11316: 
7632: 7514,7631,7515,7633,7749,7750
7160: 7042,7161,7041,7159,7279
138: 
11468: 
7631: 7513,7514,7632,7630,7748,7749
10423: 
9009: 8896,9008,8897,9010,9121,9122
9999: 9893,10000,9892,9998,10104,10105
10525: 10524,10625,10424,10526,10626
10213: 10108,10109,10212
6653: 6654,6535,6652,6771,6772
11956: 
10775: 
6197: 6315,6316,6078,6079,6196,6198
13168: 1236,1152
8061: 7945,8062,7944
7730: 7731,7848,7612,7613,7729
7720: 7721,7837,7838,7602,7603,7719
10167: 
6937: 7055,6936,6818,6938,7056
8315: 8316,8200,8314,8199,8430,8431
11005: 11006,10910,11098,11099
6812: 6813,6931,6693,6694,6811,6930
6548: 6549,6667,6429,6430,6547,6666
7628: 7510,7511,7627,7629,7745,7746
7839: 7722,7840,7721,7838,7955,7956
7011: 7010,7129,7130,6893,6892
7495: 7496,7613,7377,7378,7494,7612
12026: 
13146: 
9670: 9778,9779,9561,9562,9669,9671
8591: 
7044: 7163,7162,6926,6925,7043,7045
10431: 10329,10432,10328,10430,10533
7717: 7716,7599,7600,7718,7835
171: 
9668: 9669,9776,9560,9559,9667
8701: 8700,8814,8815,8587
9573: 9464,9574,9463,9572,9682
8481: 8595,8365
8224: 8108,8225,8107,8223,8339,8340
10400: 10297,10298,10399
9851: 
6844: 6845,6725,6607,6843
10924: 11018,11019,10923,10827,10826
8347: 8231,8232,8346,8348,8463
11254: 11163,11253
8891: 8892,9004,8777,8778,8890,9003
9476: 9366,9367,9477
10889: 10792,10983
10405: 10302,10406,10404,10506,10507
11094: 11186,11187,11000,11001,11093
11186: 11094,11187,11093,11185,11277
6446: 6328,6447,6445,6327,6564,6565
8985: 9098,9097,8984,8873,8872,8986
7421: 7302,7303,7422,7420,7538,7539
6550: 6551,6669,6431,6432,6549,6668
9220: 9219,9109,9221,9330
9047: 
7150: 7031,7032,7151,7149,7268,7269
7622: 7504,7505,7623,7621,7739,7740
11221: 11129
8232: 8231,8347,8115,8116,8233,8348
10513: 10614,10613,10512
8231: 8232,8347,8114,8115,8230,8346
6683: 6684,6802,6801
9572: 9681,9680,9462,9573
11368: 11278,11369,11277
204: 255
12512: 
10592: 10593,10491,10692
7037: 6918,7036,7155
11181: 
12187: 12042,12257,12255
7973: 7974,8090,7856,7857,7972,8089
11099: 11100,11192,11191,11005,11006,11098
6108: 6109,6227,5989,6107,6226
8001: 8000,8117,7884,7885,8002,8118
214: 
6239: 6240,6357,6358
8344: 8228,8229,8343,8345,8459,8460
7787: 
9764: 9655,9656,13165,9871,9872
11076: 11169,13206,11075
13200: 10127,10126,10231
12988: 403
222: 223
223: 222
12370: 
10914: 10913,11008,10816,10817
8775: 8661,8662,8774,8888,8889
10807: 10708,10709,10806,10904,10905
228: 
10783: 13050,10782,10684,10880
12600: 
8699: 8813,8812,8698,8700
7498: 7497,7615,7380,7381
10332: 10228,10229,10331,10434
12943: 10277,10379,10482
10699: 10599
8106: 8107,7990,8223,7989,8105
11529: 
9567: 9675,9676,9566,9457,9458,9568
9502: 9393,9503
10218: 10114,10219,10113,10217,10321,10322
7941: 8058,13207,7940
8582: 8697,8583,8467,8468,8696
10169: 
8172: 8056,13180
7070: 7069,7188,6952,7189
10292: 10394,10188,10189,10293
6882: 6764
12515: 
7519: 7636,7637,7518,7401,7402,7520
8545: 8546,8431,8544,8430,8659,8660
6604: 6723,6605,6486
10188: 10083,10084,10189,10292
10637: 10537,13104,10636
10320: 10321,10216,10217,10319
255: 204,309
7250: 7251,7369,7131,7132,7368
9029: 8917,9030,9028,8916,9142,9141
11188: 11187
11474: 11560,11475
10016: 9909,10015,10017,10122
7883: 7765,7882,7766,7884,7999,8000
7003: 7121,6884
7660: 7659,7661,7777
11093: 10999,11000,11094,11186
8226: 8110,8227,8109,8225,8341,8342
10508: 10509,10609,10406,10507,10608
9139: 9138,9250,9026,12823,9251
10546: 
269: 13015
13127: 11889,13011,11967
10101: 10102,10206,10205,9996,9995,10100
10898: 10991,10800
6570: 6571,6688,6689,6452,6451,6569
9903: 
13199: 1977,1880,1881
9774: 9665,9666,9775,9881,9882
7994: 7877,7878,7995,7993,8110,8111
7407: 7288,7289,7406,7408,7524,7525
11227: 
10748: 
7992: 7991,8108,8109,7875,7876,7993
282: 
11515: 
6662: 6543,6544,6661,6663,6780,6781
8886: 8887,8999,8772,8773,8998,8885
7727: 7728,7609,7610,7726
6794: 6795,6913,6793,6912
7595: 7478,7477
7751: 7633,7634,7869
7394: 7276,7395,7275,7511,7512
9777: 
8667: 8666,8780,8781,8553,8552,8668
7873: 7874,7756,7755,7872,7990,7989
10808: 
11453: 11454,11365,11452
8306: 8191,8305,8421
9568: 9459,9569,9458,9676,9567,9677
9891: 9892,9998,9997,9784,9783,9890
9121: 9120,9232,9233,9008,9009,9122
10487: 10587,10589,10486,10385
10785: 13050,10686
302: 
9503: 9393,9502
7056: 7057,7175,7055,7174,6937
12169: 
8653: 8766,8538,8654,8767
7834: 
308: 309
309: 255,308
6358: 6359,6476,6240,6239,6357
10613: 10512,10612,10513,10614,10712
6372: 6253,6371
9914: 
7848: 7849,7731,7965,7964,7730
11102: 11008
316: 
8473: 8357,8472,8588
11641: 
7888: 7770,7887,7889,8004,8005
8902: 9015,8901,8903,9014
8674: 8559,8560,8673,8675,8787,8788
8209: 8092,8093,8208,8210,8325,8324
10933: 11028,10835
9548: 9438,9547,9439,9656,9657,9549
9031: 8918,8919,9032,9144,9030,9143
8994: 8881,8882,8995,9107
8682: 8683,8796,8567,8568,8681,8795
6520: 
10983: 13206,10889
9466: 9467,9576,9575,9357,9356,9465
6817: 6818,6816,6935,6936
9039: 8926,8927
10426: 10324,10323,10425
10418: 10315,10417,10316,10419,10519,10520
6816: 6697,6815,6817,6935,6934
7885: 7768,7886,7767,7884,8001,8002
9909: 10016,10015,9801,9908
10840: 10938
8752: 8753,8639
10940: 
8421: 8420,8305,8306
12785: 
6771: 6772,6890,6652,6653,6889,6770
12560: 12611
8780: 8666,8667,8781,8779,8893,8894
7253: 7252,7371,7134,7135,7254
11853: 
10618: 10518,10617,10619,10717,10718
10512: 10613,10612,10513
13202: 11652,11736
8341: 8456,8340,8225,8226,8342,8457
9216: 9105,9215,9217,9326,9327
8905: 8904,8791,8792,9017
7968: 7969,8085,7851,7852,8084,7967
10743: 
8655: 8654,8768,8540,8541,8656,8769
9101: 9102,8988,8989,9212,9213
9000: 8887,8999,9112,8888,9001,9113
8069: 8068,7953,8070,8186
11195: 
6945: 6826,6827,6946,7063,7064,6944
6321: 6320,6439,6440,6202,6203,6322
11286: 
7829: 
7201: 
8863: 8862,8975
11710: 11709
8475: 8360,8359,8589
369: 
10904: 10905,10998,10999,10806,10807
9563: 9453,9454,9564,9562,9672,9671
11000: 11001,10905,10999,11093,11094
9587: 9695,9586,9478,9696
8932: 8931,9044,12995,8933,9045
6431: 6312,6430,6313,6432,6549,6550
8693: 8694,8807,8578,8692
9344: 9234,9345,9233,9343,9453,9454
6943: 6825,6944,7062,7061
6408: 6407,6526
7110: 
8930: 8929,8816,9042,9043
7857: 7739,7740,7858,7856,7973,7974
6081: 6080,5962,6200,6199,6318
9879: 9985,9986,9772,9880
10816: 10717,10718,10815,10817,10913,10914
8579: 8464,8465,8580,8694
8704: 8589
8791: 8905,8904,8677,8678,8790,8792
9454: 9453,9563,9564,9344,9345,9455
10159: 10263
7522: 7523,7640,7404,7405,7639,7521
7238: 7239
11810: 11811,11889
12935: 
9002: 8889,9001,9114,9115
9581: 9471,9472,9582,9580,9689,9690
11190: 11098,11191,11281
6314: 6313,6432,6433,6196,6195,6315
8351: 8466,8236,8350,8467,8352
9829: 9720,9828
11518: 
11357: 11266,11356
403: 467,12988
8357: 8356,8241,8473
10724: 10823,12824
7272: 7273,7391,7153,7154,7271,7390
11314: 
8467: 8466,8351,8352,8468,8582
6494: 
9889: 9890,9996,9995,9782
6655: 6536,6537,6656,6654,6773
12200: 12128
11869: 13003
6175: 6057,6056,6174,6294,6176
6448: 6329,6330,6449,6447,6566,6567
9994: 9888,9887,9993,10099
417: 
9894: 9893,10000,9786,9787,9895,10001
7317: 7436
6452: 6333,6451,6334,6453,6570,6571
10977: 11070
422: 
6675: 6556,6674,6557,6676
7610: 7492,7493,7609,7611,7727,7728
8569: 8454,8568,8683,8684
9828: 9720,9829
7280: 7279,7398,7161,7162,7281,7399
8916: 9028,8915,8803,8917,9029
11380: 
10302: 10405,10199,10404,10301
6922: 6803,6804,6921,6923,7040,7041
9697: 9589,9696
6941: 6822,6823,6942,7059,6940
7256: 7257,7374,7375,7137,7138,7255
6188: 6069,6070,6187,6189,6306,6307
9775: 9666,9774,9882,9883
7741: 7742,7859,7623,7624,7740,7858
6364: 6245,6483
10490: 10388
7508: 7509,7626,7390,7391,7507,7625
10285: 10387,10388,10181
10692: 10790,10593,10592,10691
11939: 
11018: 10924,11019,10923,11112
13153: 1608
9870: 9976,9977,9762,9869,9871
8239: 8355,8123,8122,8240,8238
10707: 
11811: 11810,11812
6219: 6337,6218,6100,6101,6220,6338
12580: 
7598: 7480,7597,7599,7715
10162: 13149
7799: 
9633: 9634
9419: 9420,9529
12323: 12257,13145
9018: 9019,8906,9130,9131
7062: 6943,6944,7061,7063,7181
8413: 8528,8298,8297,8414
11113: 11114,11206,11019,11112,11205
7774: 7892,7891,7656
9334: 9333,9223,9224,9335,9443,9444
8927: 8928,8813,8814,9039,8926
465: 
6090: 6089,6208,5971,5972,6091,6209
467: 403
8236: 8351,8119,8120,8237,8352
7960: 7959,8076,7843,7844,7961,8077
12145: 
7538: 7655,7537,7420,7421,7656,7539
10314: 10313,10416,10315,10417
8450: 8451,8564,8565,8335,8334,8449
6193: 6074,6075,6194,6312
475: 
9138: 9139,9250,9025,9026,9137,9249
11271: 11362,11180,11272
7184: 7183,7302,7303
8647: 8648,8761,8532,8533
8918: 8919,9031,8804,8805,8917,9030
8684: 8685,8798,8569,8683,8797
13076: 
6815: 6696,6816,6697,6933,6934
7976: 7975,8092,8093,7859,7860,7977
6911: 6793,6912,6910,7029,7030
6238: 
10090: 10089,10194,9984,9985,10091,10195
6439: 6320,6321,6440,6438,6557,6558
9108: 
6700: 6581,6699,6582,6701,6819
8532: 8418,8533,8647
10089: 10194,10090,9983,9984,10088
9904: 10010,10011,9905,9796,9797
10635: 
8026: 8025
11544: 11543,11630
8768: 8654,8655,8767,8769,8881,8882
8290: 
6786: 6785,6904,6905,6667,6668,6787
9733: 
6415: 6296,6416,6533
6547: 6665,6666,6428,6429,6546,6548
7136: 7017,7018,7135,7137,7254,7255
504: 
10322: 10425,10424,10219,10218,10321,10323
7047: 7048,7166,6928,6929,7046,7165
507: 
10731: 10830,10632,10730,10829
509: 13184
510: 
9252: 9140,9362,9253,9141,9363
10908: 10907,11002,10811,10909
10527: 
9866: 9973,9865
9811: 9703
516: 
11398: 
8011: 8012,8127,8128,7895,7894,8010
10912: 11006,10815,10913
9666: 9558,9775,9665,9557,9774
521: 
9474: 9473,9364,9365,9584
9055: 9168
6891: 6772,6890,6773,6892,7009,7010
8909: 8910,9022,8795,8796,8908,9021
9770: 
10189: 10084,10188,10085,10190,10292,10293
9681: 9572,9789,9682,9790
7009: 7008,7127,7128,6890,6891,7010
6086: 6085,6204,5967,5968,6087,6205
9562: 9452,9561,9453,9563,9670,9671
9789: 9681,9680,9788,9897
11123: 11029,13160
13034: 7116,7117,7115,7234
10241: 10344
7162: 7044,7163,7043,7161,7280,7281
9580: 9470,9579,9471,9581,9688,9689
6915: 6796,6797,6916,6914,7033,7034
6680: 6681,6679,6798,6799
9264: 9375,9153,9263
7605: 7488,7606,7487,7604,7723,7724
10208: 10103,10104,10209,10311,10312
8872: 8873,8759,8758,8871,8985,8984
6405: 6404
6953: 6834,6952,6835
9114: 9001,9002,9113,9115,9225
8992: 8879,8991,9104,9105
6313: 6314,6432,6195,6194,6431,6312
8091: 7974,8090,8207,7975,8092,8208
10497: 10498,10598,10396,10597
8468: 8352,8353,8467,8582,8583
10112: 10113,10216,10217,10006,10007,10111
553: 
6905: 6786,6904,6787,6906,7023,7024
6236: 6117,6237,6235,6354
10841: 
9765: 
8764: 8765,8651,8877,8763,8650
9656: 9655,9764,9548,9547,9657
7655: 7537,7654,7538,7656,7772
7431: 7432,7430,7548
9272: 9160
10436: 
7826: 7825,7942
9683: 9682,9791,9574,9575,9684
10308: 10307,10204
6202: 6083,6084,6203,6201,6320,6321
7283: 7401,7402,7282,7164,7165,7284
11836: 
6687: 6568,6569,6686,6688,6805,6806
7861: 7743,7744,7860,7862,7977,7978
9725: 9724
10297: 10298,10399,10400,10194,10296
7956: 8072,8073,7957,7839,7840,7955
9357: 9466,9467,9356,9246,9247
12951: 2394,2494,2292
10815: 10717,10816,10912,10913
6186: 6067,6068,6187,6185,6304,6305
6185: 6067,6186,6303,6304
11709: 11625,11710
11017: 
9754: 9755
7898: 
584: 
9019: 8906,9018,8907,9020,9132,9131
10205: 10101,10206,10100,10309
10919: 10918,13140,10821,10920
8889: 8888,9001,9002,8775
8761: 8647,8648,8762
9684: 9685,9576,9575,9683
7506: 7507,7624,7388,7389,7505,7623
7739: 7740,7857,7621,7622,7738,7856
7824: 7707,7825,7940,13207
6791: 6910,7028,6672,6673,6790,6909
6231: 6112,6113,6230,6349,6468
6819: 6818,6700,6701,6938,6820
11178: 11085
10822: 
9366: 9365,9255,9256,9367,9476
8549: 8434,8548,8550,8663,8664
7753: 7754,7871,7635,7636
7502: 7501,7619,7384,7385,7503,7620
8093: 7976,8092,8209,7977,8094,8210
10541: 10439
605: 
10853: 10754
9546: 9436,9547,9654,9655
608: 
11480: 11567,11391
10172: 10173,10171,10276
10597: 10497,10598
6246: 
6208: 6089,6207,6090,6209,6326,6327
12981: 12371
10751: 10651
8335: 8219,8334,8220,8450,8451
9353: 9463,9354,9243,9242,9352
7703: 7585
8334: 8219,8335,8218,8333,8449,8450
9001: 8888,8889,9002,9113,9114,9000
11070: 11069,11162,10977,11163
9675: 9676,9784,9567,9566,9783
7399: 7281,7400,7280,7398,7516,7517
7593: 7475,7592
6708: 6709,6590,6589,6707,6826,6827
626: 
627: 
13093: 
8664: 8665,8778,8549,8550,8663,8777
9030: 8917,9029,8918,9031,9142,9143
10134: 10239,10135,10028
10446: 
6940: 7058,7059,6941,6822,6939
9984: 9983,9985,10089,10090
7161: 7042,7043,7160,7162,7279,7280
6573: 6574,6692,6454,6455,6572,6691
13135: 
8783: 8669,8782,8670,8896,8897
12128: 12200
9652: 9653,9543,9761
13088: 
6679: 6678,6680,6797,6798
10283: 10385,10282
9097: 9098,8985,8984
11889: 11808,11810,13127
7735: 7617,7618,7736,7853
7290: 7409,7408,7171,7172,7291
11464: 
8189: 8304,8305,8072,8073,8188
6936: 7055,6937,7054,6818,6817,6935
9611: 
7404: 7285,7403,7286,7405,7521,7522
9399: 
8102: 7986,7985,8101,8218,8219
7616: 7615,7732,7733,7734
11880: 
8312: 8196,8311,8197,8313,8427,8428
10510: 10408,10611
7362: 7243,7361,7479,7480
660: 
11109: 11016
12233: 12164,13058,12300
663: 
13033: 11081,11082,10988,13125
9109: 8996,9110,8997,9220,9221
7675: 7674,7793
11965: 12041,13011
9134: 9135,9246,9021,9022,9133
11100: 11099,11192,11006,11193
8193: 8192,8076,8077,8194,8309
9995: 9889,9996,10100,10101
8074: 8075,7958,8191
10105: 10210,10209,9999,10000,10104
7836: 7719,7835,7951,7837,7953
6667: 6548,6549,6668,6666,6785,6786
8324: 8325,8208,8209,8323
677: 
8211: 8212,8327,8095,8326
6994: 13190
680: 
681: 
7383: 7265,7384,7264,7382,7500,7501
9901: 9793,9902,10008,10007
7611: 7494,7612,7493,7610,7728,7729
685: 758
9881: 9880,9987,9988,9774,9882
9267: 9378
6463: 6344,6462,6345,6464,6581,6582
11799: 13189
7191: 7192,7073,7309,7310
7772: 7890,7889,7655,7654
10100: 10099,9995,10101,10205
8223: 8107,8106,8224,8339,8222
8098: 7981,8097,7982,8099,8214,8215
695: 
11442: 11528
697: 13126
10603: 10703,10702
6200: 6082,6201,6081,6319,6318
9905: 9904,10011,9797,9798
8779: 8665,8778,8666,8780,8892,8893
7026: 7027,7145,6907,6908,7025,7144
8953: 13151
8443: 8558,8557,8442,8328,8327,8444
6949: 6831,7067,7068
7604: 7487,7486,7605,7722,7723
7127: 7008,7009,7128,7126,7245,7246
10391: 10288,10289,10390,10392,10493
709: 
10633: 10533,10733
8007: 8008,8124,7890,7891,8123,8006
7602: 7601,7718,7719,7720
8006: 8123,8122,7890,7889,8005,8007
6874: 
7168: 7049,7050,7169,7167,7286,7287
9916: 9917,10023,9808
10744: 10645
9997: 9891,9998,9890,9996,10102,10103
8100: 7983,8099,7984,8101,8216,8217
10098: 10097,10099,10203,10204
6956: 6837,6838,6955,7075
8167: 
6287: 
8085: 7968,7969,8084,8201,8202
6553: 6552,6671,6672,6434,6435,6554
8528: 8413,8414,8642
10296: 10297,10399
6230: 6111,6229,6112,6231,6348,6349
12929: 7350,7349,7466
8047: 
8121: 8004,8120,8005,8122,8237,8238
732: 
6934: 7053,6935,6815,6816,7052,6933
7746: 7745,7863,7628,7629
9434: 9435,9543
8175: 8058
6428: 6429,6546,6547
6347: 6348,6466,6228,6229,6346,6465
6582: 6581,6700,6463,6464,6583,6701
9014: 9013,8902,9015,9126,9127
7371: 7252,7253,7370,7488,7489
7374: 7256,7375,7255,7373,7491,7492
13179: 
7997: 8114,7880,7881,7998
7647: 7529,7530,7648,7646,7764,7765
6435: 6317,6316,6434,6553,6554
10605: 10606,10505,10704,10705
13175: 1315
6594: 6593,6712,6476,6595,6713
13096: 
6916: 6797,6915,6798,6917,7034,7035
6484: 6366,6483
8448: 8449,8563,8332,8333,8447,8562
7509: 7508,7626,7391,7392,7510,7627
755: 
10018: 9911,10017,10123,10124
757: 
758: 685,833
9358: 
6423: 6304,6424,6422,6541
11662: 11577
762: 
11163: 11162,11070,11254
9376: 13192,9486,9487
10657: 10557,10757
8781: 8667,8780,8668,8782,8894,8895
11808: 11889
6793: 6911,6912,6792,6794
769: 13126
10421: 10318,10319,10523,10420
9430: 9431,13156,9540
10643: 10543
9451: 9450,9560,9341,9342,9452,9561
7384: 7265,7383,7266,7385,7501,7502
8658: 8772,8771,8544,8543,8659
8661: 8662,8775,8546,8547,8660,8774
11206: 11113,11114,11205
6189: 6071,6190,6070,6188,6307,6308
8517: 8403,8402
6571: 6570,6689,6452,6453,6572,6690
8938: 8937
6893: 6892,6775,6894,7011
9998: 9891,9892,9997,9999,10103,10104
8426: 8425,8540,8310,8311,8427,8541
8230: 8346,8113,8114,8231
786: 
787: 
8349: 8233,8234,8348,8350,8464,8465
10818: 
10420: 10317,10419,10421
9341: 9230,9231,9340,9342,9450,9451
792: 
6471: 6352,6470,6590,6589
10814: 
13131: 2388,2389,2288,13167
9062: 9175
6120: 6001,6002
798: 
10102: 10101,10206,9996,9997,10103
10804: 10705,10803,10706,10805,10901
7117: 13034,7118,7236
6416: 6417,6415,6535
7181: 7062,7063
804: 
8561: 8446,8447,8562,8675,8676,8560
11228: 11136
6532: 6531,6413,6533
9762: 13165,9653,9761,9869,9870
9473: 9474,13115,9364,9363,9582
8698: 8584,8697,8583,8811,8699
7959: 7960,8076,7843,8075,7958
7840: 7722,7839,7723,7841,7956,7957
7422: 7303,7421,7304,7423,7539,7540
814: 815
815: 814,13133
8697: 8582,8583,8696,8698,8810,8811
817: 
6718: 6599,6717,6600,6836,6837
10988: 10987,10893,13033
9690: 9689,9798,9799,9581,9582
9783: 9675,9784,9782,9890,9891
9797: 9688,9796,9689,9798,9904,9905
823: 900,901
7138: 7019,7020,7137,7139,7256,7257
9780: 9781,9672,9671,9779,9888,9887
8547: 8432,8546,8661,8662
10706: 10805,10606,10705,10804
7234: 7115,13034
7281: 7400,7399,7163,7162,7280,7282
6767: 6885,6649,6768
10092: 10093,9986,9987,10091,10196
832: 13117,833
833: 758,832
10976: 
9961: 13069,9962
836: 13129
6899: 6780,6781,6898,6900,7017,7018
8196: 8311,8312,8197,8079,8080,8195
8463: 8578,8577,8346,8347,8462
10836: 
6685: 6684,6686,6803,6804
6536: 6537,6655,6417,6418,6654,6535
9224: 9334,9223,9112,9113,9335,9225
11171: 11170
9242: 9243,9131,9130,9353
8978: 
11193: 11100,11192
6904: 6785,6786,6905,6903,7023,7022
13193: 1146,13171
10695: 10795,10595,10694
6473: 6354,6355,6474,6591,6592
8894: 8893,9006,9007,8780,8781,8895
8472: 8587,8471,8473
854: 932
10199: 10095,10302
8307: 8191,8192,8423
9319: 9320
6926: 6807,6925,6927,6808,7044,7045
7144: 7025,7143,7026,7145,7262
10349: 13120,10452
8114: 7997,8113,7998,8115,8230,8231
9436: 9326,9546,9327,9435,9545
6702: 6583,6701,6584,6703,6820
7492: 7493,7609,7610,7374,7375,7491
9183: 
8104: 7988,8105,7987,8103
13207: 7941,7942,7824,7825
9691: 13115,9799
8914: 8800,8801,8913,9027
6814: 6932,6696,6695,6813
10424: 10322,10425,10321,10525,10526
10593: 10592,10692
10279: 10280
9962: 9961,9963
10007: 10112,10113,10006,9901,10008
8910: 8909,9022,9023,8796,8797
8428: 8427,8542,8312,8313,8429,8543
10938: 10939,10840
879: 
9021: 8908,9020,8909,9022,9133,9134
8465: 8464,8579,8349,8466,8350,8580
10721: 10720,10819,10820,10621,10722
10197: 10301,10196,10093
13155: 1584,1585,1495,1494,1586
6693: 6574,6692,6575,6694,6811,6812
8663: 8777,8549,8548,8664
6222: 6103,6221,6340,6341
888: 
6616: 
890: 970
8625: 8510
9450: 9451,9560,9559,9341,9340,9449
893: 973
10972: 
6796: 6797,6915,6677,6678,6795,6914
7129: 7010,7011,7130,7128,7248
7714: 7715,7597
9991: 9884,9885,9990,9992
6132: 
900: 823,901
901: 900,823
9654: 9545,13165,9546,9653,9655
903: 
6181: 6062,6182,6299,6300
905: 
906: 
7783: 7665,7666,7901
908: 987,988
10385: 10283,10282,10487,10486
8425: 8426,8540,8309,8310,8424
9438: 9548,9547,9328,9329,9439
10209: 10105,10210,10104,10208,10312,10313
7533: 7534,7651,7650,7415,7416,7532
6492: 
7167: 7048,7166,7049,7168,7285,7286
916: 995
7523: 7522,7640,7641,7405,7406,7524
918: 998
7658: 7541,7659,7775,7776
920: 921
921: 920
8580: 8466,8579,8465,8695
923: 
7878: 7761,7879,7995,7760,7877,7994
8434: 8549,8548
11069: 11162,11070
6444: 6326,6445,6325,6443,6562,6563
928: 
6705: 6586,6587,6706
10928: 10927,11022,10830,10929
6770: 6889,6888,6652,6769,6771
932: 854,1012
7392: 7273,7391,7274,7393,7509,7510
6172: 6291,6171
9677: 9678,9785,9786,9569,9568,9676
11119: 
8319: 8318,8203,8204,8320
8066: 8067,7950,7949
8763: 8649,8762,8876,8650,8764,8877
9884: 9885,9990,9991,9776
12983: 
8327: 8212,8328,8211,8326,8443,8442
9708: 9599,9817
10624: 10623,10523,10524,12824
7287: 7286,7405,7406,7168,7169,7288
13047: 6404,6521
12257: 12187,12323,13145
8326: 8327,8211,8441,8442
949: 13166
7286: 7287,7405,7167,7168,7285,7404
6835: 6834,6953,6716,6717,6836
11013: 11107,11199,13140
10910: 10909,10813,11005
8139: 8022,8256
955: 
10615: 
9367: 9368,9257,9366,9256,9476,9477
9673: 9565,9782,9781
13107: 
960: 13203
6325: 6324,6443,6206,6207,6326,6444
7953: 8069,7836,7837,7954,8070
10331: 10433,10434,10227,10228,10330,10332
6299: 6300,6418,6181,6298
8345: 8461,8229,8344,8460
7685: 
10927: 10928,11022,10829,10830,11021,10926
7755: 7756,7873,7637,7638,7754,7872
10330: 10329,10432,10227,10331,10433
970: 890,1051
11290: 11291,11199
9776: 9668,9667,9884
973: 893
8103: 7986,7987,8104
8365: 8364,8481
8494: 
6482: 6481,6600
6084: 6083,6202,6203,5965,5966,6085
9320: 9319
7264: 7263,7382,7265,7383
10000: 9893,9894,9999,10001,10105
982: 
7133: 7014,7132,7015,7134,7251,7252
7710: 
8904: 8905,8791,8903,8790,9016,9017
10483: 10482
987: 908,988
988: 908,987
8633: 8632,8747,8519
7048: 7047,7166,7167,6929,6930,7049
6652: 6533,6653,6770,6771
8560: 8445,8559,8674,8446,8561,8675
993: 
9351: 9461,9240,9460,9350
995: 916
7763: 7880,7881,7762,7645,7646,7764
7025: 7024,7143,7144,6906,6907,7026
998: 918
7539: 7656,7421,7422,7538,7540
8466: 8350,8351,8467,8465,8580
8234: 8233,8349,8117,8118,8350
7715: 7714,7598,7597,7716,7833
1003: 1004
1004: 1003
7033: 7034,7152,6914,6915,7032,7151
11115: 11021,11022,11114
6717: 6718,6599,6716,6835,6836
7748: 7749,7866,7630,7631,7747,7865
10790: 10692,10691
1010: 
1011: 
1012: 932
11170: 11171,11169,11261
9455: 9346,9345,9454,9564
8789: 8903,8790,8675,8676,8788
9462: 9463,9352,9571,9572
9561: 9452,9562,9451,9560,9669,9670
9577: 9468,9467,9576,9685,9686
8205: 8088,8089,8204,8206,8321,8320
12945: 
7981: 8097,8098,7980,7864,7865,7982
8887: 8886,8999,9000,8773,8774,8888
6935: 7053,6934,6816,6817,6936,7054
10181: 10076,10077,10285
7764: 7765,7882,7646,7647,7763,7881
1026: 
7552: 7553
12164: 12233,13058
7646: 7528,7645,7529,7647,7763,7764
6946: 6827,6945,7064,6828
7242: 7243,7361,7123,7124,7241
6810: 6811,6929,6691,6692,6809,6928
10014: 9907,9908,10015,10120,10013
6424: 6305,6423,6425,6542
12297: 
7429: 7430,7547
6464: 6345,6346,6465,6463,6582,6583
1038: 
9598: 9599
9162: 9050
1041: 13203
10516: 
7759: 7760,7877,7641,7642,7758,7876
1044: 
10720: 10721,10819,10620,10621
6834: 6952,6953,6835,6716,6715,6833
6106: 6107,6225,5987,5988,6105,6224
9248: 9136,9137,9249,9359,9247
1049: 1131
8645: 8759,8758,8530,8644
1051: 970,1133
9892: 9891,9998,9784,9785,9893,9999
9102: 8989,9101,9103,8990,9213
6094: 6095,6213,5975,5976,6093,6212
7667: 7550,7666
1056: 
7379: 7260,7378,7261,7380,7496,7497
9356: 9466,9357,9246,9465,9355
8649: 8762,8763,8650,8534,8648
9911: 10017,10018,9804,9803
9094: 8982,9095,9205
1062: 
11577: 11662
11875: 
11718: 13189
9234: 9122,9123,9344,9345,9233,9235
10820: 10721,10819,10722,10821,10917,10918
1068: 
9890: 9889,9996,9782,9783,9891,9997
8400: 
10028: 10134,10135
8744: 
8898: 8897,9010,8784,9011
10411: 
1075: 1157
8720: 
9340: 9341,9230,9229,9339,9449,9450
1078: 
9469: 9468,9359,9360,9470,9579
6212: 6093,6211,6094,6213,6330,6331
7145: 7026,7027,7144,7263
1082: 
1083: 1166
6764: 6882
10495: 10393,10394,10595
6554: 6673,6435,6553,6672
9490: 9380,9599
1088: 
10080: 10081,10185,10184,10079
9364: 9253,9254,9363,9365,9473,9474
8638: 
9423: 9533
10294: 10293,10190
9781: 9672,9780,9673,9888
9117: 
1096: 
8513: 
8553: 8438,8552,8554,8667,8668
8459: 8460,8573,8574,8343,8344,8458
8225: 8108,8109,8224,8226,8340,8341
8716: 8601
9533: 9423,9534
13150: 13080,5702
1104: 
8917: 9029,9030,8803,8804,8916,8918
10239: 10134,10135
11765: 
8003: 8002,8119,7886,7887,8004,8120
10834: 
12900: 
13189: 11718,11799
8933: 9045,12995,8932
9330: 9439,9440,9220,9219,9329
9480: 9371,9370,9589
8348: 8233,8349,8232,8347,8464
10811: 10712,10908,10909
7872: 7754,7871,7873,7755,7988,7989
9486: 9595,9487,9376,9485
6712: 6593,6594,6713,6831
8187: 
10392: 10393,10289,10391,10493
8186: 8301,8069,8070,8302
6561: 6562,6442,6443,6560
7418: 7299,7417,7419,7535,7536
8753: 8867,8754,8639,8752
11528: 11442
11185: 11186,11276,11277
10310: 10309,10412,10206,10311,10413
13170: 11036
10293: 10294,10396,10189,10292
1131: 1049
8541: 8427,8542,8426,8540,8655,8656
1133: 1218,1051
8888: 8889,9001,8774,8775,8887,9000
8309: 8194,8310,8193,8424,8425
10507: 10506,10608,10406,10405,10508
1137: 
1138: 
6124: 6125,6123,6005,6243
10316: 10317,10419,10315,10418
9636: 9745
1142: 
8221: 8336,8337,8220,8222
9803: 9695,9911,9804
1145: 
1146: 13193,1147,1317
1147: 1232,13171,1146
6952: 6834,6953,6833,7070
6933: 7051,7052,6815,6932,6934
1150: 
1151: 1236
1152: 13168
1153: 
7987: 7871,7870,8103,7988,8104
1155: 
1156: 1240,1157
1157: 1075,1156
8937: 8938,9050
1159: 1160,1243
1160: 1159
9375: 9264,13192,9485,13046
1162: 
10995: 10900,10901,11088
13203: 1041,960
1165: 
1166: 1083,1167
1167: 1166
1168: 
12364: 13081
9796: 9688,9797,9795,9687,9904
9552: 9443,9553,9661
7177: 7058,7059,7178,7176,7295,7296
11191: 11099,11192,11190,11098,11283
9032: 8919,9031,9144,9033
1175: 
8683: 8682,8796,8797,8568,8569,8684
1177: 
6514: 
10900: 10901,10995,10802,10803
6688: 6570,6689,6569,6687,6806,6807
8632: 8633
10124: 10123,10228,10018,10229,10125
12300: 13081,12233
7057: 7056,7175,7176,6939,7058
10131: 10130,10235
8696: 8697,8582,8810
8109: 7992,8108,8225,7993,8226,8110
12944: 8270
9985: 9879,9986,9984,10090,10091
7624: 7506,7507,7625,7623,7741,7742
10509: 10508,10609,13169,10408
11262: 
8589: 8588,8475,8704
8071: 
10185: 10080,10081,10184,10288,10289
9120: 9121,9232,9007,9008,9119,9231
12209: 
9342: 9232,9343,9341,9231,9451,9452
6466: 6347,6348,6467,6465,6584,6585
8203: 8087,8204,8318,8319
6111: 6110,6229,6230,5993,6112
12538: 
11072: 10979
10288: 10289,10390,10391,10185,10184
11184: 
8566: 8452,8567,8451,8565,8680
9010: 8897,8898,9009,9011,9122,9123
13201: 2486,2384,2485
8330: 8214,8329,8215,8331,8445,8446
10725: 10823,10625,10626,10726
1211: 12973
10425: 10322,10424,10426,10323,10526
7406: 7287,7405,7288,7407,7523,7524
6820: 6938,6702,6701,6819
11092: 
13035: 
9326: 9436,9327,9215,9216,9435
1218: 1133
1219: 
9345: 9234,9344,9235,9454,9455
12152: 
6499: 
8873: 8759,8872,8985,8986
1224: 
7736: 7854,7853,7737,7619,7618,7735
6800: 6919,6681,6799,6918
9766: 9657,9658,9873
7361: 7242,7243,7362,7478,7479
1229: 1315
1230: 
10299: 10195,10196,10298
1232: 1147
10536: 
6772: 6771,6890,6891,6654,6653,6773
6351: 6469,6470,6232,6233,6352
1236: 13168,1151,1411
1237: 
1238: 1325
9439: 9440,9330,9548,9438,9329,9549
1240: 1156
7385: 7267,7386,7384,7266,7502,7503
6656: 6537,6655,6657,6775
1243: 1159
8372: 8256
10095: 10199,9989
9057: 
8337: 8221,8336,8222,8338,8452,8453
7151: 7032,7150,7033,7152,7269,7270
1249: 1336
7480: 7598,7597,7362,7479
13082: 
7901: 7783
1253: 
1254: 
9258: 9368,9257,9146,9147,9259
11630: 11713,11544
9169: 
6828: 6709,6710,6827,6946
6371: 6253,6372
7434: 
9348: 9457,9458,9347,9237,9238,9349
6659: 6658,6541,6660,6778
10379: 10277,12943,10276
1264: 
7040: 7041,7159,7158,6922,6921,7039
7838: 7720,7721,7837,7839,7954,7955
6837: 6838,6956,6718,6955,6836
7304: 7423,7303,7422
9128: 9127,9239,9240,9015,9129
10485: 10586,10383,10486
10323: 10324,10426,10219,10220,10322,10425
9098: 8985,9097,9099,8986
10305: 10304,10202,13169
9689: 9690,9798,9580,9581,9688,9797
11261: 11170,11351
9132: 9243,9131,9019,9020,9133,9244
9254: 9364,9253,9142,9365,9255,9143
7153: 7034,7152,7035,7154,7271,7272
10110: 10111,10215,10005,10004
6173: 6055,6291,6292,6174
9838: 
7176: 7057,7175,7058,7177,7294,7295
7636: 7519,7637,7518,7635,7754,7753
8897: 9010,8898,8783,8896,9009
13067: 
8403: 8402,8517
10523: 10319,10421,10624,10524
10334: 10335,10231
7417: 7299,7418,7298,7416,7534,7535
10611: 10510,10612
1291: 
9259: 9148,9260,9258,9370,9369
8597: 
6540: 6658,6539,6421,6422
9431: 9430,9540,9432,9541
8816: 8929,8930,8815
6441: 6322,6323,6440,6442,6560
8993: 
10013: 10119,10014
10228: 10123,10227,10124,10229,10331,10332
9223: 9334,9333,9224,9111,9112,9222
8802: 8688,8915,8801,8689,8803
8690: 8803,8804,8691,8689,8576
10190: 10085,10189,10294
6578: 6579,6698,6696,6697
1306: 1394,1395
7967: 8084,8083,7850,7851,7966,7968
1308: 1397,1396
7031: 7032,7150,6912,6913,7030,7149
7541: 7540,7658,7423
7505: 7504,7622,7623,7387,7388,7506
1312: 1401
8070: 7954,7953,8069,8186
7666: 7667,7548,7665,7783
1315: 13175,1229
7263: 7264,7382,7145,7381
1317: 1146,1406,13027
6955: 6836,6837,6956,7073
9634: 9633
8099: 7982,7983,8100,8098,8215,8216
7510: 7511,7627,7628,7392,7393,7509
6847: 
1323: 
8408: 8407,8292,8409
1325: 1413,1238
7309: 7308,7427,7191,7310
7254: 7255,7373,7136,7135,7253
1328: 1416
9977: 9870,9976,10082
7049: 7050,7168,6930,6931,7048,7167
13157: 
6079: 6078,5960,6080,6197,6198
11786: 
9920: 10026
9463: 9462,9353,9354,9464,9573
1336: 1337,1424,1249
1337: 1336
7964: 7848,7965,7847,7963
1339: 
6331: 6212,6213,6330,6449
6896: 6895,6778,6897,7014,7015
9869: 9868,9761,9762,9870,9976
10327: 10326,10429
1344: 1433,1431
13043: 
1346: 
7842: 7841,7958
7644: 7526,7645,7527,7761,7762
7870: 7869,7987,7986
6296: 6415,6177
8769: 8656,8770,8655,8768,8882,8883
8571: 8686,8572,8456,8457
6923: 6805,6924,6804,6922,7041,7042
7830: 7947
6576: 6575,6694,6695,6457,6458,6577
10311: 10312,10414,10413,10208,10310
10821: 10722,10723,10820,10918,10919
1358: 
9131: 9243,9132,9242,9019,9018,9130
9262: 9372,9261,9150,9373
7986: 8103,8102,7870,7869,7985
10335: 10334,10437,10438,10231
9969: 9970,9968,10075
11547: 
1365: 
9897: 10003,9789,9790
9249: 9137,9248,9359,9138,9250,9360
7165: 7046,7164,7047,7166,7283,7284
10280: 10279,10281,10383
10140: 10035
8418: 8419,8532,8533,8302,8303
8996: 8995,9109,8884,8883,8997
11472: 
9050: 8937,9162
9142: 9253,9254,9141,9029,9030,9143
7757: 7758,7875,7639,7640,7874,7756
10609: 10508,10509,10608,10708,10709
13154: 
10407: 
6190: 6071,6072,6189,6191,6308,6309
6660: 6541,6542,6659,6661,6778,6779
6145: 
7592: 7474,7475,7593
9550: 
7020: 7019,7138,6901,6902,7021,7139
11166: 
9107: 9218,8994,8995,9219
1388: 1389,1477
1389: 1388
9228: 9229,9339,9116,9338
10077: 10076,10181,9971
1392: 
9564: 9454,9563,9455,9672
1394: 1306,1395
1395: 1306,1394
1396: 1308,1397
1397: 1308,1396
7069: 7070,7187,7188,7068
8429: 8544,8543,8430,8314,8313,8428
6326: 6445,6444,6327,6208,6207,6325
1401: 1312,1491,1490
1402: 
1403: 
6910: 6791,7028,6673,6911,6792
8920: 
1406: 1495,1317,13027
7066: 
13197: 3237,3238,3347,3239
1409: 1498,1499
1410: 1411
1411: 1501,1236,1410
11176: 11083,11084
1413: 1325,1503
8077: 7961,7960,8076,8193,8194
6586: 6587,6705,6467,6349,6468
1416: 1328,1506
10819: 10720,10721,10820,10917
11592: 
6419: 6301,6420,6300,6538
13006: 1661,1477
6324: 6325,6442,6443,6206,6205,6323
1422: 1512,1511
8877: 8764,8763,8876,8989,8990
1424: 1336
9332: 9222,9221,9333,9441,9442
7273: 7272,7391,7392,7154,7155,7274
7526: 7644,7643,7409,7527
1428: 1516,1429
1429: 1430,1428
1430: 1429
1431: 1344
10202: 10306,10203,10097,10305
1433: 1344,1434
1434: 1433
1435: 1436,1525
1436: 1435,1525
9685: 9684,9576,9577,9686
11434: 
9214: 9215
6658: 6540,6659
7249: 
10709: 10708,10807,10609
10416: 10313,10314,10417,10518
9037: 9150,8924
6792: 6793,6673,6674,6910
7032: 7031,7150,7151,6913,6914,7033
9468: 9469,9577,9359,9467
8731: 
10893: 10795,10988
6438: 6319,6437,6320,6439,6556,6557
7513: 7514,7631,7395,7396,7512,7630
9445: 9554,9446,9335,9336,9444
9720: 9829,9828
11277: 11278,11368,11185,11186,11187
7972: 8088,8089,7971,7855,7856,7973
7288: 7289,7407,7169,7170,7287,7406
9769: 9661
12192: 
7029: 7147,7028,6911,7030,7148
9122: 9234,9123,9009,9010,9121,9233
9328: 9438,9329,9218,9217,9327
6344: 6462,6463,6225,6226,6343,6345
8672: 8558,8557,8671,8673,8786,8785
6243: 6361,6362,6124,6125,6244
7650: 7533,7651,7532,7649,7767,7768
10723: 10722,10821,10623
8083: 8084,7967,8082,7966,8199,8200
8207: 8090,8091,8206,8208,8323,8322
12921: 4862
10682: 
9687: 9686,9795,9579,9688,9796
6887: 6768,6769,6888,7005
7612: 7494,7611,7613,7495,7729,7730
12433: 12371
7882: 7764,7765,7883,7881,7998,7999
9706: 
1477: 1388,13006
6292: 6411,6410,6174,6173,6291
6707: 6588,6706,6708,6589,6825,6826
1480: 
10979: 11072,10885
12359: 13161
7984: 7985,8101,7867,7868,7983,8100
9592: 9700,9591,9483,9593
6187: 6068,6186,6069,6188,6305,6306
1486: 
8120: 8004,8121,8003,8119,8236,8237
7768: 7769,7886,7885,7651,7650,7767
1489: 1580,1490
1490: 1401,1491,1489,1580
1491: 1401,1490
6195: 6313,6314,6196,6194,6076,6077
7130: 7011,7129,7248
1494: 1495,1584,13155
1495: 1406,1494,13155,1586,1496
1496: 1586,1495,1497
1497: 1588,1498,1496
1498: 1588,1497,1409,1499
1499: 1590,1409,1498
1500: 
1501: 1411,1591
7061: 6942,6943,7062
1503: 1593,1413
13151: 8953
7765: 7764,7882,7883,7647,7648,7766
1506: 1597,1416,1596
8871: 8757,8870,8758,8872,8984
1508: 1598
8199: 8314,8198,8082,8083,8200,8315
1510: 1511,1601
1511: 1510,1422,1512,1601,1602
1512: 1422,1511,1602
9586: 9695,9587
6797: 6796,6915,6916,6678,6679,6798
7531: 7532,7649,7413,7414,7530,7648
1516: 1428
1517: 
7962: 7961,7845,7846,8079
7897: 7779,7896,8013
1520: 
6897: 6778,6779,6896,6898,7015,7016
7503: 7620,7621,7385,7386,7502,7504
8318: 8319,8203,8202
1524: 
1525: 1616,1435,1436
6948: 
6725: 6607,12904,6843,6844
6085: 6086,6204,5967,5966,6084,6203
9035: 9147,8923,9034
10115: 10114,10219,10010,10116,10220
7854: 7736,7853,7737,7855,7970,7971
9885: 9884,9991,9778,9992
6568: 6569,6687,6686,6450
7674: 7675
1535: 
8958: 
1537: 1627
8679: 8564,8565,8680,8678,8792
9333: 9334,9223,9222,9332,9442,9443
6806: 6805,6924,6687,6688,6807,6925
10599: 10498,10598,10499,10699
1542: 1633
10130: 10235,10131
8673: 8559,8674,8558,8672,8786,8787
8299: 8184,8298,8300,8414
7649: 7531,7532,7648,7650,7766,7767
10324: 10426,10323,10220,10221,10325
13007: 
12870: 
13009: 12013
10099: 10100,9994,10098
10318: 10421,10215,10317
12732: 
6879: 
8364: 8363,8365
7975: 7976,8092,7858,7859,7974,8091
8088: 7972,8089,7971,8204,8205,8087
1558: 
12966: 1577,1670,1669
1560: 
10298: 10297,10400,10194,10195,10299
9215: 9214,9104,9216,9326
10712: 10613,10612,10811
1564: 
9787: 9679,9788,9678,9786,9894,9895
1566: 1658
6857: 
13177: 2955,3063,3062
6845: 6844,6607
7651: 7533,7534,7650,7652,7768,7769
12806: 
13037: 
8076: 7959,7960,8075,8077,8192,8193
9137: 9136,9248,9249,9025,9024,9138
1575: 1669,1668
9459: 9460,9569,9350,9349,9568,9458
1577: 1670,12966
1578: 
8747: 8633
1580: 1489,1490,1673
1581: 
10220: 10116,10221,10219,10115,10324,10323
8241: 8124,8240,8356,8357
1584: 1585,13155,1494
1585: 1584,13155,1677
1586: 1496,1495,13155,1679
1587: 
1588: 1497,1498,1680,1681
6698: 6579,6578,6580,6699,6697
1590: 1499,1683
1591: 1684,1501
8526: 8525
1593: 1503,1685
1594: 1687
1595: 1596,1687
1596: 1595,1597,1506
1597: 1598,1506,1690,1596
1598: 1597,1690,1508
10529: 10630,10428
9346: 9455,9456,9347
1601: 1511,1510,1602
1602: 1511,1512,1601
6291: 6172,6173,6292,6410
1604: 1697
6782: 6783,6900,6901,6664,6663,6781
7409: 7290,7410,7291,7526,7527
9270: 
1608: 13153
11941: 
1610: 1703
1611: 
11067: 
1613: 1614
1614: 1613,13110
12028: 
1616: 1525,13110,1709
6241: 6123,6240,6359
8659: 8660,8773,8544,8545,8772,8658
13178: 12108
13183: 6125,6126
9343: 9232,9342,9233,9344,9452,9453
13181: 8946
1623: 1624
1624: 1623
10691: 10692,10790
11203: 
1627: 1537
13030: 5193
10802: 10703,10704,10803,10900
6664: 6545,6663,6546,6665,6782,6783
9570: 9461,9571,9460,9569,9678,9679
9989: 9882,9883,9988,10095
1633: 1542
8302: 8303,8186,8301,8418
8303: 8188,8302,8304,8418,8419
8462: 8576,8346,8461,8463,8577
6294: 6412,6413,6176,6175
6635: 13164
10428: 10325,10326,10429,10529
12043: 12044,12906
9148: 9259,9260,9147
10587: 10487,10589,10486,10586,10686
9082: 
10837: 10738
6176: 6294,6057,6175,6177
10289: 10288,10391,10185,10392
7638: 7639,7521,7520,7637,7756,7755
6840: 
6323: 6322,6441,6204,6205,6324,6442
9257: 9367,9368,9258,9146,9256
6298: 6417,6299
6928: 6809,6927,6810,6929,7046,7047
6105: 6224,6223,5987,5986,6104,6106
7545: 7427,7544
8639: 8753,8524,8525,8752
7039: 7157,7038,6920,6921,7040,7158
7052: 7170,6933,7053,7171,6934
1658: 1566,1753
1659: 
8127: 8011,8128,8010,8243
1661: 13006,1755
7001: 7000
1663: 
8227: 8226,8110,8111,8342,8228
6330: 6329,6448,6449,6211,6212,6331
11022: 10927,10928,11021,11115
7479: 7478,7361,7362,7480,7597
1668: 1763,1575,1669,1762
1669: 1575,12966,1668
1670: 1577,12966
6221: 6102,6220,6103,6222,6339,6340
8762: 8649,8763,8876,8648,8761
1673: 1580,1767
6080: 6081,5962,6079,6199,6198
10114: 10219,10218,10115,10008,10113
9547: 9548,9438,9546,9655,9656
1677: 1772,1867,1585,1866
6533: 6652,6415,6532
1679: 1680,1586
1680: 1679,1588,1775,1681
1681: 1775,1776,1588,1680
13110: 1616,1614,1707
1683: 1777,1778,1590
1684: 1591,1685
1685: 1684,1593
8901: 8900,8787,8788,9013,8902
1687: 1594,1595,1782
13100: 3460,3461,3573,3682
8350: 8466,8351,8234,8349,8465
1690: 1597,1598,1784
9665: 9664,9557,9774,9556,9666
13120: 10349,10452
1693: 
7536: 7535,7653,7418,7419,7537,7654
1695: 
1696: 
1697: 1604,1698
1698: 1697
7629: 7512,7511,7628,7746
7639: 7521,7638,7522,7640,7756,7757
13055: 11872
8688: 8801,8802,8573,8574,8689,8687
1703: 1797,1610
6465: 6346,6464,6347,6466,6583,6584
7497: 7498,7615,7379,7380,7614,7496
10026: 9920
1707: 13110,1801
7028: 6791,6910,6909,7029
1709: 1804,1616
12848: 
6091: 6209,6210,5972,5973,6090,6092
7633: 7515,7632,7750,7751
6100: 5981,6099,5982,6101,6218,6219
9168: 9055
6339: 6338,6457,6458,6220,6221,6340
8228: 8229,8343,8344,8227,8112
9208: 
9908: 9907,10014,9909,10015,9801
9973: 9866,10079
8675: 8561,8676,8560,8674,8788,8789
7058: 7059,7177,6940,7057,7176,6939
8692: 8805,8578,8577,8691,8693
10059: 
7615: 7497,7498,7616,7614,7732
6087: 6088,6206,6205,5969,5968,6086
9696: 9697,9695,9587,9804
7192: 7073,7191,7310
6320: 6321,6439,6201,6202,6319,6438
11802: 11721
10636: 10637
6888: 6889,6770,6769,6887,7007
6709: 6590,6708,6591,6827,6828
8987: 9099,8986,8988
10184: 10080,10185,10079,10288
9700: 9592,9808,9591,9699
6343: 6342,6461,6224,6225,6344,6462
7486: 7487,7604,7368,7369
8132: 8131
6920: 6802,6801,6921,7039,7038
10705: 10704,10803,10804,10606,10605,10706
10093: 10092,10197
8790: 8903,8789,8676,8677,8904,8791
8111: 8112,7994,7995,8110,8227
6113: 6112,6231,6232
7241: 7359,7123,7242
7347: 
9535: 9426,9534,9536
9478: 9477,9369,9587
10519: 10619,10620,10417,10418,10518,10520
6440: 6321,6439,6322,6441,6558
1751: 
6543: 6544,6662,6661,6425,6542
1753: 1849,1658
9599: 9490,9598,9708
1755: 1661
7858: 7740,7857,7741,7859,7974,7975
6668: 6549,6667,6550,6669,6786,6787
9663: 9772,9662,9554,9555,9664
9175: 9063,9176,9062
6606: 
1761: 1762,1856
1762: 1761,1668,1763
1763: 1668,1762
8442: 8443,8557,8326,8327,8441,8556
7864: 7747,7865,7981,7980
1766: 1767,1862
1767: 1766,1862,1673,1863
8371: 8256
1769: 1865
7179: 7178,7297,7298
6649: 6531,6530,6767,6768
1772: 1677
9130: 9018,9242,9131
9925: 9817
1775: 1776,1681,1680
1776: 1775,1681,1777,1872
1777: 1872,1778,1683,1776
1778: 1777,1683
6721: 6839
8177: 8292,13152
1781: 
1782: 1878,1687
8012: 8011,8128,7895,7896,8013
1784: 1880,1879,1690
13147: 
10373: 10372
1787: 1788,1882
1788: 1787,1884,1789
1789: 1788,1884
1790: 
8005: 8004,8121,7888,7889,8006,8122
11107: 11200,11199,11013,13140
7187: 7069,7188,7068,7305,7306
8328: 8212,8327,8329,8213,8443,8444
6783: 6782,6901,6664,6665,6902
1796: 1797,1892
1797: 1796,1892,1703
9369: 9370,9368,9259,9478
1799: 1895,1894
7726: 7608,7609,7727
1801: 1896,1707
7665: 7547,7548,7666,7783
11609: 
1804: 1709,1899
9043: 9042,8930,8931
7855: 7738,7856,7854,7737,7972,7971
8295: 8296,8294
10116: 10220,10221,10010,10011,10115,10117
11454: 11453,11365,11455
10830: 10731,10829,10927,10928
7402: 7283,7401,7284,7403,7519,7520
6306: 6307,6425,6187,6188,6305
7635: 7517,7634,7636,7518,7753
10104: 10103,10208,9998,9999,10105,10209
1815: 
1816: 
10439: 10337,10438,10541
13011: 11965,12041,13127,11967
1819: 
9688: 9796,9797,9579,9580,9687,9689
1821: 
7178: 7059,7177,7179,7296,7297
9335: 9336,9225,9334,9224,9444,9445
11209: 11208,11300
10004: 10110,10005,9898,10109
8054: 
9679: 9787,9788,9571,9570,9678,9680
7277: 7278,7396,7158,7276,7395
13081: 13058,12300,12364
8008: 8007,8124,7892,7891,8009
8587: 8472,8588,8701
7296: 7295,7414,7415,7177,7178,7297
9324: 
1834: 1931
8946: 13181
8510: 8625
8213: 8214,8329,8096,8097,8212,8328
6454: 6335,6453,6336,6455,6572,6573
6697: 6816,6698,6578,6815,6696
8270: 12944
6908: 6789,6790,6909,6907,7026,7027
9317: 9207,9426
1843: 1844
1844: 1843
1845: 
11567: 11480,11652
1847: 
6194: 6075,6193,6076,6312,6313,6195
1849: 1753,1946
9347: 9457,9348,9237,9456,9346
10304: 10305,10406
7294: 7293,7412,7413,7175,7176,7295
9427: 
7128: 7009,7127,7010,7129,7246
9237: 9126,9238,9347,9348
1856: 1761,1952
8875: 
7116: 13034,7115
8773: 8659,8660,8774,8772,8886,8887
11136: 11228
1861: 
1862: 1766,1767,1863,1958,1959
1863: 1767,1862,1864,1959
1864: 1863,1865,1961
1865: 1769,1866,1864,1961
1866: 1865,1677,1867
1867: 1677,1866
6199: 6317,6436,6198,6080,6081,6318
1869: 1965,13191
6885: 6767,6884
9699: 9698,9807,9700,9808,9591
1872: 1777,1776,1968
8301: 8300,8186,8302,8416
1874: 1971,1875
1875: 1971,1874,1876
1876: 1875,1973
8217: 8218,8333,8100,8101,8216,8332
1878: 1782,1879,1974,1975
1879: 1784,1880,1878,1975,1976
1880: 1784,1879,1976,13199
1881: 1882,13199
1882: 1881,1787,1979
7268: 7269,7387,7149,7150,7267,7386
1884: 1788,1789,1980,1981
6838: 6837,6956
1886: 1887,1982,1983
1887: 1886,1983
1888: 
1889: 1985,1984
8812: 8813,8699,8811,8926
9221: 9222,9332,9109,9110,9220
1892: 1796,1797
10557: 10657
1894: 1799,1895,1990,1991
1895: 1799,1894,1896,1991
1896: 1801,1895
8251: 
1898: 1994,1899
1899: 1804,1898
9238: 9126,9237,9127,9239,9348,9349
6695: 6576,6694,6577,6813,6814
1902: 
7078: 7077
10085: 10190,9980,10084,10189
9788: 9679,9787,9789,9680,9895
1906: 
11372: 11281,11371
1908: 
8895: 8896,9008,8781,8782,8894,9007
8320: 8321,8204,8205,8319
9907: 9908,10014
10196: 10091,10195,10092,10299,10197
10082: 10187,9976,9977,10081
11475: 11474
13091: 9865,9756,9757
9566: 9675,9567,9456,9457,9565
8431: 8546,8545,8316,8315,8430,8432
9836: 
13169: 10306,10305,10509,10408
6809: 6927,6928,6808,6690,6691,6810
11253: 11162,11254
9778: 9670,9779,9669,9885
7341: 
8514: 
10686: 13050,10586,10587,10785
10430: 10328,10431,10531
10204: 10307,10308,10098,10203
8801: 8688,8915,8802,8914,8687,9027
9125: 9013,9012,9126
1930: 
1931: 1834
6894: 6775,6893
6590: 6709,6708,6589,6471
10301: 10404,10197,10302
11885: 12038
10396: 10293,10497,10498
7504: 7505,7622,7386,7387,7503,7621
1938: 
8191: 8307,8306,8075,8074,8192
7428: 
9360: 9250,9249,9359,9469,9470
9986: 9879,9985,9880,9987,10091,10092
11114: 11113,11206,11021,11115
10621: 10520,10620,10720,10721
7118: 7000,7117,7236
1946: 2043,1849,1947
1947: 1946
6095: 6094,6213,6214,5976,5977,6096
6107: 6225,6226,6106,5988,5989,6108
8441: 8556,8440,8326,8442
1951: 1952
1952: 1951,2050,1856
8685: 8684,8798,8799,8686
6458: 6339,6457,6340,6576,6577
1955: 2052
1956: 
1957: 
1958: 13142,2055,1862,1959
1959: 1862,1863,1958,13142
12914: 
1961: 2059,1865,1864
6537: 6536,6655,6656,6418
13191: 1966,1869,1965
7292: 7410,7411,7291,7173,7174,7293
1965: 1869,13191
1966: 13191,1967,2064
1967: 1968,2064,2065,1966
1968: 1967,2065,1872
6101: 6102,6220,5983,6100,5982,6219
1970: 
1971: 1875,1874,2068
1972: 
1973: 2071,1876,1974
1974: 2072,1878,1973,2071
1975: 2072,1878,1879,1976
1976: 2074,1880,1879,1975,1977
1977: 13199,1976,2074
7866: 7748,7749,7867,7865,7982,7983
1979: 1980,1882
1980: 1979,2078,1884,1981
1981: 1982,2079,1884,1980,2078
1982: 1981,2079,2080,1886,1983
1983: 2081,1886,1887,1982,2080
1984: 1985,2082,1889
1985: 1984,2082,1889
7853: 7736,7854,7735,7970
1987: 2086
6506: 
7947: 8063,8064,7830
1990: 1991,1894,2087
1991: 1990,2089,1895,1894
6115: 6234,5996,5997,6114,6233
7327: 
1994: 1898
1995: 
1996: 
1997: 
9638: 9746,9529
8998: 9110,8997,8885,8886,8999,9111
2000: 2097
7170: 7051,7052,7169,7288,7289
8798: 8684,8685,8799,8797,8912
8240: 8124,8241,8123,8355,8239,8356
11310: 
8229: 8228,8344,8112,8113,8345
10598: 10497,10498,10599,10597
6082: 6200,6201,5963,5964,6083
2008: 2106
9011: 9010,8898,9123,9124
9693: 9584,9801
11088: 10995,11180
2012: 
7293: 7294,7412,7174,7175,7292,7411
6585: 6584,6703,6466,6467
10395: 
7368: 7369,7250,7486
10417: 10315,10418,10314,10416,10518,10519
6480: 6361,6362,6481,6479,6599
8220: 8221,8336,8335
2020: 
8056: 7940,8172,13180
8980: 8867
8305: 8189,8304,8306,8420,8421
7896: 7779,7897,7895,8012,8013
10923: 10924,11018,10825,10826,10922
7121: 7003,7239,7240
9674: 
11300: 11209,11208,11391
8110: 7993,8226,8227,7994,8109,8111
6544: 6543,6662,6426,6545,6663
8678: 8563,8677,8564,8679,8791,8792
9119: 9230,9231,9118,9006,9007,9120
7390: 7271,7389,7272,7391,7507,7508
9784: 9675,9676,9783,9785,9891,9892
10012: 
8064: 7947,8063,8181
6141: 13196
8197: 8196,8312,8080,8198,8313
2039: 
6696: 6814,6815,6578,6697
6468: 6349,6231,6469,6586,6587
10399: 10297,10400,10296
2043: 1946
10263: 10159
9159: 9160
11656: 
2047: 
9934: 
10075: 9968,9969,10178
2050: 1952,2149,2051,13094
2051: 2149,2050,2052
2052: 1955,2051,2151
9127: 9128,9239,9014,9015,9126,9238
7077: 7195,6959,7078
2055: 1958,13142,2056
2056: 13142,2055
2057: 2156,13142
8912: 9025,9024,8798,8799,8913
2059: 1961,2060
2060: 2059,2061
2061: 2060
9337: 9338,9227,9446
2063: 
2064: 1967,2065,1966,2162
2065: 1967,1968,2064,2164
6805: 6806,6924,6923,6687,6686,6804
2067: 2165,2068
2068: 1971,2067
2069: 
13186: 13194
2071: 1973,1974,2072
2072: 1974,1975,2071
8212: 8328,8327,8211,8096,8095,8213
2074: 1976,1977,2172
6813: 6812,6931,6694,6695,6814,6932
6823: 6942,6941,6822
6901: 6782,6783,6900,6902,7019,7020
2078: 1980,1981,2079,2176,2177
2079: 1981,1982,2080,2078,2177,2178
2080: 1982,2079,1983,2081,2178,2179
2081: 1983,2080,2179,2180
2082: 1985,1984,2180
7391: 7272,7273,7392,7390,7508,7509
8794: 8681,8795,8793,8907,8908
6759: 6878,6640,6760
2086: 2087,1987
2087: 2086,1990
13015: 269
2089: 1991,2090,2187,2188
2090: 2089,2188,2189,2288
10619: 10519,10620,10618,10518,10718
7756: 7874,7873,7755,7639,7638,7757
7627: 7510,7628,7509,7626,7744,7745
7284: 7285,7403,7165,7166,7283,7402
2095: 
2096: 
2097: 2000
7171: 7053,7172,7052,7289,7290
2099: 2197,2198
8786: 8899,8785,8672,8673,8900,8787
6715: 6716,6833,6834
11278: 11368,11369,11277,11187
6407: 6406,6408,6526
9100: 
8000: 8001,8117,8116,7883,7884,7999
2106: 2204,2205,2008
7007: 7126,6889,6888,7008
7718: 7719,7835,7600,7602,7601,7717
8068: 8069,8067,8184
7862: 7745,7863,7744,7861,7978,7979
13117: 832
2112: 
9003: 8890,9004,8891,9116
8492: 
9982: 9875,9983,10088
13158: 4956,4957,5074
6422: 6303,6421,6304,6423,6540
6790: 6789,6908,6909,6671,6672,6791
9671: 9672,9780,9562,9563,9670,9779
7275: 7393,7276,7394
11616: 
8002: 8003,8118,8119,7886,7885,8001
9253: 9364,9254,9142,9141,9363,9252
10738: 10837,13104
8652: 8538,8537,8765,8651,8766
6421: 6303,6422,6420,6302,6540,6539
8595: 8481
8991: 9103,8990,8879,8992,9104
8677: 8563,8678,8562,8676,8790,8791
7786: 
7259: 7260,7378,7140,7141,7258,7377
6304: 6305,6423,6185,6186,6303,6422
12427: 
7251: 7369,7250,7132,7133,7252,7370
11543: 11544
2136: 
6666: 6547,6665,6548,6667,6785
13171: 13193,1147
2139: 13109
10022: 10021,10023,10127
8353: 8237,8352,8238,8468
2142: 
7738: 7855,7856,7620,7621,7737,7739
8329: 8214,8330,8213,8328,8445,8444
6359: 6358,6240,6241
7696: 
6099: 5981,6100,6098,5980,6217,6218
6938: 6820,6818,6819,6937
2149: 2051,13094,2050
7934: 
2151: 2251,2250,2052
7188: 7069,7070,7187,7189,7306,7307
13090: 
9936: 
6218: 6336,6337,6219,6100,6099,6217
2156: 2256,2255,2057
2157: 
2158: 
2159: 2160,2259,2258
2160: 2159,2259
2161: 
2162: 2261,2064,2262
2163: 
2164: 2065,2165,2264
2165: 2264,2067,2164
2166: 
6366: 6484,6247,6367
2168: 
13182: 4769,4885,4768,4652,4884,4767
10222: 10117,10221,10325,10326
2171: 2172,2270
2172: 2074,2171
6225: 6107,6226,6106,6224,6343,6344
2174: 2273,2274,2175
2175: 2176,2275,2174,2274
2176: 2175,2275,2276,2078,2177
2177: 2178,2277,2078,2079,2176,2276
2178: 2177,2277,2079,2080,2179
2179: 2180,2279,2080,2081,2178
2180: 2179,2279,2081,2082
6545: 6664,6663,6546,6544
2182: 
2183: 
2184: 2283
9898: 9899,9790,10005,10004
13140: 10918,10919,11107,11013
2187: 2286,2089,2188
2188: 2288,2089,2090,2187
2189: 2288,2090,2190
2190: 2289,2189
12266: 
7285: 7284,7403,7404,7166,7167,7286
2193: 2292
7991: 7992,8108,7874,7875,8107,7990
6787: 6788,6906,6668,6669,6786,6905
2196: 
2197: 2198,2099
2198: 2197,2099
6843: 6725,6842,6844
6096: 6097,6215,5977,5978,6095,6214
7149: 7030,7148,7031,7150,7267,7268
6310: 6191,6192,6309
7894: 7777,7895,7776,7893,8010,8011
2204: 2205,2106,2303
2205: 2204,2106
10433: 10331,10434,10330,10432,10534
9880: 9881,9987,9772,9879,9986
2208: 
7860: 7742,7859,7743,7861,7976,7977
7059: 7058,7177,7178,6940,6941
9044: 8931,8932,9045
6404: 6285,6405,13047
6104: 5985,5867,5986,6105,6223
6083: 6084,6202,5964,5965,6082,6201
9817: 9708,9925
8671: 8557,8672,8556,8784,8785
6445: 6326,6444,6327,6446,6563,6564
7475: 7474,7592,7358,7593
6216: 6335,6217,6098,6334
10235: 10130,10131
8995: 8996,8883,8994,8882,9107
9771: 
9790: 9898,9681,9791,9897
9529: 9420,9530,9419,9638
9963: 9962
11703: 
10803: 10704,10705,10804,10802,10900,10901
9807: 9698,9699,9808
8654: 8655,8767,8768,8540,8653
8856: 8857
7067: 7068,6949
8555: 8554,8669,8670
7030: 7148,7149,6911,6912,7029,7031
2234: 
9371: 9480,9260,9372,9261,9370
2236: 2237
2237: 13109,2236
8799: 8685,8798,8800,8912,8913
6592: 6591,6710,6473,6474,6593
13152: 8177,8292
9227: 9337,9338,9115
12919: 
6939: 7057,7058,6940
8125: 
2245: 2346
6892: 6773,6893,6891,7010,7011
2247: 2348
7388: 7269,7387,7270,7389,7505,7506
9542: 9432,9541,9543
2250: 2251,2151
2251: 2151,2250,2252,2352
2252: 2251,2352
2253: 2354
6826: 6827,6945,6707,6708,6825,6944
2255: 2156,2256,2355
2256: 2156,2255,2257
2257: 2258,2256,2358
2258: 2257,2159,2259,2358,2359
2259: 2159,2160,2258,2359,2360
2260: 
2261: 2162
2262: 2162
6804: 6803,6922,6685,6686,6805,6923
2264: 2165,2164,2365,2364
13160: 11123
2266: 2366,2367,2267
2267: 2367,2266,2368,2268
2268: 2368,2269,2267
2269: 2268,2370,2270
2270: 2370,2371,2171,2269
11272: 11180,11271,11362
2272: 2372
2273: 2174,2274
2274: 2174,2273,2175,2275
2275: 2175,2176,2276,2274
2276: 2176,2275,2177,2277
2277: 2177,2178,2276
2278: 
2279: 2179,2180,2379
8988: 8989,9101,8876,8987
7152: 7033,7034,7153,7151,7270,7271
2282: 2383,2283,2382
2283: 2383,2282,2184,2384
6165: 6284
10616: 10617,10715
2286: 2187,2386,2387
6716: 6715,6717,6834,6835
2288: 2188,2189,2090,13167,13131
2289: 2190,13167,2290,2390,2391
2290: 2289,2391,2291
2291: 2292,2290,2391
2292: 2193,2291,12951
7750: 7868,7632,7633,7749,7867
2294: 
8424: 8423,8538,8309,8425
7993: 8110,7876,7877,7994,7992,8109
7494: 7611,7612,7376,7377,7493,7495
6890: 6771,6772,6891,6889,7008,7009
8814: 8700,8701,8815,8813,8927,8928
11888: 
9873: 9980,9766,9872
2302: 2303,13198
2303: 2302,2204,13198
2304: 
9534: 9535,9533
10702: 10703,10603,10800
9135: 9134,9246,9247,9022,9023,9136
11162: 11069,11070,11163,11253
10217: 10112,10113,10216,10218,10320,10321
11979: 
8787: 8900,8788,8901,8674,8673,8786
9465: 9464,9574,9355,9466,9575,9356
8650: 8649,8763,8651,8764
11872: 13055
2315: 
10050: 
9022: 8909,8910,9023,9021,9134,9135
6177: 6178,6058,6176,6296
9339: 9228,9229,9340,9449
11967: 12906,13127,13011
8550: 8436,8551,8549,8665,8664
2322: 
12041: 11965,13011,12114
7512: 7629,7630,7394,7395,7513
7846: 7847,7845,7962,7963
8471: 8472,8470
11019: 10924,11018,11112,11113
8584: 8698,8470,8583
7640: 7522,7523,7641,7639,7757,7758
8340: 8455,8456,8341,8225,8224,8339
7603: 7720,7721
7654: 7655,7537,7653,7536,7772
2333: 
6309: 6308,6190,6191,6310
8446: 8447,8561,8330,8331,8445,8560
6425: 6306,6426,6424,6543
7230: 7349,7231
6121: 
2339: 
7267: 7385,7386,7148,7149,7266,7268
2341: 2443
10918: 10919,13140,10820,10821,10917
6521: 13047,6640
8096: 8095,8097,7980,8212,8213
13099: 
2346: 2245
9110: 8998,8997,9109,9111,9222,9221
2348: 2449,2247,2349,2450
2349: 2450,2451,2348
8245: 8360,8361
8881: 8994,8882,8767,8768
2352: 2454,2251,2252,2453
2353: 
2354: 2355,2455,2456,2253
2355: 2354,2456,2255,2457
7065: 
8416: 8530,8300,8301
2358: 2459,2460,2257,2258,2359
2359: 2360,2258,2259,2358,2460
2360: 2359,2259,2361
2361: 2463,2360
6220: 6101,6102,6221,6219,6338,6339
6411: 6292,6410,6412,6530
2364: 2365,2466,2264
2365: 2466,2467,2364,2264,2366
2366: 2367,2468,2266,2365,2467
2367: 2366,2468,2469,2267,2266,2368
2368: 2268,2470,2367,2469,2267
6226: 6107,6225,6108,6227,6344,6345
2370: 2371,2472,2270,2471,2269
2371: 2370,2472,2270,2372
2372: 2272,2371
2373: 
2374: 
6833: 6832,6715,6834,6952
2376: 2477,2478,2377
2377: 2479,2376,2478
6768: 6769,6887,6649,6767
2379: 2380,2480,2279
2380: 2379,2481,2381,2482
2381: 2382,2482,2380
2382: 2381,2383,2484,2282
2383: 2484,2282,2283,2382,2384,2485
2384: 2385,2383,2283,2485,13201
2385: 2384,2486
2386: 2387,2286
2387: 2386,2286,2388
2388: 2389,2490,13131,2387
2389: 2388,2490,13131,13167,2390,2491
2390: 2491,2492,2391,2289,13167,2389
2391: 2390,2492,2289,2290,2291
2392: 
11212: 
2394: 12951,2395,2496
2395: 2497,2496,2394
6206: 6087,6088,6205,6207,6324,6325
2397: 2499
12056: 
9217: 9218,9216,9327,9328
13180: 8056,8172
2401: 2503
7732: 7733,7614,7615,7616,7849,7731
2403: 13198,12938
7148: 7030,7149,7029,7147,7266,7267
6710: 6591,6592,6828,6829
10833: 
8556: 8441,8557,8442,8671
12940: 2620
7240: 7358,7359,7121,7239
8563: 8448,8449,8677,8678,8562,8564
6781: 6780,6899,6662,6663,6782,6900
7868: 7750,7867,7869,7984,7985
9260: 9259,9148,9261,9370,9371
6596: 
7257: 7256,7375,7138,7139,7258,7376
10493: 10391,10392
10823: 10725,10724
10081: 10080,10185,9976,10082
2419: 
7370: 7252,7371,7251,7369,7487,7488
11268: 
7980: 7981,8097,7864,8096
7661: 7660,7779
11571: 
7875: 7757,7758,7876,7874,7991,7992
12618: 
7585: 7703
2428: 
6657: 6538,6656,6775
11440: 11526,11351
10017: 9911,10018,10016,10122,10123
10757: 10657
2433: 
9166: 9053
8551: 8436,8550,8552,8665,8666
2436: 2437,2538,2539
2437: 2436,2539
8676: 8561,8562,8675,8677,8790,8789
7641: 7523,7640,7524,7642,7758,7759
9045: 8933,8932,9044
8343: 8228,8344,8342,8458,8459
9069: 
2443: 2341,2545
8182: 8298,8297
2445: 2547,2548
13166: 949
8785: 8786,8899,8671,8672,8784
8533: 8418,8419,8532,8534,8647,8648
2449: 2348,2450,2551,2552
2450: 2349,2451,2449,2348,2552,2553
2451: 2349,2450,2452,2553,2554
2452: 2453,2451,2554
2453: 2452,2352,2454,2556
2454: 2352,2453,2556,2557
2455: 2354,2456,2557
2456: 2354,2355,2455,2457,2559
2457: 2458,2355,2456,2559,2560
2458: 2457,2459,2560,2561
2459: 2358,2460,2458,2562,2561
2460: 2358,2459,2359,2562
12855: 
2462: 
2463: 2361,2565
6417: 6416,6298,6418,6535,6536
6426: 6307,6425,6544
2466: 2365,2467,2364,2568,2569
2467: 2365,2466,2366,2468,2569,2570
2468: 2366,2367,2469,2467,2570,2571
2469: 2367,2468,2368,2470,2571,2572
2470: 2368,2471,2469,2572,2573
2471: 2470,2370,2472,2573,2574
2472: 2370,2371,2471,2574
6207: 6089,6208,6088,6206,6325,6326
2474: 
2475: 2578,2577
10886: 10981,10885
2477: 2376,2478,2579
2478: 2477,2376,2377,2479
2479: 2377,2478
2480: 2379,2481
2481: 2380,2480,2482,2583,2584
2482: 2381,2380,2481,2584,2585
7737: 7736,7854,7619,7620,7738,7855
2484: 2383,2382,2586,2485
2485: 2383,2484,2384,13201
2486: 2589,13201,2385
2487: 
8772: 8658,8771,8659,8773,8885,8886
9655: 9656,9764,9546,9547,9654,13165
2490: 2388,2389,2491,2592
2491: 2390,2492,2389,2490
2492: 2390,2491,2391,2595
6789: 6790,6908,6670,6671,6788,6907
2494: 12951
11098: 11190,11005,11099,11191
2496: 2395,2497,2394,2599
2497: 2395,2496,2599
8439: 8554,8440,8438
2499: 2397,2500
2500: 2499
2501: 
10015: 9909,10016,9908,10014,10120
2503: 2401,2606
7398: 7279,7280,7399,7516
7643: 7526,7525,7642,7760,7761
13126: 697,769
2507: 12938
8568: 8453,8569,8567,8682,8683
10229: 10125,10228,10124,10332
7036: 7035,7154,7155,6917,6918,7037
9153: 9041,9264
2512: 
10231: 10334,10335,13200,10127
10076: 10077,10181,9970,9971
10282: 10385,10283,10178,10281
6434: 6315,6316,6433,6435,6552,6553
6906: 6787,6788,6907,6905,7024,7025
6327: 6326,6445,6208,6209,6328,6446
10117: 10222,10011,10116,10221
10091: 10195,10196,9985,9986,10090,10092
10372: 10373
9584: 9474,9693
13069: 9961,10171
7436: 7317,7553
9284: 
10212: 10107,10211,10108,10213
7672: 
7386: 7267,7385,7268,7387,7503,7504
11922: 11997
9795: 9686,9687,9796
7721: 7720,7838,7603,7722,7839
6312: 6431,6430,6193,6194,6313
6556: 6674,6675,6555,6437,6438,6557
11085: 11178,10991,11084
10835: 10933
8767: 8654,8768,8880,8653,8881
12255: 12187
2538: 2539,13054,2436
2539: 2538,13054,2436,2437,2643
8576: 8462,8575,8577,8690,8691
8298: 8182,8297,8299,8413,8414
10344: 10241
2543: 
7908: 8024,8025
2545: 2649,2443
7000: 7118,7001
2547: 2548,2445,2650
2548: 2547,2445
10828: 10730,10829,10827,10926
11361: 
2551: 2552,2449
2552: 2551,2449,2450,2553
2553: 2450,2451,2552,2554
2554: 2658,2451,2452,2553
7027: 7026,7145,6908,6909
2556: 2557,2453,2454
2557: 2556,2454,2455
6575: 6576,6694,6456,6457,6693,6574
2559: 2456,2457,2560
2560: 2664,2457,2458,2559,2561
2561: 2562,2665,2458,2459,2560,2664
2562: 2665,2666,2561,2459,2460
13196: 6141
2564: 2668,2667,2565
2565: 2669,2463,2668,2564
7608: 7490,7491,7607,7609,7726
7164: 7046,7165,7045,7163,7283,7282
2568: 2671,2466,2569,2672
2569: 2672,2673,2466,2467,2568,2570
2570: 2571,2674,2467,2468,2569,2673
2571: 2570,2674,2468,2469,2572
2572: 2573,2676,2469,2470,2571
2573: 2572,2676,2677,2470,2471,2574
2574: 2678,2471,2472,2573,2677
7387: 7268,7269,7388,7386,7504,7505
2576: 2577,2680,2679
2577: 2576,2680,2578,2681,2475
2578: 2681,2682,2475,2577
2579: 2683,2477,2682
2580: 
7246: 7245,7365,7127,7128
6247: 6366
2583: 2584,2687,2481,13123
2584: 2583,2687,2481,2482,2585
2585: 2689,2586,2482,2584
2586: 2585,2689,2484,2690
6884: 6885,7003
10462: 
2589: 2486,2693
8538: 8423,8424,8652,8653
7876: 7758,7875,7759,7877,7992,7993
2592: 2696,2695,2490
7303: 7302,7421,7422,7184,7304
7481: 
2595: 2492,2698
10390: 10288,10391,10491
6681: 6680,6799,6800
6284: 6165,6285
2599: 2703,2702,2497,2496
6538: 6657,6420,6419,6539
6328: 6446,6447,6209,6210,6327,6329
10123: 10227,10228,10124,10017,10018,10122
7620: 7503,7621,7619,7502,7737,7738
8989: 9102,8988,9101,8876,8877,8990
2605: 
2606: 2503,2709
7845: 7844,7846,7961,7962
10011: 9904,10010,9905,10116,10117
8759: 8645,8873,8758,8872
9442: 9441,9332,9333,9443
7500: 7617,7382,7383,7501,7618
8758: 8645,8759,8872,8871,8644,8757
9755: 9756,9754
2614: 
11767: 
9365: 9366,9255,9364,9254,9474
9530: 9420,9529,9421
2618: 
9575: 9466,9576,9465,9574,9683,9684
2620: 12940
9895: 10001,10002,9787,9788,9894
8004: 8120,8121,8005,7887,7888,8003
13051: 2815,2921
7042: 7043,7161,7160,6924,6923,7041
10452: 13120,10349
2626: 
8695: 8580,8694,8808
7942: 8058,13207,7825,7826
7425: 
7016: 7015,7134,6897,6898,7017,7135
10986: 10987,10891,11080
12973: 1211
13106: 
2634: 
9146: 9033,9034,9147,9257,9258
6334: 6333,6452,6335,6453,6216
9676: 9675,9784,9567,9568,9677,9785
8557: 8443,8558,8442,8671,8672,8556
8847: 13194
2640: 
8867: 8753,8754,8980
6913: 6794,6795,6914,6912,7031,7032
2643: 2539,13054
11322: 
2645: 2750
13016: 9483,9373,9263
9261: 9372,9262,9260,9371
2648: 
2649: 2650,2545,2754
2650: 2649,2547,2754
9768: 
13198: 2403,2302,2303
6574: 6693,6692,6573,6455,6456,6575
8577: 8578,8463,8462,8576,8691,8692
2655: 
6205: 6087,6206,6086,6204,6323,6324
10891: 10986
2658: 2554,2762
6580: 6579,6698,6461,6462,6581,6699
8800: 8914,8687,8686,8799
6097: 6096,6215,5978,5979
2662: 2766,2767
2663: 
2664: 2560,2665,2561
2665: 2562,2666,2561,2664
2666: 2562,2665,2667,2771
2667: 2668,2564,2666,2771,2772
2668: 2564,2667,2565,2669,2772,2773
2669: 2565,2670,2668,2773,2774
2670: 2669,2774,2775
2671: 2568,2672,2775,2776
2672: 2569,2673,2568,2671,2776,2777
2673: 2569,2672,2570,2674,2777,2778
2674: 2570,2571,2673,2778,2779
6674: 6556,6675,6555,6792
2676: 2572,2573,2677,2780,2781
2677: 2573,2676,2574,2678,2781,2782
2678: 2574,2679,2677,2782,2783
2679: 2678,2576,2680,2783,2784
2680: 2576,2577,2679,2681,2784,2785
2681: 2578,2577,2680,2785
2682: 2578,2579,2683,2787
2683: 2579,2684,2682,2787,2788
2684: 2683,2685,2788
2685: 13123,2684,2790
2686: 2791,13123,2687,2790
2687: 2583,2584,2792,2686
2688: 
2689: 2585,2586,2793,2794
2690: 2691,2586,2794,2795
2691: 2690,2795,13041
10127: 13200,10022,10231
2693: 2589,2798
2694: 
2695: 2592,2696,2799,2800
2696: 2592,2695,2697,2801
2697: 2698,2696,2802
2698: 2697,2595
2699: 
8355: 8239,8470,8240,8356
2701: 2702,2806
2702: 2599,2703,2701,2806,2807
2703: 2599,2702,2807
7462: 
2705: 
6322: 6323,6441,6203,6204,6321,6440
2707: 2708
2708: 2709,2707
2709: 2708,2606
8021: 
8782: 8668,8669,8783,8781,8895,8896
2712: 2815
9543: 9652,9434,9542
7716: 7717,7833,7599,7715
6348: 6347,6466,6467,6229,6230,6349
7034: 7033,7152,7153,6915,6916,7035
7619: 7501,7618,7502,7620,7736,7737
7609: 7492,7610,7491,7608,7726,7727
7231: 7113,13190,7349,7230
9761: 9652,9653,9762,9868,9869
13050: 10783,10686,10785
10880: 10782,10783
10782: 10684,10783,10880
11002: 10907,10908,11096
8575: 8576,8461,8460,8574,8689
13167: 2289,2288,2389,13131,2390
12772: 12771
8525: 8526,8524,8639
10715: 10813,10616,10714
9229: 9228,9339,9230,9340,9118
6103: 6222,5985,6102,6221,5984
7255: 7254,7373,7136,7137,7256,7374
11084: 11083,11176,10991,11085
8107: 7990,8106,8223,7991,8108,8224
10895: 
8331: 8215,8216,8332,8330,8446,8447
8756: 8869,8642,8755,8757,8870
10210: 10105,10209,10211,10313
9017: 9129,8905,8904,9016
7193: 7075
8771: 8772,8658,8770,8884,8885
9659: 9658
13129: 836
9680: 9572,9789,9571,9679,9788
2745: 
2746: 
6839: 6721
7867: 7749,7866,7750,7868,7983,7984
7410: 7292,7411,7291,7409,7528,7527
2750: 2856,2645
6253: 6371,6372
2752: 2753
2753: 2859,2754,2752
2754: 2753,2650,2649
7496: 7614,7613,7495,7379,7378,7497
2756: 2862,2861
6356: 6357,6474,6355
2758: 2863
2759: 
7380: 7261,7262,7381,7379,7497,7498
2761: 2762
2762: 2868,2658,2761
8457: 8342,8456,8341,8458,8571
2764: 
2765: 13172,2766
2766: 2767,2662,2871,2765,13172,2872
2767: 2766,2662,2768,2872,2873
2768: 2767,2874,2873
7139: 7021,7140,7020,7138,7257,7258
10219: 10114,10218,10115,10220,10322,10323
2771: 2772,2877,2666,2667,2876
2772: 2771,2877,2878,2668,2667,2773
2773: 2774,2668,2669,2772,2878
2774: 2773,2669,2670,2775
2775: 2776,2670,2671,2774
2776: 2775,2881,2671,2672,2777
2777: 2883,2672,2673,2776,2778
2778: 2779,2884,2673,2674,2777,2883
2779: 2778,2884,2885,2674,2780
2780: 2781,2886,2676,2779,2885
2781: 2780,2886,2887,2676,2677,2782
2782: 2783,2888,2677,2678,2781,2887
2783: 2782,2888,2889,2679,2678,2784
2784: 2785,2890,2679,2680,2783,2889
2785: 2784,2890,2680,2681,2891
6450: 6332,6451,6568,6569
2787: 2788,2893,2682,2683
2788: 2787,2893,2894,2683,2684
6146: 
2790: 2895,2685,2791,2686
2791: 2792,2686,2790
2792: 2791,2687,2793,2898
2793: 2794,2898,2899,2689,2792
2794: 2793,2899,2689,2690,2795,2900
2795: 2900,2901,2691,2690,2794,13041
2796: 
2797: 
2798: 2799,2904,2693,2903
2799: 2798,2904,2695,2800
2800: 2801,2695,2799
2801: 2800,2696,2802,2907
2802: 2907,2908,2697,2801
7382: 7263,7264,7383,7500
2804: 
7400: 7281,7399,7401,7282,7517,7518
2806: 2701,2702,2807
2807: 2913,2703,2702,2806
7262: 7261,7380,7381,7143,7144
9441: 9442,9332,9440
9874: 
2811: 
6178: 6059,6058,6177,6060
7489: 7488,7606,7371,7490,7607
7389: 7270,7271,7390,7388,7506,7507
2815: 13051,2712
7478: 7595,7479,7361,7477
9579: 9470,9580,9469,9687,9688
6818: 6819,6817,6938,6936,6937
6329: 6330,6448,6210,6211,6328,6447
8336: 8221,8337,8220,8451,8452
12926: 10171
13000: 
7358: 7240,7359,7239,7475
2824: 
2825: 
10498: 10497,10598,10599,10396,10499
9556: 9555,9664,9665,9557
8456: 8455,8340,8341,8457,8571
12706: 
8108: 7991,7992,8109,8225,8224,8107
7041: 7040,7159,6922,6923,7042,7160
10505: 10606,10605,10404,10506
6300: 6299,6181,6182,6301,6419
10612: 10613,10512,10611,10712
7375: 7256,7257,7374,7376,7492,7493
9946: 
6914: 6795,6913,6796,6915,7032,7033
7589: 7471,7707
6795: 6794,6913,6914,6677,6796
9554: 9445,9555,9553,9663,9662
8233: 8234,8349,8348,8117,8116,8232
11029: 11028,11123
11077: 13206
7841: 7842,7724,7840,7723,7957
9205: 9315,9094
6341: 6222,6223,6342,6460
6558: 6557,6676,6439,6440,6559
7749: 7748,7866,7867,7631,7632,7750
7401: 7283,7402,7282,7400,7519,7518
7965: 7849,7848,7964,7850,7966
11863: 
7430: 7429,7431,7547,7548
2853: 2854
2854: 2853
2855: 
2856: 2750,2963
6959: 7077
9558: 9666,9667,9559,9557
2859: 2753,2966
10926: 11021,10828,10829,10927
2861: 2862,2756,2967,2968
2862: 2756,2861,2863,2968
2863: 2758,2862
12635: 12634
8929: 8816,8930,8815,8928,9041,9042
2866: 3081
2867: 
2868: 2762,2974,2975
2869: 2976,2870,13173,2975
2870: 2976,2977,2869,13172,2871
2871: 2766,13172,2977,2870,2872
2872: 2979,2766,2767,2871,2873
2873: 2980,2874,2767,2768,2872,2979
2874: 2980,2981,2873,2768,2875
2875: 2982,2876,2981,2874
2876: 2771,2877,2982,2875,2983
2877: 2771,2772,2878,2876,2983,2984
2878: 2772,2877,2773,2984,2985
9875: 9982
6203: 6084,6202,6085,6204,6321,6322
2881: 2776,2987,2988
7664: 
2883: 2777,2778,2884,2989,2990
2884: 2778,2779,2885,2883,2990,2991
2885: 2779,2884,2780,2886,2991,2992
2886: 2780,2781,2887,2885,2992,2993
2887: 2781,2886,2782,2888,2993,2994
2888: 2782,2783,2889,2887,2994,2995
2889: 2783,2888,2784,2890,2995,2996
2890: 2784,2785,2889,2891,2996,2997
2891: 2892,2785,2890,2997,2998
2892: 2891,2998,2999
2893: 2787,2788,2894,2999,3000
2894: 2788,2893,2895,3000,3001
2895: 2790,2894,3001,3002
2896: 
7157: 7039,7038,7158,7276
2898: 2793,2899,2792,3004,3005
2899: 2793,2794,2898,2900,3005,3006
2900: 2795,2901,2794,2899,3006,3007
2901: 2795,2900,13041,3007,3008
2902: 2903,13041,3008,3009
2903: 2902,2798,2904,3009,3010
2904: 2798,2799,2903,3010,3011
6443: 6324,6325,6442,6444,6561,6562
2906: 
2907: 2802,2908,2801,3013,3014
2908: 2802,2907,3014
6476: 6358,6357,6594,6595
6692: 6693,6574,6573,6691,6810,6811
6589: 6590,6708,6470,6471,6588,6707
10108: 10109,10213,10002,10003,10107,10212
2913: 2807
7490: 7491,7608,7607,7373,7489
2915: 3021
6903: 6902,6785,6904,7021,7022
2917: 3024
8928: 8927,9041,8814,8815,8929
2919: 
6577: 6458,6576,6695
2921: 13051,2922
2922: 2921,3029
8297: 8298,8182,8296,8413
8113: 8114,8229,8230
6228: 6109,6227,6110,6229,6346,6347
2926: 
12095: 
9703: 9811,9484,9595
2929: 
10486: 10587,10487,10385,10485,10586
9250: 9138,9139,9360,9249,9251
9136: 9137,9248,9023,9024,9135,9247
7951: 7950,7836,7835,8067
11771: 11689
9918: 
8583: 8697,8582,8468,8698,8584
9593: 9483,9484,13046,9592
6496: 
11200: 11107,11199,11291
6694: 6575,6576,6695,6693,6812,6813
7652: 7535,7653,7534,7651,7769,7770
11751: 
8755: 8869,8642,8756,8754
13164: 6635
7050: 7049,7168,7169,6931,7051
2946: 
6918: 6799,6917,6800,7036,7037
10394: 10292,10393,10495
8436: 8550,8551
13149: 10162
9198: 
10033: 
8784: 8670,8671,8785,8898
10533: 10633,10431
2955: 3063,13177
10321: 10320,10217,10218,10322,10424
8982: 9094,8869,8870,9095
7527: 7528,7645,7409,7410,7526,7644
8478: 
9020: 8908,9021,9019,8907,9132,9133
8668: 8669,8782,8553,8554,8667,8781
10805: 10706,10804,10806
2963: 3070,2856,2964
2964: 2963
6406: 6407
2966: 3073,2859,2967
2967: 2968,3075,2861,2966
2968: 2967,3075,2862,2861
6192: 6073,6191,5955,6074,6310
2970: 
8427: 8541,8542,8428,8311,8312,8426
6802: 6920,6801,6683,6684,6803,6921
7307: 7306,7188,7189,7308
2974: 3081,3082,2868,2975
2975: 13173,2868,2974,2869
2976: 2977,2870,2869,13173,3083
2977: 2976,2870,2871,3085
6691: 6572,6690,6692,6573,6809,6810
2979: 2872,2980,3087,2873
2980: 2981,3087,3088,2874,2873,2979
2981: 2980,3088,2874,2982,3089,2875
2982: 3089,3090,2875,2876,2981,2983
2983: 2984,2876,2877,2982,3090
2984: 2983,3092,2877,2878,2985
2985: 2986,3093,2878,2984,3092
2986: 2985,3093,2987,3094
2987: 2988,3095,3094,2881,2986
2988: 2987,3095,2881,2989,3096
2989: 3096,2990,2883,2988
2990: 2989,2883,2884,2991,3098
2991: 3099,3098,2884,2885,2990,2992
2992: 2993,3100,2885,2886,3099,2991
2993: 2992,3100,2886,2887,2994
2994: 2995,3102,2887,2888,2993
2995: 2994,3102,3103,2888,2889,2996
2996: 2997,3104,2889,2890,2995,3103
2997: 2996,3104,2890,2891,2998,3105
2998: 3105,2892,2891,2997
2999: 3000,2892,2893
3000: 2999,2893,2894,3001
3001: 3002,3109,2894,2895,3000
3002: 3001,3109,2895,3003,3110
3003: 3004,3110,3111,3002
3004: 3003,3111,2898,3005,3112
3005: 3006,3112,3113,2898,2899,3004
3006: 3005,3113,2899,2900,3007,3114
3007: 3114,2900,2901,3006
3008: 3009,3116,2901,2902
3009: 3008,3116,3117,2903,2902,3010
3010: 3011,3118,2903,2904,3009,3117
3011: 3010,3118,2904,3012,3119
3012: 3013,3119,3011
3013: 3012,2907,3014,3121
3014: 3121,2907,2908,3013
13114: 
9865: 13091,9971,9866
6587: 6586,6705,6468,6469,6588,6706
3018: 3019
3019: 3018
8665: 8778,8779,8664,8550,8551,8666
3021: 3129,2915
8356: 8357,8241,8240,8355
10203: 10306,10202,10098,10097,10307,10204
3024: 2917,3131
3025: 
7414: 7295,7296,7415,7413,7531,7532
6420: 6301,6419,6302,6421,6538,6539
10894: 
3029: 3136,2922
7196: 
10010: 9904,10011,10115,10116
3032: 3140
12634: 12635
8409: 8524,8294,8408
9709: 
6565: 6566,6446,6447,6564
7493: 7492,7610,7375,7376,7494,7611
7637: 7519,7636,7638,7520,7754,7755
7427: 7426,7309,7544,7545
6467: 6348,6466,6349,6585,6586
9553: 9444,9552,9554,9661,9662
11932: 
9435: 9434,9436,9326,9545
10008: 9902,9901,10113,10007,10114
6563: 6564,6445,6444,6562
10006: 10112,10007,9899,10111,10005
8222: 8338,8223,8221,8337
6338: 6339,6457,6220,6337,6456,6219
9251: 9140,9362,9139,9250
10079: 9973,10080,10184
9429: 9538,13156
11611: 11526
7260: 7379,7378,7259,7142,7141,7261
8332: 8216,8331,8217,8333,8447,8448
13156: 9430,9540,9429,9648
7623: 7505,7622,7506,7624,7740,7741
11081: 11082,13033,11173,13125,11265
7516: 7398,7399,7517,7634
8670: 8784,8555,8669,8783
9023: 8910,9022,9024,9135,9136
10729: 
3062: 3063,13177
3063: 2955,13177,3062
3064: 
8321: 8320,8205,8206,8322
13020: 
3067: 3176
10589: 10587,10487
3069: 3070
3070: 2963,3069,3179
9004: 8892,9005,8891,9003,9116
7999: 7998,8115,7882,7883,8000,8116
3073: 2966
3074: 
3075: 2967,2968
8024: 7908,8025
3077: 3078,3185,3186
3078: 3077,3186
3079: 3080
3080: 3079,3081,3188
3081: 2866,2974,3082,3080
3082: 2974,3081,13136,3190
3083: 3192,13173,13136,2976,3191
3084: 
3085: 2977,3193,3194
3086: 
3087: 2980,3088,2979,3195,3196
3088: 2980,2981,3087,3196,3197
3089: 2982,3090,2981,3198,3197
3090: 2982,3089,2983,3198,3199
9318: 
3092: 2984,2985,3093,3201
3093: 2985,2986,3092,3094,3201,3202
3094: 2987,3095,2986,3093,3202,3203
3095: 2987,2988,3094,3096,3203,3204
3096: 2989,2988,3095,3204,3205
3097: 
3098: 3099,2991,2990,3206
3099: 2991,3098,2992,3100,3208
3100: 2992,2993,3099,3208,3209
8188: 8303,8072,8189,8304
3102: 2994,2995,3103,3210,3211
3103: 2995,3102,2996,3104,3211
3104: 2996,2997,3103,3105,3212
3105: 2998,2997,3104,3212,3213
3106: 
8524: 8409,8525,8639
3108: 
3109: 3001,3002,3110,3217,3218
3110: 3003,3111,3002,3109,3218,3219
3111: 3003,3004,3110,3112,3219,3220
3112: 3005,3113,3004,3111,3220,3221
3113: 3005,3006,3112,3114,3221,3222
3114: 3007,3006,3113,3222
7833: 7716,7950,7715,7949
3116: 3008,3009,3117,3224,3225
3117: 3009,3116,3010,3118,3225
3118: 3010,3011,3117,3119,3227
3119: 3012,3011,3118,3227,3228
3120: 
3121: 3014,3013,3229,3230
7282: 7283,7401,7163,7164,7281,7400
7258: 7376,7377,7139,7140,7257,7259
3124: 3232,3233
8793: 8794,8906,8907
8656: 8769,8770,8541,8542,8655
7415: 7296,7414,7297,7416,7532,7533
13190: 6994,7113,7231
3129: 3021,3130,3237
3130: 3131,3129,3239
3131: 3130,3024,3239
6307: 6306,6426,6188,6189,6308
13134: 11689
7013: 7014,7132,6895,7131
3135: 3136,3243,3244
3136: 3029,3135,3244,3245
7971: 7972,8088,7854,7855,7970,8087
7396: 7277,7278,7397,7395,7513,7514
9212: 9323,9213,9101,9211
3140: 3032,3248
9147: 9035,9146,9034,9258,9148
8997: 9110,8998,8885,8996,9109,8884
7158: 7040,7159,7039,7157,7277
7601: 7483,7602,7600,7718
13103: 
9115: 9002,9114,9227
8883: 8995,8996,8884,8769,8770,8882
11187: 11094,11186,11188,11278,11277
8072: 7956,8073,7955,8188,8189
10317: 10316,10419,10420,10318
12771: 12772
8807: 8693,8694,8808,8921
6981: 
9329: 9438,9328,9218,9219,9439,9330
12114: 12041
7844: 7845,7843,7960,7961
10806: 10708,10807,10805,10904
7978: 7977,8094,7861,7862,7979
10625: 10524,10525,12824,10626,10725
9793: 9901,9792
9883: 9882,9989,9775,9990
8238: 8237,8353,8121,8122,8239
6811: 6810,6929,6930,6693,6692,6812
9976: 9870,9977,9869,10081,10082
7248: 7367,7366,7129,7130
6591: 6592,6710,6473,6709
6352: 6471,6233,6234,6351,6470
8777: 8663,8778,8664,8890,8891
9363: 9364,9253,9252,9472,9473
11291: 11290,11382,11200,11199
11451: 11452,11362
7731: 7849,7848,7730,7614,7613,7732
8680: 8565,8679,8566
3174: 
7488: 7489,7606,7605,7371,7370,7487
3176: 3396,3286,3067
8458: 8572,8457,8343,8459,8573
8588: 8589,8473,8587
3179: 3289,3070,3288
6319: 6437,6438,6318,6200,6201,6320
8181: 8296,8064
6483: 6484,6364
9315: 9205
8451: 8450,8565,8335,8336,8566
3185: 3186,3295,3077,3294
3186: 3185,3295,3296,3078,3077
13204: 4882,4881,4998,4999
3188: 3080,3298
6092: 6093,6211,5973,5974,6091,6210
3190: 3191,3300,3082,13136,3299
3191: 3190,3300,3301,13136,3192,3083
3192: 3193,3083,3191,3301
3193: 3192,3085,3194,3303
3194: 3195,3304,3303,3085,3193
3195: 3194,3304,3087,3196,3305
3196: 3306,3305,3087,3088,3195
3197: 3198,3307,3088,3089
3198: 3307,3308,3197,3089,3090,3199
3199: 3309,3090,3198,3308
9458: 9457,9348,9459,9349,9568,9567
3201: 3202,3311,3092,3093,3310
3202: 3201,3311,3093,3094,3203,3312
3203: 3204,3312,3313,3095,3094,3202
3204: 3203,3313,3095,3096,3205,3314
3205: 3314,3315,3206,3096,3204
3206: 3205,3315,3098,3316
6451: 6333,6452,6332,6450,6569,6570
3208: 3209,3318,3099,3100,3317
3209: 3208,3318,3319,3100,3210
3210: 3211,3320,3102,3209,3319
3211: 3210,3320,3102,3103
3212: 3322,3321,3104,3105,3213
3213: 3214,3323,3105,3212,3322
3214: 3323,3324,3213,3215
3215: 3216,3325,3214,3324
3216: 3215,3325,3326,3217
3217: 3218,3327,3109,3216
3218: 3217,3327,3109,3110,3219,3328
3219: 3220,3328,3329,3110,3111,3218
3220: 3219,3329,3111,3112,3221,3330
3221: 3222,3330,3331,3112,3113,3220
3222: 3221,3331,3113,3114,3223
3223: 3332,3333,3222,3443
3224: 3225,3334,3116,3333
3225: 3224,3334,3335,3116,3117
6442: 6324,6443,6323,6441,6560,6561
3227: 3118,3119,3228,3337
3228: 3229,3337,3119,3227
3229: 3228,3121,3230,3339
3230: 3339,3340,3231,3121,3229
3231: 3230,3340
3232: 3341,3124,3233,3342
3233: 3234,3343,3342,3124,3232
3234: 3233,3343,3344
8454: 8453,8569,8338,8455
3236: 3237,3346
3237: 3346,3347,13197,3129,3236
3238: 13197
3239: 3349,3131,3130,13197
6336: 6337,6455,6218,6335,6454,6217
3241: 3350
6808: 6809,6927,6689,6690,6807,6926
3243: 3135,3244
3244: 3245,13195,3135,3136,3243
3245: 3244,3354,3136
7021: 7139,7140,6903,6902,7020,7022
7376: 7258,7377,7257,7375,7493,7494
3248: 3140
10704: 10705,10803,10605,10703,10802
3250: 3359
7728: 7727,7610,7611,7729
6204: 6085,6086,6203,6205,6322,6323
10491: 10390,10592
8931: 8932,9044,9043
11899: 
10506: 10507,10404,10405,10606,10505
8215: 8216,8331,8098,8099,8214,8330
10383: 10281,10280,10485
10917: 11011,10819,10820,10918
11553: 
9304: 13002,9414
8452: 8566,8567,8336,8337,8453
8543: 8544,8429,8542,8428,8658
9013: 9125,9014,8900,8901,9012
6924: 6805,6806,6923,6925,7042,7043
8651: 8765,8764,8537,8652,8650
7270: 7271,7389,7151,7152,7269,7388
9582: 9472,9581,9473,13115,9690
8311: 8196,8312,8195,8310,8426,8427
9140: 9252,9251,9028,12823,9141
8190: 
3272: 
3273: 
9993: 9992,9994,9887
3275: 3386
9103: 8991,8990,9102,9104
9658: 9657,9766,9549,9659
10122: 10016,10017,10123,10227
7771: 
11737: 11736
3281: 
3282: 
11625: 11709
7172: 7053,7171,7173,7054,7290,7291
7744: 7743,7861,7626,7627,7745,7862
3286: 3176,3396,3287
3287: 3288,3286,3398
3288: 3287,3179,3289,3398,3399
3289: 3179,3288,3400,3399
6168: 
3291: 
6316: 6315,6434,6197,6317,6435,6198
3293: 
3294: 3185,3295,3404,3405
3295: 3185,3186,3296,3294,3405
3296: 3186,3295,3407
7742: 7741,7859,7860,7624,7625,7743
3298: 3299,3188,3409
3299: 3298,3190,3300,3409
3300: 3190,3191,3301,3299,3411
3301: 3191,3300,3192,3411,3412
7045: 7046,7164,6926,6927,7044,7163
3303: 3194,3304,3193,3413,3414
3304: 3194,3195,3303,3305,3414,3415
3305: 3196,3306,3195,3304,3415,3416
3306: 3196,3305,3416,3417
3307: 3198,3308,3197,3418
3308: 3198,3307,3199,3309,3418,3419
3309: 3199,3310,3308,3419,3420
3310: 3309,3201,3311,3420,3421
3311: 3201,3202,3310,3312,3421,3422
3312: 3203,3313,3202,3311,3422,3423
3313: 3203,3204,3312,3314,3423,3424
3314: 3205,3315,3204,3313,3424,3425
3315: 3205,3314,3206,3316,3425,3426
3316: 3317,3315,3206,3426,3427
3317: 3316,3208,3318,3427,3428
3318: 3208,3209,3319,3317,3428,3429
3319: 3209,3318,3210,3320,3429,3430
3320: 3210,3211,3319,3430
3321: 3212,3322,3431,3432
3322: 3212,3321,3323,3213,3432,3433
3323: 3214,3324,3213,3322,3434,3433
3324: 3214,3323,3215,3325,3434,3435
3325: 3215,3216,3326,3324,3435,3436
3326: 3216,3325,3327,3436,3437
3327: 3217,3218,3326,3328,3438
3328: 3219,3329,3218,3327,3438,3439
3329: 3219,3220,3328,3330,3439,3440
3330: 3221,3331,3220,3329,3440
3331: 3221,3222,3330,3332
3332: 3223,3331,3442,3443
3333: 3223,3224,3334,3443,3444
3334: 3224,3225,3335,3333,3444,3445
3335: 3225,3334,3445,3446
3336: 
3337: 3228,3227,3447
6174: 6292,6173,6175,6056
3339: 3230,3340,3229
3340: 3230,3339,3231,3451
3341: 3232,3342,3451,3452
3342: 3233,3343,3341,3232,3452
3343: 3233,3234,3342,3344
3344: 3234,3343
6346: 6345,6464,6465,6227,6228,6347
3346: 3237,3347,3236,3456
3347: 3237,3346,13197,3458
3348: 
3349: 3239,3350,3459,3460
3350: 3241,3349,3460,3461
7961: 7962,8077,7844,7845,7960
10036: 10035
8797: 8683,8796,8684,8798,8910
3354: 3245,13195,3464
10001: 9895,10002,9894,10000,10107
3356: 
7123: 7005,7124,7241,7242
7781: 
3359: 3250
11347: 
7483: 7601,7365,7366,7482,7600
9899: 9898,9792,10005,10006
8567: 8452,8566,8568,8681,8682
6201: 6082,6200,6083,6202,6319,6320
7166: 7047,7048,7167,7165,7284,7285
7770: 7887,7888,7652,7653,7769
10885: 10979,10886
8470: 8355,8584,8471
7010: 7011,7129,6891,6892,7009,7128
7295: 7296,7414,7176,7177,7294,7413
10792: 10694,10889
10726: 10825,10626,10725
9746: 9638,9745
8544: 8429,8543,8430,8545,8658,8659
10326: 10325,10428,10429,10222,10327
8339: 8338,8223,8224,8455,8340
9118: 9119,9230,9005,9006,9229
8774: 8660,8773,8661,8775,8887,8888
8440: 8325,8439,8441
9053: 9166
8926: 9039,8813,8812,8927
6942: 6823,7061,6941
9213: 9323,9212,9102,9101
3384: 
13184: 509
3386: 3275
6171: 6053,6172
11016: 11109
3389: 3500
12049: 
6261: 
6557: 6558,6676,6438,6439,6556,6675
7532: 7531,7649,7414,7415,7533,7650
7063: 6945,7064,6944,7062,7181
9705: 
3396: 3176,3286
7046: 7164,7165,7045,6927,6928,7047
3398: 3510,3288,3287,3399
3399: 3400,3511,3288,3289,3398,3510
3400: 3511,3512,3399,3289
7305: 7187,7306
3402: 3513,3403
3403: 3404,3515,3402
3404: 3403,3515,3516,3294,3405
3405: 3517,3294,3295,3404,3516
6485: 
3407: 3296
3408: 
3409: 3520,3521,3298,3299
3410: 
3411: 3522,3523,3300,3301,3412
3412: 3413,3301,3411,3523
3413: 3412,3303,3414,3525
3414: 3415,3526,3525,3304,3303,3413
3415: 3414,3526,3304,3305,3416,3527
3416: 3417,3527,3528,3306,3305,3415
3417: 3416,3528,3306,3529
3418: 3530,3307,3308,3419
3419: 3420,3531,3308,3309,3418,3530
3420: 3419,3531,3532,3310,3309,3421
3421: 3422,3533,3310,3311,3420,3532
3422: 3421,3533,3311,3312,3423,3534
3423: 3424,3534,3535,3312,3313,3422
3424: 3423,3535,3313,3314,3425,3536
3425: 3536,3537,3426,3314,3315,3424
3426: 3425,3537,3315,3316,3427,3538
3427: 3539,3538,3317,3316,3426,3428
3428: 3429,3540,3317,3318,3539,3427
3429: 3428,3540,3541,3318,3319,3430
3430: 3542,3319,3320,3429,3541
3431: 3542,3321,3432,3543
3432: 3544,3543,3322,3321,3431,3433
3433: 3434,3545,3322,3323,3432,3544
3434: 3545,3546,3433,3323,3324,3435
3435: 3436,3547,3324,3325,3434,3546
3436: 3435,3547,3548,3325,3326,3437
3437: 3438,3549,3326,3436,3548
3438: 3437,3327,3328,3439
3439: 3440,3328,3329,3438
3440: 3439,3329,3330
6213: 6094,6095,6214,6212,6331
3442: 3553,3332,3554
3443: 3554,3555,3223,3332,3333,3444
3444: 3445,3556,3333,3334,3443,3555
3445: 3444,3556,3334,3335,3446
3446: 3447,3558,3335,3445
3447: 3446,3558,3337,3559
8090: 7973,7974,8091,8206,8207,8089
7618: 7501,7619,7617,7500,7735,7736
7306: 7307,7187,7188,7305
3451: 3562,3340,3341
3452: 3563,3564,3341,3342
3453: 
7298: 7297,7416,7179,7299,7417
7514: 7513,7631,7632,7396,7397,7515
3456: 3346
10651: 10751
3458: 3569,3347,3459
3459: 3349,3458,3460
3460: 3461,13100,3349,3350,3459
3461: 3460,3573,13100,3350
7134: 7015,7016,7133,7135,7252,7253
10813: 10715,10714,10910
3464: 3576,3354,13195
8455: 8456,8340,8339,8454
3466: 
3467: 
3468: 
8115: 7998,7999,8114,8116,8231,8232
8689: 8574,8575,8688,8802,8690
10614: 10513,10613,10714
10829: 10730,10828,10731,10830,10926,10927
9449: 9339,9340,9450,9559
11484: 
3475: 
8362: 
9698: 9699,9807,9589
6093: 6092,6211,6212,5974,5975,6094
8460: 8459,8574,8344,8345,8461,8575
7023: 7142,7141,7022,6904,6905,7024
6429: 6428,6430,6547,6548
8128: 8011,8012,8127
8084: 7967,8083,7968,8085,8200,8201
10645: 10646,10744
7131: 7132,7013,7250
9420: 9529,9530,9419
7236: 7117,7118,7354
7843: 7844,7959,7960
7323: 
6436: 6317,6199,6437,6318,6555
10965: 
12823: 9027,9028,9139,9140
8921: 8807,8808,9033,9034
10182: 
6850: 
8869: 8755,8756,8870,8982
6889: 6770,6888,6771,6890,7007,7008
6564: 6563,6445,6446,6565
10444: 
3500: 3389,3610,3611
7944: 7828,7945,8061
7648: 7530,7647,7531,7649,7765,7766
13172: 2765,2766,2871,2870
3504: 
3505: 
6130: 6011
3507: 
9868: 9869,9761
9484: 9485,13046,9595,9593,9703
3510: 3398,3511,3399,3620,13159
3511: 3400,3512,3399,3510,13159
3512: 3400,3511,3513
3513: 3402,3512
6460: 6342,6461,6341,6579
3515: 3403,3404,3516,3626
3516: 3404,3515,3405,3517,3626,3627
3517: 3405,3516,3627,3628
10402: 
3519: 3520,3629,3630
3520: 3409,3521,3519,3630,3631
3521: 3409,3520,3522,3631,3632
3522: 3411,3523,3521,3632,3633
3523: 3411,3522,3412,3633,3634
6182: 6064,6183,6181,6300,6301
3525: 3414,3526,3413,3635,3636
3526: 3414,3415,3525,3527,3636,3637
3527: 3416,3528,3415,3526,3637,3638
3528: 3416,3417,3527,3529,3638,3639
3529: 3417,3528,3639,3640
3530: 3418,3419,3531,3641
3531: 3419,3420,3532,3530,3641,3642
3532: 3420,3531,3421,3533,3642,3643
3533: 3421,3422,3532,3534,3643,3644
3534: 3423,3535,3422,3533,3644,3645
3535: 3423,3424,3534,3536,3645,3646
3536: 3425,3537,3424,3535,3646,3647
3537: 3425,3536,3426,3538,3647,3648
3538: 3539,3427,3537,3426,3648,3649
3539: 3427,3538,3428,3540,3649,3650
3540: 3428,3429,3541,3539,3650,3651
3541: 3429,3540,3430,3542,3651,3652
3542: 3430,3431,3653,3541,3652
3543: 3432,3544,3431,3653,3654
3544: 3432,3543,3545,3433,3654,3655
3545: 3434,3546,3433,3544,3656,3655
3546: 3434,3545,3435,3547,3656,3657
3547: 3435,3436,3548,3546,3657,3658
3548: 3436,3547,3437,3549,3658,3659
3549: 3437,3550,3548,3659,3660
3550: 3549,3551,3660,3661
3551: 3550,3552,3661,3662
3552: 3553,3551,3662,3663
3553: 3442,3552,3663,3664
3554: 3443,3555,3442,3665
3555: 3443,3554,3444,3556,3665,3666
3556: 3444,3445,3555,3666,3667
3557: 
3558: 3446,3447,3559,3668,3669
3559: 3560,3447,3558,3669,3670
3560: 3559,3561,3670,3671
3561: 3562,3560,3671
3562: 3451,3561
3563: 3452,3564,3673
3564: 3563,3452,3565
3565: 3564,3566
3566: 3565,3677
6125: 6124,6244,13183,6243
10309: 10310,10412,10206,10205
3569: 3458
7014: 7132,7133,7013,6896,6895,7015
6240: 6239,6241,6358,6359
10227: 10123,10228,10122,10330,10331
3573: 3461,13100,3682
3574: 
7372: 
3576: 3464,3686
7185: 
3578: 
8438: 8553,8439
8923: 9035
8644: 8757,8530,8645,8758
7777: 7895,7894,7659,7660,7776
7758: 7757,7875,7876,7640,7641,7759
8714: 
3585: 
10496: 
11687: 
12904: 6607,6725
3589: 
7983: 7982,8099,8100,7866,7867,7984
11192: 11099,11100,11191,11193,11283
8903: 8790,8789,8904,8902,9016
12227: 
7487: 7604,7486,7369,7370,7488,7605
3595: 
12997: 
9219: 9220,9107,9218,9329,9330
7511: 7510,7628,7393,7394,7629
7413: 7294,7412,7295,7414,7530,7531
6529: 
10097: 10098,10203,10202
7547: 7548,7665,7430,7429
7835: 7718,7719,7836,7717,7951
3604: 
8314: 8198,8313,8199,8315,8429,8430
8795: 8681,8794,8682,8796,8908,8909
7521: 7639,7638,7520,7403,7404,7522
7137: 7019,7138,7018,7136,7255,7256
3609: 
3610: 3500,3611
3611: 3723,3500,3610
9243: 9132,9242,9131,9244,9353,9354
7606: 7488,7489,7605,7607,7724
8823: 
10939: 10938
3616: 
9492: 
3618: 3730
7754: 7871,7872,7753,7636,7637,7755
3620: 3732,13159,3510
7411: 7292,7410,7293,7412,7528,7529
6907: 6788,6906,6789,6908,7025,7026
6878: 6759,6760
11533: 
8346: 8230,8461,8231,8347,8462,8463
3626: 3737,3515,3516,3627,3738
3627: 3628,3738,3516,3517,3626
3628: 3627,3517,3629,3740
3629: 3630,3740,3741,3519,3628
3630: 3629,3741,3519,3520,3631,3742
3631: 3742,3743,3520,3521,3630,3632
3632: 3633,3744,3521,3522,3631,3743
3633: 3632,3744,3745,3522,3523,3634
3634: 3635,3746,3523,3633,3745
3635: 3634,3746,3525,3636,3747
3636: 3637,3748,3747,3526,3525,3635
3637: 3636,3748,3526,3527,3638,3749
3638: 3639,3749,3750,3527,3528,3637
3639: 3638,3750,3528,3529,3640,3751
3640: 3751,3752,3529,3639
3641: 3642,3753,3530,3531,3752
3642: 3641,3753,3531,3532,3643,3754
3643: 3644,3755,3754,3532,3533,3642
3644: 3643,3755,3533,3534,3645,3756
3645: 3646,3756,3757,3534,3535,3644
3646: 3645,3757,3535,3536,3647,3758
3647: 3758,3759,3648,3536,3537,3646
3648: 3647,3759,3537,3538,3649,3760
3649: 3761,3760,3539,3538,3648,3650
3650: 3651,3762,3539,3540,3761,3649
3651: 3650,3762,3540,3541,3652
3652: 3541,3542,3653,3651
3653: 3542,3543,3652,3765
3654: 3765,3766,3544,3543,3655
3655: 3656,3767,3544,3545,3654,3766
3656: 3767,3768,3655,3545,3546,3657
3657: 3658,3769,3546,3547,3656,3768
3658: 3657,3769,3770,3547,3548,3659
3659: 3660,3771,3548,3549,3658,3770
3660: 3659,3771,3772,3549,3550,3661
3661: 3662,3773,3550,3551,3660,3772
3662: 3661,3773,3551,3552,3663,3774
3663: 3664,3774,3553,3552,3662
3664: 3663,3553,3776
3665: 3777,3554,3555,3666
3666: 3667,3779,3555,3556,3665
3667: 3666,3779,3556,3668
3668: 3669,3558,3667
3669: 3668,3558,3559,3670,3781
3670: 3782,3781,3671,3560,3559,3669
3671: 3670,3782,3560,3561,3783
10800: 10702,10898
3673: 3785,3563
3674: 
6583: 6702,6701,6464,6465,6582,6584
7966: 8082,7965,7850,7967,8083
3677: 3678,3789,3566,3788
3678: 3677,3789,3790
6566: 6565,6447,6448,6567
13094: 2149,2050
3681: 3793,13187
3682: 3794,3573,13100,13187
9500: 9499
6677: 6676,6559,6678,6795,6796
10404: 10301,10302,10405,10505,10506
3686: 3576
10135: 10239,10134,10028
8407: 8408,8292
8219: 8335,8334,8102,8218
8422: 
9006: 8893,8894,9007,9005,9119,9118
3692: 
3693: 
3694: 
13194: 8847,13186
9160: 9272,9159
10419: 10316,10317,10420,10418,10520
6333: 6452,6451,6334,6215,6332
9012: 8899,8900,9125,9013
9992: 9993,9885,9991
11365: 11453,11454
11382: 11291
7169: 7050,7168,7051,7170,7287,7288
9715: 13092
7135: 7017,7136,7016,7134,7253,7254
12172: 12173
8882: 8881,8994,8768,8769,8995,8883
9024: 9025,8912,9023,9136,9137
8539: 
8044: 
9116: 9228,9003,9004
6785: 6786,6904,6666,6667,6903
8214: 8329,8330,8213,8097,8098,8215
3714: 
11167: 11075
8063: 7947,8064,8062
7766: 7767,7884,7648,7649,7765,7883
13021: 
11028: 10933,11029
9231: 9341,9119,9230,9120,9232,9342
7265: 7384,7383,7266,7147,7264
6110: 6111,6229,5992,6109,6228
3723: 3611,3835
6579: 6698,6578,6580,6461,6460
10277: 10379,12943,10173,10276
3726: 
9247: 9135,9246,9136,9248,9357
8010: 8126,7893,7894,8011,8127
13109: 2237,2139
3730: 3618,3731,3843
3731: 3730,3843,3844
3732: 3620,13159
6644: 6526
3734: 3735,3846,3847
3735: 3736,3734,3847,3848
3736: 3735,3737,3848,3849
3737: 3626,3736,3738,3849,3850
3738: 3627,3737,3626,3850,3851
10005: 10110,10111,10004,9898,9899,10006
3740: 3629,3741,3628,3852,3853
3741: 3629,3630,3740,3742,3853,3854
3742: 3631,3743,3630,3741,3854,3855
3743: 3631,3742,3632,3744,3855,3856
3744: 3632,3633,3745,3743,3857,3856
3745: 3633,3744,3634,3746,3857,3858
3746: 3634,3635,3745,3747,3858,3859
3747: 3636,3748,3635,3746,3859,3860
3748: 3636,3637,3747,3749,3860,3861
3749: 3638,3750,3637,3748,3861,3862
3750: 3638,3639,3749,3751,3862,3863
3751: 3640,3639,3750,3863,3864
3752: 3640,3641,3753,3864,3865
3753: 3641,3642,3752,3754,3865
3754: 3643,3755,3642,3753,3867
3755: 3643,3644,3754,3756,3867
3756: 3645,3757,3644,3755
3757: 3645,3646,3756,3758,3870
3758: 3647,3759,3646,3757,3870,3871
3759: 3647,3758,3648,3760,3871,3872
3760: 3761,3649,3873,3759,3648,3872
3761: 3649,3760,3873,3650,3762
3762: 3650,3651,3761
3763: 3764,3875,3876
3764: 3763,3878,3765,3876,3877
3765: 3654,3878,3653,3764
3766: 3654,3878,3767,3655,3879
3767: 3656,3768,3655,3766,3879,3880
3768: 3656,3767,3657,3769,3880,3881
3769: 3657,3658,3770,3768,3881,3882
3770: 3658,3769,3659,3771,3882,3883
3771: 3659,3660,3772,3770,3883,3884
3772: 3660,3771,3661,3773,3884,3885
3773: 3661,3662,3772,3774,3885,3886
3774: 3663,3662,3773,3886,3887
3775: 
3776: 3777,3664,3888
3777: 3665,3776,3778
3778: 3779,3777,3889,3890
3779: 3666,3667,3778
9661: 9769,9552,9553,9662
3781: 3670,3782,3669
3782: 3670,3781,3671,3783
3783: 3782,3671
7301: 7420,7419,7183,7302
3785: 3673,3786,3897
3786: 3785,3787,3899
3787: 3788,3786,3899,3900
3788: 3787,3677,3789,3900,3901
3789: 3677,3678,3788,3790,3901,3902
3790: 3791,3678,3789,3902,3903
3791: 3790,3792,3903
3792: 3793,3791
3793: 3681,3792,13187,3906
3794: 3682,3795
3795: 3794
10795: 10695,10893
8899: 8786,8785,8900,9012
7466: 7583,12929
3799: 3912
10187: 10082,10083
7886: 7768,7769,7885,7887,8002,8003
3802: 3803
3803: 3804,3802
3804: 3803
10539: 10438
6393: 
6418: 6299,6417,6536,6537
10023: 9916,10022
7775: 7776,7893,7658,7892
10708: 10709,10806,10807,10608,10609
8075: 7958,8074,7959,8076,8191,8192
3812: 
7767: 7766,7884,7649,7650,7768,7885
8195: 8194,8310,8079,8196,8311
7115: 13034,7116,7234
11180: 11088,11271,11272
10432: 10329,10330,10431,10433,10534
8559: 8445,8560,8444,8674,8673,8558
8352: 8237,8353,8468,8236,8351,8467
6788: 6787,6906,6907,6669,6670,6789
12824: 10524,10625,10624,10724
8092: 7975,7976,8093,8208,8209,8091
9388: 9497
8031: 8030
10632: 10531,10731
9311: 9421
6302: 6301,6420,6183,6184,6303,6421
9368: 9367,9257,9258,9477,9369
7261: 7262,7380,7142,7143,7379,7260
12371: 12981,12433
7948: 7949
9105: 9216,8992,9104
13188: 4522
6780: 6781,6899,6898,6662,6661,6779
3835: 3723
7940: 8056,7824,7941
3837: 
8519: 8633
3839: 
3840: 3841
3841: 3840,3954,3955
7988: 8104,8105,7871,7872,7987,7989
3843: 3730,3731,3844,3957
3844: 3958,3957,3731,3843
8009: 8126,7892,7893,8008
3846: 3960,3734,3847
3847: 3848,3961,3734,3735,3846,3960
3848: 3847,3961,3962,3735,3736,3849
3849: 3850,3963,3736,3737,3848,3962
3850: 3849,3963,3737,3738,3851,3964
3851: 3852,3965,3964,3738,3850
3852: 3851,3965,3740,3853,3966
3853: 3854,3966,3967,3740,3741,3852
3854: 3853,3967,3741,3742,3855,3968
3855: 3968,3969,3742,3743,3854,3856
3856: 3857,3970,3743,3744,3855,3969
3857: 3971,3970,3856,3744,3745,3858
3858: 3859,3972,3745,3746,3971,3857
3859: 3858,3972,3746,3747,3860,3973
3860: 3861,3973,3974,3748,3747,3859
3861: 3860,3974,3748,3749,3862,3975
3862: 3863,3975,3976,3749,3750,3861
3863: 3862,3976,3750,3751,3977
3864: 3977,3978,3751,3752,3865
3865: 3866,3752,3753,3864,3978
3866: 3980,3979,3865
3867: 3868,3755,3754
3868: 3867,3981,3869,3982
3869: 3870,3982,3983,3868
3870: 3869,3757,3758,3871,3984
3871: 3984,3985,3872,3758,3759,3870
3872: 3871,3985,3759,3760,3986
3873: 3761,3760,3986
3874: 3875,3988,3987
3875: 3874,3988,3763,3876,3989
3876: 3877,3990,3989,3764,3763,3875
3877: 3876,3990,3764,3878,3992,3991
3878: 3765,3766,3764,3877,3992
3879: 3992,3766,3767,3880,3993
3880: 3993,3994,3767,3768,3879,3881
3881: 3882,3995,3768,3769,3880,3994
3882: 3881,3995,3996,3769,3770,3883
3883: 3884,3997,3770,3771,3882,3996
3884: 3883,3997,3998,3771,3772,3885
3885: 3886,3999,3772,3773,3884,3998
3886: 3885,3999,4000,3773,3774,3887
3887: 3888,3774,3886,4000
3888: 3887,4001,3776
3889: 4002,4003,3778,3890
3890: 3891,4004,3778,3889,4003
3891: 3890,4004,3892,4005
3892: 3893,4006,4005,3891
3893: 3892,4006,3894,4007
3894: 4008,4007,3893
10499: 10498,10599
3896: 4010,3897
3897: 4011,3785,3896,4010
3898: 
3899: 3900,4013,3786,3787,4012
3900: 3899,4013,3787,3788,3901
3901: 3902,4015,3788,3789,3900
3902: 3901,4015,3789,3790,3903
3903: 4017,3790,3791,3902
6215: 6096,6097,6214,6333
9126: 9237,9238,9125,9014,9127
3906: 3793,4020
7613: 7614,7496,7495,7612,7731,7730
8310: 8194,8195,8309,8311,8425,8426
3909: 4022
7865: 7747,7864,7748,7866,7981,7982
9383: 
3912: 3799
9027: 12823,8914,8915,8801
7155: 7036,7154,7037,7273,7274
10646: 10645
8984: 8985,9097,8871,8872
9804: 9911,9695,9803,9696
6479: 6361,6480
3919: 3920
3920: 3919
9540: 9430,9431,13156,9541,9648,9757
11846: 
3923: 
7022: 7023,7141,6903,6904,7021,7140
7269: 7268,7387,7388,7150,7151,7270
6555: 6556,6674,6436,6437
8870: 8871,8757,8869,8756,8982
10733: 10734,10832,10633
9499: 9500
11281: 11372,11190
6234: 6115,6235,6233,6352
9432: 9541,9431,9542
7175: 7056,7057,7176,7174,7293,7294
10434: 10331,10433,10332
9034: 9146,9033,8921,9147,9035
7143: 7024,7025,7144,7142,7261,7262
8126: 8009,8010,8243
6233: 6114,6232,6115,6234,6351,6352
10734: 10733,10832
9370: 9369,9259,9260,9480,9371
13104: 10637,10738
7378: 7379,7260,7259,7377,7496,7495
10907: 10908,11002,13116
10171: 12926,13069,10172
6822: 6941,6823,6940
11452: 11451,11453
8461: 8345,8346,8460,8462,8575
9893: 9894,9999,10000,9785,9786,9892
11758: 
13145: 12257,12258,12323
3951: 
3952: 3953,4067,4066
3953: 3952,3954,4067
3954: 3841,3955,3953
3955: 3841,3954,4070
3956: 
3957: 3844,3958,3843,4071
3958: 3844,3957,3959
3959: 4074,3958
3960: 3846,4074,3847,3961,4075
3961: 3847,3848,3962,4076,4075,3960
3962: 3848,3961,4076,3849,3963
3963: 3849,3850,4078,3962,3964
3964: 3851,3965,4079,3850,3963,4078
3965: 3851,3852,4080,4079,3964,3966
3966: 3853,3967,3852,3965,4080,4081
3967: 3853,3854,3966,3968,4081
3968: 3855,3969,3854,3967,4083
3969: 3855,3968,3970,3856,4083,4084
3970: 3857,3856,3969,4084
3971: 3857,3858,3972,4085,4086
3972: 3858,3859,3971,3973,4086,4087
3973: 3860,3974,3859,3972,4087,4088
3974: 3860,3861,3973,3975,4088,4089
3975: 3862,3976,3861,3974,4089,4090
3976: 3862,3863,3975,4090,4091
3977: 3864,3978,4092,3863
3978: 3864,3977,4092,3979,3865
3979: 3980,3866,3978,4093,4094
3980: 3866,3979,3981,4094,4095
3981: 3868,3980,3982,4095,4096
3982: 3869,3983,3868,3981,4096,4097
3983: 3869,3982,3984,4099,4097,4098
3984: 3871,3985,4099,3870,3983
3985: 3871,3984,3872,4099
3986: 4100,3873,3872
3987: 3874,3988,4101,4102
3988: 3874,3875,3987,3989,4102,4103
3989: 3876,3990,3875,3988,4103,4104
3990: 3876,3877,3989,3991,4104,4105
3991: 3992,3877,3990,4105,4106
3992: 3991,3879,3878,3877
3993: 3880,3994,3879,4108
3994: 3880,3993,3881,3995,4108,4109
3995: 3881,3882,3996,3994,4109,4110
3996: 3882,3995,3883,3997,4110,4111
3997: 3883,3884,3998,3996,4111,4112
3998: 3884,3997,3885,3999,4112,4113
3999: 3885,3886,4000,3998,4113,4114
4000: 3886,3999,3887,4114
4001: 3888,4002,4115,4116
4002: 3889,4003,4001,4117,4116
4003: 3889,4002,3890,4004,4117,4118
4004: 3890,3891,4003,4005,4118,4119
4005: 3892,4006,3891,4004,4119,4120
4006: 3892,3893,4005,4007,4120,4121
4007: 3894,4008,3893,4006,4121,4122
4008: 3894,4007,4122,4123
4009: 4010,4124,4123
4010: 3896,4009,3897,4011,4125
4011: 3897,4012,4010,4125,4126
4012: 4011,3899,4013,4126,4127
4013: 3899,3900,4012,4127,4128
6210: 6091,6209,6092,6211,6328,6329
4015: 3901,3902,4129,4130
4016: 
4017: 3903,4132
6562: 6561,6443,6444,6563
4019: 4133,4134
4020: 3906
8097: 7981,8098,7980,8096,8214,8213
4022: 3909,4137
7722: 7839,7840,7723,7604,7721
8770: 8656,8769,8771,8884,8883
7366: 7367,7248,7365,7483
8669: 8668,8782,8783,8555,8554,8670
6699: 6581,6700,6698,6580
4028: 
7793: 7675
11112: 11205,11018,11019,11113
10987: 10986,10988,11080,13125
11395: 
7195: 7077,7194
11001: 13116,11000,11094
10315: 10417,10418,10314,10316
12258: 13145
8291: 
12006: 
4039: 
4040: 
7957: 7956,8073,7840,7841
8292: 8177,13152,8407,8408
7529: 7530,7647,7411,7412,7528,7646
7474: 7475,7592,7473
12413: 
11205: 11112,11113,11206
8322: 8323,8206,8207,8321
9791: 9682,9683,9790,9792
6449: 6330,6448,6331,6567
6112: 6113,6231,5994,6111,6230
8414: 8298,8299,8528,8413
8879: 8992,8880,8991
9426: 9535,9317,9536
7278: 7277,7396,7397,7159
6898: 6780,6899,6779,6897,7016,7017
4056: 
8810: 8924,8811,8696,8697
8907: 9019,8906,8793,8794,8908,9020
6669: 6550,6551,6670,6668,6787,6788
13173: 2975,13136,2976,2869,3083
13115: 9473,9582,9691
4062: 
9393: 9502,9503
7501: 7619,7618,7502,7384,7383,7500
4065: 4179,4066
4066: 4067,3952,4065,4179
4067: 4066,4181,3952,3953
7297: 7298,7416,7178,7179,7296,7415
9574: 9464,9465,9573,9575,9682,9683
4070: 4071,4184,3955,4183
4071: 4070,4184,4185,3957
8116: 8000,8117,7999,8115,8232,8233
13113: 
4074: 3959,3960,4075,4188
4075: 3961,4076,3960,4074,4188,4189
4076: 3961,3962,4075,4190,4189
10825: 10726,10826,10922,10923
4078: 3963,4079,3964,4191
4079: 3965,4080,3964,4078,4193
4080: 3965,4079,3966,4193,4194,4081
4081: 4195,4194,4080,3966,3967
4082: 
4083: 4196,4197,4084,3968,3969
4084: 4083,4197,3969,3970
4085: 4198,3971,4086,4199
4086: 4087,4200,4199,3971,3972,4085
4087: 4086,4200,3972,3973,4088,4201
4088: 4089,4201,4202,3973,3974,4087
4089: 4088,4202,3974,3975,4090,4203
4090: 4091,4203,4204,3975,3976,4089
4091: 4090,4204,3976,4205
4092: 3977,3978,4093
4093: 4094,4207,4092,3979,4206
4094: 4093,4207,4208,3980,3979,4095
4095: 4096,4209,3980,3981,4094,4208
4096: 4095,4209,3981,3982,4097,4210
4097: 4098,4211,4210,3982,3983,4096
4098: 4097,4211,3983,4099,4212
4099: 3984,3985,3983,4098
4100: 3986,4101,4214
4101: 4215,4214,4100,3987,4102
4102: 4103,4216,3988,3987,4215,4101
4103: 4102,4216,3988,3989,4104,4217
4104: 4105,4218,4217,3990,3989,4103
4105: 4104,4218,3990,3991,4106,4219
4106: 4220,4219,3991,4105
10922: 10825,10923
4108: 4222,3993,3994,4109
4109: 4110,4223,3994,3995,4108,4222
4110: 4109,4223,4224,3995,3996,4111
4111: 4112,4225,3996,3997,4110,4224
4112: 4111,4225,4226,3997,3998,4113
4113: 4114,4227,3998,3999,4112,4226
4114: 4113,4227,3999,4000
4115: 4229,4228,4001,4116
4116: 4117,4230,4001,4002,4115,4229
4117: 4230,4231,4116,4002,4003,4118
4118: 4119,4232,4003,4004,4117,4231
4119: 4118,4232,4233,4004,4005,4120
4120: 4121,4234,4006,4005,4119,4233
4121: 4120,4234,4006,4007,4122,4235
4122: 4236,4235,4008,4007,4121,4123
4123: 4124,4237,4008,4009,4122,4236
4124: 4237,4238,4123,4009,4125
4125: 4126,4239,4010,4011,4124
4126: 4125,4239,4240,4011,4012,4127
4127: 4128,4241,4012,4013,4126,4240
4128: 4127,4241,4242,4013,4129
4129: 4130,4243,4015,4128,4242
4130: 4129,4243,4244,4015
6098: 5980,5979,6099,6216,6217
4132: 4017,4133,4246
4133: 4246,4134,4019,4132
4134: 4133,4247,4019
11265: 11266,11356,11355,11173,11081
6607: 12904,6725,6844,6845
4137: 4022
4138: 
4139: 
9756: 9755,9648,13091
4141: 4254
6109: 6108,6227,6228,5991,6110
6252: 
9819: 
4145: 4259
8796: 8682,8683,8797,8795,8909,8910
7308: 7426,7309,7189,7307
9042: 9043,8929,8930,9041
4149: 
8136: 
7871: 7754,7872,7753,7987,7988
10826: 10827,10825,10924,10923
6927: 6809,6928,6808,6926,7046,7045
8542: 8427,8541,8428,8543,8656
8194: 8195,8309,8310,8077,8193
7740: 7739,7857,7858,7622,7623,7741
8078: 
6337: 6336,6455,6456,6218,6219,6338
12801: 
8552: 8553,8551,8666,8667
12042: 12187,12906
11645: 11560
7126: 7007,7125,7008,7127,7245
12971: 
7051: 7170,6933,6932,7050,7169
13205: 11321
10596: 
10520: 10621,10418,10419,10519,10620
8981: 
13136: 13173,3082,3190,3191,3083
6461: 6342,6460,6343,6462,6579,6580
9063: 9176,9175
7393: 7274,7275,7392,7510,7511
7963: 8080,7846,7847,7964
11080: 13125,10987,10986
6354: 6355,6473,6236
6827: 6826,6945,6946,6709,6708,6828
7419: 7420,7301,7418,7536,7537
4179: 4065,4066,4293,4294
8578: 8463,8577,8692,8693
4181: 4067,4182
4182: 4183,4181,4297
4183: 4182,4070,4184,4297,4298
4184: 4070,4071,4185,4183,4298
4185: 4071,4184,4300
8122: 8123,8006,8121,8005,8238,8239
4187: 
4188: 4074,4075,4189,4304
4189: 4190,4305,4304,4076,4075,4188
4190: 4305,4189,4076,4191
4191: 4078,4190
6305: 6304,6424,6186,6187,6306
4193: 4080,4079,4194
4194: 4195,4081,4080,4193
4195: 4194,4081,4309,4196
4196: 4083,4197,4195,4309
4197: 4083,4196,4084
4198: 4085,4199,4312,4313
4199: 4086,4200,4198,4085,4313,4314
4200: 4086,4087,4199,4201,4314,4315
4201: 4088,4202,4087,4200,4315,4316
4202: 4088,4089,4201,4203,4316,4317
4203: 4090,4204,4089,4202,4317,4318
4204: 4090,4091,4203,4205,4318,4319
4205: 4206,4091,4204,4319
4206: 4205,4093,4207,4320,4321
4207: 4093,4094,4208,4206,4321,4322
4208: 4094,4207,4095,4209,4322,4323
4209: 4095,4096,4208,4210,4323
4210: 4097,4211,4096,4209,4325
4211: 4097,4098,4210,4212,4325,4326
4212: 4098,4211,4326,4327
6552: 6553,6671,6433,6434,6551,6670
4214: 4215,4101,4100,4328,4329
4215: 4101,4214,4102,4216,4329,4330
4216: 4102,4103,4215,4217,4330,4331
4217: 4104,4218,4103,4216,4331,4332
4218: 4104,4105,4217,4219,4332,4333
4219: 4106,4220,4105,4218,4333,4334
4220: 4106,4219,4221,4334,4335
4221: 4222,4220,4335,4336
4222: 4108,4221,4109,4223,4337
4223: 4109,4110,4224,4222,4337,4338
4224: 4110,4223,4111,4225,4338,4339
4225: 4111,4112,4226,4224,4339,4340
4226: 4112,4225,4113,4227,4340,4341
4227: 4113,4114,4342,4226,4341
4228: 4115,4229,4342,4343
4229: 4115,4228,4230,4116,4343,4344
4230: 4117,4231,4116,4229,4345,4344
4231: 4117,4230,4118,4232,4345,4346
4232: 4118,4119,4233,4231,4346,4347
4233: 4119,4232,4120,4234,4347,4348
4234: 4120,4121,4233,4235,4348,4349
4235: 4122,4236,4121,4234,4349,4350
4236: 4122,4235,4237,4123,4350,4351
4237: 4124,4238,4123,4236,4351,4352
4238: 4124,4237,4239,4352
4239: 4125,4126,4240,4354,4238
4240: 4126,4239,4354,4127,4241
4241: 4127,4128,4242,4240
4242: 4128,4241,4129,4243,4356
4243: 4129,4130,4244,4242,4357
4244: 4130,4243,4358
6437: 6319,6438,6318,6436,6556,6555
4246: 4133,4247,4132
4247: 4246,4134,4248,4362
4248: 4247,4362,4363
8025: 8026,7908,8024
8686: 8572,8571,8685,8800
6357: 6356,6239,6358,6476
9545: 9654,9435,9436,9653
13165: 9654,9762,9655,9764,9871
4254: 4141
11075: 11167,10981,11076
7982: 7983,8099,7865,7866,7981,8098
6769: 6768,6887,6770,6888
6799: 6798,6917,6918,6680,6681,6800
4259: 4145
6355: 6354,6473,6237,6356,6474
6951: 
8876: 8762,8763,8877,8988,8989
8857: 8856
9005: 8892,9004,8893,9006,9118
11736: 13202,11737
13192: 9375,9376,9485
7642: 7524,7525,7641,7643,7759,7760
8130: 8013,8131
7859: 7741,7742,7860,7858,7975,7976
6909: 6790,6908,6791,7028,7027
9460: 9459,9569,9350,9461,9351,9570
10329: 10330,10431,10432,10328
6925: 6807,6926,6806,6924,7043,7044
7473: 7474
10531: 10632,10429,10430
10998: 10904,10999
10971: 
7515: 7633,7397,7514,7632
9416: 
7354: 7236,7471
7825: 7707,7824,7826,7942,13207
9233: 9121,9232,9343,9122,9234,9344
7847: 7729,7846,7964,7963
6773: 6892,6654,6655,6772,6891
7055: 7173,7174,6936,6937,7054,7056
8546: 8431,8545,8432,8547,8660,8661
10084: 10083,10188,10189,10085
11696: 
9440: 9439,9330,9441,9549
8792: 8678,8679,8905,8791
11391: 11300,11480
4292: 
4293: 4179,4294
4294: 4179,4293
6229: 6110,6111,6230,6228,6347,6348
9244: 9133,9243,9132,9354,9355
4297: 4413,4182,4183,4298
4298: 4183,4184,4413,4297
11036: 13170,11129
4300: 4301,4416,4185,4415
4301: 4300,4416,4302
4302: 4303,4301
4303: 4302,4418,4304
4304: 4305,4189,4188,4303
4305: 4190,4189,4304
12847: 
6539: 6540,6420,6421,6538
10021: 10022,10020,10126
4309: 4195,4196,4425
6654: 6535,6653,6536,6655,6772,6773
6549: 6548,6667,6668,6431,6430,6550
4312: 4313,4428,4198,4427
4313: 4312,4428,4198,4199,4314,4429
4314: 4315,4430,4429,4200,4199,4313
4315: 4314,4430,4200,4201,4316,4431
4316: 4317,4431,4432,4201,4202,4315
4317: 4316,4432,4202,4203,4318,4433
4318: 4433,4434,4319,4203,4204,4317
4319: 4318,4434,4204,4205,4320,4435
4320: 4435,4436,4206,4319,4321
4321: 4322,4437,4206,4207,4320,4436
4322: 4321,4437,4438,4207,4208,4323
4323: 4439,4208,4209,4322,4438
7005: 7123,7124,6887
4325: 4326,4441,4211,4210,4440
4326: 4325,4441,4211,4212,4327,4442
4327: 4442,4443,4212,4326
4328: 4329,4444,4214,4443
4329: 4328,4444,4445,4215,4214,4330
4330: 4331,4446,4215,4216,4329,4445
4331: 4330,4446,4447,4216,4217,4332
4332: 4333,4448,4218,4217,4331,4447
4333: 4332,4448,4218,4219,4334,4449
4334: 4335,4449,4450,4220,4219,4333
4335: 4334,4450,4220,4221,4336,4451
4336: 4451,4452,4337,4221,4335
4337: 4336,4222,4223,4338,4453
4338: 4454,4453,4223,4224,4337,4339
4339: 4340,4455,4224,4225,4454,4338
4340: 4339,4455,4456,4225,4226,4341
4341: 4226,4227,4340,4456
4342: 4227,4228
4343: 4459,4458,4229,4228,4344
4344: 4345,4460,4229,4230,4343,4459
4345: 4460,4461,4344,4230,4231,4346
4346: 4347,4462,4231,4232,4345,4461
4347: 4346,4462,4463,4232,4233,4348
4348: 4349,4464,4233,4234,4347,4463
4349: 4348,4464,4234,4235,4350,4465
4350: 4351,4465,4466,4236,4235,4349
4351: 4350,4466,4236,4237,4352,4467
4352: 4467,4468,4237,4238,4351
6842: 6723,6843
4354: 4239,4240
10623: 10624,10722,10723
4356: 4471,4242,4357,4472
4357: 4358,4472,4243,4356
4358: 4357,4244,4359,4474
4359: 4474,4358
6209: 6091,6210,6208,6090,6327,6328
9133: 9244,9020,9021,9132,9134
4362: 4363,4247,4248,4477
4363: 4362,4248,4364
4364: 4365,4363
4365: 4364,4481
7073: 7192,7191,6955
7395: 7276,7394,7277,7396,7512,7513
10905: 10904,10999,10807,11000
7599: 7482,7600,7598,7716,7717
7945: 8061,7828,7944
9008: 8895,8896,9009,9007,9120,9121
9757: 9648,9540,9541,13091
8687: 8800,8572,8573,8688,8801
11721: 11637,11802
4375: 4491
6930: 6811,6929,6812,6931,7048,7049
9240: 9128,9239,9350,9351
13174: 
9569: 9459,9460,9568,9570,9677,9678
9355: 9464,9465,9244,9354,9356
9354: 9463,9353,9243,9244,9464,9355
10337: 10439
13105: 
7869: 7870,7751,7868,7985,7986
8884: 8996,8883,8770,8771,8997,8885
7760: 7759,7877,7642,7643,7761,7878
7403: 7284,7285,7404,7402,7521,7520
9015: 8902,9016,9014,9127,9128
8681: 8794,8795,8567,8682
6593: 6594,6712,6474,6592
9239: 9127,9128,9240,9238,9350,9349
12107: 12108
6535: 6654,6653,6416,6417,6536
9971: 9865,9970,10076,10077
7243: 7242,7361,7124,7125,7362
9230: 9341,9119,9231,9340,9118,9229
10412: 10309,10310,10413
8342: 8457,8226,8227,8341,8343
10595: 10495,10694,10695
11082: 11081,13033,11083
9461: 9352,9351,9571,9570,9460
8200: 8316,8315,8084,8083,8199,8201
8666: 8667,8780,8551,8552,8665,8779
7517: 7635,7634,7400,7399,7516,7518
4405: 
9497: 9388
7113: 13190,7231
8574: 8459,8460,8573,8689,8575,8688
7038: 7039,7157,6920
11199: 11200,11107,11013,11290,11291
8080: 7963,8079,8196,8197
6264: 
4413: 4297,4298,4529
6665: 6547,6666,6664,6546,6783
4415: 4300,4416,4531
4416: 4300,4301,4415,4531,4532
6453: 6335,6454,6452,6334,6571,6572
4418: 4303,4419,4533,4534
4419: 4420,4418,4534
4420: 4419,4421,4536
4421: 4422,4420,4536,4537
4422: 4421,4423,4537
4423: 4422,4424,4539
4424: 4423,4539,4540
4425: 4309,4541,4426
4426: 4541,4427,4425,4542
4427: 4426,4312,4428,4542,4543
4428: 4312,4313,4427,4429,4544,4543
4429: 4314,4430,4313,4428,4544,4545
4430: 4314,4315,4429,4431,4545,4546
4431: 4316,4432,4547,4315,4430,4546
4432: 4316,4317,4431,4548,4547,4433
4433: 4318,4549,4434,4317,4432,4548
4434: 4318,4549,4433,4319,4435,4550
4435: 4320,4436,4434,4319,4551,4550
4436: 4320,4435,4321,4437,4551,4552
4437: 4321,4322,4438,4436,4552,4553
4438: 4322,4437,4323,4439,4553,4554
4439: 4323,4440,4438,4554,4555
4440: 4439,4325,4441,4555,4556
4441: 4325,4326,4440,4442,4556,4557
4442: 4327,4558,4326,4441,4557
4443: 4327,4558,4328,4444,4559
4444: 4328,4329,4445,4559,4560,4443
4445: 4329,4444,4560,4330,4446,4561
4446: 4330,4331,4447,4445,4561,4562
4447: 4331,4446,4332,4448,4562,4563
4448: 4332,4333,4447,4449,4564,4563
4449: 4334,4450,4333,4448,4564,4565
4450: 4334,4335,4449,4451,4565,4566
4451: 4336,4452,4335,4450,4566,4567
4452: 4336,4451,4453,4567,4568
4453: 4454,4338,4452,4337,4568
4454: 4338,4453,4339,4455,4569
4455: 4339,4340,4456,4454,4570
4456: 4340,4455,4341,4571
6703: 6584,6585,6702
4458: 4343,4459,4574,4573
4459: 4343,4458,4460,4344,4574,4575
4460: 4345,4461,4344,4459,4576,4575
4461: 4345,4460,4346,4462,4576,4577
4462: 4346,4347,4463,4461,4577,4578
4463: 4347,4462,4348,4464,4578,4579
4464: 4348,4349,4463,4579,4580
4465: 4350,4466,4349,4580,4581
4466: 4350,4351,4465,4467,4581,4582
4467: 4352,4468,4351,4466,4582,4583
4468: 4352,4467,4469,4583,4584
4469: 4470,4468,4584,4585
4470: 4469,4585,4586
4471: 4356,4472,4587
4472: 4357,4471,4356,4587,4588
4473: 
4474: 4359,4358,4589
7154: 7035,7036,7155,7153,7272,7273
4476: 4477,4591,4592
4477: 4476,4362,4592,4593
4478: 
4479: 
6673: 6554,6672,6791,6910,6792
4481: 4365,4596,4597
6600: 6481,6482,6718,6599
4483: 4484
4484: 4483,4485,4600
4485: 4600,4484
9123: 9122,9234,9010,9011,9235,9124
4487: 13095
4488: 13095,4603
10679: 
7087: 
4491: 4375,4608
12155: 
9026: 8913,9025,9138,9139
6646: 
11183: 
9724: 9725
9444: 9443,9553,9334,9335,9445
7142: 7023,7141,7024,7143,7260,7261
10113: 10112,10217,10007,10008,10114,10218
10173: 10172,10276,10277
9099: 8986,8987,9098,9211
10718: 10717,10816,10618,10619,10817
7279: 7280,7398,7161,7160
6542: 6541,6660,6424,6543,6661
7895: 7777,7894,7896,8011,8012
11689: 13134,11771
7377: 7258,7376,7378,7259,7494,7495
9808: 9700,9699,9807,9916
6456: 6337,6455,6338,6457,6574,6575
9664: 9665,9555,9556,9663,9772
7974: 7973,8090,8091,7857,7858,7975
9016: 9015,8903,8904,9017,9129
4513: 
10981: 10886,11075
8256: 8372,8139,8371
8363: 8364
6211: 6092,6093,6212,6210,6329,6330
6227: 6108,6109,6228,6226,6345,6346
6760: 6759,6878
4520: 
9111: 8999,9112,9110,8998,9222,9223
4522: 4638,13188
13123: 2685,2583,2686
8892: 9004,9005,8891,8778,8779,8893
9549: 9657,9658,9548,9439,9440
7874: 7756,7873,7757,7875,7990,7991
6801: 6802,6920,6683,6919
8512: 
4529: 4645,4413,4644
4530: 
4531: 4532,4647,4415,4416,4646
4532: 4531,4647,4416
4533: 4648,4649,4418,4534
4534: 4650,4418,4419,4533,4649
4535: 
4536: 4537,4652,4420,4421,4768
4537: 4536,4652,4653,4422,4421
7008: 7009,7127,6889,6890,7126,7007
4539: 4654,4423,4424,4540,4655
4540: 4656,4655,4424,4539
4541: 4426,4425,4657,4542
4542: 4657,4658,4541,4426,4427,4543
4543: 4427,4428,4658,4542
4544: 4428,4429,4545,4660
4545: 4661,4660,4546,4430,4429,4544
4546: 4545,4661,4430,4431,4547,4662
4547: 4431,4432,4548,4546,4662,4663
4548: 4432,4547,4549,4433,4663,4664
4549: 4433,4434,4548,4665,4664,4550
4550: 4551,4666,4549,4434,4435,4665
4551: 4666,4667,4550,4435,4436,4552
4552: 4553,4668,4436,4437,4551,4667
4553: 4552,4668,4669,4437,4438,4554
4554: 4555,4670,4438,4439,4553,4669
4555: 4554,4670,4671,4440,4439,4556
4556: 4557,4672,4440,4441,4555,4671
4557: 4556,4672,4441,4442,4673
4558: 4442,4443,4559,4674,4673
4559: 4444,4560,4443,4558,4674,4675
4560: 4444,4445,4559,4676,4675,4561
4561: 4562,4677,4445,4560,4446,4676
4562: 4561,4677,4678,4446,4447,4563
4563: 4564,4447,4448,4562,4678
4564: 4563,4448,4449,4565
4565: 4566,4680,4449,4450,4564
4566: 4565,4680,4681,4450,4451,4567
4567: 4682,4683,4451,4452,4566,4681
4568: 4569,4684,4452,4453,4683
4569: 4568,4684,4454,4570,4685
4570: 4571,4686,4685,4455,4569
4571: 4570,4686,4456,4572,4687
4572: 4687,4688,4571,4573
4573: 4574,4689,4458,4572,4688
4574: 4690,4689,4573,4459,4458,4575
4575: 4576,4691,4459,4460,4574,4690
4576: 4691,4692,4575,4460,4461,4577
4577: 4578,4693,4461,4462,4576,4692
4578: 4577,4693,4694,4462,4463,4579
4579: 4580,4695,4463,4464,4578,4694
4580: 4579,4695,4464,4465,4581,4696
4581: 4582,4696,4697,4465,4466,4580
4582: 4581,4697,4466,4467,4583,4698
4583: 4698,4699,4584,4467,4468,4582
4584: 4583,4699,4468,4469,4585,4700
4585: 4701,4700,4470,4469,4584,4586
4586: 4702,4470,4701,4585
4587: 4471,4472,4588,4703
4588: 4589,4703,4472,4587
4589: 4588,4474,4705
8754: 8867,8753,8755
4591: 4476,4592
4592: 4593,4476,4477,4591
4593: 4592,4477,4594
4594: 4593
8531: 
4596: 4712,4481,4597
4597: 4829,4713,4481,4712,4596
7607: 7490,7608,7489,7606
7432: 7431,7550
4600: 4485,4484,4715
11637: 11721,11636
6342: 6461,6460,6343,6224,6223,6341
4603: 13095,4488,4719
6361: 6362,6480,6243,6479
7024: 7025,7143,6905,6906,7142,7023
7550: 7667,7432
13187: 3681,3793,3682
4608: 4491
4609: 
4610: 
7276: 7394,7395,7157,7275,7277
9211: 9099,9212
10438: 10335,10439,10539
11173: 13125,11081,11265
10276: 10172,10173,10277,10379
7420: 7301,7419,7302,7421,7537,7538
8853: 
7140: 7021,7139,7141,7022,7258,7259
11266: 11265,11356,11357
8323: 8322,8207,8208,8324
6605: 6604,6723,6486
9786: 9677,9678,9785,9787,9893,9894
10125: 10229,10126,10020,10124
10857: 
6455: 6336,6337,6456,6454,6574,6573
8506: 
11011: 10917
8067: 8066,7951,7950,8068
9144: 9031,9032,9255,9256,9143
9007: 8894,9006,8895,9008,9119,9120
10586: 10485,10587,10486,10686
7043: 7042,7161,6924,6925,7044,7162
11715: 
8691: 8690,8804,8576,8577,8692,8805
7310: 7192,7191,7309
6798: 6799,6917,6679,6680,6797,6916
10020: 9913,10021,10125,10126
4638: 4522,4639
4639: 4640,4638
4640: 4639,4641,4757
4641: 4758,4640,4757
9112: 8999,9000,9111,9113,9223,9224
8082: 7966,8083,8198,8199
4644: 4529,4645
4645: 4529,4646,4644,4761
4646: 4645,4531,4647
4647: 4531,4532,4646,4763
4648: 4533,4649,4764
4649: 4533,4648,4650,4534,4766
4650: 4651,4534,4768,4649,4767,4766
4651: 4650,4768
4652: 4536,4537,4653,4768,13182,4769
4653: 4537,4652,4654,4769,4770
4654: 4539,4653,4655,4770,4771
4655: 4540,4656,4654,4539,4771,4772
4656: 4540,4655,4772,4773
4657: 4774,4658,4542,4541
4658: 4657,4542,4775,4543
4659: 
4660: 4545,4661,4777,4776,4544
4661: 4778,4545,4660,4777,4546,4662
4662: 4779,4663,4547,4778,4661,4546
4663: 4779,4780,4662,4548,4547,4664
4664: 4665,4781,4548,4549,4780,4663
4665: 4664,4781,4549,4666,4550,4782
4666: 4551,4667,4550,4782,4783,4665
4667: 4551,4666,4783,4552,4668,4784
4668: 4552,4553,4669,4667,4784,4785
4669: 4553,4668,4554,4670,4785,4786
4670: 4554,4555,4671,4669,4786,4787
4671: 4555,4670,4556,4672,4787,4788
4672: 4556,4557,4671,4788,4789
4673: 4674,4790,4558,4557
4674: 4673,4558,4559,4675
4675: 4676,4792,4559,4560,4674
4676: 4675,4792,4560,4561,4677,4793
4677: 4561,4562,4678,4676,4793,4794
4678: 4562,4677,4563,4794,4795
12225: 
4680: 4565,4566,4681,4797
4681: 4566,4680,4567,4682,4798
4682: 4567,4683,4681,4799
4683: 4567,4682,4568,4684,4800
4684: 4568,4569,4800,4801,4683,4685
4685: 4570,4686,4802,4569,4684,4801
4686: 4570,4571,4685,4802,4803,4687
4687: 4572,4688,4804,4571,4686,4803
4688: 4572,4687,4804,4805,4689,4573
4689: 4574,4690,4573,4688,4805,4806
4690: 4574,4689,4691,4575,4806,4807
4691: 4576,4692,4575,4690,4808,4807
4692: 4576,4691,4577,4693,4808,4809
4693: 4577,4578,4694,4692,4810,4809
4694: 4578,4693,4579,4695,4810,4811
4695: 4579,4580,4694,4696,4811,4812
4696: 4581,4697,4580,4695,4812,4813
4697: 4581,4582,4696,4698,4813,4814
4698: 4583,4699,4582,4697,4814,4815
4699: 4583,4698,4584,4700,4815
4700: 4701,4585,4699,4584,4817
4701: 4585,4700,4586,4702,4817
4702: 4586,4819,4701
4703: 4588,4587,4819,4820
6559: 6678,6558,6676,6677
4705: 4589,4822
6588: 6706,6707,6469,6470,6587,6589
4707: 
4708: 
6089: 6208,6207,6090,5971,5970,6088
4710: 
6102: 6101,6220,6221,5983,5984,6103
4712: 4596,4597,4829
4713: 4597,4830,4829
7630: 7512,7513,7631,7747,7748
4715: 4600
13027: 13065,1317,1406
10078: 
8333: 8217,8218,8332,8334,8448,8449
4719: 4720,4603
4720: 4719
9968: 9969,10075
10319: 10421,10523,10215,10216,10320
4723: 
6944: 6825,6943,7062,6826,6945,7063
9843: 
8453: 8454,8568,8337,8338,8452
10799: 
6191: 6073,6192,6072,6190,6309,6310
9470: 9579,9580,9360,9469,9471
9028: 12823,8916,9029,9140,9141
4731: 
12905: 
6569: 6568,6687,6450,6451,6570,6688
6410: 6292,6411,6291
7132: 7014,7133,7013,7131,7251,7250
11362: 11271,11272,11451
7985: 7984,8101,7868,7869,7986,8102
9207: 9317,9095
7761: 7879,7878,7644,7643,7760
6678: 6559,6679,6677,6796,6797
9669: 9668,9560,9561,9670,9778
10832: 10733,10734,10929
10003: 9897,10002,10108,10109
10413: 10311,10414,10310,10412
8192: 8193,8075,8076,8307,8191
11129: 11036,11221
8986: 9099,8987,8873,9098,8985
8218: 8217,8333,8101,8102,8219,8334
8906: 9019,9018,8907,8793
6932: 6814,6813,7051,6933
8562: 8447,8561,8676,8448,8563,8677
4752: 4868
8030: 8031
11636: 11637
7659: 7660,7658,7776,7777
4756: 
4757: 4640,4641,4758,4873
4758: 4641,13148,4757,4759
4759: 4758,13148
6345: 6346,6464,6226,6227,6344,6463
4761: 4878,4645
6481: 6362,6480,6482,6599,6600
4763: 4764,4879,4647
4764: 4763,4648,4881
7998: 7999,8115,7881,7882,7997,8114
4766: 4767,4883,4649,4650,4882
4767: 4884,4883,4766,4650,4768,13182
4768: 4651,4650,4536,4652,4767,13182
4769: 13182,4885,4886,4652,4653,4770
4770: 4771,4887,4653,4654,4769,4886
4771: 4770,4887,4888,4654,4655,4772
4772: 4773,4889,4656,4655,4771,4888
4773: 4772,4889,4656,4774,4890
4774: 4657,4773
4775: 4776,4658
4776: 4775,4660,4777,4893
4777: 4778,4661,4660,4776,4893,4894
4778: 4661,4777,4779,4662,4894,4895
4779: 4780,4662,4663,4778,4895,4896
4780: 4779,4663,4664,4781,4896,4897
4781: 4665,4664,4780,4782,4898,4897
4782: 4666,4783,4665,4781,4898,4899
4783: 4666,4667,4782,4899,4900,4784
4784: 4785,4901,4667,4783,4668,4900
4785: 4784,4901,4902,4668,4669,4786
4786: 4787,4903,4669,4670,4785,4902
4787: 4786,4903,4904,4670,4671,4788
4788: 4789,4905,4671,4672,4787,4904
4789: 4788,4905,4672,4790,4906
4790: 4673,4789
13065: 13027
4792: 4676,4675,4909,4908,4793
4793: 4794,4910,4676,4792,4677,4909
4794: 4793,4910,4677,4678,4795,4911
4795: 4796,4912,4911,4678,4794
4796: 4795,4912,4797,4913
4797: 4798,4913,4914,4680,4796
4798: 4797,4914,4681,4799,4915
4799: 4915,4916,4682,4798
4800: 4684,4801,4683,4917
4801: 4684,4800,4685,4802,4917,4918
4802: 4686,4685,4803,4801,4919,4918
4803: 4686,4802,4687,4804,4919,4920
4804: 4687,4688,4805,4803,4920,4921
4805: 4688,4804,4689,4921,4922
4806: 4923,4922,4690,4689,4807
4807: 4924,4808,4690,4691,4806,4923
4808: 4925,4924,4807,4691,4692,4809
4809: 4810,4926,4692,4693,4925,4808
4810: 4927,4926,4809,4693,4694,4811
4811: 4812,4928,4694,4695,4927,4810
4812: 4811,4928,4695,4696,4813,4929
4813: 4814,4929,4930,4696,4697,4812
4814: 4813,4930,4697,4698,4815,4931
4815: 4931,4932,4698,4699,4814
4816: 
4817: 4934,4933,4701,4700
6829: 6710
4819: 4702,4703,4935,4820
4820: 4819,4703
4821: 
4822: 4823,4938,4939,4705
4823: 4822,4939,4824,4940
4824: 4940,4941,4825,4823
4825: 4824,4941,4826,4942
4826: 4943,4942,4825,4827
4827: 4944,4943,4826
9682: 9683,9791,9574,9573,9681
4829: 4597,4830,4713,4712
4830: 4829,4713,4947
8360: 8475,8245
7583: 7466
7068: 7067,6949,7069,7187
8915: 8801,8802,9027,8916
4835: 4952
6701: 6702,6583,6700,6582,6819,6820
8317: 8201,8202,8316,8432
7573: 
7173: 7055,7174,7054,7172,7292,7291
6224: 6105,6223,6225,6106,6342,6343
8537: 8423,8652,8651
7625: 7507,7624,7508,7626,7742,7743
6196: 6314,6195,6077,6078,6315,6197
7373: 7254,7255,7374,7490,7491
10630: 10529,10730
11169: 11076,11170
9372: 9262,9261,9373,9371
11781: 
7995: 7879,7878,7994,8111
9095: 9094,8982,9207
10534: 10432,10433
11856: 
9538: 9429
11276: 11185
9782: 9673,9783,9889,9890
12038: 11885
9471: 9472,9581,9362,9470,9580
13003: 11869
8564: 8450,8565,8679,8449,8563,8678
9150: 9037,9262
8778: 8665,8779,8664,8777,8892,8891
4862: 12921
6929: 6810,6811,6930,6928,7047,7048
8445: 8559,8560,8444,8329,8330,8446
7856: 7738,7855,7739,7857,7972,7973
11997: 11922
8748: 
4868: 4752
6723: 6604,6605,6842
10111: 10110,10215,10005,10112,10216,10006
4871: 4988,4987
8449: 8448,8563,8333,8334,8450,8564
4873: 4990,4757
7125: 7126,7124,7243
7369: 7251,7250,7368,7370,7487,7486
6779: 6778,6897,6660,6661,6780,6898
4877: 
4878: 4761,4994,4879,4995
4879: 4763,4878,4995,4996
6560: 6441,6442,6561
4881: 4882,13204,4764,4997,4998
4882: 4881,13204,4883,4766
4883: 4884,4767,4766,4882,4999,5000
4884: 4767,4883,13182,4885,5000,5001
4885: 13182,4769,4886,4884,5001,5002
4886: 4769,4885,4770,4887,5002,5003
4887: 4770,4771,4888,4886,5003,5004
4888: 4771,4887,4772,4889,5004,5005
4889: 4772,4773,4888,4890,5006,5005
4890: 4773,4889,5006,5007
11283: 11192,11191
4892: 4893,5009,5010
4893: 4894,4776,4777,4892,5010
4894: 4893,5011,4778,4777,4895
4895: 5012,4896,4778,4779,5011,4894
4896: 5013,5012,4895,4779,4780,4897
4897: 4898,5014,4780,4781,5013,4896
4898: 5014,4897,5015,4781,4782,4899
4899: 5016,4900,4782,4783,4898,5015
4900: 5016,4899,4783,4784,4901,5017
4901: 4784,4785,4902,5018,5017,4900
4902: 4785,4901,5018,4786,4903,5019
4903: 4786,4787,5019,4904,5020,4902
4904: 4787,4903,5020,4788,4905,5021
4905: 4788,4789,4904,4906,5021,5022
4906: 4907,4789,4905,5022,5023
4907: 4906,5024,5023,5141
4908: 4909,5025,5024,4792
4909: 5025,4908,4792,4793,4910,5026
4910: 4793,4794,5026,5027,4909,4911
4911: 4795,4912,4794,4910,5027,5028
4912: 4795,4796,4911,4913,5028,5029
4913: 4797,4914,4796,4912,5029,5030
4914: 4797,4798,4913,4915,5030,5031
4915: 4799,4916,4798,4914,5031,5032
4916: 4799,4915,5033,5032
4917: 5033,5034,4800,4801,4918
4918: 5035,4919,4801,4802,5034,4917
4919: 5036,5035,4918,4802,4803,4920
4920: 5037,4921,4803,4804,5036,4919
4921: 5038,5037,4920,4804,4805,4922
4922: 4806,5039,4805,5038,4921
4923: 4806,5039,4924,4807,5040
4924: 4925,4808,4807,4923,5041,5040
4925: 4924,4808,4926,4809,5041,5042
4926: 4927,4810,4809,4925,5042,5043
4927: 4810,4926,4811,4928,5043,5044
4928: 4811,4812,4927,4929,5045,5044
4929: 4813,4930,4812,4928,5045,5046
4930: 4813,4814,4929,4931,5047,5046
4931: 4815,4932,4814,4930,5047,5048
4932: 4815,4931,4933,5048,5049
4933: 4817,4934,4932,5049
4934: 4817,4933,5051
4935: 5051,4819,5052
9557: 9665,9556,9666,9558
6474: 6356,6355,6473,6592,6593
4938: 4822,4939,5054,5055
4939: 4822,4823,4938,4940,5055
4940: 4824,4941,5057,4823,4939
4941: 4824,4940,5057,4825,4942
4942: 4943,4826,4941,4825,5059
4943: 4826,4942,4827,4944,5059,5060
4944: 4827,4943,5060
13125: 11173,11080,10987,11081,13033
4946: 4947,5062,5063
4947: 4830,4946
8300: 8301,8299,8184,8416
4949: 4950
4950: 4949
8572: 8686,8458,8571,8573,8687
4952: 4835
6126: 6244,13183,6245
7887: 7770,7888,7769,7886,8003,8004
10126: 10125,10020,10021,13200
4956: 13158,4957,13097
4957: 13158,4956
7597: 7598,7480,7479,7714,7715
6599: 6718,6717,6480,6481,6600
7349: 7230,7231,12929
10290: 
7075: 7193,6956
11526: 11440,11611
6690: 6572,6691,6571,6689,6809,6808
4965: 
9745: 9636,9746
8201: 8202,8317,8084,8085,8316,8200
8590: 
12893: 
12598: 
13121: 
11438: 
4973: 
7346: 
10216: 10112,10217,10111,10215,10319,10320
9472: 9471,9581,9582,9362,9363
9350: 9459,9460,9349,9239,9240,9351
8990: 9103,8991,8877,9102,8989
8815: 8701,8814,8929,8816,8928
9662: 9663,9553,9554,9661
8375: 
6803: 6804,6922,6921,6684,6685,6802
7779: 7896,7897,7661
8402: 8403,8517
7159: 7040,7041,7158,7160,7278
10103: 10104,10208,9998,9997,10102
4987: 4988,4871,5104
4988: 4987,4871
10083: 10084,10188,10187
4990: 4991,4873,5108
4991: 13148,4990,4992,5108
4992: 4993,4991
4993: 4992,4994,5111
4994: 4878,4993,5112,5111,4995
4995: 5112,4878,4994,4879,4996,5113
4996: 4997,5113,5114,4879,4995
4997: 4996,5114,4881,4998
4998: 5116,4881,13204,4997,4999
4999: 5117,5000,13204,4883,4998,5116
5000: 4999,5118,5117,4884,4883,5001
5001: 5002,5119,4884,4885,5118,5000
5002: 5001,5119,5120,4885,4886,5003
5003: 5004,5121,4886,4887,5002,5120
5004: 5003,5121,5122,4887,4888,5005
5005: 5123,5006,4888,4889,5004,5122
5006: 5123,5005,4889,4890,5007,5124
5007: 5124,5125,4890,5006
5008: 5009,5126,5125
5009: 5008,5126,5127,4892,5010
5010: 5128,4892,4893,5009,5127
5011: 4894,5012,4895,5128,5129
5012: 5013,4895,4896,5011,5129,5130
5013: 5012,4896,5014,4897,5130,5131
5014: 4898,4897,5015,5013,5131,5132
5015: 4898,5014,5016,4899,5132,5133
5016: 4899,4900,5015,5017,5133,5134
5017: 4901,5018,5016,4900,5134,5135
5018: 4901,4902,5017,5019,5135,5136
5019: 4903,5020,4902,5018,5136,5137
5020: 4903,5019,4904,5138,5137,5021
5021: 5022,5139,4904,5020,4905,5138
5022: 5021,5139,4905,4906,5023,5140
5023: 5140,5141,5258,4907,4906,5022
5024: 5025,4908,4907,5141,5142
5025: 4909,4908,5024,5026,5142,5143
5026: 4910,5027,4909,5025,5143,5144
5027: 4910,5026,4911,5145,5144,5028
5028: 5029,5146,5027,4912,4911,5145
5029: 5028,5146,4912,4913,5030,5147
5030: 5031,5147,5148,4913,4914,5029
5031: 5030,5148,4914,4915,5032,5149
5032: 5149,5150,4915,4916,5031
5033: 5034,4917,4916,5151
5034: 5033,4917,5035,4918,5151,5152
5035: 5036,4919,4918,5034,5152,5153
5036: 5035,4919,5037,4920,5153,5154
5037: 5038,4920,4921,5036,5154,5155
5038: 5037,4921,4922,5039,5155,5156
5039: 4923,4922,5038,5156,5157
5040: 5041,5158,4923,4924,5157
5041: 5158,5159,5040,4925,4924,5042
5042: 5160,5043,4925,4926,5041,5159
5043: 5042,5160,5161,4927,4926,5044
5044: 5162,5045,4927,4928,5161,5043
5045: 5162,5044,4928,4929,5163,5046
5046: 5164,5163,5047,4929,4930,5045
5047: 5164,5046,4930,4931,5165,5048
5048: 5166,5165,5049,4931,4932,5047
5049: 5166,5048,4932,4933,5167
5050: 
5051: 4935,4934,5052
5052: 5169,4935,5051,5053,5170
5053: 5054,5171,5170,5052
5054: 5171,5053,4938,5172,5055
5055: 5173,5172,4938,4939,5054
7548: 7547,7665,7430,7431,7666
5057: 4940,4941,5175,5174
9104: 9215,9103,8991,8992,9105
5059: 5177,5176,4943,4942,5060
5060: 4943,4944,5177,5059
9113: 9001,9114,9000,9112,9224,9225
5062: 5063,5179,5180,4946
5063: 5062,5180,4946,5181
6676: 6557,6558,6677,6675,6559
8573: 8459,8574,8458,8572,8687,8688
11356: 11265,11266,11355,11357
5067: 
7893: 7775,7776,7894,8009,8010
13041: 2902,2691,2795,2901
7397: 7278,7396,7514,7515
7518: 7519,7636,7400,7401,7517,7635
7017: 7018,7136,7135,6899,6898,7016
10393: 10392,10394,10495
5074: 13158
7530: 7529,7647,7648,7412,7413,7531
11378: 11288
8893: 8894,9006,8779,8780,8892,9005
5078: 
11021: 10926,10927,11022,11114,11115
12611: 12560
10388: 10285,10387,10490
11535: 
8662: 8661,8775,8547,8548
11977: 
6430: 6431,6312,6429,6548,6549
8124: 8007,8008,8241,8240,8123
7849: 7731,7848,7965,7732,7733,7850
11371: 11280,11372
7949: 7948,7833,7950,8066
7729: 7847,7611,7612,7728,7730
6303: 6421,6422,6184,6185,6302,6304
10306: 10203,10202,13169,10307
11096: 11002
5094: 
13097: 4956
9799: 9690,9798,9691
7745: 7746,7862,7863,7627,7628,7744
13133: 815
5099: 
5100: 
5101: 
7733: 7732,7850,7851,7734,7616,7849
8642: 8755,8756,8528
5104: 5222,4987,5221
9576: 9466,9467,9575,9577,9684,9685
7581: 
5107: 
5108: 5226,4990,4991
13176: 
7600: 7482,7599,7483,7601,7717,7718
5111: 5112,4993,4994,5228
5112: 5230,5111,4995,4994,5113
5113: 4996,5114,5230,5112,4995
5114: 4996,4997,5113,5232
9583: 
5116: 4998,4999,5117,5234
5117: 4999,5118,5000,5116,5234
5118: 5117,5000,5001,5119,5236
5119: 5001,5002,5120,5118,5237,5236
5120: 5002,5119,5003,5121,5237,5238
5121: 5003,5004,5122,5120,5239,5238
5122: 5004,5121,5123,5005,5239,5240
5123: 5006,5005,5122,5124,5240,5241
5124: 5007,5125,5123,5006,5241,5242
5125: 5007,5124,5008,5242,5243
5126: 5008,5009,5127,5243,5244
5127: 5009,5126,5010,5128,5245,5244
5128: 5010,5246,5245,5011,5127,5129
5129: 5247,5130,5011,5012,5246,5128
5130: 5248,5247,5129,5013,5012,5131
5131: 5249,5132,5013,5014,5248,5130
5132: 5250,5249,5131,5014,5015,5133
5133: 5251,5134,5015,5016,5250,5132
5134: 5251,5133,5016,5017,5252,5135
5135: 5252,5253,5136,5018,5017,5134
5136: 5253,5135,5018,5019,5137,5254
5137: 5255,5138,5254,5019,5020,5136
5138: 5255,5137,5020,5021,5256,5139
5139: 5021,5022,5256,5257,5138,5140
5140: 5023,5258,5022,5139,5257,5375
5141: 5023,5258,4907,5024,5259,5142
5142: 5260,5259,5143,5025,5024,5141
5143: 5260,5142,5025,5026,5144,5261
5144: 5262,5145,5261,5026,5027,5143
5145: 5262,5144,5027,5028,5146,5263
5146: 5028,5029,5263,5264,5145,5147
5147: 5030,5148,5029,5146,5264,5265
5148: 5030,5031,5147,5149,5266,5265
5149: 5032,5150,5031,5148,5266,5267
5150: 5032,5149,5268,5385,5267
5151: 5268,5269,5152,5033,5034
5152: 5269,5151,5034,5035,5270,5153
5153: 5271,5270,5036,5035,5152,5154
5154: 5272,5155,5036,5037,5271,5153
5155: 5272,5273,5154,5038,5037,5156
5156: 5274,5157,5038,5039,5273,5155
5157: 5274,5275,5156,5039,5040
5158: 5041,5159,5040,5276,5275
5159: 5041,5158,5276,5042,5160,5277
5160: 5042,5278,5161,5277,5043,5159
5161: 5278,5160,5043,5279,5162,5044
5162: 5279,5045,5044,5280,5161,5163
5163: 5281,5164,5046,5162,5045,5280
5164: 5281,5163,5282,5047,5046,5165
5165: 5166,5283,5048,5164,5282,5047
5166: 5165,5284,5283,5048,5049,5167
5167: 5166,5284,5049
9483: 13016,13046,9592,9593
5169: 5287,5052,5170
5170: 5171,5288,5053,5169,5287,5052
5171: 5054,5289,5288,5053,5170,5172
5172: 5173,5290,5055,5054,5171,5289
5173: 5291,5172,5290,5055,5174
5174: 5175,5057,5291,5173
5175: 5174,5057,5176
5176: 5177,5294,5059,5175
5177: 5294,5176,5059,5060
5178: 5179
5179: 5062,5180,5178
5180: 5062,5063,5179,5181
5181: 5063,5180,5299
6315: 6316,6434,6197,6314,6433,6196
10714: 10614,10715,10813
7271: 7270,7389,7390,7152,7153,7272
5185: 
6232: 6114,6233,6113,6351
10194: 10089,10090,10195,10297,10298
9887: 9994,9888,9779,9780,9993
9349: 9459,9350,9238,9239,9458,9348
7482: 7599,7600,7365,7483
9452: 9561,9562,9342,9343,9451,9453
8999: 8886,8887,9000,9111,9112,8998
5193: 13030
10916: 
6183: 6064,6065,6182,6184,6301,6302
7884: 7766,7767,7883,7885,8000,8001
8804: 8690,8803,8691,8805,8917,8918
6462: 6344,6463,6461,6343,6580,6581
8325: 8324,8440,8209,8210
10620: 10519,10619,10520,10621,10720
9653: 9652,9761,9654,9762,9545
11351: 11261,11440
9327: 9436,9326,9216,9217,9328
12565: 
11777: 
9255: 9366,9365,9256,9143,9144,9254
6412: 6294,6413,6411,6530,6531
8803: 8690,8804,8802,8916,8917
12108: 12107,13178
10143: 
9232: 9120,9121,9342,9233,9343,9231
6672: 6553,6671,6554,6673,6790,6791
9129: 9017,9016,9128
9467: 9466,9576,9357,9468,9577
12094: 
9678: 9677,9786,9569,9570,9679,9787
6706: 6588,6707,6587,6705,6825
6775: 6894,6656,6657,6893
10195: 10091,10196,10194,10090,10298,10299
13142: 1958,2055,1959,2056,2057
5221: 5222,5104
5222: 5104,5221
9667: 9558,9559,9668,9776
6526: 6644,6407,6408
7359: 7240,7241,7358,7477
5226: 5108,5227
5227: 5228,5226
5228: 5227,5111
5229: 
5230: 5112,5113,5347,5348
6584: 6585,6703,6465,6466,6702,6583
5232: 5114,5349,5350
6223: 6105,6224,6104,6341,6342
5234: 5352,5116,5117,5351
5235: 
5236: 5354,5237,5118,5119,5353
5237: 5354,5236,5119,5120,5238
5238: 5356,5239,5120,5121,5237
5239: 5356,5238,5357,5121,5122,5240
5240: 5358,5241,5122,5123,5239,5357
5241: 5240,5358,5123,5124,5359,5242
5242: 5359,5360,5243,5124,5125,5241
5243: 5360,5242,5125,5126,5361
5244: 5126,5127,5245
5245: 5246,5128,5127,5244
5246: 5128,5245,5247,5129
5247: 5248,5129,5130,5246
5248: 5247,5130,5249,5131
5249: 5250,5131,5132,5248
5250: 5249,5132,5251,5133,5368
5251: 5133,5134,5250,5252,5368,5369
5252: 5253,5135,5251,5134,5369,5370
5253: 5252,5135,5136,5254,5370,5371
5254: 5255,5137,5253,5136,5371,5372
5255: 5138,5137,5254,5256,5372,5373
5256: 5139,5257,5255,5138,5373,5374
5257: 5256,5139,5140,5493,5374,5375
5258: 5023,5140,5141,5259,5375,5376
5259: 5260,5142,5141,5258,5376,5377
5260: 5259,5142,5143,5261,5377,5378
5261: 5262,5144,5260,5143,5378,5379
5262: 5145,5144,5261,5263,5379,5380
5263: 5146,5264,5262,5145,5380,5381
5264: 5146,5263,5147,5381,5382,5265
5265: 5266,5383,5264,5147,5148,5382
5266: 5383,5265,5148,5149,5384,5267
5267: 5384,5385,5149,5150,5266
5268: 5269,5151,5150,5385,5386
5269: 5268,5151,5152,5270,5386,5387
5270: 5271,5153,5269,5152,5387,5388
5271: 5270,5153,5272,5154,5388,5389
5272: 5273,5154,5155,5271,5389,5390
5273: 5272,5155,5274,5156,5390
5274: 5275,5156,5157,5273
5275: 5274,5157,5158,5393
5276: 5158,5159,5277,5393,5394
5277: 5278,5160,5159,5276,5394,5395
5278: 5160,5161,5277,5279,5395,5396
5279: 5162,5280,5278,5161,5397,5396
5280: 5279,5162,5281,5163,5397,5398
5281: 5164,5163,5282,5280,5398,5399
5282: 5281,5164,5165,5283,5399,5400
5283: 5166,5165,5284,5282,5400,5401
5284: 5166,5283,5167,5401,5402
5285: 5402,5403
5286: 
5287: 5169,5288,5170,5404,5405
5288: 5171,5289,5170,5287,5405,5406
5289: 5171,5288,5172,5290,5406,5407
5290: 5291,5173,5172,5289,5407,5408
5291: 5173,5290,5174,5408,5409
6433: 6314,6432,6315,6434,6551,6552
6413: 6294,6412,6531,6532
5294: 5177,5176,5411
12822: 
10107: 10211,10212,10001,10002,10108
8806: 
10328: 10430,10329,10431
5299: 5416,5181
6114: 6232,6233,5996,6115
5301: 
9541: 9432,9431,9540,9757,9542
7837: 7720,7838,7719,7836,7953,7954
10626: 10526,10525,10625,10725,10726
10482: 12943,10483
9378: 9267,9487
10642: 
8013: 8130,7896,7897,8012
9338: 9337,9227,9228
8087: 7970,8203,8088,7971,8204
6640: 6759,6521
9801: 9909,9693,9908
5313: 
10119: 10120,10013
8811: 8924,8810,8697,8698,8812
8975: 8862,8863
13185: 5556
7266: 7265,7384,7147,7148,7267,7385
7954: 7955,8070,7837,7838,7953
11369: 11278,11368
5321: 
9263: 9373,9264,13016
13195: 3244,3354,3464
6214: 6095,6213,6096,6215
9256: 9366,9255,9144,9367,9257
7291: 7292,7410,7172,7173,7290,7409
8423: 8424,8538,8307,8537
5328: 5446
7053: 6935,7171,7172,6934,7052,7054
12958: 
6832: 6833,6713,6831
9672: 9781,9780,9671,9563,9564
10307: 10308,10204,10306,10203
10120: 10119,10014,10015
5335: 
6663: 6545,6664,6544,6662,6781,6782
7163: 7044,7162,7164,7045,7281,7282
6285: 6404,6284
8101: 7984,7985,8100,8102,8217,8218
8700: 8701,8814,8813,8699
5341: 
6432: 6313,6314,6433,6431,6550,6551
6237: 6236,6355
7405: 7286,7287,7406,7404,7522,7523
8118: 8002,8119,8001,8117,8234
5346: 
5347: 5465,5466,5230,5348
5348: 5349,5467,5230,5347,5466
5349: 5348,5467,5468,5232,5350
5350: 5351,5469,5232,5349,5468
5351: 5350,5469,5470,5352,5234
5352: 5353,5471,5234,5351,5470
5353: 5352,5471,5354,5472,5236
5354: 5472,5237,5236,5473,5353
5355: 
5356: 5239,5238,5357,5475
5357: 5356,5239,5240,5358,5475,5476
5358: 5240,5241,5357,5359,5476,5477
5359: 5360,5478,5242,5358,5241,5477
5360: 5359,5478,5242,5243,5479,5361
5361: 5480,5360,5243,5479
5362: 5480,5363,5598,5481
5363: 5362,5364,5481,5482
5364: 5365,5363,5482,5483
5365: 5364,5366,5483,5484
5366: 5367,5365,5484,5485
5367: 5366,5485,5486
5368: 5369,5487,5250,5251
5369: 5368,5487,5251,5252,5370,5488
5370: 5371,5488,5489,5252,5253,5369
5371: 5370,5489,5253,5254,5372,5490
5372: 5490,5491,5373,5255,5254,5371
5373: 5372,5491,5255,5256,5374,5492
5374: 5493,5492,5256,5257,5373
5375: 5376,5494,5257,5140,5258,5493
5376: 5375,5494,5495,5258,5259,5377
5377: 5378,5260,5259,5376,5495
5378: 5377,5260,5261,5379,5497
5379: 5380,5497,5498,5262,5261,5378
5380: 5379,5498,5262,5263,5381,5499
5381: 5499,5500,5382,5263,5264,5380
5382: 5381,5500,5264,5383,5501,5265
5383: 5266,5501,5502,5265,5382,5384
5384: 5267,5266,5383,5502
5385: 5267,5150,5268,5386,5504
5386: 5387,5504,5505,5268,5269,5385
5387: 5386,5505,5269,5270,5388,5506
5388: 5506,5507,5271,5270,5387,5389
5389: 5390,5508,5271,5272,5388,5507
5390: 5389,5508,5272,5273
5391: 5392,5510,5509
5392: 5391,5393,5512,5510,5511
5393: 5512,5275,5276,5392
5394: 5512,5276,5277,5395,5513
5395: 5514,5513,5278,5277,5394,5396
5396: 5397,5515,5278,5279,5395,5514
5397: 5515,5516,5396,5279,5280,5398
5398: 5399,5517,5280,5281,5397,5516
5399: 5398,5517,5518,5281,5282,5400
5400: 5401,5519,5282,5283,5399,5518
5401: 5400,5519,5520,5284,5283,5402
5402: 5285,5284,5401,5520
5403: 5285,5521,5404,5522
5404: 5522,5523,5287,5403,5405
5405: 5406,5524,5287,5288,5404,5523
5406: 5405,5524,5525,5289,5288,5407
5407: 5408,5526,5289,5290,5406,5525
5408: 5407,5526,5291,5290,5409
5409: 5410,5528,5291,5408
5410: 5409,5528,5529,5411
5411: 5294,5410,5529
5412: 
5413: 5414
5414: 5533,5413
7534: 7533,7651,7416,7417,7535,7652
5416: 5299,5534,5535
8430: 8544,8429,8314,8315,8431,8545
13116: 11001,10809,10907
5419: 
5420: 
6902: 6903,6783,6901,7020,7021
8216: 8215,8331,8332,8099,8100,8217
7724: 7841,7606,7605,7723
10999: 10904,10905,10998,11000,11093
7889: 7890,7772,7888,8005,8006
6912: 6793,6911,6794,6913,7030,7031
8058: 7941,7942,8175
7520: 7521,7638,7402,7403,7519,7637
7274: 7393,7155,7273,7392
9041: 8928,9153,8929,9042
10684: 10782,10783
5432: 
8095: 7979,8096,8212,8211
5434: 
9878: 
9872: 9871,9764,9873
10414: 10311,10312,10413
9785: 9677,9786,9676,9784,9892,9893
10313: 10314,10416,10210,10209,10312
10406: 10405,10304,10507,10508
8919: 8918,9031,9032,8805
10178: 10075,10281,10282
6684: 6685,6683,6802,6803
10901: 10900,10995,10803,10804
8281: 
5446: 5328
8565: 8450,8451,8564,8680,8679,8566
7189: 7070,7188,7307,7308
6572: 6690,6691,6453,6454,6571,6573
9421: 9311,9530
9536: 9535,9426
8062: 8061,8063
6917: 6798,6799,6918,6916,7035,7036
9246: 9134,9135,9247,9357,9356
13206: 10983,11076,11077
7892: 7774,7891,7775,8008,8009
5457: 
13080: 13150,5703
6469: 6351,6470,6468,6587,6588
10325: 10326,10428,10221,10222,10324
5461: 5462
5462: 5461
5463: 
7289: 7288,7407,7170,7171,7408
5465: 5347,5466
5466: 5347,5465,5348,5467
5467: 5348,5349,5468,5466,5585
5468: 5349,5467,5350,5469,5585,5586
5469: 5350,5351,5470,5468,5586
5470: 5351,5469,5352,5471,5588
5471: 5352,5353,5470,5472,5588
5472: 5354,5473,5353,5471,5590
5473: 5354,5472,5590,5591
7950: 7833,7951,7949,8067,8066
5475: 5592,5356,5357,5593,5476
5476: 5593,5594,5477,5357,5358,5475
5477: 5594,5476,5358,5359,5478,5595
5478: 5359,5360,5479,5477,5595,5596
5479: 5360,5478,5361,5480,5596,5597
5480: 5361,5362,5479,5597,5598
5481: 5599,5717,5482,5362,5363,5598
5482: 5599,5481,5363,5364,5483,5600
5483: 5601,5600,5484,5365,5364,5482
5484: 5483,5601,5365,5366,5602,5485
5485: 5602,5603,5486,5366,5367,5484
5486: 5603,5485,5367,5487,5604
5487: 5368,5369,5488,5486,5605
5488: 5370,5489,5369,5487,5605,5606
5489: 5370,5371,5488,5490,5606,5607
5490: 5372,5491,5371,5489,5607,5608
5491: 5372,5490,5373,5492,5608,5609
5492: 5374,5491,5373,5609
5493: 5374,5257,5375,5494
5494: 5375,5376,5495,5493
5495: 5376,5494,5377
12546: 
5497: 5379,5498,5378,5614
5498: 5379,5380,5497,5499,5615
5499: 5381,5500,5380,5498,5616
5500: 5381,5499,5382,5501,5617,5618
5501: 5383,5502,5500,5382,5618,5619
5502: 5383,5501,5384,5619,5620
12044: 12043
5504: 5386,5505,5385
5505: 5386,5387,5504,5506
5506: 5388,5507,5387,5505
5507: 5388,5506,5389,5508
5508: 5389,5390,5507,5625
5509: 5627,5510,5391,5626
5510: 5627,5628,5509,5391,5392,5511
5511: 5629,5630,5392,5512,5628,5510
5512: 5393,5394,5392,5630,5511
5513: 5395,5514,5394,5630,5631
5514: 5395,5513,5515,5396,5631,5632
5515: 5397,5516,5396,5514,5633,5632
5516: 5397,5515,5398,5517,5633,5634
5517: 5398,5399,5518,5516,5634,5635
5518: 5399,5517,5400,5519,5635,5636
5519: 5400,5401,5520,5518,5636,5637
5520: 5401,5519,5402,5637,5638
5521: 5403,5522,5638,5639
5522: 5404,5523,5403,5521,5639,5640
5523: 5404,5522,5405,5524,5640,5641
5524: 5405,5406,5525,5523,5641,5642
5525: 5406,5524,5407,5526,5642,5643
5526: 5407,5408,5525,5643
5527: 
5528: 5409,5410,5529,5645
5529: 5410,5528,5411
5530: 
9772: 9663,9664,9879,9880
10035: 10036,10140
5533: 5414,5651,5534
5534: 5651,5533,5416,5535
5535: 5416,5534,5536
5536: 5535
8316: 8200,8315,8201,8317,8431,8432
6340: 6221,6222,6339,6458
10608: 10507,10508,10609,10708
9657: 9658,9766,9549,9548,9656
8548: 8434,8549,8662,8663
6308: 6309,6189,6190,6307
8131: 8132,8130
7747: 7864,7865,7630,7748
10920: 10919
6671: 6552,6553,6672,6670,6789,6790
6670: 6551,6669,6552,6671,6788,6789
8237: 8352,8353,8238,8120,8121,8236
6900: 6782,6901,6781,6899,7018,7019
10896: 
9456: 9346,9457,9347,9565,9566
5552: 5670
7302: 7303,7421,7183,7184,7420,7301
10913: 10914,11008,10815,10816,10912
10543: 10643
5556: 13185
8354: 
11355: 11265,11356
10809: 13116
10518: 10618,10416,10417,10519,10619
8210: 8094,8093,8209,8325
9380: 9490
10909: 10910,10811,10908
9443: 9444,9552,9334,9333,9442
6244: 6125,6126,6362,6243,6245
7537: 7655,7654,7538,7420,7419,7536
10429: 10326,10428,10327,10531
9798: 9689,9690,9799,9797,9905
7880: 7763,7881,7762,7997
6895: 6896,7014,7013
8112: 8111,8228,8229
8206: 8090,8207,8089,8205,8321,8322
9266: 
8880: 8766,8767,8879
10817: 10718,10816,10914
11131: 
6530: 6411,6412,6531,6649
8079: 8080,7962,8195,8196
10408: 10510,13169,10509
5580: 5581
5581: 5702,5580
7183: 7184,7301,7302
8184: 8299,8068,8300
5584: 
5585: 5703,5704,5467,5468,5586
5586: 5705,5468,5469,5585,5704
7194: 7195
5588: 5470,5471,5706
6088: 6087,6206,5969,5970,6089,6207
5590: 5591,5709,5472,5473
5591: 5590,5709,5473,5592,5710
5592: 5710,5475,5711,5591,5593
5593: 5594,5712,5476,5592,5475,5711
5594: 5593,5712,5713,5476,5477,5595
5595: 5596,5714,5478,5594,5713,5477
5596: 5595,5714,5715,5478,5479,5597
5597: 5598,5716,5479,5480,5596,5715
5598: 5597,5716,5362,5480,5717,5481
5599: 5717,5481,5482,5600,5836,5718
5600: 5483,5601,5599,5482,5718,5719
5601: 5483,5600,5484,5602,5719,5720
5602: 5603,5485,5601,5484,5720,5721
5603: 5602,5485,5486,5604,5721,5722
5604: 5605,5603,5486,5722,5723
5605: 5604,5487,5488,5606
5606: 5607,5488,5489,5605
5607: 5606,5725,5489,5490,5608
5608: 5726,5609,5490,5491,5607,5725
5609: 5608,5726,5727,5491,5492
7656: 7539,7655,7538,7774
5611: 5612,5730,5729
5612: 5611,5730,5613,5731
5613: 5731,5732,5614,5612
5614: 5613,5732,5497,5615,5733
5615: 5734,5733,5498,5614,5616
5616: 5617,5735,5499,5615,5734
5617: 5735,5736,5616,5500,5618
5618: 5619,5737,5500,5501,5617,5736
5619: 5618,5737,5501,5502,5620
5620: 5621,5739,5502,5619
5621: 5620,5740,5739
9464: 9465,9574,9355,9573,9463,9354
5623: 5624,5742,5743
5624: 5623,5625,5743,5744
5625: 5626,5508,5624
5626: 5625,5627,5509,5745
5627: 5628,5510,5509,5626,5746
5628: 5627,5510,5629,5511,5747
5629: 5630,5511,5628,5748
5630: 5629,5511,5512,5513
5631: 5750,5514,5513,5632
5632: 5633,5751,5514,5515,5631,5750
5633: 5751,5752,5632,5515,5516,5634
5634: 5635,5753,5516,5517,5633,5752
5635: 5634,5753,5754,5517,5518,5636
5636: 5637,5755,5518,5519,5635,5754
5637: 5636,5755,5519,5520,5638,5756
5638: 5756,5757,5520,5521,5637
5639: 5757,5521,5522,5640,5758
5640: 5758,5759,5522,5523,5639,5641
5641: 5642,5523,5524,5640,5759
5642: 5641,5524,5525,5643
5643: 5762,5525,5526,5642
6595: 6713,6476,6594
5645: 5528
5646: 
7252: 7253,7371,7370,7133,7134,7251
9222: 9332,9221,9110,9111,9333,9223
5649: 5767,5768
6245: 6364,6244,6126
5651: 5534,5533
8123: 8006,8122,8007,8124,8240,8239
10524: 10525,10625,12824,10523,10624
6581: 6699,6700,6582,6462,6463,6580
8444: 8445,8559,8328,8329,8443,8558
9218: 9107,9217,9219,9328,9329
5657: 
10606: 10505,10605,10506,10705,10706
5659: 5777,5660
5660: 5659
12173: 12172
7723: 7722,7840,7604,7605,7724,7841
5663: 
11280: 11371
8908: 9020,9021,8794,8795,8907,8909
6280: 
7423: 7304,7422,7540,7541
13058: 13081,12233,12164
10929: 10832,10928
5670: 5552
12365: 
9414: 9304,13002
10312: 10311,10414,10208,10209,10313
7617: 7500,7618,7735
8243: 8126,8127,8359
8119: 8002,8003,8118,8120,8236
9203: 
13092: 9715
8296: 8181,8295,8297
8242: 
12906: 11967,12043,12042
8885: 8998,8997,8772,8771,8884,8886
9970: 9969,9971,10076
7245: 7246,7126,7127
9595: 9486,9484,9485,9703
7719: 7718,7836,7835,7602,7720,7837
6807: 6926,6925,6688,6689,6806,6808
8534: 8420,8419,8533,8648,8649
11006: 11005,10912,11099,11100
7707: 7825,7589,7824
6567: 6448,6449,6566
5692: 5811
7416: 7297,7298,7415,7417,7533,7534
5694: 5695,5813
5695: 5694,5813,5814
6317: 6436,6435,6199,6198,6316
7626: 7508,7509,7625,7627,7743,7744
6713: 6595,6594,6712,6831,6832
7769: 7768,7886,7651,7652,7770,7887
6931: 6812,6813,6930,7049,7050
6349: 6468,6230,6231,6348,6467,6586
5702: 5581,13150
5703: 5585,5704,13080,5822
5704: 5585,5703,5586,5705,5822
5705: 5586,5706,5704,5824
5706: 5705,5588,5824,5825
5707: 
6360: 
5709: 5590,5591,5710,5827,5828
5710: 5592,5711,5591,5709,5828,5829
5711: 5592,5710,5593,5712,5829,5830
5712: 5593,5594,5713,5711,5830,5831
5713: 5594,5712,5595,5714,5831,5832
5714: 5595,5596,5715,5713,5832,5833
5715: 5596,5714,5597,5716,5833,5834
5716: 5597,5598,5715,5717,5834,5835
5717: 5599,5481,5598,5716,5835,5836
5718: 5836,5599,5600,5837,5719
5719: 5837,5838,5720,5601,5600,5718
5720: 5838,5719,5601,5602,5839,5721
5721: 5839,5840,5722,5602,5603,5720
5722: 5840,5721,5603,5604,5841,5723
5723: 5841,5842,5604,5722
7828: 7944,7945
5725: 5607,5608,5726,5844
5726: 5608,5609,5727,5725,5845,5844
5727: 5726,5609,5728,5845,5846
5728: 5727,5729,5846,5847
5729: 5611,5730,5728,5847,5848
5730: 5611,5612,5729,5731,5848,5849
5731: 5613,5732,5612,5730,5849,5850
5732: 5613,5731,5614,5733,5850,5851
5733: 5615,5734,5732,5614,5851,5852
5734: 5615,5733,5735,5616,5852,5853
5735: 5617,5736,5616,5734,5853,5854
5736: 5617,5735,5618,5737,5854,5855
5737: 5618,5619,5736,5855,5856
12995: 8820,8932,8933
5739: 5620,5621,5740,5857,5858
5740: 5621,5739,5858,5859
5741: 5859,5860,5742
5742: 5861,5743,5623,5860,5741
5743: 5861,5862,5742,5624,5623,5744
5744: 5863,5745,5624,5862,5743
5745: 5744,5863,5626,5864,5746
5746: 5864,5865,5747,5627,5745
5747: 5865,5746,5628,5866,5748
5748: 5866,5867,5629,5747
8089: 7972,8088,8205,7973,8090,8206
5750: 5631,5751,5632,5868,5869
5751: 5633,5752,5632,5750,5870,5869
5752: 5633,5751,5634,5753,5870,5871
5753: 5634,5635,5754,5752,5871,5872
5754: 5635,5753,5636,5755,5872,5873
5755: 5636,5637,5754,5756,5873,5874
5756: 5638,5757,5637,5755,5874,5875
5757: 5638,5639,5756,5875,5876
5758: 5640,5759,5639,5876,5877
5759: 5640,5758,5641,5877,5878
7440: 
7507: 7506,7624,7625,7389,7390,7508
5762: 5643,5880
7015: 7016,7134,6896,6897,7014,7133
5764: 5882,5883,5765
5765: 5883,5764,5884
5766: 5767,5885
5767: 5649,5768,5766,5885
5768: 5649,5767,5887
8361: 8245
5770: 
5771: 
7852: 7851,7734,7968,7969
8073: 7956,8072,7957,8189
5774: 5893
7540: 7541,7422,7423,7539
9453: 9454,9563,9343,9344,9452,9562
5777: 5659,5895
8813: 8699,8812,8700,8814,8926,8927
12953: 5805,5924
9695: 9803,9586,9587,9696,9804
8808: 8694,8807,8921,8695
5782: 
10044: 
6198: 6317,6199,6079,6080,6316,6197
11250: 
7477: 7359,7478,7595
9888: 9994,9887,9781,9780
6551: 6550,6669,6670,6432,6433,6552
7881: 7763,7880,7764,7882,7997,7998
6362: 6361,6480,6481,6243,6244
9913: 10020
7064: 6945,6946,7063
9373: 9263,9372,9262,13016
6117: 6236,5998,6235
6396: 
8765: 8651,8764,8652,8766
6301: 6420,6419,6302,6182,6183,6300
7851: 7733,7850,7734,7852,7967,7968
10437: 10335
9124: 9235,9011,9123
10827: 10826,10828,10924
5802: 5921
9487: 9486,9376,9378
6831: 6949,6712,6713,6832
5805: 5924,12953
10088: 9982,9983,10089
8660: 8659,8773,8774,8546,8545,8661
7080: 
9686: 9795,9687,9577,9685
11008: 10913,10914,11102
5811: 5692
5812: 
5813: 5931,5694,5695,5814
5814: 5815,5695,5813
5815: 5814
6123: 6241,6005,6004,6124
11208: 11209,11300
5818: 5819,5937
5819: 5818,5938,5937
5820: 5938,5940
6457: 6338,6339,6458,6456,6575,6576
5822: 5940,5703,5704
8469: 
5824: 5942,5943,5706,5705,5825
5825: 5826,5944,5706,5824,5943
5826: 5825,5944,5827,5945
5827: 5828,5945,5946,5709,5826
5828: 5827,5946,5709,5710,5829,5947
5829: 5947,5948,5710,5711,5828,5830
5830: 5831,5949,5711,5712,5829,5948
5831: 5830,5949,5950,5712,5713,5832
5832: 5833,5951,5713,5714,5831,5950
5833: 5832,5951,5952,5714,5715,5834
5834: 5835,5953,5715,5716,5833,5952
5835: 5834,5953,5716,5717,5836,5954
5836: 5954,5718,5599,5717,5835
5837: 5838,5719,5718,5955,5956
5838: 5837,5719,5720,5839,5957,5956
5839: 5840,5721,5838,5720,5957,5958
5840: 5839,5721,5722,5841,5959,5958
5841: 5842,5723,5840,5722,5959,5960
5842: 5841,5723,5961,5960
5843: 5961,5844,5962
5844: 5845,5963,5725,5726,5843
5845: 5963,5964,5844,5726,5727,5846
5846: 5847,5965,5727,5728,5845,5964
5847: 5846,5965,5728,5729,5848,5966
5848: 5849,5967,5966,5730,5729,5847
5849: 5848,5967,5730,5731,5850,5968
5850: 5851,5969,5968,5731,5732,5849
5851: 5850,5969,5732,5733,5852,5970
5852: 5971,5970,5853,5734,5733,5851
5853: 5852,5971,5734,5735,5854,5972
5854: 5972,5973,5735,5736,5853,5855
5855: 5856,5974,5736,5737,5854,5973
5856: 5855,5974,5975,5737,5857
5857: 5858,5976,5739,5856,5975
5858: 5857,5976,5977,5740,5739,5859
5859: 5741,5978,5740,5858,5977
5860: 5741,5978,5861,5742,5979
5861: 5862,5742,5743,5860,5980,5979
5862: 5861,5743,5744,5863,5980,5981
5863: 5744,5745,5862,5864,5981,5982
5864: 5865,5746,5863,5745,5982,5983
5865: 5864,5747,5746,5866,5983,5984
5866: 5867,5748,5865,5747,5984,5985
5867: 5866,5748,5986,6104,5985
5868: 5987,5986,5750,5869
5869: 5870,5988,5750,5751,5868,5987
5870: 5988,5989,5869,5751,5752,5871
5871: 5872,5752,5753,5870,5989
5872: 5871,5991,5753,5754,5873
5873: 5874,5992,5754,5755,5872
5874: 5873,5755,5756,5875
5875: 5876,5756,5757,5874
5876: 5875,5757,5758
5877: 5996,5758,5759,5878
5878: 5879,5997,5759,5877,5996
5879: 5878,5997,5998,5880
5880: 5762,5879,5998
7553: 7436,7552
5882: 5883,6001,5764,6000
5883: 5882,6001,5764,6002,5765,5884
5884: 5883,6002,5765
5885: 5766,5767
8657: 
5887: 5768
10211: 10107,10212,10210
8540: 8425,8426,8541,8654,8655
6661: 6543,6662,6542,6660,6779,6780
9033: 9146,9034,8921,9032
5892: 6010
5893: 6011,5894,5774
5894: 5893,5895
5895: 5777,5894
8432: 8547,8316,8317,8546,8431
6686: 6568,6687,6685,6804,6805
5898: 
10409: 
12493: 
8601: 8716
8900: 8787,8901,8786,8899,9012,9013
9245: 
5904: 
7958: 8075,8074,7842,7959
7315: 
8359: 8243,8475
12591: 
11083: 11176,11084,11082
11219: 
9560: 9450,9451,9559,9561,9668,9669
7776: 7775,7893,7658,7659,7777,7894
5913: 
6447: 6328,6446,6329,6448,6565,6566
7054: 7055,7173,6936,7053,6935,7172
7614: 7496,7613,7497,7615,7731,7732
5917: 
10221: 10116,10220,10117,10222,10324,10325
9988: 9881,9987,9882,9989
9276: 
5921: 5802
7979: 8095,7862,7863,7978
10991: 10898,11084,11085
5924: 5805,12953,6042
5925: 
7990: 8107,8106,7989,7874,7873,7991
7350: 12929
5928: 
8419: 8418,8533,8303,8304,8420,8534
7989: 7990,8106,7872,7873,7988,8105
5931: 5813,6050
10281: 10383,10178,10280,10282
7877: 7759,7760,7994,7876,7878,7993
6836: 6955,6718,6717,6835,6837
5935: 6053
7408: 7290,7289,7407,7525
5937: 5818,5819,5938,6056
5938: 5820,5819,5937,6056
6689: 6570,6571,6688,6690,6807,6808
5940: 5822,5820,6059
7970: 8087,7854,7853,7971
5942: 5824,5943,6060,6061
5943: 5942,5824,5825,5944,6061
5944: 5825,5826,5943,5945,6062
5945: 5827,5946,5826,5944,6064
5946: 5827,5828,5945,5947,6064,6065
5947: 5829,5948,5828,5946,6065,6066
5948: 5829,5947,5830,5949,6066
5949: 5830,5831,5950,5948,6067,6068
5950: 5831,5949,5832,5951,6068,6069
5951: 5832,5833,5952,5950,6069,6070
5952: 5833,5951,5834,5953,6070,6071
5953: 5834,5835,5952,5954,6071,6072
5954: 5836,5835,5953,6072,6073
5955: 6073,6192,5837,6074,5956
5956: 6074,6075,5957,5837,5838,5955
5957: 6075,5956,5838,5839,6076,5958
5958: 6076,6077,5959,5839,5840,5957
5959: 6077,5958,5840,5841,6078,5960
5960: 6078,6079,5841,5842,5959
5961: 5843,5842,5962
5962: 6080,6081,5843,5961
5963: 5845,5964,5844,6082
5964: 5845,5963,5846,5965,6082,6083
5965: 5846,5847,5964,5966,6083,6084
5966: 5848,5967,5847,5965,6084,6085
5967: 5848,5849,5966,5968,6085,6086
5968: 5850,5969,5849,5967,6086,6087
5969: 5850,5851,5968,5970,6087,6088
5970: 5852,5971,5851,5969,6088,6089
5971: 5852,5970,5853,5972,6089,6090
5972: 5854,5973,5971,5853,6090,6091
5973: 5854,5972,5855,5974,6091,6092
5974: 5855,5856,5975,5973,6092,6093
5975: 5856,5974,5857,5976,6093,6094
5976: 5857,5858,5977,5975,6094,6095
5977: 5858,5976,5859,5978,6095,6096
5978: 5859,5860,5977,6096,6097
5979: 6098,5980,5860,5861,6097
5980: 6098,5979,5861,5862,5981,6099
5981: 6100,6099,5982,5862,5863,5980
5982: 5981,6100,5863,5864,6101,5983
5983: 6101,6102,5984,5864,5865,5982
5984: 6102,5983,5865,5866,6103,5985
5985: 6103,6104,5866,5867,5984
5986: 5868,5987,5867,6104,6105
5987: 5868,5986,5988,5869,6105,6106
5988: 5870,5989,5869,5987,6107,6106
5989: 5870,5988,5871,6107,6108
12126: 
5991: 5872,5992,6109
5992: 5873,5993,5991,6110
5993: 5992,5994,6111
5994: 5993,6112
10694: 10792,10595,10695
5996: 5877,5878,5997,6114,6115
5997: 5878,5879,5998,5996,6115
5998: 5879,5997,5880,6117
5999: 
6000: 5882,6001
6001: 5882,5883,6002,6000,6120
6002: 5883,6001,5884,6120
6778: 6779,6897,6659,6660,6896
6004: 6123,6005
6005: 6123,6004,6124
7367: 7248,7366
10002: 9895,10001,10003,10107,10108
10526: 10626,10425,10424,10525
6486: 6367,6604,6605
6010: 5892,6011
6011: 5893,6010,6130
6012: 
7239: 7238,7121,7240,7358
6335: 6453,6454,6216,6217,6334,6336
6015: 
6921: 6803,6922,6802,6920,7039,7040
8447: 8446,8561,8562,8331,8332,8448
8788: 8787,8901,8674,8675,8789
8558: 8443,8557,8672,8559,8444,8673
8890: 9003,8777,8891
8208: 8092,8209,8091,8207,8323,8324
8636: 
10703: 10702,10802,10603,10704
8204: 8088,8205,8087,8203,8319,8320
10754: 10853
11560: 11474,11645
8117: 8000,8001,8116,8118,8233,8234
10206: 10101,10102,10205,10309,10310
13054: 2538,2539,2643
7147: 7029,7148,7265,7266
8740: 
6367: 6486,6366
7977: 7978,8094,7860,7861,7976,8093
9362: 9252,9251,9471,9472
13095: 4487,4488,4603
8022: 8139
7955: 7954,7838,7839,7956,8072
11652: 13202,11567
6541: 6542,6660,6423,6659
6040: 
6041: 
6042: 5924
6043: 
9559: 9450,9560,9449,9667,9558,9668
8105: 7988,8104,8106,7989
7734: 7733,7851,7616,7852
13159: 3620,3732,3510,3511
6048: 
7850: 7733,7851,7849,7965,7966,7967
6050: 5931
11659: 
8766: 8880,8653,8652,8765
6053: 6171,5935
7124: 7005,7123,7125,7242,7243
6055: 6173
6056: 6057,6175,5938,5937,6174
6057: 6175,6056,6058,6176
6058: 6178,6059,6177,6057
6059: 6178,6058,5940,6060
6060: 6061,5942,6178,6059
6061: 6060,5942,5943
6062: 6181,5944
6919: 6800,6801
6064: 6065,6182,6183,5945,5946
6065: 6064,6183,5946,5947,6066,6184
6066: 6184,5947,5948,6065
6067: 6068,6186,5949,6185
6068: 6067,6186,6187,5949,5950,6069
6069: 6070,6188,5950,5951,6068,6187
6070: 6069,6188,5951,5952,6071,6189
6071: 6072,6189,6190,5952,5953,6070
6072: 6071,6190,5953,5954,6073,6191
6073: 6191,6192,5955,5954,6072
6074: 6075,6193,5956,6192,5955
6075: 6074,6193,6194,5957,5956,6076
6076: 6077,5958,6075,6194,5957,6195
6077: 6076,5959,5958,6078,6196,6195
6078: 6079,5960,6077,5959,6196,6197