14621: 15142,14737,13121,15063,15309,13634
28593: 
13143: 15539,13812,14361,15328,15622,14474
14985: 12992,14468,15004
12849: 15042,14916,13286,13739,14993,14440
14615: 15036,14197,15549
14328: 14861,14694,12834,13116,14874
15299: 14712
15380: 13118,15045,13609
15145: 13583,15792,13067,15738
13511: 15146,14024,13300,13188,14267,14613
13765: 13209,15179,13270,14234,13952,15486
14273: 15175,13526,14175,14055,15397,13619
15510: 13399,13659,14638,15589,15301,14759
14172: 13989,15141,15052,14880
15340: 15351,15535,13500,13605,13479,12841
13959: 13034,13484,15134,14564,15254
14722: 15567,13402,15414,12905,15495,15772
15448: 
13438: 13635,14576,15806
14250: 13151,15150,15162,14556,14681,13489
13724: 13235,14118,15548,15683
13533: 15115,15010,14179,15735,15795,14560
12829: 15497,13328,15565,14052,13968
12939: 13803,15276,13259
12855: 14777,14565,14729,14641,15514,14705
14343: 13097,14174,13669,14599,13237,15229,12920
13151: 14048,15150,14250,12899,15162,13114
13942: 12896,14790,14676,13935,15001,14643
15785: 14053,13565,12971,14757
13420: 13344,15657,15175,13331,14907,15076
13886: 14146,13204
14390: 15515,13336,15799,15277,15571,14671
14436: 14701,15348,15468,13996
13061: 13084,15382
14824: 14052,13169,13968,15199,14727
15666: 14047,13152,13451,15098,12894
13488: 13804,13850,13471,14552
14556: 13317,13316,15162,14250,13489,13531
14112: 14247,13603,14626,14637
13025: 13908,13735,13614,15060,15591,14571
13894: 15204,13123,15561,15259,13013,13992
13263: 13601,13021,14137,15530,14520,13297
12840: 13936,14331,15218,14900,13760
14405: 14284,13146,14075,15184,15217,13564
14881: 13980,13790,14073,13766
15804: 15473,13513,14681,13825,13577,14684
13753: 13638,13171,12922,12984,13866,13767
14598: 14645,14673,14674
15338: 13401,14001,12988,14444,15594
14998: 13175,14815,14844,15751,15323,13574
14252: 15443,15248,13840,13363,15812,15117
14488: 13264,15365,13646
15372: 14450,13801,15770,15503,14644,15270
15484: 15114,14270,13847,15291
15779: 12856,12958,15067,15627,15222,13236
14108: 15188,15070,15754,14384,13853,13245
13302: 
15116: 14745,15143,15020,13569,13682,14955
14833: 15231,14473,13238
15737: 13957,13456,13678,13602,13501,14862
15482: 13489,13825,13531,13961,13347,14294
12958: 12856,14021,15779,12908,15645,15222
15178: 15014,13211,15293,14489,14168
15254: 12942,13959,14564,15766
13948: 15231,13172,14628
14438: 15202,14078,14251,14980
14923: 13067,14757,14831,15738,14677
15373: 14623,15339,14356,14275,13690
14809: 13385
14802: 13027,15573,14147,12998,14995,13964
13070: 13780,14220,15292,14107,15094
15519: 14795,14606,14078
15363: 15337,14699
15792: 15145,13583,14511,12857
14683: 14960,13997,15575,13719,15686,15304
14079: 13367,13549
15791: 
14024: 13511,15146,14613,13252,14519,14358
15721: 15598,13630,14552,13877
12911: 13049,14470,14074,13442,15693,15129
15760: 13118,14651,15399,15312,15565
15698: 15551,15367,15207,14071,13617,13052
14920: 15477,13958
14650: 14084,13269,15528,15173
15002: 
15244: 13841,15782,13821,14446,15268
14178: 14903,15353
15730: 14010,13425,15153
15150: 15450,14048,13151,14250,14681,14684
14893: 13022,13536
15332: 14752,14054,13012,14169,13581,13365
15296: 14892,15407,14502,13089,15075,14022
13814: 15711,15612,14466,14386,12947,14193
14323: 
14369: 14883,13916,14827,13503,14593,14209
14361: 15328,13937,12949,15539,13143
15293: 15560,13567,15178,14666,14168
13301: 13674,15545,14340,14852,14785,14946
14921: 13002,14568,14798
15092: 15712,15459,15703,13891,13462,14249
15201: 13018,12854,12833,15131,14232
13808: 14608,14242,13381,14210,13532,14104
14929: 14501,13666,13772
14999: 13099,13416,12971
15024: 15249,15180,15017,12973,14605,13081
12932: 15000,12846,14821,12893
13297: 12879,14520,13021,13263,13272,15311
15745: 15687,14909,15108,15141
14391: 12997,13384,13277,14127,14496,13047
15688: 13435,15558,15195,12993,14551,13883
13010: 14083,14670,15488,14917,12827,14056
14186: 14829,13829
15403: 12889,15283,15474,14271,14424,15144
14808: 15678,13378,14666,14348,15261,15359
13553: 12828,12830,13142,14394,14685,14624
14742: 13329,14046,14244,15801,12832,12852
14585: 13752,15331,14579,13698,14481
15343: 13914,14849,14219
13793: 15676,14260,13579
13952: 14588,13765,14234,15486,14504,13197
13414: 13090,14974,14731
13938: 13330,13501,12968,13602,15394
13222: 14012
14594: 13815,15305,15337,14699,14198
13281: 14574,15762,14392,14090,12871,15595
15589: 13928,14871,15510,13399,15375
12994: 15414,13322,15005,14817,13926,13643
14666: 15678,14808,13567,15293,14348,14168
12990: 15157,15559,14859,15451,12817,13662
15427: 14588,14571,15591,14604,13834,13197,13895
13181: 14891,14631,14680,15753,15364,14261
13503: 14593,14781,15240,14850,14369,14827
15370: 
13646: 15393,15759,15185,15365,14488
14828: 13767,14572,14363,12847,14641,14705
14489: 14467,15178,13211,14516
13278: 14452,13415,12900,15015,13093,12892
13446: 14482,14656,15297,14432
13267: 14583
12936: 13172,14628,13950,14766,14200,15374,15086
14448: 13897,13600
14606: 15003,15419,14795,15519
15139: 14576,14599,15806,13950,15274,14174
15061: 13542,13983
15761: 
14898: 14254,15800,14836,15498,14433,13626
14812: 12927,13017,15723,13665,15214,13508
14428: 13242,15102,15719,13758,15715
13873: 15794,15778,14077
14003: 12900,14857,14376,13589,13093,15464
13119: 13829
14949: 15801,14075,15780,14518,14293,14284
15420: 13453,14717,13073
13833: 13743
14835: 
13248: 14443,15629,15762,15595,15757,14086
14477: 14394,14232,14685,14171,14415
14532: 14493,14984,14161,12819,15346
12965: 15030
15418: 13563,15605
15253: 12931,14690,13578,12872,14352,13554
15645: 14179,13087,12908,13343,12958,15222
13684: 13170,14368
15654: 15503,15096,14644,14842,13737,13736
14587: 13019,15095
12896: 14676,13942,13822,15001,14739,12866
15557: 14190,13856,14354,13292,15641,14662
15506: 15122,14638,14263,13983,15301
15151: 15697,13309,13226,15409,12864,15136
13924: 15284,13370
14364: 13771,15511,14867,13920,13361,12977
15432: 13674,15545,15663,13661,15009,15182
13976: 15314,14618,14435,14016,14237,15330
13286: 13906,13828,14916,12849,15680,14993
13583: 15145,15792,14511,13067,14529
13702: 14725,15496
13044: 15042,14916,14642,14456,13945,14743
14912: 13946,14659,14603,13127,15057,13122
14351: 14875,13190,14212,14695,13298
14642: 13487,15486,14456,13945,14504,13044
14684: 14964,13577,15450,15150,14681,15804
14179: 13087,15735,15645,15795,15222,13533
15238: 13124,14416,13466,13903,12831,12868
15434: 
15071: 15408,13718,13045
13124: 13723,14416,15238,12831,14782,15491
14543: 13880,12956,15187
13839: 
15608: 13638,13171,15200,14732,13217,14487
13299: 13738,14521,14622,15133,13406,13288
14214: 15399,15565
14322: 14286,15298,15289
15261: 13515,14235,14671,14808,13378,15359
12814: 14672,13101,15209
14027: 14102,15031,15371,13475,15750
14338: 13685,14102,15696,13319,12929
14601: 13413
15573: 14802,13027,14822,15352,14758,14995
13398: 14046,14244,14189
14559: 15202,13698,13752
15579: 14622,13474,13463,14458,15133,15611
12838: 14237,13662,13494,15451,14274,15333
14751: 15603,15586
13957: 13456,13613,15737,15152,14862,15559
14861: 14328,14694,15805
13708: 14632,14649,15313
14926: 12898,13327,14497,13972,13748,13060
13230: 13906,14409,13828,13260,13608,14344
13930: 15798,13795,14393
15530: 13207,14806,14913,14137,13263,14520
15590: 15171
13496: 13024,14442
13794: 14596,14735
14496: 15712,13047,13246,13134,14127,14391
14134: 13700,13313,15233,13486,13031
13928: 15589,13836,14871,14098,15122,14638
15669: 15000,15046,13931,15140
15801: 14949,14075,15780,14046,13329,14742
15662: 14779,13392,14688,13497,15108,15650
13781: 12886,13114,12999,15190,15237,13418
12826: 13199,14386,12954
14939: 14475,15597,15084,14301,13310,14536
12919: 12827,15452,14056,14333
14535: 13673,12948,15633,14509,14115,14816
13240: 13318,13425,13314
15390: 13448,14991,15787,13854,13841
13266: 
15472: 15324,14016,15748,13467,15677,15104
13361: 13920,13478,14364,13357,14771,12977
14798: 14818,14921,15528
13841: 15244,13439,12987,15390
15538: 13575,13239
14990: 15100,15158
14063: 13939,12968,12982,14138,13397
14580: 12985,14549,14256,14787
14226: 14531,13911,15747,15220,13650,15096
13690: 15411,13571,13491,14275,15373,14623
14624: 13898,13483,13553,15051,14394
13732: 13739,14440,12833,15428,13057,13018
13994: 
13936: 14331,12840,13760,13463,15039
15755: 13194,14938
13899: 15461,14258,13231,14231,13748,13566,13060
13096: 
15731: 12985,14549,15245,14856,15619
15246: 13210,14271,13394,15576,14741
14429: 15392,14586,15127,14561,14111
13085: 12967,12882,13455
12979: 13261,14118,13592,14211
14301: 14569,15657,15084,14797,15597,14939
13463: 15579,15133,15611,13760,13936,15039
13442: 13432,14074,15410,15797,12911,13049
14844: 13598,13664,14105,13175,14998,13574
13421: 15091,15247,13576,13818
13212: 14140,14890,15402
14354: 15557,13856,13094,13292,13680,15529
14696: 13993,15660,13051,15443,13840
13213: 12851,15496,15027,15341
14944: 13923,15289
13147: 15717,14850,13625,15069,14281,13107
14706: 12984,15615,13866,14584,15592,15518
15562: 13510,14716,12897,15308,14961
15309: 15063,13934,13628,14737,14621,15080
14877: 14357,14801,13256,13115,14070,13374
12931: 15253,14690,15016,13554,14176,13667
15051: 14092,13142,14592,14624,13483
13848: 13631,13896,15431,13452,13550,15179
15050: 15362,13379,12983,13758
15115: 13671,13533,15010,13173,15735,13258
13544: 14784,14199,14411,14444
13743: 14415,13833,15769,15664
15406: 12915,15575,13224,14230,15686,12825
12886: 13781,15162,13114,15190,13316,15213
14350: 15412,15720,13136,13065,14724,14023
15750: 14102,14027,13066,12929,13609
15278: 13585,15584,14719,15609,14744,14308
13277: 14127,13064,15658,12997,14391,13769
15534: 13447,15777,15117,14192,13200
13319: 15033,15134,14338,14794,13484
13174: 15275,13568,14475,14848,13481,13310
13412: 15129,15561,13969,15693,14796,13123
14483: 15740,14948,13284,14561
13911: 14531,15695,14226,14567,13585,13650
13562: 15487,14731
14143: 14607,13855
13458: 13005,13597,12839,15321,13385
14309: 
13520: 13359,14947,13377,28659,15161,15078
14237: 12838,13662,13494,14435,14618,13976
15091: 13421,15247,15105
14952: 15135,13290,13428,14507,12884,14925
13173: 13671,15115,13164,14381,13258,13664
13378: 15678,14808,15799,15546,15261,14671
14359: 15439,15068,13434,15743
15322: 15488,13742,14823,13988,15550,14917
13889: 14523,14843,15093
13823: 15451,13519,14274,13112,13842
12839: 15378,15321,15437,13597,14101,13458
15057: 13127,14124,14912,15347,15720,13122
14554: 14889,14513,12907,15047,15742,12832,13545
14403: 14159,15601,15649,14133
15400: 15567,14310,14036,13598,14105,15749
14236: 15587,13910,13505
12864: 14221,14792,15409,13591,13226,15151
14304: 14561,14111
13809: 13956,14721,13871,12921,13103,14325
14685: 14394,14477,14232,15131,12828,13553
14730: 14142,14619
13822: 14737,15001,14408,14739,15080,12896
15308: 14961,12946,14716,15562,12952
15089: 
13858: 13461,13349,13345,13153,14723,13695
14497: 13327,14926,13784,12879,14057,13972
14410: 15717,13625,13262,13737,13145,13736
28520: 15495,13160,28675,14157,14310,15454,14238
15142: 14737,14621,15001,13202,13634,13935
15732: 13289,15032,14126,14888,15088,14505,13379
13003: 14785,14946,13543,13471
15441: 
14246: 15512
14933: 13787,15060,15714,13624,13722,13908
15257: 14402,12962,14164,14858,13492,15527
14784: 13544,14762,15342,15225,14928
15344: 
14860: 15722,13238,14396
15576: 13817,15379,13394,15474,14271,15246
15141: 15108,15650,15745,14880,14172
13104: 15783,15320,15197,14764,13973
13657: 13687
13595: 15351,15535,14603,15387,13193,14123
14121: 15711,14466,14810,14654,14276
14851: 13642,13666,15326,15691
14148: 13340,15226,15397,13619,13210,14424
13311: 14928,12988,15617,15456,15563
13329: 14902,14657,14742,15801,14075,12852,15217
12823: 14272,15391
13759: 13770,13054,14894,13383
13764: 13354,13186
15326: 13034,15411,14851
13790: 13980,14881,14285
14050: 15405,15307,14491,14132,14311,15625
15614: 14954,14950,14524,13280,13876,13083
14185: 13078,14942,15522,14873,13612,15121
14637: 14626,13786,15013,14031,14247,14112
13209: 15179,13765,14234,14471,15494,13550
15460: 15335,12902
14434: 14966
13483: 14624,15051,14592
15492: 14888,15088,13057,13018,12854,13242
14800: 14510,13062,14173,15243,13729
12948: 15270,13673,12980,14535,14450,14509
13223: 15286,13037,13987,15070,14136,13176,13245
13260: 14227,13541,13608,14344,13072,13230
15140: 15478,15000,15669,13931,14458
13236: 15627,13345,15067,15779,12898,15172
14291: 
15291: 15383,13847,14253,15484
13666: 13642,14851,14253,14929
14028: 
13161: 14037,14144,12834,14874,13332,13441
13373: 13718,13849,14878,13102
14663: 14282,14646
13476: 13907,14786
13847: 13308,12820,15484,15291
14692: 13757,13879,14470,15109,14319,15269
13272: 13280,13306,15311,14057,12879,13297
13134: 15223,13904,14127,14277,14496,13246
13953: 13046,13621,13863,15633,14115,15044
14276: 15672,15266,13749,14654,15711,14121
13303: 14749
15794: 15778,13873,15315
14414: 15734,13954,14251
15099: 14282
13034: 13484,13959,15326,13571
13917: 13505,14341
14064: 13112,15499,13011,14385,14595
14626: 15087,14637,14031,14112
14476: 14767,14633,13165,12903
14900: 14453,13523,12840,13224
14609: 15483,15477
13693: 13782,15318,13555,13551,13291,14574
15456: 14292,15617,13311,14747,14512,15563
14384: 15470,15754,14058,15515,15188,14108
15533: 13932
13850: 13488,13804,13471,15239,14852,14946
14997: 14245,15256,15168,15066,14697
13596: 
13877: 14297,15327,15721,13630
13117: 13852,15707,15661
15149: 13485,14207,15126,14883,13916,13512
14336: 14265,13985,15681
14461: 13778
14149: 14577,14421,14669,13620
14381: 13164,14557,13173,14703,13175,13664
15605: 14911,15418,13563
14963: 13755,12998,13343,13964,13750,15739
15385: 15360,14315,13043,14689,15384,15490
15148: 
15726: 13276,14482,14300,14432
15412: 15347,15720,14350,13528,15670,12980,14724
15490: 14936,14015,15384,15385,14315,15124
15640: 13502,13111,14462,12850,15286,13037
13347: 14294,15256,15485,15482,13961,14697
15073: 14996
13960: 14095,14969,14910
15102: 15719,15769,12854,14428,13242
13768: 15164,14303,14335,13632,14035
15725: 12952,14069,15068,15743,14897,15685
14916: 15042,13044,12849,14456,13286,13828
13087: 14179,15735,15645,13343,13750,15621
14515: 13687,14837,13775
13056: 
13598: 14844,14105,14310,15400,13574,14238
13874: 15789,15553,14193,15612,13109,14263
13710: 14807,12981
15143: 14745,15116,15020,14327,15525,13092
13309: 13569,15697,15151,13682,14347,15136
14564: 14804,13959,15254,12942
14310: 15567,15400,13598,14238,15495,28675,28520
14899: 15680,15775,15471,12835,13227,13015
15575: 12915,15406,15686,15304,15616,14683
15255: 14093,13597,14890,14553,15402
13588: 15028,13032,13811,14453,13141
14528: 13832,13364,13610,13241
13385: 15321,13458,14809
14788: 14983,14914,15055,12969,12964,14885
13121: 13391,15607,15063,13634,13508,14621
14229: 
14007: 15805,14517
14511: 13583,15792,13612,13984
14367: 15342,15189,15225,13163,15425,13449
13789: 13982,15265,14298,13456,13613,13681
14491: 15405,14050,14162,15672,15479,14311
14523: 13889,14097,14843,14218
13118: 15760,15380,15045,15232,13655
15532: 15623,15137,13782,13291,15629,13587
13428: 14952,15135,13290,13445,14443,13587
12916: 14723,12917,13153,14258,12930,14973
13640: 
13785: 13720
15239: 15527,12950,14852,14858,13804,13850
15088: 14888,15492,15732,13379,13242
15437: 15378,12839,13128,14775,15066,14101
13170: 13684,13325,14760,13575
13585: 15584,15278,14308,15695,13911,14567,13035
14469: 14640
14593: 13503,15240,14369,14209,14302,15180
14813: 12966,14734,15300,14635
12873: 14043,14255,13389,13681,14866
13436: 13514,15035,14008,13477,13490
13896: 13631,13848,15179,13270,14227,13541
14445: 14260,13579,13352,15564,13731
14256: 13979,14787,14580,14549
13058: 14502,13089,15622,14474,15505,14259
13866: 12984,14706,15592,13753,13171,13184
13224: 12915,15406,14900,14230
15529: 13680,14832,15744,13688,13338,14354,13292
13897: 14448,13600,13509
13852: 13117
15193: 14098,14224,15479,15266,15789,15553
14278: 13079
13063: 14755
13867: 
14736: 15609,14578,14308,13407,13686,15285
14040: 14081,15359,14348,13354
14234: 13209,13765,14471,13614,13952,14588
13719: 14067,15686,13647,13997,14683,14547
15388: 15313,14377,14163
15376: 13419,14518,15780
14721: 13809,13956,14769,13703,13871,15586
14019: 13497,15132,13494,14740,15574
15584: 13585,14719,15278,13177,14567,13035
15284: 13203,13370,13924
14140: 13212,14388,15684,14890,14589
13755: 14963,14085,12998,14935,15729,15739
13426: 13762,14362
13368: 13391,15607,13237,13400,14756,12928
14647: 13307,13502,15286,15628,14136
14217: 14895,15174,15768,14791,15415,12830,13142
13526: 14273,15175,13012,13581,14055,13344
12964: 13890,12969,14788,14002
14544: 
12848: 13180,15736,15215,14395,15551,13617
14864: 15709
13189: 14962,13656,15773,15690,14261,15319
14401: 14718
13250: 13482
13359: 14830,13520,14947,13377,15705,13477
14372: 14904,15056,13803
15772: 15237,13205,14722,12905,15495,28675,14157
12942: 13862,15254,14564,14431
14039: 14837,13775,14290
14577: 14149,14421,13659,15508
13993: 14696,15660,13029,13392,13966
15136: 13649,14347,12837,13226,13309,15151
14379: 13485,14207,14017,13560
14331: 13936,12840,12915,15039,14915
13776: 13138,13864,15489,13387,13979
14286: 14322
13475: 13756,15371,14876,14027
14688: 15314,14618,15574,13497,14779,15662
14212: 15011,14695,14904,15056,13190,14351
15682: 14770,14711,13576,13818,15112
13163: 14792,15409,15425,13326,15189,14367
14002: 14885,13158,13890,12964,15079,15306
13546: 15543,14202,14216,13180,13955,14895
15213: 14206,13316,15190,14141,14062,12886
15120: 13091,15751,15323,13741,13904,13504
15636: 
13796: 15206,13126,15059
14988: 15549,14630
13674: 13301,15545,15432,12950,14852,15663
15524: 13966,13156,14977,13051,12875,15302,14295
13978: 13777
15025: 15810,13192,15632
12961: 14475,15597,14838,14026,13568,13807
12827: 15452,12919,14056,13010,15679,14917
15509: 13162,13999,12945,14334,14510
14474: 13376,15505,13143,15328,13058,15622
13407: 14578,14736,13017,15214,13202,15285
13454: 14191,13706,14106,14223,15704,14032
13459: 15383
13062: 14370,14173,14800,14332,13510
13317: 14206,13316,14556,13252,14664,13531
13760: 12893,15611,15218,13936,12840,13463
13607: 13110,15581,14119,14500,13608,14409
13739: 14993,13925,14440,13732,12849,13057
15415: 14791,13870,14217,14092,13142
13926: 14817,12930,14896,12994,13643
15716: 15280
15041: 13887,14546,13406,14521,13027,14822
15158: 14426,13716,14990,14113
14513: 14554,14889,12907,15353,12904
13704: 14312
15268: 13400,13356,14756,15244,15782,14446
13273: 13909,14625,14980,14110,13507,15371,13756
13179: 14602
15582: 
13166: 12892,15568,15416,15580,13636,13918
14008: 13477,14324,14130,14911,14830,13436
14610: 14219,14770
13235: 13724,14033,13653
13356: 15229,13400,15268,15274,15782,14599
13821: 13623,14446,15787,15244,13339
14590: 14908
15128: 13545,13940,12907,15074,14135,15440,14129
13774: 14176,15793,15637,14690,15368,14614
13934: 15063,12920,15309,13669,15329,13628
13132: 
13505: 13917,14236
15558: 13435,15688,13193,13883,13271,14659
13148: 13644
15473: 13128,13513,15804,13825,13961,14775
13629: 13393
14289: 13228,15685
14374: 15738
13842: 13112,15499,14320,15463,14457,13823,13519
15160: 14533,13699
15383: 15291,13459
15771: 13655,13218,13733,12975,13360
13434: 15439,14359,15702
14962: 13656,14935,13189,15364,13797,14261
13372: 12913
13972: 14231,13009,13748,14057,14926,14497
14708: 13506,15269,13879,13944,14305,15137
15374: 14200,13788,12936,14766,14892,15407
14001: 13401,15338,13851,15594,13099
14295: 15302,15812,13156,15524,13051,15443
14620: 13859
13920: 14249,13478,13361,15459,14364,14867
14480: 15211,15759,15185,15781,14047
14487: 14732,15065,15608,15200,13516,14774
14943: 
15485: 13347,14294,15256,14492,13156,15302
13923: 14155,13007,14944
15438: 13431,15699,14412
15369: 14589
13798: 13537,13918,15498,15416,13110,15581
13128: 15473,13513,14775,14093,14101,15437
12941: 15811,15426,14154,13907
15252: 14494,14787,12815,14575
15712: 15459,15092,14496,13047,15703,13246
15108: 15141,15650,13497,15662,15745
15335: 15460,13192,14006
13455: 15541,13085,12882,14076
14257: 15251,14132,14311,14224,13836,13410
14415: 13743,14477,15769
13363: 14252,15248,13840,14490,15502
12918: 
14518: 14537,15376,14949,14293
13495: 12975,15480,13872,13733,14299
14834: 13676
14131: 13771,15511,14266,13268,14967,14417
12978: 13168,14228,14555,14728,14872
15265: 13982,13789,13320,15054,13678,13456
14560: 13159,13461,13349,15795,13533,15010
14454: 13331,14907,14738,15475,14668,28665
14785: 14946,13003,13543,13301,14340,13198
14820: 13410,12963,14383,14871,12859,15375
14083: 14670,13010,13882,14056
12821: 13968,15497,13616
12878: 14494,15196
14941: 
13205: 15190,15101,15237,15772,14141,12905
13534: 14499,13683,13313,13622,13031
13300: 13511,15146,14763,14508,13188,13030
15199: 14678,13169,14824,12914
13861: 15264,14081
13758: 15050,14428,12983,15715
14242: 13808,14608,15319,13656,15729,14210
13316: 13317,14206,14556,15213,12886,15162
14038: 14908
15163: 
12828: 12830,13553,13470,15131,14685
15402: 13005,13597,15255,13212
13456: 13957,13613,15737,13678,15265,13789
13204: 14146,13886,15517
15626: 15610,15741,13990,14762,15189,15225
15466: 13086,15728
13176: 15628,14136,13223,14612,13245,15382,13079
13164: 14381,14557,13088,13258,14541,13173
13820: 12986,14061,14672
15277: 15799,13472,14418,12869,15571,14390
12999: 13160,14157,15237,14773,13418,13781
15601: 14403
13540: 
13551: 13787,14392,13624,13693,13555,14574
14581: 15250,14986,14360,13932,13138
13197: 14504,13663,13952,14588,15427,13895,13951
13594: 14204
14101: 14093,13597,13128,12839,15437
13699: 14479,14514,14097,15160
13086: 13183,13106,15466,13337
14703: 13175,14815,14381,14557,14337,15307
14855: 15064,14130,13988,15550,15705,14830
13490: 15513,13795,14911,13514,13436
15190: 15237,13205,14141,12886,13781,15213
14076: 14169,13376,15328,12882,15541,13455,13365
13541: 14227,13260,13072,13631,13896,14005
14228: 12978,13168,13996,14728,14701
12857: 15792
13180: 12848,15736,13955,14395,13546,14216
13357: 14426,14771,13716,14215,13478,13361
14472: 13033,14307,15330,13444,15314,13029,14779
15414: 13322,15005,12994,12905,14722,13402
13111: 14462,13451,12894,15640,14205
14555: 12978,13168,13611
13389: 12873,14043,13681,13566,14298,13231
14892: 15296,15407,14766,12883,15374,14502
15685: 15436,14289,15725,14897
13967: 
13435: 15387,15688,15410,15558,13193,15195
14506: 13397,15630,12985,15444,14636
14905: 14903,15074,14686,15430,15186
13254: 13672,13279,12937
14267: 13679,14062,14613,13185,13188,13511
14902: 13329,14657,15217,14352,13525,13578
13200: 14192,15534,13651,13201
13282: 13480,15596,12866,13883,13974,13271
13031: 13622,14356,14134,13313,13534
14277: 14127,13064,14525,13741,13134,13904
13752: 15331,14585,14559,15202,15166,15423
14956: 14932,14600,13071,13837
13269: 14084,14650,14427,13469,14704
13987: 12850,13037,13223,13036,14772,15188,15070
13891: 13590,12859,15092,15703,13462,14321
13898: 14624,14171,14394
15743: 14897,14359,15068,15725,14486
14146: 13204,13886
15634: 13113,14170
14072: 
14129: 13586,12887,15440,15074,15128,15186
13076: 12862,15639,14777,13312
14465: 13740,14566,13658,14091,14572,12847
14068: 13887,15304,14960,14822,15352,14806
15200: 12927,13184,13516,15608,13171,14487
15454: 15422,14238,13160,28675,28520,13654,14525
13973: 15031,13507,13104,15320,14764
14974: 15549,14122,14020,13414
13451: 15666,13152,13111,13522,12894
13612: 14873,14185,14511,15404,13984,15121
13663: 13945,14504,13197,13895,13951,13167
13313: 13700,14134,15802,13534,13031
14938: 15037,15755,13194
14772: 14058,13386,14317,13036,13987,15188
12974: 14795,15734,14218
15364: 13288,15753,13797,13181,14261,14962
14499: 13534,12934,13622,13045
13098: 14906,15153,13905,15807
14883: 14369,13916,15149,13512,14209,13539
13055: 13310,14536,13868,13182,14848,12993
15315: 14826,15794,13367,14077
15027: 14648,12851,13213
13107: 14281,14992,14782,13457,15069,13147
15468: 14071,12884,14225,13157,14436,15348
13473: 15098,14220,12894,13670,15292,14205
14307: 14463,13033,14472,13029,13966,14977
13744: 
14021: 12856,13208,12958,14758,12908,14995
13472: 15294,15799,13667,15277,15546,14418
12903: 13963,14633,14901,14476
15266: 15672,14276,15711,15553,15193,15479
13557: 14065,13016,13859
12867: 13424,14400
14829: 14186,15132,13125
14931: 14042
13039: 13986
13802: 13069,15580,14196,14283,13648,12861
15435: 15742,12852,14657,15271,15192
13437: 13635
13244: 15644,12981
14566: 13234,14465,13740,13530,14715,13658
13477: 14008,13359,14830,14947,15035,13436
12890: 14378,13251
15351: 15797,13595,15340,15535,15387,13500
15498: 13537,13798,13110,14898,14254,13626
14057: 13306,13272,12879,14497,13972,13009
15355: 
13523: 14230,14335,15536,14453,14900
14520: 12879,13297,13263,15530,14913,13784
12938: 15807,14583
13754: 14978,14617
13422: 13720
15631: 
13487: 15486,14642,14456,13270,14227,14344
13631: 13848,13896,13452,15366,13154,14005,13541
15086: 14200,13857,13950,12936,13097,14174
13400: 13237,15229,13356,15268,14756,13368
13482: 13250
15055: 14914,14788,14901,14885,13963
14747: 14397,14512,14292,15456,14955,15020
13905: 14906,13098
14049: 15258,13285,14530,15765,13524,13709
15545: 13674,13301,15432,14340,15182,13689
13059: 15395,13256,15555,12926,13903,12868
15787: 13448,15390,13339,13077,13821
15396: 15431,15647,15044,14150,13863,15547
13522: 15029,14539,14248,13152,13451
13548: 14357,14842,14801,15069,13737,15717
15625: 14132,14050,15307,14815,13091,15323
13773: 14677,13565,13517,13196,14709,13975
13065: 13518,13696,14724,14350,15072,14023
13131: 15556,15124,13216,15009,15384,15182
15494: 15273,15082,14471,15547,13550,13209
15258: 14049,14283,13293,13285,15765,13355
14222: 13969,28665,14738,13649,12837,14796
13844: 15439,13042,13721,14972,13729
14283: 15258,13293,13285,13648,12861,13802
14080: 15368,14151,13888,15049,14346,14317
14189: 13885,13369,13398
13383: 14243,14583,13759
14047: 15666,13152,15781,12887,14480
13619: 14148,15397,14055,14741,13210,14273
13745: 15007,12953,13232,13116
15497: 12829,13000,12821
13215: 13314,15445,13425,15655
14980: 13909,13273,14438,14251,14110
14945: 
15526: 12923,15210,15094,14060
15796: 15500,12933,15007,15260
15488: 15322,13742,15023,13010,14917
14235: 15261,13515,14081,15359,12956
13283: 15194,14632
13518: 13696,13065,14724,15633,14509,13046
14458: 15579,13474,15000,15611,15140
13908: 13025,13274,13735,15714,15060,14933
12822: 14088,15103,14686,13892
15004: 13396,14985,14423
15602: 14297,15327,15208,15334,12861,14196
15646: 14000
14245: 14997,14616,14192,14629,15066,13201
15003: 14606,15419,13698
12898: 13327,14926,15067,13236,15172,13060
14346: 13036,14080,13888,15029,14462,14317,12850
13168: 12978,14228,14555,14701
14264: 15805,13264,15429,12953,13019
13083: 13876,13320,13535,15614,13280,13306
15780: 14949,15801,15376,14046
14694: 14328,14861,14799
14034: 14538
12950: 15527,15239,14852,13233,15663,13674
15764: 15173,15624,14619,15241
12843: 15542,14145,15118,15671
15006: 13358,15339
15336: 15019,12876
14412: 15699,15438,15453
14337: 15405,15307,14679,15377,14557,14703
14689: 13661,15009,15384,14836,15385,13043
15058: 14505,15362,14015,15458,15111,15577
12953: 13745,15429,15805,14264
14719: 15584,15278,13177,14744,13265,14124
15365: 14488,13646,15759,14180,13206
15619: 14636,14954,15245,15731,12985,14524
14846: 13465,15408
13515: 15261,14235,14671,13336,14460
13310: 14536,13055,13174,14475,14939,14848
14984: 13647,14493,14532,13191,15250,14986,14161
14416: 15520,13723,13124,28658,15238,13466
14749: 13819,13303,13155,14087
15297: 14951,14213,14288,14656,13446
15307: 14337,15405,14050,14703,14815,15625
14840: 14407,15652,15204,14347,13682,14745
13733: 15306,12975,13495,15771
15553: 15789,13874,15612,15266,15193
13625: 13147,15717,14850,13262,14410,14781
12910: 15777
14755: 14011,13063
12915: 15575,15406,13224,14331,14915,15616
14541: 13164,13088,13258,13381,15433,15621
13275: 12921,15110,13675,14658
15223: 13134,13904,13504,12963,14383,13246
14740: 15333,15449,14385,13494,14019,15132
15727: 14754,14073
13416: 15594,14999,15287,13517
15198: 13932,14035,14360
14757: 14923,14677,13565,15785
15305: 14594,13815,14198,14769,14991,15386
14718: 14401,14714
15800: 14898,14254,14836,13233,15663,13661
14249: 13920,13478,15459,15092,13462,14215
15095: 14587,13019,15429,15007
13969: 28665,15693,14222,14550,14796,13412
14533: 15160,15810,14770
14700: 14478,15671,13730,13371,13558,15053
13390: 13053,13032
13763: 13921,13728,13211
15146: 13511,14024,13300,14463,13030,14358
13227: 14433,13626,13015,14119,12835,14899
12816: 15643,13145,13673,13715,15236,14816
13066: 13247,15045,14876,15750
15813: 15790,15392,12945,14406,14239
14388: 15176,12860,13816,15684,14589,14140
14330: 14290,14970
13687: 14515,13657,14837
15706: 15808,15521,14004
13106: 13183,13086
14300: 15354,14051,14482,15726
13778: 14461,14204
14723: 14817,13695,12916,12917,13153,13858
14756: 13400,15268,14446,14811,12928,13368
14191: 13454,13706,14106,15690,14608,15319
14059: 13982,14298,13535,14231,13009,13566
15610: 15144,15741,15626,15283,13990
13812: 15539,13143,12883,14665,15622
15323: 13091,15751,15120,14998,14815,15625
13600: 13897,14448
14099: 14285,15683,13592,15572
14380: 13799,15453,15642,14233,15704
15224: 13105,15583
14221: 14792,12864,14175,13340,15397,13591
12901: 
13259: 13041,12939,13803
15264: 12956,13861
15697: 13569,13309,15151,12960,15409,15425
13190: 14875,14351,15056,15276,14212,13641
14572: 14828,13767,12847,14465,13740,12922
13492: 15257,14402,13537,15527,13233,14254
14009: 14167,14163,14953
14698: 13786,13198,13543
14111: 14561,14304,14156,14429,15127
15749: 14105,13671,15010,13159,14036,15400
13293: 15258,14283,13648,13355,14857,14376
15641: 14675,14327,13341,15557,13292,14662
14446: 13623,13821,14811,15244,15268,14756
12970: 15661,14441
13221: 15358,13165,14370,14332
14206: 13317,13316,13252,15213,14062,14613
14165: 12888,13547,13453,14717,14125
13566: 14231,14298,14059,13899,13231,13389
15195: 13435,15688,15410,12993,13182,13432
15762: 13291,14574,13281,13248,15629,15595
15330: 15104,13444,14016,15314,13976,14472
13825: 14681,13489,15482,13961,15473,15804
14825: 14958,13658,15639,14091
14303: 15536,15164,13768
14922: 13255
14485: 13986
15156: 12845
15537: 13980
13320: 13876,13083,15054,13535,13982,15265
13226: 12877,13591,12864,13649,15136,15151
13601: 13668,13021,14547,13263,13997,14137
13956: 13809,14769,14721,15462,15386,13103
15077: 15011,14695,12872,14195,13554
13818: 15105,15112,13576,15682,13421
13836: 13928,14871,14098,14224,14257,13410
15176: 14388,12860,13816,14967,14280,14682
14676: 12896,14790,13942,13480,12866,15345
14195: 15016,28589,13554,14695,15077,13298,14139
15617: 14292,13449,15456,15342,13311,14928
15348: 14041,14436,15468,13157
15059: 14486,15417,13796
13188: 14763,13185,14116,14267,13511,13300
13417: 13251
15183: 14128,14211,14868,13295
13761: 12885,15329,13628,13857,13788,13792
14274: 13823,15451,13112,12838,15333,14385
14853: 13691,14208,14884,14634
15465: 14732,15065,13604,14761,12880,14120
15623: 14305,15137,15532,14832,13445,13587
14794: 13333,13491,15696,13319,15033
13471: 13488,13850,14946,13003
15483: 14609,14712
12960: 13569,15697,15425,14292,13449,14955
13080: 
14646: 14663,13913
14015: 14936,15490,14315,13289,14505,15058
14613: 14062,14267,13511,14024,14206,13252
13402: 15567,14036,14722,14819,15414,13322
14411: 15263,13544,14444,13401
13718: 13373,12934,15071
14630: 15487,14988,15421
13656: 14962,14935,15729,13189,15319,14242
14292: 13449,15617,15456,14955,12960,14747
13654: 13064,14525,15658,15454,13160,14773
15644: 13244,14201,13707,14783
14142: 14726,14619,14730,13677
14527: 13651,15378,15321
15011: 14212,14695,15077,14904,15184,13564
14774: 13860,13686,15285,13516,15065,14487
14136: 15628,13176,15286,13223,14647
13726: 15517
15684: 15203,14890,14388,12860,14140
13314: 13215,14887,13240
15233: 13486,15227,15696,14134,13333
13846: 14183,15281,15675
12837: 13649,14347,15136,14796,14222,14407
13022: 14422,13350,13536,14893
13199: 12826,14386,14365,12954,13342,15401
15455: 12856,13208,15067,14913,13327,13784
14743: 13800,14653,13167,13945,15042,13044
13602: 13678,15776,15394,13938,13501,15737
14787: 14256,15252,14580,12815
13397: 15630,14506,15444,12968,14063,15394
13113: 15634,15021
12998: 14963,13755,14085,14147,14802,13964
13931: 15669,15140,15478
13351: 13004
13854: 13815,13832,14991,15390,13439
12969: 15423,15447,15457,14983,14788,12964
28652: 
15433: 13750,13381,15621,15739,14210,14541
14874: 13116,13332,12834,14328,13161
12928: 14655,15723,14811,14756,15607,13368
14398: 13624,13722,12955,15177,13981,13555
14268: 12902,14910
14734: 13862,15766,15300,14813
13589: 15249,14542,13081,14003,14857,15464
15789: 13874,15553,14098,15193,15122,14263
13007: 15349,14155,13923
12984: 14706,15615,13866,15713,12922,13753
14253: 13308,13642,13666,15291
15550: 15679,15705,14917,15322,13988,14855
15489: 13120,13387,13138,13776
13219: 14713,13556
14623: 15373,13690,13308
14517: 13806,14007
15045: 13247,13066,15232,13118,15380
13618: 13560,12995,14530,14687
13470: 12833,15428,15131,14653,12828
12897: 14767,14332,13510,15562
12831: 13374,14782,13457,12868,13124,15238
13285: 14049,15258,14283,12861,13709,15208
13837: 14956,13405,13016,14004
15552: 14159,14133,13855,13352,14260
13705: 13859,15583
14538: 14034
14352: 15184,15217,12872,14902,15253,13578
15806: 15139,14573,13438,15274,14013
14399: 15463,13150,14865,15499,13011
13202: 15214,13634,15142,14578,13407,13935
13591: 12877,15076,13226,14175,14221,12864
14839: 13396,13050,13810
14552: 15598,15721,13488,13804
13154: 15366,13139,15015,13631,14005
14233: 15773,15642,14891,15303,14380,15453
15164: 13768,14303
14318: 
14261: 15773,14891,13181,15364,14962,13189
14565: 14777,13312,12844,14729,12855,14869
15319: 14608,14242,15690,13656,13189,14191
15770: 13035,13801,15372,14567,15503,13650
14530: 13618,12995,14687,13524,13709,14049
14371: 14408,14739,14927,13395,15275,15596
13664: 14844,14105,14381,13671,13173,13175
14168: 14516,14348,15293,15178,14666
14760: 14582,13717,14918,13170
15361: 13734,15748,13467,14043,14255,13433
14850: 13147,13625,14281,14827,13503,14781
14494: 15230,15252,14575,12878
15656: 14661,13627,14082
14832: 13680,15529,13445,13338,14305,15623
14761: 12880,13115,15747,14070,14120,15465
14639: 14548,14153,14970,13838
15110: 13275,12921,13675,13530,14325,14715
14435: 15324,12817,14016,14237,13662,13976
15475: 14454,14668,13868,14187,28665,14550
15034: 15491,13538,14103,13902,13831,13723
13409: 13817,15379
13713: 14669,14215,13620,13716
14762: 13990,15626,15225,14784,14199
15493: 14339,13766
15234: 13380,14919,13697,13318,13468
15481: 15083,14602
13749: 15672,14276,14654,13927,14765,14162
13027: 14802,15573,14822,15041,14521,14147
13970: 15588,15241,14406,14239,15358
13011: 14780,12944,14399,13150,14064
13819: 14749
15342: 14367,15225,14784,13449,15617,14928
13443: 14604,13834,14090,12871,14395,14216
14115: 14987,15044,14816,14535,15633,13953
13725: 13805,15687
15325: 13360,15752
15334: 15208,14114,15602,15327
15166: 13909,14625,15202,13752,15423,15447
14551: 14848,12993,13481,13883,13974,15688
14216: 13546,14202,14604,13443,14395,13180
15692: 14568,14818
15109: 13049,14470,13500,13757,14692,12841
14819: 13159,13461,13695,14036,13402,13322
14360: 14581,14986,15198,13943,14035
13613: 13957,13456,13789,13681,14866,15559
15270: 13673,12948,14644,14450,15372,15643
14026: 14733,13404,14797,14838,12961,15597
15286: 13037,13223,15640,13502,14647,14136
15056: 15276,14372,14212,13190
15404: 14728,13984,15121,13612,13996
14162: 15405,14491,13927,15377,15672,13749
15500: 15796,15260,14780,13584
12959: 14961,12946,15542,15118
15426: 13606,12941
13902: 13538,15034,13831,13485,14017,15126
13682: 13569,13309,14347,14840,14745,15116
13694: 13371,15752,14145,14882
13572: 15324,12817,14255,15157,14866,13467
14293: 14284,13146,15357,14518,14949,15689
14505: 15362,13379,15058,15732,13289,14015
13336: 14390,15515,13515,14671,15470,14460
14209: 14545,13539,14369,14883,14593,14302
13947: 14886,15756,12904
12869: 14418,15793,15049,15277,15571,13386
14321: 14669,13462,13891,13590,14421
14377: 13536,15388,14163,14167
14547: 13668,13601,13719,13647,14493,13997
14114: 13709,15208,15334,14687
15249: 14302,15024,14542,13589,15180,13081
14596: 13794,14753
14504: 13945,13663,13197,13952,15486,14642
15594: 13416,12988,14001,15338,15287
15228: 
12992: 14985,14498,15673
12940: 13229,13561,14849,15197
13521: 13387
15422: 13574,15454,14238,15751,13741,14525
14644: 15503,15654,15372,15643,13736,15270
13824: 
13024: 13496,13431,15699
15677: 14763,14279,14508,15748,15472,15104
13869: 13071
15591: 14776,15060,13025,14571,15427,13834
15773: 15690,15642,14261,14233,14891,13189
15599: 14316,14451
15133: 14622,15579,13463,13406,15039,13299
13239: 14355,14924,15538
14830: 13359,14130,14855,15705,14008,13477
15271: 12891,13878,14135,15742,15435,13545,15192
15222: 15627,15795,12958,15779,14179,15645
13321: 13243
14392: 13787,14776,13551,14574,13281,14090
15226: 13340,14148,13326,14424,15144,15741
13662: 12838,14237,12990,15451,14435,12817
14770: 15682,14711,15810,14533,14610
15765: 14545,13539,13524,13355,14049,15258
14894: 14404,15620,15235,13770,13759
13835: 15446,14213,14288,15786,13998,14353
14668: 14907,14454,15475,15084,14536,13868
14224: 14098,15193,15479,14257,14311,13836
28658: 15520,14416,13466,13941
14953: 15504,14009,13958
14578: 15609,14643,14736,13407,13202,13935
15032: 15732,13289,14126,15471,15360
14896: 12930,13875,13926,12912,13643,14447
13167: 13800,14743,13945,13663,13951
14484: 14656,15219,14290,15566
15185: 15759,14480,13892,15781,13646,15393
14054: 14752,15332,14169,15505,13404,14259
14837: 14039,14515,13687,13775
15504: 14953,14404
13918: 13537,13798,13636,13166,15416,14402
13486: 15233,15227,15783,13700,14134
14500: 14452,13415,13608,13072,13607,15581
13127: 13265,15345,14124,15057,13946,14912
14525: 13064,14277,13654,13741,15422,15454
14219: 14610,13747,15343
15040: 14661
14284: 14293,14405,13146,14949,14075
13194: 15755,14938
15478: 15140,13931,15516,14631,14680
15114: 15484,13720,14270,14989
12904: 13947,14889,14513
13468: 14906,15234,13054,13318
15119: 14247,14375
14713: 13219
14569: 13344,15657,14301,14797,14752,13012
14852: 12950,15239,13850,14946,13674,13301
14385: 15333,15449,14740,14274,13112,14064
14442: 13813,13496
12914: 12966,14678,15199
14744: 15609,14643,14790,14719,15278,13265
14680: 14631,13181,15478,13474,15753
13388: 13095
13296: 15638
15443: 14252,13840,13051,14696,15812,14295
14763: 14279,15677,14508,13188,14116,13300
13123: 14407,15204,13894,14796,13412,15561
13478: 13920,14249,13361,14215,13357
14711: 14770,15682,15810,14342,13576
14130: 15064,14855,14008,14324,14830
14707: 15078,15026,13334,14934,13717,13779
14419: 
14074: 13432,14187,13442,15693,14550,12911
14634: 13816,14853
15048: 14863
13494: 12838,14237,15333,14740,14618,15574,14019
14443: 13248,15629,13587,13290,13428,14086
14895: 15174,14217,15543,13546,13955,14791
13797: 13288,15364,13738,14962,14935,14085
13169: 14052,14431,14824,13862,15199
14934: 14188,13334,14707,13717,14918,14540
14314: 13155,15458,13023,15577
13324: 14281,14992,13831,15126,13916,14827
14818: 14704,14798,15692
12846: 14177,14821,12932
13892: 15430,15781,12822,15393,15185
14660: 14316
14139: 15560,13567,13298,14195,28589,15674
14060: 15094,13780,15526
14870: 14000,15701,15107
13072: 13260,13541,13608,14500,13415,14005
14821: 14329,12846,12932
13419: 15376
15023: 15488,13742,13912,13382,14670
15313: 15388,13708,14632
15014: 15178,13211,14875,15560
13135: 15675,15113
14816: 14115,14987,12816,13673,14535,15236
13587: 14443,15629,15623,15532,13445,13428
14177: 12846
14748: 13939,14558,14799
15511: 13771,14364,14131,14867,13384,14266
14531: 15695,14226,13911,13860,12880,15747
13009: 14231,13972,13306,14057,13535,14059
13632: 13943,14035,13768,14230,14335,12825
13484: 13034,13959,13319,15033,15134
12830: 12828,13553,14217,15768,13142
15260: 13150,13232,15500,15796
13249: 15113,13775,14570
14141: 15190,15101,13205,13679,14062,15213
14887: 15569,15288,14345,13314
13932: 15533,15198,14581
15042: 13044,14916,12849,14743,14653,14440
14102: 13685,14338,14027,15750,12929
14656: 14484,15219,14213,15297,15566,13446
12824: 14198,13703,13100
15328: 14361,13143,12882,14474,13376,14076
13961: 13825,15482,13347,15473,14775,14697
13633: 13558,15746,14691,15022,15288
15094: 14107,15210,13070,13780,15526,14060
13146: 14293,14284,14405,15689,14904,13564
13225: 14182,13929,15159,12836
14370: 13062,14173,14334,15358,13221
12847: 14828,14572,14465,12862,14091,14641
14227: 13260,13541,14344,13896,13270,13487
12997: 13384,14391,14266,13277,13915,13769
13344: 14569,15657,13420,13012,15175,13526
14383: 14820,13410,12963,15251,15223,13504
13981: 15318,13555,15177,13498,15613,14398
13630: 15598,15721,14297,13877,15809,12962
13211: 15178,15014,13763,14489
15029: 14462,13522,14248,13888,14346
14884: 14113,14208,14853
13075: 14156,14184
13734: 15748,15361,13433,13875,14447,14279
15790: 15813,13645,15624,14239
13766: 14073,14881,15493
13440: 
14004: 13105,13837,15706,13016
13571: 13690,15411,13491,15033,13034
13187: 
13415: 13278,14500,14452,14005,15015,13072
14116: 12912,13185,14447,14763,14279,13188
15767: 13514,15035,15026,14393,14166,13779
13885: 14189
14033: 13235,15548,14100
14710: 12842
14244: 14046,13398,13369,15047,12832,14742
14781: 13503,15240,13001,14850,13625,13262
15155: 14473,14025
13578: 15253,14690,14902,14352,15637,13525
13992: 12818,13688,13013,15652,15204,13894
14667: 14417,15618,14280,14503,14964
14592: 13014,14092,15051,13483
13817: 15576,15379,13409,13394
15766: 15691,15254,14734,15300
15076: 12877,13591,13420,15175,14175,13331
13210: 14271,15246,14424,14741,14148,13619
14492: 14664,14519,12875,13156,14294,15485
15288: 15022,13922,13633,15746,14887,14345
14568: 15692,14921
14025: 15155
14464: 
15637: 15718,13525,14690,13578,14614,13774
14023: 15788,15072,14350,14269,13136,13065
13133: 
14791: 13870,13304,15415,13955,14895,14217
12913: 13372
14879: 13006
15503: 15654,13650,15096,14644,15372,15770
13512: 12995,14207,15149,14883,13539,13524
15774: 13431
13986: 14485,13039
15049: 15793,12869,15368,14080,13386,14317
15467: 14573,13364,12987,14013
14662: 15081,14014,15641,12957,13341,15557,14190
14466: 15711,13814,14121,14386,13342
15664: 13743
14164: 15257,14402,12962,13069,15809,13636
14051: 14300,15354,15566
14437: 
13652: 15205,14326
13944: 13782,15318,13879,13498,14708,15137
12868: 12831,13374,13903,13059,13256,15238
13203: 15284,13108,13370
15638: 14158,13296
14865: 13150,13332,13441,15463,14399
13067: 14923,14831,15738,14529,15145,13583
14847: 15496,15062
13360: 15325,15752,12975,13218,15771,14526
12882: 13085,15328,14076,13455
14618: 15314,14688,13976,15574,14237,13494
13990: 14296,14762,14645,15610,15626
14498: 14439,12992,15673
14686: 15103,14903,14905,12822
14150: 14987,15044,14349,12906,15396,15647
12894: 13473,15098,15666,13451,13111,14205
14281: 14992,13324,13107,13147,14850,14827
13354: 14516,14348,13186,14040,13764
14396: 15085,14860,13238
15321: 15378,12839,14527,13458,13385
13094: 13856,14354,13680,15135,13078,14507
13413: 15604,14601
14746: 
13535: 13320,13083,13306,13009,13982,14059
14728: 15404,13984,12978,14228,14872
15629: 13248,14443,13587,15532,13291,15762
15066: 14775,14697,14997,14245,14629,15378,15437
13042: 14510,13999,13721,13729,13844
13175: 14703,14998,14815,14381,13664,14844
13998: 14382,15786,13884,15446,13835
15220: 14357,14842,13115,15747,14226,15096
15650: 15108,15141,13392,15662,15660,14880
15394: 15776,13602,13397,15630,12968,13938
15096: 15503,15654,13650,14226,15220,14842
15036: 14615
15413: 13074,14869,13941,12844
13862: 12942,14734,13169
15069: 13548,14801,13457,13107,13147,15717
28622: 14000,15169,13129
15486: 13487,14642,13765,13270,13952,14504
13826: 15118,13228
14163: 15170,15388,14377,14167,14009
13126: 15018,15206,13796
13637: 
13307: 14647,14387,15292,14205,13502
13255: 13382,13882,13004,14922
15391: 15675,12823
13017: 12927,14812,13516,15214,15285,13407
13345: 15627,13349,13236,15172,13153,13858
14867: 14364,15511,15459,13047,13384,13920
13057: 14888,15492,13739,13925,13732,13018
14258: 15461,13899,12917,13060,12916,14973
13004: 13255,13382,13351,13912
15728: 13337,15466,14451
15248: 14252,13363,15502,13447,15117
15407: 15296,14892,15374,13788,14022
15424: 
14213: 15446,14288,13835,14656,15219,15297
13939: 14063,12982,14138,14748,14558
12921: 13275,15110,13871,14658,13809,14325
15337: 15363,14699,14198,14594
14460: 15470,12924,13336,13515,13880
15717: 13147,13625,14410,13548,15069,13737
15491: 15034,13831,13723,13124,14782,14992
13507: 13973,15031,15371,14110,13273
14495: 
15431: 15396,15647,13452,15547,13550,13848
14053: 15785
13510: 14332,14716,15562,13062,12897,15243
15693: 13969,14550,14074,12911,13412,15129
13570: 14467,13965
14715: 14958,13658,15110,13675,13530,14566
15741: 15144,15610,15626,15226,13326,15189
13177: 15584,14719,14124,13035,13528,15347
14512: 14747,14397,13196,15456,15563,14709
15571: 14058,13386,12869,15277,14390,15515
12832: 15742,12852,15047,14244,14554,14742
13537: 13798,13918,15498,14402,13492,14254
12835: 13906,14409,14119,13227,15680,14899
14457: 15463,14037,14320,15648,13519,15499,13842
14930: 14109,13792,12885,14927,13395,13807
15235: 13770,14894,15620
13635: 13438,13437,14473,15231
28659: 15600,15161,13520,15078,13334,14306
13406: 14546,15039,15133,15041,14521,13299
13964: 12908,13343,14995,14802,14963,12998
13366: 13605,15177,13479,15788,15398,12955
13737: 13548,14842,15654,15717,14410,13736
15135: 14952,13428,13680,13445,13094,14507
15681: 14336,15310
15147: 13073,14965
13068: 15194,14897,15501
15585: 14625,15447,13756
15719: 15102,15769,14428,15715
13709: 15208,14114,14530,14687,14049,13285
14716: 13510,15562,15243,15308,12952
13268: 15389,13915,14266,14131,14417,15618
13678: 15776,13602,15054,15265,13456,15737
15280: 12865,15716
14797: 13404,14026,14752,15597,14569,14301
13966: 15524,14977,13051,14307,13029,13993
15539: 13812,13143,15083,14361,12949
14090: 13834,13443,14776,14392,13281,12871
14455: 14107,13346,13206
12986: 14061,13820,14607,13214
13084: 13061,14612,15382,13279
14086: 15757,15367,13248,14443,13290,15207
13019: 14587,15095,14264,15429
13810: 15419,15209,14839
13032: 13588,13053,13390,13811
15247: 15091,13421
14210: 13381,15433,15739,15729,13808,14242
13195: 13129,13464,15272
13138: 13864,13776,15489,15250,14581
14901: 14633,14914,15055,12903
13101: 15673,14672,15209,12814
15295: 13103,14325,14066,14430,13530,13234
12930: 13875,14973,14896,12916,13926
14297: 15602,15327,13877,15809,14196,13630
14408: 14739,14927,14371,13082,15080,13822
15035: 13514,15767,13436,13477,14947,15026
13697: 14345,15746,14979,15234,13318
14382: 13998,15446
13103: 14325,14066,15295,13809,13956,15462
15353: 14513,14903,14178,13940
13012: 14752,15332,13581,13344,14569,13526
14251: 14110,15758,14414,14438,14980
15350: 15502,14789
13305: 15301,14759
13543: 14785,13003,14698,13198
13340: 15226,14148,15397,13326,14221,14792
14652: 13464
13051: 13966,15524,14696,14295,15443
13445: 13680,14832,15623,13587,15135,13428
13901: 
15612: 15711,13814,14193,13874,15553
15718: 15637,13525,15192,13878,14805,14614
13140: 14030,15107,14000,13129
15520: 13723,14416,28658,14103
14671: 15261,13515,15799,13378,14390,13336
14936: 14015,15490,15124,13040,15458
13218: 15771,13360,14526
15620: 14894,14404,15235,15170
15398: 15788,15072,13366,13460,14152,12955
14871: 13928,15589,13836,14820,13410,15375
14329: 15218,14821,13811,13141
15593: 
13332: 13232,14874,13161,13441,14865
13469: 13731,14994,14427,14084,13269
14424: 13210,14271,15403,15226,14148,15144
14056: 12827,12919,14083,13010
14769: 13956,14721,14198,13703,15305,15386
15667: 
13410: 14820,14383,14257,15251,13836,14871
14649: 13708,14940,14478,13730
14886: 13947,13843
14758: 13207,15573,15352,14995,13208,14021
14340: 13301,15545,14785,13198,13689,15013
13580: 13424
15540: 
13679: 14062,14267,13919,13185,15101,14141
12899: 15554,13418,13114,15290,14048,13151
14691: 14882,13616,15022,13633
13701: 14981,14727,13922,15569
15384: 15009,14689,15385,13131,15124,15490
13556: 13219,14342
12963: 14820,14383,15223,12859,15703,13246
13843: 13369,14886
15444: 12815,13397,14506
13411: 13714
14519: 14664,14492,12875,14358,14024,13252
15072: 15788,14023,15398,13696,13065,13460
13621: 15651,13046,12943,13953,13863,15273
13816: 14388,15176,13691,14634
13827: 15357,14537
15290: 15389,13915,13769,15554,12899,14048
14690: 12931,15253,13578,15637,13774,14176
14243: 13383,14404
13481: 14848,14551,13974,13174,15275,13568
14031: 13689,15013,13216,14975,14626,14637
14996: 15073
13353: 12845
13178: 14702,13677,14726,14914
12875: 14492,14519,14358,13156,15524,14977
15329: 13761,13628,13669,13857,13934
15256: 13347,15485,15302,15168,14697,14997
14032: 14654,14765,13454,13706,14810
15085: 14396,14522
13791: 15701
13395: 15275,13568,13807,14930,14927,14371
14672: 15673,13101,14061,13820,12814
13563: 14170,15418,15605,14324
12858: 
13965: 13570
14183: 14373,13846,14441,14978,15281
13747: 13954,14514,14219,15316
15542: 12843,14145,14814,12959
12912: 13919,13185,13643,14116,14447,14896
15352: 15573,14822,14068,13207,14806,14758
14645: 14598,14673,15283,13990
14726: 14142,13178,15588,14313
14012: 13079,15628,13222
13198: 14698,13786,14785,13543,14340,15013
13444: 15104,15330,14508,13033,13030,14472
15611: 12893,13760,15579,13463,14458
28674: 14030,15107,14353,14288
13396: 14839,15004,15209
14199: 13544,14296,14762
13245: 13853,14612,13223,15070,14108,13176
14537: 13827,14518
14714: 14718
13079: 14278,14012,15628,13176,15382
15445: 13215,14240,15655
15781: 15430,13892,12887,15185,14480,14047
13575: 15538,13170
13291: 14574,15762,13693,13782,15532,15629
13887: 15041,15304,15616,14068,14546,14822
13538: 15034,14103,13902,14017
15317: 13871,15586,14658
14557: 13164,14381,13088,14679,14337,14703
14857: 14003,14376,13355,14542,13589,13293
14514: 14479,13699,13747
14006: 14262,15335
13231: 15461,13899,13566,14043,13389
14991: 13448,15390,15386,13815,15305,13854
15192: 15718,13525,15435,14657,15271,13878
14125: 13683,14165,13547,14717
15196: 15230,12878
14471: 15082,15494,13735,13614,13209,14234
14011: 14755
14778: 
15065: 15465,14732,14487,14774,13860,12880
15399: 13655,15760,15565,14214
13460: 14044,14152,13696,15072,15398,15651
14395: 12871,15215,13443,14216,13180,12848
14196: 13069,15809,13802,12861,15602,14297
13925: 13739,14993,15775,14126,14888,13057
15700: 14375,14425
13985: 14077,14336,13367,13427
13125: 14909,14829,13829
14702: 13178,13677,14481,15331,15457
14614: 15368,14151,15637,15718,14805,13774
15267: 
14285: 14099,13980,13790
13565: 14677,13773,13517,12971,14757,15785
14194: 14971,14100,13751
15736: 13180,12848,13617,14611,13304
15508: 14759,13659,14577
12954: 14365,12826,13199
13449: 14292,15617,15425,15342,14367,12960
15687: 15745,14909,13725
14215: 14669,13462,14249,13478,13713,13357,13716
13014: 14592,13020,14562,14029
14122: 14197,14020,14974
15600: 28659,15161,14333,14306
14296: 13990,14199
13038: 13028
13738: 14521,14147,13299,13288,13797,14085
13519: 13823,14859,15152,14320,14457,13842
14842: 13548,15220,14357,13737,15654,15096
15551: 15757,15367,15698,15215,12848,13617
14595: 14064,12944,15449
15469: 13509,15279
13479: 13605,15177,13366,15340,15613,12841
14231: 13972,13009,13748,13566,14059,13899
15459: 15712,15092,13047,13920,14249,14867
14928: 13311,14444,15342,14784,15617
13159: 14560,13461,14819,15010,15749,14036
14841: 
15043: 13108
13499: 13130,15507
14806: 15530,13207,14068,14960,14137,15352
14433: 13227,13626,13015,14898,14836,13043
15707: 15181,13117
15170: 14163,15620
28589: 14195,15016,13298,14139,15294,15674
15118: 13826,12946,12959,12843
15231: 14833,13948,13635,14576
14948: 15740,14483,14561,13645
15618: 14417,14667,15389,13268,15450,14964
13527: 15635,13949,15803,15665,13137,14627
13295: 15183
13623: 13821,14446,14811,13339,14584,15518
14062: 13679,14267,14613,14141,14206,15213
13769: 13915,15290,13277,15658,15554,12997
14725: 13702,13949,14627
14616: 14245,14192,15168,15812,15117
14522: 14766,14665,15085,13172
14959: 13549,14158,14807,13323
15377: 14679,13335,13927,14337,15405,14162
13191: 13647,14984,13943,14986,14067
15554: 14773,13418,12899,15658,15290,13769
13380: 15234,14919,12972
14175: 14273,15175,15397,15076,13591,14221
15052: 14880,14172,13989,14490
12817: 14435,15324,13572,15157,12990,13662
13581: 14055,13991,13365,13012,15332,13526
13050: 14423,14839,14843
13857: 14200,15086,13788,13097,13669,15329,13761
15709: 14864
14807: 13710,13323,14959
15208: 13709,14114,15334,13285,12861,15602
13868: 14536,13055,13182,15475,14668,14187
13569: 15697,13309,13682,12960,14955,15116
14503: 14964,13577,14667,12860,15203,14553
15205: 13652,14326,13627,14082
15527: 12950,15239,13233,15257,14858,13492
13099: 14999,14001,13851
14013: 15274,15782,15467,14573,12987,15806
14817: 14723,13695,13926,13322,12994
14218: 14523,14843,12974
13237: 15229,13400,14343,13391,13368,12920
15428: 12833,13470,14653,14440,13732
15366: 13139,13154,12951,13977,13452,13631
13342: 14810,15401,13199,14386,14466
14843: 13889,14523,14218,13050
15523: 15298,15289
15236: 14349,13715,14968,12816,14987,14816
15214: 13202,13634,13508,14812,13017,13407
15744: 12818,13688,14675,15529,13292
15241: 15588,13970,15764,14619,14239
14095: 13960,14262
14918: 14540,14934,13717,14760,13325
15037: 14938
15386: 13448,14991,15305,13956,14769,15462
14232: 14477,14685,15131,15201
14287: 
13677: 14702,13178,13002,14142
15742: 15435,12832,14554,13545,15271
15333: 14740,14385,14274,12838,13494
14394: 14477,14685,13553,13898,14624,14171
13447: 15534,15777,15117,15248
13554: 14195,15016,12872,15077,12931,15253
13233: 15527,12950,15663,13492,14254,15800
13464: 15169,13195,14652
13655: 15771,15399,15232,13118
13029: 14779,13392,13033,14307,14472,13966,13993
13624: 14398,13722,13555,13787,13551,14933
15169: 13129,13464,28622,14181
15210: 15094,15526,12923
14573: 13573,15467,14013,15806
15705: 15679,15550,14855,13359,14830,13377
15740: 14948,14483,13284,14084
15615: 12984,14706,14430,13026,14584,15713
12917: 15172,13153,13060,14258,14723,12916
13542: 15061,13983,13109
13530: 15110,14325,15295,14715,13234,14566
14107: 14455,15094,13346,14220,13070
15652: 14840,15204,14745,12818,13992,15525
15661: 12970,13117
14118: 13724,15548,13592,12979
15314: 14688,14618,13976,15330,14472,14779
15528: 14798,14650,15173
13604: 15465,14732,13217,15165,13893,14120
13767: 14828,14572,14363,12922,13753,13638
13653: 13350,13493,13235
13208: 12856,14021,15455,13207,14913,14758
14804: 14564,15134,15008,14651
13561: 12940,13229,15802
14574: 13291,15762,13281,13693,14392,13551
14402: 15257,14164,13492,13636,13537,13918
15763: 
13427: 13367,13985
14269: 14123,13136,15535,15788,14023,13605
15805: 14264,14007,14861,12953
13403: 
15567: 14310,14036,14722,13402,15400,15495
15701: 13791,14870
14643: 15609,14578,14744,14790,13942,13935
15587: 14236
13683: 14125,14717,13534,12934
14077: 14265,13985,15315,13873
15778: 15794,13873,13130
28665: 13969,14222,14550,14454,14738,15475
13196: 14397,14512,14709,15212,13975,13092,13773
13735: 13025,13274,13908,13614,15082,14471
13348: 14799
14935: 14962,13656,15729,13797,13755,14085
14775: 15066,14697,13961,13128,15473,15437
13387: 13521,13120,15489,13776,13979
14635: 12991,12966,14813
14648: 15027,15655,13707
15216: 14823,15064,13988
15675: 15391,13846,13135
14732: 15465,15065,13604,13217,14487,15608
15429: 15007,12953,14264,13019,15095
15046: 12853,15669
12865: 15280,13362
14753: 14793,14596
14982: 
13182: 13868,13055,12993,15195,13432,14187
14456: 13487,14642,14344,13828,13044,14916
14759: 15301,13305,15510,13659,15508
13271: 13946,14659,13480,13282,13883,15558
13334: 14188,14306,14934,28659,15078,14707
14771: 13357,14426,13361,12977,14208
12920: 15063,13934,13237,14343,13669,13391
14599: 15139,15274,15229,13356,14343,14174
12825: 14067,15686,14230,13632,15406
13060: 12917,15172,12898,14926,13748,14258,13899
12892: 15568,13166,15416,12900,13278,14452
14345: 13697,15288,15746,14887
14316: 15599,14660
12906: 14605,12951,14349,12973,14150,15647
14263: 15506,15122,13109,15789,13874,13983
14767: 12897,14476,14299
14729: 14565,12855,15514,14869,15555,12926
13568: 13395,13174,15275,13807,12961,14475,13481
14739: 14408,14371,13822,12896,15596,12866
14174: 14343,13097,15139,14599,13950,15086
14570: 13995,13249,14548
15294: 13472,13667,15546,15016,28589,15674
14279: 14763,15677,13734,15748,14116,14447
15093: 14969,13889
12907: 14554,14513,13545,15128,13940
12833: 15428,13470,15131,13732,13018,15201
14738: 13331,14454,12877,28665,14222,13649
15547: 15273,15494,13550,13863,15396,15431
13636: 13069,15580,13166,14402,14164,13918
14849: 13914,15343,14597,12940,15197
13700: 14134,13313,15802,13229,13486
14366: 15111,15577,12983
12975: 13495,15480,13733,15771,13360
13287: 
13498: 13757,13879,15613,13944,15318,13981
13875: 13433,12930,14973,14896,13734,14447
15799: 13472,15277,15546,13378,14390,14671
13152: 15666,14047,13451,13586,14539,13522
15784: 
15060: 13787,14776,15591,14933,13025,13908
14353: 14288,13835,28674,15107
13394: 15541,15576,13817,13991,15246
14670: 14083,13010,13382,13882,15023
12860: 14388,15176,14280,14503,15684,15203
14695: 15011,14212,15077,14351,14195,13298
15259: 13506,15269,14319,15561,13894,13013
12819: 14161,15245,14856,14532,15346,15659
13448: 14991,15390,15787,15386,15462,13077
12836: 14591,13020,13593,14611,13225,13929
12966: 12914,14813,14635
13681: 12873,13389,14298,13789,13613,14866
15411: 13690,13571,15326,13642
13560: 13618,12995,14207,14379
13171: 13753,13638,15608,13866,13184,15200
15103: 14686,12822
12902: 14268,14160,15460
13855: 13352,14159,15552,14143
15356: 13884,13692,15154
14811: 13623,14446,14756,14655,12928,15518
14553: 15203,14890,14503,13577,13513,14093,15255
15283: 15403,14645,14673,15144,15610
15757: 15551,15367,14086,13248,15215,15595
13331: 14907,14454,14738,13420,12877,15076
14020: 13090,14122,14974
14334: 12945,14406,15509,14370,14173
15514: 15165,14705,13893,14729,12855,15555
13863: 13621,13953,15044,15396,15273,15547
15670: 14450,13801,13528,15412,12980
15382: 14612,13176,13079,13084,13061
13907: 14731,13476,12941
14968: 14349,13715,15236,12973,13001,15017
12956: 15264,14235,14081,14543
13878: 12891,15271,15718,15192,14805
15292: 13473,14220,14205,13070,13307
15651: 13046,12943,13621,13696,13460,14044
13658: 14958,14715,14825,14465,14566,14091
14633: 14901,14313,13165,12903,14476
15354: 14300,14051,14970
14940: 14632,14649,13228,15436
15708: 
14803: 15381,13799,15453
13599: 13845,15487,15570,14754,15018
15375: 13590,12859,15589,14871,14820,13399
13355: 14545,15765,14542,15258,13293,14857
12859: 13891,13590,15375,14820,12963,15703
14145: 15542,12843,13371,13694,15671
14127: 13277,13064,14277,13134,14496,14391
15480: 12975,13495,14299,14814
13882: 13255,13382,14083,14670
14133: 15676,15649,14403,15552,14260
13002: 14481,14921,13677
13028: 13038,15572,14128
13141: 14453,13811,13588,14329
12968: 14063,12982,13397,15394,13938
13035: 13801,13528,15770,14567,13585,15584,13177
14152: 13460,14044,15714,15398,13722,12955
12926: 13059,15555,14729,13074,14869,13903
12973: 14349,14968,15017,15024,12906,14605
13698: 13149,14579,15003,14559,14585
12982: 13939,12968,14063,14558,13330,14144
15699: 14412,15516,13024,15438
13716: 13357,14426,15158,14215,13713
13851: 14001,13099
14558: 14799,12834,14748,13939,12982,14144
13916: 14369,14883,14827,13324,15126,15149
14188: 13334,14306,14934,14540
14169: 13376,15505,14076,14054,15332,13365
14526: 13000,13218,13360,15752
15015: 13139,13154,13093,13278,13415,14005
13906: 14409,13230,12835,13286,13828,15680
14046: 14244,13398,15801,15780,14742
14493: 13647,14984,14532,13668,14547,15346
14508: 14763,15677,15104,13444,13300,13030
15028: 13588,15536
14426: 13357,15158,14771,13716,14208
14507: 13078,15522,13094,14952,15135,14925
14423: 15004,13050
15691: 15766,14851,15300
15405: 14337,14050,15307,14491,14162,15377
15436: 13228,15685,14940
14655: 12928,15723,15592,15518,13665,14811
15107: 28674,13140,14353,14870
13040: 15556,15124,14936,13023
13284: 14994,15740,14483
14420: 15019,14065,13071,13405
14084: 14650,13269,13469,15740
13489: 14681,13825,15482,13531,14556,14250
15516: 15699,15478,14631,15303
14161: 12819,14856,15250,13864,14984,14532
15596: 13282,12866,14739,14371,15275,13974
15090: 
15463: 13441,14457,14399,14865,15499,13842
13288: 15753,15364,13797,14622,13738,13299
15754: 15470,12924,14384,14108
15714: 14044,14152,13722,13274,13908,14933
14925: 14225,14952,15522,14507,12884
14799: 14558,12834,13348,14748,14694
15808: 15706,15521,13949,13105
15583: 13105,15224,13016,13705,13859
14061: 12986,13820,14439,14672
15622: 14502,13058,12883,13812,13143,14474
15389: 13915,15290,13268,15450,14048,15618
13528: 13035,13801,15670,13177,15412,15347
12957: 15212,13975,13341,14014,14662
14782: 12831,13457,13124,15491,14992,13107
14681: 13489,13825,15150,14250,14684,15804
13376: 14474,14169,15505,14076,15328
13648: 14283,13293,14376,15580,13802,15568
13531: 13489,15482,13317,14556,14664,14294
13401: 14001,15338,14411
15081: 14014,14662,14190,14942,14873,14529
13461: 14560,13159,14819,13858,13349,13695
13276: 15726,15106
14815: 14703,13175,14998,15307,15625,15323
13408: 
15653: 14223,13799,14365
15129: 13412,14319,15561,15693,12911,14470
14509: 13518,14724,15633,12948,12980,14535
15471: 15775,14899,13015,15360,15032,14126
13711: 
14375: 15700,15119,13603
14098: 15193,14224,15789,15122,13928,13836
14373: 14183,14441,14272
13207: 15530,14806,14913,14758,15352,13208
13922: 13616,15022,15288,13701,15569
15686: 14067,13719,12825,15575,15406,14683
13977: 14605,12951,13081,15366,13139,15464
14124: 13127,13265,15057,14719,13177,15347
15733: 
12884: 15207,14071,15468,14952,13290,14925
13547: 14165,14125
14975: 15556,13216,14031,14045
13156: 15524,14492,12875,15485,15302,14295
14282: 15099,14663
14393: 14166,13514,15767,13930
13045: 13358,14499,15071,15339
14450: 13801,15372,15670,15270,12948,12980
14275: 13333,13491,14356,15373,13690
14404: 14894,15620,15504,14243
14976: 
12935: 
15689: 15357,13144,14293,13146
13777: 13978
14854: 
14325: 13103,15295,13809,12921,15110,13530
14549: 15731,14580,14256,14856
14502: 13058,13089,15622,12883,15296,14892
13815: 14594,15305,13854,14699,13832,14991
15063: 12920,13934,15309,13391,13121,14621
14344: 14227,13260,13487,14456,13230,13828
13929: 13225,12836,13020,14029
15560: 13567,13298,14139,15293,14875,15014
13728: 13641,13763,13921
12905: 15414,15005,14722,15101,13205,15772
13740: 13234,15713,14465,14566,12922,14572
15017: 15240,13001,14968,12973,15024,15180
14417: 14967,15618,14667,14280,13268,14131
14305: 15623,15137,13506,14708,13338,14832
14478: 15671,14700,13730,14649
13228: 15436,14289,13826,14940
13018: 15201,12854,13732,12833,15492,13057
14201: 15644,14783
14965: 13849,15147
15635: 13949,13527,14678,15803,15521
14679: 13335,14104,15377,14557,13088,14337
15301: 14759,13305,15506,14638,15510
14727: 14981,13701,14824,13968
15419: 13810,14117,15003,14606
15659: 14950,14534,14524,12819,15245,15346
14631: 14891,13181,14680,15303,15478,15516
14653: 13800,14743,15042,14440,15428,13470
14071: 15207,12884,15468,15698,13157
14992: 14281,13324,13107,14782,15491,13831
13742: 15488,15322,15023,14823
28675: 15495,13160,14157,28520,14310,15454,14238,15772
14439: 14498,15673,14061
12820: 14270,13465,13847
13974: 13481,14551,13883,15275,13282,15596
15068: 15439,14359,14069,15725,15743
14432: 15012,14951,13446,15726
15788: 15072,14023,15398,14269,13605,13366
13144: 15357,15689
14627: 15665,13949,13527,14725,12851
15026: 15078,14707,14947,15035,15767,13779
15311: 13280,13272,13021,14950,14534,13297
15251: 14257,14132,13091,13410,14383,13504
14548: 14639,14570,13995
13206: 14180,13346,15365,14455
14058: 14772,15571,13386,15515,15188,14384
15810: 15025,14533,14770,14711
14705: 15165,15514,14641,14828,14363,12855
13304: 14791,13870,15736,13955,14611,14591
14917: 15679,15550,15488,15322,13010,12827
14298: 13982,13789,14059,13566,13389,13681
13870: 14791,13304,15415,14591,14562,14092
14441: 14183,14373,14978,12970
14363: 14828,13767,13638,15165,14705,13217
13465: 14846,15408,14270,12820,14989
14407: 14840,15204,13123,14347,12837,14796
14312: 13704
15137: 14305,15623,15532,14708,13782,13944
13579: 14445,13793
14271: 13210,15246,14424,15576,14741,15403
13659: 15510,13399,14759,15508,14577,14421
13318: 13240,13697,15234,13468
15016: 14195,28589,13554,12931,15294,13667
12934: 14499,13683,13718
15287: 15563,14709,12988,15594,13416,13517
14793: 14753
14872: 14728,12978
13109: 15544,13874,13542,13983,14263
14612: 13853,13245,15382,13176,13084
14546: 13406,15039,14915,13887,15041,15616
14752: 14054,13012,15332,13404,14797,14569
13550: 15494,15547,15431,13848,13209,15179
15084: 15657,14301,14939,14536,14907,14668
15074: 14903,14905,15128,13940,15186,14129
14170: 13563,15634,15064
13298: 15560,14139,14695,14875,14351,14195,28589
14866: 15157,15559,13613,12873,14255,13681,13572
13261: 12979
14029: 14661,13020,13929,13014
13995: 14570,14548
15513: 13795,13490
14876: 13890,13475,13247,13066
15123: 15531
15269: 13506,14708,15259,14319,14692,13879
14780: 13011,12944,13150,15500,14937
14897: 15743,15725,15685,13068
14220: 13473,13670,15292,13346,14107,13070
14421: 14577,14149,13399,13659,13590,14321
13089: 14502,13058,15296,15075,14733,14259
13430: 
14035: 13632,13943,15198,13768,14360
13795: 15513,13490,13514,13930
14589: 14388,14140,15369
13950: 15139,14576,12936,14628,14174,15086
15250: 14581,14986,13138,13864,14984,14161
13016: 13405,13837,15583,14004,13557
14357: 13548,15220,14842,14877,14801,13115
13491: 13333,14794,14275,15033,13690,13571
14272: 14373,15604,12823
15154: 15356
14462: 13111,15029,14346,15640,12850
13941: 13074,15413,28658,13466
15786: 13884,13998,13835
14777: 14565,13312,12855,12862,13076,14641
14085: 13755,12998,13797,13738,14147,14935
14674: 14598,14673
13982: 15265,14298,13789,14059,13320,13535
13669: 14343,13097,13857,12920,13934,15329
13945: 14504,13663,14642,13044,14743,13167
13232: 13116,13332,13745,15260
12925: 14814,14961
15101: 13205,14141,15005,12905,13919,13679
12952: 15725,14716,14069,15308
13695: 14817,14723,13461,14819,13858,13322
12987: 13841,13439,15467,15782,14013
15397: 13340,14148,13619,14273,14175,14221
15153: 14906,15730,13098
13130: 13499,15778
13485: 14207,14379,14017,15126,15149,13902
14810: 13342,15401,14654,14032,14121
14365: 12954,15653,13199
13441: 15463,14037,13161,13332,14865
15668: 
14103: 13538,15034,15520,13723
13627: 14182,15205,15656
13642: 14851,13666,15411,13308,14253
13071: 14932,14956,13869,14420
14016: 14435,15472,15324,15104,15330,13976
14629: 14245,15066,15378,13201
14294: 13347,15485,14664,14492,15482,13531
14978: 14617,13754,14183,14441
13888: 14151,14080,12870,14248,15029,14346
13256: 15395,13059,14070,13374,12868,14877
14542: 14302,15249,13589,14545,13355,14857
15564: 13214,14427,13352,14445
14238: 15422,13574,15454,13598,14310,28675,28520
13129: 15169,13195,13140,15272,28622
13425: 13240,13215,15730,14010
13513: 13128,15473,15804,13577,14553,14093
13081: 14605,13977,15249,15024,13589,15464
15127: 14429,14586,14111,13423
12879: 14520,13297,13272,14057,14497,13784
15038: 12909
15179: 13209,13765,13270,13550,13848,13896
14444: 14928,13544,14411,15338
15803: 14678,14981,15635,13527
13315: 14045,15087,13155,13023,14087
13229: 12940,13561,15783,15197,13700,15802
13405: 13016,13837,14420,14065
14187: 13432,14074,13868,13182,15475,14550
15242: 13615
14951: 15297,14030,15272,15012,14432
14888: 15492,15088,13057,13925,15732,14126
15100: 14990,13620
12853: 15046
12852: 15435,12832,13329,14657,14742
13102: 14878,13373
13879: 13757,14692,13498,14708,15269,13944
14440: 13739,13732,15042,12849,14653,15428
13005: 15402,13458,13597,13727
15312: 13328,15565,14651,15760
14977: 13966,15524,14463,14307,12875,14358
14470: 12911,13049,15109,14319,15129,14692
14766: 14522,12936,13172,15374,14892
15759: 15211,15185,14480,13646,15365,14180
12927: 13184,14812,13017,15200,13516,13665
13675: 13275,15110,14958,14715
15807: 12938,13323,13098
14132: 14257,15251,14311,15625,14050,13091
12841: 13757,15613,15340,15109,13500,13479
14093: 13597,15255,14101,13128,13513,14553
13243: 13321
12991: 14635,13772,14600
13672: 13254,13279,13853
14607: 14143,12986,13214
13160: 28675,14157,28520,12999,15454,13654,14773
15574: 14688,14618,13494,14019,13497
13241: 14528,13573
15440: 13586,14129,15128,12891,14135,14539
15566: 14482,14484,14656,14051
13431: 15438,15774,13024
13364: 14528,15467,13439
13369: 13843,15047,14189,14244
13393: 13629,12967
14117: 15419,15209,13149
13467: 15748,15361,14255,15472,15324,13572
13968: 12821,12829,14052,14824,14727
15012: 14432,14951
15371: 15031,13507,13273,13475,13756,14027
13238: 14860,14833,14396
14529: 14873,15081,13067,13583
14801: 13548,14357,14877,15069,13374,13457
13386: 14772,15571,14058,14317,12869,15049
14561: 14304,14111,14948,14483,14429
14203: 14539,14248,14805,12891,12870
14255: 12873,14043,14866,15361,13467,13572
15401: 14810,13342,14223,13199
13720: 15114,13785,13422
14838: 15075,14109,14733,14026,13807,12961
13501: 13938,13602,15737,14862,15648
14193: 15612,13814,15544,13874
13853: 14612,13245,14108,13672
15194: 13068,14422,13283
14389: 
13775: 15113,13249,14515,14837,14039
14005: 13415,13154,15015,13631,13541,13072
14409: 13906,13230,12835,13608,13607,14119
13000: 14882,14526,15497,13616
13975: 15212,12957,13196,14677,13773,14831
15598: 15721,13630,14552,12962,14858,13804
13611: 14563,14555
13912: 13004,15023
14823: 15216,15021,15322,13742
14100: 14400,15548,14033,14194
15458: 14314,14936,15058,15577
15621: 13750,15433,13087,15735,13258,14541
14677: 13565,13773,13975,14923,14757,14831
15152: 14320,14862,13957,15559,14859,13519
13555: 13693,15318,13981,13624,14398,13551
15776: 13678,13602,15394,15630,15054,12874
13258: 13164,14541,15621,15735,15115,13173
13346: 14180,13206,14220,13670,14107,14455
12871: 15215,14395,15595,13281,13443,14090
14326: 15205,13652,14041,14182
14836: 14898,15800,14433,13661,14689,13043
14091: 12862,15639,13658,14825,14465,12847
12995: 13618,13560,14530,13512,14207,13524
14138: 14575,13939,14063
13871: 15317,15586,14658,13809,14721,12921
14795: 12974,15519,14606
13559: 
14022: 15075,14109,13792,15296,15407
14262: 14095,14969,14006
14463: 13033,14307,13030,15146,14358,14977
15735: 14179,13087,15621,13258,13533,15115
12955: 14398,13722,15398,15177,13366,14152
15022: 13616,13922,15288,14691,13633
13786: 14698,13198,15013,14247,14637
14075: 14949,15801,14284,14405,13329,15217
13073: 15147,14735,13453,15420
13741: 15751,15120,15422,13904,14277,14525
15710: 
15639: 12862,14091,13076,14825
14651: 15008,15760,14804,15312
14563: 13611
13806: 15393,14088,14517
13457: 12831,13374,14782,14801,15069,13107
14348: 13354,14168,14808,14666,14040,15359
14641: 12862,14828,12847,14777,12855,14705
14166: 14924,14393,15767,14582,13779
13872: 13963,13158,13495,14299
13497: 14019,14688,15574,15662,15108
15357: 13827,13144,14293,15689
14927: 14408,14371,13082,12885,14930,13395
15007: 13745,15429,15095,15796
13668: 13601,13021,14547,15346,14493,14534
14764: 13104,15783,13973,15031,15227,13685
13312: 14777,14565,12844,13076
14826: 15315,14583
14155: 13007,13923
13381: 15433,14210,13808,14104,13088,14541
14425: 15700
14157: 15495,13160,28675,28520,12999,15237,15772
13880: 14543,12924,14460,12937
12876: 15336
13838: 14970,14639,14153
13727: 13005
13900: 
15535: 15351,13595,15340,14123,14269,13605
15442: 
15237: 15190,13205,15772,14157,12999,13781
15416: 12892,13166,14452,13798,13918,15581
15188: 15070,14108,14772,14058,13987,14384
14545: 14209,13539,15765,13355,14302,14542
13493: 15417,13653,13350
13935: 13942,13202,15142,15001,14643,14578
15126: 13485,15149,13902,13831,13324,13916
15122: 15506,14638,14263,15789,14098,13928
13370: 13203,15284,13924
13997: 14960,14137,14683,13719,13601,14547
15121: 15404,14185,15522,13612,13996,14225
15606: 15125
15202: 14559,14078,14438,13752,15166
15106: 13276
14891: 14631,13181,15303,15773,14261,14233
15758: 14251,14110,13954,15316
13338: 13688,13013,13506,14305,14832,15529
14919: 15053,14979,12972,15234,13380
12870: 14151,13888,14203,14248,14805
15098: 13473,12894,13670,15211,15666
15499: 13112,14064,13842,15463,14457,14399
14473: 15155,13635,14833
14030: 28674,13140,15272,14951
15502: 14490,15248,13363,15350,14789
13165: 13221,14633,14476,14332
15633: 13518,14509,14535,14115,13046,13953
14571: 14588,15427,13025,13614,15591
14582: 13717,13779,14760,14166
13392: 13029,14779,15662,15650,13993,15660
14983: 14914,14788,15457,12969
13782: 13693,13944,15318,15137,15532,13291
12962: 15257,14164,14858,15809,15598,13630
15300: 15766,15691,14734,14813
13962: 14449
13989: 14172,13253,15052
14176: 13774,14418,15793,12931,14690,13667
15446: 14213,13835,14382,13998,15219
13474: 14622,15579,14458,14680,15753
13339: 13026,13077,14584,15787,13623,13821
15536: 14303,15028,13523,14335
14622: 15579,13474,15133,13288,15753,13299
13352: 13855,15552,14445,15564
14885: 13158,14002,14788,15055,13963
14089: 
14957: 
13590: 13891,12859,15375,13399,14421,14321
14202: 15543,13546,14216,13895,13951,14604
15609: 14643,14578,14736,14744,14308,15278
15517: 13726,13204
15318: 13693,13782,13944,13981,13555,13498
15075: 14838,14109,14022,15296,13089,14733
13921: 13763,13728
13514: 15035,15767,13436,13795,13490,14393
13614: 13025,13735,14471,14234,14588,14571
15281: 14183,13846
14459: 
15392: 14429,14586,15813,13645
14147: 13738,14521,14802,13027,14085,12998
13617: 13593,13052,14611,15551,15698,12848,15736
12880: 14761,15747,15465,15065,13860,14531
13864: 13138,13776,15250,13979,14161
15451: 13823,14859,14274,12990,12838,13662
13717: 14582,13779,14760,14707,14934,14918
14041: 15348,14182,14326
14190: 15557,13856,15081,14662,14942
15078: 15026,14707,13520,14947,28659,13334
14733: 13404,14026,14259,13089,14838,15075
12976: 
14119: 13607,13110,14409,12835,13227,13626
13149: 13698,14117
13078: 14185,14942,15522,14507,13856,13094
14712: 15299,15483
14693: 13008
15782: 15274,14013,15244,12987,13356,15268
14731: 13907,13090,13414,13562
15578: 
12881: 
13780: 13070,15094,14387,14060
13558: 13633,13371,14700
14158: 14959,15638
15581: 13607,13110,15416,14500,14452,13798
15104: 15330,13444,15472,14016,15677,14508
14045: 13315,14975,15087
15768: 15174,14217,13800,12830
13262: 13625,14410,13145,14781,13001,13715
15167: 
14265: 14077,14336
15713: 13234,13740,12922,14430,12984,15615
12856: 13208,12958,14021,15455,15067,15779
14632: 13708,14940,13283,15313
13186: 14094,14467,14516,13354,13764
15203: 15684,14890,14553,14503,12860
13830: 
13184: 12927,15200,13866,15592,13665,13171
15568: 12892,13166,13648,12900,14376,15580
14406: 12945,14334,14239,15813,13970
15168: 15302,15812,15256,14997,14616
15417: 14486,15059,13493
13729: 15243,14972,13042,14800,13844
13274: 13908,13735,12943,14044,15714,15082
14831: 13067,14923,13975,14677,14014
12861: 14283,13285,15208,15602,14196,13802
15797: 15351,15387,15410,13442,13049,13500
12854: 13018,15201,15492,13242,15102
13573: 14573,13241
13813: 14442
15793: 13774,14176,14418,12869,15049,15368
14207: 13485,14379,15149,13560,12995,13512
15010: 13671,13533,15115,14560,13159,15749
13328: 15312,15565,12829,14052,14431
14889: 14554,14513,15047,12904
15676: 14133,14260,13793
14288: 14213,13835,14353,28674,15297
13030: 14463,13033,14508,13444,15146,13300
13552: 15569,13137
15082: 15273,14471,15494,12943,13274,13735
13091: 15120,15323,15251,14132,15625,13504
14347: 15136,12837,13309,13682,14840,14407
15263: 14411
15569: 13552,14887,13922,13701
15070: 15188,14108,13987,13223,13245
13015: 14433,13227,14899,15471,15360,13043
13142: 14092,15051,14217,15415,12830,13553
14604: 13834,13443,15427,14202,14216,13895
13586: 12887,15440,14129,14539,13152
14397: 14747,14512,13196,15020,15212,13092
15802: 13700,13313,13229,13561
15177: 13366,13479,15613,14398,12955,13981
13706: 13454,14191,14608,14765,14032,13532
15515: 14390,13336,15571,14058,15470,14384
14773: 15554,13418,13160,12999,13654,15658
15525: 14675,14327,15652,14745,15143,12818
13253: 13989
13784: 13327,14497,14913,12879,14520,15455
15021: 14823,13113
14073: 13766,13845,15727,14881
12889: 15403,12909,15474,14673
14915: 14546,15039,14331,12915,15616
15211: 15759,14480,14180,15098,13670
13362: 12865
15470: 12924,15754,14460,14384,15515,13336
14845: 
14786: 15570,13476,15702
13641: 13728,15276,14875,13190
14386: 12826,13199,13342,12947,13814,14466
15548: 13724,14118,14033,14100,14400
14247: 15119,14112,13786,14637
14602: 13179,15083,15481,12949
13251: 12890,13417
15221: 
15556: 13131,15124,13216,14975,13040
15347: 15412,15720,13177,14124,15057,13528
15696: 15233,15227,13685,14338,14794
13289: 15732,15032,15360,14315,14015,14505
13325: 13170,14918
15671: 14478,14700,12843,14145,13371
15430: 13892,15186,15781,14905
12981: 13710,13244
15769: 15102,15719,14415,13743
14687: 13618,14530,13709,14114
15809: 13069,14196,14297,13630,12962,14164
13500: 13049,15109,15351,15797,15340,12841
13584: 14937,15500
14586: 14429,15392,15127,15811
14069: 14972,15068,12952,15725
14661: 15656,14029,15040
13020: 12836,14591,14562,13929,13014,14029
14248: 14539,14203,13888,12870,15029,13522
14510: 13042,14800,15509,13999,14173
13257: 13615
15360: 15385,14315,13043,13015,15471,13289,15032
13884: 15786,15356,13692,13998
13033: 14463,14307,13030,14472,13444,13029
15368: 14614,14151,14080,13774,15793,15049
14418: 14176,15793,12869,13472,13667,15277
15047: 13369,14244,14554,14889,12832
13834: 14604,13443,14090,14776,15591,15427
14964: 14503,13577,14684,15450,15618,14667
13779: 14582,13717,15767,15026,14707,14166
14182: 13627,13225,15159,14041,14326
14037: 13161,13330,15648,13441,14457
14605: 12906,12951,13977,13081,12973,15024
13685: 14102,14338,14764,15227,15696
14254: 14898,15800,13492,13537,15498,13233
14479: 14514,13699,15734
14036: 15567,13402,15400,13159,14819,15749
13116: 13232,14874,14328,13745
13650: 15503,15096,14226,13911,14567,15770
15310: 15681
13509: 15062,15469,13897
13220: 
14167: 14009,14377,14971,14163
15053: 14979,14919,14700,13730
13183: 13086,13106
13876: 13320,13083,15054,12874,15614,14954
13429: 
14909: 13125,15132,15687,15745
15462: 13956,13448,15386,13103,14066,13077
12883: 14665,13812,14892,14502,15622
12989: 
15555: 15395,13059,12926,14729,15514,13893
13375: 
13330: 13938,12982,14037,14144,15648
14311: 14257,14132,14050,14491,14224,15479
13703: 12824,14198,15586,14769,14721
14126: 15732,15032,15775,15471,13925,14888
15607: 13391,13121,13368,12928,15723,13508
14137: 14960,13997,13601,13263,15530,14806
14447: 12912,14116,13875,14896,13734,14279
13913: 12996,14646
15720: 15412,15347,14350,15057,13136,13122
15679: 15550,15705,14917,12827,15452,13377
14814: 12925,15480,15542
15695: 14531,13911,13860,13686,14308,13585
15367: 15757,15551,15698,14086,15207
14430: 14066,15295,13026,13234,15713,15615
12943: 15651,13621,14044,15273,15082,13274
13811: 13032,13588,14329,13141
14332: 13510,13221,13165,13062,12897
13145: 12816,15643,13736,13262,14410,13715
13306: 13280,13272,14057,13083,13535,13009
15207: 14071,12884,13290,15367,15698,14086
14534: 14950,15659,13668,13021,15346,15311
15409: 14792,12864,13163,15425,15697,15151
14659: 13946,13271,14912,14603,15558,13193
13937: 14361,12949,12967
15067: 12856,15455,15779,12898,13327,13236
13432: 14187,14074,13442,13182,15410,15195
14467: 13570,14489,14516,14094,13186
13480: 13282,12866,14676,15345,13946,13271
13105: 15224,15583,14004,15808
15275: 13395,13174,13568,14371,15596,13481,13974
14584: 13026,13339,13623,14706,15615,15518
15172: 12917,13153,13060,12898,13236,13345
14378: 12890
15165: 15514,14705,13893,14363,13604,13217
13689: 15013,14031,15545,14340,15182,13216
13525: 15637,15718,15192,14902,14657,13578
13308: 13847,14253,14623,13642
14123: 14269,13136,13122,14603,13595,15535
14636: 14954,15619,12985,15630,14506,12874
14482: 15566,13446,14300,15726
13532: 13335,14104,13706,13808,14608
13157: 15159,14071,15468,13052,15348
13335: 13532,14679,14104,15377,13927,14765
15245: 12819,14856,15731,15659,14524,15619
15395: 13059,13256,15555,13893,14070,14120
15673: 14672,13101,12992,14498,14439
15274: 15782,14013,15139,14599,15806,13356
15379: 15576,13817,13409,12909,15474
15030: 12965
13915: 15389,15290,13268,13769,12997,14266
15197: 13104,15783,15320,14849,12940,13229
15753: 13288,15364,14622,13474,13181,14680
14223: 15653,15704,13454,15401
13158: 14885,14002,13963,13872,15306
12929: 15008,13609,14102,14338,15750
15678: 14808,13378,14666,15674,13567,15546
13110: 13607,15581,14119,13798,15498,13626
13100: 15603,12824
15597: 12961,14475,14939,14026,14797,14301
14583: 13267,13383,12938,14826
15680: 15775,14899,13906,12835,13286,14993
13108: 15043,13203
12877: 15076,13591,13226,13331,14738,13649
14600: 14932,14956,14501,13772,12991
15627: 13349,15795,15222,13236,13345,15779
14776: 13787,15060,14392,15591,13834,14090
15476: 
13980: 14881,13790,15537,14285
15795: 15627,13349,15222,14179,13533,14560
15184: 15217,12872,14352,13564,14405,15011
14490: 15502,15052,13363
15518: 14655,15592,14584,13623,14811,14706
15711: 15612,13814,14466,14121,15266,14276
13327: 12898,14926,14497,13784,15455,15067
15339: 15373,13622,13045,15006
15097: 14241
13054: 13759,13468,14906
14960: 13997,14137,14683,15304,14068,14806
13582: 
14240: 15665,13137,15445,12851
13082: 14408,14927,15080,12885,13628
15464: 13139,13093,13589,13977,13081,14003
14539: 14203,14248,13586,15440,13152,13522
15219: 14484,14656,15446,14213
13783: 
14501: 14929,13772,14932,14600
14208: 13691,14426,14771,14884,14853
13379: 14505,15362,15732,15088,15050
13365: 13581,13991,14169,14076,15541,15332
14449: 13962
15161: 15600,28659,14333,15452,13520,13377
14156: 13075,14111
13616: 15022,13922,13000,14691,12821
13037: 12850,15286,13987,13223,15640
14875: 13190,14351,13641,15560,13298,15014
14658: 13871,15317,13275,12921
14946: 14785,13003,13850,13471,14852,13301
15811: 12941,14586,13162
15694: 
13466: 14416,28658,15238,13074,13941,13903
13592: 15572,14099,14118,14211,12979
13391: 13121,15607,13368,13237,15063,12920
13639: 13095
14724: 13518,13065,14509,15412,14350,12980
14180: 13346,13206,15211,15759,15365,13670
13404: 14733,14026,14259,14797,14752,14054
13909: 14625,14980,13273,15166
13193: 13435,15387,15558,14659,14603,13595
14932: 14956,14600,13071,14501
15080: 14408,13082,15309,13628,14737,13822
14400: 14100,15548,12867
13046: 15651,13621,13953,13518,13696,15633
15144: 15610,15741,14424,15403,15283,15226
14611: 13617,13593,15736,13304,12836,14591
14413: 
12842: 14710
13155: 14314,13023,13315,14087,14749
14979: 15053,14919,13697
14987: 14115,15044,14150,14816,14349,15236
14362: 13426
12993: 14848,14551,13055,13182,15688,15195
15276: 15056,12939,13190,13641
13807: 13395,13568,14838,14109,14930,12961
15182: 15009,15545,15432,13689,13131,13216
15018: 13126,15570,13599,13845
15218: 14329,13760,12840
13845: 13599,14754,15018,14073
15775: 15680,14899,15471,14993,13925,14126
13597: 14093,15255,14101,12839,13005,15402,13458
15008: 12929,13609,14651,15134,14804
14110: 14251,15758,14980,13273,13507
13322: 15414,12994,14819,14817,13695,13402
14198: 12824,13703,15337,14594,15305,14769
14908: 14038,14590
14638: 15506,15122,13928,15301,15510
13136: 14123,14269,13122,15720,14350,14023
13439: 13841,12987,13854,13364
12996: 13913,15722
13903: 13074,13059,12926,15238,13466,12868
15604: 13413,14272,15191
13264: 14488,14264
15565: 13328,15312,15760,15399,14214,12829
15630: 13397,14506,14636,12874,15776,15394
13860: 14774,13686,15065,12880,14531,15695
14969: 13960,14262,15093
15359: 14040,14081,14808,14348,15261,14235
15381: 14803,13799
15191: 15604
15189: 14367,15225,13326,15741,15626,13163
14989: 13465,14270,15114
13115: 14761,15747,14070,15220,14357,14877
15544: 13109,14193
12988: 13311,15338,15563,15287,15594
14768: 
14270: 12820,13465,14989,15484,15114
14848: 12993,13481,14551,13174,13310,13055
15212: 12957,13975,13341,13092,14397,13196
13433: 13875,14973,15461,14043,13734,15361
13801: 14450,13035,15372,13528,15670,15770
13954: 13747,14414,15316,15758
14097: 14523,13699
14591: 12836,13020,14562,14611,13870,13304
14765: 14654,13927,14032,13706,13335,13749
15570: 14786,13599,15206,15018
15039: 14546,13406,14915,13936,14331,13463,15133
13139: 15366,13154,15015,13093,15464,13977
13246: 15712,14496,15703,12963,13134,15223
12863: 
13294: 
14827: 14369,13916,14281,13324,14850,13503
13577: 14503,14964,14684,13513,15804,14553
14106: 13454,14191,15690,15642,15704
15117: 13447,15534,15812,14252,15248,14616
14018: 
15079: 13247,15232,13890,14002,15306
13910: 14236
15603: 14751,13100
13644: 13148
14981: 14727,13701,15803,13137
15132: 14019,14740,14829,14909
13069: 15809,15580,14196,13802,13636,14164
13671: 15115,15010,13173,13664,14105,15749
14597: 15316,14849,15320
14910: 14268,13960
12933: 15796
15461: 14258,13899,13231,14043,13433,14973
15595: 12871,15215,15762,13281,13248,15757
14890: 15684,15203,14553,15255,13212,14140
13721: 15702,13042,13844
14181: 15169
13001: 14781,15240,15017,13262,13715,14968
13805: 13725,13829
14576: 15139,13950,13438,15231,14628
13424: 12867,13580
13326: 13340,15226,15741,14792,13163,15189
13090: 14020,13414,14154,14731
15505: 14474,14169,13376,13058,14259,14054
14779: 13029,13392,15662,15314,14688,14472
13074: 14869,13941,15413,13903,12926,13466
15447: 12969,15423,14625,15166,15585
13367: 14079,15315,13985,13427
15181: 15707
14970: 14330,14639,15354,13838
15672: 15266,14276,13749,14491,14162,15479
15495: 28675,14157,28520,15567,14310,14722,15772
13696: 13518,13065,15072,15651,13046,13460
15408: 15071,13358,14846,13465
13787: 14776,15060,14392,13551,14933,13624
13242: 14428,15492,15088,12854,15102
15660: 14696,13993,13392,15650,14880
15496: 13213,13702,14847
13667: 15294,13472,12931,15016,14176,14418
14709: 15563,15287,14512,13196,13773,13517
14200: 15374,13857,15086,13788,12936
13333: 14794,13491,14275,15233
12909: 15474,15038,15379,12889
14873: 14529,13612,15081,14185,14942
12908: 13343,14995,13964,12958,14021,15645
14230: 13523,14335,13632,15406,13224,12825
13712: 13714
14914: 14983,14788,15055,13178,14901
14266: 12997,13384,13915,13268,15511,14131
13539: 14209,14545,15765,13524,14883,13512
14259: 14733,13404,13058,13089,15505,14054
14299: 13872,14767,13495,15480
15019: 14420,15336
13622: 13031,14356,13534,14499,15339
15229: 13237,13400,13356,14599,14343
14911: 15605,14008,14324,13490
15487: 14630,13562,15421,13599,14754
14995: 12908,13964,14802,15573,14758,14021
12951: 12906,14605,13977,15647,13452,15366
14701: 14436,13168,14228
15613: 13757,13498,12841,15177,13479,13981
15285: 14774,13686,13017,13516,14736,13407
14704: 14818,14427,13269
13859: 13705,15583,13557,14620
13904: 13134,15223,13504,15120,13741,14277
15738: 13067,14923,15145,14374
14431: 14052,13169,13328,12942
14066: 13103,15295,14430,15462,13026,13077
15064: 14130,13988,14855,15216,14170
14070: 14761,13115,14120,15395,13256,14877
14521: 13738,14147,13299,13406,15041,13027
15783: 13104,15197,14764,13229,13486,15227
15171: 15590
15522: 14185,13078,14507,14925,14225,15121
15521: 15808,15706,15635,13949
13828: 13906,13230,13286,14344,14456,14916
15173: 15764,15624,14650,15528
14204: 13778,13594
13524: 13539,15765,12995,14530,13512,14049
14735: 13794,13073,13453
13680: 14832,15529,13445,13094,14354,15135
13736: 15643,13145,13737,15654,14644,14410
13201: 13651,14245,14192,14629,13200
13593: 13617,13052,14611,15159,12836
14856: 14161,12819,15245,15731,14549
14536: 13310,13868,13055,14939,15084,14668
13762: 13426,15062
13549: 14959,13323,14079
15062: 13509,14847,13762
12818: 15744,13688,13992,15652,14675,15525
13323: 15807,14807,14959,13549
15162: 12886,13114,13316,14556,13151,14250
14120: 14761,14070,13893,15465,13604,15395
13673: 15270,12948,14535,12816,15643,14816
13649: 15136,12837,14738,12877,13226,14222
14783: 13707,15279,15644,14201
15577: 15111,14366,15058,15458,14314
13162: 15509,13999,12945,15811
15302: 15168,15812,14295,13156,15524,15256,15485
13606: 15426,13999
15450: 14048,15150,15389,15618,14964,14684
14958: 14715,13658,14825,13675
15346: 13668,14493,14532,12819,14534,15659
15083: 15481,14602,15539
14862: 15152,14320,15648,13501,13957,15737
14128: 14211,15183,13028,15572
13337: 15728,13086
12947: 14386,13814
15734: 12974,14479,14414
14427: 13214,15564,13469,14704,13269
15457: 15331,14702,12969,15423,14983
13122: 14123,13136,15057,14912,14603,15720
14789: 15502,15350
13192: 15335,15025
15378: 12839,15321,15437,15066,14629,14527
13502: 15640,14205,15286,14647,13307
14654: 14765,14032,14810,14121,14276,13749
12815: 15444,14787,15252,14575
14355: 13239,15798,14924
14241: 15715,15097
13343: 12908,13964,14963,13750,13087,15645
15704: 14223,14380,15642,13454,14106
13670: 13473,15098,14220,15211,14180,13346
14154: 13423,13090,12941
15452: 12827,12919,15679,13377,15161,14333
15262: 13279
15304: 13887,15616,14068,15575,14960,14683
15546: 15294,15799,13472,15678,13378,15674
15113: 13775,13249,13135
13112: 15499,14064,13842,13823,14274,14385
15186: 15430,15074,14905,12887,14129
14579: 13698,14481,14585
15206: 13796,15570,13126
13137: 15665,14240,14981,13552,13527
14302: 15249,14542,15180,14593,14209,14545
14972: 14069,15243,13729,13844
12862: 15639,14091,13076,14641,12847,14777
15111: 14366,15577,12983,15362,15058
13021: 13668,13601,13263,14534,13297,15311
13951: 15543,14202,13895,13663,13197,13167
14697: 14775,15066,13961,13347,15256,14997
13983: 15061,13542,13109,15506,14263
15240: 13503,14593,14781,13001,15017,15180
15642: 15773,15690,14233,14380,15704,14106
15674: 15678,28589,13567,14139,15294,15546
13350: 13653,13493,13022
13722: 13624,14398,12955,14152,15714,14933
14468: 15289,14985
12874: 13876,15054,14636,14954,15630,15776
14625: 13909,13273,15166,15447,13756,15585
14082: 15205,15656
12844: 14565,13312,14869,15413
14481: 13002,14579,15331,14585,14702
15588: 15241,13970,14726,14619,15358,14313
13849: 14878,14965,13373
12922: 15713,13740,12984,13767,14572,13753
13214: 14427,15564,14607,12986
14475: 12961,15597,14939,13174,13568,13310
13856: 15557,14190,13094,14354,13078,14942
15423: 12969,15447,13752,15457,15166
13943: 13632,14035,14360,14067,13191
14043: 12873,14255,13389,15461,13231,13433,15361
14868: 15183
13453: 15420,14717,14735,14165,13073
15479: 15193,14224,15672,15266,14491,14311
13832: 14528,13815,13854
15217: 15184,14352,14075,14405,14902,13329
15702: 13721,14786,13434
13933: 13053
14225: 14925,13996,15522,15468,15121
14067: 13719,15686,12825,13943,13647,13191
15273: 15082,15494,15547,12943,13621,13863
15054: 13876,13320,12874,13678,15776,15265
13006: 14879
14550: 13969,28665,15693,15475,14187,14074
15748: 13734,15361,13467,15472,14279,15677
14320: 15152,14862,15648,14457,13519,13842
15174: 14895,14217,15768,15543,13800
15131: 12833,13470,12828,15201,14232,14685
15306: 13733,13158,14002,15079
15279: 14783,15341,15469
14675: 15641,14327,15525,15744,12818,13292
14109: 14838,15075,14930,13792,14022,13807
14619: 14142,14730,15764,15588,15241
14608: 13808,15319,14242,14191,13706,13532
12967: 13085,13393,13937
14317: 14772,13386,14080,15049,14346,13036
14699: 15363,15337,14594,13815
13026: 13339,13077,14584,14066,14430,15615
15665: 13137,14240,14627,13527,12851
14567: 13911,13585,15584,13650,13035,15770
13216: 13131,15556,14975,15182,13689,14031
13890: 14876,12964,14002,15079
14486: 15059,15417,15743,15501
14280: 14967,14417,14667,15176,12860
15282: 13751,13958
15105: 13818,15091,12888,13450
14750: 
15812: 15302,15168,14295,14252,15443,14616,15117
13840: 14252,15443,13363,14696
12945: 14406,14334,15813,15509,13162
14986: 15250,14581,14360,14984,13191
14858: 15257,12962,15598,13804,15527,15239
13252: 13317,14206,14613,14024,14664,14519
15798: 13930,14355
15751: 15120,15323,13741,14998,15422,13574
13097: 14343,14174,13669,13857,15086
13008: 14693
13628: 12885,15329,13761,13934,15309,13082,15080
15272: 14030,14951,13129,13195
13996: 14225,15404,15121,14436,14228
14192: 14245,14616,15534,13201,13200
13692: 13884,15356
15187: 12937,14543,15512
14994: 13731,13469,13284
14342: 13556,15632,14711
14822: 13027,15573,15352,13887,15041,14068
13529: 15507
15421: 15487,14630,14754
13756: 13475,14625,13273,15371,15585
12887: 13586,14129,15186,15781,14047
13714: 13411,13712
14950: 14534,15659,14524,15614,13280,15311
13382: 13255,13882,13004,15023,14670
13043: 15360,15385,14836,14433,13015,14689
13804: 13488,13850,15598,14552,14858,15239
12900: 14003,14376,13093,12892,15568,13278
15134: 13319,15008,13484,13959,14804
14878: 13849,13373,13102
14678: 15199,15803,12914,15635
14805: 14203,12891,13878,15718,14614,14151,12870
13751: 15282,14194
15138: 
13634: 15214,13202,13508,13121,15142,14621
14341: 13917
13371: 13694,14145,15671,14700,13558
13715: 14968,15236,13262,12816,13145,13001
14947: 13359,13520,13477,15035,15078,15026
14973: 13433,12930,13875,15461,14258,12916
13399: 15510,13659,15589,13590,15375,14421
14869: 13074,15413,14565,12844,14729,12926
12949: 14361,13937,14602,15539
13788: 14200,15374,13857,15407,13761,13792
14197: 14615,14122
13999: 15509,13162,13606,13042,14510
15180: 14302,15249,15024,14593,15240,15017
14562: 14591,13020,13870,14092,13014
15561: 13412,14319,15129,13894,13123,15259
15044: 14115,14987,14150,13953,13863,15396
13423: 15127,14154
14000: 14870,15646,13140,28622
13893: 15165,15514,13604,15395,15555,14120
14745: 15143,15116,13682,14840,15652,15525
15739: 13750,15433,14210,15729,14963,13755
15559: 15157,14866,12990,13957,13613,15152,14859
13770: 13759,15235,14894
14144: 13161,12982,14558,12834,13330
14184: 13075
12944: 14780,13011,14937,14595
14669: 13462,14215,14321,14149,13713
13603: 14112,14375
13881: 
14524: 14950,15659,15245,15614,14954,15619
13052: 13617,13593,15698,13157,15159
14628: 12936,13172,13948,14576,13950
13660: 15512
14993: 13739,13925,13286,12849,15680,15775
12885: 13761,13628,14930,13792,14927,13082
13114: 12886,13781,15162,13418,12899,13151
12888: 14165,15105,13450
13049: 12911,14470,15109,13500,13442,15797
13661: 15009,14689,15663,15800,14836,15432
14042: 14931
14859: 15451,13519,15152,15559,12990
15449: 14740,14385,14595
15001: 15142,14737,13822,12896,13942,13935
15320: 13104,15197,14597,13973
13279: 13672,13254,13084,15262
15746: 13633,15288,13697,14345
13506: 14708,15259,15269,13338,13013,14305
13647: 14493,14984,13191,14067,13719,14547
15020: 15143,15116,14955,14747,14397,13092
13120: 15489,13387
14105: 13598,13664,14844,15749,13671,15400
12937: 15187,12924,13880,13254
13771: 14364,15511,14131,14967,14682,12977
13280: 13306,13272,15311,14950,15614,13083
13036: 14346,14772,14317,12850,13987
13605: 13366,13479,14269,15340,15535,15788
14315: 15360,15385,13289,14015,15490
14160: 12902
14904: 14372,13146,13564,15011,14212
13053: 13933,13390,13032
14094: 13186,14467
12923: 15526,15210
13803: 12939,13259,13041,14372
13374: 12831,13457,12868,13256,14877,14801
14017: 13485,14379,13538,13902
13799: 14380,15453,15381,14803,15653
13536: 14377,13022,14422,14893
13688: 15744,12818,13338,13013,13992,15529
13676: 14834
13270: 15179,13765,13896,14227,13487,15486
15663: 12950,13233,15800,13674,15432,13661
14603: 14659,14912,13193,14123,13122,13595
13290: 14952,13428,14443,14086,15207,12884
14942: 14185,13078,14190,13856,15081,14873
15303: 14891,14631,15516,14233
14790: 14676,13942,14643,14744,13265,15345
15358: 13221,14313,15588,13970,14370
15175: 14273,13526,14175,13344,13420,15076
15752: 15325,13360,14882,14526,13694
13516: 12927,13017,15200,14487,14774,15285
12845: 13353,15156
13730: 14478,14700,14649,15053
14368: 13684
14081: 14040,15359,14235,12956,13861
14924: 14166,14355,13239
13865: 
14673: 14598,14645,14674,12889,15283
13988: 15064,14855,15216,15322,15550
14796: 12837,13969,14222,13412,14407,13123
13377: 13359,13520,15679,15705,15452,15161
13731: 13469,14994,14445
14588: 13952,14571,15427,13614,14234,13197
14913: 15530,13207,14520,13208,15455,13784
13358: 13045,15006,15408
14737: 15142,13822,14621,15001,15309,15080
14339: 15683,15493
13172: 12936,14628,13948,14522,14766
13626: 14433,13227,15498,13110,14119,14898
15643: 12816,13145,13736,14644,15270,13673
14665: 14522,12883,13812
14205: 13502,13111,13473,12894,15292,13307
14954: 15614,14636,15619,14524,13876,12874
13384: 12997,14391,14266,13047,15511,14867
13092: 15212,13341,15143,15020,14397,13196,14327
12891: 15271,13878,14135,15440,14203,14805
14065: 14420,13405,13557
15501: 14422,14486,13068
14356: 13622,13031,14275,15373
13418: 14773,15554,12899,12999,13781,13114
15112: 13818,15682,13914
15549: 14974,14988,14615
12893: 15611,13760,15000,12932
13077: 13026,13339,15462,13448,15787,14066
12850: 13037,13987,14462,14346,13036,15640
13979: 14256,13387,13864,13776
15227: 15233,13486,15696,15783,14764,13685
14260: 14445,15552,14133,15676,13793
13946: 13271,14659,14912,13480,13127,15345
15124: 13131,15556,13040,15384,14936,15490
15531: 15123
15683: 14339,14099,13724
14044: 13460,14152,15714,15651,12943,13274
13958: 14920,15282,14953
15000: 12932,15669,12893,15140,14458
13023: 13155,14314,13040,13315
15572: 13592,14099,13028,14128,14211
14211: 14128,15183,13592,15572,12979
13829: 13805,14186,13119,13125
15690: 15773,15642,13189,14191,14106,15319
14010: 15730,13425
14682: 12977,13691,13771,14967,15176
12983: 15111,14366,15050,13758
15345: 13127,13265,14790,14676,13480,13946
15657: 13344,14569,13420,15084,14301,14907
15009: 13661,14689,15384,15182,15432,13131
13088: 13164,14557,14541,13381,14679,14104
14092: 15051,13142,13870,15415,14562,14592
13574: 15422,14238,14998,13598,14844,15751
13504: 15223,13904,15251,13091,15120,14383
13883: 14551,13974,13282,13271,15688,15558
12872: 15184,14352,15077,15253,13554
15507: 13529,15477,13499
14335: 13523,14230,15536,13768,13632
13153: 12917,15172,13345,13858,14723,12916
15215: 12871,14395,15595,15757,15551,12848
14937: 13584,14780,12944
14792: 14221,15409,12864,13163,13340,13326
15087: 14626,13315,14045
15586: 13871,15317,14751,13703,14721
14319: 15129,15561,14470,14692,15259,15269
13564: 15184,14405,13146,14904,15011
14151: 15368,14614,14080,13888,12870,14805
13608: 13260,13072,14500,13607,14409,13230
13723: 15520,13124,14416,15491,15034,14103
15298: 15523,14322
15722: 14860,12996
14313: 15358,14726,15588,14633
14088: 12822,15393,13806
14906: 13468,15153,13054,13905,13098
14087: 13315,13155,14749
13576: 15682,14711,13421,13818
13750: 15433,15621,15739,14963,13343,13087
13831: 15491,15034,13902,14992,13324,15126
15362: 14505,13379,15058,15050,15111
13517: 13565,13773,15287,14709,13416
14104: 13532,14679,13335,13808,13381,13088
15632: 15025,14342
13984: 14728,15404,13612,14511
13707: 14783,14648,15341,15644
14961: 15308,12946,12959,15562,12925
13292: 15557,14354,15744,15641,14675,15529
15159: 13157,13593,13052,13225,14182
15230: 14494,15196
14955: 14292,13569,12960,15116,15020,14747
14617: 14978,13754
13772: 14501,14929,14600,12991
14907: 13331,14454,14668,15657,13420,15084
14078: 15202,15519,14438
15439: 13844,14359,15068,13434
14055: 13581,13991,14741,14273,13526,13619
14333: 15600,15161,15452,12919
14880: 15052,15141,15650,15660,14172
15031: 13973,13507,15371,14764,14027
14966: 14434
13757: 14692,13879,13498,15613,12841,15109
14153: 14639,13838
15563: 15287,14709,15456,13311,12988,14512
13940: 15128,15353,12907,15074
14516: 13354,14168,14467,14489,13186
15616: 13887,15304,12915,15575,14546,14915
15724: 
14640: 14469
15225: 15342,15189,14367,15626,14762,14784
15327: 15602,14297,13877,15334
14239: 14406,15624,15790,15813,15241,13970
15655: 14648,13215,15445
13341: 15212,12957,13092,15641,14327,14662
13234: 15713,13740,14566,13530,15295,14430
15232: 13247,15045,15079,13118,13655
12980: 12948,14450,15670,15412,14724,14509
14754: 15727,15487,15421,13599,13845
15425: 15409,13163,14367,15697,12960,13449
15349: 13007
14657: 14902,13329,15435,12852,13525,15192
15393: 13646,13806,14088,13892,15185
15647: 15396,15431,13452,14150,12906,12951
14358: 14519,12875,15146,14024,14463,14977
15125: 15606
15541: 13455,13394,14076,13991,13365
12851: 13213,15665,14240,14627,15027
15410: 13435,15387,15195,13432,13442,15797
13150: 14865,15260,14399,14780,13011
15387: 13435,15410,13193,15351,15797,13595
13349: 15627,15795,13345,14560,13461,13858
13450: 15105,12888
13620: 14149,13713,15100
13610: 14528
15316: 14597,13954,13747,15758
15013: 13689,14031,14340,13786,13198,14637
14171: 13898,14394,14477
15324: 14435,15472,12817,13572,14016,13467
14863: 15048
15130: 
14096: 
13048: 
14306: 14188,13334,15600,28659
15243: 14972,13729,14800,13510,14716
13800: 14743,14653,13167,15174,15768
13452: 15431,15647,12951,15366,13631,13848
14376: 12900,14003,14857,13293,13648,15568
15649: 14403,14133
15592: 14655,15518,13665,14706,13866,13184
14290: 14330,14039,14484
14327: 15641,14675,15525,15143,13341,13092
13041: 13259,13803
13638: 13753,15608,13171,13767,14363,13217
14452: 13278,14500,13415,12892,15416,15581
13651: 13201,14527,13200
13615: 15242,13257
13247: 15045,15079,13066,15232,14876
15005: 15414,12994,12905,13919,13643,15101
14882: 13000,14691,15752,13694
13064: 13277,14127,14277,13654,14525,15658
14575: 14138,14494,15252,12815
12924: 15470,15754,14460,13880,12937
14135: 12891,15271,13545,15128,15440
15624: 15764,15173,15790,14239
13895: 14202,13951,15427,14604,13663,13197
13792: 14109,14930,14022,13788,12885,13761
13691: 14682,14208,13816,14853
12866: 13480,13282,15596,14739,12896,14676
14387: 13307,13780
13462: 14669,14215,14321,13891,15092,14249
14048: 15450,13151,15150,12899,15389,15290
13645: 15790,14948,15392
15747: 14761,12880,13115,14531,14226,15220
14664: 14492,14519,13317,13252,13531,14294
14159: 14403,15552,13855
13949: 15635,13527,15808,15521,14627,14725
13508: 15214,13634,15723,13121,15607,14812
15331: 13752,14585,15457,14481,14702
15703: 15712,15092,13246,12963,13891,12859
14052: 13169,14431,14824,13328,12829,13968
14717: 13453,15420,14165,14125,13683
12972: 14919,13380
13919: 12912,13185,13643,15005,15101,13679
14967: 14417,14280,13771,14131,14682,15176
13686: 14774,13860,15285,14736,14308,15695
13265: 13127,15345,14124,14744,14790,14719
13748: 14231,13972,14926,13060,13899
15580: 13069,13802,13636,13648,15568,13166
13093: 13139,15015,15464,12900,14003,13278
12971: 14999,13565,15785
14173: 13062,14370,14334,14510,14800
13013: 13688,13338,13992,13894,13506,15259
13971: 
13185: 12912,13919,14116,13188,13679,14267
13567: 15560,14139,15293,15678,14666,15674
13927: 14765,13335,15377,13749,14162
15756: 13947
15289: 14468,15523,14944,14322
12985: 15731,14580,14636,15619,14506
15628: 14136,13176,14647,13079,14012
13746: 14113
13955: 13180,13546,14895,14791,13304
15715: 14241,14428,15719,13758
12834: 14558,14799,14328,13161,14144,14874
13217: 14732,13604,14363,13638,15608,15165
15033: 13319,14794,13491,13571,13484
14422: 13022,15501,15194,13536
12895: 
14451: 15728,15599
12977: 14682,13361,13771,14364,14771
15209: 13810,14117,13396,13101,12814
13991: 13581,14055,14741,13365,15541,13394
15648: 14320,14862,13330,13501,14037,14457
14540: 14918,14188,14934
13095: 13388,13639
14113: 14884,15158,13746
12946: 15308,14961,12959,15118
14453: 13141,14900,13588,13523
14720: 
13643: 12912,13919,13926,14896,15005,12994
13609: 15008,12929,15750,15380
14324: 14008,13563,14130,14911
14349: 14968,15236,12973,14987,14150,12906
15474: 12909,15576,15379,12889,15403
15477: 14920,14609,15507
14014: 15081,14662,12957,14831
14308: 15609,14736,13686,15695,13585,15278
15512: 13660,15187,14246
15723: 14655,12928,13665,15607,14812,13508
15453: 13799,14380,14412,14803,14233
15729: 13656,14935,13755,14242,15739,14210
13665: 14655,15723,15592,12927,13184,14812
13545: 15128,14554,12907,15742,15271,14135
14971: 14194,14167
15204: 14840,14407,15652,13894,13123,13992
14903: 15074,14905,14178,15353,14686
14741: 14055,13991,13210,14271,15246,13619
15658: 13277,13064,13654,14773,15554,13769
13914: 14849,15343,15112
15341: 13213,13707,15279
13963: 12903,13872,15055,14885,13158
15543: 13546,14202,13951,14895,15174
15157: 14866,15559,12990,12817,13572
15777: 13447,15534,12910
13047: 15712,15459,14496,13384,14391,14867