0: 1,23,9414,22
1: 23,24,0,9414,2
2: 3,9372,1,24
3: 2,9247,24,54
9378: 9235,9234,9456,9292,9640,9277
5: 27,9295,6
6: 7,29,5
7: 6,29,8,30
8: 30,7,9,31
9: 10,9439,8,31,32
10: 9439,9527,9,11,32,33
11: 9428,10,9527,33,34
12: 9428,9611
10012: 
14: 9322,9445,9611,35,36
9562: 5543,9249,5643,5444,9503
16: 9502,9403,67,38,39
17: 18,40,39
18: 17,40,41,9515
19: 9275,9626,20,47,48
20: 19,48,49
10011: 
22: 23,0,50,51
23: 1,24,0,22,51,52
24: 1,23,2,3,52,53
9962: 9879
26: 55,9247,27,9295,54
27: 5,9295,28,56,26
28: 27
29: 6,7,30,57,58
30: 8,7,29,58,59,31
31: 59,60,8,30,9,32
32: 33,10,9,60,31
33: 32,10,11,62,34
34: 62,63,35,11,33
35: 63,34,14,64,36
36: 64,65,37,9322,14,35
37: 65,36,9322,9403,66,38
38: 66,67,16,9403,37
39: 68,16,17,40,67
40: 17,18,41,68,39
41: 42,18,40
42: 41,9515,43,9272,71
43: 9416,9272,44,42,71,72
44: 43,9416,9345,72,73
45: 79,80,9369,9323,46
46: 47,81,9369,9626,45,80
47: 46,81,19,9626,48
48: 49,19,20,47
49: 48,20,50,84
50: 51,84,85,22,49
51: 50,85,22,23,52,86
52: 86,87,23,24,51,53
53: 88,24,52,87
54: 88,89,3,26
55: 26
56: 27,57,91
57: 58,91,92,29,56
58: 57,92,29,30,59,93
59: 60,93,94,31,30,58
60: 59,94,31,32,95
9945: 9826
62: 63,34,33,96,97
63: 62,35,34,64,98,97
64: 65,36,63,35,98,99
65: 64,37,36,66,100,99
66: 38,65,37,100
67: 38,16,68,102,39
68: 102,39,103,40,67
9855: 
8914: 8861,8915,8860,8913,8966
71: 72,106,42,43,105
72: 71,106,107,43,44,73
73: 74,108,44,9345,72,107
74: 73,108,109,9345,75
75: 76,110,74,109
76: 75,110,111,9339
77: 78,9338,9446,116,115
78: 77,79,116,117
79: 45,80,78,117,118
80: 45,79,46,81,118,119
81: 46,47,80,119
9181: 9182,9208,9149,9111,9207,9148
9765: 
84: 50,85,49,122,123
85: 50,51,84,86,123,124
86: 52,87,51,85,124,125
87: 52,86,53,125,126
88: 53,54,89,126,127
89: 54,88,127,128
90: 
91: 57,92,56,129,130
92: 57,58,91,93,130,131
93: 59,94,58,92,131,132
94: 59,60,93,95,132,133
95: 60,94,133,134,96
96: 134,135,95,62,97
97: 98,136,62,63,135,96
98: 136,97,63,64,137,99
99: 137,180,100,64,65,98
100: 99,65,66,181
9738: 9885,9754
102: 68,103,67,141
103: 68,102,104,141,142
104: 105,103,142,143
105: 104,71,106,143,144
106: 71,72,107,105,144,145
107: 72,106,73,108,145,146
108: 73,74,109,107,146,147
109: 74,108,75,110,147,148
110: 75,76,111,109,148,149
111: 76,110,9339,149,150,112
112: 150,9553,151,111,9339,9337
113: 155,114,156
114: 157,156,9446,113,115
115: 116,158,9446,77,114,157
116: 158,159,115,77,78,117
117: 118,78,79,116,159
118: 117,161,79,80,119
119: 80,81,118,161
8792: 9271,8791,8731,8730,9505
121: 122,164,163
122: 121,164,84,123,165
123: 124,165,166,84,85,122
124: 123,166,85,86,125,167
125: 167,168,86,87,124
126: 127,169,87,88,168
127: 126,169,170,88,89,128
128: 129,89,127,170
129: 128,91,130,172
130: 131,173,172,91,92,129
131: 130,173,92,93,132,174
132: 133,174,175,93,94,131
133: 132,175,94,95,134,176
134: 176,135,96,95,133
135: 134,96,136,178,97
136: 98,178,97,135,137,224
137: 180,99,98,136,225
9467: 9290,9478,9207,9180,9477
139: 
8946: 8893,8947,8892,8998,8945,8999
141: 183,184,102,103,142
142: 143,185,103,104,141,184
143: 142,185,105,104,144
144: 145,187,105,106,143
145: 144,187,106,107,146
146: 147,189,107,108,145
147: 146,189,108,109,148
148: 149,191,109,110,147
149: 148,192,191,110,111,150
150: 193,151,112,111,149,192
151: 150,9553,193,112,9259,194
152: 240,9430,9259,239,194
153: 196,197,9441,9298
154: 155,9642,9427,199
155: 113,154,156,201
156: 114,113,155,201,202
157: 114,158,115,202
158: 116,159,115,157,204
159: 116,158,117,204,205
9097: 9098,9052,9053,9096,9138
161: 118,119,206,207
9957: 10041,9990
163: 121,164,208,209
164: 121,122,163,165,209
165: 123,166,122,164,211
166: 123,124,165,167,211,212
167: 125,124,166,212,213
168: 125,126,169,213,214
169: 126,127,170,168,214
170: 127,169,128,216
9485: 2565
172: 130,173,129,217
173: 130,131,172,174,219
174: 132,175,131,173,219,220
175: 132,133,174,176,220
176: 134,133,175
9413: 8607,9426,8670,9312
178: 136,135,223,224
9523: 9602,9454,9294
180: 137,99,181,225
181: 182,180,100
182: 181,183,228
183: 141,184,182,228
184: 141,183,142,185,230
185: 142,143,184,230
9581: 9056,9492
187: 144,145,232,233
9259: 9366,9430,9553,151,194,152
189: 146,147,234
9027: 9028,8979,8978,9026,9071,9072
191: 148,149,192,236
192: 149,191,150,193,236,237
193: 150,151,192,237,238,194
194: 238,239,193,151,9259,152
195: 241,242,9430,9248,196,240
196: 153,197,9248,242,195
197: 153,196,9298,242,243
198: 199,249,248
199: 198,249,9427,154
9232: 9231,9211,9212
201: 251,155,156,202,252
202: 252,157,156,201
9669: 9747
204: 254,255,158,159,205
205: 206,159,204,255
206: 205,257,161,207
207: 208,258,161,206,257
208: 207,258,259,163,209
209: 260,163,164,208,259
9870: 9838
211: 212,261,262,165,166
212: 211,262,166,167
213: 264,167,168,214
214: 265,168,169,213,264
9031: 8983,9032,8982,9030,9075,9076
216: 217,267,170
217: 216,267,172,268
9941: 10035,9901,9658
219: 269,173,174,220,270
220: 271,270,174,175,219
9569: 3734,3834,9328
222: 
223: 273,178,274
224: 275,274,136,178,225
225: 276,137,180,275,224
9656: 
9681: 9844
228: 278,182,183,279
8754: 8692,8693,8755,8813,8814
230: 281,184,185,280
9716: 
232: 233,283,187
233: 232,283,284,187,234
234: 285,189,233,284
9677: 
236: 237,287,192,191
237: 236,287,192,193,238,288
238: 288,289,239,194,193,237
239: 238,289,194,152,240,290
240: 152,290,239,241,195,291
241: 242,292,195,240,291
242: 241,292,195,196,197,243
243: 294,9268,197,242,293
244: 346,294,9493,348,402
245: 9358,9493,297,348,349
246: 247,299
247: 248,246,300,299
248: 247,198,249,300,301
249: 198,199,248,301
8640: 8573,8574,8639,8703,8704
251: 201,252,304
252: 202,251,201,304
253: 
254: 204,255,307,306
255: 204,254,205,307,308
8796: 8795,8737,8797,8852
257: 206,207,258,309
258: 207,208,259,257,311
259: 208,258,209,260,311,312
260: 209,259,261,312,313
261: 211,262,260,313
262: 211,212,261
10006: 9792,9776
264: 213,214,265,316,317
265: 214,264,317,318
9061: 9103,9062,9016,9017,9102,9060
267: 216,217,268,319,320
268: 269,217,267,320,321
269: 219,268,270,321
270: 220,271,269,219,323
271: 220,270,272,323,324
272: 273,271,324
273: 272,223,326
274: 275,224,223,326,327
275: 224,274,225,276,327,328
276: 225,277,275,328,329
277: 276,278,329,330
278: 228,277,330,331
279: 228,332
280: 230
281: 230,333,334
9177: 9144,9596,9145,9178,9368
283: 232,233,284,335,336
284: 233,283,234,285,336,337
285: 234,284,337,338
9909: 9968
287: 236,237,288,339,340
288: 238,289,237,287,340,341
289: 238,288,239,290,341,342
290: 240,289,239,342,343,291
291: 343,240,290,241,344
292: 241,242,293,344,345
293: 292,294,243,345,346
294: 9268,243,293,9493,346,244
9979: 
9143: 9105,9063,9019,9106,9176
297: 245,349,350
9107: 
299: 300,246,247,353
300: 299,355,247,248,301
301: 248,249,300,355
8976: 9025,9024,8975,8924,8923,8977
10029: 9795
304: 358,251,252,359
9755: 10018
306: 307,361,254,360
307: 361,362,306,254,255,308
308: 309,363,255,307,362
309: 308,363,364,257
310: 
311: 365,366,258,259,312
312: 313,367,259,260,311,366
313: 312,367,260,261,368
8635: 8568,8634,8569,8636,8698,8699
9733: 9951,10024
316: 370,371,264,317
317: 318,372,264,265,316,371
318: 317,372,265,319
319: 320,374,267,318
320: 319,374,267,268,321,375
321: 375,376,269,268,320
322: 
323: 324,271,270
324: 323,271,272,379
8931: 
326: 327,381,273,274,380
327: 326,381,382,275,274,328
328: 329,383,275,276,327,382
329: 328,383,384,276,277,330
330: 331,385,277,278,329,384
331: 330,385,278,332,386
332: 386,387,279,331
333: 334,281,387
334: 333,389,281,335
335: 336,283,334,389
336: 335,390,283,284,337
337: 338,391,284,285,336
338: 337,392,285,339
339: 340,394,287,338
340: 339,394,287,288,341,395
341: 395,396,342,288,289,340
342: 341,396,289,290,343,397
343: 398,397,291,290,342
344: 345,399,292,398,291
345: 344,399,400,292,293,346
346: 401,244,293,294,345,400
9926: 9919
348: 349,403,402,245,244
349: 348,403,245,297,350,404
350: 405,404,297,349
351: 9276,407,9270,352,408,409
352: 353,351,9270,409,410
353: 352,299,410,411
9316: 406,9470,9557
355: 300,301,412,413
356: 
357: 
358: 304,359,416
359: 360,358,304,416,417
360: 359,361,306,417,418
361: 307,362,306,360,418
362: 307,361,308,363,420
363: 308,309,364,362,420
364: 309,363,365,422
365: 311,366,364,422
366: 311,365,312,367,424
367: 312,313,366,368,425,424
368: 369,313,367,425,426
369: 368,427,426
370: 316,371,427,428
371: 316,370,317,372,428
372: 317,318,371,430
9701: 9849
374: 319,320,375,431
375: 321,376,320,374,433
376: 321,375,433,434
9499: 9354,9402,9465
9584: 
379: 380,324,436,437
380: 379,326,381,437,438
381: 326,327,382,380,439,438
382: 327,381,328,383,439,440
383: 328,329,384,382,440
384: 329,383,330,385,442
385: 330,331,384,386,442,443
386: 332,387,331,385,443,444
387: 332,386,333,444,445
9608: 1923,9364,1834,2012,9619
389: 334,335,390,446,447
390: 336,389,391,447,448
391: 337,392,390,448,449
392: 338,391,449,450
9379: 9593,9588,9229
394: 339,340,395,451,452
395: 341,396,340,394,452,453
396: 341,395,342,397,453,454
397: 398,343,396,342,454,455
398: 343,397,344,399,455,456
399: 344,345,400,398,456,457
400: 345,399,346,401,457,458
401: 346,400,402,458,459
402: 348,403,401,244,459
403: 348,349,402,404,461
404: 405,350,349,403,461,462
405: 350,404,406,462,463
406: 9316,9470,405,463
407: 351,9276,467,408
408: 409,468,351,407,467
409: 408,468,351,352,410,470
410: 471,470,352,353,409,411
411: 412,472,353,410,471
412: 472,473,411,355,413
413: 474,355,412,473
414: 
9397: 9342,9320,9409,864,863,9357
416: 476,358,359,417,477
417: 418,477,360,359,416
418: 417,360,361
9900: 9807
420: 481,362,363,480
9235: 9234,9378,9187,9214,9236,9292
422: 483,364,365
9028: 8979,8980,9027,9029,9072,9073
424: 425,485,366,367,484
425: 485,486,424,367,368,426
426: 487,368,369,425,486
427: 370,369,487,428,488
428: 488,489,370,371,427
8646: 8647,8579,8645,8709,8710
430: 491,372,431
431: 492,374,491,430
432: 
433: 493,434,375,376
434: 433,376,495,435
435: 495,496,436,434
436: 496,435,379,497,437
437: 497,498,380,379,436,438
438: 439,499,380,381,498,437
439: 499,438,381,382,440
440: 501,382,383,439
9693: 9947,9834
442: 443,502,384,385
443: 442,385,386,444,504
444: 504,505,445,386,387,443
445: 444,505,387
446: 507,389,447
447: 448,508,389,390,507,446
448: 447,508,390,391,449,509
449: 450,510,509,392,391,448
450: 449,510,392,451,511
451: 452,511,512,394,450
452: 451,512,394,395,453,513
453: 513,514,454,395,396,452
454: 453,514,396,397,455,515
455: 516,515,398,397,454,456
456: 457,517,398,399,516,455
457: 456,517,518,399,400,458
458: 459,519,400,401,457,518
459: 458,519,401,402
9938: 
461: 521,403,404,462
462: 523,463,405,404,461
463: 523,462,405,406,464
464: 525,9470,463
465: 526,9470,9557,525
466: 467,9281,9586,528,529
467: 466,9586,407,408,530
468: 408,409,470,531,532
9432: 9341
470: 410,471,409,468,532,533
471: 410,470,472,411,533,534
472: 412,473,411,471,535,534
473: 412,472,413,474,536,535
474: 413,475,537,536,473
475: 474,537,538,476
476: 538,416,475,477
477: 417,416,476
8703: 8704,8764,8765,8639,8640,8702
8777: 8715,8716,8778,8776,8836,8837
480: 420,481,542,543
481: 420,480,543,544
9466: 8468,9525,8467,9457,9559
483: 545,484,546,422
484: 483,546,547,485,424
485: 425,547,486,424,484
486: 425,485,549,426
487: 550,426,427,488
488: 428,489,427,550,487
489: 428,488,552
8865: 8808,8864,8809,8866,8918,8919
491: 430,554,492,431
492: 555,554,431,491,493
493: 556,433,555,492
9037: 8988,8989,9038,9081
495: 558,496,435,557,434
496: 558,559,495,436,435,497
497: 560,498,437,559,496,436
498: 560,497,437,561,499,438
499: 561,439,438,498
9524: 9459,4639,9282,4740
501: 440,502,564,563
502: 442,501,564,565
9359: 8669,9505
504: 444,505,567,443,566
505: 444,504,568,567,445
9785: 
507: 446,569,447,508
508: 447,448,507,509,571
509: 449,510,448,508,571,572
510: 449,450,509,511,572,573
511: 451,512,450,510,573,574
512: 451,452,511,513,574
513: 453,514,452,512
514: 453,513,454,515,577
515: 516,455,514,454,577,578
516: 455,515,456,517,578
517: 456,457,518,516,580
518: 457,517,458,519,580,581
519: 458,459,518,581
9652: 9680
521: 461,583,584
9436: 8538,8471,9534,9390,8606
523: 462,463,585,586
8644: 8577,8578,8645,8707,8708
525: 464,465,526,587,588
526: 465,527,525,588,589
527: 526,9365,589,9495
528: 594,529,466,9281,9551
529: 594,528,466,595,531
530: 467
531: 595,596,468,529,532
532: 597,533,468,470,596,531
533: 597,598,532,471,470,534
534: 599,535,471,472,598,533
535: 599,600,534,472,473,536
536: 474,537,473,600,535,601
537: 474,475,536,538,601,602
538: 476,475,537,602,603
9393: 9460,9580
540: 
541: 605,606,542
542: 606,607,480,541,543
543: 544,480,481,607,542
544: 609,543,481,545
545: 483,546,609,544,610
546: 545,484,483,547,610
547: 485,484,546,612
8919: 8972,8865,8866,8918
549: 550,486,613
550: 549,487,488,614
8645: 8578,8579,8644,8646,8708,8709
552: 616,489
10014: 
554: 555,492,491,619
555: 554,492,556,493,619
556: 557,493,555
557: 556,558,495,622
558: 559,495,496,557,622
559: 558,496,560,497,624
560: 497,498,559,561,624,625
561: 499,560,498,625
9756: 9744
563: 564,627,501
564: 563,501,502,629,565
565: 629,630,566,502,564
566: 630,565,504,567,631
567: 504,505,568,566,631,632
568: 505,567,569,632,633
569: 507,568,633,634
9211: 9231,9232,9184,9185,9212
571: 635,636,508,509,572
572: 573,510,509,571,636
573: 572,510,511,638,574
574: 638,639,511,512,573
9200: 9167,9168,9201,9199,9227
8780: 
577: 642,578,514,515,641
578: 642,643,577,516,515
9459: 9633,4639,9524,9483,9282
580: 644,645,517,518,581
581: 646,518,519,580,645
9659: 9675,10033
583: 647,648,584,521
584: 648,583,521,649,585
585: 649,650,586,523,584
586: 650,585,523,587
587: 652,588,525,586
588: 587,652,525,526,653,589
589: 653,654,526,527,588
9088: 9130,9089,9043,9044,9129,9087
9657: 9853
9618: 9420,9613
593: 594,9405,9551,659,660
594: 528,593,529,595,661
595: 596,531,594,529,662,661
596: 595,531,597,532,662,663
597: 598,532,533,596,663,664
598: 597,533,599,665,534,664
599: 600,666,535,665,534,598
600: 599,666,535,536,601
601: 602,668,537,536,600
602: 601,668,537,538,603,669
603: 669,538,602,604,670
604: 605,603,670,671
605: 604,541,606,671,672
606: 607,542,605,541,672,673
607: 606,542,543,673
608: 
609: 544,545,610,675
610: 545,546,609
9740: 
612: 678,613,547
613: 612,679,549
614: 680,550
8691: 8752,8627,8628,8692
616: 552,617,682,683
617: 618,616,684,683
618: 617,619,684,685
619: 686,555,554,618
8688: 8687,8749,8624,8625
9422: 9442,9462
622: 689,557,558,688
8968: 9016,8915,8916,9017,8969
624: 625,691,559,560,690
625: 624,691,560,561
9867: 
627: 563,693,694
9127: 9126,9085,9128,9165
629: 630,696,565,564,695
630: 629,696,697,565,566,631
631: 632,698,567,630,697,566
632: 631,698,568,567,633,699
633: 634,699,700,568,569,632
634: 633,700,569,635,701
635: 701,571,636,634
636: 635,571,572
637: 
638: 639,574,573,704,705
639: 638,574,640,705,706
640: 641,639,706,707
641: 640,642,577,707
642: 643,577,578,641,709
643: 642,578,644,709,710
644: 580,645,643,711,710
645: 644,580,581,646,711
646: 581,645,647
647: 648,583,646,714
648: 647,583,584,649,714,715
649: 650,585,648,584,715,716
650: 649,585,586,716,717
8930: 8983,8876,8929,8982
652: 587,588,653,718
653: 589,654,652,588,720
654: 653,589,655,720,722
655: 9530,656,9495,654,722
656: 9530,655,9635,722,723
657: 725,726,9399,658
658: 727,9405,726,657
659: 727,728,9405,593,660
660: 729,730,593,659,661
661: 662,594,595,730,660
662: 731,661,595,596,663
663: 732,664,596,597,662
664: 733,663,597,598,665
665: 599,666,598,664
666: 599,600,665,735
9370: 9526,9570
668: 601,602,669,736,737
669: 603,602,668,670,737
670: 603,669,604,739,671
671: 739,740,672,604,605,670
672: 740,671,605,606,741,673
673: 741,742,606,607,672
8733: 8672,8734,9312,8794
675: 743,744,609
9989: 9993
9502: 16,9403,9313,9287
678: 612,679
679: 678,613,680
680: 614,679,749
9133: 9092,9091,9170,9203,9171
682: 750,751,616,683
683: 752,684,616,617,751,682
684: 752,683,617,618,685
685: 754,618,684
686: 619,687,755
687: 688,686,755
688: 687,622,689,757
689: 622,690,688,757,758
690: 689,624,691,758
691: 624,625,690,760
692: 760,693
693: 692,627,762,694
694: 763,762,695,627,693
695: 763,694,629,696,764
696: 629,630,697,695,764,765
697: 630,696,631,698,765,766
698: 631,632,697,699,766,767
699: 633,700,632,698,767,768
700: 633,634,699,701,768,769
701: 635,634,700,769,770
9695: 9936,10034,9944
8858: 8911,8857,8801,8802,8912
704: 638,773,705
705: 773,774,706,638,639,704
706: 774,705,639,640,775,707
707: 775,776,640,641,706
9952: 9778,10022
709: 777,778,642,643,710
710: 711,643,644,778,709
711: 710,644,645
9513: 9498,9258
9131: 9130,9089,9090,9132,9169,9168
714: 782,783,715,647,648
715: 783,714,648,649,716
716: 785,717,649,650,715
717: 716,785,650,786,718
718: 786,787,652,717
9142: 9175,9176,9105,9141,9563
720: 788,789,653,654,722
9340: 9173,9285
722: 790,654,655,656,789,720
723: 792,9245,656,9635,791
724: 796,9382,725,794
725: 726,657,9399,9382,724,796
726: 725,657,727,658,796
727: 728,658,659,726
728: 727,659,729,799
729: 730,660,728,800,799
730: 729,660,731,661,800,801
731: 662,730,732,802,801
732: 733,663,731,802,803
733: 732,664,803
10022: 9778,9952
735: 736,666
736: 807,735,668,737
737: 808,668,669,736,807
8977: 8978,9026,8924,8925,9025,8976
739: 740,671,670,809
740: 739,671,811,672,741
741: 742,812,673,740,811,672
742: 741,812,813,673,743
743: 744,675,742,813,814
744: 743,675,745,814,815
745: 746,744,816,815
746: 745,816,817
9054: 9053,9005,9448,9098,9356
9622: 9453,9290,9252,9593
749: 820,680,750
750: 751,821,682,820,749
751: 750,821,682,752,822,683
752: 822,823,684,683,751
753: 
754: 685,825,824
755: 826,686,687
9356: 9334,9353,9054,9098,9592
757: 758,828,688,689,827
758: 757,828,829,690,689
759: 
760: 691,692
9217: 9238,9218,9190,9191,9237,9216
762: 763,833,694,693,832
763: 833,834,762,694,695,764
764: 765,835,696,763,834,695
765: 764,835,696,697,766,836
766: 767,836,697,698,765
767: 766,698,699,768,838
768: 769,839,838,699,700,767
769: 768,839,700,701,770,840
770: 840,841,771,701,769
771: 770,841,842
9390: 9534,9436
773: 774,844,705,843,704
774: 773,844,845,705,706,775
775: 776,846,707,774,845,706
776: 775,846,707,777,847
777: 778,847,848,709,776
778: 777,848,709,849,710
9417: 9494,9469
8952: 
781: 782,851,852
782: 783,714,781,852,853
783: 782,714,715,854,853
9781: 10037,9798
785: 716,717,786,855,856
786: 787,718,785,717,856
787: 786,718,788,858
788: 789,720,787,858,859
789: 788,720,790,722,859,860
790: 791,722,789,861,860
791: 790,792,723,861,862
792: 793,9245,723,791,862,863
793: 792,9245,9254,9409
794: 865,866,9415,9637,724
9115: 9074,9114,9073,9153
796: 724,868,725,726
797: 
9060: 9102,9101,9015,9016,9059,9061
799: 871,800,728,729
800: 871,799,729,730,872,801
801: 873,802,872,730,731,800
802: 873,801,731,732,874,803
803: 874,875,732,733,802
9175: 9176,9142,9563,9596
805: 876,877
9913: 
807: 736,808,737,879
808: 809,737,807,880,879
809: 808,739,880,881
9363: 9635,9245
811: 740,741,812,883
812: 741,742,813,811,883,884
813: 742,812,743,884,885,814
814: 885,886,813,743,744,815
815: 887,816,744,745,886,814
816: 887,888,815,745,746,817
817: 889,746,888,816
9052: 9003,9051,9053,9004,9096,9097
8842: 8782,8843,8841,8898
820: 749,750,821,891,892
821: 750,751,820,822,892,893
822: 752,823,751,821,893,894
823: 752,822,894,895,824
824: 896,825,823,754,895
825: 896,897,824,754
826: 755,827
827: 826,757,828,899
828: 757,758,829,827,899
829: 758,828
9972: 9819
8782: 8721,8842,8720,8781,8841
832: 833,762,903,904
833: 763,834,762,832,904,905
834: 763,833,764,835,906
835: 764,765,834,836,906,907
836: 766,765,835,907
8953: 8898,8954,8900,9055
838: 768,839,767,909,910
839: 768,769,838,840,910
840: 770,841,769,839,912
841: 770,840,771,842,912,913
842: 841,771,913
843: 773,844,915
844: 773,774,845,843,915,916
845: 774,844,775,846,916,917
846: 775,776,845,847,917,918
847: 777,848,776,846,918,919
848: 777,778,847,849,919,920
849: 850,778,848,920
850: 849
851: 922,923,852,781
852: 923,851,781,782,924,853
853: 924,854,782,783,852
854: 853,783,926,855
855: 926,927,785,854,856
856: 928,785,786,927,855
9947: 9693,9834
858: 930,859,787,788,929
859: 930,858,788,789,860
860: 861,789,790,859
861: 933,860,791,790,862
862: 934,863,791,792,861,933
863: 862,864,792,9397,9409
864: 934,863,9397,1009,9357
865: 866,794,9415,9283,9576,940
866: 865,794,940,941
8964: 9012,8963,8911,8912,9013
868: 796,869,942,943
869: 868,944,943
9442: 4036,9256,9422,9462
871: 800,799,946
872: 873,801,800,946,947
873: 948,802,872,801,874
874: 875,803,948,873,802
875: 874,803,876
876: 805,875,950
877: 805,951,952
9019: 8971,8970,9020,9143,9063
879: 880,954,807,808
880: 954,955,879,808,809,881
881: 809,880,955
882: 
883: 884,958,811,812,957
884: 883,958,959,812,813,885
885: 886,960,814,813,884,959
886: 885,960,814,887,815
887: 888,962,816,815,886
888: 887,962,816,889,817
889: 817,964,888
890: 891,965
891: 890,965,966,820,892
892: 893,967,820,821,891,966
893: 892,967,968,821,822,894
894: 895,969,822,823,893,968
895: 894,969,823,896,970,824
896: 970,971,897,825,824,895
897: 896,971,825,972
9999: 
899: 974,827,828
9831: 9963,9651
901: 902
902: 901,903,977
903: 904,978,832,902,977
904: 903,978,832,833,905,979
905: 979,980,833,904
906: 907,981,834,835
907: 906,982,835,836
9471: 9614,9306,9305
909: 838,910
910: 839,838,909
9835: 9852
912: 913,987,840,841
913: 912,987,841,842
9808: 
915: 916,990,843,844
916: 915,990,844,845,917,991
917: 918,992,991,845,846,916
918: 917,992,846,847,919
919: 920,994,847,848,918
920: 919,994,848,849,995
9567: 9546,9240,9615
922: 923,997,851,996
923: 922,997,998,851,852,924
924: 999,853,923,998,852
9351: 2851,9411
926: 927,1001,855,854,1000
927: 926,1001,855,928,1002,856
928: 1003,1002,929,856,927
929: 928,1003,930,858,1004
930: 858,1005,1004,859,929
9789: 9939,9727
9530: 655,656,9495,9635
933: 861,1006,934,862,1007
934: 862,864,933,1007,1009
9950: 9699
936: 9342,1010,1011,1012
8988: 9037,8989,8936,8935,8987
938: 1014,1013,9576,9283
939: 940,1016,1014,9576,1092
940: 1016,939,865,866,9576,941
941: 1017,942,866,940,1016
942: 1017,941,868,943
943: 1019,944,868,869,942
944: 1019,943,1020,869
9009: 9008,8957,9284
946: 1021,871,872,1022,947
947: 1022,948,872,946
948: 873,874,947,1024
9981: 
950: 1026,951,876,1025
951: 1026,1027,950,877,952
952: 1028,953,877,1027,951
953: 1028,1029,952,954
954: 880,955,879,953,1030
955: 880,954,881,1030,1031
956: 
957: 883,958,1032,1033
958: 883,884,959,957,1033,1034
959: 884,958,885,960,1034,1035
960: 885,886,959,1035,1036
8771: 8709,8770,8830,8710,8772,8831
962: 887,888,1037,1038
8929: 8876,8928,8982,8981,8930
964: 889,1040
965: 890,891,966
966: 891,965,892,967
967: 892,893,968,966,1042
968: 893,967,894,969,1043
969: 894,895,968,970,1044
970: 896,971,895,969,1045
971: 896,970,897,1046,972
972: 1047,971,897
973: 1048,974,1049
974: 899,973
975: 
8655: 8588,8654,8589,8656,8718,8719
977: 902,903,978,1052
978: 903,904,979,977,1054
979: 905,980,904,978,1055,1054
980: 905,979,981,1055,1056
981: 906,982,980,1056,1057
982: 907,981,983,1057,1058
983: 982,1058,1059
984: 
985: 1060,1061,986
986: 1062,1063,987,1061,985
987: 912,913,986,1063
988: 989,1063
989: 988,1065
990: 915,916,991,1065,1066
991: 917,992,916,990,1066,1067
992: 917,918,991,1067,1068
9451: 1921
994: 919,920,995,1069,1070
995: 996,920,994,1070
996: 995,922,997,1071,1072
997: 922,923,998,996,1072,1073
998: 923,997,924,999,1073,1074
999: 924,1000,998,1074,1075
1000: 999,926,1001,1075,1076
1001: 926,927,1000,1002,1076,1077
1002: 928,1003,927,1001,1077,1078
1003: 928,1002,929,1004,1078,1079
1004: 930,1005,1003,929,1079,1080
1005: 930,1004,1006,1080,1081
1006: 933,1005,1081,1007
1007: 1082,1006,933,934
10016: 9914,9898,9906
1009: 1083,1084,934,864,9357
1010: 1085,1086,9357,9342,936,1011
1011: 1087,1088,1012,936,1086,1010
1012: 1011,1088,936
1013: 1014,938,1089,1090
1014: 938,1013,9576,939,1090
8845: 
1016: 940,939,1017,941,1092,1093
1017: 942,941,1016,1093
9872: 9964,9873
1019: 944,943,1020,1095,1096
1020: 1019,944,1021,1096,1097
1021: 946,1020,1022,1097
1022: 947,1021,946,1099
8769: 8707,8768,8708,8770,8829
1024: 948,1100
1025: 1026,1102,950
1026: 1027,1103,1102,951,950,1025
1027: 1026,1103,951,1028,952
1028: 1029,952,1105,953,1027
1029: 1028,1105,953,1030,1106
1030: 1106,954,955,1029,1031
1031: 1032,1108,955,1030
1032: 1031,1108,1109,957,1033
1033: 1034,1110,957,958,1032,1109
1034: 1033,1110,1111,958,959,1035
1035: 1036,1112,959,960,1034,1111
1036: 1035,1112,960,1037
1037: 1038,1114,962,1036
1038: 1037,1114,962,1115
8936: 8882,8883,8935,8937,8988,8989
1040: 1116,964,1117
10038: 
1042: 1043,1119,967,1118
1043: 1042,1119,968,1044,1120
1044: 1045,1120,1121,969,1043
1045: 1044,1121,970,1046,1122
1046: 1122,1123,971,1045,1047
1047: 1048,972,1046,1123,1124
1048: 1047,973,1049,1125,1124
1049: 1048,973,1125,1126
9862: 9671
1051: 1052,1128,1127
1052: 1051,1128,1129,977
9231: 9232,9211,9229
1054: 1055,1131,978,979,1130
1055: 1131,1132,1054,979,980,1056
1056: 1057,1133,980,981,1055,1132
1057: 1056,1133,1134,981,982,1058
1058: 1059,1135,982,983,1057,1134
1059: 1058,1135,1136,983,1060
1060: 1061,1137,985,1059,1136
1061: 1060,1137,985,1062,986
1062: 986,1063,1140,1061,1139
1063: 1062,986,1140,987,988
9053: 9004,9005,9054,9052,9098,9097
1065: 1066,1142,990,1141,989
1066: 1065,1142,990,991,1067,1143
1067: 1068,1144,1143,992,991,1066
1068: 1067,1144,992,1069,1145
1069: 1070,1145,1146,994,1068
1070: 1069,1146,994,995,1071,1147
1071: 1147,1148,996,1070,1072
1072: 1073,1149,996,997,1071,1148
1073: 1072,1149,1150,997,998,1074
1074: 1075,1151,998,999,1073,1150
1075: 1074,1151,1152,999,1000,1076
1076: 1077,1153,1000,1001,1075,1152
1077: 1076,1153,1001,1002,1078,1154
1078: 1079,1154,1155,1003,1002,1077
1079: 1078,1155,1003,1004,1080
1080: 1081,1005,1004,1079
1081: 1080,1005,1006
1082: 1007,1083,1158,1159
1083: 1084,1009,1082,1159,1160
1084: 1083,1009,1085,1160,1161
1085: 1086,1010,1084,1161,1162
1086: 1085,1010,1087,1011,1162,1163
1087: 1011,1088,1086,1163,9443
1088: 1087,1011,1012
1089: 1167,9361,1013,1168,1090
1090: 1169,1168,1014,1013,1089
9607: 9308,9377,6992,7083
1092: 1170,1016,939,1093
1093: 1016,1017,1092
9583: 5742,5841,9452,9249,5643,9360
1095: 1019,1173,1174,1096
1096: 1174,1175,1019,1020,1095,1097
1097: 1020,1021,1175,1096
9322: 14,9445,9287,9403,37,36
1099: 1178,1100,1022,1177
1100: 1178,1099,1024,1179
8869: 8813,8923,8812,8922
1102: 1026,1103,1025,1180,1181
1103: 1026,1027,1102,1181,1182
9452: 5841,9583,9360
1105: 1028,1029,1183,1184
1106: 1030,1029,1185
8889: 8943,8888,8942
1108: 1031,1032,1109,1186,1187
1109: 1032,1108,1033,1110,1187,1188
1110: 1033,1034,1111,1109,1188,1189
1111: 1034,1110,1035,1112,1189,1190
1112: 1035,1036,1111,1190,1191
1113: 
1114: 1037,1038,1115,1192,1193
1115: 1116,1038,1114,1193,1194
1116: 1040,1115,1194,1117
1117: 1195,1040,1116
1118: 1197,1042,1119,1196
1119: 1042,1043,1120,1197,1198,1118
1120: 1044,1121,1043,1119,1198,1199
1121: 1044,1045,1120,1122,1199,1200
1122: 1046,1123,1045,1121,1200,1201
1123: 1046,1122,1047,1201,1202,1124
1124: 1203,1202,1125,1123,1047,1048
1125: 1203,1124,1048,1049,1204,1126
1126: 1204,1205,1049,1125
1127: 1051,1128,1205,1206
1128: 1051,1052,1127,1129,1206,1207
1129: 1130,1052,1128,1207
1130: 1129,1131,1054
1131: 1055,1132,1054,1130,1210
1132: 1055,1131,1056,1133,1210,1211
1133: 1056,1057,1134,1132,1211,1212
1134: 1057,1133,1058,1135,1212,1213
1135: 1058,1059,1136,1134,1213,1214
1136: 1059,1135,1060,1137,1214,1215
1137: 1060,1061,1136,1215,1216
9345: 44,73,74
1139: 1217,1218,1062,1140
1140: 1062,1063,1139
1141: 1065,1142,1220
1142: 1065,1066,1141,1143,1220,1221
1143: 1067,1144,1066,1142,1221,1222
1144: 1067,1068,1143,1145,1222,1223
1145: 1069,1146,1068,1144,1223
1146: 1069,1070,1145,1147,1225
1147: 1071,1148,1070,1146,1225,1226
1148: 1071,1147,1072,1149,1226,1227
1149: 1072,1073,1150,1148,1227,1228
1150: 1073,1149,1074,1151,1228,1229
1151: 1074,1075,1152,1150,1229,1230
1152: 1075,1151,1076,1153,1230
1153: 1076,1077,1152,1154,1232
1154: 1078,1155,1077,1153,1232,1233
1155: 1078,1079,1154,1233,1234
9690: 9763
9958: 9746,9757,9818
1158: 1236,1159,1082
1159: 1158,1082,1083,1238,1160
1160: 1238,1161,1083,1084,1159
1161: 1160,1084,1085,1240,1162
1162: 1240,1241,1085,1086,1161,1163
1163: 1242,1086,1087,1241,1162
9589: 9383,9273
8830: 8770,8771,8829,8831,8887,8886
8838: 8839,8895,8778,8779,8837,8894
1167: 1248,9361,1089,1168,1247
1168: 1169,1249,1090,1167,1248,1089
1169: 1249,1250,1168,1090,1170
1170: 1092,1251,1169,1250
8727: 8664,8663,8726,8790,8789,8788
9326: 9273
1173: 1253,1095,1174,1254
1174: 1175,1255,1096,1254,1095,1173
1175: 1174,1255,1096,1097,1256
8664: 8727,8663,8597,8665,8790
1177: 1178,1258,1099
1178: 1259,1258,1100,1099,1177
1179: 1180,1260,1259,1100
1180: 1179,1260,1102,1181,1261
1181: 1182,1262,1261,1103,1102,1180
1182: 1181,1262,1103,1183,1263
1183: 1184,1263,1264,1105,1182
1184: 1183,1264,1105,1185
1185: 1106,1184,1186
1186: 1187,1267,1108,1185
1187: 1186,1267,1268,1108,1109,1188
1188: 1189,1269,1109,1110,1187,1268
1189: 1188,1269,1270,1110,1111,1190
1190: 1191,1271,1111,1112,1189,1270
1191: 1190,1271,1112,1192,1272
1192: 1193,1272,1114,1191
1193: 1192,1114,1115,1194
1194: 1115,1116,1193
1195: 1196,1276,1117
1196: 1195,1276,1197,1277,1118
1197: 1198,1278,1277,1118,1119,1196
1198: 1197,1278,1119,1120,1199
1199: 1200,1280,1120,1121,1198
1200: 1199,1280,1121,1122,1201,1281
1201: 1281,1282,1122,1123,1200,1202
1202: 1203,1283,1124,1123,1201,1282
1203: 1284,1283,1202,1125,1124,1204
1204: 1285,1126,1284,1203,1125
1205: 1285,1126,1127,1206,1286
1206: 1207,1286,1128,1127,1205
1207: 1206,1128,1129,1288
9263: 9460,9461
9475: 9384
1210: 1290,1291,1131,1132,1211
1211: 1212,1132,1133,1210,1291
1212: 1211,1293,1133,1134,1213
1213: 1214,1294,1134,1135,1212,1293
1214: 1213,1294,1295,1135,1136,1215
1215: 1216,1136,1137,1214,1295
1216: 1215,1296,1137,1217
1217: 1139,1218,1216,1297
1218: 1217,1139,1298
10031: 9977
1220: 1221,1141,1142
1221: 1220,1142,1143,1222,1302
1222: 1223,1303,1302,1144,1143,1221
1223: 1222,1303,1144,1145,1304
8821: 8820,8878,8762
1225: 1305,1146,1147,1226,1306
1226: 1306,1147,1148,1225,1227
1227: 1228,1308,1148,1149,1226,1307
1228: 1227,1308,1309,1149,1150,1229
1229: 1230,1310,1150,1151,1228,1309
1230: 1229,1310,1311,1151,1152
9462: 9331,9489,9442,9256,9422
1232: 1312,1153,1154,1233,1313
1233: 1234,1313,1314,1154,1155,1232
1234: 1233,1314,1155
9141: 9444,9140,9563,9103,9105,9142
1236: 1158,1317,1316
8687: 8749,8748,8688,8623,8624,8686
1238: 1160,1159,1318,1319
9313: 9315,9287,9502
1240: 1241,1162,1161,1320,1321
1241: 1240,1162,1242,1163,1321
1242: 1243,1163,1241,1323
1243: 1242,1244,9443,1323,1324
1244: 1245,9296,9443,1243,1325,1324
1245: 1244,9296,1325,1326
1246: 1327,9327,9542,1328,1247
1247: 1329,1328,1167,1248,1246
1248: 1167,1249,1168,1329,1247,1330
1249: 1169,1250,1168,1248,1331,1330
1250: 1169,1249,1170,1251,1331,1332
1251: 1170,1250,1252,1332,1333
1252: 1253,1251,1333,1334
1253: 1173,1252,1254,1334,1335
1254: 1174,1255,1253,1173,1335,1336
1255: 1174,1175,1254,1256,1336
1256: 1175,1255,1338
8917: 9018,8969,8864,8918,8970
1258: 1178,1177,1339,1340
1259: 1178,1179,1260,1341
1260: 1179,1180,1259,1261,1341,1342
1261: 1181,1262,1180,1260,1342
1262: 1181,1182,1261,1263,1344
1263: 1183,1264,1182,1262,1344,1345
1264: 1183,1184,1263,1345,1346
1265: 
9090: 9046,8997,9045,9089,9131,9132
1267: 1186,1187,1268,1349
1268: 1187,1267,1188,1269,1349,1350
1269: 1188,1189,1270,1268,1350,1351
1270: 1189,1269,1190,1271,1351,1352
1271: 1190,1191,1270,1272,1352
1272: 1192,1191,1271
9643: 9508,9310
9548: 9242,9615,9243,9387
9846: 
1276: 1195,1196,1277,1357,1358
1277: 1197,1278,1196,1276,1358,1359
1278: 1197,1198,1277,1359,1360
8721: 8782,8657,8658,8722,8720
1280: 1199,1200,1281,1362
1281: 1201,1282,1200,1280,1362,1363
1282: 1201,1281,1283,1202,1363,1364
1283: 1284,1203,1202,1282,1364
1284: 1203,1283,1204,1366
1285: 1204,1205,1286,1367
1286: 1206,1205,1285,1367,1368
1287: 
1288: 1207,1369,1370
9395: 9344
1290: 1210,1291,1372,1371
1291: 1210,1290,1211,1372,1373
9601: 6991,9309,7082,9511
1293: 1212,1213,1294,1374,1375
1294: 1213,1214,1295,1293,1375,1376
1295: 1214,1294,1215,1376
1296: 1216,1377,1297
1297: 1379,1298,1296,1217
1298: 1379,1380,1297,1218,1299
1299: 1381,1300,1380,1298
1300: 1381,1299
9505: 8668,8731,8792,9359
1302: 1222,1303,1221,1383,1384
1303: 1222,1223,1302,1304,1384,1385
1304: 1305,1223,1303,1385,1386
1305: 1225,1304,1306,1386,1387
1306: 1226,1307,1305,1225,1387,1388
1307: 1306,1227,1308,1388
1308: 1227,1228,1309,1307,1390
1309: 1228,1308,1229,1310,1390,1391
1310: 1229,1230,1311,1309,1391,1392
1311: 1230,1310,1312,1392
1312: 1232,1311,1313,1394
1313: 1233,1314,1312,1232,1394,1395
1314: 1233,1234,1313,1395,1396
9408: 9482,9574,5144,5245,9302
1316: 1236,1317,1397
1317: 1236,1316,1399,1318
1318: 1399,1317,1238,1400,1319
1319: 1400,1320,1238,1318
1320: 1319,1240,1402,1321
1321: 1402,1403,1240,1241,1320
8659: 8723,8593,8660,8592,8658,8722
1323: 1404,1405,1242,1243,1324
1324: 1325,1406,1243,1244,1323,1405
1325: 1406,1324,1407,1245,1244,1326
1326: 1408,1245,1325,1407
1327: 1409,1410,9579,1246,9327,1328
1328: 1329,1411,1247,1327,1410,1246
1329: 1412,1411,1328,1247,1248,1330
1330: 1331,1248,1249,1329,1412
1331: 1330,1414,1249,1250,1332
1332: 1333,1415,1250,1251,1331,1414
1333: 1332,1415,1251,1252,1334,1416
1334: 1335,1417,1416,1253,1252,1333
1335: 1334,1417,1253,1254,1336,1418
1336: 1419,1418,1255,1254,1335
9045: 9044,8997,8944,9090,9089
1338: 1420,1421,1339,1256
1339: 1338,1421,1258,1340,1422
1340: 1423,1422,1258,1339
1341: 1342,1259,1260
1342: 1341,1260,1261,1425
9519: 
1344: 1426,1262,1263,1345,1427
1345: 1346,1427,1428,1263,1264,1344
1346: 1345,1428,1264,1429
1347: 
9468: 9473,9439
1349: 1432,1267,1268,1350
1350: 1351,1433,1268,1269,1432,1349
1351: 1350,1433,1269,1270,1352
1352: 1435,1270,1271,1351
9193: 9160,9161,9192,9194,9219,9220
9295: 9528,5,27,9247,26
9276: 351,407,9270
1356: 1438,1439
1357: 1358,1440,1276
1358: 1357,1440,1276,1277,1359
1359: 1360,1442,1278,1277,1358
1360: 1359,1442,1278,1443
9207: 9180,9148,9208,9181,9467,9478
1362: 1444,1280,1281,1363,1445
1363: 1445,1446,1364,1281,1282,1362
1364: 1363,1446,1282,1283,1447
9338: 9446,77
1366: 1367,1449,1284,1448
1367: 1366,1449,1285,1286,1368
1368: 1369,1451,1286,1367
1369: 1368,1451,1288
1370: 1453,1288,1371
1371: 1372,1454,1290,1370,1453
1372: 1454,1455,1371,1290,1291,1373
1373: 1374,1456,1291,1372,1455
1374: 1373,1456,1293,1375
1375: 1376,1293,1294,1374
1376: 1375,1294,1295,1459
1377: 1460,1459,1296
9596: 9177,9144,9175,9497,9368
1379: 1461,1380,1298,1297
1380: 1379,1298,1381,1463,1299
1381: 1464,1463,1299,1300,1380
9437: 9592,9353,9336
1383: 1302,1384
1384: 1385,1467,1303,1302,1383
1385: 1384,1467,1303,1304,1386,1468
1386: 1387,1468,1469,1305,1304,1385
1387: 1386,1469,1305,1306,1388,1470
1388: 1470,1306,1307,1387
8651: 8584,8650,8585,8714,8715
1390: 1473,1472,1308,1309,1391
1391: 1392,1309,1310,1473,1390
1392: 1391,1310,1311
1393: 
1394: 1476,1312,1313,1395,1477
1395: 1396,1477,1313,1314,1394
1396: 1395,1314,1397,1479
1397: 1479,1480,1316,1396
10028: 9890,9897
1399: 1318,1317,1400,1482
1400: 1319,1399,1318,1482,1483
9521: 4136,3935,9269
1402: 1403,1321,1320,1484,1485
1403: 1402,1321,1404,1485,1486
1404: 1323,1405,1403,1486,1487
1405: 1404,1323,1406,1324,1487,1488
1406: 1325,1324,1407,1405,1488
1407: 1325,1406,1326,1408,1490
1408: 1326,1407,1491,1490
1409: 1327,1410,1493,1492
1410: 1327,1409,1411,1328,1493,1494
1411: 1329,1412,1328,1410,1495,1494
1412: 1329,1411,1330,1495
9277: 9378,9456,9640
1414: 1331,1332,1415,1497,1498
1415: 1332,1333,1414,1416,1498,1499
1416: 1334,1417,1333,1415,1499,1500
1417: 1334,1335,1416,1418,1500
1418: 1336,1419,1335,1417,1502
1419: 1336,1418,1420,1502,1503
1420: 1338,1421,1419,1503,1504
1421: 1338,1420,1339,1422,1504,1505
1422: 1423,1340,1421,1339,1505,1506
1423: 1340,1422,1507,1506
9415: 865,794,9251,9637,9283
1425: 1426,1342,1509
1426: 1425,1344,1427,1509,1510
1427: 1345,1428,1344,1426,1510,1511
1428: 1345,1346,1427,1429,1511,1512
1429: 1346,1428,1512,1513
9779: 
9329: 9487
1432: 1349,1350,1433,1515,1516
1433: 1350,1351,1432,1516,1517
9033: 8985,8984,9032,9077,9078
1435: 1352,1518
1436: 1437,1519,1520
1437: 1436,1438,1520,1521
1438: 1356,1439,1437,1521,1522
1439: 1356,1438,1522,1523
1440: 1357,1358,1523,1524
1441: 
1442: 1359,1360,1443,1525,1526
1443: 1444,1360,1442,1526,1527
1444: 1362,1443,1445,1527,1528
1445: 1363,1446,1444,1362,1528,1529
1446: 1363,1445,1364,1447,1529,1530
1447: 1448,1446,1364,1530
1448: 1447,1366,1449,1532
1449: 1366,1367,1448,1532,1533
9224: 9225,9318,9197,9198,9501
1451: 1368,1369,1534,1535
9869: 
1453: 1370,1454,1371,1536,1537
1454: 1372,1455,1371,1453,1538,1537
1455: 1372,1454,1373,1456,1538,1539
1456: 1373,1374,1455,1539
9708: 9722
8679: 8680,8741,8616,8678,8740
1459: 1377,1460,1376,1542,1543
1460: 1377,1459,1461,1543,1544
1461: 1379,1460,1544,1545
9469: 9417,9309
1463: 1464,1381,1380,1546,1547
1464: 1381,1463,1465,1547,1548
1465: 1464,1548,1549
9658: 9792,9941,9901
1467: 1384,1385,1468
1468: 1386,1469,1385,1467,1552
1469: 1386,1387,1468,1470,1552,1553
1470: 1388,1387,1469,1553
9860: 9696,9724
1472: 1473,1390,1555,1556
1473: 1390,1472,1391,1556,1557
9325: 9463,9398,9476,9364,9261
9489: 9331,4338,9462,4137,9256,4238
1476: 1394,1477,1559,1560
1477: 1395,1394,1476,1560,1561
9071: 9112,9070,9026,9027,9072,9113
1479: 1397,1480,1396,1562,1563
1480: 1397,1479,1563
1481: 
1482: 1565,1399,1400,1566,1483
1483: 1566,1567,1400,1482,1484
1484: 1568,1485,1402,1567,1483
1485: 1568,1569,1484,1402,1403,1486
1486: 1487,1403,1404,1569,1485
1487: 1486,1571,1404,1405,1488
1488: 1572,1405,1406,1487,1571
1489: 
1490: 1574,1491,1407,1408,1573
1491: 1574,1490,1408,9554,1575
1492: 1493,1577,1409,1576
1493: 1577,1578,1492,1409,1410,1494
1494: 1495,1579,1410,1411,1493,1578
1495: 1580,1579,1494,1412,1411
9858: 
1497: 1581,1582,1414,1498
1498: 1499,1583,1414,1415,1497,1582
1499: 1498,1583,1415,1416,1500,1584
1500: 1585,1584,1417,1416,1499
9392: 9269,9483,4337,4437,9633
1502: 1503,1587,1419,1418
1503: 1502,1587,1419,1420,1504
1504: 1505,1589,1420,1421,1503
1505: 1504,1589,1421,1422,1506,1590
1506: 1507,1590,1423,1422,1505
1507: 1506,1423,1592
9802: 
1509: 1510,1594,1593,1425,1426
1510: 1509,1594,1426,1427,1511,1595
1511: 1512,1595,1596,1427,1428,1510
1512: 1511,1596,1428,1429,1513,1597
1513: 1597,1598,1429,1512,1514
1514: 1515,1599,1513,1598
1515: 1514,1599,1600,1432,1516
1516: 1517,1601,1432,1433,1515,1600
1517: 1516,1601,1602,1433
1518: 1519,1435,1602
1519: 1518,1436,1520,1604
1520: 1521,1604,1605,1437,1436,1519
1521: 1520,1605,1437,1438,1522
1522: 1607,1523,1438,1439,1521
1523: 1522,1607,1439,1440,1608
1524: 1608,1440,1525,1609
1525: 1526,1610,1609,1442,1524
1526: 1525,1610,1442,1443,1527,1611
1527: 1528,1611,1612,1444,1443,1526
1528: 1527,1612,1444,1445,1529,1613
1529: 1613,1530,1445,1446,1528
1530: 1529,1446,1447,1615
9483: 9392,9459,9633,9282
1532: 1533,1617,1448,1449,1616
1533: 1532,1617,1618,1449,1534
1534: 1535,1619,1451,1533,1618
1535: 1534,1619,1451,1620
1536: 1621,1620,1453,1537
1537: 1538,1622,1453,1454,1536,1621
1538: 1622,1623,1537,1454,1455,1539
1539: 1624,1455,1456,1538,1623
8879: 8823,8878,8880,8932,8933
1541: 1542,1626,1625
1542: 1541,1626,1627,1459,1543
1543: 1544,1628,1460,1459,1542,1627
1544: 1543,1628,1460,1461,1545,1629
1545: 1629,1630,1461,1544,1546
1546: 1547,1631,1463,1545,1630
1547: 1546,1631,1464,1463,1548
1548: 1549,1633,1464,1465,1547
1549: 1548,1633,1634,1465,1550
1550: 1635,1549,1634
9968: 9909
1552: 1553,1468,1469
1553: 1552,1469,1470
9735: 
1555: 1556,1472
1556: 1555,1641,1473,1472,1557
1557: 1642,1473,1556,1641
9732: 9850
1559: 1560,1644,1476,1643
1560: 1559,1644,1476,1477,1561
1561: 1562,1646,1477,1560
1562: 1561,1646,1479,1563
1563: 1479,1480,1562
9421: 9496
1565: 1649,1482,1566
1566: 1567,1651,1483,1565,1482
1567: 1566,1651,1483,1568,1652,1484
1568: 1569,1652,1484,1485,1567
1569: 1568,1485,1486
1570: 
1571: 1487,1572,1656,1488
1572: 1657,1656,1573,1488,1571
1573: 1657,1572,1574,1658,1490
1574: 1659,1658,1491,1490,1573,1575
1575: 1660,9554,1659,1574,1491
1576: 1577,1492,1661,1662
1577: 1493,1578,1492,1576,1663,1662
1578: 1493,1577,1579,1494,1663,1664
1579: 1495,1580,1494,1578,1664
1580: 1495,1579,1581,1666
1581: 1497,1582,1580,1666
1582: 1497,1581,1498,1583
1583: 1498,1499,1582,1584,1669
1584: 1500,1585,1499,1583,1669
1585: 1500,1584,1671
9253: 9274,9299,9631
1587: 1502,1503,1672
9745: 
1589: 1504,1505,1590,1674
1590: 1506,1505,1589,1676
8696: 8757,8758,8633,8632,8695,8697
1592: 1507,1677
1593: 1509,1594,1679
1594: 1509,1510,1593,1595,1679,1680
1595: 1511,1596,1510,1594,1680,1681
1596: 1511,1512,1595,1597,1681,1682
1597: 1513,1598,1512,1596,1682
1598: 1513,1597,1514,1599
1599: 1514,1515,1600,1598,1685
1600: 1515,1599,1516,1601,1685,1686
1601: 1516,1517,1602,1600,1686,1687
1602: 1517,1601,1518,1687,1688
9154: 9186,9153,9187,9155
1604: 1520,1605,1519,1689,1690
1605: 1520,1521,1604,1690,1691
1606: 
1607: 1522,1523,1608,1693
1608: 1524,1607,1523,1693
1609: 1525,1610,1524,1694,1695
1610: 1525,1526,1609,1611,1695,1696
1611: 1527,1612,1526,1610,1696,1697
1612: 1527,1528,1611,1613,1697,1698
1613: 1529,1528,1612,1698,1699
9157: 9190,9119,9120,9158
1615: 1616,1530,1700,1701
1616: 1615,1532,1617,1701,1702
1617: 1532,1533,1618,1616,1702,1703
1618: 1533,1617,1534,1619,1703,1704
1619: 1534,1535,1618,1704,1705
1620: 1536,1621,1535,1705,1706
1621: 1536,1620,1622,1537,1706,1707
1622: 1538,1623,1537,1621,1707
1623: 1538,1622,1539,1624,1709
1624: 1539,1625,1623,1709,1710
1625: 1624,1541,1626,1710,1711
1626: 1541,1542,1627,1625,1711,1712
1627: 1542,1626,1543,1628,1712,1713
1628: 1543,1544,1627,1629,1713
1629: 1545,1630,1544,1628,1715
1630: 1545,1629,1546,1631,1715,1716
1631: 1546,1547,1630,1716,1717
8677: 8676,8738,8613,8614,8678,8739
1633: 1548,1549,1634,1718
1634: 1549,1633,1550,1635
1635: 1550,1634,1636,1721
1636: 1637,1635,1721,1722
1637: 1636,1638,1722,1723
1638: 1637,1723
9929: 
9348: 9877,9266
1641: 1556,1557,1642,1726,1727
1642: 1557,1643,1641,1727,1728
1643: 1642,1559,1644,1728,1729
1644: 1559,1560,1643,1729,1730
9723: 9646
1646: 1561,1562,1731,1732
9749: 9863
9848: 9710
1649: 1565,1734,1735
8746: 8685,8747,8684,8745,8805,8806
1651: 1566,1567,1652,1736,1737
1652: 1568,1567,1651,1737,1738
1653: 
8932: 8933,8985,8878,8879,8984
8781: 8719,8720,8782,8840,8841
1656: 1657,1572,1571,1741,1742
1657: 1572,1656,1573,1658,1742
1658: 1659,1574,1657,1573,1744
1659: 1574,1658,1575,1660,1744,1745
1660: 1575,1659,1745
1661: 1748,9476,1576,1662
1662: 1663,1749,1576,1577,1661,1748
1663: 1749,1750,1662,1577,1578,1664
1664: 1751,1578,1579,1663,1750
9318: 9224,9558,9501
1666: 1580,1581,1752
9612: 9405,9257,9551
9824: 
1669: 1755,1583,1584,1756
9118: 9077,9076,9119,9155,9214
1671: 1585,1672,1758
1672: 1759,1758,1587,1671
9520: 9516,3044
1674: 1760,1761,1589
9700: 9709,9717,9761
1676: 1763,1762,1677,1590
1677: 1763,1676,1592,1764
9750: 
1679: 1680,1766,1765,1594,1593
1680: 1679,1766,1594,1595,1681,1767
1681: 1682,1767,1768,1595,1596,1680
1682: 1681,1768,1596,1597,1769
9510: 2101,2192,9286
8898: 8953,8842,8841,8951
1685: 1772,1771,1599,1600,1686
1686: 1687,1773,1600,1601,1772,1685
1687: 1686,1773,1774,1601,1602,1688
1688: 1775,1602,1687,1774
1689: 1775,1604,1690
1690: 1691,1777,1604,1605,1689
1691: 1690,1777,1605,1778
9792: 10006,9658,9776,9873
1693: 1694,1780,1607,1608,1779
1694: 1693,1780,1609,1695,1781
1695: 1696,1782,1781,1610,1609,1694
1696: 1695,1782,1610,1611,1697,1783
1697: 1698,1784,1783,1611,1612,1696
1698: 1697,1784,1612,1613,1699
1699: 1613,1698,1700
1700: 1701,1787,1615,1699
1701: 1700,1787,1616,1615,1702
1702: 1703,1616,1617,1701
1703: 1702,1617,1618,1704
1704: 1790,1618,1619,1703
1705: 1619,1620,1706,1792
1706: 1707,1792,1793,1621,1620,1705
1707: 1706,1793,1621,1622,1794
9517: 
1709: 1710,1796,1623,1624,1795
1710: 1709,1796,1797,1625,1624,1711
1711: 1712,1798,1625,1626,1710,1797
1712: 1711,1798,1626,1627,1713
1713: 1800,1627,1628,1712
9018: 8917,9017,8969,8970,9062,9063
1715: 1716,1629,1630
1716: 1715,1630,1631,1717,1803
1717: 1804,1803,1631,1716,1718
1718: 1805,1633,1804,1717
9399: 725,657,9382,9500
9730: 
1721: 1808,1635,1636,1722
1722: 1723,1809,1636,1637,1721,1808
1723: 1722,1809,1637,1638,1810
1724: 
9994: 9838
1726: 1812,1641,1727
1727: 1728,1641,1642,1726
1728: 1727,1815,1642,1643,1729
1729: 1730,1816,1643,1644,1728,1815
1730: 1729,1816,1644,1731,1817
1731: 1732,1817,1818,1646,1730
1732: 1731,1818,1646
9906: 9898,9914,10016
1734: 1735,1821,1649,1820
1735: 1734,1821,1822,1649,1736
1736: 1737,1651,1735,1822
1737: 1736,1651,1652,1738,1824
1738: 1739,1824,1825,1652,1737
1739: 1738,1825,1740,1826
1740: 1826,1827,1741,1739
1741: 1740,1827,1656,1742,1828
1742: 1829,1828,1657,1656,1741
1743: 
1744: 1831,1659,1658,1745
1745: 1832,1659,1660,1831,1744
9248: 9366,9430,9590,196,9441,195
1747: 9364,1834,9261,1748,1835,1836
1748: 1661,1749,1662,1747,9261
1749: 1663,1750,1662,1748,1836
1750: 1663,1749,1664,1751,1838
1751: 1664,1752,1750,1839,1838
1752: 1751,1666,1839,1840
9813: 9720
1754: 1755,1841,1842
1755: 1669,1754,1756,1842
1756: 1755,1669,1844
1757: 
1758: 1672,1759,1671,1845,1846
1759: 1672,1758,1760,1846,1847
1760: 1674,1761,1759,1847,1848
1761: 1674,1760,1762,1848,1849
1762: 1763,1676,1761,1849,1850
1763: 1676,1762,1677,1764,1850,1851
1764: 1763,1677,1851,1852
1765: 1679,1766,1852,1853
1766: 1679,1680,1765,1767,1854
1767: 1681,1768,1680,1766,1854,1855
1768: 1681,1682,1767,1769,1855,1856
1769: 1682,1768,1856,1857
8850: 9616,8849,8790,8729,8789
1771: 1772,1685,1858,1859
1772: 1685,1771,1686,1773,1859,1860
1773: 1686,1687,1774,1772,1860,1861
1774: 1687,1773,1688,1775,1861,1862
1775: 1688,1689,1774,1862
9529: 9362
1777: 1690,1691,1778,1864
1778: 1691,1777,1866
1779: 1693,1780,1866,1867
1780: 1693,1694,1779,1781,1867,1868
1781: 1695,1782,1694,1780,1868,1869
1782: 1695,1696,1781,1783,1869,1870
1783: 1697,1784,1696,1782,1870,1871
1784: 1697,1698,1783,1871
9940: 9788
8663: 8664,8727,8726,8596,8597,8662
1787: 1700,1701
9790: 
8809: 8808,8865,8749,8810,8866
1790: 1704,1791,1877,1878
1791: 1790,1792,1878,1879
1792: 1706,1793,1705,1791
1793: 1706,1707,1792,1794
1794: 1795,1707,1793
1795: 1794,1709,1796
1796: 1709,1710,1797,1795,1883
1797: 1710,1796,1711,1798,1884
1798: 1711,1712,1797,1886
9628: 9623,9260,9616,9271
1800: 1713,1887,1888
9332: 9374,9425,9396
1802: 
1803: 1804,1717,1716,1890
1804: 1717,1803,1718,1805,1892
1805: 1718,1806,1804,1892,1893
1806: 1805,1893,1894
9692: 9893
1808: 1721,1722,1809,1896
1809: 1722,1723,1808,1810,1896,1897
1810: 1811,1723,1809,1897
1811: 1810,1899
1812: 1813,1726,1899
1813: 1812,1814,1901
1814: 1815,1813,1901,1902
1815: 1728,1814,1729,1816
1816: 1729,1730,1815,1817
1817: 1731,1818,1730,1816,1904
1818: 1731,1732,1817,1819,1905
1819: 1818,1905,1906
1820: 1734,1821,1907
1821: 1734,1735,1822,1820,1909
1822: 1735,1821,1736,1909
9642: 154,9427,9371
1824: 1738,1825,1737,1911,1912
1825: 1738,1739,1824,1826,1912,1913
1826: 1740,1827,1739,1825,1913,1914
1827: 1740,1826,1741,1828,1914,1915
1828: 1829,1742,1827,1741,1915,1916
1829: 1742,1828,1916,1917
9443: 1244,9296,1087,1243
1831: 1744,1745,1832,1919
1832: 1745,1833,1831,1919
1833: 1832,1921
1834: 9364,1747,1835,1923,1924,9608
1835: 1836,1747,1834,1924,2015
1836: 1835,1749,1747
8767: 8705,8826,8768
1838: 1839,1927,1750,1751
1839: 1928,1927,1838,1752,1751,1840
1840: 1841,1929,1752,1839,1928
1841: 1929,1930,1840,1754,1842
1842: 1931,1754,1755,1841,1930
9255: 9382,9637,9500,9251
1844: 1845,1933,1932,1756
1845: 1844,1933,1758,1846,1934
1846: 1847,1934,1935,1759,1758,1845
1847: 1846,1935,1759,1760,1848,1936
1848: 1936,1937,1849,1760,1761,1847
1849: 1848,1937,1761,1762,1850,1938
1850: 1939,1938,1763,1762,1849,1851
1851: 1852,1940,1763,1764,1939,1850
1852: 1851,1940,1764,1765,1853
1853: 1942,1765,1852,1941
1854: 1766,1767,1855,1943
1855: 1856,1943,1944,1767,1768,1854
1856: 1855,1944,1768,1769,1857,1945
1857: 1945,1946,1769,1856,1858
1858: 1859,1771,1857,1946
1859: 1858,1772,1771,1860
1860: 1861,1949,1772,1773,1859
1861: 1860,1949,1950,1773,1774,1862
1862: 1774,1775,1861,1950
9854: 9691,9889
1864: 1953,1777
9719: 
1866: 1779,1778,1867
1867: 1868,1779,1780,1866
1868: 1867,1957,1780,1781,1869
1869: 1870,1958,1782,1781,1868,1957
1870: 1869,1958,1782,1783,1871,1959
1871: 1960,1959,1784,1783,1870
9574: 9408,9482,9302
1873: 1961,1962,1963
1874: 
9850: 9732
1876: 1877,1964
1877: 1876,1790,1878,1966
1878: 1879,1966,1791,1790,1877
1879: 1878,1791,1968
9778: 10022,9952
1881: 1969
9908: 9685,9847
1883: 1884,1972,1796
1884: 1883,1973,1797
1885: 
1886: 1798,1887,1975
1887: 1888,1975,1976,1800,1886
1888: 1887,1976,1800,1977
9578: 6523,9455,9410,9311,6618
1890: 1978,1803,1979
9264: 9514,9488
1892: 1893,1804,1805,1980
1893: 1892,1982,1806,1805,1894
1894: 1983,1806,1893,1982
9747: 9669
1896: 1897,1985,1808,1809,1984
1897: 1896,1985,1809,1810,1986
9261: 9364,1747,1748,9476,9325
1899: 1988,1811,1812,1987
1900: 
1901: 1902,1990,1813,1814,1989
1902: 1901,1990,1991,1814
10036: 9932
1904: 1905,1817
1905: 1904,1818,1819,1906
1906: 1907,1995,1819,1905
1907: 1995,1996,1906,1820
9503: 5344,5444,9294,9562
1909: 1998,1821,1822
8843: 8842,8844,8784,8900
1911: 1999,1824,1912,2000
1912: 1913,2000,2001,1824,1825,1911
1913: 1912,2001,1825,1826,1914,2002
1914: 2002,2003,1915,1826,1827,1913
1915: 1914,2003,1827,1828,1916
1916: 2005,1917,1829,1828,1915
1917: 2005,1916,1829,2006
8925: 8871,8872,8924,8926,8978,8977
1919: 2008,1831,1832,2007
9121: 9080,9079,9120,9122,9158,9159
1921: 2010,9451,1833,2009
9954: 
1923: 2013,1924,9608,1834,2012
1924: 2013,1923,1834,1835,2015,2014
9928: 
9911: 
1927: 1839,1928,1838,2017
1928: 1839,1927,1929,1840,2018
1929: 1841,1930,1840,1928,2018
1930: 1841,1929,1842,1931,2020
1931: 1842,1930,1932,2020,2021
1932: 1844,1933,1931,2021,2022
1933: 1844,1845,1932,1934,2022,2023
1934: 1846,1935,1845,1933,2023,2024
1935: 1846,1847,1934,1936,2024,2025
1936: 1848,1937,1847,1935,2025,2026
1937: 1848,1936,1849,1938,2026,2027
1938: 1939,1850,1937,1849,2027,2028
1939: 1850,1938,1851,1940,2028
1940: 1851,1852,1941,1939
1941: 1940,1853,1942,2030
1942: 1853,1941
1943: 1855,1944,1854,2033
1944: 1855,1856,1943,1945,2033
1945: 1857,1946,1856,1944
1946: 1857,1945,1858,2036
9197: 9223,9198,9165,9224
9038: 9039,8990,9037,8989
1949: 1860,1861,1950
1950: 1861,1949,1862
1951: 1952,2040,2041
1952: 1953,1951,2041,2042
1953: 1864,1952,1954,2042,2043
1954: 1953,2043,2044
9722: 9708
9312: 9413,9426,8672,8733
1957: 1868,1869,1958,2046,2047
1958: 1869,1870,1957,1959,2047,2048
1959: 1871,1960,1870,1958,2048,2049
1960: 1871,1959,1961,2049,2050
1961: 1873,1962,1960,2050
1962: 1873,1961,1963,2052
1963: 1873,1962
1964: 1876,2054
9534: 8470,9486,9436,8471,9390
1966: 1878,1877,2055,2056
1967: 
1968: 1969,1879,2057,2058
1969: 1881,1968,2058
8620: 8553,8554,8619,8621,8683,8684
1971: 1972,2060,2061
1972: 1883,1973,1971,2061,2062
1973: 1884,1972,2062,2063
9679: 9697
1975: 1887,1976,1886,2065
1976: 1887,1888,1975,1977,2065,2066
1977: 1978,1888,1976,2066,2067
1978: 1977,1890,1979,2067,2068
1979: 1980,1978,1890,2068,2069
1980: 1979,1892,2069,2070
8864: 8808,8865,8807,8917,8918
1982: 1893,1894,1983,2072
1983: 1894,1984,1982,2072,2073
1984: 1983,1896,1985,2073,2074
1985: 1896,1897,1984,1986,2074,2075
1986: 1897,1985,2075,2076,2166
1987: 1899,1988,2076
1988: 1899,1989,1987,2078
1989: 1988,1901,1990,2078,2079
1990: 1901,1902,1991,1989,2079,2080
1991: 1902,1990,1992,2080,2081
1992: 1991,2081,2082
9260: 9623,9628
9885: 9754,9738
1995: 1907,1996,1906,2084
1996: 1907,1995
9388: 9365
1998: 1909,1999,2087,2088
1999: 1911,1998,2000,2088,2089
2000: 1912,2001,1999,1911,2089,2090
2001: 1912,1913,2000,2002,2090,2091
2002: 1914,2003,1913,2001,2091,2092
2003: 1914,2002,1915,2092,2093
9426: 8541,9413,8609,9312,8672
2005: 1916,1917,2006,2094,2095
2006: 2007,2005,1917,2095,2096
2007: 2006,1919,2008,2096
2008: 1919,2009,2007,2098
2009: 2008,1921,2010,2098,2099
2010: 1921,2009,2099,2100
9487: 9837,9329
2012: 2102,9619,2013,1923,9608,2194
2013: 1923,1924,2012,2014,2195,2196
2014: 2015,2106,2013,1924,2196,2197
2015: 2016,2106,2014,1835,1924
2016: 2015,2106,2017,2107
2017: 2108,1927,2016
2018: 2109,1928,1929,2108
9328: 3934,3834,9569
2020: 2021,2111,1930,1931,2110
2021: 2020,2111,1931,1932,2022
2022: 2023,1933,1932,2021
2023: 2022,1933,1934,2024,2114
2024: 2025,2114,2115,1934,1935,2023
2025: 2024,2115,1935,1936,2026,2116
2026: 2116,2117,2027,1936,1937,2025
2027: 2026,2117,1937,1938,2028,2118
2028: 2119,2118,1939,1938,2027
9498: 4539,4438,9513,9258,9538
2030: 2120,1941,2119
9354: 9499,9458,9550
9093: 9092,9049,9094,9135
2033: 1943,1944
8959: 8907,8908,9423,9568,8960
2035: 
2036: 2037,1946
2037: 2036
8866: 8810,8867,8865,8809,8919
9766: 9978
2040: 2041,2130,2131,1951
2041: 2040,2131,1951,1952,2042,2132
2042: 2043,2132,2133,1953,1952,2041
2043: 2042,2133,1953,1954,2044,2134
2044: 2134,2135,1954,2043
2045: 2046,2136,2135
2046: 2045,2136,2137,1957,2047
2047: 2048,2138,1957,1958,2046,2137
2048: 2047,2138,1958,1959,2049,2139
2049: 2050,2139,2140,1960,1959,2048
2050: 2049,2140,1960,1961
9582: 9375,9591,10032
2052: 1962,2143
10019: 
2054: 2055,2145,1964
2055: 2054,2145,1966,2056,2146
2056: 2057,2147,2146,1966,2055
2057: 2056,2147,1968,2058,2148
2058: 2149,2148,1969,1968,2057
2059: 
2060: 2150,2151,1971,2061
2061: 2062,2152,1971,1972,2060,2151
2062: 2061,2152,2153,1972,1973,2063
2063: 2154,1973,2062,2153
8846: 8787,8786,8847,8903
2065: 2066,2155,2156,1975,1976
2066: 2065,2156,1976,1977,2067,2157
2067: 2157,2068,1978,1977,2066
2068: 2067,1978,1979,2069,2159
2069: 2160,2159,1980,1979,2068,2070
2070: 2161,1980,2160,2069
8949: 8895,8896,8948,8950,9001,9002
2072: 2073,2163,1982,1983,2162
2073: 2072,2163,1983,1984,2074
2074: 2075,2165,1984,1985,2073
2075: 2074,2165,1985,1986,2166
2076: 2166,1987,1986
2077: 
2078: 1988,1989,2079
2079: 2080,2170,1989,1990,2078
2080: 2079,2170,1990,1991,2081
2081: 2082,2172,1991,1992,2080
2082: 2081,2172,1992,2173
9762: 9752
2084: 2175,1995,2174
9205: 9477,9179,9178
9155: 9187,9214,9118,9154
2087: 2178,1998,2088
2088: 2089,2179,1998,1999,2178,2087
2089: 2088,2179,1999,2000,2090,2180
2090: 2091,2180,2181,2000,2001,2089
2091: 2090,2181,2001,2002,2092,2182
2092: 2182,2183,2093,2002,2003,2091
2093: 2092,2183,2003,2094
2094: 2185,2005,2093,2095
2095: 2096,2186,2005,2006,2185,2094
2096: 2095,2186,2187,2007,2006
9455: 6427,9394,9410,9578
2098: 2189,2188,2009,2008,2099
2099: 2100,2190,2009,2010,2189,2098
2100: 2099,2190,2010
2101: 9510,2102,2192,2193
2102: 2012,9619,2101,2193,2194
9256: 3936,4137,4036,9442,9489,9462
9122: 9123,9081,9121,9080,9159,9160
9048: 9092
2106: 2015,2016,2014,2107,2197,2198
2107: 2016,2106,2198,2199
2108: 2017,2018,2109
2109: 2018,2110,2108,2201
2110: 2109,2020,2111,2201,2202
2111: 2020,2021,2110,2202,2203
9169: 9132,9170,9131,9168,9201,9202
9761: 9709,9700
2114: 2024,2115,2023,2205,2206
2115: 2024,2025,2114,2116,2206,2207
2116: 2026,2117,2025,2115,2207,2208
2117: 2026,2116,2027,2118,2208,2209
2118: 2119,2028,2210,2117,2027,2209
2119: 2028,2118,2210,2120,2030
2120: 2030,2119,2210,2211,2212
9538: 9573,4741,4539,9498,9258,4640
2122: 2123,2214
2123: 2124,2122,2214,2215
2124: 2123,2125,2215,2216
2125: 2126,2124,2216,2217
2126: 2125,2217
9937: 9840,9780
2128: 2129,2219,2220
2129: 2128,2130,2220,2221
2130: 2040,2131,2129,2221
2131: 2040,2041,2130,2132,2223
2132: 2042,2133,2041,2131,2223,2224
2133: 2042,2043,2132,2134,2224,2225
2134: 2044,2043,2133,2225,2226
2135: 2044,2045,2136,2226,2227
2136: 2045,2046,2137,2135,2227,2228
2137: 2046,2136,2047,2138,2228
2138: 2047,2048,2137,2139,2230
2139: 2049,2140,2048,2138,2230,2231
2140: 2049,2050,2139,2231,2232
9411: 3045,9351,2851,9541
8981: 8982,9029,9030,8929,8928,8980
2143: 2052,2234,2235
2144: 2145,2235,2236
2145: 2054,2055,2144,2146,2237
2146: 2056,2147,2055,2145,2237,2238
2147: 2056,2057,2146,2148,2238
2148: 2058,2149,2057,2147,2240
2149: 2058,2148,2150,2240,2241
2150: 2060,2151,2149,2242,2241
2151: 2060,2150,2061,2152,2242,2243
2152: 2061,2062,2153,2151,2243,2244
2153: 2062,2152,2063,2154,2244,2245
2154: 2063,2153,2155,2245,2246
2155: 2065,2156,2154,2246,2247
2156: 2065,2066,2155,2157,2247,2248
2157: 2067,2066,2156,2248,2249
9373: 
2159: 2160,2069,2068,2250,2251
2160: 2069,2159,2070,2161,2251,2252
2161: 2070,2162,2160,2252,2253
2162: 2161,2072,2163,2253,2254
2163: 2072,2073,2162,2254,2255
9555: 9535
2165: 2074,2075,2256,2257
2166: 2076,1986,2075
8668: 8669,9505,8602,8731,8601
9168: 9200,9167,9201,9130,9131,9169
9014: 9013,8966,9015,9100,9059
2170: 2079,2080,2261,2262
9056: 9057,9492,9581,9012,9011
2172: 2081,2082,2263,2264
2173: 2174,2082,2264,2265
2174: 2173,2084,2175,2265,2266
2175: 2084,2176,2174,2266,2267
2176: 2175,2267
9384: 9475
2178: 2087,2088,2179,2270
2179: 2088,2089,2178,2180,2270,2271
2180: 2090,2181,2089,2179,2271,2272
2181: 2090,2091,2180,2182,2272,2273
2182: 2092,2183,2091,2181,2273,2274
2183: 2092,2182,2093,2274,2275
9706: 
2185: 2094,2095,2186,2276,2277
2186: 2095,2096,2187,2185,2277
2187: 2096,2186,2188,2279
2188: 2189,2098,2187,2279,2280
2189: 2098,2188,2099,2190,2280
2190: 2099,2100,2189
2191: 
2192: 2284,2285,9286,2101,9510,2193
2193: 2194,2286,2101,2102,2192,2285
2194: 2193,2286,2287,2102,2012,2195
2195: 2196,2288,2013,2194,2287
2196: 2195,2288,2013,2014,2197,2289
2197: 2198,2290,2289,2106,2014,2196
2198: 2197,2290,2106,2107,2199,2291
2199: 2292,2291,2107,2198
9838: 9994,9870
2201: 2294,2109,2110,2202
2202: 2203,2295,2110,2111,2201
2203: 2202,2296,2111,2204
2204: 2205,2203,2296
2205: 2204,2114,2206
2206: 2207,2299,2114,2115,2205
2207: 2206,2299,2115,2116,2208,2300
2208: 2300,2301,2209,2116,2117,2207
2209: 2208,2301,2117,2118,2210
2210: 2119,2118,2120,2209,2211
2211: 2212,2304,2210,2120,2303
2212: 2211,2304,2305,2120
9598: 9547
2214: 2122,2123,2215,2307
2215: 2216,2307,2308,2124,2123,2214
2216: 2215,2308,2124,2125,2309
2217: 2218,2125,2126
2218: 2217,2311
2219: 2312,2311,2128,2220
2220: 2221,2313,2129,2128,2312,2219
2221: 2220,2313,2129,2130,2314
9463: 9325,9398
2223: 2315,2131,2132,2224,2316
2224: 2317,2316,2225,2132,2133,2223
2225: 2224,2317,2133,2134
2226: 2319,2134,2135,2227
2227: 2228,2320,2135,2136,2226,2319
2228: 2227,2320,2321,2136,2137
2229: 
2230: 2322,2138,2139,2231,2323
2231: 2232,2324,2323,2139,2140,2230
2232: 2231,2324,2140,2325
8829: 8770,8830,8769,8885,8886
2234: 2326,2143,2327
2235: 2328,2327,2143,2144,2236
2236: 2237,2329,2144,2328,2235
2237: 2236,2330,2145,2146,2238
2238: 2331,2147,2146,2237,2330
9403: 9502,16,9322,9287,37,38
2240: 2333,2332,2149,2148,2241
2241: 2242,2334,2149,2150,2240,2333
2242: 2334,2335,2241,2150,2151,2243
2243: 2244,2336,2151,2152,2242,2335
2244: 2243,2336,2337,2152,2153,2245
2245: 2246,2338,2153,2154,2244,2337
2246: 2245,2338,2154,2155,2247,2339
2247: 2248,2339,2340,2155,2156,2246
2248: 2247,2340,2156,2157,2249,2341
2249: 2341,2342,2250,2157,2248
2250: 2249,2342,2159,2251,2343
2251: 2344,2343,2252,2160,2159,2250
2252: 2344,2251,2160,2161,2345,2253
2253: 2345,2162,2161,2252,2254
2254: 2255,2346,2162,2163,2253
2255: 2254,2347,2163,2256
2256: 2257,2165,2255
2257: 2256,2165
9997: 9742
9361: 1167,1089,9542
9774: 9899
2261: 2262,2354,2170
2262: 2261,2354,2355,2170,2263
2263: 2356,2172,2262,2355
2264: 2356,2172,2173,2265,2357
2265: 2357,2266,2173,2174,2264
2266: 2265,2174,2175,2267,2359
2267: 2359,2175,2176,2266
9877: 9348,9266
9661: 9660
2270: 2271,2363,2178,2179,2362
2271: 2270,2363,2179,2180,2272,2364
2272: 2273,2364,2365,2180,2181,2271
2273: 2272,2365,2181,2182,2274,2366
2274: 2366,2367,2275,2182,2183,2273
2275: 2274,2367,2183,2276
2276: 2369,2185,2275,2277
2277: 2370,2185,2186,2369,2276
8630: 8564,8631,8693,8694
2279: 2280,2372,2187,2188,2371
2280: 2279,2372,2189,2188
9984: 9844
9481: 9254,9279,9250
2283: 9624,2376,9491,2375
2284: 2192,2285,9286
2285: 2192,2284,2193,2286,2379
2286: 2193,2194,2287,2285,2379,2380
2287: 2194,2286,2195,2288,2380,2381
2288: 2195,2196,2287,2289,2381,2382
2289: 2197,2290,2196,2288,2382,2383
2290: 2197,2198,2289,2291,2383,2384
2291: 2199,2292,2198,2290,2384,2385
2292: 2199,2291,2293,2385,2386
2293: 2294,2292,2386,2387
2294: 2201,2293,2295,2387,2388
2295: 2202,2296,2294,2388,2389
2296: 2203,2295,2204,2389
9861: 9726,9784
2298: 
2299: 2206,2207,2300,2392,2393
2300: 2208,2301,2207,2299,2393,2394
2301: 2208,2300,2209,2394
9895: 9780,9840
2303: 2211,2304,2397
2304: 2211,2212,2305,2303,2397,2398
2305: 2212,2304,2398,2399
8685: 8686,8747,8746,8621,8622,8684
2307: 2215,2308,2214,2400,2401
2308: 2215,2216,2307,2309,2401,2402
2309: 2216,2308,2402,2403
9182: 9208,9149,9150,9181,9183,9209
2311: 2312,2219,2218,2404,2405
2312: 2219,2311,2220,2313,2405,2406
2313: 2220,2221,2312,2314,2406,2407
2314: 2315,2221,2313,2407,2408
2315: 2223,2314,2316,2408,2409
2316: 2224,2317,2315,2223,2409,2410
2317: 2224,2316,2225,2410,2411
9892: 9787,9800
2319: 2226,2227,2320
2320: 2227,2228,2321,2319
2321: 2228,2320,2322
2322: 2230,2321,2323
2323: 2231,2324,2230,2322
2324: 2231,2232,2323,2325
2325: 2326,2232,2324
2326: 2234,2325,2420
2327: 2328,2235,2234,2421,2420
2328: 2235,2327,2236,2329,2421,2422
2329: 2236,2330,2328,2422,2423
2330: 2237,2329,2238,2331,2423,2424
2331: 2238,2330,2332,2424,2425
2332: 2240,2331
2333: 2240,2334,2241,2427
2334: 2242,2335,2241,2333,2428
2335: 2242,2334,2243,2336,2429
2336: 2243,2244,2337,2335,2430
2337: 2244,2336,2245,2338,2431
2338: 2245,2246,2337,2339
2339: 2247,2340,2246,2338
2340: 2247,2248,2339,2341,2434
2341: 2249,2342,2248,2340,2434
2342: 2249,2341,2250,2343,2436
2343: 2344,2251,2342,2250,2436
2344: 2251,2343,2252,2345
2345: 2253,2344,2252
2346: 2254,2347,2439,2440
2347: 2255,2346,2440,2441
9319: 9333,9585
9365: 527,9388,9495
2350: 2443,2444
2351: 
2352: 2445,2446
9450: 
2354: 2261,2262,2355,2448
2355: 2262,2354,2263,2448
2356: 2263,2264,2357
2357: 2265,2264,2356
2358: 
2359: 2267,2266,2452
9616: 8850,9271,8791,9623,9628
2361: 2362,2454,2455
2362: 2361,2270,2363,2455
2363: 2270,2271,2362,2364,2457
2364: 2272,2365,2271,2363,2457,2458
2365: 2272,2273,2364,2366,2458,2459
2366: 2274,2367,2273,2365,2459,2460
2367: 2274,2366,2275,2460
9237: 9216,9640,9238,9217,9504
2369: 2276,2277,2370,2463
2370: 2277,2371,2369,2464,2463
2371: 2370,2279,2372,2464,2465
2372: 2279,2280,2373,2371,2465
2373: 2372,2374
2374: 2375,2373,2468
2375: 2374,2283,2376,2468
2376: 2283,9624,2375,2470
9344: 9395
9615: 9548,9242,9220,9567
2379: 2380,2474,2285,2286,2473
2380: 2379,2474,2475,2286,2287,2381
2381: 2382,2476,2287,2288,2380,2475
2382: 2381,2476,2288,2289,2383,2477
2383: 2384,2478,2477,2290,2289,2382
2384: 2383,2478,2290,2291,2385
2385: 2386,2480,2292,2291,2384
2386: 2385,2480,2292,2293,2387,2481
2387: 2481,2293,2294,2386,2388
2388: 2389,2483,2294,2295,2387
2389: 2388,2483,2295,2296,2390
2390: 2485,2389,2484
2391: 2485,2486
2392: 2393,2299
2393: 2392,2299,2300,2394,2488
2394: 2488,2395,2300,2301,2393
2395: 2394,2489,2490
9096: 9137,9138,9051,9052,9095,9097
2397: 2398,2492,2303,2304,2491
2398: 2397,2492,2493,2304,2305,2399
2399: 2400,2494,2305,2398,2493
2400: 2399,2494,2307,2401
2401: 2402,2496,2307,2308,2400
2402: 2401,2496,2308,2309,2403,2497
2403: 2497,2309,2402
2404: 2405,2499,2311
2405: 2404,2499,2500,2312,2311,2406
2406: 2407,2501,2312,2313,2405,2500
2407: 2406,2501,2313,2314,2408,2502
2408: 2409,2502,2503,2315,2314,2407
2409: 2408,2503,2315,2316,2410,2504
2410: 2411,2504,2505,2317,2316,2409
2411: 2410,2505,2317,2412,2506
2412: 2506,2411
2413: 
9686: 
2415: 2416,2510,2509
2416: 2415,2510,2417,2511
2417: 2512,2511,2416
8817: 8873,8874,8816,8757,8758,8818
8666: 8599,8665,8729,8667,8730
2420: 2421,2515,2326,2327
2421: 2516,2515,2420,2328,2327,2422
2422: 2328,2329,2516,2421
2423: 2517,2329,2330,2424,2518
2424: 2425,2519,2518,2330,2331,2423
2425: 2424,2519,2331,2520
8835: 8834,8891,8892,8776,8836
2427: 2521,2333,2428,2522
2428: 2522,2523,2429,2334,2427
2429: 2428,2523,2335,2430,2524
2430: 2525,2524,2336,2429,2431
2431: 2526,2337,2525,2430
9806: 
8653: 8587,8654,8716,8717
2434: 2528,2340,2341
9648: 9849
2436: 2530,2342,2343
9600: 9297,9202,9201,9629
9866: 10027
2439: 2533,2346,2440,2534
2440: 2441,2535,2534,2347,2346,2439
2441: 2440,2535,2347,2442,2536
2442: 2443,2536,2441
2443: 2442,2350,2444,2538
2444: 2538,2539,2350,2443,2445
2445: 2446,2540,2352,2444,2539
2446: 2445,2540,2541,2352,2447
2447: 2448,2542,2446,2541
2448: 2447,2354,2355
8963: 9012,8964,9011,8911,8962
10043: 9971
2451: 2546,2545,2452
2452: 2453,2547,2359,2451,2546
2453: 2547,2548,2452,2454
2454: 2455,2549,2361,2453
2455: 2454,2549,2550,2361,2362
9105: 9143,9063,9062,9141,9176,9142
2457: 2551,2363,2364,2458,2552
2458: 2459,2552,2553,2364,2365,2457
2459: 2458,2553,2365,2366,2460,2554
2460: 2554,2555,2366,2367,2459
9323: 9369,45
9110: 9068,9069,9111,9109,9147,9148
2463: 2558,2464,2369,2370
2464: 2559,2463,2371,2370,2465
2465: 2371,2372,2464,2559
9478: 9290,9467,9252,9207,9208,9355
2467: 
2468: 2562,2374,2375,2563
9736: 
2470: 2564,2376,2565
9782: 9793
9856: 9843,9934
2473: 9605,2379,2474,2567
2474: 2379,2380,2475,2473,2569
2475: 2380,2474,2381,2476,2569,2570
2476: 2381,2382,2475,2477,2570,2571
2477: 2383,2478,2382,2476,2571,2572
2478: 2383,2384,2477,2572,2573
8945: 8998,8997,8944,8891,8892,8946
2480: 2385,2386,2481,2574,2575
2481: 2387,2386,2480,2575,2576
9635: 9363,9530,656,9245,723
2483: 2388,2389,2484
2484: 2483,2390,2485,2578,2579
2485: 2390,2391,2484,2579,2580
2486: 2391,2580,2581
9546: 9567,9239,9560,9240
2488: 2394,2489,2393
2489: 2488,2395,2490,2583,2584
2490: 2491,2489,2395,2585,2584
2491: 2490,2397,2492,2585,2586
2492: 2397,2398,2493,2491,2586
2493: 2398,2492,2399,2494,2588
2494: 2399,2400,2493,2588,2589
8979: 9028,8980,9027,8927,8926,8978
2496: 2401,2402,2497,2590,2591
2497: 2403,2402,2496,2591,2592
9917: 
2499: 2404,2405,2500
2500: 2405,2499,2406,2501,2595
2501: 2406,2407,2500,2502,2595,2596
2502: 2408,2503,2407,2501,2596
2503: 2408,2409,2502,2504,2598
2504: 2410,2505,2409,2503,2598,2599
2505: 2410,2411,2504,2506,2599,2600
2506: 2412,2411,2505,2600,2601
2507: 
2508: 2509,2602,2603
2509: 2415,2510,2508,2603,2604
2510: 2415,2416,2509,2511,2604
2511: 2417,2512,2416,2510
2512: 2417,2511,2513,2607
2513: 2514,2512,2607,2608
2514: 2513,2515,2608,2609
2515: 2516,2421,2420,2514,2610
2516: 2421,2515,2422,2610
2517: 2423,2518,2612
2518: 2424,2519,2423,2517,2612,2613
2519: 2424,2425,2518,2520,2613
2520: 2521,2425,2519
2521: 2427,2520,2522,2616
2522: 2428,2523,2521,2427,2616,2617
2523: 2428,2522,2429,2524,2617,2618
2524: 2525,2430,2523,2429,2618
2525: 2430,2524,2431,2526,2620
2526: 2431,2525,2620
2527: 
2528: 2434,2623
8741: 8680,8679,8801,8740
2530: 2436,2531,2625
2531: 2530,2625,2626
9271: 8792,8791,9616,9628
2533: 2439,2534,2628
2534: 2440,2535,2533,2439,2628,2629
2535: 2440,2441,2534,2536,2629,2630
2536: 2442,2441,2535,2630,2631
8756: 8694,8695,8755,8757,8815,8816
2538: 2444,2539,2443,2632
2539: 2444,2538,2445,2540,2634
2540: 2445,2446,2541,2539,2634
2541: 2446,2540,2447,2542
2542: 2447,2541,2637
9899: 9774
2544: 2638,2733,2639
2545: 2451,2546,2640,2639
2546: 2451,2545,2547,2452,2640,2641
2547: 2453,2548,2452,2546,2642,2641
2548: 2453,2547,2549,2642,2643
2549: 2454,2455,2550,2548,2644
2550: 2455,2549,2551,2644
2551: 2457,2550,2552,2646
2552: 2458,2553,2551,2457,2646,2647
2553: 2458,2459,2552,2554,2647,2648
2554: 2460,2555,2459,2553,2648,2649
2555: 2460,2554,2649,2650
9234: 9235,9378,9456,9213,9545
9674: 9956,9830
2558: 2463,2652
2559: 2464,2465,2560
2560: 2561,2559,2654,2655
2561: 2560,2655
2562: 2468
2563: 2564,2468,2657,2658
2564: 2470,2563,2565,2658,2659
2565: 9485,2470,2564,2659
2566: 2567,2661,9605
2567: 2661,2662,2566,2473,9605
9545: 9213,9234,9456
2569: 2474,2475,2570,2664
2570: 2571,2665,2664,2475,2476,2569
2571: 2570,2665,2476,2477,2572,2666
2572: 2573,2667,2666,2478,2477,2571
2573: 2572,2667,2478,2574
2574: 2575,2669,2480,2573
2575: 2574,2669,2480,2481,2576,2670
2576: 2670,2671,2481,2575
9273: 9589,9326
2578: 2673,2672,2484,2579
2579: 2580,2674,2484,2485,2673,2578
2580: 2579,2674,2485,2486
2581: 2582,2676,2486
2582: 2581,2676,2583,2677
2583: 2677,2678,2489,2582,2584
2584: 2585,2679,2489,2490,2583,2678
2585: 2680,2679,2584,2491,2490,2586
2586: 2681,2491,2492,2680,2585
9135: 9094,9093,9173
2588: 2589,2683,2493,2494,2682
2589: 2588,2683,2494,2590
2590: 2591,2685,2496,2589
2591: 2590,2685,2496,2497,2592,2686
2592: 2686,2687,2497,2591
2593: 2688,2687
9129: 9128,9087,9130,9088,9166,9167
2595: 2596,2690,2500,2501,2689
2596: 2595,2690,2501,2502,2691
9162: 9194,9163,9125,9124,9161
2598: 2692,2503,2504,2599,2693
2599: 2694,2693,2600,2504,2505,2598
2600: 2599,2694,2505,2506,2601,2695
2601: 2695,2506,2600
2602: 2603,2697,2508
2603: 2602,2697,2508,2509,2604,2698
2604: 2698,2699,2510,2509,2603
9218: 9238,9239,9217,9191,9192,9219
8941: 8888,8942,8940,8887,8993,8994
2607: 2701,2512,2513,2608,2702
2608: 2702,2703,2609,2514,2513,2607
2609: 2608,2703,2514,2610,2704
2610: 2516,2515,2609
9374: 3735,9332,9425
2612: 2517,2518,2613
2613: 2708,2519,2518,2612
9671: 9862
8942: 8941,8888,8943,8889,8994,8995
2616: 2710,2521,2522,2617,2711
2617: 2711,2712,2522,2523,2616,2618
2618: 2713,2523,2524,2617,2712
8684: 8683,8745,8620,8621,8685,8746
2620: 2715,2525,2526,2714
8973: 8972,9021,8921
9649: 9904,9875
2623: 2528
9942: 9651,9963
2625: 2626,2720,2530,2531
2626: 2625,2720,2721,2531
8774: 8712,8834
2628: 2722,2533,2534,2629,2723
2629: 2630,2724,2723,2535,2534,2628
2630: 2629,2724,2535,2536,2631,2725
2631: 2632,2725,2726,2536,2630
2632: 2631,2726,2538,2727
2633: 
2634: 2729,2539,2540,2728
9186: 9154,9153,9185,9187,9212,9213
9046: 8998,8997,9090,9047,9091,9132
2637: 2732,2542,2638
2638: 2733,2544,2732,2637
2639: 2640,2734,2544,2545,2733
2640: 2735,2734,2639,2546,2545,2641
2641: 2642,2736,2546,2547,2640,2735
2642: 2736,2641,2547,2548,2643
2643: 2738,2644,2548,2642
2644: 2643,2739,2549,2550
9198: 9199,9165,9166,9197,9225,9224
2646: 2551,2552,2647
2647: 2648,2741,2552,2553,2646
2648: 2647,2742,2553,2554,2649
2649: 2743,2650,2554,2555,2648
2650: 2649,2744,2555,2651
2651: 2745,2650
2652: 2653,2747,2558
2653: 2652,2747,2748,2654
2654: 2655,2749,2560,2653,2748
2655: 2654,2749,2750,2560,2561
8991: 9039,8990,8938,9040,8992
2657: 2563,2658,2752
2658: 2752,2753,2659,2563,2564,2657
2659: 2658,2753,2564,2565
2660: 
2661: 2567,2662,2566,2757
2662: 2567,2661,2757,2758
8820: 8821,8876
2664: 2570,2665,2569,2759,2760
2665: 2570,2571,2664,2666,2760,2761
2666: 2572,2667,2571,2665,2761,2762
2667: 2572,2573,2666,2762,2763
9488: 9514,9264
2669: 2574,2575,2670,2764,2765
2670: 2576,2671,2575,2669,2765
2671: 2576,2670,2672,2767
2672: 2673,2578,2671,2767
2673: 2578,2672,2579,2674,2769
2674: 2579,2580,2673,2769,2770
8811: 8812,8868,8751,8752,8810,8867
2676: 2581,2582,2677,2771,2772
2677: 2583,2678,2582,2676,2772
2678: 2583,2677,2679,2584
2679: 2680,2585,2584,2678
2680: 2585,2679,2586,2681,2776
2681: 2586,2682,2680,2776,2777
2682: 2681,2588,2683,2777,2778
2683: 2588,2589,2682,2778
9002: 9050,9001,8949,8950,9003,9051
2685: 2590,2591,2686,2781
2686: 2592,2687,2591,2685,2781
2687: 2592,2686,2593,2783
2688: 2593,2689,2783
2689: 2688,2595,2690,2785
2690: 2595,2596,2689,2691,2785
2691: 2692,2596,2690,2787
2692: 2691,2598,2693,2787,2788
2693: 2599,2694,2598,2692,2788,2789
2694: 2599,2693,2600,2695,2789,2790
2695: 2601,2694,2600,2790,2791
9654: 9841
2697: 2602,2603,2698,2792,2793
2698: 2604,2699,2603,2697,2793,2794
2699: 2604,2698,2700,2794,2795
2700: 2701,2699,2795,2796
2701: 2607,2700,2702,2796,2797
2702: 2608,2703,2701,2607,2797,2798
2703: 2608,2702,2609,2704,2798,2799
2704: 2703,2609,2799,2800
2705: 
9558: 9387,9501,9318,9507
8758: 8696,8757,8697,8818,8817
2708: 2613,2709,2803,2804
2709: 2710,2708,2804
2710: 2616,2709,2711,2806
2711: 2617,2712,2710,2616,2806
2712: 2617,2711,2618,2713,2808
2713: 2618,2714,2712,2808
2714: 2713,2620,2715
2715: 2620,2714,2810
9948: 
2717: 2718,2812
2718: 2719,2717
2719: 2718,2815
2720: 2625,2626,2721,2816
2721: 2626,2720,2816,2722,2817
2722: 2818,2628,2817,2721,2723
2723: 2629,2724,2818,2628,2722,2819
2724: 2629,2630,2723,2725,2819,2820
2725: 2631,2726,2630,2724,2820,2821
2726: 2631,2632,2725,2727,2822,2821
2727: 2728,2632,2726,2822,2823
2728: 2727,2729,2634,2823,2824
2729: 2730,2634,2728,2824,2825
2730: 2729,2825,2826
2731: 
2732: 2637,2638,2827,2828
2733: 2638,2544,2734,2639
2734: 2640,2735,2639,2733,2830
2735: 2640,2734,2736,2641,2830,2831
2736: 2642,2641,2735,2831,2832
8884: 8937,8885,8938,8883
2738: 2643,2739,2833,2834
2739: 2738,2644
9967: 9805
2741: 2647,2742,2837
2742: 2648,2741,2743,2838,2837
2743: 2649,2744,2742,2838,2839
2744: 2743,2650,2745,2839,2840
2745: 2651,2744,2840,2841
8699: 8700,8635,8636,8760,8698
2747: 2652,2653,2748,2842,2843
2748: 2653,2747,2654,2749,2843,2844
2749: 2654,2655,2750,2748,2844
2750: 2655,2749,2846
9187: 9155,9214,9186,9154,9213,9235
2752: 2658,2753,2657,2847,2848
2753: 2658,2752,2659,2848,9304
9603: 7438,7525,9301
2755: 2852,2851
9632: 
2757: 2853,2661,2662,2758,2854
2758: 2759,2854,2662,2757
2759: 2758,2664,2760
2760: 2761,2665,2664,2759
2761: 2760,2665,2666,2762,2858
2762: 2763,2859,2858,2667,2666,2761
2763: 2762,2859,2667,2764,2860
2764: 2861,2860,2765,2669,2763
2765: 2764,2861,2669,2670,2862
8784: 8844,8785,8722,8723,8843
2767: 2671,2672
9594: 
2769: 2770,2866,2673,2674,2865
2770: 2769,2866,2674,2771,2867
2771: 2868,2867,2676,2770
2772: 2676,2677,2868
8975: 9024,8976,8922,8923,9023
8658: 8591,8657,8722,8592,8659,8721
9015: 9016,9014,8966,9059,9060
2776: 2777,2873,2680,2681,2872
2777: 2776,2873,2874,2682,2681,2778
2778: 2875,2682,2683,2777,2874
8803: 8743,8744,8802,8860
2780: 
2781: 2877,2685,2686
2782: 
2783: 2879,2687,2688,2880
8802: 8743,8803,8801,8858
2785: 2882,2689,2690,2881
9307: 9420,9613
2787: 2788,2883,2884,2691,2692
2788: 2787,2884,2692,2693,2789,2885
2789: 2790,2885,2886,2694,2693,2788
2790: 2789,2886,2694,2695,2791,2887
2791: 2887,2888,2695,2790
2792: 2793,2889,2697,2888
2793: 2792,2889,2890,2697,2698,2794
2794: 2795,2891,2698,2699,2793,2890
2795: 2794,2891,2699,2700,2796,2892
2796: 2797,2892,2893,2701,2700,2795
2797: 2796,2893,2701,2702,2798,2894
2798: 2894,2895,2799,2702,2703,2797
2799: 2798,2895,2703,2704,2800,2896
2800: 2897,2896,2704,2799
8814: 8813,8754,8755,8815,8871
2802: 2803
2803: 2804,2900,2708,2802
2804: 2803,2900,2708,2709,2901
8674: 8611,8610,8673,8735,8675
2806: 2902,2710,2711,2903
9801: 
2808: 2905,2712,2713,2904
9624: 2283,2376,9491
2810: 2715,2906
8810: 8866,8867,8751,8809,8811
2812: 2909,2908,2717
9550: 7941,8020,9458,7940,9354
8873: 8817,8874,8927,8926,8816,8872
2815: 2911,2719,2912
2816: 2720,2721,2817
2817: 2818,2722,2721,2816
2818: 2722,2817,2723,2915,2819
2819: 2820,2916,2818,2724,2723
2820: 2819,2724,2725,2821
2821: 2918,2822,2725,2726,2820
2822: 2918,2821,2726,2727,2823
2823: 2920,2727,2728,2822,2824
2824: 2825,2921,2728,2729,2823,2920
2825: 2824,2921,2730,2729,2826
2826: 2827,2923,2730,2825
2827: 2826,2923,2924,2732,2828
2828: 2925,2732,2827,2924
9837: 9487
2830: 2831,2926,2927,2735,2734
2831: 2830,2927,2735,2736,2832,2928
2832: 2928,2929,2736,2831,2833
2833: 2834,2738,2832,2929
2834: 2833,2738
9386: 9544
2836: 2932,2933,2837
2837: 2838,2934,2741,2742,2836
2838: 2934,2837,2742,2743,2839,2935
2839: 2935,2936,2743,2744,2838,2840
2840: 2841,2937,2744,2745,2839,2936
2841: 2840,2937,2938,2745,2842
2842: 2843,2939,2747,2841,2938
2843: 2842,2939,2940,2747,2748,2844
2844: 2941,2748,2749,2843,2940
9780: 9895,9840,9937
2846: 2847,2943,2750,2942
2847: 2846,2943,2752,2848,2944
2848: 2944,2945,9304,2752,2753,2847
9739: 9828
2850: 
2851: 2755,2852,9351,9411
2852: 2755,2851,2853,2949
2853: 2757,2852,2854,2949
2854: 2758,2757,2853,2951
9454: 5143,5243,9523,9602,5344,9294
9597: 9425,9396,3835,3936,3937
2857: 
2858: 2762,2859,2761,2954
2859: 2762,2763,2858,2860
2860: 2764,2861,2763,2859,2957
2861: 2764,2860,2765,2862,2957,2958
2862: 2861,2765,2958,2959
9240: 9219,9220,9239,9546,9567
9267: 9389,9606
2865: 2769,2866,2961,2962
2866: 2769,2770,2865,2867,2962,2963
2867: 2771,2868,2770,2866,2963,2964
2868: 2771,2867,2965,2772,2964
9161: 9193,9160,9123,9124,9194,9162
2870: 2871,2966,2967
2871: 2872,2870,2968,2967
2872: 2871,2776,2873,2969,2968
2873: 2776,2777,2874,2970,2969,2872
2874: 2777,2873,2970,2778,2875
2875: 2778,2972,2874
8950: 8951,8896,8949,9002,9003
2877: 2781,2974,2973
8840: 8841,8781,8839,8896
2879: 2976,2783,2975,2880
2880: 2977,2976,2879,2783
2881: 2977,2785,2882
2882: 2785,2979,2881,2883
2883: 2787,2884,2980,2979,2882
2884: 2787,2788,2883,2980,2981,2885
2885: 2789,2886,2788,2884,2981,2982
2886: 2789,2790,2885,2887,2982,2983
2887: 2791,2888,2790,2886,2983
2888: 2791,2887,2792,2889
2889: 2792,2793,2890,2888,2985,2986
2890: 2793,2889,2794,2891,2986,2987
2891: 2794,2795,2890,2892,2987,2988
2892: 2796,2893,2795,2891,2988,2989
2893: 2796,2797,2892,2894,2990,2989
2894: 2798,2895,2797,2893,2990,2991
2895: 2798,2894,2799,2896,2991,2992
2896: 2897,2800,2895,2799,2992,2993
2897: 2800,2896,2898,2993,2994
2898: 2897,2994,2995
9753: 9714,9768
2900: 2803,2804,2997,2901
2901: 2998,2902,2804,2900,2997
2902: 2998,2806,2901,2903,2999
2903: 2806,2902,2999
2904: 2808,2905,3001
2905: 2808,2906,2904
2906: 2905,2810
9381: 9349
2908: 2812,2909,3004,3005
2909: 2812,2908,2910,3005
2910: 2911,2909,3007
2911: 2815,2910,2912,3007,3008
2912: 2913,2815,2911,3008,3009
2913: 2912,3009,3010
9924: 
2915: 2818,2916,3011
2916: 2819,2915,3011,3012
10007: 
2918: 2822,2821,3014,3015
9275: 19
2920: 2823,2824,2921,3016
2921: 2824,2825,2920,3018
8815: 8871,8872,8755,8756,8814,8816
2923: 2826,2827,2924,3020
2924: 2827,2923,2828,2925,3020
2925: 2828,2924,3022
2926: 2830,2927
2927: 2830,2831,2926,3024,2928
2928: 2832,2929,2831,2927,3024,3025
2929: 2832,2928,2833,3025
9542: 9327,9630,9361,1246
2931: 
2932: 2836,2933,3028,3029
2933: 2934,2932,2836,3029
2934: 2838,3031,2933,2837,2935
2935: 2839,2936,3032,2838,3031,2934
2936: 2839,2935,3032,2840,2937,3033
2937: 2840,2841,2938,2936,3033,3034
2938: 2841,2937,2842,2939,3034
2939: 2842,2843,2940,2938,3036
2940: 2843,2939,2844,2941,3036,3037
2941: 2844,2942,2940,3037,3038
2942: 2941,2846,2943,3038,3039
2943: 2846,2847,2942,2944,3039,3040
2944: 2848,2945,2847,2943,3040,3041
2945: 2848,2944,9304,3041,3042
8841: 8840,8781,8782,8842,8898
2947: 3043,3044
9734: 
2949: 2852,2853,3045
9565: 
2951: 3049,2854,3048
2952: 
2953: 2954,3051,3050
2954: 2953,3051,2858,3052
8806: 8807,8747,8746,8805
2956: 
2957: 2958,3054,2861,2860
2958: 2957,2861,2862,2959,3056
2959: 3056,3057,2862,2958,2960
2960: 2961,3058,2959,3057
2961: 2960,2865,2962
2962: 2963,3060,2865,2866,2961
2963: 2962,3060,2866,2867,2964,3061
2964: 3061,3062,2868,2867,2965,2963
2965: 2868,2964,3062,2966,3063
2966: 3063,3064,2965,2870,2967
2967: 2968,3065,2870,2871,2966,3064
2968: 3065,3066,2967,2871,2872,2969
2969: 2873,2970,2872,2968,3066
2970: 2873,2874,2969,3068
9590: 9366,9248,9441
2972: 2875,2973,3069,3070
2973: 2974,2877,2972,3070,3071
2974: 2877,2973,2975,3071,3072
2975: 2976,2879,2974,3072,3073
2976: 2879,2975,2880,2977,3073,3074
2977: 2880,2881,2976,3075,3074
9691: 9889,9854
2979: 2882,2883,2980
2980: 2883,2884,2981,2979,3077
2981: 2884,2980,2885,3078,2982
2982: 3079,2983,2981,2885,2886
2983: 3080,2982,2886,2887
9711: 9703
2985: 2986,3083,2889,3082
2986: 2985,3084,2889,2890,2987
2987: 2988,3085,2890,2891,2986,3084
2988: 2987,3085,2891,2892,2989,3086
2989: 2990,3086,2892,2893,2988
2990: 2989,2893,2894,2991,3088
2991: 3088,3089,2992,2894,2895,2990
2992: 2991,3089,2895,2896,2993,3090
2993: 3091,3090,2897,2896,2992,2994
2994: 2995,3092,2897,2898,3091,2993
2995: 2994,3092,3093,2898
9655: 9798,10037
2997: 2900,2998,2901,3095
2998: 2901,2902,2997,2999,3095,3096
2999: 3096,2998,2902,2903
9387: 9558,9501,9548,9243,9507
3001: 3098,2904,3099
9757: 9746,9958,9818
3003: 3004,3101
3004: 3003,3101,2908,3005,3102
3005: 3103,3102,2909,2908,3004
9270: 351,9276,352
3007: 3104,3105,3008,2910,2911
3008: 3007,3105,2911,2912,3009,3106
3009: 3107,3106,2913,2912,3008,3010
3010: 3108,2913,3107,3009
3011: 3108,2915,2916,3012
3012: 3013,3110,2916,3011
3013: 3012,3110,3014,3111
3014: 3112,3111,3015,2918,3013
3015: 3014,3112,2918,3016,3113
3016: 3113,2920,3015
8737: 8676,8738,8797,8675,8796
3018: 3116,3115,2921
9640: 9237,9292,9378,9277
3020: 3118,3117,2923,2924
8680: 8741,8679,8616,8681
3022: 3119,2925,3120
8885: 8884,8938,8829,8886
3024: 2927,2928,3121,3025,3122
3025: 3122,3123,3024,2928,2929
9537: 
3027: 3124
3028: 3029,3126,2932
3029: 3028,3126,2932,2933,3127
9137: 9096,9138,9095,9285
3031: 2934,2935,3032,3129
3032: 2935,2936,3031,3129,3130,3033
3033: 3130,2936,3032,2937,3034,3131
3034: 3131,3132,2937,2938,3033
9496: 9421
3036: 3134,3133,2939,2940,3037
3037: 3038,3135,2940,2941,3134,3036
3038: 3037,3135,3136,2941,2942,3039
3039: 3040,3137,2942,2943,3038,3136
3040: 3039,3137,2943,2944,3041,3138
3041: 3138,3139,3042,2944,2945,3040
3042: 3041,3139,2945,3043,3140
3043: 3141,3140,3044,2947,3042
3044: 3141,3043,2947,9516,9520
3045: 9411,2949,3143,3144
9797: 10000,9689,9799
9065: 9106,9066,9020,9021
3048: 2951,3049,3146,3145
3049: 2951,3050,3146,3147,3048
3050: 3049,3147,2953,3051,3148
3051: 2953,2954,3148,3050,3052
3052: 2954,3051
3053: 
3054: 2957,3151
3055: 
3056: 2959,3057,3154,2958,3153
3057: 2959,3056,3154,2960,3058,3155
3058: 2960,3156,3057,3155
9406: 7263,7351,9512,7438
3060: 2962,2963,3158,3157,3061
3061: 2964,3062,2963,3060,3158
3062: 2964,3160,3061,2965,3063
3063: 2966,3064,2965,3160,3062
3064: 2966,3063,3065,2967,3162
3065: 3163,2968,3066,2967,3064,3162
3066: 3163,2968,3065,2969,3164
8890: 8943,8834,8891,8944
3068: 3165,2970,3166,3069
3069: 3166,3167,2972,3068,3070
3070: 3168,3071,2972,2973,3167,3069
3071: 3168,3169,3070,2974,2973,3072
3072: 3170,3073,2974,2975,3169,3071
3073: 3170,3072,2976,2975,3074
3074: 3172,3075,2976,2977,3073
3075: 3172,3074,2977
9391: 9625,9349
3077: 3175,3078,2980,3174
3078: 3176,3175,3077,2981,3079
3079: 3080,2982,3176,3078,3177
3080: 3079,2983,3081,3177,3178
3081: 3082,3080,3179,3178
3082: 3081,2985,3083,3179,3180
3083: 2985,3084,3082,3180,3181
3084: 2986,3083,2987,3085,3182
3085: 2987,2988,3182,3084,3086
3086: 2989,2988,3085,3184
9795: 10029
3088: 2991,3089,3186,3185,2990
3089: 2991,3088,3186,3187,2992,3090
3090: 3091,2993,3188,3089,3187,2992
3091: 2993,3090,3188,2994,3092,3189
3092: 2994,2995,3190,3189,3093,3091
3093: 2995,3092,3190,3191
9409: 9320,9397,793,9254,863
3095: 3096,3193,2997,2998,3192
3096: 3194,2999,3095,3193,2998
9283: 865,9415,938,9576
3098: 3001,3099,3196
3099: 3001,3098,3196,3197
9833: 9783,9953
3101: 3003,3004,3102,3198,3199
3102: 3005,3103,3004,3101,3199,3200
3103: 3005,3102,3104,3200,3201
3104: 3007,3105,3103,3201,3202
3105: 3007,3104,3008,3106,3202
3106: 3107,3009,3105,3008,3204
3107: 3009,3106,3010,3108,3204,3205
3108: 3010,3011,3107,3205
9242: 9548,9615,9243,9194,9222,9220
3110: 3012,3013,3207,3111,3208
3111: 3014,3112,3013,3110,3208,3209
3112: 3014,3111,3015,3113,3209,3210
3113: 3016,3112,3015,3210,3211
9341: 9432
3115: 3116,3018,3212,3213
3116: 3018,3115,3117,3213,3214
3117: 3118,3020,3116,3214
3118: 3020,3117,3119,3216
3119: 3022,3118,3120,3216
3120: 3218,3121,3119,3022
3121: 3219,3218,3120,3024,3122
3122: 3025,3123,3220,3024,3219,3121
3123: 3025,3122,3220,3221,3124
3124: 3027,3123,3221
9882: 
3126: 3028,3029,3127,3223,3224
3127: 3128,3029,3126,3224,3225
3128: 3127,3129,3225,3226
3129: 3227,3130,3031,3032,3128
3130: 3227,3129,3033,3032,3131
3131: 3229,3034,3132,3130,3033
3132: 3229,3034,3131,3133,3230
3133: 3134,3036,3132,3230
3134: 3036,3133,3037,3135,3232
3135: 3037,3038,3233,3232,3136,3134
3136: 3038,3135,3233,3039,3137,3234
3137: 3039,3040,3235,3234,3136,3138
3138: 3041,3139,3236,3040,3235,3137
3139: 3041,3138,3042,3236,3140
3140: 3141,3043,3139,3042,3238
3141: 3043,3140,3044,9516,3239,3238
3142: 3143,9541,3240
3143: 3242,3142,3045,3144
3144: 3243,3145,3045,3143,3242
3145: 3243,3244,3144,3048,3146
3146: 3049,3147,3048,3244,3145,3245
3147: 3049,3050,3146,3148,3245,3246
3148: 3051,3050,3147,3246,3247
9676: 
3150: 
3151: 3054,3249
9032: 8983,8984,9031,9033,9077,9076
3153: 3056,3154,3252
3154: 3056,3057,3153,3253,3155
3155: 3253,3057,3154,3058,3254
3156: 3058,3157,3255
3157: 3060,3158,3156,3256
3158: 3060,3157,3061,3256,3257
9419: 8904,8905,8957,9284
3160: 3062,3063,3258,3259
3161: 
3162: 3260,3064,3065,3261
3163: 3065,3066,3164,3262,3261
3164: 3165,3163,3066,3262,3263
3165: 3164,3068,3166,3263,3264
3166: 3167,3069,3165,3068,3265,3264
3167: 3166,3069,3168,3070,3265,3266
3168: 3169,3070,3071,3167,3266
3169: 3168,3071,3170,3072,3268
3170: 3072,3073,3169,3268,3269
9212: 9213,9186,9185,9232,9211
3172: 3075,3074,3270,3173
3173: 3271,3172,3272
3174: 3175,3077,3273
3175: 3176,3077,3078,3174,3273
3176: 3175,3078,3079,3177,3275
3177: 3275,3276,3176,3080,3079,3178
3178: 3179,3277,3080,3081,3177,3276
3179: 3277,3278,3178,3082,3081,3180
3180: 3181,3279,3082,3083,3179,3278
3181: 3180,3279,3280,3083,3182
3182: 3085,3084,3181
9516: 9520,3141,3044,3239
3184: 3283,3282,3086
3185: 3088,3186,3283,3284
3186: 3088,3089,3187,3185,3284,3285
3187: 3089,3186,3090,3188,3285,3286
3188: 3091,3090,3187,3189,3286
3189: 3092,3190,3091,3188
3190: 3092,3189,3093,3191,3289
3191: 3190,3093,3289
3192: 3095,3193
3193: 3194,3095,3096,3192,3292
3194: 3096,3193,3292,3293
8813: 8814,8869,8754
3196: 3294,3098,3099,3197,3295
3197: 3295,3099,3196
3198: 3199,3297,3296,3101
3199: 3198,3297,3101,3102,3200
3200: 3201,3103,3102,3199
3201: 3200,3103,3104,3202,3300
3202: 3300,3301,3104,3105,3201
9515: 42,18,9272
3204: 3303,3302,3107,3106,3205
3205: 3304,3107,3108,3303,3204
8717: 8718,8779,8653,8654,8716,8778
3207: 3110,3208,3306,3305
3208: 3306,3110,3207,3111,3209,3307
3209: 3210,3307,3308,3112,3111,3208
3210: 3209,3308,3112,3113,3309,3211
3211: 3309,3113,3210,3212
3212: 3213,3311,3115,3211
3213: 3212,3311,3312,3116,3115,3214
3214: 3116,3117,3213,3312
8670: 8606,8607,9413
3216: 3118,3119,3314
9664: 10005
3218: 3219,3120,3121,3316,3317
3219: 3218,3121,3122,3220,3317,3318
3220: 3122,3123,3221,3219,3318,3319
3221: 3123,3220,3124,3319,3320
3222: 3320,3223,3321
3223: 3224,3322,3321,3126,3222
3224: 3223,3322,3126,3127,3225,3323
3225: 3226,3323,3324,3127,3128,3224
3226: 3225,3324,3128,3227,3325
3227: 3129,3130,3226
9017: 9018,8969,8968,9016,9062,9061
3229: 3131,3132,3327,3230
3230: 3328,3229,3132,3133
9920: 9773
3232: 3135,3233,3134,3330,3331
3233: 3135,3232,3136,3234,3331,3332
3234: 3235,3137,3233,3136,3332,3333
3235: 3137,3234,3138,3236,3333,3334
3236: 3138,3139,3235,3335,3334
9301: 9561,9603,7525,7610
3238: 3239,3336,3141,3140
3239: 3238,3141,9516,3338
3240: 3142,9418,3339
8923: 8924,8869,8922,8976,8975
3242: 3143,3340,3243,3144,3341
3243: 3342,3244,3144,3341,3145,3242
3244: 3342,3243,3145,3146,3245
3245: 3344,3146,3147,3244,3246
3246: 3345,3247,3147,3148,3344,3245
3247: 3345,3246,3148,3248
3248: 3249,3347,3247
3249: 3248,3347,3151,3250
3250: 3251,3249,3348,3349
3251: 3250,3252,3349
3252: 3253,3153,3251,3351
3253: 3252,3155,3154,3254,3351,3352
3254: 3255,3353,3253,3155,3352
3255: 3254,3353,3156,3354
3256: 3355,3158,3157,3257
3257: 3258,3158,3256
3258: 3357,3257,3160,3259
3259: 3260,3160,3357,3258
3260: 3259,3162
3261: 3360,3262,3163,3162
3262: 3360,3261,3163,3164,3361,3263
3263: 3362,3361,3165,3164,3262,3264
3264: 3363,3265,3165,3166,3362,3263
3265: 3364,3363,3264,3166,3167,3266
3266: 3365,3167,3168,3364,3265
9698: 
3268: 3367,3269,3169,3170,3366
3269: 3367,3268,3170,3270
3270: 3271,3172,3269
3271: 3270,3173,3272,3369,3370
3272: 3371,3271,3173,3370
3273: 3372,3174,3175
9130: 9088,9089,9131,9129,9167,9168
3275: 3177,3374,3276,3176,3373
3276: 3177,3374,3275,3375,3277,3178
3277: 3179,3278,3178,3276,3375
3278: 3179,3277,3180,3279,3377
3279: 3180,3181,3280,3278,3378,3377
3280: 3181,3279,3378
9355: 9228,9209,9588,9208,9478,9252
3282: 3184,3283,3380,3381
3283: 3184,3282,3185,3284
3284: 3285,3383,3185,3186,3283
3285: 3384,3284,3383,3186,3187,3286
3286: 3385,3187,3188,3384,3285
9362: 9529
9106: 9065,9143,9176,9144
3289: 3387,3190,3191
9184: 9151,9183,9185,9211
9081: 9123,9122,9037,9080
3292: 3391,3194,3193,3293
3293: 3294,3392,3194,3391,3292
3294: 3196,3293,3392,3393,3295
3295: 3197,3196,3294,3393
3296: 3198,3297,3395,3394
3297: 3198,3199,3395,3296
9474: 
8719: 8720,8781,8655,8656,8718
3300: 3202,3301,3201,3398,3399
3301: 3202,3300,3399,3400
3302: 3303,3204,3401,3400
3303: 3204,3302,3401,3205,3402,3304
3304: 3205,3402,3403,3303,3305
3305: 3306,3404,3207,3304,3403
3306: 3405,3208,3404,3305,3207,3307
3307: 3209,3308,3406,3405,3208,3306
3308: 3209,3210,3307,3406,3407,3309
3309: 3211,3408,3210,3308,3407
9533: 6136,6235,9394,9410
3311: 3212,3213,3312,3410
3312: 3213,3311,3410,3214,3411
9039: 9038,8990,8991,9040,9084
3314: 3412,3216
9079: 9121,9080,9035,9120
3316: 3415,3317,3218,3414
3317: 3415,3416,3316,3219,3218,3318
3318: 3417,3319,3219,3220,3416,3317
3319: 3417,3318,3220,3221,3320
3320: 3222,3221,3319
3321: 3223,3322,3222,3420
3322: 3223,3224,3321,3323,3420,3421
3323: 3225,3324,3224,3322,3421,3422
3324: 3225,3226,3323,3325,3422,3423
3325: 3424,3326,3226,3324,3423
3326: 3424,3325,3425,3327
3327: 3328,3425,3229,3326
3328: 3327,3230,3427
8894: 8837,8893,8947,8838,8895,8948
3330: 3232,3331,3428,3429
3331: 3332,3233,3232,3330,3429
3332: 3331,3233,3234,3333,3431
3333: 3235,3234,3332,3334,3431
3334: 3335,3235,3236,3333
3335: 3334,3433,3236,3336
3336: 3238,3335,3434
9627: 7609,9636
3338: 3239
3339: 3240,3340,3437
3340: 3242,3341,3339
3341: 3342,3243,3242,3340
3342: 3243,3244,3341,3441
9579: 1327,9572,9327
3344: 3245,3345,3246
3345: 3246,3247,3344,3444
8695: 8694,8756,8631,8632,8696,8757
3347: 3248,3249,3348,3445
3348: 3347,3250,3349,3447
3349: 3447,3448,3251,3250,3348
3350: 
3351: 3449,3450,3352,3253,3252
3352: 3351,3450,3253,3254,3353,3451
3353: 3254,3255,3354,3352,3451,3452
3354: 3355,3255,3353,3452,3453
3355: 3354,3256,3454,3453
9799: 9797,9689
3357: 3258,3259,3455
9688: 9864
9891: 
3360: 3262,3261,3361,3459
3361: 3362,3263,3360,3262,3459,3460
3362: 3361,3263,3363,3264,3460,3461
3363: 3364,3265,3264,3362,3462,3461
3364: 3363,3265,3365,3266,3462
3365: 3366,3266,3364
3366: 3365,3367,3268
3367: 3268,3269,3366
9715: 9903,9902
3369: 3467,3468,3271,3370
3370: 3469,3271,3272,3371,3369,3468
3371: 3272,3370,3469,3470
3372: 3373,3273,3470,3471
3373: 3372,3374,3275,3471,3472
3374: 3275,3276,3375,3373,3473,3472
3375: 3374,3276,3277,3473,3474
9120: 9078,9121,9079,9157,9158
3377: 3378,3476,3278,3279
3378: 3377,3476,3477,3279,3280
9371: 9427,9642
3380: 3478,3282,3381
3381: 3382,3480,3282,3380
3382: 3381,3480,3383,3481
3383: 3384,3284,3285,3382,3482
3384: 3285,3383,3385,3286,3482,3483
3385: 3286,3384,3484,3483
3386: 3387,3484,3485
3387: 3386,3289,3485,3388
3388: 3389,3487,3486,3387
3389: 3388,3487,3390,3488
3390: 3489,3488,3391,3389
3391: 3292,3293,3392,3390
3392: 3293,3294,3393,3391,3491
3393: 3294,3392,3295,3491
3394: 3395,3296
3395: 3297,3296,3394
8675: 8611,8674,8676,8737
3397: 3496,3398
3398: 3496,3397,3300,3399,3497
3399: 3497,3498,3300,3301,3398
3400: 3499,3301,3302,3401
3401: 3303,3302,3402,3500,3400,3499
3402: 3304,3403,3303,3401,3500,3501
3403: 3402,3304,3404,3305,3501
3404: 3405,3306,3305,3403
3405: 3306,3404,3307,3406,3504
3406: 3307,3308,3407,3405,3505,3504
3407: 3308,3406,3309,3408,3505,3506
3408: 3309,3407,3506,3507
9116: 
3410: 3311,3312,3411,3509,3508
3411: 3412,3312,3410,3509
3412: 3314,3411,3511
9575: 
3414: 3415,3316,3512,3513
3415: 3416,3316,3317,3414,3513,3514
3416: 3415,3317,3417,3318,3514
3417: 3318,3319,3416,3516
8900: 8954,8901,8843,8844,8953
8944: 8997,8945,8890,8891,9045
3420: 3421,3519,3518,3322,3321
3421: 3420,3519,3322,3323,3422,3520
3422: 3521,3520,3423,3323,3324,3421
3423: 3422,3521,3324,3424,3325,3522
3424: 3325,3326,3425,3423,3522,3523
3425: 3327,3424,3326,3523,3524
9238: 9239,9217,9218,9560,9237,9504
3427: 3428,3526,3328,3525
3428: 3427,3526,3527,3330,3429
3429: 3430,3528,3330,3331,3428,3527
3430: 3429,3528,3431
3431: 3530,3332,3333,3430
9982: 9752,10003
3433: 3335,3531,3532,3434
3434: 3435,3533,3433,3336,3532
3435: 3434,3533,3534
9522: 9599
3437: 9424,3536,9418,3339
9744: 9756
9559: 9466,9525,9518,9457
9868: 
3441: 3342,3442,3540
3442: 3441,3542
9949: 9682
3444: 3345,3445
3445: 3347,3444
9817: 9725
3447: 3349,3448,3348,3546,3547
3448: 3349,3447,3449,3547,3548
3449: 3351,3450,3549,3448,3548
3450: 3351,3449,3549,3352,3550,3451
3451: 3550,3551,3452,3353,3450,3352
3452: 3551,3451,3353,3354,3453,3552
3453: 3454,3553,3552,3355,3354,3452
3454: 3553,3453,3355
3455: 3357,3456
3456: 3455,3555,3556
9752: 9982,10003,9762
3458: 3557,3558
3459: 3360,3361,3460,3559
3460: 3559,3362,3361,3459,3461
3461: 3462,3561,3362,3363,3460
3462: 3561,3461,3364,3363,3463
3463: 3464,3462
3464: 3463,3465,3564
3465: 3466,3464,3564,3565
3466: 3465,3467,3565,3566
3467: 3567,3369,3466
3468: 3567,3369,3370,3469,3568
3469: 3370,3569,3568,3371,3468,3470
3470: 3570,3471,3371,3372,3569,3469
3471: 3571,3570,3470,3373,3372,3472
3472: 3572,3473,3373,3374,3571,3471
3473: 3572,3472,3374,3375,3474
3474: 3375,3473,3574
9347: 9314
3476: 3378,3377,3477,3576
3477: 3378,3476,3478,3576,3577
3478: 3380,3477,3578,3577
9412: 9258,9352,9573
3480: 3381,3382,3481,3580
3481: 3482,3382,3480,3580,3581
3482: 3481,3384,3383,3483
3483: 3583,3384,3385,3482
3484: 3583,3385,3386,3485
3485: 3387,3386,3484,3486
3486: 3388,3487,3485,3585,3586
3487: 3388,3389,3486,3488,3586
3488: 3390,3489,3389,3487,3588
3489: 3390,3488,3588,3589
8745: 8683,8684,8744,8746,8805
3491: 3392,3393
9712: 
8625: 8559,8558,8624,8688
8831: 8772,8771,8830,8887,8888
3495: 
3496: 3595,3596,3398,3397,3497
3497: 3399,3498,3597,3596,3496,3398
3498: 3399,3497,3597
3499: 3500,3400,3401
3500: 3499,3401,3402,3600,3501
3501: 3600,3402,3403,3500,3502
3502: 3503,3501,3602
3503: 3502,3504,3603,3602
3504: 3505,3405,3406,3503
3505: 3605,3504,3406,3407,3506
3506: 3507,3606,3407,3408,3605,3505
3507: 3607,3506,3606,3408,3508
3508: 3608,3410,3607,3507
3509: 3608,3410,3411,3609
9449: 9303
3511: 3611,3512,3412
3512: 3511,3414,3513
3513: 3514,3414,3415,3512
3514: 3513,3415,3416
8704: 8703,8765,8640,8766
3516: 3417,3517
3517: 3617,3516
3518: 3420,3519,3617
3519: 3420,3421,3518,3619,3520
3520: 3422,3521,3421,3519,3619
3521: 3422,3520,3423,3522
3522: 3622,3523,3424,3521,3423
3523: 3622,3522,3424,3425,3623,3524
3524: 3624,3623,3525,3425,3523
3525: 3624,3524,3427,3526,3625
3526: 3427,3428,3527,3625,3626,3525
3527: 3428,3526,3626,3429,3528,3627
3528: 3429,3430,3527,3628,3627
8712: 8774,8648,8649,8711
3530: 3431,3630,3629
3531: 3631,3532,3433,3630
3532: 3631,3531,3632,3433,3434,3533
3533: 3434,3435,3534,3532,3632,3633
3534: 3435,3533,3535,3633,3634
3535: 3534,3634,3635
3536: 9424,3437
3537: 
3538: 3637,3539
3539: 3639,3540,3538
3540: 3639,3640,3539,3441
9660: 9661
3542: 3641,3442
9996: 
9742: 9997
3545: 3645,3546,3644
3546: 3645,3545,3447,3646,3547
3547: 3646,3548,3447,3448,3546
3548: 3547,3448,3449,3549,3648
3549: 3449,3450,3550,3548,3648,3649
3550: 3551,3451,3450,3549,3649,3650
3551: 3550,3451,3452,3552,3650,3651
3552: 3553,3453,3551,3452,3651
3553: 3454,3453,3552
9916: 9995
3555: 3654,3456,3556
3556: 3656,3557,3456,3555
3557: 3556,3656,3458,3657,3558
3558: 3657,3458,3557
3559: 3460,3459
9710: 9848
3561: 3462,3461
8762: 8700,8701,8821
9825: 
3564: 3663,3464,3465,3664,3565
3565: 3664,3665,3466,3465,3564,3566
3566: 3666,3466,3567,3665,3565
3567: 3467,3468,3667,3566
3568: 3569,3469,3468,3667,3668
3569: 3469,3568,3570,3470,3668,3669
3570: 3571,3470,3471,3569,3669,3670
3571: 3570,3471,3572,3472,3670,3671
3572: 3473,3472,3571,3671
3573: 
3574: 3673,3674,3474
3575: 
3576: 3675,3676,3476,3477,3577
3577: 3677,3578,3477,3478,3676,3576
3578: 3677,3577,3478,3678
9044: 9045,8995,9043,9088,9089
3580: 3679,3480,3481,3680,3581
3581: 3680,3681,3481,3580
8634: 8567,8568,8635,8633,8698,8697
3583: 3484,3483
9927: 9876
3585: 3684,3486,3685,3586
3586: 3686,3685,3487,3486,3585
9091: 9132,9170,9046,9047,9133,9092
3588: 3687,3688,3589,3489,3488
3589: 3688,3588,3489,3689
8901: 8954,8900,8955,8844
3591: 3592,3691
3592: 3591,3593,3691
3593: 3594,3592,3693
3594: 3593,3595,3693
3595: 3596,3496,3594,3695
3596: 3595,3496,3497,3597,3695,3696
3597: 3497,3498,3596,3696,3697
9282: 9483,9459,9524
9383: 9589
3600: 3501,3500
8853: 9423
3602: 3702,3701,3603,3503,3502
3603: 3702,3602,3503,3703
9682: 9949
3605: 3505,3506,3606,3705
3606: 3607,3506,3507,3605,3705
3607: 3507,3606,3608,3508,3707
3608: 3509,3508,3607,3707,3609
3609: 3709,3610,3509,3608,3708
3610: 3709,3710,3609,3611
3611: 3511,3710,3610
3612: 3711,3712,3613
3613: 3712,3713,3612,3614
3614: 3714,3615,3713,3613
3615: 3714,3715,3614,3616
3616: 3716,3617,3715,3615
3617: 3517,3518,3717,3616
8749: 8687,8748,8688,8808,8809
3619: 3519,3520,3719
9441: 153,9590,9248
9845: 
3622: 3522,3523,3623,3721,3722
3623: 3624,3524,3622,3523,3722,3723
3624: 3623,3524,3525,3625,3723,3724
3625: 3526,3626,3624,3525,3724,3725
3626: 3526,3527,3625,3725,3726,3627
3627: 3727,3628,3527,3626,3528,3726
3628: 3727,3728,3627,3528,3629
3629: 3729,3530,3728,3628
3630: 3530,3631,3531,3729
3631: 3531,3532,3632,3630,3731
3632: 3631,3532,3533,3731,3732,3633
3633: 3732,3733,3632,3533,3534,3634
3634: 3734,3635,3534,3535,3733,3633
3635: 3734,3634,3535
9970: 
3637: 3538,3735
9815: 
3639: 3640,3540,3539,3739,3738
3640: 3639,3540,3739,3641
3641: 3542,3741,3640
8937: 8884,8938,8936,8883,8989,8990
3643: 3742,3743,3644
3644: 3645,3545,3744,3643,3743
3645: 3545,3546,3644,3745,3744,3646
3646: 3547,3746,3645,3546,3745
9190: 9157,9191,9158,9216,9217
3648: 3649,3748,3747,3549,3548
3649: 3648,3748,3549,3550,3650,3749
3650: 3651,3749,3750,3550,3551,3649
3651: 3650,3750,3551,3552
9798: 9655,10037,9781
8794: 9587,8734,8733,8795
3654: 3555,3753,3754
8998: 9046,8997,8945,8946,9047,8999
3656: 3556,3557,3657,3756,3755
3657: 3558,3656,3557,3756,3757
9836: 9886
9746: 9757,9958
3660: 3661,3759,3760
3661: 3660,3662,3760
3662: 3663,3661,3762
3663: 3662,3564,3664,3763,3762
3664: 3665,3565,3663,3564,3763,3764
3665: 3664,3565,3666,3566,3765,3764
3666: 3566,3665,3765
3667: 3567,3568
3668: 3768,3569,3568,3669
3669: 3670,3769,3569,3570,3668,3768
3670: 3669,3769,3571,3570,3671
3671: 3672,3571,3572,3670
3672: 3671,3771,3673,3772
3673: 3674,3773,3772,3574,3672
3674: 3673,3773,3574,3675,3774
3675: 3676,3774,3775,3576,3674
3676: 3675,3775,3576,3677,3776,3577
3677: 3776,3777,3578,3577,3676,3678
3678: 3679,3778,3677,3777,3578
3679: 3580,3778,3678,3779,3680
3680: 3681,3581,3580,3679,3779,3780
3681: 3680,3581,3780
10008: 
3683: 3684,3782,3783
3684: 3585,3683,3685,3783
3685: 3686,3586,3684,3585,3785
3686: 3685,3586,3687,3785,3786
3687: 3688,3588,3686,3786,3787
3688: 3687,3588,3788,3589,3689,3787
3689: 3789,3688,3788,3589
9879: 9962
3691: 3791,3591,3592
8812: 8811,8868,8752,8869
3693: 3792,3793,3593,3594
9398: 9476,9325,9463
3695: 3795,3595,3596,3696
3696: 3697,3596,3597,3795,3695
3697: 3696,3597,3797
9976: 
9479: 9595,9532
3700: 3701,3800,3799
3701: 3702,3602,3700,3800
3702: 3701,3603,3602,3703,3802
3703: 3704,3702,3603,3802,3803
3704: 3703,3705,3803,3804
3705: 3805,3605,3606,3704
9138: 9096,9137,9097
3707: 3708,3806,3607,3608
3708: 3707,3709,3808,3609,3807
3709: 3808,3809,3710,3609,3610,3708
3710: 3709,3809,3610,3611
3711: 3612,3712,3810,3811
3712: 3713,3613,3612,3711,3811,3812
3713: 3712,3613,3714,3614,3812,3813
3714: 3715,3615,3614,3713,3814,3813
3715: 3714,3615,3716,3616,3814,3815
3716: 3717,3616,3715,3815,3816
3717: 3716,3617,3817
8694: 8695,8755,8756,8631,8630,8693
3719: 3720,3819,3619,3818
3720: 3719,3819,3820,3721
3721: 3722,3622,3720,3820
3722: 3721,3822,3622,3623,3723
3723: 3724,3624,3623,3722,3822
3724: 3723,3624,3625,3725,3824
3725: 3726,3824,3825,3625,3626,3724
3726: 3725,3825,3626,3727,3826,3627
3727: 3826,3827,3728,3628,3627,3726
3728: 3727,3827,3628,3629
3729: 3829,3629,3630
8785: 8844,8784,8723,8724,8786
3731: 3831,3830,3631,3632,3732
3732: 3733,3633,3632,3831,3731
3733: 3732,3633,3734,3634,3833
3734: 3634,3635,9569,3733,3833,3834
3735: 9374,3637,9425,3836
9285: 9173,9340,9137
3737: 3738,3837,3836,3838
3738: 3639,3739,3737,3839,3838
3739: 3639,3640,3738,3839
8707: 8769,8768,8644,8708
3741: 3641,3742,3841,3842
3742: 3643,3743,3741,3843,3842
3743: 3643,3742,3644,3744,3843,3844
3744: 3645,3644,3745,3743,3845,3844
3745: 3645,3744,3646,3746,3845
3746: 3646,3745,3747,3847
3747: 3648,3748,3746,3847,3848
3748: 3648,3649,3747,3749,3848
3749: 3650,3750,3649,3748,3850
3750: 3650,3651,3749,3850,3751
3751: 3852,3752,3750,3851
3752: 3852,3751,3853,3753
3753: 3854,3754,3654,3752,3853
3754: 3753,3854,3654,3855,3755
3755: 3855,3856,3756,3656,3754
3756: 3856,3755,3656,3657,3857,3757
3757: 3857,3858,3657,3756
3758: 3759,3858,3859
3759: 3758,3660,3859,3760,3860
3760: 3861,3860,3759,3661,3660
8905: 8904,9419,8848,8849,9623
3762: 3862,3863,3763,3662,3663
3763: 3863,3762,3663,3664,3864,3764
3764: 3864,3865,3765,3664,3665,3763
3765: 3865,3764,3665,3666,3866
9300: 9385
10015: 
3768: 3668,3669,3769,3869
3769: 3669,3670,3768
8993: 9041,8992,8940,8941,9042,8994
3771: 3672,3772,3872
3772: 3673,3773,3672,3771,3872,3873
3773: 3673,3674,3772,3774,3873,3874
3774: 3675,3775,3674,3773,3874,3875
3775: 3675,3676,3774,3776,3875,3876
3776: 3677,3777,3676,3775,3876,3877
3777: 3677,3776,3778,3678,3877,3878
3778: 3679,3678,3779,3777,3878
3779: 3679,3778,3680,3880,3780
3780: 3880,3881,3779,3680,3681
9438: 9139,9407
3782: 3882,3883,3683,3783
3783: 3683,3684,3883,3782
9572: 9327,9630,9579
3785: 3886,3885,3786,3686,3685
3786: 3886,3785,3686,3687,3887,3787
3787: 3887,3888,3687,3688,3788,3786
3788: 3688,3689,3789,3888,3787,3889
3789: 3689,3788,3889,3890,3790
3790: 3891,3789,3791,3890
3791: 3691,3792,3892,3790
3792: 3693,3793,3791,3892,3893
3793: 3693,3792,3893
8834: 8835,8891,8774,8890
3795: 3695,3696,3895
9557: 9316,9470,465
3797: 3896,3897,3697
10039: 
3799: 3900,3800,3700
3800: 3900,3799,3700,3701,3901
9827: 
3802: 3902,3702,3703,3903,3803
3803: 3903,3904,3804,3703,3704,3802
3804: 3904,3803,3704,3805,3905
3805: 3705,3804
3806: 3707,3807
3807: 3907,3708,3806,3808,3908
3808: 3709,3809,3708,3807,3909,3908
3809: 3709,3808,3710,3909
3810: 3910,3911,3811,3711
3811: 3911,3810,3711,3712,3912,3812
3812: 3912,3913,3712,3713,3811,3813
3813: 3914,3814,3713,3714,3913,3812
3814: 3914,3915,3813,3714,3715,3815
3815: 3916,3816,3715,3716,3915,3814
3816: 3916,3917,3815,3716,3817
3817: 3717,3816
3818: 3719,3819
3819: 3719,3720,3820,3818,3920
3820: 3720,3819,3721,3920,3821
3821: 3921,3922,3820,3822
3822: 3722,3723,3821
9623: 9628,9260,9616,8849,8905
3824: 3725,3825,3724,3924,3925
3825: 3725,3726,3824,3826,3925,3926
3826: 3727,3827,3726,3825,3926,3927
3827: 3727,3826,3728,3927
9990: 10041,9957,9771
3829: 3729,3830,3930
3830: 3831,3731,3829,3930
3831: 3731,3830,3732,3932
9501: 9558,9387,9223,9224,9318
3833: 3932,3733,3734,3834
3834: 3934,9328,3734,9569,3833
3835: 3837,3836,9597,9425,3937
3836: 3837,3835,3735,3737
3837: 3836,3938,3835,3737,3838
3838: 3839,3939,3737,3738,3837,3938
3839: 3939,3940,3838,3739,3738
9075: 9074,9030,9031,9076
3841: 3942,3941,3741,3842
3842: 3843,3943,3741,3742,3841,3942
3843: 3943,3842,3742,3743,3844
3844: 3845,3945,3743,3744,3843
3845: 3945,3946,3844,3745,3744
9599: 9522
3847: 3947,3746,3747,3848
3848: 3849,3748,3747,3847
3849: 3848,3850,3949,3950
3850: 3851,3749,3750,3849
3851: 3850,3852,3751,3952,3951
3852: 3751,3953,3752,3952,3853,3851
3853: 3852,3953,3752,3753,3854,3954
3854: 3753,3954,3955,3754,3853,3855
3855: 3856,3755,3854,3955,3754,3956
3856: 3855,3756,3755,3857,3957,3956
3857: 3757,3856,3756,3957,4058
3858: 3757,3758,3859,3959
3859: 3960,3959,3758,3759,3858,3860
3860: 3861,3760,3759,3859,3960
3861: 3760,3962,3860,3862
3862: 3863,3963,3762,3861,3962
3863: 3862,3963,3964,3763,3762,3864
3864: 3865,3764,3863,3964,3763,3965
3865: 3864,3765,3764,3866,3966,3965
3866: 3867,3865,3765,3966,3967
3867: 3866,3967
9068: 9110,9069,9023,9024,9109,9067
3869: 3970,3768,3969
9160: 9193,9161,9123,9122,9192,9159
3871: 3972,3971
3872: 3972,3771,3772,3873,3973
3873: 3874,3974,3973,3773,3772,3872
3874: 3873,3974,3773,3774,3875
3875: 3876,3976,3774,3775,3874
3876: 3875,3976,3775,3776,3877
3877: 3978,3776,3777,3876,3878
3878: 3979,3777,3778,3877,3978
9367: 9311,9539,9490,6618
3880: 3881,3981,3780,3779,3980
3881: 3880,3981,3780
3882: 3883,3982,3983,3782
3883: 3882,3983,3782,3783
9566: 9324,9431,9428,9611
3885: 3886,3986,3785
3886: 3986,3987,3885,3785,3786,3887
3887: 3888,3988,3787,3886,3987,3786
3888: 3887,3988,3989,3787,3788,3889
3889: 3890,3990,3788,3789,3888,3989
3890: 3889,3990,3789,3891,3790,3991
3891: 3892,3790,3992,3991,3890
3892: 3891,3992,3791,3792,3893
3893: 3792,3793,3892
9944: 10034,9695
3895: 3996,3795,3896
3896: 3897,3997,3797,3996,3895
3897: 3896,3997,3797,3898,3998
3898: 3999,3897,3998
9043: 9042,8994,8995,9044,9087,9088
3900: 3800,4000,3799,3901
3901: 3902,4002,3900,3800
3902: 4002,4003,3901,3802,3903
3903: 3904,4004,3803,3902,4003,3802
3904: 3903,4004,3803,3804,3905
3905: 4006,3904,3804
10017: 
3907: 3807,4008,3908,4007
3908: 3909,4009,3808,3907,3807,4008
3909: 3908,4010,4009,3808,3809,3910
3910: 3911,4011,3810,3909,4010
3911: 3910,4011,4012,3810,3811,3912
3912: 3913,4013,3812,3911,4012,3811
3913: 3912,4013,4014,3812,3914,3813
3914: 3915,4015,3814,3813,3913,4014
3915: 3914,4015,3814,3916,4016,3815
3916: 3917,4016,3815,3816,3915,4017
3917: 3916,3816,4017
9987: 
9638: 
3920: 3819,3820,3921
3921: 3922,3821,4022,3920,4021
3922: 3921,3821,4022,4023
8710: 8711,8772,8647,8646,8709,8771
3924: 3824,3925
3925: 3926,3824,3825,3924
3926: 3925,3825,3826,3927
3927: 4027,3826,3827,3926
3928: 3929,4028,4029
3929: 3928,3930,4030,4029
3930: 3829,3830,3929
9871: 9820
3932: 4033,3833,3831
9389: 9606,9554,9267
3934: 3834,9328,4035,3935
3935: 4136,4035,9521,3934
3936: 4137,4036,9256,9597,3937
3937: 9597,3938,3835,3936
3938: 3837,3939,3838,4039,3937
3939: 3839,3940,3838,3938,4039,4040
3940: 3839,3939,3941,4040,4041
3941: 3841,3942,3940,4042,4041
3942: 3841,3941,3943,3842,4042,4043
3943: 3843,3842,3942,4044,4043
3944: 
3945: 3845,3946,3844,4045
3946: 3845,3945,3947,4047
3947: 3847,3946,4047
8849: 8850,8848,8789,8905,9623
3949: 4049,4050,3849,3950
3950: 4051,3951,3849,4050,3949
3951: 4051,4052,3950,3851,3952
3952: 3852,3953,3851,4052,3951,4053
3953: 3852,3952,3853,3954,4053,4054
3954: 3854,3955,3953,3853,4054,4055
3955: 3854,3954,3855,4055,4056,3956
3956: 4056,4057,3957,3955,3855,3856
3957: 4057,3956,3856,3857,4058
9853: 9657
3959: 3859,3960,3858,4059,4060
3960: 3859,3959,3860,4060
9098: 9097,9592,9053,9054,9356
3962: 3861,3862,3963,4062,4063
3963: 3862,3863,3964,3962,4063,4064
3964: 3863,3963,3864,4064,4065,3965
3965: 4065,3966,3964,3864,3865
3966: 3965,3865,3866,4067,3967
3967: 4067,4068,3866,3867,3966
3968: 
3969: 3869,3970,4069,4070
3970: 3869,3969,4070,3971,4071
3971: 4071,3970,3871,4072
3972: 3871,3872,3973,4072,4073
3973: 3873,3974,3872,3972,4073,4074
3974: 3873,3874,3973,4074,4075
8739: 8678,8740,8799,8677,8738,8798
3976: 3875,3876,4076,4077
3977: 
3978: 3877,3878,3979,4078,4079
3979: 3878,3980,3978,4079
3980: 3979,3880,3981,4081
3981: 3880,3881,3980,4081,4082
3982: 3882,3983,4082,4083
3983: 3882,3883,3982,4083,4084
8627: 8561,8562,8628,8691
9445: 9322,14,9287,9315,9611
3986: 3886,3987,3885,4087
3987: 3886,3986,3887,3988,4087
3988: 3887,3888,3989,3987
3989: 3888,3988,3889,3990,4090
3990: 3889,3890,3989,3991,4091
3991: 3891,3890,3990
3992: 3891,3892,3993,4093
3993: 4094,3994,4093,3992
3994: 4094,3993,4095
8752: 8691,8751,8811,8812
3996: 3895,3896,3997,4096
3997: 3896,3897,3996,3998,4098
3998: 4098,3897,3997,3898,4099
3999: 3898,4000,4099,4100
4000: 3900,3999,4100
8622: 8555,8556,8621,8623,8685,8686
4002: 3902,4003,3901,4103,4102
4003: 3902,4002,3903,4004,4103,4104
4004: 3903,3904,4003,4104,4105
9024: 9025,8976,8975,9023,9068,9069
4006: 3905,4107
4007: 4108,3907,4008,4107
4008: 3907,3908,4009,4108,4007,4109
4009: 3909,3908,4010,4008,4110,4109
4010: 3909,4009,3910,4011,4110,4111
4011: 3910,3911,4012,4010,4112,4111
4012: 3911,4011,3912,4013,4112,4113
4013: 3912,3913,4014,4012,4113,4114
4014: 3913,4013,3914,4015,4114,4115
4015: 3914,3915,4014,4016,4115
4016: 3916,3915,4015,4117,4017
4017: 4117,4118,3916,3917,4016
9423: 8852,8853,8959,9568
4019: 4119,4120
9992: 
4021: 3921,4022,4121,4122
4022: 3921,3922,4021,4023,4122,4123
4023: 3922,4022,4123
10030: 
8718: 8717,8779,8654,8655,8719
8628: 8562,8627,8691,8692
4027: 3927,4127,4028
4028: 4027,3928,4129,4029
4029: 4129,4030,3928,3929,4028
4030: 4029,3929,4131,4031
4031: 4131,4132,4032,4030
4032: 4132,4031,4033,4234,4134
4033: 3932,4032,4134
8947: 8893,8894,8946,8948,8999,9000
4035: 4136,3935,3934,4135
4036: 3936,9256,9442
9934: 9843,9856
9786: 
4039: 4139,3938,3939,4040
4040: 4141,3939,3940,4039,4041
4041: 4042,4142,3940,3941,4040,4141
4042: 4143,4142,4041,3942,3941,4043
4043: 4044,3942,3943,4042,4143
4044: 4145,4043,3943,4045
4045: 4146,3945,4044,4145
9041: 9040,8992,8993,9042,9085
4047: 4148,3946,3947,4147
9330: 9433,9526,9570,9506
4049: 4050,4150,4149,3949
4050: 4049,4150,3949,4051,4151,3950
4051: 4052,4151,3950,3951,4050
4052: 4051,3951,3952,4053,4153
4053: 4153,4154,4054,3953,3952,4052
4054: 4053,4154,3953,3954,4055,4155
4055: 4156,4155,3954,3955,4054,4056
4056: 4057,4157,3956,3955,4156,4055
4057: 4056,4157,3957,3956
4058: 4059,3857,3957
4059: 4058,3959,4060
4060: 4161,3960,3959,4059
8716: 8715,8777,8778,8653,8717
4062: 4162,4163,3962,4063
4063: 4064,4164,3962,3963,4062,4163
4064: 4063,4164,4165,3963,3964,4065
4065: 4166,3965,3964,4064,4165
8860: 8913,8803,8914,8861
4067: 4068,3967,4168,3966,4167
4068: 4067,3967,4168,4069,4169
4069: 4169,4070,3969,4068
4070: 4069,3969,3970,4071
4071: 3971,3970,4070
4072: 4073,4173,3972,3971
4073: 4072,4173,3972,3973,4074,4174
4074: 4075,4175,4174,3974,3973,4073
4075: 4074,4175,3974,4076,4176
4076: 4077,4176,4177,3976,4075
4077: 4076,4177,3976,4078,4178
4078: 4178,4179,3978,4077,4079
4079: 3978,3979,4078,4179
9078: 9119,9120,9033,9077
4081: 4082,4182,3980,3981,4181
4082: 4081,4182,3981,3982,4183
4083: 4183,3982,3983,4084
4084: 4085,4185,3983,4083
4085: 4186,4185,4084
9604: 
4087: 4187,4188,3986,3987
4088: 
9763: 9690
4090: 4190,3989,4091
4091: 3990,4090
10003: 9752,9982
4093: 4094,4194,3993,3992,4193
4094: 4194,4195,3994,3993,4093,4095
4095: 4096,4196,4094,4195,3994
4096: 4095,4196,4197,3996
9509: 9453
4098: 3998,4198,3997
4099: 4100,3999,3998
4100: 4099,3999,4000,4201
9430: 9366,9259,9248,152,195
4102: 4103,4002
4103: 4102,4002,4003,4104
4104: 4105,4205,4003,4004,4103
4105: 4104,4205,4206,4004
9508: 7694,9561,9643,7777,9310
4107: 4207,4006,4007
4108: 4007,4209,4008,4109
4109: 4110,4210,4008,4009,4108,4209
4110: 4210,4211,4109,4010,4009,4111
4111: 4112,4010,4011,4110,4211
4112: 4111,4011,4012,4113
4113: 4114,4214,4012,4013,4112
4114: 4113,4214,4215,4013,4014,4115
4115: 4216,4014,4015,4114,4215
9470: 406,9316,9557,464,465
4117: 4118,4217,4218,4017,4016
4118: 4117,4218,4017,4119,4219
4119: 4219,4220,4019,4120,4118
4120: 4119,4220,4019,4221
4121: 4222,4221,4021,4122
4122: 4123,4223,4021,4022,4222,4121
4123: 4122,4223,4022,4023
9335: 9246
9287: 9322,9445,9315,9313,9502,9403
4126: 4227,4127
4127: 4126,4227,4027
9506: 9570,9330,9433
4129: 4029,4028,4229,4230
9568: 8960,9625,9423,8959
4131: 4132,4031,4030,4231,4232
4132: 4131,4032,4031,4234,4233,4232
9651: 9942,9831,9963
4134: 4234,4135,4033,4032
4135: 4134,4235,4136,4035,4236
4136: 4035,4236,3935,9521,4135,9269
4137: 3936,9256,9489,4238
9919: 9926
4139: 4039,4239,4240
9935: 
4141: 4040,4142,4041,4241,4242
4142: 4042,4143,4041,4141,4243,4242
4143: 4042,4142,4043,4243
8994: 9042,9043,8941,8942,8993,8995
4145: 4044,4045,4146,4245,4246
4146: 4045,4147,4145,4247,4246
4147: 4146,4047,4148,4247,4248
4148: 4047,4147,4149,4248,4249
4149: 4049,4150,4148,4249,4250
4150: 4049,4050,4149,4151,4250,4251
4151: 4051,4050,4150,4251,4252
8867: 8810,8866,8811,8868
4153: 4053,4154,4052,4254
4154: 4053,4153,4054,4155,4254,4255
4155: 4156,4055,4154,4054,4255,4256
4156: 4055,4155,4056,4157,4256
4157: 4056,4057,4156,4258
9897: 10028,9890
8755: 8694,8756,8693,8754,8814,8815
9435: 9543,9308,9540
4161: 4060,4162
4162: 4062,4163,4161,4263,4262
4163: 4062,4162,4063,4164,4263
4164: 4063,4064,4165,4163,4265
4165: 4064,4164,4065,4166,4265,4266
4166: 4065,4167,4165,4266,4267
4167: 4166,4067,4267,4268
4168: 4067,4068,4169,4269
4169: 4069,4068,4168,4270
9337: 9339,9553,112
4171: 
8852: 9423,8796,8795
4173: 4072,4073,4174,4274
4174: 4074,4175,4073,4173,4274,4275
4175: 4074,4075,4174,4176,4275,4276
4176: 4076,4177,4075,4175,4276,4277
4177: 4076,4077,4176,4178,4277,4278
4178: 4078,4179,4077,4177,4278,4279
4179: 4078,4178,4079,4279,4280
8757: 8696,8758,8695,8756,8817,8816
4181: 4081,4281,4282
4182: 4081,4082,4183,4282,4283
4183: 4083,4082,4182,4283,4284
9076: 9118,9077,9031,9032,9075
4185: 4085,4186,4084,4285,4286
4186: 4085,4185,4187,4286,4287
4187: 4087,4188,4186,4288,4287
4188: 4087,4187,4288,4289
9630: 9327,9542,9572
4190: 4090,4290,4291
8933: 8932,8985,8879,8880
4192: 4293,4292
4193: 4194,4093,4293,4294
4194: 4094,4195,4093,4193,4294,4295
4195: 4094,4194,4095,4196,4295,4296
4196: 4095,4096,4197,4195,4296
4197: 4096,4196,4198,4298
4198: 4098,4197,4298,4299
10027: 9866
4200: 
4201: 4100,4301
9943: 
8985: 8932,8933,9033,8984
9124: 9125,9123,9161,9162
4205: 4104,4105,4206,4305,4306
4206: 4105,4205,4207,4306,4307
4207: 4107,4206,4307,4308
9619: 2102,2012,9608
4209: 4108,4210,4109,4310
4210: 4110,4211,4109,4209,4311,4310
4211: 4110,4210,4111,4311
4212: 
4213: 
4214: 4113,4114,4215,4314,4315
4215: 4114,4214,4115,4216,4315,4316
4216: 4115,4215,4217,4316,4317
4217: 4117,4218,4216,4317,4318
4218: 4117,4118,4217,4219,4318,4319
4219: 4119,4220,4118,4218,4319,4320
4220: 4119,4219,4120,4320,4321
4221: 4222,4121,4120,4321,4322
4222: 4121,4221,4122,4223,4322,4323
4223: 4122,4123,4222,4323,4324
9289: 
4225: 4325,4326,4226
4226: 4225,4227,4326
4227: 4126,4127,4226
9560: 9238,9239,9504,9546
4229: 4329,4129,4330,4230
4230: 4330,4331,4231,4129,4229
4231: 4331,4230,4131,4332,4232
4232: 4332,4333,4233,4131,4132,4231
4233: 4333,4232,4132,4234,4336
4234: 4134,4235,4132,4032,4233
4235: 4234,4135,4236,4336,4337
4236: 4136,4135,4235,4337,9269
9768: 9753,9714
4238: 4239,4339,4137,4338,9489
4239: 4238,4340,4339,4139,4240
4240: 4241,4341,4139,4239,4340
4241: 4341,4342,4240,4141,4242
4242: 4243,4343,4141,4142,4241,4342
4243: 4344,4343,4242,4143,4142
9150: 9182,9149,9113,9151,9183
4245: 4346,4345,4145,4246
4246: 4247,4347,4145,4146,4245,4346
4247: 4347,4246,4146,4147,4248
4248: 4249,4349,4147,4148,4247
4249: 4248,4349,4148,4149,4250,4350
4250: 4251,4350,4150,4149,4249
4251: 4250,4150,4151,4252,4352
4252: 4353,4352,4151,4251
9350: 5644,9404
4254: 4354,4255,4153,4154
4255: 4254,4154,4155,4256,4356
4256: 4357,4356,4156,4155,4255
9030: 8982,9029,8981,9031,9074,9075
4258: 4358,4157,4259
4259: 4260,4258
4260: 4259
9946: 
4262: 4263,4363,4162
4263: 4364,4262,4162,4163
9634: 9100,9059,9099,9101
4265: 4366,4365,4164,4165,4266
4266: 4267,4367,4165,4166,4366,4265
4267: 4266,4367,4368,4166,4167,4268
4268: 4269,4369,4167,4267,4368
4269: 4268,4369,4370,4168,4270
4270: 4271,4169,4269,4370
4271: 4270
9978: 9766
9299: 7692,9274,9639,9636,9253
4274: 4173,4174,4275
4275: 4276,4376,4175,4174,4274
4276: 4275,4377,4175,4176,4277
4277: 4278,4378,4176,4177,4276,4377
4278: 4277,4378,4177,4178,4279,4379
4279: 4379,4380,4178,4179,4278,4280
4280: 4281,4381,4179,4279,4380
4281: 4382,4280,4181,4282
4282: 4181,4182,4281
4283: 4182,4183,4284
4284: 4285,4385,4183,4283
4285: 4284,4385,4185,4286,4386
4286: 4387,4386,4186,4185,4285,4287
4287: 4288,4388,4186,4187,4286,4387
4288: 4388,4389,4287,4187,4188,4289
4289: 4290,4390,4188,4288,4389
4290: 4289,4390,4391,4190,4291
4291: 4292,4392,4190,4290,4391
4292: 4291,4392,4393,4192
4293: 4294,4393,4394,4192,4193
4294: 4293,4394,4193,4194,4295,4395
4295: 4395,4396,4194,4195,4294,4296
4296: 4397,4195,4196,4295,4396
4297: 
4298: 4299,4399,4197,4198,4398
4299: 4298,4399,4198,4400
4300: 4301,4400,4401
4301: 4300,4401,4201,4402
9339: 9337,76,111,112
4303: 4304,4404
4304: 4404,4405,4303,4305
4305: 4306,4406,4205,4304,4405
4306: 4305,4406,4407,4205,4206,4307
4307: 4308,4408,4206,4207,4306,4407
4308: 4307,4408,4409,4207,4309
4309: 4410,4308,4409
4310: 4311,4209,4210
4311: 4310,4412,4210,4211
8692: 8754,8628,8691
4313: 4414,4413,4314
4314: 4315,4415,4214,4414,4313
4315: 4314,4415,4416,4214,4215,4316
4316: 4317,4417,4215,4216,4315,4416
4317: 4316,4417,4216,4217,4318
4318: 4319,4217,4218,4317
4319: 4318,4218,4219,4320,4420
4320: 4420,4219,4220,4319
4321: 4322,4422,4220,4221
4322: 4321,4422,4423,4222,4221,4323
4323: 4324,4424,4222,4223,4322,4423
4324: 4323,4424,4223,4325,4425
4325: 4326,4425,4426,4225,4324
4326: 4325,4426,4225,4226,4427
9063: 9143,9105,9018,8970,9019,9062
4328: 4428,4329,4429
4329: 4429,4430,4229,4328,4330
4330: 4331,4431,4230,4329,4430,4229
4331: 4330,4431,4432,4231,4230,4332
4332: 4333,4232,4331,4432,4231,4434
4333: 4332,4233,4232,4435,4434
9245: 793,792,723,9635,9363
9807: 9900
4336: 4337,4437,4235,4233,4436
4337: 4336,4437,4235,4236,9392
4338: 9331,9489,4238,4339,4439,4438
4339: 4239,4238,4340,4338,4439,4440
4340: 4239,4339,4341,4240,4440,4441
4341: 4241,4342,4240,4340,4442,4441
4342: 4241,4341,4343,4242,4442,4443
4343: 4243,4344,4242,4342,4444,4443
4344: 4243,4343,4345,4444,4445
4345: 4245,4346,4344,4446,4445
4346: 4245,4345,4347,4246,4446,4447
4347: 4247,4246,4346,4448,4447
9358: 245,9493,9577
4349: 4248,4249,4350,4449,4450
4350: 4250,4249,4349,4450,4451
9132: 9091,9169,9170,9046,9090,9131
4352: 4252,4353,4251,4452,4453
4353: 4252,4352,4354,4453
4354: 4254,4353,4455
9644: 
4356: 4357,4256,4255,4456,4457
4357: 4256,4356,4358,4457,4458
4358: 4258,4357,4458,4459
9072: 9114,9073,9113,9028,9027,9071
9026: 8978,8977,9025,9027,9071,9070
4361: 4462
9320: 9342,9397,9409,9254,9279
4363: 4364,4262,4463,4464
4364: 4263,4363,4365,4464,4465
4365: 4366,4265,4364,4465,4466
4366: 4265,4365,4266,4367,4466,4467
4367: 4266,4267,4368,4366,4467,4468
4368: 4267,4367,4268,4369,4468
4369: 4268,4269,4370,4368,4470
4370: 4269,4369,4270,4470,4471
9199: 9198,9166,9200,9167,9225,9227
9511: 7082,9601,7172
4373: 4473,4474
9759: 
9709: 9700,9717,9761
4376: 4275,4377,4476,4477
4377: 4276,4376,4277,4378,4477,4478
4378: 4277,4278,4377,4379,4478,4479
4379: 4279,4380,4278,4378,4479
4380: 4279,4379,4381,4280,4480
4381: 4382,4280,4380,4481
4382: 4281,4381,4482
10041: 9990,9957,9771
4384: 
4385: 4284,4285,4386,4485,4486
4386: 4286,4387,4285,4385,4486
4387: 4286,4386,4388,4287,4488
4388: 4288,4389,4287,4387,4489,4488
4389: 4288,4388,4289,4390,4489,4490
4390: 4289,4290,4391,4389,4490,4491
4391: 4290,4390,4291,4392,4491,4492
4392: 4291,4292,4391,4492,4493
4393: 4293,4394,4292,4493,4494
4394: 4293,4294,4393,4395,4494,4495
4395: 4295,4396,4294,4394,4495,4496
4396: 4295,4395,4296,4397,4496,4497
4397: 4296,4398,4396,4498,4497
4398: 4397,4298,4399,4498
4399: 4298,4299,4398,4500
4400: 4300,4401,4299,4501
4401: 4300,4301,4400,4402,4501,4502
4402: 4301,4401,4502,4503
9062: 9103,9061,9018,9017,9105,9063
4404: 4304,4405,4303,4504,4505
4405: 4304,4404,4305,4406,4505,4506
4406: 4305,4306,4407,4405,4506
4407: 4306,4406,4307,4408,4508
4408: 4307,4308,4409,4407,4508,4509
4409: 4308,4408,4309,4410,4509,4510
4410: 4309,4409,4510
9222: 9163,9223,9242,9243
4412: 4311,4413,4513
4413: 4414,4313,4412,4513,4514
4414: 4313,4413,4314,4415,4514,4515
4415: 4314,4315,4416,4414,4515,4516
4416: 4315,4415,4316,4417,4516
4417: 4316,4317,4416,4518
9266: 9348,9877
4419: 
4420: 4320,4319,4521
9842: 
4422: 4321,4322,4423,4522,4523
4423: 4322,4422,4323,4424,4523,4524
4424: 4323,4324,4423,4425,4524,4525
4425: 4325,4426,4324,4424,4525,4526
4426: 4325,4326,4425,4427,4526,4527
4427: 4428,4326,4426,4527,4528
4428: 4427,4328,4429,4528,4529
4429: 4329,4430,4428,4328,4529,4530
4430: 4329,4429,4330,4431,4530
4431: 4330,4331,4432,4430
4432: 4331,4431,4332,4434
9540: 9512,9543,9435
4434: 4534,4435,4432,4332,4333
4435: 4534,4434,4333,4536,4436
4436: 4537,4536,4336,4437,4435
4437: 4336,4337,9392,4537,4436,9633
4438: 4439,4539,9498,9331,4338
4439: 4539,4438,4338,4339,4440,4540
4440: 4540,4541,4340,4339,4439,4441
4441: 4442,4340,4341,4440,4541
4442: 4543,4441,4341,4342,4443
4443: 4444,4544,4342,4343,4442,4543
4444: 4545,4544,4443,4344,4343,4445
4445: 4446,4344,4345,4444,4545
4446: 4445,4346,4345,4447
4447: 4448,4548,4346,4347,4446
4448: 4548,4447,4347,4449
4449: 4450,4349,4448
4450: 4449,4349,4350,4451,4551
4451: 4452,4552,4551,4350,4450
4452: 4451,4552,4352,4453,4553
4453: 4554,4553,4353,4352,4452
9317: 9171,9172,9297,9203,9556
4455: 4555,4556,4456,4354
4456: 4455,4556,4356,4457,4557
4457: 4558,4557,4357,4356,4456,4458
4458: 4459,4559,4357,4358,4558,4457
4459: 4458,4559,4358,4560
4460: 4560,4561
8715: 8716,8777,8651,8776,8714
4462: 4563,4463,4361
4463: 4462,4563,4363,4464,4564
4464: 4564,4565,4363,4364,4463,4465
4465: 4466,4566,4364,4365,4464,4565
4466: 4465,4566,4366,4365,4467
4467: 4468,4366,4367,4466
4468: 4467,4569,4367,4368
8650: 8651,8584,8649,8583,8714
4470: 4369,4370,4471
4471: 4370,4470
4472: 4573
4473: 4574,4573,4373,4474
4474: 4475,4575,4373,4574,4473
4475: 4474,4575,4576,4476
4476: 4477,4577,4376,4475,4576
4477: 4476,4577,4376,4377,4478,4578
4478: 4479,4578,4579,4377,4378,4477
4479: 4478,4579,4378,4379
4480: 4580,4581,4380,4481
4481: 4482,4582,4381,4480,4581
4482: 4481,4582,4382,4483
4483: 4484,4482,4583,4584
4484: 4483,4585,4584
4485: 4486,4385
4486: 4485,4385,4386,4587
9731: 9859,9961
4488: 4489,4589,4387,4388,4588
4489: 4589,4590,4488,4388,4389,4490
4490: 4491,4591,4389,4390,4489,4590
4491: 4490,4591,4592,4390,4391,4492
4492: 4593,4391,4392,4491,4592
4493: 4392,4393,4494,4594
4494: 4495,4594,4393,4394,4493
4495: 4494,4394,4395,4496,4596
4496: 4596,4597,4395,4396,4495,4497
4497: 4498,4598,4396,4397,4496,4597
4498: 4599,4598,4497,4397,4398
9047: 8999,8998,9046,9091,9092
4500: 4600,4399
4501: 4502,4400,4401
4502: 4501,4401,4402,4503,4603
4503: 4604,4603,4504,4402,4502
4504: 4503,4604,4404,4505,4605
4505: 4605,4606,4404,4405,4504,4506
4506: 4607,4405,4406,4505,4606
8642: 8576
4508: 4509,4609,4407,4408,4608
4509: 4508,4609,4610,4408,4409,4510
4510: 4611,4409,4410,4509,4610
9904: 9649
4512: 
4513: 4514,4614,4412,4413,4613
4514: 4513,4614,4615,4414,4413,4515
4515: 4516,4616,4414,4415,4514,4615
4516: 4515,4616,4617,4415,4416
8740: 8678,8739,8799,8741,8679
4518: 4618,4417
4519: 
8857: 8911,8858,8801,8856
4521: 4621,4622,4420,4522
4522: 4523,4623,4422,4521,4622
4523: 4522,4623,4624,4422,4423,4524
4524: 4525,4625,4423,4424,4523,4624
4525: 4524,4625,4626,4424,4425,4526
4526: 4527,4627,4425,4426,4525,4626
4527: 4526,4627,4426,4427,4528
4528: 4529,4428,4427,4527
4529: 4528,4428,4429,4530,4630
4530: 4630,4631,4429,4430,4529
9814: 9922,9955
8788: 8848,8789,8727,8726,8787,8847
9214: 9187,9155,9118,9236,9235
4534: 4634,4636,4435,4434,4536
9563: 9444,9141,9175,9142
4536: 4537,4637,4436,4534,4636,4435
4537: 4536,4637,4638,4436,4437,9633
8907: 8959,8908,8797,8798
4539: 4439,4438,9498,4540,9538,4640
4540: 4440,4541,4439,4539,4641,4640
4541: 4440,4540,4441,4641,4642
8871: 8815,8925,8872,8814,8924
4543: 4442,4544,4443,4643,4644
4544: 4444,4545,4443,4543,4644
4545: 4444,4544,4445
9743: 9980,9812
8656: 8589,8590,8655,8657,8719,8720
4548: 4448,4447,4650
9427: 9371,154,9642,199
9637: 9255,9382,9251,794,9415
4551: 4451,4552,4450,4652
4552: 4451,4452,4551,4553,4654
4553: 4453,4554,4452,4552,4654,4655
4554: 4453,4553,4555,4655
4555: 4455,4556,4554,4657
4556: 4455,4555,4456,4557,4657,4658
4557: 4558,4457,4556,4456,4658,4659
4558: 4457,4557,4458,4659,4660
4559: 4458,4459,4560,4660,4661
4560: 4460,4561,4459,4559,4661,4662
4561: 4460,4560,4662,4663
4562: 4664
4563: 4462,4463,4564,4664,4665
4564: 4464,4565,4563,4463,4665,4666
4565: 4464,4564,4465,4566,4666,4667
4566: 4465,4466,4565,4667,4668
4567: 
8705: 8766,8767
4569: 4468,4670,4671
9507: 9558,9387
9457: 8537,8467,9466,9559
8636: 8569,8570,8637,8635,8699,8700
4573: 4574,4473,4472,4675
4574: 4473,4573,4474,4575,4675,4676
4575: 4474,4475,4576,4574,4676,4677
4576: 4475,4575,4476,4577,4677,4678
4577: 4476,4477,4576,4578,4678,4679
4578: 4478,4579,4477,4577,4679,4680
4579: 4478,4479,4578,4680
4580: 4480,4581,4682,4681
4581: 4480,4580,4481,4582,4682,4683
4582: 4481,4482,4581,4683,4583
4583: 4684,4582,4483,4685,4584
4584: 4685,4686,4483,4484,4585,4583
4585: 4484,4686,4584,4687
9973: 9728,9823
4587: 4588,4486,4689
4588: 4587,4589,4488,4689,4690
4589: 4489,4590,4488,4588,4690,4691
4590: 4489,4589,4490,4591,4691,4692
4591: 4490,4491,4592,4590,4692,4693
4592: 4491,4591,4492,4593,4693
4593: 4492,4592,4694
4594: 4494,4493,4696
4595: 
4596: 4496,4597,4495,4697,4698
4597: 4496,4596,4598,4497,4698,4699
4598: 4599,4498,4497,4597,4699,4700
4599: 4498,4598,4600,4700,4701
4600: 4500,4599,4701,4702
10021: 
4602: 
4603: 4503,4604,4502
4604: 4503,4603,4504,4605
4605: 4505,4606,4604,4504,4707
4606: 4505,4605,4506,4607
4607: 4506,4608,4606
4608: 4607,4508,4609,4709,4710
4609: 4508,4509,4610,4608,4710
4610: 4509,4609,4510,4611,4711
4611: 4510,4610,4712
4612: 4613,4714
4613: 4612,4513,4614,4714,4715
4614: 4513,4514,4615,4613,4715,4716
4615: 4514,4614,4515,4616,4716,4717
4616: 4515,4516,4617,4615,4717
4617: 4516,4616,4618
4618: 4518,4617,4719,4720
9592: 9098,9353,9356,9437
4620: 4621,4721,4722
4621: 4521,4622,4620,4723,4722
4622: 4521,4621,4522,4623,4723,4724
4623: 4522,4523,4624,4622,4724,4725
4624: 4523,4623,4524,4625,4725,4726
4625: 4524,4525,4626,4624,4726,4727
4626: 4525,4625,4526,4627,4727,4728
4627: 4526,4527,4626,4728,4729
8927: 8873,8874,8926,8928,8979,8980
9554: 9389,1491,1575
4630: 4530,4631,4529,4731,4732
4631: 4530,4630,4632,4732,4733
4632: 4631,4733,4734
4633: 
4634: 4534,4636,4735,4736
9382: 9255,9637,9500,725,9399,724
4636: 4634,4534,4536,4637,4736,4737
4637: 4537,4536,4638,4636,4737,4738
4638: 4537,4637,4639,4738,4739
4639: 9459,9524,4638,4739,4740
4640: 4742,4641,4539,4540,4741,9538
4641: 4742,4743,4640,4540,4541,4642
4642: 4643,4744,4541,4641,4743
4643: 4744,4745,4642,4543,4644
4644: 4645,4543,4544,4643,4745
4645: 4644,4647,4745,4746,4747
9923: 9809
4647: 4645,4748,4747
9257: 9612,9551,9281
9707: 9760
4650: 4751,4548,4651
4651: 4652,4752,4650,4751
4652: 4651,4752,4551,4753
8731: 8601,8667,8730,8668,9505,8792
4654: 4552,4553,4655
4655: 4554,4553,4654
8893: 8836,8837,8894,8946,8947,8892
4657: 4757,4658,4555,4556
4658: 4657,4556,4557,4659
4659: 4760,4558,4557,4658,4660
4660: 4558,4559,4760,4659
4661: 4559,4560,4662,4762
4662: 4663,4762,4763,4560,4561,4661
4663: 4662,4763,4561,4664,4764
4664: 4765,4764,4665,4563,4562,4663
4665: 4664,4765,4563,4564,4666,4766
4666: 4766,4767,4564,4565,4665,4667
4667: 4668,4565,4566,4666,4767
4668: 4667,4769,4566,4669
4669: 4670,4770,4668,4769
4670: 4669,4770,4771,4569,4671
4671: 4772,4569,4670,4771
4672: 
4673: 4773
9633: 9459,4437,9392,9483,4537
4675: 4776,4775,4574,4573,4676
4676: 4677,4574,4575,4776,4675
4677: 4676,4575,4576,4678,4778
4678: 4679,4779,4778,4576,4577,4677
4679: 4678,4779,4577,4578,4680,4780
4680: 4780,4578,4579,4679
4681: 4682,4782,4580,4781
4682: 4782,4783,4681,4580,4581,4683
4683: 4684,4581,4582,4682,4783
4684: 4683,4583,4685
4685: 4686,4786,4584,4684,4583
4686: 4685,4786,4787,4584,4585,4687
4687: 4585,4686,4787
4688: 4689,4788,4789
4689: 4690,4688,4587,4588
4690: 4689,4588,4589,4691
4691: 4792,4589,4590,4690,4692
4692: 4693,4793,4590,4591,4691,4792
4693: 4692,4793,4591,4592
4694: 4695,4795,4794,4593
4695: 4694,4795,4696,4796
4696: 4697,4797,4594,4695
4697: 4696,4797,4596,4698,4798
4698: 4798,4799,4699,4596,4597,4697
4699: 4698,4799,4597,4598,4800,4700
4700: 4800,4599,4598,4699,4701
4701: 4702,4599,4600,4700
4702: 4701,4802,4600
4703: 4804
8678: 8740,8739,8614,8677,8679
9887: 
4706: 4707,4807,4806
4707: 4807,4605,4706
9985: 
4709: 4810,4809,4608,4710
4710: 4711,4811,4608,4609,4810,4709
4711: 4710,4811,4610,4712,4812
4712: 4713,4812,4813,4611,4711
4713: 4712,4813,4714
4714: 4715,4815,4612,4613,4713
4715: 4714,4815,4613,4614,4716,4816
4716: 4817,4816,4614,4615,4715,4717
4717: 4615,4616,4817,4716
9903: 9902,9715
4719: 4720,4820,4618
4720: 4719,4821,4618,4721
4721: 4822,4620,4720,4722
4722: 4723,4823,4620,4621,4721,4822
4723: 4823,4824,4722,4621,4622,4724
4724: 4725,4825,4622,4623,4723,4824
4725: 4724,4825,4826,4623,4624,4726
4726: 4727,4827,4624,4625,4725,4826
4727: 4726,4827,4828,4625,4626,4728
4728: 4729,4829,4626,4627,4727,4828
4729: 4728,4829,4627,4730,4830
4730: 4831,4830,4731,4729
4731: 4730,4831,4630,4732,4832
4732: 4832,4833,4630,4631,4731,4733
4733: 4734,4834,4631,4632,4732,4833
4734: 4733,4834,4835,4632,4735
4735: 4736,4836,4634,4734,4835
4736: 4735,4836,4837,4634,4636,4737
4737: 4738,4838,4636,4637,4736,4837
4738: 4737,4838,4839,4637,4638,4739
4739: 4740,4840,4638,4639,4738,4839
4740: 4739,4840,4841,4639,9524
4741: 9573,9538,4742,4640,4842,4843
4742: 4641,4743,4640,4741,4844,4843
4743: 4742,4641,4744,4642,4844,4845
4744: 4643,4745,4642,4743,4846,4845
4745: 4643,4744,4645,4644,4846,4746
4746: 4848,4747,4745,4645,4846,4847
4747: 4848,4849,4746,4645,4647,4748
4748: 4749,4647,4849,4747,4850
4749: 4748,4750,4850,4851
4750: 4749,4852,4851
4751: 4650,4651,4752,4853
4752: 4651,4652,4751,4753,4853,4854
4753: 4652,4752,4854,4855
9611: 12,9428,9566,14,9445
9228: 9355,9588
4756: 
4757: 4657,4858,4859
9705: 
9805: 9967,9647
4760: 4659,4660,4861
9889: 9691,9854
4762: 4662,4763,4661,4864
4763: 4662,4663,4762,4764,4864,4865
4764: 4664,4765,4663,4763,4865,4866
4765: 4664,4764,4665,4766,4866,4867
4766: 4666,4767,4765,4665,4867
4767: 4666,4766,4667,4869
9685: 9908,9847
4769: 4668,4669,4770,4870,4871
4770: 4669,4670,4771,4769,4871,4872
4771: 4670,4770,4671,4772,4872
4772: 4671,4773,4771,4873
4773: 4772,4673,4873,4874
9876: 9927
4775: 4776,4675,4876,4877
4776: 4675,4775,4676,4877,4878
9543: 9308,7173,9435,7262,9540,9512
4778: 4678,4779,4677,4879,4880
4779: 4678,4679,4778,4780,4880,4881
4780: 4680,4781,4679,4779,4881,4882
4781: 4780,4782,4681,4882,4883
4782: 4682,4783,4681,4781,4883
4783: 4682,4782,4683
9456: 9234,9378,9545,9277
4785: 
4786: 4685,4686,4787,4887,4888
4787: 4686,4786,4687,4888
4788: 4688,4889,4890,4789
4789: 4891,4892,4788,4688,4890
9518: 9525,9559
4791: 
4792: 4691,4692,4793,4893,4894
4793: 4692,4693,4792,4894
4794: 4694,4795,4895
4795: 4694,4695,4794,4796,4897
4796: 4797,4695,4795,4897,4898
4797: 4696,4697,4796,4798,4899
4798: 4698,4799,4697,4797,4899,4900
4799: 4698,4798,4699,4800,4900
4800: 4700,4799,4699,4902
9852: 9835
4802: 4702,4903,4904
9728: 9769,9823,9973
4804: 4703,4805,4905,4906
4805: 4804,4906,4907,4806
4806: 4907,4805,4706,4807
4807: 4707,4706,4806
8648: 8582,8649,8647,8711,8712
4809: 4810,4709,4910,4911
4810: 4709,4809,4710,4811,4911,4912
4811: 4710,4711,4810,4812,4912,4913
4812: 4712,4813,4711,4811,4913
4813: 4712,4713,4812,4915
8969: 9018,8917,9017,8916,8968
4815: 4714,4715,4816,4916,4917
4816: 4817,4716,4715,4815,4917,4918
4817: 4716,4816,4717,4818,4918
4818: 4819,4817,4919,4920
4819: 4818,4820,4920,4921
4820: 4719,4821,4819,4921,4922
4821: 4720,4820,4922
4822: 4721,4823,4722,4924
4823: 4723,4824,4722,4822,4925,4924
4824: 4723,4823,4724,4825,4925,4926
4825: 4724,4725,4826,4824,4926,4927
4826: 4725,4825,4726,4827,4927
4827: 4726,4727,4828,4826,4929
4828: 4727,4827,4728,4829,4929,4930
4829: 4728,4729,4828,4830,4930
4830: 4730,4831,4729,4829,4932
4831: 4730,4830,4731,4832,4932,4933
4832: 4732,4833,4831,4731,4933,4934
4833: 4732,4832,4733,4834,4934,4935
4834: 4733,4734,4835,4833,4935,4936
4835: 4734,4834,4735,4836,4936,4937
4836: 4735,4736,4837,4835,4937,4938
4837: 4736,4836,4737,4838,4938,4939
4838: 4737,4738,4839,4837,4939,4940
4839: 4738,4838,4739,4840,4940,4941
4840: 4739,4740,4841,4839,4941,4942
4841: 4740,4840,9280,4942
4842: 4943,9573,4741,4843
4843: 4844,4944,4741,4742,4842,4943
4844: 4944,4843,4742,4743,4845
4845: 4846,4946,4743,4744,4844
4846: 4847,4946,4845,4744,4745,4746
4847: 4846,4947,4946,4848,4746
4848: 4849,4949,4746,4747,4847
4849: 4848,4949,4747,4748,4850,4950
4850: 4951,4950,4748,4749,4849,4851
4851: 4852,4952,4749,4750,4850,4951
4852: 4952,4851,4750
4853: 4854,4954,4751,4752
4854: 4853,4954,4752,4753,4855,4955
4855: 4856,4956,4955,4753,4854
4856: 4855,4956,4957
9675: 10033,9659
4858: 4958,4757,4859,4959
4859: 4959,4960,4757,4858
9444: 9141,9140,9563,9407
4861: 4961,4760,4862
4862: 4963,4861
8908: 8907,8959,8909,8960,8961
4864: 4865,4964,4762,4763
4865: 4864,4763,4764,4866,4966
4866: 4867,4966,4967,4765,4764,4865
4867: 4866,4967,4765,4766,4968
8661: 8594,8662,8660,8724
4869: 4870,4970,4767,4969
4870: 4869,4970,4971,4769,4871
4871: 4872,4972,4769,4770,4870,4971
4872: 4871,4972,4770,4771
4873: 4974,4772,4773,4874
4874: 4875,4975,4773,4873,4974
4875: 4975,4876,4874
4876: 4875,4775
4877: 4978,4776,4775,4878
4878: 4879,4979,4776,4978,4877
4879: 4878,4979,4778,4880,4980
4880: 4881,4981,4980,4779,4778,4879
4881: 4880,4981,4779,4780,4882,4982
4882: 4982,4781,4780,4881,4883
4883: 4781,4782,4882
9687: 9783,9953
4885: 4886,4986,4985
4886: 4885,4986,4987,4887
4887: 4888,4988,4786,4886,4987
4888: 4887,4988,4786,4787
4889: 4890,4990,4788
4890: 4889,4990,4788,4891,4991,4789
4891: 4992,4991,4892,4789,4890
4892: 4891,4789,4893
4893: 4894,4792,4892
4894: 4893,4792,4793
4895: 4794,4996
9123: 9081,9122,9124,9160,9161
4897: 4997,4795,4796,4898,4998
4898: 4899,4998,4999,4796,4897
4899: 4898,4797,4798,4900
4900: 4798,4799,4899
4901: 
4902: 5003,5002,4800
4903: 4904,4802,5003
4904: 4903,4802,4905,5005
4905: 4906,5005,5006,4804,4904
4906: 4905,5006,4804,4805,4907,5007
4907: 5008,5007,4806,4805,4906
9726: 9861,9784,9668
4909: 5009,5010
4910: 4911,5011,4809,5010
4911: 4910,5011,5012,4810,4809,4912
4912: 4913,5013,4810,4811,4911,5012
4913: 4912,5013,4811,4812,5014
9249: 5643,9562,9583,9360
4915: 5015,4813,4916,5016
4916: 5016,5017,4815,4915,4917
4917: 4918,5018,4815,4816,4916,5017
4918: 4917,5018,4817,4816,4919
4919: 4920,4818,4918
4920: 4919,5021,4819,4818,4921
4921: 4922,5022,4819,4820,4920,5021
4922: 4921,5022,5023,4820,4821
9585: 9333,9319
4924: 4925,4822,4823
4925: 5026,4924,4823,4824,4926
4926: 4927,5027,4824,4825,4925,5026
4927: 4926,5027,4825,4826
9049: 9050,9001,9000,9093,9094
4929: 4827,4828,4930
4930: 4828,4829,4929
9964: 9776,9873,9872
4932: 5033,5032,4933,4831,4830
4933: 4932,5033,4831,4832,4934
4934: 5035,4935,4832,4833,4933
4935: 4934,5035,4833,4834,4936,5036
4936: 5037,5036,4834,4835,4935,4937
4937: 4938,5038,4835,4836,5037,4936
4938: 4937,5038,5039,4836,4837,4939
4939: 4940,5040,4837,4838,4938,5039
4940: 4939,5040,5041,4838,4839,4941
4941: 4942,5042,4839,4840,4940,5041
4942: 4941,5042,4840,4841
4943: 4842,4944,4843,5043
4944: 4844,4843,4943,5043
9139: 9438,9407,9102,9101,9140
4946: 4846,4847,4947,5046,4845
4947: 4847,4946,5046,5047,5048
4948: 
4949: 4848,4849,4950,5050
4950: 4850,4951,4849,4949,5050,5051
4951: 4850,4950,4952,4851,5051,5052
4952: 4852,4851,4951,5053,5052
9153: 9186,9154,9185,9115
4954: 4853,4854,4955,5055
4955: 4855,4956,4854,4954,5055,5056
4956: 4855,4856,4955,4957
4957: 4958,4856,4956,5058
4958: 4858,4957,4959,5058
4959: 4859,4960,4958,4858,5060
4960: 4859,4959,5060
4961: 4861,5062
4962: 
4963: 4862,4964,5063,5064
4964: 4864,4963,5064
9080: 9121,9079,9035,9081,9122
4966: 4866,4967,4865,5066,5067
4967: 4866,4867,4966,4968,5067,5068
4968: 4969,4867,4967,5068,5069
4969: 4968,4869,4970,5069,5070
4970: 4869,4870,4971,4969,5071,5070
4971: 4870,4970,4871,4972,5071,5072
4972: 4871,4872,4971
9819: 9972,9878
4974: 4873,4975,4874,5074,5075
4975: 4875,4874,4974,5075,5076
9667: 
9936: 10034,9695
4978: 4877,4878,4979,5078
4979: 4878,4879,4978,4980
4980: 4880,4981,4879,4979
4981: 4880,4881,4980,4982,5081,5082
4982: 4882,4881,4981,5082
9925: 
9290: 9467,9478,9252,9477,9453,9622
4985: 4885,4986,5085,5086
4986: 4885,4886,4987,4985,5086,5087
4987: 4886,4986,4887,4988,5087,5088
4988: 4887,4888,4987,5088,5089
9767: 
4990: 4889,4890,4991,5090,5091
4991: 4891,4992,4890,4990,5091,5092
4992: 4891,4991,4993,5092,5093
4993: 4992,5094,5093
4994: 
9725: 9817
4996: 4997,4895,5097
4997: 4996,4897,4998,5097,5098
4998: 4898,4999,4897,4997,5098
4999: 4898,4998,5000
5000: 5001,4999,5101
5001: 5000,5002,5101,5102
5002: 5003,4902,5001,5102
5003: 4902,5002,4903
9163: 9162,9222,9125,9126
5005: 4905,5006,4904,5105,5106
5006: 4905,4906,5005,5007,5106
5007: 4907,5008,4906,5006,5108
5008: 4907,5007,5009,5108,5109
5009: 4909,5008,5109,5110
5010: 4909,4910,5011,5110,5111
5011: 4910,4911,5012,5010,5111
5012: 4911,5011,4912,5013,5113
5013: 4912,4913,5012,5014,5113
5014: 5015,4913,5013,5115
5015: 4915,5014,5016,5115,5116
5016: 4916,5017,5015,4915,5116,5117
5017: 4916,5016,4917,5018,5117,5118
5018: 4917,4918,5017,5118
9818: 9757,9958
8686: 8685,8747,8622,8623,8687,8748
5021: 4920,4921,5022,5121,5122
5022: 4921,4922,5023,5021,5122,5123
5023: 4922,5022,5024,5123,5124
5024: 5023,5124,5125
9930: 9971
5026: 4925,4926,5027
5027: 4926,4927,5026
9884: 
5029: 5129,5130
9364: 1747,1834,9261,9325,9608
5031: 5032,5131
5032: 4932,5033,5031,5133
5033: 4932,5032,4933,5133,5134
8978: 9026,8977,8925,8926,8979,9027
5035: 4934,4935,5036,5135,5136
5036: 5037,4936,5035,4935,5136,5137
5037: 4936,5036,4937,5038,5137,5138
5038: 4937,4938,5039,5037,5138,5139
5039: 4938,5038,4939,5040,5139,5140
5040: 4939,4940,5041,5039,5140,5141
5041: 4940,5040,4941,5042,5141,5142
5042: 4941,4942,5041,5142,5143
5043: 9482,4943,4944,5044
5044: 5145,5146,5144,5043
8997: 8998,9046,8944,8945,9090,9045
5046: 4947,4946,5146,5047
5047: 5048,5148,5147,4947,5046,5146
5048: 5047,5148,4947
5049: 
5050: 5150,4949,4950,5051,5151
5051: 5152,5151,4951,4950,5050,5052
5052: 5053,5153,4951,4952,5051,5152
5053: 5153,5154,5052,4952,5054
5054: 5055,5155,5053,5154
5055: 5054,4954,4955,5056
5056: 5157,4955,5055
9536: 9298,9577
5058: 4958,4957
9772: 
5060: 4959,4960
9804: 
5062: 5163,4961,5063
5063: 5064,5164,4963,5163,5062
5064: 5063,5164,4963,4964,5165
5065: 
5066: 4966,5067,5167
5067: 5068,5167,5168,4966,4967,5066
5068: 5067,5168,4967,4968,5069
5069: 4969,4968,5068,5070
5070: 5071,4969,4970,5069,5170
5071: 5171,5070,4970,4971,5072
5072: 5172,4971,5071
9980: 9743,9812
5074: 5075,5175,4974
5075: 5074,5175,4974,4975,5076,5176
5076: 5176,5177,5077,4975,5075
5077: 5076,5177
5078: 4978
8980: 9028,8979,8927,8928,9029,8981
9821: 
5081: 5082,5182,5181,4981
5082: 5081,5182,4981,4982,5083
5083: 5184,5084,5082
5084: 5083,5184,5085,5185
5085: 5185,5186,4985,5084,5086
5086: 5087,5187,4985,4986,5085,5186
5087: 5086,5187,4986,4987,5088
5088: 5189,4987,4988,5087
5089: 5189,4988,5090,5190
5090: 5091,5190,4990,5089
5091: 5090,4990,4991,5092,5192
5092: 5193,5192,4992,4991,5091,5093
5093: 5094,5194,4992,4993,5092,5193
5094: 5194,5195,5093,4993,5095
5095: 5096,5196,5094,5195
5096: 5095,5196,5197
5097: 5098,5198,4996,4997
5098: 5097,5198,4997,4998
8772: 8710,8711,8831,8771
8700: 8699,8762,8636,8637,8701
5101: 5201,5202,5000,5001,5102
5102: 5001,5002,5101,5202
9465: 8099,9499,8020,9402
5104: 5105,5205,5204
5105: 5104,5205,5206,5005,5106
5106: 5207,5005,5006,5105,5206
8751: 8752,8810,8811
5108: 5109,5208,5209,5008,5007
5109: 5108,5209,5008,5009,5210
5110: 5211,5009,5010,5111
5111: 5212,5010,5011,5110,5211
9769: 9728,9823
5113: 5213,5214,5012,5013
9244: 
5115: 5116,5215,5216,5015,5014
5116: 5115,5216,5015,5016,5117,5217
5117: 5217,5016,5017,5116,5118
5118: 5119,5017,5018,5117
5119: 5118,5219,5220,5120
5120: 5121,5221,5119,5220
5121: 5120,5221,5222,5021,5122
5122: 5123,5021,5022,5121,5222
5123: 5122,5022,5023,5124
5124: 5125,5224,5023,5024,5123
5125: 5124,5225,5024
10024: 9951,9733
9309: 6991,9601,6899,9469
5128: 5229,5228,5129
5129: 5130,5230,5029,5229,5128
5130: 5129,5230,5231,5029,5131
5131: 5232,5031,5130,5231
8724: 8723,8660,8661,8785,8786
5133: 5234,5233,5134,5033,5032
5134: 5133,5234,5033,5135,5235
5135: 5235,5236,5136,5035,5134
5136: 5135,5236,5035,5036,5137,5237
5137: 5237,5037,5036,5136,5138
5138: 5139,5239,5037,5038,5137
5139: 5138,5239,5038,5039,5140
5140: 5141,5039,5040,5139
5141: 5140,5242,5040,5041,5142
5142: 5143,5243,5041,5042,5141,5242
5143: 5142,5243,9454,5042,9602
5144: 5145,5044,9408,5245,5246
5145: 5044,5146,5144,5147,5246,5247
5146: 5145,5044,5046,5047,5147
5147: 5047,5148,5145,5146,5247,5248
5148: 5047,5048,5147,5248,5249
8787: 8846,8786,8847,8726,8788
5150: 5050,5151,5250,5251
5151: 5051,5152,5050,5150,5252,5251
5152: 5051,5151,5153,5052,5252,5253
5153: 5053,5154,5052,5152,5253
5154: 5053,5153,5054,5155,5255
5155: 5054,5154,5255,5256
8892: 8835,8891,8836,8893,8946,8945
5157: 5056,5158,5257,5258
5158: 5159,5157,5258,5259
5159: 5158,5160,5259,5260
5160: 5161,5159,5260,5261
5161: 5160,5261,5262
9823: 9769,9728,9973
5163: 5062,5063,5164
5164: 5063,5064,5163,5165,5265
5165: 5064,5164,5265,5266
9148: 9207,9180,9110,9111,9147,9181
5167: 5067,5168,5066,5267,5268
5168: 5067,5068,5167,5268,5269
9960: 
5170: 5171,5070,5270,5271
5171: 5071,5170,5172,5271,5272
5172: 5072,5173,5171,5272,5273
5173: 5172,5174,5273,5274
5174: 5175,5173,5274
5175: 5074,5075,5174,5176
5176: 5076,5177,5075,5175,5277
5177: 5076,5176,5077,5277,5278
9918: 
9420: 9307,9613,9618
5180: 5181,5281
5181: 5081,5182,5180,5281,5282
5182: 5081,5082,5181,5282,5283
8957: 8903,8904,9419,9009,9284
5184: 5083,5084,5185,5284,5285
5185: 5085,5186,5184,5084,5285,5286
5186: 5085,5185,5086,5187,5286,5287
5187: 5086,5087,5186,5287,5288
8883: 8936,8882,8826,8937,8884
5189: 5088,5089,5190,5289,5290
5190: 5090,5089,5189,5290,5291
8709: 8708,8770,8771,8645,8646,8710
5192: 5092,5193,5091,5292,5293
5193: 5092,5192,5194,5093,5293,5294
5194: 5094,5195,5093,5193,5294,5295
5195: 5094,5194,5095,5196,5295,5296
5196: 5095,5096,5197,5195,5296,5297
5197: 5096,5196,5297,5298
5198: 5097,5098,5299
8878: 8821,8879,8932
5200: 5201,5300,5301
5201: 5101,5202,5200,5301,5302
5202: 5101,5201,5102,5302,5303
9535: 9555
5204: 5104,5205,5304
5205: 5104,5105,5206,5204
5206: 5105,5205,5106,5207,5307
5207: 5106,5206,5208,5307,5308
5208: 5108,5209,5207,5308
5209: 5108,5109,5208,5210,5310
5210: 5109,5209,5310,5311
5211: 5110,5111,5212,5312
5212: 5111,5211,5213,5312,5313
5213: 5113,5214,5212,5313
5214: 5113,5213,5215,5315
5215: 5115,5216,5214,5315
5216: 5115,5116,5215,5217,5317
5217: 5117,5116,5216,5317
9336: 9437
5219: 5119,5220,5319
5220: 5119,5219,5120,5221
5221: 5120,5121,5222,5220,5322
5222: 5121,5221,5122,5322,5323
9377: 6900,9607
5224: 5124,5225,5325
5225: 5125,5224,5226,5325,5326
5226: 5227,5225,5326,5327
5227: 5226,5228,5327,5328
5228: 5229,5128,5227,5329
5229: 5128,5228,5129,5230,5329,5330
5230: 5129,5130,5231,5229,5330,5331
5231: 5130,5230,5131,5232,5331,5332
5232: 5131,5231,5233,5332,5333
5233: 5133,5234,5232,5333,5334
5234: 5133,5233,5134,5235,5334,5335
5235: 5135,5236,5234,5134,5335,5336
5236: 5135,5235,5136,5237,5336,5337
5237: 5137,5236,5136,5337,5338
5238: 
5239: 5138,5139,5340
9008: 9009,8955,9007,9617
5241: 
5242: 5141,5142,5243,5342,5343
5243: 5142,5143,9454,5242,5343,5344
5244: 5345,9302
5245: 5345,9302,9408,5144,5246,5346
5246: 5247,5347,5346,5145,5144,5245
5247: 5246,5347,5145,5147,5248,5348
5248: 5249,5349,5348,5148,5147,5247
5249: 5248,5349,5148,5250,5350
5250: 5350,5150,5249,5251
5251: 5252,5352,5150,5151,5250
5252: 5353,5352,5251,5152,5151,5253
5253: 5354,5152,5153,5252,5353
9252: 9290,9478,9355,9588,9622,9593
5255: 5256,5356,5154,5155,5355
5256: 5255,5356,5357,5155,5257
5257: 5258,5358,5157,5256,5357
5258: 5257,5358,5157,5158,5259,5359
5259: 5260,5359,5360,5159,5158,5258
5260: 5259,5360,5159,5160,5261,5361
5261: 5361,5262,5160,5161,5260
5262: 5261,5161,5363
5263: 5364,5363
9678: 
5265: 5365,5366,5164,5165,5266
5266: 5267,5367,5165,5265,5366
5267: 5266,5367,5167,5268,5368
5268: 5269,5368,5369,5167,5168,5267
5269: 5268,5369,5168,5370
5270: 5370,5371,5170,5271
5271: 5272,5372,5170,5171,5270,5371
5272: 5271,5372,5373,5171,5172,5273
5273: 5274,5374,5173,5172,5272,5373
5274: 5273,5374,5173,5174,5375
9532: 9595,9479
9291: 
5277: 5278,5378,5176,5177
5278: 5277,5378,5177,5279,5379
5279: 5380,5379,5278,5280
5280: 5381,5380,5279,5480
5281: 5381,5180,5181,5282,5382
5282: 5283,5383,5382,5182,5181,5281
5283: 5282,5383,5182,5284,5384
5284: 5385,5384,5285,5184,5283
5285: 5284,5385,5184,5185,5286,5386
5286: 5386,5387,5185,5186,5285,5287
5287: 5288,5388,5186,5187,5286,5387
5288: 5287,5388,5389,5187
5289: 5290,5390,5189,5389
5290: 5289,5390,5189,5190,5291,5391
5291: 5292,5391,5392,5190,5290
5292: 5291,5392,5192,5293,5393
5293: 5394,5393,5294,5193,5192,5292
5294: 5293,5394,5193,5194,5295,5395
5295: 5395,5194,5195,5294,5296
5296: 5297,5195,5196,5295
5297: 5296,5398,5196,5197,5298
5298: 5399,5197,5297,5398
5299: 5399,5198,5300,5400
5300: 5301,5400,5200,5299
5301: 5300,5200,5201,5302,5402
5302: 5402,5403,5201,5202,5301,5303
5303: 5304,5404,5202,5302,5403
5304: 5303,5404,5405,5204
9050: 9049,9001,9002,9051,9094,9095
8799: 8740,8739,8798,8856
5307: 5308,5408,5206,5207,5407
5308: 5307,5408,5207,5208
5309: 
5310: 5410,5209,5210,5311,5411
5311: 5411,5412,5210,5310
5312: 5313,5413,5211,5212
5313: 5312,5413,5212,5213
5314: 
5315: 5415,5214,5215
8983: 8930,8984,9031,9032,8982
5317: 5417,5216,5217,5318
5318: 5418,5419,5317,5319
5319: 5420,5219,5318,5419
8912: 8913,8911,8858,8964
9265: 6039,6040,9306,9305,6137
5322: 5422,5221,5222,5323
5323: 5424,5222,5322
9246: 9335
5325: 5326,5425,5426,5224,5225
5326: 5325,5426,5225,5226,5327,5427
5327: 5427,5428,5227,5226,5326,5328
5328: 5329,5429,5227,5327,5428
5329: 5328,5430,5229,5228,5330
5330: 5331,5431,5229,5230,5329,5430
5331: 5330,5431,5432,5230,5231,5332
5332: 5333,5433,5231,5232,5331,5432
5333: 5332,5433,5232,5233,5334,5434
5334: 5435,5434,5335,5234,5233,5333
5335: 5334,5435,5234,5235,5336,5436
5336: 5436,5437,5337,5235,5236,5335
5337: 5336,5437,5236,5237,5338,5438
5338: 5439,5438,5237,5337
8795: 8735,8796,8794,8852
5340: 5441,5440,5239,5341
5341: 5342,5442,5441,5340
5342: 5341,5442,5242,5343
5343: 5344,5444,5242,5243,5342
5344: 5343,5444,9503,5243,9454,9294
5345: 5245,9302,5244,5346,5445
5346: 5246,5347,5245,5345,5445,5446
5347: 5246,5247,5346,5348,5446,5447
5348: 5248,5349,5247,5347,5447,5448
5349: 5248,5249,5348,5350,5448,5449
5350: 5250,5249,5349,5449,5450
8940: 8887,8886,8941,8992,8993
5352: 5252,5353,5251,5452,5451
5353: 5252,5352,5253,5354,5452,5453
5354: 5253,5355,5353,5454,5453
5355: 5354,5255,5356,5454,5455
5356: 5255,5256,5357,5355,5455,5456
5357: 5256,5356,5257,5358,5456,5457
5358: 5257,5258,5357,5359,5457,5458
5359: 5259,5360,5258,5358,5458,5459
5360: 5259,5260,5359,5361,5459,5460
5361: 5261,5260,5360,5460,5461
9286: 2192,2284,9510
5363: 5263,5262,5462,5463
5364: 5263,5365,5463
5365: 5265,5366,5364,5465
5366: 5365,5265,5266,5367,5465,5466
5367: 5266,5267,5366,5368,5466,5467
5368: 5268,5369,5267,5367,5467,5468
5369: 5268,5269,5368,5370,5468
5370: 5270,5371,5269,5369,5470
5371: 5270,5370,5271,5372,5470
5372: 5271,5272,5373,5371,5472
5373: 5272,5372,5273,5374,5472,5473
5374: 5273,5274,5373,5375,5473
5375: 5376,5274,5374,5475
5376: 5375,5475,5476
9020: 8972,9021,9019,9065
5378: 5277,5278,5379,5477,5478
5379: 5380,5279,5278,5378,5478,5479
5380: 5279,5379,5280,5479,5480
5381: 5280,5281,5382,5480,5481
5382: 5282,5383,5281,5381,5481,5482
5383: 5282,5283,5382,5384,5482,5483
5384: 5284,5385,5283,5383,5483,5484
5385: 5284,5384,5285,5386,5484,5485
5386: 5286,5387,5385,5285,5485,5486
5387: 5286,5386,5287,5388,5486,5487
5388: 5287,5288,5389,5387,5487,5488
5389: 5288,5388,5289,5488,5489
5390: 5289,5290,5391,5489,5490
5391: 5291,5392,5290,5390,5490,5491
5392: 5291,5292,5391,5393,5491,5492
5393: 5293,5394,5292,5392,5492,5493
5394: 5293,5393,5294,5395,5493,5494
5395: 5295,5394,5294,5494,5495
9662: 10001,9822
8657: 8591,8658,8590,8656,8721
5398: 5297,5298,5497,5498
5399: 5298,5299,5400,5498,5499
5400: 5300,5299,5399,5499,5500
8697: 8698,8633,8634,8696,8758
5402: 5302,5403,5301,5501,5502
5403: 5302,5402,5303,5404,5502,5503
5404: 5303,5304,5405,5403,5503,5504
5405: 5304,5404,5406,5504,5505
5406: 5407,5405,5505,5506
5407: 5406,5307,5408,5506,5507
5408: 5307,5308,5407,5507,5508
9626: 19,9369,46,47
5410: 5310,5411,5509,5510
5411: 5311,5412,5310,5410,5510,5511
5412: 5311,5411,5511,5512
5413: 5312,5313,5513
9528: 9295,9247,9372
5415: 5315
9617: 9007,9448,9008,9334
5417: 5317,5418
5418: 5318,5419,5417,5518
5419: 5318,5418,5319,5420,5518,5519
5420: 5319,5421,5419,5519,5520
5421: 5420,5422,5520,5521
5422: 5322,5421,5521,5522
9201: 9200,9168,9169,9202,9600
5424: 5323,5425,5523
5425: 5325,5426,5424,5525
5426: 5325,5326,5425,5427,5525,5526
5427: 5327,5428,5326,5426,5526,5527
5428: 5327,5427,5328,5429,5527,5528
5429: 5328,5430,5428,5528,5529
5430: 5329,5429,5330,5431
5431: 5330,5331,5432,5430,5531
5432: 5331,5431,5332,5433,5531,5631
5433: 5332,5333,5432,5434,5533
5434: 5334,5435,5333,5433,5533,5534
5435: 5334,5434,5335,5436,5534,5535
5436: 5336,5437,5435,5335,5535,5536
5437: 5336,5436,5337,5438,5536,5537
5438: 5439,5338,5437,5337,5537,5538
5439: 5338,5438,5440,5538,5539
5440: 5441,5340,5439,5539,5540
5441: 5340,5440,5341,5442,5540,5541
5442: 5341,5342,5441,5541,5542
5443: 
5444: 5343,5344,9503,5543,9562
5445: 5345,5346,5446,5545
5446: 5447,5546,5545,5347,5346,5445
5447: 5446,5347,5348,5448
5448: 5449,5548,5349,5348,5447
5449: 5448,5548,5349,5350,5450,5549
5450: 5550,5549,5350,5449,5451
5451: 5452,5551,5352,5450,5550
5452: 5552,5551,5451,5353,5352,5453
5453: 5454,5553,5353,5354,5452,5552
5454: 5553,5453,5354,5355,5455
5455: 5456,5555,5355,5356,5454
5456: 5455,5555,5556,5356,5357,5457
5457: 5458,5557,5357,5358,5456,5556
5458: 5457,5557,5358,5359,5459,5558
5459: 5460,5558,5559,5359,5360,5458
5460: 5459,5559,5360,5361,5461,5560
5461: 5560,5561,5462,5361,5460
5462: 5461,5561,5363,5562,5463
5463: 5562,5364,5363,5462
9547: 9598
5465: 5564,5365,5366,5466,5565
5466: 5467,5565,5366,5367,5465
5467: 5466,5367,5368,5468
5468: 5568,5368,5369,5467
9491: 9333,2283,9624
5470: 5569,5370,5371
9614: 9306,9471
5472: 5572,5571,5372,5373,5473
5473: 5573,5373,5374,5572,5472
9645: 
5475: 5476,5574,5575,5376,5375
5476: 5475,5575,5376,5477
5477: 5478,5577,5378,5476
5478: 5477,5577,5378,5379,5578,5479
5479: 5578,5380,5379,5478
5480: 5481,5380,5280,5381
5481: 5480,5381,5382,5482,5581
5482: 5483,5582,5581,5383,5382,5481
5483: 5482,5582,5383,5384,5484,5583
5484: 5485,5583,5584,5385,5384,5483
5485: 5484,5584,5385,5386,5486,5585
5486: 5585,5586,5386,5387,5485,5487
5487: 5488,5587,5387,5388,5486,5586
5488: 5487,5587,5388,5389
5489: 5490,5589,5389,5390
5490: 5489,5589,5390,5391,5491,5590
5491: 5492,5590,5591,5391,5392,5490
5492: 5491,5591,5392,5393,5493,5592
5493: 5494,5592,5593,5394,5393,5492
5494: 5493,5593,5394,5395,5495,5594
5495: 5594,5595,5395,5494,5496
5496: 5497,5596,5495,5595
5497: 5496,5596,5398,5597
5498: 5499,5598,5597,5398,5399
5499: 5498,5598,5399,5400,5500,5599
5500: 5501,5599,5400,5499
5501: 5500,5402,5502,5601
5502: 5601,5602,5402,5403,5501,5503
5503: 5504,5603,5403,5404,5502,5602
5504: 5503,5603,5604,5404,5405,5505
5505: 5506,5405,5406,5504,5604
5506: 5505,5606,5407,5406,5507
5507: 5508,5607,5407,5408,5506,5606
5508: 5507,5607,5408,5509
5509: 5510,5609,5410,5508
5510: 5509,5609,5410,5411,5511,5610
5511: 5610,5611,5512,5411,5412,5510
5512: 5511,5611,5412,5513
5513: 5514,5413,5512
5514: 5613,5513
8999: 9047,9000,8946,8947,8998
9993: 9989
5517: 
5518: 5617,5618,5418,5419,5519
5519: 5520,5619,5419,5420,5518,5618
5520: 5519,5619,5620,5421,5420,5521
5521: 5522,5621,5421,5422,5520,5620
5522: 5521,5621,5622,5422,5523
5523: 5424,5522,5622
8887: 8940,8886,8830,8831,8941,8888
5525: 5526,5624,5425,5426
5526: 5525,5426,5427,5527,5626
5527: 5626,5627,5427,5428,5526,5528
5528: 5529,5428,5429,5527,5627
5529: 5528,5629,5429
8891: 8834,8835,8892,8890,8944,8945
5531: 5630,5431,5432,5631
9764: 
5533: 5632,5433,5434,5534,5633
5534: 5535,5633,5435,5434,5533
5535: 5534,5435,5436,5536,5635
5536: 5635,5636,5537,5436,5437,5535
5537: 5536,5636,5437,5438,5637,5538
5538: 5637,5439,5438,5537,5539
5539: 5540,5639,5439,5440,5538
5540: 5539,5639,5640,5441,5440,5541
5541: 5542,5641,5441,5442,5540,5640
5542: 5541,5641,5642,5442,5543
5543: 5643,9562,5444,5542,5642
9991: 
5545: 5446,5445,5644
5546: 5446
9254: 9481,9279,793,9320,9409
5548: 5448,5449,5549,5647,5648
5549: 5450,5550,5449,5548,5648,5649
5550: 5450,5549,5551,5451,5649,5650
5551: 5452,5552,5451,5550,5650
5552: 5452,5551,5553,5453,5652
5553: 5454,5453,5552,5653,5652
9784: 9726,9861,9668
5555: 5455,5456,5556,5654,5655
5556: 5456,5555,5457,5557,5655
5557: 5457,5458,5556,5558,5657
5558: 5459,5559,5458,5557,5657
5559: 5459,5460,5558,5560,5659
5560: 5461,5561,5460,5559,5659,5660
5561: 5461,5560,5462,5562,5660,5661
5562: 5463,5561,5462,5661,5662
9650: 
5564: 5465,5565,5663,5664
5565: 5466,5564,5465,5664,5665
8708: 8709,8770,8644,8645,8769,8707
5567: 
5568: 5468,5569,5667,5668
5569: 5470,5568,5668
9000: 8999,8947,8948,9049,9001
5571: 5572,5472,5670
5572: 5472,5571,5473,5573,5672
5573: 5473,5572,5574,5672,5673
5574: 5475,5575,5573,5673,5674
5575: 5475,5476,5574,5674,5675
9087: 9129,9128,9042,9043,9088
5577: 5477,5478,5578,5676,5677
5578: 5479,5478,5577,5677,5678
9791: 
9236: 9214,9235,9292,9216
5581: 5482,5582,5481,5680
5582: 5482,5483,5581,5583,5682
5583: 5484,5584,5483,5582,5682,5683
5584: 5484,5485,5583,5585,5683,5684
5585: 5486,5586,5485,5584,5684,5685
5586: 5486,5585,5487,5587,5685,5686
5587: 5487,5488,5586,5686,5687
9775: 
5589: 5489,5490,5590,5688,5689
5590: 5491,5591,5490,5589,5689
5591: 5491,5492,5590,5592,5691
5592: 5493,5593,5492,5591,5691,5692
5593: 5493,5494,5592,5594,5692,5693
5594: 5495,5595,5494,5593,5693
5595: 5495,5594,5496,5596,5695
5596: 5496,5497,5595,5695
5597: 5498,5598,5497,5697
5598: 5498,5499,5597,5599,5697,5698
5599: 5500,5499,5598,5698,5699
9067: 9108,9109,9023,9066,9068
5601: 5502,5602,5501,5700,5701
5602: 5502,5601,5503,5603,5701,5702
5603: 5503,5504,5604,5602,5702,5703
5604: 5504,5603,5505,5703,5704
8848: 8789,8788,8847,8849,8904,8905
5606: 5506,5507,5607,5705,5706
5607: 5507,5508,5606,5706,5707
9494: 6899,6805,6711,6712,9417
5609: 5509,5510,5610,5708,5709
5610: 5511,5611,5510,5609,5709,5710
5611: 5511,5610,5512,5710
9170: 9091,9132,9169,9133,9202,9203
5613: 5514,5712,5713
9103: 9062,9061,9102,9141,9140
5615: 5616,5714,5715
5616: 5615,5617,5715,5716
5617: 5518,5618,5616,5716
5618: 5518,5617,5519,5619,5718
5619: 5519,5520,5620,5618,5719,5718
5620: 5520,5619,5521,5621,5719,5720
5621: 5521,5522,5622,5620,5720,5721
5622: 5522,5621,5523,5721,5722
9158: 9191,9159,9120,9121,9157,9190
5624: 5525,5723,5724
9396: 9597,9425,9332
5626: 5527,5627,5526,5725,5726
5627: 5527,5626,5528,5726,5727
8791: 8792,9271,8729,8730,9616
5629: 5529,5630,5728
5630: 5531,5629
5631: 5632,5432,5531
5632: 5533,5631,5633,5731
5633: 5534,5632,5533
9303: 9449
5635: 5536,5636,5535,5734
5636: 5536,5635,5537,5637,5736
5637: 5538,5636,5537,5736,5737
9912: 
5639: 5539,5540,5640,5739
5640: 5540,5639,5541,5641,5739,5740
5641: 5541,5542,5642,5640,5740
5642: 5542,5641,5543,5643,5742
5643: 5543,9249,9562,5642,5742,9583
5644: 9350,5545
9084: 9125,9039,9040,9126,9085
5646: 5647
5647: 5648,5746,5548,5646
5648: 5647,5746,5548,5549,5649,5747
5649: 5748,5747,5550,5549,5648,5650
5650: 5550,5551,5649,5748
9480: 9429
5652: 5653,5751,5552,5553,5750
5653: 5751,5752,5652,5553,5654
5654: 5655,5753,5555,5653,5752
5655: 5654,5753,5754,5555,5556
9910: 
5657: 5755,5557,5558,5756
8876: 8929,8820,8930
5659: 5757,5559,5560,5660,5758
5660: 5758,5661,5560,5561,5659
5661: 5660,5561,5562,5662,5760
5662: 5761,5760,5562,5661
5663: 5664,5762,5564,5761
5664: 5663,5762,5564,5565,5665
5665: 5666,5764,5565,5664
5666: 5665,5764,5667,5765
5667: 5668,5765,5568,5666
5668: 5667,5568,5569
9844: 9681,9984
5670: 5769,5571,5768
9653: 9881
5672: 5673,5771,5572,5573,5770
5673: 5672,5771,5573,5574,5674,5772
5674: 5675,5772,5773,5574,5575,5673
5675: 5674,5773,5575,5676,5774
5676: 5774,5775,5677,5577,5675
5677: 5676,5775,5577,5578,5678,5776
5678: 5679,5776,5578,5677
5679: 5678,5778
5680: 5581
8837: 8836,8893,8894,8777,8778,8838
5682: 5780,5582,5583,5683,5781
5683: 5684,5781,5583,5584,5682
5684: 5683,5584,5585,5685,5783
5685: 5783,5784,5585,5586,5684,5686
5686: 5687,5586,5587,5685,5784
5687: 5686,5786,5587
5688: 5689,5787,5589,5786
5689: 5688,5787,5589,5590,5788
8673: 8672,8734,8609,8610,8674,8735
5691: 5789,5591,5592,5692,5790
5692: 5693,5790,5791,5592,5593,5691
5693: 5692,5791,5593,5594,5792
9410: 9394,9455,9533,9311,9578
5695: 5794,5595,5596,5793
9963: 9831,9651,9942
5697: 5698,5796,5598,5597
5698: 5697,5598,5599,5699,5797
5699: 5700,5797,5798,5599,5698
5700: 5699,5798,5601,5701
5701: 5800,5601,5602,5700,5702
5702: 5703,5801,5602,5603,5701,5800
5703: 5702,5801,5603,5604,5704
5704: 5705,5604,5703
5705: 5704,5804,5606,5706
5706: 5707,5805,5606,5607,5705,5804
5707: 5706,5805,5806,5607,5708
5708: 5709,5807,5609,5707,5806
5709: 5708,5807,5609,5610,5710,5808
5710: 5808,5610,5611,5709
5711: 5712,5810,5809
5712: 5711,5810,5613,5713
5713: 5714,5812,5613,5712
5714: 5713,5812,5615,5715,5813
5715: 5716,5813,5616,5615,5714
5716: 5715,5616,5617,5815
8966: 9014,8913,8914,9015
5718: 5719,5817,5618,5619,5816
5719: 5818,5817,5718,5619,5620,5720
5720: 5721,5819,5620,5621,5818,5719
5721: 5720,5819,5820,5621,5622,5722
5722: 5723,5622,5721,5820
5723: 5722,5624,5724,5822
5724: 5725,5822,5823,5624,5723
5725: 5724,5823,5626,5726
5726: 5727,5626,5627,5725
5727: 5726,5825,5627,5728
5728: 5826,5629,5727
8928: 8929,8874,8927,8980,8981
10001: 9662,9822
5731: 5830,5632
5732: 
5733: 5832,5734
5734: 5833,5635,5733
9699: 9950
5736: 5636,5637,5737
5737: 5836,5835,5637,5736
9620: 9375
5739: 5837,5639,5640,5740
5740: 5839,5640,5641,5739
9042: 9043,8994,9041,8993,9087
5742: 5841,9583,5642,5643,5840
9003: 9051,9052,8951,8950,9002,9004
8847: 8787,8846,8848,8788,8903,8904
8766: 8705,8826,8704,8765
5746: 5647,5648,5747,5846
5747: 5649,5748,5648,5746,5846,5847
5748: 5649,5747,5650,5847,5848
9886: 9832,9836,9702
5750: 5751,5652,5849,5850
5751: 5653,5752,5652,5750,5851,5850
5752: 5653,5751,5654,5753,5851,5852
5753: 5654,5655,5754,5752,5852
5754: 5655,5753,5755,5854
5755: 5657,5754,5756,5854,5855
5756: 5757,5755,5657,5855,5856
5757: 5659,5756,5758,5856
5758: 5660,5757,5659,5858
9292: 9216,9640,9236,9235,9378
5760: 5761,5662,5661,5859
5761: 5662,5760,5663
5762: 5663,5664,5862
9165: 9198,9166,9127,9128,9197
5764: 5665,5666,5765
5765: 5667,5666,5764
9334: 9356,9448,9617
5767: 5866
5768: 5670,5769,5868
5769: 5670,5770,5768,5868,5869
5770: 5769,5672,5771,5869,5870
5771: 5672,5673,5770,5772,5870,5871
5772: 5674,5773,5673,5771,5871,5872
5773: 5674,5675,5772,5774,5872,5873
5774: 5676,5775,5675,5773,5873,5874
5775: 5676,5774,5677,5776,5874,5875
5776: 5678,5775,5677,5875
9269: 9392,4136,4236,9521
5778: 5679
9988: 
5780: 5682,5781
5781: 5683,5780,5682
8776: 8714,8715,8777,8835,8836
5783: 5685,5784,5684,5883,5882
5784: 5685,5783,5686,5883,5884
9717: 9709,9700
5786: 5687,5688,5787,5885,5886
5787: 5688,5689,5786,5788,5886,5887
5788: 5789,5689,5787,5887,5888
5789: 5691,5788,5790,5888,5889
5790: 5692,5791,5789,5691,5889,5890
5791: 5692,5693,5790,5792,5890,5891
5792: 5793,5693,5791,5891,5892
5793: 5792,5794,5695,5892,5893
5794: 5795,5695,5793,5893,5894
5795: 5794,5796,5894,5895
5796: 5697,5795,5895
5797: 5699,5798,5698,5897
5798: 5699,5700,5797,5897,5898
9526: 9370,9570,9330
5800: 5701,5702,5801,5899
5801: 5702,5703,5800,5901
9492: 9057,9056,9581,9099
9666: 
5804: 5705,5706,5805,5903,5904
5805: 5706,5707,5806,5804,5904
5806: 5707,5805,5708,5807,5906
5807: 5708,5709,5806,5808,5906
5808: 5710,5709,5807,5907
5809: 5711,5810,5908,5909
5810: 5711,5712,5809,5909,5910
9250: 9481,9279
5812: 5713,5714,5813,5911,5912
5813: 5715,5714,5812,5912,5913
9414: 1,0
5815: 5816,5716
5816: 5815,5817,5718,5916
5817: 5818,5719,5718,5816,5916,5917
5818: 5719,5817,5720,5819,5917,5918
5819: 5720,5721,5820,5818,5918,5919
5820: 5721,5819,5722,5919,5920
5821: 
5822: 5724,5823,5723,5921,5922
5823: 5724,5725,5822,5922,5923
5824: 
5825: 5727,5826,5925
5826: 5827,5728,5825,5925,5926
5827: 5826,5828,5926,5927
5828: 5827,5829,5927,5928
5829: 5830,5828,5928,5929
5830: 5731,5829,5929,5930
9576: 1014,938,9283,865,940,939
5832: 5733,5833,5931
5833: 5734,5834,5832,5933
5834: 5833,5835,5933
5835: 5836,5737,5834
5836: 5737,5835,5837,5936
5837: 5739,5836,5936,5937
8735: 8795,8674,8673,8734
5839: 5740,5840,5938,5939
5840: 5839,5742,5841,5939,5940
5841: 5742,9583,9452,5840,5940
5842: 5843,5941
5843: 5942,5842,5941,6039
9128: 9129,9087,9127,9165,9166
5845: 
5846: 5944,5746,5747,5847,5945
5847: 5945,5946,5748,5747,5846,5848
5848: 5849,5947,5748,5847,5946
5849: 5948,5947,5848,5750,5850
5850: 5851,5949,5750,5751,5849,5948
5851: 5949,5850,5751,5752,5852
5852: 5951,5752,5753,5851
9586: 466,467,9281
5854: 5855,5953,5754,5755
5855: 5854,5953,5755,5756,5856
5856: 5955,5757,5756,5855
9431: 9566,9324,9288,9464
5858: 5956,5957,5758,5859
5859: 5760,5858,5957
9830: 9674,9956
10020: 
5862: 5961,5762
9007: 9055,9448,9617,8954,8955,9008
9668: 9726,9784
5865: 5866,5963,5964
5866: 5865,5964,5767,5965
8972: 9020,8973,8919,9021
5868: 5869,5967,5768,5769,5966
5869: 5868,5967,5968,5770,5769,5870
5870: 5871,5770,5771,5869,5968
5871: 5870,5771,5772,5872,5970
5872: 5873,5970,5971,5772,5773,5871
5873: 5872,5971,5773,5774,5874,5972
5874: 5972,5973,5774,5775,5873,5875
5875: 5876,5775,5776,5874,5973
5876: 5875,5975
9629: 9297,9600,9556
5878: 5977,5879
5879: 5978,5977,5878
9953: 9687,9783,9833
9346: 9484,9376
5882: 5883,5981,5783,5980
5883: 5981,5982,5882,5783,5784,5884
5884: 5885,5983,5784,5883,5982
5885: 5884,5983,5786,5886
5886: 5887,5985,5786,5787,5885
5887: 5886,5985,5787,5788,5888,5986
5888: 5889,5986,5987,5789,5788,5887
5889: 5888,5987,5789,5790,5890,5988
5890: 5988,5891,5790,5791,5889
5891: 5890,5791,5792,5892
5892: 5991,5793,5792,5891,5893
5893: 5894,5992,5793,5794,5892,5991
5894: 5893,5992,5993,5795,5794,5895
5895: 5994,5795,5796,5894,5993
9702: 9886,9832
5897: 5898,5996,5797,5798,5995
5898: 5897,5996,5798,5997
5899: 5800
8760: 8698,8699
5901: 6000,5999,5801,5902
5902: 5903,6001,6000,5901
5903: 5902,6001,5804,5904
5904: 6003,5804,5805,5903
9349: 9391,9381
5906: 6004,5806,5807
5907: 5908,6006,5808,6005
5908: 6006,6007,5907,5809,5909
5909: 5910,6008,5809,5810,5908,6007
5910: 5909,6008,5810,5911,6009
5911: 5912,6010,6009,5812,5910
5912: 5911,6010,5812,5813,5913,6011
5913: 6012,6011,5813,5912
8623: 8624,8556,8622,8686,8687
8631: 8564,8630,8565,8632,8694,8695
5916: 5917,6015,5816,5817
5917: 5916,6015,6016,5818,5817,5918
5918: 5919,5818,5819,5917,6016
5919: 5918,6018,5819,5820,5920
5920: 5921,5820,5919,6018
5921: 5920,5822,5922
5922: 5923,5822,5823,5921
5923: 5922,6021,5823
8886: 8940,8887,8830,8829,8885
5925: 5926,6024,5825,5826,6023
5926: 5925,6024,6025,5827,5826,5927
5927: 5928,6026,5827,5828,5926,6025
5928: 5927,6026,5828,5829,5929,6027
5929: 5930,6027,6028,5830,5829,5928
5930: 5929,6028,5830,5931,6029
5931: 6030,6029,5832,5930
8649: 8582,8648,8583,8650,8712
5933: 6031,6032,5833,5834
8904: 8905,9419,8847,8848,8903,8957
8808: 8865,8864,8809,8749,8748,8807
5936: 5937,6035,5836,5837,6034
5937: 5936,6035,6036,5837,5938
5938: 5939,6037,5839,5937,6036
5939: 5938,6037,6038,5840,5839,5940
5940: 9401,5840,5841,5939,6038
5941: 6039,5842,5843,9306
5942: 5843,6039,5943
5943: 5944,6041,5942,6039,6040
5944: 5846,5943,6041,5945,6042
5945: 5847,6043,5946,6042,5846,5944
5946: 5847,6043,5945,5947,5848
5947: 5849,5948,5848,5946,6045
5948: 5849,5947,5949,5850,6045,6046
5949: 5851,5850,5948,6047,6046
5950: 
5951: 5852,6048,6049
8915: 8914,8861,8916,8968
5953: 5854,5855,6051
9829: 
5955: 5856,5956
5956: 5858,5957,6054,5955
5957: 5858,5956,6054,5859,6055
5958: 5959,6055,6056
5959: 5958,5960,6056,6057
5960: 5961,5959,6057,6058
5961: 5960,5862,5962,6059
5962: 5961,5963,6059
5963: 5865,5964,5962,6061
5964: 5865,5866,5963,6061,6062
5965: 5966,5866,6063,6062
5966: 5965,5868,5967,6063,6064
5967: 5868,5869,5968,5966,6064,6065
5968: 5869,5967,5870,6065,6066
9851: 
5970: 5872,5971,5871,6067,6068
5971: 5872,5873,5970,5972,6068,6069
5972: 5874,5973,5873,5971,6069
5973: 5874,5972,5875,6071
8790: 8665,8729,8664,8727,8789,8850
5975: 5876,6072,6073
9591: 10032,9582
5977: 5878,5879,5978,6074,6075
5978: 5879,5977,6076,6075,6173
5979: 5980,6076,6077
5980: 5979,5981,5882,6077,6078
5981: 5883,5982,5882,5980,6079,6078
5982: 5883,5981,5884,5983,6080,6079
5983: 5884,5885,6080,6081,5982
9173: 9340,9285,9135,9172
5985: 5886,5887,6083,6082,5986
5986: 5888,5987,6084,5887,5985,6083
5987: 5888,5889,5986,6084,5988,6085
5988: 5890,5889,5987,6085,6086
5989: 
9684: 
5991: 5892,5893,5992,6088,6089
5992: 5893,5894,5993,5991,6089,6090
5993: 5894,5992,5895,5994,6090,6091
5994: 5895,5995,5993,6091
5995: 5994,5897,5996,6093
5996: 5897,5898,5995,5997,6093
5997: 5898,5996,6094
9864: 9688
5999: 6000,5901
6000: 5901,5999,5902,6001,6098
6001: 5902,5903,6000,6098,6099
9040: 9041,8992,9039,8991,9084,9085
6003: 5904,6004,6100
6004: 5906,6102,6003,6101
6005: 6102,6006,5907
6006: 5908,6007,5907,6005
6007: 5908,6006,5909,6008,6105
6008: 5909,5910,6007,6009,6105,6106
6009: 5911,6010,5910,6008,6106
6010: 5911,5912,6009,6011,6108
6011: 5913,6012,5912,6010,6108,6109
6012: 5913,6011,6013,6109,6110
6013: 6012,6110
9822: 9662,10001
6015: 5916,5917,6016,6113
6016: 5917,6015,5918,6113,6114
9025: 9024,8976,9026,8977,9069,9070
6018: 5919,5920
9368: 9177,9596,9497
9372: 2,9247,9528
6021: 5923,6022,6118,6119
6022: 6023,6021,6120,6119
6023: 6022,5925,6024,6120,6121
6024: 5925,5926,6025,6023,6121,6122
6025: 5926,6024,5927,6026,6122,6123
6026: 5927,5928,6025,6027,6123,6124
6027: 5929,6028,5928,6026,6124,6125
6028: 5929,5930,6027,6029,6125,6126
6029: 5931,6030,5930,6028,6126,6127
6030: 5931,6029,6031,6127,6128
6031: 5933,6032,6030,6128,6129
6032: 5933,6031,6033,6129,6130
6033: 6034,6032,6130
6034: 6033,5936,6035,6132
6035: 5936,5937,6036,6034,6132,6133
6036: 5937,6035,5938,6037,6133
6037: 5938,5939,6038,6135,6036
6038: 5939,6037,6135,5940,9401
6039: 5941,6040,9265,5843,5942,5943
6040: 6039,9265,5943,6041,6137,6138
6041: 5944,5943,6040,6042,6139,6138
6042: 6043,5945,5944,6041,6139
6043: 5945,5946,6042
9971: 10043,9930
6045: 6143,6142,5948,5947,6046
6046: 6047,6144,5948,5949,6045,6143
6047: 6144,6145,6046,5949,6048
6048: 6049,5951,6047,6145
6049: 6048,5951
9360: 9249,9583,9452
6051: 6148,5953
6052: 6150,6149,6151
8621: 8555,8622,8554,8620,8684,8685
6054: 5956,5957,6055,6151
6055: 5958,5957,6054,6056
6056: 6154,6153,5959,5958,6055,6057
6057: 6058,6155,5959,5960,6154,6056
6058: 6057,6155,6156,5960,6059
6059: 6157,5961,5962,6058
9570: 9370,9526,9506,9330
6061: 5963,5964
6062: 6063,6160,5964,5965
6063: 6160,6161,6062,5966,5965,6064
6064: 6065,6162,5966,5967,6063,6161
6065: 6064,6162,6163,5967,5968,6066
6066: 6067,6164,5968,6065,6163
6067: 6066,6164,5970,6068,6165
6068: 6069,6165,6166,5970,5971,6067
6069: 6068,6166,5971,5972
9541: 9411,3142
6071: 6168,5973,6072,6169
6072: 6169,5975,6071,6073
6073: 6074,6171,5975,6072
6074: 6073,6171,6172,5977,6075
6075: 6173,6270,5977,5978,6074,6172
6076: 5979,5978,6173,6077
6077: 5979,5980,6076,6078
6078: 6079,6176,5980,5981,6077
6079: 6176,6177,6078,5981,5982,6080
6080: 5983,6081,5982,6079,6177
6081: 5983,6080,6082,6179
6082: 5985,6083,6081,6179,6180
6083: 5985,6082,5986,6084,6180
6084: 5986,5987,6083,6182,6085
6085: 6182,5987,6084,5988,6086,6183
6086: 6183,5988,6085
8935: 8936,8882,8881,8987,8988
6088: 6185,6186,5991,6089
6089: 6090,5991,5992,6088,6186
6090: 6089,6188,5992,5993,6091
6091: 6189,5993,5994,6090,6188
8861: 8914,8805,8915,8860
6093: 6191,5995,5996,6190
6094: 6191,5997,6095
6095: 6193,6094
9577: 9358,9493,9536,9268
9069: 9068,9110,9111,9025,9024,9070
6098: 6099,6196,6000,6001,6195
6099: 6098,6196,6001
6100: 6101,6198,6003
6101: 6100,6198,6004,6102,6199
6102: 6005,6004,6101,6200
9495: 9530,655,527,9365
8938: 8937,8885,8884,8990,8991
6105: 6106,6007,6008,6202
6106: 6105,6008,6009,6204
9727: 9939,9789
6108: 6205,6010,6011,6109,6206
6109: 6110,6206,6207,6012,6011,6108
6110: 6109,6207,6012,6013,6208
9311: 9367,9539,9410,9578
6112: 6209,6113,6210
6113: 6211,6210,6015,6016,6112,6114
6114: 6212,6016,6211,6113
9878: 9819
9915: 
6117: 6214,6118,6215
6118: 6216,6215,6021,6117,6119
6119: 6120,6217,6021,6022,6118,6216
6120: 6217,6218,6119,6023,6022,6121
6121: 6122,6219,6023,6024,6120,6218
6122: 6121,6219,6220,6024,6025,6123
6123: 6124,6025,6026,6122,6220
6124: 6123,6026,6027,6125,6222
6125: 6126,6222,6223,6027,6028,6124
6126: 6125,6223,6028,6029,6127,6224
6127: 6128,6224,6225,6030,6029,6126
6128: 6127,6225,6030,6031,6129,6226
6129: 6226,6227,6130,6031,6032,6128
6130: 6129,6227,6032,6033,6228
6131: 
6132: 6133,6034,6035,6229
6133: 6132,6231,6035,6036
8624: 8558,8623,8625,8687,8688
6135: 6037,6038
6136: 9305,6137,6235,6331,9533
6137: 9305,6136,6040,9265,6138,6235
6138: 6139,6236,6235,6040,6041,6137
6139: 6138,6236,6041,6042,6140
6140: 6139,6236,6237,6238
9004: 9053,9005,8951,9003,9052
6142: 6045,6143,6240,6239
6143: 6045,6142,6144,6046,6240,6241
6144: 6047,6145,6046,6242,6143,6241
6145: 6047,6144,6242,6048
10005: 9664
6147: 6148,6244,6245
6148: 6147,6051,6149,6245,6246
6149: 6052,6150,6148,6246,6247
6150: 6052,6149,6151,6247,6248
6151: 6054,6052,6150
9832: 9886,9702
6153: 6154,6056,6251
6154: 6056,6153,6057,6155,6251,6252
6155: 6057,6058,6156,6154,6252,6253
6156: 6058,6155,6157,6253,6254
6157: 6059,6156
9544: 9386
9380: 
6160: 6063,6161,6062,6258,6257
6161: 6063,6160,6064,6162,6258,6259
6162: 6064,6065,6163,6161,6259,6260
6163: 6065,6162,6066,6164,6260,6261
6164: 6066,6067,6163,6165,6261,6262
6165: 6068,6166,6067,6164,6262,6263
6166: 6068,6069,6165,6263,6264
9461: 9263
6168: 6071,6169,6265,6266
6169: 6072,6168,6071,6266
6170: 
6171: 6073,6074,6172,6268,6269
6172: 6074,6171,6075,6270,6269
6173: 6075,6271,6270,5978,6076
9631: 9274,7774,7858,7857,9253
9262: 
6176: 6079,6177,6078,6274
6177: 6079,6176,6080,6274,6275
8633: 8632,8567,8634,8696,8697
6179: 6276,6081,6082,6277,6180
6180: 6278,6277,6083,6082,6179
6181: 
6182: 6280,6085,6084,6183
6183: 6086,6281,6280,6182,6085
8824: 8881,8880,8764,8765,8823
6185: 6088,6186,6283,6282
6186: 6088,6185,6089,6283,6284
9527: 10,9439,9473,9324,11,9428
6188: 6090,6091,6189,6286,6285
6189: 6091,6287,6190,6286,6188
6190: 6189,6287,6093,6288,6191
6191: 6093,6094,6288,6190
8720: 8719,8781,8656,8721,8782
6193: 6095,6194,6290,6291
6194: 6195,6193,6291,6292
6195: 6194,6098,6196,6292,6293
6196: 6098,6099,6195,6293
9665: 9737,9874
6198: 6100,6101,6199,6295
6199: 6200,6101,6198,6297
6200: 6298,6199,6102
6201: 6202,6298,6299
6202: 6201,6105,6299
9278: 
6204: 6205,6302,6106
6205: 6303,6108,6302,6204,6206
6206: 6109,6207,6303,6108,6205
6207: 6109,6110,6206,6208
6208: 6209,6110,6207,6305
6209: 6112,6208,6210,6307
6210: 6211,6113,6112,6209,6307,6308
6211: 6113,6210,6114,6212,6308
6212: 6114,6213,6211,6310
6213: 6212,6311,6310
6214: 6117,6311,6312,6215
6215: 6118,6216,6313,6214,6117,6312
6216: 6118,6215,6313,6217,6119,6314
6217: 6120,6218,6119,6216,6314,6315
6218: 6120,6217,6121,6219,6315,6316
6219: 6121,6122,6220,6218,6316,6317
6220: 6122,6219,6123,6317
9297: 9202,9600,9203,9317,9629,9556
6222: 6125,6223,6124,6319,6320
6223: 6125,6126,6222,6224,6320,6321
6224: 6127,6225,6126,6223,6321,6322
6225: 6127,6128,6224,6226,6322,6323
6226: 6129,6227,6128,6225,6323
6227: 6129,6226,6130,6228
6228: 6229,6227,6130,6326
6229: 6228,6132,6326,6327
9794: 
6231: 6133,6328,6329
9353: 9356,9592,9437
9404: 9350
9304: 2848,2945,2753
6235: 6138,6236,6137,6136,9533,9394
6236: 6139,6138,6235,6140,6237,9394
6237: 6427,9394,6236,6140,6238
6238: 6335,6140,6237,6239
6239: 6240,6336,6142,6238,6335
6240: 6337,6336,6239,6143,6142,6241
6241: 6338,6143,6144,6242,6240,6337
6242: 6144,6145,6241,6338,6243
6243: 6242,6339
6244: 6147,6245,6341
6245: 6246,6342,6341,6147,6148,6244
6246: 6245,6342,6148,6149,6247
6247: 6248,6344,6150,6149,6246
6248: 6247,6344,6150,6249
6249: 6346,6248
9549: 10018
6251: 6348,6347,6154,6153,6252
6252: 6253,6349,6154,6155,6348,6251
6253: 6252,6349,6350,6155,6156,6254
6254: 6351,6156,6253,6350
8765: 8703,8704,8764,8766,8824
6256: 6257
6257: 6354,6258,6256,6160
6258: 6354,6355,6257,6160,6161,6259
6259: 6260,6356,6161,6162,6355,6258
6260: 6259,6356,6357,6162,6163,6261
6261: 6262,6358,6163,6164,6260,6357
6262: 6261,6358,6164,6165,6263,6359
6263: 6264,6359,6360,6165,6166,6262
6264: 6263,6360,6166,6265,6361
6265: 6361,6266,6168,6264
6266: 6265,6168,6169,6363
9151: 9184,9183,9114,9150
6268: 6171,6365,6269
6269: 6365,6171,6172,6268
6270: 6075,6271,6173,6172
6271: 6173,6270,6272
6272: 6271,6369
9194: 9162,9193,9161,9220,9242
6274: 6370,6371,6176,6177,6275
6275: 6372,6177,6276,6274,6371
6276: 6179,6277,6275
6277: 6278,6180,6276,6179,6374
6278: 6277,6180,6374,6279
6279: 6376,6278,6280,6375
6280: 6182,6281,6183,6279,6377
6281: 6183,6280,6377
6282: 6283,6379,6185,6378
6283: 6379,6380,6282,6185,6186,6284
6284: 6285,6381,6186,6283,6380
6285: 6284,6381,6188,6286
6286: 6189,6287,6188,6285,6383
6287: 6189,6190,6286,6288,6383
6288: 6191,6287,6190,6385
9875: 9649
6290: 6386,6387,6193,6291
6291: 6292,6388,6193,6194,6290,6387
6292: 6291,6388,6389,6195,6194,6293
6293: 6390,6195,6196,6292,6389
9428: 11,12,9611,9566,9324,9527
6295: 6392,6391,6198
9464: 9473,9288,9324,9431
6297: 6393,6199
6298: 6200,6201
6299: 6202,6201,6300
6300: 6397,6396,6299
9714: 9753,9768
6302: 6303,6205,6204,6399,6398
6303: 6205,6302,6206,6399
9111: 9110,9069,9112,9070,9148,9149,9181
6305: 6401,6208,6402
9602: 9523,5143,9454
6307: 6403,6209,6210,6308,6404
6308: 6405,6404,6211,6210,6307
9606: 9389,9267
6310: 6407,6406,6213,6212
6311: 6214,6312,6213,6408
6312: 6214,6311,6215,6313,6408,6409
6313: 6216,6215,6312,6314,6409,6410
6314: 6410,6216,6313,6217,6315
6315: 6412,6217,6218,6314,6316
6316: 6317,6413,6218,6219,6315,6412
6317: 6316,6413,6414,6219,6220
9284: 8957,9419,9009
6319: 6415,6222,6320,6416
6320: 6321,6416,6417,6222,6223,6319
6321: 6320,6417,6223,6224,6322,6418
6322: 6323,6418,6419,6224,6225,6321
6323: 6322,6419,6225,6226,6420
6324: 
9921: 
6326: 6423,6422,6229,6228,6327
6327: 6328,6424,6229,6423,6326
6328: 6327,6424,6425,6231,6329
6329: 6426,6330,6231,6328,6425
6330: 6426,6329
6331: 6136
9369: 9323,9626,45,46
9279: 9481,9254,9250,9320
8807: 8806,8747,8748,8808,8864
6335: 6238,6336,6239,6431
6336: 6240,6337,6432,6239,6335,6431
6337: 6240,6336,6432,6241,6338,6433
6338: 6241,6339,6433,6242,6337
6339: 6338,6243,6434,6435
9209: 9355,9182,9208,9183
6341: 6245,6342,6244,6436,6437
6342: 6245,6246,6341,6437,6438
6343: 
6344: 6247,6248,6439,6440
9005: 9053,9004,9054,9055
6346: 6249,6347,6441,6442
6347: 6348,6251,6346,6442,6443
6348: 6251,6347,6252,6349,6443,6444
6349: 6252,6253,6350,6348,6444
6350: 6253,6349,6254,6351,6446
6351: 6254,6350,6446,6447
10004: 9770
8723: 8659,8660,8724,8722,8784,8785
6354: 6449,6355,6450,6258,6257
6355: 6354,6450,6258,6259,6356,6451
6356: 6259,6260,6357,6451,6452,6355
6357: 6260,6356,6452,6261,6358,6453
6358: 6261,6262,6453,6454,6357,6359
6359: 6263,6360,6455,6262,6358,6454
6360: 6263,6264,6359,6455,6456,6361
6361: 6265,6457,6264,6360,6456
9227: 9199,9200,9225,9226
6363: 6266,6459
9191: 9192,9158,9159,9190,9217,9218
6365: 6269,6268,6460
9914: 10016,9906
8960: 9568,9625,9641,8959,8908,8961
9905: 
6369: 6272,6370
6370: 6274,6371,6369
6371: 6274,6370,6275,6372,6467
6372: 6275,6371,6467,6468
9922: 9814,9955
6374: 6375,6278,6277
6375: 6374,6279,6376,6471
6376: 6279,6377,6375,6471,6472
6377: 6376,6280,6281
6378: 6379,6282,6474
6379: 6283,6380,6282,6474,6475,6378
6380: 6283,6379,6475,6284,6381
6381: 6284,6285,6380
8779: 8717,8718,8778,8838,8839
6383: 6287,6286
9843: 9856,9934
6385: 6481,6288,6480
6386: 6290,6387,6481,6482
6387: 6290,6386,6291,6388,6483,6482
6388: 6291,6292,6389,6484,6483,6387
6389: 6292,6388,6484,6293,6390
6390: 6293,6389,6391
6391: 6295,6392,6390
6392: 6295,6391,6393,6487
6393: 6297,6392,6488,6489
6394: 
9983: 
6396: 6300,6397,6491,6493
6397: 6300,6396,6398,6493
6398: 6399,6302,6397
6399: 6398,6303,6302
8918: 8970,8865,8864,8917,8919
6401: 6305,6402,6497
6402: 6403,6401,6305,6497,6498
6403: 6307,6402,6404,6498,6499
6404: 6405,6308,6307,6403,6499
6405: 6308,6404,6406
6406: 6407,6310,6405,6502
6407: 6310,6406,6502
6408: 6504,6311,6312,6409
6409: 6505,6410,6312,6313,6408,6504
6410: 6505,6314,6409,6313
9863: 9749
6412: 6315,6316,6413,6508
6413: 6316,6317,6414,6508,6412,6509
6414: 6317,6413,6415,6509,6510
6415: 6319,6414,6416,6510
6416: 6320,6417,6512,6415,6319
6417: 6320,6321,6416,6512,6513,6418
6418: 6322,6419,6514,6321,6417,6513
6419: 6322,6323,6418,6515,6514,6420
6420: 6421,6516,6323,6419,6515
6421: 6420,6516,6517,6422
6422: 6423,6326,6518,6421,6517
6423: 6326,6422,6518,6327,6424,6519
6424: 6327,6328,6425,6519,6520,6423
6425: 6328,6424,6520,6426,6329,6521
6426: 6330,6329,6521,6425
6427: 6237,9394,9455,6429
8667: 8731,8601,8730,8666
6429: 6427,6524
9167: 9200,9168,9129,9130,9199,9166
6431: 6527,6335,6336,6432,6526
6432: 6337,6336,6433,6431,6528,6527
6433: 6338,6337,6432,6528,6434
6434: 6529,6530,6339,6433,6435
6435: 6436,6531,6339,6434,6530
6436: 6435,6531,6341,6437
6437: 6438,6533,6342,6341,6436
6438: 6437,6533,6342,6439,6534
6439: 6440,6534,6535,6344,6438
6440: 6439,6535,6344,6441
6441: 6537,6346,6440,6442
6442: 6443,6346,6347,6441,6537
6443: 6442,6539,6348,6347,6444
6444: 6540,6348,6349,6443,6539
9108: 9109,9067,9066,9145
6446: 6447,6542,6350,6351,6541
6447: 6446,6542,6351
6448: 6449
6449: 6354,6450,6448,6545
6450: 6449,6354,6355,6451,6545,6546
6451: 6356,6452,6355,6450,6546,6547
6452: 6356,6357,6451,6453,6547,6548
6453: 6358,6454,6357,6452,6548,6549
6454: 6358,6453,6359,6455,6549,6550
6455: 6359,6360,6456,6454,6550,6551
6456: 6360,6455,6361,6457,6551,6552
6457: 6361,6456,6552,6553
6458: 
6459: 6554,6555,6460,6363
6460: 6459,6555,6365
6461: 6556,6462,6557
6462: 6463,6558,6557,6461
6463: 6462,6558,6464,6559
6464: 6465,6559,6560,6463
6465: 6464,6560,6561
8909: 8856,8908,8962,8961
6467: 6562,6371,6372,6468
6468: 6564,6372,6467
10023: 9965
9646: 9723
6471: 6472,6566,6567,6375,6376
6472: 6471,6567,6376,6568
10002: 
6474: 6379,6475,6378,6569,6570
6475: 6379,6380,6474,6571,6570
9625: 9568,8960,9641,9391
9402: 9499,9465
6478: 6574,6573
9425: 9597,9396,3735,9374,9332,3835
6480: 6576,6385,6481
6481: 6385,6386,6480
6482: 6386,6387,6483
6483: 6388,6484,6387,6482,6579
6484: 6388,6389,6483,6579
6485: 
6486: 
6487: 6488,6583,6582,6392
6488: 6487,6583,6393,6489
6489: 6585,6393,6488,6490
6490: 6491,6586,6489,6585
6491: 6586,6587,6490,6396
8856: 8909,8799,8857
6493: 6588,6397,6396
8711: 8710,8772,8647,8648,8712
10000: 9797,9689
8881: 8824,8882,8935
6497: 6592,6401,6402,6498,6593
6498: 6593,6594,6499,6402,6403,6497
6499: 6498,6594,6403,6404,6595
9288: 9464,9431
8982: 8981,9030,8929,8930,8983,9031
6502: 6597,6407,6406
9969: 
6504: 6408,6505,6409,6600
6505: 6409,6410,6504,6600
6506: 6507,6602
6507: 6602,6603,6506,6508
6508: 6413,6412,6507,6604,6509
6509: 6605,6604,6413,6414,6508,6510
6510: 6606,6414,6415,6605,6509
9713: 
6512: 6416,6417,6513,6607,6608
6513: 6417,6512,6418,6514,6608,6609
6514: 6418,6419,6515,6513,6609,6610
6515: 6419,6514,6420,6516,6610,6611
6516: 6420,6421,6517,6515,6611,6612
6517: 6421,6516,6422,6518,6612,6613
6518: 6423,6422,6517,6519,6614,6613
6519: 6424,6520,6423,6518,6614,6615
6520: 6424,6425,6519,6521,6615
6521: 6426,6425,6520,6617
9641: 8960,9625,9010,8961
6523: 9578,6524,6618,6619,6620
6524: 6523,6429,6525,6620
6525: 6526,6524,6622,6716,6620
6526: 6525,6431,6527,6622
6527: 6431,6528,6623,6622,6432,6526
6528: 6527,6623,6432,6433,6529
6529: 6434,6530,6528,6625,6624
6530: 6434,6529,6435,6531,6625,6626
6531: 6435,6436,6530,6626,6627
9816: 
6533: 6437,6438,6534,6628,6629
6534: 6439,6535,6438,6533,6629,6630
6535: 6439,6440,6534,6630,6631
10032: 9591,9375,9582
6537: 6441,6632,6442
9140: 9444,9141,9102,9103,9139,9407
6539: 6443,6444,6540,6634,6635
6540: 6444,6541,6539,6635,6636
6541: 6540,6446,6542,6636,6637
6542: 6446,6447,6541,6637,6638
9901: 10035,9941,9658
8922: 8868,8869,8923,8921,8975
6545: 6641,6546,6449,6450
6546: 6641,6545,6450,6451,6642,6547
6547: 6643,6642,6548,6451,6452,6546
6548: 6643,6547,6452,6453,6549
6549: 6453,6454,6548,6550,6645
6550: 6646,6551,6454,6455,6549,6645
6551: 6647,6646,6550,6455,6456,6552
6552: 6553,6648,6456,6457,6647,6551
6553: 6649,6552,6648,6457,6554
6554: 6650,6459,6555,6649,6553
6555: 6650,6459,6554,6460
6556: 6461,6557,6651,6652
6557: 6462,6558,6556,6461,6652,6653
6558: 6462,6463,6557,6559,6653,6654
6559: 6464,6560,6463,6558,6654
6560: 6464,6465,6559,6561,6656
6561: 6562,6465,6560,6656,6657
6562: 6467,6561,6657,6658
6563: 
6564: 6468,6659,6660
6565: 6566,6661,6660
6566: 6471,6567,6565,6661,6662
6567: 6471,6472,6566,6568,6662
6568: 6664,6472,6567
6569: 6664,6474,6570,6665
6570: 6571,6474,6475,6569
6571: 6570,6475,6572
6572: 6573,6571
6573: 6572,6478,6574,6668,6669
6574: 6478,6575,6573,6669,6670
6575: 6574,6576,6670,6671
6576: 6480,6575,6671,6672
10010: 9810
9400: 9531
6579: 6484,6483
9697: 9679
6581: 6676,6582
6582: 6487,6583,6581
6583: 6487,6488,6582,6679
9166: 9199,9198,9165,9129,9128,9167
6585: 6489,6586,6490,6680,6681
6586: 6491,6587,6490,6585,6681,6682
6587: 6491,6586,6588,6682,6683
6588: 6493,6587,6683
9812: 9743,9980
6590: 6591,6685,6686
6591: 6592,6590,6686
6592: 6688,6497,6591,6593
6593: 6498,6594,6689,6688,6497,6592
6594: 6498,6593,6689,6499,6690,6595
6595: 6596,6691,6594,6499,6690
6596: 6691,6595,6597
6597: 6502,6598,6596
6598: 6597,6693,6694
6599: 6600,6694,6695
6600: 6504,6505,6599
9564: 9504
6602: 6507,6603,6506,6697
6603: 6507,6602,6604,6699
6604: 6700,6605,6509,6508,6603
6605: 6700,6604,6509,6510,6701
6606: 6510,6701,6702,6607
6607: 6703,6608,6512,6606,6702
6608: 6704,6703,6607,6512,6513,6609
6609: 6705,6610,6513,6514,6704,6608
6610: 6706,6705,6609,6515,6514,6611
6611: 6612,6515,6516,6706,6610
6612: 6708,6611,6516,6517,6613
6613: 6709,6614,6517,6518,6708,6612
6614: 6709,6613,6518,6519,6710,6615
6615: 6710,6711,6519,6520,6614
6616: 
6617: 6712,6521
6618: 9367,9578,6523,6713
6619: 6523
6620: 6523,6524,6525
9220: 9240,9219,9193,9194,9242,9615
6622: 6527,6623,6526,6525,6716,6810
6623: 6528,6527,6622,6718,6624
6624: 6625,6719,6623,6529,6718
6625: 6719,6720,6624,6529,6530,6626
6626: 6627,6721,6530,6531,6625,6720
6627: 6626,6721,6531,6628,6722
6628: 6629,6723,6722,6533,6627
6629: 6628,6723,6533,6534,6630,6724
6630: 6725,6724,6631,6534,6535,6629
6631: 6630,6725,6535,6632,6726
6632: 6537,6631,6726,6727
6633: 
6634: 6729,6728,6539,6635
6635: 6636,6539,6540,6729,6634
6636: 6731,6635,6541,6540,6637
6637: 6638,6732,6541,6542,6731,6636
6638: 6637,6732,6733,6542
6639: 6734,6640
6640: 6735,6641,6639,6734
6641: 6545,6546,6642,6640
6642: 6643,6547,6641,6546
6643: 6642,6547,6548
8698: 8760,8697,8634,8635,8699
6645: 6549,6646,6550
6646: 6647,6550,6551,6645,6741
6647: 6646,6551,6552,6648,6741
6648: 6649,6552,6553,6647,6742
6649: 6553,6648,6650,6554
6650: 6554,6555,6649,6744
6651: 6652,6746,6556,6745
6652: 6651,6746,6556,6557,6653
6653: 6654,6748,6558,6557,6652
6654: 6653,6748,6558,6559,6749
9793: 9782,9907
6656: 6560,6561,6657,6751
6657: 6751,6752,6658,6561,6562,6656
6658: 6657,6752,6562,6753,6659
6659: 6753,6564,6658,6660
6660: 6755,6564,6565,6659
6661: 6755,6565,6566,6662,6756
6662: 6757,6756,6566,6567,6661
8683: 8684,8745,8619,8620,8682,8744
6664: 6568,6569,6665
6665: 6759,6569,6664,6760
9977: 10031
9013: 9014,9012,8964,9057,9100
6668: 6763,6573,6669
6669: 6670,6764,6573,6574,6763,6668
6670: 6669,6764,6575,6574,6671
6671: 6672,6766,6575,6576,6670
6672: 6671,6766,6576,6767
9525: 8324,8397,9518,8468,9466,9559
6674: 6768,6769
9783: 9687,9953,9833
6676: 6581
9788: 9940
9672: 
6679: 6773,6583,6680,6774
6680: 6681,6774,6775,6585,6679
6681: 6680,6775,6585,6586,6682,6776
6682: 6776,6777,6586,6587,6681,6683
6683: 6778,6587,6588,6682,6777
9073: 9114,9072,9028,9029,9115,9074
6685: 6780,6590,6779
6686: 6780,6590,6591,6781
9101: 9102,9060,9059,9634,9139
6688: 6592,6593,6689,6783
6689: 6593,6594,6690,6688,6784,6783
6690: 6594,6689,6691,6595,6784,6785
6691: 6596,6595,6690,6785,6786
6692: 
6693: 6787,6598,6788
6694: 6695,6789,6788,6598,6599
6695: 6694,6789,6599,6696,6790
6696: 6697,6790,6791,6695
6697: 6696,6791,6602
9296: 1245,1244,9443
6699: 6794,6603,6700,6793
6700: 6605,6604,6699
6701: 6606,6702,6605
6702: 6701,6606,6703,6607,6797
6703: 6704,6607,6608,6702,6797
6704: 6703,6608,6705,6609,6799
6705: 6706,6609,6610,6704,6799,6800
6706: 6705,6610,6611,6800,6801
6707: 6802
6708: 6612,6709,6613,6802,6803
6709: 6614,6613,6708,6710,6804,6803
6710: 6711,6615,6709,6614,6804,6805
6711: 6710,6615,6712,9494,6805
6712: 6617,6711,9494
6713: 6618,6807
9593: 9379,9252,9588,9622
10026: 
6716: 6809,6525,6622,6810
9477: 9205,9453,9290,9467
6718: 6810,6811,6623,6719,6624
6719: 6625,6720,6624,6813,6718
6720: 6625,6719,6813,6626,6721
6721: 6626,6627,6815,6720,6722
6722: 6628,6723,6816,6627,6721,6815
6723: 6628,6629,6817,6816,6722,6724
6724: 6630,6725,6818,6629,6723,6817
6725: 6630,6724,6818,6631,6726
6726: 6727,6820,6632,6725,6631
6727: 6821,6726,6820,6632,6728
6728: 6729,6822,6634,6821,6727
6729: 6822,6728,6634,6635,6823
9580: 9460,9393
6731: 6636,6637,6732
6732: 6637,6638,6733,6731,6826
6733: 6638,6732,6826
6734: 6639,6640,6735,6827,6828
6735: 6640,6736,6734,6829,6828
6736: 6735,6737,6829
6737: 6738,6736,6831
6738: 6737,6831,6832
9066: 9065,9021,9108,9067
9401: 5940,6038
6741: 6835,6647,6646
6742: 6836,6648,6835
9306: 9614,5941,9265,9471,9305
6744: 6745,6837,6838,6650
6745: 6744,6838,6651,6746,6839
6746: 6651,6652,6839,6745
9051: 9003,9052,9050,9002,9095,9096
6748: 6653,6654,6749,6841,6842
6749: 6654,6748,6842,6843
9247: 3,9372,9528,9295,26
6751: 6657,6752,6656,6844,6845
6752: 6657,6751,6658,6753,6846,6845
6753: 6659,6752,6658,6846,6847
9202: 9297,9600,9203,9169,9170,9201
6755: 6848,6661,6849,6660
6756: 6662,6757,6661,6849
6757: 6662,6756,6851
9310: 7777,7859,9458,9508,9643
6759: 6665,6760,6852,6853
6760: 6761,6665,6759,6854,6853
6761: 6760,6854,6855
8955: 8954,8901,9007,9008
6763: 6668,6669,6764,6856,6857
6764: 6669,6670,6763,6857,6858
9171: 9317,9172,9133,9203
6766: 6671,6672,6767
6767: 6768,6672,6766
6768: 6674,6767,6769,6862
6769: 6674,6768,6862
10013: 
6771: 
8913: 8912,8860,8914,8966
6773: 6866,6679,6867,6774
6774: 6680,6775,6679,6773,6867
6775: 6680,6681,6774,6776,6869
6776: 6682,6777,6681,6775,6869
6777: 6682,6776,6683,6778,6871
6778: 6683,6779,6777,6872,6871
6779: 6778,6685,6873,6872
6780: 6685,6686,6873,6781,6874
6781: 6782,6686,6780,6874,6875
6782: 6781,6783,6875,6876
6783: 6784,6688,6689,6782
6784: 6783,6689,6690,6785
6785: 6786,6690,6691,6784
6786: 6785,6691,6787
6787: 6693,6786,6880
6788: 6694,6789,6693,6882
6789: 6694,6695,6788,6790,6882
6790: 6696,6791,6695,6789,6884
6791: 6696,6697,6790,6884,6885
6792: 
6793: 6699,6794,6886
6794: 6699,6793,6888
9995: 9916
6796: 
6797: 6891,6702,6703
9298: 9536,153,197
6799: 6893,6800,6704,6705,6892
6800: 6893,6894,6799,6706,6705,6801
6801: 6802,6706,6894,6800
6802: 6896,6801,6708,6707,6803
6803: 6897,6804,6708,6709,6896,6802
6804: 6897,6803,6898,6709,6710,6805
6805: 9494,6899,6710,6711,6804,6898
9405: 9612,9551,593,658,659
6807: 6900,6713
9343: 
6809: 6716,6902
6810: 6718,6811,6622,6716,6902
6811: 6810,6718,6994,6902,6904
8948: 8895,8949,8894,8947,9000,9001
6813: 6719,6720,6906
8714: 8776,8651,8650,8715
6815: 6721,6816,6722
6816: 6723,6817,6722,6815,6909
6817: 6723,6816,6724,6818,6909,6910
6818: 6725,6724,6817,6910,6911
8844: 8784,8785,8843,8901,8900
6820: 6821,6726,6727,6912
6821: 6727,6820,6822,6728
6822: 6729,6728,6821,6823,6915
6823: 6729,6822,6915,6916
9059: 9100,9634,9014,9015,9101,9060
9531: 9400
6826: 6918,6732,6733
6827: 6920,6919,6734,6828
6828: 6829,6921,6734,6735,6827,6920
6829: 6921,6922,6828,6735,6736
9553: 151,112,9337,9366,9259
6831: 6924,6923,6738,6737,6832
6832: 6833,6925,6738,6924,6831
6833: 6832,6925,6926
9183: 9184,9151,9182,9150,9209
6835: 6741,6836,6742
6836: 6742,6835,6837,6929
6837: 6744,6838,6836,6929,6930
6838: 6745,6837,6744,6839,6931,6930
6839: 6746,6745,6838,6931,6932
6840: 
6841: 6934,6842,6748,6933
6842: 6841,6934,6748,6749,6843,6935
6843: 6844,6935,6749,6842
6844: 6843,6751,6937,6845
6845: 6937,6938,6846,6751,6752,6844
6846: 6938,6845,6752,6753,6939,6847
6847: 6940,6939,6753,6846
6848: 6755,6849,6941
6849: 6848,6755,6756
8797: 8738,8737,8798,8796,8907
6851: 6757,6852
6852: 6945,6944,6851,6759,6853
6853: 6854,6946,6759,6760,6852,6945
6854: 6946,6947,6853,6761,6760,6855
6855: 6948,6856,6761,6854,6947
6856: 6855,6949,6948,6763,6857
6857: 6858,6950,6763,6764,6949,6856
6858: 6857,6950,6764
9721: 9751
9376: 9346,9484
9192: 9191,9159,9193,9160,9218,9219
6862: 6954,6768,6769
9429: 9480
9663: 
6865: 
6866: 6773,6867,6958,6959
6867: 6866,6773,6774,6959,6960
9504: 9237,9238,9560,9564
6869: 6775,6776,6962
8962: 9010,8961,8909,8963,9011
6871: 6872,6964,6777,6778,6963
6872: 6964,6871,6779,6778,6965
6873: 6780,6779,6874,6966,6965
6874: 6966,6780,6873,6781,6875,6967
6875: 6876,6967,6968,6781,6782,6874
6876: 6875,6968,6782,6877,6969
6877: 6969,6970,6876
9729: 
6879: 6972,6971,6880
6880: 6973,6787,6972,6879
9696: 9860,9724
6882: 6974,6975,6789,6788
9077: 9118,9076,9032,9033,9119,9078
6884: 6885,6976,6790,6791
6885: 6884,6791,6886,6978
6886: 6978,6979,6793,6885
8693: 8754,8630,8694,8755
6888: 6980,6981,6794
6889: 6890,6982,6981
6890: 6889,6982,6891,6983
6891: 6892,6797,6890,6984
6892: 6891,6893,6799,6984
6893: 6894,6799,6800,6892,6986
6894: 6893,6800,6801,6986
9125: 9124,9084,9126,9163,9162
6896: 6802,6897,6803,6988,6989
6897: 6804,6803,6898,6896,6990,6989
6898: 6897,6804,6899,6805,6990,6991
6899: 9494,6805,6898,6991,9309
6900: 6807,9377,6992
9986: 
6902: 6994,6809,6810,6811,6993
9883: 
6904: 6994,7085,6811,6995
6905: 
6906: 6998,6813,6997
8924: 8923,8925,8871,8976,8977
8888: 8941,8942,8831,8887,8889
6909: 7000,7001,6817,6816,6910
6910: 7002,6911,6817,6818,7001,6909
6911: 7002,7003,6910,6818,6912
6912: 6820,7003,6911
10018: 9755,9549
6914: 
6915: 6822,6823,6916
6916: 6917,7007,6823,6915
6917: 7008,6916,7007,6918
6918: 7009,6826,7008,6917
6919: 6827,6920,7011,7010
6920: 6827,6919,6921,6828,7011
6921: 6829,6922,6828,6920,7013
6922: 6829,6921,6923,7013,7014
6923: 6924,6831,6922,7014,7015
6924: 6831,6923,6832,6925,7015,7016
6925: 6832,6833,6924,6926,7016,7017
6926: 6927,6833,6925,7017,7018
6927: 6926,7018,7019
9859: 9731
6929: 6836,6837,6930
6930: 7022,6931,6837,6838,6929
6931: 7022,6930,6838,6839,6932,7023
6932: 7024,6933,7023,6839,6931
6933: 7024,6932,6841,6934,7025
6934: 6841,7026,7025,6842,6933,6935
6935: 6843,7027,7026,6934,6842
9751: 9721
6937: 6938,7029,6845,6844
6938: 7030,6937,7029,6846,6845,6939
6939: 6940,6847,7030,6938,6846
6940: 6939,6847,6941,7032
6941: 7032,7033,6848,6940
10042: 9839
9849: 9701,9648
6944: 6852,6945,7036,7035
6945: 6852,6944,6946,6853,7036,7037
6946: 6854,6947,6853,6945,7038,7037
6947: 6854,6946,6855,6948,7038,7039
6948: 6855,6949,6856,6947,7040,7039
6949: 6948,6856,6857,6950,7040,7041
6950: 6857,6858,6949,7042,7041
9724: 9696,9860
6952: 7043
8662: 8661,8596,8663,8726
6954: 6862,7045
6955: 
6956: 6957
6957: 7049,6956,6958
6958: 7050,6959,6866,7049,6957
6959: 7050,6958,7051,6866,6867,6960
6960: 7052,6867,7051,6959
8789: 8848,8788,8727,8790,8850,8849
6962: 7054,6963,6869,7053
6963: 7054,6962,6964,6871,7055
6964: 7056,6872,6871,7055,6963
6965: 6966,7057,6873,7056,6872
6966: 7058,6874,7057,6965,6873,6967
6967: 6875,6968,7058,6874,6966,7059
6968: 6875,6876,6967,6969,7060,7059
6969: 6877,6970,6876,6968,7060,7061
6970: 6877,6969,6971,7062,7061
6971: 6972,6879,6970,7062,7063
6972: 6879,6971,6880,6973,7063,7064
6973: 6880,6972,7064
6974: 6882,6975,7066
6975: 6882,6974,7066,7067,6976
6976: 6884,6975,7067,7068
8681: 8682,8743,8680
6978: 6886,6979,6885,7069,7070
6979: 6886,6978,6980,7070
6980: 6888,6979,7072
6981: 6888,6889,6982,7073
6982: 6889,6890,7073,7074,6981,6983
6983: 6984,7075,6890,6982,7074
6984: 6983,6892,6891
9308: 9543,7173,9607,9435,7083
6986: 7077,6893,6894
9302: 5245,5345,9408,9574,5244
6988: 7080,6896,6989
6989: 6990,7081,6896,6897,6988,7080
6990: 7081,6989,7082,6897,6898,6991
6991: 9309,9601,6898,6899,6990,7082
6992: 6993,7083,6900,9607
6993: 6992,7083,6994,6902,7084
6994: 6902,7085,7084,6904,6811,6993
6995: 6997,7085,6904,7086,7087
9180: 9207,9148,9179,9147,9467
6997: 6995,6998,6906,7087,7088
6998: 6906,6997,7089,7088
6999: 
7000: 7001,6909,7091,7090
7001: 7000,6909,7002,6910,7091,7092
7002: 7003,6910,6911,7001,7092,7093
7003: 7002,6911,6912,7093,7004
7004: 7094,7095,7005,7003
7005: 7095,7004,7096
10040: 
7007: 7008,6917,6916,7098
7008: 6917,7007,6918,7009,7099
7009: 6918,7008,7100,7010
7010: 7101,7011,7009,6919,7100
7011: 7101,7102,7010,6920,6919
9011: 9012,8963,8962,9010,9056
7013: 7103,7104,6921,6922,7014
7014: 7105,7015,6922,6923,7104,7013
7015: 7105,7014,6924,6923,7016
7016: 7107,7017,6924,6925,7015
7017: 7107,7108,7016,6925,6926,7018
7018: 7109,7019,6926,6927,7108,7017
7019: 7018,7109,6927,7110
7020: 7110
9893: 9692
7022: 6931,6930,7023,7112,7113
7023: 7024,6932,7022,6931,7113,7114
7024: 6932,6933,7023,7025,7114,7115
7025: 7026,6934,7024,6933,7115
7026: 6934,7025,6935,7027,7117
7027: 6935,7026,7117,7118
8660: 8723,8593,8659,8724,8594,8661
7029: 7030,6937,6938,7119,7120
7030: 6938,7029,6939,7120,7121
9272: 43,9416,42,9515
7032: 6941,7033,6940,7122,7123
7033: 6941,7032,7123
7034: 7124,7125,7035
7035: 7126,7036,6944,7125,7034
7036: 7126,7127,7035,6945,6944,7037
7037: 7128,7038,6945,6946,7127,7036
7038: 7128,7129,7037,6946,6947,7039
7039: 7130,7040,6947,6948,7129,7038
7040: 7130,7131,7039,6949,6948,7041
7041: 7132,7042,6949,6950,7131,7040
7042: 7132,7041,6950,7133,7043
7043: 7133,7134,6952,7042
7044: 
7045: 7135,7136,6954
9777: 
9514: 9488,9264
7048: 
7049: 6957,7050,6958,7139
7050: 6958,7051,6959,7049
7051: 7050,6959,6960,7052
7052: 7053,6960,7051
7053: 7052,7054,6962
7054: 6962,6963,7053,7055,7145
7055: 6964,7054,6963,7145,7146
7056: 6964,7057,6965,7146
7057: 7058,6966,6965,7056
7058: 6966,7057,6967,7148,7149,7059
7059: 7149,7150,7060,7058,6967,6968
7060: 7150,7059,6968,6969,7151,7061
7061: 7151,7152,7062,6969,6970,7060
7062: 7152,7061,6970,6971,7153,7063
7063: 7153,7154,6972,6971,7062,7064
7064: 7155,6972,6973,7154,7063
8911: 8857,8858,8912,8963,8964
7066: 6974,6975,7067
7067: 6975,7066,6976,7068
7068: 7069,7067,6976
7069: 7068,7159,6978,7160,7070
7070: 7160,7161,6978,6979,7069
8839: 8838,8895,8896,8779,8840
7072: 7162,7163,6980
7073: 6982,7074,6981,7163,7164
7074: 6982,7073,6983,7075,7164
7075: 6983,7074,7166
9951: 9733,10024
7077: 6986,7078
7078: 7168,7077,7169,7079
7079: 7169,7170,7080,7078
7080: 6988,7081,6989,7079
7081: 6990,6989,7082,7080,7172
7082: 6990,7081,6991,9601,7172,9511
7083: 6992,6993,7084,9308,7173,9607
7084: 6994,7085,6993,7083,7173,7174
7085: 6994,7084,6904,6995,7086,7174
7086: 7174,7175,7085,6995,7087,7176
7087: 7176,7177,6997,6995,7086,7088
7088: 7089,7178,6997,6998,7087,7177
7089: 7179,7178,7088,6998,7090
7090: 7091,7180,7000,7089,7179
7091: 7180,7181,7090,7000,7001,7092
7092: 7093,7001,7002,7091,7181
7093: 7092,7002,7003,7094
7094: 7095,7004,7093,7183,7184
7095: 7094,7005,7004,7096,7184
7096: 7095,7005,7186
7097: 7098,7186,7187
7098: 7188,7099,7007,7097
7099: 7098,7188,7008,7100,7189
7100: 7190,7189,7009,7099,7010
7101: 7102,7191,7011,7010,7190
7102: 7101,7191,7011,7103,7192
7103: 7104,7013,7102,7192
7104: 7103,7013,7105,7014,7194
7105: 7014,7015,7104,7195,7194
8895: 8838,8839,8896,8948,8949,8894
7107: 7108,7016,7017,7197
7108: 7107,7017,7018,7109,7197,7198
7109: 7018,7019,7199,7108,7198
7110: 7020,7019,7199,7200
9440: 
7112: 7113,7202,7022
7113: 7112,7202,7022,7023,7114
7114: 7115,7024,7023,7113
7115: 7114,7024,7025,7205
9176: 9175,9142,9143,9105,9106
7117: 7118,7207,7026,7027
7118: 7117,7207,7208,7027,7119
7119: 7120,7209,7029,7118,7208
7120: 7119,7209,7210,7030,7029,7121
7121: 7122,7211,7030,7120,7210
7122: 7121,7211,7212,7032,7123
7123: 7032,7033,7122,7212
7124: 7125,7034
7125: 7124,7034,7126,7215,7035
7126: 7127,7216,7036,7215,7035,7125
7127: 7126,7216,7036,7128,7217,7037
7128: 7129,7038,7217,7037,7127
7129: 7128,7038,7130,7219,7039
7130: 7131,7219,7220,7040,7039,7129
7131: 7130,7220,7040,7132,7221,7041
7132: 7221,7042,7041,7131,7133
7133: 7134,7223,7043,7132,7042
7134: 7133,7223,7043,7224,7135
7135: 7136,7045,7225,7134,7224
7136: 7135,7045,7225,7226
9902: 9903,9715
9811: 9673
7139: 7049
9834: 9693,9947
7141: 7142,7231
7142: 7141,7231
9433: 9330,9506
9803: 
7145: 7234,7054,7055
7146: 7056,7055,7147
7147: 7148,7146,7236,7237
7148: 7147,7058,7149,7237,7238
7149: 7150,7059,7058,7148,7238,7239
7150: 7149,7060,7059,7151,7240,7239
7151: 7152,7061,7150,7060,7240,7241
7152: 7151,7062,7061,7153,7241
7153: 7154,7063,7152,7062
7154: 7153,7063,7155,7244,7064
7155: 7156,7244,7245,7064,7154
7156: 7155,7245
9280: 4841
8682: 8681,8743,8744,8619,8683
7159: 7249,7069,7160
7160: 7161,7250,7070,7159,7249,7069
7161: 7160,7250,7251,7070,7162
7162: 7072,7161,7251,7252
7163: 7072,7073,7164
7164: 7254,7073,7074,7163
7165: 
7166: 7256,7075,7167
7167: 7168,7257,7166,7256
7168: 7167,7257,7258,7078,7169
7169: 7170,7259,7079,7168,7258,7078
7170: 7169,7259,7079
9704: 
7172: 7081,7082,9511
7173: 9543,9308,7083,7084,7174,7262
7174: 7086,7175,7262,7085,7084,7173
7175: 7086,7174,7262,7176,7263,7264
7176: 7087,7177,7086,7175,7265,7264
7177: 7087,7176,7178,7088,7265,7266
7178: 7089,7179,7088,7177,7266
7179: 7089,7178,7180,7090,7268
7180: 7091,7181,7090,7179,7269,7268
7181: 7091,7180,7092,7269,7182
7182: 7270,7183,7181
7183: 7182,7094,7184
7184: 7273,7094,7095,7183
9159: 9191,9192,9158,9121,9122,9160
7186: 7275,7096,7097,7187
7187: 7276,7097,7188,7186,7275
7188: 7098,7099,7189,7276,7187,7277
7189: 7190,7100,7188,7099,7277,7278
7190: 7100,7189,7101,7278,7279
7191: 7101,7102,7279,7280,7192
7192: 7102,7191,7103,7280
9172: 9317,9171,9173,9571
7194: 7283,7195,7104,7105,7282
7195: 7283,7284,7194,7105
9179: 9178,9147,9180,9205
7197: 7285,7286,7107,7108,7198
7198: 7287,7108,7109,7197,7286
7199: 7109,7110,7287,7288,7200
7200: 7288,7289,7199,7110,7201
7201: 7290,7202,7289,7200
7202: 7112,7113,7291,7201
9126: 9127,9085,9125,9084,9163
9621: 
7205: 7115,7294,7293
9472: 
7207: 7117,7118,7208,7295,7296
7208: 7118,7207,7119,7209,7296
7209: 7119,7120,7210,7208
7210: 7120,7209,7121,7211,7298
7211: 7121,7122,7212,7210,7299
7212: 7122,7211,7123,7300
10037: 9781,9798,9655
8880: 8824,8879,8823,8933
7215: 7126,7216,7125,7304
7216: 7126,7127,7215,7217,7304,7305
7217: 7128,7127,7216,7305,7306
8954: 8901,8900,8955,8953,9055,9007
7219: 7130,7220,7129,7308
7220: 7130,7131,7219,7221,7308,7309
7221: 7132,7131,7220,7309,7310
7222: 
7223: 7133,7134,7224,7311,7312
7224: 7134,7223,7135,7225,7312,7313
7225: 7135,7136,7226,7224,7313,7314
7226: 7136,7225,7314
9809: 9933,9923
7228: 7317,7316
9741: 
9636: 9639,7609,9627,9299
7231: 7319,7141,7142
7232: 
8990: 9038,9039,8991,8937,8938,8989
7234: 7145,7322,7323
9890: 10028,9897
7236: 7324,7147,7237,7325
7237: 7238,7325,7148,7147,7236
7238: 7237,7148,7149,7327,7239
7239: 7327,7328,7240,7149,7150,7238
7240: 7328,7239,7150,7151,7329,7241
7241: 7329,7330,7151,7152,7240
7242: 
7243: 
7244: 7155,7245,7154,7332,7333
7245: 7155,7156,7244,7333,7334
7246: 
7247: 
7248: 7249,7336,7337
7249: 7159,7248,7160,7250,7337
7250: 7160,7161,7251,7249,7339
7251: 7161,7250,7162,7339,7340,7252
7252: 7340,7341,7251,7162
9933: 9809
7254: 7164,7342,7343
9561: 9301,7694,7610,9508
7256: 7166,7167,7257,7344,7345
7257: 7167,7168,7258,7256,7345,7346
7258: 7168,7257,7169,7259,7346,7347
7259: 7169,7170,7258,7347,7348
9595: 9532,9479
9820: 9871
7262: 7174,7175,9543,7173,9512,7263
7263: 9406,7351,7175,7262,9512,7264
7264: 7265,7352,7175,7176,7263,7351
7265: 7352,7353,7264,7176,7177,7266
7266: 7354,7177,7178,7265,7353
9208: 9182,9181,9207,9478,9355,9209
7268: 7269,7179,7180,7355
7269: 7268,7180,7181,7270
7270: 7182,7358,7269,7357
7271: 
8916: 8915,8968,8969
7273: 7184,7360,7361
8764: 8703,8765,8702,8823,8824
7275: 7186,7362,7363,7187
7276: 7363,7364,7187,7277,7188
7277: 7276,7364,7188,7189,7278,7365
7278: 7365,7190,7189,7277,7279
7279: 7367,7190,7191,7366,7278
7280: 7367,7191,7368,7192
7281: 
7282: 7369,7283,7370,7194
7283: 7284,7370,7371,7195,7194,7282
7284: 7283,7371,7195,7285,7372
7285: 7372,7197,7286,7284,7373
7286: 7285,7197,7374,7198,7373
7287: 7375,7374,7198,7199,7288
7288: 7289,7376,7200,7199,7375,7287
7289: 7288,7376,7377,7200,7290,7201
7290: 7291,7201,7289,7377,7378
7291: 7290,7202
7292: 7293
7293: 7294,7205,7292
7294: 7293,7205,7295
7295: 7296,7207,7294
7296: 7295,7207,7208,7383
8872: 8815,8925,8871,8873,8926,8816
7298: 7385,7210,7299,7386
7299: 7387,7386,7211,7298,7300
7300: 7301,7388,7212,7299,7387
7301: 7388,7300,7389,7302
7302: 7301,7389,7390
9839: 10042
7304: 7305,7392,7216,7215,7391
7305: 7304,7392,7216,7217,7306,7393
7306: 7393,7394,7217,7305
9315: 9313,9445,9287
7308: 7309,7396,7219,7220
7309: 7308,7396,7220,7221,7310,7397
7310: 7397,7398,7221,7309,7311
7311: 7312,7399,7223,7310,7398
7312: 7311,7399,7400,7223,7224,7313
7313: 7314,7401,7224,7225,7312,7400
7314: 7313,7401,7402,7225,7226
7315: 
7316: 7403,7228
7317: 7228,7318
7318: 7319,7317,7405
7319: 7318,7231,7407
9680: 9652
7321: 7322,7409,7408
7322: 7323,7234,7321
7323: 7322,7234
7324: 7236,7325,7412,7411
7325: 7237,7324,7236,7412,7413
8647: 8646,8648,8710,8711
7327: 7328,7415,7239,7238,7414
7328: 7327,7415,7416,7240,7239,7329
7329: 7330,7417,7241,7328,7416,7240
7330: 7329,7417,7418,7241,7331
7331: 7332,7419,7330,7418
7332: 7331,7419,7244,7333
7333: 7334,7421,7244,7245,7332
7334: 7333,7421,7245,7422
9327: 9542,9630,9572,1327,9579,1246
7336: 7337,7248,7423
7337: 7336,7425,7248,7249
8654: 8587,8588,8655,8653,8717,8718
7339: 7426,7250,7251,7340,7427
7340: 7341,7427,7428,7252,7251,7339
7341: 7340,7428,7252
7342: 7430,7343,7254
7343: 7342,7430,7254,7344,7431
7344: 7432,7431,7256,7343,7345
7345: 7346,7433,7256,7257,7432,7344
7346: 7345,7433,7434,7257,7258,7347
7347: 7435,7258,7259,7346,7434,7522
7348: 7435,7259,7349,7436
7349: 7437,7436,7348
9331: 4338,9489,9462,4438
7351: 7263,9406,7352,7264,7438,7439
7352: 7265,7353,7264,7351,7440,7439
7353: 7265,7352,7266,7354,7440,7441
7354: 7266,7355,7353,7442,7441
7355: 7354,7268,7442,7443
8989: 9037,8988,8936,8937,9038,8990
7357: 7444,7270,7358,7445
7358: 7270,7359,7357,7445,7446
7359: 7358,7360,7446,7447
7360: 7273,7359,7361,7447,7448
7361: 7362,7273,7360,7448,7449
7362: 7275,7361,7363,7449,7450
7363: 7276,7275,7362,7450
7364: 7276,7277,7365,7451,7452
7365: 7366,7278,7364,7277,7452,7453
7366: 7365,7279,7367,7453
7367: 7279,7280,7366,7368,7455
7368: 7369,7280,7367,7455,7456
7369: 7282,7368,7370,7456,7457
7370: 7283,7371,7282,7369,7457,7458
7371: 7283,7284,7370,7372,7458,7459
7372: 7285,7284,7371,7459,7460,7373
7373: 7460,7285,7372,7286,7374,7461
7374: 7375,7287,7286,7373,7461
7375: 7287,7374,7288,7376,7462
7376: 7288,7289,7377,7375,7463
7377: 7289,7376,7290,7464,7378
7378: 7465,7466,7377,7290
9959: 
7380: 7467,7468,7381
7381: 7469,7468,7380
9888: 9931
7383: 7471,7296
8903: 8957,8846,8847,8904
7385: 7298
7386: 7299,7387,7298,7474
7387: 7299,7386,7388,7300,7474,7475
7388: 7301,7300,7389,7387,7475
7389: 7301,7388,7302,7390
7390: 7478,7389,7302,7391
7391: 7304,7392,7390,7479
7392: 7304,7305,7391,7393,7479,7480
7393: 7306,7394,7305,7392,7480,7481
7394: 7306,7393,7481
8801: 8741,8802,8857,8858
7396: 7308,7309,7397,7483,7484
7397: 7310,7398,7309,7396,7484,7485
7398: 7310,7397,7311,7399,7485
7399: 7311,7312,7400,7398,7487
7400: 7312,7399,7313,7401,7487,7488
7401: 7313,7314,7402,7400,7488
7402: 7314,7401,7403,7490
7403: 7316,7402,7490,7491
9956: 9674,9830
7405: 7318,7493
8743: 8681,8682,8744,8802,8803
7407: 7494,7319,7495,7408
7408: 7495,7409,7321,7407
7409: 7408,7321,7497
10025: 
7411: 7499,7412,7324
7412: 7499,7411,7324,7325,7413,7500
7413: 7501,7500,7414,7325,7412
7414: 7327,7415,7501,7413,7502
7415: 7327,7328,7416,7414,7502,7503
7416: 7328,7415,7329,7417,7503,7504
7417: 7329,7330,7418,7416,7504,7505
7418: 7330,7417,7331,7419,7505,7506
7419: 7331,7332,7418,7506,7507
9490: 9367,9539
7421: 7333,7334,7422,7508,7509
7422: 7423,7334,7421,7509,7510
7423: 7422,7336,7510,7511
9099: 9100,9634,9057,9492
7425: 7337,7426,7512
7426: 7339,7425,7427,7514
7427: 7340,7428,7426,7339,7514,7515
7428: 7340,7341,7427,7515,7516
9001: 9050,9049,9002,8948,8949,9000
7430: 7342,7343,7431,7518
7431: 7432,7344,7430,7343,7518,7519
7432: 7344,7431,7345,7433,7519,7520
7433: 7345,7346,7434,7432,7520,7521
7434: 7346,7433,7347,7608,7521,7522
7435: 7347,7348,7436,7522,7523
7436: 7349,7437,7348,7435,7523,7524
7437: 7349,7436,7524
7438: 9603,7525,9406,7351,7439
7439: 7440,7526,7351,7352,7438,7525
7440: 7526,7527,7439,7352,7353,7441
7441: 7442,7528,7353,7354,7440,7527
7442: 7528,7441,7355,7354,7443
7443: 7444,7355,7442
7444: 7443,7531,7357,7445
7445: 7446,7532,7358,7444,7531,7357
7446: 7445,7532,7359,7358,7447
7447: 7448,7534,7359,7360,7446
7448: 7447,7534,7360,7361,7449,7535
7449: 7450,7535,7536,7362,7361,7448
7450: 7449,7536,7362,7363
7451: 7538,7364,7452
7452: 7453,7539,7364,7365,7451,7538
7453: 7452,7539,7540,7366,7365
8951: 8950,8898,9003,9004
7455: 7541,7367,7368,7456,7542
7456: 7457,7543,7542,7369,7368,7455
7457: 7456,7543,7369,7370,7458,7544
7458: 7459,7544,7545,7370,7371,7457
7459: 7458,7545,7371,7372,7460
7460: 7373,7372,7459
7461: 7462,7548,7374,7373
7462: 7461,7548,7375,7463,7549
7463: 7464,7550,7549,7376,7462
7464: 7463,7550,7377,7465,7551
7465: 7466,7378,7464,7552,7551
7466: 7465,7378,7467,7552,7553
7467: 7468,7380,7466,7554,7553
7468: 7467,7380,7469,7381,7554,7555
7469: 7381,7468,7470,7555,7556
7470: 7471,7469,7556,7557
7471: 7470,7383,7472,7557,7558
7472: 7559,7471,7558
9896: 
7474: 7475,7560,7561,7387,7386
7475: 7474,7561,7387,7388,7562
7476: 
9770: 10004
7478: 7390,7565,7479,7564
7479: 7478,7391,7392
7480: 7392,7393,7481
7481: 7568,7393,7394,7480
9113: 9114,9072,9112,9071,9150
7483: 7484,7569,7570,7396
7484: 7483,7570,7396,7397,7485,7571
7485: 7571,7572,7397,7398,7484
8778: 8716,8777,8717,8779,8837,8838
7487: 7574,7573,7399,7400,7488
7488: 7575,7400,7401,7574,7487
9556: 9297,9317,9629
7490: 7491,7577,7402,7403,7576
7491: 7490,7577,7403
8770: 8708,8709,8771,8830,8829,8769
7493: 7494,7405,7579,7580
7494: 7581,7407,7493,7495,7580
7495: 7582,7408,7581,7494,7407
9486: 8470,9534,8469
7497: 7583,7584,7409
8632: 8633,8631,8565,8695,8696
7499: 7412,7586,7411,7585,7500
7500: 7501,7587,7413,7499,7412,7586
7501: 7587,7413,7500,7414,7502
7502: 7503,7589,7414,7415,7501
7503: 7502,7589,7590,7415,7416,7504
7504: 7505,7591,7416,7417,7503,7590
7505: 7504,7591,7417,7418,7506
7506: 7507,7593,7418,7419,7505
7507: 7506,7593,7419,7508,7594
7508: 7509,7594,7421,7507
7509: 7508,7421,7422,7510
7510: 7423,7422,7509
7511: 7512,7598,7423
7512: 7511,7598,7599,7425
9482: 9408,5043,9574
7514: 7600,7601,7426,7427,7515
7515: 7516,7602,7427,7428,7514,7601
7516: 7515,7602,7428,7603
7517: 
7518: 7430,7431,7519
7519: 7606,7520,7432,7431,7518
7520: 7519,7432,7433,7521,7691
7521: 7608,7691,7433,7434,7520
7522: 7523,7609,7434,7347,7435,7608
7523: 7522,7609,7435,7436,7524
7524: 7437,7436,7523
7525: 7438,9603,7526,7439,9301,7610
7526: 7440,7527,7439,7525,7611,7610
7527: 7440,7526,7528,7441,7611,7612
7528: 7442,7441,7527,7612
9874: 9737,9665
8676: 8677,8738,8737,8613,8675
7531: 7444,7445,7532,7615,7616
7532: 7445,7446,7531,7616,7617
7533: 
7534: 7447,7448,7535,7618,7619
7535: 7449,7536,7448,7534,7619
7536: 7449,7450,7535,7621
9758: 
7538: 7451,7452,7539,7623
7539: 7452,7453,7540,7538,7623,7624
7540: 7453,7539,7541,7624,7625
7541: 7455,7540,7542,7625,7626
7542: 7456,7543,7541,7455,7626,7627
7543: 7456,7457,7542,7544,7627,7628
7544: 7458,7545,7457,7543,7628,7629
7545: 7458,7459,7544,7629,7630
9229: 9588,9231,9379
9865: 
7548: 7461,7462,7549
7549: 7463,7550,7462,7548
7550: 7463,7464,7549,7635,7551
7551: 7636,7552,7464,7550,7465,7635
7552: 7636,7637,7551,7465,7466,7553
7553: 7638,7554,7466,7467,7637,7552
7554: 7638,7639,7553,7467,7468,7555
7555: 7640,7556,7468,7469,7639,7554
7556: 7640,7555,7469,7470,7641,7557
7557: 7641,7642,7558,7470,7471,7556
7558: 7642,7557,7471,7472,7559,7643
7559: 7472,7558,7643
7560: 7474,7561
7561: 7474,7475,7560,7562
7562: 7475,7561,7646,7563
7563: 7562,7564,7648
7564: 7649,7648,7478,7565,7563
7565: 7478,7649,7564,7650
10035: 9941,9901
8786: 8787,8846,8724,8785
7568: 7481,7569,7653
7569: 7483,7570,7568,7653,7654
7570: 7483,7484,7569,7571,7654,7655
7571: 7485,7572,7484,7570,7655,7656
7572: 7485,7571,7573,7656,7657
7573: 7574,7487,7572,7657
7574: 7487,7573,7488,7575,7659
7575: 7488,7576,7574,7659,7660
7576: 7575,7490,7577,7660,7661
7577: 7490,7491,7576,7661
9095: 9094,9050,9051,9096,9137
7579: 7663,7493,7664,7580
7580: 7664,7581,7494,7493,7579
7581: 7494,7495,7582,7580,7666
7582: 7495,7581,7583,7666,7667
7583: 7497,7584,7582,7667,7668
7584: 7497,7583,7585,7668,7669
7585: 7499,7586,7584,7669,7670
7586: 7499,7585,7587,7500,7670,7671
7587: 7501,7500,7586,7672,7671
9605: 2473,2567,2566
7589: 7502,7503,7590,7673,7674
7590: 7503,7589,7504,7591,7674,7675
7591: 7504,7505,7590,7675,7676
8836: 8837,8893,8776,8777,8835,8892
7593: 7506,7507,7594,7677
7594: 7508,7507,7593,7679
9771: 10041,9990
7596: 7680
9647: 9805
7598: 7511,7512,7599,7682
7599: 7512,7598,7600,7684
7600: 7514,7601,7599,7684,7685
7601: 7600,7514,7515,7602,7685,7686
7602: 7515,7516,7601,7603,7686
7603: 7516,7602,7688
9021: 9020,8972,8973,9065,9066
8992: 9041,9040,8993,8940,8991
7606: 7519,7690,7691,7775
9366: 9430,9259,9248,9590,9553
7608: 7521,9639,7434,7522,7609
7609: 7522,7523,9627,7608,9639,9636
7610: 7611,7694,7525,7526,9301,9561
7611: 7694,7695,7610,7526,7527,7612
7612: 7696,7527,7528,7611,7695
7613: 
7614: 7615,7698,7697,7696
7615: 7698,7699,7614,7531,7616
7616: 7617,7700,7531,7532,7615,7699
7617: 7616,7700,7532,7618,7701
7618: 7619,7702,7701,7534,7617
7619: 7618,7702,7534,7535,7703
8702: 8701,8638,8639,8703,8764
7621: 7704,7536,7705
9810: 10010
7623: 7624,7707,7538,7539,7706
7624: 7623,7707,7539,7540,7625
7625: 7626,7709,7540,7541,7624
7626: 7625,7709,7710,7541,7542,7627
7627: 7628,7711,7543,7542,7626,7710
7628: 7627,7711,7543,7544,7629,7712
7629: 7630,7712,7713,7544,7545,7628
7630: 7629,7713,7545,7631
7631: 7715,7630
7632: 7715,7716
7633: 
9694: 
7635: 7550,7636,7719,7551
7636: 7637,7719,7720,7552,7551,7635
7637: 7636,7720,7552,7638,7721,7553
7638: 7722,7721,7639,7554,7553,7637
7639: 7638,7722,7554,7640,7723,7555
7640: 7723,7724,7555,7556,7639,7641
7641: 7642,7557,7640,7724,7556
7642: 7641,7557,7558,7643,7726
7643: 7726,7559,7642,7558
9029: 8981,9030,9028,8980,9073,9074
9966: 
7646: 7562
8665: 8666,8599,8790,8729,8664
7648: 7649,7732,7564,7563,7731
7649: 7733,7732,7564,7648,7565,7650
7650: 7565,7733,7649
7651: 7735
8747: 8685,8686,8746,8748,8806,8807
7653: 7736,7568,7569,7654,7737
7654: 7655,7737,7569,7570,7653
7655: 7654,7570,7571,7656,7739
7656: 7739,7740,7571,7572,7655,7657
7657: 7741,7572,7573,7656,7740
7658: 
7659: 7660,7743,7574,7575,7742
7660: 7659,7743,7744,7576,7575,7661
7661: 7745,7576,7577,7660,7744
7662: 
7663: 7579
7664: 7748,7580,7579
7665: 
7666: 7667,7750,7581,7582
7667: 7666,7750,7582,7583,7668,7751
7668: 7669,7751,7583,7584,7667
7669: 7668,7584,7585,7670,7753
7670: 7754,7753,7586,7585,7669,7671
7671: 7672,7755,7586,7587,7670,7754
7672: 7755,7756,7671,7587,7673
7673: 7674,7757,7589,7672,7756
7674: 7673,7757,7589,7590,7675
7675: 7676,7759,7590,7591,7674
7676: 7675,7759,7760,7591,7677
7677: 7761,7593,7676,7760
9460: 9263,9580,9393
7679: 7680,7763,7762,7594
7680: 7679,7763,7596
9453: 9477,9290,9509,9622
7682: 7598
9760: 9707
7684: 7685,7768,7599,7600,7767
7685: 7684,7768,7769,7600,7601,7686
7686: 7770,7601,7602,7685,7769
7687: 
7688: 7772,7771,7603
10009: 
7690: 7606,7775
7691: 7521,7606,7520,7692
7692: 9274,9299,7691,9639
8926: 8873,8927,8925,8872,8978,8979
7694: 7611,7695,7610,9508,9561,7777
7695: 7611,7694,7696,7612,7777,7778
7696: 7697,7612,7695,7614,7778
7697: 7696,7698,7614,7779,7780
7698: 7615,7699,7614,7697,7781,7780
7699: 7615,7698,7616,7700,7781
7700: 7616,7617,7699,7701,7783
7701: 7618,7702,7617,7700,7783,7784
7702: 7618,7619,7701,7703,7784,7785
7703: 7704,7619,7702,7785,7786
7704: 7703,7621,7705,7786,7787
7705: 7706,7621,7704,7787,7788
7706: 7705,7623,7707,7788,7789
7707: 7623,7624,7706,7790,7789
9293: 
7709: 7625,7626,7710,7791,7792
7710: 7626,7709,7627,7711,7792,7793
7711: 7627,7628,7710,7712,7793,7794
7712: 7629,7713,7628,7711,7794
7713: 7629,7630,7712,7796
9497: 9596,9368
7715: 7631,7632,7797,7798
7716: 7632,7798
9114: 9072,9073,9113,9115,9151
9748: 
7719: 7636,7720,7635,7801,7802
7720: 7636,7637,7719,7721,7802,7803
7721: 7638,7722,7637,7720,7803,7804
7722: 7638,7721,7639,7723,7804
7723: 7640,7724,7722,7639,7806
7724: 7640,7723,7641,7806
9773: 9920
7726: 7643,7642,7809,7727
7727: 7809,7726,7728
7728: 7811,7727
7729: 
7730: 
7731: 7732,7648,7813,7814
7732: 7733,7649,7648,7731,7814
7733: 7649,7732,7650,7816
9828: 9739
7735: 7818,7651,7736,7817
7736: 7653,7737,7819,7735
7737: 7654,7736,7653,7819
9016: 9015,8968,9017,9060,9061
7739: 7656,7740,7655,7821,7822
7740: 7656,7739,7657,7741,7822
7741: 7657,7742,7740
7742: 7741,7659,7743,7825
7743: 7659,7660,7744,7742,7825
7744: 7660,7743,7661,7745,7827
7745: 7661,7744,7827,7828
8672: 8673,8734,8733,9426,8609,9312
9939: 9727,9789
7748: 7664,7830,7831
9551: 9405,9612,9257,528,593
7750: 7666,7667,7751,7832,7833
7751: 7668,7667,7750,7833,7834
9074: 9115,9075,9029,9030,9073
7753: 7670,7754,7669,7835,7836
7754: 7670,7753,7755,7671,7836,7837
7755: 7672,7756,7671,7754,7837,7838
7756: 7672,7755,7673,7757,7838,7839
7757: 7673,7674,7756,7839
7758: 
7759: 7675,7676,7760,7841,7842
7760: 7676,7759,7677,7761,7842
7761: 7677,7760,7762,7844
7762: 7679,7763,7761,7844
7763: 7679,7680,7762
9145: 9177,9144,9108,9178
7765: 7847,7848
10033: 9675,9659
7767: 7684,7768,7849,7850
7768: 7684,7685,7769,7767,7850,7851
7769: 7685,7768,7686,7770,7851,7852
7770: 7686,7769,7771,7852
7771: 7688,7772,7770,7854
7772: 7688,7771,7773,7854,7855
7773: 7774,7775,7772,7855,7856
7774: 7858,7773,7775,9631,7856,7857
7775: 7774,7858,7773,7606,7690
7776: 9274,7858
7777: 9310,7859,7694,7695,9508,7778
7778: 7779,7695,7696,7777,7859
7779: 7861,7778,7940,7697,7780
7780: 7781,7697,7698,7779,7861
7781: 7780,7863,7698,7699
7782: 
7783: 7864,7700,7701,7784,7865
7784: 7785,7866,7865,7702,7701,7783
7785: 7784,7866,7702,7703,7786,7867
7786: 7787,7867,7868,7703,7704,7785
7787: 7786,7868,7704,7705,7788,7869
7788: 7869,7870,7706,7705,7787,7789
7789: 7790,7871,7706,7707,7788,7870
7790: 7872,7871,7789,7707,7791
7791: 7792,7873,7709,7872,7790
7792: 7791,7873,7874,7709,7710,7793
7793: 7794,7875,7710,7711,7792,7874
7794: 7793,7875,7711,7712,7876
9119: 9078,9118,9077,9157
7796: 7877,7713,7797,7878
7797: 7878,7879,7798,7715,7796
7798: 7797,7879,7715,7880,7716
7799: 
9357: 1010,864,9342,9397,1009
7801: 7719,7802
7802: 7803,7884,7719,7720,7801
7803: 7802,7884,7720,7721,7804,7885
7804: 7886,7885,7722,7721,7803
8970: 8918,9019,9018,8917,9063
7806: 7888,7723,7724
7807: 
9673: 9811
7809: 7727,7891,7726,7890
9424: 3437,3536,9418
7811: 7812,7892,7893,7728
7812: 7811,7893,7813,7894
7813: 7894,7895,7731,7812,7814
7814: 7896,7731,7732,7813,7895
9588: 9228,9355,9252,9379,9593,9229
7816: 7817,7898,7733
7817: 7816,7898,7899,7818,7735
7818: 7819,7900,7735,7817,7899
7819: 7818,7736,7737
9314: 8252,8326,9347
7821: 7739,7822
7822: 7823,7739,7740,7821
7823: 7822,7904,7905
9243: 9548,9242,9222,9223,9387
7825: 7907,7742,7743
9796: 
7827: 7828,7909,7744,7745,7908
7828: 7827,7909,7910,7745
8734: 8672,8673,8733,8735,8794
7830: 7831,7912,7748,7911
7831: 7830,7912,7913,7748,7832
7832: 7833,7914,7750,7831,7913
7833: 7832,7914,7750,7751,7834,7915
7834: 7835,7915,7751,7833
7835: 7834,7753,7836,7917
7836: 7837,7917,7918,7754,7753,7835
7837: 7836,7918,7754,7755,7838,7919
7838: 7919,7755,7756,7837,7839
7839: 7921,7756,7757,7838
9448: 9055,9007,9617,9054,9334
7841: 7842,7923,7759,7922
7842: 7841,7923,7924,7759,7760
9955: 9814,9922
7844: 7925,7761,7762
9683: 
9055: 9007,9448,8953,8954,9005
7847: 7765,7929,7848
7848: 7847,7765,7929
7849: 7931,7767,7850
7850: 7851,7932,7767,7768,7931,7849
7851: 7850,7932,7933,7768,7769,7852
7852: 7934,7769,7770,7851,7933
9258: 9412,9513,9498,9573,9538
7854: 7935,7936,7855,7772,7771
7855: 7854,7936,7772,7773,7856,7937
7856: 7938,7937,7857,7774,7773,7855
7857: 7938,7856,7774,9631,7939
7858: 7774,7775,7776,9274,9631
7859: 7777,9310,9458,7778,7940
9881: 9653
7861: 7779,7940,7780,7941,7942
9776: 9964,9873,9792,10006
7863: 7781,7864,7943,7944
7864: 7783,7863,7865,7944,7945
7865: 7784,7866,7783,7864,7945,7946
7866: 7784,7785,7865,7867,7946,7947
7867: 7786,7868,7785,7866,7947,7948
7868: 7786,7787,7867,7869,7948,7949
7869: 7788,7870,7787,7868,7949,7950
7870: 7788,7869,7871,7789,7950,7951
7871: 7872,7790,7789,7870,7951,7952
7872: 7790,7871,7791,7873,7952,7953
7873: 7791,7792,7874,7872,7953,7954
7874: 7792,7873,7793,7875,7954,7955
7875: 7793,7794,7874,7876,7955,7956
7876: 7877,7794,7875,7956,7957
7877: 7796,7876,7878,7957,7958
7878: 7797,7879,7877,7796,7958,7959
7879: 7797,7878,7798,7880,7959,7960
7880: 7879,7798,7960
8798: 8738,8797,8739,8799,8907
7882: 
7883: 
7884: 7802,7803,7885,7964,7965
7885: 7804,7886,7803,7884,7965,7966
7886: 7804,7885,7966,7967
8920: 
7888: 7806,7889,7968
7889: 7890,7888,7970
7890: 7889,7809,7891,7970,7971
7891: 7809,7890,7971
7892: 7811,7893,7973
7893: 7811,7812,7892,7894,7973,7974
7894: 7813,7895,7812,7893,7974,7975
7895: 7813,7894,7896,7814,7975,7976
7896: 7814,7895,7977,7976
9057: 9056,9492,9012,9013,9100,9099
7898: 7816,7817,7899,7979
7899: 7817,7898,7818,7900,7979
7900: 7818,7899,7901,7980,7981
7901: 7902,7900,7981,7982
7902: 7901,7903,7982,7983
7903: 7904,7902,7983,7984
7904: 7903,7823,7905,7984,7985
7905: 7904,7823,7985
8987: 9035,8935,8988
7907: 7825,7908,7988
7908: 7907,7827,7909,7988,7989
7909: 7827,7828,7910,7908,7989,7990
7910: 7828,7909,7990
7911: 7830,7912,7992
7912: 7830,7831,7913,7911,7992,7993
7913: 7831,7912,7832,7914,7993
7914: 7832,7833,7913,7915
7915: 7834,7833,7914,7996
9281: 466,9586,9257,528
7917: 7836,7918,7835,7997,7998
7918: 7836,7837,7917,7919,7998,7999
7919: 7838,7837,7918,7999,8000
9226: 9225,9227
7921: 7839,7922,8001,8002
7922: 7921,7841,7923,8002,8003
7923: 7841,7842,7924,7922,8003,8004
7924: 7842,7923,7925,8004,8005
7925: 7844,7924,8005,8006
9847: 9908,9685
9094: 9135,9095,9050,9049,9093
8984: 8983,9032,8932,8985,9033
7929: 7847,7848,8009,8010
8722: 8658,8723,8659,8721,8784
7931: 7849,7850,7932,8012
7932: 7850,7851,7933,7931,8012,8013
7933: 7851,7932,7852,7934,8013,8014
7934: 7852,7933,7935,8014,8015
7935: 7854,7936,7934,8015,8016
7936: 7854,7935,7855,7937,8016,8017
7937: 7938,7856,7936,7855,8017,8018
7938: 7856,7937,7857,7939,8018,8019
7939: 7938,7857,8019
7940: 7779,7861,7859,7941,9550
7941: 8021,8020,9550,7861,7940,7942
7942: 7943,8022,7861,7941,8021
7943: 8022,7942,7863,7944,8023
7944: 7945,8023,7863,7864,7943
7945: 7944,7864,7865,7946,8025
7946: 7947,8026,8025,7866,7865,7945
7947: 7946,8026,7866,7867,7948,8027
7948: 7949,8027,8028,7867,7868,7947
7949: 7948,8028,7868,7869,7950,8029
7950: 8029,7869,7870,7949,7951
7951: 7952,8031,7870,7871,7950
7952: 7951,8031,8032,7872,7871,7953
7953: 7954,8033,7872,7873,7952,8032
7954: 7953,8033,8034,7873,7874,7955
7955: 7956,7874,7875,7954,8034
7956: 7955,7875,7876,7957
7957: 7958,7877,7876,7956
7958: 7957,7877,7878,7959,8038
7959: 8038,8039,7960,7878,7879,7958
7960: 7959,8039,7879,7880
9484: 9346,9376
7962: 7963,8042
7963: 7962,8042,7964,8043
7964: 7965,8043,8044,7884,7963
7965: 7964,8044,7884,7885,7966,8045
7966: 8046,8045,7967,7886,7885,7965
7967: 7966,8046,7886,7968,8047
7968: 8047,7888,7967
9375: 9620,10032,9582
7970: 8050,8049,7890,7889,7971
7971: 8051,7890,7891,8050,7970
9144: 9177,9596,9145,9106
7973: 7974,8052,8053,7892,7893
7974: 7973,8053,7893,7894,7975,8054
7975: 8054,8055,7894,7895,7974,7976
7976: 7977,8056,7895,7896,7975,8055
7977: 8057,8056,7976,7896
7978: 
7979: 8058,8059,7898,7899
7980: 7981,8060,7900,8059
7981: 7980,8060,7900,7901,7982,8061
7982: 7983,8061,8062,7902,7901,7981
7983: 7982,8062,7902,7903,7984,8063
7984: 8063,8064,7903,7904,7983,7985
7985: 8065,7904,7905,7984,8064
9639: 7608,7609,7692,9299,9636
9070: 9112,9071,9025,9026,9069,9111
7988: 7908,7907,7989
7989: 7990,7908,7909,7988
7990: 7989,7909,7910
9898: 9906,10016
7992: 7993,8072,7911,7912
7993: 7992,7912,7913
9012: 8963,8964,9011,9013,9057,9056
8896: 8839,8895,8949,8840,8950
7996: 7997,8076,8075,7915
7997: 7996,8076,7917,7998
7998: 7999,8078,7917,7918,7997
7999: 7998,8078,7918,7919,8000,8079
8000: 8079,8080,7919,7999,8001
8001: 8002,8081,7921,8000,8080
8002: 8001,8081,8082,7922,7921,8003
8003: 8004,8083,7922,7923,8002,8082
8004: 8003,8083,8084,7923,7924,8005
8005: 8006,8085,7924,7925,8004,8084
8006: 8005,8085,7925,8086
8007: 
8008: 8087,8009,8088
8009: 8088,8089,7929,8008
8010: 8090,7929,8089
9613: 9307,9420,9618
8012: 8013,7931,7932,8091
8013: 8012,8093,7932,7933,8014
8014: 8015,8094,7933,7934,8013,8093
8015: 8014,8094,7934,7935,8016,8095
8016: 8095,8096,8017,7935,7936,8015
8017: 8016,8096,7936,7937,8018,8097
8018: 8098,8097,8019,7938,7937,8017
8019: 8098,8018,7938,7939
8020: 7941,8021,9550,8099,9465
8021: 7941,8020,8022,7942,8099,8100
8022: 7943,7942,8021,8023,8101,8100
8023: 7944,7943,8022,8101,8102
9894: 
8025: 7946,8026,7945,8103,8104
8026: 7946,7947,8025,8027,8104,8105
8027: 7948,8028,7947,8026,8105,8106
8028: 7948,7949,8027,8029,8106,8107
8029: 7950,7949,8028,8107,8108
9965: 10023
8031: 7951,7952,8032,8109,8110
8032: 7952,8031,7953,8033,8110,8111
8033: 7953,7954,8034,8032,8111,8112
8034: 7954,8033,7955,8112,8113
8730: 8731,8667,8666,8729,8792,8791
9840: 9937,9895,9780
8961: 8962,9010,8908,8909,8960,9641
8038: 7959,8039,7958,8116
8039: 7959,8038,7960
9932: 10036
9931: 9888
8042: 7962,7963,8043,8120,8121
8043: 7964,8044,7963,8042,8121
8044: 7964,7965,8043,8045,8123
8045: 7966,8046,7965,8044,8123,8124
8046: 7966,8045,7967,8047,8124,8125
8047: 7968,8046,7967,8125,8126
8738: 8676,8677,8737,8797,8798,8739
8049: 8050,7970,8127,8128
8050: 7970,8049,7971,8051,8128,8129
8051: 7971,8050,8129,8130
8052: 7973,8053
8053: 7973,7974,8052,8054,8132
8054: 7975,8055,7974,8053,8132,8133
8055: 7975,8054,8056,7976,8133,8134
8056: 8057,7977,7976,8055,8134,8135
8057: 7977,8056,8058,8135,8136
8058: 7979,8059,8057,8136,8137
8059: 7979,8058,7980,8137,8138
8060: 7980,7981,8061,8138
8061: 7982,8062,7981,8060,8140
8062: 7982,7983,8061,8063,8140
8063: 7984,8064,7983,8062,8142
8064: 7984,8063,7985,8065,8142,8143
8065: 7985,8066,8064,8143,8144
8066: 8065,8144,8145
9092: 9133,9093,9048,9047,9091
9880: 
8069: 8147,8148
9609: 
8071: 8072,8150
8072: 7992,8071,8150,8151
9787: 9800,9892
8074: 8075,8153
8075: 7996,8076,8074,8154
8076: 7996,7997,8075,8154,8155
8077: 
8078: 7998,7999,8079,8156
8079: 8000,8080,7999,8078,8158
8080: 8000,8079,8001,8081,8158,8159
8081: 8001,8002,8082,8080,8160,8159
8082: 8002,8081,8003,8083,8160,8161
8083: 8003,8004,8084,8082,8161
8084: 8004,8083,8005,8085,8163
8085: 8005,8006,8084,8086,8163,8164
8086: 8087,8006,8085,8164,8165
8087: 8008,8086,8088,8165
8088: 8009,8008,8087
8089: 8009,8010,8090,8168
8090: 8010,8091,8089,8168
8091: 8090,8012,8170
8805: 8861,8745,8746,8806
8093: 8013,8014,8094,8171,8172
8094: 8014,8015,8093,8095,8172,8173
8095: 8016,8096,8015,8094,8173
8096: 8016,8095,8017,8097,8175
8097: 8098,8018,8096,8017,8175,8176
8098: 8018,8097,8019,8176,9447
8099: 9465,8021,8020,8100
8100: 8101,8177,8021,8022,8099
8101: 8177,8100,8022,8023,8102,8178
8102: 8103,8179,8178,8023,8101
8103: 8102,8179,8025,8104
8104: 8105,8181,8026,8025,8103
8105: 8104,8181,8026,8027,8106,8182
8106: 8107,8182,8183,8027,8028,8105
8107: 8106,8183,8028,8029,8108,8184
8108: 8184,8185,8029,8107,8109
8109: 8110,8186,8031,8108,8185
8110: 8109,8186,8031,8032,8111
8111: 8112,8188,8032,8033,8110
8112: 8111,8188,8189,8033,8034,8113
8113: 8114,8190,8034,8112,8189
8114: 8113,8190,8115,8191
8115: 8116,8191,8192,8114
8116: 8115,8192,8038,8193
9512: 9540,9543,7262,7263,9406
8118: 8119,8194
8119: 8118,8196,8120
8120: 8121,8197,8042,8119,8196
8121: 8120,8197,8042,8043,8198
9500: 9255,9382,9399
8123: 8199,8044,8045,8124,8200
8124: 8201,8200,8125,8046,8045,8123
8125: 8124,8201,8046,8047,8126,8202
8126: 8202,8047,8125,8127
8127: 8128,8204,8049,8126
8128: 8127,8204,8205,8050,8049,8129
8129: 8130,8050,8051,8128,8205
8130: 8129,8051,8207
9610: 
8132: 8208,8053,8054,8133,8209
8133: 8209,8210,8054,8055,8132,8134
8134: 8135,8211,8055,8056,8133,8210
8135: 8134,8211,8212,8057,8056,8136
8136: 8137,8213,8057,8058,8135,8212
8137: 8136,8213,8214,8058,8059,8138
8138: 8215,8059,8060,8137,8214
9146: 9147
8140: 8216,8217,8061,8062
8141: 
8142: 8218,8219,8063,8064,8143
8143: 8144,8220,8064,8065,8142,8219
8144: 8143,8220,8066,8065,8221
8145: 8146,8066
8146: 8145,8222,8147,8223
8147: 8148,8223,8069,8146
8148: 8147,8069,8225
8637: 8570,8636,8571,8638,8700,8701
8150: 8226,8071,8072,8151,8227
8151: 8228,8227,8072,8150,8152
8152: 8153,8229,8228,8151
8153: 8230,8229,8152,8074
8154: 8155,8231,8076,8075
8155: 8154,8231,8076,8156,8232
8156: 8232,8078,8155
9324: 9566,9431,9473,9464,9527,9428
8158: 8234,8235,8079,8080,8159
8159: 8236,8160,8080,8081,8158,8235
8160: 8236,8159,8081,8082,8161
8161: 8238,8082,8083,8160
9571: 9172
8163: 8164,8240,8084,8085
8164: 8163,8240,8241,8085,8086,8165
8165: 8242,8086,8087,8164,8241
9333: 9319,9491,9585
9841: 9654
8168: 8245,8089,8090,8244
9473: 9464,9468,9324,9439,9527
8170: 8171,8247,8091,8246
8171: 8170,8247,8248,8093,8172
8172: 8173,8249,8093,8094,8171,8248
8173: 8172,8249,8250,8094,8095
8744: 8682,8743,8803,8683,8745
8175: 8096,8097,8176
8176: 9434,9447,8098,8097,8175
8177: 8101,8100,8178,8252
8178: 8102,8179,8101,8177,8252,8253
8179: 8102,8103,8178,8253
8748: 8687,8749,8686,8747,8807,8808
8181: 8104,8105,8182,8255
8182: 8106,8183,8105,8181,8256,8257
8183: 8106,8107,8182,8184,8257,8258
8184: 8108,8185,8107,8183,8259,8258
8185: 8108,8184,8109,8186,8259,8260
8186: 8109,8110,8185,8260,8261
8816: 8817,8873,8756,8757,8815,8872
8188: 8111,8112,8189,8262,8263
8189: 8112,8188,8113,8190,8263,8264
8190: 8113,8114,8189,8191,8264,8265
8191: 8115,8192,8114,8190,8265
8192: 8115,8116,8191,8193,8267
8193: 8194,8116,8192,8267,8268
8194: 8193,8118,8268
8818: 8758,8817,8874
8196: 8119,8120,8197,8270,8271
8197: 8120,8121,8196,8198,8271,8272
8198: 8199,8121,8197,8272,8273
8199: 8123,8198,8200,8273,8274
8200: 8124,8201,8199,8123,8274,8275
8201: 8124,8200,8125,8202,8275,8276
8202: 8126,8201,8125,8276
9294: 9454,9523,5344,9503
8204: 8127,8128,8205,8278,8279
8205: 8128,8204,8129,8279
9321: 
8207: 8208,8130,8281,8282
8208: 8132,8207,8209,8282
8209: 8133,8210,8208,8132,8284
8210: 8133,8209,8134,8211,8284,8285
8211: 8134,8135,8212,8210,8286,8285
8212: 8135,8211,8136,8213,8286,8287
8213: 8136,8137,8214,8212,8287,8288
8214: 8137,8213,8138,8215,8288
8215: 8138,8214
8216: 8140,8217,8291
8217: 8140,8216,8218,8291,8292
8218: 8142,8219,8217,8293,8292
8219: 8142,8218,8143,8220,8293,8294
8220: 8143,8144,8219,8221,8294,8295
8221: 8222,8144,8220,8295,8296
8222: 8146,8221,8223,8296
8223: 8147,8146,8222,8298
8826: 8766,8767,8882,8883
8225: 8226,8148,8300
8226: 8150,8225,8227,8300,8301
8227: 8228,8151,8150,8226,8301,8302
8228: 8151,8227,8229,8152,8302,8303
8229: 8230,8153,8152,8228,8303,8304
8230: 8153,8229,8304
8231: 8154,8155,8232,8306
8232: 8156,8155,8231,8306,8307
9147: 9179,9146,9109,9110,9180,9148
8234: 8158,8235,8309
8235: 8158,8234,8236,8159,8309,8310
8236: 8160,8159,8235,8310,8311
9703: 9711
8238: 8161,8312,8313
9342: 9320,9397,936,1010,9357
8240: 8163,8164,8241
8241: 8164,8240,8165,8242,8316
8242: 8165,8241,8316
9670: 
8244: 8318,8168,8245,8319
8245: 8168,8246,8244,8319,8320
8246: 8245,8170,8247,8320
8247: 8170,8171,8248,8396,8246
8248: 8171,8247,8396,8172,8249,8397
8249: 8172,8173,8250,8248,8324,8397
8250: 8173,8249,8324,8325
8768: 8769,8707,8767
8252: 8326,9314,8177,8178,8253
8253: 8179,8178,8252,8326
9010: 8962,8961,9641,9011
8255: 8181,8328
8256: 8182
8257: 8330,8331,8182,8183,8258
8258: 8259,8332,8183,8184,8257,8331
8259: 8332,8333,8258,8184,8185,8260
8260: 8261,8185,8186,8259,8333
8261: 8260,8186,8262
8262: 8263,8336,8188,8261
8263: 8262,8336,8188,8189,8264
8264: 8265,8338,8189,8190,8263
8265: 8264,8338,8190,8191,8339
9416: 43,9272,44
8267: 8340,8192,8193,8268
8268: 8342,8194,8193,8267
9587: 8794
8270: 8344,8343,8196,8271
8271: 8272,8345,8196,8197,8344,8270
8272: 8271,8345,8197,8198,8273,8346
8273: 8274,8346,8347,8199,8198,8272
8274: 8273,8347,8199,8200,8275,8348
8275: 8349,8348,8201,8200,8274,8276
8276: 8350,8201,8202,8275,8349
8277: 
8278: 8279,8352,8204,8351
8279: 8278,8352,8204,8205
9394: 6427,6237,9455,9410,6236,6235,9533
8281: 8207
8282: 8356,8208,8207
8283: 
8284: 8357,8358,8209,8210,8285
8285: 8286,8359,8210,8211,8284,8358
8286: 8360,8359,8285,8211,8212,8287
8287: 8288,8361,8212,8213,8360,8286
8288: 8287,8361,8362,8213,8214
9826: 9945
9185: 9186,9153,9184,9211,9212
8291: 8365,8216,8217,8292
8292: 8293,8366,8217,8218,8291,8365
8293: 8366,8367,8292,8218,8219,8294
8294: 8295,8368,8219,8220,8293,8367
8295: 8294,8368,8369,8220,8221,8296
8296: 8370,8222,8221,8295,8369
8639: 8572,8638,8573,8640,8702,8703
8298: 8372,8223
9251: 9255,9637,9415
8300: 8373,8374,8301,8225,8226
8301: 8300,8374,8226,8227,8302
8302: 8376,8228,8227,8301,8303
8303: 8304,8377,8228,8229,8376,8302
8304: 8303,8377,8230,8229,8378
9689: 10000,9797,9799
8306: 8379,8231,8232,8307,8380
8307: 8381,8380,8232,8306
9178: 9179,9177,9145,9205
8309: 8382,8383,8310,8234,8235
8310: 8309,8383,8235,8236,8384,8311
8311: 8384,8236,8310,8312
8312: 8313,8386,8238,8311
8313: 8312,8386,8387,8238
9573: 4741,9538,9258,9412,4842
9274: 7776,7692,9299,9631,7858,9253
8316: 8390,8241,8242,8389
9112: 9071,9070,9111,9113,9149
8318: 8244,8392,8319
8319: 8392,8244,8318,8245,8320,8393
8320: 8394,8393,8246,8245,8319
8729: 8666,8665,8790,8730,8850,8791
9352: 9412
9082: 
8324: 9525,8397,8249,8250,8325
8325: 8250,8324
8326: 8252,9314,8253
8327: 
8328: 8255,8400
9023: 9024,8975,9067,9068
8330: 8257,8472,8331,8401
8331: 8257,8472,8330,8332,8403,8258
8332: 8259,8333,8403,8404,8258,8331
8333: 8259,8332,8404,8260,8405
9219: 9240,9220,9192,9193,9239,9218
8823: 8879,8764,8824,8880
8336: 8262,8263,8408
9857: 
8338: 8264,8265,8339,8410
8339: 8340,8265,8338,8410,8411
8340: 8267,8339,8411,8412
9493: 245,9358,9577,294,9268,244
8342: 8268,8343,8413,8414
8343: 8344,8270,8342,8414,8415
8344: 8270,8343,8271,8345,8415,8416
8345: 8271,8272,8344,8346,8416,8417
8346: 8273,8347,8272,8345,8417,8418
8347: 8273,8274,8346,8348,8418,8419
8348: 8275,8349,8274,8347,8419,8420
8349: 8275,8348,8350,8276,8420,8421
8350: 8351,8276,8349,8421,8422
8351: 8350,8278,8352,8422,8423
8352: 8278,8279,8351,8423,8424
8971: 9019
9203: 9297,9202,9170,9133,9317,9171
9434: 8176,9447
8356: 8282,8357,8427,8428
8357: 8284,8358,8356,8428,8429
8358: 8284,8357,8359,8285,8429,8430
8359: 8360,8286,8285,8358,8430,8431
8360: 8286,8359,8287,8361,8431,8432
8361: 8287,8288,8362,8360,8432,8433
8362: 8288,8361,8363,8433,8434
8363: 8362,8434,8435
9975: 
8365: 8291,8366,8292,8437
8366: 8293,8367,8292,8365,8437,8438
8367: 8293,8366,8294,8368,8438,8439
8368: 8294,8295,8369,8367,8439,8440
8369: 8295,8368,8296,8370,8440
8370: 8296,8369,8442
8371: 
8372: 8298,8373,8443,8444
8373: 8300,8374,8372,8444
8374: 8300,8373,8301
9385: 9300
8376: 8302,8303,8377,8447,8448
8377: 8303,8304,8376,8448,8449
8378: 8379,8304,8449
8379: 8378,8306,8380,8450,8451
8380: 8307,8381,8306,8379,8451,8452
8381: 8307,8380,8382,8452,8453
8382: 8309,8383,8381,8453,8454
8383: 8309,8382,8310,8384,8454,8455
8384: 8311,8383,8310,8455,8456
8882: 8936,8883,8935,8826,8881
8386: 8312,8313,8387,8457,8458
8387: 8313,8386,8388,8458,8459
8388: 8389,8387,8459,8460
8389: 8388,8316,8390,8460,8461
8390: 8316,8389,8391,8461,8462
8391: 8392,8390,8462,8463
8392: 8391,8319,8318,8393
8393: 8394,8320,8392,8319,8465
8394: 8320,8393,8395,8465,8466
8395: 8468,8394,8466,8467
8396: 8247,8248,8468,8397
8397: 9525,8324,8248,8396,8249,8468
9447: 8176,9434,8098
9216: 9237,9292,9190,9236,9217
8400: 8401,8328,8470,8469
8401: 8400,8472,8330,8470,8471
8726: 8727,8663,8662,8787,8788
8403: 8332,8404,8472,8331,8538,8473
8404: 8332,8333,8403,8405,8473,8474
8405: 8333,8404,8474,8406
8406: 8475,8405
9446: 9338,77,114,115
8408: 8477,8336
9907: 9793
8410: 8479,8338,8339,8411,8480
8411: 8412,8480,8481,8340,8339,8410
8412: 8411,8481,8340,8413
8413: 8483,8342,8412,8414
8414: 8415,8342,8343,8413,8483
8415: 8414,8485,8344,8343,8416
8416: 8417,8486,8344,8345,8415,8485
8417: 8416,8486,8345,8346,8418,8487
8418: 8419,8487,8488,8346,8347,8417
8419: 8418,8488,8347,8348,8420
8420: 8421,8490,8349,8348,8419
8421: 8420,8490,8349,8350,8422,8491
8422: 8491,8492,8423,8350,8351,8421
8423: 8422,8492,8351,8352,8424,8493
8424: 8494,8493,8352,8423,8425
8425: 8495,8494,8424
8426: 8495,8427,8496
8427: 8428,8496,8497,8356,8426
8428: 8427,8497,8356,8357,8429,8498
8429: 8498,8499,8430,8357,8358,8428
8430: 8429,8499,8358,8359,8500,8431
8431: 8500,8360,8359,8430,8432
8432: 8433,8502,8360,8361,8431
8433: 8432,8502,8361,8362,8434
8434: 8435,8362,8363,8433
8435: 8434,8363,8505
8436: 8437,8505
8437: 8436,8365,8366,8438,8507
8438: 8507,8508,8366,8367,8437,8439
8439: 8440,8509,8367,8368,8438,8508
8440: 8439,8509,8368,8369
8868: 8811,8812,8922,8867,8921
8442: 8370,8443
8443: 8444,8513,8372,8442
8444: 8443,8513,8372,8373,8514
9035: 8987,9080,9079
9552: 
8447: 8516,8376,8448
8448: 8376,8377,8447
8449: 8377,8378,8450
8450: 8451,8519,8379,8449
8451: 8450,8379,8380,8452,8521
8452: 8522,8521,8453,8381,8380,8451
8453: 8452,8522,8381,8382,8454,8523
8454: 8523,8524,8455,8382,8383,8453
8455: 8454,8524,8383,8384,8456,8525
8456: 8526,8525,8384,8455,8457
8457: 8458,8527,8386,8526,8456
8458: 8457,8527,8528,8386,8387,8459
8459: 8460,8529,8387,8388,8458,8528
8460: 8459,8529,8530,8388,8389,8461
8461: 8462,8531,8389,8390,8460,8530
8462: 8461,8531,8532,8390,8391,8463
8463: 8533,8391,8462,8532
9239: 9238,9218,9560,9240,9219,9546
8465: 8466,8394,8393
8466: 8465,8535,8394,8395,8467
8467: 8537,9457,8468,8395,9466,8466
8468: 8395,9466,8396,9525,8397,8467
8469: 8470,9486,8400
8470: 9534,9486,8469,8401,8400,8471
8471: 8538,9436,8401,8472,8470,9534
8472: 8330,8331,8401,8403,8538,8471
8473: 8539,8474,8540,8403,8404,8538
8474: 8473,8540,8404,8405,8475
8475: 8406,8474,8542
9737: 9874,9665
8477: 8408,8478,8544
8478: 8479,8477
8479: 8410,8478,8480
8480: 8411,8481,8479,8410,8548
8481: 8411,8412,8480,8548,8549
9268: 294,243,9493,9577
8483: 8413,8414,8550,8551
8484: 
8485: 8415,8416,8486,8553
8486: 8416,8417,8485,8487,8553,8554
8487: 8418,8488,8417,8486,8554,8555
8488: 8418,8419,8487,8555,8556
8489: 
8490: 8420,8421,8491,8558
8491: 8422,8492,8421,8490,8558,8559
8492: 8422,8491,8423,8493,8559,8560
8493: 8494,8424,8492,8423,8560,8561
8494: 8424,8493,8425,8561,8562
8495: 8425,8426
8496: 8427,8497,8426,8564
8497: 8427,8428,8496,8498,8564,8565
8498: 8429,8499,8428,8497,8565
8499: 8429,8498,8430,8500,8567
8500: 8431,8499,8430,8567,8568
8943: 8889,8890,8942,8995
8502: 8432,8433,8569,8570
9407: 9139,9438,9444,9140
8701: 8702,8637,8638,8700,8762
8505: 8436,8435,8572,8573
9223: 9197,9222,9243,9501
8507: 8438,8508,8437
8508: 8438,8507,8439,8509,8576
8509: 8439,8440,8508,8576,8577
9102: 9101,9060,9103,9061,9139,9140
9109: 9108,9067,9068,9110,9147
9476: 1661,9398,9325,9261
8513: 8443,8444,8514
8514: 8515,8444,8513,8582
8515: 8514,8516,8582,8583
8516: 8447,8515,8583,8584
8669: 8668,8602,8603,9359
9974: 
8519: 8450,8587
9998: 
8521: 8452,8522,8451,8589
8522: 8452,8521,8453,8523,8590
8523: 8454,8524,8522,8453,8591
8524: 8454,8523,8455,8592,8525,8591
8525: 8526,8456,8524,8455,8592,8593
8526: 8456,8525,8457,8527,8593,8594
8527: 8457,8458,8528,8526,8594
8528: 8458,8527,8459,8529,8596
8529: 8459,8460,8530,8596,8597,8528
8530: 8460,8529,8597,8461,8531
8531: 8461,8462,8532,8530,8599
8532: 8462,8531,8463,8533,8599
8533: 8463,8532,8601
10034: 9936,9695,9944
8535: 8602,8466,8537,8603
9539: 9311,9367,9490
8537: 8467,9457,8535,8603
8538: 9436,8471,8472,8403,8539,8473
8539: 8473,8540,8538,8606,8607
8540: 8539,8473,8474,8607
8541: 9426
8542: 8609,8475
9100: 9059,9634,9099,9014,9013,9057
8544: 8611,8610,8477
9720: 9813
9225: 9224,9226,9199,9198,9227
8921: 8868,8922,8973
8548: 8549,8614,8480,8481
8549: 8548,8481,8550,8616
8550: 8616,8483,8549,8551
8551: 8483,8550
9873: 9964,9776,9872,9792
8553: 8554,8620,8485,8486,8619
8554: 8553,8620,8486,8487,8555,8621
8555: 8556,8621,8622,8487,8488,8554
8556: 8555,8622,8488,8623
8557: 
8558: 8624,8490,8491,8559,8625
8559: 8625,8560,8491,8492,8558
8560: 8559,8492,8493,8561
8561: 8627,8494,8493,8560,8562
8562: 8628,8494,8627,8561
9961: 9731
8564: 8631,8630,8565,8496,8497
8565: 8564,8631,8497,8498,8632
9418: 9424,3437,3240
8567: 8568,8634,8499,8500,8633
8568: 8567,8634,8635,8500,8569
8569: 8570,8636,8502,8568,8635
8570: 8569,8636,8637,8502,8571
8571: 8572,8638,8570,8637
8572: 8571,8638,8639,8505,8573
8573: 8574,8640,8505,8572,8639
8574: 8573,8640
9458: 9310,7859,9354,9550
8576: 8577,8508,8509,8642
8577: 8576,8644,8509,8578
8578: 8579,8645,8577,8644
8579: 8578,8645,8646
8580: 
8874: 8817,8873,8927,8818,8928
8582: 8648,8649,8583,8515,8514
8583: 8582,8649,8515,8516,8584,8650
8584: 8651,8650,8516,8583,8585
8585: 8651,8584
9754: 9885,9738
8587: 8588,8654,8519,8653
8588: 8587,8654,8655,8589
8589: 8590,8656,8521,8588,8655
8590: 8589,8656,8522,8657
8591: 8657,8658,8523,8524,8592
8592: 8524,8525,8591,8658,8593,8659
8593: 8659,8660,8592,8526,8525,8594
8594: 8661,8526,8527,8593,8660
9718: 
8596: 8529,8597,8528,8662,8663
8597: 8529,8530,8596,8664,8663
8638: 8571,8572,8639,8637,8701,8702
8599: 8666,8665,8531,8532
9800: 9787,9892
8601: 8731,8667,8533,8602,8668
8602: 8535,8601,8669,8668,8603
8603: 8602,8535,8537,8669
8995: 9044,8942,8943,9043,8994
9213: 9212,9545,9186,9187,9234
8606: 8670,9436,8539,8607
8607: 9413,8539,8540,8606,8670
9305: 6137,6136,9306,9265,9471
8609: 8542,9426,8610,8672,8673
8610: 8544,8611,8674,8609,8673
8611: 8544,8610,8674,8675
9439: 10,9527,9,9473,9468
8613: 8614,8676,8677
8614: 8548,8613,8677,8678
9085: 9126,9127,9041,9040,9084
8616: 8550,8549,8680,8679
9149: 9182,9150,9181,9111,9112
9089: 9130,9088,9131,9045,9044,9090
8619: 8553,8620,8682,8683