14621: 13082,12921,14756,13089,14273,14733
28593: 
13143: 13172,14109,14522,12920,14573,15374
14985: 15205,14511,15531,13967,14403,15171
12849: 14993,13018,13286,14916,14440,15428
14615: 13645,13106
14328: 12985,12944,12913,13745,14787
15299: 12858,15100,14093,14113,14400
15380: 14770,13698,14929,15750,13491,14338
15145: 15212,13773,15738,14709,15641
13511: 13300,14024,14116,13188,14613,14267
13765: 14234,13952,13209,15486,13550,15179
14273: 14733,14930,13097,14621,13089,14502
15510: 14731,15167,15036,13399,13590,13910
14172: 15052,13441,13805,14186,15796
15340: 15535,14269,15351,13479,13879,13605
13959: 15320,13700,14764,12888,13747,15071
14722: 12905,15005,15495,13402,15414,13322
15448: 13559,15675,15363,13657,13791
13438: 13832,15586,14646,14382,14833,14013
14250: 13151,15162,14556,15150,14681,13489
13724: 13910,13844,14154,13476,15487,13796
13533: 14179,15115,15735,14560,15795,15010
12829: 13240,13050,14651,13491,15760,14338
12939: 14352,14518,15011,13144,13641
12855: 14641,14777,13604,14705,14565,14729,15514,15555
14343: 13761,14769,15386,15229
13151: 13114,15162,14250,14048,12899,15150
13942: 13055,12896,13974,14739,14643,13935
15785: 13984,13583,13292,13078,14155,14507
13420: 13226,15338,15456,14762,12960,13839
13886: 13657,15113,15344,14353
14390: 15799,12869,15546,15571,13763,13378
14436: 15551,14225,13996,13168,13225,13777
13061: 13987,14772,14543,13036,15628,15070
14824: 14649,12914,15279,14882,15752,15224
15666: 15368,14007,14151,13670,13892,15211
13488: 13471,13850,14552,13804
14556: 13531,13317,13316,15162,14250,13489
14112: 15362,15632,13794,13603,12983,14505
13025: 15591,14571,13735,13908,14776,15060
13894: 14745,14470,14645,13412,15129,14840
13263: 13208,14995,15352,15311,13207
12840: 14532,13474,15304,13768,13744
14405: 13728,13564,15056,13921,12852,15178
14881: 14632,14483,13476,13729,13042,13793
15804: 13357,15176,15369,14503,15443,14884
13753: 15713,13866,12984,13171,13740,15200,12922
14598: 14485,15474,13711,14784,15189,14845
15338: 13226,15151,13420,15283,14762,14928
14998: 14815,15323,13175,13574,14844,15751
14252: 12976,13200,15650,15141,13201
14488: 15103,14506,13346,13019,15230
15372: 15503,14644,14450,15770,13650,13801
15484: 14956,14420,13642,15420
15779: 15627,15795,15222,13236,12856,13345
14108: 15261,13336,12956,15187,15791,14467
13302: 14039,14863,15786
15116: 13506,13688,13975,14327,13773,14190
14833: 13884,14699,14013,14382,13692,13438
15737: 14865,15152,14636,12982,14494,15559
15482: 15473,13825,13489,13531,14294,13347
12958: 15222,12856,15455,14021,12908,15645
15178: 15560,12852,14405,13564,14690,13764
15254: 15399,13319,15691,13685,15320,13700
13948: 14721,13913,14146,14515,14594,13238
14438: 15105,14322,15371,14585,14980,14606
14923: 15599
15373: 13358,13714,12876,15635,13425
14809: 
14802: 12998,14085,13027,15573,14758,13964
13070: 13880,15382,14264,13780
15519: 14476,13328,13889,14479,14804,13752
15363: 13657,15675,15448
15792: 15738,15563
14683: 13372,12915,15164
14079: 14265,13873
15791: 15187,14384,13336,14108,14460
14024: 13300,13511,15146,14613,13252,14519
15721: 13630,15598,14552,13877
12911: 13309,15697,13969,14001,13449,14550
15760: 14338,13066,13333,12829,14651,13218
15698: 13704,14611,13546,13593,14041,14092
14920: 14099
14650: 15371,15447,15419,12969,14606,13890
15002: 15806,13986,15155,15722,13179
15244: 14573,13356,12920,15782,15305,13573
14178: 15440,15759,15742,12832,13885,12933
15730: 14851,14627
15150: 15450,14681,13151,14250,14048,15389
14893: 15493,13022
15332: 15593
15296: 14522,13237,13857,14930,14109,15139
13814: 15478,15774,13133,14233,15690
14323: 13431,14261,14962,15453,14365,15773
14369: 13916,14827,14883,14593,13503,14209
14361: 15657,13838,14838,13376,14741
15293: 13515,15515,15261,14094
13301: 13674,12863,14946,15663,14852,14785
14921: 14451,14143,14332,15740,14972,15813
15092: 15511,14867,13478,15508,14364,13361
15201: 12830,15492,15428,15415,13627,14477
13808: 14104,14191,13532,14608,14210,13381
14929: 15380,14770,15247,14579,14338,13066
14999: 15143,15617,14757
15024: 15249,15180,13081,15017,12973,14605
12932: 12893,14891
13297: 12879,13280,13601,13021,15530,14057
15745: 14435,15500,15333,13397,14457,13602
14391: 13277,14127,14496,12997,13047,15712
15688: 13432,13883,15195,13480,14074,15693
13010: 
14186: 12985,13119,14172
15403: 14148,15038
14808: 14139,15689,15276,13190,14235,14489
13553: 14434,14326,14394,14268,14976,13095
14742: 
14585: 15316,13810,14980,15105,15523,14438
15343: 14134,13313,15783,14793,15147,15460
13793: 15702,13414,14609,13729,14881,14483
13952: 14234,13765,15486,14588,13197,14504
13414: 14156,14609,15421,13729,15068,13793
13938: 14710,13224,12874,13632,15245,15444
13222: 12850,15094,12924,14220,13096,13861
14594: 14646,15274,12824,14721,13948,13238
13281: 14090,14574,13443,14392,14776,13834
15589: 14257,15479,13836,13928,15193,14871
12994: 15414,13322,13695,13858,14817,13926
14666: 14081,14195,14351
12990: 13572,14274,14255,15157,14859,13823
15427: 15174,13895,14588,13614,14604,14571
13181: 13288,14147,13496,12881,15669,12846
13503: 14781,14593,15240,14281,14850,14369,14827
15370: 
13646: 13264,13152,14135,12870,15759,14905
14828: 14641,12847,13767,14363,15165,14705
14489: 14348,14212,15077,15276,14808,14139
13278: 12892,14452,12900,13093,15015,13415
13446: 13901,15724,13852,14602,13039,14378
13267: 15578,13905,15315,14100
12936: 13172,14109,15139,14473,15086,13812
14448: 15807,13215,13968,12942
14606: 12969,15197,14438,15371,14650,14980
15139: 12936,14109,14930,15296,15086
15061: 15167,13920,13590,14820,13891,14149
15761: 13071,13683,14878,13045,15326
14898: 14836,13661,15498,14254,13626,14433
14812: 15214,13184,14578,14676,13017,12927
14428: 14899,15775,14415,13925,13057,12828
13873: 13283,14826,13068,14079
14003: 14857,12900,13093,14376,15464,13589
13119: 14186,12985,12913,13250
14949: 13144,13641,13803,14168,13329,13041
15420: 15484,13642
13833: 13652,15656,14713,15715,13142,14592
14835: 12923,14060,15210,13853,14558,15007
13248: 15629,13428,14952,13290,15762,15367,12957
14477: 13483,14685,15769,15201,15492,13627,14591
14532: 14329,12840,15346,15304,13943,13668
12965: 13775,14300,14663
15418: 14924,14707,13436
15253: 13803,14614,13348,12904,14284
15645: 12908,13343,13087,15222,12958,14179
13684: 14495,13325,14918
15654: 13548,15096,14842,15503,13736,13737,15643
14587: 13245,13780,15286,13307,12923,14060,14264
12896: 13055,13942,14739,15597,13310,13822
15557: 15744,15623,15529,14675,12818,14832
15506: 15122,13454,15301,14990,14263,13542
15151: 13226,15338,14444,15475,15283,15474
13924: 13187,14396,15354,14982,14538,15089
14364: 15508,12977,15092,15511,14131,14215
15432: 13289,14936,15087,15458,14637,13689
13976: 13444,15104,15574,14237,14618,15314
13286: 13828,13906,14916,15680,14993,12849
13583: 15785,13984,14728,14555,13292,13092
13702: 
13044: 13945,14642,13487,14456,15042,14743
14912: 13127,13122,15057,14659,14603,13595
14351: 13354,14040,15678,14195,14081,14666
14642: 13044,13945,14504,15486,13487,13270
14684: 15450,14681,15618,13825,13577,14553
14179: 13533,15735,15645,13087,15222,15795
15238: 13466,13074,13903,14416,12868,12831,13124,14782
15434: 13052,15349,13007,14795,13867,14562
15071: 15033,15306,14764,13959,13700,14102
13124: 15491,13723,15238,14416,12831,14782
14543: 15512,13036,13061,15070,14671
13839: 15409,13099,13420,14318,15456,12960
15608: 15200,13638,14363,13516,14487,13217,15065
13299: 14945,15686
14214: 15173,15790,15771,13820,15542
14322: 14097,15105,14438,14481,14702,15371
15261: 14108,15515,15293,12956
12814: 14704,13872,14078,15564,14839,14568
14027: 13459,14906,13484,15706,15710
14338: 15760,13066,15380,14929,13491,12829
14601: 15726,13394,15626,14464,13778,12988
15573: 13207,14758,15352,14822,14802,13027
13398: 13348,13947,14614
14559: 15419,14726,15003,13328,15457,15447
15579: 14945,15686,15708,13406,14778
12838: 14237,15449,15677,14320,15574,13662
14751: 13368,13821,15284,15539,13365
13957: 13678,12815,13501,13456,13939
14861: 15393,14480,14905,15184,12933
13708: 13434,14971,14486,14069,14404
14926: 12898,13060,13784,13327,14497,13972
13230: 13828,13906,14344,13260,13072,14005
13930: 14830,14582,13575,14924,14917
15530: 15311,13021,13297,13208,14520,14057
15590: 14544,13243,13421,13149,14117,14610
13496: 15125,13738,12881,15669,13181
13794: 14112,15362,15700,14505,14975,14717
14496: 14391,14127,13246,12963,13134,15712
14134: 15343,13313,15783,14849,15033,15306
13928: 13845,13399,12859,13836,15589,15193
15669: 12846,14803,13024,13496,12853,13181
15801: 14284,13525,13329,14293,14657
15662: 15499,14618,15314,13482,15502,14779,13497
13781: 15237,15190,12886,13418,12999,13114
12826: 13342,14854,15466,13931,12947
14939: 14408,15596,14221,14055,13481,13174
12919: 14056,15452,15600,14333
14535: 15633,14115,12816,13673,14816,14987
13240: 12829,13050,14651,15585,13655,14914
15390: 15305,14576,15155,13841,13854,15806
13266: 15469,12964,14767
15472: 14447,14279,15324,15748,12817,13467
13361: 15508,14577,13478,15092,13917,14759
14798: 14427,15528,14185,12857,13865
13841: 13832,15782,14013,13854,15305,15390
15538: 14918,14934,14166,15767,13239,13325
14990: 12859,14263,14638,15506,13542,15703
14063: 13584,14694
14580: 14038,13647
14226: 13115,15747,14877,13911,13650,15096,15220
13690: 14764,15134,13475,15091,12888,14110
14624: 13898,13149,12833,13142,14117,14171
13732: 12835,14993,13018,14888,13739,15769
13994: 14401,14272,14639
13936: 14778,15346,14547,13406,14960
15755: 12942,15308,15037,14981,13826
13899: 13748,14231,13566,14258,15461,13231
13096: 15264,15470,14220,14317,13222
15731: 13678,12815,14710,13224,13932,14037
15246: 13409,15379,15391,15144,15604,13393
14429: 14142,15392,14983,14619,15173,13469
13085: 14982,14652,13393,15083,15622
12979: 15477,15439,15501,15743,14359
14301: 
13463: 13738,14680,14891,15138,13887
13442: 14074,15561,13435,15387,13049,15797
14844: 13574,13598,13664,14105,14998,13175
13421: 15590,13243,14219,14610,13639,14251
13212: 13816,14771,14967,13357,15176
14354: 13428,14443,13680,13445,14662,15135
14696: 15117,12976,13725,15660,13051
13213: 15019
14944: 15348,14872,13967,15280,14730,15522
13147: 15069,13625,15717,14850,13457,14281,13107
14706: 14584,15592,15615,15295,13026,14430
15562: 15170,14299,12952,13721,15685
15309: 15593,15156,14792
14877: 13115,14226,14070,15395,13256,14357,15220
12931: 14902,13567,15016,28589,15294,15793
15051: 13611,14268,15736,14232,14910,14562
13848: 13631,13550,15431,15179,13452,15647,13896
15050: 15088,15384,15664,15732,15385,15656
15115: 13533,15735,13258,13671,13173,15010
13544: 14374
13743: 13898,13149,13929,13057,14661,14544
15406: 14590,15250,12842,15028
12886: 15190,13781,15213,13114,15162,13316
14350: 14023,15720,15412,14724,15788,13065
15750: 13104,12929,13491,15331,15380,13698
15278: 14124,13585,14308,14719,13686,15695
13277: 14391,14127,12997,13064,13769,15658
15534: 
13319: 15254,15399,15114,15691,15336,12934
13174: 13868,15597,13481,15084,14939,15596
13412: 13569,14550,15129,14840,14796,13894
14483: 14881,14632,13793,14971,15702,15570
13911: 15770,13650,14567,14531,14226,15747
13562: 13350,13580,15018,13162,15194,13493
14143: 14451,14921,15221,14423,13183,13352
13458: 14640
14309: 15496,14847,15027
13520: 14911,13477,15452,13795,14582,14333
14237: 12838,15449,14740,15574,13976,14618
15091: 13507,13639,13909,15134,13690,14110
14952: 15135,15081,13428,13248,15367,12957
13173: 13664,13671,15115,13258,13164,14381
13378: 14058,13386,13554,15546,15799,14390
14359: 13162,13694,12979,15018,15439,15501
15322: 15023,15216,14324
13889: 13396,15716,14479,13752,14312,15519
13823: 15677,15451,14859,13519,14274,12990
12839: 13005,15255,14101,15812,14967
15057: 13127,14912,13122,14124,15584,13177
14554: 
14403: 13960,14133,15171,14985,15531,14439
15400: 14310,15567,14105,14036,15749,13598
14236: 13713,13983,13920,15631,14759,15727
12864: 14907,13649,13481,15397,12909,14221
14304: 13645,13342,14111,14586
13809: 15462,13676,13140,13934,13108
14685: 14477,13483,14661,13978,14591,13440
14730: 14944,15280,14061,15522,13067,14768
13822: 15001,14737,15596,15597,12896,14739
15308: 12942,15053,15755,13970,15037
15089: 13455,14943,13924,15354,14538
13858: 14723,13349,13153,14817,12994,13695
14497: 13784,13306,13009,13535,14926,13972
14410: 13625,15717,13737,13262,13145,15643
15777: 15117,13201,14595,15378,13392,14140
15142: 14408,14737,14811,13339,13568,15518,13121
15732: 12854,15719,15385,15050,13652,15656
13003: 14785,13543,14946,13471
15441: 14955,14512,14292,13309,15697
14246: 14612,13037,13079,13672
14933: 14044,13274,15714,13787,15060,13908
15257: 14402,13492,14164,15527,14858,12962
14784: 13326,13163,14330,13711,14598,15474
15344: 15281,14353,13540,13835,13886,15113
14860: 15085,13039,15784,14378,14034
15576: 13628
15141: 15650,13497,15502,13200,14252
13104: 12929,15750,13491,13973,15045,13050
13657: 15363,13886,15448,15113,14181,13791
13595: 15535,14603,13193,14659,13500,14912
14121: 14386,15642,14032,13931,15553,14098
14851: 15730,14431,15521,14813,13426
14148: 15403,14153,15038,13991,14199
13311: 14464,14330,13163
13329: 15801,14284,13803,14949,14293,13041
12823: 15297,13203,14834,15107,13370,14951
13759: 15411,13897,15746,15480,12975
13764: 15376,13564,15178,13259
15326: 13219,13615,14878,13071,15761
13790: 13599,14018,13907,15537,14786,15206
14050: 14491,14132,14311,15405,15625,15307
15614: 13768,13647,15304,13523
14185: 15599,12857,13644,14798
14637: 15009,13689,14340,15545,15432,15458
13209: 14234,13765,15547,14471,15494,13550
15460: 15202,15242,14793,15343,13313,13547
14434: 14591,13553,14326,13611,13627,14268
13483: 14477,14661,14685,15769,13929,14888
15492: 15201,15428,13018,13627,14477,15769
14800: 
12948: 14644,14450,15270,14509,12980,13673
13223: 13254,13116
13260: 14344,13541,14227,13154,14005,13230
15140: 14085,13656,15303,14521,14631
13236: 12856,15067,15172,12898,15779,13345
14291: 14388,13462,12977,13771,14853,13691,14321
15291: 13465,12820,12966,15540,13869,13772
13666: 14906,14727,13862,15583,14253,14620
14028: 13731,14660,13086,12903,13579
13161: 14490,14799
13373: 14989,13849,14031,15408
14663: 15610,12965,13937
13476: 14881,14632,13042,13724,13844,13796
13847: 13048,14087,13257,15362,14720,15700
14692: 13757,14319,15269,14708,13879,14305
13272: 14960,13668,14950,13811,13280,13601
13134: 13246,15223,13904,14277,14127,14496
13953: 15044,13863,13621,14115,12943,15273
14276: 15711,14466,14106,14765,14162,14491
13303: 13216,13155,15032,13321,13242,13429
15794: 13062,14404,13383,14583
14414: 15233,13914,15227,12929,13973,14052
15099: 14628,13950,12882,14174,15622,14396
13034: 13229,13486,15336,14102,15691
13917: 14759,14020,15727,14577,13361,13220
14064: 14457,13447,13011,13150,14874,15648
14626: 14247,14425,13786,15577,13603,15632
14476: 13328,15519,15457,14804,15241,15008
14900: 14453,15753
14609: 14156,13414,14716,13793,15702,13770
13693: 13555,13722,13624,13291,15595,13551,14574
15456: 14318,13196,13226,13420,13839
14384: 12937,14671,14317,13336,14346,14460,15791
15533: 13019,13940,13806,14107,13584,14506
13850: 14946,13471,13488,13804,14852,15239
14997: 14629,13993,15402
13596: 15011,15014,13921,15056
13877: 14297,15327,13630,15721
13117: 14146,14515,14870,13835,15154,14449
15149: 13902,15126,13485,14207,13916,14883,13512
14336: 14100,15620,13383,14583,15417
14461: 13340,14054,14175,15566,15726,15106
14149: 13713,15459,13891,12963,15061,13920
14381: 13164,14557,14703,13664,13173,13175
15605: 14823,13575,14924,14707
14963: 13755,15739,13750,12998,13964,13343
15385: 15719,15732,15490,15384,15050,13379
15148: 12874,13632,13372,15659,14035
15726: 13394,14601,14175,14461,15106,12988
15412: 13528,15347,15670,15720,14350,14724
15490: 13043,13315,15384,13379,14936,15385
15640: 14203,13451,14138,13940,13806,12822
13347: 13513,14697,15485,14294,15473,15482
15073: 14841,14639
13960: 14403,14133,15171,13362,12992,14445
15102: 13073,13192,15058,14366,14505,14975
13768: 15614,15304,12840,15659,13744
15725: 13118,12945,15341
14916: 13286,13828,14456,15042,14440,12849
13087: 13343,15645,13750,15621,14179,15735
14515: 14146,13117,14870,13948,13238,28677
13056: 13295,14377,13462,13620,15683,13659
13598: 13574,14238,14844,14105,14310,15400
13874: 
13710: 14370,14289,15803
15143: 14563,14999
13309: 15697,12911,13969,14292,15441
14564: 
14310: 15567,28678,28675,28680,15400,13598,14238
14899: 14428,13227,15775,15471,13925,13739
15575: 
15255: 13005,12839,15812
13588: 15364,14303,15536,13887,13760
14528: 13788,14741,14665,15391,15541
13385: 14527,15369,13513,14697,15203,13840
14788: 15325,12897,15457,15008,14633,14726
13121: 15001,13634,14737,15142,15518,15723
14229: 14341,13597,13295,13038,14073
14007: 15666,13670,14203,15211,14205
14511: 15205,14985,15531,12884,12978,14873
14367: 14746,14290,14153,14296
13789: 14298,15265,13613,13389,12873,13681
14491: 14050,14311,15405,14162,14466,14276
14523: 12986,15771,13820,15649,14804,15241
13118: 15725,12945,13214,14961,14002
15532: 15137,15629,14443,13782,15318,13498
13428: 15629,14443,13248,14354,15135,14952
12916: 14973,14258,15461,14817,14723,12930
13640: 15163,12970
13785: 14270,14004,15383,13422
15239: 12950,14852,13804,15527,14858,13850
15088: 15360,13015,15384,15050,15664,14315
15437: 14697,15485,12875,13156,15066,15203
13170: 13779,14188,13239,14760
13585: 15278,14124,15584,14531,15695,14567
14469: 15683,14630,15587,14339,15507
14593: 15240,13503,14369,14209,15180,14302
14813: 13426,13425,14431,14678,15635,14851
12873: 13389,14043,13789,13681,14255,15157
13436: 14917,15078,15418,14355
13896: 13541,14227,13270,13631,13848,15179
14445: 13510,14672,15221,13362,13960,14133
14256: 14399,15619,14780,14490,13864,15252
13058: 13956,12987,14766,14658,13404
13866: 13753,12984,13171,13508,13184,13665
13224: 13938,14710,15444,15394,13678,15731
15529: 15744,15623,15557,15259,15269,13338
13897: 15411,13759,14734,15469
13852: 14602,14282,13187,15354,15724,13446
15193: 13590,14871,14820,15589,13928,13399
14278: 13079,13254,13861,13965,15754
13063: 13726,13995
13867: 14910,14029,14562,15434,14795,14533
14736: 13017,15285,14774,14308,13407,13686
14040: 14351,13259,15678,13763,14516
14234: 13952,13209,13765,14471,14588,13614
13719: 14984,13876,12825,14950,12879,13280
15388: 13424,13028,13529,15681
15376: 15678,14195,13764
14721: 12824,13635,13913,13948,13241,13448,14594
14019: 13482,15132,14880,15500,13232
15584: 14124,13585,15057,13035,14567,13177
15284: 15539,12961,13821,14751
14140: 13392,14616,15117,15777
13755: 15739,14963,15729,12998,13656,14242
13426: 14813,13425,14851
13368: 13140,14751,13934,15505,13815
14647: 13116,13880,15754,14089,13176
14217: 13663,15768,14895,13167,13870,14791
13526: 13103,14371,14054,12928,13619,14752
12964: 15224,14734,14783,13266
14544: 15590,13243,13440,14661,13149,13743
12848: 15215,13304,13443,12871,15757,14395
14864: 15780
13189: 14631,14962,15729,15319,15773
14401: 13994,14272,14025,13249,12889
13250: 15429,12913,13119
13359: 13779,14188,28659,13334,14306,14540
14372: 13921,12852,15011,13144,15435
15772: 13205,12905,15495,28675,28680,14157,15237
12942: 15053,15308,15755,13968,14448,14981
14039: 13302,14183,13195,13971,15707
14577: 15508,13361,13917,13220,13305
13993: 14629,14997,14245,12910,15168
15136: 13401,14053,13196
14379: 14017,13485,14207,13560
14331: 15364,14442,15138
13776: 13932,14748,12819,14986,13979
14286: 13095,14006,14029,14976,15523,15316
13475: 14764,15134,13690,15339,15783,15033
14688: 13651,15066,15256,14595,13966,15302
14212: 14348,15077,14489,12872,13369,15217
15682: 14965,15298,14625,12974,14770,15247
13163: 14784,13326,13311,13682,14330
14002: 12941,13118
13546: 14611,15698,13951,15543,13593,14895
15213: 14206,14062,15190,12886,14141,13316
15120: 13504,13904,15323,13091,15751,13741
15636: 15021,14947,15679,12901,12827,14324
13796: 15487,15439,14632,13476,13724,15477
14988: 13597,14285,13592,12858,14589
13674: 13043,13315,15182,13301,12863,15663
15524: 15502,13200,14779,14307,13033,14295
13978: 14685,14591,14326,13440,15025,14413
15025: 13243,13440,13978,14219,13006,14413
12961: 15284,15539,15048,14022,15701,15329
12827: 13882,15216,14324,15021,15636,14083
15509: 13721,13022,15685
14474: 13754,15226,12883,13830
13407: 15609,14308,14744,14578,14736,13017
13454: 15122,15506,15301,14184,15728,13090
13459: 13762,15153,14027,13484,15710,14627
13062: 15794,14404,13985
13317: 13531,14556,13316,14206,13252,14664
13760: 15616,15611,13588,14303,15536
13607: 14119,14409,15581,13608,14500,13110
13739: 13925,14888,15471,12835,13732,14899
15415: 13611,13627,15131,14232,12830,15201
13926: 14896,12930,13643,14817,15414,12994
15716: 13396,15289,13889,12865,15004,14312
15041: 14521,13797,15000,14822,15046,13027
15158: 14964,14417,14682,13268,15618,13746
14513: 12887,12907,14686,15742,14575,15440
13704: 14611,15698,14182,14092,14879,15349
15268: 13356,14599,12920,15229,14522,13237
13273: 13909,14965,15247,14579,14110,13534
13179: 13962,15169,15155,15002,15231,13610
15582: 13298,13570,15359
13166: 15416,12892,15568,13636,15580,13918
14008: 14823,15550,14707
14610: 13507,13639,15590,13421,14117,14165
13235: 14712,15504,13261,13751,14033,14163
13356: 15268,14599,12920,15782,13364,15244
13821: 14198,13439,15284,14751
14590: 15406,15250,15028,14547,13943,13523
15128: 14129,14537,14517,12832,14889
13774: 13472,15294,15793,14772,12894,14462
13934: 13368,13140,13809,13108,13082,13815
13132: 14204,14025,12967,14548,15610
13505: 13350,15631,14154,14731,13983,13580
15558: 13946,13193,15387,14659,13265,13271
13148: 13007,15093,14795,14481,14969,14097
15473: 15482,13825,13577,13513,13347,13961
13629: 14718,13417,14978,13881
14289: 14526,14691,14919,13710
14374: 13544,13331,13416,15204
13842: 14385,13725,14880,14192,13989
15160: 13008,15339,13388,14165,13507,15134
15383: 13422,13642,13785,14420
15771: 12986,14523,13820,13269,14214,15790
13434: 13708,14971,15570,14404,15743
14962: 14631,13189,15667,13431,14323,15773
13372: 14683,15164,15659,15148
13972: 13748,14231,14497,13009,13060,14926
14708: 13479,13879,15613,14692,13944,14305
15374: 14200,14573,13172,13143,14174,14628
14001: 15342,14222,13449,12837,12911,13969
14295: 15256,14307,13200,15524,13651
14620: 15521,15710,15583,13666,14906,14240
13920: 13983,15167,15061,13713,14149,14236
14480: 15393,14861,14180,15353
14487: 15285,13516,14774,15608,15200,13217,15065
14943: 15089,13455,15354,15724,14482,15267
15485: 13347,14697,15437,14492,12875,14294
13923: 12902,13996,15209,14078,13777,15564
15438: 14412,15704,14380,14386,15642,14654
15369: 14527,13385,14503,13840,15443,15804
13798: 13537,15498,13110,13918,15416,15581
13128: 14775,13961,12918,14527,14503,14890
12941: 14002,14961,13380
15252: 14581,12944,14256,15619,14144
15712: 14867,13047,12963,14391,14496,15459
15108: 14829,13494,15687
15335: 14966,14596,14015,12854,15097,13556
13455: 15089,14943,12890,14538,15181,15267
14257: 15589,15479,15251,13410,14871
14415: 14428,15775,14126,15040,12828,14315
13363: 13989,14192,14909
12918: 14775,13128,14667,15684,12860,14890
14518: 12939,15756,13827
13495: 15312,14084,13963,15655,13571
14834: 15107,13692,15517,13884,13203,12823
14131: 14266,13384,14682,15511,14364,14215
12978: 12884,15757,14511,15215,14225,14873
15265: 14298,13982,15054,13789,13613,13456
14560: 15627,15795,13461,13533,15010,13159
14454: 13432,14668,13182,14738,14222,15410
14785: 13003,15545,13543,14946,13301,12863
14820: 15193,13590,14871,13891,14383,15061
14083: 14056,15452,15021,12827,13882,13477
12821: 14313,15585,15166,15045,15423
12878: 15781,15103
14941: 13856,14498,14677,14014
13205: 15101,15772,12905,15237,15190,14141
13534: 12888,14579,14110,13747,15758,13273
13300: 13511,14024,15146,13188,13030,14508
15199: 14932,13247,13486,15336,12934,14356
13861: 15264,12850,13222,13965,13079,14278
13758: 14375,13131,13450,14087,14623,13818
14242: 15319,14608,15729,13755,15739,14210
13316: 13317,14556,12886,15213,14206,15162
14038: 14580,12915
15163: 13640,15191,14482,15267
12828: 15040,12833,14428,14415,13057,13898
15402: 14629,14997,14634,14884,15812
13456: 13613,13501,13957,15776,15265,15054
13204: 13135,14437,13775
15626: 14570,13394,14601,13778
15466: 12826,14810,13075,14193,13645
13176: 13880,14647
13164: 14381,14557,13088,14541,13258,13173
13820: 14523,15771,14214,15241,13922,15542
15277: 14058,13386,13567,14904,15793,13987
12999: 13160,14773,13418,14157,15237,13781
15601: 13855,14660,13165,14768,15764
13540: 15344,13835,15113,14181,13913,14146
13551: 14392,13787,13693,13722,13624,14574
14581: 15463,12944,15252,15619,14787
13197: 15174,14588,13952,14504,13663,13167
13594: 12949,12996,13129,14484
14101: 14884,15812,15176,12839
13699: 13014,14262,14713,15715,13388,13008
13086: 13178,12903,14701,14607,14028
14703: 14381,14557,14337,14815,15307,13175
14855: 15513,15634
13490: 14823,15161,14170,13988,15035
15190: 15237,12886,13781,14141,13205,15213
14076: 14473,15086,15481,13788,13409
13541: 13260,14227,13896,13631,13154,15366
14228: 15468,13094,15348,14071,12884,15205
12857: 14185,13856,14082,14798
13180: 14395,14202,13304,13617,12836,14216
13357: 15804,15176,14503,14890,14669,13212
14472: 13030,13444,15314,13033,14463,14779
15414: 12994,13322,13926,13643,15005,14722
13111: 15029,14080,15637,13472,15049,12894
14555: 14728,14082,13984,13583,14529
13389: 13433,14043,13231,12873,14298,13789
14892: 14432,14755,15355,13846,12949
15685: 15509,13721,15562,12952
13967: 14944,15348,15280,15205,14985,15171
13435: 13282,13480,13271,14074,13442,15387
14506: 15103,14488,14107,15533,13019,15781
14905: 15393,14861,12933,15759,13646,13264
13254: 14278,13672,15754,13223
14267: 14613,14062,13679,13185,14116,13511
14902: 13369,13567,15217,12931,13578,15016
13200: 15502,15524,15141,13201,14295,14252
13282: 14551,13435,13480,15345,13271,12866
13031: 13045,14846,15540,13869,13683
14277: 13741,14525,13064,13904,13134,14127
13752: 14312,15055,15003,13889,13328,15519
14956: 15484,14420,13071,13308
13269: 15552,14239,14818,12986,15771,15790
13987: 13061,14772,15277,13386,15793,13036
13891: 14383,13246,12963,14820,15061,14149
13898: 14624,13149,13743,13057,12833,12828
15743: 15501,13383,13434,12979,14404
14146: 14515,13117,13540,13835,13913,13948
15634: 13514,15513,14855
14072: 15661,12845,14837,15272,14432
14129: 15128,14537,15074,13387,12832
13076: 12862,14641,14777,13312
14465: 14825,14091,14572,14566,13658,13740
14068: 15352,14822,15046,14806,14915,14546
15200: 15608,12922,13638,13753,13171,13516,14487
15454: 14525,15422,14238,28678,13160,13654
13973: 15166,14052,15045,14414,13104,12929
14974: 15194,15537,14009,14118,15778,14786
13451: 14203,15211,15640,13264,13152,15090
13612: 14397,14053,14318,13196,12971
13663: 15768,13167,14217,13197,13945,14504
13313: 14134,15343,14849,13547,15460,13561
14938: 15235,13536
14772: 13987,13061,13774,15793,14462,15628
12974: 14843,13756,15298,15682,14770,13698
15364: 13588,14331,14821,14303
14499: 14753,15696,14878,15802,13045,14846
13098: 
14883: 14369,13916,15149,13512,14209,13539
13055: 12896,13974,13942,13310,14848,14536
15315: 14167,14583,14100,13267
15027: 14158,13549,14847,13314,14309
13107: 14992,14281,14782,13457,15069,13147
15468: 15367,12957,13094,14228,15348,14872
13473: 15029,14080,13307,13586,15286,15365
14307: 13033,14977,15524,13651,13156,14295
13744: 15659,14035,13390,13768,12840
14021: 13207,14758,14995,12908,15455,12958
13472: 28589,15294,13774,15637,13111,12894
12903: 13086,13178,13579,14427,15426,14028
15266: 15127,15728,13824,15789,15401,14184
13557: 13869,13772,15079,13683,14270
12867: 13068,14243,13499
14829: 15108,15687
14931: 14746,14290,14674
13039: 15085,14860,14602,13446,14378
13802: 13069,15580,14196,12861,14283,13648
15435: 14690,14235,14372,12852,14075
13437: 15231,13610,15467,13950,12882,14282
13244: 14981,14814
14566: 14958,13234,13658,13740,15713,14465
13477: 13520,14911,13113,15021,15452,14083
12890: 15030,14538,13249,13455,15181
15351: 15535,15340,15109,13500,13757,13879
15498: 13537,13798,13110,14254,13626,14898
14057: 14520,13784,13306,15530,12879,13297
15355: 15219,13846,14288,14892
13523: 13943,14590,15250,15614
14520: 13784,13327,14057,15530,13208,14913
12938: 
13754: 14474,15038
13422: 15383,13785,13405
15631: 13582,13350,13505,13983,14236,15727
13487: 14344,14227,13270,13044,14642,14456
13631: 13848,13452,12951,15366,13541,13896
15086: 14473,14076,15481,13097,12936,15139
13400: 15787,15317,15586,15274,14599,13364
13482: 15132,14019,14880,15499,15662,14385,13497
15055: 13752,14312,15003,14481,14969,14702
14747: 15594,14190,14925,13688,15744,12818
13905: 15578,13267,14100,13653,15417,13068
14049: 13709,14530,15765,13524,15258,13285
15545: 14785,13543,12863,14637,14340,15458
13059: 15395,15555,12926,14729,13903,12868,13256
15787: 13400,15317,15229,13792,14769,14599
15396: 14150,15044,13863,15547,15647,15431
13522: 14539,13888,15271,12887,14135,12870
13548: 14801,14842,15654,15069,15717,13737
15625: 14815,15323,13091,15307,14050,14132
13773: 15145,15287,15641,13975,15116,14190
13065: 15788,13696,15072,14350,13518,14724
13131: 13758,14375,14425,15013,14720,14087
15494: 14471,15082,15273,13863,15547,13209
15258: 14283,13285,13293,15765,13355,14049
14222: 14738,15342,14001,13449,14668,14454
13844: 13910,13724,13042,14316,15036,13476
14283: 15258,13285,13293,13648,12861,13802
14080: 15029,13473,13111,13586,15098,15637
14189: 15709
13383: 15501,15743,15794,14404,14583,14336
14047: 13348,14886,15780,13419,14244
13619: 15106,15225,14054,13526,12989,14752
13745: 14866,14874,14787,15796,12985,14328
15497: 14794,13218,14275,13333,13685,14876
13215: 14448,13468,14370,13968
14980: 14585,13810,14438,14606,15197,14994
14945: 15579,13299,15686,14335,15708
15526: 12850,13502,15382,13965,14089
15796: 12985,13745,14874,14172,13441
15488: 13004,14670,15513,13382,13351
14235: 14690,13190,15435,14075,15276,14808
13283: 14826,13873
13518: 14509,12980,14724,13065,13696,13046
14458: 15699
13908: 13025,13735,13274,14933,15060,15082
12822: 14937,14455,14205,14203,15640,13806
15004: 13157,12865,15716,15093,14969,14312
15602: 14297,15327,15208,15334,12861,14196
15646: 13195,15107,14870,15786,15154,15517
14245: 15378,13727,13392,12910,14629,13993
15003: 13752,15055,13328,14702,15447,14559
12898: 15172,13060,14926,13327,13236,15067
14346: 13037,14460,14384,14317
13168: 15159,13020,13225,15551,14436,13617
14264: 12923,14587,13780,13120,14012,13070
13083: 13009,13535,14524,14954,13320,14059
15780: 14886,14864,14047
14694: 15430,14063
14034: 13287,14750,14860,14718
12950: 13233,15663,15800,14852,15239,15527
15764: 14948,15601,13165,14768,13362,14672
12843: 
15006: 14711,14597,13622,15242,13547,12820
15336: 13034,13486,13319,15691,15199,12934
14412: 15690,15704,15438,15774,14380,14365
14337: 15405,15377,14679,14557,14703,15307
14689: 14836,13661,15800,15182,15360,13015
15058: 15102,13192,12940,14693,14975,14711
12953: 15353
14719: 14308,14744,13265,15278,14124,13127
15365: 15286,13206,13670,13473,13586
15619: 14399,14256,13521,14549,14581,15252
14846: 13031,13045,15540,15802,14597,13622,14499
13515: 15293,15359,14094
13310: 13868,15597,12993,13055,12896,14536
14984: 13719,13876,12825,13933,14534,14524
14416: 13466,13941,28658,15238,13723,13124,15520
14749: 13023,13786,15577,14698
15297: 13203,14288,12823,12845,14951,13846
15307: 14815,15625,15405,14337,14703,14050
14840: 13569,13412,13565,14327,13894,14645
13733: 13609,15588,15358,15655,13571
15553: 14098,14421,15612,14121,14032,14224
13625: 15717,14410,13147,13262,14850,14781
12910: 13392,14245,13993
14755: 14432,14892,13129,12949
12915: 14683,14038,15164,13647
14541: 13088,13381,15433,15621,13258,13164
13275: 13077,14325,14446,15607
15223: 13504,13904,15251,14383,13246,13134
14740: 14237,15449,14435,15499,14618,15132
15727: 13917,14759,14020,14236,13582,15631
13416: 13331,14444,14374,13326
15198: 15708,13406,14230,13032,14096,15218
14757: 15738,14709,14999,14955
15305: 14576,15390,13573,13841,15782,15244
14718: 13629,13417,15784,14750,14034
15800: 13233,15663,12950,14836,14689,15182
14249: 14208,13716,14285,14280,13592,12860
15095: 15262,13125,13120,14012,15185
13969: 13309,12911,12837,13517,14001
14533: 14097,15105,15523,14795,14029,13867
14700: 
13390: 13744,14035,13474,13933,14067,15245
13763: 15571,13354,14040,12869,14390
15146: 13300,14024,13030,14519,14358,14463
13227: 14899,15775,14433,13626,14119,15471
12816: 13145,15643,13673,14816,15270,14535
13066: 15760,14338,13333,14929,14579,15758
15813: 14972,13380,14451,14921,14818
14388: 13462,14291,13620,13691,14208,13716
14330: 13711,13251,14464,13311,14784,13163
13687: 13353,15281,14353
15706: 13484,15644,15300,14906,14727,14027
13106: 13645,14615,13075
14300: 14996,12965
13778: 14464,15626,14411,13413,14601
14723: 13153,13858,12917,14258,12916,14817
14756: 13956,13108,13082,14621,13404,13089
14191: 13808,13532,13799,12954,14608,15653
14059: 14231,13566,13083,13009,13320,13982
15610: 14663,14674,14051,12967,13132
13812: 15083,14174,14473,13172,12936,15379
15323: 14815,15625,14998,13091,15751,15120
13600: 13826,15476,14648
14099: 14459,14920,14077
14380: 15453,13799,14365,14412,15438,14654
15224: 12964,14734,14783,14649,14824,15752
14221: 12909,13344,14055,12864,13481,14939
12901: 15023,13351,15636,15679,14324
13259: 15560,15678,13764,14516,14040
15264: 13096,13861,14317,13079
15697: 13309,12911,15441,13569,14550
13190: 14690,14235,15560,14808,15689,14516
14572: 14465,14091,13767,13740,12922,13638
13492: 14402,15257,15527,13537,14254,13233
14009: 13162,13694,14974,15194,13126
14698: 15119,15124,13023,14749
14111: 14197,14304,14586,15549
15749: 13159,14036,14105,13671,15010,15400
13293: 14283,15258,13648,13355,14857,14376
15641: 13565,13975,14512,14709,15145,13773
14446: 14066,15607,14655,13275
12970: 13640
13221: 13371,13701,13922,14633,15542,13558
14206: 14613,15213,14062,13252,13317,13316
14165: 14117,13388,14171,13507,14610,15160
13566: 13899,14231,14059,14298,13982,13231
15195: 14848,15410,15688,13432,14551,13480
15762: 13291,13290,15595,15629,13248,13782,12957
15330: 15104,15574,13662,14016,15324,14763
13825: 15473,15482,13577,13489,14681,14684
14825: 14465,14091,15639,13658
14303: 14821,13588,15364,13760
14922: 13912,13004,14670
14485: 15283,14598,15474,15189,15397,13649
15156: 14792,14746,15309
15537: 14974,15194,13493,13790,13907,14786
13320: 14954,15630,13083,14059,13982,15054
13226: 15151,15338,13420,15475,13401,15456
13601: 13280,13297,13811,13272,13021,15039
13956: 14756,13108,13058,14927,15462,12987
15077: 14212,14489,15276,14293,14657,12872
13818: 14045,14342,14125,13758,13048,14087,14623
13836: 12859,14638,15672,15589,15479,13928
15176: 15804,13357,14101,14884,13212
14676: 14578,14643,14790,13935,15214,14812
14195: 15678,15376,14875,14351,14666
15617: 14563,14292,14999,14955
15348: 14944,14872,13967,15468,14228,15205
15059: 13305,14321,14754,14194,14630,13659
13188: 14116,14279,14763,13300,13511,14508
13417: 14718,13629,13881,14750
15183: 15321,13816,14093,14400
13761: 14343,14769,15386,12885,15505,13815,12921
14274: 13572,14016,12990,15677,13823,13662
14853: 14215,13746,13691,12977,13771,14291
15465: 15065,12880,13860,14120,14732,14761
15623: 15529,15557,15269,13587,14832,14305
14794: 15497,13218,14275,13169,13862,14253
13471: 14946,13850,13488,13003
15483: 15572,15507,14712,15504,15310
12960: 14762,12877,14347,13420,13839,15409
13080: 13783
14646: 15586,15274,14594,14382,13238,13438
14015: 15335,14596,13556,13073,13192,15112
14613: 14206,14062,14267,13252,13511,14024
13402: 14819,14036,13322,15567,15495,14722
14411: 13413,13778
13718: 12991
14630: 14469,15683,13659,15059,14754,14339
13656: 12998,14085,15140,15729,13755
14292: 15617,13341,13309,15441,14955
13654: 13160,14773,14525,13064,15454,15658
15644: 15706,15300,14362
14142: 14429,15392,14983
14527: 13385,15369,14503,13513,13961,13128
15011: 13596,12939,14372,13921
14774: 14736,15285,14487,15065,13860,13686
14136: 15515,15188,15512,14671,13336
13726: 14378,13063
15684: 13592,12860,14890,14669,12918,14589
13314: 14847,15411,13549,15027
15233: 15692,15031,15565,13914,14414,14052
13846: 15355,15297,14288,12845,14432,14892
12837: 15409,13099,13517,15342,14001,13969
13022: 13228,13721,14893,15509
13199: 13813,13133,15544
15455: 12856,15067,12958,14021,14913,14995
14743: 15042,14653,13044,13945,15768,13800
13602: 12968,14457,13447,15052,15745,13397
14787: 14866,13745,14581,15463,12944,14328
13397: 15745,15500,12968,13112,13602,13232
13113: 14911,13477,13988,15021,14947,15161
12998: 14085,13656,14802,13964,13755,14963
13931: 12826,14854,12947,14386,14121
13351: 15023,13382,15513,15488,12901
13854: 14699,14013,13841,15390,15806,15337
12969: 14606,15197,14885,14650,13837,13890
28652: 
15433: 14541,13381,15621,15739,13750,14210
14874: 13150,13745,15796,14064,13447,13441
12928: 13340,14054,13526,13103
14398: 13555,13722,12955,13981,15318,15398
14268: 13611,15051,14910,14976,14434,13553
14734: 12964,15224,15746,15752,13897
13589: 15249,14542,13081,14857,14003,15464
15789: 15401,13337,14184,13284,15266
13007: 13148,15093,14795,14879,15434,15349
12984: 15713,13866,13753,13508,15592,15615
14253: 15583,14725,14794,14275,13862,13666
15550: 13742,14008
15489: 14799
13219: 15326,13615,15696,14878,14125
14623: 13819,14735,13758,13450,13818,14342
14517: 15128,15196,14889
15045: 15166,13973,13104,13050,12821
13618: 13560,12995,14530,14687
13470: 15736,15131,14791,13800,14232,13955
12897: 15325,14788,14726,13002,14084,14901
12831: 12868,13374,13457,15238,13903,13124,14782
13285: 14283,15258,15208,13709,14049,12861
13837: 13890,13963,15655,12969,14885,13609
15552: 13352,14239,13269,14451,14818
13705: 14767,13707,14959
14538: 15030,12890,14982,13924,15089,13455
14352: 12939,14168,13641
15806: 15337,13986,15002,13854,15390,15155
14399: 14256,15619,14780,12819,13521
13202: 15001,13634,14739,15214,13665,13935
13591: 12993,14187,13182,12877,14347,14738
14839: 15130,15564,12814,13396,15289,14568
14552: 15598,15721,13804,13488
13154: 15015,13139,15366,13260,13541,14005
14233: 13813,15381,15478,13814
15164: 14683,13372,12915,15659
14318: 15456,13196,13612,13839,13099,12971
14261: 13431,14323,13294,15774,14365
14565: 12844,14869,12926,14729,13312,14777,12855,15514
15319: 12954,14608,15773,14242,13189,15729
15770: 13911,13035,13650,13801,14567,15372
14530: 13618,12995,13524,13709,14687,14049
14371: 15063,13526,13103,13391,14752,15075
13664: 14105,13671,13173,14381,13175,14844
14168: 13545,13803,14352,14949,13641
14760: 13170,13239,14934
15361: 12817,13467,13734,14043,14255,13572
14850: 13625,13147,14281,14827,14781,13503
14494: 12982,14549,13939,13501,14636,15737
15656: 13652,13833,15050,15664,14592,15732
14832: 13587,13680,15623,15557,14675,14942
14761: 13115,15747,14070,14120,12880,15465
14639: 13994,15073
15110: 13077,14325,13623,13026,13530,15295
14435: 15745,15500,15333,15449,14740,15132
15475: 13331,14444,13401,13226,15151
15034: 13538,15491,14103,13831,13723,13902
13409: 15246,15379,15391,14473,14076
13713: 14149,13478,15459,14236,13920,14759
14762: 12877,15263,12960,14928,15338,13420
15493: 14197,14893,13337,13284,13228
15234: 15118,15313
15481: 15086,14076,13097,13838,14169
13749: 14106,14224,13927,14032,14223,13706
13027: 14085,14802,14521,15041,14822,15573
13970: 13571,15665,15037,15312,12959,15053,15308
13011: 14064,14457,15451,15648,14320,15333
13819: 14623,14735,13450
15342: 14738,14001,14222,14347,15409,12837
13443: 14090,13281,12871,14395,13834,12848
14115: 15633,13621,14535,15044,14987,13953
13725: 15650,13842,13989,15660,12976,14696
15325: 14788,12897,14633,12925,13558,14901
15334: 14114,15208,15327,15602
15166: 13973,14052,13949,15045,15423,12821
14551: 13282,13480,12866,13974,15195,14848
14216: 15543,12836,14604,14202,13180,13895
15692: 15233,15031,13914,15197,14885,14994
15109: 13049,15797,13500,13757,12841,15351
14819: 13159,13402,14036,13461,13322,13695
14360: 14856,13864
13613: 13501,14636,13456,15265,13789,13681
15270: 12948,14644,13736,12816,15643,13673
14026: 13395,14475,13012,13391,15075,14655
15286: 15365,13473,13307,14060,14587
15056: 13728,14405,13596,15674,13921
15404: 15676,15426,14159,14427,15528,14529
14162: 15405,15377,14106,13927,14276,14491
15500: 14435,15745,13397,15132,14019,13232
12959: 13968,13137,15312,13970,15053
15426: 15404,14159,14427,12903,13579
13902: 14017,15126,13485,15149,13538,13831,15034
13682: 13326,13163
13694: 13162,14009,14359,15620,15501,13126
13572: 14016,14274,12990,14255,12817,15361
14293: 14075,15276,13041,15801,13329,14657,15077
14505: 12983,14366,15102,14112,13794,14975
13336: 14108,14136,14384,14671,15791
14209: 14545,13539,14369,14883,14593,14302
13947: 13398
12869: 15799,13186,14390,13763,13354,13298
14321: 15059,13305,13771,13462,14291,13659
14377: 13295,13056,15683,15587,15548,13038
14547: 14778,13936,15346,14590,13943
14114: 15208,13709,14687,15334
15249: 14542,15180,14302,13081,15024,13589
14596: 14966,15335,14015,15032,13321,13073
14504: 13945,14642,13952,15486,13197,13663
15594: 14190,14747,14925,15287,15123,14498
15228: 
12992: 14768,13362,15280,13960,15171
12940: 15112,15202,15242,13192,15058,14711
13521: 14037,14399,15619,14549,13939
15422: 13741,14525,15454,13574,14238,15751
14644: 15372,12948,15503,13736,14450,15270
13824: 14287,15266,15127,14421,15612,15401
13024: 15669,12846,14803,13431,13294,15667
15677: 15451,13823,14320,14274,13662,12838
13869: 13772,13557,15291,13031,15540
15591: 14604,13025,14571,14776,14202,13834
15773: 15319,12954,14323,13189,14962,15453
15599: 14014,14185,14923,13644
15133: 13797,15000,12881,14680,14935,13288
13239: 13779,13170,14166,15538,14934,14760
14830: 13795,28659,14582,13930,14540
15271: 12887,12907,14248,15718,13522,13888
15222: 12856,12958,15645,14179,15795,15779
13321: 15032,13303,14596,14366,13429,13073
14392: 13551,13787,15060,14574,13281,14776
15226: 14259,15328,15175,12883,14474
13662: 15330,15574,14016,14274,15677,12838
14770: 15380,13698,14929,15247,12974,15682
15765: 14545,13539,13355,13524,14049,15258
14894: 12981,14478,12851,14167
13835: 15344,15281,13540,14146,13117,14449
14668: 13432,13883,14796,14454,14222,13449
14224: 14106,14765,13749,14032,15553,14421
28658: 13466,13941,14416,13723,15520
14953: 13606,14145
14578: 14790,14676,14812,13017,15609,13407
15032: 13155,13303,13321,15111,14966,14596
14896: 13926,12930,13643,13875,15748,12912
13167: 13663,14895,14217,15174,13951,13197
14484: 13881,13594,12996
15185: 15292,15095,13120
14054: 13340,14461,12928,15106,13619,13526
14837: 15272,14072
15504: 14712,13235,14163,15483,13323
13918: 13537,13798,13636,15416,13166,14402
13486: 13034,13229,15336,12966,15199,13247
14500: 13608,13415,13072,14452,15581,13607
13127: 14912,15057,14719,14659,13265,14124
14525: 13741,13064,14277,15422,15454,13654
14219: 14625,13006,13243,15025,13421,14251
15040: 15664,12833,12828,14315,14592,14415
14284: 15801,13525,13329,15253,12904,13878
13194: 
15478: 13814,15774,15516,14233,13294
15114: 15399,13319,14725,12934,13859,13105
12904: 14244,14575,13878,13348,15253,14284
13468: 12972,12925,14370,13968,13137,13215
15119: 15124,15556,14698,13198
14713: 13652,13833,15715,15097,13014,13699
14569: 15189,14845,15763,15397,13210,12909
14852: 15663,12950,15239,14946,13850,13301
14385: 15650,13497,13842,13482,14880
14442: 13997,14331
12914: 13000,15423,15279,13949,14824,14882
14744: 15609,14308,13407,14719,13946,13265
14680: 13738,12881,13463,13887,14935,15133
13388: 14171,14165,15715,13699,13008,15160
13296: 13318
15443: 13029,13840,14634,15369,15804,14884
14763: 13188,14279,15324,15330,15104,14508
13123: 14745,14470,15561,13049,12841,14407
13478: 13713,15459,15092,14867,14759,13361
14711: 15006,14597,15058,12940,15242,14693
14130: 14170,15035,13377,15705
14707: 14924,15418,14008,15605
14419: 13783,15235
14074: 15693,15561,13442,15688,13435,13480
14634: 13029,15443,13727,14884,15402
15048: 14030,14022,12961,15329
13494: 15108,13112,14789,13253
14443: 15137,15629,13428,15532,14354,13445
14895: 13167,14217,13870,13951,14611,13546
13797: 14521,15041,15000,15133,15303,13288
13169: 15694,13655,13862,14651,14794,13218
14934: 15026,15538,13239,14760,14393
14314: 13849,14501,15408
13324: 13916,14827,13831,14992,14281,15126
14818: 14619,15813,15552,13269,15790
12846: 15669,13024,14147,13181,15667
13892: 14539,13152,12870,15211,15666,14151
14660: 14028,13731,13165,13579,13855,15601
14139: 14808,15546,15689,14348,14489,13554
14060: 14835,12923,15286,13206,13853,14587
14870: 14515,13117,15154,28677,15517,15646
13072: 13608,14500,13415,14005,13230,13906
14821: 14303,14230,14453,14335,15364
13419: 14686,13387,15074,14886,14047,14244
15023: 15322,13382,13351,12901,14324
15313: 15118,15234
15014: 15674,13596,13827
13135: 13204
14816: 13145,12816,14535,15236,13715,14987
13587: 13680,14832,13445,13944,14305,15623
14177: 14891,15138,12893
14748: 13932,13776,13632,12834,14986,14710
15511: 15092,14867,13047,14131,13384,14364
14531: 13585,12880,15695,15747,13911,14567
13009: 13083,13535,14497,13972,14231,14059
13632: 12874,15148,12834,13938,14748
13484: 15706,14362,13459,13762,14027
12830: 15201,15428,14440,14653,15131,15415
15260: 
13249: 12890,14204,14025,14401,15181
14141: 15190,15101,13205,13679,15213,14062
14887: 13228,13721,14122,15436,14299
13932: 14748,13776,12819,14710,15731,14037
15042: 14743,14440,14653,13044,14456,14916
14102: 13034,13229,14849,15306,15071,13700,15691
14656: 14714,14570
12824: 14721,13448,15317,15274,14594
15328: 13628,14424,15226,14658
13961: 14775,13128,15473,13577,13513,14527
13633: 15288,14422,14940
15094: 12850,13502,13222,12924,15049,14387
13146: 15756,14046
13225: 13020,13168,14468,14436,15130,13777
14370: 13710,14919,13468,12972,13215
12847: 14091,15639,13767,12862,14641,14828
14227: 14344,13260,13541,13487,13270,13896
12997: 13277,14391,13769,15290,13047,13384,13915
13344: 12909,14221,14055,13210,14797,15275
14383: 13891,13246,15223,15251,14871,14820
13981: 15177,15318,13498,13366,12955,14398
13630: 15598,15721,12962,13877,14297,15809
13211: 15359,14695,14081
15029: 14080,13473,13307,13111,15049,14387
14884: 14101,15812,15443,14634,15804,15176,15402
13075: 14810,13645,13106,15466
13734: 15361,13467,14973,13433,14043,13875
15790: 14214,15173,13269,14619,14818,15771
13766: 15548,13529,14868
13440: 14544,13243,15025,14661,14685,13978
14004: 14600,13016,15079,13785,13405
13571: 13970,15665,15655,13495,15312,13733,15358
13187: 13924,14396,15354,12882,13852,14282
13415: 14500,13072,14005,15015,13278,14452
14116: 13188,14447,14279,13185,14267,13511
15767: 14166,14540,14917,13325,15538
13885: 15184,14889,12933,12832,14178
14033: 15206,14339,13261,14712,13235
14710: 13938,13224,13932,14748,15731
14244: 12904,14575,14047,13348,14686,13419
14781: 13001,15240,13503,13625,13262,14850
15155: 14576,15390,15806,15002,15231,13179
13578: 12891,14176,15016,15357,14902,13369
13992: 14745,14645,13506,13338,14407,15259
14667: 14964,14553,14280,14775,12918,12860
14592: 15040,15664,12833,13833,15656,13142
13817: 15012
15766: 13411
15076: 14011,13413
13210: 14441,14569,15763,14475,14797,13344
14492: 12875,14519,14358,14294,14664,15485
15288: 13697,12946,13633,14422
14568: 15649,14479,14839,14704,12814,13396
14025: 13132,14204,13249,14401,14272,13937
14464: 13778,13311,14601,12988,14330,13251
15637: 15098,14418,28589,13472,14080,13111
14023: 13136,13366,12955,15720,14350,15788
13133: 13813,13199,13814,15606,15544
14791: 13470,13800,13955,15768,14217,13870
12913: 14144,13250,12985,13119,14328
14879: 13157,14092,13704,15349,13007,15093
15503: 15372,14644,13736,13650,15096,15654
13512: 12995,14207,15149,14883,13539,13524
15774: 15478,13814,14261,14412,15690,14365
13986: 15806,15337,15002,12895,15219
15049: 12924,12894,15029,13111,14387,15094
15467: 15231,13437,14200,14576,13573,13950
14662: 13292,13078,14942,13680,14354,15135
14466: 13375,15711,14276,14491,14311,15672
15664: 15040,14315,14592,15088,15050,15656
14164: 14402,15257,15809,13069,13636,12962
14051: 12967,14673,14290,15610,14674
14437: 13204
13652: 13833,15656,14713,12854,15732,15097
13944: 13587,13445,14305,14708,15613,15137
12868: 12831,13374,13256,12926,13059,15238,13903,14357
13203: 15297,14288,12823,14834,13884,15043
15638: 15019,14201
14865: 14862,15152,15737,12982,15463,14866
13067: 13101,13855,14061,14730,14768
14847: 14362,13314,15027,14309
13360: 14313,15585,15480,15445,12975,14914
12882: 15099,13950,13437,13187,14396,14282
14618: 15499,15662,15314,14237,14740,13976
13990: 13276,14175,14714,14570,13394
14498: 15123,14941,13013,14677,15594
14686: 13387,13419,15742,14244,14575,14513
14150: 15044,14987,15396,15647,15236,14349
12894: 12924,15049,14462,13472,13774,13111
14281: 14992,13107,13147,14850,13324,14827,13503
13354: 14351,13763,12869,13298
14396: 13924,13187,15622,15099,12882,14982
15321: 15183,14426
13094: 15468,12957,14228,13290,14086,14071
13413: 14411,15076,13778
14746: 14367,14290,15156,14931
13535: 13083,13009,14524,13876,13306,14497
14728: 15020,14555,15652,13092,13583
15629: 13428,15532,14443,13248,13782,15762
15066: 13651,13156,14688,15203,15437,13966
13042: 13729,15811,14316,14881,13476,13844
13175: 14815,14998,14381,14703,13664,14844
13998: 14927,14424,12987
15220: 15096,14842,14357,13115,14226,14877
15650: 14385,15141,13725,14252,12976
15394: 15630,14493,15444,13224,13678,15776
15096: 14842,15654,15220,14226,13650,15503,13736
15036: 13845,14316,13399,13910,13844,15510
15413: 12844,14869,13466,13941,13074
13862: 15694,13169,14794,14253,13666,14727
15069: 15717,13147,13374,13457,13548,14801,13107
13047: 15511,14867,15712,14391,12997,13384
15486: 13952,13765,15179,13270,14642,14504
13826: 13600,15755
14163: 13499,13751,15504,13235,14265,13323
13126: 14118,15417,15620,14009,13694
13637: 
13307: 15029,13473,15286,13245,14587,14387
13255: 
15391: 15246,13409,14528,13788,15541,15604
13017: 14736,12927,15285,14812,14578,13407
13345: 13349,13153,13236,15172,15627,15779
14867: 15092,15511,13047,15712,13478,15459
13057: 13925,13929,14428,12828,13898,13743
14258: 12916,15461,13899,13748,14723,12917
13004: 15488,14922,15064
15728: 15266,15127,14184,13454,15301
15248: 
15407: 13404,14502,14766,13581,14169,14838
15424: 
14213: 
13939: 14549,14494,13957,12815,13521,14037,13501
12921: 13082,13815,14621,13761,15386,14733
15337: 15806,13986,14699,15043,13854,12895
14460: 14346,13037,14384,15187,15791
15717: 15069,13625,14410,13737,13147,13548,14801
15491: 13831,13723,15034,13124,14992,14782
13507: 14610,13639,15091,14165,15160,15134
14495: 13684,13325,15078
15431: 13550,13848,13452,15396,15547,15647
14053: 15136,13196,13612
13510: 14445,14672,15221,14332,15243,15624
15693: 14074,15561,15688,13883,15129,14470
13570: 13298,15582,13186,15188
14715: 13675,14430,14958,13234
15741: 13711,13251,15225,12989,14845,15763
13177: 13528,15347,15584,13122,15057,13035
14512: 15441,14955,14709,15641,13565
15571: 13763,14516,15546,15689,14390
12832: 13387,15742,15128,14129,13885,14178
13537: 15498,13798,14254,13918,14402,13492
12835: 13732,15680,14993,15471,14409,13739
14457: 14064,13447,13011,15745,15333,13602
14930: 14273,14733,13097,15296,13857,15139
15235: 14938,15578,14419
13635: 14721,13913,14991,14181,13791,13241
28659: 13795,14830,13334,14540,13359
13406: 15198,15708,15579,14778,13936,15218,14960
13964: 14758,12998,14802,14963,12908,13343
13366: 14023,13136,12955,13605,15177,13981
13737: 15717,14410,13548,14842,15654,13736,15643
15135: 14952,15081,13078,14662,13428,14354
15681: 14073,13980,13408,13529,13028,15388
15147: 13008,15339,14262,14793,15343,15783
13068: 12867,13905,14826,13873
15585: 13360,12821,13240,13050,14914
15719: 12854,15732,15385,13379,15111,14966
13709: 14114,15208,14687,14049,14530,13285
14716: 14156,14609,15170,14299,13770
13268: 15450,15618,14266,14682,15389,15158
13678: 13957,15776,15731,12815,13224,15394
15280: 14944,13967,14730,14768,12992,15171
14797: 14475,13012,15275,13210,13344
13966: 13029,13840,15066,14688,15203,15302
15539: 15284,12961,15701,14751,13365,13669
14090: 14574,13281,14086,13443,12871,15595
14455: 12822,14937,14205,13206,13853,15007
12986: 14523,15771,14704,14239,13269,15649
13084: 13660
14086: 14090,12871,13290,15595,13094,14071
13019: 15533,13806,14937,14488,14506,15230
13810: 15316,14585,14218,14980,14994,13954
13032: 14230,15198,15611,14096
15247: 14770,14929,13273,14965,15682,14579
14210: 15739,14608,14242,13808,13381,15433
13195: 15646,13370,15786,14039,13971
13138: 13332
14901: 15312,14084,15325,12897,12925,13137
13101: 13067,13855,15676,14159,14155,14061
15295: 14706,14584,15110,13339,13623,13026
12930: 14896,13926,13875,14973,12916,14817
14297: 13877,15327,15602,15809,14196,13630
14408: 14737,14939,15596,15142,14055,13568
15035: 14170,14130,15705,13490
13697: 15288
14382: 13238,28677,13692,14646,13438,14833
13103: 15063,13526,14371,12928
15353: 14180,12953,14480
13012: 13395,14026,14475,14797,15275,13807
14251: 13909,14965,13421,14625,14219,13639
15350: 13051,15660
13305: 15059,14321,14577,13771,14194,13220
13543: 13003,14785,15545,14340
13340: 14054,14461,12928,15566
14652: 13085,14982,13393,15144,15030
13051: 15350,15117,14696,14616
13445: 13587,13680,13944,15137,14443,14354
13901: 15724,14482,13446,15191
15612: 15553,14098,14421,13109,13824
15718: 14248,15192,13878,13525,15271,12907
13140: 13368,13934,14198,13809,13676
15520: 14103,13723,28658,14416
14671: 12937,14384,14543,14136,13336
14936: 13379,13289,15432,15458,13315,15490
13218: 15497,14794,15760,13333,14651,13169
15620: 15501,13694,14336,13126,15417
15398: 15788,14152,15072,12955,14398,13722,13624
14871: 15193,14820,14257,15589,15251,14383
14329: 14532,13474,13668,14950,12825
15593: 15309,15332
13332: 13138,13805
13469: 14406,14429,15392,15173
14424: 12987,13998,13628,15328
14056: 12919,15452,14083,13882
14769: 14343,13761,12885,15446,15787,13792
15667: 14631,14962,12846,13024,14147,13431
13410: 13504,15251,14132,13091,14257,15479
14649: 14345,13527,14824,15476,15224
14886: 15186,15074,15780,14047,13419
14758: 14021,13207,15573,13964,14802,12908
14340: 14637,15009,15545,13543
13580: 15487,15018,14154,13350,13505,13562
15540: 13031,14846,13622,12820,15291,13869
13679: 13185,13919,15101,14141,14062,14267
12899: 15554,15290,13418,13114,13151,14048
14691: 14526,14289,13616,13158
13701: 13371,13221,14526,14919,13558
15384: 13015,15088,15050,13043,15490,15385
13556: 15097,13014,14160,15335,14015,15112
12963: 13891,13246,14496,14149,15459,15712
13843: 14138,15090,15393,15430,15805
15444: 14493,14067,15245,13938,13224,15394
13411: 15766,13642
14519: 14492,14358,14664,13252,14024,15146
15072: 15788,13065,13696,15398,14152,13460
13621: 15633,13046,14115,12943,15651,13953
13816: 13212,14771,14093,14967,15183
13827: 14518,15014
15290: 15554,13769,12899,12997,14048,13915,15389
14690: 13190,14235,15435,12852,15178,15560
14243: 15778,13751,14118,12867,13499
13481: 14907,12864,15084,14221,14939,13174
14031: 13102,13373
14996: 14300
13353: 14863,13687,15281,14449
13178: 13086,12903,13865,14701
12875: 14492,14358,14977,15485,15437,13156
15329: 15701,13559,15048,15675,12961
15256: 13201,14595,14295,13651,14688
14032: 14121,15642,14223,15553,13749,14224
15085: 13039,15784,14860,13962,15169,14373,14602
13791: 14181,13657,13559,14991,15448,13635
13395: 14026,13012,15607,14655,15080,13807
14672: 13510,14445,13362,15764,14948,15243
13563: 
12858: 15299,15100,14589,14988
13965: 14089,12850,15526,13861,14278
14183: 14039,15707
13747: 12888,13534,15758,13959,15320,14876
15542: 13922,13820,14214,13371,13221
12912: 13185,13919,14896,13643,15748,14447
15352: 14068,14822,15311,14546,13207,15573,13263
14645: 14745,13894,13992,14840,14327,13506
14726: 15419,14559,13002,15457,14788,12897
14012: 13120,12923,15210,14264,13125,15095
13198: 15009,13689,15119,15556
13444: 13030,14472,14508,13976,15104,15314
15611: 15616,14806,14915,13760,13032,14096
28680: 14310,15567,28678,28675,14238,15772,15495,13160,14157
13396: 15289,15716,13889,14839,14568,14479
14199: 13376,14296,13991,14148,14153,14665
13245: 14587,13780,14387,13307,13502
14537: 15128,14129
14714: 14656,13990
13079: 14278,13672,13861,15264,14246
15445: 15300,12975,14914,13360
15781: 15103,14506,12878
13575: 15605,15161,14911,14924,14582,13930
13291: 13290,15595,15762,13782,13693,13555
13887: 15536,14935,15138,13588,14680,13463
13538: 14103,15034,14017,13902
15317: 13400,15787,13792,13448,12824,15274
14557: 13164,14381,14703,13088,14337,14679
14857: 14003,14376,13355,14542,13589,13293
14514: 14989,14735
14006: 13095,14286,14095,15316,14218,15810
13231: 13389,13433,13899,13566,14298,15461
14991: 13559,13871,14181,13791,13241,13635
15192: 14248,15357,14657,15718,12872,13525
14125: 14045,13818,13048,13257,13219,13615
15196: 14517,14889
14471: 15082,15494,13735,14234,13209,13614
14011: 15076
14778: 13936,14547,15579,13406
15065: 15465,13860,15608,14487,14774,13217,14732
15399: 15254,13319,15114,13685,14275,14725
13460: 13696,14152,15072,14044,15651,15714
14395: 14202,13834,13180,13443,13304,12848
14196: 13069,13802,12861,14297,15602,15809
13925: 13929,13057,14888,13739,14899,14428
15700: 15362,13794,14717,13847,13257,14753
13985: 12851,14940,13062
13125: 15262,15095,14558,15668,15210,14012
14702: 15371,15447,14481,15055,15003,14322
14614: 13545,13803,15253,13348,13398
15267: 13455,14943,14482,15163
14285: 14249,13716,13592,14341,13597,14988
13565: 15641,13975,14327,14512,13569,14840
14194: 13599,14018,13220,15059,13305,14754
15736: 13470,14232,13955,13052,15051,14562
15508: 14364,12977,14577,13361,13771,15092
12954: 15319,14608,15773,15453,13799,14191
13449: 14001,14222,12911,14668,14796,14550
15687: 14829,15108
14215: 14853,13746,14131,14682,14364,12977
13014: 15097,13556,14160,13699,14262,14713
14122: 13090,15436,13337,14184,13228,14887
15600: 13334,14306,14333,12919
14296: 14199,14153,14665,14367,14290,14673
13038: 15548,13408,13295,14377,14229
13738: 12881,14680,13463,14891,13496
13519: 14862,15152,14859,15451,13823,15648
14842: 13548,14801,15096,14357,15654,15220,13737
15551: 15215,14225,13304,14436,13617,13168
14595: 13201,15256,14688,15777,15378,15302
15469: 13266,13897,13549
13479: 14708,13879,15613,15340,13605,15177
14231: 13972,13899,13748,14059,13566,13009
15459: 13713,14149,13478,12963,14867,15712
14928: 14762,15263,15283,15338,14907,13649
13159: 14819,14036,15749,14560,13461,15010
14841: 15073,12889
15043: 13884,14699,13203,14288,15337,12895
13499: 14163,14243,13751,12867
14806: 15616,15611,14915,14068,15046
14433: 13227,15775,14126,13626,14898,13661
15707: 14617,13971,14039,14183
15170: 14299,15562,12952,14716,14897
28589: 13472,15294,15016,12931,15637,14418
15118: 15234,15313
15231: 13437,13610,15467,14576,15155,13179
14948: 15764,15243,13165,15673,14672
15618: 15450,13268,14684,14964,15158,14553
13527: 14345,14649,15037,15476
13295: 14377,13056,13620,14341,14229,13038
13623: 15080,14811,13339,15110,13077,15295
14062: 14613,15213,14206,14267,13679,14141
13769: 15554,15290,15658,13277,12997,13915
14725: 15583,14253,14275,15399,15114
14616: 14140,15117,13051
14522: 13237,15296,15268,12920,14109,13143
14959: 13705
15377: 15405,14337,14679,14162,13335,13927
13191: 12834,14161,13053
15554: 13769,15290,15658,12899,14773,13418
13380: 14961,14972,15813,12941,14983
14175: 13276,15566,13990,15726,13394,14461
15052: 14172,13441,13805,13447,12968,13602
12817: 15361,13467,13572,14016,15324,15472
13581: 15175,14766,12883,15407,15657,14838
13050: 13240,12829,13104,13491,15045,15585
13857: 13237,15296,15386,14733,14930
15709: 14189
14807: 
15208: 14114,13709,15334,12861,13285,15602
13868: 13174,15597,13310,15084,12993,14187
13569: 13412,14550,14840,15697,13565
14503: 14527,15369,13128,14890,15804,13357
15205: 14511,14985,14228,15348,13967,12884
15527: 15257,13492,14858,13233,12950,15239
13099: 13839,15409,12837,14318,13517,12971
14013: 14833,14699,13854,13841,13832,13438
14817: 12916,14723,13858,12994,13926,12930
14218: 15316,13810,14006,15810,15734,13954
13237: 14522,15296,13857,15229,15268
15428: 12830,15201,15492,14440,12849,13018
15366: 13154,13139,12951,13977,13631,13541
13342: 12826,14854,14304,14586
14843: 12974,15810,13756,14095,15298,13576
15523: 15105,14533,14029,14286,15316,14585
15236: 14968,13715,14349,14816,14150,14987
15214: 13184,14812,13665,13202,14676,13935
15744: 15529,15557,13688,13338,14747,12818
15241: 13922,15008,14804,14523,13820,14476
14095: 13095,14006,14394,13576,14843,15810
14918: 15026,15538,13684,13325
15037: 13970,15665,15308,15755,14345,13527
15386: 14343,13761,12921,14733,13857
14232: 15736,15131,13470,15415,13611,15051
14287: 15127,15375,13824,14421,14765,15711
13677: 14510,13423,15673,15243,15671
15742: 14686,13387,12832,15440,14178,14513
15333: 14435,15745,14320,14457,13011,15449
14394: 13553,14326,13095,14095,13576,14413
13447: 14064,14457,14874,15052,13441,13602
13554: 14058,13378,14348,14139,15546,14904
13233: 12950,15800,13492,15527,14254,14836
13464: 
13655: 15694,13169,13240,14651,14914
13029: 13966,13840,15443,14634,13727,15302
13624: 13693,13722,15398,14152,15714,13551,13787
15169: 13962,13179,13610,14602,15085
15210: 14835,12923,14558,13125,14012
14573: 14200,15244,15374,12920,13143,13573
15705: 14130,15035
15740: 13214,15624,14332,14921,14961,14972
15615: 14706,15592,14430,13234,15713,12984
12917: 14723,13153,15172,13060,13748,14258
13542: 15068,15811,15122,15506,14990,15703
13530: 13675,13026,15110,14325
14107: 13584,15533,14506
15652: 14675,12818,14925,14728,15020,13092
15661: 12845,14072,14951,14617,15272
14118: 13653,13126,14974,15778,14243
15314: 14618,15662,13444,14472,13976,14779
15528: 14798,14427,14082,14529,15404
13604: 15165,14120,14732,14705,12855,15514,13893
13767: 14091,14572,12847,13638,14363,14828
13653: 14118,15417,13905
13208: 14913,14995,13263,15311,15530,14520
14804: 15649,14479,14523,14476,15519,15241
13561: 13465,12820,13313,14849,13547
14574: 14090,13281,13693,15595,14392,13551
14402: 15257,13492,14164,13636,13537,13918
15763: 14569,14845,15741,12989,14441,13210
13427: 14957
14269: 15535,15340,14603,13136,14123,13605
15805: 15430,13843,13584,13940
13403: 13430,14978,12949,12996
15567: 14310,28675,28680,15400,13402,14036,15495
15701: 13559,15329,13871,15539,12961,13669
14643: 14790,14676,13935,13974,13942,12866
15587: 14469,15683,14377,15572,15507,15548
13683: 14635,15761,13031,13557,14270
14077: 14099
15778: 14243,13261,14786,13751,14974,14118
28678: 14310,28675,28680,14238,15454,13160,14157
13196: 14318,15456,15136,14053,13612
13735: 13025,14571,13908,14471,15082,13614
13348: 14047,13398,14614,15253,14244,12904
14935: 15536,13887,14680,15616,15000,15133,15046
14775: 13961,13128,12918,13577,14553,14667
13387: 14686,13419,15742,12832,15074,14129
14635: 13071,13683,14270,14420
14648: 13054,13600
15216: 12827,13882,14324,15322
15675: 15363,15329,15448
14732: 13217,15165,14120,13604,15065,15465
15429: 13250
15046: 14068,14822,14935,15616,14806,15041,15000
12865: 13157,15121,15004,14468,15289,15716
14753: 14499,15696,15700,14717,15802,13257
14982: 13085,14652,13924,14396,15030,14538
13182: 13591,12993,14738,14536,15410,14454
14456: 13828,14916,14344,13487,13044,15042
14759: 13917,15727,13713,13478,14236,13361
13271: 13282,13435,15345,15558,13946,15387
13334: 15600,14306,14333,13795,28659,13359
14771: 13212,13816,14093,14669,14589
12920: 13356,15268,14522,13143,15244,14573
14599: 13356,15268,13400,15787,15229,13364
12825: 13719,14984,13933,14950,14329,13474
13060: 15172,12898,14926,13972,13748,12917
12892: 15416,15568,13166,13278,14452,12900
14345: 14649,13527,15358,15665,15037,15279
14316: 13845,15703,15036,15811,13042,13844
12906: 14605,12951,14349,12973,15647,13452
14263: 14990,14638,15375,13375,15506,15301
14767: 13705,15569,13266,13318
14729: 14565,14869,12926,12855,15514,15555,13893,13059
13568: 14811,13807,15275,14055,14408,15142
14739: 12896,13942,15001,13202,13822,13935
14174: 13812,15083,15622,13172,15374,15099,14628
14570: 15626,14656,13990,13394
15294: 28589,13472,13774,15793,12931
14279: 14116,13188,14447,15324,15472,14763
15093: 13007,13148,14969,13157,15004,14879
12907: 15271,12887,14513,14575,13878,15718
12833: 15040,12828,14592,13898,14624,13142
14738: 15342,14222,14347,13591,13182,14454
15547: 13863,15396,15494,13550,15431,13209
13636: 13069,15580,13166,14402,14164,13918
14849: 14134,13313,15306,13561,13465,13229,14102
13700: 13959,15320,15071,14102,15254,15691
14366: 12983,13429,14505,13321,13073,15102
12975: 15445,13360,15480,15411,13759
13287: 14750,14034
13498: 15177,13981,15318,15613,15137,15532
13875: 14896,12930,15748,14973,13467,13734
15799: 12869,13186,14390,13378,13386,13279
13152: 13646,13264,12870,13892,13451,15211
15784: 15085,14860,14373,14718
15060: 14392,13787,14933,13025,13908,14776
14353: 15344,15281,13886,13687
13394: 15726,14601,15626,14570,14175,13990
14670: 15488,14922,13382
12860: 15684,13592,14280,14667,12918,14249
14695: 15359,13211
15259: 15529,15269,13992,13338,14319,14407
12819: 13932,13776,13979,14037,14399,14780
13448: 15356,13241,12824,14721,15317,13792
12836: 15543,14216,13593,13180,13617,15159
12966: 13465,15291,13229,13486,13772
13681: 15157,15559,13789,13613,14636,12873
15411: 13759,13897,12975,13314
13560: 13618,12995,14379,14207
13171: 13866,13753,13184,15200,12922,12927,13516
15103: 14488,14506,13346,15781,12878
12902: 13996,14873,13923,15531,15209,14439
13855: 13067,13101,15601,14159,13579,14660,14768
15356: 13241,13448,13871,13669,15446,13792
14811: 15080,13339,13807,13623,13568,15142,15518
14553: 14964,14667,14684,15618,13577,14775
15283: 14485,15151,15338,13649,14928
15757: 14071,12884,12978,12871,15215,12848
13331: 14444,13416,15204,15475,14374,13401
14020: 13917,15727,13582,14018,13220,13907
14334: 14677,15525
15514: 15555,13893,12855,14120,13604,14705,14565,14729
13863: 15044,15396,15547,13953,15273,15494
15670: 13528,15412,13801,14450,12980,14724
15382: 13880,13070,13780,15526,13502,14089
13907: 14018,13790,13582,14020,15537,13493
14968: 15236,13715,14349,12973,15017,13001
12956: 15261,14108,14467
13878: 12904,14575,14284,13525,12907,15718
15292: 15185
15651: 14044,12943,13696,13460,13046,13621
13658: 14566,14958,14465,14825
14633: 13922,15008,13221,15325,14788,13558
15354: 13924,13187,13852,15089,14943,15724
14940: 13633,13985
15708: 15198,13406,14945,15579,14230
14803: 15669,13024,12853,15516,15699,13294
13599: 14018,14194,13790,14754,15206,14339
15375: 14287,15127,13375,15711,15301,14263
13355: 15765,14545,14542,15258,13293,14857
12859: 14990,14638,13836,13845,15703,13928
14145: 14197,13606,14953
14127: 13277,14391,14496,13064,14277,13134
15480: 15746,14313,13360,12975,13759
13882: 12827,15216,14056,14083
14133: 14403,13960,14445,15221,13183,14439
13002: 15419,14726,12897,13890,13963,14084
13028: 13424,15388,13980,15681,14128
13141: 14622,12893
12968: 13112,14789,13602,15052,13805,13397
13035: 15770,13801,14567,15584,13528,13177
14152: 15398,15072,13460,13722,13624,15714
12926: 14565,14869,14729,15555,13059,13074,13903,12868
12973: 14968,14349,15017,15024,12906,14605
13698: 15380,14770,12974,13756,15331,15750
12982: 14549,14494,15463,14865,15737
15699: 15516,15381,14458,12853,14803
13716: 14208,14249,14285,14388,13620,14341
13851: 14397,13341,14563
14558: 15007,15230,15668,14835,15210,13125
13916: 14369,13324,14827,14883,15126,15149
14188: 13779,13359,13170,14306
14169: 13838,14838,15407,14502,13097,15481
14526: 14691,14289,13158,14406,13371,13701
15015: 13154,13139,13093,13278,13415,14005
13906: 13286,13230,13828,13608,13072,15680
14046: 13146
14493: 14067,14534,15444,14954,15630,15394
14508: 13030,13444,13188,14763,15104,13300
15028: 15406,14590
14426: 14967,13005,15321
14507: 14155,14061,15522,15207,15785,15081
14423: 15209,13183,14078,14143,13872,13352
15691: 15254,13319,13700,13034,15336,14102
15405: 14337,15377,14162,14491,14050,15307
15436: 13090,14122,14887,14299,14156,15421
14655: 14446,14066,15607,13391,13395,14026
15107: 14834,15646,13370,15517,12823
13040: 13603,12983,13429,13216,13023,13786
13284: 15789,13337,14197,15549,15493
14420: 14956,15484,14635,15383
14084: 13495,15312,14901,13002,12897,13963
13489: 15482,13825,14250,13531,14556,14681
15516: 15381,15699,14803,15478,13294
14161: 12834,14986,13191
15596: 14408,14737,14939,13174,15597,13822
15090: 13843,14138,15393,13264,13451
15463: 14581,12982,14865,14866,14787
13288: 15303,14147,13181,12881,13797,15133
15754: 14089,14278,13254,13116,14647
15714: 14044,14933,14152,13460,13624,13787
14925: 15594,14747,15123,15652,12818,15020
14799: 14490,13161,13864,15489
15808: 12876,15232,15635,14356,13859,14678
15583: 14253,14725,13666,14240,14620
14061: 14155,14507,15522,13067,13101,14730
15622: 15083,14174,15099,13085,14396
15389: 14266,13915,15290,14048,15150,15450,13268
13528: 15347,15412,13177,15670,13035,13801
12957: 15468,15367,13094,13248,14952,13290,15762
14782: 14992,13107,15238,12831,13457,15491,13124
14681: 15150,15450,14684,14250,13825,13489
13376: 14199,13830,14361,13991,14741
13648: 14283,13293,14376,15580,13802,15568
13531: 13317,14556,14294,14664,15482,13489
13401: 15136,13331,15475,13226
15081: 15135,14952,13078,14507,15207,15367
13461: 14560,15627,13349,14819,13159,13695
13276: 14175,15566,13990
14815: 15625,15323,14998,15307,13175,14703
13408: 15548,13529,13038,14073,15681
15653: 14223,14654,13706,13799,14191,13532
15129: 13412,13883,14796,15693,13894,14470
14509: 13518,12980,12948,13673,15633,13046
15471: 14119,14409,12835,14899,13227,13739
13711: 14330,13251,15741,14784,14845,14598
14375: 13758,13131,13450,15013
14098: 15553,15612,14854,14121,13109
14373: 15722,13962,14978,15085,15784
13207: 14021,15573,14758,15352,14995,13263
13922: 15241,15008,14633,15542,13820,13221
15686: 14945,15579,13299
13977: 14605,12951,13081,15464,13139,15366
14124: 15278,15584,13585,14719,13127,15057
15733: 13377,15679
12884: 14071,15757,12978,14228,15205,14511
13547: 13313,15242,15460,15006,13561,12820
14975: 14693,14717,14505,15102,15058,13794
13156: 13651,15066,12875,14307,14977,15437
14282: 13852,14602,12882,13437,13610,13187
14393: 14368,15026,14934
13045: 13031,14846,14499,14878,15761
14450: 15372,12948,14644,13801,15670,12980
14275: 15497,14794,13685,15399,14253,14725
14404: 13062,15794,13434,13708,13383,15743
14976: 14910,14029,14268,13553,13095,14286
12935: 14856
15689: 14808,14139,15546,13190,15571,14516
13777: 15130,15564,14436,13996,13923,13225
14854: 12826,13342,13931,13109,14098
14325: 13275,15110,13077,13530
14549: 12982,14494,13939,13521,15619
14502: 13404,13089,15407,14273,13097,14169
13815: 13082,12921,13368,13934,15505,13761
15063: 13103,14371,13391,14066
14344: 13260,13487,14227,13230,13828,14456
13929: 13925,13057,14888,13483,14661,13743
15560: 15178,13259,14690,13190,14516
13728: 14405,13564,15056
12905: 15101,13205,15772,15005,15495,14722
13740: 14566,15713,13753,14465,14572,12922
15017: 13001,15240,14968,12973,15180,15024
14417: 14964,15158,14280,13746,13691,14208
14305: 13587,13944,14692,15623,15269,14708
14478: 12981,14894,12851
13228: 13022,14887,15493,13337,14122
13018: 13732,14993,12849,15492,15428,15769
14201: 15496,15638
14965: 13909,14251,13273,15682,14625,15247
15635: 12876,15808,14678,14813,13425,15373
14679: 14337,15377,13335,14104,13088,14557
15301: 15506,13454,15127,15728,15375,14263
14727: 13666,14906,15694,13862,15300,15706
15419: 14559,14726,13002,15447,14650,13890
15659: 13744,14035,15164,13768,13372,15148
14631: 13189,15667,14962,15303,14147,15140
14653: 15042,14743,14440,15131,13800,12830
14071: 12884,15757,13094,14228,14086,12871
14992: 14281,14782,13107,15491,13831,13324
13742: 15550,14355
28675: 14310,15567,28678,28680,15772,15495,14157
14439: 15209,13183,15531,14403,14133,12902
12820: 13561,13465,15291,13547,15006,13622,15540
13974: 13055,13942,14848,14643,14551,12866
15068: 13729,15811,13542,15122,13414,15421
14432: 14892,14755,12845,14072,13846
15788: 13065,15398,15072,14023,12955,14350
13144: 14949,13641,12939,14372
14627: 15521,15710,13459,15730
15026: 14918,14934,15798,14393
15311: 13021,15039,15530,14546,15352,13208,13263
15251: 13504,15223,13410,14257,14871,14383
14548: 15144,15604,12967,13132,14204
13206: 15365,13853,13670,14455,14205,14060
14058: 13378,15277,13386,13554,13567,14904
15810: 14843,13756,14006,14095,14218,15734
14705: 15165,13604,14641,14777,12855,14828,15514
13304: 15551,15215,12848,13617,14395,13180
14917: 13436,13930,15767
14298: 13982,15265,13789,13566,13389,13231
13870: 14895,14217,14611,14182,14791,13955
14441: 12989,14752,15075,13210,15763,14475
14363: 15608,13638,13767,14828,13217,15165
13465: 13561,12820,12966,15291,14849,13229
14407: 12841,14319,14745,13992,13123,15259
14312: 13752,15055,15004,15716,13889,14969
15137: 15532,14443,15613,13445,13944,13498
13579: 12903,15426,14159,13855,14028,14660
14271: 
13659: 15683,14630,15059,14321,13462,13056
13318: 13296,13707,13054,14767
15016: 13578,14176,14902,12931,14418,28589
12934: 14356,13859,15336,13319,15114,15199
15287: 15212,13773,13013,15594,14190
14793: 14160,14262,15147,15202,15460,15343
14872: 14944,15348,15522,15207,15468,15367
13109: 14586,15549,14854,14098,15612,15401
14612: 13660,14246,13672
14546: 15311,15039,14915,14068,15352
14752: 12989,15075,14441,13619,13526,14371
13550: 15431,13848,15179,15547,13209,13765
15084: 14907,13481,15263,13868,13174,14187
15074: 15186,14886,14129,13387,13419
14170: 13988,14130,15035,13377,13490
13298: 15582,13570,13354,12869,13186
14866: 13150,13745,14787,15463,14862,14865
13261: 15778,14786,13751,15206,14033,13235
14029: 14910,13867,14976,15523,14533,14286
13995: 15191,13063
15513: 14855,15488,15634,13351
14876: 13685,15320,13747,15758,13333,15497
15123: 13856,14498,15594,14925,15020,14831
15269: 15623,15529,15259,14692,14319,14305
14780: 14399,14256,12819,13979,13864
14897: 12946,14561,15170,13770
14220: 15628,15470,12924,14462,13222,13096
14421: 15553,15612,14765,14224,14287,13824
13089: 13404,14502,14756,14621,14273
13430: 13403,14978,15219,15722
14035: 15659,13744,13390,12874,15148,15245
13795: 14830,28659,14582,13520,13334,14333
14589: 12858,15684,14669,14988,14771
13950: 15099,14628,12882,14200,13437,15467
15250: 15406,14590,13523
13016: 14600,14004,12876,15232,13405,13358
14357: 14801,14842,15220,14877,12868,13374,13256
13491: 13104,15750,15380,14338,12829,13050
14272: 14401,13994,13937,14025
15154: 15786,14449,13117,14870,15646
14462: 12924,12894,13774,14772,15628,14220
13941: 13466,13074,28658,14416,15413
15786: 15154,14863,13302,13195,15646
14777: 14641,13076,12855,14705,14565,13312
14085: 12998,13656,14802,13027,15140,14521
14674: 15610,14051,14931
13982: 14298,15265,15054,13320,14059,13566
13669: 13365,15446,15539,15701,13871,15356
13945: 13044,14642,14504,13663,15768,14743
13232: 13253,14192,15500,13397,13112,14019,14880
12925: 13468,12972,15325,14901,13137
15101: 13205,12905,15005,13679,13919,14141
12952: 15170,15562,15685
13695: 12994,13322,13461,13349,13858,14819
12987: 14424,14927,13998,13956,13058,14658
15397: 15189,14569,14485,12909,13649,12864
15153: 13459
13130: 
13485: 14017,13902,15126,14379,14207,15149
14810: 13075,14193,15544,15466
14365: 15453,14380,15774,14261,14323,14412
13441: 14172,15052,14874,15796,13447
15668: 14558,15230,13346,15262,13125
14103: 13538,13723,15034,15520
13627: 15415,13611,15201,15492,14477,14434,14591
13642: 15383,15484,15420,13411
13071: 14635,15761,15326,14956
14016: 13572,14274,12817,15324,15330,13662
14629: 14997,13993,15402,14245,13727
14294: 14492,14664,13531,15482,13347,15485
14978: 13430,13403,15722,14373,13629
13888: 13522,14539,15271,14248,12891,14805
13256: 12868,13374,15395,15555,13059,14877,14357
14542: 15249,14302,13589,14545,13355,14857
15564: 15130,13777,14839,13923,14078,12814
14238: 13574,13598,14310,28678,28680,15422,15454
13129: 14755,13594,12949
13425: 14813,13426,15635,15373
13513: 13347,14697,15473,13961,14527,13385
13081: 15249,15024,13589,14605,13977,15464
15127: 14287,15266,15728,15375,13824,15301
12879: 13280,13297,13719,13876,14057,13306
15038: 13754,13830,13991,15403,14148
15179: 13550,13848,13765,15486,13270,13896
14444: 13331,13416,15475,13326,15474,15151
15803: 13710
13315: 13043,13674,12863,15490,14936,15458
13229: 13034,13486,14102,14849,13465,12966
13405: 13016,14004,13422,13358
14187: 13591,12993,15084,12877,15263,13868
15242: 12940,15202,15460,13547,14711,15006
14951: 15661,12845,13370,14617,15297,12823
14888: 13925,13929,13739,13732,13483,15769
15100: 15299,12858,13597,13980,14113
12853: 15125,15699,15669,14803
12852: 14372,13921,14405,14690,15435,15178
13102: 14031
13879: 14708,13479,13757,14692,15351,15340
14440: 15042,14653,14916,12849,12830,15428
13005: 12839,15255,14967,14426
15312: 13495,14084,14901,12959,13970,13571
14977: 14307,13033,14463,12875,14358,13156
14470: 14745,13894,13123,15129,15693,15561
14766: 15175,13581,14658,13058,13404,15407
15759: 15440,14178,12933,14905,13646,14135
12927: 13017,15285,13516,13171,13184,14812
13675: 13026,13530,14430,14715
15807: 14448
14132: 14050,14311,15625,13091,15479,13410
12841: 13757,14319,14407,13123,13049,15109
14093: 13816,14771,15299,14400,15183
13243: 15590,14544,13440,15025,13421,14219
12991: 13718
13672: 13079,13254,14612,14246
14607: 13086,14260
13160: 14773,12999,14157,13654,28678,28680,15454
15574: 15330,15104,13662,12838,14237,13976
13241: 15356,13448,14991,13871,14721,13635
15440: 15759,14178,15742,12887,14513,14135
15566: 13276,14175,13340,14461
13431: 14261,14323,13294,13024,15667,14962
13364: 13832,15782,13400,15586,13356,14599
13369: 14902,15217,15357,12872,14212,13578
13393: 13085,14652,15246,15379,15083,15144
14117: 14171,14165,14624,13149,15590,14610
13467: 12817,15361,13734,13875,15748,15472
13968: 12959,13137,13468,13215,14448,12942,15053
15012: 13817
15371: 14702,15447,14650,14322,14438,14606
13238: 14382,28677,13948,14515,14646,14594
14529: 13984,14555,15528,15404,15676
14801: 13548,14842,14357,13374,13457,15069,15717
13386: 14058,13378,15277,15799,13987,13279,13036
14561: 14897,12946,13770,14486
14203: 13451,15211,15640,14007,12822,14205
14255: 15157,14043,12873,15361,13572,12990
15401: 15789,13109,15549,15266,13824
13720: 15408
14838: 13838,14169,13581,15407,15657,14361
13501: 13613,14636,13456,13957,14494,13939
14193: 15606,12947,15544,14810,15466
13853: 13206,14455,15007,14835,14060
15194: 14974,15537,13493,13562,13162,14009
14389: 
13775: 12965,13204
14005: 13415,13072,13154,15015,13260,13230
14409: 13607,14119,15471,13608,12835,15680
13000: 12914,15279,15565,15588,15358,13949
13975: 15641,13565,14327,13773,15116
15598: 13630,14552,15721,13804,12962,14858
13611: 15415,13627,15051,14268,14232,14434
13912: 14922
14823: 15605,13490,14008
14100: 14336,15315,15417,13267,13905
15458: 14936,15432,15545,13315,12863,14637
15621: 14541,15433,13750,13087,15735,13258
14677: 13013,15525,14334,14498,14941
15152: 14862,14865,13519,15737,15559,14859
13555: 13693,14398,13722,15318,13782,13291
15776: 13678,15630,15394,15054,13456
13258: 15115,15735,14541,15621,13164,13173
13346: 15103,14488,15230,15668
12871: 14090,14086,13443,14071,15757,12848
14326: 14434,14591,13553,14394,13978,14413
14836: 14898,14689,13661,14254,13233,15800
14091: 14465,14825,15639,14572,12847,13767
12995: 13560,13618,13512,14530,14207,13524
14138: 13843,15090,15640,13940
13871: 15701,13559,14991,13669,15356,13241
14795: 13007,13148,15434,13867,14097,14533
13559: 15701,14991,15329,15448,13871,13791
14022: 14030,15048,12961
14262: 13014,14160,13699,14793,13008,15147
14463: 13033,14977,15146,13030,14472,14358
15735: 14179,13533,15115,13258,13087,15621
12955: 14023,13366,13981,15788,15398,14398
15022: 
13786: 13023,14749,15577,13603,13040,14626
14075: 15276,14293,13041,14235,15435
13073: 15102,13192,13321,14596,14015,14366
13741: 14525,14277,15422,15751,15120,13904
15710: 15521,14620,14627,13459,14027
15639: 14825,14091,12847,12862
14651: 13240,12829,15760,13218,13655,13169
14563: 15617,13851,15143,13341
13806: 15533,13019,13940,15640,12822,14937
13457: 12831,13374,14801,14782,13107,15069,13147
14348: 14212,14489,14139,15217,14904,13554
14641: 12862,14777,13076,12855,14828,12847,14705
14166: 15767,14540,13779,13239,15538
13872: 14704,12814,14423,14078,13352,14239
13497: 14385,15141,15662,13482,15502
15357: 14248,15192,12872,13578,12891,13369
14927: 13998,13100,15462,12987,13956
15007: 14558,15230,14937,14455,13853,14835
13668: 13272,14960,14950,15346,14329,14532
14764: 13690,13475,12888,15033,15071,13959
13312: 12844,14565,14777,13076
14826: 13283,13873,13068
14155: 14507,14061,15785,13984,15676,13101
13381: 13088,14541,15433,14210,13808,14104
14425: 14626,14247,15013,15632,14720,13131
14157: 13160,12999,28678,28675,28680,15772,15237
13880: 15382,13070,13176,14647
12876: 15808,15232,15635,13016,13358,15373
13838: 14169,14838,14361,15481,13788,14741
13727: 15378,14245,15302,13029,14634,14629
13900: 
15535: 14269,15351,15340,14603,13595,13500
15442: 14970
15237: 15190,13781,13205,15772,13418,12999,14157
15416: 12892,13166,14452,15581,13798,13918
15188: 15515,14136,13570,15512
14545: 15765,14209,13539,13355,14542,14302
13493: 15194,15537,13582,13350,13562,13907
13935: 14643,14676,13202,13942,14739,15214
15126: 13902,13485,15149,13831,13324,13916
15122: 15506,13454,13090,15421,15068,13542
13370: 13195,15107,14617,13971,12823,14951
13997: 14442
15121: 13157,14092,12865,13020,14041,14468
15606: 14193,12947,13133,15690,15704
15202: 12940,15112,15242,15460,14160,14793
15106: 12988,15225,13619,15726,14054,14461
14891: 14177,12893,12932,13738,13463
15758: 14579,13534,13747,13066,13333,14876
13338: 13506,13688,13992,15744,15529,15259
14919: 12972,13701,14289,14370
12870: 13646,13152,14135,13892,13522,14539
15098: 13667,15637,14418,15368,14080,13586
15499: 14618,15662,14740,13482,15132
14473: 15086,14076,12936,13409,15379,13812
14030: 15048,14022
15502: 13200,15524,14779,15662,15141,13497
13165: 13731,14660,15601,15764,14948,15673
15633: 13046,13621,14115,14535,14509,13673
14571: 15591,14604,13025,13735,15427,13614
14582: 13795,14830,13930,13575,13520,14911
13392: 14140,12910,15777,15378,14245
14983: 14619,13380,14142,14429
13782: 15629,15532,15318,13555,13291,15762
12962: 13630,15598,15809,15257,14164,14858
15300: 15445,15694,14727,15706,15644
13962: 15722,15169,13179,14373,15085
13989: 15660,13363,14192,13725,13842
14176: 13578,12891,15016,14805,13667,14418
15446: 12885,13365,13669,15356,14769,13792
13474: 14329,12840,13390,12825,13933
13339: 14811,13623,15142,15518,14584,15295
15536: 13887,14935,13588,15616,13760
14622: 13141
13352: 15552,14239,14423,14451,14143,13872
14885: 12969,15197,13837,15692,15031,13609
14089: 13965,15754,15526,15382,14647
14957: 13323,13427,15310
13590: 15193,14820,13399,15167,15510,15061
14202: 14395,13834,13180,15591,14604,14216
15609: 13407,14744,14578,14790,15345,13946
15517: 28677,13692,14870,14834,15107,15646
15318: 13981,13498,15532,13782,14398,13555
15075: 14752,14441,14371,13391,14026,14475
13921: 14372,12852,15011,13596,14405,15056
13514: 15634
13614: 15427,14588,14471,14571,13735,14234
15281: 15344,14353,13835,13353,13687,14449
14459: 14868,14099
15392: 14142,14429,13469
14147: 15303,13288,13181,12846,14631,15667
13617: 15551,13304,13180,12836,15159,13168
12880: 15465,13860,15695,14531,14761,15747
13864: 14490,14799,14360,14256,14780
15451: 15677,13823,15648,14320,13519,13011
13717: 
14041: 15159,13020,13593,15698,15121,14092
14190: 15594,14747,13773,15287,15116,13688
15078: 13436,14355,14495
14733: 14273,14930,12921,14621,15386,13857
12976: 15117,14252,14696,15650,13725
14119: 13607,15471,14409,13110,13626,13227
13149: 13898,14624,13743,15590,14544,14117
13078: 13292,14662,15785,15135,15081
14712: 15504,13235,14033,15507,15483
14693: 14975,14717,15802,15058,14711,14597
15782: 13841,13832,13364,13356,15244,15305
14731: 13983,15167,15510,13910,14154,13505
15578: 13267,13905,15235
12881: 13738,14680,13496,13288,13181,15133
13780: 13245,14587,14264,15382,13070
13558: 12972,14633,13701,13221,15325
14158: 13549,15027
15581: 15416,14452,14500,13798,13110,13607
15104: 15330,15574,14763,13444,14508,13976
14045: 13818,14342,13453,14125,13615
15768: 13663,14217,13945,14743,14791,13800
13262: 13625,14410,13145,14781,13001,13715
15167: 14731,13983,15510,15061,13920,13590
14265: 14079,14163,13323
15713: 13753,12984,15615,14566,13234,13740,12922
12856: 15222,13236,15067,15455,12958,15779
14632: 14881,14483,13476,15477,15570,13796
13186: 15799,12869,13298,13570,13279,15512
15203: 15066,14697,15437,13385,13966,13840
13830: 15657,13991,12883,14474,15038,13376
13184: 15214,14812,13665,13866,13171,12927
15568: 12892,13166,13648,12900,14376,15580
14406: 13469,15173,13371,14526,13158
15168: 13993
15417: 13653,13126,15620,14336,14100,13905
13729: 15068,15811,13042,13414,13793,14881
13274: 14044,12943,14933,15082,15273,13908
14831: 15020,14082,13856,15123
12861: 15208,14283,13285,15602,13802,14196
15797: 13049,15109,13500,13442,13193,15387
12854: 15719,15732,13652,14966,15335,15097
13573: 15305,14576,14200,15244,14573,15467
13813: 13133,13199,14233
15793: 15294,13774,13567,12931,15277,13987,14772
14207: 13485,14379,15149,13560,13512,12995
15010: 13671,13533,15115,14560,13159,15749
13328: 14476,15519,15457,13752,15003,14559
14889: 15184,13885,14517,15128,15196
15676: 15404,14159,13984,14529,14155,13101
14288: 15297,13203,15043,12895,15355,13846
13030: 13444,14472,14508,13300,15146,14463
13552: 
15082: 14471,15273,15494,13274,13735,13908
13091: 15625,15323,14132,13504,15120,13410
14347: 12877,12960,15409,13591,14738,15342
15263: 14762,12877,14928,14907,15084,14187
15569: 14783,14767
15070: 15628,15470,13061,14543,12937
13015: 15360,15088,15384,14689,13043,15182
13142: 13833,15715,12833,14592,14624,14171
14604: 15591,14571,14202,15427,13895,14216
13586: 14080,13473,15368,13670,15098,15365
14397: 13612,13851
15802: 14693,14717,14597,14753,14499,14846
15177: 13981,13498,13479,15613,13366,13605
13706: 15653,14223,13532,13749,13927,13335
15515: 15188,14136,15293,15261
14773: 13160,13418,12999,13654,15554,15658
15525: 13013,14677,15563,15212,14334
13253: 13232,14192,13112,13494
13784: 14520,13327,14057,13306,14497,14926
15021: 14947,15636,12827,13477,13113,14083
14073: 13980,15681,14229,13408
12889: 15181,14401,14841
14915: 15611,14806,14137,14096,14068,15039,14546
15211: 14203,13451,13152,13892,15666,14007
13362: 12992,15764,13960,14445,14672
15470: 15628,14220,15070,12937,14317,13096
14845: 15189,14569,15763,13711,15741,12989,14598
14786: 15778,13261,14974,15537,13790,15206
13641: 13144,14949,12939,14352,14168
14386: 14121,15642,15704,15438,13931
15548: 13408,13766,13038,15587,14377,15572
14247: 14626,14425,15013,15577
14602: 13852,14282,15169,15085,13039,13446
13251: 14330,13711,15741,14464,12988,15225
15221: 13510,14445,14332,14133,13183,14143
15556: 15119,15124,13198,13689,15087,13242
15347: 13528,15412,13177,13122,15720,14123
15696: 14753,14499,14878,13257,13219
13289: 13379,15111,14936,15432,15087,13155
13325: 13684,14495,15767,14918,15538
15671: 13214,15624,15243,13677,13423,12945
15430: 14694,15805,14180,13843
12981: 14478,14894,14167,13536
15769: 14477,13483,13732,13018,15492,14888
14687: 14114,13709,13618,14530
15809: 14297,13069,14196,13630,12962,14164
13500: 15109,15797,13193,15535,15351,13595
13584: 14107,14063,15805,15533,13940
14586: 13109,15549,14304,13342,14111
14069: 13708
14661: 13483,14685,13929,13743,14544,13440
13020: 15159,13168,13225,14041,14468,15121
14248: 15192,15357,15718,15271,13888,12891
14510: 13677,13423,15673,14260
13257: 13048,13847,15700,14753,15696,14125
15360: 13015,15088,14689,13661,14126,14315
13884: 14833,14699,15043,13692,14834,13203
13033: 14307,14977,14463,14472,15524,14779
15368: 15666,14151,13670,13667,15098,13586
14418: 13667,15098,15637,14176,15016,28589
15047: 
13834: 14395,14202,13281,13443,15591,14776
14964: 15158,14417,14553,14280,14667,15618
13779: 13359,14188,13170,13239,14166
14182: 13704,14611,13870,13955,13052,15349
14037: 13521,13932,12819,15731,12815,13939
14605: 12906,12951,13977,12973,13081,15024
13685: 15320,14876,15497,14275,15254,15399
14254: 13537,15498,13492,13233,14898,14836
14479: 15649,14568,14804,13396,13889,15519
14036: 14819,13159,13402,15749,15567,15400
13116: 14647,15754,13223
13650: 13911,15770,14226,15096,15372,15503
15310: 14957,13323,15483,14868
13509: 
13220: 14018,14194,13917,14020,14577,13305
14167: 15315,12981,14894
15053: 12942,15308,12959,13968,13970
13183: 15209,14423,14439,14133,15221,14143
13876: 13719,14984,12879,13306,13535,14524
13429: 12983,14366,13040,13216,13303,13321
14909: 13363
15462: 13809,14927,13956,13108
12883: 15175,13581,15226,14474,13830,15657
12989: 14752,14441,15225,13619,15741,14845,15763
15555: 15395,15514,13893,13059,12855,12926,14729,13256
13375: 15711,14466,15375,14263,14638,15672
13330: 
14311: 14491,14050,14132,14466,15672,15479
13703: 13100,13676
14126: 15775,14433,14415,13661,15360,14315
15607: 14446,14655,13395,13275,13077,15080
14137: 14096,15218,13811,14915,15039
14447: 14116,14279,15472,15748,12912,13185
13913: 14721,13635,13948,14181,13540,14146
15720: 14023,13136,14350,14123,15347,15412
15679: 14947,15636,15733,12901
14814: 13244
15695: 12880,13860,13686,15278,13585,14531
15367: 15468,12957,13248,14952,15081,15207,14872
14430: 13675,13026,14715,14706,15615,13234
12943: 14044,13274,15651,13621,13953,15273
13811: 14137,15218,13272,14960,15039,13601
14332: 13510,15221,15624,15740,14921
13145: 12816,15643,14816,14410,13262,13715
13306: 13784,14057,14497,12879,13876,13535
15207: 14507,15522,15081,15367,14872
14534: 14493,14067,14984,13933,14524,14954
15409: 13839,13099,12837,12960,14347,15342
14659: 15558,13193,13265,13127,14912,13595
13937: 14272,14663,14025
15067: 13236,12856,15455,14913,13327,12898
13432: 15688,14668,13883,14454,15195,15410
14467: 14108,12956,15187
13480: 14551,13282,13435,15195,15688,14074
13105: 14431,14240,14678,15114,13859
15275: 13012,14797,13344,14055,13807,13568
14584: 15518,14706,15723,15592,15295,13339
15172: 12898,13060,13236,13153,13345,12917
14378: 13726,13039,14860,13446
15165: 13217,13604,14732,14705,14363,14828
13689: 13198,14637,15009,15432,15087,15556
13525: 15801,14284,13878,15192,14657,15718
13308: 14241,14501,13712,14956
14123: 13136,15720,13122,14269,14603,15347
14636: 13613,13501,14494,13681,15559,15737
14482: 13901,14943,15267,15163,15191
13532: 13808,14104,14191,15653,13706,13335
13157: 15121,14092,12865,15004,14879,15093
13335: 15377,14679,13706,14104,13532,13927
15245: 14067,15444,14035,13390,12874,13938
15395: 15555,13893,13059,14877,14070,13256
15673: 13677,14510,13731,13165,14948
15274: 15586,14646,14594,12824,13400,15317
15379: 15246,13409,14473,13812,15083,13393
15030: 12890,14538,14982,14652,14204
13915: 14266,13384,15389,12997,13769,15290,14048
15197: 12969,14606,14885,14994,14980,15692
15753: 14900
14223: 15653,14654,13706,15642,14032,13749
13158: 14526,14691,14406
12929: 13104,15750,15227,15331,14414,13973
15678: 15376,14195,13259,14351,14040
13110: 15498,13798,13626,15581,13607,14119
13100: 14927,13703
15597: 13868,13174,13310,15596,13822,12896
14583: 15315,15794,13383,14336
15680: 12835,14993,13608,13286,13906,14409
13108: 14756,13956,15462,13809,13934,13082
12877: 14762,15263,12960,14347,13591,14187
14600: 13016,14004,15079,14932,13247,15232
15627: 14560,15795,13461,15779,13349,13345
14776: 15591,13025,14392,15060,13281,13834
15476: 13600,14649,13527,14783
13980: 14073,15681,15100,14113,13028
15795: 14560,15627,15779,15222,14179,13533
15184: 13885,14889,12933,14861
14490: 14799,13161,13864,14256,14144
15518: 15723,14584,14811,13339,15142,13121
15711: 13375,14466,14276,14765,14287,15375
13327: 14520,13784,14913,15067,12898,14926
15339: 13008,15160,15147,15134,13475,15783
15097: 13014,13556,12854,13652,14713,15335
13054: 14648,13318
14960: 13272,13668,13406,13936,15218,13811
13582: 13350,15631,14020,15727,13493,13907
14240: 14431,13105,15583,15521,14620
13082: 13815,12921,14621,13934,14756,13108
15464: 13093,14003,13081,13589,13977,13139
14539: 13892,13522,13888,12870,14805,14151
15219: 12895,15355,13986,13430
13783: 14419,13080
14501: 14241,13712,13308,14314
14208: 14249,13716,13691,14417,14280,14388
13379: 13289,15111,14936,15490,15719,15385
13365: 12885,13669,15505,15446,15539,14751
14449: 15154,15281,13835,13353,13117
15161: 13575,13490,13988,14911,13113
14156: 13414,14609,15421,14716,15436,14299
13616: 14691
13037: 14346,14460,13660,14246
14875: 14195
14658: 15175,14766,15328,12987,13058
14946: 13471,13850,14852,13003,14785,13301
15811: 13729,15068,13542,13042,15703,14316
15694: 13655,13169,13862,15300,14914,14727
13466: 13941,13074,28658,15238,13903,14416,15413
13592: 15684,12860,14249,14285,14988
13391: 15063,14371,15075,14066,14655,14026
13639: 13507,14610,15091,13421,13909,14251
14724: 13518,12980,15412,15670,14350,13065
14180: 15353,14480,15430
13404: 13089,15407,14502,14756,13058,14766
13909: 14251,13273,14965,13639,15091,14110
13193: 15558,15387,14659,15797,13500,13595
14932: 15199,13247,14356,14600,15232
15080: 14811,13807,13623,15607,13395,13077
14400: 14113,15299,14093,15183
13046: 15633,13621,14509,13518,13696,15651
15144: 14548,15604,15246,14652,13393
14611: 13704,13546,15698,14182,14895,13870
14413: 13006,13576,13978,14326,14394,15025
12842: 15406
13155: 15032,13303,13242,13289,15111,15087
14979: 
14987: 14150,15044,14816,14115,14535,15236
14362: 14847,13484,15644
12993: 13591,14187,13182,13868,13310,14536
15276: 14075,14293,14235,15077,14489,14808
13807: 15080,14811,13568,13395,13012,15275
15182: 13043,13674,15663,15800,14689,13015
15018: 13580,15487,15439,13562,13162,14359
15218: 14137,14096,13811,15198,13406,14960
13845: 15703,14316,13928,15036,13399,12859
15775: 14899,14428,13227,14126,14433,14415
13597: 14341,14229,14988,14285,15100
15008: 15241,13922,14633,14476,15457,14788
14110: 12888,13534,15091,13909,13273,13690
13322: 15414,12994,13695,14819,13402,14722
14198: 13821,13676,13140
14908: 
14638: 12859,14990,14263,15672,13836,13375
13136: 14023,13366,15720,14123,13605,14269
13439: 13821
12996: 13594,12949,13403,14484,13881
13903: 13466,13074,15238,14869,12926,13059,12868,12831
15604: 14548,15144,15246,15391,12967,15541
13264: 13646,13152,15393,14905,15090,13451
15565: 15233,15031,15588,14052,13949,13000
15630: 14954,13320,15394,14493,15776,15054
13860: 15065,12880,15465,13686,15695,14774
14969: 13148,15093,14481,15004,14312,15055
15359: 13211,14695,15582,13515
15381: 15516,15699,14233
15191: 15163,13995,13901,14482
15189: 14569,14845,15397,14485,14598
14989: 14514,13373,14735,14342,13849
13115: 14761,14226,15747,14877,14070,15220
15544: 14193,13133,13199,14810
12988: 15106,15225,15726,14601,14464,13251
14768: 12992,13067,13855,15601,15280,14730,15764
14270: 13785,13557,14635,13683
14848: 15195,14536,15410,13055,13974,14551
15212: 15145,15287,15738,15563,13013,15525
13433: 13389,14043,13231,14973,15461,13734
13801: 15770,13035,13528,15670,15372,14450
13954: 15734,15227,13810,14218,14994,13914
14097: 15105,14533,14322,13148,14795,14481
14591: 14434,14326,13627,14477,14685,13978
14765: 14106,14224,14421,14287,15711,14276
15570: 15477,14971,14632,14483,13434
15039: 15311,13021,14546,14915,14137,13811,13601
13139: 13154,15015,15366,13977,13093,15464
13246: 13891,14383,12963,13134,15223,14496
12863: 13315,13674,13301,14785,15545,15458
13294: 13431,14261,15516,14803,13024,15478
14827: 14369,13324,13916,14281,14850,13503
13577: 15473,13825,14684,14553,14775,13961
14106: 14765,13749,14224,13927,14162,14276
15117: 12976,15777,14696,13051,14140,14616
14018: 13599,14194,13220,13790,13907,14020
15079: 13772,13557,13247,14600,14004
13910: 13724,13844,14154,15036,14731,15510
15603: 
13644: 15599,14185
14981: 13244,12942,15755
15132: 13482,14019,14740,14435,15500,15499
13069: 13636,15580,13802,14196,15809,14164
13671: 13664,14105,13173,15010,15115,15749
14597: 14711,15006,13622,14693,15802,14846
14910: 14029,13867,14976,14562,15051,14268
12933: 15184,13885,15759,14178,14861,14905
15461: 14973,14258,12916,13899,13433,13231
15595: 13291,13290,15762,13693,14090,14574,14086
14890: 15684,14669,13128,12918,14503,13357
13721: 13022,14887,15509,15685,14299,15562
14181: 15113,13791,13657,14991,13540,13635,13913
13001: 14781,15017,15240,13262,14968,13715
13805: 14172,15052,13332,12968
14576: 15305,15390,15155,13573,15231,15467
13424: 13028,15388
13326: 14784,13163,13682,14444,13416,15474
13090: 14122,15436,14184,15122,13454,15421
15505: 12885,13365,13368,13815,13761
14779: 15502,15524,14472,15662,15314,13033
13074: 13466,13941,15238,13903,14869,15413,12926
15447: 14702,15371,14650,15003,15419,14559
13367: 
15181: 12889,12890,13249,13455
14970: 15442
15672: 14638,13836,13375,14466,14311,15479
15495: 15772,12905,14722,13402,15567,28675,28680
13696: 13065,15072,13460,13518,13046,15651
15408: 13720,13373,14314,13849
13787: 14392,13551,15060,13624,15714,14933
13242: 13216,13155,13303,15087,15124,15556
15660: 13989,13725,14696,15350
15496: 14309,14201,13762
13667: 15098,14418,14176,14805,15368,14151
14709: 14757,15738,14955,14512,15641,15145
14200: 14573,15374,13573,14628,13950,15467
13333: 15760,13066,15758,14876,15497,13218
12909: 13344,14221,14569,15397,12864
14873: 12902,13996,12978,14511,15531,14225
12908: 13343,15645,14021,14758,13964,12958
14230: 14821,13032,14335,15198,15708
13712: 14501,13308
14914: 15445,13240,13360,15585,15694,13655
14266: 14131,13384,13915,14682,15389,13268
13539: 15765,14209,14545,13524,14883,13512
14259: 15226
14299: 15170,15562,13721,14887,15436,14156,14716
15019: 15638,13213
13622: 15006,14597,12820,14846,15540
15229: 15787,14343,13237,15268,14599
14911: 13520,13477,13113,15161,13575,14582
15487: 13580,15018,15439,13796,13724,14154
14995: 13208,14913,13263,14021,13207,15455
12951: 12906,14605,13977,13631,13452,15366
14701: 13086,13178
15613: 14708,13479,13944,15177,13498,15137
15285: 14736,13017,12927,13516,14487,14774
14704: 12814,13872,14239,15649,14568,12986
13859: 12934,14356,15114,13105,14678,15808
13904: 13504,15223,15120,13741,14277,13134
15738: 14757,14709,15792,15563,15212,15145
14431: 13105,14240,14678,14813,14851
14066: 14446,14655,15063,13391
15064: 13004
14070: 14761,13115,14877,14120,15395,13893
14521: 15041,13797,15303,14085,13027,15140
15783: 14134,15343,15339,15147,13475,15033
15171: 14403,13960,13967,15280,12992,14985
15522: 14507,14061,15207,14944,14872,14730
15521: 15710,14620,14627,14240,14851
13828: 13286,13230,13906,14456,14916,14344
15173: 14214,15790,14619,14429,13469,14406
14204: 13132,14025,14548,15030,13249
13524: 15765,13539,13512,12995,14530,14049
14735: 13819,14623,14342,14514,14989
13680: 13587,14832,13445,14942,14662,14354
13736: 15503,14644,15270,15096,15654,13737,15643
13201: 15256,14595,13200,14252,15777
13593: 15543,12836,15159,14041,13546,15698
14856: 13979,12935,14360
14536: 14848,15410,13310,12993,13182,13055
13762: 13459,13484,15496
13549: 14158,15027,15469,13314
15062: 
12818: 14675,15652,14747,14925,15744,15557
13323: 14957,15310,14163,15504,14265
15162: 13114,13151,14250,12886,14556,13316
14120: 13604,14732,15465,15514,13893,14761,14070
13673: 12816,12948,15270,14509,15633,14535
13649: 14907,12864,15397,14485,15283,14928
14783: 12964,15224,15476,15569
15577: 14749,13786,14626,14247
13162: 14009,13694,14359,15018,13562,15194
15302: 15378,13727,14688,14595,13966,13029
13606: 14145,14953
15450: 15150,13268,14681,14684,15618,15389
14958: 14566,13234,13658,14715
15346: 13936,14547,13943,13668,14532
15083: 13812,14174,15622,15379,13085,13393
14862: 14865,15152,13519,13150,14866,15648
14128: 14640,14113,13028
13337: 15789,14184,13284,15493,13228,14122
12947: 15606,14193,15704,12826,13931
15734: 13954,15227,15331,14218,15810,13756
14427: 14798,15528,13865,15404,15426,12903
15457: 14476,13328,15008,14559,14726,14788
13122: 14912,15057,14603,15347,13177,14123
14789: 12968,13112,13829,13494
13192: 13073,15102,15058,14015,12940,15112
15378: 14245,13727,15302,14595,15777,13392
13502: 12850,15526,15094,13245,14387,15382
14654: 15653,14223,15438,13799,14380,15642
12815: 13678,13957,15731,14037,13939
14355: 13742,13436,15078
14241: 14501,13308,13453,13615
13343: 12908,15645,13087,13964,14963,13750
15704: 14412,15690,15438,15606,12947,14386
13670: 15666,15368,14007,15365,13206,13586
14154: 13910,13724,14731,13580,15487,13505
15452: 14056,12919,14083,13520,13477,14333
15262: 13125,15095,15668
15304: 13943,15614,13768,12840,14532
15546: 14139,15689,15571,13378,13554,14390
15113: 14181,13657,13886,15344,13540
13112: 12968,14789,13397,13232,13253,13494
15186: 15074,14886
14579: 13534,15758,13273,14929,15247,13066
15206: 14033,13599,13790,13261,14786
13137: 12959,13968,13468,12925,14901
14302: 15249,14542,15180,14593,14209,14545
14972: 14961,13380,15813,15740,14921
12862: 14641,13076,15639,12847
15111: 13379,13289,15719,13155,15032,14966
13021: 15311,15039,15530,13297,13601
13951: 15174,13895,15543,14895,13167,13546
14697: 13513,13347,15485,15437,15203,13385
13983: 14731,15167,13920,14236,15631,13505
15240: 14781,15017,13001,14593,13503,15180
15642: 14386,14121,14032,15438,14223,14654
15674: 15014,15056
13350: 13582,15631,13505,13562,13580,13493
13722: 13693,14398,13555,13624,15398,14152,13551
14468: 13020,13225,15130,15121,12865,15289
12874: 15148,13632,14035,15245,13938
14625: 15298,14219,13006,14251,14965,15682
14082: 14831,14555,12857,15528
12844: 14565,14869,15413,13312
14481: 13148,14969,15055,14097,14322,14702
15588: 13609,13733,15358,15031,15565,13000
13849: 14314,14342,13453,13373,14989,15408
12922: 15200,13638,13740,15713,13753,13171,14572
13214: 15671,15624,15740,13118,12945,14961
14475: 14026,13012,14797,15075,14441,13210
13856: 15123,14941,14014,12857,14831
15423: 12914,15166,13949,14313,12821,14882
13943: 15304,13523,14590,15346,14547,14532
14043: 13389,13433,12873,14255,15361,13734
14868: 14459,15572,13766,15310
13453: 14045,14342,13615,13849,14241
15479: 14257,15589,14132,14311,15672,13836,13410
13832: 13841,13438,15782,13364,15586,14013
15217: 14902,13369,13567,14904,14348,14212
15702: 13793,14971,13770,14486,14609,14483
13933: 14984,12825,13474,13390,14067,14534
14225: 15551,15215,14436,12978,13996,14873
14067: 14493,14534,15245,15444,13390,13933
15273: 15082,15494,13274,12943,13863,13953
15054: 13982,15265,13320,15630,15776,13456
13006: 15298,14625,14219,13576,14413,15025
14550: 13569,13412,13449,15697,12911,14796
15748: 14896,13875,13467,12912,14447,15472
14320: 15677,15451,13011,12838,15449,15333
15174: 15427,13895,13951,14588,13197,13167
15131: 13470,13800,14232,14653,12830,15415
15306: 15033,15071,14134,14849,14102
15279: 12914,13000,15358,14345,14824
14675: 15652,12818,15557,14832,14942,13092
14109: 13172,12936,15139,13143,14522,15296
14619: 14983,14818,14429,15173,15790
14608: 15319,12954,14242,14210,13808,14191
12967: 14051,14548,15604,15610,13132
14317: 12937,14384,15470,13096,15264,14346
14699: 13884,14833,14013,15043,13854,15337
13026: 13675,13530,14430,15110,14706,15295
15665: 13970,13571,15037,15358,14345
14567: 13911,15770,13035,15584,13585,14531
13216: 13303,13242,15124,13023,13429,13040
13890: 13837,13963,14650,15419,13002,12969
14486: 14971,15702,14561,13708
14280: 14964,14417,14667,14208,14249,12860
15282: 
15105: 14097,15523,14533,14322,14438,14585
14750: 13287,14034,14718,13417
15812: 14101,14884,15402,12839,15255
13840: 13966,13029,15443,15203,13385,15369
12945: 15725,13118,13423,13999,15671,13214
14986: 12834,14161,14748,13776
14858: 15257,15527,15598,13804,12962,15239
13252: 14613,14206,14024,13317,14519,14664
15798: 15026
15751: 13574,15323,14998,15120,13741,15422
13097: 14273,14930,14502,14169,15086,15481
13008: 15339,15160,15147,13388,13699,14262
13628: 15328,15576,14424
15272: 14837,14617,15661,14072
13996: 12902,14873,13923,14225,14436,13777
14192: 13232,13253,14880,13842,13989,13363
13692: 14382,28677,15517,14834,13884,14833
15187: 15791,14108,14460,14467
14994: 15197,13810,14980,13954,15692,13914
14342: 14045,13818,13453,14623,14735,14989,13849
14822: 14068,15352,15046,15041,13027,15573
13529: 13408,13766,15681,15388
15421: 14156,13414,13090,15436,15122,15068
13756: 14843,12974,15810,15734,15331,13698
12887: 15271,12907,14513,15440,14135,13522
13714: 13358,15373
14950: 13272,13668,14329,13280,13719,12825
13382: 15023,13351,14670,15488
13043: 13315,15182,13674,15490,13015,15384
13804: 15598,14552,14858,13850,13488,15239
12900: 13093,14003,14376,12892,15568,13278
15134: 13690,13475,13507,15091,15339,15160
14878: 14499,15696,13045,13219,15326,15761
14678: 14431,13105,13859,15808,15635,14813
14805: 12891,14176,14539,13888,14151,13667
13751: 15778,14243,13261,13499,14163,13235
15138: 14177,14331,13463,13887
13634: 15001,13121,13202,15723,13508,13665
14341: 13597,14229,13620,13716,14285,13295
13371: 13701,13221,14406,15542,14526
13715: 14968,15236,13262,13145,14816,13001
14947: 15021,15636,15679,13988,13113
14973: 12916,15461,13433,12930,13875,13734
13399: 13845,13928,15036,15193,13590,15510
14869: 12844,14565,15413,12926,14729,13074,13903
12949: 13594,12996,14892,14755,13129,13403
13788: 14528,14741,13838,14076,15391
14197: 14111,14145,15549,15493,13284
13999: 13423,12945
15180: 15249,14302,15024,15017,14593,15240
14562: 14910,13867,15736,13052,15434,15051
15561: 14074,15693,13442,14470,13123,13049
15044: 14150,13863,14987,15396,13953,14115
13423: 13677,14510,13999,15671,12945
14000: 
13893: 15395,15514,15555,14120,13604,14729,14070
14745: 13894,13992,14470,13123,14645,14407
15739: 13755,14963,13750,14210,14242,15433
15559: 13681,15157,14859,14636,15152,15737
13770: 15702,14609,14716,14897,14561
14144: 12913,14490,12944,15252
14184: 15789,13337,15266,15728,13090,14122,13454
12944: 14581,15252,14144,14787,14328
14669: 15684,14890,13357,14589,14771
13603: 12983,13040,13786,14626,14112,15632
13881: 14484,12996,13629,13417
14524: 13083,13535,14984,13876,14534,14954
13052: 15434,15349,14182,15736,13955,14562
14628: 15099,13950,14200,15374,14174
13660: 14612,13037,13084
14993: 12835,13732,15680,12849,13018,13286
12885: 13365,15505,15446,13761,14769
13114: 13151,15162,13418,12886,13781,12899
12888: 14110,13534,13747,14764,13690,13959
13049: 15109,15797,15561,13442,13123,12841
13661: 14898,14836,14689,14126,14433,15360
14042: 
14859: 15157,15559,15152,13519,12990,13823
15449: 12838,14237,14740,14320,14435,15333
15001: 13121,13202,13634,13822,14737,14739
15320: 13685,13959,13700,14876,13747,15254
13279: 15512,13036,13386,15799,13186
15746: 14882,15752,15480,14313,14734,13759
13506: 15116,13688,13338,14327,13992,14645
13647: 15614,14580,12915
15020: 14728,14831,14925,15123,15652
13120: 14012,14264,15095,15185
14105: 13664,13671,15749,13598,14844,15400
12937: 14384,14671,14317,15470,15070
13771: 15508,12977,14853,13305,14321,14291
13280: 12879,13297,13601,13272,14950,13719
13036: 13279,14543,15512,13386,13987,13061
13605: 13136,13366,14269,15340,13479,15177
14315: 15040,15664,14126,14415,15360,15088
14160: 13014,13556,14262,14793,15112,15202
14904: 13567,15217,14348,14058,15277,13554
13053: 13191
14094: 13515,15293
12923: 14835,14060,15210,14264,14587,14012
13803: 14614,15253,14168,14949,13329
13374: 12868,12831,13256,13457,14801,14357,15069
14017: 13902,13485,14379,13538
13799: 15453,14380,12954,15653,14654,14191
13536: 12981,14938
13688: 13506,15116,13338,14190,14747,15744
13676: 13809,13703,14198,13140
13270: 13487,14227,13896,15179,15486,14642
15663: 12950,15800,14852,15182,13674,13301
14603: 15535,14269,13595,14912,13122,14123
13290: 13291,15595,15762,13248,12957,13094,14086
14942: 13292,14662,13092,14675,13680,14832
15303: 13288,14147,14521,13797,14631,15140
14790: 14578,14643,14676,15345,12866,15609
15358: 13733,15588,13571,15665,13000,15279,14345
15175: 14766,13581,12883,14658,15226
15752: 14882,15746,14824,15224,14734
13516: 12927,15285,14487,13171,15608,15200
12845: 15661,14072,14951,15297,13846,14432
13730: 
14368: 14393
14081: 14666,14351,13211
14924: 15418,14707,15605,13575,13930
13865: 14798,14427,13178
14673: 14051,15541,14296,14665,14290
13988: 14170,14947,15161,13490,13113
14796: 14668,13883,13449,13412,14550,15129
13377: 15733,14170,14130
13731: 14028,14660,13165,15673
14588: 15427,15174,13197,13614,14234,13952
14913: 13208,14995,14520,13327,15067,15455
13358: 13714,15373,13016,12876,13405
14737: 14408,15596,15142,15001,13121,13822
14339: 14033,13599,14754,14469,14630,15507
13172: 12936,14109,13143,15374,13812,14174
13626: 15498,13110,14119,14898,13227,14433
15643: 13145,12816,15654,13736,15270,14410,13737
14665: 14528,14741,14199,14296,14673
14205: 12822,14455,14203,14007,13206
14954: 13320,15630,14493,14534,13083,14524
13384: 14131,14266,13915,12997,15511,13047
13092: 13292,14942,14675,15652,14728,13583
12891: 13578,14176,14805,14248,15357,13888
14065: 
15501: 15620,13383,15743,12979,13694,14359
14356: 12934,13859,14932,15199,15808,15232
13418: 14773,12999,15237,13781,15554,12899,13114
15112: 12940,15202,14015,13556,14160,13192
15549: 14586,13109,14111,14197,15401,13284
12893: 12932,13141,14177,14891
13077: 13275,15110,14325,15607,15080,13623
12850: 15526,15094,13502,13222,13861,13965
13979: 14856,13776,12819,14780
15227: 15734,13954,15331,13914,14414,12929
14260: 14607,14510
13946: 15558,13265,15345,13271,15609,14744
15124: 15119,15556,14698,13216,13242,13023
15531: 14511,14985,14403,12902,14873,14439
15683: 14469,14630,13659,15587,14377,13056
14044: 13274,12943,15651,15714,14933,13460
13958: 
15000: 15041,13797,15133,14935,15046
13023: 14749,13786,15124,14698,13216,13040
15572: 15507,15483,15587,15548,14868
14211: 
13829: 14789
15690: 14412,15704,13814,15774,15606
14010: 
14682: 14131,14266,13268,14215,13746,15158
12983: 13603,14366,13429,14505,13040,14112
15345: 13282,13271,12866,14790,15609,13946
15657: 13830,14361,13581,12883,14838
15009: 13198,14637,13689,14340
13088: 14541,13381,14104,14679,13164,14557
14092: 13157,15121,14879,14041,13704,15698
13574: 13598,14238,14844,15751,14998,15422
13504: 15223,15120,13904,15251,13410,13091
13883: 15688,13432,14668,14796,15129,15693
12872: 15192,15357,14657,14212,15077,13369
15507: 15572,15483,14339,14469,15587,14712
14335: 14945,14821,14230
13153: 14723,13349,13858,13345,12917,15172
15215: 15551,14225,13304,12848,15757,12978
14937: 12822,14455,13019,13806,15007,15230
14792: 15156,15309
15087: 13289,15432,13689,15556,13155,13242
15586: 14646,15274,13400,13832,13438,13364
14319: 13757,12841,14692,14407,15259,15269
13564: 13728,14405,15178,13764
14151: 15666,15368,13892,14539,14805,13667
13608: 14500,13072,13906,13607,14409,15680
13723: 15491,14103,15034,13124,15520,28658,14416
15298: 14625,13006,13576,14843,12974,15682
15722: 13962,14373,15002,13430,14978
14313: 13360,12821,15423,14882,15746,15480
14088: 
14906: 13666,14727,15706,14620,14027
14087: 13048,13847,14720,13758,13131,13818
13576: 15298,13006,14413,14394,14095,14843
13750: 15739,14963,13343,13087,15433,15621
13831: 15491,15034,14992,13902,15126,13324
15362: 14112,15632,13794,14720,15700,13847
13517: 13341,12971,13099,12837,13969
14104: 13808,13532,13088,13381,14679,13335
15632: 14112,15362,14720,13603,14626,14425
13984: 15785,13583,14529,14555,15676,14155
13707: 13318,13705
14961: 14972,13380,13214,15740,13118,12941
13292: 13078,14942,14662,13092,15785,13583
15159: 13020,13168,14041,13617,12836,13593
15230: 14558,15007,15668,13019,14937,14488,13346
14955: 15441,14512,15617,14292,14757,14709
14617: 13971,15707,13370,15661,14951,15272
13772: 13869,15079,13557,12966,15291,13247
14907: 13649,12864,13481,15084,15263,14928
14078: 15209,14423,13923,15564,12814,13872
15439: 15487,15018,13796,12979,15477,14359
14055: 13344,14221,15275,13568,14408,14939
14333: 15600,13334,13520,12919,15452,13795
14880: 13482,14019,13232,14192,14385,13842
15031: 15692,15233,15565,14885,13609,15588
14966: 15335,14596,15111,12854,15719,15032
13757: 12841,14692,14319,15109,15351,13879
14153: 14148,14199,14296,14367
15563: 15738,15792,15212,15525
13940: 15533,13806,15805,14138,15640,13584
14516: 15571,13190,15560,13259,15689,14040
15616: 15611,14806,13760,15536,14935,15046
15724: 13901,13446,15354,13852,14943
14640: 14128,13458
15225: 15106,12988,13619,13251,15741,12989
15327: 13877,14297,15602,15334
14239: 15552,13352,13269,14704,13872,12986
15655: 13837,13963,13495,13609,13733,13571
13341: 13517,13851,14563,14292
13234: 14566,14958,14430,14715,15615,15713
15232: 12876,15808,14932,14356,14600,13016
12980: 14509,13518,14724,15670,12948,14450
14754: 15059,13599,14194,14339,14630
15425: 
15349: 13052,15434,13704,14182,14879,13007
14657: 15192,12872,15801,13525,14293,15077
15393: 14861,14480,14905,13264,13843,15090
15647: 14150,15396,14349,12906,15431,13848,13452
14358: 14492,12875,14519,15146,14977,14463
15125: 13496,12853
15541: 14673,14528,15391,15604
12851: 13985,14478,14894
15410: 15195,14848,14536,13182,13432,14454
13150: 14866,14874,14862,15648,14064
15387: 15558,13193,13435,13271,13442,15797
13349: 13153,13858,13345,15627,13461,13695
13450: 13758,14375,13819,14623
13620: 14388,13462,13716,13295,13056,14341
13610: 15231,13437,15169,13179,14282
15316: 14585,13810,14218,15523,14286,14006
15013: 14247,14425,14375,13131
14171: 14117,13388,14165,14624,15715,13142
15324: 14279,15472,14763,12817,14016,15330
14863: 13353,15786,13302
15130: 13777,15564,14839,13225,14468,15289
14096: 14137,15218,13032,15198,15611,14915
13048: 14087,13847,13257,13818,14125
14306: 15600,13334,13359,14188
15243: 14948,13677,13510,14672,15671,15624
13800: 15131,13470,14791,15768,14743,14653
13452: 13631,15431,13848,15647,12906,12951
14376: 14857,12900,14003,13293,13648,15568
15649: 14568,14479,14804,14704,12986,14523
15592: 14706,15723,14584,15615,12984,13508
14290: 14746,14367,14296,14051,14673,14931
14327: 13565,13975,14840,14645,13506,15116
13041: 14075,14293,14949,13329
13638: 15608,15200,12922,14363,14572,13767,13217
14452: 15416,12892,13278,15581,14500,13415
13651: 13156,15066,14688,14307,15256,14295
13615: 13219,15326,14045,13453,14125,14241
13247: 14932,15199,13486,13772,15079,14600
15005: 15101,12905,14722,15414,13643,13919
14882: 15746,15752,12914,15423,14824,14313
13064: 14525,14277,13654,13277,14127,15658
14575: 14244,12904,13878,14686,12907,14513
12924: 15049,12894,14462,14220,15094,13222
14135: 13646,12870,15440,15759,12887,13522
15624: 15671,13214,15740,15243,13510,14332
13895: 15427,15174,13951,14604,15543,14216
13792: 15787,15317,15446,15356,13448,14769
13691: 14853,13746,14417,14388,14291,14208
12866: 14551,13282,15345,13974,14643,14790
14387: 13245,15029,13307,15049,15094,13502
13462: 14388,14291,13620,14321,13659,13056
14048: 13151,15290,12899,13915,15389,15150
13645: 14304,14615,13106,13075,15466
15747: 14761,13115,14226,12880,14531,13911
14664: 14492,14519,14294,13252,13531,13317
14159: 15404,15676,15426,13579,13101,13855
13949: 15166,14052,15565,12914,13000,15423
13508: 13866,12984,15723,15592,13634,13665
15331: 15734,15227,13756,13698,12929,15750
15703: 13845,14316,12859,14990,15811,13542
14052: 15166,13973,13949,15233,15565,14414
14717: 14693,14975,15802,13794,15700,14753
12972: 14919,13468,12925,13558,14370
13919: 12912,13679,13185,13643,15101,15005
14967: 13212,13816,13005,12839,14426
13686: 13860,15695,14736,14774,14308,15278
13265: 15558,13946,14659,14744,14719,13127
13748: 13972,13899,14231,13060,12917,14258
15580: 13069,13636,13802,13648,15568,13166
13093: 12900,14003,15464,15015,13139,13278
12971: 13517,14318,13612,13099
14173: 
13013: 14677,15525,15212,15287,14498
13971: 14617,15707,14039,13195,13370
13185: 12912,13679,13919,14116,14447,14267
13567: 14902,15217,12931,14904,14058,15277,15793
13927: 14106,13749,13706,15377,14162,13335
15756: 13146,14518
15289: 13396,15716,14468,15130,14839,12865
12985: 14186,15796,13119,14328,12913,13745
15628: 15470,14220,15070,13061,14772,14462
13746: 14215,14853,13691,14682,15158,14417
13955: 15736,13470,14791,13870,14182,13052
15715: 13833,14713,13142,13388,14171,13699
12834: 14986,14161,13191,13632,14748
13217: 15165,14732,15608,13638,14363,14487,15065
15033: 15306,15071,14764,13475,14134,15783
14422: 15288,12946,13633
12895: 15219,15043,14288,15337,13986
14451: 14921,14143,15813,15552,13352
12977: 15508,14364,13771,14215,14853,14291
15209: 14423,13183,14439,14078,12902,13923
13991: 13830,15038,14148,14199,13376
15648: 15451,14862,13519,13150,14064,13011
14540: 14166,15767,14830,28659,13359
13095: 14286,14006,14095,14976,13553,14394
14113: 14400,15299,15100,13980,14128
12946: 14897,14561,15288,14422
14453: 14900,14821
14720: 15362,15632,14425,13131,14087,13847
13643: 14896,13926,15414,15005,12912,13919
13609: 13733,15588,14885,13837,15655,15031
14324: 12827,15216,12901,15322,15023,15636
14349: 14968,15236,12973,14150,15647,12906
15474: 14485,14598,14784,13326,14444,15151
15477: 12979,15570,14632,15439,13796
14014: 15599,13856,14941
14308: 13407,14744,14719,14736,13686,15278
15512: 13279,14543,13036,13186,15188,14136
15723: 15518,14584,15592,13121,13634,13508
15453: 13799,14380,14365,14323,12954,15773
15729: 13189,13656,15319,14242,13755
13665: 15214,13184,13202,13634,13866,13508
13545: 14614,14168
14971: 15702,14486,14483,13434,13708,15570
15204: 13331,14374
14903: 
14741: 14528,13788,14665,14361,13838,13376
15658: 15554,13769,13064,14773,13654,13277
13914: 15692,15233,14414,14994,13954,15227
15341: 15725
13963: 13837,13890,15655,13002,13495,14084
15543: 12836,14216,13593,13895,13951,13546
15157: 13681,14255,15559,14859,12873,12990
28677: 14382,13238,13692,15517,14515,14870