8115: 8191,8192,8189,7956,7958,8116
9886: 9836,8677,9702,9694,8676,9832
6467: 6371
3: 23,51,87,53
9378: 9237,9292,9640,9545,9277,9456
5: 
7304: 7305,7216
6185: 6283,6282
8579: 8770,8370,8369,8513,8710,8709
7029: 7119,7120
10: 9851,31,60
8276: 8274,8348,8490,8201,8422
8460: 8238,8387,8084,8389,8666,8597
10012: 10031,9880,9714,10009
7073: 6982,9779,6983,9753,7164
9562: 5337,9249,5341,9429,5343,5335
16: 9850,103,141
6262: 6261,6358,6164,6165,6263,6359
18: 
19: 
8158: 8310,8236,8080,7999,8234
10011: 3441,9932,10036,3340,9891
22: 23,51,50
23: 3,51,22
5930: 5931,5633,5829,5929,5632,6028
9962: 9946,9879,10026,374,170,9663
5277: 5278,5177,5176
27: 56
7702: 7949,7787,7865,7948,7867
6147: 6242,6051,6048,6244,6246,6148
30: 31,60
31: 30,10,9851,60
7278: 7279,7367,7540,7452,7539,7277
33: 62,95,96,133
34: 135,178
7009: 7010,6917,7008,7101,7099
9294: 9454,9523,9703,9503,9480,10025
37: 502,980,9322,9403,181,100
38: 228,143,185
39: 40
40: 39
6085: 6084,6086,6183
42: 68,9732
7085: 6628,6815,6627,9377,9362
44: 187,9416,9950,9775,73,9329
9265: 6238,6140,9306,9305,6139
46: 81,9547,121,9275,163
8878: 8820,8984,8701,8933,8879,9079
6884: 6882,7070,6790,6978,6695
49: 
50: 51,22
51: 3,23,22,50,87
7148: 7058,7057,7147,7149,7237,7238
53: 126,3,87
9645: 9717,9335,9813,9709
8540: 9426,8474,8338,8406,8539
56: 27
57: 91
6929: 6837,6930
9001: 9285,9092,9091,9170,9049
60: 30,31,10
9945: 77,9826
62: 33,133,134,135
9914: 10016,9847,9685,9341,9896,9906
64: 9676,99,224,9706,275
7796: 7631,7713,7954,7876,7877
66: 386,446,387,334
8150: 7911,8227,8225
68: 9732,42,9850,103
9855: 6712
5350: 9909,9404,5249,5552,5551,5348
5893: 5894,5793,5794
72: 338,234,285,73,146,187
73: 9345,9775,187,44,72
8144: 8065,8066,8143,8145,8219,8221
8175: 9842,9683,8096,8097
8487: 8685,8555,8621,8417,8554
77: 9826,9945,115
7178: 7180,9967,7091,7696,7182
79: 118,9461,9393,309,206,9323
6658: 6657
81: 46,9547,84
5286: 5387,5185,5186,5285,5287
9765: 1576,9677,1662
84: 81,9547
8120: 8121,8042,8197,8119,8343
6244: 6246,6339,6147,6436
87: 123,3,51,53
7207: 7117,7118,7208,7296
6403: 6307,6499
8523: 8524,8591,8453,8590
91: 57
92: 168
93: 96,133,175
9617: 8659,9448,8784,9334,9938
95: 96,33
96: 133,93,95,33
6741: 6835,6647
5828: 5630,5528,5727,5829
99: 9676,64,275,9439,382,499
100: 834,981,181,980,37
9738: 9112,9071,9835,9846,9754
7979: 8058,8138,7899
103: 16,9850,68,141
5490: 5589,5390,5590
6100: 6198,6003
7162: 6886,6979,6978,7161,7430
6919: 6920,7010,6917,6733,6731,6915
7175: 7352,7526,7353,7439
9788: 9940,9321,10002
7373: 7460
6703: 6894,6893,6607,6609,6705,6799
7902: 8062,7901,7903
5400: 5300,5299,5499
6576: 6480,6575,6671,6672
115: 77,116
116: 115
117: 205,159,118
118: 79,117,205,307,309
119: 424,366,9626,368,312,426
8792: 8730,9544,8790,8729,9359
121: 167,166,9275,46,163,262
9609: 1412,9579,9572,1666
123: 87,9598,126,167,9275
5422: 5322,5421
9878: 9972,9925,9255,9500
126: 53,123,167
127: 208,262,168,369
5195: 5194,5095,5196,5295
9964: 6432,6531,6433,9873,9872,9776
130: 
131: 176,9933,219,220,323
6021: 5922,6118,6022,6119
133: 96,93,175,33,62,134
134: 176,133,175,62,135,178
135: 34,178,62,134
5211: 5110,5312
7838: 7839,7921,7587,7756,7837
9467: 8630,8562,9290,9478,9477
9974: 9837,9869,9487
8946: 8999,8947,8893,9046,9091,9092
141: 16,103
142: 
143: 38,185
5720: 5819,5620,5621,5818
6461: 6556,6462
146: 147,9345,189,72,234
147: 146,192,189
148: 150,149
149: 193,148
150: 148
6462: 6463,6461
9407: 9444,9661,9019,8970,9140
8882: 8824,8881,8826,9037
154: 251,417,9642,155,9496,156
155: 10037,9496,9803,157,154,156
156: 541,155,157,418,154,417
157: 418,360,9446,155,9803,156
4993: 5093,4992
159: 117
9097: 9750,9052,9098,9005,9336,9692
6712: 6711,9855,6617
9957: 3335,3434,9990,9713,10038,10041
163: 9793,46,121,208,262
7850: 7769,7767,7601,8171
6003: 5904,6004,6100
166: 167,121,262,168
167: 166,121,9275,123,126
168: 92,166,127,262
6248: 6344,6148,6249,6052,6056
170: 217,374,10026,9326,9962
9485: 9796,9759,2558,2942,2652,9697
9324: 9527,9428,9473,9464,9566,9431
6007: 6105
8521: 8589,8451,8452,8654,8450
175: 133,93,176,134
176: 134,131,175,178,323
9413: 9426,9733,9484,9376,9312
178: 135,34,176,134,323
9523: 9294,9602,9454,9266,9348,9703
7217: 7128,7216,7127,7305
181: 9403,9502,564,37,834,100
5084: 5185
8018: 9998,7855,7937
6068: 6165,5970,6067
185: 143,228,38,232
9581: 9881,9653,9492,9010
187: 283,9416,44,73,72,285
9259: 452,512,9366,9553,341,9430
189: 192,237,146,147,234,191
9027: 9070,8874,8978,9112,8929
191: 189,237,234
192: 189,237,193,147
193: 149,192
7007: 6916,7095,7360,7098,7008
9433: 9502,9313,9330,9506,384,277
8380: 8306,8452,8453,8232,8307,8382
7220: 7130,7131,7219,7309
8232: 8155,8231,8234,8307,8306,8380
6067: 6164,5970,6068,6165
9232: 9987,9211
9650: 9943,9647,9805,9773,9920
8450: 8654,8519,8378,8451,8449,8521
9669: 1414,1248,9737,9747,9361,9874
7262: 7086,9308,6629,6724,9543,6909
205: 117,118,307
206: 362,309,79,9323,365
5451: 5653,5249,5552,5250,5352,5452
208: 127,262,163,9793,259
8462: 8241,8165,8391,8599,9735,8601
9870: 9994,9947,9693,9838
5846: 5847,5748,5648,5746,9680
5618: 5518,5619,5718
6071: 6072
10000: 9797,9462,9994,9422,9838,9689
7080: 7344,7520,7345
8005: 8006,8084,8163,7759,7924,8004
217: 374,431,376,170,9326,9273
9941: 9658,9873,9792,9901,10035,9992
219: 9809,269,9933,131,220,434
220: 379,324,323,434,131,219
9569: 9328,9262,4132,4336,9734
5167: 5267,5268
7901: 7902,8061
224: 9706,274,326,64
6172: 6270,6269
9656: 413,9728,412,9769
9681: 9984,9828,9739,9844
228: 38,185,281,232
6375: 6376
6617: 6712,6711
9716: 9381,9864,9995,8801,9653
232: 228,185,281,333
233: 9515,448,9272,449,390,509
234: 338,72,146,189,191
9677: 1493,1578,9765,1663,1662
5329: 5331,5332,5227,5230,5328
237: 192,189,191
238: 288,287,9883
5268: 5269,5167,5267
240: 290,344,291
9965: 10023,2661
9667: 9301,9561,9603,9884,9848,10019
243: 
9593: 9379,9588,9252,9622,9915
245: 297,349
246: 
247: 301
7591: 7505,7924,7759,7675
5312: 5313,5413,5211
8062: 7902,8061,8291,8292
251: 154,417,9642,9427,811,672
5150: 5051,5048,5047,4845,5148,5151
7393: 7394,7305,7480,7481
9830: 9674,9276,9719,9270,9956
7692: 7344,7520,7521,7522
5937: 6130,5936,6032,5933,5839,6037
8561: 8627,8869,8494,8560,8562,8813
7560: 7474
259: 316,369,208,9907
7899: 7818,7735,7979
7170: 7259,7169,7348
262: 127,208,166,121,163,168
10006: 9776,9817,9792,9975
5037: 5033,4934,5036,5142,4936,5141
8368: 8219,8440,8509,8707,8644
5224: 5124,5125,5225
7974: 7811,8054,7973,8207,8208
6447: 6351,6350,6541
269: 9809,219,9273,434,433
7721: 7638,7720,7804
5856: 5951,5855,5953,5756,5758
5710: 5611,5709
7631: 7796,7713,7548
274: 224,9706,379,324
275: 438,625,64,99,499
5460: 5461,5657,5259,5361,5359
277: 384,565,442,9506,566,9433
278: 281,333,387
8292: 8766,8291,8365,8062,8142,8507
7836: 7670,7837,7669,7917,7918
281: 278,333,228,232
9177: 9180,9065,9145
283: 187,9416,285,9272,390,336
7777: 9603,7268,7176,7443,7528
285: 338,72,187,283,336,287
9909: 5350,9404,9755,9549,9968,5348
287: 238,288,338,285,336
288: 238,287,339,336
289: 394,450,449,339,9339
290: 240,291
291: 344,240,290
5885: 5983,5886
293: 9746,453,9757,577
294: 403,349,461
9979: 9911,9668,9726,9666,9401
5404: 5304,5403,5504
297: 9474,245,349
7884: 7885,7965
299: 408,471,411,9973
5715: 5813,5714
301: 247
8976: 8813,9509,8869,8973,8812,9449
10029: 9795,9740
7772: 7936,9447,7775
9755: 9909,9404,10018,9632,5346,9549
306: 307,9338,9446,362,360,361
307: 9338,306,205,118,309
9772: 3536,9424,9620,9332
309: 362,206,118,79,307
8494: 8424,8560,8562,8495,8561
311: 9369,9323
312: 425,370,426,424,119,487
6934: 7026,6935
9500: 9878,9972,9255,9819,9382,9399
9733: 10024,9951,9484,9928,9312,9413
316: 259,369,370,426
9888: 9949,9931,9682
318: 9372,616,680,550,750
319: 430,491,619,9758,618
7344: 7692,7520,7080,7345,7521,7431
10025: 9678,9711,9294,9703,9480
7929: 7596,7680,7765,9400,9518,8170
323: 324,220,176,131,178
324: 379,220,323,274
8609: 8734
326: 437,498,379,224
8779: 8587,8778,8655,8838,8895,8718
5440: 5637,5736,5438,5340,5543
329: 9322,9445,833,763,9611,502
5505: 5604,5504
331: 442,385,505,504,698
7079: 7258,7169
333: 278,281,387,232,334
334: 9869,333,387,66,446
7339: 7858,9274,7247,7249,7248,7340
336: 390,339,283,285,288,287
7598: 8170,7682,7425,7428
338: 72,234,285,287
339: 449,390,336,288,289
5226: 5227,5225,5327
341: 769,512,9259,704,9430
7674: 7675,7503,7757,7673
343: 455,397,396
344: 291,240
5255: 5052,5154,5155,5356,5355,5256
346: 519,648,650,647
9926: 9767,10043,9930,9854,9889,9919
9826: 77,9945
349: 403,294,245,297
9912: 9621,9744,9418
7733: 7649,7650,7732
7779: 7360,7532,9458,7355,7184,7697
7618: 7619,7617,7275,7276,7277,7452
9316: 9470,9940,10002,9557
7831: 7912,7913,7832
9697: 2842,9679,9304,2558,9485,9796
8137: 8434,8213,8058,8138
358: 9371,474,9421,9707,477,416
359: 740,672,957,881,1110
360: 157,418,306,9446,361,480
361: 420,480,306,362,360
362: 309,206,306,365,361,420
7876: 7796,7954,8033,7877,8110,7956
5983: 5885,6081
365: 484,362,206,420,544
366: 424,119,9626,484,9369,485
6849: 6661,6756,6848
368: 9907,10040,119,9626,426
369: 259,316,127
370: 425,312,426,316,9946,9879
371: 487,550,425,9528,9414
372: 617,9295,430,618,754,684
9701: 5740,5640,5742,9648,9849
374: 217,431,170,9962,9663
9748: 9819,9972
376: 217,431,9273,433,492
9499: 9550,9354,7780,9402,7617,8020
9584: 9563,9063,9497,9444,9660,9368
379: 324,220,434,326,274
9476: 9244,9398,2204,9261,9325
5204: 5104,5304
382: 561,563,499,99,9439
383: 9527,9428,563,694,501
384: 565,835,564,277,9502,9433
385: 444,505,9900,9570,331
386: 66,447,446,445,444
387: 278,333,334,66
9608: 9619,9463,9325,2392,9364,2110
8654: 8519,8450,8521,8589,8587,8655
390: 449,339,336,283,233,9272
6205: 6303,6204,6206
6163: 6065,6162,6260,6164,6261
9379: 9588,9593,8757,8632,8695
394: 289,450,511,9339,452,9553
395: 578,9536,9248,641,514,513
396: 515,397,343,454
397: 515,396,343,455
5761: 5663,5758,5762,5957,5958
6575: 6576,6671
6696: 6700,6699,6504,6695,6790
401: 
402: 521,461
403: 294,349,461,523
7103: 7102,7191,7280,7014,7104
405: 9474,406,9948
406: 9948,405
407: 410,411
408: 299,471,9821
5044: 9573,9352,4944,4742,9408,5144
410: 407
411: 407,299
412: 473,9736,9769,413,9656
413: 9656,412
8562: 8495,9467,8494,8561,9477,8813
9397: 9320,9409,9342,1238,1399,9357
416: 477,668,737,475,474,358
417: 251,154,812,541,156,811
418: 157,360,480,541,156,675
9900: 9807,9385,385,9370,9570
420: 361,481,480,362,365,544
9235: 9236,9077,9119,9292,9545,9450
8560: 8494,8625,8810,8627,8561
9028: 9030,9029
424: 366,119,312,614,485,487
425: 370,312,9879,487,371,9414
426: 370,312,368,316,119
5504: 5604,5603,5404,5505
5590: 5589,5490
6744: 6837
430: 319,9758,372,9295,618
431: 217,374,376,492,491
8481: 8740,8678,8265,8412,8339,8480
433: 557,492,269,376,437
434: 379,220,269,219,437
8389: 8599,8666,8084,8163,8460,8241
9309: 6799,9469,6894,9601,9724,9801
437: 326,498,434,557,433
438: 275,625,560,498,559
5868: 5967,5769,5966
6162: 6163,6065,6259,6260
9693: 9870,9947,9834
442: 331,9506,698,566,277
6257: 6256
444: 385,505,386,445
445: 386,447,448,444,505,571
446: 66,386,447,334,9806
447: 386,446,445,9806,9515,448
448: 9515,233,447,445,509,571
449: 390,339,233,509,289,450
450: 394,289,572,511,449,634,509
9448: 8661,9617,8658,9356,9334
452: 512,700,9259,394,511,9553
453: 9746,293,9441,641,9298
454: 515,396,456
455: 343,397
456: 454,515
6815: 6628,7085,6723,6534,9377,9607
6632: 6350,6348,6537,6347,6631,6820
7609: 7691,9977,7518,7434,9627,7430
9938: 9988,9617,8784,8844,9334,9917
461: 521,402,403,294,523
6388: 6291,6483,6389,6387
8730: 8792,9544,8599,8666,8601
5115: 5116,5215,5015
7293: 7292
466: 594,9281,9674,529,9586,595
467: 666,535,531,9270,9276,599
5650: 5649,5550,5750,6043
9432: 9685,9341,6038,9278,6328
8987: 8933,8879,8880,8881,9081,9080
471: 408,299,9973,531,536
472: 9823,473,9769,602,536,537
473: 412,9736,9769,472,537,9760
474: 475,537,9760,9707,416,358
475: 537,474,666,602,668,416
9171: 9173
477: 737,416,9371,670,358,808
8703: 8435,8216,8365,8639,8764,8704
9414: 9528,9918,9663,425,9879,371
480: 361,420,481,418,360,675
481: 420,480,544,675,744,609
9466: 7763,8468,9525,9559,9457
7367: 7278,7540
484: 9369,365,366,546,485
485: 612,614,484,424,366,546
6284: 6381,6283
487: 550,371,424,425,312,614
6142: 5751,5849,5848,9614,9306
489: 9372,616,617,9247,751,683
8865: 8919,8970,8808,8866,8917,8807
491: 319,619,431,492,687
492: 557,433,431,376,491,687
6590: 
9037: 9123,9081,8882,8881,8989
8662: 8596,8663,8527,8594,9623,9616
7241: 7417,7151,7152
8422: 8624,8126,8276,8490,8278
498: 326,437,557,559,438
499: 561,382,275,625,99,624
9524: 9459,9282,9734,5041
501: 762,763,9611,383,9428,694
502: 980,37,9322,329,1131
9359: 8729,9505,9712,8792,9544,9386
504: 634,571,505,331,568,698
505: 385,444,445,504,571,331
9785: 8170,9400,9531
6585: 6586
5842: 9910
509: 634,571,448,233,449,450
6784: 6783
511: 394,572,450,634,568,452,700
512: 452,700,9259,768,341,769
513: 514,704,9430,9248,395,640
514: 513,395,774,640,707
515: 397,396,454,456
5027: 4825,4927,5031
6260: 6163,6162,6259,6357,6356,6261
518: 647,649
519: 346,583,648
9652: 6618,9680,5847
521: 461,402,523,586,584
9436: 8186,8333,9534,9390,9346,8261
523: 586,403,521,461
8644: 8708,8769,8645,8368,8440,8707
9179: 9180,9145,9205
9286: 9845,9479,9862,9997,9510,9532
527: 9365,9488,9495,589,652,718
9621: 9912,9744,3539,9756,9418,3339
529: 9674,9276,596,599,466,595
8452: 8306,8380,8453,8451,8521
531: 9270,9821,471,535,536,467
7209: 7119,7120,7210,7208
9029: 9234,9074,9030,9028,9072
8954: 
535: 666,602,536,467,531
536: 602,535,471,472,9823,531
537: 475,474,9760,472,473,602
5047: 5247,4845,5148,5144,4944,5150
9393: 9580,9460,9263,79,9461,9323
8493: 8424,8625
541: 673,812,156,418,417
7804: 7885,7721
5573: 5572,5574,5672,5673
544: 678,546,365,420,481,609
7825: 7742,7743
546: 678,544,484,612,485
5826: 6121,5825,5928,5926
8919: 8810,9019,8970,8865,8866,8867
9464: 9288,9473,9324,9431
550: 487,371,680,614,318
8645: 8708,8644,8440,8369,8770
9293: 9750,9692,9786,9594
10014: 9225,9226
7179: 7176,7269,7268
9425: 3839,3835,9374,9332,9597,9396
7624: 8108,7870,7540,7539,7707,7625
557: 433,492,437,498,559,687
9209: 9068
559: 755,687,557,498,438,560
560: 438,625,755,559,757,690
561: 382,563,499,760,624,693
9756: 3539,3639,9932,3540,9621,9744
563: 561,382,383,693,694
564: 384,835,9502,181,834,907
565: 384,835,277,566,630
566: 633,698,442,565,277
9396: 9582,9597,9425,9620,9375,9332
568: 633,698,634,504,511,700
7195: 7104,7283,7284
9211: 9185,9232
571: 634,504,509,445,448,505
572: 450,511,634
6618: 9652,6138
8989: 8990,9161,8938,9123,9037
7198: 7109
10034: 9643,9936,9402,9695,9944,9465
577: 293
578: 395,9536
9459: 9524,9282,9483,9633,5041
580: 783,9818,781
6357: 6356,6260,6261,6358
9659: 10033,9675,9810,9398,9463
583: 584,648,519
584: 583,521,586
7247: 7156,7249,7155,7339,7336,7248
586: 523,521,584
8193: 
588: 9940,783,645
589: 926,716,9365,527,1073,652
5332: 5331,5329,5434,5230,5436,5333
9657: 9883,9853
9618: 9420,9277,9613,9686
593: 9551,9257,594,661,730,801
594: 9281,466,595,661,593,9257
595: 731,661,529,596,594,466
596: 664,599,529,595,731,733
7050: 
9308: 7086,7262,9607,9638,9543,9435
599: 664,596,467,9276,529
5916: 5917,5816,5817
9281: 594,466,9586,9843,9770,9257
602: 666,535,536,472,475,537
4943: 
6148: 6248,6147,6051,6052,6246
5755: 9394,5557,5657,5754
9377: 9638,9529,9362,6815,7085,9607
5513: 5413,5512
8524: 8523,8592,8591,8455,8593
609: 745,746,481,678,544,744
9114: 9214,9072,9187,9182
9740: 9875,9795,9344,9395,10029
612: 680,614,485,678,546,679
9251: 9576,9283,9255,9637,9415
614: 612,680,485,424,487,550
9718: 9751,9721,9929,9266,9877,9348
616: 9372,489,318,750,892,751
617: 9247,372,489,684,823,683
618: 754,430,319,619,372,686
619: 491,319,755,687,618,686
8688: 8625,8687,8866,8624,8808
9422: 9442,9591,10032,9994,10000,9462
5887: 5886,5986
8968: 9017,8861,9892,8915,9018,9102
624: 690,760,625,561,499
625: 438,275,560,690,624,499
9867: 9992,9471,9343,10035
8466: 
9127: 8888,8709,8830,9130,8995,9600
7003: 6916,6915,6912,7002,7092,7095
630: 631,565,835,697,1060
631: 838,630,839,1060,910
7641: 7557
633: 568,698,566,768,700
634: 504,509,571,572,450,511,568
5271: 5272,5372,5171
6813: 6904,6624,6720,7083
6256: 6257
8050: 8049,8279,8205
9297: 8995,9629,9600,9317,9045,9556
640: 915,774,514,704,513,842
641: 9441,453,395,9536,9298
9636: 7608,9253,9639,7434,9627,9299
5542: 5540,5641,5740,5640
9429: 9503,5343,9480,9360,9249,9562
645: 783,588
5307: 5308,5408,5207,5407
647: 650,649,346,518
648: 583,346,519,650
649: 650,647,518
650: 647,649,346,648
6581: 6582
652: 927,718,589,527,1149,1073
653: 787,654,9530,786
654: 653,787,788,858,9635
8378: 8230,8229,8451,8449,8304,8450
7936: 7772,9447,7769,7771,9434
657: 
7990: 8069,8372,7909
659: 872,729,9405,9551,801,873
7443: 7528,7354,7442,7176,7266,7777
661: 595,802,731,594,593,730
6537: 6347,6441,6535,6632,6631,6629
9526: 9370,9330,9300,9315,9287,9313
664: 596,599,666,668,733
8748: 8419,8686,8808,8806,8807
666: 602,535,467,475,664,668
9370: 9526,9330,9570,9385,9900,9300
668: 737,416,666,475,664
5259: 5361,5159,5258,5359,5460
670: 9371,9427,477,808,881,955
8565: 8497,8631,9355,8356,8873,8357
672: 811,740,359,9427,251
673: 812,541,743,813,814
8029: 7949,7787,7707,7703,7870,8259
675: 743,744,418,481,480
9989: 8252,8021,9993,9347,9763,9314
9502: 9403,181,9313,9433,384,564
678: 544,546,612,746,609,679
679: 890,750,678,612,680,746
680: 612,614,550,679,750,318
9133: 9049,9203
8526: 8310,8236,8594,8309,8727
683: 823,894,489,617,1043,751
684: 754,617,372,823,896,1045
8006: 8005,8163,7761,7924,7763,8008
686: 827,757,619,755,618
687: 755,559,557,492,491,619
9491: 2463,2555,2460,9624,9333
5185: 5186,5084,5285,5286
690: 624,625,560,757,758
7523: 
9770: 10004,9612,9843,9281,9257
693: 694,903,760,561,563,901
694: 693,903,563,383,762,501
9771: 9990,9516,3334,3235,9815
7059: 7149,7150,7060,6967,7058
697: 982,907,835,630,983,1060
698: 568,633,566,504,442,331
7742: 7741,7659,7743,7825
700: 452,512,511,568,633,768
8527: 8386,8594,8457,8596,8662
9695: 9944,9690,9710,9936,10034
9925: 9878,9972
704: 513,9430,341,842,640
8242: 8318,8463,8165,8391,8667
6290: 6387,6193,6291
707: 776,9268,514,9536,774
9952: 9735,8601,10022,9544,9778,9386
709: 776,9268,9493,919,1068,917
710: 853,9818,9958,781
5086: 5087,4986,5186
9513: 9723,9258,9599,9646,9498
8365: 8766,8291,8292,8703,8704
7312: 7311,7400,7224
7325: 7237,7413
716: 589,926,785,9470,9557,9365
6028: 6126,6127,5929,5930,5931
718: 927,652,786,527,9495
8259: 9472,9705,9729,7870,7949,8029
6734: 6640,6735,6639,6733,6920,6828
9340: 9750,9052,9285,9094,9519,9594
722: 860,9552,1006,789
723: 9745,792
724: 9637,794,9382,868,943,942
725: 796,727
6200: 
727: 869,725
728: 10004,9612,1021,1096,944,9405
729: 659,872,9405,1097,1021,1178
730: 874,950,801,802,661,593
731: 595,802,661,733,596,876
7949: 7787,7702,8029,9472,8259
733: 731,664,596,807,876
10022: 9735,9952,9963,9778,9831
5220: 
9272: 9515,233,9565,283,9416,390
737: 477,668,416,807,808
5343: 9429,9503,5341,5338,5138,9562
7455: 7368,7542,7540,7792,7625
740: 811,672,359,884,1110,1034
5958: 5957,6055,5959,5761,5960
6724: 6631,6629,7262,6725,6909,6910
743: 675,744,673,814
744: 675,743,481,745,609
745: 816,746,609,744,888
746: 745,816,609,678,890,679
9054: 8950,9098,8999,8949,9094,9052
9622: 9453,9852,9290,9252,9593,9915
7279: 7278,7190,7191,7280,7368
750: 820,679,680,616,318,892
751: 1042,1043,892,489,616,683
5540: 5542,5639,5640
8554: 8620,8487,8621,8619,8681
754: 618,684,372,896,897
755: 559,687,619,560,757,686
9356: 8898,9592,9055,9448,9353,9334
757: 827,758,686,755,560,690
758: 827,757,690,972,973
6072: 5975,6071
760: 624,561,901,693
9217: 9238,9218,9216,9640,9307,9420
762: 763,501,694,903,977,978
763: 762,501,9611,329,978
6305: 6207
5430: 5328,5331,5528,5630
8179: 8253,8255,8103
5023: 4922,5123,5124
768: 633,512,700,838,769
769: 341,839,768,512,838
6665: 6760,6759
5266: 5267,5366,5364
9390: 9484,9346,9928,9534,9486,9436
9304: 2842,9679,9697,2841,2938
774: 989,640,514,707,845
7464: 7550,7377
776: 707,9268,709,917
5708: 5709,5807,5609
7818: 7819,7735,7899
9417: 9684,9469,9494,9801
8984: 8821,8820,8878,8983,9079,9033
781: 9470,580,710,853
5113: 5213,5214,5013
783: 645,580,9940,588
9781: 9537,9798,10037,9803
785: 926,716,853,9470,998
786: 927,718,653,1000,1076
787: 653,654,788,1076,1078,1152
788: 1004,858,787,654,1078,929
789: 1006,9552,722,859,9245
5495: 5594,5395,5494
9936: 9643,9508,10034,10019,9710,9695
792: 793,723
793: 792
794: 724,9637,9415,942,1095,1174
5953: 5856,5951,6051,5956,6048
796: 725
8480: 8339,8479,8737,8481,8678,8739
9060: 8962,8857,8911
7018: 7109,7019,6926,6927
5155: 5054,5258,5157,5255,5154,5256
801: 874,730,9551,593,659,873
802: 731,661,876,950,730,1027
7442: 7266,7443
5574: 5475,5575,5573,5673
6941: 6848,7033,7032
9913: 2558,9319,9585,2842
807: 808,952,876,737,733
808: 807,952,477,737,670,955
6389: 6388,6293,6390
9363: 9552,9980,9291,9245,9635
811: 740,672,251,417,812,884
812: 673,541,417,811,884,813
813: 959,884,673,812,885,814
814: 886,885,673,743,813
9553: 9366,9337,394,9339,452,9259
816: 745,746,890,888,889,965
8376: 8303,8304,8301,8449,8649
9052: 9340,9750,9097,9054,9098,9094
8842: 9055,8721,8841,8782,9004,8898
820: 890,750,966,965,892
6316: 6218,6315,6219,6320,6414,6412
6315: 6218,6316,6216,6412,6508
823: 1044,894,683,617,684,1045
6651: 6746,6556
7819: 7818,7735,7736,7737
5327: 5328,5225,5226,5227
827: 757,758,686,897,972
8372: 8069,7990,8444,8225
5476: 5475,5575
9972: 9878,9925,9500,9748,9819
8782: 8841,8718,8656,8842,8721
7118: 7117,7207,7208,7027,7119
833: 329
834: 1057,100,181,564,907
835: 384,565,564,630,697,907
6904: 6813,6624,6994
7300: 7388,7212,7299
838: 631,768,839,769
839: 769,631,838,910,840,842
840: 912,842,839,910
7601: 7516,7602,7600,7767,7850,7775
842: 840,839,704,915,640
8058: 7979,8138,8135,8137
5875: 5973,5775,5776,5876
845: 989,774,1066,1067,917
6449: 6450,6448,6545
7516: 7602,7601,7600
848: 9493,919,9358,923,920
5873: 5872,5774
7858: 9274,7339,9299,7252,7249
9810: 9822,10010,9244,9398,9659
7646: 7562
853: 710,781,923,785
5256: 5359,5357,5255,5155,5258
7248: 7596,7247,7339,7340,7765
6218: 6316,6315,6219,6022,6119,6216
9947: 9994,9870,9693,9375,9834,10032
858: 788,1004,859,9245,9635,654
859: 1004,858,9245,1080,789
860: 722,863,9895,1006,1007
861: 864,9905,9780,863,934,933
862: 864,9905,1087
863: 9780,9895,860,861,1007,934
864: 9905,861,862,1087,933,1162
865: 939,1013,1170
9528: 9918,9414,371,9372,9247,9295
8964: 9011,8966
868: 9382,9399,1096,944,724,943
869: 727,9819,9399,944
9442: 9591,9422,4139,3936,9462,9256
8431: 8213,8430,8499,8361,8568
872: 659,729,948,873,1179,1178
873: 1025,948,874,801,659,872
874: 950,730,801,1025,873,1183
7083: 6528,6720,6813
876: 807,952,802,731,733,1027
7386: 7299,7298,7474
9019: 8919,8970,8867,9444,9407,9563
6862: 6954,6768,6769
7518: 7163,7081,6979,7430,7691,7609
881: 1031,955,670,359
7351: 7439
9591: 9442,9422,10032,9582,4036,3936
884: 959,813,812,811,740,1034
885: 1037,886,814,959,813
886: 1037,1038,885,814,888
8300: 8373,8225,8301,8227,8303
888: 889,745,816,1038,886
889: 888,816,1038,965,1115
890: 820,679,816,746,965
8509: 8439,8507,8705,8368,8707
892: 1042,751,820,750,616,966
6716: 6993,6809,6622
894: 1044,823,683,1043
6582: 6583,6581
896: 897,1045,754,684
897: 896,754,827,1047,972
9999: 9866,10027
5839: 9668,9784,6032,5937,6037
9831: 9651,10022,9963,9778
901: 760,693,902,903
902: 903,901,1127,1052,977
903: 693,902,694,901,762,977
8228: 8303,8304,8152,8227,8229
7704: 7942,7783,7703,8021,7865,7787
9067: 9109,9068
907: 697,982,835,564,834,1057
9471: 9614,9306,9343,9305,10035,9867
9472: 8259,9729,7949,7948,10024
910: 1060,1137,631,839,840
9835: 9915,8978,9852,9754,9112,9738
912: 840,915,1297,1141
6320: 6416,6414,6122,6223,6316,6219
9808: 9632,9604,5346,10017,9302,9574
915: 989,640,912,842
6031: 5931,5833,5933,6127,6128,5936
917: 1068,1067,845,776,709
5278: 5277,5177,5379
919: 9493,848,709,920,1069,994
920: 919,848,1069,996,1225
9567: 9749,9615,9560,9239,9546
4958: 4856,4957,4858,5157,5060,5159
923: 998,853,848
7470: 7557
9351: 9411,9541,9555,9535
926: 589,785,716,998,997,1073
927: 652,786,718,1149,1309,1000
6188: 6090,6091,6286
929: 1396,1561,1079,788,1004,1078
9796: 9485,9790,9759,9679,9697,9704
9789: 9762,10039,10030,9727,9939
9530: 9264,9291,9495,653,9635
933: 1161,1162,864,861,934
934: 1009,1007,863,861,933,1161
9950: 9837,9699,9775,9329,44
936: 
6298: 6201
938: 1014,9741
939: 9741,1014,865,1013
5375: 5374,5274,5475
941: 1253,9283,1417,1248
942: 943,1019,724,794,1174,1255
943: 942,1019,868,1097,1096,724
944: 1096,869,728,9399,868
5997: 5898
6535: 6439,6723,6537,6441,7086,6629
5723: 5722,5624,5724
948: 1025,1180,873,872,1179,1261
9981: 9702,9832
950: 874,730,802,1028,1027,1183
7160: 7252,9639,7070,6974,7161
952: 807,808,876,955,1029,1027
6821: 6820,6541,6725,6637,6911,6823
5418: 5419,5417,5518
955: 1031,881,670,808,952,1029
8499: 8567,8632,8430,8429,8431,8568
957: 359
4934: 5033,5037,4929,4730,4936,5032
959: 884,813,885,1035,1034
5481: 5480,5581
6835: 6741,6742
7075: 6983,7345,7431,7164
8929: 8982,9032,8874,9027,8983
5110: 5211,5009,4909,5010
965: 966,816,890,820,889
966: 965,820,1042,892
7649: 7733,7565,7564,7650,7732
9902: 9715,1241,9903
6993: 6809,6716,6902,6622
7139: 
5090: 5091,5190,4990,5089
972: 1047,1048,827,758,897,973
973: 758,1048,972
974: 
9800: 9634,9892,9691,9787
8655: 8779,8587,8654,8589,8656,8718
977: 1207,1052,902,903,762,978
978: 762,763,1207,977
7741: 7742,7740
980: 502,1132,37,981,100
981: 100,980,1211,1373,1133
982: 697,907,1057,983,1134
983: 1060,1137,697,982,1135,1136
9720: 9813,9708
7288: 7289,7200,7375,7199
7296: 7383,7207,7208
5258: 5155,5157,5259,5159,5256,5359
5031: 5233,4927,5032,5027
989: 915,774,845,1066,1141
10009: 7608,9517,10012,9880
7104: 7014,7195,7103,7283
5956: 6051,6052,5953,5957,6055
9451: 2190,9954,2098,2010,2189
994: 919
7474: 7560,7386,7475
996: 1071,1225,920,998,997
997: 1148,1073,998,926,996,1071
998: 923,926,785,996,997
5355: 5455,5356,5052,5255,5153,5253
1000: 1309,1230,1075,927,786,1076
8424: 8493,8494,8352,8425,8495
6759: 6760,6665,6853
9536: 578,395,641,9577,9298,707,9268
1004: 788,858,859,1080,929,1079
5000: 
1006: 789,722,860,1082,1007
1007: 1082,1009,934,860,863,1006
10016: 9914,9847,6612,9906,9898,6517
1009: 1082,1159,1007,934,1161,1160
8891: 8776,8714,8835,9089,8945
1011: 
7570: 7569,7571,7655
1013: 939,865,1170,1169
1014: 938,939,9741
8567: 8632,8499,8695,8634,8568,8696
6583: 6582
7023: 6932,7022,6931
9872: 6337,9658,9873,6432,9964
1019: 1256,943,942,1097,1175,1255
7462: 7548,7375
1021: 1097,1096,728,729,9405
9811: 9794,9858,9749,9863,9827,9673
8769: 8708,8644,8938,8767,8707,8991
9602: 9454,9523,5141,9280,9266,5142
1025: 1180,948,873,874,1263,1183
8199: 8044,7965,8273,8274
1027: 1028,1029,802,952,876,950
1028: 1106,1105,1029,1027,950,1183
1029: 1028,1106,1027,952,1031,955
7885: 7804,7884,7965
1031: 881,955,1029,1108
8261: 8262,8333,9436,8033,9346,8110,8538
5419: 5418,5518
1034: 1035,740,959,884,1111,1110
1035: 1034,959,1111
5294: 5394,5194,5295,5395
1037: 1038,886,885,1193
1038: 1037,886,888,889,1193,1115
7707: 7703,7450,7451,7539,7624,7870,8029
7539: 7278,7540,7452,7451,7707,7624
10038: 10041,9957,3434,3239
1042: 1043,892,751,966,1118
1043: 1042,751,894,683,1118
1044: 823,894,1045
1045: 896,684,1044,823
5585: 5584,5485,5685
1047: 1048,972,897,1124
1048: 1047,972,973,1124,1125
9334: 9353,9917,9617,9448,9356,9938
9862: 9845,9286,9997,9742,9970,9671
6455: 6359,6456,6550
1052: 1207,977,902,1127
6303: 6205,6206
6261: 6262,6358,6163,6260,6164,6357
9721: 9718,9751,9929,9959
5776: 5678,5775,5875
1057: 834,982,907,1133,1212,1134
7877: 7796,7876,7956,7878
8146: 8145,8222,7988
1060: 983,1137,910,631,630,697
4978: 4878,4979
7309: 7396,7220
6441: 6537,6347,6249,6346,6439,6535
6216: 6119,6215,6313,6218,6315,6410
5177: 5176,5277,5278
1066: 1300,1142,1141,989,845,1067
1067: 1302,917,845,1142,1066
1068: 1302,1303,917,709,1145
1069: 1145,1305,919,920,1225
7888: 7806,8047
1071: 996,1306,1225,1148,997,1227
6847: 6939
1073: 1148,1149,997,589,926,652
9890: 9921,9897,10028
1075: 1230,1000,1076,1152,1392,1312
1076: 1152,786,787,1075,1000
9066: 9065,9109
1078: 1477,1152,787,788,929,1561
1079: 929,1396,1004,1080,1234,1395
1080: 1004,859,1079,1234
5621: 5622,5620,5720
1082: 1009,1159,1007,1006
9963: 8667,8603,9942,10022,9831,9651
6270: 6173,6172
7932: 8093,8171,7770,8013
9571: 10003,9982,10005,9556,9824,10039
1087: 864,862,1162
8170: 7598,9785,7929,7425,7765,9400
1089: 
5274: 5374,5375
9607: 7086,9308,6815,6723,9638,9377
1092: 1170,1169,1250
5421: 5422,5520
9583: 9452,9360,5340,9249,5543
1095: 1336,1174,794,9415,1419
1096: 1097,1021,944,728,868,943
1097: 1021,1096,729,943,1019,1175,1178
9322: 9287,329,9445,9403,502,37
7562: 7475,7646,7563
7903: 8064,7902
8869: 8627,8561,8811,8813,8976,8973
9512: 9540,9543,7001,6909,9406,7000
5033: 4934,5036,5037,5233,5032,5136
9452: 9583,9678,9360
1105: 1028,1106,1347,1263,1183,1185
1106: 1028,1105,1029,1185
4939: 4736
1108: 1187,1031
8369: 8296,8370,8440,8645,8579,8770
1110: 1111,740,359,1034
1111: 1110,1035,1034,1270
7599: 7515,7600,7767,7682,7931
5502: 5601,5403
6414: 6320,6416,6316,6412,6510,6512
1115: 1038,889,1193
6844: 6843
5664: 5564,5663,5762
1118: 1197,1042,1043,1196
9514: 9388,9321,9488,9264,9812
8208: 8209,7974,8054,8207,8356
6249: 6344,6248,6346,6439,6441
9760: 537,474,473,9736,9707,9829
7200: 7288,7289,7110,7199
1124: 1203,1202,1125,1047,1048
1125: 1124,1203,1048
9791: 9345,9775,9699
1127: 1286,902,1052
5685: 5585
5092: 5192,4992,4991,5091,5093
5698: 5697,5598,5599,5699
1131: 502,1132
1132: 980,1131,1290,1211
1133: 1373,1212,1057,981
1134: 1375,1213,1057,982,1212
1135: 983
1136: 1215,1295,1216,983,1137
1137: 983,1060,910,1136,1216
9345: 9775,73,9791,146
8373: 8225,8300,8444,8647
5487: 5488,5587,5387
1141: 1300,1066,912,989,1297,1380
1142: 1066,1067
8108: 7624,7870,7791,7625,9705,9289
6939: 6847
1145: 1069,1305,1068,1303,1304
7394: 7393,7481
6626: 6528,9725,9817,6433,6906
1148: 1149,997,1073,1071,1228,1227
1149: 1148,1073,927,652,1228,1309
9777: 4639,4740
7532: 7360,7779,9458,7275,9550
1152: 1076,1078,1477,787,1075,1312
9956: 9674,9830,9586,9856
9447: 7936,7772,9998,9434,9373
9991: 9706,9676,9468
9690: 9695,9944,9763
9958: 9380,9746,9757,9818,710
6390: 6293,6389,6391
1159: 1082,1009,1314,1160
1160: 1240,1009,1159,1161,1241
1161: 933,1009,934,1160,1241
1162: 933,864,1087
9678: 10025,9711,9360,9480,9452
9589: 9326,9383,9273,9923,9809
8830: 8770,8709,9127,9130,8886
8838: 8779,8778,8895,8837,8949,8947
5227: 5226,5327,5328,5329
8990: 9038,9161,8989,8938,8991,9039
1169: 1170,1092,1013,1250
1170: 1092,1169,865,1013
8727: 9260,9623,8526,8594,8309,8383
9326: 9383,9273,9589,217,170
7092: 7095,7000,7001,7002,7003
1174: 1095,794,942,1338,1255
1175: 1259,1178,1097,1256,1019
5695: 5793,5794
8453: 8380,8452,8382,8523
1178: 1259,1179,1175,1097,872,729
1179: 1259,1178,872,948,1261,1425
1180: 1025,948,1263,1261,1344
5302: 5403,5202,5201
9357: 1399,1819,9397,9342,1905,1318
1183: 1263,874,950,1028,1105,1025
6451: 6356,6450
1185: 1349,1106,1105,1347
6058: 5959,6059,5960,6155
1187: 1108,1349,1350
6084: 6085,5986
7276: 7098,7275,7099,7277,7618
9140: 9438,9102,9018,8917,8970,9407
9975: 10006,9817,9725
1192: 
1193: 1037,1038,1115
5852: 5454,5455,5357,5557,9533
6896: 9494,6897,6708,6706,6801
1196: 1276,1197,1277,1118
1197: 1198,1278,1277,1118,1196
1198: 1197,1278
7290: 7289,7377
7328: 7327,7503
1201: 1281,1282,1202
1202: 1124,1203,1283,1201,1282
1203: 1124,1283,1202,1125,1284
9980: 9363,9743,9291,9812
9089: 9090,9317,8891,9982,9132
6291: 6388,6193,6290,6387
1207: 1052,977,978
9263: 9460,9393,9461
9475: 6984,6891,9384,6892,6893,9511
4940: 5041,4436,9670,4836,9877
1211: 1291,1290,1132,981,1373
1212: 1374,1133,1057,1375,1134
1213: 1375,1134,1295,1376
7237: 7238,7325,7147,7148
1215: 1295,1136,1216,1296,1461
1216: 1215,1136,1137,1296,1297
9875: 9649,9795,9740,9271,9344,9904
8451: 8230,8378,8306,8452,8450,8521
10031: 10012,9880,9714,9977,9779,9753
6992: 6900,6809
9966: 3239,3634,9927,9978
9839: 9920,10042,9773
5233: 5031,5032,5033,5129,5136
8821: 8820,8984,8634,8696,8874,8983
1225: 996,1071,1306,920,1069,1305
7086: 7262,9308,9607,6535,6723,6629
1227: 1228,1307,1071,1306,1148,1388
1228: 1307,1390,1227,1148,1149,1309
9303: 9453,9852,9509,9449,9754,9885
1230: 1309,1075,1000,1390,1392,1473
9462: 9797,10000,9442,9422,9256,9489
7542: 7368,7456,7455,7543,7792,7627
7052: 
1234: 1314,1395,1319,1080,1079
6972: 6973,7063
8186: 8032,8031,8333,9436,9534,8260
8687: 8688,8490,8624,8686,8808
1238: 1563,1732,1316,9397,9409,1399
9313: 9403,9502,9433,9526,9330,9287
1240: 1160,1242,9715,1241,9722
1241: 9715,9902,1161,1160,1240
1242: 1240,1314,1319,9443,9296
6114: 6212
1244: 1408
9556: 10005,9297,9629,9317,9982,9571
1246: 1494,1578
1247: 1579,1411
1248: 1414,1417,9669,9737,941
10023: 2661,9965,2662
1250: 1251,1092,1169
1251: 1250,1332
7151: 7152,7150,7060,7241
1253: 1418,1419,941,9283,1417
6534: 6439,6723,6342,6344,6628,6815
1255: 1422,1338,1256,942,1019,1174
1256: 1019,1175,1422,1255,1340
8917: 9018,8807,8916,8970,8865,9140
4997: 4897,4998
1259: 1179,1175,1178,1425,1341
7478: 7390,7565,7564
1261: 1510,1344,1425,1180,948,1179
9420: 9307,9277,9613,9618,9217,9640
1263: 1347,1183,1105,1025,1180
8126: 8047,8201,8422
8278: 8279,8352,8422,8624
9090: 9089,8943
8178: 8103,8101
7954: 7796,7713,8033,7876,7953,8032
8336: 8264,8265,8262,8189,8191
1270: 1111,1351
6645: 6549,6550
1272: 
9643: 9936,9402,9508,10034,9310,9354
9548: 9672,9507,9387,9242,9615,9863
9846: 9754,9885,9738
1276: 1196,1277,1357,1358
1277: 1197,1278,1276,1196,1358
1278: 1197,1198,1277
8721: 9055,8842,8658,8592,8591,8782
1280: 1281,1362
1281: 1201,1282,1280,1362,1363
1282: 1201,1281,1283,1202,1363,1364
1283: 1203,1202,1284,1282,1364
1284: 1203,1283,1285,1366
1285: 1286,1284,1366,1367
1286: 1127,1285,1367
8449: 8378,8376,8304,8519,8450
7996: 7914,8075,7915,8076
9395: 9344,9505,9712,9740
1290: 1291,1211,1132
1291: 1290,1211,1373,1456
9601: 9575,9860,6894,9511,9309,9724
7112: 
9343: 9614,9471,9867
1295: 1215,1136,1213,1376
1296: 1297,1380,1215,1216,1461
1297: 1296,1380,912,1216,1141
9360: 9678,9429,9480,9249,9583,9452
7216: 7127,7217,7304,7305
1300: 1066,1141,1380
9505: 8729,9359,9712,8791,9344,9395
1302: 1068,1303,1067,1384
1303: 1068,1302,1145,1384,1467,1304
1304: 1468,1386,1303,1145,1305,1467
1305: 1069,1145,1306,1225,1386,1304,1387
1306: 1071,1225,1305,1387,1388,1227
1307: 1228,1390,1227,1388,1472
8143: 8065,8144,8064,8142,8439,8219
1309: 1230,1000,1149,927,1228,1390
6283: 6282,6185,6284
6515: 6420,6419,6421,6418,6514,6610
1312: 1644,1075,1477,1152,1392,1476
6198: 6100
1314: 1234,1319,1159,1242
9408: 9302,9574,5044,9352,9482,5144
1316: 1902,1816,9409,1563,1238
8383: 8309,8382,8455,9260,8727
1318: 1905,1820,1566,9342,9357
1319: 1314,1234,1395,1242,1483,9443
8943: 8712,8834,9090,9045,8714
5036: 5033,5037,5142,5136,5338,5138
8659: 8661,9617,9284,9649,8784
7670: 7836,7669
5594: 5495,5593,5494
7190: 7101,7099,7277,7191,7279
1326: 1408,9730
1327: 1493
6628: 6815,7085,6627,6342,6437,6534
5361: 5163,5259,5460,5461,5363
6246: 6244,6342,6147,6344,6148
5096: 5095,5196
1332: 1334,1251,9665
6706: 6516,6610,6705,6801,6896
1334: 1332,9737,9576
6201: 6299,6298
1336: 1421,1095,1419,1504,1420
9045: 9317,8943,9297,8995
1338: 1422,1255,1421,1174,1589
6381: 6284
1340: 1507,1341,1256,1506,1422
1341: 1507,1340,1259,1425,1509
6448: 6449,6545
9519: 9285,9340,9594
1344: 1261,1180
9588: 9379,9593,9355,8873,8757,9252
5304: 5404,5204
1347: 1263,1105,1185
9468: 9473,9439,9991,9676
1349: 1185,1187,1350
1350: 1351,1187,1349
1351: 1350,1270
5901: 5999,5801,5902
9193: 9239,9162,9123,9160,9161,9219
9295: 9247,372,9528,9758,9918,430
9276: 9674,529,9830,9270,467,599
6286: 6188
1357: 1358,1276,1439
1358: 1357,1276,1277
5601: 5502
7922: 8004,7757,8002,7839
5392: 5393,5492
1362: 1444,1280,1281,1363
1363: 1446,1281,1282,1362,1364
1364: 1282,1283,1363,1446
9338: 307,306,9446,9537
1366: 1367,1449,1284,1285
1367: 1366,1449,1286,1285
9012: 9059,9983
1369: 1451
7008: 7098,7007,6916,6917,7009,7099
5281: 5180
6695: 6598,6696,6884,6790
1373: 1133,981,1291,1211,1456
1374: 1212,1456
1375: 1213,1134,1212,1541
1376: 1541,1542,1213,1295
7763: 8468,9466,8008,7761,8006
9596: 9105,9368,9971,9497,8868
5346: 9632,9808,10017,10018,9985,9755
1380: 1296,1297,1300,1141
5121: 
9437: 9592,9353,9893,9336
5562: 5564,5662,5561,5659,5756
1384: 1548,1549,1467,1302,1303
7965: 8044,8199,7884,7885
1386: 1468,1304,1305,1469,1387
1387: 1553,1469,1388,1305,1306,1386
1388: 1553,1387,1306,1307,1227
5813: 5715,5714,5812,5912,5913
1390: 1228,1307,1309,1230,1472,1473
5649: 5550,5548,5748,5650
1392: 1557,1476,1473,1230,1075,1312
9561: 7696,9667,9301,7859,10019,9508
9274: 7858,7339,9299,9253,7340,9631
1395: 1234,1319,1396,1079,9250,1483
1396: 929,1561,1079,1395,9250
5010: 4910,4909,5110
10028: 9825,9897,9890,4131,4234
1399: 1819,9357,9397,1238,1732,2082
9302: 9574,9408,5247,5144,9604,9808
9521: 9282,4330,4336,4232,9269,9483
5912: 6010,5812,5813,5913,6011
5663: 5761,5758,5564,5662,5664,5762
1404: 1565,1483,9443,9246,1568,9761
5557: 5755,9394,9533,5357,5852
1406: 1573
7436: 7348,7437,7349
1408: 1244,9730,1326
7806: 7888,7723
5104: 5105,5204
1411: 1664,1579,1247,1494
1412: 9609,9579,1666,1841
9277: 9420,9618,9378,9640,9456,9686
1414: 1417,1248,9669,9361,1499,1583
6376: 6280,6375
6327: 9278,6425,6421,6328,6326,6227
1417: 1414,1248,1253,941,1499,1500
1418: 1253,1419,1500,1502,1420
1419: 1253,1418,1336,1095,1420
1420: 1587,1504,1418,1419,1336,1502
1421: 1336,1338,1504,1762,1589
1422: 1506,1338,1255,1256,1340,1589
9809: 269,219,9923,9933,9273,9589
9415: 9637,794,9251,9283,1095
1425: 1261,1510,1259,1179,1341,1509
9646: 9887,9599,10027,9513
1427: 1512,1428,1510,1594,1682
1428: 1513,1512,1427
5434: 5331,5332,5436,5630,5631,5535
9779: 7691,9977,7073,10031,9753
9329: 9565,9487,9837,9950,9416,44
7905: 8065
7865: 8252,8021,7704,7787,7702
9033: 9190,9120,8983,8984,9079,9032
9460: 9580,9393,9263,10040,9782
1436: 1520
5244: 5345
1438: 1439
1439: 1357,1438
7146: 7147,7055
8008: 7763,8468,8006,8163,8241,8165
7988: 8146
1443: 1444,1526,1527
1444: 1362,1443,1527
6212: 6114
1446: 1363,1364,1529
7673: 7757,7756,7413,7674
7037: 7128,6945,7127
1449: 1366,1367,1532
9224: 9166
1451: 1535,1369
9869: 334,9806,9974,9487
9497: 9584,9063,9368,9596,8868
9769: 412,473,9656,472,9823,9728
6412: 6508,6605,6316,6315,6414,6510
1456: 1539,1291,1373,1374
9708: 9722,9813,9715,9903,9720
8679: 8741,8483,8550,8740,8799,9625
5920: 5919,6018
6629: 6631,6724,6535,6537,7086,7262
1461: 1545,1215,1296
9469: 6799,6801,9309,9494,9801,9417
5736: 5637,5440,5438,5635,5536,5834
9236: 9235,9077,8928,9157,8982,9292
8013: 7770,7934,8093,7932,8397
9658: 9873,9941,9901,6335,9872,6337
1467: 1549,1384,1303,1468,1304
1468: 1386,1304,1467,1469
1469: 1553,1387,1468,1386,1721,1722
6439: 6535,6723,6534,6344,6249,6441
9860: 9575,9601,9724,9696
1472: 1556,1555,1307,1390,1473
1473: 1392,1557,1390,1230,1556,1472
9325: 9608,9463,9476,9398,9261,9364
9489: 9256,4241,9797,9462,9331,4341
1476: 1392,1557,1729,1644,1312,1815
1477: 1078,1152,1561,1644,1312,1562
9071: 9738,8928,8980,9077
6733: 6639,6731,6734,6919,6920
7870: 7624,8108,7707,8029,9705,8259
7434: 9627,7609,9977,9636,7608,9880
7265: 7266,7354,7440
1483: 1404,1565,1395,1319,9250,9443
6614: 6804,6805,6520
7669: 7668,7670,7836
6051: 5956,6048,6052,5953,6147,6148
1487: 1656,1739
1488: 9700,9761,1566,1568,1820,1651
7956: 7876,7877,7878,7958,8115
7839: 8002,7838,7921,7757,7756,7922
7828: 7909
7450: 7707,7703,7780,7619,7451,7783
1493: 9677,1578,1327
1494: 1246,1578,1663,1664,1411
7055: 6964,7145,7146
9858: 9794,9811,9996,9827
1497: 9542,9327,1756,1755,1582,1844
6612: 10016,9847,6708,6897,6709,6517
1499: 1758,1583,1414,1417,1500
1500: 1502,1759,1417,1418,1499,1758
9392: 9269,4427,9483,4529,4630,9633
1502: 1500,1759,1418,1587,1420,1847
5722: 5723,5622
1504: 1587,1761,1420,1421,1336,1762
8406: 8478,8539,8614,8540,8338,8479
1506: 1422,1340,1589,1677,1592
1507: 1341,1340,1509,1592,1766
9802: 9558,9507
1509: 1767,1594,1510,1425,1507,1341
1510: 1261,1425,1427,1594,1509
5548: 5447,5648,5649,5748
1512: 1513,1428,1427,1682
1513: 1512,1428,1514,1599
1514: 1515,1599,1513
1515: 1514,1599,1600,1516
1516: 1515,1600
8213: 8434,8137,8502,8431,8361
8015: 7934,7935
6720: 6528,9725,6813,6624,7083
1520: 1605,1436
5159: 5060,5259,4958,5258,5157
7794: 7711,7628,7953,7545,7630
6481: 6385,6480
1524: 1608,1525
1525: 1526,1610,1524
1526: 1525,1610,1443,1527,1611
1527: 1612,1611,1444,1443,1526
9376: 9484,9346,8474,9413,8538
1529: 1446
10010: 1747,10001,9810,9822,9244
9483: 9269,9392,9459,9282,9521,9633
1532: 1617,1449,1616
5403: 5302,5404,5502
7783: 7942,8020,7704,7780,7703,7450
1535: 1619,1451,1620,1705
7931: 7682,7599,7767
8457: 8387,8160,8527,8596,8597
5370: 5269
1539: 1622,1456,1623
8879: 8987,8933,8701,8702,8880,8878
1541: 1542,1376,1375
1542: 1541,1376
7505: 7591,7417,7419,7679
9258: 9513,9723,9412,9498,9538,9573
1545: 1629,1630,1461
7711: 7794,7628,7627,7952,8031
1547: 1631,1548
1548: 1549,1384,1547
1549: 1548,1384,1467
7522: 7692,7520
9968: 9549,9909,5348,5448
7431: 7521,7164,7075,7345,7344
1553: 1469,1387,1388,1722
9735: 8601,9952,10022,8391,8462
1555: 1556,1810,1472
1556: 1555,1472,1557,1473
1557: 1392,1476,1473,1556,1727,1815
9732: 68,42,9850
7973: 8207,7811,7974
6705: 6514,6609,6706,6703,6799,6801
1561: 929,1396,1078,1477,1562
1562: 1644,1731,1477,1561,9481
1563: 1817,1991,1238,1732,1316,1902
9421: 9655,9707,9496,9371,358,9642
1565: 1404,1483,9279,9250,1568
1566: 1568,9342,1488,1318,1820
6059: 5961,5960,6058
1568: 1566,1404,1565,1488,9761
9229: 9185
8995: 9297,9600,8888,9127,9045
1571: 1572,1656
1572: 1571,1656,1573,1740,1657
1573: 1406,1572,1657
10032: 9591,9422,9375,9582,9994,9947
5882: 
1576: 9765,1662
9851: 10,31
1578: 1493,9677,1494,1246,1663
1579: 1664,1836,1411,1247
5508: 5408,5509
6809: 6993,6716,6992
1582: 1755,1842,9579,9327,1497,1841
1583: 1499,1756,1758,9361,1414,9542
5977: 5978,5878
6638: 6731,6823
9253: 9636,7608,9517,9274,9299,9631
1587: 1761,1504,1420,1502,1847,1760
9745: 723,9882,10008
1589: 1762,1676,1421,1506,1422,1338
8282: 8207,8496,8497
8696: 9070,8874,8567,8695,8634,8821
1592: 1852,1766,1506,1507
7638: 7721
1594: 1767,1509,1510,1427,1682
5317: 5417
5087: 5086,4986
9480: 9429,9503,9294,9678,10025,9360
9564: 9546,9610,9504,9560,9307,9613
1599: 1514,1515,1600,1513
1600: 1515,1599,1516
9166: 9224,9167
1602: 1687,1688
8614: 8406,8478,8479,9836,8677
5337: 5340,9249,9562,5335,5437,5438
1605: 1520,1691
9458: 7532,7779,9310,7697,9550,9354
9342: 1566,9397,9320,9357,1318
1608: 1524,1693
1609: 
1610: 1525,1526,1611
1611: 1527,1612,1526,1610
1612: 1527,1611,1698
5091: 5090,4990,4991,5092,5192
9157: 8982,9032,9190,9236,9237,9292
6371: 6370,6467,6275
1616: 1532,1617,1702,1701
1617: 1532,1618,1616,1702,1703
1618: 1617,1619,1703,1704
1619: 1535,1618,1704,1705
1620: 1535,1705,1706
9486: 9289,9534,9705,9729,9390,9928
1622: 1539,1623
1623: 1539,1622,1709
5964: 5865,6062
1625: 
5269: 5268,5370
7032: 7123,7033,6941,7122
1628: 1629
1629: 1545,1630,1628
1630: 1545,1629,1631,1716
1631: 1547,1630,1716,1717
8677: 9886,8477,8478,8614,8676
5631: 5630,5434,5533,5535,5632
5922: 6021,5823
6843: 6844,6749,6935
9243: 9126,9125,9194,9242,9501,9387
7485: 7571,7398
4941: 4739,4839,4840
9929: 9718,9721,9348
9348: 9703,9266,9718,9929,9523
5848: 5349,5551,6142,5849,6041,9614
5550: 5649,5750,5448,5650
5202: 5201,5302
1644: 1729,1731,1312,1562,1477,1476
9723: 9513,9258,9412
8075: 7996,7914,8076,8074,8154
9749: 9567,9615,9863,9827,9546,9811
9848: 10019,9710,9667,9884
4992: 4891,4991,5092,4993,5093
8392: 8393,8168,8603,9942
1651: 1996,1821,9700,1488,1820
7630: 7460,7545,7794,7953,7713
7280: 7103,7191,7279,7368,7456
9494: 6896,9469,6801,9417,9684
7761: 7924,7679,8006,7763
1656: 1572,1571,1487,1739,1740
1657: 1572,1573,1740,1741
1658: 9859,2366,9554,1915,2002
1659: 
5781: 5683
7953: 7794,7630,8032,8031,7713,7954
1662: 1663,9677,1576,9765
1663: 1662,9677,1578,1494,1664
1664: 1836,1579,1411,1494,1663
9318: 9128,9501,9960,9664,9558
1666: 1840,9609,1412
9612: 10004,728,9770,9551,9257,9405
9824: 10005,9664,9571,9727,10039
9998: 8018,7855,9447,9373
9203: 9133
9680: 9652,5847,5846
7000: 7092,7181,9512,7001,9406
9520: 3333,9516,9713,3530
6671: 6672,6766,6575,6576
9700: 1488,9761,9709,9717,1651
1676: 1762,1589,1851,1850,1849
1677: 1506
9750: 9340,9052,9097,9692,9594,9293
7163: 6888,7081,7518,9384,6979
8880: 8764,8702,8824,8881,8987,8879
5961: 6059,5960,5865
1682: 1769,1512,1427,1594
9510: 2570,9997,2569,9286,9532,2664
8898: 9005,9592,9356,9055,8842,9004
7428: 7425,7598,7515
8020: 7942,7783,9465,9402,9499,7780
1687: 1602,1688
1688: 1602,1687
5748: 5847,5846,5648,5548,5649
5380: 5379,5280,5480
1691: 1777,1605,1778
9792: 9873,9941,9992,10006,9776
1693: 1608,1779
8978: 9915,9835,9070,9027,9112
6215: 6119,6216,6313,6117,6118
6783: 6784,6688
5518: 5618,5419,5418
1698: 1784,1612,1699
1699: 1698
9931: 2014,9949,2197,9888
1701: 1702,1616
1702: 1701,1616,1617,1703
1703: 1618,1617,1702,1704
1704: 1790,1618,1619,1703
1705: 1619,1535,1620,1706
1706: 1793,1620,1705
6516: 6708,6706,9908,6425,6610
9517: 7608,9253,10009,9631
1709: 1623
9993: 9944,7942,9465,9763,8021,9989
5865: 5964,5961
6432: 6531,9964,9872,6437,6627
8624: 8422,8490,8278,8688,8687
9018: 8917,8916,8915,8968,9140,9102
8743: 9016,9010,8960,8744,9017,8861
1716: 1630,1631,1717,1803
1717: 1804,1803,1631,1716,1718
1718: 1805,1804,1717
9399: 9382,868,869,9819,9500,944
9730: 1408,1326
1721: 1469,1722
1722: 1553,1469,1721
9465: 7942,8020,9402,10034,9944,9993
8593: 9419,9284,8455,8524,8592,8661
9994: 9870,9947,9422,10032,9838,10000
5902: 6001,5901
1727: 1812,1901,1815,1557,1899
5606: 5705,5706
1729: 1644,1731,1476,1815,1816
6307: 6403,6209,6308
1731: 1729,1644,1562,9481,9254
1732: 1563,1238,1399,2082
9906: 9898,10020,9896,9914,10016
9573: 5044,9352,9258,9412,9538,4742
8165: 8241,8391,8462,8468,8008,8242
5108: 5209,5007
6338: 6241,6336,6335,6339,6337,6436
1738: 1739,1827,1914,1912
1739: 1738,1487,1656,1827,1740
1740: 1827,1741,1572,1656,1739,1657
1741: 1827,1740,1657,1828,9606
8119: 8120,8483,8616,8343
9085: 9130,8886,9894,9126,9128
6183: 6086,6280,6085
1745: 1921,1919
9248: 9366,9590,513,9430,395
1747: 10001,10010,2020,2021,2205
9961: 9859,9389,9554,9267,10021,9731
1749: 
7475: 7562,7388,7474
6967: 6966,6874,7058,7059
9818: 9865,9757,580,9958,710
9813: 9722,9708,9335,9720,9645
5718: 5817,5618,5619,5816
1755: 1930,1931,1842,1582,1497,1844
1756: 1758,1583,9542,1497,1844
8638: 8361,8636,8701,8502,8639,8702
1758: 1499,1756,1583,1500,1759,1846
1759: 1500,1502,1758,1846,1935,1847
1760: 2026,1937,1587,1761,1847
1761: 1587,1504,1762,1937,1760,1849
1762: 1676,1589,1421,1761,1504,1849
5805: 5706,5804,5904
9821: 531,9270,408,9719
6342: 6246,6344,6628,6534
1766: 1592,1507,1767,1855,1943
1767: 1594,1509,1766,1855
9495: 527,9488,9530,9264,718
1769: 1682,1855,1857
9331: 4338,9522,9799,9797,9489,4341
5186: 5185,5086,5286,5287
1772: 
9011: 8964,8911,8966
6351: 6350,6348,6349,6447
7066: 6973,6974,7252,7156,7249
9529: 9638,9377,9362,9943
1777: 1691,1778,1864
1778: 1777,1691
1779: 1693,1867
6780: 6781,6874
8145: 8146,8222,8066,8144,8221
1782: 1870
7467: 7380
1784: 1698
9940: 588,9788,783,9316,10002
8663: 8596,8662,8790,8791,9616,8729
5364: 5363,5462,5263,5266
9790: 9796,9759,9704
6517: 6709,10016,6612,9898,6426
1790: 1704,1878
9576: 9251,9283,1334
6920: 6919,7010,6733,6734,6828,7011
1793: 1706
7057: 7148,7058,6966,7147
9119: 8980,9235,9077,9234,9976
6627: 6628,7085,6437,6432,6531
1797: 
6820: 6821,6541,6725,6350,6632,6631
9628: 9260,9623,9271,9616,9419,9904
1800: 
9332: 9620,3536,9772,9425,9374,9396
8616: 8680,8343,8485,8119,8741,8483
1803: 1804,1717,1716,1890
1804: 1717,1803,1718,1805,1892
1805: 1718,1806,1804,1892,1893
1806: 1805,1893,1894
9692: 9893,9336,9786,9750,9097,9293
6464: 6463
8363: 8138,8434,8435,8216
1810: 1555,1897
7224: 7135,7312
1812: 1727,1901,1987,1899,2078,1989
7234: 7145
6139: 9901,9305,6140,9265,9490,6336,6335
1815: 1727,1901,1557,1476,1729,1816
1816: 1316,1902,1729,1901,1815
1817: 1563,1991
5699: 5599,5698
1819: 1399,9357,1905,2264,2082,2173
1820: 1995,1318,1566,1488,1651
1821: 1996,1651,1822,1998,1909
1822: 9717,1821,1909
9642: 251,154,9421,9496,9371,9427
5975: 5876,6072
9953: 8023,9687,9783,9833,7945
8904: 8905,8848
1827: 1740,1741,1738,1739,1914,1828
1828: 2182,9389,1827,1741,1914
5804: 5705,5706,5805,5904
9443: 9296,9246,1319,1242,1404,1483
1831: 2006,2096,1917
9647: 9650,9943,9805,9540,9435,9967
1833: 1921
9296: 9443,9246,9335,1242,9722
1835: 2199,2015
1836: 1664,1579
8767: 8938,8826,8707,8705,8769
1838: 1840
6768: 6767,6769,6862
1840: 1666,1838
1841: 1928,1412,9579,1842,1582
1842: 1930,1755,1582,1928,1841
9255: 9878,9500,9382,9251,9637
1844: 2022,1497,1756,1755,1931
5009: 5110,4909
1846: 2022,2021,1758,1759,1935
1847: 1935,1936,1502,1759,1587,1760
6510: 6512,6607,6414,6412,6605,6892
1849: 1850,2028,1761,1762,1676,1937
1850: 2030,2028,1849,1676,1851
1851: 1852,1676,1850
1852: 1592,1851,1943,1853
1853: 1942,1852,1943,2033
9552: 9363,722,9245,789
1855: 1943,1767,1769,1766
5253: 5153,5252,5455,5355,5353,5354
1857: 1946,1769
5712: 5810,5613,5713
6480: 6576,6385,6481
9226: 9225,10014
1861: 1950,1949
5637: 5440,5736,5837,6032,5834
9854: 9691,9787,9889,9438,9767,9926
1864: 1953,1777
9719: 9270,9821,9830
5437: 5436,5335,5337,5536,5535,5438
1867: 1868,1779
1868: 1867,1957
5070: 4969,5069
1870: 1782
8042: 8121,8120,7962
9574: 9302,9408,9482,10017,9808
1873: 
8592: 8524,8591,8593,8658,8721,8661
9850: 16,103,68,9732
1876: 
9631: 7340,9274,9253,9517
1878: 1966,1790
9847: 9914,10016,6612,9685,6708,9908
9778: 9386,9952,10022,9831
1881: 1969
9908: 6708,6516,9278,6425,9685,9847
5673: 5672,5573,5574,5772
7565: 7649,7564,7478,7650
9239: 9193,9162,9219,9560,9567
1886: 
10013: 9412,9352,9482
7081: 7163,7518,9575,7342
9578: 6047,9455,9410,9311,9367,6144
1890: 1978,1803
9264: 9530,9291,9812,9514,9488,9495
1892: 1893,1804,1805
1893: 1892,1806,1805,1894
1894: 1983,1806,1893
9747: 9361,9774,9874,9986,9669,9630
9614: 9306,9471,9343,5848,6142
1897: 1810
9261: 2395,2203,9476,9325,9364
1899: 1987,1727,1812
5308: 5307,5408,5207
1901: 1727,1812,1815,1902,1816,1989
1902: 1316,1816,1901,1989,1563,1991
10036: 9932,10011,9744
9394: 5755,5557,9533,9410,5754,9455
1905: 1995,1318,1819,9357,2173
6004: 6003
7912: 7831,7913,7911,7992,7993
9503: 9429,5343,9480,9294,9454,5138
1909: 1998,1999,1822,1821,2000
5252: 5153,5253,5151,5352,5251,5353
6272: 
1912: 2001,2000,1914,1738
5480: 5280,5380,5481
1914: 2001,1912,1738,1827,2182,1828
1915: 2272,1658,2366,2364,2273
8826: 8767,8882
1917: 2006,1831,2276,2279
9352: 9573,5044,9482,9412,10013,9408
1919: 1745,2008,2010
9121: 9238,9218,8933,9079,9080,9122
1921: 1745,1833
9954: 2190,9451,2100
7526: 7352,7175,7439
6398: 
9928: 9390,9484,9729,9486,10024,9733
9911: 9979,9401,9644
9969: 9440,9883,9698,9853
1928: 1841,1842
5792: 5793,5891
1930: 1755,1931,1842,2018
1931: 1930,1755,2022,1844,2018,2020
9849: 9666,9648,9861,9701,9726
5492: 5392,5393
5691: 5789
1935: 2024,1847,1759,2021,1846
1936: 1847
1937: 2118,2026,1760,1761,2028,1849
6207: 6206,6305
5200: 5201,5300
4954: 4852,4955,5055,4849,4645,4853
8848: 8904,8905
1942: 1853,2123
1943: 1855,1852,1766,1853,2033
8231: 8155,8232,8153,8154,8230,8306
9112: 9738,8928,8978,9835,9027
1946: 1857,2036
5475: 5476,5574,5575,5375
9038: 8990,9161,9039,9162,9125,9194
1949: 1950,1861
1950: 1861,1949
1951: 1952
1952: 1953,1951
1953: 1864,1952,1954,2043
1954: 1953,2043,2044
9722: 9813,9708,1240,9715,9296,9335
9312: 9733,9951,9426,9413
1957: 1868,2047
6089: 6090
6483: 6388,6387,6482
1960: 2049,2050
4990: 4889,4890,4991,5090,5091
7314: 7402,7401
7063: 7153,7155,6972,7062
7962: 7801,7880,7879,8042
9534: 9289,8260,9486,8186,9436,9390
1966: 1878,2055,2056
5379: 5380,5278,5478
5705: 5804,5606,5706
1969: 1881
8620: 8554,8680,8908,9641,8681
5154: 5052,4950,5255,4852,5155,5054
8683: 8915,8805,8621,8619,8744,8861
1973: 
9679: 9304,9697,9796,2940,9704
6545: 6641,6449,6450,6448
8916: 9018,8917,8807,8806,8915,8805
1977: 1978,2067
1978: 1977,1890,2067
6299: 6201
1980: 
7579: 
6709: 6517,6612,6897
1983: 1894,1984,2072,2073
1984: 1983,2073,2074
4937: 4936,5141,4733,4534,9280,4836
5083: 
1987: 1899,1812,2078
9492: 9581,9881
1989: 2078,2079,1812,1901,1902,1991
8046: 8201,8047
1991: 1563,1817,1902,2079,1989,2170
6227: 6420,6226,6128,6326,6327,6421
9260: 9628,8727,9623,8383,8455,9419
9885: 9846,9754,9303,9449
1995: 1905,1820
1996: 1651,1821,1998
9388: 9321,10002,9557,9514,9365,9488
1998: 1909,1999,1996,1821,2087
1999: 1998,1909,2090,2000,2087,2178
2000: 2001,2090,1912,1909,1999
2001: 2090,2000,1914,1912,2182,2002
2002: 2272,2001,2090,2182,1658
8667: 8603,9963,8391,8242,8463
9426: 8540,9413,9312,8539
8084: 8005,8163,8004,8238,8460,8389
2006: 2096,1831,1917,2279
2007: 2008,2188,2096
2008: 2098,2010,2188,1919,2007
5772: 5673,5871,5872
2010: 2008,2098,1919,9451
9487: 9565,9329,9974,9837,9869,9806
5886: 5887,5885
8056: 8134,8135
2014: 9949,9931,2290,2015,2196
2015: 1835,2199,2014,2198
5561: 5461,5657,5462,5659,5562
7149: 7150,7059,7148,7058,7238
2018: 9662,1930,1931,10001,2020
9328: 9814,9262,9569,9935
2020: 1747,10001,1931,2022,2021,2018
2021: 2022,1846,1935,2024,1747,2020,2205
2022: 2021,1844,1846,1931,2020
6416: 6320,6414,6419,6418,6512
2024: 1935,2207,2021,2205
5819: 5720,5818,5919
2026: 2118,1937,1760,2207,2208
5894: 5893,5794,5895
2028: 2030,1850,1849,2118,1937,2119
9498: 4539,9538,4438,9522,9513,9258
2030: 1850,2028,2212,2119
9354: 9550,9499,9310,9458,9643,9402
8227: 8150,8225,8300,8228,8303
2033: 1943,1853
6571: 6475
8601: 9735,9952,8599,8462,8730,9544
2036: 2037,1946
2037: 2036
8866: 8625,8688,8808,8919,8810,8865
9766: 9876,9927,9978
6891: 6984,9384,9475,6890,6888
8764: 8639,8702,8880,8703,8704,8824
9905: 864,861,862,9937,9780
2043: 2133,1953,1954,2044
2044: 2226,2135,1954,2043
5488: 5487,5587,5389
6420: 6323,6515,6419,6227,6226,6421
2047: 1957
7010: 6919,6920,6917,7009,7011,7101
2049: 2050,2139,1960
2050: 2049,1960
9582: 4036,9597,9396,9375,9591,10032
6275: 6371
10019: 9848,9710,9667,9561,9936,9508
2054: 2055,2145,2144
2055: 2054,2145,1966,2056
2056: 2057,2147,1966,2055
2057: 2056,2147,2148
6639: 6733,6640,6734
9007: 8846,9008
8338: 8264,8540,8474,8406,8339,8479
2061: 2152,2151
9804: 9698,9440,9590,9337,9441
7993: 7992,8152,7912,7913,8074
8846: 9007,8787
2065: 2156
2066: 
2067: 1978,1977
7780: 9499,7619,7617,7783,8020,7450
6293: 6196,6389,6390
8982: 9157,8929,9032,8928,9236
8949: 8999,8947,8838,8895,8950,9054
2072: 2073,1983
2073: 2072,1983,1984,2074
2074: 2165,1984,2073
9194: 9125,9243,9242,9038,9162
5290: 5390,5189,5190
8496: 8426,8694,8282,8497,8631
2078: 2079,1989,1987,1812
2079: 2078,1989,2170,1991
9613: 9307,9420,9618,9564,9610
8928: 9112,9071,8982,9236,9077
2082: 2264,2172,1732,1399,1819
9762: 9789,10039,10030,10003,9752,9857
8106: 7947,8028
9205: 10007,9179
8306: 8380,8452,8232,8231,8230,8451
2087: 2178,2270,1998,1999,2361
7305: 7304,7216,7217,7393
5653: 5451,5552,5752,5452,5751,5849
2090: 2001,2000,1999,2178,2272,2002
6805: 6614,6804,6711
7878: 7880,7879,7958,7877,7956
8348: 8274,8276,8490,8347,8686
7697: 9310,7182,7859,7355,7779,9458
6588: 6493,6683
2096: 2006,1831,2007,2188
9455: 6047,9578,9394,9410,5951,5855
2098: 2008,2010,2188,9451,2280,2189
7107: 
2100: 2190,9954
7099: 7190,7277,7009,7276,7008
6699: 6696,6700,6890,6886,6888
9256: 4239,4241,9489,9442,4139,9462
9122: 9219,9504,9160,9080,9121,9218
6344: 6249,6248,6246,6342,6439,6534
8938: 8767,8769,8990,8989,8991
2107: 2483,2672,2484,2389,9675,2578
8134: 8056,8135,8211,8210
9758: 9918,9663,430,319,9295
2110: 2485,2390,9619,9608,2392,2202
2111: 2205,2300,2204,9244
9368: 9596,9971,9660,9584,9497,10043
9761: 9700,1488,9709,1404,9246,1568
8110: 8189,8033,7876,8261,8262
6558: 
9933: 9923,131,9809,219
8429: 8430,8358,8498,8757,8632,8499
2118: 2026,1937,2028,2208,2119
2119: 2212,2303,2118,2030,2028
7915: 7750,7667,7996,7914
9538: 4539,9498,9258,9573,4641,4742
8387: 8238,8161,8460,8457,8160,8597
2123: 1942,2215
6552: 6648,6456,6647
6279: 
2126: 
9937: 9840,9780,9905
2128: 2220
8681: 8619,8801,9641,8554,8620
7813: 8054
2131: 2132
2132: 2133,2131,2224
2133: 2043,2132,2224,2225
7342: 6982,7081,7691
2135: 2044,2226,2136
2136: 2135,2228
6406: 6405
5672: 5673,5572,5573
2139: 2049,2231
7917: 7836,7918,7999
9411: 9541,9351,9845,9479,9605
8981: 8980,9030
2143: 2234
2144: 2054,2145,2236
2145: 2054,2055,2144,2236
6767: 6768,6672,6766
2147: 2056,2057,2148,2238
2148: 2057,2147,2240
7911: 7912,8150,7992
6725: 6820,6821,6631,6724,6910,6911
2151: 2061,2152,2243
2152: 2061,2153,2151,2243,2244
2153: 2152,2154,2244
2154: 2153
6219: 6218,6316,6121,6022,6122,6320
2156: 2065,2248
8219: 8368,8221,8144,8143,8439
9373: 9447,9998,9434
7212: 7122,7123,7299,7300
2160: 2161,2251
2161: 2160,2253
7847: 7679,9525,7419,7508,7680,9518
5933: 6032,5834,5833,6031,5936,5937
9555: 9351,9535
2165: 2074
9541: 9411,9351,2761,9605,3051,9535
4944: 4743,4742,5044,5047,4845,5144
7488: 7400,7401,7487
5506: 
2170: 2079,1991,2262
7867: 7948,7702,8023,9687
2172: 2264,2082
2173: 2265,1819,1905,2264
5247: 5047,5148,5144,9302,9604,5145
6421: 6425,6327,6420,6515,6227,6610
5919: 6018,5819,5920
9384: 6891,9475,9511,7163,9575
2178: 2087,2270,2271,1999,2090,2272
8093: 7932,8013,8397
5410: 5509
5640: 5740,9701,5542,5540,5639
2182: 1828,9554,2001,1914,2002
8230: 8378,8229,8451,8153,8231,8306
9706: 224,274,9991,64
2185: 2369,2276
6546: 
9951: 10024,9733,9312
2188: 2008,2098,2007,2096,2280
2189: 2280,2098,2190,9451
2190: 9451,9954,2100,2189
9727: 9824,9789,10039,9939
2192: 2284,2193
2193: 2194,2285,2192,2284
2194: 2193,2285,2286
5769: 5868
2196: 2383,2014,9949,2290
2197: 9931
2198: 2385,2384,2199,2015
2199: 1835,2015,2293,2385,2198
9838: 9689,9866,9994,9870,10000
2201: 2770,2580,10033,2389,9619,2390
2202: 2678,2391,2392,2485,2110
2203: 2490,9261,2491,2584,9364,2585
2204: 2394,2300,2111,9476,2395
2205: 2300,2111,2021,2207,2024,1747
9493: 919,848,9577,9358,9268,709
2207: 2024,2026,2205,2300,2208
2208: 2394,2207,2118,2026,2300
6797: 6508,6605,6507,6890,6984
7696: 9301,9561,7180,7178,7182,7859
9959: 9670,9751,9721
2212: 2305,2119,2030
9598: 123,9547,9275
5929: 5829,5928,5930,5926,6028
2215: 2308,2123
6018: 5919,5920
7767: 7599,7600,7601,7931,7850
2218: 2311
7269: 7179,7180,7268,9301
2220: 2128
6688: 6593,6783
9463: 9619,9608,9325,9398,10033,9659
5485: 5584,5585
2224: 2317,2225,2133,2132
2225: 2224,2317,2133
2226: 2044,2135
9185: 9211,9229
2228: 2321,2136
5207: 5106,5307,5308
9364: 2584,2392,2203,9261,9608,9325
2231: 2139
5214: 5113,5213,5215
4947: 4747,4744,4743,4845,4949
2234: 2326,2143
8211: 8134,8135,8210,8430,8358
2236: 2145,2144
9986: 9747,9774,9572,9630
2238: 2147
9403: 9502,181,9313,9322,9287,37
2240: 2333,2148
6346: 6155,6252,6056,6249,6347,6441
7156: 7247,7249,6973,7066,7155
2243: 2244,2336,2151,2152,2335
2244: 2243,2336,2153,2152
5478: 5379,5578
6165: 6068,6164,6067,6262,6263
6164: 6067,6163,6165,6261,6262
2248: 2156,2249,2341
2249: 2341,2342,2248
9915: 8978,9835,9593,9852,9622
2251: 2344,2343,2160
8135: 8056,8134,8211,8058
2253: 2161
8915: 8683,8805,9018,8916,8968,8861
7937: 8018
8234: 8155,8232,8158,8310,8307
6436: 6337,6338,6244,6437
9997: 2569,2573,9742,9510,9286,9862
9361: 9747,1414,9669,9542,9630,1583
9774: 9747,9874,9899,9986
9278: 6425,6327,6328,9685,9432,9908
2262: 2170
7389: 7388,7302,7390
2264: 2172,2082,1819,2265,2173
2265: 2173,2264,2451
7336: 7596,7155,7247,7244
8386: 8527,8160,8236
9877: 9280,4836,9266,4940,9718,9751
9661: 9444,9407,9660,9438,9767
2270: 2087,2178,2271,2361,2362,2363
2271: 2178,2270,2272,2363,2364,2459
2272: 1915,2002,2090,2178,2271,2364
2273: 2364,2555,1915,2366,2460,2371
2274: 2371,9924,9816,9585
9446: 9338,306,9537,9803,157,360
2276: 2369,2185,1917,2279
7124: 7125
8630: 8495,9467,8425,8426,8694
2279: 2559,1917,2006,2276
2280: 2374,2189,2098,2188
9984: 9828,9456,9681,9686,9844
9481: 9279,9250,1731,1562,9254
7855: 8018,9998
2284: 2192,2193,2285
2285: 2193,2194,2286,2284
2286: 2194,2285
7521: 7431,7344,7692
2288: 2382,9682,2380,2381
5675: 5575,5676,5774
2290: 2014,2196
5129: 5230,5233,5136,5234
8333: 8186,8032,9436,8033,8261
2293: 2199,2385,2481
5201: 5202,5200,5302
7259: 7170,7169,7258,7347,7435,7348
7587: 7756,7838
9861: 5639,5837,9784,9726,9849
6512: 6510,6418,6607,6609,6416,6414
7352: 7175,7526,7353,7440
2300: 2205,2111,2207,2204,2394,2208
6226: 6126,6127,6128,6323,6420,6227
9895: 9780,863,9882,9840,860
2303: 2119,2394
9793: 163,208,9907,9782
2305: 2212
8685: 8555,8487,8621,8419,8806,8805
7419: 7331,7508,7417,7505,7679,7847
2308: 2215
6048: 6051,6047,5951,5953,6242,6147
9182: 9114,9187
2311: 2218
6801: 6799,9469,6705,6706,6896,9494
8787: 8786,8846
8468: 7763,9466,8008,9457,8165
9894: 9085,9130,9629,9600,9128,9960
5599: 5499,5598,5698,5699
2317: 2224,2225,2410,2411
9892: 9017,8968,9102,9800,9634,9787
7682: 7598,7599,7931
7452: 7278,7539,7277,7618,7619,7451
2321: 2228,2322
2322: 2321
6867: 6773
5622: 5621,5722
2325: 2326
2326: 2234,2325
7002: 6911,6912,7001,6910,7092,7003
7659: 7743,7742
9784: 9668,5839,9726,5837,9861,6032
7283: 7544,7543,7195,7104,7456,7284
7026: 6934,6935,7027,7117
4955: 4954,5055,4853,4654,4855
2333: 2240,2427
6661: 6849,6662,6756
2335: 2243,2336
2336: 2243,2244,2335
6098: 6099,6196,6001
6760: 6761,6665,6759,6854,6853
9840: 10008,9882,9937,9780,9895
2340: 
2341: 2249,2342,2248,2434
2342: 2249,2341,2436,2343
2343: 2344,2251,2342,2436
2344: 2251,2343
2345: 
6350: 6351,6348,6632,6447,6820,6541
8391: 8165,8462,8242,9735,8667
9319: 9624,9333,9585,9913,2745
9365: 527,9488,9388,9557,589,716
9504: 9122,9219,9560,9218,9307,9564
8584: 8715
2352: 
9450: 9976,9739,9235,9545,9828
9290: 9478,9252,9467,9477,9453,9622
8026: 7946,7945,8101
8087: 
5383: 5283,5384
9439: 9473,9468,9676,99,382,9527
2359: 2453,2454
9616: 9271,8791,8662,8663,9628,9623
2361: 2087,2270,2454,2362
2362: 2363,2361,2270,2454
2363: 2362,2552,2270,2271,2459
2364: 2555,2459,2273,2271,2272,1915
8031: 8186,8032,7952,7711,7953,8260
2366: 9859,1658,9924,1915,2273,2371
5936: 6326,6130,5937,6031,5933,6128
9237: 9378,9292,9640,9157,9190,9216
2369: 2276,2185,2747
6456: 6455,6552
2371: 2460,2274,2366,9924,2273
2372: 2558,2747,2942
2373: 2559,2655,2561
2374: 2280,2561,2468
6359: 6263,6455,6262,6358
8631: 8497,8565,9355,8496,8694
9344: 9271,8791,9505,9875,9740,9395
9615: 9567,9749,9863,9242,9548
7472: 7558
2380: 2288,2381
2381: 2474,2380,2382,2288
2382: 2288,9682,2383,2474,2381
2383: 2196,9949,2382,2474,2476
2384: 2385,2198,2574,2571,2573
2385: 2198,2384,2574,2199,2293,2481
7014: 7104,7103
2387: 2481,2669,2576
5438: 5440,5736,5437,5340,5337,5536
2389: 10033,9675,2107,2578,2770,2201
2390: 2485,2771,2110,9619,2580,2201
2391: 2202,2678,2872,2871
2392: 2584,9364,9608,2110,2202,2678
9725: 6626,6528,6720,9975,9817
2394: 2204,2208,2300,2303,2395
2395: 2490,9261,2204,2394
6932: 7023,6931
8209: 8208,8356,8210,8357
9988: 8786,9938,8844,9917
4980: 4880,4879,4979
2400: 
9620: 9375,9834,9332,9772,9396
5746: 5647,5943,5648,5846
2403: 2497
6119: 6216,6215,6021,6118,6022,6218
10004: 9612,728,9770
7402: 7314,7401
2407: 
8244: 8393,8395
2409: 2503,2410,2504
2410: 2411,2504,2317,2409
2411: 2410,2317,2412
2412: 2411
8513: 8444,8298,8647,8370,8579,8710
9686: 9277,9618,9984,9456
2415: 2416,2510,2509
2416: 2415,2510,2511
6682: 6586,6683
6419: 6323,6420,6515,6416,6418
8666: 8599,8389,8460,8597,8730
7135: 7224
7354: 7443,7528,7265,7266,7778
2422: 
8797: 
2424: 
7545: 7460,7630,7544,7371,7794,7628
8835: 8776,8891,8778,8945,8837
2427: 2333,2428,2522
2428: 2522,2523,2427
9269: 4427,9392,9483,4331,4330,9521
9453: 9852,9622,9303,9290,9477,9509
8786: 9988,8787
9806: 9869,9565,9487,447,446,9515
5948: 6238,6140,5752,5453,5851,9539
2434: 2341
9648: 9666,9849,9701
2436: 2342,2343,2530
9600: 9297,8995,9629,9127,9130,9894
9866: 9838,9689,9999,9887,10027
2439: 2533,2534
7456: 7368,7542,7280,7283,7543
2441: 2442,2536
2442: 2536,2441
5687: 
8138: 8058,7979,8363,8434,8137
10035: 9901,9305,9471,9867,9992,9941
8222: 8146,8145,8221,8296,8370
2447: 2541
8028: 7948,8023,8106,7947
6173: 6270,5978
10043: 9767,9926,9930,9660,9368,9971
2451: 2265,2453
8291: 8365,8292,8062,8061,8216
2453: 2547,2454,2359,2451
2454: 2453,2359,2361,2362
7027: 7026,6935,7117,7118
9105: 9596,9024,8868,8972,8921
8778: 8779,8587,8838,8716,8776,8835,8837
7571: 7485,7570,7655,7656
2459: 2364,2555,2271,2552,2363,2554
2460: 2371,2555,2273,9491,9333
9323: 311,9369,79,9580,9393,206
5870: 5871,5968
2463: 2649,2554,2650,9491,2553
9694: 9886,8676,8675,9832
5774: 5676,5775,5675,5873
9478: 9290,9252,8694,9355,9467
9225: 9226,10014
2468: 2658,2374,2657,2561
9736: 412,473,9760,9829
8032: 8186,8031,8333,7953,7954,8033
9782: 9907,10040,9793,9460
9856: 9586,9843,9934,9956
2473: 2953,3144
2474: 2381,2382,2383,2476
7540: 7367,7278,7539,7455,7624,7625
2476: 2571,2383,2474
5389: 5390,5488
5313: 5312,5413,5213
8945: 8893,8837,8835,8891,9132
7480: 7393,7481
2481: 2387,2669,2293,2385,2574
9635: 858,9245,9530,9291,9363,654
2483: 2107,2672,2484,2576,2767
2484: 2483,2107,9675
2485: 2771,2390,2110,2202,2772,2870
5230: 5129,5234,5329,5332,5333
9546: 9564,9610,9560,9567,9749,9827
8253: 8328,8470,8255,8179
5075: 
2490: 2395,2203,2491
2491: 2492,2490,2203,2586,2585
2492: 2491,2586,2588
2493: 
8346: 8347,8273,8417,8271,8555
5393: 5394,5392,5492
6882: 6884,7070,6974
2497: 2403
9917: 9353,9334,9988,9938
6828: 6829,7011,6735,6734,6920
2500: 2595
7252: 7160,6974,7066,7249,7858
6886: 7162,6979,6699,6790,6978
2503: 2409,2504
2504: 2410,2503,2409
6641: 6545,6640
7948: 8028,7867,7702,9472
8921: 9111,9105,9024,8972
2508: 
2509: 2415,2510,2604
2510: 2415,2416,2509,2511,2604
2511: 2512,2416,2510
2512: 2511,2513,2607
2513: 2512,2607
5138: 5338,5036,5142,9454,9503,5343
2515: 2610
5069: 4969,4968,5070
9587: 8739,8738,8737,9836,9702
8096: 8097,8175
7249: 7247,7156,7066,7252,7858,7339
2520: 
8152: 7992,7993,8074,8153,8228,8229
2522: 2428,2523,2427,2616,2617
2523: 2428,2522,2524,2617
2524: 2525,2523
2525: 2524,2526,2620
2526: 2525,2620
8356: 8207,8208,8209,8497,8565,8357
7070: 6884,6882,6978,7160,7161
8741: 8679,8483,8680,8616,9625,8908
2530: 2436,2531
2531: 2530
9271: 8791,9616,9344,9628,9904,9875
2533: 2439,2534,2628
2534: 2533,2439,2628
8776: 8714,8835,8891,8716,8715,8778
2536: 2442,2441
9775: 9345,73,9791,9950,9699,44
2538: 2632
7576: 
2540: 2541,2634
2541: 2540,2447
8023: 9953,8028,7867,7947
9899: 9665,9774,9874
2544: 2638,2733,2639
6853: 6854,6759,6760,6945
9773: 9650,9805,9920,9839
2547: 2453,2642
6874: 6966,6780,6781,6967
9069: 9024,8868,8812
7164: 7431,7073,6983,7075
2551: 2643,2738,2646,2553,2552
2552: 2363,2459,2551,2554
2553: 2551,2646,2649,2554,2463
2554: 2463,2552,2555,2459,2553
2555: 2364,2459,2273,2460,2554,9491
9234: 9029,9030,9119,9976
9674: 9276,529,9830,9956,9586,466
2558: 9913,2372,2652,2842,9697,9485
2559: 2373,2654,2279
6974: 7066,6882,7160,7252
2561: 2655,2657,2374,2373,2468
5141: 4936,4937,9280,5037,5142,9602
8358: 8430,8429,8211,8210,8498
6062: 6063,5964,5965
8103: 8178,8179
7736: 7737,7819,7735
7750: 7667,7915,7582,7832,7581
9545: 9378,9292,9235,9450,9828,9456
2569: 9997,2573,2574,2669,9510,2570
2570: 9510,2576,2767,2669,2569,2664
2571: 2384,2476,2573
8485: 8680,8616,8343,8417,8271
2573: 9997,2569,9742,2571,2384,2574
2574: 2385,2384,2481,2669,2569,2573
6804: 6614,6805,6519,6520
2576: 2570,2767,2387,2669,2483
9273: 9326,9589,9809,269,217,376
2578: 2674,2107,2672,2389,2770
5584: 5485,5583,5585,5683
2580: 2770,2201,2866,2771,2390,2867
7719: 7720,7635,7801
5345: 5244
9247: 617,9295,9528,9372,489
2584: 2392,9364,2203,2585,2679,2678
2585: 2586,2680,2679,2203,2491,2584
2586: 2585,2680,2492,2491,2588,2681
5818: 5817,5720,5819,5917
2588: 2681,2492,2586
5568: 5569,5668
7675: 7759,7674,7503,7591
5417: 5317,5418
7131: 7130,7220,7041
4938: 
7400: 7312,7401,7487,7488
2595: 2500,2689
5157: 5155,5054,5258,4957,4958,5159
9162: 9193,9239,9038,9161,9194
5624: 5723,5724
7740: 7656,7739,7741
2600: 2694,2695
9857: 9091,9752,9046,9762,10030
8632: 8567,8499,8695,8757,8429,9379
8121: 8042,8120,8197,8044
2604: 2698,2699,2510,2509
9218: 9238,9121,9217,9122,9504,9307
5535: 5533,5536,5434,5436,5437,5631
2607: 2512,2513,2702
7153: 7063,7155,7152,7062,7331,7244
2609: 2703,2610,2704
2610: 2515,2609
9374: 3839,9425,3837,3536,3735,9332
2612: 2613
2613: 2708,2612
9671: 9970,9742,9862
7311: 7312,7398
2616: 2710,2522,2617
2617: 2712,2522,2523,2616
5106: 5207,5105
6766: 6671,6672,6767
2620: 2715,2525,2526
8973: 8812,8869,8811,8976,9063
9649: 9875,9795,9284,9904,8659
8714: 8776,8891,8834,8943,8715
9942: 8603,9963,8392,8393,9651
5168: 
5366: 5266,5267,5466,5467
7327: 7328,7503,7238
2628: 2533,2534,2723
8430: 8429,8358,8211,8431,8499
8474: 8540,9376,8264,8538,8338
6631: 6629,6724,6537,6632,6820,6725
2632: 2538
8325: 8249
2634: 2729,2540,2728
9532: 2664,2666,9595,9510,9479,9286
9046: 8893,9752,8946,9091,9857
5793: 5792,5695,5794,5893
2638: 2733,2544,2732
2639: 2734,2544,2733
5356: 5455,5355,5255,5357
7723: 7806
2642: 2547,2643
2643: 2738,2551,2642
7703: 7707,7450,7783,7704,7787,8029
5917: 5916,5818,5817
2646: 2738,2551,2553,2649,2648
9010: 8743,9016,9581,8962,8857
2648: 2646,2649,2836,2742
2649: 2463,2650,2646,2553,2648,2742
2650: 2649,2463,9624,2742,2743,2744
6927: 6926,7018,7019
2652: 2558,9485
5520: 5620,5619,5421
2654: 2559,2655,2846,2848
2655: 2657,2561,2373,2654,2752
8991: 8885,9039,8938,8708,8769,8990
2657: 2655,2561,2658,2468,2752,2753
2658: 9841,2468,2657,2753,9654
6994: 6902,6904
8455: 8383,9260,8524,9419,8593
2661: 10023,9965
2662: 2758,2951,10023,2953
8820: 8821,8984,8878,8636,8634,8701
2664: 9532,2666,9510,2570,2767,2667
6463: 6462,6464
2666: 9532,2664,9595,2862,2667,2762
2667: 2862,2674,2767,2672,2664,2666
9488: 9365,527,9495,9388,9514,9264
2669: 2481,2387,2574,2569,2570,2576
9167: 9166
6556: 6461,6651
2672: 2483,2107,2767,2667,2578
5340: 5337,9249,9583,5440,5438,5543
2674: 2862,2667,2578,2770,2866,2865
8811: 8627,8867,8869,9563,9063,8973
7569: 7570
7120: 7119,7209,7210,7029
2678: 2202,2391,2584,2392,2679,2776
2679: 2585,2680,2584,2678,2776
2680: 2586,2585,2679,2681,2776,2777
2681: 2588,2586,2680,2777,2778
6328: 9278,6327,6326,6130,6038,9432
9431: 9300,9566,9315,9464,9288,9324
9610: 9564,9546,9613,9827
2685: 2686
2686: 2685
6598: 6695
9315: 9300,9566,9431,9526,9287,9445
2689: 2595,2785
9314: 9347,8252,9989,9783,10015,9687
2691: 2787
7739: 7656,7740,7655,7821
2693: 2694
2694: 2600,2693,2695,2790
2695: 2600,2694,2790,2791
9654: 2753,2658,9841
2697: 2698,2793
2698: 2604,2699,2697,2793
2699: 2604,2698
6122: 5926,6223,6121,6219,6320
7713: 7631,7796,7954,7953,7630
2702: 2703,2607,2797
2703: 2609,2702,2704,2799
2704: 2609,2703,2799,2800
2705: 
9558: 9802,9318,9501,9507,9387
7091: 9406,7355,9967,7178,7181,7182
2708: 2613,2709
2709: 2710,2708
2710: 2616,2709,2806
5424: 
2712: 2617,2808,2713
2713: 2808,2712
9059: 9012
2715: 2620
9948: 406,9474,405
6799: 9469,6801,9309,6705,6894,6703
2718: 2719
2719: 2718,2815
2720: 2721
2721: 2720
6252: 6346,6347
2723: 2628,2818
5116: 5115,5015
8154: 8074,8153,8075,8076,8155,8231
5581: 5680,5481
6507: 6410,6504,6797,6700
2728: 2729,2634,2824
2729: 2730,2634,2728,2824,2825
2730: 2729,2825,2826
9109: 9067,9066
2732: 2638,2827
2733: 2638,2544,2639,2734
2734: 2830,2639,2733
6856: 
6982: 7073,7342,9696,6983
5533: 5635,5536,5535,5631,5632,5633
2738: 2643,2551,2646
9244: 9476,9398,10010,2111,9810
9967: 9540,9647,9805,7178,9406,7091
9292: 9378,9237,9545,9157,9235,9236
2742: 2836,2743,2649,2650,2648
2743: 2742,2936,2650,2840,2744
2744: 2841,2840,2745,2650,9624,2743
2745: 2841,2744,9319,2842
7924: 7591,7761,7759,8006,8005
2747: 2844,2942,2369,2372
6966: 6874,6967,7058,7057
8339: 8479,8480,8264,8265,8338,8481
9005: 8898,9592,9004,9098,9097,9336
9187: 9114,9214,9182
2752: 2848,2655,2657,2753
2753: 9654,2657,2658,2752
9603: 7777,7268,9667,9301,9884
2755: 2852
9632: 9604,9808,5346,9350,9404,9755
5225: 5125,5224,5226,5327
2758: 2951,2662
9751: 9718,9721,9670,9959,9877
7737: 7736,7819
2761: 2858,9605,9541,3051,3054,3052
2762: 2957,2858,2666,9595,2862,2861
7879: 7880,7878,7958,7962,8116
5182: 5283
6179: 6081,6180
8784: 8844,9795,9617,8659,9938
2767: 2570,2576,2483,2672,2664,2667
9594: 9340,9750,9519,9293
8647: 8444,8513,8373,8710
2770: 2580,2201,2866,2389,2674,2578
2771: 2485,2390,2580,2867,2772,2868
2772: 2966,2868,2485,2771,2870
9490: 9539,9367,6140,6139,6241,6336
8658: 9055,8721,8592,8661,9448
5765: 
2776: 2777,2873,2872,2680,2679,2678
2777: 2776,2873,2680,2681,2778,2874
2778: 2874,2681,2777
9832: 9886,9702,9694,9981
6550: 6549,6645,6455
5280: 5480,5380
8502: 8434,8213,8435,8361,8638,8639
6144: 6242,6339,9367,6047,9578,6241
9173: 9171
2785: 2689,2881
9307: 9420,9613,9218,9217,9504,9564
2787: 2884,2691
9416: 187,283,44,9565,9329,9272
7122: 7212,7123,7032
2790: 2886,2694,2695,2791,2887
2791: 2887,2888,2695,2790
6078: 6077
2793: 2890,2697,2698
5467: 5466,5366
9102: 9140,9438,9018,8968,9892,9787
5462: 5363,5364,5461,5561
2797: 2893,2702
5904: 6003,5804,5805
2799: 2895,2703,2704,2896,2800
2800: 2896,2704,2799
5825: 5726,5727,5826
2802: 
7360: 7532,7779,7095,7184,7007,7098
5871: 5870,5772,5872,5970
8674: 8542,8675,8734,8611
2806: 2902,2710
9801: 9724,9764,9469,9309,9417
2808: 2713,2712,2904
9624: 9319,9333,2650,9491,2744
9094: 9285,9092,8999,9054,9340,9052
8810: 8919,8625,8866,8560,8627,8867
2812: 2909,2908
9550: 9499,9354,7532,9458,7275,7617
8873: 8357,8498,8757,8565,9355,9588
2815: 2719,2912
5041: 4940,9459,9524,9670
5834: 6032,5933,5635,5637,5736,5833
2818: 2723
8393: 8392,9942,8244,8395
5662: 5564,5562,5756,5663,5758
8054: 7813,7974,8208
2822: 
5659: 5756,5754,5657,5561,5562
2824: 2920,2728,2729,2921,2825
2825: 2921,2730,2729,2824,2826
2826: 2827,2730,2825
2827: 2826,2924,2732
10026: 9946,9962,170
9837: 9950,9974,9487,9329
2830: 2734,2926
9586: 9843,9856,9956,9674,9281,466
5171: 5271,5272
2833: 
7999: 8080,7918,7917,8158
9386: 9778,9544,9952,9359,9712
2836: 2742,2648,3027
8236: 8158,8310,8526,8080,8386
6425: 9278,6327,6421,6610,6516,9908
9525: 7679,7847,9559,9518,9466
2840: 2841,2744,2743,2936,2937
2841: 2840,2744,2745,2842,9304,2938
2842: 9304,9697,9913,2558,2841,2745
7155: 7153,7063,7247,7156,7244,7336
2844: 2747,2942,2846
9780: 863,9895,9840,9937,9905,861
2846: 2654,2844,2848
5552: 5653,5451,5249,5350,5551,5849
2848: 2752,2654,2846
9739: 9450,9976,9828,9681
8589: 8521,8590,8656,8654,8655
6335: 6338,6336,9901,6139,9658,6337
2852: 2755,2949,2853
2853: 2949,2852
10002: 9388,9321,9557,9940,9788,9316
9454: 9294,9602,9523,5142,5138,9503
9597: 9582,4036,9396,9425,3835,3938
9737: 1334,9665,9874,1248,9669
2858: 2762,2957,2761,9605,9595,3054
8021: 8252,7865,9989,9993,7942,7704
5587: 5487,5488
2861: 2865,2958,2960,2862,2762,2957
2862: 2674,2667,2666,2762,2865,2861
5196: 5095,5096,5195
9267: 9606,9389,9961,10021
2865: 2958,2861,2862,2674,2866,2962
2866: 2770,2580,2674,2865,2867,2962
2867: 2962,2963,2580,2866,2771,2868
2868: 2964,2772,2771,2867,2963
9161: 8990,9038,8989,9123,9193,9162
2870: 2967,2871,2485,2772,2966
2871: 2967,2870,2391,2872,2968
2872: 2776,2873,2391,2871
2873: 2776,2777,2872,2874,2970
2874: 2778,2777,2873,2970
9729: 9472,9705,8259,9486,10024,9928
8950: 9004,9054,9098,8895,8841,8949
9535: 3148,3051,9555,9541,9351,3147
9254: 9320,9409,1731,9481,9279
2879: 
8495: 8630,8562,8425,8494,8424
2881: 2785
5756: 5659,5754,5662,5562,5856,5855
6130: 6326,5936,5937,6037,6038,6328
2884: 2787,2981
7439: 7351,7175,7526
2886: 2790,2982,2887,2983
2887: 2791,2886,2790,2983
2888: 2791
5363: 5364,5462,5163,5361,5263,5461
2890: 2986,2793,2891,2987
2891: 2890,2892,2987
2892: 2893,2891
2893: 2797,2892
6660: 6564
2895: 2799,2896,2992
2896: 2800,2895,2799,2992
5105: 5104,5106
2898: 
9753: 9768,9779,7073,10031,9714
8412: 8191,8192,8265,8481,8740,8550
2901: 2902,2997
2902: 2806,2901
9372: 489,616,318,9528,9247
2904: 2808
5994: 5895,5995,6091
2906: 
9381: 9716,9864,9349,9391,9641
2908: 2812,2909,3004,3005
2909: 2812,2908,2910,3005
2910: 2909,3007
7430: 9627,7162,6979,7518,7609
2912: 2815,3009
6731: 6638,6733,6823,6912,6915,6919
9924: 9859,2366,9731,2371,2274,9816
9764: 9724,9801,9696
6010: 6009,5912,6011
10007: 9205
9665: 9899,1332,9737,9874
9275: 167,121,9598,123,46,9547
2920: 2824,2921,3016
2921: 2825,2824,2920,3018
5641: 5542,5740
5354: 5454,5851,5253,5455,5353,5453
2924: 2827,2925
2925: 2924,3022
2926: 2830
7039: 7130
2928: 3025
5676: 5774,5775,5675
9542: 9327,1497,9630,9361,1756,1583
8265: 8264,8336,8191,8412,8339,8481
9683: 9842,8175
9864: 9716,9381,9995,9349,9916,9688
9092: 9285,9001,9094,8946,8999,9091
6127: 6126,6028,6226,6128,5931,6031
2936: 2743,2840,3032,2937
2937: 3131,3032,2936,2840,2938,3036
2938: 3036,2940,2841,9304,2937
9424: 9418,3339,3536,9772
2940: 2938,3037,3036,9679,3038
5571: 5572,5472
2942: 2844,2747,2372,9485
6653: 6748
2944: 3041,3137,3235,3234
2945: 3140,3141,3042,3139
8841: 8782,8718,8895,8842,9004,8950
5796: 5697,5895
9734: 9524,9282,4336,9569
2949: 2853,2852
9565: 9487,9329,9806,9416,9515,9272
2951: 2758,2662,2953,3144,3242
8498: 8873,8357,8757,8429,8358
2953: 2473,3144,2951,2662
9724: 9801,9764,9309,9860,9601,9696
8806: 8748,8419,8685,8805,8807,8916
9262: 9328,9569,4030,3833,9935,4132
2957: 2762,2858,2960,2861,3054,3057
2958: 2865,2960,2861,2962,2961
7564: 7649,7565,7478,7563
2960: 2958,2861,2957,3057,3156,2961
2961: 3156,2958,2960,3255
2962: 2867,2963,2866,2865,2958
2963: 2867,2962,2964,2868
2964: 2868,2963,3063
9819: 869,9748,9972,9500,9399
2966: 2772,2967,2870,3063,3064
2967: 2870,2871,2966,2968,3064
2968: 3164,2967,2871
8708: 8644,8769,8645,8991,8885
2970: 2873,2874,3069
9590: 9366,9248,9337,9804,9441
8207: 7973,8356,7974,8282,8208,8497
2973: 2974,3071
2974: 2973,3071,3072
6063: 6062,5966,5965
7679: 7847,9525,7419,7505,7761
9216: 9190,9120,9238,9217,9237,9640
9691: 9854,9787,9889,9800
2979: 
10005: 9556,9824,9664,9629,9960,9571
2981: 2884,2982,3078
2982: 2886,2981,3079,2983
2983: 3080,2886,2982,2887
9711: 9678,10025
2985: 2986
2986: 2890,2985,3084,2987
2987: 3085,2986,2890,2891,3084
6052: 6051,5956,6055,6148,6248,6056
5647: 5943,5447,5648,5746
5878: 5977
7437: 7349,7436
2992: 3089,2895,2896,3090
9288: 9464,9385,9300,9431
7184: 7095,7181,7355,7360,7779
8686: 8748,8419,8808,8348,8490,8687
9655: 9421,9707,9829,9798,10037,9496
2997: 2901,3095
9484: 9390,9346,9928,9376,9733,9413
5136: 5234,5338,5233,5033,5036,5129
9387: 9548,9507,9243,9242,9501,9558
8709: 8710,8888,9127,8579,8770,8830
9757: 9746,293,9818,9865,9958
5298: 5398
3004: 3101,2908,3005
3005: 3103,2909,2908,3004
9270: 531,9821,9719,467,9276,9830
3007: 3104,2910
5598: 5498,5499,5597,5599,5697,5698
3009: 3106,2912
6118: 6021,6117,6119,6215
9016: 8743,9010,9017,8857,9634
5394: 5294,5393,5395,5494
7102: 7103,7191,7011,7101
6282: 6283,6185,6378
3015: 3016
3016: 2920,3015
8737: 8479,8480,9836,9587,8739
3018: 3116,2921
9640: 9378,9237,9216,9217,9420,9277
5752: 5452,5453,5653,5751,6238,5948
8680: 8616,8485,8741,8908,8620
3022: 3119,2925
8885: 8991,9039,8708,8886
8844: 8784,9988,9938
3025: 2928,3123,3122
9537: 9781,9338,9446,9803
3027: 2836
7238: 7237,7148,7149,7327
7019: 7018,7109,6927,7110
6259: 6162,6260,6356
7371: 7284,7544,7460,7545
3032: 3131,3129,2937,2936,3127
9625: 9391,8908,8799,8679,8741,9568
5668: 5568,5569
9496: 10037,155,9421,9655,154,9642
3036: 2938,3037,2940,3131,2937,3230
3037: 3036,2940,3038,3230,3134
3038: 9704,3037,2940
8801: 8619,8744,8681,9716,8960
8343: 8616,8485,8119,8120,8197,8271
3041: 3137,2944,3138,3236
3042: 3141,2945,3043
3043: 3042,3141
8970: 8919,9019,8865,8917,9140,9407
3045: 3442,3048
9797: 10000,9462,9689,9489,9331,9799
9065: 9066,9180,9177
3048: 3442,3246,3045,3248
6742: 6648,6835
6554: 
3051: 3148,3151,9535,9541,2761,3052
3052: 3153,3054,2761,3151,3051,3251
8497: 8631,8565,8282,8207,8356,8496
3054: 3153,3052,2957,2858,2761,3057
8471: 8330,8255
7191: 7103,7102,7280,7101,7190,7279
3057: 3156,3154,2957,2960,3153,3054
7119: 7120,7209,7029,7118,7208
9406: 7091,9512,9540,9967,7181,7000
6829: 6828,6735
5089: 5189,5090,5190
9547: 81,46,84,9598,9275
3063: 2964,2966,3064
3064: 2966,2967,3063
7244: 7331,7508,7153,7155,7336
6708: 6516,9908,9847,6612,6896,6897
9145: 9177,9180,9179
6973: 7066,6972,7156
3069: 3166,2970
5849: 5751,6142,5653,5552,5848,5551
3071: 3168,3169,2973,2974,3072
3072: 3170,3073,2974,3169,3071
3073: 3170,3072,3074
3074: 3073
5498: 5499,5598,5597,5398
9391: 9625,8908,9641,9568,9349,9381
8590: 8589,8656,8523,8591
3078: 2981,3079,3176
3079: 3080,3176,2982,3078
3080: 3079,2983,3081
3081: 3080,3179
5060: 5163,5159,5062,4958,4858
7298: 7299,7386,7210
3084: 2986,2987,3085
3085: 2987,3084
8649: 8715,8301,8376,8834
9795: 9875,9649,9740,10029,8784
3088: 
3089: 2992,3090
3090: 3091,2992,3089
3091: 3090
8161: 8238,8387,8002,8081,8160
3093: 
9409: 9397,9320,9254,1316,1238
3095: 2997
5497: 5398,5597
9283: 9251,9576,9415,1253,941
3098: 
5272: 5271,5372,5171
9833: 9783,9953,7945
3101: 3004
9939: 9727,9789
3103: 3005,3104,3200
3104: 3007,3103,3202
4967: 4867,4968
3106: 3009,3204
5095: 5096,5196,5195
3108: 3205
9242: 9243,9194,9615,9548,9387
8033: 7954,7876,8032,8333,8261,8110
6410: 6507,6216,6313,6508
8895: 8779,8838,8841,8718,8949,8950
8983: 8874,8821,8984,8929,9032,9033
9341: 9685,9432,9644,9896,9914
8307: 8310,8232,8234,8380,8309,8382
3116: 3018,3117,3213,3214
3117: 3116,3214
4936: 4937,5141,4733,4730,4934,5037
3119: 3022,3216
5754: 5659,5756,5755,9394,5855
3121: 3219,3122
3122: 3123,3025,3219,3121
3123: 3122,3025
5175: 5176
9882: 9745,9840,10008,9895
3126: 3127,3222,3224
3127: 3126,3129,3032,3224
8972: 9105,8921
3129: 3131,3032,3127,3224,3226,3130
3130: 3226,3227,3131,3129,3327,3230
3131: 3129,3032,2937,3036,3130,3230
7759: 7675,7591,7924,8004,8005
8168: 8463,8603,8392
3134: 3327,3230,3330,3037,3331
3135: 
3136: 3334
3137: 3041,2944,3235,3236
3138: 3238,3139,3236,3041
3139: 3238,3138,3140,2945
3140: 3141,2945,3238,3139
3141: 3140,2945,3042,3043
9125: 9126,9243,9194,9038,9039
8619: 8801,8744,8681,8554,8621,8683
3144: 2953,2473,2951,3145,3342
3145: 3340,3342,3144
6841: 
3147: 3248,3445,3148,3347,9535
3148: 3151,3051,3347,9535,3147,3349
9676: 64,99,9991,9468,9439
9717: 1822,9645,9700,9709
3151: 3148,3051,3052,3349,3251
9032: 9157,8982,8929,8983,9190,9033
3153: 3054,3052,3057,3154,3351
3154: 3254,3057,3156,3153,3351
9883: 9657,238,9969,9853
3156: 3254,3057,2961,3154,2960,3255
5750: 5349,5448,5550,5650,6043,6041
8352: 8278,8279,8425,8205,8424
9419: 8593,9284,9904,8455,9260,9628
7123: 7033,7032,7212,7122
5898: 5997
6902: 6994,6622,6993
8303: 8228,8376,8304,8227,8300,8301
3164: 2968,3262,3263
5620: 5520,5619,5621,5720
3166: 3069,3264
7411: 
3168: 3169,3071
3169: 3168,3071,3170,3072
3170: 3072,3073,3169,3269
6269: 6172
7617: 7618,7619,7275,9550,9499,7780
9549: 9968,10018,9909,9755
3174: 
6831: 6832
3176: 3079,3078,3275
7582: 7581,7750,7667
8434: 8137,8213,8502,8138,8363,8435
3179: 3278,3081
5190: 5090,5189,5089,5290
3181: 3280,3279
8888: 8710,8772,8709,9127,8995
9516: 9771,9990,9713,3334,9520
3184: 3282
3185: 3284
8370: 8296,8369,8222,8513,8298,8579
6099: 6098,6196,6001
5536: 5533,5635,5535,5437,5736,5438
9955: 3733,9935,9876,9922,3635,9814
9410: 9394,9533,9311,9578,9455
6773: 6867
9907: 368,10040,9782,9793,259
8419: 8748,8686,8806,8347,8685,8555
9246: 9443,9296,9335,1404,9761,9709
8813: 9477,9509,8976,8562,8561,8869
7765: 7340,7425,7929,7596,7248,8170
5967: 5868,5968,5966,6065
8260: 9289,9534,7791,7952,8186,8031
3199: 
3200: 3103
6241: 6338,6336,9367,9490,6339,6144
3202: 3300,3301,3104
9515: 448,233,9272,9806,9565,447
3204: 3106,3205
3205: 3304,3108,3204
9703: 9348,9294,9523,10025
3207: 3305
9776: 10006,9817,9873,9792,9964,6433
3209: 3210,3307
3210: 3209,3211
3211: 3210,3212
3212: 3213,3211
3213: 3212,3312,3116,3214
3214: 3116,3117,3213,3312
6855: 6761,6854
3216: 3119,3314
9664: 10005,9824,9318,9960
5603: 5604,5504
3219: 3121,3122,3317
5408: 5307,5308,5407,5508
7577: 
3222: 3320,3321,3126
6499: 6403
3224: 3126,3127,3129,3226
6391: 6390
3226: 3227,3130,3423,3129,3224
3227: 3226,3130,3423,3327,3425,3427
9017: 8968,8861,9892,8743,9016,9634
7169: 7259,7170,7079,7258
3230: 3327,3134,3131,3037,3036,3130
9920: 9839,10042,9650,9773
6047: 9578,9455,5951,6242,6144,6048
3233: 
3234: 3334,2944,3235
3235: 3137,2944,3334,3234,9771
3236: 3238,3138,3041,3137
9301: 7696,9667,9561,7269,7180,9603
3238: 3138,3139,3236,3140
3239: 9966,3634,3434,10038,3533
7161: 9627,7070,6978,7162,7160,9639
9279: 9481,9250,1565,9320,9254
3242: 2951,3342
8279: 8278,8352,8050,8049,8205
9482: 9352,10013,9574,9408
8439: 8509,8507,8142,8143,8219
3246: 3442,3048,3540,3248,3639,3345
5817: 5818,5718,5816,5916,5917
3248: 3147,3445,3246,3048,3345
5054: 5155,5157,4852,5055,4957,5154
7349: 7437,7436,7348
3251: 3449,3351,3151,3052,3349,3448
5209: 5108
9741: 939,938,1014
3254: 3156,3154,3255,3352,3355
3255: 3257,3254,3156,2961
6922: 
3257: 3255,3355
10033: 2389,9675,9659,9619,9463,2201
8347: 8346,8273,8274,8348,8555,8419
5331: 5329,5434,5332,5430
6979: 7162,6886,6888,7163,7518,7430
3262: 3164,3263
3263: 3264,3164,3262
3264: 3263,3166,3363
6648: 6552,6647,6742
8210: 8134,8211,8209,8358
9698: 9853,9804,9440,9969
9841: 2658,9654
3269: 3367,3170,3270
3270: 3269
3271: 3272,3370
3272: 3271,3370,3371
8847: 
9130: 9085,8886,9894,8830,9127,9600
3275: 3374,3176,3373
7494: 7581
9684: 9417,9494
3278: 3179,3279
3279: 3280,3181,3278
3280: 3181,3279
9355: 8631,8565,8873,9478,9252,9588
3282: 3184,3380
6624: 6904,6813,6720
3284: 3383,3285,3185
3285: 3383,3284,3286
3286: 3385,3285
9362: 9529,9377,7085
5335: 5436,5437,5333,5341,5337,9562
3289: 3386
6969: 6970,7060
9081: 9123,9037,9160,9080,8881,8987
3292: 
6700: 6696,6699,6890,6507
3294: 3295
3295: 3294
6723: 6439,6535,6534,6815,7086,9607
3297: 
9474: 297,405,9948
7811: 7974,7973
3300: 3202,3301,3399
3301: 3202,3300,3399,3400
5816: 5718,5817,5916
9884: 9603,9667,9848
3304: 3205,3305,3403
3305: 3304,3403,3207,3404
8065: 8066,8144,8143,7905,8064
3307: 3209,3406
6769: 6768,6862
8047: 8126,7888,8046,8201
9533: 9394,5557,9410,5454,5852
5295: 5395,5194,5195,5294
3312: 3213,3214
9039: 8991,8885,8990,9038,9125
3314: 3216,3412
9079: 8933,8984,8878,9120,9033,9238,9121
3316: 3317
3317: 3316,3219
9400: 9559,9518,9531,7929,8170,9785
5215: 5115,5214
3320: 3222
3321: 3222
3322: 
7401: 7402,7314,7400,7488
8101: 8026,8178
8770: 8579,8830,8369,8645,8709
5341: 5234,5338,5343,5335,5333,9562
3327: 3230,3330,3134,3227,3130,3427
9440: 9339,9969,9698,9804,9337
7098: 7275,7276,7008,7007,7360
3330: 3327,3134,3331,3427,3527,3430
3331: 3333,3330,3134,3430
7109: 7018,7019,7110,7199,7198
3333: 3331,9520,3530,3431,3430
3334: 3234,3136,3235,9771,9516
3335: 9957,3434,9713,3530,3531,3729
7355: 7091,7184,7181,7182,7697,7779
9627: 7434,7161,7430,9639,7609,9636
9539: 9311,9367,9490,5851,5948,6140
3339: 3536,3735,9621,3539,9418,9424
3340: 3145,3342,9891,3441,10011
8097: 8096,9842,8175
3342: 3340,3145,9891,3144,3242
9579: 9609,1412,9572,9327,1841,1582
5436: 5335,5437,5333,5434,5332,5535
3345: 3444,3246,3248,3445,3639,3836
8695: 8567,8632,9379,8696,9070
3347: 3148,3147,3445,3643,3545,3349
6823: 6911,6912,6821,6637,6638,6731
3349: 3545,3448,3148,3151,3347,3251
6910: 7001,6909,6724,6725,6911,7002
3351: 3449,3450,3251,3153,3154
3352: 3451,3452,3254,3450,3355
6209: 6307
6336: 6241,6338,6335,9490,6139
3355: 3453,3254,3257,3452,3352
9799: 9331,9522,9689,9797,9887,9599
7769: 7850,7775,7936,7770,7771
9688: 9916,9423,9349,9864
9891: 3340,3342,10011
9128: 9318,9501,9960,9085,9894,9126
9983: 9100,9012
6109: 
3363: 3364,3264
3364: 3363
6138: 6618
6482: 6387,6483
3367: 3269
9715: 1241,9902,1240,9903,9722,9708
9971: 9368,9596,10043,9930
3370: 3371,3271,3272
3371: 3370,3272,3372,3470
3372: 3470,3471,3373,3371
3373: 3275,3374,3372,3471
3374: 3275,3375,3373,3473
3375: 3374,3473
9120: 9190,9216,9033,9079,9238
6077: 6078
7628: 7711,7794,7627,7544,7543,7545
9371: 670,9427,358,9421,477,9642
3380: 3282
5494: 5593,5394,5395,5495,5594
3382: 3480,3383
3383: 3284,3285,3382,3482
5250: 5145,5251,9350,5352,5451,5249
3385: 3286,3484,3583,3483
3386: 3289,3484,3485
9702: 9836,9886,9587,9832,9981
7095: 7092,7184,7007,6916,7003,7360
7405: 7318
9477: 8813,9509,8562,9467,9290,9453
9639: 7160,7161,9627,9299,9636
6871: 6964
8807: 8917,8916,8748,8808,8806,8865
6308: 6405,6307
6347: 6537,6441,6252,6346,6348,6632
8675: 8544,8676,8542,9694,8674
3397: 
8080: 7918,7999,8001,8158,8236
3399: 3497,3300,3301,3400
3400: 3301,3399
7563: 7562,7564
9816: 9924,9731,2274
3403: 3305,3304,3404
3404: 3305,3403
6711: 6712,6805,6617
3406: 3307,3504
8249: 8325
8397: 8093,8013
7001: 6909,6910,9512,7002,7092,7000
5062: 5060,5163
7791: 7792,7952,7625,8108,9289,8260
3412: 3314,3511
9575: 9860,9601,9384,9511,7081
3414: 
7041: 7131
7757: 7673,7756,7674,7839,7922
3417: 3516
9306: 9614,9471,6142,9265,9305
8221: 8219,8144,8145,8222,8296
10001: 1747,10010,2020,9662,2018,9822
3421: 3519,3423,3521
5348: 5349,5551,5448,9968,9909,5350
3423: 3226,3227,3421,3521,3425
9428: 9324,383,9527,9566,501,9611
3425: 3521,3522,3227,3423,3427,3526
9238: 9121,9218,9217,9079,9216,9120
3427: 3527,3526,3227,3327,3330,3425
7043: 
7258: 7079,7259,7169,7347
3430: 3431,3330,3333,3331,3527,3627
3431: 3628,3530,3430,3531,3333,3627
9982: 10003,9132,9571,9317,9089,9556
5192: 5092,5091
3434: 9957,3335,10038,3729,3533,3239
5564: 5662,5562,5664,5663
9522: 4338,9331,9799,9599,9498,4438
6037: 6038,9401,9668,5839,6130,5937
9744: 9912,9621,9932,10036,9756
9559: 9400,9518,9531,9525,9466,9457
9868: 4942
3441: 9932,10011,3340,3442,3540
3442: 3246,3048,3540,3045,3441
9949: 2014,9931,9888,9682,2196,2383
3444: 3641,3643,3345,3445,3836,3837
3445: 3248,3147,3347,3643,3444,3345
9817: 10006,9776,9975,6433,6626,9725
7396: 7309
3448: 3545,3349,3743,3449,3251
3449: 3450,3549,3351,3251,3448
3450: 3449,3549,3351,3451,3352
3451: 3452,3352,3450,3549,3551,3550
3452: 3451,3352,3453,3355,3551,3552
3453: 3355,3452,3555,3552
9960: 9318,9128,9894,9629,10005,9664
8479: 8339,8737,8480,8338,8406,8614
7487: 7400,7488
9752: 9046,10003,9132,9762,9857
3458: 3557,3558
5633: 5930,5931,5833,5533,5635,5632
3460: 3559
7182: 7697,7859,7178,7355,7091,7696
6032: 5834,5933,5637,5839,9784,5937
7756: 7757,7673,7587,7839,7838
3464: 3564
8519: 8654,8450,8449,8716,8587
9844: 9984,9681
3467: 
5895: 5994,5796,5894
8296: 8370,8369,8222,8221,8440
3470: 3372,3471,3569,3371
3471: 3571,3372,3470,3373
9461: 79,9393,9263
3473: 3572,3374,3375
9829: 9655,9707,9736,9798,9760
9347: 9763,9314,9989,10015
3476: 3477
3477: 3476,3577
6265: 6266,6264
9412: 9723,9258,10013,9573,9352
3480: 3382
6683: 6588,6682
3482: 3383,3483
3483: 3583,3385,3482
3484: 3583,3385,3386,3485
3485: 3386,3484,3486
3486: 3487,3485,3586
3487: 3486,3586
6970: 6969,7062
3489: 3589
7543: 7283,7544,7456,7542,7628,7627
3491: 
9712: 9359,9505,9386,9395
8625: 8688,8866,8493,8560,8810
5466: 5467,5366
9268: 707,776,709,9536,9577,9493
5907: 
3497: 3399
3498: 
6983: 7075,6982,7073,9696,7164
5928: 5829,5929,5727,5826,5926
6926: 6927,7018
3502: 3503,3602
3503: 3502,3504,3603,3602
3504: 3406,3503
8116: 7879,7958,8192,8115
3506: 3606,3605
9219: 9122,9504,9560,9160,9193,9239
5960: 5961,6059,5959,5958,6058
8142: 8064,8143,8292,8439,8507
9449: 8812,9509,8976,9303,9885
3511: 3512,3412,3611
3512: 3511,3513
3513: 3514,3512
3514: 3513
8704: 8824,8703,8365,8764
3516: 3417,3517
3517: 3516
7353: 7352,7175,7440
3519: 3421,3521
8225: 8373,8300,8372,8150,8227
3521: 3425,3522,3423,3519,3421
3522: 3521,3425,3526,3722,3624
9280: 4836,9266,9877,4937,5141,9602
5995: 5994,6093
6672: 6671,6766,6576,6767
3526: 3427,3527,3625,3425,3522,3624
3527: 3427,3526,3625,3627,3330,3430
9404: 9909,5350,9755,9632,9350,5249
8712: 8514,8834,8943,8772
3530: 3431,3531,3333,9520,9713,3335
3531: 3628,3530,3431,3335,3729
9284: 9419,8593,9904,9649,8661,8659
3533: 3734,3729,3434,3239,3634
9401: 6037,6038,9668,9911,9979
5709: 5708,5807,5609,5710
3536: 3339,3735,9772,9424,9374,9332
8435: 8703,8216,8363,8434,8502,8639
6837: 6744,6929,6930
3539: 3639,3836,9756,9621,3339,3735
3540: 3442,3246,3441,9932,3639,9756
9660: 9444,9661,9584,9767,10043,9368
7451: 7619,7452,7539,7707,7450
9996: 9794,9858
9742: 9997,2573,9671,9862
3545: 3349,3448,3743,3347,3643,3742
5189: 5089,5190,5290
7558: 7557,7472
3548: 3743
3549: 3449,3450,3451,3648,3550
3550: 3551,3549,3451,3648,3748
3551: 3651,3550,3451,3452,3552
3552: 3452,3453,3651,3551
6761: 6760,6854,6855
9916: 9688,9864,9995
3555: 3453
5943: 5647,5942,5746
3557: 3656,3458,3657,3558
3558: 3657,3458,3557
3559: 3460
9710: 9848,10019,9936,9695
3561: 
9834: 9620,9375,9947,9693
9825: 9897,10028,9922,9814
3564: 3663,3464,3664
7062: 7152,6970,7153,7063
9434: 7935,7936,9447,9373
5407: 5307,5408
7946: 8026,7945,7947
3569: 3470,3668
5648: 5447,5548,5647,5746,5846,5748
3571: 3471,3572,3670
3572: 3473,3571
8550: 8679,8483,8192,8412,8740
9930: 10043,9926,9971,9919
8475: 8477,8478,8539
8262: 8261,8110,8189,8538,8336
3577: 3578,3477
3578: 3678,3577
7958: 7878,7879,7956,8115,8116
9551: 593,9257,9612,801,659,9405
9754: 9846,9885,9852,9303,9835,9738
8634: 8636,8568,8567,8696,8821,8820
3583: 3484,3483,3385
9927: 9966,3634,9978,9876,3635,9766
9794: 9858,9811,9996,9673
3586: 3686,3487,3486
9091: 9857,9046,8946,9092,9001
8069: 7990,8372,8298
3589: 3489
8639: 8764,8702,8502,8435,8703,8638
3591: 
5583: 5584,5683
3593: 3693
5287: 5186,5286,5387
6657: 6658
7380: 7467
7914: 7996,8075,7832,7915,7913
9282: 9459,9524,9734,9521,4336,9483
9383: 9326,9589
3600: 
6474: 6475,6378
3602: 3702,3701,3603,3503,3502
3603: 3702,3602,3503
9682: 2382,2288,9888,9949
3605: 3506,3606
3606: 3607,3506,3605
3607: 3606,3707
7552: 
3609: 
5724: 5725,5823,5624,5723
3611: 3511
3612: 3712,3613,3711
3613: 3712,3713,3612
9896: 9644,9341,9914,9906,10020
3615: 3714,3715
9696: 6982,9860,9724,9764,6983
4950: 5052,5154,4852,4849,5051,4949
8074: 8153,8154,8075,7993,8152
6180: 6278,6179
9441: 641,9804,9590,453
9845: 9479,9286,9862,9970,9411
8061: 8062,7901,8291
5323: 5322
3624: 3725,3724,3522,3526,3625,3722
3625: 3527,3526,3627,3624,3725,3727
9670: 9959,5041,4940,9751
3627: 3527,3625,3628,3431,3430,3727
3628: 3431,3531,3627,3727,3728
6155: 6346,6056,5959,6058
5338: 5136,5341,5234,5138,5036,5343
5889: 5789
9111: 8921,9068
6086: 6183,6085
3634: 3239,9966,9927,3734,3533,3635
3635: 9876,3734,3634,9927,3733,9955
9970: 9671,9845,9862
9074: 9029,9214,9072
9815: 9771,9990,10041
3639: 3539,3836,9756,3246,3540,3345
6337: 9872,6436,6338,6335,9658
3641: 3643,3444,3839,3837,3742,3741
8081: 8001,8160,8002,7921,8161
3643: 3641,3444,3445,3347,3545,3742
7435: 7348,7259,7347
4979: 4878,4879,4978,4980
3646: 3648,3847,3743,3942,3842
9190: 9216,9120,9033,9157,9032,9237
3648: 3748,3847,3646,3549,3550
5448: 5750,5349,5348,9968,5550
5472: 5572,5571,5372
3651: 3551,3552,3850
9798: 9781,9655,9829,10037
8794: 
7152: 7151,7062,7153,7241
6622: 6902,6993,6716
3656: 3557,3657,3755
3657: 3558,3557,3656
9836: 9886,9702,8614,8737,9587
9746: 293,453,9757,9380,9298,9958
8197: 8121,8120,8044,8343,8271
3661: 
7668: 7669,7667
3663: 3564,3664,3763
3664: 3665,3564,3663,3763,3764
3665: 3664,3666,3764,3765
3666: 3665,3765
5657: 5460,5461,5561,5755,5659
3668: 3569
9865: 9818,9757
3670: 3571
7368: 7456,7455,7542,7280,7279
5609: 5509,5708,5709
8676: 8544,8675,8477,9886,8677,9694
3674: 3773,3675,3774
3675: 3774,3674
3676: 
5384: 5383,5283
3678: 3777,3578,3778
8252: 8021,7865,9989,9314,9687
3680: 3779,3780
6916: 7007,6915,7003,7095,6917,7008
10008: 9840,9745,9882
3683: 3684,3782,3783
3684: 3683,3783
7680: 7929,7596,7508,7847,9518
3686: 3586,3786
8318: 8242,8463
6475: 6474,6571
6433: 6531,9964,9776,9817,6626,6906
9879: 9946,9962,425,370,9663,9414
6090: 6089,6188,6091
8812: 8973,9449,8976,9069
3693: 3792,3593
9398: 9244,9476,9810,9659,9463,9325
7837: 7836,7838,7921,7918,8001
8980: 8981,9030,9119,9071,9077
8241: 8165,8462,8163,8008,8599,8389
9976: 9450,9739,9119,9234
9479: 9845,9286,9532,9595,9411,9605
3700: 3701,3799
3701: 3702,3602,3700
3702: 3701,3603,3602
7292: 7293
9310: 7697,7859,9458,9643,9508,9354
7992: 7993,8152,7911,7912
6043: 6041,5750,5650
3707: 3806,3607
6637: 6821,6541,6823
5593: 5494,5594
5999: 5901
3711: 3712,3612,3810
3712: 3713,3613,3612,3711,3812
3713: 3712,3613,3714,3812,3813
3714: 3715,3615,3713,3813
3715: 3714,3615
8238: 8161,8387,8460,8004,8084
3717: 3817
8694: 8426,8496,8631,8630,9478
8544: 8676,8675,8477,8542
7890: 
6930: 7022,6931,6837,6929
3722: 3820,3821,3522,3624,3724
5632: 5829,5631,5533,5930,5633
3724: 3624,3725,3925,3722,3821,3822
3725: 3624,3724,3925,3826,3727,3625
8463: 8242,8318,8168,8667,8603
3727: 3725,3826,3625,3627,3628,3728
3728: 3829,3731,3628,3826,3727
3729: 3533,3531,3335,3434,3731
6945: 6853,7037
3731: 3829,3728,3729,3932
5619: 5620,5520,5618,5718
3733: 3833,3932,9935,9955,3734,3635
3734: 3533,3634,3932,3733,3635
3735: 3339,3536,3539,3836,3837,9374
9285: 9092,9001,9094,9340,9519
8483: 8679,8741,8550,8119,8616
9577: 9380,9298,9358,9536,9268,9493
6418: 6512,6609,6416,6515,6419,6514
8707: 8767,8509,8705,8368,8644,8769
3741: 3742,3838,3842,3641,3839,3835
3742: 3842,3741,3641,3643,3545,3743
3743: 3545,3448,3548,3742,3842,3646
5913: 6011,5813,5912
5855: 5856,5951,5756,5754,9455
6493: 6588
7417: 7241,7331,7419,7505
3748: 3648,3847,3550,3947,3849
7460: 7545,7630,7371,7373
6206: 6207,6303,6205
7128: 7217,7037,7127
5847: 5846,5748,9652,9680
9921: 9890,9897
7142: 7141,7231
3755: 3856,3656
6749: 6748,6843
10042: 6721,9920,9839
9380: 9577,9298,9958,9358,9746
3759: 3859,3860
8273: 8347,8346,8271,8199,8274
8905: 8904,8848
8255: 8470,8253,8179,8471
3763: 3663,3664,3864,3764
3764: 3864,3765,3664,3665,3763
3765: 3764,3665,3666
9300: 9315,9431,9288,9385,9370,9526
10015: 9783,9347,9314
7101: 7190,7010,7009,7011,7102,7191
9311: 9539,9367,5851,9410,9578
5968: 5967,5870,6065
3771: 3772
3772: 3773,3771,3873
3773: 3772,3674,3774,3873,3874
3774: 3675,3674,3773,3874
5357: 5256,5359,5356,5852,5557
3776: 3777
3777: 3678,3776,3778,3878
3778: 3678,3777,3878,3779
3779: 3778,3680,3880,3780
3780: 3880,3680,3779
9438: 9140,9102,9661,9854,9787,9767
3782: 3883,3683,3783
3783: 3683,3684,3883,3782
9572: 9609,9579,9986,9327,9630
5426: 
3786: 3686,3787,3887
3787: 3788,3786,3887,3888
3788: 3787,3789,3888,3889
3789: 3788,3889
10037: 155,9496,9803,9798,9781,9655
6121: 6022,5826,5926,6122,6219
3792: 3693
6912: 6911,6823,7002,6731,6915,7003
8834: 8712,8943,8649,8714
3795: 
9557: 9388,10002,9316,9470,716,9365
3797: 
10039: 9789,9762,9824,10003,9571,9727
3799: 3900,3700
5841: 
9827: 9749,9546,9610,9858,9811
9783: 10015,9833,9314,9687,9953
3803: 3903,3904
9843: 9586,9934,9856,9281,9770
3805: 
3806: 3707
5837: 5543,5639,9861,5637,9784
3808: 3809,3908
3809: 3808
3810: 3711
7319: 7318,7231
3812: 3712,3713,3813
3813: 3713,3714,3812
8002: 7839,7921,7922,8081,8161
8357: 8873,8498,8356,8209,8565
3816: 3817
3817: 3717,3818,3816
3818: 3817,3820,3819
3819: 3921,3818,3820,3821
3820: 3722,3821,3818,3819
3821: 3722,3820,3724,3921,3819,3822
3822: 3921,3922,3821,3724,3925,4027
9623: 9260,9628,8727,8594,8662,9616
9336: 9893,9692,9005,9592,9437,9097
6541: 6820,6821,6350,6447,6637
3826: 3725,3925,3727,3728,3927
6917: 6919,7010,7009,6916,6915,7008
9990: 9771,9516,9713,9815,9957,10041
3829: 3728,3731,3929,3932
9662: 2018,10001,9822
8064: 7903,8142,8065,8143
9501: 9318,9128,9126,9243,9387,9558
3833: 3932,3733,9935,4030,9262
3834: 4135,4337,4134
3835: 3839,9425,3838,3741,9597,3938
3836: 3539,3639,3444,3345,3735,3837
3837: 3839,9374,3836,3641,3444,3735
3838: 3942,3842,3741,3835,3940,3938
3839: 9425,3835,3837,9374,3641,3741
9672: 9548,9507,9863,9673
5153: 5253,5252,5151,5051,5052,5355
3842: 3742,3838,3942,3741,3743,3646
9713: 9990,9516,9520,3530,9957,3335
8229: 8230,8378,8152,8153,8228,8304
5726: 5727,5825,5725
9599: 9887,9646,9522,9799,9513
3847: 3648,3748,3646,3942,3947,4044
6278: 6180
3849: 3850,3949,3748,3947
3850: 3950,3849,3651
5680: 5581
5453: 5752,5353,5452,5354,5851,5948
6735: 6640,6734,6828,6829
8155: 8232,8231,8234,8076,8154
7289: 7288,7200,7377,7290
3856: 3755,3956,3857,3957
3857: 3858,3856,4058,3957
3858: 3857,3859,3959
3859: 3860,3959,3759,3858
3860: 3859,3759
6405: 6308,6406
8298: 8444,8513,8069,8370
8824: 8704,8882,8881,8764,8880
3864: 3764,3763,3964
7127: 7216,7128,7217,7037
7600: 7599,7515,7767,7516,7601
3867: 3967
9068: 9209,9111,9067
3869: 3969
9160: 9123,9081,9080,9122,9219,9193
7550: 7464,7635
5706: 5805,5606,5804,5705
3873: 3874,3772,3773
3874: 3873,3773,3774
7117: 7118,7207,7026,7027
7481: 7394,7393,7480
7210: 7120,7209,7298
3878: 3777,3778,3979
9367: 9311,9539,9490,9578,6241,6144
3880: 3780,3981,3779,3980
9298: 9380,9577,641,9746,453,9536
6564: 6660
3883: 3983,3782,3783
9566: 9315,9431,9324,9428,9611,9445
3885: 3986
8966: 9011,8964
3887: 3888,3988,3787,3786
3888: 3887,3988,3989,3788,3787,3889
3889: 3990,3788,3789,3888,3989
9070: 8696,8874,9027,8695,8978
3891: 3991
9629: 9297,9600,9894,9960,10005,9556
6514: 6610,6705,6515,6418,6609
9944: 9695,9690,9993,10034,9465,9763
5413: 5312,5313,5513
4998: 4997,4897
3897: 3997,3898,3998
3898: 3897,3998
5725: 5724,5823,5726
3900: 3799,4000,3901
3901: 3902,4002,3900
3902: 4002,3901,3903
3903: 3904,4004,3803,3902
3904: 3903,4004,3803
7938: 
10017: 9871,9574,9985,9808,5346
3907: 3908
3908: 3808,3907
6848: 6941,6849
6460: 
7268: 9603,7777,7179,7176,7269
6662: 6756,6567,6661
6055: 5957,5959,5958,5956,6052,6056
7011: 6828,6920,7010,7101,7102
3915: 
5151: 5153,5252,5148,5051,5150,5251
5148: 5247,5047,5150,5145,5251,5151
9987: 9232
9638: 9529,9377,9308,9607,9943,9435
6763: 6669
3921: 4021,3819,3922,3822,3821
3922: 4021,3921,3822,4127,4027,4123
8710: 8888,8709,8513,8647,8579
5807: 5708,5709
3925: 3725,3724,3826,3822,3927,4027
7656: 7739,7740,7571,7655
3927: 4027,3928,3925,3826,3929
3928: 4127,3927,4027,3929,4332,4029
3929: 4030,3829,3927,3928,4029
8805: 8915,8683,8685,8621,8806,8916
9871: 10017,9985,9820
3932: 3833,3733,3829,3731,3734
9389: 1828,9554,9606,9267,9961
3934: 3935,4135,4236
3935: 3934,4136
3936: 4040,4139,4036,4039,9442,9591
7880: 7878,7879,7962
3938: 3940,4039,3835,3838,4036,9597
6781: 6780,6874
3940: 4039,4041,3938,3838,3942,4044
7619: 7618,7451,7617,7780,7452,7450
3942: 3838,3842,3847,3646,3940,4044
5163: 5060,5361,5062,5263,5363
8568: 8361,8636,8634,8431,8567,8499
7425: 7340,7765,7428,8170,7598
3946: 3947,4044,4041,3949,4049,4242
3947: 3946,4044,3748,3847,3949,3849
7775: 7769,7602,7601,7772
3949: 3950,3849,3947,3946,4049,4050
3950: 3850,3949,3951,4050,3952
3951: 4050,3950,4053,3952
3952: 4053,3953,3950,3951
3953: 4054,4053,3952
4969: 4968,5069,5070
3955: 
3956: 3856,4057,3957
3957: 4058,3856,3956,3857,4057
9853: 9698,9883,9657,9969
3959: 3859,3858,4058,4060
8837: 8893,8945,8835,8778,8838,8947
9098: 9004,8950,9054,9005,9052,9097
3962: 4063,3963
3963: 4063,3964,3962
3964: 3963,3864
9580: 9460,9393,10040,9369,9323,9626
6001: 5902,6098,6099
3967: 4068,3867
8596: 8662,8663,8597,8790,8457,8527
3969: 3869,4069
5575: 5475,5476,5574,5675
3971: 4072
5085: 
5180: 5281
7331: 7419,7508,7244,7153,7417
8739: 9587,8737,8480,8678,8907
4957: 4856,4958,5055,5054,5157
8440: 8368,8296,8369,8644,8645
9527: 9324,383,9428,9473,9439
3979: 3980,3878
3980: 3979,3880,3981,4081
3981: 3880,3980,4081
3982: 4083,3983
3983: 3883,4083,3982
8627: 8867,8561,8869,8811,8560,8810
9445: 9322,9287,329,9566,9315,9611
3986: 3885,4087
5794: 5793,5695,5893,5894
3988: 3887,3888,3989
3989: 3888,3988,3889,3990,4090
3990: 3889,3991,3989
3991: 3990,3891
5387: 5286,5287,5487
3993: 4094,4093,3994
3994: 4094,3993
9673: 9863,9672,9794,9811
6128: 6127,6226,6031,6326,5936,6227
3997: 3897,3998,4098
3998: 4098,3897,3997,3898
9606: 9267,1741,9389
4000: 3900,4100
5123: 5023,5124
4002: 3902,3901
6264: 6263,6265
4004: 3903,3904,4104
9024: 9069,8868,9105,8921
4006: 4007
4007: 4108,4006
5352: 5252,5250,5251,5451,5353,5452
7921: 8002,7839,7838,7837,8081,8001
4010: 
4011: 
8808: 8748,8686,8688,8687,8866,8807,8865
4013: 4113,4114
5372: 5271,5272,5472
6894: 6893,6703,9511,6799,9309,9601
5910: 5810,6009
6897: 6896,6708,6612,6709
9423: 8907,9568,9349,8738,9688
8001: 8081,7837,7921,8080,7918
9992: 9867,10035,9941,9792
4021: 3921,3922,4122,4123
5630: 5631,5828,5430,5434,5528
5051: 4949,5150,5052,4950,5153,5151
10030: 9789,9762,9857
8718: 8841,8782,8656,8779,8655,8895
8205: 8426,8050,8279,8352,8425
4027: 4127,3927,3928,3925,3922,3822
7181: 7184,7000,9406,7355,7091
4029: 4132,4232,3928,4030,3929,4332
4030: 3929,3833,4132,4029,9262
4949: 5051,5048,4747,4947,4849,4950
9812: 9264,9291,9514,9743,9980
6358: 6261,6262,6357,6359
8947: 8946,8999,8949,8838,8893,8837
5213: 5113,5214,5313
4036: 9582,9597,4039,3938,9591,3936
9934: 9843,9856
9786: 9893,9692,9293
4039: 3940,4041,3938,4036,4040,3936
4040: 4139,3936,4039,4041,4242,4141
4041: 3940,4039,3946,4044,4040,4242
9126: 9125,9243,9040,9085,9128,9501
7557: 7641,7558,7470
4044: 3947,3946,3942,3847,3940,4041
4045: 4049,4242,4146,4141,4343
8766: 8365,8292,8507,8705
5048: 4949,5150
9330: 9370,9526,9570,9506,9313,9433
4049: 4045,4242,3946,3949,4050
4050: 3951,3950,3949,4049
8444: 8513,8298,8647,8372,8373
5966: 5965,5868,5967,6063
4053: 4054,3953,3952,3951,4155
4054: 4053,3953,4157,4156,4155
8216: 8435,8703,8363,8291
9823: 472,9973,9728,9769,536
4057: 4157,3956,3957
4058: 3957,3857,3959
8999: 8946,8949,8947,9054,9092,9094
4060: 3959
8716: 8715,8519,8776,8587,8778
6081: 6179,5983
4063: 3963,4164,3962
5742: 5740,9701
4065: 
7033: 7123,7032,6941
9170: 9001,9049
4068: 4168,3967,4069,4169
4069: 4169,3969,4068
8911: 9060,8962,9011
7110: 7020,7109,7019,7199,7200
4072: 4073,4173,3971
4073: 4072,4173,4074
4074: 4073
6450: 6449,6451,6545
10020: 9906,9896
5499: 5498,5598,5400,5599
4078: 4179
9803: 10037,155,9781,9537,9446,157
6931: 7022,6930,7023,6932
4081: 3980,3981
8962: 9060,8857,9010,8911
4083: 3982,3983
7942: 7783,8020,7704,9465,9993,8021
4085: 
9604: 9632,9808,9302,5247,5145,9350
4087: 3986
5311: 
9763: 9347,9944,9690,9993,9989
4090: 4190,3989
5454: 5354,5851,5852,5455,9533
10003: 9982,9132,9571,9752,9762,10039
4093: 4094,3993
4094: 4093,3993,3994
8163: 8006,8005,8084,8008,8389,8241
4096: 4197,4196
9509: 9477,8813,8976,9453,9303,9449
4098: 3998,3997,4198
8738: 9587,9423
4100: 4000,4201
9430: 704,513,9259,9366,9248,341
6746: 6651
9901: 9305,6139,10035,6335,9658,9941
4104: 4004
9822: 9810,9662,10001,10010
9508: 9643,9936,9561,9310,7859,10019
7275: 7098,7276,7532,9550,7618,7617
4108: 4007
9626: 366,119,9580,368,10040,9369
7735: 7818,7819,7736,7899
7650: 7733,7649,7565
7602: 7516,7601,7775
4113: 4114,4013
4114: 4113,4013,4115
4115: 4216,4114
9470: 9316,781,9557,785,716
4117: 4118,4218
4118: 4117,4218,4119
4119: 4120,4118,4320
4120: 4119,4122,4328,4322,4323
10040: 9907,368,9782,9580,9460,9626
4122: 4328,4123,4021,4120
4123: 4122,4328,4021,3922,4127,4329
9335: 9296,9246,9722,9813,9709,9645
9287: 9322,9445,9315,9526,9403,9313
6610: 6514,6515,6425,6421,6516,6706
4127: 4027,3928,3922,4123,4329,4332
9506: 442,9330,9570,9433,277
6385: 6481,6480
9568: 8907,9423,9349,8799,9391,9625
4131: 4234,10028
4132: 4336,4232,4029,4030,9262,9569
9651: 9831,9963,9942
4134: 3834,4337
4135: 3834,3934,4236
4136: 3935
7413: 7325,7673
9919: 9889,9926,9930
4139: 4040,3936,9442,4141,9256,4239
9935: 3833,3733,9955,9814,9328,9262
4141: 4045,4242,4040,4139,4239,4343
5678: 5776,5578
7147: 7146,7148,7057,7237
5349: 5848,5750,5551,5348,5448,6041
6721: 10042
4146: 4045,4343,4347,4248
5639: 5543,5837,9861,5540,5640
9704: 3038,9679,9796,9790
7720: 7719,7721
7199: 7109,7110,7288,7200
8004: 7922,7759,8005,8084,8238
8867: 8627,8811,8919,8810,9019,9563
5283: 5383,5182,5384
5942: 5943
4155: 4256,4156,4255,4054,4053
4156: 4256,4155,4054,4157,4258
4157: 4057,4054,4156,4258
9897: 9825,10028,9922,9921,9890
8264: 8265,8538,8336,8338,8474,8339
9435: 9540,9543,9638,9308,9943,9647
9767: 10043,9926,9438,9661,9660,9854
7945: 8026,7946,9833,9953,7947
5176: 5177,5175,5277
4164: 4063,4165
4165: 4164,4166,4266
4166: 4165,4266
6140: 6238,5948,9265,9539,9490,6139
4168: 4068,4169,4269
4169: 4069,4168,4068
9337: 9366,9590,9553,9440,9339,9804
8514: 8712
9180: 9065,9177,9145,9179
4173: 4072,4073,4274
5543: 5639,5837,5340,9583,5440
7058: 7148,7057,6966,6967,7149,7059
4176: 4177,4276
4177: 4176,4278
6238: 5948,6140,9265,5752,5751
4179: 4078,4279,4280
8757: 8873,8498,8429,9379,9588,8632
8066: 8065,8144,8145
7544: 7283,7543,7371,7284,7628,7545
6204: 6205
7581: 7494,7582,7750
8881: 8824,8882,8880,8987,9037,9081
5986: 5887,6084
9418: 9424,9912,9621,3339
5142: 5036,5037,5141,9602,9454,5138
9630: 9542,9327,9986,9747,9361,9572
4190: 4090
8933: 8987,8879,9079,8878,9080,9121
4192: 4293,4292
9321: 9388,10002,9788,9514
5007: 4907,4906,5108
6504: 6507,6696
4196: 4197,4096
4197: 4096,4196,4298,4198
4198: 4298,4197,4098
10027: 9887,9646,9999,9866
8477: 8475,8478,8544,8676,8677
4201: 4100,4301
9943: 9650,9647,9638,9529,9435
7792: 7791,7952,7625,7455,7542,7627
7377: 7289,7290,7464
5124: 5125,5224,5023,5123
4206: 4207,4306,4307
4207: 4206,4307
9619: 9608,9463,10033,2201,2390,2110
7020: 7110
6854: 6853,6761,6760,6855
4211: 
8868: 9024,9069,9497,9105,9596
8701: 8638,8636,8702,8820,8878,8879
5713: 5714,5812,5613,5712
7440: 7353,7265,7352
4216: 4115,4316
6607: 6510,6512,6609,6892,6893,6703
4218: 4117,4118,4318,4319
8274: 8276,8348,8199,8347,8273
7859: 9310,7182,7697,7696,9561,9508
5013: 4913,5113
5328: 5327,5430,5227,5329
6091: 5994,6090,6188
9289: 9534,8260,9486,8108,7791,9705
5683: 5781,5584,5583
4964: 4864,5064
9666: 9648,9849,9726,9979
9560: 9219,9504,9239,9564,9546,9567
8594: 8527,8526,8662,8727,9623
8791: 9271,9616,9344,8663,8729,9505
5509: 5609,5410,5508
4232: 4132,4336,4029,4332,4330,9521
5447: 5648,5548,5647
4234: 4131,10028
9333: 9624,9319,9585,2460,9491
4236: 3934,4135
9768: 9753,9714
6387: 6290,6291,6483,6388,6482
4239: 9256,4139,4141,4343,4240
4240: 4343,4346,4239,4241,4444
4241: 9256,9489,4240,4342,4341,4444
4242: 4045,4049,4141,4041,3946,4040
8191: 8192,8115,8412,8189,8265,8336
8599: 8389,8666,8241,8462,8730,8601
8304: 8228,8303,8376,8378,8229,8449
5959: 6055,5958,5960,6155,6056,6058
9874: 9747,9774,9899,9665,9737,9669
4248: 4349,4146,4347
9405: 659,729,9612,728,9551,1021
9100: 9983
9385: 9807,9900,9288,9300,9370
6888: 7163,6699,6890,6891,6979
9350: 5250,5145,9632,9604,9404,5249
8538: 8264,9346,9376,8261,8262,8474
4255: 4256,4354,4155,4450
4256: 4156,4354,4255,4155
9030: 8981,8980,9028,9234,9029
4258: 4157,4156,4259
4259: 4260,4258
4260: 4259
9946: 9962,9879,10026,370
5452: 5752,5353,5453,5352,5653,5451
4263: 4364
9634: 9800,9016,9017,9892
5374: 5274,5375
4266: 4367,4165,4166
6242: 6339,6147,6144,6047,6048
7150: 7149,7060,7059,7151
4269: 4369,4168
9641: 9391,8908,8620,9381,8681
4271: 
9978: 9966,9927,9766
9299: 7858,9274,9639,9636,9253
4274: 4173
6022: 6121,6021,6119,6218,6219
4276: 4376,4176
6893: 6894,6703,9511,6892,6607,9475
4278: 4177,4279,4379
4279: 4379,4179,4278,4280
4280: 4179,4279
5926: 6122,5928,5929,6121,5826
8160: 8081,8161,8387,8457,8386
6056: 6155,6346,6052,6055,5959,6248
4284: 4285,4385
4285: 4284,4385,4286
4286: 4387,4285,4287
4287: 4288,4388,4286,4387
4288: 4388,4287
8361: 8638,8636,8568,8213,8502,8431
5589: 5490,5590,5688
7778: 7694,7528,7354
4292: 4392,4192,4393
4293: 4192,4393,4294
4294: 4293
8189: 8110,8262,8336,8191,8115
6832: 6831
8591: 8524,8523,8592,8590,8721
4298: 4198,4399,4197
9653: 9581,9881,9716,9995,8960
7744: 7743
4301: 4201
9339: 9440,394,289,9553,9337
7340: 7425,7765,9631,9274,7339,7248
8744: 8619,8801,8683,8743,8960,8861
4305: 4306,4406,4405
4306: 4305,4406,4407,4206,4307
4307: 4206,4207,4306,4407
9349: 9423,9568,9391,9688,9381,9864
8603: 8667,9963,9942,8463,8168,8392
6593: 6688
5144: 5247,5047,5044,4944,9302,9408
6426: 6519,6520,9898,6517
5285: 5185,5286
4314: 4415
6984: 6891,9475,6605,6797,6892,6890
4316: 4417,4216
8192: 8191,8115,8412,8116,8550
4318: 4319,4218
4319: 4318,4218,4320
4320: 4422,4322,4119,4319
4986: 5086,5087
4322: 4320,4422,4120,4423,4323
4323: 4423,4526,4120,4328,4322
6508: 6412,6605,6797,6315,6410
6117: 6118,6215
5613: 5712,5713
9063: 9563,9584,9497,8811,8973
4328: 4122,4123,4120,4331,4323
4329: 4331,4332,4330,4127,4123
4330: 4329,4331,4332,4232,9269,9521
4331: 4329,4330,4328,9269,4427
4332: 4329,4330,4127,3928,4232,4029
5322: 5422,5323
9245: 858,859,9635,9552,9363,789
9807: 9385,9900
4336: 4132,4232,9569,9282,9734,9521
4337: 3834,4134,4736
4338: 9331,9522,4440,4341,4438,4442
4991: 4891,4992,4990,4890,5091,5092
5125: 5124,5224,5225
4341: 4342,4440,4241,9489,4338,9331
4342: 4440,4341,4241,4444,4445
4343: 4347,4240,4045,4146,4141,4239
5353: 5452,5453,5253,5252,5352,5354
4345: 4447,4444,4548,4445,4346
4346: 4347,4240,4447,4444,4345
4347: 4343,4346,4146,4349,4248
9358: 9380,9577,9493,848
4349: 4248,4450,4347,4448
4942: 4840,9868
9132: 10003,9982,9089,8945,9752
5578: 5478,5678
7508: 7331,7419,7244,7680,7847
4354: 4256,4255,4450,4453,4455
9644: 9896,9911,9341
5812: 5713,5714,5813,5912
5872: 5873,5970,5772,5871
9346: 9390,9484,9376,9436,8261,8538
9072: 9114,9214,9074,9029
7145: 7234,7055
6548: 6549
9320: 9397,9409,9254,9279,9342
10024: 9733,9951,9472,9729,9928
4364: 4263,4365
4365: 4364
6266: 6265
4367: 4266,4467,4468
5876: 5975,5875
4369: 4269,4470
6313: 6216,6215,6410
9327: 9542,1497,9630,9579,9572,1582
9511: 6894,6893,9384,9475,9575,9601
7383: 7296
9759: 9485,9796,9790
9709: 9700,9761,9246,9335,9717,9645
4376: 4276
9977: 7691,7609,9779,7434,10031,9880
7180: 7178,7269,7696,9301
4379: 4279,4278,4479
7596: 7929,7336,7248,7680,7765
7133: 
7515: 7599,7600,7428
10041: 10038,9990,9815,9957
9375: 9620,9834,9582,9396,9947,10032
4385: 4284,4285,4485,4486
9250: 9481,9279,1396,1395,1565,1483
4387: 4286,4388,4287
4388: 4288,4287,4387
5018: 4918,5017,4917
4390: 4391,4491
4391: 4390,4392,4491
4392: 4292,4391,4493
4393: 4293,4292,4493,4494
7375: 7288,7462
9369: 311,484,9323,9580,366,9626
7056: 
4397: 4497,4498
7231: 7319,7141,7142
4399: 4298
4400: 4501
9570: 9370,9330,9900,385,9506
5688: 5589
9859: 1658,2366,9924,9961,9554,9731
5528: 5430,5630,5828
4405: 4305,4406
4406: 4305,4306,4407,4405
4407: 4306,4406,4307
5697: 5698,5796,5598,5597
8960: 8743,8801,8744,9653
5395: 5295,5294,5394,5494,5495
6356: 6451,6357,6259,6260
9787: 9854,9691,9892,9438,9102,9800
5970: 5872,5871,6067,6068
6669: 6763
4415: 4314,4516
7935: 9434,7934,7771,8015
4417: 4316,4518
9266: 9280,9877,9718,9602,9523,9348
8470: 8328,8253,8255
9366: 9590,9248,9553,9337,9259,9430
9842: 8175,9683,8097
4422: 4320,4322,4423,4522
4423: 4526,4323,4422,4322,4523,4525
9699: 9950,9775,9791
5727: 5726,5825,5828,5928
5052: 4950,5255,5154,5051,5153,5355
4427: 9269,9392,4331,4526,4529
9880: 10012,10031,7434,9977,7608,10009
5810: 5712,5910
6348: 6351,6350,6632,6349,6347
5015: 4915,5115,5116
9077: 9235,9236,9071,8928,8980,9119
9540: 9512,9543,9435,9967,9647,9406
7770: 8013,7934,7771,8171,7769,7932
5973: 5875
4436: 4940
5249: 5451,5552,5250,9350,5350,9404
4438: 4539,9498,4338,9522,4442
6041: 6043,5848,5750,5349
4440: 4342,4341,4338,4543,4643,4442,4650
6890: 6700,6699,6797,6984,6891,6888
4442: 4642,4643,4338,4440,4539,4438
9828: 9984,9456,9681,9545,9450,9739
4444: 4345,4445,4241,4346,4240,4342
4445: 4444,4345,4342,4650
8310: 8158,8307,8236,8526,8234,8309
4447: 4345,4346
4448: 4553,4453,4349,4450,4548
4449: 4753,4548,4553,4655,4654
4450: 4349,4354,4255,4453,4448
9004: 8950,9098,8841,8842,8898,9005
9595: 9532,2666,9479,2762,2858,9605
4453: 4553,4448,4450,4354,4455,4555
9317: 9089,9045,9297,9556,9982
4455: 4457,4555,4354,4453
9544: 8730,8792,8601,9952,9359,9386
4457: 4455,4458,4559,4660
4458: 4459,4559,4457
4459: 4458,4559
6892: 6605,6510,6607,6984,9475,6893
8715: 8716,8649,8584,8776,8714
4462: 4463
4463: 4462
8044: 7965,8199,8121,8197
10018: 9985,5346,9549,9755
5762: 5664,5663,5761
4467: 4468,4367
4468: 4467,4569,4367
5714: 5713,5812,5715,5813
4470: 4369
6065: 6163,6162,5968,5967
8330: 8471
8772: 8888,8712
9055: 8842,8658,8721,8898,9356
4475: 
7302: 7389,7390
6378: 6474,6282
4478: 4479,4579
4479: 4478,4579,4379
4480: 4580,4481
4481: 4582,4480
8702: 8639,8764,8880,8638,8701,8879
4483: 4584
8153: 8074,8154,8152,8231,8230,8229
4485: 4486,4385
4486: 4485,4385
9731: 10021,9859,9924,9961,9816
7913: 7912,7831,7832,7914,7993
9531: 9559,9400,9785,9457
7390: 7478,7389,7302
4491: 4592,4391,4390
7528: 7443,7354,7777,7778
4493: 4392,4393,4494
4494: 4495,4393,4493
4495: 4494,4596
9932: 3441,10011,10036,3540,9744,9756
4497: 4498,4397
4498: 4497,4397
5398: 5298,5497,5498
5569: 5568,5668
4501: 4502,4400
4502: 4501,4603
9605: 2858,2761,9479,9595,9411,9541
4504: 4604,4605
7348: 7435,7436,7259,7170,7349
6349: 6351,6348
6011: 5913,5912,6010
4508: 4509
4509: 4508,4610,4510
4510: 4611,4509,4610
9904: 9419,9284,9628,9271,9875,9649
8597: 8596,8790,8387,8460,8457,8666
4513: 4514,4613
4514: 4513,4615
7299: 7298,7386,7212,7300
4516: 4616,4415
8740: 8481,8799,8678,8412,8679,8550
4518: 4417
8539: 8406,8478,9426,8540,8475
8857: 9060,8962,9016,9010
4521: 4522,4621
4522: 4621,4523,4422,4521
4523: 4522,4423,4525
7520: 7344,7692,7080,7522
4525: 4528,4626,4423,4526,4529,4523
4526: 4423,4323,4529,4427,4525
4527: 4729,4730,4528,4626,4634,4733
4528: 4525,4626,4529,4634,4630,4527
4529: 4526,4427,9392,4528,4525,4630
5251: 5250,5145,5148,5252,5151,5352
9814: 9328,9935,9955,9922,9825
6956: 
9214: 9114,9072,9187,9074
4534: 4634,4937,4733,4836
9563: 9584,9063,9019,8867,8811,9444
7176: 7179,7443,7777,7268
7635: 7550,7719
8907: 9423,9568,8799,8678,8739
4539: 9498,9538,4438,4642,4442,4641
5635: 5533,5536,5736,5633,5833,5834
7655: 7570,7571,7656,7739
8790: 8596,8663,8597,8792,8729
4543: 4643,4440,4650
7947: 8106,8023,8028,7946,7945
5851: 5354,5454,5453,5948,9311,9539
9743: 9812,9980
8656: 8589,8590,8655,8782,8718
4548: 4345,4553,4448,4449
9427: 9371,670,251,9642,672
9637: 724,794,9415,9255,9382,9251
8076: 7996,8075,8154,8155
7022: 6931,6930,7023
4553: 4453,4448,4548,4555,4449,4655
6519: 6426,6520,6804
4555: 4455,4553,4453,4658
6528: 6626,9725,6720,7083
4557: 
8861: 9017,8968,8744,8915,8683,8743
4559: 4458,4459,4457,4660,4661
6567: 6662
4561: 4661,4663
8426: 8205,8496,8694,8425,8630
7801: 7962,7719
7503: 7327,7328,7674,7675
4565: 4566,4667
4566: 4565,4667
8425: 8352,8205,8426,8424,8630,8495
8705: 8509,8507,8766,8767,8707
4569: 4468
9507: 9672,9548,9387,9802,9558
9457: 9559,9531,8468,9466
8636: 8361,8638,8634,8701,8568,8820
4573: 4574,4675
4574: 4573,4675
7277: 7190,7099,7276,7618,7278,7452
9881: 9581,9653,9492,9995
4577: 
6909: 7001,6910,7262,6724,9512,9543
4579: 4478,4479
4580: 4480
8417: 8346,8271,8485,8555,8487
4582: 4481,4683
6126: 6028,6127,6226,6223,6323
4584: 4685,4585,4483
4585: 4584,4687
9973: 9823,9728,299,471
6223: 6122,6126,6320,6323
6370: 6371
9402: 9643,10034,9499,9354,8020,9465
4590: 4691
5965: 5966,6063,6062
4592: 4491,4693
7318: 7319,7405
6640: 6735,6734,6641,6639
9291: 9530,9264,9812,9363,9980,9635
4596: 4495,4697
6609: 6418,6512,6607,6514,6705,6703
8049: 8050,8279
6196: 6098,6099,6293
9893: 9336,9692,9786,9437
10021: 9731,9267,9961
5918: 
4603: 4604,4502
4604: 4504,4603,4605
4605: 4606,4504,4604,4707
4606: 4605,4607
4607: 4606
6748: 6653,6749
8799: 8740,8678,8679,8907,9568,9625
4610: 4509,4510,4611
4611: 4510,4610,4712
5263: 5064,5163,5363,5364
4613: 4513,4715
4968: 4969,4867,4967,5069
4615: 4514,4616,4716
4616: 4516,4615
5740: 5640,9701,5542,5641,5742
7625: 7792,7791,7540,7455,7624,8108
9592: 8898,9005,9356,9437,9353,9336
8309: 8382,8383,8310,8307,8526,8727
4621: 4522,4521,4722
7347: 7258,7259,7435
8271: 8346,8273,8417,8197,8343,8485
8478: 8406,8539,8614,8475,8477,8677
4625: 4626
4626: 4625,4528,4525,4729,4527
9663: 9758,9918,9414,9962,9879,374
6756: 6662,6661,6849
9554: 2182,9389,9859,1658,9961
4630: 4634,9633,4529,9392,4528
8729: 9359,9505,8663,8790,8792,8791
6935: 7026,6934,6843,7027
8555: 8685,8487,8347,8346,8417,8419
4634: 4630,4534,4528,4527,4733
9382: 9399,868,9255,9500,724,9637
9922: 9876,9955,9814,9825,9897
4637: 4638,4839,4737,4838
4638: 4637,4739,4839,4639
4639: 4740,9777,4638,4739
5461: 5460,5657,5561,5361,5363,5462
4641: 4743,4742,4539,9538,4642,4744
4642: 4643,4745,4442,4539,4641,4744
4643: 4543,4642,4745,4442,4440,4650,4644
4644: 4753,4650,4853,4643,4745,4645
4645: 4954,4849,4745,4853,4644,4747
9923: 9933,9589,9809
6341: 6437
9257: 9551,593,594,9281,9612,9770
9707: 9421,9655,9829,474,9760,358
4650: 4753,4644,4440,4445,4543,4643
6038: 6037,9401,6130,6328,9432
9995: 9716,9864,9916,9881,9653
6478: 
4654: 4655,4753,4449,4853,4955,4855
4655: 4757,4654,4553,4449,4855
8893: 8945,9046,8837,8946,8947
5145: 5250,5251,9350,5247,5148,9604
4658: 4555,4757,4859
5931: 5930,5633,5833,6031,6028,6127
4660: 4457,4559
4661: 4559,4561
9080: 9160,9081,8987,8933,9121,9122
4663: 4561,4664
4664: 4665,4663
4665: 4664,4766
7125: 7124
4667: 4565,4566
8301: 8300,8303,8376,8649
6596: 
9873: 9658,9941,9792,9872,9776,9964
5572: 5472,5571,5573,5672
5300: 5400,5200,5299
4673: 
9633: 4630,9392,9483,9459
4675: 4574,4573
6339: 6242,6144,6241,6338,6244
4677: 4778
5055: 4852,4954,4955,4957,5054
6531: 6432,9964,6433,6627,6906
5823: 5724,5725,5922
7208: 7118,7207,7119,7209,7296
6664: 
4683: 4582,4783
5194: 5195,5093,5294,5295
4685: 4584
8587: 8779,8778,8655,8716,8654,8519
4687: 4585
5597: 5498,5598,5497,5697
7555: 
6978: 6884,7070,6790,7162,6886,7161
4691: 4590
9040: 9126
4693: 4793,4592
4694: 
6906: 6531,6433,6626
9689: 9838,9866,9797,10000,9887,9799
4697: 4797,4596
5775: 5676,5774,5776,5875
4699: 4799,4700
4700: 4699
4701: 
4702: 4802
4703: 4804
8678: 8481,8740,8799,8480,8739,8907
9887: 9599,9646,10027,9689,9866,9799
5957: 6055,5958,5761,5758,5956
4707: 4807,4605
9985: 10018,9820,9871,10017,5346
4709: 4809,4710,4810
4710: 4810,4811,4709
5093: 4993,5194,4992,5092
4712: 4611
7345: 7075,7431,7344,7080
6093: 5995
4715: 4716,4613,4815
4716: 4817,4715,4615
5758: 5663,5761,5662,5856,5957
9903: 9715,9902,9708
4719: 4720,4821
4720: 4719,4821
7219: 7130,7220
4722: 4621,4823
7952: 7792,7791,7711,7627,8260,8031
5801: 5901
4725: 4825,4826
6647: 6648,6552,6741
7832: 7750,7831,7913,7914
7787: 7949,7702,8029,7704,7703,7865
4729: 4826,4929,4527,4730,4626
4730: 4729,4929,4527,4936,4733,4934
5333: 5436,5335,5230,5341,5234,5332
7771: 7770,7934,7769,7936,7935
4733: 4936,4937,4634,4534,4527,4730
6605: 6412,6508,6797,6892,6510,6984
7608: 9636,9253,9517,10009,7434,9880
4736: 4737,4837,4337,4939
4737: 4837,4838,4736,4637
7266: 7265,7442,7443,7354
4739: 4638,4839,4639,4740,4941,4840
4740: 4639,9777,4739,4840
7821: 7739
4742: 4944,4743,4641,9538,9573,5044
4743: 4944,4641,4742,4744,4947,4845
4744: 4747,4947,4642,4745,4743,4641
4745: 4642,4643,4644,4747,4744,4645
9353: 9334,9917,9592,9356,9437
4747: 4744,4947,4745,4849,4645,4949
7141: 7142,7231
9305: 9901,6139,10035,9265,9306,9471
5611: 5512,5710
5604: 5504,5603,5505
9714: 10012,10031,9768,9753
4753: 4650,4449,4853,4644,4654
9611: 763,501,9428,9566,329,9445
8874: 8696,9070,9027,8983,8821,8929
7694: 7778
4757: 4655,4658,4855,4859
9705: 8259,9729,8108,7870,9289,9486
9805: 9650,9647,9773,9967
5299: 5300,5400
9889: 9854,9691,9926,9919
6009: 6010,5910
4763: 
9918: 9528,9758,9663,9414,9295
6326: 6130,5936,6128,6227,6327,6328
4766: 4665,4867
7398: 7311,7485
9685: 9341,9432,9278,9908,9914,9847
4769: 4871
7388: 7389,7300,7475
4771: 4872
6520: 6519,6426,6614,6804
4773: 4873
9876: 9922,3635,9766,9927,9955
8171: 7850,7932,7770
7939: 
9543: 9512,9540,9435,7262,9308,6909
4778: 4677,4879,4880
8395: 8393,8244
8886: 9085,9130,8830,8885
7732: 7733,7649
6549: 6645,6550,6548
4783: 4683
9456: 9984,9828,9378,9545,9277,9686
8507: 8509,8439,8705,8142,8766,8292
6193: 6290,6291
6263: 6264,6359,6165,6262
4788: 4889,4890,4789
4789: 4891,4892,4788,4890
9518: 9559,9400,7929,7680,7847,9525
6915: 6916,7003,6912,6731,6919,6917
8201: 8046,8047,8126,8276
4793: 4693
6790: 6884,6978,6695,6696,6886
5267: 5266,5366,5167,5268
5751: 6142,5849,5653,5752,6238
4797: 4697,4899
5789: 5691,5889
4799: 4699,4900
4800: 
9852: 9453,9622,9303,9915,9835,9754
4802: 4702,4904
9728: 9823,9973,9656,9769
4804: 4703,4906
4805: 
7130: 7131,7219,7220,7039
4807: 4707
5829: 5928,5929,5632,5828,5930
4809: 4709,4810,4910
4810: 4710,4811,4809,4709
4811: 4710,4810,4913
6586: 6585,6682
7548: 7462,7631
7627: 7711,7628,7542,7543,7792,7952
4815: 4715,4917
8382: 8309,8383,8307,8380,8453
4817: 4716,4818,4918
4818: 4819,4817
4819: 4818
6954: 6862
4821: 4719,4720,4922
5833: 5931,5633,6031,5635,5834,5933
4823: 4825,4722
8734: 8611,8674,8609
4825: 4823,4725,4826,5027,4927
4826: 4729,4929,4725,4825,4927
6900: 6992
5390: 5389,5290,5490
5064: 5263,4964
6105: 6007
7909: 7828,7990
8611: 8734,8542,8674
9668: 5839,9784,9726,6037,9401,9979
7934: 7770,8013,7771,7935,8015
7060: 7150,7059,6969,7151
4836: 9280,9877,4534,4940,4937
4837: 4737,4838,4736
4838: 4737,4837,4637,4839
4839: 4637,4638,4739,4838,4941
4840: 4942,4739,4740,4941
5455: 5356,5355,5253,5354,5454,5852
4842: 
5359: 5256,5357,5258,5259,5460
6280: 6183,6376
4845: 5047,4944,4743,4947,5150
7284: 7371,7195,7283,7544
6437: 6341,6436,6432,6628,6627
6911: 6823,6912,7002,6821,6725,6910
4849: 4852,4954,4645,4747,4949,4950
7918: 8080,7999,7837,7836,7917,8001
5234: 5136,5341,5338,5129,5230,5333
4852: 4954,5055,4849,4950,5154,5054
4853: 4753,4644,4654,4954,4955,4645
5512: 5611,5513
4855: 4856,4655,4757,4654,4955
4856: 4957,4855,4958,4858,4859
9675: 10033,2389,9659,2484,2107
4858: 4859,4856,4958,5060
4859: 4858,4757,4658,4856
9444: 9661,9407,9660,9019,9563,9584
7667: 7750,7915,7582,7668
9008: 9007
8908: 9391,9625,9641,8741,8680,8620
4864: 4865,4964
4865: 4864
4866: 
4867: 4967,4766,4968
8661: 8659,9448,8592,8593,9284,8658
5017: 4917,5018
4870: 4871
4871: 4872,4769,4870
4872: 4871,4771
4873: 4773
9252: 9290,9478,9355,9588,9593,9622
7743: 7659,7744,7742,7825
4876: 
4877: 
4878: 4879,4979,4978
4879: 4878,4979,4778,4880,4980
4880: 4881,4980,4778,4879
4881: 4880,4882
4882: 4883,4881
4883: 4882
9687: 9953,9314,8252,9783,7867
8621: 8685,8487,8554,8619,8683,8805
5891: 5792
4887: 4888
4888: 4887
4889: 4990,4788,4890
4890: 4889,4990,4788,4891,4991,4789
4891: 4992,4991,4892,4789,4890
4892: 4891,4789,4893
4893: 4892
6323: 6420,6419,6223,6126,6226
9898: 9906,10016,6517,6426
9123: 9037,9160,9081,9161,8989,9193
4897: 4997,4998
8490: 8276,8348,8422,8624,8686,8687
4899: 4797,4900
4900: 4799,4899
8542: 8544,8675,8611,8674
4902: 
6964: 7055,6871
4904: 4802
4905: 
4906: 4804,4907,5007
4907: 5007,4906
9726: 9668,9784,9861,9666,9849,9979
4909: 5010,5110,5009
4910: 5010,4809
9820: 9985,9871
9473: 9468,9439,9464,9324,9527
4913: 5013,4811
9249: 5340,5337,9562,9429,9360,9583
4915: 5015
5978: 5977,6173
4917: 5017,4815,5018,4918
4918: 5018,4817,4917
9910: 5842
9863: 9749,9615,9672,9548,9811,9673
8328: 8470,8253
4922: 5023,4821
9585: 9319,9333,2274,9913
7691: 7609,9977,9779,7518,7342
5951: 5856,5855,5953,6047,9455,6048
5032: 5233,4927,5031,4929,5033,4934
4927: 5031,5032,4825,4826,4929,5027
9049: 9001,9133,9170
4929: 4826,4729,4730,4927,5032,4934
5551: 5848,5349,5348,5350,5552,5849