8115: 8191,8116,7958,8114,8190
9886: 8675,9694,9836,9832,9702
6467: 6371
3: 23,51,53,87
9378: 9545,9456,9292,9640,9277
5: 
7304: 7305,7392,7216
7: 
8579: 8370,8513,8770,8645,8709
7029: 6937,7119,7120
10: 9851,31,60
8276: 8201
8460: 8238,8599,8389,8387,8458,8666
10012: 9880,10009,10031,9714
14: 9445,9611
9562: 5337,9249,5340,5341,9429,5343
16: 9850,103,141
6262: 6261,6358,6164,6165,6263,6359
18: 
19: 
8158: 7999,8234,8080,8236,8310
10011: 10036,9932,9891,3441,3340
22: 23,51,50
23: 3,51,22
5930: 5829,5733,5833,5929,6028,5931
9962: 9946,10026,9879,170,9663
5617: 5518,5618
27: 56
7702: 7704,7787,7948,7864,7865,7867
29: 94,59,96,93
30: 31,60,59
31: 30,10,9851,60
7278: 7277,7452,7190,7279
33: 62,95,96,133
34: 9706,135,9991,178,136
7009: 6917,7010,7008,7099,7100
9294: 10025,9480,9454,9523,9703,9503
37: 329,65,9322,9403,100,181
38: 228,185,142,143
39: 40
40: 39
6085: 6182,6084,6086,6183
42: 68,9732
7085: 9607,6997,6815,9308,7086
44: 9329,9950,9775,73,72,9416
6697: 6885,6696,6886
46: 123,84,81,121,167
47: 49
48: 49,9547,84,9793,81
49: 48,9547,47
50: 9598,51,22
51: 3,23,22,50,87
7148: 7058,7057,7147,7149,7237,7238
53: 126,87,3
54: 
8540: 8406,8539,8474,8538,8338
56: 27
57: 91
6929: 6837,6930
59: 94,60,29,30
60: 94,59,30,31,10
9945: 77,9826
62: 33,133,134,135
9914: 9906,10016,9341,9896,9847,9685
64: 275,326,224,9439,99,9527
65: 329,37,383,9322,501
66: 387,333,446,386
8150: 8227
68: 9732,42,103,9850,104
9855: 6712
8914: 8743,8744,9016,9060,9061
5893: 5894,5793,5794
72: 187,234,9416,44,73,146
73: 9345,44,9775,72,146,147
8144: 8143,8220,8221,8065,8066,8145
75: 
8487: 8418,8555,8486,8417,8554,8621
77: 9826,9945,115
7178: 9406,7000,7091,7180,7182
79: 118,207,117,9461,9393,9323
6658: 6657,6753
81: 121,163,48,46,84,9907
6600: 6506,6696,6504,6599
9765: 1576,9677,1662
84: 9275,46,48,9547,81
8120: 8042,8119,8121,8197
6244: 6339,6436,6242,6147,6246,6341
87: 126,53,3,51,123
7207: 7117,7118,7208,7295,7296
6403: 6307,6498,6499
8523: 8453,8454,8524,8522,8590,8591
91: 9383,57,130
92: 130,217,9383,219,9326
93: 96,133,29,9809,175
94: 60,59,29,95,96
95: 94,96,33
96: 133,93,94,29,95,33
6741: 6835,6647
5828: 5829,5928
99: 9428,9527,64,275,225
100: 564,181,329,502,37,834
9738: 9846,9885,9754,9835,9072,9028
7979: 8058,7899
103: 68,16,9850,141,142,104
104: 142,143,68,103,9869
6100: 6198,6003
7162: 7341,7430,6886,6979,6978,7161
6919: 6920,7011,7010
7175: 7352,7526,7353,7439
9788: 9940,10002,9321
7373: 7460
6703: 6607,6893,6894,6609,6705,6799
112: 193,149,148,150
6133: 6037,6038
6576: 6480,6575,6671,6672
115: 77,116
116: 115
117: 118,79,159,9461,158,205
118: 79,117,205,206,309
119: 366,311,9369,259,368,312
8792: 9544,8668,8730,8729,9359
121: 81,163,46,167,166
8012: 9785
123: 9275,46,126,87,167
5646: 
8414: 8413,8343,8483
126: 53,87,123,167
127: 168,262,9946,264
6753: 6658,6847
7612: 7777,7859,7443,7268,7696
130: 170,92,91,9383
131: 219,220,9326,9273,175,176
6021: 6022,6118,6119
133: 96,93,33,62,134
134: 175,176,133,62,135
135: 34,62,134,178
136: 224,9676,178,34,324,274
7838: 7756,7839,7837,7921
9467: 8976,9477,9207,8813,9478,9290
9974: 9869,9837,9487
8946: 8999,9092,8893,8947,9091,9046
141: 16,103,142
142: 104,143,103,141,38
143: 142,104,9869,9806,185,38
5720: 5819,5620,5621,5818
6461: 6556,6462
146: 189,191,147,73,234,72
147: 146,189,9345,73,192
148: 150,112,149
149: 193,112,148,9345
150: 148,112
6462: 6463,6558,6461
9407: 9140,9661,8970,9018,9444
8882: 8765,8824,8826,9037,8881,8884
154: 251,252,156,155,9427,9642
155: 156,157,9496,9642,154
156: 157,155,360,154,541
157: 156,155,9803,9446,306
158: 205,254,159,9338,117
159: 9461,158,117
9097: 9750,9293,9098,9052,9692
6712: 6711,9855,6617
9957: 3239,10038,9713,9990,10041,3434
163: 81,121,9907,208
7850: 7601,7767,8171
6003: 5904,6004,6100
166: 167,121,168,262
167: 166,123,46,126,121
168: 127,262,166
6248: 6148,6246,6249,6342,6344
170: 130,217,9962,9663
9485: 2846,2844,9796,9697,9759
9324: 9428,9527,9473,9464,9566,9431
6007: 6105
8521: 8451,8452,8522,8450,8654,8589
175: 134,176,9273,93,131
176: 175,134,178,220,131,323
9413: 9376,9484,9733,9312,9426
178: 176,34,135,324,323,136
9523: 9348,9266,9703,9454,9602,9294
7217: 7128,7127,7216,7305
181: 384,100,564,9403,9502,37
8148: 8372,8069,8225
8018: 7854,7855,7937,7938,9447
6068: 6165,5970,6067
185: 228,38,281,232,143
9581: 8962,8911,9653,9881,9492
187: 234,72,9416,9272,283,285
9259: 394,341,9553,289,9430,9366
189: 146,191,147,192,237
9027: 8874,8978,9112,8876,8929,8928
191: 146,189,234,338,236,237
192: 193,189,147
193: 112,149,192
7007: 7098,7008,7273,6916,7095,7184
9433: 9313,9502,9330,9506,331
8380: 8306,8307,8382,8452,8453
7220: 7130,7131,7219,7309
8232: 8306,8231,8155,8234,8307
6067: 6164,5970,6068,6165
9232: 9987,9211
9650: 9920,9773,9943,9805,9647
8450: 8449,8378,8521,8451,8519,8654
9669: 9737,9874,1331,1167,9747
7262: 9512,9543,7086,6629,6724,6909
205: 158,254,118,117,307,309
206: 309,118,483,365
207: 79,9323
208: 259,313,163,9626,262
8462: 8241,8391,8601,8599,8730,8668
9870: 9693,9994,9947,9838
5846: 5747,5746
5618: 5518,5617,5619,5718
6071: 6169,6072
10000: 9797,9689,9838,9994,9422,9462
7080: 9696,9860,7345,7520,7344,7078
8005: 8163,8004,8084,7924,8006,8008
217: 170,92,219,374,269
9941: 9901,9658,10035,9992,9873,9792
219: 220,131,9326,217,92,269
220: 219,131,176,434,269,323
9569: 4336,9262,9328,4131,9734
7854: 7855,8018,7772,7773,7936,9447
7901: 7902,7900
224: 136,9676,274,9439,64,326
225: 276,563,9428,99,382
9656: 9728,412,9769,413
9681: 9844,9984,9739,9828
228: 185,38,281,278
6375: 6279,6376
6617: 6615,6712,6711
9716: 9381,9864,9010,9916,9995,9653
232: 185,281,9515,333,334
233: 334,389,9272,9515,283
234: 187,72,146,191,285
9677: 1493,1578,9765,1663,1662
236: 338,238,237,191
237: 236,189,191,9883
238: 338,236,287,9339,288
239: 453,577,454,9441,456
240: 290,242,344,291
9965: 2661,10023
242: 240,344
243: 
9593: 9622,9252,9588,9379,9915
245: 297,349
246: 
247: 301,9973,9728
7591: 7504,7505,7675,7759,7677
5996: 5997,5898,5995,6093
8062: 8061,8140
251: 154,252,9427,359,417,672
252: 154,251,541,417,606
7393: 7394,7305,7480,7481
254: 158,205,9446,307,306
7692: 7522,7520,7344,7521
5937: 5936,5837,6032,5839,6037
8561: 8494,8560,8562,8813,8627,8869
7560: 7474
259: 208,313,9626,9369,119,368
7899: 7818,7979,7900
7170: 7259,7169,7348,7349
262: 127,168,166,208,313
10006: 9776,9792,9817,9975
264: 316,369,127,9879,9414
8368: 8440,8219,8220,8439
9061: 9060,9634,8914,9016,9017,9892
7974: 7973,8053,7894,8054
6447: 6351
269: 434,376,217,219,220,374
7721: 7638,7720,7804
5856: 5756,5758,5855,5859,5951,5953
5710: 5611,5709
7631: 7796,7713,7630
274: 379,324,224,136,326
275: 64,326,381,99,328
276: 225,9611
277: 565,442,9502,331,384
278: 9807,228,281,387
8292: 8291,8365
7836: 7918,7917,7837,7835
281: 228,185,232,278,387,333
9177: 9180,9065,9145
283: 336,390,285,187,389,233
7777: 7612,7528,7443,9301
285: 336,283,187,234,338
9909: 5448,9404,9755,9549,9968,5446
287: 449,339,336,338,238,288
288: 9339,9553,289,238,339,287
289: 9553,288,339,450,394,9259
290: 240,291,345
291: 344,240,290,345
5885: 5983,5886
293: 453,577,395,641,9536
294: 403,349,461
9979: 9911,9726,9666,9401,9668
5560: 5657,5659,5561
297: 9474,245,349
7884: 7885,7965
299: 471,411,412,9769,472
5715: 5813,5714
301: 247
8976: 9467,9477,8813,8869,8812
10029: 9740,9795
7772: 7775,7773,7854,7771,7936
9755: 10018,5346,9632,9549,9909,9404
306: 307,361,360,254,157
307: 361,306,205,254,362,309
7606: 7858,7252,7161,7341,9639,9299
309: 206,362,205,118,307
8494: 8560,8561,8424,8493,8495,8562
311: 366,119,9323,9369,365
312: 426,368,366,119,425,424
313: 208,259,262,368,369
9500: 9399,9819,9972,9382,9878,9255
9733: 9951,9312,10024,9928,9413,9484
316: 264,369,426,9414,370
9888: 9682,9931,9949
318: 371,9372,9247,616,550,489
319: 491,430,431,9758,9295
7344: 7692,7520,7431,7080,7345,7521
10025: 9678,9294,9480,9703,9711
7929: 7596,8010,7765,8170,9525,7847,9518
323: 324,220,178,176
324: 379,323,274,178,136
8609: 8734
326: 64,275,274,224,381
8779: 8838,8587,8778,8655,8718,8895
328: 275
329: 763,502,37,65,501,100
5505: 5506,5504,5604
331: 504,385,9433,277,442
8270: 8343
333: 66,387,281,232,334,446
334: 446,389,233,232,333
7339: 7858,7252,7247,7249,7248,7340
336: 283,390,285,338,449,287
7598: 7765,7682,8170,7425,7511,7512
338: 236,238,191,336,285,287
339: 449,509,287,289,288,450
8190: 8189,8114,8336,8191,8115,8264
341: 452,394,9259,9430,704,513
7674: 7503,7675,7673,7757,7841
343: 455,397,396
344: 291,242,240
345: 455,290,291
346: 519,648,647,650
9926: 10043,9767,9854,9889,9919,9930
9826: 77,9945
349: 403,294,245,297
9912: 9621,9744,9418
7733: 7649,7650,7732
7779: 7446,7698,7532,9458,7355,9550
7618: 7276,7275,7617,7364,7619
9316: 9470,9557,646,649,9940,10002
7831: 7912,7832,7913
9697: 9679,9796,2844,9485,2942,9304
8137: 8136,8213,8058,8138
358: 416,475,474,9707,9421,9371
359: 670,671,9427,477,251,672
360: 361,306,156,541,418
361: 307,306,360,362,418,480
362: 420,309,307,361,480
7876: 7954,7713,7796,7877,7956
5983: 5885,6081
365: 484,483,366,311,206
366: 119,311,312,484,365,424
6849: 6661,6756,6848
368: 426,312,259,313,119,369
369: 264,316,313,426,368
370: 371,9372,426,316,425
371: 318,370,9372,425,487,550
372: 9247,9295,430,489,617,618
9701: 5742,9849,9648
374: 431,9758,217,376,269
9748: 796,9819,9972
376: 434,433,269,374,431,492
9499: 7780,7941,9550,9402,9354,8020
9584: 9368,9497,9444,9563,9660
379: 324,274,437,436
9476: 1747,9261,2111,9398,9244,9325
381: 437,275,326,438
382: 499,225,563,561
383: 563,9611,694,501,65
384: 835,564,181,565,277
385: 504,331,9506,444
386: 447,445,66,446,444
387: 66,333,281,9900,278
9608: 9364,9325,9619,9463,2107,2109
389: 334,446,233,283,390,447
390: 336,283,389,447,448,449
6205: 6303,6204,6206
6163: 6065,6162,6164,6260,6261
9379: 8757,9070,9588,9593,8978
394: 452,341,9259,289,511,450
395: 9248,9430,293,513,641,514
396: 515,397,343,454
397: 515,396,9865,343,455
5761: 5663,5762,5662,5760
6575: 6576,6671
6696: 6600,6695,6697,6790
401: 402,519
402: 521,461,401
403: 294,349,461,523
7103: 7104,7013,7102
405: 9474,406,9948,463
406: 9948,405,463
407: 411,410
408: 409,471,9821,531,9270
409: 408,471
410: 407
411: 9823,407,299
412: 9656,9769,413,299,472,473
413: 9736,412,9656,473,9760
8562: 8630,9207,8813,8495,8494,8561
9397: 9342,9357,9409,9320,1238,1399
416: 538,668,475,358,477,9371,669
417: 811,812,672,251,252,606
418: 541,361,360,675,480
9900: 9385,9807,387,9370,9570
420: 362,483,481,480,544
9235: 9119,9236,9292,9450,9234,9545
8560: 8494,8561,8493,8625,8627
9028: 9072,9029,8981,9835,9738
424: 485,425,487,366,312,484
425: 487,424,426,312,371,370
426: 368,312,316,369,425,370
5504: 5503,5603,5604,5404,5505
5590: 5491,5589,5490
7886: 7804,7885
430: 619,491,319,372,9295,618
431: 374,376,491,319,492
8481: 8550,8740,8339,8265,8412,8678,8480
433: 434,376,557,492,436
434: 433,376,269,220
8389: 8460,8238,8599,8163,8084,8241
436: 437,498,433,379,557
437: 381,498,436,379,438
438: 560,625,381,437,498
5868: 5869,5967,5769,5966
6162: 6163,6065,6259,6260
9693: 9870,9834,9947
442: 565,277,566,504,331,698
6257: 6160,6256
444: 386,445,385,505
445: 447,386,448,571,444,505
446: 334,389,66,333,447,386
447: 386,445,448,446,389,390
448: 447,445,571,390,449,509
449: 509,339,287,336,390,448
450: 511,572,509,339,289,394
9448: 8784,8843,9617,9055,9334,9356
452: 394,341,511,636,704,512
453: 577,239,293,9441,9248
454: 9441,515,396,239,456
455: 343,345,397
456: 9757,9746,454,515,239
6815: 6997,6723,6627,6534,6628,7085
6632: 6820,6537,6631
7609: 9627,7434,9977,7691,7164
9938: 9988,9617,8786,9917,9334
461: 521,402,403,294,523
6388: 6291,6483,6389,6387
463: 405,406,464
464: 523,586,463
7293: 7292
466: 9281,9586,594,9674,595,529
467: 531,9276,599
5650: 5649,5550,5750,6043,5946,5945
9432: 6328,9278,6135,9341,6038,9685
8987: 9081,8881,8933,8880,9080
471: 408,409,299,536,472,531
472: 536,537,473,412,471,299
473: 537,472,412,413,474,9760
474: 9707,9760,537,473,475,358
475: 416,538,358,537,474,602
9171: 9173
477: 9427,9371,416,669,670,359
8703: 8639,8435,8436,8702,8764
9414: 9663,9918,9879,264,316,9528
480: 675,481,361,420,362,418
481: 675,609,744,480,420,544
9466: 8468,8088,9525,9559,9457
483: 546,484,365,420,206
484: 546,483,365,366,424
485: 487,424,612,614
6284: 6381,6283
487: 485,425,424,371,614,550
6142: 5751,5948,5849,5848,6041,6238
489: 683,617,318,372,9247,616
8865: 8807,8917,8970,8808,8866,8919
491: 619,430,319,431,687,492
492: 557,687,431,433,376,491
6590: 6591
9037: 9081,8881,8882,8884,8989,9123
7788: 7705,7789,8029,7949,7787,7870
7241: 7151,7152,7240
8422: 8351,8559,8624,8490
498: 437,436,557,559,560,438
499: 382,625,624,561
9524: 9734,9282,9459
501: 762,694,383,329,763,65
502: 329,763,100,833,980,834
9359: 9712,9386,8729,9544,8792,9505
504: 385,331,568,442,698
505: 634,568,444,445,571
9785: 8012,7931,9400,9531
6585: 6586,6680
5842: 9910,5644
509: 449,339,448,571,572,450
6784: 6783
511: 635,572,450,452,394,636
512: 842,704,452,769,771,636
513: 704,640,341,395,9430,514
514: 641,707,395,640,513
515: 397,396,9865,454,456,9757
9021: 9020,9067,8972,9023
6260: 6356,6357,6163,6162,6259,6261
518: 9818,646,647,649
519: 346,401,583,648
9652: 9680,6138
521: 461,402,523,586,584,583
9436: 9390,9534,8405,8333,8538,9346
523: 464,586,403,521,461
8644: 8707,8708,8440,8509,8369,8645
9179: 9180,9145,9205
5737: 5837,6032,5736,5637,5639,5834
527: 9488,9495,9365,589,652,718
9621: 9912,9744,3339,9756,9418,9424
529: 596,595,9674,9276,466
8452: 8521,8451,8522,8380,8453
531: 467,408,471,536,535
7209: 7119,7120,7210,7208
9029: 9072,9028,9074,8981,9030
8954: 9988,8786,8787,9007,8846
535: 666,602,599,536,531
536: 537,472,471,531,535
537: 536,472,473,474,602,475
538: 416,475
9393: 9461,9263,9580,9460,79,9323
8493: 8423,8424,8559,8625,8494,8560
541: 418,156,360,252,606
7804: 7886,7885,7721
5573: 5572,5574,5672,5673
544: 678,420,546,609,481
7825: 7742,7743
546: 484,483,678,544
5826: 5825,5928,5926
8919: 8867,8810,8866,8865,8970,9019
9464: 9288,9473,9324,9431
550: 750,616,487,371,318,614
8645: 8770,8829,8578,8579,8369,8708,8644
9293: 9097,9750,9594,9692,9786
10014: 9225,9226
7179: 7176,7268,9967,9805,7269
9425: 3835,9597,9374,3839,9396,9332
7624: 7540,7625,7707,7539,7789,7790
557: 687,492,433,498,436,559
9209: 9068
559: 755,557,687,498,560
560: 690,625,438,498,757,559
561: 760,693,624,499,382
9756: 3339,3539,9932,9621,9744
563: 225,383,382,693,694
564: 384,100,835,181,834
565: 630,277,566,442,384,835
566: 630,565,442,767,698,631
9396: 9375,9620,9332,9597,9582,9425
568: 634,505,504,633,698
7195: 7283,7284
9211: 9185,9232
571: 445,448,509,634,505,572
572: 635,511,450,571,509,634
8133: 8209,8210,8054
8989: 8938,8884,9123,9037,8990,9161
7198: 7109
10034: 9465,9944,9936,9402,9643,9695
577: 453,239,293,9298
578: 9268,9536,641,776
9459: 9524,9282,9483,9633,5041
580: 783,645,588,9358,781
6357: 6260,6356,6261,6358
9659: 9398,9810,9675,9463,10033
583: 584,648,521,519
584: 583,521,586
7247: 7249,7156,7339,7336,7248
586: 523,464,521,584
8193: 7879,8116,8268
588: 783,580,645,646,9470
589: 854,652,785,716,527,9365
9088: 8995,9600,8831,8888,9130,9127
9657: 9853,9883
9618: 9277,9686,9420,9613
593: 730,661,594,9551,9257,801
594: 9281,466,595,9257,661,593
595: 596,529,466,594,661
596: 595,529,599,664
7050: 
9308: 9638,9435,7085,9607,9543,7086
599: 666,535,467,596,664
5916: 5917,6015,5816,5817
9281: 466,9586,594,9843,9257,9770
602: 666,535,537,668,475
8454: 8453,8523,8524,8383,8382,8455
6148: 6248,6147,6246,6051,6052
5755: 5657,5659,5557,5754,5756
606: 673,252,541,812,417
5513: 5413,5512
8524: 8523,8454,8455,8593,8591,8592
609: 481,744,678,746,544,745
9114: 9187,9073,9214,9182
9740: 9875,9795,10029,9344,9395
612: 680,614,485,678,679
9251: 9415,9283,9576,9255,9637
614: 612,680,485,487,550
9718: 9877,9751,9721,9348,9266,9929
616: 750,751,550,318,489,683
617: 489,684,683,372,618
618: 372,619,430,684,617
619: 491,430,687,686,618
8688: 8625,8624,8687,8808,8866
9422: 9591,9442,9994,10032,10000,9462
5887: 5886,5986
8968: 9102,9017,8915,9018,9140
624: 690,625,499,829,561,760
625: 690,560,624,438,499
9867: 9471,10035,9343,9992
8466: 
9127: 8886,9130,9085,8830,8831,9088
7003: 6916,6915,7095,7002,6912,7092
630: 565,566,835,697,907,631
631: 838,630,566,767,697
7641: 7557
633: 767,698,768,568,700
634: 568,505,571,635,572
635: 511,572,634,700,636
636: 769,700,635,511,452,512
8488: 8555,8622
8050: 7970,8049,8279,8205
9297: 9629,8995,9600,9045,9317,9556
640: 842,704,513,514,774
641: 707,514,395,293,578
9636: 9639,9299,9627,7434,9253,7608
5542: 5640,5540,9583,5641,5740
9429: 9503,5343,9480,9562,9249,9360
645: 580,588,9958
646: 649,518,588,9470,9316
647: 649,650,346,518
648: 583,346,519,650
649: 646,647,650,518,9940,9316
650: 647,649,346,648,9940
6581: 6582
652: 854,589,527,927,926,718
653: 787,718,786,9495,9530,654
654: 858,788,9635,9530,787,653
655: 9635,9245
656: 791,9552,722,860
657: 
7990: 7910,7909
659: 729,9405,9551,873,801,872
7443: 7176,7268,7442,7528,7777,7612
661: 730,593,594,595,731
6537: 6535,6631,6347,6441,6439,6632
9526: 9330,9370,9300,9315,9287,9313
664: 733,735,666,599,596
8748: 8806,8622,8687,8808,8686,8807
666: 602,535,599,668,735,664
9370: 9526,9330,9385,9900,9300,9570
668: 416,666,602,735,669,737
669: 808,737,416,668,477,670
670: 881,671,359,477,669,808
671: 881,670,359,672,740
672: 811,417,740,251,671,359
673: 814,813,743,606,812
8029: 7788,7949,7870,8108,8184,8259
675: 481,744,480,418,743
9989: 9314,9347,9763,9993,8252
9502: 9313,9403,9433,181,277
678: 746,679,544,546,609,612
679: 678,746,612,680,890
680: 612,614,679,890,820
9133: 9170,9857,9049,9285,9203
8526: 8311,8310,8594,8309,8383
683: 489,617,751,616
684: 617,754,618,823
8006: 7761,7924,8005,8008,8009
686: 754,619,687,755
687: 557,492,619,491,686,755,559
6574: 
7036: 7127,6945,7037
690: 560,625,624,757,758,829
7523: 7347,7522,7258
9770: 9612,9257,9843,9281,10004
693: 561,563,903,694
694: 903,762,501,563,383,693
9771: 9990,9815,3236,9516
7059: 7149,7150,7060,6967,7058
697: 983,982,907,630,631
698: 767,633,504,568,566,442
7742: 7741,7659,7743,7825
700: 769,636,635,633,768
8527: 8662,8596,8386,8457,8311,8594
9695: 9690,9710,9936,9944,10034
8053: 7973,7974,8054
704: 842,512,640,513,452,341
8242: 8318,8667,8087,8165,8088,8391
6290: 6386,6387,6193,6291
707: 641,514,776,845,774
9952: 9735,10022,8601,9544,9386,9778
709: 919,994,917,776
710: 922,848,9493,9358,781
8423: 8352,8424,8493,8278,8351,8559
9513: 9258,9498,9646,9522,9599,9723
8365: 8291,8436,8292,8507,8704,8766
7312: 7311,7400,7224
7325: 7237,7413,7324
716: 9470,9557,589,785,9365
6028: 5929,5930,6127,5931,6126
718: 653,786,652,527,9495,927
8259: 8260,9289,8029,8108,9705,8184
6734: 6639,6640,6735,6828
9340: 9001,9049,9285,9750,9594,9519
722: 789,9552,656,860,1006
723: 791,9895,792,9882
724: 942,794,9637,9382,868,943
725: 727,869,796,9399,9819
726: 
727: 728,869,725,10004,9612
728: 727,944,869,729,9405,1021
729: 659,9405,728,872,1178,1021
730: 661,593,802,731,874,801
731: 876,802,733,730,661
7949: 7788,8029,7787,7948,8184,8028
733: 736,735,664,876,731
10022: 9735,9952,8603,9963,9831,9778
735: 736,733,664,666,668,737
736: 733,735,807
737: 669,808,807,668,735
7686: 7769,7602,7601,7603,7775
7183: 7360,7181,7182,7184,7270,7446
740: 811,672,671,957
5958: 5957,6055,5959
6724: 6725,6910,6909,6629,7262
743: 673,814,675,744,815
744: 675,609,481,743,815,745
745: 815,609,744,746,816,888
746: 678,679,609,745,816
9054: 9098,9052,9004,8950,9094
9622: 9252,9290,9453,9593,9852,9915
7279: 7280,7367,7191,7190,7278
750: 751,616,550,820
751: 750,616,683
5540: 5542,5640,5543,5639
8554: 8619,8620,8486,8487,8621
754: 686,684
755: 826,559,687,686
9356: 9334,9353,9055,8898,9448,9592
757: 826,690,560,827,758
758: 974,829,757,690,827
6072: 6169,5975,6071
760: 901,561,624,829
9217: 9216,9420,9640,9238,9307
762: 903,694,501,763,978,977
763: 329,502,762,501,978,833
6305: 6207
6642: 6547,6641,6546
8220: 8143,8144,8221,8219,8368
767: 633,698,768,566,838,631
768: 767,633,769,700,838,839
769: 771,700,636,768,512,840,839
6665: 6760,6664,6759
771: 769,842,512,840
9390: 9486,9534,9436,9928,9484,9346
9304: 2942,2842,9679,9697,2940,3038
774: 845,640,707,915
7464: 7550,7377
776: 917,845,707,578,709
5708: 5709,5807,5609
7818: 7819,7735,7899,7900
9417: 9801,9469,9494,9684
8984: 8821,8983,8933,8878,9033,9079
781: 923,853,783,580,710
8876: 8818,8821,8983,8874,9027,8929
783: 580,588,781,853,785
9781: 9798,9537,10037,9803
785: 854,589,783,716,853
786: 787,653,718,1000,927,1076
787: 653,786,654,788,1076,1003
788: 858,654,787,1003,929
789: 859,9245,722,9552,1006,1005
790: 863
791: 656,723,9895,863,860
792: 9745,9882,793,723
793: 9745,792
794: 942,724,9637,9415,1095,1174
5953: 6051,5951,6048,5856,5956
796: 9748,9819,725
8480: 8678,8479,8614,8339,8481
9060: 9634,8913,9061,8914,8962,8911
7018: 7109,7019,6926,6927
5869: 5868,5967,5968,5769,5870
801: 873,874,9551,730,593,659
802: 876,1027,731,730,874,950
7442: 7266,7528,7176,7443
5574: 5475,5575,5573,5673
6941: 6848,7033,7032
9913: 2558,9319,9585,2372
807: 808,737,736,955,952
808: 669,807,737,881,670,955
6389: 6388,6293,6390
9363: 9552,9980,9291,9635,9245
811: 812,417,672,740,884
812: 811,417,673,813,606,884
813: 673,814,812,884,885,959
814: 673,813,743,815,885,886
815: 745,744,814,743,886
816: 889,888,746,745
8376: 8303,8447,8449,8304,8584
9052: 9098,9054,9094,9001,9097,9750
8842: 8782,8721,9055,8898,8841,9004
820: 680,750,892
6316: 6317,6219,6218,6315,6412
6315: 6218,6316,6412
823: 894,684
6651: 6746,6556
7819: 7818,7735,7736,7737
826: 757,755,827
827: 826,757,758
8372: 8148,8225,8298,8444,8373
829: 974,758,690,624,760
9972: 9819,9500,9748,9878,9925
8782: 8721,8842,8656,8718,8841
7118: 7117,7207,7208,7027,7119
833: 1131,980,763,502,978
834: 981,502,100,564,980
835: 384,564,630,565,907
6904: 6813,6527,6994
7300: 7388,7212,7299
838: 910,631,767,768,839
839: 840,768,769,838,910
840: 912,839,769,771,987
7601: 7516,7602,7600,7686,7850
842: 704,512,640,771,915
8058: 7979,8135,8136,8137
5875: 5973,5775,5776,5876
845: 917,1066,776,774,707
6449: 6450,6448,6545
7324: 7411,7325
848: 710,922,9493,919,920
5873: 5872,5774
7858: 7252,7339,7606,9299,7340,9274
9810: 9398,9244,9659,9822,10010
7646: 7562
853: 923,781,998,783,854,785
854: 589,652,785,853,998,926
7248: 7336,7425,7247,7339,7340
6218: 6315,6121,6316,6219
9947: 9994,10032,9375,9834,9870,9693
858: 654,788,859,929,1004
859: 9245,789,858,1004,1080,1005
860: 1007,934,791,656,722
861: 864,933,862,863,934
862: 864,861,9905
863: 9780,791,790,9895,934,861
864: 933,862,861,1087,1162
865: 939,1013,1170
866: 9283,1332
8964: 9011,8966
868: 944,869,9399,9382,724,943
869: 728,727,944,868,725,9399
9442: 9591,3936,9422,4139,9256,9462
8431: 8567,8499,8430,8568
872: 873,659,729,1178,1179,948
873: 1025,874,801,872,659,948
874: 873,1025,801,730,802,950
7083: 6626,6721,9377,6720,9362
876: 802,1027,731,733,952
7386: 7299,7298,7474
9019: 9063,9563,8970,8867,8919
7875: 7794,7711,7953,8033,7954
7518: 7341,7430,7342,9639,9627
881: 670,671,808,955,1031
7351: 7439,7525
9591: 9442,3936,4036,9422,9582,10032
884: 1034,811,812,813,959
885: 960,959,814,813,1037,886
886: 1037,1038,814,815,885
8300: 8225,8227,8373,8301
888: 889,816,745,1038
889: 816,888
890: 965,679,680
8509: 8440,8439,8507,8705,8707,8644
892: 966,820
6716: 6993,6809,6622
894: 823
6582: 6487,6583,6581
896: 897
897: 896,972
9999: 9866,10027
5839: 5938,9784,5837,5937,6037,9668
9831: 9778,10022,9963,9651
901: 760,902
902: 901,903,977
903: 762,694,693,902,977
8228: 8152,8227,8229,8303
7704: 7702,7787,7450,7703,7705
9067: 9020,9109,9021,9023,9068
907: 697,982,835,630,1057
9471: 9867,10035,9305,9614,9306,9343
9472: 9729,10024,8258,8106
910: 1060,838,839,1061
9835: 9915,9852,9754,9738,9028
912: 1140,840,1061,987
6320: 6223,6321,6416,6317
9808: 9632,9604,10017,9302,9574,5346
915: 987,989,842,774
6031: 6127,6128,5931,5933,5936,6130
917: 1066,776,845,709,1067
6383: 6286
919: 709,994,9268,848,9493
920: 996,1225,994,922,848,1069
9567: 9546,9240,9615,9749,9239,9560
922: 710,848,923,996,920
923: 781,853,998,922,996,997
7470: 7469,7557
9351: 9411,9541,9535,9555
926: 927,999,998,854,652,1073
927: 1000,926,999,652,718,786
6188: 6090,6091,6286
929: 1004,1079,858,788,1078,1003
9796: 9679,9697,9704,9485,9759,9790
9789: 9939,9727,10039,9762,10030
9530: 9291,9264,9495,653,654,9635
933: 864,861,934,1009,1161,1162
934: 860,1007,1009,863,933,861
9950: 9329,44,9775,9699,9837
936: 
6298: 6200,6201
938: 9741,1014
939: 9741,1014,865,1013
8159: 8080,8236,8386,8001,8081,8160
941: 1253,1334,9415,9283,1095
942: 724,794,943,1019,1174,1255
943: 1096,1019,944,868,942,724
944: 728,869,868,943,1096,1021
5997: 5898,5996
6535: 6537,6631,6439,6629,6723
5723: 5722,5624,5724
948: 1261,1180,1179,873,1025,872
9981: 9702,9832,8797
950: 1183,802,1027,1025,874
7160: 7070,7249,7252
952: 1029,1028,807,876,1027
6821: 6823,6912,6820,6911
6046: 5851,9311,5752,5751,5948
955: 1029,808,807,881,1031
8499: 8567,8431,8632,8358,8430,8429
957: 1110,740
8082: 8002,8161,7922,7923,8004
959: 1035,885,813,1034,884
960: 885
6835: 6741,6742
7075: 6983,7074,7431,9575,9384,7345
8929: 8928,8982,9027,8876,8983,9032
7923: 7759,7924,7841,7922,8082,8004
965: 890,966
966: 965,892
7649: 7733,7565,7564,7650,7732
9902: 1087,9903,9715
6993: 6809,6716,6902,6622,6620
7139: 
9023: 8972,8921,9068,9111,9067,9021
972: 1047,897
973: 1048,974
974: 758,829,973
9800: 9634,9892,9691,9787
8655: 8654,8589,8656,8587,8779,8718
977: 978,903,762,1052,902
978: 977,762,763,833
7741: 7742,7740
980: 833,1131,502,981,834,1132
981: 1057,834,980,1132,1133
982: 697,983,907,1057,1134,1135
983: 697,982,1060,1135,1136
9720: 9813,9708
7288: 7289,7200,7375,7199
7296: 7295,7383,7207,7208
987: 989,915,912,1140,840
7512: 7599,7515,7425,7428,7598,7682
989: 987,915,1141
10009: 10012,9880,9517,7608
7104: 7103,7013,7014
5956: 5957,6055,6051,5953,6052
9451: 2190,9954,2098,2010,2189
994: 919,709,1068,1069,920
7474: 7560,7386,7475
996: 1225,1071,920,922,923,997
997: 1148,1073,923,998,996,1071
998: 923,853,854,1073,997,926
999: 1000,927,926,1073,1149
1000: 927,999,786,1075,1076
8424: 8352,8423,8493,8425,8495,8494
6759: 6664,6760,6665,6853
1003: 1152,1078,1076,787,788,929
1004: 929,1079,858,859,1080,1234
1005: 1080,1236,859,789,1006
1006: 1007,789,722,1005,1082
1007: 860,1006,934,1009,1082
10016: 9906,9914,9898,9847,6520
1009: 1007,934,933,1082,1160,1161
8891: 8945,8835,8834,8714,8943,9090
1011: 
7570: 7484,7569,7571,7655
1013: 1169,939,865,1170
1014: 939,9741,938
8567: 8431,8499,8632,8568,8696,8634
6583: 6487,6582
7023: 6932,7022,6931
9872: 6337,6335,9658,9873,6432,9964
1019: 1175,943,1096,942,1255
7462: 7548,7375
1021: 1097,1178,728,944,729,1096
9811: 9858,9827,9749,9673,9863,9794
8769: 8707,8708,8767,8938,8885,8991
9602: 5141,5142,9454,9280,9523,9266
1025: 873,874,950,1180,948
8199: 8273,8044,8274
1027: 876,802,1028,952,950
1028: 1029,952,1027,1106,1105
1029: 955,1028,952,1031,1106
7885: 7804,7886,7884,7965
1031: 881,1029,955,1108
8261: 8186,8110,8405,8262,8333
8735: 
1034: 884,1110,1035,959,1111
1035: 959,1034,1111
1036: 1192,1037
1037: 1038,886,885,1036
1038: 1037,886,888,1115
7707: 7539,7451,7450,7624,7705,7789
7539: 7707,7451,7452,7540,7624
10038: 3239,9957,9966,10041
1042: 1043,1118
1043: 1042,1044,1120
1044: 1120,1045,1043
1045: 1044,1122
5585: 5584,5485,5685
1047: 1048,972,1124
1048: 1047,973,1124,1125
9334: 9917,9353,9356,9448,9617,9938
9862: 9671,9742,9286,9997,9845,9970
6455: 6359,6456,6550
1052: 977,1207
6303: 6205,6206
6261: 6262,6358,6163,6164,6260,6357
9721: 9959,9718,9751,9929
5776: 5678,5775,5875
1057: 981,982,907,1134,1133
7877: 7878,7958,7956,7796,7876
8146: 8145,8222
1060: 910,983,1137,1136
1061: 912,910,1216,1137
7309: 7396,7220
6441: 6347,6346,6439,6249,6344,6537
6216: 6118,6215,6313,6119
6487: 6582,6583,6392
1066: 917,845,1141,1142,1067
1067: 1142,917,1066,1068
1068: 1145,1069,994,1067
1069: 1068,1145,994,1225,920
7888: 7806
1071: 996,1225,1148,997,1306
6847: 6939,6753
1073: 1148,997,998,926,999,1149
9890: 10028,9921,9897
1075: 1309,1230,1000,1152,1076
1076: 1152,1003,1000,787,786,1075
9066: 9065,9106,9020,9109
1078: 1152,1003,929,1079,1233
1079: 929,1004,1078,1234,1233,1395
1080: 1236,1314,1005,1234,859,1004
5621: 5622,5620,5720
1082: 1159,1160,1006,1007,1009,1236
9963: 8603,8393,9942,10022,9831,9651
6270: 6173,6172
7932: 8093,8013,7770,8171
9571: 9982,9556,10005,9824,10039,10003
1087: 9902,864,1162,1163,9715
6392: 6295,6391,6487
1089: 9774,9899
8272: 8271,8121,8197,8198,8273,8346
9607: 7085,6906,9377,9308,9638
1092: 1170,1169,1250
6132: 6037
9583: 9360,9452,9249,5543,5542
1095: 1174,9415,794,1253,941
1096: 1175,943,1019,944,1097,1021
1097: 1259,1178,1021,1175,1096,1258
9322: 9445,9287,9403,37,65
7562: 7475,7646,7563
7903: 7902
8869: 8627,8811,8812,8561,8813,8976
9512: 7262,9543,6909,9406,7000,9540
7834: 7835,7996,7915
9452: 9360,9583,9678
1105: 1185,1106,1028,1183
1106: 1185,1105,1029,1028
8889: 8943,9045,8888,8772,8995
1108: 1187,1031
8369: 8296,8370,8440,8644,8645
1110: 1034,957,1111
1111: 1270,1034,1110,1035
7599: 7512,7600,7515,7682,7767,7931
8578: 8645
7364: 7277,7452,7276,7618,7619,7451
1115: 1038,1193
6844: 6843,6937
5664: 5663,5762,5564,5764
1118: 1042,1196,1197
9514: 9388,9321,9488,9264,9812
1120: 1044,1043,1198
6249: 6153,6248,6344,6346,6441
1122: 1201,1045
7200: 7288,7289,7110,7199
1124: 1203,1202,1125,1047,1048
1125: 1124,1203,1048,1204
9791: 9345,9699,9775
1127: 
5685: 5585
5510: 5509,5609,5410
5698: 5697,5598,5599,5699
1131: 833,980,1210,1132
1132: 1210,1131,980,981,1211,1133
1133: 1211,1212,1134,981,1057,1132
1134: 1212,1133,1057,982,1213,1135
1135: 1213,1295,983,982,1134,1136
1136: 1215,1137,983,1060,1295,1135
1137: 1215,1216,1136,1060,1061
9345: 73,9791,9775,149,147
8373: 8514,8372,8225,8300,8444
1140: 912,987
1141: 989,1066,1142
1142: 1302,1067,1066,1141
8108: 7791,7870,8031,8029,8260,8259
5661: 5662
1145: 1303,1068,1069,1304
7394: 7393,7481
6626: 7083,6721,6433,9964,6528
1148: 1073,997,1071,1227,1149
1149: 1227,1228,1148,1073,999
9777: 4639,4740
6557: 
1152: 1078,1076,1003,1075,1230,1312
9956: 9830,9674,9856,9586
9447: 9434,9373,7854,8018,7936,9998
9991: 9706,34,9676,9468
9690: 9695,9944,9763
9958: 9757,9746,9818,9380,645
6390: 6293,6389,6391
1159: 1082,1160,1236,1321
1160: 1082,1159,1009,1161,1240,1321
1161: 1241,1240,1162,1009,933,1160
1162: 1241,1161,864,933,1087,1163
1163: 9296,9722,9715,1087,1241,1162
9589: 9273,9809,9923,9383,9326
8830: 8770,8829,8831,8886,9127
8838: 8837,8949,8947,8779,8778,8895
1167: 9986,9630,9747,9669,1331,9361
8990: 8991,9039,8938,8989,9161,9038
1169: 1013,1170,1092,9737,1250
1170: 1092,865,1013,1169
8727: 8455,8593,8594,8662,9623,9260
9326: 219,131,9383,9273,9589,92
7092: 7001,7091,7002,7003,7095,7181
1174: 1095,1336,942,794,1255
1175: 1096,1019,1097,1256,1258
5695: 5793,5794
8453: 8523,8454,8380,8382,8452,8522
1178: 1097,1259,1021,729,872,1179
1179: 1425,1261,948,872,1259,1178
1180: 1261,948,1025,1263,1344
6015: 5916,5917
9357: 1906,9342,9397,1399,1905
1183: 950,1105,1263
6451: 6356,6450,6546,6547
1185: 1106,1105,1347
6058: 6155,5960,5959,6059
1187: 1108
6084: 6182,6085,6083,5986
7276: 7275,7618,7098,7273,7277,7364
9140: 9407,9438,9661,9018,9102,8968
9975: 9817,9725,10006
1192: 1193,1272,1036
1193: 1192,1115
5852: 5457,5557,5949,9533,5754,9394
6896: 6706,6708,6801,6897,9309,9469
1196: 1276,1118,1197,1277
1197: 1198,1278,1277,1118,1196
1198: 1197,1278,1120
7790: 7792,7791,7870,7625,7624,7789
7328: 7327,7240
1201: 1281,1282,1122,1202
1202: 1124,1203,1283,1201,1282
1203: 1124,1283,1202,1125,1284,1204
1204: 1285,1203,1125,1284
9089: 9132,9046,9090,8945,9317,9982
6498: 6593,6499,6403
1207: 1052
9263: 9461,9393,9460
9475: 6984,7081,9384,9511,6894
1210: 1290,1132,1131,1211,1291
1211: 1212,1133,1210,1132,1291
1212: 1211,1134,1133,1213,1374
1213: 1135,1212,1134,1375
7237: 7238,7325,7147,7148
1215: 1216,1137,1136,1295,1296
1216: 1215,1137,1061,1296,1297
9875: 9740,9795,9271,9344,9904,9649
8451: 8521,8452,8378,8450
10031: 10012,9880,9977,9779,9753,9714
6992: 6900,6809,6620
9966: 3239,10038,9927,3634,9978
9839: 9920,9773,10042,7266
6997: 6629,6723,6815,7085,7086
8821: 8818,8820,8876,8984,8983,8878
1225: 996,1071,920,1069,1306,1305
7086: 7262,9543,7085,6997,6629,9308
1227: 1388,1307,1149,1228,1148
1228: 1307,1227,1149,1309,1390
9303: 9852,9754,9453,9509,9449
1230: 1309,1075,1152,1392,1312
9462: 9256,9489,9442,9422,9797,10000
7542: 7456,7543,7455,7625,7792,7627
1233: 1561,1395,1078,1079,1477
1234: 1080,1314,1004,1079,1395
6972: 6973,7063
1236: 1080,1314,1005,1082,1159
8687: 8748,8808,8490,8686,8624,8688
1238: 1563,1732,1399,9409,1316,9397
9313: 9403,9502,9433,9526,9330,9287
1240: 1241,1161,1160,1321,1242,9443
1241: 1161,1240,1162,9296,1163,9443
1242: 1404,9443,1240,1321,1319
6114: 6212,6211
1244: 1408
9556: 9317,9982,9571,10005,9629,9297
1246: 1494,1410,1578
1247: 1579,1411,1329
1248: 1332,9361,1334,1414
10023: 2661,9965
1250: 1331,1251,1169,1092,9737
1251: 1331,1250,9576,1332
7151: 7152,7150,7060,7240,7241
1253: 941,1334,1095,1417,1418
6534: 6342,6344,6628,6439,6723,6815
1255: 1256,1338,942,1019,1336,1174
1256: 1338,1422,1255,1175,1340,1258
8917: 8865,8807,8916,8970,9018
1258: 1340,1341,1175,1097,1259,1256
1259: 1097,1178,1425,1179,1341,1258
7478: 7390,7479,7565,7564
1261: 1425,1180,1179,948,1344
8311: 8526,8310,8594,8236,8386,8527
1263: 1346,1344,1183,1180
8126: 8047,8201
8009: 8008,8087,7761,7763,8006,8468
9090: 8943,9045,8891,8945,9317,9089
8178: 8182,8103,8101,9953,8025
7954: 8110,7876,8112,7875,8033,7956
8336: 8189,8190,8262,8474,8264
1270: 1111,1351
6645: 6549,6550
1272: 1192
9643: 9402,9354,9310,9936,9508,10034
9548: 9387,9242,9615,9507,9672,9863
9846: 9738,9885,9072
1276: 1196,1277,1357,1358
1277: 1197,1278,1276,1196,1358,1359
1278: 1197,1198,1277,1359
8721: 8782,8842,9055,8658,8843
1280: 1281,1362
1281: 1201,1282,1280,1362,1363
1282: 1201,1281,1283,1202,1363,1364
1283: 1203,1202,1284,1282,1364
1284: 1203,1283,1204,1285,1366
1285: 1204,1286,1284,1366,1367
1286: 1285,1367
8449: 8304,8378,8450,8376,8584,8519
7996: 7834,7914,7915,8075,8076
9395: 9712,9344,9505,9740
1290: 1210,1371,1291
1291: 1210,1290,1211,1373
9601: 9724,9309,9511,9575,9860
6297: 
9343: 9614,9471,9867
1295: 1135,1215,1136,1376
1296: 1377,1215,1216,1297
1297: 1216,1296
9360: 9452,9583,9429,9678,9480,9249
7216: 7127,7217,7304,7305
1300: 1381
9505: 8791,9344,8729,9712,9359,9395
1302: 1142,1303,1384
1303: 1145,1302,1384,1304
1304: 1467,1303,1145,1386,1305
1305: 1386,1387,1306,1225,1304
1306: 1387,1305,1225,1071,1388
1307: 1388,1227,1228,1472,1390
8143: 8144,8220,8064,8065,8142,8219
1309: 1075,1230,1228,1390
6283: 6282,6185,6284
6515: 6514,6610,6419,6516,6421,6420
1312: 1476,1477,1230,1152,1392
6198: 6100,6295
1314: 1080,1236,1234
9408: 5044,9302,9574,9352,4843,9482,5144
1316: 1731,9409,1816,1563,1238
8383: 8309,8382,8526,8454,8455
1318: 1820,1995,1649,9342
1319: 1242,1483
6135: 9432,9341,9401,6038,9911,9644
1321: 1159,1160,1240,1242
8659: 8844,8592,8661,8658,8784,8843
7670: 7586,7669
5594: 5495,5593,5494
7190: 7101,7191,7100,7278,7279
1326: 1408,9730
1327: 1493,1410
6628: 6342,6534,6437,6341,6627,6815
1329: 9609,1247,1840
6246: 6248,6147,6148,6244,6341,6342
1331: 1251,1250,9669,1167,1332,9361
1332: 1248,1331,1251,866
6706: 6705,6799,6708,6896,6801,6610
1334: 1253,941,1248,1417,1414
6201: 6299,6298
1336: 1174,1338,1255,1419,1420
9045: 8943,8889,9090,8995,9297,9317
1338: 1256,1422,1255,1336,1421,1420
6381: 6284
1340: 1507,1341,1258,1256,1422,1506
1341: 1340,1507,1258,1259,1425,1509
6604: 6507,6700,6508,6797,6605
9519: 9340,9285,9594
1344: 1428,1263,1261,1180,1427
9588: 8757,8873,9355,9252,9593,9379
1346: 1428,1263,1347
1347: 1185,1346
9468: 9473,9439,9991,9676
1349: 1350
1350: 1351,1349
1351: 1350,1270
5901: 5999,5801,5902
9193: 9239,9161,9162,9123,9219,9160
9295: 372,9247,9528,9918,430,319
9276: 467,9270,9830,9674,529
6286: 6188,6383
1357: 1358,1276
1358: 1357,1276,1277,1359
1359: 1278,1277,1358
7922: 7757,7841,7839,7923,8002,8082
9207: 8562,8813,9478,9467
1362: 1444,1280,1281,1363
1363: 1446,1281,1282,1362,1364
1364: 1282,1283,1363,1446
9338: 9537,9446,158
1366: 1367,1449,1284,1285
1367: 1366,1449,1286,1285
9012: 9059,9983
1369: 1451
7008: 7098,7007,6916,6917,7009,7099
1371: 1290
6695: 6599,6696,6790
1373: 1374,1456,1291
1374: 1373,1456,1212,1375
1375: 1376,1213,1374
1376: 1375,1295
1377: 1296
9596: 9971,9368,9497
5747: 5748,5846,5847,5648,5746
1380: 1381
1381: 1300,1380
9437: 9353,9336,9592,9893
5562: 5462,5561,5662
1384: 1302,1303,1467
7965: 8044,7884,7885
1386: 1387,1305,1304,1467,1468,1469
1387: 1386,1306,1305,1388,1553,1469
1388: 1307,1227,1387,1306,1553
8176: 8097,9842,9683,8175
1390: 1473,1307,1228,1309,1472
5649: 5650,5550,5446,5548,5748,5946
1392: 1557,1473,1230,1312,1476,1642
9561: 7859,9301,9667,9508,10019
9274: 7340,7428,7858,9299,9253,9631
1395: 1233,1396,1561,1079,1234
1396: 1561,1395,9481,1562,9254
6408: 6504
10028: 9890,9897,4234,9825,4134,3834
1399: 1238,1732,9357,9397,1819
9302: 9408,9574,5247,5144,9604,9808
9521: 9269,9483,4232,4437,4336,9282
5912: 6010,5812,5813,5913,6011
5663: 5664,5762,5761,5564,5662
1404: 1242,9443,9246,9761,1483,1568
5557: 5852,5457,5458,5459,5755
1406: 1573
7436: 7348,7437,7349
1408: 1244,9730,1326
7129: 7128,7130,7219,7039
1410: 1493,1578,1327,1246
1411: 1664,1579,1247,1494
1412: 1841,9579,1582,1666
9277: 9618,9686,9420,9640,9378
1414: 1417,1499,1248,1334,1583
6376: 6279,6375
6327: 6423,6326,6328,9278,6425
1417: 1500,1499,1414,1253,1334,1418
1418: 1502,1419,1253,1500,1417
1419: 1503,1502,1418,1336,1420
1420: 1421,1504,1336,1338,1503,1419
1421: 1504,1589,1420,1338,1422
1422: 1256,1338,1340,1421,1506
9809: 9273,9589,9923,9933,93
9415: 9283,9251,794,9637,941,1095
1425: 1261,1179,1259,1341,1509
7469: 7470,7555
1427: 1595,1428,1344,1510,1512
1428: 1346,1344,1427,1512
8198: 8272
9779: 7521,9977,10031,9753
9329: 9950,44,9837,9487,9565,9416
7905: 
7865: 7942,7702,7864,7944,8021,7867
9033: 9190,9032,8984,8983,9079,9120
9460: 10040,9580,9782,9393,9263
1436: 1520,1437
1437: 1520,1436,1438
1438: 1439,1437
1439: 1438
7146: 7147,7056,7055
8008: 8087,8009,8165,8006,8163,8005
7988: 
1443: 1444,1526,1527
1444: 1362,1443,1527
6212: 6114,6211
1446: 1363,1364,1529
7673: 7674,7756,7757
7037: 7128,6945,7036,7127
1449: 1366,1367,1532
9224: 9166
1451: 1535,1369
9869: 9487,9806,9974,104,143
9497: 9584,9368,8972,9596
7295: 7296,7207
6412: 6508,6315,6316
1456: 1373,1374,1539
9708: 9813,9720,9903,9722,9715
8679: 8550,8740,8483,8616,8741
5920: 5919,6018
6629: 6997,6535,7262,7086,6724
1461: 1545
9469: 9417,9801,6896,6897,9494,9309
5736: 5635,5538,5637,5834,5737
9236: 9237,9292,9157,9119,9077,9235
8013: 8093,7932,7770,7934
9658: 6525,9901,9941,9872,6335,9873
1467: 1304,1384,1386,1468
1468: 1467,1386,1469
1469: 1553,1386,1387,1468
6439: 6441,6344,6534,6723,6535,6537
9860: 9696,7080,7345,9724,9601,9575
1472: 1555,1307,1556,1473,1390
1473: 1556,1557,1390,1392,1472
9325: 9364,9608,9398,9261,9476,9463
9489: 9256,9462,9797,4338,4339,9331
1476: 1312,1477,1392,1729,1642,1644
1477: 1312,1476,1233,1561,1644
9071: 8981,9112,8980,8928
6733: 6638,6731
7870: 7791,7790,8108,7788,7789,8029
7434: 9627,7609,9977,9636,7608,9880
7265: 7354,7440
1483: 1568,1319,1404,1565
6614: 6615,6804,9898,6520,6805
7669: 7668,7670
6051: 5953,6048,5956,6147,6148,6052
1487: 1488,9700,1571,1738,1569,1656
1488: 1487,9700,9761,1651,1568,1569
7956: 7877,7958,7954,7876,8112,8114
7839: 7756,7838,7757,7922,7921,8002
7828: 7910,7909
7450: 7619,7703,7707,7451,7704,7705
1493: 1410,1578,9677,1327
1494: 1246,1578,1663,1664,1411
7055: 6964,7145,7146
9858: 9827,9811,9996,9794
1497: 1756,1583,9542,1582,9327,1755
6612: 6422,6517,6516,6708,6897,6709
1499: 1500,1417,1414,1756,1583,1758
1500: 1417,1499,1502,1418,1759,1758
9392: 9269,9483,4333,4530,4431,9633
1502: 1503,1419,1418,1500,1759,1587
1503: 1502,1419,1504,1420,1587
1504: 1421,1589,1420,1503,1761,1762
5591: 
1506: 1592,1677,1422,1340,1507
1507: 1340,1341,1509,1592,1506
9802: 9558,9507
1509: 1510,1594,1425,1507,1341
1510: 1509,1594,1427,1595
5548: 5447,5648,9968,5649,5446,5748
1512: 1513,1428,1427
1513: 1512,1514
1514: 1515,1599,1513
1515: 1514,1599,1600,1516
1516: 1515,1600
8213: 8136,8137,8361
8015: 7935,7934
6720: 6624,6528,7083,6813,9362
1520: 1605,1604,1437,1436
7504: 7505,7591,7417,7503,7675
7794: 7713,7875,7630,7628,7711
6481: 6385,6386,6480
1524: 1608,1525,1609
1525: 1526,1610,1609,1524
1526: 1525,1610,1443,1527,1611
1527: 1612,1611,1444,1443,1526
9376: 9413,9484,9346,8539,8607
1529: 1613,1446
10010: 1930,2018,10001,9810,9244,9822
9483: 9521,9269,9392,9282,9459,9633
1532: 1617,1449,1616
1533: 
7783: 7703,7701,7780,7941,7864
1535: 1619,1451,1620,1705
7931: 7767,9785,7682,7599,9400
1537: 1538,1622
1538: 1622,1623,1537,1539
1539: 1456,1538,1623
8879: 8933,8878,8880,8823,8701
1541: 1542,1626,1625
1542: 1541,1626
7505: 7504,7591,7417
9258: 9538,9498,9513,9723,9573,9412
1545: 1629,1630,1461
7711: 7627,7953,7543,7628,7875,7794
1547: 1631,1548
1548: 1549,1547
1549: 1548
7522: 7692,7520,7523
9968: 9549,9909,5447,5548,5446
7431: 7074,7075,7345,7521,7164,7344
1553: 1469,1387,1388
9735: 10022,9952,8601,8667,8463,8603
1555: 1472,1556,1638
1556: 1557,1473,1555,1472
1557: 1556,1473,1392,1727,1642
9732: 68,42,9850
7973: 7974,8053,7892
6705: 6706,6799,6609,6514,6610,6703
1561: 1233,1396,1395,1477,1644,1562
1562: 1731,1396,1561,1644,9254
1563: 1238,1732,1816,1316,1902,1817
9421: 9496,9655,9707,358,9371,9642
1565: 1483,1566,1649
1566: 1651,1565,1649,1822
6059: 5961,5960,6058
1568: 1483,1651,1404,9761,1488
1569: 1738,1736,1651,1488,1487
8995: 9600,9088,8888,8889,9045,9297
1571: 1572,9717,1487,1656
1572: 1571,1573,1740,1656,1657
1573: 1406,1572,1657
10032: 9994,9947,9375,9582,9591,9422
5882: 
1576: 9765,1662
9851: 10,31
1578: 1493,1410,9677,1494,1246,1663
1579: 1664,1836,1411,1247,1752
5508: 5408,5509
6809: 6993,6716,6992,6620
1582: 9579,9327,1497,1841,1412,1755
1583: 1756,1497,9542,1499,1414
5977: 5978,5878
6638: 6733,6731,6637
9253: 9631,9517,7608,9636,9299,9274
1587: 1847,1760,1503,1502,1759
9745: 792,9882,793,10008
1589: 1421,1504,1762,1676
8282: 8208,8207,8497,8356
8696: 8979,8634,8567,8632,8695
1592: 1677,1506,1507,1766
7638: 7721
1594: 1509,1510,1595
1595: 1427,1510,1594
6547: 6548,6642,6451,6546
9480: 10025,9678,9294,9503,9429,9360
9564: 9504,9560,9307,9613,9546,9610
1599: 1514,1515,1600
1600: 1515,1599,1516
9166: 9224,9168,9167
1602: 1687,1688
6811: 6994,6622,9725,6527
1604: 1520,1605
1605: 1520,1604,1691
9458: 7355,7697,7779,9354,9310,9550
9342: 9357,9397,9320,1318
1608: 1524,1609,1693,1694
1609: 1525,1610,1608,1524,1694
1610: 1525,1526,1609,1611
1611: 1527,1612,1526,1610
1612: 1527,1611,1613,1698
1613: 1529,1612,1698,1699
9157: 9190,9032,8982,9077,9237,9236
6371: 6370,6467,6275
1616: 1532,1617,1701,1702
1617: 1532,1618,1616,1702,1703
1618: 1617,1619,1703,1704
1619: 1535,1618,1704,1705
1620: 1535,1705,1706
9486: 9390,9534,9705,9289,9729,9928
1622: 1538,1623,1537,1707
1623: 1538,1622,1539,1709
5964: 5865,5963,6062
1625: 1541,1626
1626: 1541,1542,1625
7032: 7123,7033,6941,7122
1628: 1629
1629: 1545,1630,1628
1630: 1545,1629,1631,1716
1631: 1547,1630,1716,1717
8677: 8477,8478,8614,8737,8676
5631: 5630,5632,5432,5434,5535,5533
5962: 
6843: 6749,6844,6935
9243: 9125,9194,9163,9387,9242,9501
7485: 7571,7398,7484
1638: 1723,1555
9929: 9718,9721,9348
9348: 9523,9266,9703,9718,9929
5848: 5750,6043,5551,6041,6142,5849
1642: 1729,1557,1392,1476,1727
6527: 6624,9817,6811,6904,6813
1644: 1729,1476,1477,1561,1562,1731
9723: 9646,9258,9513,9412
8075: 8074,7914,7996,8154,8076
9749: 9546,9567,9615,9827,9811,9863
9848: 9884,9667,10019,9710
1649: 1318,1820,1565,1566
8392: 8168,8244,8463,8603,8393
1651: 1566,1568,1488,1822,1569
7630: 7713,7794,7545,7631
8522: 8521,8452,8453,8523,8589,8590
9494: 6897,6709,9417,9469,9684
7761: 7677,7679,7763,8006,8009
1656: 1740,1739,1487,1572,1571,1738
1657: 9606,9389,1572,1573,1740,1741
1658: 9859,9554,1828,1915,2005
1659: 2007,1919,2008
5781: 5683
7953: 7627,7952,7711,7875,8033,8032
1662: 1663,1749,9677,1576,9765
1663: 1749,1662,1578,9677,1494,1664
1664: 1836,1579,1411,1494,1663,1749
9318: 9558,9501,9128,9960,9664
1666: 1840,1412
9612: 9551,9257,9770,10004,727,9405
9824: 9664,9727,10005,9571,10039
5906: 5807,6004
9203: 9133,9285
9680: 9652
7000: 9406,7178,9512,6909,7001,7091
9520: 3235,9516,9713,3334,3530,3335
6671: 6672,6766,6575,6576
9700: 1488,1487,9709,9761,9717
1676: 1851,1850,1589,1677,1762
1677: 1592,1506,1764,1676
9750: 9097,9293,9594,9052,9001,9340
7163: 7073,7342,6888,6979,6982,7430
8880: 8879,8823,8824,8987,8881
5961: 6059,5960,5862
1682: 1769
9510: 2571,9286,2476,9997,2569,9532
8898: 8842,9055,9005,9592,9356
7428: 7426,7340,9274,9631,7512,7515
8020: 8099,7942,9402,9499,7941,9465
1687: 1602,1688
1688: 1602,1687
5748: 5747,5847,5648,5548,5649,5946
6401: 
1691: 1777,1605,1778
9792: 9873,10006,9776,9941,9992
1693: 1694,1608,1779
1694: 1693,1608,1609
6215: 6118,6216,6313,6214,6117
6783: 6784,6688
5518: 5617,5618,5419,5418
1698: 1784,1612,1613,1699
1699: 1613,1698
9931: 1923,2196,9949,9888
1701: 1787,1702,1616
1702: 1701,1616,1617,1703
1703: 1617,1618,1702,1704
1704: 1790,1618,1619,1703
1705: 1619,1535,1620,1706
1706: 1707,1793,1620,1705
1707: 1706,1793,1622
9517: 9253,9631,7608,10009,7516
1709: 1623
9993: 9465,9944,8099,9989,9763
5865: 5964,5963
6432: 6433,9964,6337,6434,9872
8624: 8422,8559,8490,8687,8625,8688
9018: 8917,8970,8968,9407,9140
8743: 8682,8744,8914,8801,8857
1716: 1630,1631,1717,1803
1717: 1804,1803,1631,1716,1718
1718: 1805,1804,1717
9399: 9819,9500,9382,869,868,725
9730: 1408,1326
1721: 1722
1722: 1723,1721
1723: 1722,1810,1638
8593: 8455,8727,8524,9260,8592,8661
9994: 10032,9947,9870,9422,10000,9838
5902: 6001,5901
1727: 1812,1557,1642
5606: 5506,5705,5706
1729: 1815,1642,1816,1644,1476,1731
6307: 6403,6209,6308
1731: 1562,1316,1729,1816,1644
1732: 1563,1238,1399,1817,1819,1818
9906: 9914,10016,10020,9898,9896
9573: 9352,4843,9412,9258,9538,4742
8165: 8008,8087,8163,8241,8391,8242
1736: 1912,1738,1569,1909,1822,2000
6338: 6336,6337,6434,6241,6339
1738: 1912,1736,1569,1487,1739,1656
1739: 1827,1740,1656,1912,1738
1740: 1827,1739,1741,1656,1572,1657
1741: 1827,1740,1657,9389,1828,9554
8119: 8268,8120,8197,8343
9085: 8886,9130,9127,9040,9126,9165
6183: 6086,6280,6182,6085
1745: 1921,1919
9248: 395,9430,9366,9590,453
1747: 2111,9476,2021,2020,2205,9244
9961: 9859,9554,9389,9267,9731,10021
1749: 1663,1662,1664,1836
7475: 7562,7388,7474
6967: 6966,6874,7058,7059
1752: 1838,1836,1579
9813: 9720,9708,9722,9335,9645
5718: 5817,5618,5619,5816
1755: 1844,1842,1582,1756,1497,1841
1756: 1583,1497,1499,1844,1755,1758
8638: 8702,8701,8502,8639,8700,8636
1758: 1846,1759,1756,1500,1499,1844
1759: 1846,1758,1500,1502,1847,1587
1760: 1847,1587,1761,1936,1937
1761: 1849,1762,1504,1760
1762: 1849,1761,1504,1589,1676,1850
5805: 5706,5804,5904
1764: 1677
6342: 6344,6534,6628,6248,6246,6341
1766: 1592,1767
1767: 1766,1855
9495: 9488,527,9530,9264,653,718
1769: 1682,1857
9331: 4338,4438,9797,9489,9799,9522
1771: 1772
1772: 1771
9011: 8964,9492,8911,8966
6351: 6350,6447
7066: 6974,7249
9529: 9362,9377,9638,9943
1777: 1691,1778,1864
1778: 1777,1691
1779: 1693,1867
6780: 6781,6874
8145: 8146,8222,8066,8144,8221
1782: 1870
7467: 7380
1784: 1698
9940: 9788,649,650,9316,10002
8663: 8662,8596,8597,8790,9623,9616
1787: 1701
9790: 9759,9796,9704
6517: 6422,6612,9908,6709,6426
1790: 1704,1878
9576: 9283,9251,1251
6920: 6919,7011,6828
1793: 1706,1707
6615: 6614,6617,6805,6711
9119: 9030,9077,9235,9074,9236,9234
6627: 6437,6531,6628,6906,6815
1797: 
6820: 6632,6631,6725,6911,6821
9628: 9623,9616,9260,9271,9419,9904
1800: 
9332: 9396,9620,3536,9374,9772,9425
8616: 8343,8483,8741,8680,8679,8485
1803: 1804,1717,1716,1890
1804: 1717,1803,1718,1805,1892
1805: 1718,1806,1804,1892,1893
1806: 1805,1893,1894
9692: 9893,9786,9336,9097,9293
6464: 6463
7894: 7813,7974,8054
1810: 1723,1897
7224: 7135,7312
1812: 1727,1899
7234: 7145
6139: 6238,6140,9265,9305,6525,9901
1815: 1729,1816,1901,1902
1816: 1729,1815,1731,1316,1902,1563
1817: 1902,1991,1563,1732,1818
1818: 2082,1817,1732
1819: 2082,1732,1399,2173,1905
1820: 1318,1995,1649,1821,1996
1821: 1909,1822,1820,1996,1998
1822: 1909,1821,1566,1651,1736
9642: 9427,9371,9496,9421,155,154
5975: 5876,6072
9953: 8101,7945,9687,9783,9833,8178
8904: 8905,8848
1827: 1740,1739,1741,1828,1914,1913
1828: 1914,1827,1741,1658,9554
5804: 5705,5706,5805,5904
9443: 1404,1242,1241,1240,9296,9246
1831: 2006,2096,9816,2007,1917
9647: 9967,9805,9943,9435,9650,9540
1833: 1921
9296: 1163,9722,1241,9443,9246,9335
1835: 2199,2015
1836: 1664,1579,1749,1752
8767: 8705,8826,8707,8769,8938,8884
1838: 1752,1840
6768: 6674,6767,6769,6862
1840: 1666,1329,1838
1841: 1928,1412,1582,1842,1755
1842: 1844,1931,1755,1841,1928,1930
9255: 9878,9500,9382,9251,9637
1844: 1931,1842,1755,1756,1758,1933
6214: 6117,6215
1846: 1759,1758,1847,2022,1935
1847: 1587,1760,1846,1759,1935,1936
6510: 6414,6512,6605,6607
1849: 1761,1762,1850,2028,1937
1850: 1851,1676,1849,1762,2028,1939
1851: 1940,1676,1850,1852,1939
1852: 1853,1851
1853: 1852,1943,1942
9552: 9363,656,9245,789,722
1855: 1943,1767
7511: 7336,7425,7421,7765,7598
1857: 1946,1769
7013: 7103,7104,6922,7014
6480: 6576,6385,6481
9226: 9225,10014
1861: 1950,1949
5637: 5639,5440,5736,5538,5737
9854: 9691,9787,9889,9438,9767,9926
1864: 1953,1777
9719: 9821,9830,9270
7465: 
1867: 1868,1779
1868: 1867,1957
7484: 7570,7396,7485,7571
1870: 1782
8042: 7962,8120,8121
9574: 9302,9408,10017,9482,9808
1873: 1961
8592: 8659,8661,8524,8593,8591,8658
9850: 16,68,9732,103
1876: 
9631: 9253,9517,7428,9274,7515,7516
1878: 1966,1790
9847: 9908,9685,9914,10016,6426
9778: 9831,10022,9952,9386
1881: 1969
9908: 9847,9685,9278,6425,6517
5673: 5672,5573,5574,5772
7565: 7649,7564,7478,7650
9239: 9193,9162,9219,9560,9240,9567
1886: 
10013: 9352,9412,9482
7081: 6984,9384,9475,6891,6982,6983
9578: 9367,9410,9311,9455,6144
1890: 1978,1803
9264: 9530,9291,9812,9514,9488,9495
1892: 1893,1804,1805,1980
1893: 1892,1806,1805,1894
1894: 1983,1806,1893
9747: 9986,1167,9774,9669,9874
1896: 
1897: 1986,1810
9261: 2111,9476,2204,9364,9325,2203
1899: 1812,1987
8607: 9426,8544,9376,8475,8477
1901: 1902,1991,1815,1989
1902: 1901,1991,1817,1815,1816,1563
10036: 9932,10011,9744
9394: 5754,5855,9455,5852,9410,9533
1905: 2173,2174,9357,1819
1906: 9357
7912: 7831,7911,7913,7992,7993
9503: 9429,5343,5138,9454,9294,9480
1909: 1821,1822,1736,1998,1999,2000
8843: 9448,8784,8658,8659,8721,9055
6272: 
1912: 1738,1736,1739,2001,2000
1913: 1914,1827
1914: 2182,1828,1913,1827,2001,2002
1915: 2366,2182,1658,2274,2005
8826: 8767,8705,8766,8765,8882,8884
1917: 2276,2185,9816,2006,1831
9352: 9573,4843,9412,10013,9482,9408
1919: 1745,1659,2008,2010
9121: 9079,9238,9120,9080,9122,9218
1921: 1745,1833
9954: 2190,9451,2100
1923: 2196,9931,2014,2197,2383
6398: 
9928: 9729,10024,9486,9390,9733,9484
9911: 9979,9401,6135,9644
9969: 9853,9698,9883,9440
1928: 1841,1842,1930,10001
5792: 5793,5891
1930: 10010,2018,10001,1928,1931,1842
1931: 1844,1842,1933,1930,2018,2022
9849: 9726,9861,9666,9701,9648
1933: 1844,1931
5691: 5789
1935: 2022,2021,1846,1847,2024,1936
1936: 2026,2024,1847,1760,1935,1937
1937: 1760,1849,2026,1936
6207: 6109,6110,6206,6305
1939: 2030,2119,1851,1850,2028
1940: 1851
8848: 8904,8905,8847,8955
1942: 1853,2123
1943: 1855,1853,2033
8231: 8306,8232,8155,8154
9112: 9027,8978,9071,8928
1946: 1857,2036
7313: 
9038: 9125,9194,8990,9039,9161,9162
1949: 1950,1861
1950: 1861,1949
1951: 1952
1952: 1953,1951
1953: 1864,1952,1954,2043
1954: 1953,2043,2044
9722: 9296,1163,9715,9813,9708,9335
9312: 9951,9733,9413,9426
1957: 1868,2047
6089: 6090,6088
6483: 6388,6387,6482
1960: 1961,2049,2050
1961: 1873,1960,2050
7314: 7401,7402
7063: 7153,7154,6972,7062
7962: 8042
9534: 9486,9390,9436,9289,8333
1966: 1878,2055,2056
8447: 8376,8584,8649,8715
1968: 
1969: 1881,2058
8620: 8619,8554,8680,8486,8485
1971: 2061
8683: 8619,8621,8682,8744,8861
1973: 2063
9679: 9796,9697,9704,9304,3038
6545: 6641,6546,6449,6450,6448
8916: 8807,8917,8806,8915,8805
1977: 1978,2066,2067
1978: 1977,1890,2067
6299: 6201
1980: 1892
7579: 
6709: 6897,9494,6517,6612,6426
1983: 1894,1984,2072,2073
1984: 1983,2073,2074
8140: 8216,8061,8062
1986: 1897
1987: 1899
9492: 9011,9881,9581
1989: 1901,1991,2078,2079
8046: 8047,8201
1991: 1901,1902,1817,1989,2079
6227: 6420,6226,6128,6326,6421
9260: 9628,9623,8727,8593,9419
9885: 9738,9846,9754
1995: 1318,1820,1996
1996: 1820,1995,1821,1998
9388: 10002,9321,9514,9557,9488,9365
1998: 2087,1999,1909,1821,1996
1999: 1998,2087,1909,2000
2000: 2001,1909,1912,1736,1999
2001: 2090,2002,2000,1912,1914
2002: 2001,2090,2182,1914,2272,2273
8667: 8318,8242,8463,8391,8601,9735
9426: 8607,9312,9413
2005: 2274,9924,9859,1658,1915
2006: 2096,1831,1917,2279
2007: 1659,2008,2188,2096,1831
2008: 2098,2010,2188,1919,2007,1659
5772: 5673,5871,5872
2010: 2008,2098,1919,9451
9487: 9869,9837,9806,9974,9329,9565
5886: 5887,5885
8056: 8134,8135
2014: 2197,2015,2383,1923,2290
2015: 2014,1835,2199,2290,2198
5561: 5562,5462,5461,5560
7149: 7150,7059,7148,7058,7238
2018: 1930,10010,1931,2022,2020
9328: 9569,9262,9935,9814,4234,4131
2020: 2022,2021,2018,9244,1747
2021: 2022,2020,1935,2024,2205,1747
2022: 2021,2020,1935,1931,1846,2018
6416: 6320,6321,6317,6414,6512,6418
2024: 2026,2207,2205,1936,2021,1935
5819: 5720,5818,5918,5919
2026: 2207,2024,1936,1937
5894: 5893,5993,5794,5895
2028: 2118,1849,1850,2119,1939
9498: 9258,9538,9513,9522,4438,4640
2030: 2119,1939,2212
9354: 9402,9643,9310,9458,9499,9550
8227: 8228,8150,8300,8303,8301
2033: 1943
6571: 6475
8601: 8462,8391,8667,8668,9735,9952
2036: 2037,1946
2037: 2036
8866: 8810,8919,8808,8688,8865
9766: 9978,9927,9876
6891: 6890,6982,6892,6888,6984,7081
8764: 8704,8824,8703,8436,8702,8823
9905: 9780,9937,862
2043: 2133,1953,1954,2044
2044: 2226,2135,1954,2043
2045: 
6420: 6323,6226,6227,6515,6419,6421
2047: 1957
7010: 6919,7011,7009,7100,7101
2049: 2050,2139,1960
2050: 2049,1960,1961
9582: 9597,9396,9375,10032,9591,4036
6275: 6371
10019: 9936,9508,9561,9848,9667,9710
2054: 2055,2145,2144
2055: 2054,2145,1966,2056
2056: 2057,2147,1966,2055
2057: 2056,2147,2058,2148
2058: 2148,1969,2057
9007: 8846,8955,8954,9988,9008
8338: 8339,8264,8406,8540,8479
2061: 2152,1971,2151
6506: 6600,6507
2063: 2154,1973,2153
8846: 9007,8847,8955,8787,8954
2065: 2066,2156
2066: 2065,2156,1977,2067
2067: 1978,1977,2066
7780: 9499,7941,9550,7698,7701,7783
6293: 6196,6389,6390
8982: 8929,8980,8928,9157,9032,9077
8949: 8838,8947,8950,8895,8999,9094
2072: 2073,1983
2073: 2072,1983,1984,2074
2074: 2165,1984,2073
9194: 9243,9125,9038,9162,9240,9242
7603: 7602,7686,7775
8496: 8497,8426,8630,8694,8631
2078: 1989,2079
2079: 2170,1989,1991,2078
2080: 
8928: 8929,8980,8982,9112,9027,9071
2082: 1819,1818,2173,2264,2172
9762: 10039,10003,9752,9857,9789,10030
8106: 8331,8026,7946,7947,9472
9205: 10007,9179
8306: 8231,8232,8380,8307
2087: 1998,1999,2178
7305: 7304,7392,7216,7217,7393
5653: 5752,5453,5452,5552,5751,5849
2090: 2001,2002,2272
6805: 6614,6615,6804,6711
7878: 7877,7958,7880,7879
8418: 8419,8347,8487,8555,8346,8417
7697: 9458,7355,7696,7859,9310
6588: 6493,6683
2096: 2006,1831,2007,2188
9455: 9394,5855,9410,9578,6047
2098: 2008,2010,2188,9451,2280,2189
7107: 
2100: 2190,9954
7099: 7100,7009,7098,7008
6000: 
9256: 9462,9489,9442,4139,4239,4339
9122: 9160,9218,9080,9081,9121
6344: 6342,6534,6248,6249,6441,6439
8938: 8884,8989,8767,8769,8991,8990
2107: 2484,9619,9608,2389,2109
8134: 8056,8135,8210,8211
2109: 2201,2389,9364,2110,9608,2107
2110: 9364,2392,2203,2201,2109,2202
2111: 1747,9261,9476,2205,2300,2204
9368: 9584,9497,10043,9660,9971,9596
9761: 9246,9709,1404,1568,1488,9700
8110: 7954,8112,8033,8261,8262,8189
6558: 6462,6463,6653,6654
9933: 9809,9923
8429: 8498,8357,8358,8499,8632
2118: 2028,2119,2210
2119: 2030,1939,2118,2028,2210
7915: 7832,7914,7750,7834,7996
9538: 9258,9498,4641,4640,9573,4742
8387: 8160,8457,8458,8161,8460,8238
2123: 1942,2215
6552: 6648,6553,6456,6647
6279: 6376,6278,6280,6375
2126: 
9937: 9780,9905,9840
2128: 2220
8681: 9641,8908,8619,8801,8682
7813: 7894
2131: 2132
2132: 2133,2131,2224
2133: 2043,2132,2224,2225
7342: 7163,7073,7691,7518,7430
2135: 2044,2226,2136,2227
2136: 2227,2135,2228
8257: 8025,8331,8182
5672: 5673,5572,5573
2139: 2049,2230,2231
7917: 7836,7918,7835,7999
9411: 9351,9541,9605,3051
8981: 9071,8980,9028,9029,9030
2143: 2234
2144: 2054,2145,2236
2145: 2054,2055,2144,2236
6767: 6768,6672,6766
2147: 2056,2057,2148,2238,2332
2148: 2058,2057,2147,2332,2240
7911: 7912,7992
6725: 6911,6910,6724,6631,6820
2151: 2061,2152,2243
2152: 2061,2153,2151,2243,2244
2153: 2152,2063,2154,2244
2154: 2063,2153
6219: 6316,6317,6121,6122,6218
2156: 2065,2066,2248
8219: 8142,8143,8220,8439,8368
9373: 9434,9447,9998,8017
7212: 7122,7123,7299,7300
2160: 2161,2251
2161: 2160,2253
6680: 6585
5933: 5833,5834,6032,6031,5931,5936
9555: 3145,2953,2473,9351,9535
2165: 2074
9541: 9411,9351,9535,2954,3048,3045
8668: 9544,8792,8462,8601,8730
9168: 9166,9167
5506: 5505,5606,5407
2170: 2079,2262
7867: 7947,7865,7702,7948,7944
2172: 2264,2082
2173: 2174,1905,1819,2082,2264,2265
2174: 2173,1905,2265
6421: 6515,6516,6420,6227,6422
5919: 5918,6018,5819,5920
9384: 7081,9475,9511,6983,7075,9575
2178: 2270,2087
8093: 8013,7932,8397
2180: 
5640: 5542,5540,5740,5938,9861
2182: 1914,2002,2273,1915
8230: 8153,8229,8304,8378
9706: 34,9991
2185: 2276,1917,9816,9924,2369
6546: 6641,6545,6450,6451,6642,6547
9951: 9733,9312,10024
2188: 2008,2098,2007,2096,2280
2189: 2098,2190,9451,2280
2190: 9451,9954,2100,2189
9727: 9824,10039,9789,9939
2192: 2284,2193
2193: 2194,2285,2192,2284
2194: 2193,2285,2286
5769: 5868,5869
2196: 1923,9931,9949,2383,2382,2288
2197: 2014,1923
2198: 2385,2384,2015,2199,2290,2478
2199: 1835,2015,2385,2198,2293
9838: 9689,10000,9870,9994,9866
2201: 2580,2390,2389,2109,2110,2202
2202: 2391,2110,2392,2201,2390
2203: 2392,9261,2204,9364,2110
2204: 2300,2394,9261,2111,2203
2205: 2207,2024,2021,1747,2111,2300
9493: 710,848,9268,9577,9358,919
2207: 2026,2024,2205,2208,2300
2208: 2300,2394,2207
6797: 6605,6892,6604,6700,6890
2210: 2303,2118,2119
9959: 4939,9670,9751,9721
2212: 2305,2030
9598: 50,9547,9275
5929: 6028,5829,5928,5930
2215: 2308,2123
6018: 5919,5920
7767: 7931,7599,7600,7850
2218: 2311
7269: 7180,7696,7268,7179
2220: 2128
6688: 6593,6783
9463: 9619,10033,9398,9659,9608,9325
2223: 
2224: 2317,2225,2133,2132
2225: 2224,2317,2133
2226: 2044,2135,2227
2227: 2136,2226,2135,2228
2228: 2321,2136,2227
7701: 7619,7703,7783,7698,7617,7780
2230: 2322,2139,2231
2231: 2139,2230
8405: 8262,8474,8333,8538,8261,9436
8829: 8830,8770,8645,8708,8885,8886
2234: 2326,2143
8211: 8430,8134,8135,8210,8136
2236: 2145,2144
9986: 1167,9630,9747,9572
2238: 2332,2147
9403: 9313,9502,9322,9287,37,181
2240: 2333,2148,2332
6346: 6347,6441,6249,6252
7156: 7155,7247
2243: 2244,2336,2151,2152,2335
2244: 2243,2336,2153,2152
5549: 5550,5446,5448
6165: 6068,6164,6067,6262,6263
6164: 6067,6163,6165,6261,6262
2248: 2340,2156,2249,2341
2249: 2341,2342,2248
9915: 9835,9622,9593,9852
2251: 2344,2343,2160
8135: 8056,8134,8058,8211,8136
2253: 2345,2161
8915: 8805,8861,9016,8916,9017,8968
7937: 7855,8018,7938
8234: 8158,8232,8309,8307,8310
6436: 6244,6339,6434,6437,6341
9997: 9510,9286,2476,2474,9862,9742
9361: 1248,1331,1167,9630,9542
9774: 9899,9874,1089,9747
9278: 9432,6328,6327,6425,9908,9685
2262: 2170
7389: 7388,7302,7390
2264: 2172,2082,2173,2265,2357
2265: 2357,2173,2174,2264
7336: 7425,7248,7511,7247
8386: 8159,8236,8160,8457,8311,8527
9877: 9718,9751,4940,9280,4836,9266
9661: 9407,9140,9438,9444,9767,9660
2270: 2361,2178,2271,2362,2363
2271: 2272,2364,2270,2363,2459
2272: 2271,2364,2090,2002,2273
2273: 2460,2366,2002,2182,2272,2364
2274: 2005,2366,1915,2367,2371
9446: 9537,9338,254,157,9803
2276: 1917,2185,2369,2279
7124: 7125
8630: 8562,8426,8495,8496,8694
2279: 2559,2276,2006
2280: 2374,2098,2188,2189
9984: 9844,9681,9456,9828
9481: 9250,1396,9254,9279
7855: 7854,7937,8018,7773
2284: 2192,2193,2285
2285: 2193,2194,2286,2284
2286: 2194,2285,9682
7521: 7164,9779,7431,7692,7344
2288: 2382,2381,2196,9949,2380
5675: 5575,5676,5774
2290: 2477,2478,2014,2015,2383,2198
6525: 9901,9658,6139,6140,9490,6335
8333: 8405,8261,8186,9534,9436
2293: 2481,2199,2385
2294: 2481,9675,10033,2387
7259: 7170,7169,7258,7347,7435,7348
7587: 7586
9861: 9726,9849,5640,5740,9784
6512: 6418,6609,6416,6510,6414,6607
7352: 7175,7526,7353,7440
2300: 2208,2394,2204,2207,2205,2111
6226: 6323,6420,6227,6127,6128,6126
9895: 791,723,9882,9840,863,9780
2303: 2210
9793: 9907,9782,48
2305: 2212
8685: 8621,8555,8806,8622,8805
7419: 7331,7508
2308: 2215
6048: 6051,5951,5953,6242,6047,6147
9182: 9114,9187
2311: 2218
6801: 6706,6799,6896,9309
6957: 6956
8468: 8088,9466,7763,8087,8009
9894: 9165,9128,9130,9600,9629,9960
5599: 5500,5499,5598,5698,5699
2317: 2224,2225,2410,2411
9892: 9102,9017,9634,9061,9800,9787
7682: 7598,8170,7599,7512,7931
7452: 7277,7278,7364,7539,7451
2321: 2228,2322
2322: 2230,2321
6867: 6866,6773
5622: 5621,5722
2325: 2326
2326: 2234,2325
7002: 6911,6910,6912,7092,7001,7003
7659: 7743,7742
9784: 5839,5938,9726,9861,9668
7283: 7284,7195,7371
7026: 6934,6935,7027,7117
2332: 2238,2147,2148,2240
2333: 2240,2427
6661: 6849,6662,6756
2335: 2243,2336
2336: 2243,2244,2335
6098: 6099,6196,6001
6760: 6761,6665,6759,6854,6853
9840: 10008,9882,9895,9780,9937
2340: 2248,2434,2341
2341: 2249,2342,2340,2248,2434
2342: 2249,2341,2436,2343
2343: 2344,2251,2342,2436
2344: 2251,2343,2345
2345: 2253,2344
6350: 6351,6349,6348
8391: 8462,8241,8601,8165,8242,8667
9319: 2558,9913,9624,9585,9333
9365: 9488,527,716,9557,9388,589
9504: 9560,9564,9307,9219,9218
8584: 8715,8376,8447,8449,8519,8716
2352: 
9450: 9976,9234,9739,9235,9545,9828
6555: 6460,6554
8026: 8106,8331,7946,8101,7945,8025
8087: 8008,8009,8165,8468,8088,8242
2357: 2265,2264
9439: 9468,9473,224,9676,64,9527
2359: 2453
9616: 9628,9623,8663,8790,8791,9271
2361: 2270,2454,2362
2362: 2454,2550,2549,2361,2270,2363
2363: 2552,2459,2270,2271,2550,2362
2364: 2272,2271,2460,2273,2459,2555
8031: 7791,8108,7952,8260,8032,8186
2366: 2460,2273,1915,2274,2371
2367: 9585,9333,2371,2274,2369
9237: 9236,9292,9157,9190,9216
2369: 2276,2185,9585,2367
6456: 6455,6552
2371: 9333,2367,2460,2366,2274,9491
2372: 2747,2558,9913,2745,2652
2373: 2559,2655,2561
2374: 2280,2561,2468
6359: 6263,6455,6262,6358
8631: 8694,9355,8497,8496,8565,8873
9344: 8791,9271,9505,9395,9740,9875
9615: 9240,9567,9749,9548,9242,9863
7472: 7558
2380: 2288,2381
2381: 2382,2288,2474,2380,9742
2382: 2288,2474,2381,2196,2383,2477
2383: 2014,1923,2196,2382,2477,2290
2384: 2385,2198,2574,2478,2571,2573
2385: 2198,2384,2574,2199,2481,2293
7014: 6922,7104,7013
2387: 2576,2574,2481,2294,2669
2388: 9619
2389: 2580,2201,2109,2107,2484
2390: 2580,2201,2391,2202,2771,2485
2391: 2678,2202,2390,2582,2485
2392: 2203,2110,2202
7789: 7705,7788,7707,7624,7790,7870
2394: 2208,2300,2204,2395
2395: 2490,2394
6932: 7023,6931
8209: 8133,8210,8358,8208,8357
9988: 9938,8954,9917,9007
8331: 8106,8026,8257,8025
2400: 
9620: 9396,9375,9834,9332,9772
5746: 5943,5647,5648,5846,5747
2403: 2497
6119: 6021,6022,6118,6216
10004: 9612,9770,727
7402: 7314,7401,7490
2407: 
8244: 8392,8393,8395
2409: 2503,2410,2504
2410: 2411,2504,2317,2409
2411: 2410,2317,2412
2412: 2411
8513: 8298,8444,8647,8579,8709
9686: 9618,9277
2415: 2416,2510,2509
2416: 2415,2510,2511
6682: 6586,6683
6419: 6515,6514,6321,6323,6420,6418
8666: 8597,8730,8458,8460,8599
2420: 
7354: 7266,7528,7265,7778
2422: 2516
8797: 9587,9981
2424: 2518
7545: 7544,7628,7371,7630
8835: 8891,8945,8893,8776,8714,8837
2427: 2333,2428,2522
2428: 2522,2523,2427
9269: 9521,9483,9392,4437,4333,4331
9453: 9622,9290,9477,9509,9852,9303
8786: 8787,9938,8954
9806: 9869,9487,143,9515,9565
5948: 5751,6142,6046,6238,9539
2434: 2340,2341
9648: 9701,9849,9666
2436: 2342,2343,2530
9600: 8995,9088,9130,9894,9629,9297
9866: 9999,9689,9838,10027,9887
2439: 2533,2534
8413: 8414,8268,8192,8412,8550,8483
2441: 2442,2536
2442: 2536,2441
5687: 
8138: 8363,8060,8137
10035: 9471,9867,9305,9901,9941,9992
8222: 8145,8146,8221,8296
2447: 2541
8028: 8184,7948,7949,7947
6173: 6270,5978
10043: 9767,9660,9926,9368,9930,9971
2451: 
8291: 8365,8436,8216,8292
2453: 2547,2359,2454
2454: 2549,2362,2361,2453
7027: 7026,6935,7117,7118
9105: 8868,9063,9563,8972,8921
8778: 8587,8716,8776,8838,8837,8779
7571: 7485,7570,7484,7655,7656
2459: 2552,2363,2554,2271,2364,2555
2460: 2273,2366,2364,2555,9491,2371
9323: 311,9393,9580,9369,79,207
5870: 5871,5869,5968
2463: 2555,9491,9624,2554,2649
2464: 2747,2846,2844
5774: 5676,5775,5675,5873
9478: 8694,9355,9207,9467,9252,9290
9225: 9226,10014
2468: 2658,2374,2657,2561
9736: 413,9829,9760
8032: 8033,8186,8031,7952,7953
9782: 9907,9793,10040,9460
9856: 9934,9843,9956,9586
2473: 2953,9970,9555
2474: 2382,2381,2477,9742,2476,9997
7540: 7455,7625,7624,7367,7539
2476: 2571,9510,9997,2474,2477,2478
2477: 2290,2478,2383,2382,2474,2476
2478: 2477,2290,2198,2384,2571,2476
8945: 8891,8835,8893,9090,9046,9089
7480: 7392,7393,7481
2481: 2294,2293,2385,2574,2387
9635: 654,655,9530,9291,9363,9245
2483: 2672,2576,2578,2484
2484: 2578,2107,2483,2389
2485: 2772,2582,2390,2391,2771,2868
6620: 6993,6809,6992
9546: 9567,9749,9560,9564,9610,9827
8253: 8328,8470,8255,8179
6599: 6600,6695
2490: 2491,2395,2585,2584
2491: 2490,2492,2585,2586
2492: 2493,2491,2586
2493: 2492,2588
8173: 8325,8249,8096,8175
8979: 8696,9070
6882: 6974
2497: 2403
9917: 9334,9353,9938,9988
2499: 2500
2500: 2499,2595
7252: 7858,7339,7606,7160,7161,7249
6886: 6699,6979,6697,6885,6978,7162
2503: 2409,2504
2504: 2410,2503,2409
6641: 6545,6546,6642,6640
7948: 7702,7787,7949,7867,8028
8921: 8972,9023,9105,8868,9024,9111
2508: 2509
2509: 2415,2510,2508,2604
2510: 2415,2416,2509,2511,2604
2511: 2512,2416,2510
2512: 2511,2513,2607
2513: 2514,2512,2607
2514: 2513,2610,2515,2609
2515: 2516,2610,2514
2516: 2610,2515,2422
9587: 8737,9836,8738,9702,8797
2518: 2424,2612,2613
7249: 7247,7066,7160,7252,7339
2520: 
8152: 8228,8153,8229
2522: 2428,2523,2427,2616,2617
2523: 2428,2522,2524,2617,2618
2524: 2525,2523,2618
2525: 2524,2526,2620
2526: 2525,2620
8356: 8497,8565,8208,8282,8357
7070: 7160,6978,7161,6884
8741: 8616,8680,8679,9625,8908
2530: 2436,2531
2531: 2530,2626
9271: 8791,9344,9628,9616,9904,9875
2533: 2439,2534,2628
2534: 2533,2439,2628
8776: 8715,8714,8716,8778,8835,8837
2536: 2442,2441
9775: 9950,44,9699,9345,73,9791
2538: 2632
7576: 7490,7577
2540: 2541,2634
2541: 2540,2447
8023: 7944,8021,8252,7946,7945,9687
9899: 9774,1089
2544: 2638,2733,2639
6853: 6854,6759,6760,6945
9773: 9920,9839,9650,9805
2547: 2453,2642
6874: 6966,6780,6781,6967
2549: 2454,2550,2362,2643
2550: 2549,2362,2552,2363,2551
2551: 2550,2552,2646,2553
2552: 2363,2459,2554,2550,2551,2553
2553: 2646,2648,2552,2554,2551,2649
2554: 2552,2459,2555,2463,2553,2649
2555: 9491,2463,2364,2460,2459,2554
9234: 9976,9450,9074,9119,9235,9214
9674: 9956,9830,9276,466,9586,529
2558: 2744,9913,9319,2372,2745
2559: 2373,2654,2279
6974: 6882,7066
2561: 2655,2657,2374,2373,2468
8486: 8417,8485,8487,8620,8554
8358: 8209,8210,8430,8357,8429,8499
6062: 6063,6160,5964,5965
8103: 8178,8179,8401
7736: 7737,7819,7735
7750: 7667,7832,7915
9545: 9456,9378,9828,9235,9292,9450
2569: 2573,2570,2571,9510,9532,2664
2570: 2669,2569,2573,2667,2664,2767
2571: 9510,2476,2478,2384,2569,2573
8485: 8486,8343,8616,8680,8620
2573: 2669,2569,2570,2384,2574,2571
2574: 2385,2384,2481,2669,2573,2387
6804: 6614,6519,6520,6805
2576: 2483,2387,2672,2669,2767
9273: 9809,9589,131,9326,175
2578: 2484,2483,2672,2674,2673
5584: 5485,5583,5585,5683
2580: 2201,2390,2389,2771,2770
7719: 7720,7635,7801
2582: 2870,2772,2485,2678,2391
9247: 372,9295,9528,318,9372,489
2584: 2585,2679,2490,2678
2585: 2680,2679,2584,2491,2490,2586
2586: 2681,2491,2492,2680,2585
5818: 5817,5720,5819,5917,5918
2588: 2493
5568: 5569,5668
7675: 7503,7674,7504,7591,7841,7759
2591: 
7131: 7130,7220,7041
2593: 
7400: 7312,7401,7487,7488
2595: 2500,2689
6083: 5986,6180,6084
9162: 9193,9239,9161,9038,9194,9240
5624: 5723,5724
7740: 7656,7739,7741
2600: 2694,2695
9857: 9752,9170,9133,9762,10030
8632: 8567,8499,8498,8429,8695,8696
8121: 8197,8272,8042,8120
2604: 2698,2699,2510,2509
9218: 9122,9238,9121,9504,9307
5535: 5437,5436,5434,5631,5533,5536
2607: 2512,2513,2702
7153: 7154,7063,7152,7062
2609: 2703,2514,2610,2704
2610: 2516,2515,2514,2609
9374: 3536,3735,3837,3839,9332,9425
2612: 2518,2613
2613: 2708,2518,2612
9671: 9862,9742,9970
7311: 7312,7398
2616: 2710,2522,2617
2617: 2712,2618,2522,2523,2616
2618: 2617,2712,2523,2524,2713
6766: 6671,6672,6767
2620: 2715,2525,2526
8973: 8868,8867,8811,8812,9063,9069
9649: 9904,9284,9875,9795
8714: 8776,8649,8715,8834,8891,8835
9942: 8393,9963,8395,9651
8025: 8257,8101,8331,8026,8178,8182
2626: 2721,2720,2531
7327: 7328,7238
2628: 2722,2533,2534,2723
8430: 8211,8358,8431,8499
8474: 8405,8262,8538,8336,8540
6631: 6535,6537,6632,6820,6725
2632: 2538
8325: 8173,8249
2634: 2729,2540,2728
9186: 9229,9185
9046: 9091,9132,9089,8945,8893,8946
5793: 5792,5695,5794,5893
2638: 2733,2544,2732
2639: 2640,2734,2544,2733
2640: 2639,2734
8184: 9705,8028,8029,7949,8259
2642: 2547,2643
2643: 2738,2549,2642
7703: 7619,7450,7701,7783,7704
5917: 5916,6015,5818,5817,5918
2646: 2553,2648,2551
9010: 8960,8857,9381,9716,8962,9653
2648: 2646,2553,2742,2649
2649: 2742,2650,2554,2463,2553,2648
2650: 2742,2649,9624,2744,2743
6927: 6926,7018,7019
2652: 2942,2842,2747,2372,2745,2841
5520: 5620,5619,5421
2654: 2559,2655,2846,2848
2655: 2657,2561,2373,2654,2752
8991: 8885,9040,8990,9039,8769,8938
2657: 2655,2561,2658,2468,2752,2753
2658: 2468,9841,2657,2753,9654
6211: 6114,6212,6308
8455: 8727,8593,8383,8454,8524
2661: 9965,10023,2853,2757
2662: 2953,2758,2951
8820: 8818,8821,8700,8701,8878
2664: 2667,2666,2569,2570,9532,9595
6463: 6462,6558,6464
2666: 2762,2667,2664,9595,2761,2858
2667: 2762,2664,2666,2570,2763,2767
9488: 527,9495,9365,9388,9514,9264
2669: 2573,2570,2574,2387,2576,2767
9167: 9166,9168
6556: 6461,6651
2672: 2483,2576,2578,2862,2767,2673
2673: 2674,2865,2672,2578,2862
2674: 2866,2865,2673,2578,2770
8811: 8627,8869,8812,8867,8810,8973
7569: 7570
7120: 7119,7209,7210,7029
2678: 2391,2679,2584,2582
2679: 2680,2585,2584,2678
2680: 2585,2679,2586,2681,2776
2681: 2586,2680,2776,2777
2682: 
9431: 9566,9300,9315,9464,9288,9324
9610: 9564,9613,9546,9827
2685: 2686,2781
2686: 2685,2781
6598: 
9315: 9566,9300,9431,9526,9445,9287
2689: 2595,2785
9314: 9989,9347,8252,10015,9783,9687
2691: 2787
7739: 7656,7740,7655,7821
2693: 2694
2694: 2600,2693,2695,2790
2695: 2600,2694,2790,2791
9654: 2753,2658,9841
2697: 2698,2793
2698: 2604,2699,2697,2793
2699: 2604,2698
6122: 5926,6121,6219
7713: 7794,7630,7631,7796,7876
2702: 2703,2607,2797
2703: 2609,2702,2704,2799
2704: 2609,2703,2799,2800
2705: 
9558: 9318,9501,9507,9387,9802
7091: 7092,7001,7178,7000,7181,7182
2708: 2613,2709
2709: 2710,2708
2710: 2616,2709,2806
2711: 
2712: 2617,2618,2808,2713
2713: 2808,2712,2618
9059: 9012
2715: 2620
9948: 406,9474,405
6799: 6705,6706,6801,6703,6894
2718: 2719
2719: 2718,2815
2720: 2721,2626
2721: 2626,2720,2722
2722: 2628,2721,2723,2818
2723: 2722,2628,2818
7944: 8023,8021,7865,7946,7867,7947
8154: 8155,8076,8074,8075,8231
5581: 5680,5481
6507: 6604,6508,6506
2728: 2729,2634,2824
2729: 2730,2634,2728,2824,2825
2730: 2729,2825,2826
9109: 9020,9067,9066
2732: 2638,2827
2733: 2638,2544,2639,2734
2734: 2640,2639,2830,2733
6856: 6855,6763
6982: 6891,7081,7163,7073,6983
8884: 8938,8989,8882,8767,8826,9037
2738: 2643,2833
9165: 9163,9128,9894,9130,9085,9126
9967: 9805,9647,9406,9540,7179
9292: 9237,9236,9235,9640,9545,9378
2742: 2650,2649,2648,2743,2837
2743: 2837,2742,2650,2744,2840
2744: 2558,2650,2743,2840,2745
2745: 2840,2841,2744,2558,2372,2652
7924: 7759,7923,7677,8006,8004,8005
2747: 2464,2372,2844,2652,2942
6966: 6874,6967,7058,7057
8818: 8820,8876,8821,8700,8874
9005: 9336,9592,8898,9098,9004
9187: 9114,9214,9976,9182
2752: 2655,2657,2848,2753
2753: 9654,2657,2658,2752
9603: 7778,9301,7694,9884,9667
2755: 2852
9632: 9350,9604,9808,5346,9755,9404
2757: 2853,2661,2758
2758: 2951,2757,2662
9751: 9877,9718,9670,4940,9959,9721
7737: 7736,7819
2761: 3051,9595,9605,2666,2858,3052
2762: 2667,2666,2763,2858,2957,2861
2763: 2862,2762,2667
6654: 6653,6748,6558,6749
6179: 6081,6180
8784: 9448,8843,9617,8844,8659
2767: 2669,2570,2672,2576,2667
9594: 9750,9293,9340,9519
8647: 8513,8444,8514,8709,8710
2770: 2771,2867,2580,2866,2674
2771: 2868,2867,2770,2580,2390,2485
2772: 2870,2582,2485,2868,2966,2965
9490: 9367,9539,6140,6525,6336,6335
8658: 8591,8592,8659,8721,8843
5765: 5764,5666
2776: 2777,2873,2680,2681,2872
2777: 2776,2873,2874,2681,2778
2778: 2777,2874
9832: 9886,9694,9702,9981
6550: 6549,6645,6455
2781: 2685,2686
8502: 8361,8568,8434,8639,8636,8638
6144: 6242,6047,9578,6241,6339
9173: 9171
2785: 2689,2881
9307: 9504,9564,9613,9218,9420,9217
2787: 2884,2691
6422: 6425,6517,6612,6516,6421
7122: 7212,7123,7032
2790: 2886,2694,2695,2791,2887
2791: 2887,2888,2695,2790
7273: 7098,7007,7360,7184,7276,7275
2793: 2697,2698,2890
2794: 
9102: 9017,9892,8968,9140,9438,9787
8913: 9060,8962
2797: 2893,2702
5904: 6003,5804,5805
2799: 2895,2703,2704,2896,2800
2800: 2896,2704,2799
5825: 5727,5826
2802: 
7360: 7183,7184,7273,7446,7532,7275
5871: 5870,5772,5872,5970
8674: 8675,9694,8542,8734,8611
2806: 2902,2710
9801: 9417,9469,9724,9309,9764
2808: 2713,2712,2904
9624: 9491,2463,9333,2650,9319
9094: 8999,9092,8949,9054,9052,9001
8810: 8867,8866,8919,8627,8811
2812: 2909,2908
9550: 9499,7780,9458,7698,7779,9354
8873: 8757,9588,8565,8498,9355,8631
2815: 2719,2912
8955: 9007,8847,8846,9008,8848
5834: 5833,5933,5736,5737,6032
2818: 2722,2723
8393: 8603,9963,9942,8392,8244,8395
5662: 5760,5661,5562,5663,5761
8054: 7894,7974,8053,8133
2822: 
5659: 5755,5560,5657,5756,5758,5660
2824: 2920,2728,2729,2921,2825
2825: 2921,2730,2729,2824,2826
2826: 2827,2923,2730,2825
2827: 2826,2923,2924,2732
10026: 9946,9962
9837: 9487,9974,9329,9950
2830: 2734,2926
9586: 9281,466,9956,9674,9856,9843
5538: 5635,5536,5736,5438,5637,5440
2833: 2738
7999: 8158,7918,7917,8080
9386: 9712,9359,9544,9952,9778
2836: 2837
2837: 2743,2742,2836
6425: 6422,6423,6327,9278,9908
9525: 7847,7929,9518,9559,9466
2840: 2936,2937,2745,2841,2744,2743
2841: 2840,2937,2745,2652,2842,2938
2842: 2652,2942,9304,2841,2940,2938
7155: 7156,7154,7244
2844: 2846,9485,2464,2747,2942,9697
9780: 863,9937,9905,9840,9895
2846: 2844,9485,2848,2654,2464
5552: 5451,5350,5452,5653,5551,5849
2848: 2846,2654,2752,9759
9739: 9976,9450,9828,9681
8589: 8655,8654,8656,8521,8522,8590
6335: 6336,6337,9872,9490,6525,9658
2852: 2755,2949,2853
2853: 2949,2757,2661,2852
10002: 9388,9321,9940,9788,9557,9316
9454: 5142,9602,9523,9503,5138,9294
9597: 3835,3938,9582,9425,9396,4036
9737: 9669,9874,9665,1169,1250
2858: 3054,2957,3052,2762,2666,2761
8021: 7944,8023,8252,8099,7942,7865
5587: 5487,5488
2861: 2960,2958,2762,2862,2957
2862: 2763,2672,2673,2958,2861
9240: 9567,9615,9239,9162,9194,9242
9267: 9606,9389,9961,10021
2865: 2866,2674,2673,2958,2962
2866: 2674,2865,2867,2770,2962,2963
2867: 2771,2868,2770,2866,2964,2963
2868: 2771,2867,2772,2485,2964,2965
9161: 9193,9162,8989,9123,8990,9038
2870: 2772,2582,2871,2966,2967
2871: 2872,2870,2967,2968
2872: 2871,2776,2873,2968
2873: 2776,2777,2874,2872,2970
2874: 2777,2873,2778,2970
9729: 10024,9928,9472,9705,8258,9486
8950: 8841,8895,8949,9054,9004
7724: 
9254: 9320,9279,1396,9481,1562,9409
2879: 
8495: 8425,8426,8424,8494,8562,8630
2881: 2785
5756: 5758,5856,5755,5659,5754,5855
6130: 5936,6231,6031,6128,6326
2884: 2787,2981
7439: 7351,7525,7175,7526
2886: 2790,2982,2887,2983
2887: 2791,2886,2790,2983
2888: 2791
9073: 9114,9214,9072,9074
2890: 2891,2986,2793,2987
2891: 2890,2892,2987
2892: 2893,2891
2893: 2797,2892,2990
6660: 6564
2895: 2799,2896,2992
2896: 2800,2895,2799,2992
6088: 6185,6089
2898: 
9753: 9714,9768,9779,10031
2900: 2997,2901
2901: 2998,2902,2997,2900
2902: 2998,2806,2901,2999
9372: 371,318,370,9247,9528
2904: 2808,3001
5994: 5895,5995,5993,6091
2906: 
9381: 9864,9349,9716,9391,9641,8960,9010
2908: 2812,2909,3004,3005
2909: 2812,2908,2910,3005
2910: 2909,3007
7430: 7162,7341,7518,6979,7163,7342
2912: 2815,3009
6731: 6733,6638,6637,6823
9924: 2005,9859,9731,9816,2185
9764: 9724,9801,9696
6010: 6009,5912,6011
10007: 9205
8682: 8743,8744,8681,8619,8683,8801
9275: 123,84,9598,9547
2920: 2824,2921,3016
2921: 2825,2824,2920,3018
5641: 5740,5542
2923: 2826,2827,2924
2924: 2827,2923,2925
2925: 2924,3022
2926: 2830
7039: 7130,7129
2928: 3025
5676: 5774,5775,5675
9542: 1583,1497,9630,9361,9327
8265: 8412,8191,8339,8264,8481
9683: 8176,8175
9864: 9381,9349,9716,9688,9916
9092: 8999,8946,9094,9091,9001,9049
6127: 6031,6128,5931,6028,6126,6226
2936: 2840,2937,3032
2937: 2840,2936,2841,3131,2938
2938: 2940,3036,2937,2841,2842,3131
9424: 9418,9621,3339,3536,9772
2940: 3037,3036,2938,2842,9304,3038
5571: 5572,5472
2942: 2652,2842,9304,2747,2844,9697
6653: 6654,6748,6558
2944: 3136,3234,9704,3137
2945: 3140,3141,3042,3139
8841: 8718,8950,8895,8782,8842,9004
5796: 5697,5895
9734: 9524,9282,4233,9569,4336,4131
2949: 2853,2852
9565: 9272,9515,9487,9806,9329,9416
2951: 2758,2953,2662,3242,3144
8498: 8429,8565,8632,8873,8695
2953: 2662,2473,2951,9555,3144
2954: 3051,9541,3048,3148,3147
8806: 8622,8748,8685,8805,8807,8916
9262: 9569,9328,9935,3833,4132
2957: 2858,3054,2762,2960,3057,2861
2958: 2960,2861,2862,2865,2961
7564: 7649,7565,7478,7563
2960: 2958,3057,2861,2957,2961,3156
2961: 2962,2960,2958,3156
2962: 2961,2866,2865,2963
2963: 3061,2964,2866,2867,2962
2964: 3061,2963,2868,2867,2965
2965: 3063,2966,2868,2772,2964
2966: 3064,3063,2965,2870,2772,2967
2967: 2968,2870,2871,3064,2966
2968: 2967,2871,2872
8708: 8707,8644,8769,8645,8829,8885
2970: 2873,2874
9590: 9804,9337,9441,9248,9366
8207: 8208,8282
2973: 2974,3071
2974: 2973,3071,3072
6063: 6160,6062,5966,5965
7679: 7761,7763,7593,7680,7847
9216: 9217,9640,9190,9238,9120,9237
9691: 9854,9787,9889,9800
2979: 
10005: 9629,9960,9571,9556,9664,9824
2981: 2884,2982,3078
2982: 2886,2981,3079,2983
2983: 3080,2886,2982,2887
9711: 10025,9678
2985: 2986,3082
2986: 2890,2985,3084,2987
2987: 3085,2986,2891,2890,3084
6052: 6153,6051,6055,5956,6148
5647: 5545,5447,5648,5943,5746
2990: 2893,3088
2991: 
2992: 3089,2895,2896,3090
6866: 6867,6773
7184: 7183,7360,7181,7095,7007,7273
6169: 6072,6071,6266
9655: 9496,9421,10037,9829,9798,9707
2997: 2900,2998,2901,3095
2998: 2901,2902,2999,2997,3095
2999: 2998,2902
9387: 9548,9242,9243,9558,9501,9507
3001: 3098,2904,3099
9757: 9958,456,9746,515,9865,9818
3003: 3004,3101
3004: 3003,3101,2908,3005
3005: 3103,2909,2908,3004
9270: 9276,9719,9821,408,9830
3007: 3104,3105,2910
5598: 5498,5499,5597,5599,5697,5698
3009: 3106,2912
6118: 6216,6215,6021,6117,6119
3011: 3108,3012
3012: 3011
7102: 7101,7191,7011,7103
6282: 6283,6185,6378
3015: 3016
3016: 2920,3015
8737: 9836,9587,8677,8739,8738
3018: 3116,2921
9640: 9216,9420,9217,9292,9378,9277
5752: 5453,5653,5454,5751,6046,5851
8680: 8616,8741,8485,8908,8620
3022: 3119,2925
8885: 9040,8991,8708,8769,8829,8886
8844: 8659,8661,9419,9284,8784
3025: 2928,3122,3123
9537: 9446,9338,9781,9803
3027: 
7238: 7237,7148,7149,7327
3029: 
6259: 6162,6260,6356
7371: 7283,7284,7544,7545
3032: 3129,2936
9625: 9568,8799,9391,8741,9641,8908
5668: 5568,5569
9496: 9421,9655,10037,155,9642
3036: 3037,2940,2938,3131,3230,3134
3037: 2940,3036,3135,3038,3134
3038: 3136,9304,9679,3037,2940,3135
8801: 8960,8857,9641,8681,8743,8682
8343: 8483,8616,8119,8414,8270,8485
3041: 3137,3138,3236
3042: 2945,3141,3043
3043: 3042,3141
8970: 8865,8917,9018,8919,9407,9019
3045: 3246,3048,9541,9535,3442,3245
9797: 9689,10000,9462,9489,9799,9331
9065: 9066,9180,9106,9177
3048: 3248,3246,3045,9541,2954,3147
5945: 9614,5946,5650,6043,9306
6554: 6555,6553
3051: 2954,2761,9605,9411,3052,3148
3052: 2858,3054,2761,3051,3148,3151
8497: 8356,8496,8565,8282,8631
3054: 2858,2957,3052,3057,3153,3151
8471: 8401,8330,8255
7191: 7101,7102,7190,7279,7280
3057: 2960,3054,2957,3153,3154,3156
7119: 7120,7209,7029,7118,7208
9406: 7178,7000,9540,9512,9967
6829: 6828,6922,6735
3061: 2964,2963
6603: 6700
3063: 3064,2966,2965
3064: 3063,2966,2967
7244: 7154,7155
6708: 6706,6896,6610,6516,6612,6897
9145: 9177,9180,9179
6973: 6972
3069: 3166
5849: 5751,6142,5552,5653,5848,5551
3071: 3168,3169,2973,2974,3072
3072: 3170,3073,2974,3169,3071
3073: 3170,3072,3074
3074: 3073
8401: 8471,8330,8179,8103,8255
9391: 9568,9625,9641,9381,9349
8590: 8591,8522,8523,8589,8656
3078: 2981,3079,3176
3079: 3080,3176,2982,3078
3080: 3079,2983,3081
3081: 3082,3080,3179
3082: 3081,2985,3179,3180
3083: 
3084: 2986,2987,3085
3085: 2987,3084
8649: 8715,8714,8447,8712,8834
9795: 9740,9875,10029,9649
3088: 3089,3185,2990
3089: 3088,2992,3090
3090: 3091,3089,2992
3091: 3090
8161: 8002,8082,8081,8160,8387,8238
3093: 3190
9409: 1316,9320,9254,1238,9397
3095: 3193,2997,2998
3096: 
9283: 9415,9251,9576,941,866
3098: 3001,3099
3099: 3001,3098
9833: 9783,9953
3101: 3003,3004,3199
9939: 9789,9727
3103: 3005,3104,3200
3104: 3007,3105,3103,3202
3105: 3007,3104,3106,3202
3106: 3009,3105,3204
5938: 5839,9784,5639,5640,5837
3108: 3011,3205
9242: 9548,9387,9243,9194,9240,9615
8033: 8032,7953,7875,7954,8110
6410: 6313
8895: 8718,8950,8841,8838,8949,8779
5786: 
9341: 9432,6135,9644,9896,9685,9914
8307: 8309,8382,8234,8306,8232,8380
3116: 3018,3117,3213,3214
3117: 3118,3116,3214
3118: 3117,3119,3216
3119: 3022,3118,3216
5754: 9394,5855,5852,5755,5756
3121: 3219,3122
3122: 3123,3025,3219,3121
3123: 3122,3025
7892: 7811,7973
9882: 9745,792,9840,10008,723,9895
3126: 3127,3224
3127: 3126,3224
8972: 9023,8921,9105,9497,9021
3129: 3032,3130,3226,3227
3130: 3131,3230,3129,3227,3326
3131: 3130,3230,2937,3036,2938
7759: 7923,7924,7675,7591,7841
8168: 8392,8318,8463
3134: 3330,3230,3037,3036,3135,3327
3135: 3037,3038,3136,3134,3331,3233
3136: 3038,2944,3234,3135,3233
3137: 3041,2944,3235
3138: 3238,3139,3236,3041
3139: 3238,3138,3140,2945
3140: 2945,3141,3238,3139
3141: 3140,2945,3042,3043
9125: 9243,9038,9194,9126,9039,9163
8619: 8620,8554,8683,8681,8682
3144: 3145,2951,2953,3242,3342
3145: 9555,3144,3342,3245,3340
6841: 6934,6748
3147: 3148,3249,3347,2954,3248,3048
3148: 3147,3249,2954,3051,3052,3151
9676: 224,136,9991,9468,9439
8458: 8387,8457,8460,8596,8666,8597
3151: 3251,3153,3054,3052,3148,3249
9032: 9157,9033,9190,8983,8929,8982
3153: 3251,3252,3151,3054,3057,3154
3154: 3254,3156,3057,3252,3153,3351
9883: 9969,9853,9657,237
3156: 3254,3154,2960,3057,2961,3255
5750: 5848,6043,5551,5349,5650,5550
8352: 8423,8424,8278,8279,8425
9419: 9904,9284,9628,9260,8844,8661
7123: 7033,7032,7212,7122
5898: 5997,5996
6902: 6994,6622,6993
8303: 8376,8301,8228,8227,8229,8304
3164: 3262,3263
5620: 5520,5619,5621,5720
3166: 3069,3264
7411: 7324
3168: 3169,3071
3169: 3168,3071,3170,3072
3170: 3072,3073,3169,3269
6269: 6172
7617: 7275,7618,7698,7532,7619,7701
9549: 9968,10018,9755,9909
3174: 
6831: 6832
3176: 3079,3078,3275
7582: 7581,7667
8434: 8361,8502,8363,8639,8435
3179: 3278,3082,3081,3180
3180: 3181,3279,3082,3179,3278
3181: 3180,3279,3280
8888: 8710,8831,8772,8995,9088,8889
9516: 3235,9520,9713,9990,9771
3184: 3282
3185: 3088,3284
8370: 8296,8579,8369,8298
6099: 6098,6196,6001
5536: 5533,5635,5538,5437,5535,5438
9955: 9922,9814,9876,3635,9935,3733
3190: 3289,3093
6773: 6866,6867
9907: 9782,9793,81,163,10040
3193: 3095,3292
6317: 6316,6219,6320,6416,6414
8813: 8562,9207,8561,8869,8976,9467
7765: 7598,8170,7421,7511,7596,7929
5967: 5868,5869,5968,5966,6065
8260: 9289,8259,8108,8031,8186
3199: 3297,3101,3200
3200: 3103,3199
6241: 9367,6144,6336,6338
3202: 3300,3301,3104,3105
9515: 9272,9565,9806,232,233
3204: 3303,3106,3205
3205: 3304,3108,3303,3204
9703: 9348,9523,10025,9294
3207: 3305
9776: 9873,10006,9792,9964,6528
3209: 3210,3307
3210: 3209,3211
3211: 3210,3212
3212: 3213,3211
3213: 3212,3312,3116,3214
3214: 3116,3117,3213,3312
6855: 6856,6761,6854
3216: 3118,3119,3314
9664: 9824,10005,9960,9318
5603: 5503,5504,5604
3219: 3121,3122,3317
3220: 
7577: 7490,7576
3222: 3320,3321
6499: 6498,6403
3224: 3322,3126,3127
6391: 6295,6392,6390
3226: 3129,3227
3227: 3326,3129,3130,3226
9017: 9102,9892,8968,8915,9016,9061
7169: 7259,7170,7079,7258
3230: 3130,3131,3036,3327,3134
9920: 9773,9839,9650,10042
6047: 6242,6144,9455,5951,6048
3233: 3331,3333,3334,3135,3136,3234
3234: 2944,3136,3233,3334,3235
3235: 9520,9516,3234,3137,3334
3236: 3238,3138,3041,9771
9301: 7778,9603,7777,9561,9667
3238: 3138,3139,3236,3140
3239: 10038,9957,9966,3434,3533,3634
7161: 7070,7162,7341,7252,7606
9279: 9320,9254,9481,9250
3242: 3342,2951,3144
8279: 8278,8050,8205,8352
9482: 10013,9352,9408,9574
3245: 3441,3442,3340,3145,9535,3045
3246: 3248,3048,3045,3442,3345,3639
5817: 5818,5718,5816,5916,5917
3248: 3246,3048,3147,3347,3345,3445
3249: 3148,3147,3347,3251,3151,3349
7349: 7437,7170,7436,7348
3251: 3252,3153,3151,3349,3249
3252: 3251,3153,3154,3449,3351
9741: 939,1014,938
3254: 3154,3156,3255,3352,3351
3255: 3254,3156
6922: 6829,7013,7014
3257: 3355
10033: 9619,9463,9675,9659,2294
8347: 8418,8419,8273,8346,8274,8348
3260: 
6979: 6886,6699,6888,7162,7430,7163
3262: 3164,3263
3263: 3264,3164,3262
3264: 3263,3166,3363
6648: 6552,6553,6647,6742
8210: 8133,8209,8358,8134,8211
9698: 9969,9853,9804,9440
9841: 2658,9654
3269: 3367,3170,3270
3270: 3269
3271: 3272,3370
3272: 3271,3370,3371
8847: 8846,8955,8848
9130: 9085,9127,9600,9088,9165,9894
3275: 3374,3176,3373
7494: 7581
9684: 9494,6519,9417
3278: 3179,3180,3279
3279: 3180,3181,3280,3278
3280: 3181,3279
9355: 8694,8631,9478,8873,9588,9252
3282: 3184,3380
6624: 6720,6527,6528,9817,6813
3284: 3285,3383,3185
3285: 3384,3284,3383,3286
3286: 3385,3384,3285
9362: 9529,6720,7083,9377
9106: 9020,9066,9065
3289: 3190,3386
6969: 6970,7060
9081: 9037,8987,8881,9080,9123,9160,9122
3292: 3193
6700: 6604,6603,6797,6699,6890
3294: 3295
3295: 3294
6723: 6997,6815,6534,6439,6535
3297: 3199
9474: 297,405,9948
7811: 7892
3300: 3202,3301,3399
3301: 3202,3300,3399,3400
5816: 5718,5817,5916
3303: 3204,3205,3304
3304: 3205,3305,3403,3303
3305: 3304,3403,3207,3404
8065: 8066,8064,8143,8144
3307: 3209,3406
6769: 6674,6768,6862
8047: 8046,8201,8126
9533: 9410,5851,5949,5852,9394
7864: 7702,7941,7783,7942,7865
3312: 3213,3214
9039: 9040,8991,8990,9125,9038,9126
3314: 3216,3412
9079: 9120,9121,8984,8933,9080,9033
3316: 3317,3414
3317: 3316,3219
9400: 9518,9559,9785,7931,9531
6937: 7029,6844
3320: 3222
3321: 3322,3222
3322: 3224,3321,3421
7401: 7314,7402,7400,7488
8101: 7945,9953,8026,8178,8025
8770: 8830,8645,8829,8579,8709
3326: 3227,3327,3130,3425
3327: 3326,3230,3134,3330,3427,3425
9440: 9804,9337,9969,9698,9339
7098: 7008,7007,7273,7099,7276
3330: 3134,3427,3327,3331
3331: 3233,3333,3135,3330,3430
7109: 7018,7019,7110,7199,7198
3333: 3331,3233,3334,3431,3530,3430
3334: 3233,3333,3234,3235,9520,3530
3335: 3434,3433,9520,9713,3530,3531
7355: 9458,7697,7270,7446,7779
9627: 7434,7609,7518,9636,9639
9539: 9367,9490,5948,9311,6140
3339: 3539,9756,9621,9424,3536,3735
3340: 3441,3245,3342,3145,10011
6023: 
3342: 3242,3145,3144,9891,3340
9579: 1582,9327,9572,9609,1412
5555: 5949
3345: 3639,3444,3836,3248,3246,3445
8695: 8757,9070,8498,8632,8696
3347: 3147,3249,3248,3349,3445,3545
6823: 6821,6912,6731,6915
3349: 3251,3249,3347,3545,3448
6910: 6725,6911,7002,6724,6909,7001
3351: 3352,3450,3252,3254,3154,3449
3352: 3450,3451,3351,3254
6209: 6307
6336: 6338,6337,6335,6241,9490
3355: 3453,3452,3257,3454
9799: 9522,9599,9887,9797,9689,9331
7769: 7686,7775,7770
9688: 9423,9864,9349
9891: 10011,3342
9128: 9163,9165,9894,9960,9318,9501
9983: 9100,9012
6109: 6110,6206,6207,6011
3363: 3364,3264
3364: 3363
6138: 9652,6618
6482: 6386,6387,6483
3367: 3269
9715: 1163,9722,1087,9902,9903,9708
9971: 9596,10043,9368,9930
3370: 3469,3371,3271,3272
3371: 3370,3469,3272,3372,3470
3372: 3470,3471,3373,3371
3373: 3275,3374,3372,3471
3374: 3275,3375,3373,3473
3375: 3374,3473
9120: 9079,9238,9121,9033,9190,9216
6077: 6078
7628: 7544,7545,7543,7711,7794
9371: 9427,477,9642,9421,416,358
3380: 3282
6423: 6327,6425
3382: 3480,3383
3383: 3384,3284,3285,3382,3482
3384: 3285,3383,3385,3286,3482,3483
3385: 3286,3384,3484,3583,3483
3386: 3289,3484,3485
9702: 9981,9886,9836,9587,9832
7095: 6916,7003,7092,7181,7184,7007
7405: 7318
9477: 8976,9467,9290,9453,9509
9639: 9636,9299,7341,7518,7606,9627
6871: 6872,6964
8807: 8865,8916,8917,8806,8748,8808
6308: 6405,6211,6307
6347: 6346,6441,6252,6348,6537
8675: 9886,8674,8544,8542,8676
3397: 
3398: 
3399: 3497,3498,3300,3301,3400
3400: 3499,3301,3399,3498
7563: 7562,7564
9816: 9731,9924,1917,2185,1831
3403: 3305,3304,3404
3404: 3305,3403
6711: 6712,6615,6617,6805
3406: 3307,3407,3504
3407: 3406,3506
8397: 8093
7001: 7092,7091,6910,7002,6909,7000
3410: 
7791: 7792,7790,7870,8108,8031,7952
3412: 3314,3511
9575: 7075,9384,9511,9601,9860,7345
3414: 3316,3512,3513
7041: 7131
7757: 7841,7922,7673,7674,7756,7839
3417: 3516
9306: 9265,9614,5945,9471,9305
8221: 8144,8220,8145,8222,8296
10001: 1930,10010,1928,9662,9822
3421: 3519,3322
7941: 9499,7780,7783,8020,7942,7864
3423: 3521,3522
9428: 9324,99,9527,9566,225,9611
3425: 3522,3326,3327,3427,3526
9238: 9120,9121,9218,9216,9217
3427: 3330,3327,3425,3527,3526
7043: 7133
7258: 7079,7259,7169,7523,7347
3430: 3431,3627,3331,3333,3527
3431: 3628,3627,3530,3430,3531,3333
9982: 9317,9571,9556,9089,10003
3433: 3434,3335,3531,3729,3732,3533
3434: 3433,3335,9713,3239,9957,3533
5564: 5663,5664
9522: 9799,9599,4438,9331,9498,9513
6037: 6133,9401,9668,6038,5839,6132,5937
9744: 9621,9912,10036,9932,9756
9559: 9400,9518,9525,9466,9457,9531
9868: 4942
3441: 3442,3245,3340,9932,10011,3540
3442: 3441,3245,3246,3045,3540,3639
9949: 2196,9931,9682,9888,2288
3444: 3345,3445,3643,3641,3742
3445: 3545,3643,3248,3347,3345,3444
9817: 9725,9975,10006,6624,6527
7396: 7309,7484
3448: 3548,3449,3349,3545
3449: 3548,3448,3252,3450,3351,3549
3450: 3352,3451,3351,3549,3449,3550
3451: 3352,3450,3452,3550,3551
3452: 3453,3355,3451,3552,3551
3453: 3452,3355,3454,3552
3454: 3455,3453,3355
3455: 3454,3456
3456: 3455,3555
9752: 9170,9857,9132,10003,9762
3458: 3557,3558
5633: 5533,5635,5632,5733
3460: 3559
7182: 7183,7181,7178,7091,7270,7180
6032: 5837,5737,5933,5834,5936,5937
7756: 7839,7838,7673,7757
3464: 3564
7698: 7779,7532,7617,7780,9550,7701
9844: 9984,9681
3467: 
5895: 5994,5796,5894,5993
3469: 3370,3569,3371,3470
3470: 3372,3471,3569,3469,3371
3471: 3571,3372,3470,3373
9461: 9393,9263,159,79,117
3473: 3572,3374,3375
9829: 9736,9798,9707,9760,9655
9347: 9989,9314,9763,10015
3476: 3477
3477: 3476,3577
6265: 6266,6264
9412: 9352,9573,9723,9258,10013
3480: 3382
6683: 6588,6682
3482: 3384,3383,3483
3483: 3583,3384,3385,3482
3484: 3583,3385,3386,3485
3485: 3386,3484,3486
3486: 3487,3485,3586
3487: 3486,3586
5859: 5760,5758,5856,5957
3489: 3589,3588
7543: 7456,7542,7544,7628,7627,7711
3491: 
9712: 9359,9386,9395,9505
8625: 8688,8559,8624,8493,8560
8831: 8709,8710,8888,8830,9127,9088
9268: 9536,578,9577,919,9493
5907: 
3497: 3399,3498
3498: 3399,3497,3499,3400
3499: 3400,3498
5928: 5828,5829,5826,5926,5929
6926: 6927,7018
3502: 3503,3602
3503: 3502,3504,3603,3602
3504: 3406,3503
8116: 8191,8115,8193,8192,8268
3506: 3606,3407,3605
9219: 9160,9193,9239,9504,9560
5960: 5862,5959,5961,6059,6058
8142: 8219,8064,8143
9449: 9509,9024,9303
3511: 3512,3412,3611
3512: 3511,3414,3513
3513: 3514,3414,3512
3514: 3513
8704: 8764,8824,8365,8436,8766
3516: 3417,3517
3517: 3516
7353: 7352,7175,7440
3519: 3421
8225: 8300,8148,8372,8373
3521: 3423,3522,3721
3522: 3623,3425,3521,3423,3721
9280: 4836,4937,9877,5141,9602,9266
5995: 5994,5996,6093
6672: 6671,6766,6576,6767
3526: 3527,3625,3427,3425,3624
3527: 3526,3625,3427,3627,3430
9404: 5348,9909,5448,9755,9350,9632
8712: 8772,8834,8649
3530: 3431,3531,3333,3334,9520,3335
3531: 3628,3431,3530,3433,3335,3729
9284: 9419,9904,9649,8844
3533: 3734,3732,3434,3433,3239,3634
9401: 6037,9668,6038,9911,9979,6135
5709: 5708,5807,5609,5710
3536: 9374,9772,3735,3339,9424,9332
8435: 8639,8703,8363,8434
6837: 6744,6929,6930
3539: 3339,3540,9756,3836,3735
3540: 3539,3441,3442,3639,3836
9660: 10043,9767,9661,9444,9584,9368
7451: 7707,7539,7452,7364,7619,7450
9996: 9794,9858
9742: 9671,9862,2474,2381,9997
3545: 3445,3643,3347,3349,3448
7841: 7757,7922,7674,7675,7759,7923
7558: 7557,7472
3548: 3449,3448,3549,3648,3646
3549: 3450,3548,3449,3648,3550
3550: 3450,3451,3549,3551
3551: 3651,3552,3451,3452,3550
3552: 3651,3551,3453,3452
6761: 6760,6854,6855
9916: 9995,9864,9716
3555: 3456
5943: 5942,5746,5647,5545
3557: 3656,3458,3657,3558
3558: 3657,3458,3557
3559: 3460
9710: 9695,9848,9936,10019
3561: 
9834: 9375,9620,9693,9947
9825: 4234,9922,9814,9897,10028
3564: 3663,3464,3664
7062: 7152,6970,7153,7063
9434: 9447,9373,7935,7936
7426: 7428
7946: 7947,7944,8023,7945,8106,8026
3569: 3469,3470,3668,3669
5648: 5447,5548,5647,5746,5748,5747
3571: 3471,3572,3670
3572: 3473,3571
8550: 8679,8481,8740,8412,8413,8483
6295: 6392,6391,6198
8475: 8406,8539,8607,8477,8478
8262: 8405,8474,8261,8110,8189,8336
3577: 3677,3578,3477,3676
3578: 3677,3577,3678
7958: 7877,7878,7956,8114,8115
9551: 9612,9257,593,659,9405,801
3581: 3680
8634: 8696,8567,8568,8636
3583: 3484,3483,3385
9927: 3635,3634,9966,9766,9978,9876
9794: 9996,9858,9811,9673
3586: 3686,3487,3486
9091: 9132,9046,9092,8946,9170
3588: 3589,3489
3589: 3588,3489
8639: 8435,8703,8434,8502,8638,8702
3591: 
5583: 5584,5483,5683
3593: 3594,3693
3594: 3593,3693
6434: 6338,6337,6436,6432
7380: 7467
7914: 7832,7915,7913,7996,8075
9282: 9524,9734,9459,4336,9521,9483
9383: 91,9589,130,92,9326
3600: 
6474: 6475,6378
3602: 3702,3701,3603,3503,3502
3603: 3702,3602,3503
9682: 9888,2286,9949
3605: 3506,3606
3606: 3607,3506,3605
3607: 3606,3707
7552: 
3609: 3610
3610: 3609,3611
3611: 3511,3610
3612: 3712,3613,3711
3613: 3712,3713,3612
9896: 9644,9341,9906,9914,10020
3615: 3714,3715
9696: 7080,9860,9724,9764,7078
7392: 7304,7305,7479,7480
8074: 8075,8154,8153
6180: 6278,6083,6179
9441: 454,9804,9590,453,239
9845: 9970,9862,9286,9479
8061: 8062,8060,8140
3623: 3522,3721,3722,3624
3624: 3725,3724,3623,3526,3625
3625: 3527,3526,3627,3725,3624,3727
9670: 5041,4938,4940,9959,9751
3627: 3628,3431,3430,3527,3625,3727
3628: 3431,3627,3531,3728,3727,3729
6155: 6058,6252
8088: 8468,9466,8087,8318,8242
5889: 5789
9111: 9068,9024,9023,8921
6086: 6183,6085
3634: 3635,9927,3239,9966,3734,3533
3635: 9927,3634,3734,3733,9955,9876
9970: 9845,9671,9862,2473
9074: 9029,9119,9073,9214,9234
9815: 9990,9771,10041
3639: 3345,3836,3442,3246,3540
6337: 6336,6338,6434,9872,6335,6432
3641: 3837,3741,3839,3444,3742
8081: 7921,8001,8002,8161,8159,8160
3643: 3445,3545,3444,3743,3742
3644: 3743
7910: 7828,7909,7990
3646: 3648,3746,3548,3744,3743
9190: 9157,9033,9032,9120,9237,9216
3648: 3746,3646,3548,3549,3649,3748
3649: 3748,3648
6691: 
3651: 3552,3551,3750
9798: 9781,9829,9655,10037
8794: 
7152: 7151,7062,7153,7241
6622: 6902,6811,6993,6716
3656: 3557,3657,3755
3657: 3558,3557,3656
9836: 8737,8676,9587,9886,9702
9746: 9958,456,9757,9298,9380
8197: 8271,8121,8272,8120,8119
3661: 
7668: 7669,7667
3663: 3564,3664,3763
3664: 3665,3564,3663,3763,3764
3665: 3664,3666,3764,3765
3666: 3665,3765
5657: 5755,5560,5659,5460,5459,5461
3668: 3569,3669
3669: 3670,3569,3668
3670: 3669,3571
7368: 7280,7367,7455,7456
5609: 5509,5510,5708,5709
8676: 9836,8544,8477,8677,8675
3674: 3773,3675,3774
3675: 3676,3774,3775,3674
3676: 3675,3775,3677,3776,3577
3677: 3776,3777,3578,3577,3678,3676
3678: 3677,3777,3578,3778
8252: 8023,8021,9989,9314,9687
3680: 3581,3779,3780
6916: 6915,7003,7095,6917,7008,7007
10008: 9840,9745,9882
3683: 3684,3782,3783
3684: 3683,3783
7680: 7508,7596,7679,7847
3686: 3586,3786
8318: 8242,8667,8463,8088,8168
6475: 6474,6571
6433: 6432,9964,6531,6626,6721
9879: 9946,9962,264,9663,9414
6090: 6089,6188,5993,6091
8812: 8869,8811,8976,8973,9069
3693: 3792,3593,3594
9398: 9810,9244,9659,9476,9463,9325
7837: 7836,7918,7838
3696: 
8241: 8462,8391,8163,8165,8599,8389
9976: 9450,9234,9739,9187,9214
9479: 9532,9595,9605,9286,9845
3700: 3701,3799
3701: 3702,3602,3700
3702: 3701,3603,3602
7292: 7293
5660: 5758,5659
7992: 7993,7911,7912
6043: 5848,5750,6041,5650,5945
3707: 3806,3607
6637: 6541,6638,6731
5593: 5494,5594
5999: 5901
3711: 3712,3612,3810
3712: 3713,3613,3612,3711,3812
3713: 3712,3613,3714,3812,3813
3714: 3715,3615,3713,3813
3715: 3714,3615
8238: 8460,8389,8161,8084,8387
3717: 3817
8694: 9355,8631,9478,8496,8630
8544: 8607,8542,8477,8675,8676
7890: 7970
3721: 3722,3521,3522,3623,3820
3722: 3721,3822,3623,3820,3724,3821
5632: 5630,5631,5633,5533
3724: 3725,3624,3722,3822,3925
3725: 3724,3624,3625,3826,3727
8463: 8318,8667,8392,8168,9735,8603
3727: 3728,3826,3625,3628,3627,3725
3728: 3826,3727,3829,3729,3628,3731
3729: 3728,3628,3531,3433,3731,3732
6945: 6853,7036,7037
3731: 3732,3728,3829,3729,4031,3932
3732: 3734,3731,3533,3433,3729
3733: 9935,3932,3734,3635,9955
3734: 3732,3533,3635,3634,3733
3735: 3536,9374,3339,3539,3836,3837
9285: 9049,9340,9133,9203,9519
8483: 8343,8616,8414,8413,8679,8550
9577: 9358,9380,9298,9268,9536,9493
6418: 6512,6609,6321,6416,6514,6419
8707: 8708,8644,8769,8509,8767,8705
3741: 3641,3839,3842,3742,3835,3838
3742: 3842,3743,3444,3643,3741,3641
3743: 3842,3744,3742,3644,3643,3646
3744: 3842,3743,3746,3646,3841,3943
5855: 5754,9394,9455,5756,5856,5951
3746: 3648,3646,3744,3748,3847,3943
7417: 7504,7505
3748: 3649,3648,3746,3847,3849
7460: 7373
3750: 3651,3850,3849
7128: 7129,7037,7217,7127
5847: 5748,5747,5946
9921: 9897,9890
7142: 7141,7231
3755: 3856,3656
6749: 6654,6748,6843
10042: 9920,9839
3758: 3759,3858,3859
3759: 3758,3859,3860
8273: 8199,8346,8272,8274,8347
8905: 8904,8848
8255: 8470,8253,8179,8471,8401
3763: 3663,3664,3864,3764
3764: 3864,3765,3664,3665,3763
3765: 3764,3665,3666
9300: 9315,9431,9288,9385,9526,9370
10015: 9783,9314,9347
7101: 7102,7191,7190,7011,7010,7100
9311: 9410,6046,9578,9367,9539
5968: 5869,5967,5870,6065
3771: 3772
3772: 3773,3771,3873
3773: 3772,3674,3774,3873,3874
3774: 3675,3775,3674,3773,3874,3875
3775: 3675,3676,3774,3776,3875
3776: 3677,3777,3676,3775
3777: 3677,3776,3678,3778,3878
3778: 3777,3678,3878,3779
3779: 3778,3680,3880,3780
3780: 3880,3680,3779
9438: 9140,9661,9102,9854,9787,9767
3782: 3883,3683,3783
3783: 3683,3684,3883,3782
9572: 9579,9327,9986,9630,9609
3785: 
3786: 3686,3787,3887
3787: 3788,3786,3887,3888
3788: 3787,3789,3888,3889
3789: 3788,3889
10037: 9496,9655,9798,9781,9803
6121: 6022,6122,6218,6219
3792: 3693
6912: 6821,6823,6911,7002,6915,7003
8834: 8712,8649,8714,8943,8891
3795: 
9557: 9470,716,9316,10002,9388,9365
3797: 3897
10039: 10003,9762,9571,9824,9727,9789
3799: 3900,3700
5841: 
9827: 9858,9811,9546,9749,9610
9783: 10015,9833,9314,9953,9687
3803: 3903,3904
9843: 9934,9856,9281,9586,9770
3805: 
3806: 3707
5837: 5737,6032,5639,5839,5938,5937
3808: 3809,3908
3809: 3808
3810: 3711
7319: 7318,7231
3812: 3712,3713,3813
3813: 3713,3714,3812
8002: 8161,8082,7839,7922,7921,8081
8357: 8429,8208,8209,8358,8356
3816: 3916,3917,3817
3817: 3717,3816
3818: 3819
3819: 3820,3818
3820: 3819,3721,3722,3821
3821: 3921,3922,3820,3722,3822
3822: 3722,3724,3922,3821,3925
9623: 9628,9616,9260,8662,8663,8727
5644: 5842
6541: 6637
3826: 3728,3727,3829,3725,3927
6917: 7009,6916,6915,7008
9990: 9771,10041,9815,9516,9713,9957
3829: 3728,3826,3731,3929,4031
6231: 6130,6326,6328
8064: 8065,8142,8143
9501: 9558,9318,9243,9163,9128,9387
3833: 9935,3932,4030,4031,4132,9262
3834: 4135,4337,4134,10028
3835: 9597,3938,9425,3741,3839,3838
3836: 3345,3639,3539,3540,3735,3837
3837: 3641,3839,3836,9374,3735
3838: 3841,3940,3741,3842,3835,3938
3839: 3837,3741,3641,9374,3835,9425
9672: 9673,9863,9548,9507
3841: 3942,3940,3838,3842,3744,3943
3842: 3744,3743,3742,3741,3841,3838
9713: 9520,9516,9990,3434,3335,9957
8229: 8230,8153,8228,8152,8303,8304
5726: 5727,5725
9599: 9799,9522,9887,9646,9513
3847: 4044,3943,3746,3748,3849,3947
6278: 6180,6279
3849: 3850,3949,3947,3750,3748,3847
3850: 3949,3849,3750,3950
5680: 5581
3852: 
6735: 6640,6734,6829,6828
8155: 8154,8076,8231,8232
7289: 7288,7200,7377,7290
3856: 3755,3857,3956,3957
3857: 3856,3957,4058
3858: 3758,3859,3959
3859: 3860,3959,3758,3759,3858
3860: 3859,3759
6405: 6308,6406
8298: 8513,8444,8372,8370
8824: 8704,8764,8882,8823,8880,8881
3864: 3764,3763,3964
7127: 7036,7216,7128,7037,7217
7600: 7599,7515,7516,7601,7767
3867: 3967
9068: 9111,9023,9067,9209
3869: 3969
9160: 9219,9122,9081,9123,9193
3871: 3972,3971
5706: 5805,5606,5804,5705
3873: 3874,3772,3773
3874: 3873,3773,3774,3875
3875: 3976,3774,3775,3874
7481: 7394,7393,7480
7210: 7120,7209,7298
3878: 3777,3778,3979
9367: 9578,6241,9490,9539,9311
3880: 3780,3981,3779,3980
9298: 577,9746,9536,9577,9380
6564: 6660
3883: 3983,3782,3783
9566: 9315,9431,9428,9324,9611,9445
3885: 3986
8966: 9011,8964
3887: 3888,3988,3787,3987,3786
3888: 3887,3988,3989,3788,3787,3889
3889: 3990,3788,3789,3888,3989
9070: 8757,8695,8979,9379,8978
3891: 3991
9629: 10005,9960,9297,9600,9894,9556
6514: 6515,6610,6419,6418,6609,6705
9944: 9465,10034,9993,9695,9690,9763
8765: 8882,8826
8114: 8189,8190,8112,7958,7956,8115
3897: 3797,3997,3898,3998
3898: 3897,3998
5725: 5724,5823,5726
3900: 3799,4000,3901
3901: 3902,4002,3900
3902: 4002,3901,3903
3903: 3904,4004,3803,3902
3904: 3903,4004,3803
7938: 7937,8018
10017: 9871,9574,5346,9985,9808
3907: 3908
3908: 4009,3808,3907
6848: 6941,6849
6460: 6555
7268: 7176,7443,7179,7269,7696,7612
6662: 6757,6756,6567,6661
6055: 5957,5958,5956,6056,6052
7011: 6919,6920,7010,7101,7102
3915: 3916
3916: 3917,3816,3915
3917: 3916,3816
9987: 9232
9638: 9308,9943,9435,9377,9607,9529
6763: 6669,6856
3921: 3922,3821,4021
3922: 3921,3821,3822,4027
8710: 8709,8831,8888,8647,8772
5807: 5708,5709,5906
3925: 4027,3928,3927,3822,3724
7656: 7739,7740,7571,7655
3927: 3925,3928,3826,3929
3928: 3925,4027,3927,4029,3929,4127
3929: 4029,4030,4031,3829,3928,3927
8805: 8915,8861,8685,8806,8916
9871: 10017,9820,9985
3932: 3833,3733,3731,4031
9389: 1657,9606,1741,9267,9554,9961
3934: 3935,4135,4236,4035
3935: 3934,4035,4136
3936: 9591,9442,4036,4040,4139,4039
7880: 7878,7879
3938: 3835,9597,3940,3838,4036,4039
6781: 6780,6874
3940: 3841,3942,3838,3938,4041,4039
7619: 7450,7703,7701,7618,7617,7364,7451
3942: 3841,3940,4044,3943,4041,4145
3943: 3847,4044,3744,3746,3841,3942
8568: 8361,8502,8567,8431,8634,8636
7425: 7336,7248,7511,7598,7512
3946: 4145,4047,4045,4044,3947,4049
3947: 3949,3849,3847,4044,3946,4049
7775: 7772,7773,7603,7686,7769
3949: 3850,3849,3947,3950,4050,4049
3950: 3952,3850,3949,4050,3951
3951: 4053,4153,3952,3950,4050
3952: 3950,4053,3951,3953
3953: 4054,3955,3952,4053
7421: 7511,7508,7596,7765
3955: 4054,3953,3956
3956: 4057,3957,3856,3955
3957: 3956,4057,3856,3857,4058
9853: 9969,9698,9883,9657
3959: 3859,3858,4060
8837: 8838,8947,8776,8778,8835,8893
9098: 9054,9052,9004,9005,9097
3962: 4063,3963
3963: 4063,3964,3962
3964: 3963,3864,4065
9580: 9626,10040,9460,9369,9393,9323
6001: 5902,6098,6099
3967: 4068,3867
8596: 8662,8663,8527,8457,8458,8597
3969: 3869,4069
6110: 6109,6207
3971: 3871,4072
3972: 3871,4072,4073
7900: 7980,7899,7818,7901
7331: 7419
8739: 8907,8738,8678,8614,8737
3976: 3875
8440: 8509,8368,8439,8369,8644
9527: 9428,9324,99,9473,9439,64
3979: 3980,3878
3980: 3979,3880,3981,4081
3981: 3880,3980,4081
3982: 4083,3983
3983: 3883,4083,3982
8627: 8869,8811,8560,8561,8810
9445: 9322,9287,14,9566,9315,9611
3986: 3987,3885,4087
3987: 3986,3887,3988,4087
3988: 3887,3888,3989,3987
3989: 3888,3988,3889,3990,4090
3990: 3889,3989,3991
3991: 3891,3990
6182: 6280,6085,6084,6183
3993: 4094,3994,4093
3994: 4094,3993
9673: 9672,9863,9811,9794
6128: 6127,6031,6130,6226,6227,6326
3997: 3897,3998,4098
3998: 4098,3897,3997,3898
9606: 1657,9389,9267
4000: 3900,4100
8622: 8806,8748,8488,8555,8686,8685
4002: 3902,3901
6264: 6263,6265
4004: 3903,3904,4104
9024: 9069,9449,8868,8921,9111
4006: 4007
4007: 4108,4006
7074: 6983,7075,7431,7073,7691,7164
4009: 3908,4010
4010: 4009,4011
4011: 4010
8808: 8687,8748,8688,8865,8807,8866
4013: 4014,4113,4114
4014: 4013,4114,4115
6894: 6893,6703,6799,6984,9475
5910: 5810,6009
6897: 6709,9494,6612,6708,6896,9469
9423: 8907,8738,9568,9688,9349
8001: 7921,8081,8080,8159
9992: 9867,10035,9941,9792
4021: 3921,4122
5630: 5631,5632,5432
5963: 5865,5964
10030: 9762,9857,9789
8718: 8841,8895,8655,8656,8779,8782
8205: 8050,8279
4027: 3925,3928,3922,4227,4127
7181: 7183,7182,7184,7092,7091,7095
4029: 3929,4030,3928,4127,4332
4030: 4029,3929,4031,3833,4132
4031: 3929,4030,3829,3731,3833,3932
9812: 9291,9264,9514,9743,9980
6358: 6261,6262,6357,6359
8947: 8838,8837,8949,8893,8999,8946
4035: 4236,3935,3934,4136
4036: 9591,3936,9597,3938,9582,4039
9934: 9856,9843
9786: 9893,9692,9293
4039: 4041,4040,3938,3940,3936,4036
4040: 4242,4041,4139,4039,3936,4141
4041: 4242,4040,4039,3942,3940,4145
9126: 9125,9040,9039,9085,9163,9165
7557: 7641,7558,7470
4044: 3847,3943,3942,3947,4145,3946
4045: 4145,3946,4047,4242,4343,4146
8766: 8705,8826,8365,8507,8704
4047: 3946,4045,4151,4049,4146,4248
9330: 9526,9370,9506,9570,9313,9433
4049: 4050,3949,3947,3946,4047
4050: 4049,3949,3950,3951
8444: 8298,8513,8647,8372,8514,8373
5966: 5965,5868,5967,6063
4053: 4153,3951,3952,4054,3953
4054: 3955,3953,4053,4155
8216: 8140,8291
7446: 7779,7532,7270,7183,7360,7355
4057: 3956,4157,3957
4058: 3857,3957
8999: 9092,8946,9094,8949,8947
4060: 3959
8716: 8519,8587,8778,8776,8584,8715
6081: 6179,5983
4063: 3963,4164,4163,3962
7479: 7390,7478,7392
4065: 4166,4165,3964
7033: 7123,7032,6941
9170: 9752,9857,9133,9091,9132
4068: 4168,3967,4069,4169
4069: 4169,3969,4068
6885: 6697,6884,6790,6886,6978
7110: 7020,7109,7019,7199,7200
4072: 4073,4173,3972,3971
4073: 4072,4173,3972,4074
4074: 4073
6450: 6449,6451,6545,6546
10020: 9906,9896
4077: 
4078: 4179
9803: 157,9781,9537,9446,10037
6931: 7022,6930,7023,6932
4081: 3980,3981
8962: 8911,9581,9010,8857,9060,8913
4083: 3982,3983
7942: 8020,8099,7865,7941,7864,8021
4085: 
9604: 9350,9632,9808,9302,5247,5145
4087: 4187,4188,3986,3987
7525: 7351,7439,7526
9763: 9989,9347,9690,9944,9993
4090: 4190,3989
8275: 
10003: 10039,9762,9982,9571,9752
4093: 4094,4194,3993
4094: 4194,3993,3994,4093
8163: 8084,8005,8008,8165,8389,8241
4096: 4197,4196
9509: 9069,9449,9477,9453,9303
4098: 3998,3997,4198
8738: 8739,8907,9423,8737,9587
4100: 4000,4201
9430: 395,9248,9366,341,9259,513
6746: 6651
4103: 
4104: 4004
9822: 9810,9662,10010,10001
9508: 9936,10019,7859,9561,9643,9310
7275: 7276,7618,7617,7360,7273,7532
4108: 4007
4109: 
7735: 7818,7819,7736
7650: 7733,7649,7565
7602: 7516,7601,7603,7686
4113: 4114,4013
4114: 4113,4013,4014,4115
4115: 4216,4014,4114
9470: 716,9557,9316,646,588
4117: 4118,4218
4118: 4117,4218,4119
4119: 4120,4118
4120: 4119,4221
10040: 9626,9580,9460,9907,9782
4122: 4123,4222,4021
4123: 4122,4226,4227
9335: 9246,9709,9296,9722,9813,9645
9287: 9445,9322,9315,9526,9313,9403
6610: 6515,6514,6516,6705,6706,6708
4127: 4330,4227,4027,3928,4029,4332
9506: 9570,9330,9433,385
6385: 6481,6480
9568: 8799,9625,9391,8907,9423,9349
4131: 4234,9569,9328,9734,4233
4132: 4232,4030,3833,9262
9651: 9963,9942,9831
4134: 4234,10028,3834,4337
4135: 3834,3934,4236
4136: 3935,4035
7413: 7325
9919: 9930,9889,9926
4139: 4040,9442,3936,9256,4239,4141
9935: 3833,3733,9955,9814,9262,9328
4141: 4240,4239,4242,4040,4139,4343
5678: 5776,5578
7147: 7146,7148,7057,7237
7270: 7180,7183,7182,7355,7446
4145: 3946,4045,3942,4044,4242,4041
4146: 4347,4344,4343,4047,4045,4248
5639: 5637,5540,5837,5737,5938
6321: 6320,6223,6416,6323,6418,6419
7720: 7719,7721
7199: 7109,7110,7288,7200
4151: 4047
8867: 8810,8919,8811,9019,9063,8973
4153: 4053,3951
5942: 5943
4155: 4256,4156,4255,4054
4156: 4256,4155,4157
4157: 4057,4156,4258
9897: 9921,9922,9825,10028,9890
8264: 8339,8338,8190,8336,8191,8265
9435: 9308,9638,9943,9543,9647,9540
7773: 7775,7772,7854,7855
7945: 8101,9953,9687,8023,7946,8026
4163: 4063,4164,4263
4164: 4063,4165,4163,4265
4165: 4164,4065,4166,4265,4266
4166: 4065,4165,4266
6140: 6238,6139,9490,9539,6525
4168: 4068,4169,4269
4169: 4069,4168,4068
9337: 9804,9590,9440,9339,9553,9366
8514: 8373,8444,8647,8711
9180: 9065,9177,9145,9179
4173: 4072,4073,4274
5543: 9249,5340,9583,5440,5540
7058: 7148,7057,6966,6967,7149,7059
4176: 4177,4276
4177: 4176,4278
6238: 6139,6140,6041,6142,5948,9265
4179: 4078,4279,4280
8757: 8873,8695,9070,9588,9379
8066: 8065,8144,8145
7544: 7545,7628,7371,7543
6204: 6205,6106
7581: 7494,7582
8881: 9037,9081,8987,8824,8882,8880
5986: 5887,6083,6084
4187: 4087,4188,4288,4287
4188: 4087,4187,4288
9630: 9986,1167,9361,9327,9572,9542
4190: 4090
8933: 8878,8879,9080,8984,8987,9079
4192: 4293,4292
9321: 10002,9388,9514,9788
4194: 4094,4093,4294
6504: 6408,6600
4196: 4197,4096
4197: 4096,4196,4298,4198
4198: 4298,4197,4098
10027: 9866,9999,9887
8477: 8478,8677,8475,8607,8544,8676
4201: 4100,4301
9943: 9638,9435,9529,9650,9647
7792: 7791,7790,7625,7542,7627,7952
7377: 7289,7290,7464
4205: 
4206: 4207,4306,4307
4207: 4206,4307
9619: 9463,10033,2388,9608,2107
7020: 7110
6854: 6853,6761,6760,6855
4211: 4311
8868: 9105,8973,9063,9069,9024,8921
8701: 8638,8702,8823,8700,8820,8878,8879
5713: 5714,5812,5613,5712
4215: 
4216: 4115,4316
6607: 6893,6703,6510,6512,6609
4218: 4117,4118,4318,4319
8274: 8199,8273,8347,8348
6160: 6063,6257,6062
4221: 4222,4120,4322
4222: 4221,4122,4322,4323
6091: 5993,5994,6090,6188
9289: 8260,8259,9705,9486,9534
5683: 5781,5584,5583
4226: 4123,4227,4329,4328
4227: 4330,4329,4127,4027,4123,4226
9560: 9504,9564,9219,9239,9546,9567
8594: 8311,8526,8662,8527,8727
7100: 7099,7009,7010,7101,7190
5509: 5510,5609,5410,5508
4232: 4332,4437,4132,4336,9521
4233: 9734,4131
4234: 4131,9825,4134,9328,10028
9333: 9585,2367,2371,9491,9624,9319
4236: 4035,3934,4135
9768: 9753,9714
6387: 6290,6386,6291,6483,6388,6482
4239: 4240,4241,4141,4139,9256,4339
4240: 4239,4241,4141,4344,4343,4444
4241: 4240,4239,4339,4444,4341,4342
4242: 4041,4040,4145,4045,4141,4343
8191: 8116,8115,8190,8264,8192,8265
8599: 8460,8389,8462,8241,8666,8730
8304: 8449,8378,8230,8229,8376,8303
5959: 5960,5958,6056,6058
5993: 5894,5895,5994,6090,6091
4248: 4250,4349,4047,4347,4146
9405: 659,729,9551,9612,728
4250: 4350,4349,4248
9385: 9900,9807,9288,9300,9370
6888: 6699,6979,6891,6890,7163
9350: 9632,9604,5145,5348,9404,5249
8538: 8405,8474,9436,9346,8540,8539
4255: 4256,4155,4354
4256: 4156,4155,4255
9030: 9119,9077,8981,8980,9029
4258: 4157,4259
4259: 4260,4258
4260: 4259
9946: 10026,9962,9879,127
8374: 
4263: 4364,4163
9634: 9060,9061,9892,9800
4265: 4365,4164,4165,4266
4266: 4367,4165,4166,4265
6242: 6144,6047,6048,6244,6339,6147
7150: 7149,7060,7059,7151,7240
4269: 4369,4168
9641: 8908,8681,9625,9391,9381,8960,8801
4271: 
9978: 9766,9966,9927
9299: 9636,9639,7858,7606,9274,9253
4274: 4173
6022: 6121,6021,6119
4276: 4376,4176
6893: 6607,6703,6894,6892,6984
4278: 4177,4279,4379
4279: 4379,4179,4278,4280
4280: 4179,4279
5926: 6122,5826,5928
8160: 8387,8457,8081,8161,8159,8386
4283: 4284
4284: 4285,4385,4283
4285: 4284,4385,4286
4286: 4387,4285,4287
4287: 4288,4388,4187,4286,4387
4288: 4388,4287,4187,4188
8361: 8568,8434,8502,8213
5589: 5490,5590,5688
7778: 9301,9603,7354,7528,7694
4292: 4392,4192,4393
4293: 4192,4393,4294
4294: 4194,4293
8189: 8114,8190,8336,8110,8112,8262
6832: 6831
8591: 8590,8658,8523,8524,8592
4298: 4198,4399,4197
9653: 9581,9716,9010,9881,9995
7744: 7743
4301: 4201
9339: 9553,288,238,9337,9440
7340: 7428,9274,7858,7339,7248
8744: 8743,8682,8914,8683,8861,9016
4305: 4306,4406,4405
4306: 4305,4406,4407,4206,4307
4307: 4206,4207,4306,4407
9349: 9381,9864,9423,9568,9391,9688
8603: 8393,9963,8463,8392,9735,10022
6593: 6498,6688
4311: 4211
6426: 6519,6520,6517,9847,6709
4313: 4314
4314: 4315,4415,4313
4315: 4314,4415,4316
4316: 4417,4216,4315
7078: 7079,9696,7080,7520
4318: 4319,4218
4319: 4318,4218,4320
4320: 4319
6386: 6290,6387,6481,6482
4322: 4423,4422,4222,4221,4323
4323: 4222,4423,4322,4526
6508: 6412,6507,6604,6605
6117: 6214,6118,6215
5613: 5712,5713
9063: 9019,9563,8867,9105,8973,8868
4328: 4427,4226,4329
4329: 4330,4227,4226,4328,4331
4330: 4227,4329,4127,4332,4437,4331
4331: 4333,4330,4329,4437,9269
4332: 4232,4437,4029,4330,4127
4333: 4428,4331,9269,9392,4529,4530
9245: 859,789,9363,9552,655,9635
9807: 9385,9900,278
4336: 9569,4232,9521,9734,9282
4337: 3834,4134
4338: 4440,4438,4339,9331,9489,4341
4339: 4338,9256,9489,4239,4241,4341
5764: 5666,5664,5765
4341: 4342,4241,4338,4440,4339,4442
4342: 4444,4341,4241,4445,4543,4442
4343: 4344,4146,4242,4045,4240,4141
4344: 4347,4343,4146,4240,4444,4346
4345: 4447,4346,4445,4444,4548,4652
4346: 4447,4345,4347,4344,4444
4347: 4344,4146,4349,4248,4447,4346
9358: 9577,9380,580,710,9493
4349: 4250,4350,4248,4347,4447,4448
4350: 4250,4349,4352,4450,4448
9132: 9091,9046,9089,9752,9170
4352: 4354,4350,4450,4453
7508: 7596,7680,7419,7421
4354: 4352,4255,4455,4453
9644: 9896,9911,6135,9341
5812: 5713,5714,5813,5912
5872: 5873,5970,5772,5871
9346: 9376,9484,9390,9436,8538,8539
9072: 9028,9029,9738,9846,9073
5862: 5960,5762,5961
6548: 6547,6549
9320: 9254,9279,9409,9342,9397
8060: 7980,8061,8138
4364: 4263,4365
4365: 4265,4364
6266: 6265,6169
4367: 4266,4467,4468
5876: 5975,5875
4369: 4269,4470
6313: 6216,6215,6410
9327: 9579,1582,9572,9630,1497,9542
9511: 9384,9475,9601,9575
7383: 7296
9759: 9790,9485,2848,9796
9709: 9246,9335,9761,9645,9717,9700
4376: 4276
9977: 7434,7609,9779,9880,10031
7180: 7270,7269,7178,7182
4379: 4279,4278,4479
7596: 7508,7680,8010,7929,7421,7765
7133: 7043
7515: 7599,7512,7600,7428,9631
10041: 9990,9815,10038,9957
9375: 9396,9620,9834,9582,10032,9947
4385: 4284,4285,4485,4486
9250: 9481,9279
4387: 4286,4388,4287
4388: 4288,4287,4387
6872: 6964,6871
4390: 4391,4491
4391: 4390,4392,4491
4392: 4292,4391,4493
4393: 4293,4292,4493,4494
7375: 7288,7462
9369: 9626,9580,259,119,311,9323
7056: 6964,7146,7057
4397: 4497,4498
7231: 7319,7141,7142
4399: 4298
4400: 4501
9570: 9506,9900,9330,9370
5688: 5589
9859: 1658,9554,9961,9731,2005,9924
4404: 4405,4504,4505
4405: 4404,4305,4406,4505
4406: 4305,4306,4407,4405
4407: 4306,4406,4307,4508
5697: 5698,5796,5598,5597
4409: 4410,4509,4510
4410: 4409,4510
6356: 6451,6260,6357,6259
9787: 9854,9691,9102,9892,9438,9800
5970: 5872,5871,6067,6068
6669: 6763
4415: 4314,4315,4516
8099: 8020,7942,9465,9993,8021
4417: 4316,4518
9266: 9348,9523,9280,9877,9718,9602
8470: 8328,8253,8255
9366: 9248,9430,9553,9590,9337,9259
9842: 8176
4422: 4423,4322,4522,4523
4423: 4322,4422,4323,4523,4525,4526
9699: 9950,9775,9791
5727: 5726,5825
6153: 6056,6052,6249
4427: 4328,4526,4528,4529
4428: 4333
5810: 5712,5910
6348: 6252,6349,6347,6350
4431: 4436,9633,9392,4634,4530,4534
9077: 9030,9119,8980,8982,9157,9236
9540: 9406,9435,9512,9543,9967,9647
7770: 8013,7932,7769,7934,7771
5973: 5875
4436: 4431,9633,5041,4940,4836,4534
4437: 4232,4332,4330,4331,9521,9269
4438: 4338,4440,9331,9522,9498
6041: 5848,6043,6142,9265,6238
4440: 4338,4438,4341,4539,4442
6890: 6891,6700,6797,6892,6699,6888
4442: 4541,4543,4643,4440,4341,4342,4539
9828: 9545,9456,9450,9739,9984,9681
4444: 4342,4240,4241,4344,4345,4346,4445
4445: 4345,4444,4342,4543,4652,4650
8310: 8311,8526,8158,8234,8236,8309
4447: 4345,4346,4347,4349,4448,4548
4448: 4450,4551,4548,4350,4349,4447
4449: 4654,4551,4548,4753,4652
4450: 4448,4551,4350,4352,4453,4553
9004: 9098,9054,8950,8841,8842,9005
9595: 9479,9532,9605,2664,2666,2761
4453: 4455,4555,4553,4352,4354,4450
9317: 9982,9556,9045,9090,9297,9089
4455: 4555,4453,4354,4557,4457
9544: 8668,8792,9952,9359,9386
4457: 4557,4455,4458
4458: 4459,4559,4457
4459: 4458,4559
6892: 6797,6893,6891,6890,6984
8715: 8776,8584,8649,8714,8447,8716
4462: 4463
4463: 4462
8044: 7965,8199
10018: 5346,9985,9755,9549
5762: 5663,5664,5761,5862
4467: 4468,4367
4468: 4467,4569,4367
5714: 5713,5812,5715,5813
4470: 4369
6065: 6163,6162,5967,5968
8330: 8471,8401,8182
4473: 4574,4573
5733: 5829,5930,5633,5833
4475: 4576
7302: 7389,7390
6378: 6474,6282
4478: 4479,4579
4479: 4478,4579,4379
4480: 4580,4481
4481: 4582,4480
8702: 8638,8823,8701,8639,8703,8764
4483: 4584
8153: 8230,8229,8074,8152
4485: 4486,4385
4486: 4485,4385
9731: 9816,10021,9859,9961,9924
7913: 7832,7914,7912,7831,7993
9531: 9457,9400,9559,9785
7390: 7478,7479,7389,7302
4491: 4592,4391,4390
7528: 7442,7354,7443,7778,7777
4493: 4392,4393,4494
4494: 4495,4393,4493
4495: 4494,4596
9932: 10036,10011,3441,9744,9756
4497: 4498,4397
4498: 4497,4397
6681: 
5569: 5470,5568,5668
4501: 4502,4400
4502: 4501,4603
9605: 9479,9595,9411,2761,3051
4504: 4604,4404,4505,4605
4505: 4605,4606,4405,4404,4504
7341: 7162,7518,7430,7161,7606,9639
6011: 5913,5912,6010,6109
4508: 4509,4609,4407
4509: 4508,4609,4610,4409,4510
4510: 4611,4409,4410,4509,4610
9904: 9419,9284,9649,9628,9271,9875
8597: 8666,8790,8458,8663,8596
4513: 4514,4613
4514: 4513,4615
7299: 7298,7386,7212,7300
4516: 4616,4415
8740: 8679,8481,8550,8678,8799
4518: 4417
8539: 8406,8540,8475,8538,9376,9346
8857: 8960,9010,8801,8743,8962
4521: 4621,4522
4522: 4523,4422,4521
4523: 4522,4625,4423,4422,4525
7520: 7522,7692,7344,7080,7078
4525: 4626,4526,4423,4523,4625
4526: 4525,4528,4423,4323,4427
4527: 4626,4528,4630,4729,4731
4528: 4626,4526,4527,4427,4529,4630
4529: 4630,4530,4427,4333,4528
4530: 4529,4634,4630,4333,9392,4431
9814: 9922,9955,9935,9328,9825
6956: 6957
9214: 9114,9187,9073,9074,9976,9234
4534: 4836,4937,4634,4436,4431,4733
9563: 9019,9444,9063,9105,9584
7176: 7443,7268,7179,9805,7442
7635: 7550,7719
8907: 8739,8738,9423,8678,9568,8799
4539: 4642,4641,4440,4541,4442
5635: 5633,5533,5536,5736,5538
4541: 4442,4539
8790: 8597,8729,8663,9616,8791
4543: 4442,4643,4342,4445,4650
7947: 7946,7867,7944,8028,8106
5851: 9533,6046,5752,5454,5949
9743: 9812,9980
8656: 8655,8589,8590,8718,8782
4548: 4448,4551,4447,4345,4652,4449
9427: 477,9371,9642,154,251,359
9637: 724,794,9255,9382,9415,9251
4551: 4450,4448,4548,4553,4655,4449
7022: 6931,6930,7023,7112
4553: 4555,4453,4450,4551,4655
6519: 6426,6520,6804,9684
4555: 4455,4453,4553,4557,4657,4658
6528: 6720,6624,9776,6626
4557: 4457,4455,4555,4658
8861: 8915,8805,9016,8683,8744
4559: 4458,4459,4660,4661
6567: 6662
4561: 4662,4663
8426: 8425,8495,8496,8630
7801: 7719
7503: 7674,7675,7504
4565: 4566,4667
4566: 4565,4667
8425: 8426,8495,8352,8424
8705: 8767,8766,8826,8507,8509,8707
4569: 4468
9507: 9558,9548,9387,9672,9802
9457: 9531,9559,9466
8636: 8700,8568,8502,8634,8638
4573: 4574,4473,4675
4574: 4473,4573,4675
7277: 7278,7452,7364,7276
4576: 4475,4577,4677
4577: 4576
6909: 6910,6724,9512,7262,7000,7001
4579: 4478,4479
4580: 4480,4681
8417: 8486,8271,8346,8418,8487
4582: 4481,4683
6126: 6223,6028,6127,6323,6226
4584: 4685,4585,4483
4585: 4584,4687
9973: 247,9823,9728
6223: 6320,6321,6126,6323
6370: 6371
9402: 9643,9354,9499,9465,10034,8020
4590: 4691
5965: 5966,6063,6062
4592: 4491,4693
7318: 7319,7405
6640: 6735,6641,6639,6734
8436: 8291,8365,8703,8704,8764
4596: 4495,4697
6609: 6512,6418,6514,6607,6703,6705
8049: 8050,7970
6196: 6098,6099,6293
9893: 9692,9786,9336,9437
10021: 9731,9267,9961
5918: 5919,5818,5819,5917
4603: 4604,4502
4604: 4504,4603,4605
4605: 4505,4606,4504,4604,4707
4606: 4505,4605,4607
4607: 4606
6748: 6653,6654,6749,6841
4609: 4508,4509,4610,4710
4610: 4509,4609,4510,4611
4611: 4510,4610,4712
4612: 4613
4613: 4612,4513,4715
6674: 6768,6769
4615: 4514,4616,4716
4616: 4516,4615
5740: 5641,5742,5542,5640,9861
7625: 7455,7540,7624,7542,7792,7790
9592: 9005,9336,8898,9353,9437,9356
4620: 4621,4722
4621: 4521,4620,4722
7347: 7523,7258,7259,7435
8271: 8197,8272,8346,8417
8478: 8477,8677,8406,8475,8479,8614
4625: 4523,4626,4525,4725
4626: 4525,4527,4528,4625
9663: 9918,9414,9962,9879,170,9758
6756: 6662,6757,6661,6849
9554: 9859,1658,9961,1741,9389,1828
4630: 4529,4634,4530,4527,4528,4731
8729: 8790,8792,8791,9505,9359
6935: 7026,6934,6843,7027
8555: 8418,8419,8488,8487,8685,8622
4634: 4630,4530,4431,4731,4733,4534
9382: 9399,9500,9255,868,724,9637
9922: 9955,9814,9876,9897,9825
4637: 4638,4839,4737,4838
4638: 4637,4739,4839,4639
4639: 4740,9777,4638,4739
4640: 9538,9498
4641: 4642,4539,9538,4743,4742
4642: 4641,4539,4743,4744,4745
4643: 4543,4442,4644,4650,4745
4644: 4753,4853,4650,4643,4645
4645: 4747,4745,4853,4644,4849
9923: 9809,9589,9933
6341: 6437,6244,6436,6246,6342,6628
9257: 9551,9612,9770,9281,594,593
9707: 474,9760,9829,9421,9655,358
4650: 4652,4644,4445,4543,4643
6038: 6133,6037,9401,9432,6328,6135
4652: 4753,4650,4345,4445,4548,4449
6478: 
4654: 4655,4449,4955,4753,4855
4655: 4654,4551,4553
8893: 8945,8835,8837,8947,9046,8946
4657: 4757,4555,4658
4658: 4555,4557,4657
5931: 6127,6031,5930,5833,5933,6028
4660: 4559
4661: 4559,4662
4662: 4663,4763,4561,4661
4663: 4662,4763,4561,4664
4664: 4665,4663
4665: 4664,4766
7125: 7124
4667: 4565,4566,4767
8301: 8303,8300,8227
6596: 
6039: 
5572: 5472,5571,5573,5672
6591: 6590
4673: 4773
9633: 4436,4431,9483,9392,9459,5041
4675: 4574,4573
6339: 6244,6436,6242,6144,6338
4677: 4576,4778
5545: 5647,5943
6531: 6437,6627,6433,6721,6906
5823: 5724,5725,5922
4681: 4580
6664: 6759,6665
4683: 4684,4582,4783
4684: 4683,4685
4685: 4584,4684
8587: 8519,8716,8778,8655,8654,8779
4687: 4585
5597: 5498,5598,5497,5697
7555: 7469
6978: 7070,6884,6885,6886,7162
4691: 4590
9040: 8885,8991,9039,8886,9085,9126
4693: 4793,4592
4694: 4795
6906: 9607,6531,6627,6721,9377
4696: 
4697: 4797,4596
5775: 5676,5774,5776,5875
4699: 4799,4800,4700
4700: 4800,4699,4701
4701: 4702,4700
4702: 4701,4802
4703: 4804
8678: 8480,8481,8740,8739,8907,8799
9887: 9799,9599,9866,9689,10027
5957: 5958,6055,5956,5859,5760
4707: 4807,4605
9985: 10018,5346,9871,10017,9820
4709: 4809,4710,4810
4710: 4810,4811,4609,4709
7677: 7761,7591,7593,7924
4712: 4611
7345: 7080,9860,7075,7431,9575,7344
6093: 5995,5996
4715: 4815,4613,4716
4716: 4817,4615,4715
5758: 5756,5856,5660,5659,5859
9903: 9902,9715,9708
4719: 4720,4821
4720: 4719
7219: 7130,7220,7129
4722: 4823,4620,4621
7952: 7627,7953,7792,7791,8031,8032
5801: 5901
4725: 4826,4825,4625
6647: 6648,6552,6741
7832: 7914,7915,7913,7750,7831
7787: 7702,7704,7948,7705,7788,7949
4729: 4527,4730,4731
4730: 4936,4731,4733,4729,4934
4731: 4730,4733,4527,4634,4630,4729
7771: 7935,7934,7936,7772,7770
4733: 4730,4936,4731,4634,4937,4534
6605: 6797,6508,6510,6604
7608: 9253,9517,9636,7434,9880,10009
4736: 4939,4737,4837
4737: 4837,4838,4736,4637
7266: 7442,7354,9839
4739: 4638,4839,4639,4740,4941,4840
4740: 4639,9777,4739,4840
7821: 7739
4742: 4743,4944,9538,4641,9573,4843
4743: 4845,4742,4944,4642,4641,4744
4744: 4747,4947,4745,4642,4743,4845
4745: 4744,4645,4747,4642,4643
9353: 9917,9334,9437,9356,9592
4747: 4744,4645,4947,4745,4849,4949
7141: 7142,7231
9305: 9471,10035,9306,9265,6139,9901
5611: 5512,5710
5604: 5504,5603,5505
9714: 9753,9768,10012,10031
4753: 4652,4853,4644,4654,4449,4955
9611: 276,383,9428,9566,9445,14
8874: 9027,8978,8818,8876
7694: 7778,9603
4757: 4657,4859,4858
9705: 8184,9289,8259,9729,9486
9805: 9967,9647,9773,9650,7176,7179
4760: 
9889: 9854,9691,9926,9919
6009: 6010,5910,6106
4763: 4662,4663,4864,4865
6106: 6105,6009,6204
6326: 6327,6128,6130,6231,6227
4766: 4767,4665,4867
4767: 4766,4667,4869
9685: 9908,9847,9432,9278,9341,9914
4769: 4871
7388: 7300,7389,7475
4771: 4872
6520: 6519,6426,10016,6614,6804
4773: 4673,4873
9876: 9922,9955,3635,9927,9766
8171: 7850,7932
7939: 
9543: 9512,7262,7086,9308,9435,9540
4778: 4677,4879,4880
8395: 8244,8393,9942
8886: 9085,9127,8830,8829,8885,9040
7732: 7733,7649
6549: 6645,6550,6548
4783: 4683
9456: 9545,9378,9828,9984
8507: 8439,8365,8509,8705,8766
6193: 6290,6291
6263: 6264,6359,6165,6262
4788: 4889,4890,4789
4789: 4891,4892,4788,4890
9518: 9400,9559,7929,8170,9525
6915: 6916,7003,6823,6912,6917
8201: 8046,8047,8126,8276
4793: 4693
6790: 6884,6885,6696,6695
4795: 4694,4897
5751: 6142,5948,5849,5752,5653,6046
4797: 4697,4899
5789: 5691,5889
4799: 4699,4800,4900
4800: 4700,4799,4699,4902
9852: 9303,9754,9622,9453,9835,9915
4802: 4702,4904
9728: 9656,9769,9973,247,9823
4804: 4703,4905,4906,4805
4805: 4907,4804,4906
7130: 7131,7219,7220,7039,7129
4807: 4707
5829: 5828,5928,5930,5733,5929
4809: 4709,4810,4910
4810: 4710,4811,4809,4709
4811: 4710,4810,4913
6586: 6585,6682
7548: 7462
7627: 7952,7711,7953,7542,7543,7792
4815: 4715,4917
8382: 8309,8307,8383,8380,8453,8454
4817: 4716,4818,4918
4818: 4819,4817,4920
4819: 4818,4920
7593: 7677,7679
4821: 4719,4922
5833: 5933,5834,5930,5733,5931
4823: 4722,4824,4924
4824: 4823,4825
4825: 4826,4725,4824,4927
4826: 4725,4825,4927,4929
5666: 5764,5765
8258: 9729,9472
5760: 5859,5662,5761,5957
6105: 6106,6007
7909: 7910,7828,7990
8611: 8734,8542,8674
9668: 6037,9401,5839,9784,9726,9979
7934: 7935,7771,8013,7770,8015
7060: 7150,7059,6969,7151
4836: 9280,4937,4534,4436,4940,9877
4837: 4737,4838,4736
4838: 4737,4837,4637,4839
4839: 4637,4638,4739,4838,4941
4840: 4942,4739,4740,4941
4841: 
4842: 5043
4843: 9352,9573,4742,4944,5044,9408
6280: 6182,6183,6279
4845: 4743,4944,4744,4947,4946
7284: 7283,7195,7371
6437: 6531,6341,6627,6436,6628
6911: 6725,6910,7002,6820,6821,6912
4849: 4852,4645,4747,4949,4950
7918: 7836,7917,7837,7999,8080
8112: 7954,8110,7956,8189,8114
4852: 4954,4849,5054,4950,5154
4853: 4753,4644,4955,4645,4954
5512: 5611,5513
4855: 4856,5055,4654,4955
4856: 4855,4957,5055,4858,4958
9675: 9659,2294,10033
4858: 4859,4960,4958,4757,4856
4859: 4960,4858,4757
9444: 9563,9407,9661,9660,9584
7667: 7750,7582,7668
4862: 
8908: 9641,8681,8741,8680,9625
4864: 4865,4964,4763
4865: 4864,4763,4866
4866: 4867,4967,4865
4867: 4866,4967,4766,4968
8661: 8844,8592,8659,8593,9419
4869: 4870,4767,4969
4870: 4869,4871
4871: 4872,4769,4870
4872: 4871,4771
4873: 4773
8351: 8422,8559,8278,8423
7743: 7659,7744,7742,7825
4876: 
4877: 4878,4978
4878: 4879,4979,4978,4877
4879: 4878,4979,4778,4880,4980
4880: 4881,4980,4778,4879
4881: 4880,4882
4882: 4883,4881
4883: 4882
9687: 7945,9953,9314,8023,8252,9783
8621: 8685,8487,8554,8683
5891: 5792
4887: 4888
4888: 4887
4889: 4990,4788,4890
4890: 4889,4990,4788,4891,4991,4789
4891: 4992,4991,4892,4789,4890
4892: 4891,4789,4893
4893: 4892
6323: 6420,6226,6223,6321,6126,6419
9898: 9906,10016,6614
9123: 8989,9037,9081,9160,9193,9161
4897: 4997,4795,4998
8490: 8686,8422,8624,8687
4899: 4797,4900
4900: 4799,4899
8542: 8544,8611,8674,8675
4902: 5002,4800
6964: 7056,6872,6871,7055
4904: 4802,4905
4905: 4906,4804,4904
4906: 4905,4804,4907,4805,5007
4907: 4805,5007,4906
9726: 9861,9849,9666,9784,9668,9979
4909: 5010,5110,5009
4910: 5010,4809
9820: 9871,9985
9473: 9468,9439,9464,9324,9527
4913: 5013,4811
9249: 9562,5340,5543,9429,9360,9583
4915: 5015
5978: 5977,6173
4917: 5017,4815,5018,4918
4918: 5018,4817,4917
9910: 5842
4920: 4818,4819
8328: 8470,8253
4922: 5023,4821
9585: 9333,2367,2369,9913,9319
4924: 4823
5951: 5953,6048,5855,5856,6047
6553: 6648,6552,6554
4927: 5027,4826,4825,4929
9049: 9001,9340,9285,9092,9133
4929: 5031,4826,4927
5551: 5848,5750,5552,5350,5349,5849
9964: 6433,6432,9872,9873,9776,6626
5699: 5700,5599,5698
6639: 6734,6640
4934: 5032,5033,5037,4730,4936
7921: 8001,8081,7839,7838,8002
4936: 4730,4733,4937,4934,5037,5141
4937: 9280,4836,4534,4936,4733,5141
4938: 9670,4939
4939: 4736,9959,4938
4940: 9670,5041,4436,4836,9877,9751
4941: 4739,4839,4840
4942: 4840,9868
4943: 
4944: 4743,4845,4742,4843,5044,4946
8791: 9271,9344,9505,8790,8729,9616
4946: 5046,5047,5144,4845,4944,5044
4947: 4744,4747,4845,5048,4949
6657: 6658
4949: 5048,5051,4747,4947,4849,4950
4950: 5052,5154,4849,4852,5051,4949
9553: 9339,289,288,9337,9259,9366
9995: 9881,9916,9716,9653
9153: 
4954: 4852,4853,4955,5055,5054
4955: 4654,4753,4853,4954,4855,5055
5913: 6011,5813,5912
4957: 4856,5055,5054,4958,5157
4958: 4858,4856,4957,5060
6185: 6088,6283,6282
4960: 4859,4858,5060
6930: 7022,6931,6837,6929
8943: 8889,9045,9090,8834,8891
7586: 7587,7670
4964: 4864,5064
9080: 8933,9081,8987,9079,9121,9122
7117: 7118,7207,7026,7027
4967: 4866,4867,4968
4968: 4969,4867,4967,5069
4969: 4968,4869,5069,5070
7936: 7935,7771,7772,7854,9434,9447
9310: 9643,9354,7859,9458,7697,9508
7154: 7153,7063,7155,7244
9819: 9399,9500,9972,9748,796,725
9288: 9464,9385,9300,9431
4975: 5075
9667: 9848,9884,9301,9603,9561,10019
9936: 9508,10019,9643,9695,9710,10034
4978: 4878,4979,4877
4979: 4878,4879,4978,4980
4980: 4880,4879,4979
7456: 7542,7543,7368,7455
6949: 
9925: 9878,9972
9290: 9622,9252,9453,9478,9467,9477
7487: 7400,7488
4986: 5086,5087
9069: 9509,9024,8812,8973,8868
5575: 5475,5476,5574,5675
9767: 10043,9660,9926,9438,9661,9854
4990: 4889,4890,4991,5090,5091
4991: 4891,4992,4990,4890,5091,5092
4992: 4891,4991,5092,5093,4993
4993: 5094,5093,4992
8614: 8480,8479,8478,8677,8739
9725: 9817,9975,6811
4996: 4997
4997: 4996,4897,4998
4998: 4897,4997
7164: 7521,7691,7074,7431,7609
5000: 
8084: 8163,8004,8005,8238,8389
5002: 4902
5946: 5945,5649,5650,5748,5847
9163: 9165,9128,9243,9125,9126,9501
5533: 5633,5635,5536,5535,5631,5632
6900: 6992
5007: 4907,4906,5108
8096: 8017,8173,8097,8175
5009: 5110,4909,5109
5010: 4910,4909,5110,5111
6206: 6109,6207,6303,6205
5949: 5454,5555,5852,5457,9533,5851
5013: 4913,5113
9865: 515,397,9757,9818
5015: 4915,5115,5116
7240: 7328,7150,7151,7241
5017: 4917,5018
5018: 4918,5017,4917,5119
9818: 518,9865,9958,9757
8686: 8490,8419,8622,8687,8748
7348: 7435,7436,7259,7170,7349
5022: 
5023: 4922,5123,5124
8069: 8148
9930: 9919,10043,9926,9971
9863: 9673,9672,9615,9749,9548,9811
5027: 4927
9884: 9848,9667,9603
8730: 8666,8599,8462,8668,8792
9364: 2110,9608,9325,9261,2203,2109
5031: 4929,5032,5133,5233
5032: 4934,5133,5033,5031
5033: 4934,5032,5133,5037,5036,5136
8978: 8874,9027,9070,9112,9379
9998: 9447,9373
5036: 5033,5037,5142,5136,5338,5138
5037: 4934,5033,5036,4936,5141,5142
8192: 8412,8191,8116,8268,8413
5742: 5740,9701
9717: 9645,9709,9700,1571
5041: 9670,4940,9459,4436,9633
9704: 9679,9796,9790,2944
5043: 4842
5044: 9408,4843,4944,4946,5144
9229: 9186,9185
5046: 4946
5047: 4946,5150,5247,5144,5148
5048: 5151,5051,4949,4947,5150
8457: 8160,8387,8458,8386,8527,8596
7145: 7234,7055
5051: 5048,5151,4949,4950,5052,5153
5052: 5255,4950,5154,5051,5153,5355
6448: 6449,6545
5054: 4957,5055,4954,4852,5154,5155
5055: 4855,4856,4957,5054,4955,4954
8017: 9373,8096,8097
9536: 9268,578,293,9298,9577
8662: 8663,8527,8596,8594,8727,9623
9772: 3536,9424,9620,9332
5060: 5159,4960,4958
9804: 9590,9337,9440,9698,9441
5062: 5163
7280: 7279,7367,7191,7368
5064: 4964
8565: 8497,8356,8498,8631,8873
5794: 5793,5695,5893,5894
6414: 6510,6317,6416,6512
7367: 7279,7280,7368,7455,7540
5069: 4969,4968,5070
5070: 5071,4969,5069
5071: 5171,5070
9646: 9599,9723,9513
9980: 9363,9743,9291,9812
6813: 6904,6720,6624,6527
5075: 5175,4975,5176
6934: 6841,7026,6935
8186: 8032,8261,8031,8260,8333
5922: 5823
8980: 8928,8982,8981,9071,9030,9077
9821: 9719,408,9270
8076: 8155,8154,7996,8075
7455: 7540,7625,7367,7368,7456,7542
5083: 5084
5084: 5083,5085,5185
5085: 5185,5186,5084,5086
5086: 5087,4986,5085,5186
5087: 5086,4986,5088
5088: 5087
5089: 5189,5090,5190
5090: 5091,5190,4990,5089
5091: 5090,4990,4991,5092,5192
5092: 5192,4992,4991,5091,5093
5093: 5094,5194,4993,4992,5092
5094: 5194,5195,5093,4993,5095
5095: 5096,5196,5094,5195
5096: 5095,5196
5724: 5725,5823,5624,5723
8175: 8097,8176,9683,8096,8173
8772: 8712,8711,8710,8888,8889
8700: 8636,8638,8701,8818,8820
5527: 5528
8711: 8772,8514
9465: 9944,10034,9993,9402,8020,8099
5104: 5105,5204
5105: 5104,5106
5106: 5207,5105
7316: 
5108: 5109,5209,5007
5109: 5108,5209,5009
5110: 5211,5009,4909,5010,5111
5111: 5010,5110,5211
9769: 9728,412,9656,9823,299
5113: 5213,5214,5013
9244: 9398,9810,10010,2020,1747,9476
5115: 5116,5215,5015
5116: 5115,5015
7057: 7148,7058,7056,6966,7147
7723: 7806
5119: 5220,5018
6200: 6298
5121: 
6618: 6138
5123: 5023,5124
5124: 5125,5224,5023,5123
5125: 5124,5224,5225
10024: 9729,9928,9472,9951,9733
9309: 9724,9601,6896,6801,9801,9469
9724: 9601,9309,9801,9696,9860,9764
5129: 5229,5230,5233
7052: 
7859: 7612,9561,7697,9508,9310
6406: 6405
5133: 5032,5033,5031,5233,5234,5136
8439: 8507,8219,8440,8509,8368
9694: 9886,8674,9832
5136: 5236,5234,5338,5133,5033,5036
9760: 474,9707,9736,413,9829,473
5138: 9503,5343,5036,5142,9454,5338
9001: 9049,9340,9092,9094,9052,9750
7993: 7992,7912,7913
5141: 5142,9602,4936,9280,4937,5037
5142: 5141,9454,9602,5037,5036,5138
5550: 5649,5650,5549,5446,5448,5349,5750
5144: 4946,5047,5247,5044,9302,9408
5145: 5148,5250,5247,9350,9604,5249
5601: 5502,5501,5700
7526: 7352,7175,7439,7525
5148: 5145,5250,5047,5150,5247,5251
8787: 8786,8954,8846
5150: 5047,5048,5151,5148,5251
5151: 5048,5051,5150,5252,5251,5153
5701: 
5153: 5252,5151,5051,5052,5355,5253
5154: 5255,4950,5052,4852,5054,5155
5155: 5157,5256,5054,5255,5154
8296: 8370,8369,8221,8222
5157: 5256,5258,5155,4957
6252: 6349,6348,6155,6347,6346
5159: 5060,5259
5578: 5478,5678
6742: 6648,6835
9823: 411,9973,9728,9769
5163: 5062,5263
8823: 8702,8701,8764,8824,8879,8880
7847: 9525,7680,7929,7679,7763
7796: 7631,7713,7876,7877
5167: 5168,5267,5268
5168: 5167,5268,5269
9960: 10005,9629,9128,9894,9318,9664
6970: 6969,7062
5171: 5071,5271,5272
5172: 
6721: 7083,6626,6433,6531,6906
7902: 7901,7903
5175: 5075,5176
5176: 5177,5175,5075,5277
5177: 5176,5277,5278
9918: 9663,9414,9758,9295,9528
9420: 9217,9640,9307,9613,9618,9277
5180: 5281
5181: 
5182: 5283
8339: 8264,8338,8265,8480,8479,8481
8249: 8173,8325
5185: 5085,5186,5084,5285,5286
5186: 5085,5185,5086,5286,5287
8208: 8207,8282,8209,8356,8357
9100: 9983
5189: 5089,5190,5289,5290
5190: 5090,5089,5189,5290
8709: 8710,8831,8579,8513,8647,8770
5192: 5092,5091
7398: 7311,7485
5194: 5094,5195,5093,5294,5295
5195: 5094,5194,5095,5196,5295
5196: 5095,5096,5195
6516: 6515,6610,6421,6422,6612,6708
7696: 7269,7268,7612,7697
8878: 8933,8879,8701,8820,8821,8984
5200: 5201,5300
5201: 5202,5200,5302
5202: 5201,5302
9535: 9351,9541,9555,3245,3045
5204: 5104,5304
8236: 8080,8159,8386,8158,8311,8310
7806: 7888,7723
5207: 5106,5307,5308
8346: 8273,8271,8272,8417,8418,8347
5209: 5108,5109
7705: 7788,7789,7450,7707,7704,7787
5211: 5110,5111,5312
9874: 9669,9737,9665,9774,9747
5213: 5113,5214,5313
5214: 5113,5213,5215
5215: 5115,5214
9418: 9424,9621,9912
7516: 7602,7601,9631,9517,7600
9336: 9005,9592,9437,9893,9692
8309: 8307,8383,8382,8234,8526,8310
5220: 5119
9185: 9211,9229,9186
7112: 7022
9377: 7083,9607,6906,9529,9362,9638
5224: 5124,5125,5225
5225: 5125,5224,5226
5226: 5227,5225,5327
5227: 5226,5327,5328
6984: 7081,9475,6892,6893,6894,6891
5229: 5129,5230,5329
5230: 5229,5129,5329,5331,5332
8734: 8611,8674,8609
6994: 6902,6811,6904
5233: 5031,5133,5129,5234
5234: 5236,5136,5133,5333,5233
9416: 187,72,9329,44,9272,9565
5236: 5234,5136,5338,5341,5333,5335
6056: 6153,6055,5959
8559: 8351,8422,8624,8423,8493,8625
5878: 5977
9008: 9007,8955
9754: 9852,9303,9835,9738,9885
9666: 9726,9849,9648,9979
5788: 
5244: 5345
7550: 7464,7635
6950: 
5247: 5047,5144,9302,9604,5145,5148
6349: 6252,6348,6350
5249: 5451,5350,9350,5145,5250,5348
5250: 5145,5148,5251,5352,5451,5249
5251: 5252,5352,5150,5151,5148,5250
5252: 5353,5251,5153,5352,5151,5253
5253: 5355,5455,5353,5252,5153,5354
9252: 9622,9290,9593,9355,9478,9588
5255: 5052,5154,5256,5155,5355,5356
5256: 5157,5258,5155,5255,5356,5358
6744: 6837
5258: 5157,5256,5358,5359,5259
5259: 5260,5258,5159,5359
5260: 5259
5619: 5620,5520,5618,5718
9758: 374,9663,9918,319
5263: 5363,5364,5163
9678: 10025,9480,9711,9360,9452
8960: 9010,8801,8857,9641,9381
5266: 5267,5366
5267: 5266,5167,5268,5368
5268: 5269,5368,5167,5168,5267
5269: 5268,5168,5370
8348: 8274,8419,8347
5271: 5272,5372,5171
5272: 5271,5372,5171
9484: 9376,9413,9346,9928,9390,9733
5274: 5374,5375
9532: 9479,9595,9510,9286,2569,2664
9291: 9530,9264,9812,9363,9980,9635
5277: 5278,5177,5176
5278: 5277,5177,5379
8278: 8279,8351,8352,8423
5280: 5480,5380
5281: 5180
7488: 7400,7401,7487
5283: 5383,5182,5384
6078: 6077
5285: 5185,5286
5286: 5387,5185,5186,5285,5287
5287: 5186,5286,5387
9665: 9737,9874
5289: 5290,5390,5389,5189
5290: 5289,5390,5189,5190
9016: 8915,8861,8744,8914,9061,9017
6828: 6829,6734,6735,6920
6884: 6790,6885,7070,6978
5294: 5394,5194,5295,5395
5295: 5395,5194,5195,5294
5936: 6130,5937,5933,6032,6031
6983: 7074,7075,6982,7081,9384,7073
5298: 5398
5299: 5300,5400
5300: 5400,5200,5299
9055: 8721,8842,8898,9448,8843,9356
5302: 5403,5202,5201
7490: 7577,7402,7576
5304: 5404,5204
7763: 7761,7679,7847,8009,8468
8799: 9568,9625,8678,8740,8907
5307: 5308,5408,5207,5407
5308: 5307,5408,5207
8519: 8587,8716,8449,8450,8584,8654
8179: 8103,8253,8255,8401
5311: 
5312: 5313,5413,5211
5313: 5312,5413,5213
7691: 7073,7342,7074,7609,7164
6862: 6954,6768,6769
8983: 8876,8821,8984,8929,9033,9032
5317: 5417
6172: 6270,6269
5700: 5699,5601
9880: 10012,10009,10031,7434,9977,7608
9265: 9306,6041,6238,6139,9305
5322: 5422,5323
5323: 5322
9246: 9709,9335,9761,9296,1404,9443
5528: 5527
8182: 8178,8257,8025,8330
5327: 5227,5226,5328
5328: 5329,5430,5227,5327
5329: 5328,5430,5331,5229,5230
7935: 7934,7771,7936,9434,8015
5331: 5329,5430,5230,5432,5434,5332
5332: 5434,5230,5333,5331,5436
5333: 5236,5234,5332,5436,5335
5722: 5723,5622
5335: 5437,5436,5333,5236,5341,5337
6291: 6388,6193,6290,6387
5337: 9562,5340,5341,5437,5335,5438
5338: 5236,5136,5341,5036,5343,5138
8363: 8138,8434,8435
5340: 9562,5337,9249,5543,5438,5440
5341: 5236,5338,5343,5335,9562,5337
9830: 9956,9674,9719,9276,9270
5343: 9503,9429,5138,5338,5341,9562
8136: 8137,8213,8135,8058,8211
5345: 5244
5346: 10018,9985,9755,10017,9632,9808
5712: 5810,5613,5713
5348: 5448,9404,9350,5350,5249,5349
5349: 5350,5348,5448,5550,5750,5551
5350: 5552,5451,5249,5349,5348,5551
8412: 8192,8265,8413,8481,8550
5352: 5353,5252,5251,5250,5451,5452
5353: 5252,5352,5253,5453,5452,5354
5354: 5454,5353,5455,5253,5453
5355: 5356,5455,5253,5255,5052,5153
5356: 5355,5455,5255,5256,5358,5357
5357: 5358,5458,5356,5455,5457
5358: 5458,5359,5357,5256,5258,5356
5359: 5358,5458,5258,5259,5360,5459
5360: 5460,5359
5361: 5460,5363,5461
9286: 9510,9997,9862,9845,9479,9532
5363: 5263,5364,5361,5462,5461
5364: 5363,5263,5365,5462
5365: 5364,5366
5366: 5266,5365,5466
6954: 6862
5368: 5268,5267,5467
6147: 6148,6246,6242,6051,6048,6244
5370: 5269,5470
8479: 8480,8614,8406,8339,8338,8478
5372: 5271,5272,5472
7301: 
5374: 5274,5375
5375: 5374,5274,5475
8170: 7765,7598,7682,7929,9518
9020: 9067,9109,9021,9106,9066
7970: 8050,8049,7890
5379: 5380,5278,5478
5380: 5379,5280,5480
8654: 8655,8589,8450,8521,8519,8587
7290: 7289,7377
5383: 5283,5384,5483
5384: 5383,5283,5483
9380: 9577,9358,9298,9958,9746
7208: 7118,7207,7119,7209,7296
5387: 5286,5287,5487
9410: 9533,9311,9394,9455,9578
5389: 5289,5390,5488
5390: 5289,5290,5389,5490
8911: 8962,9581,9060,9011
5392: 5393,5491,5492
5393: 5394,5392,5492
5394: 5294,5393,5395,5494
5395: 5295,5294,5394,5494,5495
9662: 10001,9822
6939: 6847
5398: 5298,5497,5498
9878: 9925,9255,9500,9972
5400: 5300,5299,5499,5500
8697: 
9272: 9515,9565,187,9416,233
5403: 5302,5404,5502,5503
5404: 5304,5403,5503,5504
7879: 8193,7878,7880
9689: 9797,10000,9838,9866,9799,9887
5407: 5307,5408,5506
5408: 5307,5308,5407,5508
9626: 10040,9580,9369,208,259
5410: 5509,5510
8268: 8119,8413,8116,8193,8192
7532: 7446,7698,7779,7360,7275,7617
5413: 5312,5313,5513
9528: 9247,9295,9918,9414,9372
6757: 6662,6756
9617: 9448,8784,9334,9938
5417: 5317,5418
5418: 5419,5417,5518
5419: 5418,5518
6328: 9432,9278,6231,6038,6327
5421: 5422,5520
5422: 5322,5421
7079: 7258,7078,7169
5424: 
6493: 6588
5426: 
6699: 6886,6888,6979,6700,6890
5813: 5715,5714,5812,5912,5913
8406: 8540,8539,8475,8338,8478,8479
5430: 5328,5329,5331,5432
7135: 7224
5432: 5434,5430,5331,5630,5631
9609: 1329,9579,9572
5434: 5432,5332,5331,5436,5535,5631
7437: 7349,7436
5436: 5437,5535,5335,5333,5434,5332
5437: 5436,5535,5335,5438,5337,5536
5438: 5437,5337,5340,5536,5538,5440
9613: 9564,9307,9420,9618,9610
5440: 5637,5438,5340,5543,5538
7435: 7348,7259,7347
8080: 8159,8236,7918,8001,8158,7999
9873: 9776,9792,9658,9941,9872,9964
6004: 6003,5906
7655: 7570,7571,7656,7739
5446: 5649,5549,5550,9968,9909,5448,5548
5447: 5648,5548,9968,5647
5448: 5348,9909,9404,5349,5549,5550,5446
7835: 7834,7836,7917
7019: 7018,7109,6927,7110
5451: 5552,5350,5249,5250,5352,5452
5452: 5453,5653,5353,5352,5552,5451
5453: 5752,5452,5653,5353,5454,5354
5454: 5354,5949,5752,5453,5851
5455: 5355,5356,5253,5357,5354
8010: 7596,7929
5457: 5852,5557,5458,5357,5949
5458: 5358,5359,5357,5459,5457,5557
5459: 5460,5458,5359,5557,5657
5460: 5361,5360,5459,5657,5461
5461: 5462,5561,5361,5460,5363,5657
5462: 5562,5561,5461,5363,5364
7980: 7900,8060
9547: 48,49,9598,9275,84
8097: 8176,8175,8096,8017
5466: 5467,5366
5467: 5466,5368
8004: 8084,8005,7923,7924,8082
9491: 2555,2463,9624,2460,9333,2371
5470: 5569,5370
9614: 5945,9306,9343,9471
5472: 5572,5571,5372
7298: 7299,7386,7210
9645: 9717,9813,9709,9335
5475: 5476,5574,5575,5375
5476: 5475,5575
6256: 6257
5478: 5379,5578
9901: 6525,9658,9941,6139,10035,9305
5480: 5280,5380,5481
5481: 5480,5581
7440: 7353,7265,7352
5483: 5383,5384,5583
7073: 7163,7342,7691,6982,6983,7074
5485: 5584,5585
8378: 8449,8304,8450,8230,8451
5487: 5488,5587,5387
5488: 5487,5587,5389
5705: 5804,5606,5706
5490: 5589,5390,5491,5590
5491: 5492,5590,5392,5490
5492: 5491,5392,5393
8419: 8418,8347,8555,8348,8686
5494: 5593,5394,5395,5495,5594
5495: 5594,5395,5494
9881: 9995,9581,9653,9492
5497: 5398,5597
5498: 5499,5598,5597,5398
5499: 5498,5598,5400,5500,5599
5500: 5501,5599,5400,5499
5501: 5500,5502,5601
5502: 5601,5403,5501,5503
5503: 5504,5603,5403,5404,5502