8115: 8191,8192,7958,8114,8116
9886: 9832,9702,9836,8676,9694
6467: 6371
3: 23,51,87,53
9378: 9545,9292,9456,9640,9277
5: 
7304: 7305,7392,7216
5470: 5569,5370
8579: 8770,8369,8709,8370,8298,8513
7029: 7119,7120
10: 9851,31,60
8276: 8201,8348,8422,8490
8460: 8389,8084,8387,8238,8458,8666
10012: 9714,9880,10031,10009
7073: 6982,7342,7691,6983,7164
9562: 5337,5335,5341,5343,9429,9249
16: 9850,103,141
6262: 6261,6358,6164,6165,6263,6359
18: 
19: 
8158: 8310,8234,8080,7999,8236
10011: 3441,9932,9891,3340,10036
22: 23,51,50
23: 3,51,22
5930: 5829,5633,5833,5929,6028,5931
9962: 10026,9879,9946,9663
5277: 5278,5177,5176
27: 56
7702: 7704,7865,7787,7867,7948
29: 96,93
30: 31,60
31: 30,10,9851,60
7278: 7279,7367,7277,7190,7452
33: 62,95,96,133
34: 136,178,135
7009: 6917,7010,7099,7008,7100
9294: 9503,9480,9523,9454,9703,10025
37: 502,329,9322,9403,100,181
38: 228,142,143,185
39: 40
40: 39
6085: 6084,6086,6183
42: 68,9732
7085: 6531,6627,6815,9362,6906,9377
44: 9416,72,9950,9775,9329,73,187
9265: 9305,6139,6142,6238,9306
46: 81,9275,123,167,121
47: 
6884: 6882,6978,6790,7070
49: 
50: 51,22,9598
51: 3,23,22,50,9598,87
7148: 7058,7057,7147,7149,7237,7238
53: 3,126,87
9645: 9717,9813,9709,9335
8540: 8538,9376,8474,8406,8539,8338
56: 27
57: 91
6929: 6837,6930
59: 
60: 30,31,10
9945: 77,9826
62: 33,133,134,135
9914: 10016,9906,9685,9341,9896,9847
64: 9676,9439,326,275,99
65: 9445,9611
66: 334,333,446,387,386
8150: 8225,8227
68: 9732,42,9850,103,104
9855: 6712
5350: 5348,5551,5249,5451,5552
5893: 5894,5793,5794
72: 44,146,73,187,285,234
73: 146,9775,9345,44,72
8144: 8065,8066,8143,8145,8221
75: 
8487: 8417,8555,8554,8621,8685
77: 9826,9945,115
7178: 9967,7091,9406,7269,7180,7182
79: 118,9461,9323,9393,309,206
6658: 6657
81: 46,163,84,9793
5286: 5387,5185,5186,5285,5287
9765: 1576,9677,1662
84: 9275,81
8120: 8042,8121,8119,8197
6244: 6341,6246,6339,6147,6242,6436
87: 126,123,3,51,9598,53
7207: 7117,7118,7208,7296
6403: 6307,6499
8523: 8453,8454,8524,8522,8590
91: 57,130,9383
92: 130,9326,9383,10026,170
93: 96,133,175,29
9617: 9448,9334,8659,8784,8844,9938
95: 96,33
96: 133,93,29,95,33
6741: 6835,6647
5828: 5928,5630,5632,5829
99: 499,382,64,9439,275
100: 564,834,181,502,980,37
9738: 9112,9835,9754,9846,8981,9071
7979: 8058,7899
103: 16,9850,68,141,142,104
104: 143,103,68,142
6100: 6198,6003
7162: 7161,6978,6886,6979,7430
6919: 6920,7011,7010
7175: 7352,7526,7353,7439
9788: 9321,10002,9940
7373: 7460
6703: 6799,6894,6607,6609,6705,6893
112: 193,149,148,150
5400: 5300,5299,5499,5500
6576: 6480,6575,6671,6672
115: 77,116
116: 115
117: 158,205,159,118
118: 79,205,117,307,309
119: 368,9626,9369,424,312,366
8792: 8729,8790,9359,8730,8668,9544
121: 167,166,46,163,262
9609: 9579,9572,1666
123: 126,87,9275,9598,46,167
5422: 5322,5421
9878: 9255,9500,9925,9972
126: 123,87,53,167
127: 168,262,313,264
6753: 
7612: 7777,7268,7696,9561,9301,7859
130: 92,91,9383
131: 9809,9933,176,323,219,220
6021: 6022,6118,6119
133: 96,93,175,33,62,134
134: 176,178,133,175,62,135
135: 62,134,178,34
136: 9706,34
7838: 7756,7839,7921,7837
9467: 8562,8813,9477,8630,9290,9478
9974: 9487,9837,143,9869
8946: 8999,9092,8893,8947,9091,9046
141: 142,16,103
142: 141,103,143,104,38
143: 104,142,38,185,9974
5720: 5819,5620,5621,5818
6461: 6556,6462
146: 147,73,72,189,191,234
147: 146,9345,192,189
148: 150,112,149
149: 193,112,148
150: 148,112
6462: 6463,6558,6461
9407: 8970,9140,9019,9661,9444
8882: 8824,8881,9037,8884,8826
154: 156,252,9496,155,9642,251
155: 154,156,9496,9803,10037,157
156: 154,252,155,157,541,360
157: 306,9446,9803,156,155,360
158: 117,159
159: 158,117
9097: 9098,9052,9005,9336,9692,9750
6712: 6711,9855,6617
9957: 3434,10038,9713,9990,10041,3335
163: 81,121,208,9907,9793
7850: 7767,7601,8171
6003: 5904,6004,6100
166: 167,121,168,262
167: 166,121,126,123,46
168: 127,262,166
6248: 6153,6148,6249,6246,6342,6344
170: 217,92,9326,10026
9485: 9697,9796,2844,2942,9759
9324: 9527,9428,9473,9464,9431,9566
6007: 6105
8521: 8589,8452,8522,8451,8450,8654
175: 133,93,176,134
176: 134,178,323,175,131,9933
9413: 9733,9484,9312,9376,9426
178: 176,134,323,135,34
9523: 9602,9454,9266,9703,9348,9294
7217: 7128,7127,7216,7305
181: 564,100,9403,9502,37,384
8148: 8372,8069,8225
8018: 9998,7855,7938,7937
6068: 6165,5970,6067
185: 232,9869,143,228,38,281
9581: 8962,9010,9653,9881,9492
187: 283,285,44,9416,72
9259: 394,9553,9366,452,341,9430
189: 192,146,147,191,237
9027: 8929,8928,8874,9112,8978
191: 338,234,146,189,237
192: 189,193,147
193: 112,149,192
7007: 7184,6916,7095,7008,7098
9433: 9313,9502,9330,9506,277
8380: 8306,8307,8382,8452,8453
7220: 7130,7131,7219,7309
8232: 8155,8231,8234,8306,8307
6067: 6164,5970,6068,6165
9232: 9987,9211
9650: 9920,9647,9943,9773,9805
8450: 8449,8519,8654,8378,8451,8521
9669: 1331,1248,9737,9874,9747,9361
7262: 6629,6724,7086,9308,6909,9543
205: 9338,117,118,307
206: 309,365,79,9323,311
5451: 5452,5552,5249,5352,5250,5350
208: 259,9907,163,262,313
8462: 8668,8391,8601,8165,8241,8599
9870: 9693,9947,9994,9838
5846: 5847,9680,5748,5648,5746
5618: 5518,5619,5718
6071: 6169,6072
10000: 9797,9462,9689,9422,9994,9838
7080: 7344,7520,7345,7078
8005: 7924,8004,8006,8163,8084
217: 374,170,9273,9326,269
9941: 9901,10035,9992,9658,9792,9873
219: 434,269,9809,131,9273,220
220: 379,324,131,323,434,219
9569: 4132,4336,9262,9328,9734
7854: 9998,9447
7901: 7902
224: 9676,9991,274,9706,326
6172: 6270,6269
9656: 413,9728,9769,412
9681: 9984,9828,9844,9739
228: 38,185,281
6375: 6279,6376
6617: 6712,6711
9716: 8960,9653,9864,9381,9995
232: 185,9869,9806,281,334,333
233: 9515,9272,446,447,448,390
234: 338,191,72,146,285
9677: 1493,1578,9765,1663,1662
5329: 5331,5430,5227,5230,5328
237: 9883,9657,189,191
238: 288,338,287,9969
5268: 5269,5368,5167,5168,5267
240: 290,242,344,291
9965: 2661,10023
242: 240,344
243: 
9593: 9915,9379,9588,9252,9622
245: 297,349
246: 
247: 301
7591: 7505,7675,7759,7677
5312: 5313,5413,5211
8062: 8061,8140
251: 672,417,9642,154,9427
252: 154,156
7393: 7394,7305,7392,7480,7481
9830: 9719,9270,9956,9276,9674
7692: 7344,7520,7521,7522
5937: 5839,6032,5933,5936,6037,6130
8561: 8627,8560,8494,8562,8813,8869
7560: 7474
259: 208,9907,10040,313,368,369
7899: 7818,7979
7170: 7259,7169,7348,7349
262: 127,168,313,166,121,208
10006: 9792,9776,9817,9975
264: 316,369,127,313,9946
8368: 8219,8439,8509,8440,8644
5224: 5124,5125,5225
7974: 7973,8053,8054
6447: 6541,6351,6350
269: 434,219,374,217,9273,376
7721: 7638,7720,7804
5856: 5859,5758,5756,5951,5855,5953
5710: 5611,5709
7631: 7796,7713,7460,7630
274: 379,324,437,326,224
275: 438,625,381,64,499,99
5460: 5459,5359,5259,5461,5361,5657
277: 442,9433,9502,384,565
278: 387,281,333
8292: 8439,8291,8365,8507
7836: 7670,7837,7669,7835,7918,7917
281: 278,228,232,185,333
9177: 9180,9065,9145
283: 187,285,9272,390,336
7777: 7176,7268,7612,7443,7528,9301
285: 187,283,72,234,287,336
9909: 9755,9549,9968,5348,9404,5448
287: 338,285,336,288,238
288: 9339,289,238,287,339,336
289: 9339,288,339,450,394,9553
290: 240,291
291: 344,240,290
5885: 5983,5886
293: 9298,577,641,453,9536
294: 403,349,461
9979: 9401,9911,9668,9726,9666
5404: 5304,5403,5503,5504
297: 9474,245,349
7884: 7885,7965
299: 408,411,471,9823
5715: 5813,5714
301: 247
8976: 9509,8812,8813,9477,8869
10029: 9740,9795
7772: 7775,7773,9447,7936
9755: 9909,9549,10018,5346,9632,9404
306: 307,157,9446,360,361
307: 306,205,118,362,309,361
7606: 9639,9299,7160,7161,7252,7858
309: 362,206,365,118,79,307
8494: 8493,8424,8495,8560,8561,8562
311: 484,483,9369,9323,206,365,366
312: 424,487,119,426,425
313: 127,262,208,259,264,369
9500: 9382,9255,9878,9972,9819,9399
9733: 9413,9484,9312,10024,9928,9951
316: 264,369,426,9879,9946,370
9888: 9949,9931,9682
318: 550,9372,489,371,750,616
319: 491,431,9758,9918,9295,430
7344: 7692,7520,7080,7345,7521,7431
10025: 9678,9711,9703,9480,9294
7929: 9400,7680,9518,7596,7765,8170
323: 176,178,131,324,220
324: 379,274,220,323
8609: 8734
326: 437,274,64,224
8779: 8587,8778,8655,8718,8838,8895
5440: 5637,5639,5543,5340,5538,5438,5736
329: 833,502,37,9322,763
5505: 5506,5504,5604
331: 9506,385,504,442
7079: 7258,7078,7169
333: 66,334,232,278,387,281
334: 66,333,446,232,9806,9515
7339: 7252,7249,7858,7247,7340,7248
336: 449,339,283,285,287,288
7598: 8170,7682,7425,7765,7512
338: 191,234,287,9883,238
339: 449,336,288,289,450
5226: 5227,5225,5327
341: 704,513,9430,452,9259,512
7674: 7503,7675,7673,7757,7841
343: 455,397,396
344: 291,242,240
5255: 5155,5154,5052,5355,5356,5256
346: 519,648,650,647
9926: 9889,9919,9767,9854,10043,9930
9826: 77,9945
349: 403,294,245,297
9912: 9744,9621,9418
7733: 7649,7650,7732
7779: 7183,7446,7355,7360,9458,9550,7532
7618: 7617,7275,7276,7364,7619
9316: 10002,9940,588,9470,9557
7831: 7912,7913,7832
9697: 2652,9304,9485,9796,9679,2942
8137: 8136,8213,8058,8138
358: 474,9421,9707,477,416,9371
359: 670,9427,672,881,671,740
360: 541,418,361,157,306,156
361: 418,360,307,306,362,480
362: 309,365,307,361,420,480
7876: 7877,7956,7954,7796,8110
5983: 5885,6081
365: 362,309,206,311,483,420
366: 424,9369,119,311,484,485
6849: 6661,6756,6848
368: 119,9626,259,369,426
369: 264,316,426,259,313,368
370: 425,316,426,9879
371: 425,487,318,550,9372
372: 9295,9247,618,430,684,617
9701: 5740,5742,9849,9648
374: 217,269,431,9758,376
9748: 9972,9819,796,725
376: 431,374,434,269,433,492
9499: 9402,8020,9354,9550,7780,7783
9584: 9444,9660,9368,9563,9063,9497
379: 324,274,220,437
9476: 9325,9261,9244,2111,9398
381: 275
382: 499,99,9527,561,563
383: 501,9611,9428,563,694
384: 835,565,9502,277,564,181
385: 9506,331,444,504,505
386: 444,66,446,447,445
387: 278,66,333
9608: 2110,9463,9325,9364,9619,2201
8654: 8519,8450,8521,8589,8587,8655
390: 449,233,9272,283,448
6205: 6303,6204,6206
6163: 6065,6162,6260,6164,6261
9379: 9593,8757,9588,8695,9070
394: 9259,9553,289,452,511,450
395: 641,9248,513,9430,514,578
396: 515,397,343,454
397: 515,396,343,455
5761: 5663,5762,5760,5958,5957
6575: 6576,6671
6696: 6695,6790
401: 402,519
402: 521,461,401
403: 294,349,461,523
7103: 7104,7102,7191,7280
405: 9474,406,9948,463
406: 9948,405,463
407: 410,411
408: 299,471,531,9821
5501: 5500,5502,5601
410: 407
411: 9973,407,299
412: 473,9736,413,9656,9769
413: 9656,412,9736
8562: 9467,8813,8494,8495,8630,8561
9397: 1238,9409,9320,9342,1399,9357
416: 477,737,475,358,668
417: 251,672,812,811
418: 541,360,361,675,480
9900: 9385,9807,9370,9570
420: 481,480,362,365,483,544
9235: 9450,9119,9236,9545,9292
8560: 8627,8561,8493,8494,8625,8810
9028: 9029,8981
424: 312,487,366,119,614,485
425: 371,370,426,312,487
426: 316,369,368,312,370,425
5504: 5503,5603,5604,5404,5505
5590: 5491,5589,5490
7886: 7804,7885
430: 619,618,319,491,372,9295
431: 319,491,9758,376,374,492
8481: 8412,8265,8740,8339,8480,8678
433: 557,492,434,376
434: 269,219,220,376,433
8389: 8163,8084,8460,8241,8666,8599
436: 437
437: 498,436,326,379,274
438: 560,625,275,498,559
5868: 5967,5769,5966
6162: 6163,6065,6259,6260
9693: 9870,9947,9834
442: 277,331,698,566,565
6257: 6256
444: 386,445,385,505
445: 447,448,444,386,505,571
446: 66,334,233,9515,386,447
447: 448,445,446,233,386
448: 447,445,233,449,509,390,571
449: 509,339,390,336,448
450: 511,572,509,339,289,394
9448: 9334,9617,8658,8659,9055,9356
452: 511,9259,394,512,636,341
453: 641,9248,9441,9590,577,293
454: 515,396,456
455: 343,397
456: 454,515
6815: 6628,6534,6723,7085,6627,9607
6632: 6347,6348,6537,6820,6631
7609: 7434,9627,7518,7342,7691,9977
9938: 9988,8844,9334,9617,9917
461: 521,402,403,294,523
6388: 6291,6483,6389,6387
463: 405,406
464: 
7293: 7292
466: 529,9674,9586,9281,594,595
467: 531,9270,535,599,9276
5650: 5945,5649,5550,5750,6043
9432: 9685,9278,6328,6038,6135,9341
8987: 8880,8879,8881,8933,9080,9081
471: 472,9823,408,299,531,536
472: 471,9769,473,536,537
473: 9760,412,9736,472,537
474: 475,358,537,9760,9707
475: 474,537,602,668,416
9171: 9173
477: 808,737,416,358,670,9371
8703: 8639,8764,8435,8216,8704
9414: 9663,9918,9879,9528
480: 675,420,481,362,418,361
481: 675,420,480,544,609,744
9466: 9559,9457,7763,8468,9525
483: 311,484,365,420,544,546
484: 311,483,366,546,485
485: 612,614,484,424,366,546
6284: 6381,6283
487: 424,312,371,425,614,550
6142: 5751,5849,6238,5848,6041,9265
489: 318,9372,9247,616,683,617
8865: 8808,8807,8866,8919,8970,8917
491: 319,431,492,619,430,687
492: 557,433,491,431,376,687
6590: 
9037: 8882,8881,8884,9081,9123,8989
7788: 7949,7787,7705,7789,8029
7241: 7417,7151,7152
8422: 8276,8490,8624
498: 437,557,559,438
499: 382,99,625,275,624,561
9524: 9459,9282,9734
501: 383,9611,694,762,763
502: 833,980,37,329,100
9359: 8729,8792,9544,9386,9505,9712
504: 634,505,385,331,568,698
505: 634,504,571,444,445,385
9785: 9400,8170,7682,9531
6585: 6586
5842: 9910
509: 449,448,571,572,450
6784: 6783
511: 452,572,450,394,636
512: 769,700,636,452,341,704
513: 341,704,9430,395,640,514
514: 707,578,513,395,640
515: 397,396,454,456
9021: 8972,9023,9067
6260: 6163,6162,6259,6357,6356,6261
518: 647,649,588
519: 346,401,583,648
9652: 6618,9680
521: 461,402,523,586,584
9436: 8333,9534,9390,8405,9346,8538
523: 586,403,521,461
8644: 8440,8645,8707,8708,8368,8509
9179: 9180,9145,9205
9286: 9532,9479,9862,9510,9997,9845
527: 652,589,718,9365,9488,9495
9621: 9756,3339,9744,9912,9418,9424
529: 599,9276,466,9674,596,595
8452: 8521,8522,8380,8451,8453
531: 467,408,471,535,536
7209: 7119,7120,7210,7208
9029: 9072,9028,9074,9030,9234
8954: 8786,9988,8787,9007,8846
535: 666,602,536,531,467,599
536: 602,535,472,471,531,537
537: 475,474,472,473,602,536
5500: 5501,5599,5400,5499
9393: 9323,9580,9263,9460,79,9461
8493: 8423,8424,8494,8625,8560
541: 418,360,156
7804: 7886,7885,7721
5573: 5572,5574,5672,5673
544: 678,609,546,483,420,481
7825: 7742,7743
546: 678,544,484,483,612,485
5826: 5928,5727,5825,5926
8919: 8810,8866,8865,8970,8867,9019
9464: 9288,9473,9324,9431
550: 318,487,371,614,750
8645: 8440,8644,8708,8770,8369,8829
9293: 9786,9692,9594,9750
10014: 9225,9226
7179: 9773,9805,7176,7268,7269
9425: 9597,9396,9332,3839,9374,3835
7624: 7540,7625,7539,7789,7870
557: 433,492,498,559,687
9209: 9068
559: 755,687,557,498,438,560
560: 438,625,755,559,757,690
561: 693,563,499,382,760,624
9756: 3539,3339,9621,9932,3540,9744
563: 561,693,694,382,383
564: 100,834,181,835,907,384
565: 630,835,384,442,277,566
566: 698,442,630,565,767
9396: 9582,9597,9375,9425,9332,9620
568: 633,698,634,504
7195: 7283,7284
9211: 9185,9232
571: 634,505,448,445,509,572
572: 511,450,509,634,571
8133: 8210,8209
8989: 9123,9161,8990,9037,8938,8884
7198: 7109
10034: 9695,9936,9643,9402,9465,9944
577: 9441,453,293
578: 514,707,776,641,395,9536
9459: 9524,9282,9483,9633,5041
580: 9958,9818,783,710,781
6357: 6356,6260,6261,6358
9659: 9463,9398,9810,9675,10033
583: 584,648,519
584: 583,521,586
7247: 7156,7249,7339,7336,7248
586: 523,521,584
8193: 8116,7879,7962
588: 9316,9940,518,645
589: 652,527,716,9365,926
5332: 5436,5434,5230,5333,5234,5331
9657: 9883,237,9853
9618: 9420,9277,9613,9686
593: 594,661,9257,801,730,9551
594: 661,593,595,9257,466,9281
595: 594,661,529,466,596,731
596: 664,599,529,595,731
7050: 
9308: 9638,9607,7262,7086,9435,9543
599: 9276,529,467,666,535,596
5916: 5917,5816,5817
9281: 9770,9843,9586,466,594,9257
602: 666,535,536,475,537,668
8454: 8453,8523,8524,8383,8382,8455
6148: 6153,6248,6147,6051,6052,6246
5755: 5754,5657,5557,5459,5659
9377: 9638,9607,7085,9529,9362
5513: 5413,5512
8524: 8523,8454,8455,8593,8592
609: 678,544,481,744,745,746
9114: 9214,9187,9182
9740: 9395,9344,9875,9795,10029
612: 680,614,485,678,546,679
9251: 9415,9255,9637,9283,9576
614: 612,680,485,424,487,550
9718: 9721,9929,9751,9877,9266,9348
616: 892,751,750,318,489,683
617: 823,683,684,489,372,9247
618: 619,686,430,372,684,754
619: 686,618,430,491,755,687
8688: 8624,8687,8808,8625,8866
9422: 9591,10032,9994,9442,9462,10000
5887: 5886,5986
8968: 8915,8861,9017,9018,9892,9102
624: 690,760,625,499,561
625: 438,560,275,499,690,624
9867: 9343,9471,10035,9992
8466: 
9127: 8830,9130,8888,9600
7003: 6916,7095,7092,7002,6912,6915
630: 697,835,565,566,631
631: 767,838,630,1060
7641: 7557
633: 568,698,700,767,768
634: 504,505,571,572,568
5271: 5272,5372,5171
636: 512,700,452,511
6256: 6257
8050: 7970,8049,8279,8205
9297: 9600,9629,9556,8995,9045,9317
640: 774,915,704,513,842,514
641: 395,9248,453,293,578,9536
9636: 7434,7608,9627,9639,9299,9253
5542: 5641,5640,5540
9429: 9503,9480,5343,9562,9249,9360
645: 783,9818,588
5307: 5308,5408,5207,5407
647: 650,649,346,518
648: 583,346,519,650
649: 650,647,518
650: 647,649,346,648
6581: 6582
652: 527,589,718,1073,926,927
653: 9530,9495,654,718,786,787
654: 9530,653,858,9635,787,788
8378: 8230,8229,8304,8451,8449,8450
656: 723,791,722
657: 
7990: 7910,7909
659: 873,801,9551,9405,729,872
7443: 7528,7442,7176,7777
661: 594,593,595,802,731,730
6537: 6439,6441,6347,6632,6535,6629,6631
9526: 9370,9330,9300,9315,9287,9313
664: 733,668,596,666
8748: 8806,8808,8807,8686,8687,8622
666: 602,535,599,664,668
9370: 9526,9330,9570,9385,9900,9300
668: 664,666,602,475,737,416
5259: 5159,5258,5359,5460,5361
670: 359,9427,9371,477,808,881
671: 1031,881,359,740,957,1108
672: 251,417,359,9427,740,811
673: 812,743,814,813
8029: 8108,7870,7789,7949,7788,8259,9705
675: 481,480,418,743,744
9989: 9993,8021,9763,9347,8252,9314
9502: 9313,9403,9433,277,181,384
678: 544,609,546,612,746,679
679: 890,678,612,680,746
680: 612,614,750,890,820,679
9133: 9049,9203
8526: 8594,8727,8310,8309,8383
683: 894,823,617,489,751,616
684: 823,617,372,618,754
8006: 7677,7924,8005,7761,7763
686: 619,618,755,897,754
687: 755,559,491,557,492,619
9491: 2460,9333,2555,2463,9624
7036: 7127,6945,7037
690: 624,560,625,757,758
7523: 7347,7258,7522
9770: 9281,9843,9257,10004,9612
693: 561,563,694,760,901,903
694: 693,563,501,383,903,762
9771: 9990,9815,3137,3235,9516
7059: 7149,7150,7060,6967,7058
697: 630,835,907,982,983
698: 568,633,566,504,442
7742: 7741,7659,7743,7825
700: 769,512,636,633,768
8527: 8386,8596,8457,8594,8662
9695: 10034,9936,9710,9944,9690
8053: 7973,7974,8054,8208,8207
704: 341,513,769,512,842,640
8242: 8318,8087,8165,8391,8667
6290: 6386,6387,6193,6291
707: 514,776,578,774,845
9952: 9544,9386,8601,9735,10022,9778
709: 919,994,776,9493,9268,917
710: 922,9358,580,781,853
8423: 8493,8424,8278,8352
9513: 9498,9258,9599,9522,9646,9723
8365: 8704,8291,8292,8766,8507
7312: 7311,7400,7224
7325: 7237,7413
716: 9557,9365,785,9470,589
6028: 5929,6126,5930,6127,5931
718: 652,527,653,9495,927,786
8259: 7949,8029,9472,8184,9705,9729
6734: 6639,6640,6735,6920,6828
9340: 9594,9750,9519,9094,9052,9285
722: 1006,789,9552,656,791,860
723: 656,792,9882
724: 943,868,9382,9637,794,942
725: 727,796,9819,9748
726: 
727: 869,725,10004
728: 9405,869,944,1021
729: 1097,1021,9405,659,872,1178
730: 801,661,593,802,874
731: 876,802,733,596,661,595
7949: 7788,8259,7787,8029,7948,8184
733: 664,737,876,731,807
10022: 9963,9831,9778,9735,9952
5220: 5119
9272: 233,9515,9565,9416,283,390
737: 477,808,416,733,668,807
7686: 
7183: 7182,7446,7355,7779,7181,7360,7184
740: 957,811,359,672,671
5958: 5960,5862,5959,6055,5957,5761
6724: 7262,6629,6725,6631,6909,6910
743: 815,744,814,675,673
744: 815,743,675,481,609,745
745: 816,746,609,815,744,888
746: 745,816,678,609,679
9054: 9098,9052,8949,8950,8999,9094
9622: 9252,9290,9915,9593,9453,9852
7279: 7367,7278,7190,7191,7368,7280
750: 680,318,550,820,616
751: 892,616,894,683
5540: 5938,5640,5542,5639,5543
8554: 8619,8681,8620,8487,8621
754: 896,897,686,618,684
755: 559,687,619,686,560,757
9356: 8898,9055,9448,9334,9592,9353
757: 827,758,755,560,690
758: 827,757,974,690,973
6072: 6169,5975,6071
760: 974,624,561,693,901
9217: 9218,9238,9307,9216,9640,9420
762: 978,763,694,501,977,903
763: 978,762,501,833,329
6305: 6207
6642: 
8179: 8253,8255,8103
767: 838,631,633,566,768
768: 839,633,769,700,767,838
769: 512,700,704,842,839,768
6665: 6760,6664,6759
5266: 5267,5366
9390: 9436,9534,9486,9928,9484,9346
9304: 2652,9697,9679,2842,2938,2940
774: 640,915,707,989,845
7464: 7550,7377
776: 707,578,9268,845,917,709
5708: 5709,5807,5609
7818: 7819,7735,7899
9417: 9801,9469,9494,9684
8984: 8983,9033,8820,8821,8878,9079
781: 785,853,9470,580,783,710
8876: 8929,8874,8983
783: 645,580,781,9470
9781: 9803,10037,9537,9798
785: 781,853,9470,716,998
786: 787,1076,718,653,1000,927
787: 786,1076,1003,653,654,788
788: 929,1004,654,858,787,1003
789: 1006,722,9552,9245,1005,859
5495: 5594,5395,5494
791: 9895,656,722,860,863
792: 9745,793,723
793: 9745,792
794: 1095,9415,9637,724,942,1174
5953: 6051,5956,5951,5859,5856,6048
796: 9748,725
8480: 8339,8479,8481,8739,8678
9060: 8911,8857,8962,9634
7018: 7109,7019,6926,6927
5869: 
801: 873,659,730,9551,593,874
802: 876,1027,731,661,730
7442: 7266,7443
5574: 5475,5575,5573,5673
6941: 6848,7033,7032
9913: 2558,9319,9585,2372
807: 955,952,733,808,737,876
808: 477,737,670,955,807,881
6389: 6388,6293,6390
9363: 9245,9635,9291,9980,9552
811: 740,672,417,812,884
812: 673,417,811,813,884
813: 959,885,884,673,812,814
814: 815,743,673,885,813,886
815: 743,744,814,745,886,888
816: 745,746,888,889
8376: 8301,8584,8649,8303,8304,8449
9052: 9098,9054,9097,9094,9750,9340
8842: 8898,9055,8782,8721,9004,8841
820: 890,680,750,892
6316: 6218,6315,6219,6412,6414
6315: 6218,6316,6412
823: 894,683,684,617
6651: 6746,6556
7819: 7818,7735,7736,7737
5327: 5328,5227,5226
827: 757,758,897,972
8372: 8148,8298,8444,8069,8225
5476: 5475,5575
9972: 9819,9748,9925,9500,9878
8782: 8718,8656,8721,8841,8842
7118: 7117,7207,7208,7027,7119
833: 502,329,978,763,1131
834: 564,100,980,907,1057,981
835: 697,630,907,384,565,564
6904: 6813,6994
7300: 7388,7212,7299
838: 767,631,839,768,910
839: 842,840,768,769,838
840: 842,839,915,912
7601: 7516,7602,7600,7767,7850
842: 839,840,769,704,640,915
8058: 7979,8135,8136,8137
5875: 5973,5775,5776,5876
845: 1067,917,774,707,776,1066
6449: 6450,6448,6545
7516: 7602,7601,7600
848: 920,9493,922,9358,919
5873: 5872,5774
7858: 7252,7339,9299,7606,7340,9274
9810: 9659,9398,9822,9244,10010
7646: 7562
853: 785,781,710,922,998,923
5256: 5356,5155,5255,5258,5359
7248: 7340,7425,7247,7339,7336
6218: 6119,6315,6316,6121,6022,6219
9947: 9693,9870,9834,9375,10032,9994
858: 9245,9635,654,1004,788,859
859: 1080,1005,858,9245,789,1004
860: 863,1007,934,791,1006,722
861: 864,933,9905,9780,863,934
862: 1087,864,9905
863: 860,934,791,9895,9780,861
864: 933,861,9905,1087,862,1162
865: 939,1013,1170
9528: 9295,9247,9918,9414,9372
8964: 9011,8966
868: 944,943,724,9399,869,9382
869: 727,728,944,868,9399
9442: 4139,3936,9591,9422,9462,9256
8431: 8430,8213,8499,8361,8568
872: 1179,948,1178,873,659,729
873: 659,801,1025,874,872,948
874: 950,1025,873,801,730
7083: 6720,6721,6528
876: 802,1027,731,733,952,807
7386: 7299,7298,7474
9019: 8867,9563,8919,9407,8970,9444
6862: 6954,6768,6769
7518: 7430,7163,7342,7609,9627
881: 1031,671,808,359,670,955
7351: 7439
9591: 10032,9422,9582,4036,9442,3936
884: 959,813,812,1034,811
885: 959,813,814,1037,886
886: 1037,1038,888,815,814,885
8300: 8225,8227,8373,8301
888: 1038,886,815,745,816,889
889: 1115,816,1038,888
890: 820,679,680,965
8509: 8705,8507,8439,8368,8644,8707
892: 751,616,820,966
6716: 6993,6809,6622
894: 823,683,751,1043,1044
6582: 6583,6581
896: 897,754
897: 896,754,686,827,972
9999: 9866,10027
5839: 5837,6032,5937,9668,9784,6037
9831: 9963,10022,9778,9651
901: 902,903,760,693
902: 977,901,903,1052,1127
903: 977,902,901,693,694,762
8228: 8303,8227,8304,8152,8229
7704: 7702,7865,7703,7705,7787
9067: 9109,9021,9023,9068
907: 697,835,564,834,1057,982
9471: 9343,9867,9306,9614,9305,10035
9472: 8184,8028,10024,8259,9729
910: 1060,1137,838,1061
9835: 9112,8978,9738,9915,9852,9754
912: 1061,840
6320: 6416,6219,6122,6223,6321
9808: 5346,9632,9574,10017,9302,9604
915: 774,640,842,840,989
6031: 6127,5931,6128,5936,6326,5933
917: 1068,845,1067,776,709,994
5278: 5277,5177,5379
919: 1069,709,994,9493,920,848
920: 996,848,1069,919,1225
9567: 9239,9240,9615,9560,9546,9749
922: 710,9358,853,848,923
923: 998,997,922,853,996
7470: 7469,7557
9351: 9535,9541,9411,9555
926: 998,1073,997,652,589
927: 1149,1000,652,718,786
6188: 6090,6091,6286
929: 1004,1079,788,1003,1078
9796: 9697,9485,9679,9759,9790,9704
9789: 10030,9939,9762,10039,9727
9530: 653,9495,654,9264,9635,9291
933: 864,861,934,1009,1161,1162
934: 860,863,1007,933,861,1009
9950: 44,9699,9775,9329,9837
936: 
6298: 6200,6201
938: 9741,1014
939: 9741,1014,865,1013
5375: 5374,5274,5475
941: 1334,9283,1414,1417,1253
942: 1019,1255,1174,943,724,794
943: 944,868,724,1096,1019,942
944: 943,868,869,728,1021,1096
5997: 5898
6535: 6629,7086,6723,6439,6537
5723: 5722,5624,5724
948: 1179,872,873,1025,1180,1261
9981: 9832,9702,8797
950: 1183,1025,874,1027,1028
7160: 7070,7161,7252,7606
952: 1029,955,807,876,1027,1028
6821: 6725,6820,6637,6541,6911,6823
5418: 5419,5417,5518
955: 1029,952,807,808,1031,881
8499: 8567,8632,8430,8431,8429,8568
957: 740,671,1108,1110
8082: 7922,8002,8004,8161,8238
959: 885,813,884,1034,1035
5481: 5480,5581
6835: 6741,6742
7075: 6983,9696,9860,7345,7164,7431
8929: 8876,9027,8928,8874,9032,8983,8982
7923: 8004
965: 966,890
966: 965,892,1042
7649: 7733,7565,7564,7650,7732
9902: 9903,1241,1162,9715
6993: 6809,6716,6902,6622
7139: 
9023: 9111,8921,8972,9021,9067,9068
972: 1047,1048,973,897,827
973: 1048,972,758,974
974: 760,758,973
9800: 9634,9892,9787,9691
8655: 8718,8656,8654,8589,8779,8587
977: 902,903,978,762,1052
978: 762,763,977,833
7741: 7742,7740
980: 502,100,834,1132,981
981: 1133,1057,980,834,1211,1132
982: 1134,1135,983,697,907,1057
983: 982,1135,697,1136,1060
9720: 9813,9708
7288: 7289,7200,7375,7199
7296: 7383,7207,7208
5258: 5259,5159,5157,5155,5256,5359
7512: 7599,7515,7428,7598,7682
989: 1141,1066,774,915
10009: 9517,9880,7608,10012
7104: 7103,7014
5956: 6051,5953,6052,6055,5957
9451: 2190,9954,2098,2010,2189
994: 1069,709,919,1068,917,1145
7474: 7560,7386,7475
996: 920,997,923,1071,1225
997: 1073,923,926,996,1071,1148
998: 923,926,785,853
5355: 5253,5455,5153,5052,5255,5356
1000: 1309,927,786,1076,1075
8424: 8493,8423,8494,8352,8425,8495
6759: 6664,6760,6665,6853
1003: 787,1076,929,788,1152,1078
1004: 929,1079,788,858,1080,859
1005: 1080,1236,859,1006,789
1006: 722,789,860,1007,1005
1007: 860,934,1006,1082,1009
10016: 6517,9898,9906,9914,9847
1009: 1082,1160,1007,934,933,1161
8891: 8945,8835,8714,9089,9090
1011: 
7570: 7569,7571,7655
1013: 1169,939,865,1170
1014: 939,9741,938
8567: 8632,8499,8568,8696,8634,8695
6583: 6582
7023: 6932,7022,6931
9872: 9658,6337,6434,9964,9873,6432
1019: 942,1255,943,1096,1175,1256
7462: 7548,7375
1021: 1097,1096,729,9405,728,944
9811: 9827,9749,9863,9673,9858,9794
8769: 8991,8885,8707,8708,8767,8938
9602: 9523,9454,9280,9266,5142,5141
1025: 1183,950,874,873,948,1180
8199: 8044,7965,8273,8274
1027: 876,802,952,950,1028
1028: 1106,1105,1027,1029,952,1183,950
1029: 955,952,1031,1028,1106
7885: 7804,7886,7884,7965
1031: 881,671,1029,955,1108
8261: 8189,8110,8033,8032,8333,8262
5419: 5418,5518
1034: 959,884,1111,1110,1035
1035: 1034,959,1111
5294: 5394,5194,5295,5395
1037: 1038,886,885,1192
1038: 1037,886,888,1115,889
7707: 7539,7451,7450,7705,7789
7539: 7707,7451,7452,7624,7540
10038: 3434,9957,10041,3239
1042: 1043,1118,966
1043: 1042,894,1044
1044: 1045,894,1043
1045: 1044
5585: 5584,5485,5685
1047: 1048,972,1124
1048: 1047,973,972,1124,1125
9334: 9448,9617,9917,9356,9938,9353
9862: 9671,9742,9997,9970,9845,9286
6455: 6359,6456,6550
1052: 1207,1127,977,902
6303: 6205,6206
6261: 6262,6358,6163,6260,6164,6357
9721: 9718,9929,9751,9959
5776: 5678,5775,5875
1057: 1133,981,834,907,1134,982
7877: 7876,7956,7796,7878
8146: 7988,8145,8222
1060: 1136,1137,910,631,983
1061: 912,1216,1137,910
7309: 7396,7220
6441: 6439,6537,6344,6249,6346,6347
6216: 6118,6215,6313,6119
6487: 
1066: 1141,989,845,1067,1142
1067: 1068,845,917,1066,1302,1142
1068: 1067,917,994,1302,1303,1145
1069: 919,994,920,1145,1225
7888: 7806
1071: 1306,1225,996,997,1148
6847: 6939
1073: 997,926,652,1148,1149
9890: 9897,10028,9921
1075: 1230,1309,1000,1076,1312,1152
1076: 786,787,1003,1000,1075,1152
9066: 9065,9109
1078: 1477,1152,1003,929,1561
1079: 929,1004,1080,1234,1395
1080: 1236,1005,859,1004,1079,1234
5621: 5622,5620,5720
1082: 1009,1160,1007,1236,1159
9963: 10022,9831,8603,9942,9651
6270: 6173,6172
7932: 8093,8171,7770,8013
9571: 10003,10039,9556,9982,10005,9824
1087: 862,864,1162
8170: 7598,7765,7929,9400,9785
1089: 
5274: 5374,5375
9607: 9638,9308,9377,6815,6723,7086
1092: 1170,1169,1250
5421: 5422,5520
9583: 5340,9249,9360,9452,5543
1095: 794,9415,1174,1253,1419
1096: 1097,1021,944,943,1019,1175
1097: 1021,1096,729,1178,1258,1175
9322: 9445,9287,9403,37,329
7562: 7475,7646,7563
7903: 7902
8869: 8811,8627,8561,8813,8976,8812
9512: 6909,7001,9543,9540,7000,9406
7834: 7668,7835,7915,7996
9452: 9678,9583,9360
1105: 1028,1106,1183,1347,1263,1185
1106: 1028,1105,1029,1185
8889: 8712,8943,9045,8772,8888,8995
1108: 1187,1031,671,957
8369: 8579,8770,8296,8370,8440,8645
1110: 1111,1034,957
1111: 1270,1110,1034,1035
7599: 7512,7600,7515,7767,7682,7931
5502: 5601,5403,5501,5503
7364: 7452,7619,7276,7618,7451
1115: 889,1038,1193
6844: 6843
5664: 5564,5663,5762
1118: 1042,1196,1197
9514: 9488,9264,9812,9321,9388
1120: 
6249: 6153,6248,6346,6441,6344
1122: 
7200: 7288,7289,7110,7199
1124: 1203,1202,1125,1047,1048
1125: 1124,1203,1048,1204
9791: 9699,9775,9345
1127: 1052,902
5685: 5585
5510: 5509,5609,5410
5698: 5697,5598,5599,5699
1131: 1210,1132,833
1132: 1210,1211,1131,980,981
1133: 1057,981,1211,1134,1373,1212
1134: 982,1135,1133,1057,1212,1213
1135: 1134,982,983,1136,1213,1295
1136: 1060,1137,1135,983,1295,1215
1137: 1136,1060,910,1061,1216,1215
9345: 9791,9775,147,73
8373: 8514,8444,8225,8300,8647
5487: 5488,5587,5387
1141: 989,1066,1300,1142
1142: 1302,1141,1066,1067,1300
8108: 7791,7870,8029,9289,8260,9705
6939: 6847
1145: 1304,1303,1068,1069,994
7394: 7393,7481
6626: 6433,9964,9776,6721,6528
1148: 1227,1073,997,1071,1149
1149: 1309,927,1073,1148,1228
9777: 4639,4740
7532: 7617,7779,7360,7275,9550
1152: 1312,1477,1078,1076,1003,1075
9956: 9856,9586,9830,9674
9447: 7854,9998,7772,7936,9434,9373
9991: 9676,224,9706,9468
9690: 9763,9944,9695
9958: 9380,580,9818,9757,9746
6390: 6293,6389,6391
1159: 1321,1242,1236,1082,1160,1314
1160: 1082,1009,1161,1240,1321,1159
1161: 1241,1240,1162,933,1009,1160
1162: 1241,1161,864,933,1087,9902
9678: 10025,9480,9360,9452
9589: 9326,9383,9809,9923,9273
8830: 9127,8829,8886,8770,8709
8838: 8837,8949,8947,8779,8778,8895
5227: 5226,5327,5328,5329
8990: 9161,8989,8938,8991,9039,9038
1169: 1013,1170,1092,1250
1170: 1092,865,1013,1169
8727: 8594,8526,9623,8383,8455,9260
9326: 9589,9383,92,217,170,9273
7092: 7095,7003,7001,7002,7000,7181
1174: 942,1255,1095,794,1419,1336
1175: 1258,1256,1097,1096,1019
5695: 5793,5794
8453: 8523,8454,8380,8382,8452,8522
1178: 1179,872,1097,729,1259
1179: 872,948,1178,1261,1425,1259
1180: 1344,1261,1025,948,1263
5302: 5403,5202,5201
9357: 1905,9397,9342,1399,1819
1183: 950,1025,1028,1105,1263
6451: 6356,6450,6546,6547
1185: 1347,1106,1105,1349
6058: 6155,5960,5959,6059
1187: 1108
6084: 6085,5986
7276: 7099,7277,7098,7618,7364
9140: 9407,9018,8917,9102,9438
9975: 9817,9725,10006
1192: 1193,1272,1037
1193: 1192,1115
5852: 9533,5949,5357,5458,5557
6896: 6706,6801,9494,6708,6897,9469
1196: 1276,1118,1197,1277
1197: 1198,1278,1277,1118,1196
1198: 1197,1278
7290: 7289,7377
7328: 7327,7503
1201: 1281,1282,1202
1202: 1124,1203,1283,1201,1282
1203: 1124,1283,1202,1125,1284,1204
1204: 1285,1203,1125,1284
9089: 9090,9317,9982,9132,8945,8891
6291: 6388,6193,6290,6387
1207: 1052
9263: 9460,9461,9393
9475: 6893,6984,6894,6891,9384,9511
1210: 1211,1132,1131,1291,1290
1211: 1210,1132,1133,981,1291,1373
1212: 1374,1133,1134,1375,1213
1213: 1375,1376,1295,1134,1135,1212
7237: 7238,7325,7147,7148
1215: 1296,1136,1137,1216,1295
1216: 1061,1137,1296,1215,1297
9875: 9271,9904,9344,9740,9649,9795
8451: 8230,8378,8450,8521,8452
10031: 9977,9753,9779,9880,10012,9714
6992: 6900,6809
9966: 9927,9978,3634,3239
9839: 10042,9920,9773
5233: 5234,5136,5031,5032,5129
8821: 8820,8874,8818,8983,8984
1225: 1305,1071,1069,996,920
7086: 6535,7262,6629,6723,9607,9308
1227: 1148,1228,1306,1388,1307
1228: 1227,1309,1149,1307,1390
9303: 9453,9852,9754,9509,9449,9885
1230: 1392,1473,1390,1075,1309,1312
9462: 9797,10000,9422,9442,9256,9489
7542: 7792,7455,7627,7456,7543
1233: 
1234: 1314,1395,1079,1080,1236
6972: 6973,7063
1236: 1080,1005,1082,1314,1234,1159
8687: 8490,8686,8624,8688,8808,8748
1238: 9397,9409,1316,1563,1732,1399
9313: 9403,9433,9502,9526,9330,9287
1240: 1241,1161,1160,1321
1241: 1161,1240,1162,9902,9715
1242: 1321,1159,9443,1314,1319,1483
6114: 6212,6211
1244: 1408
9556: 9297,9629,9317,9982,10005,9571
1246: 1494,1410,1578
1247: 1579,1411
1248: 1331,9669,1334,1332,9361
10023: 2661,9965
1250: 1251,1169,1092
1251: 1250,1331,9737
7151: 7152,7150,7060,7241
1253: 1418,1419,941,1095,1417
6534: 6628,6815,6723,6342,6439,6344
1255: 1019,942,1174,1256,1338
1256: 1340,1175,1019,1255,1338,1422
8917: 9018,8970,9140,8807,8865,8916
1258: 1340,1175,1097,1341,1259
1259: 1341,1425,1179,1178,1258
7478: 7390,7565,7564
1261: 1344,1180,1179,948,1425,1510
8311: 8594
1263: 1347,1183,1105,1344,1180
8126: 8047,8201
8278: 8279,8352,8423
9090: 9089,9317,8943,9045,8891
8178: 8103,8101,8182
7954: 7713,8110,8033,7876
8336: 8264,8262,8474,8189
1270: 1111,1351
6645: 6549,6550
1272: 1192
9643: 9310,9508,9354,10034,9936,9402
9548: 9672,9863,9615,9242,9387,9507
9846: 9885,9754,9738,8981
1276: 1196,1277,1357,1358
1277: 1197,1278,1276,1196,1358
1278: 1197,1198,1277
8721: 8591,8658,8782,9055,8842
1280: 1281,1362
1281: 1201,1282,1280,1362,1363
1282: 1201,1281,1283,1202,1363,1364
1283: 1203,1202,1284,1282,1364
1284: 1203,1283,1204,1285,1366
1285: 1204,1286,1284,1366,1367
1286: 1285,1367
8449: 8519,8450,8304,8378,8376,8584
7996: 7914,8075,7915,7834,8076
9395: 9505,9344,9740,9712
1290: 1291,1210
1291: 1290,1210,1211,1373
9601: 9511,9575,9724,9309,9860
7112: 7022
9343: 9867,9471,9614
1295: 1376,1213,1135,1136,1215
1296: 1215,1216,1461,1297
1297: 1216,1296,1380
9360: 9583,9249,9429,9480,9678,9452
7216: 7127,7217,7304,7305
1300: 1381,1380,1141,1142
9505: 9395,9344,8791,8729,9359,9712
1302: 1384,1142,1068,1067,1303
1303: 1304,1467,1145,1068,1384,1302
1304: 1467,1303,1386,1145,1305
1305: 1306,1225,1304,1386,1387
1306: 1305,1071,1227,1387,1388
1307: 1472,1228,1227,1388,1390
8143: 8065,8144,8064,8142,8219
1309: 1149,1000,1228,1230,1390,1075
6283: 6282,6185,6284
6515: 6516,6610,6419,6420,6421,6514
1312: 1476,1477,1152,1392,1230,1075
6198: 6100,6295
1314: 1234,1319,1236,1159,1242
9408: 9302,5144,9352,9482,5044,9574
1316: 1902,1563,1816,1238,9409
8383: 8309,8382,8526,8727,8454,8455
1318: 1649,1820,1566,1995
1319: 1314,1242,1483
6135: 9401,9911,6038,9432,9644,9341
1321: 1159,1242,9443,1160,1240,9296
8659: 8661,8784,8658,9448,9617
7670: 7836,7669
5594: 5495,5593,5494
7190: 7101,7191,7100,7277,7279,7278
1326: 1408,9730
1327: 1493,1410
6628: 6815,6534,6437,6341,6342,6627
5361: 5363,5461,5259,5460
6246: 6244,6341,6342,6147,6148,6248
1331: 1248,9669,9737,1251,1332
1332: 1334,9576,1331,1248
6706: 6896,6801,6705,6610,6708,6799
1334: 941,9283,1332,1248,1414
6201: 6299,6298
1336: 1338,1174,1419,1420,1504
9045: 8889,8943,8995,9297,9090,9317
1338: 1421,1336,1255,1256,1422
6381: 6284
1340: 1258,1256,1506,1422,1507
1341: 1509,1425,1259,1258,1507
6604: 6700,6797,6507,6508,6605
9519: 9594,9340,9285
1344: 1180,1261,1263,1427,1428
9588: 8757,8873,9355,9252,9379,9593
5304: 5404,5204
1347: 1263,1185,1105
9468: 9473,9676,9991,9439
1349: 1185,1350
1350: 1351,1349
1351: 1350,1270
5901: 5999,5801,5902
9193: 9123,9161,9162,9160,9219,9239
9295: 372,9247,9528,9918,319,430
9276: 599,529,9674,9830,9270,467
6286: 6188
1357: 1358,1276
1358: 1357,1276,1277
5358: 5356
7922: 7757,7841,8082,8002,7839
5392: 5393,5491,5492
1362: 1444,1280,1281,1363
1363: 1446,1281,1282,1362,1364
1364: 1282,1283,1363,1446
9338: 205,9537,9446
1366: 1367,1449,1284,1285
1367: 1366,1449,1286,1285
9012: 9059,9983
1369: 1451
7008: 7099,7098,6916,6917,7009,7007
5281: 5180
6695: 6599,6696,6790
1373: 1374,1456,1211,1133,1291
1374: 1373,1456,1212,1375
1375: 1376,1213,1374,1212,1541
1376: 1375,1213,1295
7763: 8468,9525,7761,8006,9466
9596: 8972,9368,9497,9971
5346: 9632,9808,10017,9985,10018,9755
1380: 1300,1381,1297
1381: 1300,1380
9437: 9353,9336,9893,9592
5562: 5561,5462,5662
1384: 1302,1467,1303,1549
7965: 8044,8199,7884,7885
1386: 1304,1467,1305,1468,1469,1387
1387: 1553,1469,1388,1386,1305,1306
1388: 1553,1387,1306,1227,1307
8176: 9842,9683,8175
1390: 1230,1473,1228,1309,1472,1307
5649: 5550,5548,5748,5650
1392: 1230,1473,1312,1476,1557
9561: 9301,9667,10019,7612,7859,9508
9274: 9631,7428,7858,9299,9253,7340
1395: 1234,1079,1396
1396: 1561,1395,1562,9481
6408: 6504
10028: 9897,9890,9825,4134,4234
1399: 1732,1819,9397,1238,9357
9302: 5144,5247,9408,9574,9808,9604
9521: 9483,9269,4330,4232,4336,9282
5912: 6010,5812,5813,5913,6011
5663: 5761,5762,5564,5662,5664
1404: 1565,1568,1483,9443,9761,9246
5557: 5755,5458,5852,9533,9394
1406: 1573
7436: 7348,7437,7349
1408: 1244,9730,1326
7129: 
1410: 1493,1578,1327,1246
1411: 1664,1579,1247,1494
1412: 1841,9579,1666
9277: 9640,9420,9618,9378,9456,9686
1414: 1417,1499,1334,941,1583
6376: 6279,6375
6327: 6227,6128,6326,9278,6328,6425
1417: 1414,1499,941,1253,1418,1500
1418: 1253,1419,1420,1417,1500,1502
1419: 1253,1418,1420,1095,1174,1336
1420: 1418,1419,1336,1587,1504
1421: 1338,1422,1589,1762,1504
1422: 1506,1589,1340,1256,1421,1338
9809: 9923,131,9933,9589,9273,219
9415: 1095,794,9251,9637,9283
1425: 1509,1341,1259,1179,1261,1510
7469: 7470,7555
1427: 1510,1344,1512,1428
1428: 1513,1512,1344,1427
5434: 5436,5332,5331,5432,5631,5535
9779: 9977,9753,10031,7691,7164
9329: 9487,9565,9837,44,9416,9950
7905: 8065
7865: 7702,7704,7942,8021
9033: 9032,8983,8984,9120,9079,9190
9460: 9782,9263,10040,9393,9580
1436: 1520
5244: 5345
1438: 1439
1439: 1438
7146: 7147,7056,7055
8008: 8087,8165,8241,8468,8163
7988: 8146
1443: 1444,1526,1527
1444: 1362,1443,1527
6212: 6114,6211
1446: 1363,1364,1529
7673: 7587,7674,7756,7757
7037: 7128,6945,7036,7127
1449: 1366,1367,1532
9224: 9166
1451: 1535,1369
9869: 232,185,9806,9487,9974
9497: 9105,9063,9584,9368,9596
7295: 
6412: 6508,6605,6315,6316,6510,6414
1456: 1373,1374,1539
9708: 9813,9720,9715,9903,9722
8679: 8741,9625,8550,8740,8483,8799
5920: 5919,6018
6629: 6535,7262,6724,7086,6537,6631
1461: 1296,1545
9469: 9417,9801,6896,6801,9494,9309
5736: 5536,5538,5635,5438,5637,5440,5834
9236: 9077,9157,9237,9119,9235,9292
8013: 7770,7934,8093,7932,8397
9658: 9872,6337,6335,9941,9901,9873
1467: 1304,1303,1386,1384,1468
1468: 1467,1386,1469
1469: 1553,1387,1386,1468
6439: 6537,6441,6344,6534,6723,6535
9860: 6983,9696,7075,9575,9601,9724
1472: 1307,1473,1390,1556,1555
1473: 1392,1230,1390,1472,1556,1557
9325: 9364,9261,9476,9463,9398,9608
9489: 4339,9256,9797,9462,9331
1476: 1312,1477,1392,1729,1644
1477: 1312,1476,1152,1078,1561,1644
9071: 8981,9112,9738,8928,8980
6733: 6639,6731,6638
7870: 8108,7791,8029,7789,7624
7434: 9636,7609,9880,7608,9627,9977
7265: 7266,7354,7440
1483: 1565,1404,1319,1242,9443
6614: 6804,6520,6805
7669: 7668,7835,7670,7836
6051: 5956,5953,6052,6048,6147,6148
1487: 9717,1656,1738,1739
1488: 1822,9700,1568,9761,1651
7956: 7877,7876,7958,8114,7878
7839: 7756,7838,7921,7757,7922,8002
7828: 7910,7909
7450: 7707,7451,7705,7619,7701,7703
1493: 1410,1578,9677,1327
1494: 1246,1578,1663,1664,1411
7055: 6964,7145,7146
9858: 9794,9996,9827,9811
1497: 1582,1755,9542,9327,1756
6612: 6422,6517,6897,6709
1499: 1414,1417,1583,1758,1756,1500
1500: 1759,1758,1417,1499,1418,1502
9392: 9483,9269,4529,4630,4431,9633
1502: 1847,1587,1418,1759,1500
5722: 5723,5622
1504: 1761,1762,1420,1421,1336,1587
8406: 8539,8478,8540,8479,8338
1506: 1422,1589,1340,1592,1507,1677
1507: 1592,1340,1341,1506
9802: 9507,9558
1509: 1341,1425,1510,1594
1510: 1427,1261,1509,1425,1594
5548: 5447,5648,5649,5748
1512: 1513,1428,1427,1682
1513: 1512,1428,1514
1514: 1515,1599,1513
1515: 1514,1599,1600,1516
1516: 1515,1600
8213: 8136,8137,8431,8361
8015: 7934,7935
6720: 7083,6528,6624,6813
1520: 1605,1436
7504: 
7794: 7953,7711,7630,7713
6481: 6385,6386,6480
1524: 1608,1525,1609
1525: 1526,1610,1609,1524
1526: 1525,1610,1443,1527,1611
1527: 1612,1611,1444,1443,1526
9376: 9346,8540,9413,9484,9426,8539
1529: 1446
10010: 1747,9244,2020,9822,10001,9810
9483: 9521,9269,9392,9459,9282,9633
1532: 1617,1449,1616
5403: 5302,5404,5502,5503
7783: 7701,7703,7780,9499,8020
1535: 1619,1451,1620,1705
7931: 7682,7599,7767
1537: 1622
5370: 5269,5470
1539: 1622,1623,1456
8879: 8880,8878,8701,8987,8702,8933
1541: 1542,1375,1625
1542: 1541
7505: 7591,7417,7679
9258: 9538,9498,9513,9723,9412,9573
1545: 1629,1630,1461
7711: 7628,7627,7952,7953,7794
1547: 1631,1548
1548: 1549,1547
1549: 1548,1384
7522: 7692,7520,7523
9968: 9909,9549,5448
7431: 7521,7164,7075,7345,7344
1553: 1469,1387,1388,1638
9735: 8667,8391,8601,9952,10022
1555: 1556,1472,1638
1556: 1555,1472,1473,1557
1557: 1727,1392,1473,1556
9732: 68,42,9850
7973: 7974,8053,7892
6705: 6514,6609,6610,6799,6703,6706
1561: 1396,1477,1078,1644,1562
1562: 9254,9481,1396,1561,1731,1644
1563: 1316,1902,1238,1817,1991,1732
9421: 9642,9707,9655,358,9496,9371
1565: 1568,1483,1404,1649,1566
1566: 1651,1820,1565,1568,1649,1318
6059: 5961,5960,6058
1568: 1565,1404,9761,1566,1488
1569: 1738,1736,9717,1822,9700
8995: 8888,8889,9045,9297,9600
1571: 1572,1656
1572: 1571,1656,1573,1740,1657
1573: 1406,1572,1657
10032: 9591,9422,9994,9582,9375,9947
5882: 
1576: 9765,1662
9851: 10,31
1578: 1493,1410,9677,1494,1246,1663
1579: 1664,1836,1411,1247,1752
5508: 5408,5509
6809: 6993,6716,6992
1582: 1755,1497,9327,1841,9579,1842
1583: 9542,1414,1499,1756
5977: 5978,5878
6638: 6731,6637,6733
9253: 9299,9636,7608,9631,9274,9517
1587: 1847,1760,1502,1420,1761,1504
9745: 793,10008,792,9882
1589: 1506,1422,1421,1762,1676,1677
8282: 8497,8207,8496
8696: 8634,8695,8874,9070,8567
1592: 1766,1507,1506,1677
7638: 7721
1594: 1767,1509,1510
5317: 5417
6547: 6548,6451,6546
9480: 9503,9429,9294,10025,9678,9360
9564: 9504,9560,9307,9610,9613,9546
1599: 1514,1515,1600
1600: 1515,1599,1516
9166: 9224,9167
1602: 1687,1688
6811: 6994,6622
5337: 5437,5335,9562,5340,9249,5438
1605: 1520,1691
9458: 9354,9550,7697,7355,7779,9310
9342: 9397,9320,9357
1608: 1524,1609,1693,1694
1609: 1525,1610,1608,1524,1694
1610: 1525,1526,1609,1611
1611: 1527,1612,1526,1610
1612: 1527,1611,1698
8182: 8178,8330
9157: 9237,9190,9032,8982,9077,9236
6371: 6370,6467,6275
1616: 1532,1617,1702,1701
1617: 1532,1618,1616,1702,1703
1618: 1617,1619,1703,1704
1619: 1535,1618,1704,1705
1620: 1535,1705,1706
9486: 9928,9705,9729,9289,9534,9390
1622: 1539,1623,1537
1623: 1539,1622,1709
5964: 5865,5963,6062
1625: 1541
5269: 5268,5168,5370
7032: 7123,7033,6941,7122
1628: 1629
1629: 1545,1630,1628
1630: 1545,1629,1631,1716
1631: 1547,1630,1716,1717
8677: 8676,8614,8478,8477,9836
5631: 5533,5632,5535,5434,5630
5483: 5383,5384,5583
6843: 6844,6749,6935
9243: 9194,9242,9387,9125,9501
7485: 7571,7398
1638: 1723,1553,1555
9929: 9721,9718,9348
9348: 9703,9266,9718,9929,9523
5848: 5750,5349,5551,6142,5849,6041
1642: 
6527: 9725
1644: 1729,1731,1476,1477,1561,1562
9723: 9646,9258,9513,9412
8075: 7914,7996,8076,8074,8154
9749: 9827,9811,9567,9615,9546,9863
9848: 9710,9667,10019,9884
1649: 1318,1565,1566
8392: 8393,8603,8168,8463
1651: 1820,1566,1488,1821
7630: 7460,7545,7794,7631,7713
8522: 8521,8589,8452,8590,8453,8523
9494: 6896,6897,9417,9469,9684
7761: 7679,7847,7677,8006,7763,9525
1656: 1572,1571,1487,1740,1739
1657: 9606,1572,1573,1740
1658: 2182,1828,9554,9859,1915,2005
1659: 2007,1919,2008
5781: 5683
7953: 7794,7711,8031,8032,8033
1662: 1663,1749,9677,1576,9765
1663: 1749,1662,1578,9677,1494,1664
1664: 1836,1579,1411,1494,1663,1749
9318: 9501,9558,9128,9960,9664
1666: 1840,1412,9609
9612: 10004,9405,9770,9257,9551
9824: 10005,9664,9571,10039,9727
5906: 5807,6004
9203: 9133
9680: 5846,9652
7000: 7181,7091,9406,9512,7001,7092
9520: 3233,3333,9713,9516,3334,3530
6671: 6672,6766,6575,6576
9700: 1488,1822,9761,9709,9717,1569
1676: 1851,1850,1677,1589,1762,1852
1677: 1676,1506,1589,1592,1852
9750: 9594,9340,9052,9097,9692,9293
7163: 7430,7518,6979,6888,7081,7342
8880: 8879,8987,8764,8702,8824,8881
5961: 6059,5960,5862
1682: 1769,1512
9510: 2569,9997,9532,9286,2664
8898: 9055,8842,9356,9004,9005,9592
7428: 9631,9274,7340,7425,7512,7515
8020: 9499,9402,9465,7783,7942
1687: 1602,1688
1688: 1602,1687
5748: 5847,5846,5648,5548,5649
5380: 5379,5280,5480
1691: 1777,1605,1778
9792: 10006,9941,9992,9873,9776
1693: 1694,1608,1779
1694: 1693,1608,1609
6215: 6118,6216,6313,6117
6783: 6784,6688
5518: 5618,5419,5418
1698: 1784,1612,1699
1699: 1698
9931: 9949,9888,1923,2196
1701: 1702,1616
1702: 1701,1616,1617,1703
1703: 1618,1617,1702,1704
1704: 1790,1618,1619,1703
1705: 1619,1535,1620,1706
1706: 1793,1620,1705
1707: 
9517: 10009,9253,7608,9631
1709: 1623
9993: 7942,8021,9989,9465,9763,9944
5865: 5964,5963
6432: 6531,9872,6434,6437,6433,9964
8624: 8688,8422,8490,8687
9018: 8917,9140,8916,8915,8968,9102
8743: 8857,8744,8801,8960,9010
1716: 1630,1631,1717,1803
1717: 1804,1803,1631,1716,1718
1718: 1805,1804,1717
9399: 868,9819,869,9382,9500
9730: 1408,1326
1721: 1722
1722: 1723,1721
1723: 1722,1638,1810
8593: 8455,9419,8524,8592,8661
9994: 10032,9422,9870,9947,9838,10000
5902: 6001,5901
1727: 1557,1815,1812,1901
5606: 5506,5705,5706
1729: 1815,1731,1816,1644,1476
6307: 6403,6209,6308
1731: 1729,1816,1644,1562,9254
1732: 1818,1399,1563,1238,1817
9906: 10016,9898,9914,9896,10020
9573: 5044,4742,9538,9258,9352,9412
8165: 8008,8087,8241,8242,8462,8391
1736: 1912,1569,2000
6338: 6434,6436,6336,6241,6339,6337
1738: 1912,1569,9717,1487,1739
1739: 1827,1740,1487,1656,1738
1740: 1827,1739,1741,1572,1656,1657
1741: 1827,1740,1828,9554,9389
8119: 8413,8483,8120,8343
9085: 9165,9040,8886,9130,9126
6183: 6086,6280,6085
1745: 1921,1919
9248: 641,395,453,9366,9590,9430
1747: 9244,10010,2021,2020,2205
9961: 9859,9389,9731,9267,9554,10021
1749: 1663,1662,1664,1836
7475: 7562,7388,7474
6967: 6966,6874,7058,7059
1752: 1838,1836,1579
9813: 9720,9708,9722,9335,9645
5718: 5817,5618,5619,5816
1755: 1582,1497,1844,1931,1842
1756: 1758,1844,1583,1499,1497
8638: 8636,8502,8639,8702,8701
1758: 1846,1759,1844,1756,1500,1499
1759: 1846,1758,1500,1847,1502,1935
1760: 1847,1587,1761,2026,1936,1937
1761: 1849,1762,1504,1587,1760,1937
1762: 1849,1761,1504,1421,1589,1676
5805: 5706,5804,5904
6757: 6662,6756
6342: 6341,6246,6248,6628,6534,6344
1766: 1592,1767,1855
1767: 1594,1766,1855
9495: 9530,653,9488,9264,527,718
1769: 1682,1857
9331: 9522,9799,9797,9489,4338
1771: 
1772: 
9011: 8964,8911,8966
6351: 6350,6349,6447
7066: 6974,7156,7249
9529: 9362,9638,9377,9943
1777: 1691,1778,1864
1778: 1777,1691
1779: 1693,1867
6780: 6781,6874
8145: 8146,8066,8144,8221,8222
1782: 1870
7467: 7380
1784: 1698
9940: 10002,9316,588,9788
8663: 8662,9616,8596,8597,8790
5364: 5365,5263,5363,5462
9790: 9759,9796,9704,3234
6517: 10016,6612,9847,6709,6426
1790: 1704,1878
9576: 9283,1332,9251
6920: 6919,7011,6734,6828
1793: 1706
6615: 
9119: 9235,9234,9077,9236,9030
6627: 7085,6531,6437,6628,6815
1797: 
6820: 6821,6725,6631,6632,6541
9628: 9271,9904,9623,9616,9260,9419
1800: 
9332: 9396,9425,3536,9772,9374,9620
8616: 8483,8343,8741,8485,8680
1803: 1804,1717,1716,1890
1804: 1717,1803,1718,1805,1892
1805: 1718,1806,1804,1892,1893
1806: 1805,1893,1894
9692: 9336,9893,9097,9750,9786,9293
6464: 6463
8363: 8138,8434,8435
1810: 1723,1897
7224: 7135,7312
1812: 1901,1727,1899
7234: 7145
6139: 9305,9265,6238,6140,6335,9901
1815: 1729,1816,1727,1901
1816: 1729,1815,1731,1316,1902
1817: 2170,1991,1563,2079,1732,1818
1818: 1732,2082,1817,2262
1819: 2082,1399,1905,9357,2173
1820: 1651,1566,1318,1996,1995
1821: 1822,1651,1996,1998,1909
1822: 1488,1821,9700,1569,1909
9642: 9421,154,9496,9427,9371,251
5975: 5876,6072
9953: 8101,9833,9783,9687,7945
8904: 8905,8848
1827: 1740,1739,1741,1914,1828
1828: 2182,1658,9554,1827,1741,1914
5804: 5705,5706,5805,5904
9443: 1321,1242,9296,1483,1404,9246
1831: 2006,2096,1917
9647: 9435,9540,9943,9650,9967,9805
1833: 1921
9296: 9722,1321,9443,9246,9335
1835: 2199,2015
1836: 1664,1579,1749,1752
8767: 8938,8884,8826,8705,8707,8769
1838: 1752,1840
6768: 6674,6767,6769,6862
1840: 1666,1838
1841: 1412,1582,1928,1842
1842: 1930,1931,1841,1582,1755,1928
9255: 9382,9500,9878,9637,9251
1844: 1846,1758,1756,1755,1931
5368: 5268,5267,5467
1846: 1759,1758,1844,2022,1935
1847: 1587,1760,1502,1759,1936
6510: 6414,6512,6607,6412,6605,6892
1849: 1761,1762,1850,2028,1937
1850: 1851,1676,1849,2028,1939
1851: 1676,1850,1852
1852: 1853,1851,1676,1677
1853: 1852,1943,1942
9552: 722,789,9363,9245
1855: 1943,1766,1767
5253: 5355,5455,5153,5252,5353,5354
1857: 1946,1769
5712: 5810,5613,5713
6480: 6576,6385,6481
9226: 9225,10014
1861: 1950,1949
5637: 5639,5440,5736,5834,5837,6032
9854: 9767,9438,9787,9691,9889,9926
1864: 1953,1777
9719: 9830,9270,9821
5437: 5337,5335,5436,5535,5536,5438
1867: 1868,1779
1868: 1867,1957
7490: 7577,7402,7576
1870: 1782
8042: 7962,8120,8121
9574: 10017,9482,9302,9408,9808
1873: 
8592: 8591,8658,8524,8593,8661
9850: 16,103,68,9732
1876: 
9631: 7428,9274,9253,9517,7515
1878: 1966,1790
9847: 9908,9685,10016,6517,9914
9778: 10022,9831,9952,9386
1881: 1969
9908: 6422,9847,9685,9278,6425
5673: 5672,5573,5574,5772
7565: 7649,7564,7478,7650
9239: 9567,9193,9162,9219,9560
1886: 
10013: 9352,9412,9482
7081: 6891,9384,6888,7163,6982,7342
9578: 9311,9410,9455,6144,9367,6047
1890: 1978,1803
9264: 9488,9514,9812,9530,9495,9291
1892: 1893,1804,1805,1980
1893: 1892,1806,1805,1894
1894: 1983,1806,1893
9747: 9774,9874,9669,9986,9361,9630
9614: 9306,6043,9343,9471
1897: 1986,1810
9261: 9325,9364,9476,2204,2203
1899: 1987,1812
5308: 5307,5408,5207
1901: 1989,1812,1727,1815,1902
1902: 1316,1563,1816,1901,1991
10036: 9932,10011,9744
9394: 5855,9455,9533,5754,5557,9410
1905: 9357,1819,1995,2173
6004: 6003,5906
7912: 7831,7913,7911,7992,7993
9503: 9429,9480,9294,9454,5138,5343
1909: 1998,1999,1821,1822,2000
5252: 5253,5153,5151,5352,5251,5353
6272: 
1912: 1738,1736,2001,2000,1914
5480: 5280,5380,5481
1914: 2001,1912,1827,2182,1828
1915: 2273,2366,2005,2182,1658,2002
8826: 8767,8884,8705,8766,8882
1917: 2006,1831,2276,2279
9352: 10013,9412,9482,9573,5044,9408
1919: 1745,1659,2008,2010
9121: 8933,9079,9080,9120,9218,9238
1921: 1745,1833
9954: 2190,9451,2100
1923: 9931
6398: 
9928: 9486,9729,10024,9390,9733,9484
9911: 6135,9979,9401,9644
9969: 9698,9440,9853,9883,238
1928: 1841,1930,1842
5792: 5793,5891
1930: 2018,1842,1928,10001
1931: 2018,1842,1755,1844,2022
9849: 9726,9861,9701,9648,9666
5492: 5491,5392,5393
5691: 5789
1935: 2024,1936,1846,1759,2022,2021
1936: 2026,2024,1935,1847,1760
1937: 2118,2028,1760,1849,1761,2026
6207: 6109,6110,6206,6305
1939: 1850
5503: 5504,5603,5403,5404,5502
8848: 8904,8905,8847,8955
1942: 1853,2123
1943: 1855,1853,2033
8231: 8155,8232,8154,8306
9112: 9835,8978,9738,9027,8928,9071
1946: 1857,2036
5475: 5476,5574,5575,5375
9038: 9039,9125,9161,8990,9162,9194
1949: 1950,1861
1950: 1861,1949
1951: 1952
1952: 1953,1951
1953: 1864,1952,1954,2043
1954: 1953,2043,2044
9722: 9296,9813,9708,9715,9335
9312: 9733,9413,9951
1957: 1868,2047
6089: 6090,6088
6483: 6388,6387,6482
1960: 2049,2050
5365: 5364,5366
7314: 7402,7401
7063: 7153,6972,7062
7962: 8042,7880,7879,8193
9534: 8333,9436,9390,9289,8186,9486
1966: 1878,2055,2056
5379: 5380,5278,5478
5705: 5804,5606,5706
1969: 1881,2058
8620: 8486,8485,8680,8554,8681
1971: 2061
8683: 8619,8621,8744,8915,8861
1973: 
9679: 9304,9697,9796,2940,3038,9704
6545: 6641,6546,6449,6450,6448
8916: 8806,8807,8805,8915,9018,8917
1977: 1978,2066,2067
1978: 1977,1890,2067
6299: 6201
1980: 1892
7579: 
6709: 6612,6517,6426
1983: 1894,1984,2072,2073
1984: 1983,2073,2074
8140: 8291,8061,8062,8216
1986: 1897
1987: 1899
9492: 9881,9581
1989: 1901,2078,2079,1991
8046: 8047,8201
1991: 1817,1989,1902,1563,2079
6227: 6420,6226,6421,6327,6128
9260: 8455,9419,8727,9623,9628
9885: 9846,9449,9303,9754
1995: 1318,1820,1905
1996: 1820,1821,1998
9388: 9557,9365,10002,9321,9488,9514
1998: 1909,1999,1821,1996,2087
1999: 1998,1909,2090,2000,2178,2087
2000: 2001,2090,1912,1736,1909,1999
2001: 2090,2000,1914,1912,2182,2002
2002: 2272,2001,2090,2182,1915
8667: 9735,8463,8242,8318,8391
9426: 9413,9376,8475,8539
2005: 1915,2366,1658,9859,2274,9924
2006: 2096,1831,1917,2279
2007: 1659,2008,2188,2096
2008: 2098,2010,2188,1919,2007,1659
5772: 5673,5871,5872
2010: 2008,2098,1919,9451
9487: 9806,9565,9329,9837,9974,9869
5886: 5887,5885
8056: 8134,8135
2014: 2197,2196,2015,2290
2015: 1835,2199,2014,2290,2198
5561: 5562,5659,5461,5462,5657
7149: 7150,7059,7148,7058,7238
2018: 1930,1931,2022,2020,10001
9328: 9814,9935,9569,9262
2020: 2022,2021,2018,10001,1747,10010
2021: 2022,2020,2024,1935,1747,2205
2022: 2021,2020,1846,2018,1931,1935
6416: 6320,6321,6414,6512,6418
2024: 2207,1936,1935,2021,2205
5819: 5720,5818,5918,5919
2026: 2207,1936,1760,2118,1937
5894: 5893,5993,5794,5895
2028: 2118,1937,1849,1850,2119
9498: 9538,9258,9513,9522,4539,4438
2030: 2119,2212
9354: 9458,9550,9310,9643,9499,9402
8227: 8228,8303,8150,8300
2033: 1943
6571: 6475
8601: 8462,8668,8391,9735,9544,9952
2036: 2037,1946
2037: 2036
8866: 8625,8810,8919,8688,8808,8865
9766: 9927,9978,9876
6891: 7081,9384,6890,6984,9475,6888
8764: 8703,8702,8704,8880,8824
9905: 864,861,9937,9780,862
2043: 2133,1953,1954,2044
2044: 2226,2135,1954,2043
5488: 5487,5587,5389
6420: 6227,6226,6421,6323,6419,6515
2047: 1957
7010: 6919,7011,7009,7101,7100
2049: 2050,2139,1960
2050: 2049,1960
9582: 9597,9396,9375,4036,9591,10032
6275: 6371
10019: 9561,9667,9508,9710,9848,9936
2054: 2055,2145,2144
2055: 2054,2145,1966,2056
2056: 2057,2147,1966,2055
2057: 2056,2147,2058,2148
2058: 2148,1969,2057
9007: 8846,8955,8954,9008
8338: 8339,8479,8540,8264,8474,8406
2061: 2152,1971,2151
6506: 
2063: 
8846: 9007,8847,8955,8787,8954
2065: 2066,2156
2066: 2065,2156,1977,2067
2067: 1978,1977,2066
7780: 7617,9550,9499,7701,7783
6293: 6196,6389,6390
8982: 8980,9077,8929,8928,9032,9157
8949: 8838,8947,8950,8895,8999,9054
2072: 2073,1983
2073: 2072,1983,1984,2074
2074: 2165,1984,2073
9194: 9243,9242,9162,9125,9038
5290: 5390,5189,5190
8496: 8497,8282,8426,8631,8694
2078: 2079,1989
2079: 2078,1989,2170,1817,1991
9613: 9610,9307,9564,9420,9618
8928: 9027,8929,9112,9071,8982
2082: 1818,1819,2264,2172
9762: 10003,10039,9752,9857,10030,9789
8106: 7947,8028,7946
9205: 10007,9179
8306: 8380,8232,8231,8307
2087: 2361,2178,1998,1999
7305: 7304,7392,7216,7217,7393
5653: 5452,5552,5453,5751,5849,5752
2090: 2001,2000,1999,2178,2002
6805: 6614,6804,6711
7878: 7880,7879,7877,7956,7958
8348: 8274,8276,8347,8419,8490,8686
7697: 7696,7180,7355,9310,7859,9458
6588: 6493,6683
2096: 2006,1831,2007,2188
9455: 5951,5855,9394,9578,9410,6047
2098: 2008,2010,2188,9451,2280,2189
7107: 
2100: 2190,9954
7099: 7008,7276,7277,7098,7009,7100
6699: 6979,6888,6700,6890,6886
9256: 4339,4239,9489,9442,4139,9462
9122: 9160,9080,9218,9219,9504
6344: 6439,6441,6342,6249,6248,6534
8938: 8767,8884,8991,8769,8989,8990
2107: 2578,2484,9619,10033,2389
8134: 8056,8135,8210,8211
9758: 319,431,374,9663,9918
2110: 2202,2392,9608,9364,2201,2390
2111: 2205,2300,2204,9476
9368: 9584,9660,9497,10043,9971,9596
9761: 9709,9246,1568,1404,1488,9700
8110: 8189,8033,8261,7954,7876
6558: 6462,6463,6653
9933: 9809,9923,131,176
8429: 8498,8358,8357,8430,8632,8499
2118: 2028,1937,2026,2119,2208
2119: 2030,2118,2028,2212
7915: 7750,7667,7834,7832,7914,7996
9538: 9498,9258,4539,9573,4742,4641
8387: 8160,8161,8238,8460,8458,8457
2123: 1942,2215
6552: 6648,6553,6456,6647
6279: 6376,6278,6280,6375
2126: 
9937: 9780,9840,9905
2128: 2220
8681: 8619,8554,8801,8620,9641
7813: 
2131: 2132
2132: 2133,2131,2224
2133: 2043,2132,2224,2225
7342: 6982,7073,7691,7081,7163,7518,7609
2135: 2044,2226,2136
2136: 2135,2228
8257: 
5672: 5673,5572,5573
2139: 2049,2230,2231
7917: 7918,7999,7835,7836
9411: 9351,9541,9845,9479,9605
8981: 9071,9738,9846,8980,9028,9030
2143: 2234
2144: 2054,2145,2236
2145: 2054,2055,2144,2236
6767: 6768,6672,6766
2147: 2056,2057,2148,2238
2148: 2058,2057,2147,2240
7911: 7912,7992
6725: 6821,6820,6631,6724,6911,6910
2151: 2061,2152,2243
2152: 2061,2153,2151,2243,2244
2153: 2152,2154,2244
2154: 2153
6219: 6320,6121,6122,6218,6316
2156: 2065,2066,2248
8219: 8368,8143,8142,8439
9373: 9998,9447,9434
7212: 7122,7123,7299,7300
2160: 2161,2251
2161: 2160,2253
6680: 
5933: 5833,5834,5937,6031,5931,5936
9555: 9535,9351,3045,3048
2165: 2074
9541: 9535,9351,9411,9605,3051
8668: 8462,8601,8599,8730,8792,9544
7488: 7400,7401,7487
5506: 5505,5606,5407
2170: 1817,2079,2262
7867: 7947,8023,7948,7702,8028
2172: 2264,2082
2173: 2265,1819,1905,2264
5247: 9302,5144,5047,5145,9604,5148
6421: 6227,6420,6425,6515,6516
5919: 5918,6018,5819,5920
9384: 6891,7081,9475,9511,9575,6982
2178: 2270,2087,1999,2090
8093: 7932,8013,8397
5410: 5509,5510
5640: 5938,5540,9861,5542,5740
2182: 1828,1658,2001,1914,2002,1915
8230: 8378,8229,8153,8451
9706: 136,224,9991
2185: 9816,2369,2276
6546: 6641,6545,6450,6451,6547
9951: 10024,9733,9312
2188: 2008,2098,2007,2096,2280
2189: 2098,2190,9451,2280
2190: 9451,9954,2100,2189
9727: 9824,10039,9789,9939
2192: 2284,2193
2193: 2194,2285,2192,2284
2194: 2193,2285,2286
5769: 5868
2196: 2014,9949,9931,2290,2383
2197: 2014
2198: 2385,2384,2199,2015,2290
2199: 1835,2015,2293,2385,2198
9838: 9866,9870,9994,10000,9689
2201: 9619,2389,2110,9608,2580,2390
2202: 2110,2392,2678,2390,2485,2391
2203: 2395,2490,9364,9261,2392,2584
2204: 2300,2111,2394,9261,2395
2205: 2300,2111,2021,2207,2024,1747
9493: 9577,9268,9358,709,919,848
2207: 2026,2024,2205,2300,2208
2208: 2394,2207,2118,2300
6797: 6700,6604,6890,6605,6892,6984
2210: 
9959: 9670,9721,9751
2212: 2305,2030,2119
9598: 9275,9547,50,51,123,87
5929: 6028,5928,5930,5829,5926
2215: 2308,2123
6018: 5919,5920
7767: 7599,7600,7601,7931,7850
2218: 2311
7269: 7696,7180,7179,7178,7268
2220: 2128
6688: 6593,6783
9463: 9659,9398,9325,9619,10033,9608
5485: 5584,5585
2224: 2317,2225,2133,2132
2225: 2224,2317,2133
2226: 2044,2135
9185: 9211,9229
2228: 2321,2136
7701: 7783,7703,7780,7617,7619,7450
2230: 2322,2139,2231
2231: 2139,2230
8405: 8538,9436
8829: 8830,8886,8645,8708,8770,8885
2234: 2326,2143
8211: 8430,8210,8134,8135,8136
2236: 2145,2144
9986: 9572,9774,9747,9630
2238: 2147
9403: 9313,9502,9287,9322,37,181
2240: 2333,2148
6346: 6155,6249,6441,6252,6347
7156: 7155,7247,7066,7249
2243: 2244,2336,2151,2152,2335
2244: 2243,2336,2153,2152
5478: 5379,5578
6165: 6068,6164,6067,6262,6263
6164: 6067,6163,6165,6261,6262
2248: 2340,2156,2249,2341
2249: 2341,2342,2248
9915: 9593,9622,9852,9835,8978
2251: 2344,2343,2160
8135: 8056,8134,8058,8211,8136
2253: 2345,2161
8915: 8968,8861,8683,8805,8916,9018
7937: 7938,8018
8234: 8158,8310,8232,8309,8307
6436: 6338,6434,6437,6339,6244,6341
9997: 9510,2573,9742,9862,9286
9361: 9542,9630,9747,1248,9669
9774: 9874,9747,9899,9986
9278: 9685,6328,6425,9432,6327,9908
2262: 2170,1818
7389: 7388,7302,7390
2264: 2172,2082,2265,2173
2265: 2173,2264,2451
7336: 7421,7596,7247,7248
8386: 8527,8236,8160,8457
9877: 9280,4836,9266,4940,9718,9751
9661: 9767,9438,9407,9444,9660
2270: 2361,2178,2271,2362,2363
2271: 2272,2270,2363,2459,2364
2272: 2271,2002,2273,2364
2273: 1915,2366,2272,2364,2460
2274: 9924,2366,2005,2371
9446: 157,306,9338,9803,9537
2276: 2369,1917,2185,2279
7124: 7125
8630: 8426,8495,8694,8562,9467,9478
2279: 2559,1917,2006,2276
2280: 2374,2098,2188,2189
9984: 9681,9828,9844,9456
9481: 1562,9254,1396,9250,9279
7855: 7773,8018
2284: 2192,2193,2285
2285: 2193,2194,2286,2284
2286: 2194,2285
7521: 7431,7344,7692
2288: 2382,2381,9949,9682,2380
5675: 5575,5676,5774
2290: 2383,2014,2196,2015,2198
6525: 6140,9490
8333: 9436,9534,8032,8186,8261
2293: 2199,2385,2481
2294: 2387
7259: 7170,7169,7258,7347,7435,7348
7587: 7673,7756
9861: 5938,5640,9726,9784,9849
6512: 6510,6414,6607,6416,6418,6609
7352: 7175,7526,7353,7440
2300: 2205,2111,2204,2207,2208,2394
6226: 6227,6420,6126,6127,6128,6323
9895: 791,9882,9780,9840,863
2303: 2394
9793: 9907,81,163,9782
2305: 2212
8685: 8621,8805,8555,8487,8806
7419: 7331,7508,7679
2308: 2215
6048: 6047,6147,6242,5951,6051,5953
9182: 9229,9187,9114
2311: 2218
6801: 6896,6706,6799,9309,9469
6957: 
8468: 7763,9466,8008,8087
9894: 9128,9130,9600,9629,9960
5599: 5500,5499,5598,5698,5699
2317: 2224,2225,2410,2411
9892: 9800,9634,9787,9102,8968,9017
7682: 7598,7599,7512,9785,7931
7452: 7364,7278,7539,7451
2321: 2228,2322
2322: 2230,2321
6867: 6866,6773
5622: 5621,5722
2325: 2326
2326: 2234,2325
7002: 6911,6912,6910,7001,7003,7092
7659: 7743,7742
9784: 9668,9726,5938,9861,5837,5839
7283: 7195,7284,7371,7544
7026: 6934,6935,7027,7117
2332: 
2333: 2240,2427
6661: 6849,6662,6756
2335: 2243,2336
2336: 2243,2244,2335
6098: 6099,6196,6001
6760: 6761,6665,6759,6854,6853
9840: 9937,9780,10008,9882,9895
2340: 2248,2434,2341
2341: 2249,2342,2340,2248,2434
2342: 2249,2341,2436,2343
2343: 2344,2251,2342,2436
2344: 2251,2343,2345
2345: 2253,2344
6350: 6351,6349,6348,6447,6541
8391: 8462,8601,8165,8242,9735,8667
9319: 9913,2558,9333,9585,9624
9365: 9388,9557,716,9488,527,589
9504: 9219,9560,9564,9122,9218,9307
8584: 8376,8649,8449,8519,8715,8716
2352: 
9450: 9235,9545,9739,9976,9828
6555: 6460,6554
8026: 7946,7945,8101,8331
8087: 8008,8165,8468,8242
5383: 5283,5384,5483
9439: 64,9676,9468,9473,99,9527
2359: 2453
9616: 8663,8791,9623,9628,9271
2361: 2270,2087,2454,2362
2362: 2550,2549,2363,2361,2270,2454
2363: 2362,2550,2270,2271,2552,2459
2364: 2459,2555,2272,2271,2273,2460
8031: 7952,8260,8032,8186,7953
2366: 1915,2273,2005,2274,2460,2371
5936: 6031,6326,5933,5937,6130
9237: 9157,9190,9216,9236,9292
2369: 2276,2185
6456: 6455,6552
2371: 2460,9333,2366,2274
2372: 2747,2942,9913,2558,2652
2373: 2559,2655,2561
2374: 2280,2561,2468
6359: 6263,6455,6262,6358
8631: 9355,8694,8497,8565,8496,8873
9344: 9395,9505,9740,8791,9271,9875
9615: 9567,9240,9242,9749,9548,9863
7472: 7558
2380: 2288,2381
2381: 2382,2288,2474,2380
2382: 2288,2474,2381,9949,2383
2383: 2476,2290,2196,2382,2474
2384: 2385,2198,2574,2571,2573
2385: 2198,2384,2574,2199,2293,2481
7014: 6922,7104
2387: 2481,2294,2669,2576
5438: 5536,5538,5736,5437,5337,5340,5440
2389: 9619,2201,2107,2770,2580
2390: 2771,2485,2201,2110,2202,2580
2391: 2871,2202,2678,2870,2485
2392: 2110,2202,9364,2203,2584,2678
7789: 7707,7624,7788,7870,8029
2394: 2303,2208,2300,2204,2395
2395: 2490,2203,2204,2394
6932: 7023,6931
8209: 8358,8357,8133,8208,8210,8356
9988: 8786,9938,9917,8954
8331: 8026,7946
2400: 
9620: 9834,9772,9396,9375,9332
5746: 5943,5647,5648,5846
2403: 2497
6119: 6218,6021,6022,6118,6216
10004: 9612,9770,727
7402: 7314,7401,7490
2407: 
8244: 8393,8395
2409: 2503,2410,2504
2410: 2411,2504,2317,2409
2411: 2410,2317,2412
2412: 2411
8513: 8710,8647,8298,8444,8579,8709
9686: 9456,9618,9277
2415: 2416,2510,2509
2416: 2415,2510,2511
6682: 6586,6683
6419: 6323,6321,6420,6514,6418,6515
8666: 8597,8599,8730,8389,8460,8458
7135: 7224
7354: 7528,7265,7266,7778
2422: 2516
8797: 9981
2424: 2518
7545: 7544,7628,7371,7460,7630
8835: 8945,8893,8891,8776,8714,8837
2427: 2333,2428,2522
2428: 2522,2523,2427
9269: 9521,9483,9392,4331,4529,4427
9453: 9303,9852,9477,9290,9622,9509
8786: 9988,8787,8954
9806: 9487,9565,232,9869,334,9515
5948: 9539,5851,5752,5751,6238,6140
2434: 2340,2341
9648: 9666,9701,9849
2436: 2342,2343,2530
9600: 9297,9629,9127,9130,8995,9894
9866: 9838,9999,9689,10027,9887
2439: 2533,2534
8413: 8119,8483,8192,8268,8550
2441: 2442,2536
2442: 2536,2441
5687: 
8138: 8363,7980,8137
10035: 9941,9901,9992,9305,9867,9471
8222: 8296,8370,8145,8146,8221
2447: 2541
8028: 9472,7947,7867,7948,8106
6173: 6270,5978
10043: 9971,9930,9767,9660,9368,9926
2451: 2265
8291: 8140,8216,8292,8365
2453: 2547,2454,2359
2454: 2453,2361,2362,2549
7027: 7026,6935,7117,7118
9105: 8868,9497,9024,8972,8921
8778: 8779,8587,8716,8776,8838,8837
7571: 7485,7570,7655,7656
2459: 2552,2554,2555,2364,2271,2363
2460: 9491,2371,2273,2366,2555,2364
9323: 9369,9393,9580,79,206,311
5870: 5871,5968
2463: 2649,2554,2555,9491,2650
2464: 2846,2844,2747
5774: 5676,5775,5675,5873
9478: 9252,9290,8630,9355,8694,9467
9225: 9226,10014
2468: 2658,2374,2657,2561
9736: 9760,473,412,413,9829
8032: 8031,8186,7953,8333,8033,8261
9782: 9460,9907,10040,9793
9856: 9956,9586,9934,9843
2473: 2953,3144
2474: 2382,2381,2476,2383
7540: 7624,7625,7367,7539,7455
2476: 2383,2571,2474,9742
5389: 5390,5488
5313: 5312,5413,5213
8945: 9132,8835,8893,8891,9089,9046
7480: 7392,7393,7481
2481: 2387,2293,2385,2574
9635: 858,9363,9245,9291,9530,654
2483: 2578,2484,2576,2767,2672
2484: 2578,2107,2483,9675,10033
2485: 2870,2771,2390,2202,2391,2772
5230: 5129,5331,5329,5332
9546: 9610,9560,9564,9567,9827,9749
8253: 8328,8470,8255,8179
6599: 6695,6504
2490: 2395,2203,2491,2584,2585
2491: 2492,2490,2585,2586
2492: 2491,2493,2586
2493: 2492,2588
8173: 
5393: 5394,5392,5492
6882: 6884,6974
2497: 2403
9917: 9334,9988,9938,9353
6828: 6734,6735,6829,6920
2500: 2595
7252: 7249,7339,7858,7160,7606
6886: 6978,6790,6979,6699,7162
2503: 2409,2504
2504: 2410,2503,2409
6641: 6545,6546,6640
7948: 7867,7702,7949,7787,8184,8028
8921: 9111,9023,9105,9024,8972
2508: 2509
2509: 2415,2510,2508,2604
2510: 2415,2416,2509,2511,2604
2511: 2512,2416,2510
2512: 2511,2513,2607
2513: 2512,2607
2514: 
2515: 2516,2610
2516: 2610,2515,2422
9587: 8737,8738,9702,9836
2518: 2424,2612,2613
7249: 7252,7339,7066,7156,7247
2520: 
8152: 8153,8228,8229
2522: 2428,2523,2427,2616,2617
2523: 2428,2522,2524,2617
2524: 2525,2523
2525: 2524,2526,2620
2526: 2525,2620
8356: 8497,8207,8565,8208,8209,8357
7070: 7161,6884,6978,7160
8741: 8679,8908,9625,8483,8616,8680
2530: 2436,2531
2531: 2530
9271: 9628,9904,9875,9616,8791,9344
2533: 2439,2534,2628
2534: 2533,2439,2628
8776: 8714,8715,8716,8778,8835,8837
2536: 2442,2441
9775: 9699,9791,9345,44,9950,73
2538: 2632
7576: 7490,7577
2540: 2541,2634
2541: 2540,2447
8023: 7947,7867,8252,9687,7945
9899: 9774,9874,9665
2544: 2638,2733,2639
6853: 6854,6759,6760,6945
9773: 7179,9920,9650,9839,9805
2547: 2453,2642
6874: 6966,6780,6781,6967
2549: 2362,2550,2454,2642,2643
2550: 2362,2549,2363,2552,2643,2551
2551: 2643,2738,2646,2550,2552,2553
2552: 2554,2459,2550,2363,2551,2553
2553: 2649,2648,2552,2554,2551,2646
2554: 2552,2459,2555,2553,2463
2555: 2554,2459,2364,2460,9491,2463
9234: 9119,9029,9074,9030,9976
9674: 9276,529,466,9830,9956,9586
2558: 9913,9319,2372,2745,2652
2559: 2373,2654,2279
6974: 7066,6882
2561: 2655,2657,2374,2373,2468
8486: 8620
8358: 8209,8357,8210,8430,8429
6062: 6063,5964,5965
8103: 8178,8179
7736: 7737,7819,7735
7750: 7667,7915,7832
9545: 9378,9292,9456,9450,9235,9828
2569: 9510,2573,2574,2669,2570
2570: 2669,2576,2569,2767,2664
2571: 2476,2384,9742,2573
8485: 8620,8680,8616,8271,8343,8417
2573: 2569,9997,2571,2384,2574
2574: 2385,2384,2481,2569,2573,2669
6804: 6614,6519,6520,6805
2576: 2669,2570,2387,2483,2767
9273: 217,9326,9589,9809,269,219
2578: 2107,2484,2483,2674,2672
5584: 5485,5583,5585,5683
2580: 2770,2867,2201,2389,2771,2390
7719: 7720,7635,7801
5345: 5244
9247: 372,9295,9528,9372,489,617
2584: 2585,2679,2678,2490,2203,2392
2585: 2584,2679,2490,2491,2586,2680
2586: 2681,2680,2492,2491,2585
5818: 5817,5720,5819,5917,5918
2588: 2493,2681
5568: 5569,5668
7675: 7503,7674,7591,7841,7759
5417: 5317,5418
7131: 7130,7220,7041
2593: 
7400: 7312,7401,7487,7488
2595: 2500,2689
6083: 
9162: 9161,9193,9038,9239,9194
5624: 5723,5724
7740: 7656,7739,7741
2600: 2694,2695
9857: 9091,9752,9170,9762,10030
8632: 8567,8499,8429,8757,8695
8121: 8042,8120,8044,8197
2604: 2698,2699,2510,2509
9218: 9238,9217,9307,9121,9122,9504
5535: 5533,5631,5436,5434,5437,5536
2607: 2512,2513,2702
7153: 7063,7152,7062
2609: 2703,2610,2704
2610: 2516,2515,2609
9374: 3837,3839,3735,3536,9425,9332
2612: 2518,2613
2613: 2708,2518,2612
9671: 9742,9862,9970
7311: 7312,7398
2616: 2710,2522,2617
2617: 2618,2712,2522,2523,2616
2618: 2617,2712
6766: 6671,6672,6767
2620: 2715,2525,2526
8973: 8811,8812,9063,8868
9649: 9795,9904,9875,9284,8784
8714: 8776,8715,8834,8835,8891
9942: 9651,8393,8603,9963
8025: 
5366: 5266,5365,5466,5467
7327: 7328,7238
2628: 2533,2534,2723
8430: 8211,8431,8358,8429,8499
8474: 8264,8262,8336,8538,8540,8338
6631: 6725,6820,6537,6632,6629,6724
2632: 2538
8325: 8249
2634: 2729,2540,2728
9532: 9479,9286,9595,9510,2664,2666
9046: 9091,9752,9132,8945,8893,8946
5793: 5792,5695,5794,5893
2638: 2733,2544,2732
2639: 2734,2544,2733
5356: 5358,5357,5256,5255,5355
8184: 9472,7949,8259,7948
2642: 2547,2549,2643
2643: 2738,2551,2550,2549,2642
7703: 7701,7783,7450,7705,7704
5917: 5916,5818,5817,5918
2646: 2738,2551,2553,2648
9010: 9653,8857,8743,8962,9581
2648: 2649,2553,2646,2836,2742
2649: 2553,2648,2463,2650,2742
2650: 2744,9624,2649,2463,2743
6927: 6926,7018,7019
2652: 9304,9697,2558,2372,2942,2842
5520: 5620,5619,5421
2654: 2559,2655,2846,2848
2655: 2657,2561,2373,2654,2752
8991: 9040,8885,8769,8938,8990,9039
2657: 2655,2561,2658,2468,2752,2753
2658: 9841,2468,2657,2753,9654
6211: 6114,6212,6308
8455: 9260,8593,8383,8727,8454,8524
2661: 9965,10023,2853
2662: 2758,2951,2953
8820: 8700,8821,8878,8701,8984
2664: 2767,2667,2666,9510,2570,9532
6463: 6462,6558,6464
2666: 2762,2667,2664,9532,9595,2858
2667: 2762,2862,2767,2664,2666
9488: 9264,9514,9388,9365,527,9495
2669: 2570,2576,2574,2387,2569
9167: 9166
6556: 6461,6651
2672: 2674,2865,2578,2483,2862,2767
5340: 9583,9249,5337,5438,5440,5543
2674: 2866,2865,2672,2578,2770
8811: 8973,8869,8627,8867
7569: 7570
7120: 7119,7209,7210,7029
2678: 2584,2679,2202,2392,2391
2679: 2584,2585,2678,2680
2680: 2586,2681,2585,2679,2776
2681: 2586,2680,2588,2776,2777
6328: 9278,9432,6326,6038,6130,6327
9431: 9566,9300,9315,9288,9464,9324
9610: 9613,9546,9564,9827
2685: 2686
2686: 2685
6598: 
9315: 9431,9566,9300,9526,9445,9287
2689: 2595,2785
9314: 8252,9687,9989,10015,9347,9783
2691: 2787
7739: 7656,7740,7655,7821
2693: 2694
2694: 2600,2693,2695,2790
2695: 2600,2694,2790,2791
9654: 2753,2658,9841
2697: 2698,2793
2698: 2604,2699,2697,2793
2699: 2604,2698
6122: 5926,6121,6320,6219
7713: 7631,7796,7630,7794,7954
2702: 2703,2607,2797
2703: 2609,2702,2704,2799
2704: 2609,2703,2799,2800
2705: 
9558: 9318,9501,9387,9802,9507
7091: 7000,7181,9406,7178,7182
2708: 2613,2709
2709: 2710,2708
2710: 2616,2709,2806
5424: 
2712: 2617,2618,2808,2713
2713: 2808,2712
9059: 9012
2715: 2620
9948: 406,9474,405
6799: 6894,6703,6705,6706,6801
2718: 2719
2719: 2718,2815
2720: 2721
2721: 2720
2722: 
2723: 2628,2818
7944: 8252
8154: 8074,8075,8076,8155,8231
5581: 5680,5481
6507: 6410,6508,6604
2728: 2729,2634,2824
2729: 2730,2634,2728,2824,2825
2730: 2729,2825,2826
9109: 9067,9066
2732: 2638,2827
2733: 2638,2544,2639,2734
2734: 2830,2639,2733
6856: 6855,6763
6982: 7073,7342,7081,9384,9575,6983
8884: 8767,8938,8826,8882,9037,8989
2738: 2643,2551,2646,2833
9165: 9128,9085,9126
9967: 7178,9805,9540,9647,9406
9292: 9545,9378,9236,9237,9235
2742: 2836,2649,2648,2743
2743: 2840,2744,2650,2742
2744: 2650,9624,2743,2840,2745
2745: 2842,2841,2744,2558,2840
7924: 7759,7677,8004,8005,8006
2747: 2844,2372,2942,2464
6966: 6874,6967,7058,7057
8818: 8874,8821
9005: 9336,9592,9004,8898,9098,9097
9187: 9182,9114,9214
2752: 2848,2655,2657,2753
2753: 9654,2657,2658,2752
9603: 7778,7528,9301,9667,9884
2755: 2852
9632: 5346,9808,9604,9350,9755,9404
5225: 5125,5224,5226
2758: 2951,2662
9751: 9721,9718,9670,4940,9959,9877
7737: 7736,7819
2761: 9605,3051,9595,3054,2858,3052
2762: 2862,2667,2666,2957,2861,2858
7879: 7880,7878,7958,8193,8116,7962
6654: 
6179: 6081,6180
8784: 9284,8659,9649,8844,9617
2767: 2862,2667,2664,2570,2576,2483,2672
9594: 9750,9340,9519,9293
8647: 8710,8513,8772,8444,8514,8373
2770: 2580,2867,2389,2866,2674
2771: 2390,2485,2580,2867,2868,2772
2772: 2965,2966,2870,2771,2485,2868
9490: 6140,6525,6336,9539,6241,9367
8658: 8592,8591,8721,8661,8659,9055,9448
5765: 5666
2776: 2777,2873,2681,2680,2872
2777: 2776,2873,2681,2778,2874
2778: 2874,2777
9832: 9886,9702,9694,9981
6550: 6549,6645,6455
5280: 5480,5380
8502: 8361,8636,8638,8434,8639
6144: 6241,9367,6339,9578,6047,6242
9173: 9171
2785: 2689,2881
9307: 9218,9217,9504,9564,9420,9613
2787: 2884,2691
6422: 9908,6612,6425,6516,6708
7122: 7212,7123,7032
2790: 2886,2694,2695,2791,2887
2791: 2887,2888,2695,2790
6078: 6077
2793: 2890,2697,2698
5467: 5466,5366,5368
9102: 9892,9787,8968,9018,9140,9438
5462: 5363,5461,5364,5562,5561
2797: 2893,2702
5904: 6003,5804,5805
2799: 2895,2703,2704,2896,2800
2800: 2896,2704,2799
5825: 5726,5727,5826
2802: 
7360: 7275,7184,7183,7779,7532
5871: 5870,5772,5872,5970
8674: 8675,8542,8734,8611
2806: 2902,2710
9801: 9417,9469,9724,9309,9764
2808: 2713,2712,2904
9624: 2744,2650,9491,9333,9319
9094: 8999,9092,9054,9052,9001,9340
8810: 8866,8919,8627,8560,8867
2812: 2909,2908
9550: 9458,9354,7779,7532,7780,9499
8873: 8498,8757,9588,8565,9355,8631
2815: 2719,2912
8955: 9007,8847,8846,9008,8848
5834: 5833,5933,5635,5736,5637,6032
2818: 2723
8393: 8392,8603,8244,9942,8395
5662: 5564,5562,5758,5663
8054: 8208,7974,8053
2822: 
5659: 5561,5755,5754,5657,5756
2824: 2920,2728,2729,2921,2825
2825: 2921,2730,2729,2824,2826
2826: 2827,2730,2825
2827: 2826,2924,2732
10026: 9962,9946,92,170
9837: 9487,9329,9974,9950
2830: 2734,2926
9586: 9856,9956,466,9674,9281,9843
5538: 5438,5736,5440
2833: 2738
7999: 8080,7918,7917,8158
9386: 9544,9952,9359,9778,9712
2836: 2742,2648
2837: 
6425: 9278,6421,6327,6516,6422,9908
9525: 7763,7847,7761,9518,9559,9466
2840: 2743,2936,2744,2841,2745
2841: 2842,2745,2840,2938,2937
2842: 2841,2745,2652,9304,2938
7155: 7156,7244
2844: 2747,2942,2846,2464,9485
9780: 9937,9840,9895,863,861,9905
2846: 2464,2654,2844,2848
5552: 5653,5451,5452,5350,5551,5849
2848: 2752,2654,2846
9739: 9976,9450,9681,9828
8589: 8521,8522,8590,8654,8655,8656
6335: 6336,6139,9901,9658,6337
2852: 2755,2949,2853
2853: 2949,2661,2852
10002: 9316,9940,9321,9788,9388,9557
9454: 9523,9602,5142,5138,9503,9294
9597: 9582,9396,9425,3938,3835,4036
9737: 1331,9669,9665,1251,9874
2858: 2957,3054,9595,2762,2666,2761
8021: 7942,9993,9989,7865,8252
5587: 5487,5488
2861: 2960,2957,2762,2862,2865,2958
2862: 2762,2767,2667,2865,2672,2861
9240: 9567,9615
9267: 9961,9389,9606,10021
2865: 2866,2674,2672,2862,2861,2958
2866: 2674,2865,2770,2867,2962,2963
2867: 2770,2580,2866,2771,2963,2868
2868: 2964,2963,2867,2771,2965,2772
9161: 9123,8989,9193,8990,9162,9038
2870: 2485,2871,2391,2966,2772,2967
2871: 2872,2391,2870,2967,2968
2872: 2871,2776,2873,2968
2873: 2776,2777,2872,2874,2970
2874: 2778,2777,2873,2970
9729: 9486,9928,9705,8259,9472,10024
8950: 9004,8841,8895,8949,9098,9054
5432: 5434
9254: 1562,9481,1731,9279,9409,9320
2879: 
8495: 8425,8426,8630,8424,8494,8562
2881: 2785
5756: 5758,5856,5754,5659,5855
6130: 6037,6038,5937,5936,6326,6328
2884: 2787,2981
7439: 7351,7175,7526
2886: 2790,2982,2887,2983
2887: 2791,2886,2790,2983
2888: 2791
5363: 5461,5361,5462,5364,5263
2890: 2986,2793,2891,2987
2891: 2890,2892,2987
2892: 2893,2891
2893: 2797,2892
6660: 6564
2895: 2799,2896,2992
2896: 2800,2895,2799,2992
6088: 6185,6089
2898: 
9753: 9779,10031,9714,9768
8412: 8481,8550,8265,8740,8191,8192
2901: 2902,2997
2902: 2806,2901
9372: 318,489,371,9247,9528
2904: 2808
5994: 5895,5995,5993,6091
2906: 
9381: 9641,9391,9349,9864,8960,9716
2908: 2812,2909,3004,3005
2909: 2812,2908,2910,3005
2910: 2909,3007
7430: 7163,7518,6979,7162
2912: 2815,3009
6731: 6823,6638,6637,6733
9924: 2274,9859,9731,2005,9816
9764: 9724,9801,9696
6010: 6009,5912,6011
10007: 9205
9665: 9874,9899,9737
9275: 84,9598,9547,123,46
2920: 2824,2921,3016
2921: 2825,2824,2920,3018
5641: 5542,5740,5742
5354: 5454,5353,5453,5253,5455,5949
2924: 2827,2925
2925: 2924,3022
2926: 2830
7039: 7130
2928: 3025
5676: 5774,5775,5675
9542: 1583,9361,9630,9327,1497
8265: 8481,8412,8264,8191,8339
9683: 9842,8176,8175
9864: 9688,9349,9381,9916,9995,9716
9092: 8999,8946,9094,9091,9170,9001
6127: 6031,5931,6128,6028,6126,6226
2936: 2840,3032,2937
2937: 2938,3131,2936,2841,3032
2938: 3036,2937,2842,2841,9304,2940
9424: 3536,9772,3339,9621,9418
2940: 3037,3038,9304,9679,2938,3036
5571: 5572,5472
2942: 2844,2747,2372,2652,9697,9485
6653: 6748,6558
2944: 3041,3137,3235,3234
2945: 3140,3141,3042,3139
8841: 9004,8950,8895,8782,8718,8842
5796: 5697,5895
9734: 9524,9282,9569,4336
2949: 2853,2852
9565: 9806,9487,9329,9416,9515,9272
2951: 2758,2662,2953,3144,3242
8498: 8429,8757,8873,8565,8357
2953: 2473,3144,2951,2662
2954: 9535
8806: 8807,8748,8916,8622,8685,8805
9262: 9569,4132,3833,4030,9935,9328
2957: 2960,3057,2861,3054,2858,2762
2958: 2962,2961,2865,2960,2861
7564: 7649,7565,7478,7563
2960: 2957,3057,2861,2961,2958,3156
2961: 2958,2960,3156,3255
2962: 2958,2866,3061,2963
2963: 3061,2964,2868,2866,2867,2962
2964: 3061,2963,2868,2965
2965: 3063,2966,2772,2964,2868
2966: 2965,3063,2772,2870,2967,3064
2967: 2968,3064,2870,2871,2966
2968: 2967,2871,2872
8708: 8644,8645,8707,8885,8769,8829
2970: 2873,2874
9590: 9441,9804,9337,9366,9248,453
8207: 8497,8356,8053,8208,8282
2973: 2974,3071
2974: 2973,3071,3072
6063: 6062,5966,5965
7679: 7847,7761,7419,7505
9216: 9237,9190,9120,9238,9217,9640
9691: 9800,9787,9854,9889
2979: 
10005: 9664,9824,9629,9556,9960,9571
2981: 2884,2982,3078
2982: 2886,2981,3079,2983
2983: 3080,2886,2982,2887
9711: 10025,9703
2985: 2986,3082
2986: 2890,2985,3084,2987
2987: 3085,2986,2890,2891,3084
6052: 6051,5956,6055,6153,6148,6056
5647: 5545,5447,5648,5746,5943
5878: 5977
7437: 7349,7436
2992: 3089,2895,2896,3090
6866: 6867,6773
7184: 7360,7007,7181,7095,7183
6169: 6072,6071,6266
9655: 9421,9707,9798,9829,10037,9496
2997: 2901,3095
9484: 9733,9413,9928,9390,9346,9376
2999: 
9387: 9243,9242,9501,9558,9548,9507
3001: 
9757: 9958,9818,9746,9865
5298: 5398
3004: 3101,2908,3005
3005: 3103,2909,2908,3004
9270: 467,9821,9719,9830,9276
3007: 3104,3105,2910
5598: 5498,5499,5597,5599,5697,5698
3009: 3106,2912
6118: 6216,6215,6117,6021,6119
9016: 8857,8744,8861,9017
3012: 
7102: 7103,7011,7101,7191
6282: 6283,6185,6378
3015: 3016
3016: 2920,3015
8737: 8739,8738,8614,9836,9587
3018: 3116,2921
9640: 9420,9277,9216,9217,9378
5752: 5851,5948,5653,5454,5453,5751
8680: 8485,8620,8616,8741,8908
3022: 3119,2925
8885: 8991,9040,8769,8708,8829,8886
8844: 8784,9617,9938
3025: 2928,3123,3122
9537: 9803,9781,9338,9446
3027: 
7238: 7237,7148,7149,7327
7019: 7018,7109,6927,7110
6259: 6162,6260,6356
7371: 7284,7283,7544,7545
3032: 3127,3129,2936,3131,2937
9625: 8741,8679,8908,8799,9568,9391
5668: 5568,5569
9496: 154,155,10037,9421,9642,9655
3036: 2938,3131,3037,2940,3230
3037: 2940,3038,3036,3230,3134,3135
3038: 3037,2940,9704,9679,3136,3135
8801: 8619,8681,9641,8960,8744,8743
8343: 8271,8197,8119,8616,8485
3041: 3137,2944,3138,3236
3042: 3141,2945,3043
3043: 3042,3141
8970: 9407,8917,8865,8919,9019
3045: 3246,3048,3442,9555
9797: 9462,10000,9689,9489,9331,9799
9065: 9066,9180,9177
3048: 3045,3246,9555,9535,3248
5945: 5650
6554: 6555,6553
3051: 9605,2761,9541,3148,3052
3052: 3148,3151,3051,2761,3054,3153
8497: 8207,8565,8356,8496,8282,8631
3054: 2957,3057,2858,2761,3052,3153
8471: 8330,8255
7191: 7101,7190,7103,7102,7279,7280
3057: 2960,2957,3054,3154,3156,3153
7119: 7120,7209,7029,7118,7208
9406: 7000,7091,9540,9512,9967,7178
6829: 6735,6922,6828
3061: 2964,2963,2962
9547: 9275,9598
3063: 2965,2966,3064
3064: 2967,3063,2966
7244: 7155,7421
6708: 6516,6610,6422,6896,6706,6897
9145: 9177,9180,9179
6973: 6972
3069: 3166
5849: 5751,6142,5551,5653,5552,5848
3071: 3168,3169,2973,2974,3072
3072: 3170,3073,2974,3169,3071
3073: 3170,3072,3074
3074: 3073
5498: 5499,5598,5597,5398
9391: 9641,9381,9568,8908,9625,9349
8590: 8589,8522,8523,8656,8591
3078: 2981,3079,3176
3079: 3080,3176,2982,3078
3080: 3079,2983,3081
3081: 3082,3080,3179
3082: 3081,2985,3179
7298: 7299,7386,7210
3084: 2986,2987,3085
3085: 2987,3084
8649: 8376,8301,8584,8715,8834
9795: 9649,9875,9740,10029
3088: 3089,3185
3089: 2992,3088,3090
3090: 3091,2992,3089
3091: 3090
8161: 8160,8387,8238,8082,8002,8081
3093: 
9409: 9397,1238,9320,9254,1316
3095: 2997
5497: 5398,5597
9283: 1334,941,9576,9415,9251
3098: 
5272: 5271,5372,5171
9833: 8101,9953,9783
3101: 3004,3199
9939: 9789,9727
3103: 3005,3104,3200
3104: 3007,3105,3103,3202
3105: 3007,3104,3106,3202
3106: 3009,3105,3204
5938: 5640,5540,9861,5639,5837,9784
3108: 3205
9242: 9243,9194,9387,9615,9548
8033: 8110,8261,8032,7953,7954
6410: 6507,6313,6508
8895: 8950,8841,8779,8718,8838,8949
5491: 5492,5590,5392,5490
9341: 9644,9896,6135,9685,9432,9914
8307: 8309,8382,8232,8234,8306,8380
3116: 3018,3117,3213,3214
3117: 3118,3116,3214
3118: 3117,3119,3216
3119: 3022,3118,3216
5754: 5755,5659,5855,9394,5756
3121: 3219,3122
3122: 3123,3025,3219,3121
3123: 3122,3025
7892: 7973
9882: 9895,9745,10008,723,9840
3126: 3127,3224
3127: 3032,3126,3224
8972: 9596,9021,9105,8921,9023
3129: 3032,3131,3226,3227,3130
3130: 3327,3230,3129,3131,3227
3131: 3036,2937,3129,3032,3130
7759: 7677,7924,7675,7591,7841
8168: 8318,8463,8392
3134: 3330,3331,3135,3037,3327,3230
3135: 3134,3331,3037,3038,3136,3233
3136: 3234,3334,3038,9704,3135,3233
3137: 3041,2944,3235,3236,9771
3138: 3238,3139,3236,3041
3139: 3238,3138,3140,2945
3140: 3141,2945,3238,3139
3141: 3140,2945,3042,3043
9125: 9039,9126,9038,9243,9194
8619: 8683,8554,8681,8801,8621,8744
3144: 2953,2473,2951,3145,3342
3145: 3340,3342,3144
6841: 6934,6748
3147: 3248,3148,3249,3445,3347
3148: 3151,3052,3249,3051,3147
9676: 64,224,9991,9439,9468
8458: 8596,8457,8387,8460,8597,8666
3151: 3148,3052,3249,3153,3251
9032: 8983,9033,8929,8982,9157,9190
3153: 3154,3057,3054,3151,3052
3154: 3254,3156,3351,3153,3057
9883: 237,9657,338,9969,9853
3156: 3254,3154,2960,3057,2961,3255
5750: 5848,5349,5550,5650,6043,6041
8352: 8278,8279,8205,8423,8424,8425
9419: 9260,8593,9628,9904,8661,9284
7123: 7033,7032,7212,7122
5898: 5997
6902: 6994,6622,6993
8303: 8228,8227,8304,8376,8301
3164: 3262,3263
5620: 5520,5619,5621,5720
3166: 3069,3264
7411: 
3168: 3169,3071
3169: 3168,3071,3170,3072
3170: 3072,3073,3169,3269
6269: 6172
7617: 7532,7780,7618,7619,7701
9549: 9909,9755,9968,10018
3174: 
6831: 6832
3176: 3079,3078,3275
7582: 7581,7667
8434: 8363,8435,8361,8502,8639
3179: 3278,3082,3081
3180: 
3181: 3279,3280
8888: 8995,8710,8772,9127,8889
9516: 9520,9713,3334,3235,9990,9771
3184: 3282
3185: 3088,3284
8370: 8296,8222,8298,8579,8369
6099: 6098,6196,6001
5536: 5635,5438,5736,5437,5533,5535
9955: 9935,3733,3635,9922,9876,9814
9410: 9311,9578,9533,9455,9394
6773: 6866,6867
9907: 208,259,10040,9793,163,9782
3193: 
9246: 9761,9709,9335,9443,9296,1404
8813: 8562,9467,9477,8561,8869,8976
7765: 7425,7596,7929,8170,7598
5967: 5868,5968,5966,6065
8260: 8031,8186,8108,7791,9289
3199: 3297,3101,3200
3200: 3103,3199
6241: 6144,9367,6339,9490,6336,6338
3202: 3300,3301,3104,3105
9515: 233,9272,9806,9565,334,446
3204: 3303,3106,3205
3205: 3304,3108,3303,3204
9703: 9348,9523,9294,10025,9711
3207: 3305
9776: 6626,9964,9873,9792,10006
3209: 3210,3307
3210: 3209,3211
3211: 3210,3212
3212: 3213,3211
3213: 3212,3312,3116,3214
3214: 3116,3117,3213,3312
6855: 6856,6761,6854
3216: 3118,3119,3314
9664: 10005,9824,9960,9318
5603: 5503,5504,5604
3219: 3121,3122,3317
5408: 5307,5308,5407,5508
7577: 7490,7576
3222: 3320,3321
6499: 6403
3224: 3322,3126,3127,3226
6391: 6295,6390
3226: 3227,3129,3224
3227: 3226,3129,3130
9017: 8968,8861,9016,9634,9892
7169: 7259,7170,7079,7258
3230: 3327,3130,3036,3037,3134
9920: 9650,10042,9839,9773
6047: 6048,6242,9578,5951,9455,6144
3233: 9520,3333,3136,3334,3331,3135
3234: 3136,3334,9790,2944,3235
3235: 3137,2944,3234,3334,9516,9771
3236: 3238,3138,3041,3137
9301: 9561,9667,7777,7612,9603
3238: 3138,3139,3236,3140
3239: 3533,3634,3434,10038,9966
7161: 7070,7162,7160,9639,7606
9279: 9250,9254,9481,9320
3242: 2951,3342
8279: 8278,8352,8050,8049,8205
9482: 9352,10013,9574,9408
3245: 
3246: 3045,3048,3442,3248,3345,3639
5817: 5818,5718,5816,5916,5917
3248: 3147,3246,3048,3345,3445
3249: 3148,3151,3147,3347,3349
7349: 7437,7170,7436,7348
3251: 3349,3151,3351,3252,3449
3252: 3351,3251
9741: 939,1014,938
3254: 3154,3156,3351,3255,3450,3352
3255: 3257,2961,3254,3156
6922: 6829,7014
3257: 3255,3355
10033: 9619,9675,9463,9659,2107,2484
8347: 8346,8273,8274,8348,8419
5331: 5329,5430,5230,5434,5332
6979: 6699,6888,6886,7162,7430,7163
3262: 3164,3263
3263: 3264,3164,3262
3264: 3263,3166,3363
6648: 6552,6553,6647,6742
8210: 8133,8134,8358,8209,8211
9698: 9440,9969,9853,9804
9841: 2658,9654
3269: 3367,3170,3270
3270: 3269
3271: 3272,3370
3272: 3271,3370,3371
8847: 8846,8955,8848
9130: 9127,9085,9894,9600
3275: 3374,3176,3373
7494: 7581
9684: 9494,9417
3278: 3179,3279
3279: 3181,3280,3278
3280: 3181,3279
9355: 8631,8694,8873,9588,9252,9478
3282: 3184,3380
6624: 9725,6720,6813
3284: 3383,3285,3185
3285: 3383,3284,3286
3286: 3385,3285
9362: 9529,6906,7085,6721,9377
5335: 5437,5337,9562,5333,5341,5436
3289: 3386
6969: 6970,7060
9081: 9160,8987,8881,9037,9080,9123
3292: 
6700: 6604,6797,6890,6699
3294: 3295
3295: 3294
6723: 6815,6534,6439,9607,6535,7086
3297: 3199
9474: 297,405,9948
7811: 
3300: 3202,3301,3399
3301: 3202,3300,3399,3400
5816: 5718,5817,5916
3303: 3204,3205,3304
3304: 3205,3305,3403,3303
3305: 3304,3403,3207,3404
8065: 8066,8144,8143,7905
3307: 3209,3406
6769: 6674,6768,6862
8047: 8046,8201,8126
9533: 5852,5557,9410,9394
5295: 5395,5194,5195,5294
3312: 3213,3214
9039: 9125,9126,9038,8991,9040,8990
3314: 3216,3412
9079: 8933,9121,8878,8984,9033,9120
3316: 3317,3414
3317: 3316,3219
9400: 7929,9518,8170,9531,9559,9785
6937: 
3320: 3222
3321: 3322,3222
3322: 3224,3321,3421
7401: 7402,7314,7400,7488
8101: 9953,9833,8026,8178
8770: 8579,8369,8709,8645,8830,8829
5341: 5343,5338,5333,5335,9562
3327: 3230,3130,3134,3330,3427
9440: 9698,9969,9339,9804,9337
7098: 7099,7008,7276,7275,7007
3330: 3134,3331,3327,3427,3527,3430
3331: 3134,3330,3135,3233,3333,3430
7109: 7018,7019,7110,7199,7198
3333: 9520,3233,3331,3430,3431,3530
3334: 3136,3234,3235,9520,3233,9516
3335: 3531,3530,9713,3434,9957
7355: 7183,7182,7446,7779,7180,7697,9458
9627: 9636,7434,7609,7518,9639
9539: 5851,5948,9311,6140,9490,9367
3339: 9756,3539,9621,3536,9424,3735
3340: 3145,3342,9891,3441,10011
8097: 8096,9842,8175
3342: 3340,3145,3144,3242,9891
9579: 1412,9609,9572,9327,1582
5436: 5434,5332,5333,5437,5335,5535
3345: 3639,3444,3836,3246,3248,3445
8695: 8696,9070,8757,8567,8632,9379
3347: 3445,3643,3147,3249,3545,3349
6823: 6731,6821,6637,6911,6912
3349: 3545,3448,3251,3249,3347
6910: 6911,7002,6724,6725,6909,7001
3351: 3254,3154,3252,3251,3449,3450
3352: 3355,3452,3451,3254,3450
6209: 6307
6336: 9490,6335,6241,6337,6338
3355: 3452,3352,3257,3453
9799: 9522,9331,9797,9689,9887,9599
7769: 7775,7770,7771
9688: 9423,9349,9864,9916
9891: 3340,3342,10011
9128: 9165,9894,9126,9960,9318,9501
9983: 9100,9012
6109: 6110,6206,6207,6011
3363: 3364,3264
3364: 3363
6138: 6618
6482: 6386,6387,6483
3367: 3269
9715: 9708,1241,9902,9903,9722
9971: 10043,9930,9368,9596
3370: 3371,3271,3272
3371: 3370,3272,3372,3470
3372: 3470,3471,3373,3371
3373: 3275,3374,3372,3471
3374: 3275,3375,3373,3473
3375: 3374,3473
9120: 9033,9121,9079,9190,9216,9238
6077: 6078
7628: 7544,7545,7543,7711,7627
9371: 670,9427,358,9421,9642,477
3380: 3282
5494: 5593,5394,5395,5495,5594
3382: 3480,3383
3383: 3284,3285,3382,3482
5250: 5352,5148,5251,5145,5249,5451
3385: 3286,3484,3583,3483
3386: 3289,3484,3485
9702: 9886,9832,9836,9587,9981
7095: 6916,7003,7092,7181,7007,7184
7405: 7318
9477: 9467,8813,9290,8976,9509,9453
9639: 9299,7606,7161,9636,9627
6871: 6872,6964
8807: 8806,8808,8748,8865,8916,8917
6308: 6405,6211,6307
6347: 6252,6348,6632,6346,6537,6441
8675: 9694,8674,8544,8542,8676
3397: 
8080: 7918,7999,8001,8158,8236
3399: 3497,3498,3300,3301,3400
3400: 3301,3399,3498
7563: 7562,7564
9816: 2185,9731,9924
3403: 3305,3304,3404
3404: 3305,3403
6711: 6712,6617,6805
3406: 3307,3504
3407: 
8397: 8093,8013
7001: 9512,6909,7002,6910,7000,7092
7980: 8138
7791: 8108,7870,7625,7792,8260
3412: 3314,3511
9575: 9511,9601,9384,6982,6983,9860
3414: 3316,3512,3513
7041: 7131
7757: 7841,7922,7673,7674,7756,7839
3417: 3516
9306: 9614,6041,9305,9265,9471
8221: 8144,8145,8296,8222
10001: 9822,9662,1930,2018,2020,10010
3421: 3519,3322
5348: 5350,5551,9404,9909,5448,5349
3423: 3521,3522,3425
9428: 9324,9527,9566,383,9611
3425: 3427,3526,3423,3522
9238: 9218,9217,9120,9121,9216
3427: 3425,3526,3327,3330,3527
7043: 7133
7258: 7079,7259,7169,7523,7347
3430: 3527,3627,3431,3330,3331,3333
3431: 3627,3430,3628,3333,3531,3530
9982: 9089,9317,9556,9132,10003,9571
3433: 3434,3533
3434: 10038,9957,3433,3335,3533,3239
5564: 5662,5663,5664
9522: 9331,9799,9599,9498,9513,4438
6037: 6038,6130,5839,5937,9668,9401
9744: 9912,10036,9932,9756,9621
9559: 9531,9457,9466,9400,9518,9525
9868: 4942
3441: 9932,3540,10011,3340,3442
3442: 3045,3246,3441,3540,3639
9949: 9888,9931,9682,2196,2382,2288
3444: 3345,3836,3445,3643,3837,3641
3445: 3643,3347,3147,3248,3345,3444
9817: 9725,9975,10006,6528
7396: 7309
3448: 3545,3349,3548,3646,3743
3449: 3450,3549,3548,3351,3251
3450: 3449,3549,3254,3351,3352,3451
3451: 3452,3352,3450,3549,3550,3551
3452: 3355,3352,3451,3453,3552,3551
3453: 3355,3452,3552
3454: 
8479: 8339,8338,8480,8406,8614
3456: 3555
9752: 9091,9046,9857,9132,10003,9762
3458: 3557,3558
5633: 5930,5829,5533,5632,5635,5833
3460: 3559
7182: 7183,7355,7178,7091,7180
6032: 5837,5839,5937,5637,5834
7756: 7839,7838,7587,7673,7757
3464: 3564
8519: 8449,8450,8654,8584,8587,8716
9844: 9984,9681
3467: 
5895: 5994,5796,5894,5993
3469: 
3470: 3372,3471,3569,3371
3471: 3571,3372,3470,3373
9461: 79,9263,9393
3473: 3572,3374,3375
9829: 9798,9760,9736,9707,9655
9347: 10015,9763,9989,9314
3476: 3477
3477: 3476,3577
6265: 6266,6264
9412: 9352,10013,9723,9258,9573
3480: 3382
6683: 6588,6682
3482: 3383,3483
3483: 3583,3385,3482
3484: 3583,3385,3386,3485
3485: 3386,3484,3486
3486: 3487,3485,3586
3487: 3486,3586
5859: 5856,5953
3489: 3589,3588
7543: 7544,7628,7456,7542,7627
3491: 
9712: 9359,9386,9395,9505
8625: 8866,8688,8493,8560
5466: 5467,5366
9268: 9493,9577,9536,776,709
5907: 
3497: 3399,3498
3498: 3399,3497,3400
6983: 7075,9860,9575,6982,7073
5928: 5826,5828,5829,5926,5929
6926: 6927,7018
3502: 3503,3602
3503: 3502,3504,3603,3602
3504: 3406,3503
8116: 8193,7958,7879,8192,8115
3506: 3606,3605
9219: 9504,9560,9122,9160,9193,9239
5960: 5862,5959,5958,5961,6059,6058
8142: 8439,8064,8143,8219
9449: 9509,9303,9069,9885
3511: 3512,3412,3611
3512: 3511,3414,3513
3513: 3514,3414,3512
3514: 3513
8704: 8365,8764,8703,8766,8824
3516: 3417,3517
3517: 3516
7353: 7352,7175,7440
3519: 3421
8225: 8150,8300,8148,8372,8373
3521: 3423,3522,3721
3522: 3521,3423,3425,3526,3721
9280: 4836,9877,9266,4937,5141,9602
5995: 5994,6093
6672: 6671,6766,6576,6767
3526: 3427,3425,3522,3527,3625,3624
3527: 3627,3625,3430,3330,3427,3526
9404: 5348,9632,9350,9909,9755
8712: 8889,8943,8772,8514,8834
3530: 3335,3531,9520,3333,9713,3431
3531: 3335,3530,3628,3431,3729
9284: 8661,8784,9419,9904,9649
3533: 3734,3634,3239,3433,3434,3729
9401: 6135,9979,9911,9668,6037,6038
5709: 5708,5807,5609,5710
3536: 9424,9772,3339,9374,3735,9332
8435: 8363,8434,8216,8639,8703
6837: 6744,6929,6930
3539: 9756,3339,3540,3639,3836,3735
3540: 3441,9932,3442,9756,3539,3639
9660: 9584,9444,9368,9661,9767,10043
7451: 7707,7539,7450,7452,7364,7619
9996: 9858,9794
9742: 9671,9862,2476,2571,9997
3545: 3349,3448,3643,3347,3742,3743
7841: 7757,7922,7674,7675,7759
7558: 7557,7472
3548: 3449,3549,3448,3646,3648
3549: 3449,3450,3548,3451,3648,3550
3550: 3648,3748,3549,3451,3551,3750
3551: 3651,3552,3750,3452,3451,3550
3552: 3651,3551,3452,3453
6761: 6760,6854,6855
9916: 9995,9688,9864
3555: 3456
5943: 5942,5746,5647,5545
3557: 3656,3458,3657,3558
3558: 3657,3458,3557
3559: 3460
9710: 9848,10019,9695,9936
3561: 
9834: 9620,9375,9693,9947
9825: 9897,10028,9922,4131,9814
3564: 3663,3464,3664
7062: 7152,6970,7153,7063
9434: 7935,7936,9447,9373
5407: 5307,5408,5506
7946: 8026,7945,7947,8106,8331
3569: 3470,3668,3669
5648: 5447,5548,5647,5746,5846,5748
3571: 3471,3572,3670
3572: 3473,3571
8550: 8412,8740,8192,8413,8483,8679
6295: 6391,6198
8475: 8539,8478,9426,8477
8262: 8474,8336,8189,8261,8538
3577: 3578,3477,3676
3578: 3678,3577
7958: 7956,8114,7878,7879,8115,8116
9551: 659,801,593,9257,9612,9405
9754: 9303,9852,9835,9738,9885,9846
8634: 8696,8567,8568,8636
3583: 3484,3483,3385
9927: 9966,9978,9766,3634,3635,9876
9794: 9858,9996,9811,9673
3586: 3686,3487,3486
9091: 9752,9170,9046,9857,9092,8946
3588: 3589,3489
3589: 3588,3489
8639: 8703,8702,8434,8435,8502,8638
3591: 
5583: 5584,5483,5683
3593: 3693
5287: 5186,5286,5387
6434: 6338,6436,6437,9872,6337,6432
7380: 7467
7914: 7832,8075,7996,7915,7913
9282: 9524,9459,9734,4336,9521,9483
9383: 9326,9589,91,130,92
3600: 
6474: 6475,6378
3602: 3702,3701,3603,3503,3502
3603: 3702,3602,3503
9682: 9949,9888,2288
3605: 3506,3606
3606: 3607,3506,3605
3607: 3606,3707
7552: 
3609: 3610
3610: 3609,3611
3611: 3511,3610
3612: 3712,3613,3711
3613: 3712,3713,3612
9896: 9644,9341,10020,9906,9914
3615: 3714,3715
9696: 7075,9860,9724,9764,7345
7392: 7304,7305,7393,7480
8074: 8153,8154,8075,7993
6180: 6278,6179
9441: 9804,9590,577,453
9845: 9970,9862,9479,9286,9411
8061: 8062,8140
5323: 5322
3624: 3722,3724,3526,3625,3725
3625: 3527,3627,3526,3624,3725,3727
9670: 5041,4940,9959,9751
3627: 3527,3625,3430,3628,3431,3727
3628: 3627,3431,3531,3727,3728,3729
6155: 6058,6346,6056,6252
5338: 5138,5341,5343,5036,5136
5889: 5789
9111: 8921,9023,9068
6086: 6183,6085
3634: 3734,3533,3635,3239,9966,9927
3635: 3734,3634,9927,9955,3733,9876
9970: 9845,9671,9862
9074: 9072,9029,9234,9214,9976
9815: 9990,9771,10041
3639: 3345,3836,3540,3246,3442,3539
6337: 9658,9872,6336,6335,6338,6434
3641: 3742,3741,3444,3643,3837,3839
8081: 8001,7921,8002,8160,8161
3643: 3445,3347,3444,3545,3742,3641
7435: 7348,7259,7347
7910: 7828,7909,7990
3646: 3744,3746,3743,3448,3548,3648
9190: 9157,9237,9216,9032,9033,9120
3648: 3748,3550,3549,3548,3746,3646
5448: 5550,9909,9968,5348,5349
5472: 5572,5571,5372
3651: 3552,3551,3750,3850
9798: 9829,10037,9781,9655
8794: 
7152: 7151,7062,7153,7241
6622: 6902,6811,6993,6716
3656: 3557,3657,3755
3657: 3558,3557,3656
9836: 9886,9702,8677,8737,9587
9746: 9380,9958,9757,9298
8197: 8271,8343,8120,8121
3661: 
7668: 7669,7835,7834,7667
3663: 3564,3664,3763
3664: 3665,3564,3663,3763,3764
3665: 3664,3666,3764,3765
3666: 3665,3765
5657: 5755,5459,5460,5461,5561,5659
3668: 3569,3669
3669: 3670,3569,3668
3670: 3669,3571
7368: 7456,7280,7279,7367,7455
5609: 5509,5510,5708,5709
8676: 8677,8544,8477,8675,9886
3674: 3773,3675,3774
3675: 3676,3774,3674
3676: 3675,3776,3577
5384: 5383,5283,5483
3678: 3777,3578,3778
8252: 9314,9687,8021,9989,7944,8023
3680: 3779,3780
6916: 7095,7003,6917,6915,7007,7008
10008: 9745,9882,9840
3683: 3684,3782,3783
3684: 3683,3783
7680: 7929,9518,7508,7596,7847
3686: 3586,3786
8318: 8242,8168,8463,8667
6475: 6474,6571
6433: 6626,9964,6531,6432,6721,6906
9879: 9962,9946,316,370,9663,9414
6090: 6089,6188,5993,6091
8812: 8976,8973,8869,9069
3693: 3792,3593
9398: 9463,9659,9810,9244,9325,9476
7837: 7836,7838,7921,7918,8001
5458: 5357,5459,5852,5557
8241: 8008,8165,8163,8389,8599,8462
9976: 9739,9074,9450,9234
9479: 9532,9286,9595,9845,9411,9605
3700: 3701,3799
3701: 3702,3602,3700
3702: 3701,3603,3602
7292: 7293
5459: 5359,5460,5458,5755,5657
7992: 7993,7911,7912
6043: 9614,6041,5750,5650
3707: 3806,3607
6637: 6541,6821,6731,6823,6638
5593: 5494,5594
5999: 5901
3711: 3712,3612,3810
3712: 3713,3613,3612,3711,3812
3713: 3712,3613,3714,3812,3813
3714: 3715,3615,3713,3813
3715: 3714,3615
8238: 8161,8387,8082,8004,8084,8460
3717: 3817
8694: 9355,8631,8496,8426,8630,9478
8544: 8542,8477,8676,8675
7890: 7970
3721: 3820,3521,3522,3722
3722: 3624,3724,3820,3721,3821
5632: 5533,5631,5630,5828,5829,5633
3724: 3624,3722,3725,3925,3822
3725: 3727,3826,3925,3625,3624,3724
8463: 8667,8318,8168,8392,8603
3727: 3725,3826,3728,3627,3625,3628
3728: 3727,3826,3829,3628,3729,3731
3729: 3731,3628,3531,3728,3533
6945: 6853,7036,7037
3731: 3932,3729,3829,3728,4031
5619: 5620,5520,5618,5718
3733: 9935,9955,3932,3734,3635,3833
3734: 3533,3634,3635,3932,3733
3735: 3837,9374,3539,3339,3836,3536
9285: 9001,9049,9340,9519
8483: 8119,8413,8616,8550,8741,8679
9577: 9493,9268,9536,9298,9380,9358
6418: 6514,6609,6416,6321,6419,6512
8707: 8644,8708,8705,8509,8767,8769
3741: 3842,3742,3641,3839,3838,3835
3742: 3842,3641,3741,3643,3545,3743
3743: 3744,3646,3545,3448,3842,3742
3744: 3746,3646,3743,3842,3942
5855: 5951,9455,9394,5754,5756,5856
3746: 3744,3646,3648,3748,3847
7417: 7241,7505
3748: 3648,3550,3746,3750,3849,3847
7460: 7373,7630,7545,7631
3750: 3651,3551,3748,3550,3849,3850
7128: 7037,7217,7127
5847: 5846,5748
9921: 9897,9890
7142: 7141,7231
3755: 3856,3656
6749: 6748,6843
10042: 9920,9839
9380: 9958,9746,9298,9577,9358
3759: 3859,3860
8273: 8347,8346,8199,8274
8905: 8904,8848
8255: 8470,8253,8179,8471
3763: 3663,3664,3864,3764
3764: 3864,3765,3664,3665,3763
3765: 3764,3665,3666
9300: 9431,9315,9288,9385,9370,9526
10015: 9347,9314,9783
7101: 7190,7191,7100,7011,7010,7102
9311: 9578,9410,9539,5851,9367
5968: 5967,5870,6065
3771: 3772
3772: 3773,3771,3873
3773: 3772,3674,3774,3873,3874
3774: 3675,3674,3773,3874,3875
5357: 5356,5458,5455,5852
3776: 3777,3676
3777: 3678,3776,3778,3878
3778: 3678,3777,3878,3779
3779: 3778,3680,3880,3780
3780: 3880,3680,3779
9438: 9661,9767,9854,9140,9787,9102
3782: 3883,3683,3783
3783: 3683,3684,3883,3782
9572: 9986,9630,9327,9579,9609
5426: 
3786: 3686,3787,3887
3787: 3788,3786,3887,3888
3788: 3787,3789,3888,3889
3789: 3788,3889
10037: 9803,9781,9798,9655,9496,155
6121: 6022,6122,6218,6219
3792: 3693
6912: 6911,7002,6823,7003,6915
8834: 8714,8715,8649,8712,8943
3795: 
9557: 9388,716,9365,10002,9316,9470
3797: 3897
10039: 10003,9762,9571,9824,9727,9789
3799: 3900,3700
5841: 
9827: 9749,9811,9610,9546,9858
9783: 9953,9833,10015,9314,9687
3803: 3903,3904
9843: 9770,9281,9856,9586,9934
3805: 
3806: 3707
5837: 5839,6032,5637,5639,5938,9784
3808: 3809,3908
3809: 3808
3810: 3711
7319: 7318,7231
3812: 3712,3713,3813
3813: 3713,3714,3812
8002: 7922,8082,7839,7921,8081,8161
8357: 8358,8209,8565,8356,8498,8429
3816: 3817
3817: 3717,3816
3818: 3819
3819: 3820,3818
3820: 3819,3721,3722,3821
3821: 3822,3820,3722,3921
3822: 3922,3821,4027,3724,3925
9623: 8594,8727,8662,9616,9260,9628
9336: 9005,9692,9893,9592,9097,9437
6541: 6447,6637,6350,6821,6820
3826: 3725,3727,3925,3829,3728,3927
6917: 7009,6915,6916,7008
9990: 9771,10041,9815,9713,9516,9957
3829: 3826,3728,3731,3927,3929,4031
9662: 9822,10001
8064: 8143,8142
9501: 9318,9558,9128,9243,9387
3833: 4031,4030,3932,9935,3733,9262
3834: 4135,4337,4134
3835: 3938,3838,3839,3741,9597,9425
3836: 3345,3639,3444,3539,3837,3735
3837: 3839,9374,3735,3444,3836,3641
3838: 3938,3940,3835,3842,3741,3841
3839: 3837,9374,3641,3741,9425,3835
9672: 9548,9863,9673,9507
3841: 3942,3838,3940
3842: 3742,3741,3744,3743,3838
9713: 9520,9516,9990,3335,3530,9957
8229: 8230,8378,8152,8153,8228,8304
5726: 5727,5825,5725
9599: 9887,9522,9799,9646,9513
3847: 3947,3849,3746,3748,4044
6278: 6180,6279
3849: 3947,3949,3847,3748,3750,3850
3850: 3950,3651,3750,3949,3849
5680: 5581
5453: 5454,5353,5354,5653,5452,5752
6735: 6640,6829,6734,6828
8155: 8232,8231,8076,8154
7289: 7288,7200,7377,7290
3856: 3755,3857,3956,3957
3857: 3856,3957,4058
3858: 3859,3959
3859: 3860,3959,3759,3858
3860: 3859,3759
6405: 6308,6406
8298: 8372,8444,8370,8579,8513
8824: 8882,8881,8764,8704,8880
3864: 3764,3763,3964
7127: 7036,7216,7128,7037,7217
7600: 7599,7515,7767,7516,7601
3867: 3967
9068: 9209,9111,9023,9067
3869: 3969
9160: 9122,9081,9080,9123,9193,9219
7550: 7464,7635
5706: 5805,5606,5804,5705
3873: 3874,3772,3773
3874: 3873,3773,3774,3875
3875: 3976,3774,3874
7481: 7394,7393,7480
7210: 7120,7209,7298
3878: 3777,3778,3979
9367: 6241,6144,9539,9311,9578,9490
3880: 3780,3981,3779,3980
9298: 293,9380,9746,9577,9536
6564: 6660
3883: 3983,3782,3783
9566: 9431,9315,9324,9428,9611,9445
3885: 3986
8966: 9011,8964
3887: 3888,3988,3787,3786
3888: 3887,3988,3989,3788,3787,3889
3889: 3990,3788,3789,3888,3989
9070: 8696,8695,8874,9379,8978
3891: 3991
9629: 9297,9600,9556,9960,9894,10005
6514: 6418,6609,6705,6419,6515,6610
9944: 9763,9690,10034,9695,9465,9993
5413: 5312,5313,5513
8114: 7956,7958,8189,8115
3897: 3797,3997,3898,3998
3898: 3897,3998
5725: 5724,5823,5726
3900: 3799,4000,3901
3901: 3902,4002,3900
3902: 4002,3901,3903
3903: 3904,4004,3803,3902
3904: 3903,4004,3803
7938: 7937,8018
10017: 9574,9871,9985,5346,9808
3907: 3908
3908: 4009,3808,3907
6848: 6941,6849
6460: 6555
7268: 7176,7777,7612,7179,7696,7269
6662: 6757,6756,6567,6661
6055: 5959,5958,5957,5956,6052,6056
7011: 6919,6920,7010,7101,7102
3915: 
3916: 
3917: 
9987: 9232
9638: 9607,9308,9377,9529,9435,9943
6763: 6669,6856
3921: 4021,3922,3821,4123
3922: 4127,3822,4027,3921,4123
8710: 8513,8772,8647,8709,8888
5807: 5708,5709,5906
3925: 3725,3826,3724,3822,4027,3927
7656: 7739,7740,7571,7655
3927: 3929,3928,3826,3925,3829,4027
3928: 3927,3929,4029,4127,4027,4332
3929: 3927,3928,4029,3829,4031,4030
8805: 8621,8685,8806,8916,8915
9871: 10017,9820,9985
3932: 3731,3734,3833,4031,3733
9389: 9961,9267,1741,9606,9554
3934: 3935,4135,4236
3935: 3934,4136
3936: 9442,4139,4040,4036,4039,9591
7880: 7878,7879,7962
3938: 3838,3940,3835,4036,4039,9597
6781: 6780,6874
3940: 3938,3838,4039,3942,4041,3841
7619: 7364,7618,7617,7701,7451,7450
3942: 4044,4041,3841,3744,3940
5229: 
8568: 8361,8636,8431,8567,8499,8634
7425: 7340,7248,7765,7428,7598
3946: 4049,4044,3947,4045,4242
3947: 3949,3849,3847,4044,3946,4049
7775: 7772,7769
3949: 3947,3849,3950,3850,4049,4050
3950: 3952,3850,3949,3951,4050
3951: 4050,3950,3952,4053
3952: 3950,3951,4053,3953
3953: 4054,3955,4053,3952
7421: 7336,7596,7244,7508
3955: 4054,3953,3956
3956: 4057,3957,3856,3955
3957: 3956,4057,3856,3857,4058
9853: 9698,9969,9883,9657
3959: 3859,3858,4060
8837: 8838,8947,8776,8778,8835,8893
9098: 9054,9052,9097,9004,8950,9005
3962: 4063,3963
3963: 4063,3964,3962
3964: 3963,3864,4065
9580: 9369,9323,9393,9460,10040,9626
6001: 5902,6098,6099
3967: 4068,3867
8596: 8458,8457,8527,8597,8662,8663
3969: 3869,4069
6110: 6109,6207
3971: 4072
3972: 4072,4073
7900: 
7331: 7419
8739: 8737,8738,8480,8907,8678
3976: 3875
8440: 8644,8645,8368,8296,8369
9527: 9324,9428,9439,9473,382
3979: 3980,3878
3980: 3979,3880,3981,4081
3981: 3880,3980,4081
3982: 4083,3983
3983: 3883,4083,3982
8627: 8560,8561,8810,8867,8869,8811
9445: 9287,65,9322,9566,9315,9611
3986: 3885,4087
7970: 8050,8049,7890
3988: 3887,3888,3989
3989: 3888,3988,3889,3990,4090
3990: 3889,3991,3989
3991: 3990,3891
5387: 5286,5287,5487
3993: 4094,3994,4093
3994: 4094,3993
9673: 9672,9863,9811,9794
6128: 6127,6031,6326,6227,6226,6327
3997: 3897,3998,4098
3998: 4098,3897,3997,3898
9606: 1657,9389,9267
4000: 3900,4100
8622: 8806,8748
4002: 3902,3901
6264: 6263,6265
4004: 3903,3904,4104
9024: 9069,9105,8868,8921
4006: 4007
4007: 4108,4006
5352: 5251,5250,5252,5451,5452,5353
4009: 3908,4010
4010: 4009,4011
4011: 4010
8808: 8807,8748,8865,8687,8688,8866
4013: 4113,4114
5372: 5271,5272,5472
6894: 6799,6703,6893,9475,9511
5910: 5810,6009
6897: 6708,6612,6896,9494
9423: 9688,9349,8738,8907,9568
8001: 8081,7837,7921,8080,7918
9992: 9941,10035,9867,9792
4021: 3921,4122,4123
5630: 5631,5632,5828
5963: 5865,5964
10030: 9789,9762,9857
8718: 8655,8782,8656,8779,8841,8895
8205: 8050,8279,8352,8425
4027: 4127,3922,3822,3925,3927,3928
7181: 7000,7091,7095,7092,7183,7184
4029: 3929,3928,4030,4332,4232,4132
4030: 3833,4031,3929,4029,4132,9262
4031: 3833,4030,3829,3932,3731,3929
9812: 9264,9514,9980,9743,9291
6358: 6261,6262,6357,6359
8947: 8838,8837,8949,8893,8999,8946
4035: 
4036: 3938,4039,9582,9597,9591,3936
9934: 9856,9843
9786: 9293,9692,9893
4039: 3938,3940,4036,4041,4040,3936
4040: 4139,3936,4039,4041,4242,4141
4041: 3942,3940,4039,4040,4145,4242
9126: 9039,9125,9040,9165,9128,9085
7557: 7641,7558,7470
4044: 3942,3947,3847,3946
4045: 4343,4242,3946,4049,4047,4146
8766: 8705,8507,8704,8365,8826
4047: 4049,4045,4050,4248,4146
9330: 9370,9526,9570,9506,9313,9433
4049: 3946,4047,3947,3949,4045,4050
4050: 3951,3949,3950,4049,4047
8444: 8372,8298,8513,8647,8373
5966: 5965,5868,5967,6063
4053: 4054,4155,3953,3952,3951
4054: 3955,4155,4053,3953,4156
8216: 8435,8140,8291,8703
7446: 7183,7355,7779
4057: 3956,3957,4157
4058: 3857,3957
8999: 9092,8946,9094,8949,8947,9054
4060: 3959
8716: 8587,8778,8584,8519,8776,8715
6081: 6179,5983
4063: 3963,4164,3962
8136: 8137,8213,8135,8058,8211
4065: 4166,4165,3964
7033: 7123,7032,6941
9170: 9091,9857,9092,9001,9049
4068: 4168,3967,4069,4169
4069: 4169,3969,4068
8911: 9060,8962,9011
7110: 7020,7109,7019,7199,7200
4072: 4073,4173,3972,3971
4073: 4072,4173,3972,4074
4074: 4073
6450: 6449,6451,6545,6546
10020: 9896,9906
5499: 5498,5598,5400,5500,5599
4078: 4179
9803: 10037,9781,9537,157,9446,155
6931: 7022,6930,7023,6932
4081: 3980,3981
8962: 9581,9010,8857,9060,8911
4083: 3982,3983
7942: 9993,8021,8020,9465,7865
4085: 
9604: 5145,9350,9302,5247,9632,9808
4087: 3986
5311: 
9763: 9944,9690,9993,9989,9347
4090: 4190,3989
5454: 5354,5453,5949,5851,5752
10003: 9762,9571,10039,9982,9132,9752
4093: 4094,4194,3993
4094: 4194,3993,3994,4093
8163: 8389,8084,8005,8008,8241
4096: 4197,4196
9509: 8976,9449,9477,9303,9453
4098: 3998,3997,4198
8738: 8737,8739,8907,9587,9423
4100: 4000,4201
9430: 341,513,9259,9366,395,9248
6746: 6651
9901: 9941,10035,9305,6139,6335,9658
4104: 4004
9822: 10001,9662,10010,9810
9508: 9310,7859,9643,9561,10019,9936
7275: 7360,7098,7532,7618
4108: 4007
9626: 119,368,10040,9369,9580
7735: 7818,7819,7736
7650: 7733,7649,7565
7602: 7516,7601
4113: 4114,4013
4114: 4113,4013,4115
4115: 4216,4114
9470: 785,781,783,9316,9557,716
4117: 4118,4218
4118: 4117,4218,4119
4119: 4120,4118
4120: 4119,4221
10040: 259,9907,9460,9782,9580,9626
4122: 4221,4021,4123,4226
4123: 4226,4021,3921,3922,4122
9335: 9709,9246,9296,9722,9813,9645
9287: 9445,9322,9315,9526,9313,9403
6610: 6515,6516,6708,6514,6705,6706
4127: 3922,4027,3928,4329,4332
9506: 385,331,9330,9570,9433
6385: 6481,6480
9568: 8907,8799,9625,9423,9349,9391
4131: 9825,4234
4132: 9569,4336,9262,4029,4030,4232
9651: 9942,9963,9831
4134: 10028,3834,4337
4135: 3834,3934,4236
4136: 3935
7413: 7325
9919: 9889,9926,9930
4139: 9442,4040,3936,4141,4239,9256
9935: 9955,3733,3833,9262,9328,9814
4141: 4343,4242,4139,4040,4239
5678: 5776,5578
7147: 7146,7148,7057,7237
5349: 5848,5750,5348,5551,5550,5448
4145: 4242,4041
4146: 4347,4248,4343,4045,4047,4344
5639: 5637,5440,5543,5938,5540,5837
6321: 6323,6223,6419,6320,6416,6418
7720: 7719,7721
7199: 7109,7110,7288,7200
8004: 7924,8005,7923,8082,8238,8084
8867: 9019,9563,8810,8919,8627,8811
5283: 5383,5182,5384
5942: 5943
4155: 4054,4053,4256,4156,4255
4156: 4256,4054,4155,4157
4157: 4057,4156,4258
9897: 9890,10028,9825,9922,9921
8264: 8474,8336,8339,8338,8265
9435: 9540,9647,9943,9638,9308,9543
7773: 7772,7855
7945: 8026,7946,7947,8023,9953
4163: 
4164: 4063,4165
4165: 4164,4065,4166,4266
4166: 4065,4165,4266
6140: 9490,6525,6238,9539,5948,6139
4168: 4068,4169,4269
4169: 4069,4168,4068
9337: 9804,9590,9339,9440,9553,9366
8514: 8373,8772,8647,8712
9180: 9065,9177,9145,9179
4173: 4072,4073,4274
5543: 5639,5440,9583,5340,5540
7058: 7148,7057,6966,6967,7149,7059
4176: 4177,4276
4177: 4176,4278
6238: 5751,6142,5948,6139,9265,6140
4179: 4078,4279,4280
8757: 8498,8873,9588,8632,9379,8695
8066: 8065,8144,8145
7544: 7545,7628,7543,7283,7371
6204: 6205
7581: 7494,7582
8881: 8882,8824,9037,8880,8987,9081
5986: 5887,6084
9418: 9912,9621,9424
4188: 
9630: 9542,9361,9327,9747,9986,9572
4190: 4090
8933: 9121,9079,9080,8878,8879,8987
4192: 4293,4292
9321: 9788,10002,9388,9514
4194: 4094,4093,4294
6504: 6408,6599
4196: 4197,4096
4197: 4096,4196,4298,4198
4198: 4298,4197,4098
10027: 9887,9866,9999
8477: 8544,8475,8478,8676,8677
4201: 4100,4301
9943: 9435,9647,9529,9638,9650
7792: 7542,7455,7627,7625,7791,7952
7377: 7289,7290,7464
8268: 8413
4206: 4207,4306,4307
4207: 4206,4307
9619: 2201,10033,2389,9463,2107,9608
7020: 7110
6854: 6853,6761,6760,6855
4211: 
8868: 9105,9063,8973,9024,9069
8701: 8878,8879,8638,8702,8820
5713: 5714,5812,5613,5712
7440: 7353,7265,7352
4216: 4115,4316
6607: 6510,6512,6609,6892,6893,6703
4218: 4117,4118,4318,4319
8274: 8348,8199,8347,8273
6160: 
4221: 4122,4120,4322
5328: 5327,5227,5329,5430
6091: 5993,5994,6090,6188
9289: 8108,8260,8186,9486,9705,9534
5683: 5781,5584,5583
4226: 4329,4123,4122,4328
9666: 9648,9726,9849,9979
9560: 9219,9504,9564,9567,9239,9546
8594: 8526,8727,9623,8311,8527,8662
7100: 7101,7190,7009,7010,7099,7277
5509: 5510,5609,5410,5508
4232: 4330,4332,4029,4132,4336,9521
5447: 5648,5548,5647
4234: 4131,10028
9333: 9491,2371,9585,9624,9319
4236: 3934,4135
9768: 9753,9714
6387: 6290,6386,6291,6483,6388,6482
4239: 4339,9256,4139,4141,4240,4241
4240: 4344,4346,4239,4241,4444
4241: 4342,4444,4339,4239,4240,4341
4242: 4145,4343,4045,4141,4041,4040,3946
8191: 8192,8115,8412,8265
8599: 8666,8730,8389,8241,8462,8668
8304: 8228,8303,8378,8229,8376,8449
5959: 5960,5958,6055,6058,6056
5993: 5894,5895,5994,6090,6091
4248: 4250,4347,4349,4146,4047
9405: 9612,728,659,9551,1021,729
4250: 4349,4248
9385: 9900,9807,9288,9300,9370
6888: 6979,6699,6890,6891,7081,7163
9350: 5145,9604,5249,9632,9404
8538: 8405,9346,8540,9436,8262,8474
4255: 4256,4354,4155
4256: 4156,4354,4255,4155
9030: 9029,8981,8980,9119,9234
4258: 4157,4259
4259: 4260,4258
4260: 4259
9946: 10026,9879,9962,264,316
5452: 5653,5451,5552,5352,5353,5453
4263: 4364
9634: 9800,9892,9017,9060
5374: 5274,5375
4266: 4367,4165,4166
6242: 6047,6048,6147,6144,6339,6244
7150: 7149,7060,7059,7151
4269: 4369,4168
9641: 9391,9381,8908,8681,8801,8960
4271: 
9978: 9966,9927,9766
9299: 9639,7606,9253,7858,9636,9274
4274: 4173
6022: 6121,6021,6218,6119
4276: 4376,4176
6893: 6892,6984,9475,6607,6894,6703
4278: 4177,4279,4379
4279: 4379,4179,4278,4280
4280: 4179,4279
5926: 6122,5826,5928,5929
8160: 8161,8387,8081,8386,8457
6056: 6155,6052,5959,6055,6153
4284: 4285,4385
4285: 4284,4385,4286
4286: 4387,4285,4287
4287: 4288,4388,4286,4387
4288: 4388,4287
8361: 8568,8502,8431,8213,8434
5589: 5490,5590,5688
7778: 9603,7528,7354,7694
4292: 4392,4192,4393
4293: 4192,4393,4294
4294: 4194,4293
8189: 8110,8261,8114,8262,8336
6832: 6831
8591: 8592,8658,8721,8590
4298: 4198,4399,4197
9653: 9010,9716,9995,9881,9581
7744: 7743
4301: 4201
9339: 288,289,9440,9553,9337
7340: 7425,7248,7339,7858,7428,9274
8744: 9016,8743,8619,8683,8801
4305: 4306,4406,4405
4306: 4305,4406,4407,4206,4307
4307: 4206,4207,4306,4407
9349: 9423,9688,9864,9568,9391,9381
8603: 8392,8393,8463,9963,9942
6593: 6688
4311: 
6426: 6519,6520,6517,6709
5285: 5185,5286
4314: 4415
6984: 6892,6893,9475,6797,6890,6891
4316: 4417,4216
7078: 7079,7520,7080
4318: 4319,4218
4319: 4318,4218,4320
4320: 4319
6386: 6290,6387,6481,6482
4322: 4423,4422,4323,4221
4323: 4423,4322,4427,4328,4526
6508: 6412,6605,6410,6507,6604
6117: 6118,6215
5613: 5712,5713
9063: 8868,9497,9563,8973,9584
4328: 4427,4329,4226,4331,4323
4329: 4226,4331,4127,4330,4332,4328
4330: 4332,4232,4329,4331,9521
4331: 4329,4330,4427,4328,9269
4332: 4330,4232,4127,3928,4029,4329
5322: 5422,5323
9245: 858,9363,9635,789,9552,859
9807: 9385,9900
4336: 9569,4132,4232,9521,9282,9734
4337: 3834,4134,4736
4338: 4341,4440,9331,4438
4339: 4239,9256,9489,4341,4241
5764: 
4341: 4338,4440,4339,4342,4241
4342: 4241,4445,4444,4341,4440,4543
4343: 4045,4242,4141,4344,4146
4344: 4240,4346,4343,4347,4146
4345: 4447,4548,4652,4346,4445,4444
4346: 4240,4344,4347,4444,4447,4345
4347: 4349,4248,4146,4344,4346,4447
9358: 710,922,9380,9493,9577,848
4349: 4250,4347,4248,4350,4447,4448
4350: 4352,4349,4448,4450
9132: 8945,9089,9982,10003,9752,9046
4352: 4350
7508: 7419,7421,7596,7680
4354: 4256,4255,4453,4455
9644: 9341,9896,6135,9911
5812: 5713,5714,5813,5912
5872: 5873,5970,5772,5871
9346: 8538,9376,9436,9390,9484
9072: 9029,9074
5862: 5960,5958,5762,5961
6548: 6547,6549
9320: 9397,9409,9254,9279,9342
8060: 
4364: 4263,4365
4365: 4364
6266: 6265,6169
4367: 4266,4467,4468
5876: 5975,5875
4369: 4269,4470
6313: 6216,6215,6410
9327: 9542,9630,9572,9579,1582,1497
9511: 9575,9601,9475,6894,9384
7383: 7296
9759: 9790,9485,9796
9709: 9761,9246,9335,9717,9645,9700
4376: 4276
9977: 9779,10031,7691,7434,7609,9880
7180: 7696,7269,7697,7178,7182,7355
4379: 4279,4278,4479
7596: 7421,7336,7508,7765,7929,7680
7133: 7043
7515: 7599,7512,7600,9631,7428
10041: 9990,9815,10038,9957
9375: 9582,9396,9834,9620,9947,10032
4385: 4284,4285,4485,4486
9250: 9279,9481
4387: 4286,4388,4287
4388: 4288,4287,4387
6872: 6964,6871
4390: 4391,4491
4391: 4390,4392,4491
4392: 4292,4391,4493
4393: 4293,4292,4493,4494
7375: 7288,7462
9369: 9323,9580,119,9626,311,366
7056: 6964,7146,7057
4397: 4497,4498
7231: 7319,7141,7142
4399: 4298
4400: 4501
9570: 9370,9330,9900,9506
5688: 5589
9859: 9961,9731,1658,9554,2005,9924
5528: 5527
4405: 4305,4406,4505
4406: 4305,4306,4407,4405
4407: 4306,4406,4307,4508
5697: 5698,5796,5598,5597
8960: 9716,9641,9381,8801,8743
5395: 5295,5294,5394,5494,5495
6356: 6451,6357,6259,6260
9787: 9800,9892,9102,9438,9854,9691
5970: 5872,5871,6067,6068
6669: 6763
4415: 4314,4516
7935: 7936,9434,7934,7771,8015
4417: 4316,4518
9266: 9280,9877,9718,9523,9602,9348
8470: 8328,8253,8255
9366: 9259,9553,9590,9337,9430,9248
9842: 8176,9683,8175,8097
4422: 4423,4322,4522,4523
4423: 4322,4422,4323,4526,4523,4525
9699: 9791,9775,9950
5727: 5726,5825,5826
6153: 6148,6249,6248,6052,6056
4427: 4529,4328,4526,4331,4323,9269
9880: 7434,7608,9977,10031,10009,10012
5810: 5712,5910
6348: 6252,6347,6632,6350,6349
4431: 4534,9633,4436,9392,4630,4634
9077: 8982,8980,9236,9157,9119
9540: 9435,9647,9512,9543,9967,9406
7770: 8013,7934,7771,7769,7932
5973: 5875
4436: 4431,4534,9633,5041,4940,4836
5249: 5145,9350,5250,5350,5451
4438: 4539,4442,9522,4338,4440,9498
6041: 9306,6043,5848,5750,6142
4440: 4338,4341,4342,4442,4438,4543
6890: 6700,6797,6984,6699,6888,6891
4442: 4539,4642,4438,4440,4543,4643
9828: 9984,9681,9450,9545,9456,9739
4444: 4342,4241,4445,4240,4346,4345
4445: 4342,4444,4652,4345,4650,4543
8310: 8158,8234,8236,8309,8526
4447: 4448,4548,4345,4346,4347,4349
4448: 4447,4551,4548,4349,4350,4450
4449: 4753,4654,4551,4548,4652,4655
4450: 4553,4453,4350,4448,4551
9004: 8950,8841,8898,8842,9098,9005
9595: 9532,9479,2666,9605,2761,2858
4453: 4553,4450,4354,4455,4555
9317: 9089,9090,9982,9045,9297,9556
4455: 4457,4555,4354,4453,4557
9544: 9952,9386,8668,8601,8792,9359
4457: 4455,4458,4559,4557,4660
4458: 4459,4559,4457
4459: 4458,4559
6892: 6893,6984,6605,6510,6607,6797
8715: 8776,8714,8834,8584,8649,8716
4462: 4463
4463: 4462
8044: 7965,8199,8121
10018: 9985,5346,9755,9549
5762: 5663,5761,5664,5862
4467: 4468,4367
4468: 4467,4569,4367
5714: 5713,5812,5715,5813
4470: 4369
6065: 6163,6162,5967,5968
8330: 8471,8182
4473: 4574,4573
9055: 8898,8842,9356,8658,8721,9448
4475: 4576
7302: 7389,7390
6378: 6474,6282
4478: 4479,4579
4479: 4478,4579,4379
4480: 4580,4481
4481: 4582,4480
8702: 8639,8764,8638,8880,8879,8701
4483: 4584
8153: 8074,8152,8230,8229
4485: 4486,4385
4486: 4485,4385
9731: 9859,9961,10021,9924,9816
7913: 7912,7831,7832,7914,7993
9531: 9559,9457,9400,9785
7390: 7478,7389,7302
4491: 4592,4391,4390
7528: 7443,7354,7777,7778,9603
4493: 4392,4393,4494
4494: 4495,4393,4493
4495: 4494,4596
9932: 3441,3540,10011,10036,9744,9756
4497: 4498,4397
4498: 4497,4397
5398: 5298,5497,5498
5569: 5470,5568,5668
4501: 4502,4400
4502: 4501,4603
9605: 3051,2761,9479,9595,9541,9411
4504: 4604,4505,4605
4505: 4605,4606,4405,4504
6349: 6351,6350,6252,6348
6011: 5913,5912,6010,6109
4508: 4509,4609,4407
4509: 4508,4609,4610,4510
4510: 4611,4509,4610
9904: 9628,9271,9875,9419,9284,9649
8597: 8666,8730,8596,8458,8663,8790
4513: 4514,4613
4514: 4513,4615
7299: 7298,7386,7212,7300
4516: 4616,4415
8740: 8481,8550,8412,8799,8678,8679
4518: 4417
8539: 8406,8475,8540,9376,9426
8857: 9016,8743,9010,8962,9060
4521: 4621,4522
4522: 4521,4422,4523
4523: 4625,4525,4423,4422,4522
7520: 7344,7692,7080,7078,7522
4525: 4625,4523,4423,4526,4626,4528
4526: 4529,4427,4423,4323,4525,4528
4527: 4729,4730,4626,4634,4733
4528: 4626,4630,4529,4526,4525
4529: 4427,4526,9269,9392,4630,4528
5251: 5352,5148,5250,5151,5150,5252
9814: 9328,9935,9955,9922,9825
6956: 
9214: 9114,9074,9187
4534: 4431,4436,4634,4733,4937,4836
9563: 8867,9019,9584,9444,9063
7176: 7777,7268,7179,7443
7635: 7550,7719
8907: 8799,8678,9568,8739,8738,9423
4539: 4642,4442,4438,9538,9498,4641
5635: 5536,5736,5533,5633,5833,5834
7655: 7570,7571,7656,7739
8790: 8729,8792,8597,8663,8791
4543: 4650,4643,4440,4342,4445,4442
7947: 7867,8023,8028,7946,7945,8106
5851: 9539,5752,5948,5454,9311
9743: 9980,9812
8656: 8655,8782,8718,8589,8590
4548: 4447,4448,4551,4652,4345,4449
9427: 359,670,9371,9642,251,672
9637: 9382,9255,724,794,9415,9251
4551: 4448,4548,4553,4450,4449,4655
7022: 6931,6930,7023,7112
4553: 4450,4453,4551,4555,4655
6519: 6426,6520,6804
4555: 4455,4553,4453,4658,4557
6528: 7083,6720,6626,9817
4557: 4658,4455,4457,4555,4660
8861: 8915,8968,9017,8683,9016
4559: 4458,4459,4457,4660,4661
6567: 6662
4561: 4662,4663
8426: 8425,8495,8630,8496,8694
7801: 7719
7503: 7674,7675,7328
4565: 4566,4667
4566: 4565,4667
8425: 8426,8495,8352,8205,8424
8705: 8766,8507,8509,8707,8767,8826
4569: 4468
9507: 9802,9387,9558,9548,9672
9457: 9531,9559,9466
8636: 8568,8502,8638,8634
4573: 4574,4473,4675
4574: 4473,4573,4675
7277: 7099,7276,7190,7100,7278
4576: 4475,4577,4677
4577: 4576
6909: 9512,7001,9543,7262,6724,6910
4579: 4478,4479
4580: 4480
8417: 8555,8487,8271,8346,8485
4582: 4481,4683
6126: 6028,6127,6323,6223,6226
4584: 4685,4585,4483
4585: 4584,4687
9973: 411,9728,9823
6223: 6323,6321,6126,6320
6370: 6371
9402: 9499,8020,9465,9643,9354,10034
4590: 4691
5965: 5966,6063,6062
4592: 4491,4693
7318: 7319,7405
6640: 6735,6641,6639,6734
9291: 9363,9635,9264,9812,9980,9530
4596: 4495,4697
6609: 6514,6418,6705,6512,6607,6703
8049: 8050,7970,8279
6196: 6098,6099,6293
9893: 9336,9692,9437,9786
10021: 9961,9731,9267
5918: 5919,5818,5819,5917
4603: 4604,4502
4604: 4504,4603,4605
4605: 4505,4606,4504,4604,4707
4606: 4505,4605,4607
4607: 4606
6748: 6653,6749,6841
4609: 4508,4509,4610,4710
4610: 4509,4609,4510,4611
4611: 4510,4610,4712
5263: 5364,5163,5363
4613: 4513,4715
6674: 6768,6769
4615: 4514,4616,4716
4616: 4516,4615
5740: 9701,5742,5641,5640
7625: 7624,7540,7792,7455,7791
9592: 9005,9336,8898,9356,9353,9437
8309: 8307,8383,8382,8310,8234,8526
4621: 4521,4722
7347: 7523,7258,7259,7435
8271: 8197,8343,8346,8485,8417
8478: 8406,8475,8477,8614,8677
4625: 4523,4525,4626,4725
4626: 4528,4625,4525,4729,4527
9663: 9918,9414,9879,9962,9758
6756: 6662,6757,6661,6849
9554: 1828,1658,1741,9859,9961,9389
4630: 4528,4634,4529,9392,4431
8729: 8792,8790,9359,8791,9505
6935: 7026,6934,6843,7027
8555: 8417,8487,8419,8685
4634: 4630,4431,4534,4527,4733
9382: 9255,9500,9637,868,724,9399
9922: 9876,9955,9814,9897,9825
4637: 4638,4839,4737,4838
4638: 4637,4739,4839,4639
4639: 4740,9777,4638,4739
5461: 5363,5361,5462,5460,5657,5561
4641: 4744,4743,9538,4539,4642,4742
4642: 4539,4442,4643,4744,4641,4745
4643: 4644,4543,4642,4442,4745
4644: 4650,4853,4643,4645,4745
4645: 4849,4745,4747,4644,4853,4954
9923: 9809,9933,9589
6341: 6244,6246,6342,6436,6437,6628
9257: 594,593,9770,9281,9612,9551
9707: 9421,9655,9760,9829,358,474
4650: 4644,4853,4543,4445,4652,4753
6038: 6037,6130,6135,9401,6328,9432
4652: 4548,4345,4445,4650,4753,4449
6478: 
4654: 4753,4449,4655,4855,4955
4655: 4551,4553,4654,4449
8893: 8945,8835,8837,8947,9046,8946
4657: 
4658: 4557,4859,4555
5931: 6127,6031,5930,5833,5933,6028
4660: 4457,4559,4557
4661: 4559,4662
4662: 4663,4763,4561,4661
4663: 4662,4763,4561,4664
4664: 4665,4663
4665: 4664,4766
7125: 7124
4667: 4565,4566
8301: 8376,8649,8300,8303
6596: 
9873: 9964,9776,9941,9658,9872,9792
5572: 5472,5571,5573,5672
5300: 5400,5200,5299
4673: 4773
9633: 4431,4436,9483,9392,9459
4675: 4574,4573
6339: 6241,6144,6242,6338,6436,6244
4677: 4576,4778
5545: 5647,5943
6531: 7085,6627,6432,6437,6433,6906
5823: 5724,5725,5922
7208: 7118,7207,7119,7209,7296
6664: 6759,6665
4683: 4582,4783
4684: 
4685: 4584
8587: 8779,8716,8778,8519,8654,8655
4687: 4585
5597: 5498,5598,5497,5697
7555: 7469
6978: 6886,6790,6884,7070,7162
4691: 4590
9040: 8991,8885,8886,9039,9126,9085
4693: 4793,4592
4694: 
6906: 9362,6433,7085,6531,6721
9689: 9797,10000,9838,9866,9887,9799
4697: 4797,4596
5775: 5676,5774,5776,5875
4699: 4799,4800,4700
4700: 4800,4699,4701
4701: 4702,4700
4702: 4701,4802
4703: 4804
8678: 8907,8799,8480,8481,8740,8739
9887: 10027,9599,9866,9689,9799
5957: 5958,6055,5761,5956
4707: 4807,4605
9985: 9820,10018,9871,10017,5346
4709: 4809,4710,4810
4710: 4810,4811,4609,4709
7677: 7759,7924,8006,7591,7761
4712: 4611
7345: 9696,7075,7431,7344,7080
6093: 5995
4715: 4815,4613,4716
4716: 4817,4615,4715
5758: 5756,5856,5662,5760
9903: 9902,9708,9715
4719: 4720,4821
4720: 4719
7219: 7130,7220
4722: 4621,4823
7952: 8031,7792,7627,7711
5801: 5901
4725: 4826,4825,4625
6647: 6648,6552,6741
7832: 7914,7750,7915,7831,7913
7787: 7949,7788,7705,7702,7704,7948
4729: 4527,4730,4929,4626,4826
4730: 4729,4527,4929,4733,4936,4934
5333: 5234,5341,5436,5332,5335
7771: 7770,7934,7769,7935,7936
4733: 4936,4937,4634,4534,4527,4730
6605: 6412,6508,6510,6604,6797,6892
7608: 9636,7434,9880,9253,10009,9517
4736: 4737,4837,4337,4939
4737: 4837,4838,4736,4637
7266: 7265,7442,7354
4739: 4638,4839,4639,4740,4941,4840
4740: 4639,9777,4739,4840
7821: 7739
4742: 9573,5044,9538,4743,4641,4944
4743: 4744,4641,4947,4742,4944,4845
4744: 4743,4641,4947,4642,4745,4747
4745: 4645,4747,4642,4644,4643,4744
9353: 9437,9356,9334,9917,9592
4747: 4645,4849,4745,4744,4947,4949
7141: 7142,7231
9305: 6139,9265,9306,9471,9901,10035
5611: 5512,5710
5604: 5504,5603,5505
9714: 10012,9753,10031,9768
4753: 4654,4449,4652,4650,4853,4955
9611: 501,383,9428,9566,9445,65
8874: 8696,8818,9070,8821,8876,9027,8929
7694: 7778
4757: 4859,4855,4856,4858
9705: 9486,9729,8259,8108,8029,9289
9805: 9967,9650,9647,9773,7179
5299: 5300,5400
9889: 9919,9926,9854,9691
6009: 6010,5910
4763: 4662,4663,4864,4865
6106: 
6326: 6031,6128,5936,6130,6327,6328
4766: 4665,4867
4767: 
9685: 9278,9432,9341,9908,9847,9914
4769: 4871
7388: 7389,7300,7475
4771: 4872
6520: 6519,6426,9898,6614,6804
4773: 4673,4873
9876: 9922,3635,9927,9766,9955
8171: 7850,7932
7939: 
9543: 9512,6909,9308,7262,9435,9540
4778: 4677,4879,4880
8395: 8393,8244
8886: 8830,8829,9040,8885,9085
7732: 7733,7649
6549: 6645,6550,6548
4783: 4683
9456: 9545,9378,9277,9984,9828,9686
8507: 8705,8766,8509,8439,8292,8365
6193: 6290,6291
6263: 6264,6359,6165,6262
4788: 4889,4890,4789
4789: 4891,4892,4788,4890
9518: 7929,9400,7680,7847,9525,9559
6915: 6917,6912,6916,7003
8201: 8276,8046,8047,8126
4793: 4693
6790: 6978,6886,6695,6696,6884
5267: 5266,5167,5268,5368
5751: 6142,5849,6238,5653,5752,5948
4797: 4697,4899
5789: 5691,5889
4799: 4699,4800,4900
4800: 4700,4799,4699,4902
9852: 9303,9453,9754,9622,9915,9835
4802: 4702,4904
9728: 9973,9656,9769,9823
4804: 4703,4905,4906,4805
4805: 4907,4804,4906
7130: 7131,7219,7220,7039
4807: 4707
5829: 5930,5633,5632,5928,5828,5929
4809: 4709,4810,4910
4810: 4710,4811,4809,4709
4811: 4710,4810,4913
6586: 6585,6682
7548: 7462
7627: 7792,7542,7628,7543,7711,7952
4815: 4715,4917
8382: 8309,8307,8383,8380,8453,8454
4817: 4716,4818,4918
4818: 4819,4817,4920
4819: 4818,4920
6954: 6862
4821: 4719,4922
5833: 5834,5933,5635,5930,5633,5931
4823: 4722
8734: 8611,8674,8609
4825: 4826,4725,4927
4826: 4725,4825,4729,4929,4927
5666: 5765
5390: 5389,5290,5490
5760: 5761,5758
6105: 6007
7909: 7910,7828,7990
8611: 8734,8542,8674
9668: 9726,9784,5839,6037,9979,9401
7934: 7770,8013,7771,7935,8015
7060: 7150,7059,6969,7151
4836: 9280,9877,4534,4436,4940,4937
4837: 4737,4838,4736
4838: 4737,4837,4637,4839
4839: 4637,4638,4739,4838,4941
4840: 4942,4739,4740,4941
5455: 5355,5253,5357,5354,5949
4842: 
5359: 5459,5460,5259,5258,5256
6280: 6183,6279
4845: 5048,5150,4743,4947,5047,4944
7284: 7371,7195,7283
6437: 6434,6436,6341,6531,6627,6432,6628
6911: 7002,6912,6910,6821,6725,6823
4849: 4645,4747,4954,4852,4950,4949
7918: 8080,7917,7999,7837,7836,8001
5234: 5333,5233,5136,5129,5332
4852: 4954,5055,4849,4950,5054,5154
4853: 4644,4650,4753,4645,4954,4955
5512: 5611,5513
4855: 4955,5055,4654,4757,4856
4856: 4957,4858,4958,4757,4855
9675: 9659,2484,10033
4858: 4856,4958,4757,4859,5060
4859: 4658,4757,4858
9444: 9584,9660,9407,9019,9563,9661
7667: 7750,7915,7582,7668
9008: 9007,8955
8908: 8741,9625,8680,9641,9391
4864: 4865,4964,4763
4865: 4864,4763,4866
4866: 4867,4967,4865
4867: 4866,4967,4766,4968
8661: 9284,8659,8593,9419,8592,8658
4869: 4870,4969
4870: 4869,4871
4871: 4872,4769,4870
4872: 4871,4771
4873: 4773
9252: 9290,9478,9622,9355,9588,9593
7743: 7659,7744,7742,7825
4876: 
4877: 4878,4978
4878: 4879,4979,4978,4877
4879: 4878,4979,4778,4880,4980
4880: 4881,4980,4778,4879
4881: 4880,4882
4882: 4883,4881
4883: 4882
9687: 8252,9314,8023,9953,9783
8621: 8685,8805,8487,8619,8683,8554
5891: 5792
4887: 4888
4888: 4887
4889: 4990,4788,4890
4890: 4889,4990,4788,4891,4991,4789
4891: 4992,4991,4892,4789,4890
4892: 4891,4789,4893
4893: 4892
6323: 6223,6321,6419,6126,6420,6226
9898: 10016,9906,6520
9123: 9161,8989,9193,9037,9081,9160
4897: 4997,4998
8490: 8686,8687,8348,8276,8422,8624
4899: 4797,4900
4900: 4799,4899
8542: 8544,8611,8674,8675
4902: 4800
6964: 7056,6872,6871,7055
4904: 4802,4905
4905: 4906,4804,4904
4906: 4905,4804,4907,4805,5007
4907: 4805,5007,4906
9726: 9668,9784,9849,9861,9666,9979
4909: 5010,5110,5009
4910: 5010,4809
9820: 9985,9871
9473: 9468,9439,9464,9324,9527
4913: 5013,4811
9249: 9583,5340,9360,9429,5337,9562
4915: 5015
5978: 5977,6173
4917: 5017,4815,5018,4918
4918: 5018,4817,4917
9910: 5842
4920: 4818,4819
8328: 8470,8253
4922: 5023,4821
9585: 9333,9913,9319
7691: 7073,7342,7609,9977,9779
5951: 5855,9455,5856,6047,6048,5953
6553: 6648,6552,6554
4927: 5027,5031,4826,4825,4929
9049: 9001,9285,9170,9133
4929: 4729,4730,4826,4927,4934,5032
5551: 5348,5350,5552,5848,5349,5849
9964: 6433,6626,9873,9776,9872,6432
5699: 5700,5599,5698
6639: 6734,6733,6640
4934: 5033,5032,4730,4929,4936,5037
7921: 7839,7838,7837,8002,8081,8001
4936: 4733,4937,4730,4934,5037,5141
4937: 4733,4936,4534,9280,4836,5141
4938: 4939
4939: 4938,4736
4940: 9670,5041,4436,4836,9877,9751
4941: 4739,4839,4840
4942: 4840,9868
4943: 
4944: 5144,5047,5044,4742,4743,4845
8791: 9616,8729,8790,9271,9505,9344
5700: 5699,5601
4947: 4744,4743,4747,5048,4845,4949
6657: 6658
4949: 5051,4950,4947,4849,4747,5048
4950: 5051,5052,4949,4849,4852,5154
9553: 9259,394,9366,9339,289,9337
9995: 9916,9864,9653,9716,9881
9881: 9492,9995,9653,9581
4954: 4955,5055,4852,4853,4645,4849
4955: 4855,4954,5055,4853,4753,4654
5913: 6011,5813,5912
4957: 4856,4958,5055,5054,5157
4958: 4856,4957,4858,5159,5157,5060
6185: 6088,6283,6282
6994: 6902,6811,6904
6930: 7022,6931,6837,6929
8943: 8712,8889,9045,8834,9090
5353: 5354,5453,5352,5253,5252,5452
4964: 4864,5064
9080: 8933,9121,8987,9122,9081,9160
7117: 7118,7207,7026,7027
4967: 4866,4867,4968
4968: 4969,4867,4967,5069
4969: 4968,4869,5069,5070
7936: 7935,9434,7772,9447,7771
9310: 7859,9508,9643,7697,9458,9354
8799: 8907,8678,9568,8740,8679,9625
9819: 9972,9748,725,9500,9399
9288: 9464,9385,9431,9300
4975: 
9667: 9561,9301,10019,9884,9603,9848
9936: 10034,9695,10019,9508,9643,9710
4978: 4878,4979,4877
4979: 4878,4879,4978,4980
4980: 4880,4879,4979
7456: 7368,7542,7543
6493: 6588
9925: 9972,9878
9290: 9252,9478,9622,9467,9477,9453
7487: 7400,7488
4986: 5086,5087
9069: 9024,8812,9449,8868
5575: 5475,5476,5574,5675
9767: 9661,9438,9854,9660,9926,10043
4990: 4889,4890,4991,5090,5091
4991: 4891,4992,4990,4890,5091,5092
4992: 4891,4991,5092,5093,4993
4993: 5094,5093,4992
8614: 8677,8478,8479,8737
9725: 9817,6624,6527,9975
4996: 
4997: 4897,4998
4998: 4897,4997
7164: 7431,7073,7075,9779
5000: 
8084: 8163,8389,8460,8004,8005,8238
5002: 
5946: 
8983: 9032,8984,9033,8821,8876,8929
5533: 5631,5632,5535,5536,5635,5633
6900: 6992
5007: 4907,4906,5108
8096: 8097,8175
5009: 5110,4909,5109
5010: 4910,4909,5110,5111
6206: 6109,6207,6303,6205
5949: 5852,5455,5454,5354
5013: 4913,5113
9865: 9818,9757
5015: 4915,5115,5116
9416: 44,9565,9329,9272,187
5017: 4917,5018
5018: 4918,5017,4917,5119
9818: 9958,580,9757,9865,645
8686: 8419,8490,8687,8348,8748
7348: 7435,7436,7259,7170,7349
5490: 5589,5390,5491,5590
5023: 4922,5123,5124
8069: 8148,8372
9930: 10043,9971,9919,9926
9863: 9548,9672,9673,9615,9749,9811
5027: 4927,5031
9884: 9667,9603,9848
8730: 8597,8666,8599,8668,8792
9364: 9325,9261,2203,2110,2392,9608
5031: 5027,4927,5032,5233
5032: 5033,4934,4929,5031,5233
5033: 4934,5032,5036,5037,5136
8978: 9112,9835,9915,9070,9027
9998: 7854,8018,9447,9373
5036: 5142,5037,5033,5136,5138,5338
5037: 5142,5036,5141,4936,5033,4934
8192: 8191,8115,8116,8550,8412,8413
5742: 9701,5740,5641
9717: 9645,1487,9709,9700,1738,1569
5041: 9670,4940,9459,4436
9704: 3038,9796,9679,9790,3136
6744: 6837
5044: 9573,4742,9352,5144,4944,9408
9229: 9182,9185
7835: 7668,7669,7834,7836,7917
5047: 5144,5247,4944,4845,5150,5148
5048: 5151,4845,5150,4947,5051,4949
8457: 8596,8458,8160,8387,8527,8386
7145: 7234,7055
5051: 4950,5052,4949,5048,5151,5153
5052: 5051,4950,5255,5154,5355,5153
6448: 6449,6545
5054: 5155,5154,5055,4852,4957,5157
5055: 4855,4954,4955,4852,4957,5054
8017: 
9536: 9577,9268,641,9298,293,578
8662: 8663,8527,8596,8594,9623
9772: 3536,9424,9620,9332
5060: 4858,4958,5159
9804: 9441,9590,9337,9698,9440
5062: 5163
7280: 7368,7191,7103,7279
5064: 4964
8565: 8497,8356,8357,8631,8498,8873
5794: 5793,5695,5893,5894
6414: 6510,6512,6316,6416,6412
7367: 7279,7278,7368,7540,7455
5069: 4969,4968,5070
5070: 4969,5069
6147: 6048,6242,6051,6244,6246,6148
9646: 9723,9599,9513
9980: 9743,9812,9363,9291
6813: 6904,6624,6720
5075: 5175,5176
6934: 6841,7026,6935
8186: 8031,8260,8032,9289,8333,9534
5922: 5823
8980: 8982,9077,8981,9071,9030
9821: 9270,408,9719
8076: 8075,7996,8154,8155
7455: 7792,7542,7367,7368,7540,7625
5083: 5084
5084: 5083,5085,5185
5085: 5185,5186,5084,5086
5086: 5087,4986,5085,5186
5087: 5086,4986
5088: 
5089: 5189,5090,5190
5090: 5091,5190,4990,5089
5091: 5090,4990,4991,5092,5192
5092: 5192,4992,4991,5091,5093
5093: 5094,5194,4993,4992,5092
5094: 5194,5195,5093,4993,5095
5095: 5096,5196,5094,5195
5096: 5095,5196
5724: 5725,5823,5624,5723
8175: 9842,8176,9683,8096,8097
8772: 8710,8647,8514,8888,8712,8889
8700: 8820
5527: 5528
5394: 5294,5393,5395,5494
9465: 9402,8020,10034,9944,7942,9993
5104: 5105,5204
5105: 5104,5106
5106: 5207,5105
7316: 
5108: 5109,5209,5007
5109: 5108,5209,5009
5110: 5211,5009,4909,5010,5111
5111: 5010,5110,5211
9769: 472,9823,9728,9656,412
5113: 5213,5214,5013
9244: 1747,10010,9398,9810,9476
5115: 5116,5215,5015
5116: 5115,5015
7057: 7148,7058,7056,6966,7147
7723: 7806
5119: 5220,5018
6200: 6298
5121: 
6618: 9652,6138
5123: 5023,5124
5124: 5125,5224,5023,5123
5125: 5124,5224,5225
10024: 9472,9928,9729,9951,9733
9309: 9601,9724,6801,9801,9469
9724: 9601,9309,9801,9696,9860,9764
5129: 5230,5233,5234
7052: 
7859: 9310,9508,7612,7696,7697,9561
6406: 6405
5215: 5115,5214
8439: 8142,8292,8219,8368,8507,8509
9694: 8675,9886,9832
5136: 5233,5234,5033,5036,5338
9760: 473,9736,9829,474,9707
5138: 5343,5338,5142,5036,9454,9503
9001: 9049,9285,9170,9092,9094
7993: 7992,7912,7913,8074
5141: 5142,5037,4936,4937,9280,9602
5142: 5036,5037,5141,9602,9454,5138
5550: 5649,5448,5750,5349,5650
5144: 9302,5047,5247,4944,9408,5044
5145: 9604,5249,9350,5247,5148,5250
5601: 5502,5501,5700
7526: 7352,7175,7439
5148: 5251,5250,5047,5247,5150,5145
8787: 8786,8954,8846
5150: 5048,5151,4845,5047,5148,5251
5151: 5048,5150,5051,5251,5153,5252
8419: 8686,8347,8348,8555
5153: 5355,5253,5252,5151,5051,5052
5154: 5054,5155,5255,4852,4950,5052
5155: 5054,5255,5154,5258,5157,5256
8296: 8370,8222,8221,8440,8369
5157: 5159,5258,4957,4958,5054,5155
6252: 6347,6348,6155,6346,6349
5159: 5259,5258,5157,4958,5060
5578: 5478,5678
6742: 6648,6835
9823: 471,9769,9973,9728,299
5163: 5062,5263
5343: 5138,5341,5338,9503,9429,9562
7847: 7679,7761,7680,9518,9525
7796: 7631,7713,7877,7876
5167: 5168,5267,5268
5168: 5167,5268,5269
9960: 9629,9128,9894,9318,10005,9664
6970: 6969,7062
5171: 5271,5272
5813: 5715,5714,5812,5912,5913
6721: 7083,6433,6626,9362,6906
7902: 7901,7903
5175: 5075,5176
5176: 5177,5175,5075,5277
5177: 5176,5277,5278
9918: 9663,9414,319,9758,9295,9528
9420: 9640,9618,9277,9217,9307,9613
5180: 5281
5430: 5331,5329,5328
5182: 5283
8339: 8479,8338,8480,8264,8481,8265
8249: 8325
5185: 5085,5186,5084,5285,5286
5186: 5085,5185,5086,5286,5287
8208: 8054,8053,8207,8356,8209
9100: 9983
5189: 5089,5190,5290
5190: 5090,5089,5189,5290
8709: 8579,8770,8710,8513,8830
5192: 5092,5091
7398: 7311,7485
5194: 5094,5195,5093,5294,5295
5195: 5094,5194,5095,5196,5295
5196: 5095,5096,5195
6516: 6515,6610,6708,6421,6425,6422
7696: 7269,7180,7697,7268,7612,7859
8878: 8879,8701,8820,8984,8933,9079
5200: 5201,5300
5201: 5202,5200,5302
5202: 5201,5302
9535: 9351,9541,9555,3048,2954
5204: 5104,5304
8236: 8386,8080,8158,8310
7806: 7888,7723
5207: 5106,5307,5308
8346: 8347,8273,8271,8417
5209: 5108,5109
7705: 7707,7450,7703,7704,7788,7787
5211: 5110,5111,5312
9874: 9774,9747,9899,9665,9669,9737
5213: 5113,5214,5313
5214: 5113,5213,5215