14621: 12921,13628,14756,14424,13404,14838
28593: 
13143: 12936,15374,15268,15139,14573,13172
14985: 13967,15205,14403,14730,15531,14511
12849: 14916,13286,14440,13732,14993,13018
14615: 15553,14193,14854,15549
14328: 14144,12913,13250,15796,14490
15299: 12858
15380: 13698,15750,13491,14770,14929,14338
15145: 14014,14498
13511: 14116,14613,14267,13188,13300,14024
13765: 14234,15486,13952,13209,13550,15179
14273: 13097,15086,12883,15296,14502,15657
15510: 13399,13590,15167,13845,14316,14731
14172: 15745,13441,14186,13332,15248,15260
15340: 13605,14269,15535,15351,13879,13479
13959: 14764,12888,13747,13700,15071,15320
14722: 13402,15495,13322,12905,15005,15414
15448: 14000,13791
13438: 14833,15043,14646,14382,14013,14699
14250: 13489,14681,14556,15162,15150,13151
13724: 13476,15018,13910,13350,14154
13533: 14560,15010,15735,15795,14179,15115
12829: 15585,14914,13491,13050,15045,14651
12939: 15011,13041,13803,13641,14168
12855: 14641,14777,13312,14705,15514,14869,14565,14729,15555
14343: 12885,13792,15787,14769,13237,14599,13400
13151: 14048,15150,13114,12899,15162,14250
13942: 13055,13935,14739,14643,13974,12896
15785: 14507,13984,13292,13583,13856,13078
13420: 14928,15283,13331,14762,15456
13886: 14353,15675,14000,15344
14390: 15188,14040,14058,13378,15546,12869
14436: 13168,15551,13225,14225,13996,13777
13061: 13987,15628,14220,12937,15070
14824: 15752,12914,15358,13495,13527
15666: 15211,13670,14539,13586,15368,14151
13488: 13804,14552,13850,13471
14556: 14250,13489,13531,13316,15162,13317
14112: 13603,15632,14505,15362,13794,12983,14975
13025: 14571,15591,13908,15060,14776,13735
13894: 15129,13412,15697,14840,14745,14470
13263: 15352,13207,15530,14546,15311,13297
12840: 14329,13943,15708,13406,15406
14405: 14168,15056,13921
14881: 15487,14483,13796,13042
15804: 15369,15443,14527,13840,13385,13005
13753: 12922,12984,15713,13866,13740,13171,15200
14598: 13163,13326,15741,14011,14845,13711
15338: 15204,15409,15456,12960
14998: 13175,14844,14815,15323,15751,13574
14252: 14595,13200,15502,15141,14616
14488: 15007,13806,12878,14455,14558,13019
15372: 13650,15770,13801,14644,15503,14450
15484: 13557,14600,15766,15383
15779: 15795,15222,12856,15627,13236,13345
14108: 13660,14246,13037,13084,14346
13302: 13540,13835,15113
15116: 14327,13506,13688,13565,13773,13975
14833: 14288,13438,13986,15355,15043,14699
15737: 14866,15559,14636,13501,13939,12982,14494
15482: 13347,14294,13489,13531,13825,15473
12958: 15455,14021,12908,15645,15222,12856
15178: 15571,13259,14690,14352,15689
15254: 13685,12934,15320,13700,13034,15691
13948: 13913,14181,13635,28677,14515,14721
14438: 15371,14322,15105,14585,14980,14606
14923: 14728,13583,13856,14941,14082
15373: 15583,13557,14600,13016
14809: 15176,15255,14771
14802: 15573,13027,14085,14758,13964,12998,14995
13070: 14647,14612,14089,15382
15519: 14479,13752,15003,14559,14804,13328
15363: 14353,15675,13559,13913,14181
15792: 
14683: 15250,14580,14038
14079: 
15791: 14094,15293
14024: 13252,14519,14613,13511,13300,15146
15721: 15598,14552,13630,13877
12911: 13449,14668,15342,14550,14001,14796
15760: 14651,14338,13218,13066,13333,14794
15698: 14611,13593,13955,13704,14041,14182
14920: 15388,13235,15572,15548
14650: 15419,15447,15371,14606,13890,12969
15002: 12949,14978,14750,13417,14373
15244: 15305,15782,14599,13356,12920,13573
14178: 12933,14575,14047,14513,15742,13885
15730: 14362,15496
15150: 14048,15450,13151,14250,14681,14684
14893: 14561,14716,15570,14609
15332: 15442
15296: 12883,14838,14733,13097,14273
13814: 13199,15544,15690
14323: 14261,15774,14803,13813,13024,13431
14369: 14883,13916,14827,14209,13324,13503,14593
14361: 14766,14474,12883,13089,15657
15293: 15791
13301: 14785,12863,14946,14852,15663,13674
14921: 14239,13352,15771,15552,15813,14619
15092: 15508,14364,15511,14867,13361,13478
15201: 13627,14477,15428,12830,15415,15492
13808: 14191,13532,14608,13381,14210,14104
14929: 13066,15758,14579,14770,15380,14338
14999: 13851,14053,13612,14563
15024: 15249,13081,15180,15017,12973,14605
12932: 14680,14821
13297: 12879,13272,15311,14520,13263,15530
15745: 13441,13112,14172,12968,13232,15260
14391: 15712,13047,14127,14496,13277,12997
15688: 13432,13883,15693,15195,13480,14074
13010: 15733,13004,13351
14186: 13441,14172,13602,13330,13332
15403: 14674,14051,13817
14808: 15678,13190,14489,15546,14040
13553: 14268,14910,14976,14434,14326,14394
14742: 14372,14949,14293,14075
14585: 13810,14980,15523,14438,15105,15316
15343: 15147,14793,15783,15460,13313,14134
13793: 13414,13042,15421,15702,14156
13952: 13765,14234,15486,13197,14588,14504
13414: 13042,13793,15421,15068,13729
13938: 15659,15614,12874,15444,13224
13222: 12850,15070,14462,14220,15094,12924
14594: 14646,14721,13832,13635,13241,15586
13281: 14090,14574,14392,14776,13834,13443
15589: 15193,14871,13928,13836,14257,12859
12994: 13695,13858,13926,14817,13322,15414
14666: 13186,13764,15359,13354,13763
12990: 15157,14255,13572,14274,13823,14859
15427: 15174,13895,14588,13614,14604,14571
13181: 13189,14147,14962,13496,15669,13797
13503: 15240,14593,14781,14850,14827,14369
15370: 
13646: 15393,15759,12870,14135,14905,13892
14828: 14705,15165,12847,14363,13767,14641
14489: 14348,14212,15276,14808,13190,14139,15546
13278: 12900,13093,15015,12892,14452,13415
13446: 14718,13852,15354,15191
13267: 15620,15477
12936: 13143,15374,15086,15139,14473,14502
14448: 
14606: 14980,15197,15371,14438,14650,12969
15139: 15229,15268,14522,15086,13143,12936
15061: 13920,14149,15193,14820,13891,13590,15167
15761: 13102,13849,15696,14501
14898: 13661,14433,14836,15498,14254,13626,13233
14812: 15214,12927,13184,14676,14578,13017
14428: 13925,15040,12828,14899,15775,14415
13873: 
14003: 14376,14857,12900,13093,13589,15464
13119: 
14949: 14372,14742,15756,15011,13348
15420: 
13833: 14592,13142,15656,13652,14713,15715
14835: 14060,13853,13206,15286,14587
13248: 15629,15762,13290,13428,14952,12957
14477: 13627,15201,14591,15492,13483,14685
14532: 13933,12825,13668,15346,14950,13601
12965: 15593
15418: 14924
15253: 13525,14284,12904,15718,13878
15645: 13087,13343,12908,12958,14179,15222
13684: 15078,15026,14540,14166,14918
15654: 14842,13548,13737,15096,13736,15503
14587: 13780,13502,13307,15286,14835
12896: 15597,13310,13822,13055,14739,13942
15557: 15529,12818,15744,15623,14832,14675
15506: 14263,14990,15301,15122,13542,15703
15151: 14444,15475,13413,14784,14318
13924: 14982,14396,14943,14482,13455
14364: 15092,15508,15511,14215,14131,12977
15432: 15556,15087,14936,14637,15458,13689
13976: 15314,14618,14237,15574,15104,13444
13286: 14916,13828,13906,12849,15680,14993
13583: 14923,14728,13856,13092,13292,15785
13702: 15638,13213
13044: 13945,14642,13487,14456,15042,14743
14912: 13122,15057,14659,13127,13595,14603
14351: 14695
14642: 14504,13945,13044,15486,13487,13270
14684: 15618,14553,15450,15150,14681,13577
14179: 15795,15222,13087,15735,15645,13533
15238: 14416,13466,13903,13124,13074,12868,12831,14782
15434: 15349,13007,13052,14562,13867,14795
15071: 13700,14102,15033,14764,13959,15306
13124: 14416,13466,15238,12831,13723,14782,15491
14543: 14460,13036,15512,13336
13839: 15204,13099
15608: 14363,15200,13638,13217,13516,14487
13299: 13032,15304,13936,13811,14960
14214: 15671,15813,14818,15173,14983
14322: 15371,14702,14438,15105,14097,14481
15261: 14384,13084,15515,13336,14460,13037
12814: 14078,14839,15564,14704,13872,14568
14027: 13655,12975,13862,13169,14627,13484
14338: 14651,15760,15380,13491,13066,14929
14601: 14411,13251,15106,15225
15573: 13027,14802,14822,15352,13207,14758
13398: 14614,15780,15801,14284
14559: 15519,15003,13328,15419,15447,14726
15579: 14230,14778
12838: 15677,13662,15574,14320,15449,14237
14751: 13703,13439,14198,15329
13957: 13456,15776,14636,13678,13501,12815
14861: 13264,15184,14694,14180
13708: 14940
14926: 12898,13327,13784,13972,14497,13060
13230: 13828,13906,14005,14344,13260,13072
13930: 13436,15767,14917,14924
15530: 13207,13263,13297,14520,13208,14913
15590: 14117,13149,14610,14544,13243,13421
13496: 15669,14891,15478,14147,13181
13794: 14112,14505,15362,14975,15700,13048
14496: 14127,13134,13246,12963,15712,14391
14134: 14849,15306,15343,15783,15033,13313
13928: 15193,15589,12859,14263,14990,13399
15669: 13463,13496,12881,13738,13181
15801: 13348,13146,13398
15662: 14779,13497,15314,14618,15499,13482
13781: 13114,13418,15237,15190,12999,12886
12826: 13931,13342,14193,13874
14939: 14797,14055,13481,15275,13568,14408
12919: 14056,14333,13334,15600
14535: 15633,14115,14987,13673,12816,14816
13240: 15497,13169,15585,14914,13360,13655
15390: 15155,14576,15305,13854,15337,13573
13266: 12964,13318,15644
15472: 14447,14279,15748,13467,12817,15324
13361: 14759,13478,13917,15092,15508,14577
14798: 13086,13644,15601,13731,13865,12903
13841: 14013,13854,13364,13832,15305,15782
15538: 14188,13170,14918,13779,14540,28682
14990: 15506,14263,13928,13845,15703,13399
14063: 15430,14180
14580: 13191,14161,15250,14683
14226: 15747,15220,13115,13650,13911,15096
13690: 14764,12888,15134,15091,14110,13475
14624: 14171,12833,13142,13898,14117,13149
13732: 13739,14993,12849,15769,13018,14888
13994: 15181,15089,13640,14841
13936: 15304,13299,13943,13601,14960,15346
15755: 13826,12942
13899: 14258,13748,14231,13566,13231,15461
13096: 14278,15470,14317,12850,13079
15731: 14037,13932,13224,13678,15444,12815
15246: 13937,12967,13376,14290
14429: 12941,13380,14332,14961
13085: 15083,14204,15099,14396,14528
12979: 15743,14632,13796,13162
14301: 15175,13581,14474,15226
13463: 15669,12853,13288,14891,13738
13442: 14074,15561,13049,15387,13435,15797
14844: 13664,14998,13175,14105,13598,13574
13421: 14219,14251,13243,15590,14610,13639
13212: 13458,14988,14093,13816
14354: 13445,14443,13428,13680,14662,15135
14696: 14909,13842,13363
13213: 13702
14944: 14872,15522,14768,13967,15348
13147: 13625,14850,15717,15069,13107,14281
14706: 15592,14584,15295,15615,13026,14430
15562: 
15309: 14674,14792,14367
14877: 15220,13115,14070,13893,15395,13256,14357
12931: 14902,15016,14904,13554,13567,28589
15051: 13052,15736,14232,13611,14268,14562
13848: 13896,13452,13550,15179,13631,15431
15050: 15664,15732,15656,14315,15088,15385
15115: 13258,13173,13671,15735,13533,15010
13544: 14318,13331,15456
13743: 14544,13929,14661,13057,13898,13149
15406: 13474,14590,15686,14329,12840
12886: 13316,15213,15162,15190,13114,13781
14350: 14023,15788,15720,15412,14724,13065
15750: 13698,15380,13491,15331,13050,12929
15278: 14124,15695,13585,14308,14719,13686
13277: 15658,14127,13064,14391,13769,12997
15534: 15117
13319: 13685,12934,13333,14794,15399,14356
13174: 13868,15597,13481,15084,14907,15596
13412: 13894,15129,15697,14550,13309,14796
14483: 14881,13796,15702,14609
13911: 13650,15770,14531,14567,15747,14226
13562: 13162,13653,15487,15439,15537,14786
14143: 13183,15624,13510,13362,15221,14423
13458: 13212,13816,14771
14309: 14201
13520: 13359,13795,13988,14830,15161,14911
14237: 13976,14618,12838,15574,15449,14740
15091: 13639,13909,14110,15134,13507,13690
14952: 12957,15367,13428,15135,15081,13248
13173: 13258,15115,13671,14381,13164,13664
13378: 13554,14139,15546,15277,14390,14058
14359: 14009,13126
15322: 13882,14083,14324,12827,15023,15216
13889: 13396,15649,15716,14312,14479,13752
13823: 13519,15451,14859,12990,14274,15677
12839: 15255,13727,15812,15777
15057: 13177,13122,14912,13127,14124,15584
14554: 14518,14886,14244
14403: 14730,15171,14985,15531,14439,13960
15400: 15567,14310,14036,13598,15749,14105
14236: 14759,15727,15167,13920,13713,13983
12864: 15084,15263,14907,13649,14928,13344
14304: 14586
13809: 15462,13082,13821,12961,13368,13934
14685: 13440,13978,13483,14477,14591,14661
14730: 14403,15280,15171,14768,13967,14985
13822: 15596,14737,15597,12896,15001,14739
15308: 15053
15089: 13994,15181
13858: 13695,13349,12994,13153,14817,14723
14497: 13009,13972,13535,14057,13784,14926
14410: 13625,13262,15717,13737,13145,15643
15777: 15812,12839
15142: 14408,14737,14811,15518,13339,13568,13121
15732: 15050,15656,15385,15719,13652,12854
13003: 13471,14946,13543,14785
15441: 15143,13569,13565,13851,14563,14955
14246: 14108,13660,14346,14671
14933: 13787,15060,14044,13274,15714,13908
15257: 13492,15527,14402,14858,14164,12962
14784: 13778,13413,14444,15151
15344: 14000,15113,13657,14353,13886,13540
14860: 13610,15722,13179,13430,15169,13039
15576: 14259,14424
15141: 15650,13482,14616,13497,15502,14252
13104: 13050,12929,14052,15045,15166,14414
13657: 15113,14000,15344
13595: 13500,13193,14659,14912,14603,15535
14121: 15438,15401,12947,15704,14654
14851: 13426,15153,13459
14148: 15175,15226,13830,15610
13311: 14464
13329: 14293,13564,14690,12852
12823: 14834,15646,13884,14288,15043,15297
13759: 15279,12964,13705
13764: 13186,14666,15582,15359,14081
15326: 13071,13712,14420,12991
13790: 13582,14154,13907,13493,13599,14339
14050: 14491,15405,15307,15625,14311,14132
15614: 13938,15659,13744,13372,14748
14185: 14427,14498,14334
14637: 14340,15545,12863,15458,15009,13689,15432
13209: 14471,15494,15547,13550,13765,14234
15460: 13313,15242,13547,15202,14793,15343
14434: 13627,13611,14591,13553,14268,14326
13483: 15492,15769,14477,13929,14661,14685
15492: 15769,13483,13018,15428,15201,14477
14800: 
12948: 14644,15270,14450,14509,12980,13673
13223: 15382,15754
13260: 14344,14227,13541,14005,13154,13230
15140: 13797,15303,14085,14521,15041,13027
13236: 13345,15172,15067,12898,15779,12856
14291: 14321,13771,12977,14853,14388,13462
15291: 15079,13486,13465,13642,14004
13666: 14275,15199,14813,15114,14431
14028: 15404,15676,14701,15426,15601,13101
13161: 15489,12944,12834,15619
13373: 14031
14663: 15030,13900,13204
13476: 13724,15018,15439,13042,13910,13844
13847: 14720,14087,14342,13048,15362,13131
14692: 13757,14319,13879,15259,15269,14708
13272: 12879,15311,13297,13021,13668,13280
13134: 14127,14496,14277,13904,13246,15223
13953: 13621,14115,12943,15044,13863,15273
14276: 15711,14765,14106,14162,14491,14466
13303: 13321,13242,13155,15032,13216,13429
15794: 
14414: 13914,15227,15233,13104,12929,14052
15099: 13085,15083,14628,13950,12882,14396
13034: 13700,14102,15254,15079,13486,15691
13917: 13361,14759,15727,13220,14020,14577
14064: 15648,13011,13397,14874,13112,14457
14626: 15577,14247,14425,13786,13603,15632
14476: 14804,14523,13328,13820,15457
14900: 15575
14609: 15702,14893,14483
13693: 13555,13722,13624,13551,13291,13782
15456: 14762,12960,13544,13331,13420,15338
14384: 15261,15515,14094,13037
15533: 12953,13584,14107
13850: 13471,14946,14852,13804,13488,15239
14997: 14245,15402
13596: 15376,15014,14195,13259
13877: 13630,14297,15327,15721
13117: 14183,13195,13353,15281,15154,13971
15149: 14883,13916,15126,14207,13485,13512
14336: 
14461: 15106,15225,13340
14149: 13920,15459,12963,13713,15061,13891
14381: 13173,13164,14557,14703,13664,13175
15605: 13377,14947,13575,15161,14008,13988
14963: 13964,12998,13755,15739,13750,13343
15385: 13379,15384,15088,15050,15732,15719
15148: 14984,13876,14035,15659,15245,14067,12874
15726: 14570,14714,13394,14656
15412: 13528,15347,15670,14724,14350,15720
15490: 13379,13043,15384,13315,14936,13289
15640: 14205,12822,14007,14558,14203
13347: 15482,14294,15485,13513,14697,15473
15073: 
13960: 14439,14133,15221,14403,15171,12992
15102: 14693,14975,13073,14366,13192,15058
13768: 15164,14038,13744,14035,14590,15245
15725: 
14916: 13286,13828,14456,12849,14440,15042
13087: 15735,15621,13750,15645,13343,14179
14515: 28677,15154,14870,14146,13913,13948
13056: 15683,13659,13462,13980,13620,14341
13598: 15400,14310,14844,14105,13574,14238
13874: 13075,13342,12826,13106
13710: 15803,14649,15312,13137
15143: 13569,15441,13309,13851,15697
13309: 14292,14550,13851,13412,15697,15143
14564: 13358,14932,14725,15232,15583
14310: 15400,15567,13598,14238,28678,28680,28675
14899: 13739,12835,15471,15775,13925,14428
15575: 14900
15255: 12839,14426,14809
13588: 14177,15364,15133,15000,14935,13887
14528: 13393,12889,13085,14204,14482
13385: 13840,15066,13513,14697,14527,15804
14788: 14726,15457,13002,15008,14633,12897
13121: 15001,13634,15518,14737,15142,15723
14229: 15100,14113,13592,14988,14093
14007: 15211,13670,13451,14203,14205,15640
14511: 15531,14873,12884,15205,14985,12978
14367: 15309
13789: 13613,13681,12873,15265,14298,13389
14491: 14162,14050,15405,14466,14276,14311
14523: 14804,14476,13820,15771,12986,14818
13118: 14961
15532: 15137,14443,15318,13555,15629,13782
13428: 14443,14354,15135,15629,13248,14952
12916: 14817,12930,14723,14258,15461,14973
13640: 13464,12970,13994,14841
13785: 13712,13772,13031,13683
15239: 15527,14858,13804,13850,14852,12950
15088: 15384,15385,15360,13015,14315,15050
15437: 12875,13156,13966,15485,14697,15066
13170: 15538,14188,14918,14760
13585: 15278,14531,14124,15584,15695,14567
14469: 14712,14754,15059,14868,15587,14630
14593: 13503,15180,15240,14369,14209,14302
14813: 14678,14627,13666,14906
12873: 13681,13789,13389,14043,15157,14255
13436: 15767,13930,15078
13896: 13848,15179,13631,13270,14227,13541
14445: 14660,14510,13999,14972,14002
14256: 15619,13521,14399,13979,12834
13058: 13628,13998
13866: 13753,12984,13508,13184,13171,13665
13224: 15731,13932,13938,13632,15444
15529: 15259,13338,15269,15557,15744,15623
13897: 15476
13852: 13187,14943,14282,13446,15354
15193: 15589,14871,14820,13928,13399,13590,15061
14278: 13096,15187,15470,15754
13063: 15163,13995
13867: 14029,14533,14795,15434,14910,14562
14736: 14308,13407,13686,14774,15285,13017
14040: 14390,15188,13763,15678,14808,15546
14234: 13765,13952,13614,14471,13209,14588
13719: 14524,14534,12825,14950,13876,13306
15388: 14920,13235
15376: 13596,15014,15056,14352
14721: 14646,14594,13948,13635,28677,13238
14019: 15499,15132,14880,15650,13482,14385
15584: 14124,13585,14567,13177,15057,13035
15284: 15446,15356,13676,15701,13140,15539
14140: 
13755: 15729,14242,13656,12998,14963,15739
13426: 15153,13314,14851
13368: 14022,13934,12961,13815,13809,13365
14647: 14612,13070,15185,14089,13116,15230
14217: 13870,14895,13663,15768,14791,13167
13526: 13103,14371,14054,12928,12989,14752
12964: 13266,15279,13759,15469,15569
14544: 13743,14661,13440,13149,15590,13243
12848: 15215,15757,13304,12871,13443,14395
14864: 14189,15186,14686,15074
13189: 14147,13181,14962,13024,15667,14631
14401: 14639,13900,13204
13250: 14787,15252,12913,14328,15796
13359: 13520,13795,28659,13779,14911,28682
14372: 14742,14949,15011,14168,13564
15772: 28675,14157,15237,13205,15495,12905,28680
12942: 14783,15665,15755
14039: 15661,14449,13971
14577: 13771,13305,13361,13917,15508,13220
13993: 13392,12910,15302,15378,14245
15136: 14347,15342,15409,12837,14397
14379: 14207,13485,14017,13560
14331: 15611,15138,15753,14442
13776: 14908,14799,14780,14710,12819,13979
14286: 15316,14006,14976,14029,15523,13095
13475: 15339,15783,15033,15134,13690,14764
14688: 13392,15256,14595,13200,15378,13201
14212: 14348,14489,15276,15077,15217,12872
15682: 14843,15298,14965,14625,15247,12974
13163: 14598,13326,15474,14011,14444
14002: 14972,14239,14445,14619,14332
13546: 12836,15543,13951,14895,14611,13593
15213: 13316,14206,12886,15190,14141,14062
15120: 13504,15323,13091,13741,15751,13904
15636: 14922,15488,12827,15023
13796: 15487,14881,14483,12979,13162
14988: 13212,14093,14669,14967,14229
13674: 13315,15458,15182,15663,12863,13301
15524: 14779,13497,13033,14295,14307,15502
13978: 14685,13440,15025,14413,14326,14591
15025: 13440,13978,14413,14219,13243,13006
12961: 15329,13815,13821,13100,13809,13368
12827: 13382,14922,15636,15322,14324
15509: 13284
14474: 14361,14766,14301,15226,15328
13407: 14744,14308,14736,15609,14578,13017
13454: 15122,15789,15127,13109,13824,15301
13459: 15153,14851
13062: 
13317: 13316,14206,13252,14664,13531,14556
13760: 14915,13811,15616,14177,15046
13607: 14119,14409,15581,14500,13608,13110
13739: 13732,14993,12835,14899,13925,14888
15415: 15131,14232,12830,13627,15201,13611
13926: 14817,12930,12994,13643,14896,15414
15716: 12865,15289,15004,13396,13889,14312
15041: 14068,14521,14935,15140,13027,14822
15158: 15618,14964,13268,14682,13746,14417
14513: 15742,14686,13885,14178
13704: 14092,14041,15698,14182,14879,15349
15268: 15229,15139,13356,12920,14573,13143
13273: 13909,14110,14965,14579,15247,13534
13179: 14892,12895,15806,13430,14860,15722
15582: 13186,13764,13279,14081,13570,13515
13166: 12892,15416,13918,15568,15580,13636
14008: 14707,14823,13377,15605,13988
14610: 14117,15590,13421,14165,13507,13639
13235: 14211,15778,15388,14920
13356: 13237,13857,15244,14599,15229,15268,12920
13821: 13108,13100,12961,13809
14590: 13474,15406,13523,15686,15164,13768
15128: 14889,12832
13774: 15793,14772,13472,15294,12894,15628
13934: 13368,14022,13761,13082,13809
13132: 13249,14290,14665,13409,13838,14548
13505: 15631,13983,14731,15036,13910,13350
15558: 13946,14659,13265,13271,15387,13193
13148: 14969,14481,13007,15093,14795,14097
15473: 13513,13961,13347,15482,14775,13825
13629: 13403,13203,15107,12996,12949
14289: 13469,14919,13215
14374: 
13842: 13051,14789,14696
15160: 14165,15134,13507,13388,13008,15339
15383: 14004,15232,15766,14600,15484
15771: 12986,13269,15552,14921,15813,14818,14523
13434: 14971,13536
14962: 13189,13181,13797,15303,14631
13372: 14710,13744,15614,14748
13972: 14231,13009,14497,14926,13748,13060
14708: 15613,13479,14692,13879,15269,14305
15374: 13143,12936,13812,15622,14473,13172,14174
14001: 14292,14550,15342,12837,13969,12911
14295: 13651,15256,14307,15524,13200,15502
14620: 14727,13484,15521
13920: 14149,13713,15061,13590,15167,14236
14480: 15781,15196
14487: 13516,14774,15285,15608,13217,15065
14943: 13852,13187,14982,13924,13455
15485: 13347,14294,14492,12875,15437,14697
13923: 13777,15130,12902,13996,15209,15564
15438: 14121,15401,14032,14654,14386,15642
15369: 15443,15804,13727,13005,14426
13798: 13537,15498,13110,15416,15581,13918
13128: 15684,14503,12918,14775,13961,14634
12941: 14429,13380,14332,15671
15252: 14787,12913,13250,15489,12944,12985
15712: 14867,13047,14391,14496,15459,12963
15108: 15260,14829,15248
15335: 12854,15097,14966,14596,14015,13556
13455: 13924,14943,14482,12890
14257: 15479,13836,13410,15589,14871,15251
14415: 15775,14126,14315,15040,14428,15664
13363: 14696,15350,15660
12918: 14775,13577,14553,14667,15684,13128
14518: 15047,14554
13495: 12925,13733,13571,14824,13527
14834: 13370,15646,12823,14183,15517,13884
14131: 14215,14682,14266,13384,14364,15511
12978: 15215,15757,14225,12884,14511,14873
15265: 13456,15054,13982,14298,13613,13789
14560: 13533,15010,13159,15795,15627,13461
14454: 13449,14668,14222,13182,15410,13432
14785: 13543,15545,12863,13301,13003,14946
14820: 15193,14871,14383,13891,13590,15061
14083: 13882,15322,15216,15452,14056,14333
12821: 13949,15752,12914,14313,15423
12878: 13584,13843,14455,15090,13019,14488
14941: 13013,15123,12857,14923,14728,14082
13205: 15772,15237,15190,12905,15101,14141
13534: 15758,14110,13273,14579,12888,13747
13300: 14508,13511,13188,14024,15146,13030
15199: 14275,13666,15336,12876,15114
13861: 14346,14671,15264,12937,14317
13758: 14375,13131,14087,13819,13450
14242: 15729,13755,15319,14608,14210,15739
13316: 15213,15162,13317,14206,12886,14556
14038: 15164,13744,13768,14683
15163: 13962,13287,15784,13063
12828: 13925,15040,14428,13057,13898,12833
15402: 15168,14245,14997,15812
13456: 13957,15054,15776,14636,15265,13613
13204: 13135,14663,14401
15626: 14570
15466: 13109,15549,13824,14098,14287,14421
13176: 14089,13116,14264,13880,13780,14012
13164: 13258,13173,14381,14557,13088,14541
13820: 14523,14476,15173,15241,15457
15277: 13378,13554,13567,14058,15793,13386
12999: 14157,15237,13160,14773,13418,13781
15601: 13644,15426,14028,13101,13086,14798
13540: 13835,14146,13302,15344,15113,14353
13551: 13693,13624,13291,13787,14392,14574
14581: 12985,15463,14549,15619,12944
13197: 15174,14588,13952,14504,13663,13167
13594: 14978
14101: 
13699: 13014,14713,15715,13388,13008,14262
13086: 13677,14798,14159,15601,13101
14703: 15307,14815,14337,14557,14381,13175
14855: 15023,15216,13113,15679,15021
13490: 14130
15190: 15237,13205,14141,13781,15213,12886
14076: 15379,13409,13838,13812,15622,15144
13541: 14227,13260,15366,13896,13631,13154
14228: 14071,13094,12884,15468,15348,15205
12857: 14014,15563,14941,15123
13180: 12836,15543,14395,14216,13304,13617
13357: 14884,14589,14503,14890,15321
14472: 14463,13030,13033,13444,15314,14779
15414: 15005,13643,12994,13926,13322,14722
13111: 13472,15637,15098,14080,15029,15049
14555: 14831,15404,14701,13984,14061,14155
13389: 14298,13231,12873,13789,13433,14043
14892: 12895,13179,15337,15355,15806,15155
15685: 
13967: 15348,15205,14985,14944,14768,14730
13435: 13282,13271,13480,14074,13442,15387
14506: 15103,13019,15007,14937
14905: 13451,13152,15805,13646,15393,13892
13254: 13245,14012,15382
14267: 14116,14613,13511,13185,13679,14062
14902: 12931,15016,14904,13369,15217,13578
13200: 14595,15502,14252,14295,15256,14688
13282: 13435,13271,15345,12866,14551,13480
13031: 13622,12820,15540,14846,13785,13772
14277: 14127,13134,13064,14525,13741,13904
13752: 15519,14479,15003,13889,14312,15055
14956: 14501,13308,13071
13269: 15771,12986,15552,14704,14568,15649
13987: 13061,15628,14772,14136,13036
13891: 13246,14383,14820,14149,12963,15061
13898: 12828,13057,13743,12833,14624,13149
15743: 12979,15417,14632,14404
14146: 13540,13835,14353,13913,15154,14515
15634: 
14072: 14837,13846,12845,14978
14129: 15186,13387,14903
13076: 12862,14641,14777,13312,12847
14465: 14091,14825,14566,13658,13740,14572
14068: 15041,13887,14935,14806,14822
15200: 15608,13638,12922,13753,13171,13516
15454: 13160,14238,28678,28680,14525,15422,13654
13973: 13360,14313,15045,15166,13949,15585
14974: 14211,14118,14786,14033
13451: 13152,14905,15211,14007,13892
13612: 14053,14999
13663: 14217,15768,13167,13197,14504,13945
13313: 15460,13547,15343,14849,14134,13561
14938: 
14772: 13774,15793,13386,15799,13987,15628
12974: 14770,15247,15682,14843,13756,13698
15364: 14177,13588,15611,15138,15133,12846
14499: 14125,14753,13045,14635
13098: 
14883: 13916,14369,15149,14209,13512,13539
13055: 13942,13974,13310,12896,14536,14848
15315: 
15027: 14959
13107: 14782,14281,14992,13457,15069,13147
15468: 12957,15367,14872,14228,13094,15348
13473: 15029,13307,15286,13586,14080,15365
14307: 13651,14295,13033,15524,13156,14977
13744: 14038,13768,13372,15659,15614,15245
14021: 15455,12958,13208,14758,12908,14995
13472: 15294,15637,13111,13774,15049,12894
12903: 13865,13677,14798,14260
15266: 13075,13106,15728
13557: 14600,15484,15373,13422
12867: 13751,13323
14829: 15108,15052
14931: 13775,14051,14746
13039: 15169,13881,14860,13610,14378
13802: 14283,13648,12861,14196,15580,13069
15435: 14657,13144,15077,12852,12872
13437: 15467,14576,15231,14200,14628,13950
13244: 
14566: 13234,14958,13658,13740,15713,14465
13477: 13575,15452,15161,14333,13334,13795
12890: 14482,15724,13455,14272,13901
15351: 13500,15109,13757,13879,15340,15535
15498: 13798,13537,14254,13626,13110,14898
14057: 13306,13535,13280,12879,13784,14497
15355: 14833,13986,14699,15337,14892,12895
13523: 15028,14590,15164
14520: 12879,13297,15530,14913,13327,13784
12938: 14389
13754: 13830,15012,14153
13422: 13557
15631: 13983,13505,15727,13582,13350,14020
13487: 14344,13270,14227,13044,14642,14456
13631: 13896,13452,13848,12951,15366,13541
15086: 14273,14522,15229,15139,14502,12936
13400: 15782,14599,14343,15787,15274,13237
13482: 15650,15141,15499,14019,15662,13497
15055: 14969,14481,14312,13752,15003,14702
14747: 12818,15744,13688,13773,14190,15020
13905: 13283
14049: 14530,13524,15765,13709,13285,15258
15545: 13543,14340,14785,12863,14637,15009
13059: 15555,15395,13256,12926,14729,13903,12868,13374
15787: 14343,13792,13448,15317,12824,15274,13400
15396: 15044,13863,15547,15647,14150,15431
13522: 12887,12870,13888,14805,14539,14151
13548: 14842,15654,14801,13737,15069,15717
15625: 15307,14815,14050,15323,13091,14132
13773: 15594,13975,15116,13688,14747
13065: 15072,13696,14724,15788,14350,13518
13131: 14375,15013,13758,14425,13847,14720,14087
15494: 14471,15082,15273,13209,13863,15547
15258: 13293,14283,14049,15765,13355,13285
14222: 13182,13591,14738,14347,15342,13449,14454
13844: 13729,15036,13910,13042,13476
14283: 13293,13648,15258,13802,13285,12861
14080: 13586,15368,15098,13111,15029,13473
14189: 14886,15709,14864,15074
13383: 
14047: 14178,14575,15742,13419,12907,15440
13619: 12989,13711,15225,13251,14054
13745: 15796,13602,14787,14865,13447
15497: 13169,15694,13240,13218,14914,14253
13215: 14289,14691
14980: 14994,13810,14585,14606,15197,14438
14945: 15536,14303,13997,14230,15218
15526: 15094,12924,13880,13502,13245
15796: 13745,14787,13250,14328,14490
15488: 15636,13004,13351
14235: 15678,13190,15571,14516,14875
13283: 14100,13905
13518: 13046,14509,12980,14724,13065,13696
14458: 15690,15544,13813,15774
13908: 13274,15060,14933,15082,13735,13025
12822: 14205,13206,15640,14558,13806,13853
15004: 12865,15716,13157,15093,14969,14312
15602: 15208,15334,12861,14297,15327,14196
15646: 14834,12823,14951,15297,14432
14245: 15168,15402,13029,15302,13993,14997
15003: 15519,13752,14559,15055,14702,15447
12898: 15067,13327,14926,13236,15172,13060
14346: 13861,14671,15264,13084,14108,14246
13168: 14436,15551,13225,13617,15159,13020
14264: 13176,13116,14060,13780,15095
13083: 13320,14059,13535,14524,14954,13009
15780: 14244,13146,13545,14614,13398
14694: 14517,14180,15196,14861
14034: 14750,14484,14755,13287
12950: 15663,15800,13233,15527,15239,14852
15764: 15673,13855,13362,13677,12992,14260
12843: 
15006: 13622,12820,14711,15242,13547,14597
15336: 13247,12876,14356,14275,15199
14412: 15453,13799,15381,14261,14380
14337: 15307,14703,15377,14679,14557,15405
14689: 13661,14836,13015,15800,15182,13043
15058: 14711,12940,13192,14693,15102,15802
12953: 15533,13584,13843
14719: 14744,14308,13265,13127,15278,14124
15365: 14205,13206,13670,13586,13473,15286
15619: 13521,14256,12834,13161,12944,14581
14846: 14597,13045,13031,13622,13683
13515: 13570,13336,15582,12956,15515
13310: 13868,15597,12896,12993,14536,13055
14984: 15148,13876,13390,14035,13933,12825
14416: 13941,15520,13466,28658,15238,13124,13723,14103
14749: 14698,13023,13786,15577
15297: 13203,15646,12823,14288
15307: 15625,14815,14703,14337,14050,15405
14840: 13894,15697,13569,14745,14645,14327
13733: 12925,13495,14901,15325,13571
15553: 14615,14098,15401,14032,14193,14224
13625: 14850,14410,13147,13262,15717,14781
12910: 13392,13993
14755: 14750,14034,14373
12915: 14547,12842,15028
14541: 13088,15433,13381,15621,13258,13164
13275: 14325,13077,14446,15607
15223: 13246,14383,15251,13504,13904,13134
14740: 15499,15132,14435,15449,14618,14237
15727: 14759,13917,14236,15631,13983,14020
13416: 13682,13413,14318
15198: 15218,15708,14778,13406,14096
14757: 15738,15212,14512
15305: 15782,15244,13364,13841,13854,13573,15390
14718: 13446,15191,13464,13901
15800: 15663,13233,12950,14836,14689,15182
14249: 14280,14208,12860,14285,14589
15095: 12923,15185,14060,13116,14264
13969: 12837,15617,14292,14001,13517
14533: 14029,13867,15523,14795,15105,14097
14700: 
13390: 13474,14035,14329,13933,14984
13763: 15188,14040,15678,13354,13186,14666
15146: 14358,14463,13030,13300,14519,14024
13227: 14119,15471,13626,14433,15775,14126
12816: 13145,14816,15643,15270,13673,14535
13066: 15758,14876,13333,14929,14338,15760
15813: 15671,14818,14214,14619,14921,15771
14388: 13691,14853,13716,14291,13462,13620
14330: 13394,14411,12988
13687: 15786
15706: 15411,14727,15496
13106: 13075,13874,15266
14300: 13775,14996
13778: 14784
14723: 14817,12916,13153,14258,12917,13858
14756: 13628,13998,14658,12921,14621
14191: 15653,13532,12954,14608,13808,15773
14059: 13982,13320,13083,14231,13009,13566
15610: 14741,14199,14148,15012
13812: 15374,15622,14473,13788,15144,14076
15323: 13091,15120,15625,14815,14998,15751
13600: 13705,13318
14099: 14400,13038,13424,14377
14380: 15606,15704,14654,15381,13799,14412
15224: 15746,14649,14783
14221: 15397,14569,12909,13649,13344
12901: 15021,13514,15679,15705
13259: 15178,15571,14516,14352,13596,14195
15264: 14346,13861,12937,14460,14136,13084
15697: 13894,13412,14840,13309,15143,13569
13190: 14235,14808,15571,14489,15276
14572: 13638,13767,13740,12922,14091,14465
13492: 15527,14402,15257,13537,14254,13233
14009: 13261,14359,15194,13653,13126
14698: 14749,13023,13198,15119
14111: 13645,14197,15789,15127,14953
15749: 15400,14036,13671,15010,13159,14105
13293: 14283,13648,15258,13355,14376,14857
15641: 14563,14677,14512,14955,14709
14446: 14655,14066,15607,13275
12970: 13995,15191,13464,13640
13221: 15542,15008,13158,14633,15241,12959
14206: 13316,15213,13317,14062,14613,13252
14165: 13507,15160,14171,14117,14610,13388
13566: 14298,13231,14231,13982,14059,13899
15195: 14848,14551,13480,15410,13432,15688
15762: 13291,15629,13782,13248,13290,15595
15330: 14016,15324,13662,15574,14763,15104
13825: 14775,13577,13489,14681,15482,15473
14825: 15639,14091,14465,13658
14303: 14945,15536,15218,14915,13032,14096
14922: 15636,13004,13255,12827
14485: 14444,15475,15474,15397,13649,15283
15156: 14025
15537: 13580,14786,14033,15018,15439,13562
13320: 13982,14059,13083,15630,14954,15054
13226: 13099
13601: 13021,14960,13936,14532,13668,15346
13956: 13998,13108,14658,15462
15077: 15689,12852,15435,12872,14212,15276
13818: 14623,14045,14989,13453,15408
13836: 15479,15672,14257,14638,12859,15589
15176: 14809,14884
14676: 14790,14578,13935,14643,15214,14812
14195: 13728,13596,14516,13259
15617: 13969,14397,13401
15348: 13967,15205,15468,14872,14944,14228
15059: 15683,13659,14194,14754,14469,14630
13188: 14116,13511,14279,14763,14508,13300
13417: 14750,14484,15002,12949,14213
15183: 14073,13028,14341,13980,14113
13761: 14022,13934,13082,15505,15386
14274: 13572,12990,13823,14016,15677,13662
14853: 13691,14388,14215,13746,14291,12977
15465: 15065,12880,13860,14761,13217,14732,14120
15623: 14305,13587,14832,15529,15269,15557
14794: 15399,14253,13333,15760,13218,13319
13471: 13003,13850,14946,13488
15483: 13323
12960: 14762,15456,15338,12877,12971
13080: 
14646: 14721,14594,13832,14382,13238,14013,13438
14015: 15112,13556,13192,15335,14596,13073
14613: 13511,14267,14062,14206,13252,14024
13402: 15495,13322,14722,14819,15567,14036
14411: 15741,14601,13394,14330
13718: 15408,13102,13615
14630: 13295,13038,14469,15683,15059,15587
13656: 15729,13755,15303,14085,12998
14292: 14550,13309,14001,13969,13851,13517
13654: 14773,15658,14525,13160,15454,13064
15644: 15411,13266
14142: 
14527: 13513,13961,13385,13005,14634,15804
15011: 12939,13041,14372,14949
14774: 14487,15285,13686,14736,15065,13860
14136: 14460,13036,13987,12937,15264
13726: 13962
15684: 14503,13128,14890,12918,14667,12860
13314: 13426,15153,14240
15233: 14414,13914,15565,15031,15692,14052
13846: 14837,14072,13129,12845,15272
12837: 13969,14397,15136,15342,14001
13022: 14145,13228
13199: 14365,13814,15690,13133,15606
15455: 14021,12958,13208,15067,14913,12856
14743: 14653,15042,13945,13044,15768,13800
13602: 13745,13447,13397,13441,14186
14787: 15252,13250,12985,14865,13745,15796
13397: 14064,14874,13447,13602,13441,13112
13113: 15216,14855,15021,14947,13575
12998: 13964,14995,14963,14085,14802,13755,13656
13931: 12826,12947,14810,13342
13351: 13514,15679,13010,15488
13854: 13841,14013,14699,15337,15305,15390
12969: 13890,14885,13837,14650,14606,15197
28652: 
15433: 13381,14210,15739,15621,13750,14541
14874: 15648,14064,13397,14862,13150,13447
12928: 13340,14054,13103,13526
14398: 15318,13981,12955,15398,13555,13722
14268: 13553,14910,14562,15051,14434,13611
14734: 15279,15752,13527,15746,15423
13589: 14542,15249,13081,15464,14003,14857
15789: 15122,13454,15127,14111,13645,14184
13007: 14879,15349,15434,15093,13148,14795
12984: 13753,15713,13866,15592,13508,15615
14253: 14794,15399,13218,15497,15694,14906
15550: 
15489: 13161,12944,15252,12913
13219: 13257,14753,14342,13048,14241
14623: 14045,13818,14241,13615
14517: 14694,14180,15781
15045: 13104,13050,15166,15585,12829,13973
13618: 13560,14530,12995,14687
13470: 15131,14232,13870,14791,13955,15736
12897: 13963,14084,14788,13002,14633
12831: 13457,12868,13374,15238,13903,13124,14782
13285: 13709,15208,12861,14049,14283,15258
13837: 13890,14885,12969,13963,13609
15552: 15771,13269,13352,14704,14921
13705: 13600,13759,13318
14538: 13393,12889,13249,15030
14352: 13921,14690,15376,15178,13259
15806: 15155,15231,14892,13179,14602,15722
14399: 13632,12819,13979,13932,13521,14256
13202: 15001,13634,13935,14739,15214,13665
13591: 14222,12993,13182,14187,12877,14738,13868
14839: 15564,12814,15130,15289,14568,13396
14552: 15721,15598,13804,13488
13154: 13139,15015,14005,15366,13260,13541
14233: 15544
15164: 14038,13768,13523,14590
14318: 13544,13331,13413,13416,15475,15151
14261: 14323,15774,13431,15453,14412,12954
14565: 14869,12844,14729,12855,14777,13312
15319: 15773,15667,14631,15729,14242,14608
15770: 13650,13911,13035,15372,13801,14567
14530: 13618,12995,13524,14687,14049,13709
14371: 15063,13103,13526,13391,14752,15075
13664: 13175,14844,14105,13173,13671,14381
14168: 14405,12939,14372,13921,13564
14760: 13325,14393,13170
15361: 13734,14043,13467,14255,13572,12817
14850: 13625,13147,14281,14827,13503,14781
14494: 14865,13150,12982,15463,14866,15737
15656: 15664,15050,15732,14592,13833,13652
14832: 15623,13587,13680,15557,14675,14942
14761: 12880,15465,14120,15747,13115,14070
14639: 14401
15110: 14325,13077,13623,13026,13530,15295
14435: 14740,15132,15333,15500,13494,13253
15475: 14444,15151,14485,14318,13331,15283
15034: 13723,13902,14103,13538,13831,15491,15126
13409: 15379,13838,14076,14548,13132
13713: 13920,14149,15459,14759,13478,14236
14762: 15456,12960,14928,13420,15263,12877
15493: 13606
15234: 
15481: 15038,15144,15407,13788,15541,15328
13749: 14386,15642,14106,14223,13927,13706
13027: 15573,14802,14822,15041,15140,14085
13970: 13968,13468,13552,14691
13011: 15648,14064,15451,14320,15333,14457
13819: 13450,14735,14989,13758,14087,14045
15342: 14347,15136,12837,14222,13449,12911,14001
13443: 13834,14202,14395,14090,13281,12871,12848
14115: 13953,13621,15633,14535,14987,15044
13725: 13494,13232,13253,15687
15325: 12959,14370,14901,14084,13733
15334: 15208,14114,15602,15327
15166: 13104,14052,15045,13949,13000,13973
14551: 14848,15195,13480,13974,13282,12866
14216: 14202,14395,14604,13895,13180,15543
15692: 15031,14994,15197,14885,13914,15233
15109: 13500,15797,15351,13049,13757,12841
14819: 13695,13461,13159,14036,13402,13322
14360: 14856,12834,12935
13613: 13681,13789,13456,14636,15265,15559
15270: 13736,14644,12948,13673,12816,15643
14026: 14475,13012,13395,13391,15075,14655
15286: 13473,13307,15365,13206,14835,14587
15056: 14405,15376,15014
15404: 14831,14555,15676,14028,14701,14529
14162: 14491,15405,14106,13927,15377,14276
15500: 15333,14457,13494,12968,14435
12959: 15325,13558,13221,13158,14633,14084
15426: 13644,15601,14427,15676,14028
13902: 15034,13538,13831,13485,14017,15126
13682: 13416
13694: 13126
13572: 14255,12990,14274,15361,14016,12817
14293: 14742,13329,14075,13144
14505: 14112,13794,12983,13429,14366,14975
13336: 13570,13515,15512,14543,15261,15515
14209: 14883,14369,14593,14545,13539,14302
13947: 15742,15074,13545,13419,14614
12869: 15512,15799,14390,15188,13279,14058
14321: 13771,14291,13305,13659,14194,13462
14377: 13424,15587,15548,13038,14099
14547: 12915,12842
14114: 13709,15208,15334,14687
15249: 14542,14302,15024,13589,13081,15180
14596: 13073,13321,14966,15032,15335,14015
14504: 13945,14642,15486,13952,13197,13663
15594: 13773,13975,15212,14190
15228: 
12992: 15171,15764,13855,13362,13960,15221
12940: 15058,14711,15112,13192,15242,15202
13521: 15619,14256,14399,14037,13932,14549
15422: 14525,13741,15751,13574,14238,15454
14644: 13736,15503,15270,12948,14450,15372
13824: 13109,15466,14287,13454,15301,15375
13024: 13189,14147,14803,14323,15667,13431
15677: 12838,13662,14320,14274,13823,15451
13869: 15766,13642,14270,13712,13772,12991
15591: 14604,14571,13025,14776,13834,14202
15773: 15667,15319,13431,14191,12954,14608
15599: 
15133: 12893,12846,15000,15364,13588
13239: 14934
14830: 13520,13988,14707,14495,14582,14911
15271: 12907,15440,15718,14248,12887,13888
15222: 15795,15779,14179,12856,12958,15645
13321: 14596,13073,13303,14366,15032,13429
14392: 13787,15060,14776,13551,14574,13281
15226: 15541,15328,14474,14301,14148
13662: 15677,12838,15574,14274,15330,14016
14770: 14579,15247,12974,13698,15380,14929
15765: 13355,14545,13539,13524,14049,15258
14894: 
13835: 13540,14146,13302,15281,15154
14668: 13449,12911,14454,13432,13883,14796
14224: 15711,14765,14032,15553,14098,14421
28658: 13941,15520,14416,13466
14953: 13337,14111,13645,13284
14578: 14676,14790,15609,14812,13017,13407
15032: 14966,15111,13155,14596,13303,13321
14896: 12912,13643,13926,12930,13875,15748
13167: 14895,14217,13663,13951,15174,13197
14484: 14750,13417,14034,14213,13881
15185: 15095,15262,13116,15230,14647
14054: 13340,12928,15225,13619,12989,13526
14837: 14072,13846
15504: 14459,13424
13918: 13166,15416,13636,14402,13798,13537
13486: 15079,15291,13229,14102,13034,13465
14500: 13608,13415,13072,15581,14452,13607
13127: 14659,13265,14719,14124,15057,14912
14525: 13741,15422,15454,14277,13064,13654
14219: 14251,13243,13421,13006,14625,15025
15040: 14428,12828,14415,15664,14592,12833
14284: 13525,15253,12904,13398
13194: 
15478: 14803,15516,15125,14891,13496,14147
15114: 15808,14431,12876,15199,13666,13358
12904: 13419,14614,15253,14284,12907,15718
13468: 13371,13552,14370,13558,13968,13970
15119: 13198,15009,13689,15556,14698,13023,15124
14713: 13014,13699,15715,13833,13652,15097
14569: 15397,14221,12909,15189,14441,13210
14852: 13850,14946,15239,15663,12950,13301
14385: 14909,14019,14789,14880,15650
14442: 14680,14821,14331,15138,12846
12914: 14824,15752,15358,12821
14744: 14308,14719,13407,15609,13946,13265
14680: 14442,12932,14622,12846
13388: 13699,15715,13008,14171,14165,15160
13296: 
15443: 15369,15804,13727,13840,15168,13029
14763: 15104,14508,14279,15330,15324,13188
13123: 14407,14745,14470,15561,13049,12841
13478: 13361,14759,15459,13713,14867,15092
14711: 15058,12940,15242,14597,15802,15006
14130: 15705,13490,15035,14170
14707: 14008,13717,13988,14830,14495
14419: 
14074: 13442,15561,13480,15688,15693,13435
14634: 13005,15321,13961,14527,14503,13128
15048: 13439,13676,15603
13494: 12968,13232,13725,15500,14435,13253
14443: 13445,15532,15137,13428,14354,15629
14895: 13870,14217,13167,13951,13546,14611
13797: 15140,15303,12881,14521,13181,14962
13169: 15497,15694,13240,14027,13655,14627
14934: 13239,14393
14314: 14514,13453,14031
13324: 14281,14992,13831,13916,14827,14369,15126
14818: 15813,14214,15771,12986,14523,15173
12846: 15133,14442,14680,15138,15364
13892: 15211,14539,13646,12870,13451,14905
14660: 15740,13214,14510,14451,14972,14445
14139: 13378,13554,15546,14348,14489,14904
14060: 14835,13853,15095,12923,14264
14870: 28677,15154,14515,13195,15517,13692
13072: 14500,13608,13415,14005,13230,13906
14821: 14442,12932
13419: 12904,14614,15742,13947,14047,12907
15023: 15216,14855,15636,15322
15313: 13958,13697
15014: 15376,13596,15056,15674
13135: 13204,14437,14652
14816: 12816,13145,13715,14535,14987,15236
13587: 14305,15623,13944,13680,14832,13445
14177: 15364,13588,13760,15616,13887
14748: 13632,12819,13372,14710,15614
15511: 15092,14364,14867,13047,13384,14131
14531: 15695,13585,14567,12880,15747,13911
13009: 14231,13972,14497,13535,14059,13083
13632: 14399,12819,14748,13932,13224
13484: 14727,14620,14027,13862,14627
12830: 15131,13800,15415,14653,15428,15201
15260: 15108,15745,14172,15248,13232
13249: 13132,14290,12889,14538,13937
14141: 15101,13679,14062,13205,15190,15213
14887: 
13932: 15731,14037,13224,14399,13632,13521
15042: 14653,14440,14743,13044,14916,14456
14102: 13700,15071,13034,15306,13229,13486
14656: 13394,14714,15726,13276
12824: 13241,15274,15586,13871,15317,15787
15328: 15541,15226,14766,14474,15407,15481
13961: 13513,15473,14527,14775,13128,14634
13633: 
15094: 12924,15526,12850,13222,13245,15470
13146: 14244,15780,14046,15801
13225: 14436,13168,14468,13777,13020,15121
14370: 15325,13558,13468,12925
12847: 15639,14091,13767,12862,14641,13076,14828
14227: 13487,14344,13270,13260,13541,13896
12997: 13915,13769,13384,13277,13047,14391
13344: 14055,14221,12909,13649,12864,14907
14383: 13246,15223,15251,13891,14871,14820
13981: 15318,13498,14398,15177,13366,12955
13630: 13877,14297,15809,15721,15598,12962
13211: 
15029: 13473,13307,14080,13111,15049,14387
14884: 14967,13357,13816,15176
13075: 13874,15266,13106,14854
13734: 13875,14973,13433,14043,13467,15361
15790: 15173,14983,15241,15542
13766: 13599,15206,14712,15507,15572,14868
13440: 14685,13978,15025,14544,14661,13243
14004: 15232,15383,15291,13642
13571: 15358,15655,14901,13733,13495
13187: 13852,14943,14282,13610,15085,14982
13415: 14500,13072,13278,15015,14005,14452
14116: 13511,14267,13188,13185,14447,14279
15767: 13436,13930,14917,14166
13885: 12832,14513,14178,12933
14033: 13580,15537,14786,15206,14974,15507
14710: 13372,13776,14799,14748
14244: 15780,13146,13545,14554,14886
14781: 13503,15240,13001,13625,14850,13262
15155: 15806,15390,14576,15231,15337,14892
13578: 14176,12891,15357,13369,14902,15016
13992: 14645,13506,14407,14319,15259,13338
14667: 14280,12860,14964,14553,12918,15684
14592: 12833,13142,13833,15040,15664,15656
13817: 14042,14673,14674,15403
15766: 13869,13642,15383,12991,15484
15076: 12988,14011,14464
13210: 14441,14569,12909,14475,14797
14492: 14294,15485,14519,14664,14358,12875
15288: 13770,14167
14568: 13396,15649,14839,12814,14704,13269
14025: 15156,12967
14464: 13311,15076
15637: 13472,15294,28589,14418,13111,15098
14023: 15788,14350,15720,13366,12955,13136
13133: 12947,14365,13199,15606
14791: 13870,14217,15768,15131,13470,13800
12913: 15252,13250,15489,14328
14879: 15349,13007,15093,13704,14092,13157
15503: 13736,14644,13650,15372,15654,15096
13512: 12995,13524,14207,14883,15149,13539
15774: 14261,14323,13813,15381,14458
13986: 14833,14288,15355,13203,12895,15219
15049: 14462,12894,14387,13472,13111,15029
15467: 12920,13573,14573,13437,14576,14200
14662: 15135,13078,13680,14942,13292,14354
14466: 14491,15711,14276,13375,15672,14311
15664: 15050,15656,14415,14315,15040,14592
14164: 13069,13636,15809,12962,14402,15257
14051: 15403,14271,14931
14437: 15604,14652,13135
13652: 12854,15097,15732,15656,13833,14713
13944: 14305,13587,15613,13498,13445,15137
12868: 13457,12831,13374,12926,13059,13256,15238,13903
13203: 15297,14288,13986,13629,13403,15219
15638: 13702
14865: 13150,13447,14494,12985,15463,14787,13745
13067: 13101,14155,14768,14701,14159,15280
14847: 13360,14313,13655,12975,15300
13360: 13973,14847,15585,13240,13655
12882: 14602,13950,15085,15099,14982,14396
14618: 13976,15314,14237,14740,15499,15662
13990: 14714
14498: 14185,14014,15145
14686: 14513,15742,15074,14864,15186
14150: 15044,15396,15647,14987,14349,15236
12894: 14462,15049,13472,13774,15628,14220
14281: 13107,14992,13324,14850,13147,14827
13354: 15560,15678,13763,14666
14396: 14982,13924,12882,13085,15099
15321: 13005,14634,14503,13357
13094: 14228,14071,14086,13290,12957,15468
13413: 14784,13416,15151,14318
14746: 14970,14931
13535: 13306,14057,14524,13009,14497,13083
14728: 14923,13583,15652,13013,14941,13092
15629: 13782,15762,13248,15532,14443,13428
15066: 13840,13385,15203,15437,13966,14697
13042: 13414,13793,13844,14881,13476
13175: 13664,14998,14844,14381,14815,14703
13998: 13956,14658,14756,13058
15220: 13115,14226,14877,14842,14357,15096
15650: 15141,13482,14616,14019,14385,14909
15394: 12874,13678,15444,14493,15630,15776
15096: 14842,15654,15220,14226,13650,15503
15036: 13729,13910,13844,15811,14316,13505,14731
15413: 14869,12844,13074,13941,13466
13862: 14027,12975,15480,14727,13484,15445
15069: 13548,14801,13457,13107,13147,15717
13047: 14867,15712,14391,13384,12997,15511
15486: 13765,13952,15179,13270,14504,14642
13826: 15665,15755
14163: 
13126: 13694,15417,15194,14009,14359
13637: 
13307: 15029,13473,15286,14387,14587,13502
13255: 15064,15513,14922,13382
15391: 13376,14296,15038,14741
13017: 15285,14812,12927,14578,13407,14736
13345: 13236,13153,15172,15779,15627,13349
14867: 15712,13047,15459,13478,15092,15511
13057: 13925,12828,13898,14888,13929,13743
14258: 13899,13748,12917,15461,12916,14723
13004: 13010,14922,15488
15728: 14197,15612,14854,15266,14586
15248: 13332,14172,13829,15108,15260
15407: 14169,13788,14766,15328,15481
15424: 
14213: 15169,13881,13403,12949,13417,14484
13939: 13501,12982,12815,14037,14549,15737
12921: 15505,14733,14621,14756,14838
15337: 13854,14699,15355,15390,15155,14892
14460: 14136,14543,13036,15261,13084,15264
15717: 13625,14410,13147,13548,13737,15069
15491: 14782,14992,13831,13124,13723,15034
13507: 14165,15134,15160,14610,13639,15091
14495: 14917,14582,14924,13717,14707,14830
15431: 13452,13848,13550,15396,15547,15647
14053: 13612,14999,13517
13510: 14143,15624,15740,14423,14451
15693: 15688,13883,15129,14074,15561,14470
13570: 13515,13336,13279,15582,15512
14715: 13675,14430,13234,14958
15741: 14411,12988,14011,14598
13177: 13122,15057,15584,13035,13528,15347
14512: 15641,14757
15571: 15178,13259,14235,13190
12832: 14889,13885,13387,15128
13537: 13798,15498,14254,13918,13492,14402
12835: 15680,13739,14993,14899,14409,15471
14457: 15333,15500,13011,14064,13112,12968
14930: 15386,14109,15505,14733,13097
15235: 
13635: 14181,13948,14991,13241,14721,14594
28659: 14306,15600,13779,13334,13359,13795
13406: 15304,14096,15198,15708,13943,12840
13964: 12908,12998,14995,14963,14802,13343
13366: 14023,12955,13605,13136,15177,13981
13737: 13548,15654,13736,14410,15717,15643
15135: 14662,13078,15081,13428,14354,14952
15681: 
15147: 14262,14793,15343,13008,15339,15783
13068: 
15585: 14914,12829,15045,13973,13360,13240
15719: 14966,15111,13379,15385,15732,12854
13709: 15208,14114,13285,14530,14687,14049
14716: 13284,15436,14561,14893
13268: 15618,15158,15389,15450,14682,14266
13678: 15394,15444,15731,13957,15776,12815
15280: 14730,15171,13067,14768,14159,13855
14797: 14939,14055,13210,12909,15275,14475,13012
13966: 13156,15437,13651,15066,15203,14629
15539: 13140,14991,13871,15701,13559,15284
14090: 15595,14574,13281,12871,14086,13834,13443
14455: 14558,14203,15090,12878,14488
12986: 15771,13269,14818,14479,14804,14523
13084: 15261,14460,14346,15264,14108,13037
14086: 14071,13094,12871,13290,14090,15595
13019: 14506,14107,12878,14488
13810: 14994,14585,14980,15316,14218,13954
13032: 15304,13299,14096,14303,14915,13811
15247: 14579,14770,12974,15682,14965,13273
14210: 15433,13381,15739,14242,14608,13808
13195: 14183,13117,15517,15154,14870
13138: 12935
14901: 13963,14084,15325,15655,13571,13733
13101: 13067,14028,14701,15601,13086,14159
15295: 14584,14706,15110,13623,13339,13026
12930: 13926,14817,12916,13875,14973,14896
14297: 13630,13877,15327,14196,15602,15809
14408: 15596,14737,15142,14939,13481,13568
15035: 14130,13377,14170,14823
13697: 15313
14382: 13884,13692,13238,14646,13438,15043
13103: 15063,14371,13526,12928
15353: 15393,15759,12933,13264,15184
13012: 15275,14475,14026,13395,13807,14797
14251: 14219,13421,14625,14965,13639,13909
15350: 13051,13363
13305: 14321,13771,14577,13220,14018,14194
13543: 14340,15545,14785,13003
13340: 14054,12928,14461,15225
14652: 14437,13937,12967,13135
13051: 15350,13842
13445: 15137,14443,14354,13944,13587,13680
13901: 15267,12890,14718,14272
15612: 15728,14197,14854,13109,15549,15127
15718: 12907,15271,12904,15253,14248,13878
13140: 15539,13871,15317,15284,15356
15520: 14416,28658,13723,14103
14671: 14346,13861,14317,14246,13079
14936: 15432,15087,13315,15458,15490,13289
13218: 14651,15760,14914,14794,14253,15497
15620: 14486,13267
15398: 14152,15072,15788,12955,14398,13722
14871: 15193,15589,14820,14257,14383,15251
14329: 13943,12840,13390,13474,15406,13933,15346
15593: 12965
13332: 15248,13805,13330,14186,14172,13829
13469: 14289,14919
14424: 15576,13628,14621
14056: 12919,14333,13882,14083
14769: 13237,13857,14343,12885,15386,14109
15667: 15773,15319,14631,13431,13189,13024
13410: 13504,13091,14132,15479,14257,15251
14649: 13710,13137,15224,14783
14886: 14189,14554,14244,13545,15074
14758: 13207,15573,14802,14995,14021,13208
14340: 13543,15545,14637,15009
13580: 15537,14033,15018,14154,13493,15206
15540: 13031,12820,13561,12966,14270,13772
13679: 15101,14141,14062,13919,14267,13185
12899: 13114,13418,15554,15290,14048,13151
14691: 13215,13970
13701: 12972
15384: 13379,13043,15490,15088,15385,13015
13556: 14015,15112,15097,15335,13014,14160
12963: 14149,15459,13246,13891,14496,15712
13843: 12878,13584,15430,12953,15090
15444: 15394,12874,13678,13938,15731,13224
13411: 
14519: 13252,14664,14024,14358,15146,14492
15072: 14152,13065,13696,13460,15398,15788
13621: 13953,15633,14115,13046,15651,12943
13816: 14884,14967,13212,13458,14771
13827: 15756,14046
15290: 13915,13769,15389,15554,12899,14048
14690: 13921,13564,14352,13329,15689,12852,15178
14243: 14957
13481: 14939,14055,14907,14408,15596,13174
14031: 13373,14314
14996: 14300
13353: 15786,15281,14863,13117,13971
13178: 15243,14948
12875: 13156,15437,14977,14358,14492,15485
15329: 12961,13815,14751,13100
15256: 13651,14295,13200,14629,15378,14688
14032: 15438,15401,15642,15553,14765,14224
15085: 13610,15722,14602,12882,14982,13187
13791: 14030,15603,15448
13395: 14026,13012,13807,14655,15607,15080
14672: 15740,13214,15673,13165,15624
13563: 15733
12858: 15299,13028,15100,14113
13965: 13672
14183: 13117,13195,15517,14449,13370,14834
13747: 12888,13959,15758,14876,13534,15320
15542: 13221,13158,15790,15241,12972
12912: 13919,13643,14896,14447,15748,13185
15352: 13207,13263,14806,14546,15573,14822
14645: 14327,13506,13992,14840,14407,14745
14726: 14788,15457,13002,14559,13328,15419
14012: 13254,13245,13880,14089,13176
13198: 15009,13689,15119,14698
13444: 15104,14508,13976,15314,14472,13030
15611: 14331,15138,14335,15364,15616
28680: 13160,14238,28678,15454,15567,14310,15495,28675,14157,15772
13396: 14568,15649,13889,14839,15716,15289
14199: 15610,15012,14296,14271
13245: 13254,14012,13880,15094,15526,15470
14537: 
14714: 13990,15726,14656
13079: 14317,14671,13096
15445: 15411,13862,15469,15480,14727
15781: 14480,14517
13575: 13477,15452,15161,13113,15605
13291: 13782,15762,13693,13551,15595,14574
13887: 14068,14177,13588,15046
13538: 13723,13902,14103,15034,14017
15317: 13140,13871,15356,13448,15787,12824
14557: 14679,13088,14381,13164,14703,14337
14857: 14376,14003,13355,14542,13589,13293
14514: 14314,13453,14735,14989
14006: 15316,14286,14218,13095,14095,15810
13231: 14298,13566,13389,15461,13899,13433
14991: 15539,13871,13559,14181,13635,13241
15192: 13369,12872,14657,13878,15357
14125: 13257,14717,14753,14597,13045,15802,14499
15196: 14480,14694
14471: 13614,15494,15082,13735,13209,14234
14011: 12988,15076,15741,13163,14598
14778: 15708,12842,15579,15198
15065: 13860,15465,13217,14487,14774,14732
15399: 14794,14253,13319,14356,14275,14906
13460: 14152,15072,13696,14044,15651,15714
14395: 13834,14202,13443,14216,13304,12848,13180
14196: 14297,12861,15602,13802,13069,15809
13925: 14428,12828,13057,14888,13739,14899
15700: 14693,14975,13794,13048,13257,14717
13985: 
13125: 15210,15007,14937
14702: 15371,14322,14481,15055,15003,15447
14614: 13419,12904,13398,15780,13545,13947
15267: 13464,13901
14285: 13592,14669,13716,14208,14249,13597
13565: 13569,15441,14955,14327,15116
14194: 13659,15059,14018,14321,13305,14754
15736: 14182,13052,15051,13955,13470,14232
15508: 15092,14364,13361,13771,12977,14577
12954: 15653,14191,14261,15773,13431,15453
13449: 14668,12911,14454,15342,14222
15687: 13725,14789
14215: 14131,14682,13746,14364,12977,14853
13014: 14713,13699,15097,13556,14262,14160
14122: 13090,15421,14184,13645,13337,14156
15600: 14306,28659,12919,13334
14296: 13376,15391,14199,14271
13038: 13295,14630,15587,14377,14099
13738: 12881,13288,12893,15000,13463,15669
13519: 13823,15451,14859,14862,15152,15648
14842: 13548,15654,14357,14801,15096,15220
15551: 14436,13168,13617,15215,14225,13304
14595: 13200,14252,14616,12976,14688,13201
15469: 15569,15480,12964,15445
13479: 14708,15613,15177,13879,13605,15340
14231: 13009,13972,14059,13899,13748,13566
15459: 14149,12963,13713,14867,15712,13478
14928: 13649,15283,13420,14762,12864,15263
13159: 14560,15010,13461,14819,14036,15749
14841: 13640,13994
15043: 14833,14288,13438,13884,14382,12823
13499: 
14806: 14546,15039,15046,14068,14822,15352
14433: 14898,13661,15360,13626,13227,14126
15707: 14617,14951,14449,13370
15170: 14632
28589: 15294,15637,14418,12931,15016,13567
15118: 
15231: 15806,15155,14576,13437,14602,13950
14948: 13178,12945,13165
15618: 14964,15158,14553,14684,13268,15450
13527: 13137,15746,13495,14824,15752,14734
13295: 14128,13038,14630,15683,14341
13623: 14811,15080,13339,13807,15110,13077,15295
14062: 13679,14141,14613,14267,15213,14206
13769: 13915,12997,15290,15554,15658,13277
14725: 14564,13358,15583,13105
14616: 15650,15141,14909,14595,14252,13989
14522: 13097,15086,14109,13857,15229,15139
14959: 13549,14362,15027
15377: 13927,13335,14679,14162,15405,14337
13191: 14580,14799
15554: 14773,15658,13418,12899,13769,15290
13380: 12941,14429,13922
14175: 15566,13276
15052: 14829
12817: 14016,15324,13467,15361,13572,15472
13581: 14301,15175
13050: 13104,12929,15045,15750,13491,12829
13857: 14769,13237,13356,14109,14522,15229
15709: 14189
14807: 
15208: 13709,15334,14114,13285,12861,15602
13868: 13174,15597,13310,14187,15084,12993,13591
13569: 15143,15441,13565,15697,14840,14327
14503: 15684,13128,14890,15321,14634,13357
15205: 13967,15348,14985,14228,12884,14511
15527: 13492,15257,14858,15239,13233,12950
13099: 13341,13839,13226,15204
14013: 13841,13854,14699,14646,13832,13438
14817: 13926,12916,12930,14723,13858,12994
14218: 15316,14006,13810,15734,15810,13954
13237: 14769,13857,13356,14343,14599,13400
15428: 14653,14440,12830,15492,13018,15201
15366: 13977,12951,13631,13139,13154,13541
13342: 13931,12826,13874
14843: 15682,15298,14095,15810,13756,12974
15523: 14029,14533,15105,15316,14286,14585
15236: 14349,14968,14816,13715,14987,14150
15214: 14812,13184,13665,13202,13935,14676
15744: 12818,14747,13688,15529,13338,15557
15241: 15173,15790,13820,15542,15008,13221
14095: 13095,13576,14006,14843,15298,15810
14918: 15538,13170,14540,28682,13684,13325
15037: 15053,13054
15386: 14930,14109,14022,13761,12885,14769
14232: 15131,13470,15415,15051,15736,13611
14287: 13375,14638,14421,15466,13824,15375
13677: 13086,14159,12903,15764,13855
15742: 14513,14686,13947,13419,14178,14047
15333: 15500,14457,13011,14320,15449,14435
14394: 13095,13576,13553,14976,14413,14326
13447: 14865,13150,13745,13602,13397,14874
13554: 13378,14139,15277,13567,12931,14904
13233: 15800,12950,13492,15527,14254,14898,14836
13464: 15267,13640,14718,12970
13655: 14027,12975,14847,13360,13169,13240
13029: 15168,14245,13840,15203,15302,15443
13624: 13693,13722,13551,14152,15714,13787
15169: 14213,13881,13039,13403,13430,14860
15210: 15292,13125,13346,12923,15262
14573: 12920,15467,15268,13143,13172,14200
15705: 14130,13514,12901
15740: 14672,13214,14660,15624,13510,14451,14972
15615: 15592,14706,14430,13234,12984,15713
12917: 14258,13748,13060,13153,15172,14723
13542: 13090,15068,14184,15122,15506,15703
13530: 13026,13675,15110,14325
14107: 15103,13019,15533,13584
15652: 12818,13013,15020,13092,14675,14728
15661: 14039
14118: 14974,13261,15778
15314: 13976,14618,13444,14472,14779,15662
15528: 14427,13644
13604: 14705,15514,15165,14732,14120,13893
13767: 14363,13638,14572,14091,12847,14828
13653: 13562,15194,14786,14009
13208: 15455,14021,13207,14758,15530,14913
14804: 14523,14476,13328,12986,15519,14479
13561: 12820,15540,13313,13547,14849,12966
14574: 14090,15595,13281,13551,13291,14392
14402: 13492,15257,14164,13636,13918,13537
15763: 14752,14441,14845,12989,15189
13427: 
14269: 13605,15340,14123,14603,15535,13136
15805: 13152,14905,13264,15393,15430
13403: 13629,15219,13430,13203,12949,14213,15169
15567: 15400,14310,14036,13402,15495,28680,28675
15701: 14030,15603,13676,15284,15539
14643: 13935,13942,13974,14676,14790,12866
15587: 14868,15548,14469,13038,14630,14377
13683: 14635,13308,14846,13785
14077: 
15778: 14118,13235
28678: 13160,14238,15454,28680,14310,28675,14157
13196: 
13735: 13614,14471,15082,13908,14571,13025
13348: 15801,15756,14046,14949
14935: 14521,15000,13588,15041,14068
14775: 12918,13577,13825,13961,15473,13128
13387: 15186,14129,12832
14635: 13683,13308,13045,14499,15696
14648: 15476
15216: 15023,14855,13113,15322,14083,15452
15675: 15363,13886,14030,13559
14732: 13604,15165,14120,14363,13217,15065,15465
15429: 13805
15046: 14806,15039,13811,13760,13887
12865: 15716,15289,15004,14468,15121,13157
14753: 13219,13257,14125,14499
14982: 14396,13924,12882,15085,13187,14943
13182: 14222,12993,14536,13591,15410,14738,14454
14456: 14916,13828,13487,14344,13044,15042
14759: 13361,13478,15727,13917,14236,13713
13271: 13435,13282,15345,15387,13946,15558
13334: 12919,14333,13477,13795,15600,28659
14771: 13816,14809,13458
12920: 15467,13573,14573,13356,15244,15268
14599: 15782,15244,13400,14343,13237,13356
12825: 13933,14532,14950,14984,13876,13719
13060: 13748,12917,12898,14926,13972,15172
12892: 13166,15416,14452,15568,12900,13278
14345: 15803
14316: 13845,15811,15510,15036,14731
12906: 14605,12951,14349,12973,15647,13452
14263: 12859,15506,14990,15301,15375,13928
14767: 14783,13054
14729: 14869,14565,12926,12855,15514,13059,15555
13568: 14811,15275,13807,14939,14408,15142
14739: 13935,13942,13822,12896,13202,15001
14174: 13172,14628,15374,15622,15379,15083
14570: 15726,15626
15294: 13472,15637,28589,13567,13774,15793
14279: 14447,15472,15324,14116,13188,14763
15093: 14879,13007,13157,15004,14969,13148
12907: 15271,15440,15718,13419,12904,14047
12833: 14592,14624,13142,15040,12828,13898
14738: 12877,12971,14347,14222,13182,13591
15547: 15396,13863,15494,13209,13550,15431
13636: 15580,14164,13069,13166,13918,14402
14849: 15306,14134,13229,13313,13561,12966
13700: 15071,14102,13034,13959,15320,15254
14366: 13073,13321,13429,14505,14975,15102
12975: 14027,13655,13862,14847,15480,15300
13287: 15163,14034,14378,15784
13498: 15318,13981,15613,15177,13944,15137
13875: 14973,13734,13467,12930,14896,15748
15799: 15512,12869,14058,13386,14772,13036
13152: 13451,14905,15805,14203,15090
15784: 14378,13287,15163,15354
15060: 13787,14392,14776,14933,13908,13025
14353: 15363,13886,15344,13540,14146,13913
13394: 14330,14656,15726,13276,14411
14670: 13912,15513
12860: 14280,14667,14249,15684,14890,14589
14695: 14081,14351
15259: 15529,13338,15269,13992,14692,14319
12819: 14399,13632,14748,13776,13979
13448: 13792,15787,13365,15356,13669,15317
12836: 13180,13546,15543,13617,15159,13593
12966: 14270,13465,14849,13229,15540,13561
13681: 13613,12873,13789,15152,15559,15157,14859
15411: 15445,15706,15644,14362
13560: 13618,12995,14379,14207
13171: 12927,13184,13753,13866,15200,13516
15103: 14506,14107,14088
12902: 15531,14873,13996,14439,15209,13923
13855: 15764,13677,14159,15280,15171,12992
15356: 15446,15284,13669,13140,15317,13448
14811: 13623,15080,15518,13339,13568,13807,15142
14553: 15618,14964,14684,12918,13577,14667
15283: 13649,14928,13420,15475,14485
15757: 12978,15215,12848,14071,12884,12871
13331: 14318,13544,15475,13420,15456
14020: 13907,13220,15631,15727,13917,13582
14334: 14185
15514: 14705,13604,12855,14729,13893,15555
13863: 15044,15396,15547,13953,15494,15273
15670: 13528,15412,14724,13801,14450,12980
15382: 13223,13254,13070
13907: 13220,14020,14018,13582,13790,14339
14968: 14349,12973,15236,13715,15017,13001
12956: 14081,13515
13878: 14248,15357,13525,15253,15718,15192
15292: 15210,15262,13120
15651: 14044,12943,13046,13696,13460,13621
13658: 14958,14566,14465,14825
14633: 15008,13221,14788,12897,14084,12959
15354: 13852,15784,13446
14940: 12851,13708
15708: 12842,14778,15198,13406,12840
14803: 13813,15478,15516,14147,13024,14323
13599: 13493,15206,13766,13790,14712,14339
15375: 12859,14263,15301,13824,14287,14638
13355: 15765,14545,13539,14542,13293,15258,14857
12859: 14263,15375,14638,13836,15589,13928
14145: 13022,12952
14127: 14496,13134,14277,13064,13277,14391
15480: 15469,15300,12975,13862,15445
13882: 15322,14083,14324,14056
14133: 14439,13960,15221,15209,13183,14078
13002: 14726,14788,15419,13890,12897
13028: 15183,14113,14640,12858
13141: 13288,14622,12853
12968: 13494,13232,15745,13112,15500,14457
13035: 15770,13801,15584,14567,13177,13528
14152: 15072,13460,15398,13722,13624,15714
12926: 14869,14729,13074,13059,15555,13903,12868
12973: 14349,14968,15017,15024,12906,14605
13698: 15750,15380,13756,15331,14770,12974
12982: 13501,13939,15463,14549,14866,15737,14494
15699: 13294,15125
13716: 13691,14388,14208,13597,13620,14285
13851: 14999,13517,14292,13309,15143,15441
14558: 14455,14203,12822,15640,13806,14488
13916: 14883,14827,14369,15126,15149,13324,13831
14188: 15538,13170,14306,13779
14169: 14473,14502,15657,15407,13788
14526: 
15015: 13139,14005,13154,13093,13278,13415
13906: 13230,13286,13828,13608,13072,15680
14046: 13827,15756,13146,13348
14493: 14954,14534,14067,15394,12874,15630
14508: 14763,15104,13444,13300,13188,13030
15028: 13523,15686,12915
14426: 15255,15369,13727
14507: 15785,13984,14061,13078,15081,15207
14423: 13352,13872,13183,14143,13510,14451
15691: 13247,13034,12934,15254,15079
15405: 14162,14050,14491,15377,15307,14337
15436: 13337,13284,14716,14561,14156
14655: 14446,14066,15607,13391,14026,13395
15107: 12845,14432,13629,12996
13040: 15124,13216,12983,13023,13786,13603
13284: 15509,13337,15436,14953,14716
14420: 15326
14084: 12897,14901,13963,14633,12959,15325
13489: 14250,14681,13531,14556,15482,13825
15516: 14803,13813,15478,13294,15125
14161: 14580,13053
15596: 14408,14737,13822,13481,13174,15597
15090: 14455,14203,13152,12878,13843
15463: 12985,14549,14581,12982,14865,14494
13288: 13141,14622,12893,13463,13738
15754: 14278,15187,13223
15714: 14044,14152,13460,13624,13787,14933
14925: 15287,14190,13013,15123,15020
14799: 14908,13776,13191,14710
15808: 15114,14431,13859
15583: 15373,13105,14564,14725,14600
14061: 14507,13984,14555,15522,15207,14155
15622: 15374,13812,14174,15379,14076
15389: 13915,15290,14048,15450,14266,13268
13528: 15347,15412,15670,13177,13035,13801
12957: 14952,15367,15468,13248,13290,13094
14782: 13107,14992,15491,15238,13124,13457,12831
14681: 14250,13489,15150,14684,13577,13825
13376: 14296,15391,14665,15246
13648: 13293,14283,13802,14376,15568,15580
13531: 13489,14556,13317,14664,15482,14294
13401: 13341,15617
15081: 15135,13078,14507,14952,15367,15207
13461: 13695,13349,14819,15627,14560,13159
13276: 14175,15566,13394,14656
14815: 15307,15625,14703,14998,13175,15323
13408: 
15653: 14191,13532,12954,15453,14223,13706
15129: 13894,13412,13883,15693,14796,14470
14509: 13046,12980,13518,13673,12948,15633
15471: 14119,14409,13227,12835,14899,15775
13711: 13619,14845,12989,13251,14598
14375: 13131,15013,13758,13450
14098: 15553,14224,15466,15549,14421
14373: 15002,14750,14755
13207: 15352,14758,13263,15530,15573,13208
13922: 13380,14406
15686: 15028,12842,14590,15406
13977: 14605,12951,15366,13081,15464,13139
14124: 15278,15584,13585,14719,13127,15057
15733: 13010,13563
12884: 14228,14071,15205,12978,15757,14511
13547: 15460,13313,15242,12820,15006,13561
14975: 14693,15102,15700,14366,14112,14505,13794
13156: 12875,15437,13966,14977,13651,14307
14282: 13852,13187,13610,14378
14393: 14760,13325,15026,14934
13045: 14597,14846,14125,14499,14635
14450: 14644,12948,15372,13801,15670,12980
14275: 15199,13666,14906,15399,15336,14356
14404: 15743,13536
14976: 13553,14910,14029,13095,14394,14286
12935: 13138,14360
15689: 15077,12852,14690,15178,15276
13777: 14468,13923,15130,13996,14436,13225
14854: 15728,15612,13075,14615,15549
14325: 15110,13077,13275,13530
14549: 15463,14581,14037,13521,13939,12982
14502: 14473,14169,15657,14273,15086,12936
13815: 12961,15329,13669,13368
15063: 13103,14371,13391,14066
14344: 13487,14227,13260,13230,13828,14456
13929: 13743,14661,15769,13483,13057,14888
15560: 15359,13354,14875,13298
13728: 14195
12905: 15495,14722,15005,15772,13205,15101
13740: 14566,12922,13753,15713,14465,14572
15017: 15180,15240,13001,12973,14968,15024
14417: 14280,14208,13746,14964,15158,13691
14305: 15623,13944,13587,15269,14708,15613
14478: 
13228: 13022,15570
13018: 15492,15769,12849,15428,14440,13732
14201: 14309
14965: 15682,14251,14625,13909,13273,15247
15635: 14678,15521
14679: 14104,14557,13088,15377,13335,14337
15301: 15506,14263,15375,13824,15122,13454
14727: 13484,14620,13862,15445,15706
15419: 15447,14650,14559,14726,13002,13890
15659: 13938,15614,15245,13744,15148,12874
14631: 15667,15319,13189,14962,15729
14653: 15428,14440,15042,14743,13800,12830
14071: 14228,13094,12884,12871,14086,15757
14992: 14782,13107,14281,13324,13831,15491,14827
13742: 13717
28675: 14157,15772,15567,14310,15495,28678,28680
14439: 13960,14133,15209,14403,15531,12902
12820: 13031,13622,15006,15540,13561,13547
13974: 13055,13942,14643,14848,14551,12866
15068: 13542,13090,15421,15703,15811,13414,13729
14432: 12845,15107,15272,15646,14951
15788: 14023,14350,12955,15072,13065,15398
13144: 15435,14657,14293,13525,14075
14627: 14678,14813,13169,15694,14027,13484
15026: 15078,13684,13325,14393,15798
15311: 13272,13297,13021,14137,13263
15251: 15223,14383,14257,13410,13504,14871
14548: 14204,15379,13409,13132,12889
13206: 14205,12822,15365,15286,14835
14058: 14390,13378,15277,13386,12869,15799
15810: 15734,13756,14095,14218,14006,14843
14705: 15514,13604,15165,14828,14641,12855,14777
13304: 15215,12848,14395,13180,15551,13617
14917: 14495,14582,14924,14166,15767,13930
14298: 13566,13231,13389,13982,15265,13789
13870: 14895,14217,14791,14611,13955,13470
14441: 14752,15075,13210,15763,14569,14475
14363: 15608,13638,13217,13767,15165,14732,14828
13465: 12966,14270,13229,13486,15291
14407: 13123,14745,14645,13992,14319,12841
14312: 14969,15055,15716,15004,13889,13752
15137: 13445,15532,14443,13944,15318,13498
13579: 
14271: 14199,14296,14051
13659: 15683,14194,13462,15059,13056,14321
13318: 13266,13600,13705
15016: 12931,14902,14176,13578,28589,14418
12934: 13319,13685,15254,15691,14356
15287: 14925,15738,15525,15563
14793: 14262,15147,14160,15343,15460,15202
14872: 15522,15207,14944,15367,15468,15348
13109: 15466,15549,13824,15612,13454,15127
14612: 14647,13070,15230
14546: 14806,15039,14137,15352,13263
14752: 14441,15075,15763,12989,14371,13526
13550: 13848,15179,15431,15547,13209,13765
15084: 12864,14187,15263,14907,13868,13174
15074: 14686,13947,14864,14886,14189,13545
14170: 13377,14947,14130,15035
13298: 15560
14866: 14862,15152,15559,15737,12982,13150,14494
13261: 14009,14118
14029: 14533,13867,15523,14910,14976,14286
13995: 12970,13063
15513: 15064,13912,13255,14670
14876: 13066,15758,13333,13747,13685,15320
15123: 13013,14941,14925,12857,15563
15269: 15529,15259,14692,14708,14305,15623
14780: 14908,13776,13864,13979,14856
14897: 13721
14220: 13061,15628,14462,12894,12924,15070,13222
14421: 13375,14287,14098,15711,14224,15466
13089: 12883,13404,14838,14259,14361
13430: 13403,15219,12895,13179,14860,15169
14035: 13390,13474,13768,15148,14984,15245
13795: 13520,13359,13477,15161,13334,28659
14589: 14967,13357,14249,12860,14890,14669
13950: 14602,12882,13437,15231,14628,15099
15250: 13647,14580,14683
13016: 15373,13714
14357: 14842,14801,15395,13256,15220,14877,13374
13491: 15750,15380,13050,14651,14338,12829
14272: 13900,12890,13901
15154: 14870,14515,13835,14146,15281,13117,13195
14462: 15049,12894,14387,14220,12924,13222
13941: 14416,13466,28658,15413,13074
15786: 13353,13687
14777: 12862,14641,12855,13076,13312,14705,14565
14085: 15140,15303,13027,14802,13656,12998
14674: 15403,13817,15309
13982: 13320,14059,15054,15265,14298,13566
13669: 15446,15356,13815,13448,13365
13945: 14504,13044,14642,13663,15768,14743
13232: 13494,12968,13725,15745,15260
12925: 13733,15312,13495,14370
15101: 13679,14141,12905,15005,13919,13205
12952: 14145
13695: 13349,13461,14819,13858,12994,13322
12987: 13100
15397: 14221,14569,15189,13326,15474,14485
15153: 13426,13314,14851,14240,13459
13130: 
13485: 14379,14207,14017,13902,15126,15149
14810: 12947,13931
14365: 13199,13133
13441: 15745,14186,13112,14172,13602,13397
15668: 14138,14937
14103: 13723,15034,13538,15520,14416
13627: 15201,14477,14434,13611,14591,15415
13642: 15766,13869,14270,15291,14004
13071: 15326,13308,13712,14956
14016: 15330,12817,15324,13572,14274,13662
14629: 15302,15378,13966,13651,15256,15203
14294: 13347,15482,14492,15485,14664,13531
14978: 13594,14072,15002
13888: 14805,12891,15271,14248,13522,12887
13256: 13059,15555,15395,14877,12868,13374,14357,14801
14542: 14302,13589,15249,13355,14545,14857
15564: 14078,14839,12814,15209,13923,15130
14238: 28678,15454,28680,14310,13598,15422,13574
13129: 14617,15272,13846
13425: 
13513: 13961,14697,15473,14527,13347,13385
13081: 15024,13589,15249,15464,13977,14605
15127: 13454,15789,14197,15612,13109,14111
12879: 13272,13297,14520,14057,13280,13784
15038: 15481,15144,13838,14741,15391
15179: 13896,13848,13550,13765,15486,13270
14444: 15475,15151,14485,14784,13163,15474
15803: 13710,15665,14345
13315: 15458,13674,15182,13043,15490,14936
13229: 14849,15306,14102,12966,13465,13486
13405: 
14187: 15084,15263,12877,13868,13591
15242: 15460,13547,15202,14711,12940,15006
14951: 14617,15707,13370,15646,14432,15272
14888: 13925,13057,13739,13732,15769,13929
15100: 14229,14113,14093,12858
12853: 13141,14891,13463
12852: 15689,15077,13329,14690,15435
13102: 15761,13718
13879: 14692,13757,15351,15340,14708,13479
14440: 14653,15428,15042,14916,12849,13018
13005: 15321,14634,14527,15369,15804
15312: 12925,13137,13710
14977: 12875,13156,14358,14463,13033,14307
14470: 13123,14745,15693,13894,15129,15561
14766: 14361,14474,15657,15407,15328
15759: 13646,15393,15353,12933,14575,14135
12927: 14812,13184,13171,13516,15285,13017
13675: 13026,14430,13530,14715
15807: 
14132: 13410,13091,14050,15625,15479,14311
12841: 13757,14319,13049,13123,14407,15109
14093: 13212,14988,14229,15100
13243: 14219,13421,14544,13440,15025,15590
12991: 13712,15766,13869,15326
13672: 15187,13965
14607: 14510,13999,12945,15243
13160: 28678,15454,28680,14157,12999,14773,13654
15574: 12838,13662,15330,15104,13976,14237
13241: 12824,15586,14991,13871,13635,14594
15440: 12907,15271,14575,14047,12887,14135
15566: 14175,13276,15106
13431: 15773,15667,13024,14261,14323,12954
13364: 15274,15586,13832,15305,15782,13841
13369: 15217,12872,15192,15357,13578,14902
13393: 14528,12889,14538,15724,15030
14117: 13149,15590,14610,14171,14624,14165
13467: 13875,13734,15361,15472,15748,12817
13968: 13970,13468
15012: 13830,13754,15610,14199
15371: 14322,14702,14438,15447,14650,14606
13238: 13692,14382,28677,14646,14721
14529: 14082,14831,15404,15676
14801: 14842,13548,14357,15069,13256,13457,13374
13386: 15793,14772,15277,14058,15799
14561: 15702,14156,14893,15436,14716
14203: 14455,14558,15090,13152,14007,15640
14255: 15157,13572,12990,12873,14043,15361
15401: 14121,15438,14032,14193,15553
13720: 14501
14838: 15296,13089,13404,12921,14733,14621
13501: 13939,12982,12815,13957,14636,15559,15737
14193: 12826,15401,15553,14615
13853: 14835,14060,12822,13346,13806
15194: 13162,13653,13126,14009
14389: 12938
13775: 14931,15604,14300
14005: 15015,13154,13260,13415,13072,13230
14409: 14119,13607,15471,13608,15680,12835
13000: 13949,15565,14052,15166
13975: 13773,15594,14709,15212,15116
15598: 15721,13804,14552,12962,13630,14858
13611: 13627,14434,14232,15415,15051,14268
13912: 15064,15513,14670
14823: 14008,15035,13377,13717
14100: 13283,14957
15458: 13315,13674,12863,14637,15432,14936
15621: 13087,15735,13750,15433,14541,13258
14677: 15641
15152: 14862,14866,15559,13681,13519,14859
13555: 13693,13722,15318,14398,15532,13782
15776: 13456,13957,15054,15394,13678,15630
13258: 13173,15115,13164,15735,15621,14541
13346: 15007,13806,13853,15210,12923
12871: 14071,14086,14090,13443,15757,12848
14326: 13978,14413,14434,14591,13553,14394
14836: 14898,13661,14689,14254,15800,13233
14091: 15639,14465,14825,12847,13767,14572
12995: 13560,14530,13618,13524,13512,14207
14138: 15668
13871: 13140,15539,14991,15317,13241,12824
14795: 14533,13867,13007,15434,13148,14097
13559: 14030,15363,15675,15539,14991,14181
14022: 13368,13934,13761,12885,13365,15386
14262: 15147,14160,14793,13014,13699,13008
14463: 14358,15146,14472,13030,13033,14977
15735: 13087,15621,14179,13258,15115,13533
12955: 14023,15788,13366,13981,14398,15398
15022: 
13786: 14749,13023,13040,14626,15577,13603
14075: 13525,14742,14293,13144
13073: 14596,13321,14366,14015,13192,15102
13741: 14525,15751,15422,13904,15120,14277
15710: 
15639: 14091,14825,12847,12862
14651: 14338,15760,13218,13491,14914,12829
14563: 15641,14999,15441,14955
13806: 15007,13346,14488,14558,12822,13853
13457: 12868,12831,13374,14801,15069,14782,13107
14348: 14489,14212,15217,14904,14139
14641: 12862,12855,13076,14777,12847,14705,14828
14166: 14540,14917,14582,15767,13684
13872: 14423,14704,13183,14078,12814
13497: 15524,14779,15662,15141,13482,15502
15357: 14248,13878,13369,15192,12891,13578
14927: 13991,14259
15007: 13346,13806,14488,14506,13125
13668: 14532,14950,13601,13021,13272,13280
14764: 13690,12888,13959,13475,15033,15071
13312: 12855,13076,14777,12844,14565
14826: 
14155: 13067,14061,14555,14701,15522
13381: 15433,14210,13808,14104,13088,14541
14425: 14626,14247,15632,13131,15013,14720
14157: 28675,15772,15237,12999,13160,28678,28680
13880: 13780,13502,15526,13176,13245,14012
12876: 15336,13247,15199,13358,14932,15114
13838: 13409,14076,15038,15144,13132,14665
13727: 15369,15443,15168,12839,14426
13900: 14272,14663,14401
15535: 15340,14269,14603,13500,15351,13595
15442: 15332
15237: 14157,15772,13205,15190,12999,13781
15416: 13166,12892,15581,13918,14452,13798
15188: 14390,14040,13763,13279,13186,12869
14545: 15765,13355,13539,14209,14542,14302
13493: 13599,15206,14154,13790,13580
13935: 14739,13942,14643,13202,15214,14676
15126: 13916,15149,13902,15034,13324,13831,13485
15122: 13454,15789,15506,15301,13542,14184
13370: 14834,14183,14449,15707,14951
13997: 14945,14335,15753
15121: 14092,13020,13157,13225,14468,12865
15606: 14380,15704,13199,15690,15381,13133
15202: 15460,15242,15112,14160,14793,12940
15106: 14461,15225,15566,14601
14891: 12853,13463,13496,15478
15758: 13066,14876,14929,13534,14579,13747
13338: 15529,15259,13506,13992,13688,15744
14919: 13469,14289,13371,13552
12870: 13522,12887,14135,13646,14539,13892
15098: 15368,14080,13667,15637,14418,13111
15499: 14740,15132,14019,14618,15662,13482
14473: 14169,14502,13788,12936,15374,13812
14030: 13791,15701,13559,15675
15502: 13200,14252,15524,13497,15141,14295
13165: 14260,12945,14948,14672,13214
15633: 13621,14115,14535,13046,14509,13673
14571: 14604,13025,15591,13614,13735,15427
14582: 14917,14495,14830,14166,14911
13392: 14688,12910,13993,13201
14983: 15173,15790,15671,14214
13782: 13291,15629,15762,15532,13693,13555
12962: 15598,13630,14164,15809,15257,14858
15300: 15480,14847,14882,12975
13962: 15163,13726
13989: 12976,15660,14616,14909
14176: 14805,12891,13578,15016,13667,14418
15446: 15284,15356,13669,13676,14198
13474: 13390,14035,14590,15406,14329
13339: 14811,13623,15518,15142,15723,14584,15295
15536: 14945,14303,14335,14915,15616
14622: 14680,13288,13141
13352: 14423,14704,14451,14239,14921,15552
14885: 12969,13837,15197,13609,15031,15692
14089: 13176,13116,14012,14647,13070
14957: 14243,14100
13590: 13399,15510,15167,15193,14820,13920,15061
14202: 13834,13443,14395,14216,14604,15591
15609: 14790,14578,15345,14744,13407,13946
15517: 14183,13195,14870,13884,13692,14834
15318: 13498,13981,14398,15532,15137,13555
15075: 14752,14441,14371,13391,14475,14026
13921: 13564,14690,14352,14405,14168
13514: 13351,15679,15705,12901
13614: 14471,13735,14571,14234,15427,14588
15281: 13353,13835,15154,13117
14459: 15504,13424,14400
15392: 
14147: 13189,13181,13024,13496,14803,15478
13617: 13168,15551,15159,13304,13180,12836
12880: 13860,15465,14761,14531,15695,15747
13864: 14908,14780,14856
15451: 13823,13519,15648,13011,15677,14320
13717: 13742,14707,14823,14495
14041: 13704,14092,13020,15159,13593,15698
14190: 14925,15594,14747,15020
15078: 15026,13684,13436
14733: 12921,15505,14930,15296,14838,13097
12976: 13989,15660,14595,15117,13201
14119: 14409,13607,15471,13227,13626,13110
13149: 14117,15590,13898,14544,13743,14624
13078: 14662,15135,15081,13292,14507,15785
14712: 14754,14339,14469,13599,13766,14868
14693: 14975,15102,15700,15058,14717,15802
15782: 15305,15244,14599,13400,15274,13364,13841
14731: 13983,13505,14316,15510,15167,15036
15578: 
12881: 14521,13738,15669,13797
13780: 13880,14587,13502,13176,14264
13558: 12959,14370,13158,13371,13468
14158: 
15581: 15416,14452,14500,13798,13110,13607
15104: 14763,13444,14508,15330,15574,13976
14045: 14623,13818,14087,14342,13819
15768: 14217,13663,14791,13945,14743,13800
13262: 13625,14410,13145,13715,13001,14781
15167: 13590,15510,13920,15061,13983,14731,14236
14265: 
15713: 12922,13753,12984,15615,13234,14566,13740
12856: 15779,15222,15455,12958,15067,13236
14632: 15170,15743,12979
13186: 14666,13764,15582,15188,13763,13279
15203: 13840,15066,13966,13651,15302,14629,13029
13830: 13754,15012,15175,14148
13184: 15214,14812,12927,13171,13665,13866
15568: 14376,12900,13648,15580,13166,12892
14406: 13922
15168: 14245,15402,13029,15443,13727,15812
15417: 15743,13126
13729: 15036,13844,15068,15811,13414
13274: 14044,12943,13908,14933,15082,15273
14831: 14555,15404,13856,14082,14529,13984
12861: 15208,13285,15602,14283,13802,14196
15797: 13500,15109,13193,13442,13049,15387
12854: 13652,15097,15335,15732,14966,15719
13573: 12920,15467,15305,15244,15390,14576
13813: 14803,15516,14458,14323,15774
15793: 13774,13386,14772,15277,13567,15294
14207: 14379,13485,15149,13560,12995,13512
15010: 14560,13533,13159,15115,13671,15749
13328: 14804,14476,15519,14559,14726
14889: 12832,15128,15184
15676: 15404,14028,14529,14427,15426
14288: 14833,13986,15043,12823,13203,15297
13030: 14463,15146,14472,13444,14508,13300
13552: 13371,13468,14919,13970
15082: 14471,15494,15273,13735,13274,13908
13091: 13410,13504,15323,14132,15120,15625
14347: 15136,15342,15409,14738,12971,14222
15263: 12864,14187,15084,14928,14762,12877
15569: 15469,14882,15279,12964
15070: 14317,12850,13222,13061,14220,12937
13015: 13661,14689,15360,13043,15384,15088
13142: 14171,14592,12833,14624,13833,15715
14604: 14571,15591,14202,14216,15427,13895
13586: 15368,14080,13670,15666,15365,13473
14397: 12837,15617,13341,15136
15802: 14597,14693,15058,14711,14717,14125
15177: 15613,13479,13605,13366,13498,13981
13706: 13927,13335,14223,15653,13532,13749
15515: 14384,15261,13515,13336,14094
14773: 15554,13654,15658,13160,12999,13418
15525: 15738,15287
13253: 14880,13494,13725,15132,14435
13784: 13327,14926,12879,14520,14057,14497
15021: 12901,15679,14855,13113,14947
14073: 15183,13980,13597,13592,14113
12889: 14528,13393,14538,14548,13249
14915: 13811,13760,15616,15536,14303,13032
15211: 13670,14007,15666,14539,13892,13451
13362: 15764,15673,12992,15221,14143,15624
15470: 14278,13096,15094,12850,13245
14845: 12989,13711,14598,13326,15763,15189
14786: 15537,14033,13562,13653,14974
13641: 13803,12939
14386: 15642,13749,14654,13799,14223,15438
15548: 14868,15587,15572,14920,14377
14247: 14626,15577,14425,15013
14602: 13950,12882,15806,15231,15722,15085
13251: 14601,15225,13619,13711
15221: 13960,14133,12992,13362,13183,14143
15556: 15432,15087,13242,13689,15119,15124
15347: 13528,15412,13177,13122,14123,15720
15696: 14501,14635,13308,13849,15761
13289: 15111,13155,13379,15490,15087,14936
13325: 14760,14393,14918,15026
15671: 15813,14214,14619,12941,14332,14983
15430: 14063,13264,15805,13843
12981: 
15769: 15492,13483,13018,13732,14888,13929
14687: 14530,13618,13709,14114
15809: 14164,13069,13630,14297,14196,12962
13500: 15797,15109,15351,13595,13193,15535
13584: 12878,13843,15533,12953,14107
14586: 14304,15728,13606
14069: 14167
14661: 14544,13929,13743,13483,14685,13440
13020: 14092,14041,15121,13168,13225,15159
14248: 13878,15357,15271,15718,13888,12891
14510: 14607,13999,12945,13214,14660,14445
13257: 13219,14717,14125,14753,15700,13048
15360: 13661,14433,13015,14126,14315,15088
13884: 13692,14382,15517,14834,12823,15043
13033: 14463,14472,15524,14779,14977,14307
15368: 13586,15098,14080,13667,14151,15666
14418: 15637,28589,14176,15016,15098,13667
15047: 14518
13834: 14202,13443,14395,14776,14090,13281,15591
14964: 15618,15158,14553,14417,14280,14667
13779: 14306,28659,13359,28682,15538,14188
14182: 13052,15736,13955,15698,13704,15349
14037: 15731,13932,13521,13939,12815,14549
14605: 12906,13977,12951,12973,15024,13081
13685: 13319,12934,15320,15254,14876,13333
14254: 13537,15498,13492,13233,14898,14836
14479: 15519,13752,15649,13889,12986,14804
14036: 15400,15567,15749,13159,14819,13402
13116: 14089,13176,14264,15095,15185,14647
13650: 15770,13911,15372,14226,15096,15503
15310: 
13509: 13859
13220: 13907,14020,14018,13917,13305,14577
14167: 14069,15288
15053: 15037,15308
13183: 14143,14133,15221,14078,14423,13872
13876: 15148,14984,12825,14534,14067,13719
13429: 13216,12983,13303,13321,14366,14505
14909: 14385,14696,15650,14616,13989
15462: 14658,13082,13809,13108,13956
12883: 15296,13089,14273,14361,15657
12989: 13619,14845,13711,14054,13526,14752,15763
15555: 13059,13893,15395,13256,12855,15514,12926,14729
13375: 14287,14638,14421,15711,14466,15672
13330: 14490,13805,14186,13332
14311: 15479,15672,14050,14491,14466,14132
13703: 14751
14126: 15775,14415,14315,13227,14433,15360
15607: 14446,14655,13395,13077,13275,15080
14137: 13021,14960,14546,15039,15311
14447: 14279,15472,15748,12912,14116,13185
13913: 14181,13948,15363,14353,14146,14515
15720: 14023,14350,14123,13136,15347,15412
15679: 13351,13514,15021,12901,14855
14814: 
15695: 15278,14531,13585,13686,12880,13860
15367: 14952,12957,15468,15081,14872,15207
14430: 13026,13675,14715,14706,15615,13234
12943: 14044,13274,15651,13953,13621,15273
13811: 14915,13760,13032,13299,15039,15046
14332: 12941,14429,14002,15671,14619
13145: 12816,14816,15643,13715,14410,13262
13306: 13535,14057,13280,14950,14524,13719
15207: 14872,15522,15081,14507,14061,15367
14534: 14524,14954,14493,14067,13719,13876
15409: 15338,15204,14347,15136
14659: 15558,13265,13127,13595,13193,14912
13937: 15246,12967,13249,14290,14652
15067: 14913,12898,13327,15455,12856,13236
13432: 15688,13883,15410,14668,14454,15195
14467: 13660,13037
13480: 14551,15195,15688,13435,13282,14074
13105: 15583,13714,14725
15275: 13012,13807,14797,14939,13568
14584: 15592,15723,15295,14706,15518,13339
15172: 13236,13345,13153,12898,12917,13060
14378: 15784,13881,13039,14282,13287
15165: 14705,13604,14732,14828,14363,13217
13689: 13198,15009,15119,14637,15556,15432
13525: 15253,14284,14075,14657,13144,13878
13308: 13683,14635,15696,14956,13071
14123: 14269,14603,13136,13122,15347,15720
14636: 13456,13957,13501,13613,15559,15737
14482: 15724,12890,13924,14528,13455
13532: 15653,14191,13808,13335,13706,14104
13157: 14092,15121,12865,15004,14879,15093
13335: 13927,15377,13706,13532,14104,14679
15245: 15659,14035,13744,13768,15148
15395: 13059,13893,15555,13256,14070,14877,14357
15673: 15764,13362,14260,15624,14672
15274: 12824,15586,13364,15787,15782,13400
15379: 13409,14076,15622,14174,15083,14204,14548
15030: 14663,13393,14538,15724
13915: 13769,13384,12997,15290,15389,14266
15197: 14994,14980,14606,14885,12969,15692
15753: 14331,14335,13997
14223: 15453,13799,15653,14386,13749,13706
13158: 15542,13221,12972,12959,13558,13371
12929: 13104,13050,15331,14414,15227,15750
15678: 14235,14808,13354,14040,13763
13110: 13798,15498,13626,15581,14119,13607
13100: 13821,12987,12961,15329
15597: 13868,13174,13310,12896,15596,13822
14583: 
15680: 14993,12835,13608,13286,13906,14409
13108: 13821,13956,15462
12877: 14738,12971,14762,12960,14187,15263,13591
14600: 13557,15484,15383,15373,15583
15627: 15795,15779,13345,14560,13349,13461
14776: 15060,14392,13281,13025,15591,13834
15476: 14648,13897
13980: 13597,13620,13056,15183,14073,14341
15795: 15779,14179,15222,15627,14560,13533
15184: 13264,14861,14889,15353
14490: 13805,13330,14328,14144,15796
15518: 14811,13339,14737,15142,15723,14584,13121
15711: 14765,14276,14224,14466,13375,14421
13327: 15067,14913,12898,13784,14926,14520
15339: 13475,15783,13008,15134,15160,15147
15097: 13652,12854,15335,13014,14713,13556
13054: 14767,15037
14960: 13601,13021,14137,13299,13936
13582: 13350,14154,13790,15631,13907,14020
14240: 15521,15496,15153,13314
13082: 14658,15462,13809,13934,13761,15505
15464: 13589,13081,13977,14003,13093,13139
14539: 15211,15666,13892,13522,12870,14151
15219: 13403,13430,13986,13203,12895
13783: 
14501: 15696,14956,15761,13720
14208: 14417,14280,14249,13691,13716,14285
13379: 15490,15384,15385,15111,13289,15719
13365: 12885,13792,13448,13669,13368,14022
14449: 14039,13971,14183,13370,15707
15161: 13477,13575,15605,13520,13795,13988
14156: 15702,14561,13337,15436,14122,15421,13793
13616: 
13037: 14108,14384,15261,13084,14467
14875: 14516,14235,15560
14658: 15462,13082,13998,13956,14756
14946: 13003,13850,13471,14852,14785,13301
15811: 13845,15703,14316,15068,13729,15036
15694: 15497,13169,14253,14906,14627
13466: 13941,14416,28658,15238,13903,13124,15413,13074
13592: 14285,14669,13597,14073,14229
13391: 15063,14371,15075,14655,14066,14026
13639: 15091,13909,14610,14251,13421,13507
14724: 15412,15670,14350,12980,13518,13065
14180: 14517,14694,14861,14063
13404: 13089,14838,14621,14259
13909: 13639,15091,14110,13273,14251,14965
13193: 13500,15797,13595,15387,15558,14659
14932: 14564,13358,13247,12876,15232
15080: 14811,13623,15607,13395,13807,13077
14400: 14099,13424,14459
13046: 14509,13518,13696,13621,15633,15651
15144: 15038,15481,13788,13812,13838,14076
14611: 13593,13955,15698,13546,13870,14895
14413: 13978,15025,14326,14394,13576,13006
12842: 15708,14778,14547,12915,15686
13155: 15111,13289,15032,15087,13242,13303
14979: 
14987: 14115,14535,14816,15236,15044,14150
14362: 15730,15411,14959
12993: 13182,14536,13591,13868,13310
15276: 14489,14212,15689,15077,13190
13807: 15275,13012,13395,14811,13623,15080,13568
15182: 13315,13674,15663,15800,14689,13043
15018: 13724,13476,15439,14154,13580,15537
15218: 15198,14230,14945,14303,14096
13845: 15703,15811,14316,14990,13399,15510
15775: 14126,14415,15471,13227,14899,14428
13597: 13980,13620,13716,14285,13592,14073
15008: 13221,14633,15241,14788,15457
14110: 15091,13909,13273,13690,12888,13534
13322: 13402,14722,13695,14819,12994,15414
14198: 13439,13676,14751,15446
14908: 13776,13864,14799,14780
14638: 13375,14287,13836,15672,12859,15375
13136: 13605,14123,14269,14023,15720,13366
13439: 13676,14198,15048,14751
12996: 12949,12845,15107,13629
13903: 13466,15238,14869,12926,13074,13059,12868,12831
15604: 14437,13775
13264: 14861,15184,15393,15353,15430,15805
15565: 15031,15588,15233,14052,13000
15630: 13320,14954,14493,15394,15054,15776
13860: 15065,12880,15465,14774,13686,15695
14969: 14481,14312,15055,13148,15004,15093
15359: 15560,14666,13764
15381: 15690,15774,15606,14380,14412
15191: 13446,14718,12970
15189: 15397,14569,14845,13326,15474,15763
14989: 13819,14735,13818,14514,13453
13115: 15747,15220,14226,14070,14877,14761
15544: 14233,13814,14458
12988: 15076,14011,14330,15741
14768: 13067,14944,13967,14730,15280
14270: 12966,13465,15540,13772,13869,13642
14848: 14551,15195,14536,15410,13055,13974
15212: 14757,15738,14709,15594,13975
13433: 14973,13734,14043,13231,13389,15461
13801: 15770,13035,15372,13528,15670,14450
13954: 13914,15227,14218,14994,13810,15734
14097: 14322,15105,14481,13148,14533,14795
14591: 13627,14477,14434,14685,13978,14326
14765: 15711,14276,14224,14032,15642,14106
15570: 13228,14893
15039: 14806,14546,15046,13811,14137
13139: 15015,13154,15464,13977,15366,13093
13246: 15223,14383,13891,14496,13134,12963
12863: 15545,14785,13301,14637,15458,13674
13294: 15699,15125,15516
14827: 13916,14369,14281,14992,13324,14850,13503
13577: 12918,14775,13825,14681,14553,14684
14106: 15642,13749,13927,14765,14276,14162
15117: 15534,13201,12976,15660
14018: 13907,13220,13305,14754,14339,14194
15079: 13486,15291,13034,13247,15691
13910: 15036,13844,13505,13724,13476,13350
15603: 13791,15701,15048,13676
13644: 15426,15601,13731,15528,14798
14981: 
15132: 14740,15499,14019,14435,14880,13253
13069: 15580,14164,13636,15809,13802,14196
13671: 13173,15115,15010,13664,14105,15749
14597: 13045,14846,15802,14711,14125,13622,15006
14910: 13553,14268,14976,14562,14029,13867
12933: 14178,14575,13885,15759,15353
15461: 13231,14258,13899,12916,14973,13433
15595: 14090,14574,13291,15762,13290,14086
14890: 15684,14503,12860,14589,13357
13721: 14897,14422
14181: 13913,13948,13635,13559,15363,14991
13001: 15017,15240,14781,13262,13715,14968
13805: 14490,13330,15429,13332
14576: 15390,15155,15231,15467,13573,13437
13424: 14377,14099,14400,14459,15504
13326: 13163,14598,15474,14845,15397,15189
13090: 13542,14122,15421,15068,14184
15505: 12921,14733,13082,13761,14930
14779: 15524,15662,13497,15314,14472,13033
13074: 14869,15413,12926,13941,13466,15238,13903
15447: 15419,14650,15003,14559,15371,14702
13367: 
15181: 13994,15089
14970: 14746
15672: 15479,13836,14311,14466,13375,14638
15495: 13402,14722,12905,15567,28680,28675,15772
13696: 15072,13065,13460,13046,13518,15651
15408: 13718,13818,13453
13787: 15060,14392,14933,13624,13551,15714
13242: 15556,15087,13155,15124,13216,13303
15660: 12976,13989,13363,15117
15496: 14240,15706,15730
13667: 15368,15098,14151,14176,14805,14418
14709: 14955,15641,15212,13975
14200: 13172,14628,15467,14573,13437
13333: 13066,14876,15760,13319,13685,14794
12909: 14221,14569,13210,14797,14055,13344
14873: 15531,14511,12902,13996,12978,14225
12908: 13964,14995,14021,12958,15645,13343
14230: 15579,14453,14945,15218
13712: 13785,13869,15326,13071,12991
14914: 15585,12829,14651,13218,15497,13240
14266: 14131,14682,13915,13384,15389,13268
13539: 15765,13355,14545,14883,14209,13524,13512
14259: 15576,13089,13404,14927,13991
14299: 13770
15019: 
13622: 13031,12820,15006,14597,14846
15229: 15268,15139,13857,13356,14522,15086
14911: 14540,28682,13520,13359,14830,14582
15487: 14881,13796,15439,13162,13562
14995: 13964,12908,12998,14802,14758,14021
12951: 12906,13977,14605,15366,13452,13631
14701: 14555,15404,14028,13067,13101,14155
15613: 14708,13479,15177,14305,13944,13498
15285: 13516,14487,14774,13017,12927,14736
14704: 13352,13872,12814,14568,13269,15552
13859: 15808,13509
13904: 13741,13504,15120,15223,13134,14277
15738: 14757,15212,15287,15525
14431: 15114,15808,13666
14066: 14446,14655,15063,13391
15064: 13912,15513,13255,13382
14070: 13115,14877,14120,14761,13893,15395
14521: 12881,14935,15041,13797,15140
15783: 13475,15339,15033,15147,15343,14134
15171: 14403,14730,15280,12992,13855,13960
15522: 14872,15207,14944,14061,14155
15521: 14240,14620,15635
13828: 13230,14916,13286,14456,13906,14344
15173: 15790,14983,15241,14818,14214,13820
14204: 13085,15083,14548,15379,14528
13524: 14530,12995,13512,14049,15765,13539
14735: 13819,13450,14989,14514
13680: 13587,14832,14942,13445,14354,14662
13736: 14644,15503,15270,15654,13737,15643
13201: 15117,14595,12976,13392,14688
13593: 14611,15698,13546,12836,15159,14041
14856: 14360,13864,14780
14536: 12993,13182,15410,13310,13055,14848
13762: 
13549: 14959
15062: 
12818: 15652,14747,15744,15557,15020,14675
13323: 12867,15483
15162: 13316,12886,13114,13151,14250,14556
14120: 13604,14732,15465,14761,13893,14070
13673: 14509,15270,12948,12816,15633,14535
13649: 14928,15283,14485,14221,13344,12864
14783: 12942,14767,14649,15224
15577: 14626,14247,14749,13786
13162: 13562,15194,15487,13796,12979
15302: 14629,15378,15203,13993,14245,13029
13606: 15493,14586
15450: 14048,15150,15389,15618,14684,13268
14958: 13234,14566,13658,14715
15346: 13933,14532,13936,14329,13943,13601
15083: 13085,14204,15099,14628,14174,15379
14862: 14866,15152,13150,13519,15648,14874
14128: 13295,14341,14640
13337: 15436,14953,13645,13284,14122,14156
12947: 14810,13133,15704,13931,14121
15734: 15810,13756,15331,14218,13954,15227
14427: 14185,15676,15426,15528
15457: 14726,14788,14476,13820,15008
13122: 13177,15057,14912,14123,14603,15347
14789: 14880,15687,14385,13842
13192: 14015,15112,13073,15102,15058,12940
15378: 15302,14629,15256,14688,13993
13502: 13880,13780,14587,13307,14387,12924,15526
14654: 14380,15704,13799,14121,15438,14386
12815: 13501,13939,13678,15731,14037,13957
14355: 14368,15798
14241: 14878,14342,13219,14623,13615
13343: 13087,13750,15645,13964,12908,14963
15704: 15606,14380,14654,12947,14121
13670: 15211,14007,15666,13586,14205,15365
14154: 13582,13350,13790,13724,15018,13580,13493
15452: 13477,13575,15216,14083,14333
15262: 12923,15185,15292,15210
15304: 13032,13406,13299,13936,14096,13943
15546: 13378,14139,14489,14808,14390,14040
15113: 13657,15344,13540,13302
13112: 15745,13441,14064,13397,14457,12968
15186: 14129,13387,14864,14686
14579: 14770,15247,13273,15758,14929,13534
15206: 13493,13599,13766,13580,14033,15507
13137: 13527,15746,15312,13710,14649
14302: 14542,15249,14209,15180,14593,14545
14972: 14451,14239,14002,15740,14660,14445
12862: 14641,13076,14777,15639,12847
15111: 14966,13155,13289,15719,15032,13379
13021: 13601,14137,14960,13668,13272,15311
13951: 15174,13895,13546,15543,14895,13167
14697: 13513,13347,15485,15437,15066,13385
13983: 15631,13505,14731,15167,15727,14236
15240: 13503,15180,15017,14593,13001,14781
15642: 14386,13749,14106,15438,14032,14765
15674: 15014
13350: 13582,14154,13910,15631,13505,13724
13722: 13693,13555,13624,14398,14152,15398
14468: 13777,15130,13225,15121,12865,15289
12874: 15394,15444,15148,13938,15659,14493,14067
14625: 14219,14251,13006,15682,15298,14965
14082: 14529,14941,14923,13856,14831
12844: 14869,15413,14565,13312
14481: 14969,15055,13148,14322,14702,14097
15588: 13609,15565,15031,15358,15655
13849: 15761,13615,14878,15696
12922: 13753,15713,13740,15200,13638,14572
13214: 14672,15740,14660,13165,12945,14510
14475: 14026,13012,14441,15075,13210,14797
13856: 14923,13583,14082,15785,13984,14831
15423: 14882,12821,15752,14313,14734
13943: 14329,12840,13406,15304,13936,15346
14043: 13433,13734,15361,13389,12873,14255
14868: 15587,15548,13766,14712,14469,15572
13453: 14514,14314,14989,13818,15408
15479: 13836,15672,14257,14311,13410,14132
13832: 14646,14594,15586,13364,13841,14013
15217: 13369,12872,14348,14212,14902,14904
15702: 14561,14156,13793,14609,14483
13933: 12825,14532,15346,14329,13390,14984
14225: 12978,15215,14873,13996,14436,15551
14067: 14534,14493,15148,13876,12874
15273: 15494,15082,13953,13274,12943,13863
15054: 13456,15776,15265,13982,13320,15630
13006: 14219,14625,15025,14413,13576,15298
14550: 14292,13309,14001,12911,14796,13412
15748: 14447,15472,13875,13467,12912,14896
14320: 15677,12838,15449,15451,13011,15333
15174: 15427,13951,13895,13197,14588,13167
15131: 13470,13800,14232,12830,15415,14791
15306: 14849,14134,13229,15033,15071,14102
15279: 13759,14734,15569,12964
14675: 13092,14942,15557,15652,12818,14832
14109: 15386,14930,14769,13857,13097,14522
14619: 15671,15813,14239,14921,14002,14332
14608: 14191,13808,15773,15319,14242,14210
12967: 13937,15246,14025,14652
14317: 12850,15070,13861,14671,13096,13079
14699: 14013,13854,15337,14833,13438,15355
13026: 13675,14430,13530,15110,15295,14706
15665: 15803,13826,12942
14567: 14531,15584,13585,15770,13911,13035
13216: 15124,12983,13040,13429,13242,13303
13890: 12969,13837,15419,14650,13002,13963
14486: 15620
14280: 14417,14208,14667,14249,12860,14964
15282: 
15105: 14322,14438,14097,14533,15523,14585
14750: 13417,14484,14034,14755,15002,14373
15812: 15777,15168,15402,12839
13840: 15066,13385,15203,15443,15804,13029
12945: 15243,14948,13165,13214,14607,14510
14986: 13053
14858: 15527,15257,15239,15598,13804,12962
13252: 14519,14664,14024,14613,13317,14206
15798: 14368,15026,14355
15751: 13741,15422,13574,14998,15323,15120
13097: 14273,14522,14733,14930,14109,15296
13008: 13699,13388,15160,14262,15147,15339
13628: 14756,13058,14621,14424
15272: 12845,14432,14617,14951,13129,13846
13996: 14873,12902,14225,14436,13777,13923
14192: 13829
13692: 13884,14382,13238,28677,14870,15517
15187: 14278,15754,13672
14994: 13810,14980,15197,13914,13954,15692
14342: 13847,14087,13048,13219,14045,14241
14822: 15573,13027,15041,14068,14806,15352
13529: 
15421: 14122,13090,15068,14156,13414,13793
13756: 15734,15810,15331,14843,12974,13698
12887: 13522,12870,14135,15271,15440,13888
13714: 13105,13016
14950: 12825,14532,13668,13306,13280,13719
13382: 12827,15064,13255
13043: 15490,15384,14689,13015,13315,15182
13804: 15598,14552,13488,14858,15239,13850
12900: 14376,15568,14003,13093,13278,12892
15134: 13507,15160,15091,13475,15339,13690
14878: 14241,13849,13615
14678: 14813,14627,15635
14805: 14176,13888,12891,13522,13667,14151
13751: 12867
15138: 15611,14331,14442,12846,15364
13634: 13202,15001,13121,15723,13508,13665
14341: 15183,15683,13056,13980,13295,14128
13371: 13468,13552,13158,12972,13558,14919
13715: 13145,14816,13262,13001,14968,15236
14947: 13377,14170,15605,15021,13113
14973: 13875,13433,13734,15461,12916,12930
13399: 13590,15510,14990,15193,13928,13845
14869: 15413,12844,14565,12926,14729,13074,12855,13903
12949: 15002,12996,13629,13403,14213,13417
13788: 14473,14169,15407,13812,15481,15144
14197: 15728,15612,14111,15127
13999: 14607,14510,14445
15180: 15017,15240,14593,14302,15024,15249
14562: 14268,14910,13052,15051,15434,13867
15561: 14074,13442,13049,15693,13123,14470
15044: 15396,13863,14150,13953,14115,14987
13423: 
14000: 15344,15448,13657,13886
13893: 15555,15395,15514,13604,14120,14070,14877
14745: 13123,14407,14470,13894,14840,14645
15739: 15433,14210,13755,14242,14963,13750
15559: 14866,15152,15737,14636,13501,13613,13681
13770: 14299,15288
14144: 14328,14490
14184: 13542,14122,13090,13645,15122,15789
12944: 13161,15489,15619,12985,14581,15252
14669: 14285,13592,14967,14589,14988
13603: 14112,15632,13786,12983,13040,14626
13881: 14213,15169,13039,14484,14378
14524: 14954,14534,13719,13306,13535,13083
13052: 14182,15051,15736,15349,15434,14562
14628: 14200,14174,13437,13950,15083,15099
13660: 14108,14246,14467
14993: 15680,13739,13732,12835,13286,12849
12885: 14343,13792,13365,14022,15386,14769
13114: 13418,12899,13781,15162,12886,13151
12888: 13690,14764,13959,13747,14110,13534
13049: 13442,15561,13123,15797,15109,12841
13661: 14898,14433,14836,14689,15360,13015
14042: 13817
14859: 13823,13519,13681,15152,15157,12990
15449: 12838,14320,15333,14237,14740
15001: 13202,13121,13634,14737,13822,14739
15320: 13685,15254,13959,13747,14876,13700
13279: 15188,13186,15582,15512,12869,13570
15746: 13137,13527,15224,14734
13506: 14645,14327,15116,13992,13688,13338
13647: 15250
15020: 13013,14925,14190,15652,12818,14747
13120: 15292
14105: 13664,14844,13671,15400,13598,15749
12937: 13061,14136,15070,13861,15264
13771: 14321,14291,12977,13305,14577,15508
13280: 13306,14057,13668,14950,12879,13272
13036: 14460,14136,14543,15512,15799,13987
13605: 15340,14269,13136,13479,15177,13366
14315: 14126,14415,15360,15088,15664,15050
14160: 14262,14793,13014,15112,13556,15202
14904: 12931,14902,15217,14348,13554,14139
13053: 14986,14161
14094: 15791,14384,15515
12923: 15095,15262,13346,14060,15210
13803: 12939,13641
13374: 13457,12868,12831,13059,13256,14357,14801
14017: 14379,13485,13902,13538
13799: 15453,14412,14223,14380,14654,14386
13536: 14404,13434
13688: 13506,15116,13773,13338,14747,15744
13676: 13439,14198,15048,15701,15603,15446,15284
13270: 13487,14227,13896,15179,15486,14642
15663: 15800,12950,14852,13301,13674,15182
14603: 14123,14269,15535,13595,13122,14912
13290: 15762,13248,12957,15595,13094,14086
14942: 13092,14675,13292,13680,14832,14662
15303: 13797,15140,14085,14962,13656
14790: 14676,15609,14578,14643,15345,12866
15358: 15655,13571,15588,14824,12914
15175: 14301,13581,14148,13830
15752: 14824,12914,12821,13527,15423,14734
13516: 14487,15285,12927,13171,15200,15608
12845: 14432,15107,15272,14072,13846,12996
13730: 
14368: 15798,14355
14081: 14695,13764,15582,12956
14924: 14917,14495,15418,13930
13865: 12903,13731,14798
14673: 14153,13817
13988: 13520,14830,15605,15161,14008,14707
14796: 13883,14668,12911,14550,15129,13412
13377: 14170,14947,15605,15035,14008,14823
13731: 13644,14798,13865
14588: 15427,15174,13197,13614,14234,13952
14913: 15067,13327,15530,14520,15455,13208
13358: 14564,14932,14725,12876,15114
14737: 14408,15596,15142,13822,15518,15001,13121
14339: 14712,14754,13790,13907,14018,13599
13172: 14200,14174,14573,13143,15374
13626: 15498,13110,14119,13227,14898,14433
15643: 12816,13145,13737,13736,15270,14410
14665: 13132,14290,13838,13376
14205: 12822,15365,13206,15640,13670,14007
14954: 14524,14534,14493,13320,13083,15630
13384: 13915,12997,13047,15511,14131,14266
13092: 14675,14942,13292,15652,14728,13583
12891: 14176,13888,14805,13578,14248,15357
14065: 
15501: 
14356: 15336,13319,12934,15399,14275
13418: 13114,12899,13781,12999,15554,14773
15112: 14015,13556,13192,14160,12940,15202
15549: 13109,15466,14615,14098,15612,14854
12893: 15133,15000,13288,13738
13077: 15110,14325,13275,15607,13623,15080
12850: 14317,15070,13222,15094,13096,15470
13979: 13776,14780,14399,12819,14256
15227: 14414,13914,13954,15734,15331,12929
14260: 13165,12903,15764,15673
13946: 15558,13265,15609,13271,15345,14744
15124: 13216,13040,15119,15556,13242,13023
15531: 14511,14873,12902,14985,14403,14439
15683: 13659,15059,13056,13295,14630,14341
14044: 13274,15651,12943,15714,13460,14933
13958: 15313
15000: 15133,12893,13588,13738,14935
13023: 14749,14698,13786,15119,15124,13040
15572: 15507,13766,14868,15548,14920
14211: 14974,13235,15507
13829: 14192,13332,15248
15690: 15381,14458,13199,13814,15606
14010: 
14682: 14215,14131,13746,14266,15158,13268
12983: 13216,13040,13429,13603,14112,14505
15345: 13282,13271,12866,14790,15609,13946
15657: 14169,14502,12883,14273,14361,14766
15009: 13198,13689,15119,14340,15545,14637
13088: 14104,14679,14557,14541,13381,13164
14092: 13704,14041,13020,15121,13157,14879
13574: 15751,15422,14998,14844,13598,14238
13504: 13410,13091,15120,13904,15223,15251
13883: 13432,15688,15693,14796,14668,15129
12872: 13369,15217,15192,15435,14657,15077,14212
15507: 15572,14033,15206,13766,14211
14335: 15536,13997,15753,15611,15616
13153: 13345,15172,12917,13349,13858,14723
15215: 12978,15757,14225,13304,12848,15551
14937: 15668,14506,13125
14792: 15309
15087: 15556,15432,13242,14936,13155,13289
15586: 13241,12824,15274,13364,14594,13832
14319: 14692,13757,12841,14407,13992,15259
13564: 13921,14690,14168,14372,13329
14151: 15368,13667,13522,14805,15666,14539
13608: 14500,13072,13906,14409,13607,15680
13723: 14103,15034,13538,15520,14416,13124,15491
15298: 15682,14843,14095,13576,13006,14625
15722: 14860,13610,15085,15806,13179,14602
14313: 13973,14847,13949,12821,14882,15423
14088: 15103
14906: 14275,15399,14253,15694,14813
14087: 13847,14342,13131,13758,13819,14045
13576: 13095,14095,14394,14413,13006,15298
13750: 13087,15621,13343,14963,15433,15739
13831: 14992,13324,15491,13902,15034,13916,15126
15362: 14112,15632,13794,13847,14720,13048
13517: 13851,13969,14053,14292
14104: 14679,13088,13532,13808,13381,13335
15632: 13603,14112,15362,14626,14425,14720
13984: 14507,15785,14061,13856,14831,14555
13707: 
14961: 14429,13118
13292: 13092,14942,13583,14662,13078,15785
15159: 13168,13617,12836,13593,14041,13020
15230: 15185,14647,14612
14955: 14709,15641,14563,15441,13565
14617: 15707,14951,13129,15272
13772: 13785,13031,15540,14270,13869
14907: 12864,15084,14055,13481,13344,13174
14078: 15564,12814,14133,15209,13183,13872
15439: 13476,15018,15487,13562,15537
14055: 14797,14939,13481,13344,12909,14907
14333: 14056,12919,13334,14083,13477,15452
14880: 14789,13253,15132,14019,14385
15031: 13609,15565,15588,15692,14885,15233
14966: 15111,15719,15032,12854,15335,14596
13757: 14692,14319,13879,12841,15109,15351
14153: 14673,13754
15563: 12857,15287,15123
13940: 
14516: 13259,14195,14875,14235
15616: 14915,13760,15611,15536,14335,14177
15724: 14482,12890,13393,15030
14640: 14128,13028
15225: 14461,15106,13251,14601,13340,14054,13619
15327: 13877,14297,15334,15602
14239: 14451,14972,14921,14002,13352,14619
15655: 15358,13571,14901,13963,13609,15588
13341: 13099,13401,15204,14397
13234: 14958,14566,14430,14715,15615,15713
15232: 14004,15383,14564,14932
12980: 14509,13518,15670,14724,12948,14450
14754: 14712,14339,14469,14018,14194,15059
15425: 
15349: 14879,13007,15434,13704,14182,13052
14657: 15435,13144,13525,12872,15192
15393: 13646,15759,15353,13264,14905,15805
15647: 15396,14150,14349,12906,13452,15431
14358: 14463,15146,14519,14492,12875,14977
15125: 15699,13294,15478,15516
15541: 15226,15328,15481,14741
12851: 14940
15410: 13182,14536,14454,14848,15195,13432
13150: 14865,13447,14494,14862,14866,14874
15387: 13442,13435,13271,15558,15797,13193
13349: 13695,13461,13858,15627,13345,13153
13450: 13819,14735,14375,13758
13620: 13980,13597,14388,13716,13462,13056
13610: 14860,15722,15085,13039,13187,14282
15316: 14286,14218,14006,15523,13810,14585
15013: 14375,13131,14247,14425
14171: 14624,13142,14117,15715,13388,14165
15324: 15330,14016,12817,14279,15472,14763
14863: 13353,13971
15130: 14468,13777,13923,14839,15564,15289
14096: 13032,13406,15304,14303,15218,15198
13048: 13847,14342,15362,13794,15700,13219,13257
14306: 15600,28659,13779,14188
15243: 13178,12945,14607
13800: 15131,12830,15768,14791,14653,14743
13452: 13848,13631,15431,15647,12906,12951
14376: 15568,14003,14857,12900,13293,13648
15649: 14568,13396,13889,13269,14479
15592: 15723,14584,14706,13508,15615,12984
14290: 13249,13132,14665,13937,15246
14327: 14645,13506,15116,14840,13569,13565
13041: 12939,15011
13638: 14363,15200,15608,13217,13767,14572,12922
14452: 12892,15416,15581,13278,14500,13415
13651: 14295,15256,14307,13156,13966,15203,14629
13615: 13849,14623,14878,14241,13718
13247: 15336,15691,12876,15079,14932
15005: 13919,13643,15414,14722,12905,15101
14882: 15423,14313,15569,15300
13064: 14127,14277,14525,13654,15658,13277
14575: 14178,12933,14047,15440,15759,14135
12924: 15094,15526,14462,14387,14220,13502,13222
14135: 12887,12870,14575,15440,13646,15759
15624: 14143,13510,15673,13362,14672,15740
13895: 15427,13951,15174,14604,14216,15543
13792: 14343,12885,13448,15787,13365
13691: 14853,14388,13716,13746,14417,14208
12866: 13282,15345,14643,13974,14551,14790
14387: 14462,15049,15029,13307,13502,12924
13462: 13659,13056,14321,14291,14388,13620
14048: 15450,15150,13151,12899,15290,15389
13645: 14111,15789,13337,14953,14122,14184
15747: 13115,14226,12880,14761,14531,13911
14664: 13252,14519,13317,13531,14294,14492
14159: 13086,13677,13067,13101,15280,13855
13949: 12821,13000,15166,13973,14313
13508: 15592,15723,13634,12984,13866,13665
15331: 15734,13756,15227,13698,15750,12929
15703: 13845,15811,15506,14990,13542,15068
14052: 13104,15166,14414,15233,15565,13000
14717: 13257,14125,14693,15700,15802
12972: 13701,15542,13158,13371
13919: 15005,12912,13643,15101,13679,13185
14967: 14884,14589,13816,14669,14988
13686: 14308,14736,14774,13860,15278,15695
13265: 13946,15558,14659,13127,14744,14719
13748: 14258,13899,12917,13060,14231,13972
15580: 13069,13636,13648,13802,15568,13166
13093: 14003,12900,13278,15464,13139,15015
12971: 12877,14738,12960,14347
14173: 
13013: 14941,15123,15020,14925,15652,14728
13971: 14039,14449,13353,14863,13117
13185: 14116,14267,13919,12912,14447,13679
13567: 13554,15277,12931,15294,28589,15793
13927: 15377,13335,13706,13749,14106,14162
15756: 13827,14046,13348,14949
15289: 12865,15716,14468,15130,14839,13396
12985: 15463,14581,12944,14787,15252,14865
15628: 13061,13987,14220,13774,14772,12894
13746: 14215,14682,15158,13691,14853,14417
13955: 14611,15698,13870,13470,14182,15736
15715: 14713,13699,13388,14171,13142,13833
12834: 14360,15619,14256,13161
13217: 14363,15608,13638,14487,15165,14732,15065,15465
15033: 13475,15783,14764,15306,14134,15071
14422: 13721
12895: 14892,13179,13986,15355,15219,13430
14451: 14972,14239,13510,15740,14660,13352,14423
12977: 13771,14291,15508,14364,14215,14853
15209: 14439,14133,12902,13923,14078,15564
13991: 14927,14259
15648: 13011,14064,14874,14862,13519,15451
14540: 14166,14911,28682,15538,14918,13684
13095: 14095,14394,13576,14976,14286,14006
14113: 14229,15100,15183,14073,13028,12858
12946: 
14453: 14230
14720: 13847,14425,15632,15362,13131
13643: 15005,13919,12912,14896,15414,13926
13609: 15031,15588,14885,13837,15655
14324: 13882,15322,12827
14349: 12973,14968,15236,15647,14150,12906
15474: 13163,13326,14444,14485,15397,15189
15477: 13267
14014: 12857,15145,14498
14308: 14744,14719,13407,13686,14736,15278
15512: 12869,15799,13279,13570,13336,14543,13036
15723: 15592,14584,13508,15518,13339,13121,13634
15453: 13799,14412,14223,14261,15653,12954
15729: 13755,14242,13656,15319,14631
13665: 15214,13184,13508,13202,13634,13866
13545: 14244,15780,14886,13947,15074,14614
14971: 13434
15204: 15338,15409,13839,13341,13099
14903: 14129
14741: 15610,15541,15038,15391
15658: 15554,14773,13654,13277,13064,13769
13914: 14414,13954,15227,15233,14994,15692
15341: 
13963: 12897,14901,14084,13890,13837,15655
15543: 13180,13546,12836,14216,13951,13895
15157: 14255,12990,13681,12873,14859
28682: 14540,14911,13359,13779,15538,14918
28677: 14870,14515,13948,14721,13692,13238